ac_code,ps_serial_number,ps_code,candidate_serial_number,candidate_votes
12,0,0,1,570
12,0,0,2,34
12,0,0,3,2
12,0,0,4,1
12,0,0,5,0
12,0,0,6,0
12,0,0,7,0
12,0,0,8,1
12,0,0,9,1
12,0,0,10,90
12,0,0,11,0
12,0,0,12,0
12,0,0,13,1
12,0,0,14,9
12,0,0,15,1
12,0,0,16,580
12,0,0,17,3
12,0,0,18,1
12,0,0,19,0
12,0,0,20,0
12,0,0,21,1
12,0,0,22,0
12,0,0,23,0
12,0,0,24,0
12,0,0,25,0
12,0,0,26,0
12,0,0,27,0
12,0,0,28,0
12,0,0,29,1
12,0,0,30,0
12,0,0,31,0
12,0,0,32,1
12,0,0,33,0
12,0,0,34,0
12,0,0,35,1
12,0,0,36,0
12,0,0,37,0
12,0,0,38,7
12,0,0,39,0
12,0,0,40,0
12,0,0,41,3
12,0,0,42,1
12,0,0,43,0
12,0,0,44,0
12,0,0,45,0
12,0,0,46,0
12,0,0,47,0
12,0,0,0,3
12,1,1,1,0
12,1,1,2,0
12,1,1,3,0
12,1,1,4,0
12,1,1,5,0
12,1,1,6,0
12,1,1,7,0
12,1,1,8,0
12,1,1,9,0
12,1,1,10,0
12,1,1,11,0
12,1,1,12,0
12,1,1,13,0
12,1,1,14,0
12,1,1,15,0
12,1,1,16,0
12,1,1,17,0
12,1,1,18,0
12,1,1,19,0
12,1,1,20,0
12,1,1,21,0
12,1,1,22,0
12,1,1,23,0
12,1,1,24,0
12,1,1,25,0
12,1,1,26,0
12,1,1,27,0
12,1,1,28,0
12,1,1,29,0
12,1,1,30,0
12,1,1,31,0
12,1,1,32,0
12,1,1,33,0
12,1,1,34,0
12,1,1,35,0
12,1,1,36,0
12,1,1,37,0
12,1,1,38,0
12,1,1,39,0
12,1,1,40,0
12,1,1,41,0
12,1,1,42,0
12,1,1,43,0
12,1,1,44,0
12,1,1,45,0
12,1,1,46,0
12,1,1,47,0
12,1,1,0,0
12,1,1,1,164
12,1,1,2,21
12,1,1,3,0
12,1,1,4,1
12,1,1,5,0
12,1,1,6,0
12,1,1,7,0
12,1,1,8,0
12,1,1,9,0
12,1,1,10,30
12,1,1,11,0
12,1,1,12,0
12,1,1,13,0
12,1,1,14,0
12,1,1,15,0
12,1,1,16,310
12,1,1,17,0
12,1,1,18,0
12,1,1,19,0
12,1,1,20,0
12,1,1,21,0
12,1,1,22,0
12,1,1,23,0
12,1,1,24,0
12,1,1,25,0
12,1,1,26,0
12,1,1,27,0
12,1,1,28,0
12,1,1,29,1
12,1,1,30,1
12,1,1,31,1
12,1,1,32,0
12,1,1,33,0
12,1,1,34,0
12,1,1,35,0
12,1,1,36,0
12,1,1,37,0
12,1,1,38,0
12,1,1,39,0
12,1,1,40,0
12,1,1,41,0
12,1,1,42,0
12,1,1,43,0
12,1,1,44,0
12,1,1,45,0
12,1,1,46,1
12,1,1,47,0
12,1,1,0,2
12,2,2,1,260
12,2,2,2,14
12,2,2,3,2
12,2,2,4,0
12,2,2,5,0
12,2,2,6,1
12,2,2,7,1
12,2,2,8,1
12,2,2,9,1
12,2,2,10,72
12,2,2,11,2
12,2,2,12,2
12,2,2,13,0
12,2,2,14,1
12,2,2,15,3
12,2,2,16,496
12,2,2,17,1
12,2,2,18,0
12,2,2,19,0
12,2,2,20,0
12,2,2,21,0
12,2,2,22,0
12,2,2,23,0
12,2,2,24,0
12,2,2,25,0
12,2,2,26,0
12,2,2,27,0
12,2,2,28,0
12,2,2,29,0
12,2,2,30,2
12,2,2,31,0
12,2,2,32,0
12,2,2,33,1
12,2,2,34,0
12,2,2,35,0
12,2,2,36,0
12,2,2,37,0
12,2,2,38,1
12,2,2,39,0
12,2,2,40,0
12,2,2,41,0
12,2,2,42,0
12,2,2,43,0
12,2,2,44,0
12,2,2,45,0
12,2,2,46,1
12,2,2,47,0
12,2,2,0,1
12,3,3,1,311
12,3,3,2,31
12,3,3,3,1
12,3,3,4,0
12,3,3,5,0
12,3,3,6,0
12,3,3,7,1
12,3,3,8,1
12,3,3,9,0
12,3,3,10,32
12,3,3,11,0
12,3,3,12,0
12,3,3,13,1
12,3,3,14,0
12,3,3,15,1
12,3,3,16,497
12,3,3,17,1
12,3,3,18,0
12,3,3,19,0
12,3,3,20,0
12,3,3,21,0
12,3,3,22,0
12,3,3,23,1
12,3,3,24,0
12,3,3,25,0
12,3,3,26,0
12,3,3,27,0
12,3,3,28,0
12,3,3,29,1
12,3,3,30,0
12,3,3,31,1
12,3,3,32,1
12,3,3,33,2
12,3,3,34,1
12,3,3,35,0
12,3,3,36,1
12,3,3,37,0
12,3,3,38,0
12,3,3,39,0
12,3,3,40,0
12,3,3,41,0
12,3,3,42,1
12,3,3,43,0
12,3,3,44,0
12,3,3,45,0
12,3,3,46,1
12,3,3,47,0
12,3,3,0,3
12,4,4,1,284
12,4,4,2,27
12,4,4,3,1
12,4,4,4,3
12,4,4,5,0
12,4,4,6,0
12,4,4,7,0
12,4,4,8,0
12,4,4,9,0
12,4,4,10,38
12,4,4,11,1
12,4,4,12,0
12,4,4,13,2
12,4,4,14,0
12,4,4,15,3
12,4,4,16,507
12,4,4,17,3
12,4,4,18,0
12,4,4,19,0
12,4,4,20,0
12,4,4,21,0
12,4,4,22,1
12,4,4,23,0
12,4,4,24,0
12,4,4,25,0
12,4,4,26,1
12,4,4,27,0
12,4,4,28,1
12,4,4,29,0
12,4,4,30,0
12,4,4,31,0
12,4,4,32,0
12,4,4,33,0
12,4,4,34,0
12,4,4,35,0
12,4,4,36,0
12,4,4,37,0
12,4,4,38,1
12,4,4,39,0
12,4,4,40,0
12,4,4,41,0
12,4,4,42,0
12,4,4,43,0
12,4,4,44,1
12,4,4,45,1
12,4,4,46,1
12,4,4,47,0
12,4,4,0,3
12,5,5,1,279
12,5,5,2,32
12,5,5,3,1
12,5,5,4,0
12,5,5,5,0
12,5,5,6,0
12,5,5,7,0
12,5,5,8,0
12,5,5,9,0
12,5,5,10,42
12,5,5,11,0
12,5,5,12,0
12,5,5,13,0
12,5,5,14,0
12,5,5,15,0
12,5,5,16,396
12,5,5,17,1
12,5,5,18,0
12,5,5,19,0
12,5,5,20,0
12,5,5,21,0
12,5,5,22,0
12,5,5,23,0
12,5,5,24,0
12,5,5,25,0
12,5,5,26,0
12,5,5,27,0
12,5,5,28,0
12,5,5,29,0
12,5,5,30,0
12,5,5,31,0
12,5,5,32,0
12,5,5,33,1
12,5,5,34,0
12,5,5,35,0
12,5,5,36,0
12,5,5,37,0
12,5,5,38,0
12,5,5,39,0
12,5,5,40,0
12,5,5,41,1
12,5,5,42,0
12,5,5,43,0
12,5,5,44,0
12,5,5,45,0
12,5,5,46,1
12,5,5,47,0
12,5,5,0,1
12,6,6,1,238
12,6,6,2,48
12,6,6,3,0
12,6,6,4,0
12,6,6,5,1
12,6,6,6,0
12,6,6,7,0
12,6,6,8,1
12,6,6,9,0
12,6,6,10,46
12,6,6,11,0
12,6,6,12,0
12,6,6,13,0
12,6,6,14,1
12,6,6,15,1
12,6,6,16,445
12,6,6,17,0
12,6,6,18,0
12,6,6,19,0
12,6,6,20,0
12,6,6,21,0
12,6,6,22,0
12,6,6,23,1
12,6,6,24,0
12,6,6,25,0
12,6,6,26,0
12,6,6,27,0
12,6,6,28,0
12,6,6,29,0
12,6,6,30,0
12,6,6,31,0
12,6,6,32,0
12,6,6,33,0
12,6,6,34,0
12,6,6,35,0
12,6,6,36,0
12,6,6,37,0
12,6,6,38,1
12,6,6,39,0
12,6,6,40,0
12,6,6,41,0
12,6,6,42,0
12,6,6,43,0
12,6,6,44,0
12,6,6,45,0
12,6,6,46,0
12,6,6,47,0
12,6,6,0,1
12,7,7,1,275
12,7,7,2,27
12,7,7,3,2
12,7,7,4,0
12,7,7,5,0
12,7,7,6,0
12,7,7,7,0
12,7,7,8,0
12,7,7,9,0
12,7,7,10,31
12,7,7,11,0
12,7,7,12,0
12,7,7,13,0
12,7,7,14,4
12,7,7,15,0
12,7,7,16,573
12,7,7,17,1
12,7,7,18,0
12,7,7,19,2
12,7,7,20,0
12,7,7,21,0
12,7,7,22,0
12,7,7,23,0
12,7,7,24,0
12,7,7,25,0
12,7,7,26,0
12,7,7,27,0
12,7,7,28,0
12,7,7,29,0
12,7,7,30,0
12,7,7,31,0
12,7,7,32,0
12,7,7,33,0
12,7,7,34,0
12,7,7,35,0
12,7,7,36,0
12,7,7,37,0
12,7,7,38,0
12,7,7,39,0
12,7,7,40,0
12,7,7,41,0
12,7,7,42,0
12,7,7,43,0
12,7,7,44,0
12,7,7,45,0
12,7,7,46,0
12,7,7,47,0
12,7,7,0,1
12,8,8,1,183
12,8,8,2,25
12,8,8,3,1
12,8,8,4,0
12,8,8,5,0
12,8,8,6,0
12,8,8,7,0
12,8,8,8,0
12,8,8,9,1
12,8,8,10,32
12,8,8,11,0
12,8,8,12,0
12,8,8,13,2
12,8,8,14,0
12,8,8,15,1
12,8,8,16,491
12,8,8,17,0
12,8,8,18,0
12,8,8,19,0
12,8,8,20,0
12,8,8,21,0
12,8,8,22,0
12,8,8,23,0
12,8,8,24,0
12,8,8,25,0
12,8,8,26,0
12,8,8,27,0
12,8,8,28,0
12,8,8,29,0
12,8,8,30,0
12,8,8,31,0
12,8,8,32,0
12,8,8,33,0
12,8,8,34,0
12,8,8,35,0
12,8,8,36,0
12,8,8,37,0
12,8,8,38,0
12,8,8,39,0
12,8,8,40,0
12,8,8,41,0
12,8,8,42,0
12,8,8,43,0
12,8,8,44,0
12,8,8,45,0
12,8,8,46,0
12,8,8,47,0
12,8,8,0,4
12,9,9,1,183
12,9,9,2,31
12,9,9,3,0
12,9,9,4,0
12,9,9,5,0
12,9,9,6,0
12,9,9,7,0
12,9,9,8,0
12,9,9,9,0
12,9,9,10,18
12,9,9,11,1
12,9,9,12,0
12,9,9,13,0
12,9,9,14,1
12,9,9,15,0
12,9,9,16,504
12,9,9,17,0
12,9,9,18,0
12,9,9,19,0
12,9,9,20,0
12,9,9,21,0
12,9,9,22,0
12,9,9,23,0
12,9,9,24,0
12,9,9,25,0
12,9,9,26,0
12,9,9,27,0
12,9,9,28,0
12,9,9,29,0
12,9,9,30,0
12,9,9,31,0
12,9,9,32,0
12,9,9,33,0
12,9,9,34,0
12,9,9,35,1
12,9,9,36,0
12,9,9,37,1
12,9,9,38,0
12,9,9,39,0
12,9,9,40,1
12,9,9,41,0
12,9,9,42,0
12,9,9,43,0
12,9,9,44,0
12,9,9,45,1
12,9,9,46,0
12,9,9,47,0
12,9,9,0,3
12,10,10,1,276
12,10,10,2,34
12,10,10,3,0
12,10,10,4,0
12,10,10,5,0
12,10,10,6,0
12,10,10,7,0
12,10,10,8,0
12,10,10,9,0
12,10,10,10,40
12,10,10,11,0
12,10,10,12,0
12,10,10,13,0
12,10,10,14,0
12,10,10,15,0
12,10,10,16,466
12,10,10,17,2
12,10,10,18,0
12,10,10,19,0
12,10,10,20,0
12,10,10,21,1
12,10,10,22,0
12,10,10,23,0
12,10,10,24,0
12,10,10,25,0
12,10,10,26,1
12,10,10,27,0
12,10,10,28,0
12,10,10,29,0
12,10,10,30,0
12,10,10,31,0
12,10,10,32,0
12,10,10,33,0
12,10,10,34,1
12,10,10,35,0
12,10,10,36,0
12,10,10,37,0
12,10,10,38,2
12,10,10,39,0
12,10,10,40,0
12,10,10,41,2
12,10,10,42,0
12,10,10,43,0
12,10,10,44,0
12,10,10,45,0
12,10,10,46,0
12,10,10,47,0
12,10,10,0,7
12,11,11,1,278
12,11,11,2,19
12,11,11,3,1
12,11,11,4,1
12,11,11,5,0
12,11,11,6,0
12,11,11,7,0
12,11,11,8,1
12,11,11,9,0
12,11,11,10,23
12,11,11,11,0
12,11,11,12,0
12,11,11,13,1
12,11,11,14,0
12,11,11,15,0
12,11,11,16,487
12,11,11,17,0
12,11,11,18,0
12,11,11,19,0
12,11,11,20,0
12,11,11,21,0
12,11,11,22,0
12,11,11,23,0
12,11,11,24,0
12,11,11,25,0
12,11,11,26,0
12,11,11,27,0
12,11,11,28,0
12,11,11,29,0
12,11,11,30,0
12,11,11,31,0
12,11,11,32,0
12,11,11,33,1
12,11,11,34,0
12,11,11,35,0
12,11,11,36,1
12,11,11,37,0
12,11,11,38,0
12,11,11,39,0
12,11,11,40,0
12,11,11,41,2
12,11,11,42,1
12,11,11,43,0
12,11,11,44,1
12,11,11,45,0
12,11,11,46,1
12,11,11,47,0
12,11,11,0,3
12,12,12,1,221
12,12,12,2,19
12,12,12,3,0
12,12,12,4,1
12,12,12,5,0
12,12,12,6,0
12,12,12,7,0
12,12,12,8,0
12,12,12,9,0
12,12,12,10,21
12,12,12,11,1
12,12,12,12,0
12,12,12,13,1
12,12,12,14,1
12,12,12,15,0
12,12,12,16,416
12,12,12,17,1
12,12,12,18,0
12,12,12,19,1
12,12,12,20,0
12,12,12,21,0
12,12,12,22,1
12,12,12,23,0
12,12,12,24,0
12,12,12,25,0
12,12,12,26,0
12,12,12,27,0
12,12,12,28,0
12,12,12,29,0
12,12,12,30,1
12,12,12,31,1
12,12,12,32,0
12,12,12,33,0
12,12,12,34,0
12,12,12,35,0
12,12,12,36,0
12,12,12,37,0
12,12,12,38,1
12,12,12,39,0
12,12,12,40,0
12,12,12,41,0
12,12,12,42,1
12,12,12,43,0
12,12,12,44,0
12,12,12,45,0
12,12,12,46,0
12,12,12,47,0
12,12,12,0,2
12,13,13,1,219
12,13,13,2,26
12,13,13,3,0
12,13,13,4,1
12,13,13,5,0
12,13,13,6,0
12,13,13,7,0
12,13,13,8,0
12,13,13,9,0
12,13,13,10,41
12,13,13,11,0
12,13,13,12,0
12,13,13,13,0
12,13,13,14,0
12,13,13,15,2
12,13,13,16,417
12,13,13,17,0
12,13,13,18,0
12,13,13,19,0
12,13,13,20,0
12,13,13,21,0
12,13,13,22,0
12,13,13,23,0
12,13,13,24,0
12,13,13,25,0
12,13,13,26,0
12,13,13,27,0
12,13,13,28,0
12,13,13,29,0
12,13,13,30,0
12,13,13,31,0
12,13,13,32,0
12,13,13,33,0
12,13,13,34,0
12,13,13,35,0
12,13,13,36,0
12,13,13,37,0
12,13,13,38,0
12,13,13,39,0
12,13,13,40,0
12,13,13,41,0
12,13,13,42,0
12,13,13,43,0
12,13,13,44,0
12,13,13,45,1
12,13,13,46,0
12,13,13,47,0
12,13,13,0,0
12,14,14,1,308
12,14,14,2,25
12,14,14,3,1
12,14,14,4,0
12,14,14,5,0
12,14,14,6,0
12,14,14,7,2
12,14,14,8,0
12,14,14,9,0
12,14,14,10,53
12,14,14,11,0
12,14,14,12,0
12,14,14,13,0
12,14,14,14,2
12,14,14,15,0
12,14,14,16,464
12,14,14,17,0
12,14,14,18,0
12,14,14,19,0
12,14,14,20,0
12,14,14,21,0
12,14,14,22,0
12,14,14,23,0
12,14,14,24,0
12,14,14,25,0
12,14,14,26,0
12,14,14,27,0
12,14,14,28,0
12,14,14,29,1
12,14,14,30,1
12,14,14,31,0
12,14,14,32,0
12,14,14,33,0
12,14,14,34,0
12,14,14,35,0
12,14,14,36,0
12,14,14,37,0
12,14,14,38,0
12,14,14,39,0
12,14,14,40,0
12,14,14,41,1
12,14,14,42,0
12,14,14,43,1
12,14,14,44,0
12,14,14,45,0
12,14,14,46,0
12,14,14,47,0
12,14,14,0,2
12,15,15,1,307
12,15,15,2,19
12,15,15,3,1
12,15,15,4,0
12,15,15,5,0
12,15,15,6,1
12,15,15,7,0
12,15,15,8,0
12,15,15,9,0
12,15,15,10,42
12,15,15,11,0
12,15,15,12,0
12,15,15,13,2
12,15,15,14,1
12,15,15,15,1
12,15,15,16,402
12,15,15,17,2
12,15,15,18,0
12,15,15,19,0
12,15,15,20,0
12,15,15,21,0
12,15,15,22,0
12,15,15,23,1
12,15,15,24,0
12,15,15,25,1
12,15,15,26,1
12,15,15,27,0
12,15,15,28,0
12,15,15,29,0
12,15,15,30,0
12,15,15,31,0
12,15,15,32,1
12,15,15,33,0
12,15,15,34,1
12,15,15,35,0
12,15,15,36,0
12,15,15,37,0
12,15,15,38,0
12,15,15,39,0
12,15,15,40,0
12,15,15,41,3
12,15,15,42,0
12,15,15,43,0
12,15,15,44,0
12,15,15,45,0
12,15,15,46,0
12,15,15,47,0
12,15,15,0,2
12,16,16,1,271
12,16,16,2,22
12,16,16,3,0
12,16,16,4,0
12,16,16,5,0
12,16,16,6,0
12,16,16,7,0
12,16,16,8,0
12,16,16,9,0
12,16,16,10,49
12,16,16,11,0
12,16,16,12,0
12,16,16,13,0
12,16,16,14,2
12,16,16,15,2
12,16,16,16,392
12,16,16,17,0
12,16,16,18,0
12,16,16,19,0
12,16,16,20,0
12,16,16,21,0
12,16,16,22,1
12,16,16,23,1
12,16,16,24,0
12,16,16,25,0
12,16,16,26,1
12,16,16,27,0
12,16,16,28,0
12,16,16,29,0
12,16,16,30,0
12,16,16,31,0
12,16,16,32,1
12,16,16,33,1
12,16,16,34,0
12,16,16,35,2
12,16,16,36,0
12,16,16,37,0
12,16,16,38,0
12,16,16,39,0
12,16,16,40,0
12,16,16,41,0
12,16,16,42,1
12,16,16,43,0
12,16,16,44,0
12,16,16,45,0
12,16,16,46,0
12,16,16,47,0
12,16,16,0,4
12,17,17,1,281
12,17,17,2,35
12,17,17,3,0
12,17,17,4,0
12,17,17,5,0
12,17,17,6,1
12,17,17,7,0
12,17,17,8,0
12,17,17,9,1
12,17,17,10,67
12,17,17,11,2
12,17,17,12,0
12,17,17,13,3
12,17,17,14,0
12,17,17,15,0
12,17,17,16,651
12,17,17,17,2
12,17,17,18,0
12,17,17,19,0
12,17,17,20,0
12,17,17,21,0
12,17,17,22,0
12,17,17,23,0
12,17,17,24,0
12,17,17,25,0
12,17,17,26,0
12,17,17,27,0
12,17,17,28,0
12,17,17,29,0
12,17,17,30,1
12,17,17,31,0
12,17,17,32,0
12,17,17,33,1
12,17,17,34,0
12,17,17,35,0
12,17,17,36,0
12,17,17,37,0
12,17,17,38,1
12,17,17,39,0
12,17,17,40,0
12,17,17,41,0
12,17,17,42,3
12,17,17,43,0
12,17,17,44,0
12,17,17,45,0
12,17,17,46,1
12,17,17,47,0
12,17,17,0,6
12,18,18,1,380
12,18,18,2,31
12,18,18,3,0
12,18,18,4,0
12,18,18,5,0
12,18,18,6,0
12,18,18,7,0
12,18,18,8,0
12,18,18,9,0
12,18,18,10,51
12,18,18,11,0
12,18,18,12,0
12,18,18,13,0
12,18,18,14,0
12,18,18,15,0
12,18,18,16,441
12,18,18,17,0
12,18,18,18,1
12,18,18,19,2
12,18,18,20,0
12,18,18,21,0
12,18,18,22,0
12,18,18,23,0
12,18,18,24,0
12,18,18,25,0
12,18,18,26,0
12,18,18,27,0
12,18,18,28,0
12,18,18,29,0
12,18,18,30,0
12,18,18,31,0
12,18,18,32,0
12,18,18,33,0
12,18,18,34,0
12,18,18,35,0
12,18,18,36,0
12,18,18,37,0
12,18,18,38,0
12,18,18,39,0
12,18,18,40,0
12,18,18,41,0
12,18,18,42,0
12,18,18,43,0
12,18,18,44,0
12,18,18,45,0
12,18,18,46,0
12,18,18,47,0
12,18,18,0,5
12,19,19,1,287
12,19,19,2,24
12,19,19,3,0
12,19,19,4,0
12,19,19,5,0
12,19,19,6,0
12,19,19,7,0
12,19,19,8,0
12,19,19,9,0
12,19,19,10,30
12,19,19,11,0
12,19,19,12,0
12,19,19,13,0
12,19,19,14,0
12,19,19,15,0
12,19,19,16,505
12,19,19,17,0
12,19,19,18,0
12,19,19,19,0
12,19,19,20,0
12,19,19,21,0
12,19,19,22,0
12,19,19,23,0
12,19,19,24,0
12,19,19,25,0
12,19,19,26,0
12,19,19,27,0
12,19,19,28,0
12,19,19,29,0
12,19,19,30,0
12,19,19,31,0
12,19,19,32,0
12,19,19,33,1
12,19,19,34,0
12,19,19,35,0
12,19,19,36,0
12,19,19,37,0
12,19,19,38,0
12,19,19,39,0
12,19,19,40,0
12,19,19,41,2
12,19,19,42,1
12,19,19,43,0
12,19,19,44,1
12,19,19,45,0
12,19,19,46,1
12,19,19,47,1
12,19,19,0,8
12,20,20,1,250
12,20,20,2,25
12,20,20,3,0
12,20,20,4,0
12,20,20,5,0
12,20,20,6,0
12,20,20,7,0
12,20,20,8,0
12,20,20,9,0
12,20,20,10,25
12,20,20,11,0
12,20,20,12,0
12,20,20,13,0
12,20,20,14,1
12,20,20,15,0
12,20,20,16,562
12,20,20,17,1
12,20,20,18,0
12,20,20,19,0
12,20,20,20,0
12,20,20,21,0
12,20,20,22,0
12,20,20,23,0
12,20,20,24,0
12,20,20,25,0
12,20,20,26,0
12,20,20,27,0
12,20,20,28,1
12,20,20,29,0
12,20,20,30,1
12,20,20,31,1
12,20,20,32,0
12,20,20,33,0
12,20,20,34,1
12,20,20,35,0
12,20,20,36,0
12,20,20,37,1
12,20,20,38,4
12,20,20,39,0
12,20,20,40,1
12,20,20,41,1
12,20,20,42,0
12,20,20,43,0
12,20,20,44,1
12,20,20,45,0
12,20,20,46,1
12,20,20,47,0
12,20,20,0,1
12,21,21,1,227
12,21,21,2,16
12,21,21,3,1
12,21,21,4,0
12,21,21,5,0
12,21,21,6,0
12,21,21,7,1
12,21,21,8,1
12,21,21,9,0
12,21,21,10,33
12,21,21,11,2
12,21,21,12,0
12,21,21,13,0
12,21,21,14,0
12,21,21,15,1
12,21,21,16,412
12,21,21,17,1
12,21,21,18,0
12,21,21,19,1
12,21,21,20,0
12,21,21,21,1
12,21,21,22,1
12,21,21,23,0
12,21,21,24,0
12,21,21,25,0
12,21,21,26,2
12,21,21,27,0
12,21,21,28,0
12,21,21,29,0
12,21,21,30,0
12,21,21,31,0
12,21,21,32,1
12,21,21,33,1
12,21,21,34,1
12,21,21,35,0
12,21,21,36,0
12,21,21,37,0
12,21,21,38,1
12,21,21,39,0
12,21,21,40,0
12,21,21,41,1
12,21,21,42,1
12,21,21,43,0
12,21,21,44,0
12,21,21,45,0
12,21,21,46,1
12,21,21,47,0
12,21,21,0,1
12,22,22,1,265
12,22,22,2,28
12,22,22,3,4
12,22,22,4,1
12,22,22,5,0
12,22,22,6,0
12,22,22,7,0
12,22,22,8,0
12,22,22,9,2
12,22,22,10,65
12,22,22,11,0
12,22,22,12,0
12,22,22,13,0
12,22,22,14,1
12,22,22,15,0
12,22,22,16,499
12,22,22,17,1
12,22,22,18,0
12,22,22,19,0
12,22,22,20,0
12,22,22,21,0
12,22,22,22,0
12,22,22,23,0
12,22,22,24,0
12,22,22,25,0
12,22,22,26,0
12,22,22,27,0
12,22,22,28,1
12,22,22,29,0
12,22,22,30,0
12,22,22,31,0
12,22,22,32,0
12,22,22,33,0
12,22,22,34,0
12,22,22,35,0
12,22,22,36,0
12,22,22,37,0
12,22,22,38,0
12,22,22,39,0
12,22,22,40,0
12,22,22,41,0
12,22,22,42,0
12,22,22,43,0
12,22,22,44,0
12,22,22,45,0
12,22,22,46,0
12,22,22,47,0
12,22,22,0,5
12,23,23,1,271
12,23,23,2,28
12,23,23,3,0
12,23,23,4,0
12,23,23,5,0
12,23,23,6,0
12,23,23,7,0
12,23,23,8,0
12,23,23,9,0
12,23,23,10,44
12,23,23,11,0
12,23,23,12,0
12,23,23,13,2
12,23,23,14,1
12,23,23,15,0
12,23,23,16,430
12,23,23,17,0
12,23,23,18,0
12,23,23,19,0
12,23,23,20,1
12,23,23,21,0
12,23,23,22,0
12,23,23,23,0
12,23,23,24,0
12,23,23,25,0
12,23,23,26,1
12,23,23,27,0
12,23,23,28,0
12,23,23,29,0
12,23,23,30,0
12,23,23,31,0
12,23,23,32,0
12,23,23,33,0
12,23,23,34,0
12,23,23,35,0
12,23,23,36,0
12,23,23,37,0
12,23,23,38,0
12,23,23,39,0
12,23,23,40,0
12,23,23,41,0
12,23,23,42,0
12,23,23,43,0
12,23,23,44,0
12,23,23,45,0
12,23,23,46,0
12,23,23,47,0
12,23,23,0,5
12,24,24,1,233
12,24,24,2,15
12,24,24,3,0
12,24,24,4,0
12,24,24,5,0
12,24,24,6,0
12,24,24,7,0
12,24,24,8,1
12,24,24,9,0
12,24,24,10,46
12,24,24,11,1
12,24,24,12,0
12,24,24,13,2
12,24,24,14,2
12,24,24,15,0
12,24,24,16,317
12,24,24,17,1
12,24,24,18,0
12,24,24,19,0
12,24,24,20,0
12,24,24,21,0
12,24,24,22,0
12,24,24,23,0
12,24,24,24,0
12,24,24,25,0
12,24,24,26,1
12,24,24,27,0
12,24,24,28,0
12,24,24,29,0
12,24,24,30,1
12,24,24,31,0
12,24,24,32,0
12,24,24,33,0
12,24,24,34,1
12,24,24,35,0
12,24,24,36,0
12,24,24,37,0
12,24,24,38,0
12,24,24,39,1
12,24,24,40,0
12,24,24,41,1
12,24,24,42,0
12,24,24,43,0
12,24,24,44,0
12,24,24,45,1
12,24,24,46,0
12,24,24,47,0
12,24,24,0,1
12,25,25,1,190
12,25,25,2,27
12,25,25,3,1
12,25,25,4,0
12,25,25,5,0
12,25,25,6,1
12,25,25,7,0
12,25,25,8,0
12,25,25,9,1
12,25,25,10,89
12,25,25,11,0
12,25,25,12,0
12,25,25,13,1
12,25,25,14,0
12,25,25,15,0
12,25,25,16,436
12,25,25,17,0
12,25,25,18,0
12,25,25,19,0
12,25,25,20,0
12,25,25,21,0
12,25,25,22,0
12,25,25,23,0
12,25,25,24,0
12,25,25,25,0
12,25,25,26,1
12,25,25,27,0
12,25,25,28,0
12,25,25,29,0
12,25,25,30,0
12,25,25,31,0
12,25,25,32,0
12,25,25,33,0
12,25,25,34,0
12,25,25,35,0
12,25,25,36,0
12,25,25,37,0
12,25,25,38,0
12,25,25,39,0
12,25,25,40,0
12,25,25,41,0
12,25,25,42,0
12,25,25,43,0
12,25,25,44,0
12,25,25,45,0
12,25,25,46,0
12,25,25,47,0
12,25,25,0,3
12,26,26,1,233
12,26,26,2,30
12,26,26,3,0
12,26,26,4,0
12,26,26,5,0
12,26,26,6,0
12,26,26,7,1
12,26,26,8,0
12,26,26,9,2
12,26,26,10,68
12,26,26,11,0
12,26,26,12,0
12,26,26,13,1
12,26,26,14,1
12,26,26,15,0
12,26,26,16,474
12,26,26,17,1
12,26,26,18,0
12,26,26,19,0
12,26,26,20,1
12,26,26,21,0
12,26,26,22,0
12,26,26,23,0
12,26,26,24,0
12,26,26,25,0
12,26,26,26,2
12,26,26,27,0
12,26,26,28,0
12,26,26,29,0
12,26,26,30,0
12,26,26,31,0
12,26,26,32,0
12,26,26,33,1
12,26,26,34,0
12,26,26,35,0
12,26,26,36,0
12,26,26,37,0
12,26,26,38,1
12,26,26,39,0
12,26,26,40,0
12,26,26,41,3
12,26,26,42,0
12,26,26,43,0
12,26,26,44,0
12,26,26,45,0
12,26,26,46,0
12,26,26,47,0
12,26,26,0,2
12,27,27,1,313
12,27,27,2,25
12,27,27,3,0
12,27,27,4,0
12,27,27,5,1
12,27,27,6,0
12,27,27,7,0
12,27,27,8,0
12,27,27,9,1
12,27,27,10,51
12,27,27,11,2
12,27,27,12,0
12,27,27,13,0
12,27,27,14,1
12,27,27,15,1
12,27,27,16,539
12,27,27,17,0
12,27,27,18,0
12,27,27,19,0
12,27,27,20,0
12,27,27,21,0
12,27,27,22,0
12,27,27,23,0
12,27,27,24,0
12,27,27,25,0
12,27,27,26,2
12,27,27,27,0
12,27,27,28,0
12,27,27,29,0
12,27,27,30,0
12,27,27,31,1
12,27,27,32,0
12,27,27,33,2
12,27,27,34,1
12,27,27,35,0
12,27,27,36,1
12,27,27,37,0
12,27,27,38,1
12,27,27,39,0
12,27,27,40,0
12,27,27,41,2
12,27,27,42,0
12,27,27,43,0
12,27,27,44,0
12,27,27,45,0
12,27,27,46,0
12,27,27,47,0
12,27,27,0,3
12,28,28,1,209
12,28,28,2,39
12,28,28,3,0
12,28,28,4,0
12,28,28,5,0
12,28,28,6,1
12,28,28,7,0
12,28,28,8,0
12,28,28,9,0
12,28,28,10,87
12,28,28,11,0
12,28,28,12,0
12,28,28,13,0
12,28,28,14,3
12,28,28,15,1
12,28,28,16,532
12,28,28,17,3
12,28,28,18,0
12,28,28,19,0
12,28,28,20,0
12,28,28,21,0
12,28,28,22,0
12,28,28,23,1
12,28,28,24,0
12,28,28,25,0
12,28,28,26,2
12,28,28,27,0
12,28,28,28,0
12,28,28,29,0
12,28,28,30,0
12,28,28,31,0
12,28,28,32,0
12,28,28,33,1
12,28,28,34,2
12,28,28,35,0
12,28,28,36,1
12,28,28,37,0
12,28,28,38,1
12,28,28,39,0
12,28,28,40,0
12,28,28,41,0
12,28,28,42,1
12,28,28,43,0
12,28,28,44,0
12,28,28,45,0
12,28,28,46,1
12,28,28,47,1
12,28,28,0,8
12,29,29,1,295
12,29,29,2,21
12,29,29,3,1
12,29,29,4,1
12,29,29,5,0
12,29,29,6,0
12,29,29,7,0
12,29,29,8,0
12,29,29,9,0
12,29,29,10,34
12,29,29,11,0
12,29,29,12,0
12,29,29,13,1
12,29,29,14,0
12,29,29,15,0
12,29,29,16,346
12,29,29,17,2
12,29,29,18,0
12,29,29,19,0
12,29,29,20,0
12,29,29,21,0
12,29,29,22,0
12,29,29,23,0
12,29,29,24,0
12,29,29,25,0
12,29,29,26,0
12,29,29,27,0
12,29,29,28,0
12,29,29,29,0
12,29,29,30,0
12,29,29,31,1
12,29,29,32,0
12,29,29,33,0
12,29,29,34,0
12,29,29,35,0
12,29,29,36,0
12,29,29,37,0
12,29,29,38,0
12,29,29,39,0
12,29,29,40,0
12,29,29,41,0
12,29,29,42,0
12,29,29,43,0
12,29,29,44,0
12,29,29,45,0
12,29,29,46,0
12,29,29,47,0
12,29,29,0,3
12,30,30,1,175
12,30,30,2,13
12,30,30,3,0
12,30,30,4,0
12,30,30,5,2
12,30,30,6,0
12,30,30,7,0
12,30,30,8,1
12,30,30,9,2
12,30,30,10,65
12,30,30,11,0
12,30,30,12,0
12,30,30,13,1
12,30,30,14,0
12,30,30,15,0
12,30,30,16,343
12,30,30,17,0
12,30,30,18,0
12,30,30,19,1
12,30,30,20,0
12,30,30,21,0
12,30,30,22,0
12,30,30,23,0
12,30,30,24,0
12,30,30,25,0
12,30,30,26,0
12,30,30,27,0
12,30,30,28,0
12,30,30,29,0
12,30,30,30,1
12,30,30,31,1
12,30,30,32,0
12,30,30,33,1
12,30,30,34,1
12,30,30,35,0
12,30,30,36,0
12,30,30,37,0
12,30,30,38,0
12,30,30,39,0
12,30,30,40,0
12,30,30,41,1
12,30,30,42,2
12,30,30,43,0
12,30,30,44,0
12,30,30,45,0
12,30,30,46,0
12,30,30,47,1
12,30,30,0,1
12,31,31,1,125
12,31,31,2,9
12,31,31,3,2
12,31,31,4,0
12,31,31,5,0
12,31,31,6,0
12,31,31,7,0
12,31,31,8,0
12,31,31,9,0
12,31,31,10,26
12,31,31,11,0
12,31,31,12,0
12,31,31,13,2
12,31,31,14,0
12,31,31,15,0
12,31,31,16,192
12,31,31,17,0
12,31,31,18,0
12,31,31,19,0
12,31,31,20,0
12,31,31,21,0
12,31,31,22,0
12,31,31,23,0
12,31,31,24,0
12,31,31,25,0
12,31,31,26,0
12,31,31,27,0
12,31,31,28,0
12,31,31,29,0
12,31,31,30,0
12,31,31,31,0
12,31,31,32,0
12,31,31,33,0
12,31,31,34,0
12,31,31,35,0
12,31,31,36,0
12,31,31,37,0
12,31,31,38,0
12,31,31,39,0
12,31,31,40,0
12,31,31,41,2
12,31,31,42,1
12,31,31,43,0
12,31,31,44,0
12,31,31,45,0
12,31,31,46,0
12,31,31,47,0
12,31,31,0,1
12,32,32,1,322
12,32,32,2,28
12,32,32,3,1
12,32,32,4,0
12,32,32,5,0
12,32,32,6,0
12,32,32,7,0
12,32,32,8,0
12,32,32,9,0
12,32,32,10,39
12,32,32,11,2
12,32,32,12,1
12,32,32,13,2
12,32,32,14,2
12,32,32,15,0
12,32,32,16,525
12,32,32,17,1
12,32,32,18,1
12,32,32,19,0
12,32,32,20,0
12,32,32,21,0
12,32,32,22,1
12,32,32,23,0
12,32,32,24,0
12,32,32,25,0
12,32,32,26,0
12,32,32,27,0
12,32,32,28,0
12,32,32,29,0
12,32,32,30,0
12,32,32,31,0
12,32,32,32,0
12,32,32,33,0
12,32,32,34,0
12,32,32,35,0
12,32,32,36,0
12,32,32,37,0
12,32,32,38,0
12,32,32,39,0
12,32,32,40,0
12,32,32,41,1
12,32,32,42,0
12,32,32,43,0
12,32,32,44,0
12,32,32,45,0
12,32,32,46,0
12,32,32,47,0
12,32,32,0,0
12,33,33,1,290
12,33,33,2,19
12,33,33,3,0
12,33,33,4,0
12,33,33,5,0
12,33,33,6,0
12,33,33,7,0
12,33,33,8,0
12,33,33,9,1
12,33,33,10,19
12,33,33,11,0
12,33,33,12,0
12,33,33,13,0
12,33,33,14,0
12,33,33,15,0
12,33,33,16,477
12,33,33,17,0
12,33,33,18,0
12,33,33,19,1
12,33,33,20,0
12,33,33,21,0
12,33,33,22,0
12,33,33,23,0
12,33,33,24,0
12,33,33,25,0
12,33,33,26,0
12,33,33,27,0
12,33,33,28,0
12,33,33,29,0
12,33,33,30,0
12,33,33,31,0
12,33,33,32,1
12,33,33,33,0
12,33,33,34,0
12,33,33,35,0
12,33,33,36,0
12,33,33,37,0
12,33,33,38,0
12,33,33,39,0
12,33,33,40,0
12,33,33,41,0
12,33,33,42,0
12,33,33,43,0
12,33,33,44,0
12,33,33,45,0
12,33,33,46,0
12,33,33,47,0
12,33,33,0,2
12,34,34,1,180
12,34,34,2,5
12,34,34,3,0
12,34,34,4,0
12,34,34,5,1
12,34,34,6,0
12,34,34,7,0
12,34,34,8,0
12,34,34,9,0
12,34,34,10,16
12,34,34,11,1
12,34,34,12,1
12,34,34,13,0
12,34,34,14,0
12,34,34,15,0
12,34,34,16,280
12,34,34,17,0
12,34,34,18,0
12,34,34,19,0
12,34,34,20,0
12,34,34,21,0
12,34,34,22,0
12,34,34,23,0
12,34,34,24,0
12,34,34,25,0
12,34,34,26,0
12,34,34,27,0
12,34,34,28,0
12,34,34,29,0
12,34,34,30,0
12,34,34,31,0
12,34,34,32,0
12,34,34,33,0
12,34,34,34,0
12,34,34,35,0
12,34,34,36,0
12,34,34,37,0
12,34,34,38,0
12,34,34,39,0
12,34,34,40,0
12,34,34,41,0
12,34,34,42,0
12,34,34,43,0
12,34,34,44,0
12,34,34,45,0
12,34,34,46,0
12,34,34,47,0
12,34,34,0,2
12,35,35,1,272
12,35,35,2,17
12,35,35,3,0
12,35,35,4,0
12,35,35,5,0
12,35,35,6,0
12,35,35,7,0
12,35,35,8,0
12,35,35,9,0
12,35,35,10,26
12,35,35,11,0
12,35,35,12,0
12,35,35,13,1
12,35,35,14,0
12,35,35,15,0
12,35,35,16,507
12,35,35,17,0
12,35,35,18,0
12,35,35,19,0
12,35,35,20,0
12,35,35,21,0
12,35,35,22,0
12,35,35,23,0
12,35,35,24,0
12,35,35,25,0
12,35,35,26,0
12,35,35,27,0
12,35,35,28,0
12,35,35,29,0
12,35,35,30,1
12,35,35,31,0
12,35,35,32,1
12,35,35,33,0
12,35,35,34,1
12,35,35,35,0
12,35,35,36,0
12,35,35,37,0
12,35,35,38,0
12,35,35,39,0
12,35,35,40,0
12,35,35,41,0
12,35,35,42,0
12,35,35,43,0
12,35,35,44,0
12,35,35,45,0
12,35,35,46,2
12,35,35,47,0
12,35,35,0,2
12,36,36,1,249
12,36,36,2,19
12,36,36,3,1
12,36,36,4,0
12,36,36,5,0
12,36,36,6,1
12,36,36,7,0
12,36,36,8,1
12,36,36,9,0
12,36,36,10,49
12,36,36,11,0
12,36,36,12,0
12,36,36,13,0
12,36,36,14,0
12,36,36,15,0
12,36,36,16,459
12,36,36,17,1
12,36,36,18,0
12,36,36,19,0
12,36,36,20,0
12,36,36,21,0
12,36,36,22,0
12,36,36,23,0
12,36,36,24,0
12,36,36,25,0
12,36,36,26,0
12,36,36,27,0
12,36,36,28,0
12,36,36,29,0
12,36,36,30,0
12,36,36,31,0
12,36,36,32,0
12,36,36,33,1
12,36,36,34,1
12,36,36,35,0
12,36,36,36,0
12,36,36,37,0
12,36,36,38,1
12,36,36,39,1
12,36,36,40,0
12,36,36,41,0
12,36,36,42,0
12,36,36,43,0
12,36,36,44,0
12,36,36,45,0
12,36,36,46,0
12,36,36,47,0
12,36,36,0,1
12,37,37,1,173
12,37,37,2,19
12,37,37,3,1
12,37,37,4,0
12,37,37,5,0
12,37,37,6,0
12,37,37,7,0
12,37,37,8,0
12,37,37,9,1
12,37,37,10,36
12,37,37,11,0
12,37,37,12,0
12,37,37,13,0
12,37,37,14,1
12,37,37,15,0
12,37,37,16,452
12,37,37,17,0
12,37,37,18,0
12,37,37,19,0
12,37,37,20,0
12,37,37,21,0
12,37,37,22,0
12,37,37,23,0
12,37,37,24,0
12,37,37,25,0
12,37,37,26,0
12,37,37,27,0
12,37,37,28,0
12,37,37,29,0
12,37,37,30,0
12,37,37,31,0
12,37,37,32,0
12,37,37,33,0
12,37,37,34,0
12,37,37,35,0
12,37,37,36,0
12,37,37,37,0
12,37,37,38,0
12,37,37,39,0
12,37,37,40,0
12,37,37,41,0
12,37,37,42,0
12,37,37,43,0
12,37,37,44,0
12,37,37,45,0
12,37,37,46,0
12,37,37,47,0
12,37,37,0,2
12,38,38,1,290
12,38,38,2,27
12,38,38,3,0
12,38,38,4,0
12,38,38,5,0
12,38,38,6,0
12,38,38,7,0
12,38,38,8,1
12,38,38,9,0
12,38,38,10,71
12,38,38,11,0
12,38,38,12,0
12,38,38,13,0
12,38,38,14,0
12,38,38,15,0
12,38,38,16,509
12,38,38,17,5
12,38,38,18,1
12,38,38,19,0
12,38,38,20,0
12,38,38,21,0
12,38,38,22,0
12,38,38,23,0
12,38,38,24,0
12,38,38,25,0
12,38,38,26,0
12,38,38,27,0
12,38,38,28,0
12,38,38,29,0
12,38,38,30,0
12,38,38,31,0
12,38,38,32,0
12,38,38,33,1
12,38,38,34,1
12,38,38,35,0
12,38,38,36,0
12,38,38,37,0
12,38,38,38,1
12,38,38,39,0
12,38,38,40,0
12,38,38,41,0
12,38,38,42,0
12,38,38,43,0
12,38,38,44,1
12,38,38,45,0
12,38,38,46,0
12,38,38,47,0
12,38,38,0,7
12,39,39,1,247
12,39,39,2,15
12,39,39,3,1
12,39,39,4,1
12,39,39,5,0
12,39,39,6,0
12,39,39,7,0
12,39,39,8,0
12,39,39,9,0
12,39,39,10,53
12,39,39,11,0
12,39,39,12,0
12,39,39,13,1
12,39,39,14,0
12,39,39,15,1
12,39,39,16,532
12,39,39,17,1
12,39,39,18,0
12,39,39,19,1
12,39,39,20,0
12,39,39,21,0
12,39,39,22,0
12,39,39,23,0
12,39,39,24,0
12,39,39,25,0
12,39,39,26,0
12,39,39,27,0
12,39,39,28,2
12,39,39,29,1
12,39,39,30,0
12,39,39,31,1
12,39,39,32,0
12,39,39,33,0
12,39,39,34,1
12,39,39,35,0
12,39,39,36,0
12,39,39,37,0
12,39,39,38,0
12,39,39,39,0
12,39,39,40,1
12,39,39,41,0
12,39,39,42,1
12,39,39,43,1
12,39,39,44,0
12,39,39,45,0
12,39,39,46,1
12,39,39,47,1
12,39,39,0,2
12,40,40,1,229
12,40,40,2,10
12,40,40,3,0
12,40,40,4,0
12,40,40,5,0
12,40,40,6,0
12,40,40,7,0
12,40,40,8,0
12,40,40,9,0
12,40,40,10,33
12,40,40,11,0
12,40,40,12,0
12,40,40,13,0
12,40,40,14,0
12,40,40,15,0
12,40,40,16,362
12,40,40,17,1
12,40,40,18,0
12,40,40,19,1
12,40,40,20,0
12,40,40,21,1
12,40,40,22,0
12,40,40,23,0
12,40,40,24,0
12,40,40,25,0
12,40,40,26,0
12,40,40,27,0
12,40,40,28,0
12,40,40,29,0
12,40,40,30,0
12,40,40,31,0
12,40,40,32,0
12,40,40,33,0
12,40,40,34,0
12,40,40,35,0
12,40,40,36,0
12,40,40,37,0
12,40,40,38,1
12,40,40,39,0
12,40,40,40,0
12,40,40,41,1
12,40,40,42,0
12,40,40,43,0
12,40,40,44,0
12,40,40,45,0
12,40,40,46,0
12,40,40,47,0
12,40,40,0,2
12,41,41,1,316
12,41,41,2,15
12,41,41,3,1
12,41,41,4,0
12,41,41,5,0
12,41,41,6,0
12,41,41,7,0
12,41,41,8,1
12,41,41,9,1
12,41,41,10,53
12,41,41,11,0
12,41,41,12,0
12,41,41,13,1
12,41,41,14,0
12,41,41,15,0
12,41,41,16,402
12,41,41,17,2
12,41,41,18,0
12,41,41,19,0
12,41,41,20,0
12,41,41,21,0
12,41,41,22,0
12,41,41,23,0
12,41,41,24,0
12,41,41,25,1
12,41,41,26,0
12,41,41,27,0
12,41,41,28,0
12,41,41,29,0
12,41,41,30,1
12,41,41,31,0
12,41,41,32,0
12,41,41,33,0
12,41,41,34,1
12,41,41,35,0
12,41,41,36,0
12,41,41,37,0
12,41,41,38,0
12,41,41,39,0
12,41,41,40,0
12,41,41,41,1
12,41,41,42,0
12,41,41,43,0
12,41,41,44,1
12,41,41,45,1
12,41,41,46,0
12,41,41,47,0
12,41,41,0,5
12,42,42,1,185
12,42,42,2,13
12,42,42,3,0
12,42,42,4,1
12,42,42,5,1
12,42,42,6,0
12,42,42,7,0
12,42,42,8,0
12,42,42,9,0
12,42,42,10,22
12,42,42,11,0
12,42,42,12,0
12,42,42,13,2
12,42,42,14,0
12,42,42,15,0
12,42,42,16,237
12,42,42,17,0
12,42,42,18,0
12,42,42,19,0
12,42,42,20,0
12,42,42,21,0
12,42,42,22,0
12,42,42,23,0
12,42,42,24,0
12,42,42,25,0
12,42,42,26,0
12,42,42,27,0
12,42,42,28,0
12,42,42,29,0
12,42,42,30,0
12,42,42,31,0
12,42,42,32,0
12,42,42,33,0
12,42,42,34,0
12,42,42,35,0
12,42,42,36,0
12,42,42,37,0
12,42,42,38,0
12,42,42,39,0
12,42,42,40,0
12,42,42,41,0
12,42,42,42,0
12,42,42,43,0
12,42,42,44,0
12,42,42,45,0
12,42,42,46,0
12,42,42,47,0
12,42,42,0,3
12,43,43,1,293
12,43,43,2,19
12,43,43,3,0
12,43,43,4,0
12,43,43,5,0
12,43,43,6,1
12,43,43,7,0
12,43,43,8,0
12,43,43,9,0
12,43,43,10,41
12,43,43,11,0
12,43,43,12,0
12,43,43,13,1
12,43,43,14,1
12,43,43,15,0
12,43,43,16,420
12,43,43,17,0
12,43,43,18,0
12,43,43,19,0
12,43,43,20,0
12,43,43,21,0
12,43,43,22,0
12,43,43,23,0
12,43,43,24,0
12,43,43,25,0
12,43,43,26,0
12,43,43,27,0
12,43,43,28,0
12,43,43,29,0
12,43,43,30,0
12,43,43,31,0
12,43,43,32,0
12,43,43,33,0
12,43,43,34,0
12,43,43,35,0
12,43,43,36,0
12,43,43,37,0
12,43,43,38,0
12,43,43,39,0
12,43,43,40,0
12,43,43,41,0
12,43,43,42,0
12,43,43,43,0
12,43,43,44,0
12,43,43,45,0
12,43,43,46,0
12,43,43,47,0
12,43,43,0,2
12,44,44,1,307
12,44,44,2,13
12,44,44,3,2
12,44,44,4,0
12,44,44,5,2
12,44,44,6,0
12,44,44,7,0
12,44,44,8,1
12,44,44,9,0
12,44,44,10,32
12,44,44,11,1
12,44,44,12,0
12,44,44,13,0
12,44,44,14,0
12,44,44,15,0
12,44,44,16,317
12,44,44,17,0
12,44,44,18,0
12,44,44,19,0
12,44,44,20,0
12,44,44,21,0
12,44,44,22,0
12,44,44,23,0
12,44,44,24,0
12,44,44,25,0
12,44,44,26,0
12,44,44,27,0
12,44,44,28,0
12,44,44,29,0
12,44,44,30,0
12,44,44,31,0
12,44,44,32,0
12,44,44,33,0
12,44,44,34,0
12,44,44,35,0
12,44,44,36,0
12,44,44,37,0
12,44,44,38,0
12,44,44,39,0
12,44,44,40,0
12,44,44,41,0
12,44,44,42,0
12,44,44,43,0
12,44,44,44,0
12,44,44,45,0
12,44,44,46,1
12,44,44,47,0
12,44,44,0,3
12,45,45,1,225
12,45,45,2,10
12,45,45,3,0
12,45,45,4,0
12,45,45,5,0
12,45,45,6,0
12,45,45,7,0
12,45,45,8,0
12,45,45,9,0
12,45,45,10,26
12,45,45,11,0
12,45,45,12,0
12,45,45,13,1
12,45,45,14,0
12,45,45,15,0
12,45,45,16,356
12,45,45,17,3
12,45,45,18,0
12,45,45,19,1
12,45,45,20,0
12,45,45,21,0
12,45,45,22,0
12,45,45,23,0
12,45,45,24,0
12,45,45,25,0
12,45,45,26,0
12,45,45,27,0
12,45,45,28,0
12,45,45,29,0
12,45,45,30,1
12,45,45,31,0
12,45,45,32,0
12,45,45,33,0
12,45,45,34,0
12,45,45,35,0
12,45,45,36,0
12,45,45,37,0
12,45,45,38,1
12,45,45,39,0
12,45,45,40,0
12,45,45,41,0
12,45,45,42,0
12,45,45,43,0
12,45,45,44,0
12,45,45,45,0
12,45,45,46,1
12,45,45,47,0
12,45,45,0,0
12,46,46,1,204
12,46,46,2,7
12,46,46,3,1
12,46,46,4,0
12,46,46,5,0
12,46,46,6,0
12,46,46,7,0
12,46,46,8,1
12,46,46,9,0
12,46,46,10,18
12,46,46,11,0
12,46,46,12,0
12,46,46,13,0
12,46,46,14,1
12,46,46,15,0
12,46,46,16,252
12,46,46,17,2
12,46,46,18,0
12,46,46,19,0
12,46,46,20,0
12,46,46,21,0
12,46,46,22,0
12,46,46,23,0
12,46,46,24,0
12,46,46,25,0
12,46,46,26,0
12,46,46,27,0
12,46,46,28,0
12,46,46,29,0
12,46,46,30,0
12,46,46,31,0
12,46,46,32,0
12,46,46,33,0
12,46,46,34,0
12,46,46,35,0
12,46,46,36,0
12,46,46,37,0
12,46,46,38,0
12,46,46,39,0
12,46,46,40,0
12,46,46,41,1
12,46,46,42,0
12,46,46,43,0
12,46,46,44,0
12,46,46,45,0
12,46,46,46,0
12,46,46,47,0
12,46,46,0,2
12,47,47,1,354
12,47,47,2,18
12,47,47,3,0
12,47,47,4,0
12,47,47,5,0
12,47,47,6,0
12,47,47,7,1
12,47,47,8,0
12,47,47,9,0
12,47,47,10,27
12,47,47,11,0
12,47,47,12,0
12,47,47,13,0
12,47,47,14,0
12,47,47,15,0
12,47,47,16,402
12,47,47,17,1
12,47,47,18,0
12,47,47,19,0
12,47,47,20,0
12,47,47,21,0
12,47,47,22,0
12,47,47,23,0
12,47,47,24,0
12,47,47,25,0
12,47,47,26,0
12,47,47,27,0
12,47,47,28,0
12,47,47,29,0
12,47,47,30,0
12,47,47,31,0
12,47,47,32,0
12,47,47,33,1
12,47,47,34,1
12,47,47,35,1
12,47,47,36,0
12,47,47,37,0
12,47,47,38,2
12,47,47,39,1
12,47,47,40,0
12,47,47,41,1
12,47,47,42,0
12,47,47,43,0
12,47,47,44,0
12,47,47,45,0
12,47,47,46,0
12,47,47,47,0
12,47,47,0,1
12,48,48,1,250
12,48,48,2,13
12,48,48,3,1
12,48,48,4,0
12,48,48,5,0
12,48,48,6,1
12,48,48,7,0
12,48,48,8,0
12,48,48,9,0
12,48,48,10,29
12,48,48,11,0
12,48,48,12,0
12,48,48,13,2
12,48,48,14,0
12,48,48,15,0
12,48,48,16,436
12,48,48,17,0
12,48,48,18,0
12,48,48,19,0
12,48,48,20,0
12,48,48,21,0
12,48,48,22,0
12,48,48,23,0
12,48,48,24,0
12,48,48,25,0
12,48,48,26,0
12,48,48,27,0
12,48,48,28,0
12,48,48,29,0
12,48,48,30,0
12,48,48,31,0
12,48,48,32,0
12,48,48,33,1
12,48,48,34,1
12,48,48,35,0
12,48,48,36,0
12,48,48,37,0
12,48,48,38,0
12,48,48,39,0
12,48,48,40,0
12,48,48,41,0
12,48,48,42,0
12,48,48,43,0
12,48,48,44,0
12,48,48,45,0
12,48,48,46,0
12,48,48,47,0
12,48,48,0,2
12,49,49,1,300
12,49,49,2,20
12,49,49,3,0
12,49,49,4,0
12,49,49,5,0
12,49,49,6,0
12,49,49,7,0
12,49,49,8,0
12,49,49,9,0
12,49,49,10,30
12,49,49,11,0
12,49,49,12,0
12,49,49,13,0
12,49,49,14,3
12,49,49,15,0
12,49,49,16,416
12,49,49,17,0
12,49,49,18,0
12,49,49,19,0
12,49,49,20,0
12,49,49,21,0
12,49,49,22,0
12,49,49,23,0
12,49,49,24,0
12,49,49,25,0
12,49,49,26,0
12,49,49,27,0
12,49,49,28,0
12,49,49,29,1
12,49,49,30,0
12,49,49,31,0
12,49,49,32,0
12,49,49,33,0
12,49,49,34,0
12,49,49,35,0
12,49,49,36,0
12,49,49,37,0
12,49,49,38,0
12,49,49,39,0
12,49,49,40,0
12,49,49,41,0
12,49,49,42,1
12,49,49,43,0
12,49,49,44,1
12,49,49,45,0
12,49,49,46,0
12,49,49,47,0
12,49,49,0,4
12,50,50,1,392
12,50,50,2,21
12,50,50,3,0
12,50,50,4,1
12,50,50,5,0
12,50,50,6,0
12,50,50,7,0
12,50,50,8,0
12,50,50,9,0
12,50,50,10,22
12,50,50,11,0
12,50,50,12,1
12,50,50,13,0
12,50,50,14,0
12,50,50,15,1
12,50,50,16,405
12,50,50,17,0
12,50,50,18,0
12,50,50,19,1
12,50,50,20,0
12,50,50,21,0
12,50,50,22,0
12,50,50,23,0
12,50,50,24,0
12,50,50,25,0
12,50,50,26,1
12,50,50,27,0
12,50,50,28,0
12,50,50,29,0
12,50,50,30,0
12,50,50,31,0
12,50,50,32,0
12,50,50,33,1
12,50,50,34,0
12,50,50,35,0
12,50,50,36,0
12,50,50,37,0
12,50,50,38,0
12,50,50,39,0
12,50,50,40,0
12,50,50,41,0
12,50,50,42,0
12,50,50,43,1
12,50,50,44,0
12,50,50,45,1
12,50,50,46,0
12,50,50,47,1
12,50,50,0,6
12,51,51,1,250
12,51,51,2,23
12,51,51,3,1
12,51,51,4,0
12,51,51,5,0
12,51,51,6,0
12,51,51,7,0
12,51,51,8,0
12,51,51,9,0
12,51,51,10,24
12,51,51,11,0
12,51,51,12,0
12,51,51,13,0
12,51,51,14,3
12,51,51,15,0
12,51,51,16,307
12,51,51,17,0
12,51,51,18,0
12,51,51,19,0
12,51,51,20,0
12,51,51,21,0
12,51,51,22,0
12,51,51,23,0
12,51,51,24,0
12,51,51,25,0
12,51,51,26,0
12,51,51,27,0
12,51,51,28,0
12,51,51,29,0
12,51,51,30,0
12,51,51,31,0
12,51,51,32,0
12,51,51,33,0
12,51,51,34,0
12,51,51,35,0
12,51,51,36,0
12,51,51,37,0
12,51,51,38,1
12,51,51,39,0
12,51,51,40,0
12,51,51,41,1
12,51,51,42,0
12,51,51,43,0
12,51,51,44,0
12,51,51,45,0
12,51,51,46,0
12,51,51,47,0
12,51,51,0,4
12,52,52,1,251
12,52,52,2,6
12,52,52,3,0
12,52,52,4,0
12,52,52,5,1
12,52,52,6,0
12,52,52,7,0
12,52,52,8,0
12,52,52,9,0
12,52,52,10,11
12,52,52,11,1
12,52,52,12,0
12,52,52,13,0
12,52,52,14,0
12,52,52,15,0
12,52,52,16,140
12,52,52,17,0
12,52,52,18,0
12,52,52,19,0
12,52,52,20,0
12,52,52,21,0
12,52,52,22,0
12,52,52,23,0
12,52,52,24,0
12,52,52,25,0
12,52,52,26,0
12,52,52,27,0
12,52,52,28,0
12,52,52,29,0
12,52,52,30,0
12,52,52,31,0
12,52,52,32,0
12,52,52,33,0
12,52,52,34,0
12,52,52,35,0
12,52,52,36,0
12,52,52,37,0
12,52,52,38,0
12,52,52,39,0
12,52,52,40,0
12,52,52,41,2
12,52,52,42,0
12,52,52,43,0
12,52,52,44,0
12,52,52,45,0
12,52,52,46,0
12,52,52,47,0
12,52,52,0,1
12,53,53,1,345
12,53,53,2,18
12,53,53,3,0
12,53,53,4,0
12,53,53,5,0
12,53,53,6,0
12,53,53,7,0
12,53,53,8,0
12,53,53,9,0
12,53,53,10,27
12,53,53,11,0
12,53,53,12,0
12,53,53,13,1
12,53,53,14,0
12,53,53,15,0
12,53,53,16,414
12,53,53,17,2
12,53,53,18,0
12,53,53,19,0
12,53,53,20,0
12,53,53,21,0
12,53,53,22,0
12,53,53,23,0
12,53,53,24,0
12,53,53,25,0
12,53,53,26,1
12,53,53,27,0
12,53,53,28,0
12,53,53,29,0
12,53,53,30,0
12,53,53,31,0
12,53,53,32,1
12,53,53,33,0
12,53,53,34,0
12,53,53,35,0
12,53,53,36,1
12,53,53,37,0
12,53,53,38,1
12,53,53,39,0
12,53,53,40,1
12,53,53,41,3
12,53,53,42,0
12,53,53,43,0
12,53,53,44,0
12,53,53,45,0
12,53,53,46,0
12,53,53,47,0
12,53,53,0,1
12,54,54,1,312
12,54,54,2,23
12,54,54,3,1
12,54,54,4,0
12,54,54,5,0
12,54,54,6,0
12,54,54,7,0
12,54,54,8,0
12,54,54,9,0
12,54,54,10,20
12,54,54,11,0
12,54,54,12,0
12,54,54,13,1
12,54,54,14,0
12,54,54,15,1
12,54,54,16,366
12,54,54,17,1
12,54,54,18,0
12,54,54,19,0
12,54,54,20,0
12,54,54,21,0
12,54,54,22,0
12,54,54,23,0
12,54,54,24,0
12,54,54,25,0
12,54,54,26,0
12,54,54,27,0
12,54,54,28,0
12,54,54,29,0
12,54,54,30,0
12,54,54,31,0
12,54,54,32,0
12,54,54,33,0
12,54,54,34,0
12,54,54,35,0
12,54,54,36,0
12,54,54,37,0
12,54,54,38,0
12,54,54,39,0
12,54,54,40,0
12,54,54,41,0
12,54,54,42,1
12,54,54,43,0
12,54,54,44,0
12,54,54,45,0
12,54,54,46,0
12,54,54,47,0
12,54,54,0,0
12,55,55,1,299
12,55,55,2,11
12,55,55,3,0
12,55,55,4,0
12,55,55,5,0
12,55,55,6,0
12,55,55,7,0
12,55,55,8,0
12,55,55,9,0
12,55,55,10,19
12,55,55,11,0
12,55,55,12,0
12,55,55,13,0
12,55,55,14,2
12,55,55,15,0
12,55,55,16,304
12,55,55,17,0
12,55,55,18,0
12,55,55,19,1
12,55,55,20,0
12,55,55,21,0
12,55,55,22,0
12,55,55,23,0
12,55,55,24,0
12,55,55,25,0
12,55,55,26,0
12,55,55,27,0
12,55,55,28,0
12,55,55,29,0
12,55,55,30,0
12,55,55,31,0
12,55,55,32,0
12,55,55,33,0
12,55,55,34,0
12,55,55,35,1
12,55,55,36,0
12,55,55,37,0
12,55,55,38,0
12,55,55,39,0
12,55,55,40,0
12,55,55,41,0
12,55,55,42,0
12,55,55,43,0
12,55,55,44,0
12,55,55,45,0
12,55,55,46,0
12,55,55,47,0
12,55,55,0,2
12,56,56,1,309
12,56,56,2,12
12,56,56,3,0
12,56,56,4,0
12,56,56,5,1
12,56,56,6,0
12,56,56,7,0
12,56,56,8,0
12,56,56,9,0
12,56,56,10,21
12,56,56,11,0
12,56,56,12,0
12,56,56,13,0
12,56,56,14,2
12,56,56,15,0
12,56,56,16,454
12,56,56,17,0
12,56,56,18,0
12,56,56,19,1
12,56,56,20,0
12,56,56,21,0
12,56,56,22,0
12,56,56,23,0
12,56,56,24,0
12,56,56,25,0
12,56,56,26,0
12,56,56,27,0
12,56,56,28,0
12,56,56,29,0
12,56,56,30,1
12,56,56,31,1
12,56,56,32,0
12,56,56,33,0
12,56,56,34,0
12,56,56,35,1
12,56,56,36,0
12,56,56,37,0
12,56,56,38,0
12,56,56,39,0
12,56,56,40,2
12,56,56,41,1
12,56,56,42,0
12,56,56,43,0
12,56,56,44,0
12,56,56,45,0
12,56,56,46,0
12,56,56,47,0
12,56,56,0,0
12,57,57,1,226
12,57,57,2,13
12,57,57,3,0
12,57,57,4,0
12,57,57,5,0
12,57,57,6,0
12,57,57,7,0
12,57,57,8,0
12,57,57,9,1
12,57,57,10,44
12,57,57,11,0
12,57,57,12,0
12,57,57,13,0
12,57,57,14,1
12,57,57,15,0
12,57,57,16,415
12,57,57,17,0
12,57,57,18,0
12,57,57,19,0
12,57,57,20,0
12,57,57,21,1
12,57,57,22,1
12,57,57,23,0
12,57,57,24,0
12,57,57,25,0
12,57,57,26,0
12,57,57,27,0
12,57,57,28,0
12,57,57,29,0
12,57,57,30,0
12,57,57,31,0
12,57,57,32,0
12,57,57,33,0
12,57,57,34,0
12,57,57,35,0
12,57,57,36,0
12,57,57,37,0
12,57,57,38,0
12,57,57,39,0
12,57,57,40,0
12,57,57,41,0
12,57,57,42,0
12,57,57,43,0
12,57,57,44,0
12,57,57,45,1
12,57,57,46,0
12,57,57,47,0
12,57,57,0,3
12,58,58,1,204
12,58,58,2,10
12,58,58,3,0
12,58,58,4,0
12,58,58,5,0
12,58,58,6,0
12,58,58,7,0
12,58,58,8,0
12,58,58,9,1
12,58,58,10,27
12,58,58,11,0
12,58,58,12,0
12,58,58,13,0
12,58,58,14,2
12,58,58,15,1
12,58,58,16,323
12,58,58,17,0
12,58,58,18,0
12,58,58,19,0
12,58,58,20,0
12,58,58,21,0
12,58,58,22,0
12,58,58,23,0
12,58,58,24,0
12,58,58,25,0
12,58,58,26,0
12,58,58,27,0
12,58,58,28,0
12,58,58,29,0
12,58,58,30,0
12,58,58,31,0
12,58,58,32,1
12,58,58,33,0
12,58,58,34,0
12,58,58,35,0
12,58,58,36,0
12,58,58,37,0
12,58,58,38,0
12,58,58,39,0
12,58,58,40,0
12,58,58,41,0
12,58,58,42,0
12,58,58,43,0
12,58,58,44,0
12,58,58,45,0
12,58,58,46,0
12,58,58,47,0
12,58,58,0,3
12,59,59,1,236
12,59,59,2,12
12,59,59,3,0
12,59,59,4,0
12,59,59,5,0
12,59,59,6,0
12,59,59,7,0
12,59,59,8,1
12,59,59,9,0
12,59,59,10,29
12,59,59,11,0
12,59,59,12,0
12,59,59,13,0
12,59,59,14,0
12,59,59,15,0
12,59,59,16,362
12,59,59,17,3
12,59,59,18,0
12,59,59,19,0
12,59,59,20,0
12,59,59,21,0
12,59,59,22,0
12,59,59,23,1
12,59,59,24,0
12,59,59,25,0
12,59,59,26,0
12,59,59,27,0
12,59,59,28,0
12,59,59,29,0
12,59,59,30,0
12,59,59,31,0
12,59,59,32,0
12,59,59,33,0
12,59,59,34,0
12,59,59,35,0
12,59,59,36,0
12,59,59,37,0
12,59,59,38,0
12,59,59,39,0
12,59,59,40,0
12,59,59,41,0
12,59,59,42,0
12,59,59,43,0
12,59,59,44,0
12,59,59,45,0
12,59,59,46,1
12,59,59,47,0
12,59,59,0,0
12,60,60,1,249
12,60,60,2,17
12,60,60,3,1
12,60,60,4,0
12,60,60,5,0
12,60,60,6,0
12,60,60,7,0
12,60,60,8,0
12,60,60,9,1
12,60,60,10,29
12,60,60,11,0
12,60,60,12,0
12,60,60,13,1
12,60,60,14,1
12,60,60,15,0
12,60,60,16,331
12,60,60,17,1
12,60,60,18,0
12,60,60,19,0
12,60,60,20,0
12,60,60,21,0
12,60,60,22,1
12,60,60,23,0
12,60,60,24,0
12,60,60,25,0
12,60,60,26,0
12,60,60,27,0
12,60,60,28,0
12,60,60,29,0
12,60,60,30,1
12,60,60,31,0
12,60,60,32,0
12,60,60,33,0
12,60,60,34,0
12,60,60,35,0
12,60,60,36,0
12,60,60,37,0
12,60,60,38,0
12,60,60,39,0
12,60,60,40,0
12,60,60,41,0
12,60,60,42,1
12,60,60,43,0
12,60,60,44,0
12,60,60,45,0
12,60,60,46,0
12,60,60,47,0
12,60,60,0,3
12,61,61,1,298
12,61,61,2,19
12,61,61,3,3
12,61,61,4,0
12,61,61,5,0
12,61,61,6,0
12,61,61,7,0
12,61,61,8,0
12,61,61,9,0
12,61,61,10,35
12,61,61,11,0
12,61,61,12,0
12,61,61,13,1
12,61,61,14,1
12,61,61,15,0
12,61,61,16,436
12,61,61,17,0
12,61,61,18,0
12,61,61,19,0
12,61,61,20,0
12,61,61,21,0
12,61,61,22,0
12,61,61,23,0
12,61,61,24,0
12,61,61,25,0
12,61,61,26,0
12,61,61,27,0
12,61,61,28,0
12,61,61,29,0
12,61,61,30,0
12,61,61,31,1
12,61,61,32,0
12,61,61,33,0
12,61,61,34,3
12,61,61,35,1
12,61,61,36,0
12,61,61,37,0
12,61,61,38,0
12,61,61,39,0
12,61,61,40,0
12,61,61,41,1
12,61,61,42,1
12,61,61,43,0
12,61,61,44,0
12,61,61,45,0
12,61,61,46,0
12,61,61,47,0
12,61,61,0,5
12,62,62,1,250
12,62,62,2,11
12,62,62,3,1
12,62,62,4,0
12,62,62,5,0
12,62,62,6,0
12,62,62,7,0
12,62,62,8,0
12,62,62,9,0
12,62,62,10,26
12,62,62,11,2
12,62,62,12,0
12,62,62,13,0
12,62,62,14,1
12,62,62,15,0
12,62,62,16,440
12,62,62,17,1
12,62,62,18,0
12,62,62,19,0
12,62,62,20,0
12,62,62,21,0
12,62,62,22,1
12,62,62,23,0
12,62,62,24,0
12,62,62,25,0
12,62,62,26,0
12,62,62,27,0
12,62,62,28,0
12,62,62,29,0
12,62,62,30,1
12,62,62,31,0
12,62,62,32,0
12,62,62,33,0
12,62,62,34,0
12,62,62,35,0
12,62,62,36,0
12,62,62,37,0
12,62,62,38,3
12,62,62,39,1
12,62,62,40,0
12,62,62,41,0
12,62,62,42,0
12,62,62,43,0
12,62,62,44,0
12,62,62,45,1
12,62,62,46,0
12,62,62,47,0
12,62,62,0,5
12,63,63,1,199
12,63,63,2,13
12,63,63,3,1
12,63,63,4,0
12,63,63,5,1
12,63,63,6,0
12,63,63,7,0
12,63,63,8,0
12,63,63,9,0
12,63,63,10,20
12,63,63,11,6
12,63,63,12,0
12,63,63,13,1
12,63,63,14,2
12,63,63,15,0
12,63,63,16,391
12,63,63,17,2
12,63,63,18,0
12,63,63,19,0
12,63,63,20,0
12,63,63,21,0
12,63,63,22,0
12,63,63,23,0
12,63,63,24,0
12,63,63,25,0
12,63,63,26,0
12,63,63,27,0
12,63,63,28,0
12,63,63,29,0
12,63,63,30,0
12,63,63,31,1
12,63,63,32,0
12,63,63,33,1
12,63,63,34,1
12,63,63,35,0
12,63,63,36,0
12,63,63,37,0
12,63,63,38,0
12,63,63,39,0
12,63,63,40,0
12,63,63,41,1
12,63,63,42,0
12,63,63,43,0
12,63,63,44,0
12,63,63,45,0
12,63,63,46,0
12,63,63,47,0
12,63,63,0,2
12,64,64,1,267
12,64,64,2,21
12,64,64,3,0
12,64,64,4,0
12,64,64,5,0
12,64,64,6,0
12,64,64,7,0
12,64,64,8,0
12,64,64,9,0
12,64,64,10,41
12,64,64,11,0
12,64,64,12,0
12,64,64,13,2
12,64,64,14,1
12,64,64,15,0
12,64,64,16,482
12,64,64,17,0
12,64,64,18,0
12,64,64,19,0
12,64,64,20,0
12,64,64,21,0
12,64,64,22,0
12,64,64,23,0
12,64,64,24,0
12,64,64,25,0
12,64,64,26,1
12,64,64,27,0
12,64,64,28,0
12,64,64,29,0
12,64,64,30,0
12,64,64,31,0
12,64,64,32,0
12,64,64,33,0
12,64,64,34,1
12,64,64,35,0
12,64,64,36,1
12,64,64,37,0
12,64,64,38,2
12,64,64,39,0
12,64,64,40,0
12,64,64,41,1
12,64,64,42,0
12,64,64,43,0
12,64,64,44,0
12,64,64,45,0
12,64,64,46,0
12,64,64,47,0
12,64,64,0,0
12,65,65,1,310
12,65,65,2,10
12,65,65,3,1
12,65,65,4,0
12,65,65,5,0
12,65,65,6,0
12,65,65,7,0
12,65,65,8,1
12,65,65,9,0
12,65,65,10,41
12,65,65,11,1
12,65,65,12,0
12,65,65,13,1
12,65,65,14,0
12,65,65,15,0
12,65,65,16,379
12,65,65,17,1
12,65,65,18,0
12,65,65,19,0
12,65,65,20,0
12,65,65,21,0
12,65,65,22,0
12,65,65,23,0
12,65,65,24,0
12,65,65,25,0
12,65,65,26,0
12,65,65,27,0
12,65,65,28,0
12,65,65,29,0
12,65,65,30,1
12,65,65,31,0
12,65,65,32,0
12,65,65,33,0
12,65,65,34,0
12,65,65,35,0
12,65,65,36,0
12,65,65,37,0
12,65,65,38,1
12,65,65,39,0
12,65,65,40,0
12,65,65,41,1
12,65,65,42,0
12,65,65,43,0
12,65,65,44,0
12,65,65,45,0
12,65,65,46,0
12,65,65,47,0
12,65,65,0,0
12,66,66,1,188
12,66,66,2,15
12,66,66,3,0
12,66,66,4,0
12,66,66,5,0
12,66,66,6,0
12,66,66,7,0
12,66,66,8,0
12,66,66,9,0
12,66,66,10,17
12,66,66,11,0
12,66,66,12,0
12,66,66,13,1
12,66,66,14,0
12,66,66,15,0
12,66,66,16,318
12,66,66,17,0
12,66,66,18,0
12,66,66,19,0
12,66,66,20,0
12,66,66,21,0
12,66,66,22,0
12,66,66,23,0
12,66,66,24,0
12,66,66,25,0
12,66,66,26,0
12,66,66,27,0
12,66,66,28,0
12,66,66,29,0
12,66,66,30,3
12,66,66,31,0
12,66,66,32,0
12,66,66,33,1
12,66,66,34,0
12,66,66,35,0
12,66,66,36,0
12,66,66,37,0
12,66,66,38,1
12,66,66,39,0
12,66,66,40,1
12,66,66,41,4
12,66,66,42,0
12,66,66,43,0
12,66,66,44,0
12,66,66,45,0
12,66,66,46,1
12,66,66,47,0
12,66,66,0,3
12,67,67,1,174
12,67,67,2,8
12,67,67,3,1
12,67,67,4,0
12,67,67,5,1
12,67,67,6,0
12,67,67,7,0
12,67,67,8,1
12,67,67,9,0
12,67,67,10,17
12,67,67,11,1
12,67,67,12,0
12,67,67,13,2
12,67,67,14,0
12,67,67,15,0
12,67,67,16,242
12,67,67,17,1
12,67,67,18,0
12,67,67,19,0
12,67,67,20,0
12,67,67,21,1
12,67,67,22,0
12,67,67,23,0
12,67,67,24,0
12,67,67,25,0
12,67,67,26,0
12,67,67,27,0
12,67,67,28,0
12,67,67,29,0
12,67,67,30,1
12,67,67,31,0
12,67,67,32,0
12,67,67,33,0
12,67,67,34,1
12,67,67,35,1
12,67,67,36,0
12,67,67,37,0
12,67,67,38,2
12,67,67,39,0
12,67,67,40,0
12,67,67,41,0
12,67,67,42,1
12,67,67,43,0
12,67,67,44,0
12,67,67,45,0
12,67,67,46,0
12,67,67,47,0
12,67,67,0,2
12,68,68,1,207
12,68,68,2,21
12,68,68,3,0
12,68,68,4,0
12,68,68,5,0
12,68,68,6,0
12,68,68,7,0
12,68,68,8,0
12,68,68,9,0
12,68,68,10,37
12,68,68,11,1
12,68,68,12,0
12,68,68,13,1
12,68,68,14,1
12,68,68,15,0
12,68,68,16,456
12,68,68,17,1
12,68,68,18,0
12,68,68,19,0
12,68,68,20,0
12,68,68,21,0
12,68,68,22,0
12,68,68,23,0
12,68,68,24,1
12,68,68,25,0
12,68,68,26,1
12,68,68,27,0
12,68,68,28,0
12,68,68,29,1
12,68,68,30,0
12,68,68,31,0
12,68,68,32,0
12,68,68,33,1
12,68,68,34,1
12,68,68,35,0
12,68,68,36,0
12,68,68,37,0
12,68,68,38,2
12,68,68,39,0
12,68,68,40,0
12,68,68,41,0
12,68,68,42,3
12,68,68,43,0
12,68,68,44,0
12,68,68,45,0
12,68,68,46,1
12,68,68,47,0
12,68,68,0,2
12,69,69,1,331
12,69,69,2,7
12,69,69,3,1
12,69,69,4,0
12,69,69,5,0
12,69,69,6,0
12,69,69,7,0
12,69,69,8,0
12,69,69,9,0
12,69,69,10,16
12,69,69,11,0
12,69,69,12,0
12,69,69,13,0
12,69,69,14,1
12,69,69,15,0
12,69,69,16,346
12,69,69,17,0
12,69,69,18,0
12,69,69,19,0
12,69,69,20,0
12,69,69,21,0
12,69,69,22,0
12,69,69,23,0
12,69,69,24,0
12,69,69,25,0
12,69,69,26,0
12,69,69,27,0
12,69,69,28,0
12,69,69,29,0
12,69,69,30,1
12,69,69,31,0
12,69,69,32,0
12,69,69,33,0
12,69,69,34,0
12,69,69,35,0
12,69,69,36,0
12,69,69,37,0
12,69,69,38,0
12,69,69,39,0
12,69,69,40,0
12,69,69,41,0
12,69,69,42,0
12,69,69,43,0
12,69,69,44,0
12,69,69,45,0
12,69,69,46,0
12,69,69,47,0
12,69,69,0,2
12,70,70,1,298
12,70,70,2,14
12,70,70,3,0
12,70,70,4,0
12,70,70,5,0
12,70,70,6,0
12,70,70,7,0
12,70,70,8,1
12,70,70,9,0
12,70,70,10,17
12,70,70,11,1
12,70,70,12,0
12,70,70,13,2
12,70,70,14,0
12,70,70,15,0
12,70,70,16,449
12,70,70,17,1
12,70,70,18,0
12,70,70,19,0
12,70,70,20,0
12,70,70,21,0
12,70,70,22,0
12,70,70,23,0
12,70,70,24,0
12,70,70,25,0
12,70,70,26,0
12,70,70,27,0
12,70,70,28,0
12,70,70,29,0
12,70,70,30,0
12,70,70,31,0
12,70,70,32,1
12,70,70,33,0
12,70,70,34,0
12,70,70,35,1
12,70,70,36,0
12,70,70,37,0
12,70,70,38,0
12,70,70,39,0
12,70,70,40,0
12,70,70,41,2
12,70,70,42,0
12,70,70,43,0
12,70,70,44,0
12,70,70,45,0
12,70,70,46,0
12,70,70,47,0
12,70,70,0,0
12,71,71,1,275
12,71,71,2,27
12,71,71,3,2
12,71,71,4,0
12,71,71,5,0
12,71,71,6,0
12,71,71,7,0
12,71,71,8,2
12,71,71,9,1
12,71,71,10,20
12,71,71,11,0
12,71,71,12,0
12,71,71,13,0
12,71,71,14,2
12,71,71,15,2
12,71,71,16,473
12,71,71,17,0
12,71,71,18,0
12,71,71,19,1
12,71,71,20,0
12,71,71,21,0
12,71,71,22,0
12,71,71,23,0
12,71,71,24,0
12,71,71,25,0
12,71,71,26,1
12,71,71,27,0
12,71,71,28,0
12,71,71,29,0
12,71,71,30,0
12,71,71,31,2
12,71,71,32,0
12,71,71,33,0
12,71,71,34,0
12,71,71,35,0
12,71,71,36,0
12,71,71,37,0
12,71,71,38,0
12,71,71,39,0
12,71,71,40,0
12,71,71,41,0
12,71,71,42,0
12,71,71,43,0
12,71,71,44,0
12,71,71,45,0
12,71,71,46,1
12,71,71,47,0
12,71,71,0,3
12,72,72,1,185
12,72,72,2,21
12,72,72,3,0
12,72,72,4,0
12,72,72,5,0
12,72,72,6,0
12,72,72,7,0
12,72,72,8,0
12,72,72,9,0
12,72,72,10,16
12,72,72,11,0
12,72,72,12,0
12,72,72,13,1
12,72,72,14,1
12,72,72,15,0
12,72,72,16,295
12,72,72,17,0
12,72,72,18,0
12,72,72,19,0
12,72,72,20,0
12,72,72,21,0
12,72,72,22,0
12,72,72,23,0
12,72,72,24,0
12,72,72,25,0
12,72,72,26,0
12,72,72,27,0
12,72,72,28,0
12,72,72,29,0
12,72,72,30,0
12,72,72,31,0
12,72,72,32,2
12,72,72,33,0
12,72,72,34,0
12,72,72,35,0
12,72,72,36,0
12,72,72,37,0
12,72,72,38,0
12,72,72,39,0
12,72,72,40,0
12,72,72,41,2
12,72,72,42,0
12,72,72,43,0
12,72,72,44,0
12,72,72,45,0
12,72,72,46,0
12,72,72,47,0
12,72,72,0,3
12,73,73,1,209
12,73,73,2,17
12,73,73,3,1
12,73,73,4,0
12,73,73,5,0
12,73,73,6,0
12,73,73,7,0
12,73,73,8,0
12,73,73,9,0
12,73,73,10,31
12,73,73,11,0
12,73,73,12,0
12,73,73,13,2
12,73,73,14,1
12,73,73,15,0
12,73,73,16,473
12,73,73,17,0
12,73,73,18,1
12,73,73,19,0
12,73,73,20,0
12,73,73,21,0
12,73,73,22,0
12,73,73,23,0
12,73,73,24,0
12,73,73,25,0
12,73,73,26,0
12,73,73,27,0
12,73,73,28,0
12,73,73,29,0
12,73,73,30,0
12,73,73,31,0
12,73,73,32,0
12,73,73,33,0
12,73,73,34,0
12,73,73,35,0
12,73,73,36,0
12,73,73,37,0
12,73,73,38,1
12,73,73,39,0
12,73,73,40,0
12,73,73,41,1
12,73,73,42,1
12,73,73,43,0
12,73,73,44,0
12,73,73,45,0
12,73,73,46,0
12,73,73,47,0
12,73,73,0,2
12,74,74,1,207
12,74,74,2,11
12,74,74,3,0
12,74,74,4,0
12,74,74,5,0
12,74,74,6,0
12,74,74,7,0
12,74,74,8,0
12,74,74,9,1
12,74,74,10,28
12,74,74,11,1
12,74,74,12,0
12,74,74,13,0
12,74,74,14,1
12,74,74,15,0
12,74,74,16,373
12,74,74,17,2
12,74,74,18,0
12,74,74,19,0
12,74,74,20,0
12,74,74,21,0
12,74,74,22,0
12,74,74,23,0
12,74,74,24,0
12,74,74,25,0
12,74,74,26,1
12,74,74,27,0
12,74,74,28,0
12,74,74,29,0
12,74,74,30,1
12,74,74,31,0
12,74,74,32,0
12,74,74,33,1
12,74,74,34,0
12,74,74,35,0
12,74,74,36,0
12,74,74,37,1
12,74,74,38,0
12,74,74,39,0
12,74,74,40,0
12,74,74,41,1
12,74,74,42,0
12,74,74,43,0
12,74,74,44,0
12,74,74,45,0
12,74,74,46,0
12,74,74,47,0
12,74,74,0,5
12,75,75,1,126
12,75,75,2,8
12,75,75,3,0
12,75,75,4,2
12,75,75,5,0
12,75,75,6,0
12,75,75,7,0
12,75,75,8,0
12,75,75,9,0
12,75,75,10,19
12,75,75,11,0
12,75,75,12,0
12,75,75,13,0
12,75,75,14,1
12,75,75,15,0
12,75,75,16,274
12,75,75,17,0
12,75,75,18,0
12,75,75,19,0
12,75,75,20,0
12,75,75,21,1
12,75,75,22,0
12,75,75,23,0
12,75,75,24,0
12,75,75,25,0
12,75,75,26,0
12,75,75,27,0
12,75,75,28,0
12,75,75,29,0
12,75,75,30,0
12,75,75,31,0
12,75,75,32,1
12,75,75,33,0
12,75,75,34,0
12,75,75,35,0
12,75,75,36,0
12,75,75,37,0
12,75,75,38,0
12,75,75,39,0
12,75,75,40,0
12,75,75,41,1
12,75,75,42,1
12,75,75,43,0
12,75,75,44,0
12,75,75,45,0
12,75,75,46,0
12,75,75,47,1
12,75,75,0,0
12,76,76,1,243
12,76,76,2,27
12,76,76,3,0
12,76,76,4,0
12,76,76,5,0
12,76,76,6,0
12,76,76,7,0
12,76,76,8,0
12,76,76,9,0
12,76,76,10,45
12,76,76,11,0
12,76,76,12,0
12,76,76,13,0
12,76,76,14,0
12,76,76,15,1
12,76,76,16,466
12,76,76,17,0
12,76,76,18,0
12,76,76,19,0
12,76,76,20,0
12,76,76,21,0
12,76,76,22,0
12,76,76,23,0
12,76,76,24,0
12,76,76,25,1
12,76,76,26,0
12,76,76,27,0
12,76,76,28,0
12,76,76,29,0
12,76,76,30,0
12,76,76,31,2
12,76,76,32,0
12,76,76,33,0
12,76,76,34,1
12,76,76,35,0
12,76,76,36,0
12,76,76,37,0
12,76,76,38,0
12,76,76,39,0
12,76,76,40,0
12,76,76,41,0
12,76,76,42,0
12,76,76,43,0
12,76,76,44,0
12,76,76,45,0
12,76,76,46,0
12,76,76,47,0
12,76,76,0,0
12,77,77,1,198
12,77,77,2,21
12,77,77,3,0
12,77,77,4,0
12,77,77,5,0
12,77,77,6,0
12,77,77,7,0
12,77,77,8,0
12,77,77,9,0
12,77,77,10,25
12,77,77,11,0
12,77,77,12,0
12,77,77,13,1
12,77,77,14,4
12,77,77,15,1
12,77,77,16,422
12,77,77,17,0
12,77,77,18,0
12,77,77,19,0
12,77,77,20,0
12,77,77,21,0
12,77,77,22,1
12,77,77,23,0
12,77,77,24,0
12,77,77,25,0
12,77,77,26,0
12,77,77,27,0
12,77,77,28,0
12,77,77,29,0
12,77,77,30,0
12,77,77,31,1
12,77,77,32,0
12,77,77,33,0
12,77,77,34,1
12,77,77,35,0
12,77,77,36,0
12,77,77,37,0
12,77,77,38,1
12,77,77,39,1
12,77,77,40,1
12,77,77,41,1
12,77,77,42,0
12,77,77,43,0
12,77,77,44,0
12,77,77,45,0
12,77,77,46,0
12,77,77,47,0
12,77,77,0,4
12,78,78,1,252
12,78,78,2,21
12,78,78,3,1
12,78,78,4,0
12,78,78,5,0
12,78,78,6,0
12,78,78,7,0
12,78,78,8,0
12,78,78,9,1
12,78,78,10,43
12,78,78,11,0
12,78,78,12,0
12,78,78,13,0
12,78,78,14,1
12,78,78,15,0
12,78,78,16,476
12,78,78,17,0
12,78,78,18,1
12,78,78,19,0
12,78,78,20,0
12,78,78,21,0
12,78,78,22,0
12,78,78,23,1
12,78,78,24,0
12,78,78,25,0
12,78,78,26,0
12,78,78,27,0
12,78,78,28,0
12,78,78,29,0
12,78,78,30,0
12,78,78,31,0
12,78,78,32,0
12,78,78,33,0
12,78,78,34,0
12,78,78,35,0
12,78,78,36,0
12,78,78,37,0
12,78,78,38,0
12,78,78,39,0
12,78,78,40,1
12,78,78,41,0
12,78,78,42,0
12,78,78,43,0
12,78,78,44,0
12,78,78,45,0
12,78,78,46,0
12,78,78,47,0
12,78,78,0,3
12,79,79,1,266
12,79,79,2,23
12,79,79,3,0
12,79,79,4,0
12,79,79,5,0
12,79,79,6,0
12,79,79,7,0
12,79,79,8,0
12,79,79,9,0
12,79,79,10,34
12,79,79,11,0
12,79,79,12,0
12,79,79,13,1
12,79,79,14,0
12,79,79,15,1
12,79,79,16,414
12,79,79,17,0
12,79,79,18,0
12,79,79,19,0
12,79,79,20,0
12,79,79,21,0
12,79,79,22,0
12,79,79,23,0
12,79,79,24,0
12,79,79,25,0
12,79,79,26,0
12,79,79,27,0
12,79,79,28,1
12,79,79,29,0
12,79,79,30,1
12,79,79,31,0
12,79,79,32,0
12,79,79,33,0
12,79,79,34,0
12,79,79,35,0
12,79,79,36,0
12,79,79,37,0
12,79,79,38,0
12,79,79,39,0
12,79,79,40,0
12,79,79,41,0
12,79,79,42,0
12,79,79,43,0
12,79,79,44,0
12,79,79,45,0
12,79,79,46,0
12,79,79,47,0
12,79,79,0,3
12,80,80,1,184
12,80,80,2,11
12,80,80,3,0
12,80,80,4,0
12,80,80,5,0
12,80,80,6,0
12,80,80,7,0
12,80,80,8,1
12,80,80,9,2
12,80,80,10,29
12,80,80,11,0
12,80,80,12,0
12,80,80,13,0
12,80,80,14,0
12,80,80,15,1
12,80,80,16,345
12,80,80,17,0
12,80,80,18,0
12,80,80,19,1
12,80,80,20,0
12,80,80,21,0
12,80,80,22,0
12,80,80,23,0
12,80,80,24,0
12,80,80,25,0
12,80,80,26,0
12,80,80,27,0
12,80,80,28,0
12,80,80,29,0
12,80,80,30,0
12,80,80,31,2
12,80,80,32,1
12,80,80,33,0
12,80,80,34,1
12,80,80,35,0
12,80,80,36,0
12,80,80,37,0
12,80,80,38,0
12,80,80,39,1
12,80,80,40,0
12,80,80,41,1
12,80,80,42,0
12,80,80,43,0
12,80,80,44,0
12,80,80,45,0
12,80,80,46,0
12,80,80,47,0
12,80,80,0,0
12,81,81,1,212
12,81,81,2,7
12,81,81,3,1
12,81,81,4,0
12,81,81,5,0
12,81,81,6,0
12,81,81,7,0
12,81,81,8,0
12,81,81,9,1
12,81,81,10,50
12,81,81,11,0
12,81,81,12,0
12,81,81,13,1
12,81,81,14,2
12,81,81,15,1
12,81,81,16,332
12,81,81,17,1
12,81,81,18,0
12,81,81,19,0
12,81,81,20,0
12,81,81,21,0
12,81,81,22,0
12,81,81,23,0
12,81,81,24,0
12,81,81,25,0
12,81,81,26,0
12,81,81,27,0
12,81,81,28,0
12,81,81,29,0
12,81,81,30,0
12,81,81,31,0
12,81,81,32,0
12,81,81,33,0
12,81,81,34,0
12,81,81,35,0
12,81,81,36,0
12,81,81,37,0
12,81,81,38,1
12,81,81,39,0
12,81,81,40,0
12,81,81,41,0
12,81,81,42,0
12,81,81,43,0
12,81,81,44,0
12,81,81,45,0
12,81,81,46,0
12,81,81,47,0
12,81,81,0,3
12,82,82,1,222
12,82,82,2,11
12,82,82,3,0
12,82,82,4,0
12,82,82,5,0
12,82,82,6,0
12,82,82,7,0
12,82,82,8,0
12,82,82,9,0
12,82,82,10,40
12,82,82,11,0
12,82,82,12,0
12,82,82,13,2
12,82,82,14,0
12,82,82,15,0
12,82,82,16,408
12,82,82,17,1
12,82,82,18,0
12,82,82,19,0
12,82,82,20,1
12,82,82,21,0
12,82,82,22,0
12,82,82,23,0
12,82,82,24,0
12,82,82,25,0
12,82,82,26,1
12,82,82,27,1
12,82,82,28,0
12,82,82,29,0
12,82,82,30,0
12,82,82,31,3
12,82,82,32,0
12,82,82,33,1
12,82,82,34,0
12,82,82,35,1
12,82,82,36,1
12,82,82,37,0
12,82,82,38,2
12,82,82,39,0
12,82,82,40,0
12,82,82,41,4
12,82,82,42,0
12,82,82,43,0
12,82,82,44,0
12,82,82,45,0
12,82,82,46,0
12,82,82,47,0
12,82,82,0,3
12,83,83,1,151
12,83,83,2,26
12,83,83,3,0
12,83,83,4,0
12,83,83,5,1
12,83,83,6,0
12,83,83,7,0
12,83,83,8,0
12,83,83,9,0
12,83,83,10,45
12,83,83,11,0
12,83,83,12,0
12,83,83,13,3
12,83,83,14,0
12,83,83,15,1
12,83,83,16,384
12,83,83,17,2
12,83,83,18,0
12,83,83,19,0
12,83,83,20,0
12,83,83,21,0
12,83,83,22,0
12,83,83,23,1
12,83,83,24,0
12,83,83,25,0
12,83,83,26,0
12,83,83,27,0
12,83,83,28,0
12,83,83,29,0
12,83,83,30,0
12,83,83,31,1
12,83,83,32,0
12,83,83,33,0
12,83,83,34,0
12,83,83,35,0
12,83,83,36,0
12,83,83,37,0
12,83,83,38,0
12,83,83,39,0
12,83,83,40,1
12,83,83,41,2
12,83,83,42,2
12,83,83,43,0
12,83,83,44,0
12,83,83,45,0
12,83,83,46,1
12,83,83,47,0
12,83,83,0,1
12,84,84,1,106
12,84,84,2,9
12,84,84,3,1
12,84,84,4,0
12,84,84,5,0
12,84,84,6,0
12,84,84,7,0
12,84,84,8,1
12,84,84,9,0
12,84,84,10,26
12,84,84,11,0
12,84,84,12,0
12,84,84,13,1
12,84,84,14,0
12,84,84,15,0
12,84,84,16,304
12,84,84,17,0
12,84,84,18,0
12,84,84,19,0
12,84,84,20,0
12,84,84,21,0
12,84,84,22,1
12,84,84,23,0
12,84,84,24,0
12,84,84,25,0
12,84,84,26,0
12,84,84,27,0
12,84,84,28,0
12,84,84,29,0
12,84,84,30,0
12,84,84,31,0
12,84,84,32,0
12,84,84,33,0
12,84,84,34,1
12,84,84,35,0
12,84,84,36,0
12,84,84,37,0
12,84,84,38,0
12,84,84,39,0
12,84,84,40,0
12,84,84,41,1
12,84,84,42,0
12,84,84,43,0
12,84,84,44,0
12,84,84,45,0
12,84,84,46,0
12,84,84,47,0
12,84,84,0,2
12,85,85,1,207
12,85,85,2,29
12,85,85,3,0
12,85,85,4,0
12,85,85,5,0
12,85,85,6,0
12,85,85,7,1
12,85,85,8,0
12,85,85,9,1
12,85,85,10,33
12,85,85,11,0
12,85,85,12,0
12,85,85,13,2
12,85,85,14,1
12,85,85,15,0
12,85,85,16,476
12,85,85,17,3
12,85,85,18,0
12,85,85,19,0
12,85,85,20,1
12,85,85,21,0
12,85,85,22,0
12,85,85,23,0
12,85,85,24,0
12,85,85,25,0
12,85,85,26,1
12,85,85,27,0
12,85,85,28,0
12,85,85,29,2
12,85,85,30,0
12,85,85,31,0
12,85,85,32,0
12,85,85,33,0
12,85,85,34,0
12,85,85,35,0
12,85,85,36,0
12,85,85,37,0
12,85,85,38,0
12,85,85,39,0
12,85,85,40,1
12,85,85,41,3
12,85,85,42,0
12,85,85,43,0
12,85,85,44,0
12,85,85,45,1
12,85,85,46,2
12,85,85,47,0
12,85,85,0,7
12,86,86,1,237
12,86,86,2,20
12,86,86,3,1
12,86,86,4,1
12,86,86,5,0
12,86,86,6,0
12,86,86,7,0
12,86,86,8,0
12,86,86,9,0
12,86,86,10,8
12,86,86,11,0
12,86,86,12,0
12,86,86,13,0
12,86,86,14,1
12,86,86,15,0
12,86,86,16,456
12,86,86,17,1
12,86,86,18,0
12,86,86,19,0
12,86,86,20,0
12,86,86,21,0
12,86,86,22,0
12,86,86,23,0
12,86,86,24,0
12,86,86,25,0
12,86,86,26,0
12,86,86,27,0
12,86,86,28,0
12,86,86,29,0
12,86,86,30,0
12,86,86,31,0
12,86,86,32,0
12,86,86,33,2
12,86,86,34,0
12,86,86,35,0
12,86,86,36,0
12,86,86,37,0
12,86,86,38,2
12,86,86,39,0
12,86,86,40,0
12,86,86,41,0
12,86,86,42,0
12,86,86,43,0
12,86,86,44,0
12,86,86,45,0
12,86,86,46,0
12,86,86,47,0
12,86,86,0,4
12,87,87,1,319
12,87,87,2,12
12,87,87,3,0
12,87,87,4,0
12,87,87,5,0
12,87,87,6,2
12,87,87,7,0
12,87,87,8,0
12,87,87,9,0
12,87,87,10,32
12,87,87,11,0
12,87,87,12,0
12,87,87,13,1
12,87,87,14,0
12,87,87,15,0
12,87,87,16,459
12,87,87,17,3
12,87,87,18,1
12,87,87,19,0
12,87,87,20,0
12,87,87,21,0
12,87,87,22,0
12,87,87,23,0
12,87,87,24,0
12,87,87,25,0
12,87,87,26,0
12,87,87,27,0
12,87,87,28,0
12,87,87,29,0
12,87,87,30,0
12,87,87,31,0
12,87,87,32,0
12,87,87,33,0
12,87,87,34,0
12,87,87,35,0
12,87,87,36,1
12,87,87,37,0
12,87,87,38,0
12,87,87,39,0
12,87,87,40,0
12,87,87,41,0
12,87,87,42,0
12,87,87,43,0
12,87,87,44,0
12,87,87,45,0
12,87,87,46,1
12,87,87,47,0
12,87,87,0,0
12,88,88,1,211
12,88,88,2,16
12,88,88,3,1
12,88,88,4,0
12,88,88,5,0
12,88,88,6,0
12,88,88,7,0
12,88,88,8,0
12,88,88,9,0
12,88,88,10,32
12,88,88,11,2
12,88,88,12,0
12,88,88,13,1
12,88,88,14,0
12,88,88,15,1
12,88,88,16,400
12,88,88,17,0
12,88,88,18,0
12,88,88,19,0
12,88,88,20,0
12,88,88,21,0
12,88,88,22,0
12,88,88,23,0
12,88,88,24,0
12,88,88,25,0
12,88,88,26,0
12,88,88,27,0
12,88,88,28,0
12,88,88,29,0
12,88,88,30,0
12,88,88,31,0
12,88,88,32,0
12,88,88,33,1
12,88,88,34,0
12,88,88,35,0
12,88,88,36,0
12,88,88,37,0
12,88,88,38,0
12,88,88,39,0
12,88,88,40,0
12,88,88,41,1
12,88,88,42,0
12,88,88,43,0
12,88,88,44,0
12,88,88,45,0
12,88,88,46,0
12,88,88,47,0
12,88,88,0,4
12,89,89,1,231
12,89,89,2,11
12,89,89,3,0
12,89,89,4,0
12,89,89,5,0
12,89,89,6,0
12,89,89,7,0
12,89,89,8,0
12,89,89,9,0
12,89,89,10,10
12,89,89,11,0
12,89,89,12,0
12,89,89,13,0
12,89,89,14,0
12,89,89,15,0
12,89,89,16,335
12,89,89,17,0
12,89,89,18,0
12,89,89,19,0
12,89,89,20,0
12,89,89,21,1
12,89,89,22,0
12,89,89,23,0
12,89,89,24,0
12,89,89,25,0
12,89,89,26,0
12,89,89,27,0
12,89,89,28,0
12,89,89,29,0
12,89,89,30,0
12,89,89,31,0
12,89,89,32,0
12,89,89,33,0
12,89,89,34,0
12,89,89,35,0
12,89,89,36,0
12,89,89,37,0
12,89,89,38,1
12,89,89,39,0
12,89,89,40,0
12,89,89,41,1
12,89,89,42,0
12,89,89,43,0
12,89,89,44,0
12,89,89,45,0
12,89,89,46,0
12,89,89,47,0
12,89,89,0,1
12,90,90,1,143
12,90,90,2,21
12,90,90,3,0
12,90,90,4,0
12,90,90,5,0
12,90,90,6,0
12,90,90,7,0
12,90,90,8,0
12,90,90,9,1
12,90,90,10,26
12,90,90,11,0
12,90,90,12,0
12,90,90,13,0
12,90,90,14,3
12,90,90,15,1
12,90,90,16,259
12,90,90,17,0
12,90,90,18,0
12,90,90,19,0
12,90,90,20,0
12,90,90,21,0
12,90,90,22,0
12,90,90,23,0
12,90,90,24,0
12,90,90,25,0
12,90,90,26,0
12,90,90,27,1
12,90,90,28,0
12,90,90,29,0
12,90,90,30,0
12,90,90,31,1
12,90,90,32,0
12,90,90,33,0
12,90,90,34,1
12,90,90,35,0
12,90,90,36,0
12,90,90,37,0
12,90,90,38,0
12,90,90,39,1
12,90,90,40,0
12,90,90,41,0
12,90,90,42,0
12,90,90,43,0
12,90,90,44,0
12,90,90,45,0
12,90,90,46,0
12,90,90,47,0
12,90,90,0,3
12,91,91,1,138
12,91,91,2,16
12,91,91,3,1
12,91,91,4,0
12,91,91,5,0
12,91,91,6,0
12,91,91,7,0
12,91,91,8,0
12,91,91,9,0
12,91,91,10,21
12,91,91,11,0
12,91,91,12,0
12,91,91,13,2
12,91,91,14,0
12,91,91,15,1
12,91,91,16,414
12,91,91,17,2
12,91,91,18,0
12,91,91,19,0
12,91,91,20,0
12,91,91,21,0
12,91,91,22,0
12,91,91,23,0
12,91,91,24,0
12,91,91,25,0
12,91,91,26,0
12,91,91,27,0
12,91,91,28,0
12,91,91,29,0
12,91,91,30,0
12,91,91,31,0
12,91,91,32,1
12,91,91,33,1
12,91,91,34,0
12,91,91,35,0
12,91,91,36,0
12,91,91,37,0
12,91,91,38,1
12,91,91,39,0
12,91,91,40,0
12,91,91,41,0
12,91,91,42,3
12,91,91,43,0
12,91,91,44,0
12,91,91,45,0
12,91,91,46,0
12,91,91,47,0
12,91,91,0,1
12,92,92,1,238
12,92,92,2,7
12,92,92,3,1
12,92,92,4,3
12,92,92,5,0
12,92,92,6,0
12,92,92,7,0
12,92,92,8,0
12,92,92,9,0
12,92,92,10,19
12,92,92,11,2
12,92,92,12,1
12,92,92,13,0
12,92,92,14,0
12,92,92,15,0
12,92,92,16,522
12,92,92,17,0
12,92,92,18,0
12,92,92,19,1
12,92,92,20,0
12,92,92,21,0
12,92,92,22,1
12,92,92,23,1
12,92,92,24,0
12,92,92,25,0
12,92,92,26,1
12,92,92,27,0
12,92,92,28,0
12,92,92,29,0
12,92,92,30,0
12,92,92,31,0
12,92,92,32,0
12,92,92,33,0
12,92,92,34,0
12,92,92,35,0
12,92,92,36,0
12,92,92,37,0
12,92,92,38,2
12,92,92,39,0
12,92,92,40,0
12,92,92,41,0
12,92,92,42,0
12,92,92,43,0
12,92,92,44,0
12,92,92,45,0
12,92,92,46,0
12,92,92,47,4
12,92,92,0,0
12,93,93,1,262
12,93,93,2,24
12,93,93,3,0
12,93,93,4,0
12,93,93,5,0
12,93,93,6,0
12,93,93,7,0
12,93,93,8,0
12,93,93,9,0
12,93,93,10,43
12,93,93,11,0
12,93,93,12,0
12,93,93,13,0
12,93,93,14,2
12,93,93,15,0
12,93,93,16,425
12,93,93,17,0
12,93,93,18,0
12,93,93,19,0
12,93,93,20,0
12,93,93,21,0
12,93,93,22,0
12,93,93,23,1
12,93,93,24,1
12,93,93,25,0
12,93,93,26,0
12,93,93,27,0
12,93,93,28,0
12,93,93,29,0
12,93,93,30,0
12,93,93,31,1
12,93,93,32,0
12,93,93,33,0
12,93,93,34,0
12,93,93,35,0
12,93,93,36,0
12,93,93,37,1
12,93,93,38,1
12,93,93,39,0
12,93,93,40,0
12,93,93,41,0
12,93,93,42,0
12,93,93,43,0
12,93,93,44,0
12,93,93,45,0
12,93,93,46,0
12,93,93,47,0
12,93,93,0,2
12,94,94,1,168
12,94,94,2,26
12,94,94,3,0
12,94,94,4,0
12,94,94,5,0
12,94,94,6,0
12,94,94,7,0
12,94,94,8,0
12,94,94,9,2
12,94,94,10,11
12,94,94,11,0
12,94,94,12,1
12,94,94,13,0
12,94,94,14,1
12,94,94,15,0
12,94,94,16,353
12,94,94,17,1
12,94,94,18,0
12,94,94,19,0
12,94,94,20,0
12,94,94,21,0
12,94,94,22,0
12,94,94,23,0
12,94,94,24,0
12,94,94,25,0
12,94,94,26,0
12,94,94,27,0
12,94,94,28,0
12,94,94,29,0
12,94,94,30,0
12,94,94,31,1
12,94,94,32,0
12,94,94,33,1
12,94,94,34,0
12,94,94,35,0
12,94,94,36,1
12,94,94,37,0
12,94,94,38,1
12,94,94,39,0
12,94,94,40,0
12,94,94,41,1
12,94,94,42,0
12,94,94,43,0
12,94,94,44,0
12,94,94,45,0
12,94,94,46,0
12,94,94,47,2
12,94,94,0,0
12,95,95,1,254
12,95,95,2,33
12,95,95,3,1
12,95,95,4,0
12,95,95,5,0
12,95,95,6,0
12,95,95,7,0
12,95,95,8,0
12,95,95,9,1
12,95,95,10,34
12,95,95,11,0
12,95,95,12,0
12,95,95,13,2
12,95,95,14,2
12,95,95,15,0
12,95,95,16,526
12,95,95,17,0
12,95,95,18,0
12,95,95,19,1
12,95,95,20,0
12,95,95,21,0
12,95,95,22,0
12,95,95,23,0
12,95,95,24,0
12,95,95,25,0
12,95,95,26,0
12,95,95,27,0
12,95,95,28,0
12,95,95,29,0
12,95,95,30,0
12,95,95,31,1
12,95,95,32,0
12,95,95,33,0
12,95,95,34,2
12,95,95,35,0
12,95,95,36,0
12,95,95,37,0
12,95,95,38,0
12,95,95,39,0
12,95,95,40,0
12,95,95,41,0
12,95,95,42,0
12,95,95,43,0
12,95,95,44,0
12,95,95,45,0
12,95,95,46,0
12,95,95,47,0
12,95,95,0,1
12,96,96,1,199
12,96,96,2,19
12,96,96,3,0
12,96,96,4,0
12,96,96,5,0
12,96,96,6,1
12,96,96,7,0
12,96,96,8,0
12,96,96,9,0
12,96,96,10,27
12,96,96,11,0
12,96,96,12,0
12,96,96,13,1
12,96,96,14,1
12,96,96,15,0
12,96,96,16,372
12,96,96,17,0
12,96,96,18,0
12,96,96,19,0
12,96,96,20,0
12,96,96,21,0
12,96,96,22,0
12,96,96,23,0
12,96,96,24,0
12,96,96,25,0
12,96,96,26,0
12,96,96,27,0
12,96,96,28,1
12,96,96,29,0
12,96,96,30,0
12,96,96,31,0
12,96,96,32,0
12,96,96,33,0
12,96,96,34,0
12,96,96,35,0
12,96,96,36,0
12,96,96,37,0
12,96,96,38,0
12,96,96,39,0
12,96,96,40,0
12,96,96,41,0
12,96,96,42,0
12,96,96,43,0
12,96,96,44,0
12,96,96,45,0
12,96,96,46,0
12,96,96,47,0
12,96,96,0,4
12,97,97,1,180
12,97,97,2,18
12,97,97,3,1
12,97,97,4,0
12,97,97,5,0
12,97,97,6,0
12,97,97,7,0
12,97,97,8,0
12,97,97,9,0
12,97,97,10,33
12,97,97,11,2
12,97,97,12,0
12,97,97,13,0
12,97,97,14,0
12,97,97,15,0
12,97,97,16,401
12,97,97,17,0
12,97,97,18,0
12,97,97,19,1
12,97,97,20,0
12,97,97,21,0
12,97,97,22,0
12,97,97,23,0
12,97,97,24,0
12,97,97,25,0
12,97,97,26,0
12,97,97,27,0
12,97,97,28,0
12,97,97,29,0
12,97,97,30,0
12,97,97,31,0
12,97,97,32,1
12,97,97,33,0
12,97,97,34,0
12,97,97,35,0
12,97,97,36,0
12,97,97,37,0
12,97,97,38,0
12,97,97,39,0
12,97,97,40,0
12,97,97,41,2
12,97,97,42,0
12,97,97,43,0
12,97,97,44,0
12,97,97,45,0
12,97,97,46,1
12,97,97,47,0
12,97,97,0,5
12,98,98,1,192
12,98,98,2,32
12,98,98,3,0
12,98,98,4,0
12,98,98,5,0
12,98,98,6,0
12,98,98,7,0
12,98,98,8,0
12,98,98,9,0
12,98,98,10,50
12,98,98,11,0
12,98,98,12,0
12,98,98,13,0
12,98,98,14,0
12,98,98,15,0
12,98,98,16,459
12,98,98,17,1
12,98,98,18,0
12,98,98,19,0
12,98,98,20,0
12,98,98,21,0
12,98,98,22,1
12,98,98,23,0
12,98,98,24,0
12,98,98,25,0
12,98,98,26,0
12,98,98,27,0
12,98,98,28,0
12,98,98,29,1
12,98,98,30,0
12,98,98,31,0
12,98,98,32,0
12,98,98,33,0
12,98,98,34,0
12,98,98,35,0
12,98,98,36,0
12,98,98,37,0
12,98,98,38,1
12,98,98,39,0
12,98,98,40,0
12,98,98,41,1
12,98,98,42,0
12,98,98,43,0
12,98,98,44,0
12,98,98,45,0
12,98,98,46,2
12,98,98,47,0
12,98,98,0,1
12,99,99,1,192
12,99,99,2,10
12,99,99,3,0
12,99,99,4,1
12,99,99,5,0
12,99,99,6,0
12,99,99,7,0
12,99,99,8,0
12,99,99,9,0
12,99,99,10,15
12,99,99,11,0
12,99,99,12,0
12,99,99,13,3
12,99,99,14,1
12,99,99,15,0
12,99,99,16,248
12,99,99,17,2
12,99,99,18,0
12,99,99,19,0
12,99,99,20,0
12,99,99,21,0
12,99,99,22,0
12,99,99,23,0
12,99,99,24,0
12,99,99,25,0
12,99,99,26,0
12,99,99,27,0
12,99,99,28,0
12,99,99,29,0
12,99,99,30,0
12,99,99,31,0
12,99,99,32,0
12,99,99,33,0
12,99,99,34,1
12,99,99,35,0
12,99,99,36,0
12,99,99,37,0
12,99,99,38,0
12,99,99,39,0
12,99,99,40,0
12,99,99,41,0
12,99,99,42,1
12,99,99,43,0
12,99,99,44,0
12,99,99,45,0
12,99,99,46,0
12,99,99,47,0
12,99,99,0,1
12,100,100,1,221
12,100,100,2,15
12,100,100,3,0
12,100,100,4,2
12,100,100,5,0
12,100,100,6,0
12,100,100,7,0
12,100,100,8,0
12,100,100,9,0
12,100,100,10,46
12,100,100,11,0
12,100,100,12,0
12,100,100,13,2
12,100,100,14,1
12,100,100,15,1
12,100,100,16,416
12,100,100,17,2
12,100,100,18,1
12,100,100,19,0
12,100,100,20,0
12,100,100,21,1
12,100,100,22,0
12,100,100,23,0
12,100,100,24,0
12,100,100,25,0
12,100,100,26,0
12,100,100,27,0
12,100,100,28,0
12,100,100,29,0
12,100,100,30,0
12,100,100,31,1
12,100,100,32,0
12,100,100,33,0
12,100,100,34,0
12,100,100,35,0
12,100,100,36,0
12,100,100,37,0
12,100,100,38,0
12,100,100,39,0
12,100,100,40,0
12,100,100,41,0
12,100,100,42,0
12,100,100,43,0
12,100,100,44,0
12,100,100,45,0
12,100,100,46,0
12,100,100,47,0
12,100,100,0,3
12,101,101,1,229
12,101,101,2,17
12,101,101,3,0
12,101,101,4,0
12,101,101,5,0
12,101,101,6,0
12,101,101,7,0
12,101,101,8,1
12,101,101,9,0
12,101,101,10,31
12,101,101,11,0
12,101,101,12,0
12,101,101,13,0
12,101,101,14,1
12,101,101,15,0
12,101,101,16,404
12,101,101,17,3
12,101,101,18,0
12,101,101,19,1
12,101,101,20,0
12,101,101,21,0
12,101,101,22,0
12,101,101,23,0
12,101,101,24,0
12,101,101,25,0
12,101,101,26,0
12,101,101,27,0
12,101,101,28,0
12,101,101,29,0
12,101,101,30,0
12,101,101,31,0
12,101,101,32,0
12,101,101,33,0
12,101,101,34,0
12,101,101,35,0
12,101,101,36,0
12,101,101,37,0
12,101,101,38,0
12,101,101,39,0
12,101,101,40,0
12,101,101,41,1
12,101,101,42,0
12,101,101,43,0
12,101,101,44,4
12,101,101,45,0
12,101,101,46,0
12,101,101,47,0
12,101,101,0,2
12,102,102,1,298
12,102,102,2,23
12,102,102,3,0
12,102,102,4,0
12,102,102,5,0
12,102,102,6,0
12,102,102,7,0
12,102,102,8,0
12,102,102,9,0
12,102,102,10,38
12,102,102,11,0
12,102,102,12,0
12,102,102,13,0
12,102,102,14,1
12,102,102,15,0
12,102,102,16,519
12,102,102,17,0
12,102,102,18,0
12,102,102,19,1
12,102,102,20,0
12,102,102,21,0
12,102,102,22,0
12,102,102,23,0
12,102,102,24,0
12,102,102,25,0
12,102,102,26,0
12,102,102,27,1
12,102,102,28,0
12,102,102,29,0
12,102,102,30,1
12,102,102,31,0
12,102,102,32,0
12,102,102,33,0
12,102,102,34,0
12,102,102,35,0
12,102,102,36,0
12,102,102,37,0
12,102,102,38,1
12,102,102,39,0
12,102,102,40,1
12,102,102,41,2
12,102,102,42,0
12,102,102,43,0
12,102,102,44,0
12,102,102,45,1
12,102,102,46,0
12,102,102,47,0
12,102,102,0,2
12,103,103,1,221
12,103,103,2,22
12,103,103,3,1
12,103,103,4,0
12,103,103,5,0
12,103,103,6,0
12,103,103,7,1
12,103,103,8,1
12,103,103,9,0
12,103,103,10,48
12,103,103,11,0
12,103,103,12,0
12,103,103,13,2
12,103,103,14,2
12,103,103,15,0
12,103,103,16,504
12,103,103,17,1
12,103,103,18,0
12,103,103,19,0
12,103,103,20,0
12,103,103,21,0
12,103,103,22,0
12,103,103,23,0
12,103,103,24,0
12,103,103,25,0
12,103,103,26,0
12,103,103,27,0
12,103,103,28,0
12,103,103,29,1
12,103,103,30,2
12,103,103,31,0
12,103,103,32,1
12,103,103,33,1
12,103,103,34,0
12,103,103,35,0
12,103,103,36,0
12,103,103,37,0
12,103,103,38,2
12,103,103,39,0
12,103,103,40,0
12,103,103,41,0
12,103,103,42,0
12,103,103,43,0
12,103,103,44,0
12,103,103,45,0
12,103,103,46,0
12,103,103,47,0
12,103,103,0,3
12,104,104,1,215
12,104,104,2,7
12,104,104,3,0
12,104,104,4,0
12,104,104,5,0
12,104,104,6,1
12,104,104,7,0
12,104,104,8,0
12,104,104,9,0
12,104,104,10,34
12,104,104,11,0
12,104,104,12,0
12,104,104,13,1
12,104,104,14,0
12,104,104,15,0
12,104,104,16,450
12,104,104,17,3
12,104,104,18,0
12,104,104,19,0
12,104,104,20,0
12,104,104,21,0
12,104,104,22,1
12,104,104,23,0
12,104,104,24,0
12,104,104,25,0
12,104,104,26,0
12,104,104,27,0
12,104,104,28,0
12,104,104,29,0
12,104,104,30,0
12,104,104,31,2
12,104,104,32,0
12,104,104,33,0
12,104,104,34,1
12,104,104,35,0
12,104,104,36,0
12,104,104,37,0
12,104,104,38,0
12,104,104,39,0
12,104,104,40,0
12,104,104,41,1
12,104,104,42,1
12,104,104,43,0
12,104,104,44,1
12,104,104,45,0
12,104,104,46,0
12,104,104,47,0
12,104,104,0,5
12,105,105,1,217
12,105,105,2,12
12,105,105,3,0
12,105,105,4,0
12,105,105,5,2
12,105,105,6,0
12,105,105,7,1
12,105,105,8,0
12,105,105,9,0
12,105,105,10,33
12,105,105,11,0
12,105,105,12,0
12,105,105,13,0
12,105,105,14,1
12,105,105,15,0
12,105,105,16,335
12,105,105,17,0
12,105,105,18,0
12,105,105,19,0
12,105,105,20,0
12,105,105,21,0
12,105,105,22,0
12,105,105,23,0
12,105,105,24,0
12,105,105,25,0
12,105,105,26,0
12,105,105,27,0
12,105,105,28,0
12,105,105,29,0
12,105,105,30,0
12,105,105,31,0
12,105,105,32,0
12,105,105,33,0
12,105,105,34,0
12,105,105,35,0
12,105,105,36,0
12,105,105,37,0
12,105,105,38,0
12,105,105,39,0
12,105,105,40,0
12,105,105,41,1
12,105,105,42,1
12,105,105,43,0
12,105,105,44,0
12,105,105,45,0
12,105,105,46,0
12,105,105,47,0
12,105,105,0,0
12,106,106,1,268
12,106,106,2,17
12,106,106,3,0
12,106,106,4,0
12,106,106,5,1
12,106,106,6,0
12,106,106,7,0
12,106,106,8,0
12,106,106,9,1
12,106,106,10,38
12,106,106,11,0
12,106,106,12,1
12,106,106,13,2
12,106,106,14,0
12,106,106,15,2
12,106,106,16,428
12,106,106,17,0
12,106,106,18,0
12,106,106,19,1
12,106,106,20,0
12,106,106,21,0
12,106,106,22,0
12,106,106,23,0
12,106,106,24,0
12,106,106,25,0
12,106,106,26,0
12,106,106,27,0
12,106,106,28,1
12,106,106,29,0
12,106,106,30,1
12,106,106,31,0
12,106,106,32,0
12,106,106,33,1
12,106,106,34,1
12,106,106,35,0
12,106,106,36,0
12,106,106,37,0
12,106,106,38,0
12,106,106,39,0
12,106,106,40,0
12,106,106,41,0
12,106,106,42,1
12,106,106,43,0
12,106,106,44,0
12,106,106,45,0
12,106,106,46,0
12,106,106,47,0
12,106,106,0,3
12,107,107,1,194
12,107,107,2,15
12,107,107,3,1
12,107,107,4,0
12,107,107,5,0
12,107,107,6,0
12,107,107,7,0
12,107,107,8,0
12,107,107,9,0
12,107,107,10,15
12,107,107,11,1
12,107,107,12,0
12,107,107,13,1
12,107,107,14,0
12,107,107,15,3
12,107,107,16,375
12,107,107,17,1
12,107,107,18,0
12,107,107,19,1
12,107,107,20,0
12,107,107,21,0
12,107,107,22,0
12,107,107,23,0
12,107,107,24,0
12,107,107,25,0
12,107,107,26,0
12,107,107,27,0
12,107,107,28,0
12,107,107,29,0
12,107,107,30,0
12,107,107,31,0
12,107,107,32,0
12,107,107,33,0
12,107,107,34,2
12,107,107,35,0
12,107,107,36,0
12,107,107,37,0
12,107,107,38,0
12,107,107,39,0
12,107,107,40,1
12,107,107,41,0
12,107,107,42,0
12,107,107,43,0
12,107,107,44,0
12,107,107,45,0
12,107,107,46,0
12,107,107,47,0
12,107,107,0,3
12,108,108,1,0
12,108,108,2,0
12,108,108,3,0
12,108,108,4,0
12,108,108,5,0
12,108,108,6,0
12,108,108,7,0
12,108,108,8,0
12,108,108,9,0
12,108,108,10,17
12,108,108,11,0
12,108,108,12,0
12,108,108,13,3
12,108,108,14,2
12,108,108,15,0
12,108,108,16,397
12,108,108,17,1
12,108,108,18,0
12,108,108,19,0
12,108,108,20,0
12,108,108,21,0
12,108,108,22,0
12,108,108,23,0
12,108,108,24,0
12,108,108,25,0
12,108,108,26,0
12,108,108,27,0
12,108,108,28,0
12,108,108,29,1
12,108,108,30,0
12,108,108,31,0
12,108,108,32,0
12,108,108,33,0
12,108,108,34,0
12,108,108,35,0
12,108,108,36,0
12,108,108,37,0
12,108,108,38,0
12,108,108,39,0
12,108,108,40,0
12,108,108,41,0
12,108,108,42,0
12,108,108,43,0
12,108,108,44,0
12,108,108,45,0
12,108,108,46,0
12,108,108,47,0
12,108,108,0,3
12,109,109,1,0
12,109,109,2,0
12,109,109,3,0
12,109,109,4,0
12,109,109,5,1
12,109,109,6,0
12,109,109,7,0
12,109,109,8,0
12,109,109,9,1
12,109,109,10,22
12,109,109,11,0
12,109,109,12,0
12,109,109,13,1
12,109,109,14,1
12,109,109,15,0
12,109,109,16,413
12,109,109,17,0
12,109,109,18,0
12,109,109,19,0
12,109,109,20,0
12,109,109,21,0
12,109,109,22,0
12,109,109,23,0
12,109,109,24,0
12,109,109,25,0
12,109,109,26,0
12,109,109,27,0
12,109,109,28,0
12,109,109,29,0
12,109,109,30,0
12,109,109,31,0
12,109,109,32,0
12,109,109,33,0
12,109,109,34,3
12,109,109,35,1
12,109,109,36,0
12,109,109,37,0
12,109,109,38,0
12,109,109,39,0
12,109,109,40,0
12,109,109,41,1
12,109,109,42,0
12,109,109,43,0
12,109,109,44,0
12,109,109,45,0
12,109,109,46,0
12,109,109,47,0
12,109,109,0,2
12,110,110,1,0
12,110,110,2,0
12,110,110,3,0
12,110,110,4,0
12,110,110,5,0
12,110,110,6,0
12,110,110,7,0
12,110,110,8,0
12,110,110,9,0
12,110,110,10,0
12,110,110,11,0
12,110,110,12,0
12,110,110,13,0
12,110,110,14,0
12,110,110,15,0
12,110,110,16,0
12,110,110,17,0
12,110,110,18,0
12,110,110,19,0
12,110,110,20,0
12,110,110,21,0
12,110,110,22,0
12,110,110,23,0
12,110,110,24,0
12,110,110,25,0
12,110,110,26,0
12,110,110,27,0
12,110,110,28,0
12,110,110,29,0
12,110,110,30,0
12,110,110,31,0
12,110,110,32,0
12,110,110,33,0
12,110,110,34,0
12,110,110,35,0
12,110,110,36,0
12,110,110,37,0
12,110,110,38,0
12,110,110,39,0
12,110,110,40,0
12,110,110,41,0
12,110,110,42,0
12,110,110,43,0
12,110,110,44,0
12,110,110,45,0
12,110,110,46,0
12,110,110,47,0
12,110,110,0,0
12,110,110,1,197
12,110,110,2,11
12,110,110,3,0
12,110,110,4,0
12,110,110,5,0
12,110,110,6,0
12,110,110,7,0
12,110,110,8,0
12,110,110,9,0
12,110,110,10,42
12,110,110,11,1
12,110,110,12,0
12,110,110,13,3
12,110,110,14,1
12,110,110,15,1
12,110,110,16,439
12,110,110,17,1
12,110,110,18,0
12,110,110,19,0
12,110,110,20,0
12,110,110,21,0
12,110,110,22,0
12,110,110,23,0
12,110,110,24,0
12,110,110,25,0
12,110,110,26,0
12,110,110,27,0
12,110,110,28,0
12,110,110,29,0
12,110,110,30,0
12,110,110,31,0
12,110,110,32,0
12,110,110,33,0
12,110,110,34,0
12,110,110,35,0
12,110,110,36,0
12,110,110,37,0
12,110,110,38,0
12,110,110,39,0
12,110,110,40,0
12,110,110,41,0
12,110,110,42,0
12,110,110,43,0
12,110,110,44,0
12,110,110,45,0
12,110,110,46,0
12,110,110,47,0
12,110,110,0,1
12,111,111,1,0
12,111,111,2,0
12,111,111,3,0
12,111,111,4,0
12,111,111,5,0
12,111,111,6,0
12,111,111,7,0
12,111,111,8,0
12,111,111,9,0
12,111,111,10,0
12,111,111,11,0
12,111,111,12,0
12,111,111,13,0
12,111,111,14,0
12,111,111,15,0
12,111,111,16,0
12,111,111,17,0
12,111,111,18,0
12,111,111,19,0
12,111,111,20,0
12,111,111,21,0
12,111,111,22,0
12,111,111,23,0
12,111,111,24,0
12,111,111,25,0
12,111,111,26,0
12,111,111,27,0
12,111,111,28,0
12,111,111,29,0
12,111,111,30,0
12,111,111,31,0
12,111,111,32,0
12,111,111,33,0
12,111,111,34,0
12,111,111,35,0
12,111,111,36,0
12,111,111,37,0
12,111,111,38,0
12,111,111,39,0
12,111,111,40,0
12,111,111,41,0
12,111,111,42,0
12,111,111,43,0
12,111,111,44,0
12,111,111,45,0
12,111,111,46,0
12,111,111,47,0
12,111,111,0,0
12,111,111,1,134
12,111,111,2,17
12,111,111,3,0
12,111,111,4,1
12,111,111,5,0
12,111,111,6,0
12,111,111,7,0
12,111,111,8,0
12,111,111,9,0
12,111,111,10,18
12,111,111,11,0
12,111,111,12,0
12,111,111,13,0
12,111,111,14,0
12,111,111,15,0
12,111,111,16,266
12,111,111,17,1
12,111,111,18,0
12,111,111,19,0
12,111,111,20,0
12,111,111,21,0
12,111,111,22,0
12,111,111,23,0
12,111,111,24,0
12,111,111,25,0
12,111,111,26,0
12,111,111,27,0
12,111,111,28,0
12,111,111,29,0
12,111,111,30,0
12,111,111,31,0
12,111,111,32,0
12,111,111,33,0
12,111,111,34,0
12,111,111,35,0
12,111,111,36,0
12,111,111,37,0
12,111,111,38,0
12,111,111,39,0
12,111,111,40,0
12,111,111,41,0
12,111,111,42,0
12,111,111,43,0
12,111,111,44,0
12,111,111,45,0
12,111,111,46,0
12,111,111,47,0
12,111,111,0,1
12,112,112,1,146
12,112,112,2,18
12,112,112,3,1
12,112,112,4,0
12,112,112,5,0
12,112,112,6,0
12,112,112,7,0
12,112,112,8,0
12,112,112,9,0
12,112,112,10,29
12,112,112,11,1
12,112,112,12,0
12,112,112,13,2
12,112,112,14,0
12,112,112,15,1
12,112,112,16,384
12,112,112,17,0
12,112,112,18,0
12,112,112,19,0
12,112,112,20,0
12,112,112,21,0
12,112,112,22,0
12,112,112,23,0
12,112,112,24,0
12,112,112,25,0
12,112,112,26,0
12,112,112,27,0
12,112,112,28,0
12,112,112,29,1
12,112,112,30,0
12,112,112,31,0
12,112,112,32,0
12,112,112,33,0
12,112,112,34,0
12,112,112,35,0
12,112,112,36,0
12,112,112,37,0
12,112,112,38,0
12,112,112,39,1
12,112,112,40,0
12,112,112,41,0
12,112,112,42,1
12,112,112,43,0
12,112,112,44,0
12,112,112,45,0
12,112,112,46,0
12,112,112,47,0
12,112,112,0,1
12,113,113,1,152
12,113,113,2,25
12,113,113,3,0
12,113,113,4,1
12,113,113,5,0
12,113,113,6,0
12,113,113,7,0
12,113,113,8,0
12,113,113,9,0
12,113,113,10,27
12,113,113,11,1
12,113,113,12,0
12,113,113,13,0
12,113,113,14,0
12,113,113,15,0
12,113,113,16,347
12,113,113,17,0
12,113,113,18,0
12,113,113,19,0
12,113,113,20,0
12,113,113,21,0
12,113,113,22,1
12,113,113,23,0
12,113,113,24,0
12,113,113,25,0
12,113,113,26,0
12,113,113,27,0
12,113,113,28,0
12,113,113,29,0
12,113,113,30,0
12,113,113,31,0
12,113,113,32,0
12,113,113,33,0
12,113,113,34,1
12,113,113,35,0
12,113,113,36,0
12,113,113,37,0
12,113,113,38,1
12,113,113,39,0
12,113,113,40,0
12,113,113,41,1
12,113,113,42,1
12,113,113,43,0
12,113,113,44,0
12,113,113,45,1
12,113,113,46,1
12,113,113,47,0
12,113,113,0,2
12,114,114,1,222
12,114,114,2,16
12,114,114,3,1
12,114,114,4,0
12,114,114,5,1
12,114,114,6,0
12,114,114,7,1
12,114,114,8,0
12,114,114,9,1
12,114,114,10,28
12,114,114,11,1
12,114,114,12,0
12,114,114,13,0
12,114,114,14,0
12,114,114,15,0
12,114,114,16,383
12,114,114,17,0
12,114,114,18,0
12,114,114,19,0
12,114,114,20,0
12,114,114,21,0
12,114,114,22,0
12,114,114,23,0
12,114,114,24,0
12,114,114,25,0
12,114,114,26,0
12,114,114,27,0
12,114,114,28,0
12,114,114,29,0
12,114,114,30,1
12,114,114,31,0
12,114,114,32,0
12,114,114,33,0
12,114,114,34,0
12,114,114,35,0
12,114,114,36,0
12,114,114,37,0
12,114,114,38,0
12,114,114,39,0
12,114,114,40,0
12,114,114,41,0
12,114,114,42,1
12,114,114,43,0
12,114,114,44,0
12,114,114,45,0
12,114,114,46,0
12,114,114,47,0
12,114,114,0,3
12,115,115,1,288
12,115,115,2,7
12,115,115,3,0
12,115,115,4,0
12,115,115,5,0
12,115,115,6,0
12,115,115,7,0
12,115,115,8,0
12,115,115,9,0
12,115,115,10,15
12,115,115,11,0
12,115,115,12,0
12,115,115,13,2
12,115,115,14,1
12,115,115,15,0
12,115,115,16,239
12,115,115,17,0
12,115,115,18,0
12,115,115,19,0
12,115,115,20,0
12,115,115,21,0
12,115,115,22,1
12,115,115,23,0
12,115,115,24,0
12,115,115,25,0
12,115,115,26,0
12,115,115,27,0
12,115,115,28,0
12,115,115,29,0
12,115,115,30,0
12,115,115,31,0
12,115,115,32,0
12,115,115,33,0
12,115,115,34,0
12,115,115,35,0
12,115,115,36,0
12,115,115,37,0
12,115,115,38,0
12,115,115,39,0
12,115,115,40,0
12,115,115,41,0
12,115,115,42,0
12,115,115,43,0
12,115,115,44,0
12,115,115,45,0
12,115,115,46,0
12,115,115,47,0
12,115,115,0,2
12,116,116,1,231
12,116,116,2,18
12,116,116,3,0
12,116,116,4,0
12,116,116,5,1
12,116,116,6,0
12,116,116,7,0
12,116,116,8,0
12,116,116,9,0
12,116,116,10,27
12,116,116,11,0
12,116,116,12,0
12,116,116,13,1
12,116,116,14,2
12,116,116,15,0
12,116,116,16,404
12,116,116,17,0
12,116,116,18,0
12,116,116,19,0
12,116,116,20,0
12,116,116,21,0
12,116,116,22,0
12,116,116,23,0
12,116,116,24,0
12,116,116,25,0
12,116,116,26,0
12,116,116,27,0
12,116,116,28,0
12,116,116,29,0
12,116,116,30,1
12,116,116,31,1
12,116,116,32,0
12,116,116,33,0
12,116,116,34,0
12,116,116,35,0
12,116,116,36,0
12,116,116,37,0
12,116,116,38,4
12,116,116,39,0
12,116,116,40,0
12,116,116,41,0
12,116,116,42,1
12,116,116,43,0
12,116,116,44,0
12,116,116,45,0
12,116,116,46,0
12,116,116,47,0
12,116,116,0,2
12,117,117,1,177
12,117,117,2,18
12,117,117,3,0
12,117,117,4,1
12,117,117,5,0
12,117,117,6,0
12,117,117,7,0
12,117,117,8,0
12,117,117,9,0
12,117,117,10,6
12,117,117,11,0
12,117,117,12,0
12,117,117,13,0
12,117,117,14,0
12,117,117,15,0
12,117,117,16,321
12,117,117,17,2
12,117,117,18,0
12,117,117,19,0
12,117,117,20,0
12,117,117,21,0
12,117,117,22,0
12,117,117,23,0
12,117,117,24,0
12,117,117,25,0
12,117,117,26,0
12,117,117,27,0
12,117,117,28,0
12,117,117,29,0
12,117,117,30,0
12,117,117,31,0
12,117,117,32,0
12,117,117,33,2
12,117,117,34,1
12,117,117,35,0
12,117,117,36,0
12,117,117,37,0
12,117,117,38,2
12,117,117,39,0
12,117,117,40,0
12,117,117,41,0
12,117,117,42,0
12,117,117,43,0
12,117,117,44,0
12,117,117,45,0
12,117,117,46,0
12,117,117,47,0
12,117,117,0,0
12,118,118,1,220
12,118,118,2,12
12,118,118,3,1
12,118,118,4,0
12,118,118,5,1
12,118,118,6,0
12,118,118,7,0
12,118,118,8,0
12,118,118,9,0
12,118,118,10,12
12,118,118,11,0
12,118,118,12,0
12,118,118,13,1
12,118,118,14,2
12,118,118,15,0
12,118,118,16,349
12,118,118,17,0
12,118,118,18,0
12,118,118,19,0
12,118,118,20,0
12,118,118,21,0
12,118,118,22,1
12,118,118,23,0
12,118,118,24,0
12,118,118,25,0
12,118,118,26,0
12,118,118,27,0
12,118,118,28,0
12,118,118,29,0
12,118,118,30,0
12,118,118,31,0
12,118,118,32,0
12,118,118,33,0
12,118,118,34,0
12,118,118,35,0
12,118,118,36,0
12,118,118,37,0
12,118,118,38,0
12,118,118,39,0
12,118,118,40,0
12,118,118,41,2
12,118,118,42,0
12,118,118,43,0
12,118,118,44,0
12,118,118,45,0
12,118,118,46,0
12,118,118,47,0
12,118,118,0,1
12,119,119,1,291
12,119,119,2,22
12,119,119,3,1
12,119,119,4,0
12,119,119,5,0
12,119,119,6,0
12,119,119,7,0
12,119,119,8,1
12,119,119,9,0
12,119,119,10,25
12,119,119,11,0
12,119,119,12,0
12,119,119,13,0
12,119,119,14,0
12,119,119,15,0
12,119,119,16,395
12,119,119,17,1
12,119,119,18,0
12,119,119,19,0
12,119,119,20,0
12,119,119,21,0
12,119,119,22,0
12,119,119,23,0
12,119,119,24,0
12,119,119,25,0
12,119,119,26,0
12,119,119,27,0
12,119,119,28,0
12,119,119,29,0
12,119,119,30,0
12,119,119,31,1
12,119,119,32,0
12,119,119,33,0
12,119,119,34,0
12,119,119,35,0
12,119,119,36,0
12,119,119,37,0
12,119,119,38,0
12,119,119,39,0
12,119,119,40,0
12,119,119,41,0
12,119,119,42,0
12,119,119,43,0
12,119,119,44,0
12,119,119,45,0
12,119,119,46,0
12,119,119,47,0
12,119,119,0,1
12,120,120,1,158
12,120,120,2,17
12,120,120,3,1
12,120,120,4,0
12,120,120,5,0
12,120,120,6,1
12,120,120,7,2
12,120,120,8,0
12,120,120,9,0
12,120,120,10,34
12,120,120,11,0
12,120,120,12,0
12,120,120,13,2
12,120,120,14,0
12,120,120,15,0
12,120,120,16,331
12,120,120,17,0
12,120,120,18,0
12,120,120,19,2
12,120,120,20,0
12,120,120,21,0
12,120,120,22,0
12,120,120,23,0
12,120,120,24,1
12,120,120,25,0
12,120,120,26,1
12,120,120,27,0
12,120,120,28,0
12,120,120,29,0
12,120,120,30,0
12,120,120,31,0
12,120,120,32,0
12,120,120,33,1
12,120,120,34,0
12,120,120,35,2
12,120,120,36,0
12,120,120,37,0
12,120,120,38,0
12,120,120,39,0
12,120,120,40,0
12,120,120,41,0
12,120,120,42,1
12,120,120,43,1
12,120,120,44,0
12,120,120,45,3
12,120,120,46,1
12,120,120,47,0
12,120,120,0,1
12,121,121,1,112
12,121,121,2,23
12,121,121,3,1
12,121,121,4,0
12,121,121,5,0
12,121,121,6,0
12,121,121,7,0
12,121,121,8,1
12,121,121,9,1
12,121,121,10,16
12,121,121,11,0
12,121,121,12,0
12,121,121,13,1
12,121,121,14,1
12,121,121,15,0
12,121,121,16,289
12,121,121,17,0
12,121,121,18,0
12,121,121,19,0
12,121,121,20,0
12,121,121,21,0
12,121,121,22,0
12,121,121,23,0
12,121,121,24,0
12,121,121,25,0
12,121,121,26,1
12,121,121,27,0
12,121,121,28,0
12,121,121,29,0
12,121,121,30,0
12,121,121,31,0
12,121,121,32,0
12,121,121,33,0
12,121,121,34,0
12,121,121,35,0
12,121,121,36,1
12,121,121,37,0
12,121,121,38,0
12,121,121,39,1
12,121,121,40,0
12,121,121,41,0
12,121,121,42,0
12,121,121,43,0
12,121,121,44,0
12,121,121,45,0
12,121,121,46,0
12,121,121,47,0
12,121,121,0,1
12,122,122,1,186
12,122,122,2,16
12,122,122,3,0
12,122,122,4,0
12,122,122,5,0
12,122,122,6,0
12,122,122,7,0
12,122,122,8,0
12,122,122,9,0
12,122,122,10,22
12,122,122,11,0
12,122,122,12,0
12,122,122,13,2
12,122,122,14,2
12,122,122,15,0
12,122,122,16,336
12,122,122,17,1
12,122,122,18,0
12,122,122,19,1
12,122,122,20,0
12,122,122,21,0
12,122,122,22,0
12,122,122,23,0
12,122,122,24,0
12,122,122,25,0
12,122,122,26,0
12,122,122,27,0
12,122,122,28,1
12,122,122,29,0
12,122,122,30,0
12,122,122,31,0
12,122,122,32,0
12,122,122,33,0
12,122,122,34,0
12,122,122,35,0
12,122,122,36,0
12,122,122,37,0
12,122,122,38,1
12,122,122,39,0
12,122,122,40,0
12,122,122,41,0
12,122,122,42,0
12,122,122,43,1
12,122,122,44,0
12,122,122,45,0
12,122,122,46,0
12,122,122,47,0
12,122,122,0,3
12,123,123,1,249
12,123,123,2,9
12,123,123,3,1
12,123,123,4,0
12,123,123,5,0
12,123,123,6,0
12,123,123,7,0
12,123,123,8,0
12,123,123,9,0
12,123,123,10,38
12,123,123,11,0
12,123,123,12,0
12,123,123,13,0
12,123,123,14,1
12,123,123,15,0
12,123,123,16,418
12,123,123,17,1
12,123,123,18,0
12,123,123,19,0
12,123,123,20,0
12,123,123,21,0
12,123,123,22,0
12,123,123,23,0
12,123,123,24,0
12,123,123,25,0
12,123,123,26,1
12,123,123,27,0
12,123,123,28,0
12,123,123,29,0
12,123,123,30,1
12,123,123,31,1
12,123,123,32,0
12,123,123,33,2
12,123,123,34,0
12,123,123,35,0
12,123,123,36,0
12,123,123,37,0
12,123,123,38,0
12,123,123,39,0
12,123,123,40,0
12,123,123,41,1
12,123,123,42,0
12,123,123,43,0
12,123,123,44,0
12,123,123,45,0
12,123,123,46,0
12,123,123,47,0
12,123,123,0,0
12,124,124,1,125
12,124,124,2,16
12,124,124,3,0
12,124,124,4,0
12,124,124,5,0
12,124,124,6,0
12,124,124,7,0
12,124,124,8,0
12,124,124,9,1
12,124,124,10,16
12,124,124,11,0
12,124,124,12,0
12,124,124,13,3
12,124,124,14,0
12,124,124,15,1
12,124,124,16,438
12,124,124,17,0
12,124,124,18,0
12,124,124,19,0
12,124,124,20,0
12,124,124,21,0
12,124,124,22,1
12,124,124,23,0
12,124,124,24,0
12,124,124,25,1
12,124,124,26,0
12,124,124,27,0
12,124,124,28,0
12,124,124,29,0
12,124,124,30,0
12,124,124,31,0
12,124,124,32,1
12,124,124,33,0
12,124,124,34,2
12,124,124,35,0
12,124,124,36,0
12,124,124,37,0
12,124,124,38,0
12,124,124,39,0
12,124,124,40,0
12,124,124,41,1
12,124,124,42,0
12,124,124,43,0
12,124,124,44,0
12,124,124,45,0
12,124,124,46,0
12,124,124,47,1
12,124,124,0,0
12,125,125,1,182
12,125,125,2,21
12,125,125,3,1
12,125,125,4,0
12,125,125,5,0
12,125,125,6,0
12,125,125,7,0
12,125,125,8,2
12,125,125,9,1
12,125,125,10,17
12,125,125,11,0
12,125,125,12,0
12,125,125,13,2
12,125,125,14,0
12,125,125,15,0
12,125,125,16,426
12,125,125,17,3
12,125,125,18,0
12,125,125,19,0
12,125,125,20,0
12,125,125,21,1
12,125,125,22,0
12,125,125,23,0
12,125,125,24,2
12,125,125,25,1
12,125,125,26,1
12,125,125,27,0
12,125,125,28,0
12,125,125,29,0
12,125,125,30,1
12,125,125,31,0
12,125,125,32,1
12,125,125,33,1
12,125,125,34,0
12,125,125,35,0
12,125,125,36,0
12,125,125,37,0
12,125,125,38,1
12,125,125,39,0
12,125,125,40,0
12,125,125,41,0
12,125,125,42,0
12,125,125,43,0
12,125,125,44,0
12,125,125,45,3
12,125,125,46,0
12,125,125,47,0
12,125,125,0,1
12,126,126,1,193
12,126,126,2,21
12,126,126,3,0
12,126,126,4,1
12,126,126,5,1
12,126,126,6,0
12,126,126,7,0
12,126,126,8,0
12,126,126,9,0
12,126,126,10,21
12,126,126,11,2
12,126,126,12,0
12,126,126,13,0
12,126,126,14,1
12,126,126,15,0
12,126,126,16,458
12,126,126,17,0
12,126,126,18,1
12,126,126,19,0
12,126,126,20,0
12,126,126,21,0
12,126,126,22,1
12,126,126,23,0
12,126,126,24,0
12,126,126,25,0
12,126,126,26,0
12,126,126,27,0
12,126,126,28,0
12,126,126,29,0
12,126,126,30,1
12,126,126,31,0
12,126,126,32,0
12,126,126,33,0
12,126,126,34,0
12,126,126,35,0
12,126,126,36,1
12,126,126,37,0
12,126,126,38,0
12,126,126,39,0
12,126,126,40,0
12,126,126,41,0
12,126,126,42,0
12,126,126,43,0
12,126,126,44,0
12,126,126,45,0
12,126,126,46,0
12,126,126,47,0
12,126,126,0,1
12,127,127,1,200
12,127,127,2,20
12,127,127,3,1
12,127,127,4,1
12,127,127,5,2
12,127,127,6,0
12,127,127,7,0
12,127,127,8,0
12,127,127,9,1
12,127,127,10,30
12,127,127,11,0
12,127,127,12,0
12,127,127,13,2
12,127,127,14,3
12,127,127,15,0
12,127,127,16,445
12,127,127,17,3
12,127,127,18,0
12,127,127,19,3
12,127,127,20,0
12,127,127,21,0
12,127,127,22,0
12,127,127,23,0
12,127,127,24,1
12,127,127,25,0
12,127,127,26,1
12,127,127,27,0
12,127,127,28,1
12,127,127,29,0
12,127,127,30,0
12,127,127,31,0
12,127,127,32,0
12,127,127,33,2
12,127,127,34,3
12,127,127,35,1
12,127,127,36,0
12,127,127,37,0
12,127,127,38,0
12,127,127,39,0
12,127,127,40,0
12,127,127,41,6
12,127,127,42,2
12,127,127,43,1
12,127,127,44,0
12,127,127,45,2
12,127,127,46,1
12,127,127,47,1
12,127,127,0,1
12,128,128,1,201
12,128,128,2,15
12,128,128,3,0
12,128,128,4,0
12,128,128,5,0
12,128,128,6,2
12,128,128,7,1
12,128,128,8,0
12,128,128,9,0
12,128,128,10,22
12,128,128,11,0
12,128,128,12,0
12,128,128,13,3
12,128,128,14,2
12,128,128,15,2
12,128,128,16,472
12,128,128,17,0
12,128,128,18,0
12,128,128,19,0
12,128,128,20,0
12,128,128,21,0
12,128,128,22,1
12,128,128,23,0
12,128,128,24,0
12,128,128,25,0
12,128,128,26,0
12,128,128,27,0
12,128,128,28,0
12,128,128,29,0
12,128,128,30,0
12,128,128,31,0
12,128,128,32,0
12,128,128,33,1
12,128,128,34,0
12,128,128,35,1
12,128,128,36,0
12,128,128,37,0
12,128,128,38,0
12,128,128,39,0
12,128,128,40,0
12,128,128,41,0
12,128,128,42,0
12,128,128,43,0
12,128,128,44,0
12,128,128,45,0
12,128,128,46,1
12,128,128,47,0
12,128,128,0,3
12,129,129,1,205
12,129,129,2,5
12,129,129,3,0
12,129,129,4,0
12,129,129,5,0
12,129,129,6,0
12,129,129,7,0
12,129,129,8,0
12,129,129,9,0
12,129,129,10,3
12,129,129,11,0
12,129,129,12,1
12,129,129,13,0
12,129,129,14,0
12,129,129,15,0
12,129,129,16,278
12,129,129,17,0
12,129,129,18,0
12,129,129,19,1
12,129,129,20,0
12,129,129,21,0
12,129,129,22,0
12,129,129,23,0
12,129,129,24,0
12,129,129,25,0
12,129,129,26,1
12,129,129,27,0
12,129,129,28,0
12,129,129,29,0
12,129,129,30,0
12,129,129,31,0
12,129,129,32,0
12,129,129,33,0
12,129,129,34,1
12,129,129,35,1
12,129,129,36,0
12,129,129,37,0
12,129,129,38,0
12,129,129,39,0
12,129,129,40,0
12,129,129,41,1
12,129,129,42,0
12,129,129,43,0
12,129,129,44,0
12,129,129,45,0
12,129,129,46,0
12,129,129,47,0
12,129,129,0,1
12,130,130,1,246
12,130,130,2,11
12,130,130,3,1
12,130,130,4,3
12,130,130,5,0
12,130,130,6,0
12,130,130,7,0
12,130,130,8,0
12,130,130,9,1
12,130,130,10,8
12,130,130,11,0
12,130,130,12,0
12,130,130,13,2
12,130,130,14,1
12,130,130,15,2
12,130,130,16,332
12,130,130,17,3
12,130,130,18,0
12,130,130,19,0
12,130,130,20,1
12,130,130,21,0
12,130,130,22,0
12,130,130,23,0
12,130,130,24,0
12,130,130,25,0
12,130,130,26,0
12,130,130,27,0
12,130,130,28,1
12,130,130,29,0
12,130,130,30,1
12,130,130,31,2
12,130,130,32,0
12,130,130,33,1
12,130,130,34,1
12,130,130,35,0
12,130,130,36,0
12,130,130,37,0
12,130,130,38,1
12,130,130,39,0
12,130,130,40,0
12,130,130,41,3
12,130,130,42,1
12,130,130,43,1
12,130,130,44,0
12,130,130,45,0
12,130,130,46,1
12,130,130,47,1
12,130,130,0,3
12,131,131,1,247
12,131,131,2,25
12,131,131,3,1
12,131,131,4,0
12,131,131,5,1
12,131,131,6,0
12,131,131,7,0
12,131,131,8,0
12,131,131,9,2
12,131,131,10,54
12,131,131,11,1
12,131,131,12,0
12,131,131,13,1
12,131,131,14,0
12,131,131,15,0
12,131,131,16,326
12,131,131,17,0
12,131,131,18,0
12,131,131,19,0
12,131,131,20,0
12,131,131,21,0
12,131,131,22,0
12,131,131,23,0
12,131,131,24,0
12,131,131,25,0
12,131,131,26,0
12,131,131,27,0
12,131,131,28,0
12,131,131,29,0
12,131,131,30,0
12,131,131,31,1
12,131,131,32,0
12,131,131,33,0
12,131,131,34,0
12,131,131,35,1
12,131,131,36,0
12,131,131,37,0
12,131,131,38,0
12,131,131,39,0
12,131,131,40,0
12,131,131,41,0
12,131,131,42,0
12,131,131,43,0
12,131,131,44,0
12,131,131,45,0
12,131,131,46,0
12,131,131,47,0
12,131,131,0,5
12,132,132,1,146
12,132,132,2,15
12,132,132,3,0
12,132,132,4,1
12,132,132,5,1
12,132,132,6,0
12,132,132,7,0
12,132,132,8,0
12,132,132,9,0
12,132,132,10,29
12,132,132,11,2
12,132,132,12,1
12,132,132,13,1
12,132,132,14,0
12,132,132,15,1
12,132,132,16,380
12,132,132,17,1
12,132,132,18,0
12,132,132,19,2
12,132,132,20,0
12,132,132,21,0
12,132,132,22,0
12,132,132,23,0
12,132,132,24,1
12,132,132,25,0
12,132,132,26,0
12,132,132,27,0
12,132,132,28,0
12,132,132,29,0
12,132,132,30,0
12,132,132,31,0
12,132,132,32,0
12,132,132,33,1
12,132,132,34,0
12,132,132,35,0
12,132,132,36,0
12,132,132,37,0
12,132,132,38,1
12,132,132,39,0
12,132,132,40,0
12,132,132,41,0
12,132,132,42,0
12,132,132,43,0
12,132,132,44,0
12,132,132,45,0
12,132,132,46,0
12,132,132,47,0
12,132,132,0,1
12,133,133,1,143
12,133,133,2,5
12,133,133,3,1
12,133,133,4,0
12,133,133,5,0
12,133,133,6,0
12,133,133,7,0
12,133,133,8,0
12,133,133,9,1
12,133,133,10,47
12,133,133,11,0
12,133,133,12,0
12,133,133,13,0
12,133,133,14,0
12,133,133,15,0
12,133,133,16,311
12,133,133,17,0
12,133,133,18,1
12,133,133,19,0
12,133,133,20,0
12,133,133,21,0
12,133,133,22,2
12,133,133,23,0
12,133,133,24,0
12,133,133,25,0
12,133,133,26,1
12,133,133,27,0
12,133,133,28,0
12,133,133,29,0
12,133,133,30,0
12,133,133,31,1
12,133,133,32,1
12,133,133,33,0
12,133,133,34,0
12,133,133,35,0
12,133,133,36,0
12,133,133,37,0
12,133,133,38,1
12,133,133,39,0
12,133,133,40,0
12,133,133,41,0
12,133,133,42,0
12,133,133,43,0
12,133,133,44,0
12,133,133,45,0
12,133,133,46,0
12,133,133,47,0
12,133,133,0,4
12,134,134,1,173
12,134,134,2,13
12,134,134,3,2
12,134,134,4,1
12,134,134,5,0
12,134,134,6,1
12,134,134,7,0
12,134,134,8,0
12,134,134,9,1
12,134,134,10,78
12,134,134,11,0
12,134,134,12,2
12,134,134,13,1
12,134,134,14,0
12,134,134,15,0
12,134,134,16,350
12,134,134,17,3
12,134,134,18,0
12,134,134,19,0
12,134,134,20,0
12,134,134,21,0
12,134,134,22,0
12,134,134,23,0
12,134,134,24,0
12,134,134,25,0
12,134,134,26,1
12,134,134,27,0
12,134,134,28,0
12,134,134,29,0
12,134,134,30,0
12,134,134,31,1
12,134,134,32,0
12,134,134,33,2
12,134,134,34,1
12,134,134,35,1
12,134,134,36,0
12,134,134,37,0
12,134,134,38,0
12,134,134,39,0
12,134,134,40,0
12,134,134,41,1
12,134,134,42,0
12,134,134,43,1
12,134,134,44,0
12,134,134,45,0
12,134,134,46,1
12,134,134,47,0
12,134,134,0,5
12,135,135,1,169
12,135,135,2,15
12,135,135,3,1
12,135,135,4,0
12,135,135,5,0
12,135,135,6,0
12,135,135,7,0
12,135,135,8,0
12,135,135,9,0
12,135,135,10,67
12,135,135,11,0
12,135,135,12,0
12,135,135,13,0
12,135,135,14,0
12,135,135,15,0
12,135,135,16,359
12,135,135,17,2
12,135,135,18,0
12,135,135,19,0
12,135,135,20,0
12,135,135,21,0
12,135,135,22,0
12,135,135,23,0
12,135,135,24,0
12,135,135,25,0
12,135,135,26,1
12,135,135,27,0
12,135,135,28,0
12,135,135,29,0
12,135,135,30,0
12,135,135,31,3
12,135,135,32,0
12,135,135,33,0
12,135,135,34,0
12,135,135,35,0
12,135,135,36,0
12,135,135,37,0
12,135,135,38,0
12,135,135,39,0
12,135,135,40,0
12,135,135,41,0
12,135,135,42,0
12,135,135,43,0
12,135,135,44,0
12,135,135,45,1
12,135,135,46,0
12,135,135,47,0
12,135,135,0,1
12,136,136,1,176
12,136,136,2,10
12,136,136,3,0
12,136,136,4,0
12,136,136,5,0
12,136,136,6,0
12,136,136,7,0
12,136,136,8,0
12,136,136,9,0
12,136,136,10,8
12,136,136,11,0
12,136,136,12,0
12,136,136,13,2
12,136,136,14,0
12,136,136,15,0
12,136,136,16,273
12,136,136,17,0
12,136,136,18,0
12,136,136,19,0
12,136,136,20,0
12,136,136,21,0
12,136,136,22,0
12,136,136,23,0
12,136,136,24,0
12,136,136,25,0
12,136,136,26,0
12,136,136,27,0
12,136,136,28,0
12,136,136,29,0
12,136,136,30,0
12,136,136,31,0
12,136,136,32,0
12,136,136,33,1
12,136,136,34,2
12,136,136,35,0
12,136,136,36,0
12,136,136,37,0
12,136,136,38,0
12,136,136,39,0
12,136,136,40,0
12,136,136,41,0
12,136,136,42,1
12,136,136,43,0
12,136,136,44,0
12,136,136,45,0
12,136,136,46,0
12,136,136,47,0
12,136,136,0,0
12,137,137,1,248
12,137,137,2,14
12,137,137,3,0
12,137,137,4,1
12,137,137,5,0
12,137,137,6,0
12,137,137,7,0
12,137,137,8,0
12,137,137,9,1
12,137,137,10,19
12,137,137,11,0
12,137,137,12,0
12,137,137,13,1
12,137,137,14,0
12,137,137,15,0
12,137,137,16,366
12,137,137,17,0
12,137,137,18,0
12,137,137,19,0
12,137,137,20,0
12,137,137,21,0
12,137,137,22,0
12,137,137,23,0
12,137,137,24,0
12,137,137,25,0
12,137,137,26,1
12,137,137,27,0
12,137,137,28,0
12,137,137,29,0
12,137,137,30,0
12,137,137,31,0
12,137,137,32,0
12,137,137,33,0
12,137,137,34,0
12,137,137,35,1
12,137,137,36,0
12,137,137,37,0
12,137,137,38,0
12,137,137,39,0
12,137,137,40,0
12,137,137,41,0
12,137,137,42,0
12,137,137,43,0
12,137,137,44,0
12,137,137,45,0
12,137,137,46,0
12,137,137,47,1
12,137,137,0,6
12,138,138,1,155
12,138,138,2,11
12,138,138,3,0
12,138,138,4,0
12,138,138,5,0
12,138,138,6,0
12,138,138,7,0
12,138,138,8,0
12,138,138,9,0
12,138,138,10,34
12,138,138,11,0
12,138,138,12,0
12,138,138,13,1
12,138,138,14,0
12,138,138,15,0
12,138,138,16,204
12,138,138,17,0
12,138,138,18,1
12,138,138,19,0
12,138,138,20,0
12,138,138,21,0
12,138,138,22,0
12,138,138,23,0
12,138,138,24,0
12,138,138,25,0
12,138,138,26,0
12,138,138,27,0
12,138,138,28,0
12,138,138,29,0
12,138,138,30,0
12,138,138,31,0
12,138,138,32,0
12,138,138,33,1
12,138,138,34,0
12,138,138,35,0
12,138,138,36,0
12,138,138,37,0
12,138,138,38,1
12,138,138,39,0
12,138,138,40,0
12,138,138,41,0
12,138,138,42,0
12,138,138,43,0
12,138,138,44,0
12,138,138,45,0
12,138,138,46,0
12,138,138,47,0
12,138,138,0,2
12,139,139,1,191
12,139,139,2,10
12,139,139,3,2
12,139,139,4,0
12,139,139,5,0
12,139,139,6,0
12,139,139,7,0
12,139,139,8,0
12,139,139,9,1
12,139,139,10,44
12,139,139,11,0
12,139,139,12,0
12,139,139,13,0
12,139,139,14,2
12,139,139,15,0
12,139,139,16,274
12,139,139,17,0
12,139,139,18,0
12,139,139,19,0
12,139,139,20,0
12,139,139,21,0
12,139,139,22,1
12,139,139,23,0
12,139,139,24,0
12,139,139,25,0
12,139,139,26,1
12,139,139,27,0
12,139,139,28,1
12,139,139,29,0
12,139,139,30,0
12,139,139,31,0
12,139,139,32,0
12,139,139,33,0
12,139,139,34,0
12,139,139,35,0
12,139,139,36,0
12,139,139,37,0
12,139,139,38,0
12,139,139,39,0
12,139,139,40,0
12,139,139,41,0
12,139,139,42,0
12,139,139,43,0
12,139,139,44,0
12,139,139,45,0
12,139,139,46,0
12,139,139,47,0
12,139,139,0,3
12,140,140,1,192
12,140,140,2,7
12,140,140,3,0
12,140,140,4,0
12,140,140,5,0
12,140,140,6,0
12,140,140,7,0
12,140,140,8,0
12,140,140,9,1
12,140,140,10,23
12,140,140,11,1
12,140,140,12,0
12,140,140,13,0
12,140,140,14,2
12,140,140,15,0
12,140,140,16,254
12,140,140,17,0
12,140,140,18,0
12,140,140,19,1
12,140,140,20,0
12,140,140,21,0
12,140,140,22,0
12,140,140,23,0
12,140,140,24,0
12,140,140,25,0
12,140,140,26,0
12,140,140,27,0
12,140,140,28,0
12,140,140,29,0
12,140,140,30,0
12,140,140,31,0
12,140,140,32,1
12,140,140,33,2
12,140,140,34,0
12,140,140,35,0
12,140,140,36,0
12,140,140,37,0
12,140,140,38,0
12,140,140,39,0
12,140,140,40,0
12,140,140,41,0
12,140,140,42,0
12,140,140,43,0
12,140,140,44,0
12,140,140,45,0
12,140,140,46,0
12,140,140,47,0
12,140,140,0,1
12,141,141,1,158
12,141,141,2,9
12,141,141,3,0
12,141,141,4,0
12,141,141,5,0
12,141,141,6,0
12,141,141,7,0
12,141,141,8,0
12,141,141,9,0
12,141,141,10,40
12,141,141,11,0
12,141,141,12,0
12,141,141,13,0
12,141,141,14,3
12,141,141,15,0
12,141,141,16,259
12,141,141,17,0
12,141,141,18,0
12,141,141,19,0
12,141,141,20,0
12,141,141,21,0
12,141,141,22,0
12,141,141,23,0
12,141,141,24,0
12,141,141,25,0
12,141,141,26,0
12,141,141,27,0
12,141,141,28,0
12,141,141,29,1
12,141,141,30,0
12,141,141,31,2
12,141,141,32,0
12,141,141,33,0
12,141,141,34,0
12,141,141,35,0
12,141,141,36,0
12,141,141,37,0
12,141,141,38,0
12,141,141,39,0
12,141,141,40,0
12,141,141,41,0
12,141,141,42,0
12,141,141,43,0
12,141,141,44,0
12,141,141,45,0
12,141,141,46,0
12,141,141,47,0
12,141,141,0,1
12,142,142,1,228
12,142,142,2,15
12,142,142,3,1
12,142,142,4,0
12,142,142,5,0
12,142,142,6,1
12,142,142,7,0
12,142,142,8,0
12,142,142,9,0
12,142,142,10,44
12,142,142,11,0
12,142,142,12,0
12,142,142,13,0
12,142,142,14,0
12,142,142,15,0
12,142,142,16,297
12,142,142,17,2
12,142,142,18,0
12,142,142,19,1
12,142,142,20,0
12,142,142,21,0
12,142,142,22,0
12,142,142,23,0
12,142,142,24,0
12,142,142,25,0
12,142,142,26,0
12,142,142,27,0
12,142,142,28,0
12,142,142,29,0
12,142,142,30,0
12,142,142,31,2
12,142,142,32,1
12,142,142,33,0
12,142,142,34,1
12,142,142,35,0
12,142,142,36,0
12,142,142,37,0
12,142,142,38,0
12,142,142,39,0
12,142,142,40,0
12,142,142,41,2
12,142,142,42,1
12,142,142,43,0
12,142,142,44,0
12,142,142,45,0
12,142,142,46,0
12,142,142,47,0
12,142,142,0,3
12,143,143,1,139
12,143,143,2,11
12,143,143,3,2
12,143,143,4,0
12,143,143,5,0
12,143,143,6,0
12,143,143,7,0
12,143,143,8,0
12,143,143,9,0
12,143,143,10,43
12,143,143,11,0
12,143,143,12,0
12,143,143,13,1
12,143,143,14,0
12,143,143,15,0
12,143,143,16,302
12,143,143,17,1
12,143,143,18,0
12,143,143,19,1
12,143,143,20,0
12,143,143,21,0
12,143,143,22,0
12,143,143,23,0
12,143,143,24,0
12,143,143,25,0
12,143,143,26,0
12,143,143,27,0
12,143,143,28,0
12,143,143,29,0
12,143,143,30,0
12,143,143,31,1
12,143,143,32,0
12,143,143,33,0
12,143,143,34,0
12,143,143,35,0
12,143,143,36,0
12,143,143,37,0
12,143,143,38,0
12,143,143,39,0
12,143,143,40,1
12,143,143,41,0
12,143,143,42,2
12,143,143,43,0
12,143,143,44,1
12,143,143,45,0
12,143,143,46,0
12,143,143,47,0
12,143,143,0,2
12,144,144,1,189
12,144,144,2,11
12,144,144,3,1
12,144,144,4,1
12,144,144,5,0
12,144,144,6,1
12,144,144,7,0
12,144,144,8,0
12,144,144,9,1
12,144,144,10,27
12,144,144,11,1
12,144,144,12,0
12,144,144,13,1
12,144,144,14,3
12,144,144,15,0
12,144,144,16,389
12,144,144,17,2
12,144,144,18,0
12,144,144,19,0
12,144,144,20,0
12,144,144,21,0
12,144,144,22,0
12,144,144,23,0
12,144,144,24,0
12,144,144,25,0
12,144,144,26,0
12,144,144,27,0
12,144,144,28,0
12,144,144,29,1
12,144,144,30,1
12,144,144,31,0
12,144,144,32,0
12,144,144,33,2
12,144,144,34,0
12,144,144,35,0
12,144,144,36,0
12,144,144,37,0
12,144,144,38,1
12,144,144,39,0
12,144,144,40,0
12,144,144,41,0
12,144,144,42,1
12,144,144,43,0
12,144,144,44,0
12,144,144,45,0
12,144,144,46,1
12,144,144,47,0
12,144,144,0,2
12,145,145,1,263
12,145,145,2,17
12,145,145,3,0
12,145,145,4,0
12,145,145,5,0
12,145,145,6,1
12,145,145,7,0
12,145,145,8,0
12,145,145,9,0
12,145,145,10,38
12,145,145,11,1
12,145,145,12,0
12,145,145,13,2
12,145,145,14,0
12,145,145,15,0
12,145,145,16,338
12,145,145,17,0
12,145,145,18,0
12,145,145,19,1
12,145,145,20,0
12,145,145,21,0
12,145,145,22,0
12,145,145,23,1
12,145,145,24,0
12,145,145,25,0
12,145,145,26,0
12,145,145,27,0
12,145,145,28,0
12,145,145,29,0
12,145,145,30,0
12,145,145,31,1
12,145,145,32,1
12,145,145,33,0
12,145,145,34,1
12,145,145,35,0
12,145,145,36,0
12,145,145,37,0
12,145,145,38,0
12,145,145,39,0
12,145,145,40,0
12,145,145,41,0
12,145,145,42,0
12,145,145,43,0
12,145,145,44,0
12,145,145,45,0
12,145,145,46,0
12,145,145,47,0
12,145,145,0,4
12,146,146,1,142
12,146,146,2,10
12,146,146,3,0
12,146,146,4,0
12,146,146,5,0
12,146,146,6,0
12,146,146,7,0
12,146,146,8,0
12,146,146,9,0
12,146,146,10,13
12,146,146,11,0
12,146,146,12,0
12,146,146,13,0
12,146,146,14,1
12,146,146,15,0
12,146,146,16,175
12,146,146,17,0
12,146,146,18,0
12,146,146,19,0
12,146,146,20,0
12,146,146,21,0
12,146,146,22,0
12,146,146,23,0
12,146,146,24,0
12,146,146,25,0
12,146,146,26,0
12,146,146,27,0
12,146,146,28,0
12,146,146,29,0
12,146,146,30,0
12,146,146,31,0
12,146,146,32,0
12,146,146,33,0
12,146,146,34,0
12,146,146,35,0
12,146,146,36,0
12,146,146,37,0
12,146,146,38,0
12,146,146,39,0
12,146,146,40,0
12,146,146,41,0
12,146,146,42,0
12,146,146,43,0
12,146,146,44,0
12,146,146,45,0
12,146,146,46,0
12,146,146,47,0
12,146,146,0,2
12,147,147,1,212
12,147,147,2,19
12,147,147,3,0
12,147,147,4,0
12,147,147,5,0
12,147,147,6,0
12,147,147,7,0
12,147,147,8,0
12,147,147,9,0
12,147,147,10,17
12,147,147,11,0
12,147,147,12,0
12,147,147,13,5
12,147,147,14,2
12,147,147,15,0
12,147,147,16,398
12,147,147,17,0
12,147,147,18,0
12,147,147,19,1
12,147,147,20,0
12,147,147,21,0
12,147,147,22,0
12,147,147,23,0
12,147,147,24,0
12,147,147,25,0
12,147,147,26,0
12,147,147,27,0
12,147,147,28,0
12,147,147,29,0
12,147,147,30,0
12,147,147,31,0
12,147,147,32,0
12,147,147,33,0
12,147,147,34,0
12,147,147,35,1
12,147,147,36,0
12,147,147,37,0
12,147,147,38,0
12,147,147,39,0
12,147,147,40,0
12,147,147,41,1
12,147,147,42,1
12,147,147,43,0
12,147,147,44,0
12,147,147,45,0
12,147,147,46,0
12,147,147,47,0
12,147,147,0,2
12,148,148,1,242
12,148,148,2,11
12,148,148,3,1
12,148,148,4,0
12,148,148,5,0
12,148,148,6,0
12,148,148,7,0
12,148,148,8,1
12,148,148,9,0
12,148,148,10,46
12,148,148,11,0
12,148,148,12,0
12,148,148,13,1
12,148,148,14,1
12,148,148,15,2
12,148,148,16,394
12,148,148,17,1
12,148,148,18,1
12,148,148,19,0
12,148,148,20,0
12,148,148,21,0
12,148,148,22,0
12,148,148,23,0
12,148,148,24,0
12,148,148,25,0
12,148,148,26,1
12,148,148,27,0
12,148,148,28,0
12,148,148,29,0
12,148,148,30,0
12,148,148,31,3
12,148,148,32,0
12,148,148,33,0
12,148,148,34,2
12,148,148,35,1
12,148,148,36,0
12,148,148,37,0
12,148,148,38,0
12,148,148,39,0
12,148,148,40,0
12,148,148,41,0
12,148,148,42,0
12,148,148,43,0
12,148,148,44,0
12,148,148,45,0
12,148,148,46,0
12,148,148,47,0
12,148,148,0,1
12,149,149,1,179
12,149,149,2,5
12,149,149,3,0
12,149,149,4,0
12,149,149,5,0
12,149,149,6,0
12,149,149,7,0
12,149,149,8,0
12,149,149,9,2
12,149,149,10,17
12,149,149,11,0
12,149,149,12,1
12,149,149,13,0
12,149,149,14,0
12,149,149,15,2
12,149,149,16,507
12,149,149,17,3
12,149,149,18,1
12,149,149,19,1
12,149,149,20,0
12,149,149,21,0
12,149,149,22,0
12,149,149,23,0
12,149,149,24,0
12,149,149,25,0
12,149,149,26,0
12,149,149,27,0
12,149,149,28,0
12,149,149,29,0
12,149,149,30,1
12,149,149,31,0
12,149,149,32,0
12,149,149,33,1
12,149,149,34,0
12,149,149,35,0
12,149,149,36,0
12,149,149,37,0
12,149,149,38,2
12,149,149,39,0
12,149,149,40,1
12,149,149,41,1
12,149,149,42,0
12,149,149,43,0
12,149,149,44,0
12,149,149,45,1
12,149,149,46,1
12,149,149,47,0
12,149,149,0,1
12,150,150,1,186
12,150,150,2,7
12,150,150,3,1
12,150,150,4,0
12,150,150,5,0
12,150,150,6,0
12,150,150,7,0
12,150,150,8,0
12,150,150,9,5
12,150,150,10,15
12,150,150,11,1
12,150,150,12,0
12,150,150,13,0
12,150,150,14,0
12,150,150,15,0
12,150,150,16,390
12,150,150,17,0
12,150,150,18,0
12,150,150,19,0
12,150,150,20,0
12,150,150,21,0
12,150,150,22,0
12,150,150,23,0
12,150,150,24,0
12,150,150,25,0
12,150,150,26,0
12,150,150,27,0
12,150,150,28,0
12,150,150,29,0
12,150,150,30,0
12,150,150,31,1
12,150,150,32,1
12,150,150,33,0
12,150,150,34,0
12,150,150,35,1
12,150,150,36,0
12,150,150,37,0
12,150,150,38,0
12,150,150,39,0
12,150,150,40,1
12,150,150,41,1
12,150,150,42,0
12,150,150,43,0
12,150,150,44,0
12,150,150,45,0
12,150,150,46,0
12,150,150,47,1
12,150,150,0,1
12,151,151,1,181
12,151,151,2,11
12,151,151,3,0
12,151,151,4,0
12,151,151,5,0
12,151,151,6,0
12,151,151,7,0
12,151,151,8,0
12,151,151,9,0
12,151,151,10,8
12,151,151,11,1
12,151,151,12,0
12,151,151,13,3
12,151,151,14,1
12,151,151,15,0
12,151,151,16,372
12,151,151,17,0
12,151,151,18,0
12,151,151,19,0
12,151,151,20,0
12,151,151,21,0
12,151,151,22,0
12,151,151,23,0
12,151,151,24,0
12,151,151,25,0
12,151,151,26,0
12,151,151,27,1
12,151,151,28,0
12,151,151,29,0
12,151,151,30,0
12,151,151,31,0
12,151,151,32,0
12,151,151,33,0
12,151,151,34,0
12,151,151,35,0
12,151,151,36,0
12,151,151,37,0
12,151,151,38,0
12,151,151,39,0
12,151,151,40,0
12,151,151,41,1
12,151,151,42,0
12,151,151,43,0
12,151,151,44,0
12,151,151,45,0
12,151,151,46,0
12,151,151,47,1
12,151,151,0,3
12,152,152,1,221
12,152,152,2,11
12,152,152,3,0
12,152,152,4,0
12,152,152,5,0
12,152,152,6,0
12,152,152,7,1
12,152,152,8,0
12,152,152,9,0
12,152,152,10,14
12,152,152,11,0
12,152,152,12,0
12,152,152,13,1
12,152,152,14,0
12,152,152,15,1
12,152,152,16,374
12,152,152,17,1
12,152,152,18,0
12,152,152,19,0
12,152,152,20,0
12,152,152,21,0
12,152,152,22,1
12,152,152,23,0
12,152,152,24,0
12,152,152,25,0
12,152,152,26,0
12,152,152,27,0
12,152,152,28,0
12,152,152,29,0
12,152,152,30,0
12,152,152,31,0
12,152,152,32,0
12,152,152,33,2
12,152,152,34,0
12,152,152,35,0
12,152,152,36,0
12,152,152,37,0
12,152,152,38,1
12,152,152,39,0
12,152,152,40,0
12,152,152,41,1
12,152,152,42,0
12,152,152,43,0
12,152,152,44,0
12,152,152,45,0
12,152,152,46,0
12,152,152,47,1
12,152,152,0,1
12,153,153,1,161
12,153,153,2,15
12,153,153,3,1
12,153,153,4,0
12,153,153,5,3
12,153,153,6,0
12,153,153,7,0
12,153,153,8,0
12,153,153,9,1
12,153,153,10,10
12,153,153,11,1
12,153,153,12,0
12,153,153,13,2
12,153,153,14,1
12,153,153,15,0
12,153,153,16,632
12,153,153,17,1
12,153,153,18,0
12,153,153,19,0
12,153,153,20,0
12,153,153,21,1
12,153,153,22,0
12,153,153,23,0
12,153,153,24,0
12,153,153,25,0
12,153,153,26,1
12,153,153,27,0
12,153,153,28,0
12,153,153,29,0
12,153,153,30,0
12,153,153,31,0
12,153,153,32,1
12,153,153,33,0
12,153,153,34,0
12,153,153,35,0
12,153,153,36,0
12,153,153,37,1
12,153,153,38,2
12,153,153,39,0
12,153,153,40,0
12,153,153,41,2
12,153,153,42,0
12,153,153,43,1
12,153,153,44,0
12,153,153,45,0
12,153,153,46,1
12,153,153,47,0
12,153,153,0,1
12,154,154,1,149
12,154,154,2,5
12,154,154,3,0
12,154,154,4,0
12,154,154,5,0
12,154,154,6,0
12,154,154,7,0
12,154,154,8,0
12,154,154,9,1
12,154,154,10,19
12,154,154,11,2
12,154,154,12,0
12,154,154,13,3
12,154,154,14,1
12,154,154,15,1
12,154,154,16,339
12,154,154,17,1
12,154,154,18,0
12,154,154,19,0
12,154,154,20,0
12,154,154,21,1
12,154,154,22,0
12,154,154,23,0
12,154,154,24,0
12,154,154,25,0
12,154,154,26,0
12,154,154,27,0
12,154,154,28,0
12,154,154,29,0
12,154,154,30,0
12,154,154,31,0
12,154,154,32,0
12,154,154,33,0
12,154,154,34,0
12,154,154,35,0
12,154,154,36,0
12,154,154,37,0
12,154,154,38,1
12,154,154,39,0
12,154,154,40,0
12,154,154,41,0
12,154,154,42,0
12,154,154,43,0
12,154,154,44,1
12,154,154,45,0
12,154,154,46,1
12,154,154,47,1
12,154,154,0,0
12,155,155,1,130
12,155,155,2,11
12,155,155,3,2
12,155,155,4,0
12,155,155,5,0
12,155,155,6,1
12,155,155,7,0
12,155,155,8,0
12,155,155,9,0
12,155,155,10,8
12,155,155,11,0
12,155,155,12,0
12,155,155,13,0
12,155,155,14,2
12,155,155,15,0
12,155,155,16,267
12,155,155,17,1
12,155,155,18,0
12,155,155,19,0
12,155,155,20,0
12,155,155,21,0
12,155,155,22,0
12,155,155,23,0
12,155,155,24,0
12,155,155,25,0
12,155,155,26,0
12,155,155,27,0
12,155,155,28,0
12,155,155,29,0
12,155,155,30,0
12,155,155,31,0
12,155,155,32,0
12,155,155,33,0
12,155,155,34,0
12,155,155,35,1
12,155,155,36,0
12,155,155,37,0
12,155,155,38,2
12,155,155,39,0
12,155,155,40,0
12,155,155,41,1
12,155,155,42,1
12,155,155,43,0
12,155,155,44,1
12,155,155,45,2
12,155,155,46,0
12,155,155,47,0
12,155,155,0,1
12,156,156,1,138
12,156,156,2,6
12,156,156,3,0
12,156,156,4,0
12,156,156,5,0
12,156,156,6,0
12,156,156,7,0
12,156,156,8,0
12,156,156,9,0
12,156,156,10,12
12,156,156,11,0
12,156,156,12,0
12,156,156,13,1
12,156,156,14,0
12,156,156,15,0
12,156,156,16,276
12,156,156,17,0
12,156,156,18,0
12,156,156,19,0
12,156,156,20,0
12,156,156,21,0
12,156,156,22,0
12,156,156,23,0
12,156,156,24,0
12,156,156,25,0
12,156,156,26,0
12,156,156,27,0
12,156,156,28,0
12,156,156,29,0
12,156,156,30,0
12,156,156,31,0
12,156,156,32,0
12,156,156,33,0
12,156,156,34,0
12,156,156,35,0
12,156,156,36,0
12,156,156,37,0
12,156,156,38,1
12,156,156,39,0
12,156,156,40,0
12,156,156,41,1
12,156,156,42,0
12,156,156,43,0
12,156,156,44,0
12,156,156,45,0
12,156,156,46,0
12,156,156,47,0
12,156,156,0,0
12,157,157,1,157
12,157,157,2,16
12,157,157,3,0
12,157,157,4,0
12,157,157,5,0
12,157,157,6,0
12,157,157,7,0
12,157,157,8,0
12,157,157,9,1
12,157,157,10,13
12,157,157,11,0
12,157,157,12,1
12,157,157,13,2
12,157,157,14,0
12,157,157,15,0
12,157,157,16,531
12,157,157,17,2
12,157,157,18,0
12,157,157,19,0
12,157,157,20,0
12,157,157,21,0
12,157,157,22,0
12,157,157,23,0
12,157,157,24,0
12,157,157,25,0
12,157,157,26,1
12,157,157,27,0
12,157,157,28,0
12,157,157,29,1
12,157,157,30,0
12,157,157,31,0
12,157,157,32,1
12,157,157,33,0
12,157,157,34,0
12,157,157,35,0
12,157,157,36,1
12,157,157,37,0
12,157,157,38,1
12,157,157,39,0
12,157,157,40,0
12,157,157,41,0
12,157,157,42,0
12,157,157,43,0
12,157,157,44,0
12,157,157,45,0
12,157,157,46,0
12,157,157,47,1
12,157,157,0,1
12,158,158,1,300
12,158,158,2,11
12,158,158,3,0
12,158,158,4,0
12,158,158,5,0
12,158,158,6,0
12,158,158,7,1
12,158,158,8,0
12,158,158,9,0
12,158,158,10,29
12,158,158,11,0
12,158,158,12,0
12,158,158,13,0
12,158,158,14,1
12,158,158,15,1
12,158,158,16,516
12,158,158,17,0
12,158,158,18,0
12,158,158,19,0
12,158,158,20,0
12,158,158,21,0
12,158,158,22,1
12,158,158,23,0
12,158,158,24,0
12,158,158,25,0
12,158,158,26,0
12,158,158,27,0
12,158,158,28,0
12,158,158,29,0
12,158,158,30,0
12,158,158,31,1
12,158,158,32,1
12,158,158,33,0
12,158,158,34,1
12,158,158,35,0
12,158,158,36,0
12,158,158,37,0
12,158,158,38,0
12,158,158,39,0
12,158,158,40,0
12,158,158,41,0
12,158,158,42,0
12,158,158,43,0
12,158,158,44,0
12,158,158,45,1
12,158,158,46,0
12,158,158,47,0
12,158,158,0,2
12,159,159,1,196
12,159,159,2,6
12,159,159,3,2
12,159,159,4,0
12,159,159,5,0
12,159,159,6,0
12,159,159,7,0
12,159,159,8,0
12,159,159,9,0
12,159,159,10,19
12,159,159,11,0
12,159,159,12,0
12,159,159,13,1
12,159,159,14,0
12,159,159,15,0
12,159,159,16,475
12,159,159,17,3
12,159,159,18,0
12,159,159,19,1
12,159,159,20,0
12,159,159,21,0
12,159,159,22,0
12,159,159,23,0
12,159,159,24,0
12,159,159,25,1
12,159,159,26,0
12,159,159,27,0
12,159,159,28,0
12,159,159,29,0
12,159,159,30,0
12,159,159,31,1
12,159,159,32,0
12,159,159,33,2
12,159,159,34,0
12,159,159,35,0
12,159,159,36,0
12,159,159,37,1
12,159,159,38,0
12,159,159,39,0
12,159,159,40,0
12,159,159,41,0
12,159,159,42,1
12,159,159,43,0
12,159,159,44,0
12,159,159,45,0
12,159,159,46,0
12,159,159,47,0
12,159,159,0,1
12,160,160,1,130
12,160,160,2,15
12,160,160,3,0
12,160,160,4,0
12,160,160,5,0
12,160,160,6,1
12,160,160,7,0
12,160,160,8,1
12,160,160,9,0
12,160,160,10,10
12,160,160,11,1
12,160,160,12,0
12,160,160,13,0
12,160,160,14,0
12,160,160,15,0
12,160,160,16,323
12,160,160,17,2
12,160,160,18,0
12,160,160,19,1
12,160,160,20,0
12,160,160,21,0
12,160,160,22,1
12,160,160,23,0
12,160,160,24,0
12,160,160,25,0
12,160,160,26,0
12,160,160,27,0
12,160,160,28,0
12,160,160,29,0
12,160,160,30,0
12,160,160,31,1
12,160,160,32,0
12,160,160,33,0
12,160,160,34,1
12,160,160,35,0
12,160,160,36,1
12,160,160,37,0
12,160,160,38,0
12,160,160,39,0
12,160,160,40,0
12,160,160,41,1
12,160,160,42,0
12,160,160,43,0
12,160,160,44,0
12,160,160,45,0
12,160,160,46,1
12,160,160,47,0
12,160,160,0,1
12,161,161,1,159
12,161,161,2,16
12,161,161,3,0
12,161,161,4,0
12,161,161,5,0
12,161,161,6,0
12,161,161,7,0
12,161,161,8,0
12,161,161,9,1
12,161,161,10,26
12,161,161,11,1
12,161,161,12,0
12,161,161,13,5
12,161,161,14,1
12,161,161,15,2
12,161,161,16,352
12,161,161,17,0
12,161,161,18,0
12,161,161,19,1
12,161,161,20,0
12,161,161,21,0
12,161,161,22,0
12,161,161,23,0
12,161,161,24,0
12,161,161,25,0
12,161,161,26,0
12,161,161,27,0
12,161,161,28,0
12,161,161,29,0
12,161,161,30,0
12,161,161,31,0
12,161,161,32,0
12,161,161,33,0
12,161,161,34,0
12,161,161,35,0
12,161,161,36,0
12,161,161,37,0
12,161,161,38,0
12,161,161,39,0
12,161,161,40,0
12,161,161,41,2
12,161,161,42,0
12,161,161,43,0
12,161,161,44,0
12,161,161,45,0
12,161,161,46,1
12,161,161,47,0
12,161,161,0,0
12,162,162,1,198
12,162,162,2,27
12,162,162,3,1
12,162,162,4,0
12,162,162,5,0
12,162,162,6,0
12,162,162,7,0
12,162,162,8,0
12,162,162,9,0
12,162,162,10,45
12,162,162,11,0
12,162,162,12,0
12,162,162,13,5
12,162,162,14,3
12,162,162,15,0
12,162,162,16,529
12,162,162,17,1
12,162,162,18,1
12,162,162,19,1
12,162,162,20,0
12,162,162,21,0
12,162,162,22,0
12,162,162,23,0
12,162,162,24,0
12,162,162,25,1
12,162,162,26,0
12,162,162,27,0
12,162,162,28,1
12,162,162,29,0
12,162,162,30,1
12,162,162,31,2
12,162,162,32,0
12,162,162,33,1
12,162,162,34,0
12,162,162,35,0
12,162,162,36,0
12,162,162,37,0
12,162,162,38,2
12,162,162,39,0
12,162,162,40,0
12,162,162,41,1
12,162,162,42,0
12,162,162,43,1
12,162,162,44,0
12,162,162,45,0
12,162,162,46,0
12,162,162,47,0
12,162,162,0,0
12,163,163,1,280
12,163,163,2,15
12,163,163,3,1
12,163,163,4,0
12,163,163,5,0
12,163,163,6,0
12,163,163,7,0
12,163,163,8,0
12,163,163,9,1
12,163,163,10,30
12,163,163,11,1
12,163,163,12,1
12,163,163,13,0
12,163,163,14,0
12,163,163,15,1
12,163,163,16,485
12,163,163,17,0
12,163,163,18,0
12,163,163,19,1
12,163,163,20,0
12,163,163,21,0
12,163,163,22,0
12,163,163,23,0
12,163,163,24,0
12,163,163,25,0
12,163,163,26,0
12,163,163,27,0
12,163,163,28,0
12,163,163,29,1
12,163,163,30,0
12,163,163,31,0
12,163,163,32,0
12,163,163,33,1
12,163,163,34,1
12,163,163,35,1
12,163,163,36,0
12,163,163,37,0
12,163,163,38,2
12,163,163,39,0
12,163,163,40,0
12,163,163,41,2
12,163,163,42,0
12,163,163,43,0
12,163,163,44,0
12,163,163,45,1
12,163,163,46,0
12,163,163,47,1
12,163,163,0,3
12,164,164,1,293
12,164,164,2,24
12,164,164,3,2
12,164,164,4,1
12,164,164,5,0
12,164,164,6,0
12,164,164,7,0
12,164,164,8,0
12,164,164,9,0
12,164,164,10,25
12,164,164,11,0
12,164,164,12,0
12,164,164,13,0
12,164,164,14,1
12,164,164,15,0
12,164,164,16,562
12,164,164,17,1
12,164,164,18,1
12,164,164,19,0
12,164,164,20,1
12,164,164,21,0
12,164,164,22,0
12,164,164,23,0
12,164,164,24,0
12,164,164,25,0
12,164,164,26,0
12,164,164,27,0
12,164,164,28,0
12,164,164,29,0
12,164,164,30,0
12,164,164,31,1
12,164,164,32,0
12,164,164,33,3
12,164,164,34,1
12,164,164,35,1
12,164,164,36,0
12,164,164,37,0
12,164,164,38,1
12,164,164,39,0
12,164,164,40,2
12,164,164,41,5
12,164,164,42,1
12,164,164,43,0
12,164,164,44,0
12,164,164,45,0
12,164,164,46,0
12,164,164,47,0
12,164,164,0,0
12,165,165,1,163
12,165,165,2,16
12,165,165,3,1
12,165,165,4,1
12,165,165,5,0
12,165,165,6,1
12,165,165,7,1
12,165,165,8,1
12,165,165,9,0
12,165,165,10,28
12,165,165,11,1
12,165,165,12,0
12,165,165,13,2
12,165,165,14,0
12,165,165,15,2
12,165,165,16,457
12,165,165,17,3
12,165,165,18,0
12,165,165,19,1
12,165,165,20,0
12,165,165,21,0
12,165,165,22,0
12,165,165,23,0
12,165,165,24,0
12,165,165,25,0
12,165,165,26,0
12,165,165,27,0
12,165,165,28,0
12,165,165,29,0
12,165,165,30,0
12,165,165,31,0
12,165,165,32,2
12,165,165,33,0
12,165,165,34,0
12,165,165,35,0
12,165,165,36,0
12,165,165,37,1
12,165,165,38,0
12,165,165,39,0
12,165,165,40,0
12,165,165,41,0
12,165,165,42,0
12,165,165,43,0
12,165,165,44,0
12,165,165,45,0
12,165,165,46,0
12,165,165,47,0
12,165,165,0,1
12,166,166,1,172
12,166,166,2,20
12,166,166,3,0
12,166,166,4,0
12,166,166,5,0
12,166,166,6,1
12,166,166,7,0
12,166,166,8,0
12,166,166,9,0
12,166,166,10,29
12,166,166,11,0
12,166,166,12,0
12,166,166,13,2
12,166,166,14,0
12,166,166,15,1
12,166,166,16,472
12,166,166,17,2
12,166,166,18,0
12,166,166,19,0
12,166,166,20,0
12,166,166,21,0
12,166,166,22,0
12,166,166,23,0
12,166,166,24,0
12,166,166,25,0
12,166,166,26,0
12,166,166,27,0
12,166,166,28,0
12,166,166,29,0
12,166,166,30,1
12,166,166,31,2
12,166,166,32,0
12,166,166,33,3
12,166,166,34,0
12,166,166,35,0
12,166,166,36,1
12,166,166,37,0
12,166,166,38,0
12,166,166,39,0
12,166,166,40,0
12,166,166,41,1
12,166,166,42,1
12,166,166,43,0
12,166,166,44,0
12,166,166,45,1
12,166,166,46,4
12,166,166,47,0
12,166,166,0,3
12,167,167,1,164
12,167,167,2,11
12,167,167,3,0
12,167,167,4,0
12,167,167,5,0
12,167,167,6,0
12,167,167,7,0
12,167,167,8,0
12,167,167,9,1
12,167,167,10,38
12,167,167,11,0
12,167,167,12,0
12,167,167,13,0
12,167,167,14,1
12,167,167,15,0
12,167,167,16,404
12,167,167,17,0
12,167,167,18,0
12,167,167,19,1
12,167,167,20,0
12,167,167,21,0
12,167,167,22,0
12,167,167,23,0
12,167,167,24,0
12,167,167,25,0
12,167,167,26,0
12,167,167,27,0
12,167,167,28,0
12,167,167,29,0
12,167,167,30,0
12,167,167,31,0
12,167,167,32,0
12,167,167,33,0
12,167,167,34,3
12,167,167,35,0
12,167,167,36,0
12,167,167,37,0
12,167,167,38,1
12,167,167,39,0
12,167,167,40,0
12,167,167,41,0
12,167,167,42,0
12,167,167,43,0
12,167,167,44,0
12,167,167,45,0
12,167,167,46,0
12,167,167,47,1
12,167,167,0,3
12,168,168,1,123
12,168,168,2,16
12,168,168,3,0
12,168,168,4,0
12,168,168,5,0
12,168,168,6,0
12,168,168,7,0
12,168,168,8,0
12,168,168,9,0
12,168,168,10,28
12,168,168,11,0
12,168,168,12,0
12,168,168,13,0
12,168,168,14,0
12,168,168,15,0
12,168,168,16,262
12,168,168,17,2
12,168,168,18,0
12,168,168,19,1
12,168,168,20,0
12,168,168,21,0
12,168,168,22,0
12,168,168,23,0
12,168,168,24,0
12,168,168,25,1
12,168,168,26,0
12,168,168,27,0
12,168,168,28,0
12,168,168,29,0
12,168,168,30,0
12,168,168,31,0
12,168,168,32,0
12,168,168,33,1
12,168,168,34,0
12,168,168,35,0
12,168,168,36,0
12,168,168,37,0
12,168,168,38,1
12,168,168,39,0
12,168,168,40,0
12,168,168,41,0
12,168,168,42,0
12,168,168,43,0
12,168,168,44,0
12,168,168,45,0
12,168,168,46,1
12,168,168,47,0
12,168,168,0,3
12,169,169,1,249
12,169,169,2,21
12,169,169,3,2
12,169,169,4,0
12,169,169,5,1
12,169,169,6,0
12,169,169,7,0
12,169,169,8,0
12,169,169,9,0
12,169,169,10,30
12,169,169,11,0
12,169,169,12,0
12,169,169,13,0
12,169,169,14,1
12,169,169,15,0
12,169,169,16,467
12,169,169,17,2
12,169,169,18,0
12,169,169,19,2
12,169,169,20,1
12,169,169,21,0
12,169,169,22,0
12,169,169,23,0
12,169,169,24,0
12,169,169,25,0
12,169,169,26,0
12,169,169,27,0
12,169,169,28,0
12,169,169,29,1
12,169,169,30,0
12,169,169,31,0
12,169,169,32,2
12,169,169,33,2
12,169,169,34,0
12,169,169,35,1
12,169,169,36,0
12,169,169,37,0
12,169,169,38,0
12,169,169,39,0
12,169,169,40,0
12,169,169,41,1
12,169,169,42,0
12,169,169,43,0
12,169,169,44,0
12,169,169,45,0
12,169,169,46,0
12,169,169,47,1
12,169,169,0,2
12,170,170,1,219
12,170,170,2,10
12,170,170,3,1
12,170,170,4,0
12,170,170,5,0
12,170,170,6,0
12,170,170,7,0
12,170,170,8,0
12,170,170,9,0
12,170,170,10,23
12,170,170,11,0
12,170,170,12,1
12,170,170,13,0
12,170,170,14,0
12,170,170,15,0
12,170,170,16,503
12,170,170,17,0
12,170,170,18,0
12,170,170,19,0
12,170,170,20,0
12,170,170,21,0
12,170,170,22,0
12,170,170,23,0
12,170,170,24,0
12,170,170,25,0
12,170,170,26,1
12,170,170,27,0
12,170,170,28,1
12,170,170,29,0
12,170,170,30,0
12,170,170,31,0
12,170,170,32,0
12,170,170,33,0
12,170,170,34,0
12,170,170,35,0
12,170,170,36,0
12,170,170,37,0
12,170,170,38,0
12,170,170,39,0
12,170,170,40,0
12,170,170,41,0
12,170,170,42,0
12,170,170,43,0
12,170,170,44,0
12,170,170,45,0
12,170,170,46,0
12,170,170,47,1
12,170,170,0,2
12,171,171,1,172
12,171,171,2,18
12,171,171,3,0
12,171,171,4,0
12,171,171,5,0
12,171,171,6,0
12,171,171,7,0
12,171,171,8,0
12,171,171,9,0
12,171,171,10,29
12,171,171,11,0
12,171,171,12,0
12,171,171,13,1
12,171,171,14,1
12,171,171,15,0
12,171,171,16,332
12,171,171,17,0
12,171,171,18,0
12,171,171,19,1
12,171,171,20,0
12,171,171,21,0
12,171,171,22,1
12,171,171,23,0
12,171,171,24,0
12,171,171,25,0
12,171,171,26,0
12,171,171,27,0
12,171,171,28,1
12,171,171,29,0
12,171,171,30,0
12,171,171,31,0
12,171,171,32,0
12,171,171,33,0
12,171,171,34,0
12,171,171,35,0
12,171,171,36,0
12,171,171,37,0
12,171,171,38,1
12,171,171,39,1
12,171,171,40,0
12,171,171,41,0
12,171,171,42,0
12,171,171,43,0
12,171,171,44,0
12,171,171,45,0
12,171,171,46,0
12,171,171,47,0
12,171,171,0,0
12,172,172,1,243
12,172,172,2,17
12,172,172,3,0
12,172,172,4,0
12,172,172,5,0
12,172,172,6,0
12,172,172,7,0
12,172,172,8,0
12,172,172,9,0
12,172,172,10,28
12,172,172,11,0
12,172,172,12,0
12,172,172,13,0
12,172,172,14,0
12,172,172,15,0
12,172,172,16,404
12,172,172,17,0
12,172,172,18,0
12,172,172,19,0
12,172,172,20,0
12,172,172,21,1
12,172,172,22,0
12,172,172,23,0
12,172,172,24,0
12,172,172,25,0
12,172,172,26,1
12,172,172,27,0
12,172,172,28,0
12,172,172,29,0
12,172,172,30,0
12,172,172,31,0
12,172,172,32,0
12,172,172,33,0
12,172,172,34,0
12,172,172,35,2
12,172,172,36,0
12,172,172,37,1
12,172,172,38,0
12,172,172,39,0
12,172,172,40,0
12,172,172,41,2
12,172,172,42,0
12,172,172,43,0
12,172,172,44,1
12,172,172,45,0
12,172,172,46,0
12,172,172,47,0
12,172,172,0,3
12,173,173,1,191
12,173,173,2,22
12,173,173,3,2
12,173,173,4,0
12,173,173,5,0
12,173,173,6,0
12,173,173,7,0
12,173,173,8,0
12,173,173,9,3
12,173,173,10,21
12,173,173,11,0
12,173,173,12,0
12,173,173,13,0
12,173,173,14,0
12,173,173,15,2
12,173,173,16,513
12,173,173,17,3
12,173,173,18,1
12,173,173,19,1
12,173,173,20,0
12,173,173,21,0
12,173,173,22,0
12,173,173,23,0
12,173,173,24,0
12,173,173,25,0
12,173,173,26,1
12,173,173,27,0
12,173,173,28,0
12,173,173,29,0
12,173,173,30,1
12,173,173,31,0
12,173,173,32,0
12,173,173,33,0
12,173,173,34,0
12,173,173,35,0
12,173,173,36,0
12,173,173,37,0
12,173,173,38,2
12,173,173,39,0
12,173,173,40,0
12,173,173,41,0
12,173,173,42,0
12,173,173,43,0
12,173,173,44,0
12,173,173,45,0
12,173,173,46,1
12,173,173,47,1
12,173,173,0,1
12,174,174,1,263
12,174,174,2,22
12,174,174,3,0
12,174,174,4,1
12,174,174,5,1
12,174,174,6,0
12,174,174,7,0
12,174,174,8,0
12,174,174,9,0
12,174,174,10,67
12,174,174,11,0
12,174,174,12,0
12,174,174,13,1
12,174,174,14,0
12,174,174,15,0
12,174,174,16,541
12,174,174,17,0
12,174,174,18,0
12,174,174,19,1
12,174,174,20,0
12,174,174,21,0
12,174,174,22,0
12,174,174,23,0
12,174,174,24,0
12,174,174,25,0
12,174,174,26,0
12,174,174,27,0
12,174,174,28,0
12,174,174,29,0
12,174,174,30,0
12,174,174,31,0
12,174,174,32,0
12,174,174,33,0
12,174,174,34,1
12,174,174,35,0
12,174,174,36,0
12,174,174,37,0
12,174,174,38,0
12,174,174,39,0
12,174,174,40,0
12,174,174,41,0
12,174,174,42,0
12,174,174,43,0
12,174,174,44,0
12,174,174,45,0
12,174,174,46,0
12,174,174,47,0
12,174,174,0,3
12,175,175,1,203
12,175,175,2,18
12,175,175,3,3
12,175,175,4,0
12,175,175,5,0
12,175,175,6,0
12,175,175,7,0
12,175,175,8,0
12,175,175,9,0
12,175,175,10,39
12,175,175,11,0
12,175,175,12,0
12,175,175,13,0
12,175,175,14,2
12,175,175,15,0
12,175,175,16,347
12,175,175,17,0
12,175,175,18,0
12,175,175,19,0
12,175,175,20,0
12,175,175,21,0
12,175,175,22,0
12,175,175,23,0
12,175,175,24,0
12,175,175,25,0
12,175,175,26,1
12,175,175,27,0
12,175,175,28,0
12,175,175,29,0
12,175,175,30,1
12,175,175,31,0
12,175,175,32,0
12,175,175,33,0
12,175,175,34,0
12,175,175,35,0
12,175,175,36,0
12,175,175,37,0
12,175,175,38,0
12,175,175,39,0
12,175,175,40,0
12,175,175,41,0
12,175,175,42,1
12,175,175,43,0
12,175,175,44,0
12,175,175,45,0
12,175,175,46,0
12,175,175,47,0
12,175,175,0,0
12,176,176,1,236
12,176,176,2,18
12,176,176,3,0
12,176,176,4,0
12,176,176,5,0
12,176,176,6,0
12,176,176,7,1
12,176,176,8,0
12,176,176,9,1
12,176,176,10,47
12,176,176,11,0
12,176,176,12,0
12,176,176,13,0
12,176,176,14,0
12,176,176,15,0
12,176,176,16,416
12,176,176,17,1
12,176,176,18,0
12,176,176,19,0
12,176,176,20,0
12,176,176,21,0
12,176,176,22,0
12,176,176,23,0
12,176,176,24,0
12,176,176,25,0
12,176,176,26,1
12,176,176,27,0
12,176,176,28,0
12,176,176,29,0
12,176,176,30,0
12,176,176,31,0
12,176,176,32,0
12,176,176,33,0
12,176,176,34,0
12,176,176,35,0
12,176,176,36,1
12,176,176,37,0
12,176,176,38,0
12,176,176,39,0
12,176,176,40,0
12,176,176,41,0
12,176,176,42,0
12,176,176,43,0
12,176,176,44,0
12,176,176,45,0
12,176,176,46,0
12,176,176,47,0
12,176,176,0,4
12,177,177,1,222
12,177,177,2,17
12,177,177,3,1
12,177,177,4,0
12,177,177,5,0
12,177,177,6,0
12,177,177,7,0
12,177,177,8,0
12,177,177,9,0
12,177,177,10,19
12,177,177,11,1
12,177,177,12,0
12,177,177,13,1
12,177,177,14,1
12,177,177,15,0
12,177,177,16,404
12,177,177,17,0
12,177,177,18,0
12,177,177,19,0
12,177,177,20,0
12,177,177,21,0
12,177,177,22,0
12,177,177,23,0
12,177,177,24,0
12,177,177,25,0
12,177,177,26,0
12,177,177,27,0
12,177,177,28,0
12,177,177,29,0
12,177,177,30,0
12,177,177,31,1
12,177,177,32,1
12,177,177,33,1
12,177,177,34,0
12,177,177,35,0
12,177,177,36,0
12,177,177,37,0
12,177,177,38,0
12,177,177,39,0
12,177,177,40,0
12,177,177,41,1
12,177,177,42,0
12,177,177,43,0
12,177,177,44,0
12,177,177,45,0
12,177,177,46,0
12,177,177,47,0
12,177,177,0,0
12,178,178,1,164
12,178,178,2,14
12,178,178,3,0
12,178,178,4,0
12,178,178,5,0
12,178,178,6,0
12,178,178,7,0
12,178,178,8,0
12,178,178,9,0
12,178,178,10,25
12,178,178,11,1
12,178,178,12,1
12,178,178,13,0
12,178,178,14,2
12,178,178,15,1
12,178,178,16,376
12,178,178,17,1
12,178,178,18,0
12,178,178,19,0
12,178,178,20,0
12,178,178,21,0
12,178,178,22,0
12,178,178,23,0
12,178,178,24,0
12,178,178,25,0
12,178,178,26,0
12,178,178,27,0
12,178,178,28,0
12,178,178,29,0
12,178,178,30,1
12,178,178,31,0
12,178,178,32,0
12,178,178,33,0
12,178,178,34,0
12,178,178,35,0
12,178,178,36,0
12,178,178,37,1
12,178,178,38,0
12,178,178,39,0
12,178,178,40,0
12,178,178,41,1
12,178,178,42,1
12,178,178,43,0
12,178,178,44,0
12,178,178,45,2
12,178,178,46,0
12,178,178,47,0
12,178,178,0,1
12,179,179,1,184
12,179,179,2,15
12,179,179,3,1
12,179,179,4,0
12,179,179,5,0
12,179,179,6,0
12,179,179,7,0
12,179,179,8,0
12,179,179,9,0
12,179,179,10,39
12,179,179,11,0
12,179,179,12,0
12,179,179,13,0
12,179,179,14,0
12,179,179,15,0
12,179,179,16,341
12,179,179,17,0
12,179,179,18,0
12,179,179,19,0
12,179,179,20,0
12,179,179,21,0
12,179,179,22,0
12,179,179,23,0
12,179,179,24,1
12,179,179,25,0
12,179,179,26,0
12,179,179,27,0
12,179,179,28,0
12,179,179,29,0
12,179,179,30,0
12,179,179,31,1
12,179,179,32,0
12,179,179,33,0
12,179,179,34,0
12,179,179,35,0
12,179,179,36,0
12,179,179,37,0
12,179,179,38,1
12,179,179,39,0
12,179,179,40,1
12,179,179,41,0
12,179,179,42,0
12,179,179,43,0
12,179,179,44,0
12,179,179,45,0
12,179,179,46,0
12,179,179,47,0
12,179,179,0,1
12,180,180,1,215
12,180,180,2,10
12,180,180,3,1
12,180,180,4,1
12,180,180,5,0
12,180,180,6,0
12,180,180,7,0
12,180,180,8,0
12,180,180,9,1
12,180,180,10,46
12,180,180,11,0
12,180,180,12,0
12,180,180,13,1
12,180,180,14,0
12,180,180,15,1
12,180,180,16,344
12,180,180,17,0
12,180,180,18,1
12,180,180,19,0
12,180,180,20,0
12,180,180,21,0
12,180,180,22,0
12,180,180,23,0
12,180,180,24,0
12,180,180,25,0
12,180,180,26,0
12,180,180,27,0
12,180,180,28,0
12,180,180,29,0
12,180,180,30,0
12,180,180,31,0
12,180,180,32,0
12,180,180,33,0
12,180,180,34,3
12,180,180,35,0
12,180,180,36,0
12,180,180,37,0
12,180,180,38,0
12,180,180,39,0
12,180,180,40,0
12,180,180,41,1
12,180,180,42,0
12,180,180,43,0
12,180,180,44,0
12,180,180,45,0
12,180,180,46,0
12,180,180,47,0
12,180,180,0,3
12,181,181,1,201
12,181,181,2,16
12,181,181,3,0
12,181,181,4,0
12,181,181,5,0
12,181,181,6,1
12,181,181,7,2
12,181,181,8,0
12,181,181,9,1
12,181,181,10,45
12,181,181,11,0
12,181,181,12,0
12,181,181,13,0
12,181,181,14,1
12,181,181,15,0
12,181,181,16,372
12,181,181,17,0
12,181,181,18,0
12,181,181,19,1
12,181,181,20,0
12,181,181,21,0
12,181,181,22,0
12,181,181,23,0
12,181,181,24,0
12,181,181,25,0
12,181,181,26,0
12,181,181,27,0
12,181,181,28,0
12,181,181,29,0
12,181,181,30,0
12,181,181,31,1
12,181,181,32,1
12,181,181,33,1
12,181,181,34,0
12,181,181,35,1
12,181,181,36,0
12,181,181,37,0
12,181,181,38,0
12,181,181,39,1
12,181,181,40,1
12,181,181,41,6
12,181,181,42,2
12,181,181,43,0
12,181,181,44,1
12,181,181,45,0
12,181,181,46,1
12,181,181,47,0
12,181,181,0,6
12,182,182,1,213
12,182,182,2,16
12,182,182,3,1
12,182,182,4,0
12,182,182,5,0
12,182,182,6,0
12,182,182,7,0
12,182,182,8,0
12,182,182,9,0
12,182,182,10,39
12,182,182,11,0
12,182,182,12,1
12,182,182,13,1
12,182,182,14,2
12,182,182,15,0
12,182,182,16,350
12,182,182,17,0
12,182,182,18,0
12,182,182,19,1
12,182,182,20,0
12,182,182,21,0
12,182,182,22,0
12,182,182,23,0
12,182,182,24,0
12,182,182,25,0
12,182,182,26,0
12,182,182,27,0
12,182,182,28,0
12,182,182,29,0
12,182,182,30,0
12,182,182,31,0
12,182,182,32,0
12,182,182,33,0
12,182,182,34,1
12,182,182,35,0
12,182,182,36,0
12,182,182,37,0
12,182,182,38,0
12,182,182,39,0
12,182,182,40,0
12,182,182,41,0
12,182,182,42,0
12,182,182,43,0
12,182,182,44,0
12,182,182,45,0
12,182,182,46,0
12,182,182,47,0
12,182,182,0,3
12,183,183,1,185
12,183,183,2,18
12,183,183,3,1
12,183,183,4,0
12,183,183,5,0
12,183,183,6,0
12,183,183,7,0
12,183,183,8,0
12,183,183,9,1
12,183,183,10,55
12,183,183,11,0
12,183,183,12,0
12,183,183,13,1
12,183,183,14,0
12,183,183,15,0
12,183,183,16,484
12,183,183,17,1
12,183,183,18,0
12,183,183,19,0
12,183,183,20,0
12,183,183,21,0
12,183,183,22,0
12,183,183,23,0
12,183,183,24,0
12,183,183,25,0
12,183,183,26,0
12,183,183,27,0
12,183,183,28,0
12,183,183,29,0
12,183,183,30,1
12,183,183,31,0
12,183,183,32,0
12,183,183,33,0
12,183,183,34,0
12,183,183,35,0
12,183,183,36,0
12,183,183,37,0
12,183,183,38,0
12,183,183,39,0
12,183,183,40,0
12,183,183,41,0
12,183,183,42,0
12,183,183,43,0
12,183,183,44,1
12,183,183,45,1
12,183,183,46,0
12,183,183,47,0
12,183,183,0,2
12,184,184,1,115
12,184,184,2,12
12,184,184,3,0
12,184,184,4,0
12,184,184,5,0
12,184,184,6,0
12,184,184,7,0
12,184,184,8,0
12,184,184,9,0
12,184,184,10,38
12,184,184,11,0
12,184,184,12,0
12,184,184,13,2
12,184,184,14,0
12,184,184,15,0
12,184,184,16,323
12,184,184,17,0
12,184,184,18,0
12,184,184,19,1
12,184,184,20,0
12,184,184,21,0
12,184,184,22,0
12,184,184,23,0
12,184,184,24,0
12,184,184,25,0
12,184,184,26,0
12,184,184,27,0
12,184,184,28,0
12,184,184,29,0
12,184,184,30,0
12,184,184,31,1
12,184,184,32,0
12,184,184,33,0
12,184,184,34,0
12,184,184,35,0
12,184,184,36,0
12,184,184,37,0
12,184,184,38,1
12,184,184,39,0
12,184,184,40,0
12,184,184,41,0
12,184,184,42,0
12,184,184,43,0
12,184,184,44,0
12,184,184,45,0
12,184,184,46,0
12,184,184,47,0
12,184,184,0,0
12,185,185,1,169
12,185,185,2,15
12,185,185,3,2
12,185,185,4,0
12,185,185,5,0
12,185,185,6,0
12,185,185,7,0
12,185,185,8,0
12,185,185,9,0
12,185,185,10,47
12,185,185,11,1
12,185,185,12,0
12,185,185,13,1
12,185,185,14,2
12,185,185,15,1
12,185,185,16,360
12,185,185,17,0
12,185,185,18,1
12,185,185,19,0
12,185,185,20,0
12,185,185,21,0
12,185,185,22,0
12,185,185,23,0
12,185,185,24,0
12,185,185,25,0
12,185,185,26,0
12,185,185,27,0
12,185,185,28,0
12,185,185,29,3
12,185,185,30,0
12,185,185,31,0
12,185,185,32,1
12,185,185,33,1
12,185,185,34,1
12,185,185,35,0
12,185,185,36,0
12,185,185,37,0
12,185,185,38,0
12,185,185,39,0
12,185,185,40,0
12,185,185,41,0
12,185,185,42,0
12,185,185,43,0
12,185,185,44,0
12,185,185,45,0
12,185,185,46,0
12,185,185,47,0
12,185,185,0,2
12,186,186,1,217
12,186,186,2,11
12,186,186,3,0
12,186,186,4,0
12,186,186,5,0
12,186,186,6,0
12,186,186,7,0
12,186,186,8,0
12,186,186,9,0
12,186,186,10,19
12,186,186,11,0
12,186,186,12,0
12,186,186,13,0
12,186,186,14,1
12,186,186,15,1
12,186,186,16,407
12,186,186,17,0
12,186,186,18,0
12,186,186,19,0
12,186,186,20,0
12,186,186,21,0
12,186,186,22,0
12,186,186,23,0
12,186,186,24,0
12,186,186,25,0
12,186,186,26,0
12,186,186,27,0
12,186,186,28,0
12,186,186,29,0
12,186,186,30,1
12,186,186,31,1
12,186,186,32,0
12,186,186,33,1
12,186,186,34,2
12,186,186,35,0
12,186,186,36,0
12,186,186,37,0
12,186,186,38,1
12,186,186,39,0
12,186,186,40,0
12,186,186,41,1
12,186,186,42,0
12,186,186,43,0
12,186,186,44,0
12,186,186,45,0
12,186,186,46,0
12,186,186,47,0
12,186,186,0,2
12,187,187,1,150
12,187,187,2,10
12,187,187,3,0
12,187,187,4,0
12,187,187,5,0
12,187,187,6,0
12,187,187,7,0
12,187,187,8,0
12,187,187,9,0
12,187,187,10,12
12,187,187,11,0
12,187,187,12,0
12,187,187,13,0
12,187,187,14,0
12,187,187,15,1
12,187,187,16,353
12,187,187,17,0
12,187,187,18,0
12,187,187,19,0
12,187,187,20,0
12,187,187,21,0
12,187,187,22,0
12,187,187,23,1
12,187,187,24,0
12,187,187,25,0
12,187,187,26,0
12,187,187,27,0
12,187,187,28,0
12,187,187,29,0
12,187,187,30,0
12,187,187,31,0
12,187,187,32,0
12,187,187,33,0
12,187,187,34,0
12,187,187,35,0
12,187,187,36,0
12,187,187,37,0
12,187,187,38,0
12,187,187,39,0
12,187,187,40,0
12,187,187,41,0
12,187,187,42,0
12,187,187,43,0
12,187,187,44,0
12,187,187,45,0
12,187,187,46,0
12,187,187,47,0
12,187,187,0,0
12,188,188,1,207
12,188,188,2,20
12,188,188,3,0
12,188,188,4,0
12,188,188,5,0
12,188,188,6,0
12,188,188,7,1
12,188,188,8,0
12,188,188,9,0
12,188,188,10,38
12,188,188,11,0
12,188,188,12,0
12,188,188,13,0
12,188,188,14,0
12,188,188,15,0
12,188,188,16,471
12,188,188,17,0
12,188,188,18,0
12,188,188,19,1
12,188,188,20,0
12,188,188,21,0
12,188,188,22,0
12,188,188,23,0
12,188,188,24,0
12,188,188,25,0
12,188,188,26,0
12,188,188,27,0
12,188,188,28,0
12,188,188,29,0
12,188,188,30,0
12,188,188,31,0
12,188,188,32,0
12,188,188,33,0
12,188,188,34,0
12,188,188,35,0
12,188,188,36,0
12,188,188,37,0
12,188,188,38,0
12,188,188,39,0
12,188,188,40,0
12,188,188,41,0
12,188,188,42,1
12,188,188,43,0
12,188,188,44,0
12,188,188,45,0
12,188,188,46,0
12,188,188,47,0
12,188,188,0,1
12,189,189,1,215
12,189,189,2,8
12,189,189,3,0
12,189,189,4,0
12,189,189,5,0
12,189,189,6,1
12,189,189,7,1
12,189,189,8,0
12,189,189,9,0
12,189,189,10,31
12,189,189,11,0
12,189,189,12,0
12,189,189,13,4
12,189,189,14,0
12,189,189,15,1
12,189,189,16,405
12,189,189,17,1
12,189,189,18,0
12,189,189,19,1
12,189,189,20,0
12,189,189,21,0
12,189,189,22,0
12,189,189,23,0
12,189,189,24,0
12,189,189,25,0
12,189,189,26,0
12,189,189,27,0
12,189,189,28,0
12,189,189,29,0
12,189,189,30,1
12,189,189,31,0
12,189,189,32,1
12,189,189,33,0
12,189,189,34,0
12,189,189,35,1
12,189,189,36,0
12,189,189,37,0
12,189,189,38,0
12,189,189,39,0
12,189,189,40,0
12,189,189,41,3
12,189,189,42,0
12,189,189,43,0
12,189,189,44,0
12,189,189,45,1
12,189,189,46,1
12,189,189,47,0
12,189,189,0,0
12,190,190,1,227
12,190,190,2,28
12,190,190,3,0
12,190,190,4,1
12,190,190,5,0
12,190,190,6,0
12,190,190,7,0
12,190,190,8,0
12,190,190,9,1
12,190,190,10,24
12,190,190,11,0
12,190,190,12,0
12,190,190,13,1
12,190,190,14,1
12,190,190,15,0
12,190,190,16,504
12,190,190,17,3
12,190,190,18,1
12,190,190,19,0
12,190,190,20,0
12,190,190,21,0
12,190,190,22,0
12,190,190,23,0
12,190,190,24,0
12,190,190,25,0
12,190,190,26,1
12,190,190,27,0
12,190,190,28,0
12,190,190,29,0
12,190,190,30,0
12,190,190,31,0
12,190,190,32,0
12,190,190,33,0
12,190,190,34,0
12,190,190,35,0
12,190,190,36,0
12,190,190,37,0
12,190,190,38,1
12,190,190,39,1
12,190,190,40,0
12,190,190,41,1
12,190,190,42,0
12,190,190,43,1
12,190,190,44,0
12,190,190,45,0
12,190,190,46,0
12,190,190,47,0
12,190,190,0,2
12,191,191,1,195
12,191,191,2,26
12,191,191,3,1
12,191,191,4,1
12,191,191,5,0
12,191,191,6,0
12,191,191,7,0
12,191,191,8,0
12,191,191,9,0
12,191,191,10,26
12,191,191,11,0
12,191,191,12,0
12,191,191,13,3
12,191,191,14,0
12,191,191,15,0
12,191,191,16,469
12,191,191,17,0
12,191,191,18,1
12,191,191,19,0
12,191,191,20,0
12,191,191,21,0
12,191,191,22,0
12,191,191,23,0
12,191,191,24,0
12,191,191,25,0
12,191,191,26,1
12,191,191,27,0
12,191,191,28,0
12,191,191,29,0
12,191,191,30,0
12,191,191,31,0
12,191,191,32,0
12,191,191,33,0
12,191,191,34,0
12,191,191,35,0
12,191,191,36,0
12,191,191,37,0
12,191,191,38,1
12,191,191,39,0
12,191,191,40,0
12,191,191,41,2
12,191,191,42,0
12,191,191,43,0
12,191,191,44,0
12,191,191,45,0
12,191,191,46,1
12,191,191,47,0
12,191,191,0,5
12,192,192,1,163
12,192,192,2,8
12,192,192,3,0
12,192,192,4,0
12,192,192,5,1
12,192,192,6,0
12,192,192,7,0
12,192,192,8,0
12,192,192,9,0
12,192,192,10,17
12,192,192,11,0
12,192,192,12,0
12,192,192,13,2
12,192,192,14,0
12,192,192,15,0
12,192,192,16,285
12,192,192,17,0
12,192,192,18,0
12,192,192,19,1
12,192,192,20,0
12,192,192,21,0
12,192,192,22,0
12,192,192,23,0
12,192,192,24,0
12,192,192,25,0
12,192,192,26,0
12,192,192,27,0
12,192,192,28,0
12,192,192,29,1
12,192,192,30,0
12,192,192,31,0
12,192,192,32,0
12,192,192,33,0
12,192,192,34,0
12,192,192,35,0
12,192,192,36,0
12,192,192,37,0
12,192,192,38,0
12,192,192,39,0
12,192,192,40,0
12,192,192,41,1
12,192,192,42,0
12,192,192,43,0
12,192,192,44,0
12,192,192,45,0
12,192,192,46,0
12,192,192,47,0
12,192,192,0,0
12,193,193,1,287
12,193,193,2,7
12,193,193,3,0
12,193,193,4,1
12,193,193,5,0
12,193,193,6,0
12,193,193,7,0
12,193,193,8,0
12,193,193,9,1
12,193,193,10,23
12,193,193,11,0
12,193,193,12,0
12,193,193,13,2
12,193,193,14,0
12,193,193,15,0
12,193,193,16,373
12,193,193,17,1
12,193,193,18,0
12,193,193,19,0
12,193,193,20,0
12,193,193,21,0
12,193,193,22,0
12,193,193,23,0
12,193,193,24,0
12,193,193,25,0
12,193,193,26,0
12,193,193,27,0
12,193,193,28,0
12,193,193,29,1
12,193,193,30,0
12,193,193,31,0
12,193,193,32,1
12,193,193,33,0
12,193,193,34,0
12,193,193,35,0
12,193,193,36,0
12,193,193,37,0
12,193,193,38,0
12,193,193,39,0
12,193,193,40,0
12,193,193,41,2
12,193,193,42,0
12,193,193,43,0
12,193,193,44,0
12,193,193,45,0
12,193,193,46,0
12,193,193,47,0
12,193,193,0,3
12,194,194,1,158
12,194,194,2,17
12,194,194,3,0
12,194,194,4,0
12,194,194,5,0
12,194,194,6,0
12,194,194,7,0
12,194,194,8,0
12,194,194,9,0
12,194,194,10,29
12,194,194,11,1
12,194,194,12,0
12,194,194,13,0
12,194,194,14,1
12,194,194,15,0
12,194,194,16,440
12,194,194,17,1
12,194,194,18,0
12,194,194,19,0
12,194,194,20,0
12,194,194,21,0
12,194,194,22,0
12,194,194,23,0
12,194,194,24,0
12,194,194,25,0
12,194,194,26,0
12,194,194,27,0
12,194,194,28,0
12,194,194,29,0
12,194,194,30,0
12,194,194,31,0
12,194,194,32,0
12,194,194,33,1
12,194,194,34,0
12,194,194,35,0
12,194,194,36,0
12,194,194,37,0
12,194,194,38,0
12,194,194,39,0
12,194,194,40,0
12,194,194,41,2
12,194,194,42,0
12,194,194,43,0
12,194,194,44,0
12,194,194,45,0
12,194,194,46,0
12,194,194,47,0
12,194,194,0,0
12,195,195,1,161
12,195,195,2,22
12,195,195,3,0
12,195,195,4,0
12,195,195,5,0
12,195,195,6,0
12,195,195,7,0
12,195,195,8,0
12,195,195,9,0
12,195,195,10,23
12,195,195,11,0
12,195,195,12,0
12,195,195,13,1
12,195,195,14,1
12,195,195,15,0
12,195,195,16,335
12,195,195,17,0
12,195,195,18,1
12,195,195,19,0
12,195,195,20,0
12,195,195,21,0
12,195,195,22,0
12,195,195,23,0
12,195,195,24,0
12,195,195,25,0
12,195,195,26,0
12,195,195,27,0
12,195,195,28,0
12,195,195,29,0
12,195,195,30,0
12,195,195,31,0
12,195,195,32,1
12,195,195,33,0
12,195,195,34,0
12,195,195,35,0
12,195,195,36,0
12,195,195,37,0
12,195,195,38,0
12,195,195,39,0
12,195,195,40,0
12,195,195,41,0
12,195,195,42,0
12,195,195,43,0
12,195,195,44,0
12,195,195,45,0
12,195,195,46,0
12,195,195,47,0
12,195,195,0,3
12,196,196,1,261
12,196,196,2,26
12,196,196,3,0
12,196,196,4,0
12,196,196,5,0
12,196,196,6,0
12,196,196,7,0
12,196,196,8,0
12,196,196,9,0
12,196,196,10,11
12,196,196,11,0
12,196,196,12,0
12,196,196,13,0
12,196,196,14,0
12,196,196,15,0
12,196,196,16,479
12,196,196,17,0
12,196,196,18,1
12,196,196,19,0
12,196,196,20,0
12,196,196,21,0
12,196,196,22,0
12,196,196,23,0
12,196,196,24,0
12,196,196,25,0
12,196,196,26,0
12,196,196,27,0
12,196,196,28,0
12,196,196,29,0
12,196,196,30,0
12,196,196,31,0
12,196,196,32,1
12,196,196,33,0
12,196,196,34,0
12,196,196,35,0
12,196,196,36,0
12,196,196,37,0
12,196,196,38,0
12,196,196,39,0
12,196,196,40,0
12,196,196,41,0
12,196,196,42,0
12,196,196,43,0
12,196,196,44,0
12,196,196,45,0
12,196,196,46,0
12,196,196,47,0
12,196,196,0,0
12,197,197,1,241
12,197,197,2,13
12,197,197,3,0
12,197,197,4,0
12,197,197,5,0
12,197,197,6,0
12,197,197,7,0
12,197,197,8,0
12,197,197,9,1
12,197,197,10,16
12,197,197,11,0
12,197,197,12,0
12,197,197,13,2
12,197,197,14,0
12,197,197,15,1
12,197,197,16,472
12,197,197,17,1
12,197,197,18,0
12,197,197,19,0
12,197,197,20,0
12,197,197,21,0
12,197,197,22,0
12,197,197,23,0
12,197,197,24,0
12,197,197,25,0
12,197,197,26,0
12,197,197,27,1
12,197,197,28,0
12,197,197,29,0
12,197,197,30,0
12,197,197,31,0
12,197,197,32,0
12,197,197,33,1
12,197,197,34,0
12,197,197,35,0
12,197,197,36,0
12,197,197,37,0
12,197,197,38,0
12,197,197,39,0
12,197,197,40,0
12,197,197,41,1
12,197,197,42,0
12,197,197,43,0
12,197,197,44,0
12,197,197,45,1
12,197,197,46,0
12,197,197,47,0
12,197,197,0,1
12,198,198,1,329
12,198,198,2,28
12,198,198,3,2
12,198,198,4,1
12,198,198,5,0
12,198,198,6,0
12,198,198,7,0
12,198,198,8,0
12,198,198,9,1
12,198,198,10,24
12,198,198,11,1
12,198,198,12,1
12,198,198,13,0
12,198,198,14,0
12,198,198,15,0
12,198,198,16,394
12,198,198,17,0
12,198,198,18,0
12,198,198,19,0
12,198,198,20,0
12,198,198,21,0
12,198,198,22,0
12,198,198,23,0
12,198,198,24,0
12,198,198,25,0
12,198,198,26,0
12,198,198,27,0
12,198,198,28,0
12,198,198,29,1
12,198,198,30,0
12,198,198,31,1
12,198,198,32,1
12,198,198,33,1
12,198,198,34,1
12,198,198,35,0
12,198,198,36,0
12,198,198,37,0
12,198,198,38,1
12,198,198,39,0
12,198,198,40,0
12,198,198,41,1
12,198,198,42,0
12,198,198,43,0
12,198,198,44,0
12,198,198,45,0
12,198,198,46,0
12,198,198,47,0
12,198,198,0,2
12,199,199,1,212
12,199,199,2,5
12,199,199,3,0
12,199,199,4,2
12,199,199,5,0
12,199,199,6,0
12,199,199,7,0
12,199,199,8,0
12,199,199,9,0
12,199,199,10,13
12,199,199,11,0
12,199,199,12,0
12,199,199,13,2
12,199,199,14,0
12,199,199,15,0
12,199,199,16,266
12,199,199,17,1
12,199,199,18,0
12,199,199,19,1
12,199,199,20,0
12,199,199,21,0
12,199,199,22,0
12,199,199,23,0
12,199,199,24,0
12,199,199,25,0
12,199,199,26,0
12,199,199,27,0
12,199,199,28,0
12,199,199,29,0
12,199,199,30,0
12,199,199,31,0
12,199,199,32,0
12,199,199,33,0
12,199,199,34,0
12,199,199,35,0
12,199,199,36,0
12,199,199,37,0
12,199,199,38,0
12,199,199,39,0
12,199,199,40,0
12,199,199,41,0
12,199,199,42,0
12,199,199,43,0
12,199,199,44,0
12,199,199,45,1
12,199,199,46,0
12,199,199,47,0
12,199,199,0,2
12,200,200,1,169
12,200,200,2,9
12,200,200,3,0
12,200,200,4,0
12,200,200,5,0
12,200,200,6,0
12,200,200,7,0
12,200,200,8,0
12,200,200,9,0
12,200,200,10,12
12,200,200,11,0
12,200,200,12,0
12,200,200,13,1
12,200,200,14,0
12,200,200,15,0
12,200,200,16,199
12,200,200,17,0
12,200,200,18,0
12,200,200,19,0
12,200,200,20,0
12,200,200,21,0
12,200,200,22,0
12,200,200,23,0
12,200,200,24,0
12,200,200,25,0
12,200,200,26,0
12,200,200,27,0
12,200,200,28,0
12,200,200,29,0
12,200,200,30,0
12,200,200,31,0
12,200,200,32,0
12,200,200,33,0
12,200,200,34,0
12,200,200,35,0
12,200,200,36,0
12,200,200,37,0
12,200,200,38,0
12,200,200,39,0
12,200,200,40,0
12,200,200,41,0
12,200,200,42,0
12,200,200,43,0
12,200,200,44,0
12,200,200,45,0
12,200,200,46,0
12,200,200,47,0
12,200,200,0,0
12,201,201,1,227
12,201,201,2,17
12,201,201,3,1
12,201,201,4,0
12,201,201,5,0
12,201,201,6,0
12,201,201,7,0
12,201,201,8,0
12,201,201,9,1
12,201,201,10,47
12,201,201,11,0
12,201,201,12,0
12,201,201,13,0
12,201,201,14,1
12,201,201,15,0
12,201,201,16,382
12,201,201,17,0
12,201,201,18,0
12,201,201,19,0
12,201,201,20,0
12,201,201,21,0
12,201,201,22,0
12,201,201,23,0
12,201,201,24,0
12,201,201,25,0
12,201,201,26,0
12,201,201,27,0
12,201,201,28,0
12,201,201,29,1
12,201,201,30,0
12,201,201,31,0
12,201,201,32,1
12,201,201,33,0
12,201,201,34,0
12,201,201,35,0
12,201,201,36,0
12,201,201,37,0
12,201,201,38,0
12,201,201,39,0
12,201,201,40,0
12,201,201,41,0
12,201,201,42,0
12,201,201,43,0
12,201,201,44,0
12,201,201,45,0
12,201,201,46,0
12,201,201,47,1
12,201,201,0,6
12,202,202,1,267
12,202,202,2,25
12,202,202,3,0
12,202,202,4,0
12,202,202,5,0
12,202,202,6,0
12,202,202,7,0
12,202,202,8,0
12,202,202,9,0
12,202,202,10,41
12,202,202,11,0
12,202,202,12,0
12,202,202,13,0
12,202,202,14,0
12,202,202,15,0
12,202,202,16,429
12,202,202,17,0
12,202,202,18,0
12,202,202,19,0
12,202,202,20,0
12,202,202,21,0
12,202,202,22,0
12,202,202,23,0
12,202,202,24,0
12,202,202,25,0
12,202,202,26,0
12,202,202,27,0
12,202,202,28,0
12,202,202,29,0
12,202,202,30,0
12,202,202,31,0
12,202,202,32,0
12,202,202,33,0
12,202,202,34,0
12,202,202,35,0
12,202,202,36,0
12,202,202,37,0
12,202,202,38,0
12,202,202,39,0
12,202,202,40,0
12,202,202,41,1
12,202,202,42,0
12,202,202,43,0
12,202,202,44,0
12,202,202,45,0
12,202,202,46,0
12,202,202,47,1
12,202,202,0,1
12,203,203,1,226
12,203,203,2,20
12,203,203,3,1
12,203,203,4,0
12,203,203,5,0
12,203,203,6,0
12,203,203,7,0
12,203,203,8,0
12,203,203,9,0
12,203,203,10,13
12,203,203,11,0
12,203,203,12,0
12,203,203,13,0
12,203,203,14,0
12,203,203,15,1
12,203,203,16,368
12,203,203,17,1
12,203,203,18,0
12,203,203,19,0
12,203,203,20,0
12,203,203,21,0
12,203,203,22,0
12,203,203,23,1
12,203,203,24,1
12,203,203,25,1
12,203,203,26,0
12,203,203,27,1
12,203,203,28,0
12,203,203,29,0
12,203,203,30,0
12,203,203,31,0
12,203,203,32,0
12,203,203,33,0
12,203,203,34,0
12,203,203,35,1
12,203,203,36,0
12,203,203,37,0
12,203,203,38,1
12,203,203,39,0
12,203,203,40,0
12,203,203,41,4
12,203,203,42,1
12,203,203,43,0
12,203,203,44,1
12,203,203,45,0
12,203,203,46,0
12,203,203,47,0
12,203,203,0,4
12,204,204,1,233
12,204,204,2,12
12,204,204,3,0
12,204,204,4,0
12,204,204,5,0
12,204,204,6,0
12,204,204,7,0
12,204,204,8,0
12,204,204,9,0
12,204,204,10,35
12,204,204,11,0
12,204,204,12,0
12,204,204,13,0
12,204,204,14,0
12,204,204,15,0
12,204,204,16,375
12,204,204,17,0
12,204,204,18,0
12,204,204,19,0
12,204,204,20,0
12,204,204,21,0
12,204,204,22,1
12,204,204,23,0
12,204,204,24,0
12,204,204,25,0
12,204,204,26,0
12,204,204,27,0
12,204,204,28,0
12,204,204,29,0
12,204,204,30,0
12,204,204,31,0
12,204,204,32,0
12,204,204,33,0
12,204,204,34,0
12,204,204,35,0
12,204,204,36,0
12,204,204,37,0
12,204,204,38,0
12,204,204,39,0
12,204,204,40,0
12,204,204,41,0
12,204,204,42,0
12,204,204,43,0
12,204,204,44,0
12,204,204,45,0
12,204,204,46,0
12,204,204,47,0
12,204,204,0,6
12,205,205,1,330
12,205,205,2,33
12,205,205,3,0
12,205,205,4,0
12,205,205,5,0
12,205,205,6,0
12,205,205,7,0
12,205,205,8,1
12,205,205,9,1
12,205,205,10,18
12,205,205,11,0
12,205,205,12,0
12,205,205,13,1
12,205,205,14,1
12,205,205,15,1
12,205,205,16,516
12,205,205,17,0
12,205,205,18,0
12,205,205,19,0
12,205,205,20,0
12,205,205,21,0
12,205,205,22,0
12,205,205,23,1
12,205,205,24,0
12,205,205,25,0
12,205,205,26,0
12,205,205,27,0
12,205,205,28,0
12,205,205,29,0
12,205,205,30,0
12,205,205,31,0
12,205,205,32,0
12,205,205,33,2
12,205,205,34,1
12,205,205,35,0
12,205,205,36,2
12,205,205,37,0
12,205,205,38,0
12,205,205,39,0
12,205,205,40,1
12,205,205,41,0
12,205,205,42,0
12,205,205,43,0
12,205,205,44,0
12,205,205,45,0
12,205,205,46,0
12,205,205,47,0
12,205,205,0,1
12,206,206,1,182
12,206,206,2,38
12,206,206,3,1
12,206,206,4,0
12,206,206,5,0
12,206,206,6,0
12,206,206,7,0
12,206,206,8,0
12,206,206,9,0
12,206,206,10,4
12,206,206,11,1
12,206,206,12,0
12,206,206,13,0
12,206,206,14,0
12,206,206,15,0
12,206,206,16,251
12,206,206,17,0
12,206,206,18,0
12,206,206,19,0
12,206,206,20,0
12,206,206,21,0
12,206,206,22,0
12,206,206,23,0
12,206,206,24,0
12,206,206,25,0
12,206,206,26,0
12,206,206,27,0
12,206,206,28,0
12,206,206,29,0
12,206,206,30,0
12,206,206,31,0
12,206,206,32,0
12,206,206,33,0
12,206,206,34,0
12,206,206,35,0
12,206,206,36,1
12,206,206,37,0
12,206,206,38,1
12,206,206,39,0
12,206,206,40,0
12,206,206,41,0
12,206,206,42,0
12,206,206,43,0
12,206,206,44,0
12,206,206,45,0
12,206,206,46,1
12,206,206,47,0
12,206,206,0,2
12,207,207,1,248
12,207,207,2,38
12,207,207,3,1
12,207,207,4,1
12,207,207,5,0
12,207,207,6,0
12,207,207,7,0
12,207,207,8,0
12,207,207,9,0
12,207,207,10,13
12,207,207,11,0
12,207,207,12,0
12,207,207,13,0
12,207,207,14,0
12,207,207,15,0
12,207,207,16,458
12,207,207,17,0
12,207,207,18,0
12,207,207,19,0
12,207,207,20,0
12,207,207,21,0
12,207,207,22,0
12,207,207,23,0
12,207,207,24,0
12,207,207,25,0
12,207,207,26,2
12,207,207,27,0
12,207,207,28,0
12,207,207,29,0
12,207,207,30,0
12,207,207,31,0
12,207,207,32,0
12,207,207,33,1
12,207,207,34,0
12,207,207,35,0
12,207,207,36,0
12,207,207,37,0
12,207,207,38,1
12,207,207,39,0
12,207,207,40,0
12,207,207,41,2
12,207,207,42,1
12,207,207,43,1
12,207,207,44,0
12,207,207,45,0
12,207,207,46,0
12,207,207,47,0
12,207,207,0,0
12,208,208,1,313
12,208,208,2,47
12,208,208,3,0
12,208,208,4,0
12,208,208,5,0
12,208,208,6,1
12,208,208,7,0
12,208,208,8,1
12,208,208,9,0
12,208,208,10,18
12,208,208,11,0
12,208,208,12,2
12,208,208,13,1
12,208,208,14,0
12,208,208,15,0
12,208,208,16,428
12,208,208,17,0
12,208,208,18,0
12,208,208,19,0
12,208,208,20,0
12,208,208,21,0
12,208,208,22,0
12,208,208,23,0
12,208,208,24,0
12,208,208,25,0
12,208,208,26,0
12,208,208,27,0
12,208,208,28,0
12,208,208,29,0
12,208,208,30,0
12,208,208,31,1
12,208,208,32,0
12,208,208,33,0
12,208,208,34,0
12,208,208,35,0
12,208,208,36,0
12,208,208,37,0
12,208,208,38,0
12,208,208,39,0
12,208,208,40,0
12,208,208,41,1
12,208,208,42,0
12,208,208,43,0
12,208,208,44,0
12,208,208,45,0
12,208,208,46,3
12,208,208,47,0
12,208,208,0,1
12,209,209,1,189
12,209,209,2,25
12,209,209,3,0
12,209,209,4,0
12,209,209,5,0
12,209,209,6,0
12,209,209,7,0
12,209,209,8,0
12,209,209,9,0
12,209,209,10,15
12,209,209,11,0
12,209,209,12,0
12,209,209,13,1
12,209,209,14,0
12,209,209,15,1
12,209,209,16,328
12,209,209,17,0
12,209,209,18,0
12,209,209,19,0
12,209,209,20,0
12,209,209,21,0
12,209,209,22,0
12,209,209,23,0
12,209,209,24,0
12,209,209,25,0
12,209,209,26,0
12,209,209,27,0
12,209,209,28,0
12,209,209,29,0
12,209,209,30,0
12,209,209,31,0
12,209,209,32,0
12,209,209,33,0
12,209,209,34,0
12,209,209,35,0
12,209,209,36,0
12,209,209,37,0
12,209,209,38,0
12,209,209,39,0
12,209,209,40,0
12,209,209,41,1
12,209,209,42,0
12,209,209,43,0
12,209,209,44,1
12,209,209,45,0
12,209,209,46,0
12,209,209,47,0
12,209,209,0,1
12,210,210,1,210
12,210,210,2,11
12,210,210,3,0
12,210,210,4,0
12,210,210,5,0
12,210,210,6,0
12,210,210,7,0
12,210,210,8,0
12,210,210,9,0
12,210,210,10,24
12,210,210,11,1
12,210,210,12,0
12,210,210,13,0
12,210,210,14,1
12,210,210,15,0
12,210,210,16,357
12,210,210,17,0
12,210,210,18,0
12,210,210,19,0
12,210,210,20,0
12,210,210,21,0
12,210,210,22,1
12,210,210,23,0
12,210,210,24,0
12,210,210,25,0
12,210,210,26,0
12,210,210,27,0
12,210,210,28,0
12,210,210,29,1
12,210,210,30,0
12,210,210,31,0
12,210,210,32,0
12,210,210,33,0
12,210,210,34,0
12,210,210,35,0
12,210,210,36,1
12,210,210,37,0
12,210,210,38,0
12,210,210,39,0
12,210,210,40,0
12,210,210,41,0
12,210,210,42,0
12,210,210,43,0
12,210,210,44,0
12,210,210,45,0
12,210,210,46,0
12,210,210,47,0
12,210,210,0,0
12,211,211,1,252
12,211,211,2,9
12,211,211,3,0
12,211,211,4,0
12,211,211,5,0
12,211,211,6,0
12,211,211,7,0
12,211,211,8,0
12,211,211,9,0
12,211,211,10,43
12,211,211,11,0
12,211,211,12,0
12,211,211,13,0
12,211,211,14,1
12,211,211,15,0
12,211,211,16,370
12,211,211,17,1
12,211,211,18,1
12,211,211,19,0
12,211,211,20,0
12,211,211,21,0
12,211,211,22,0
12,211,211,23,0
12,211,211,24,0
12,211,211,25,0
12,211,211,26,1
12,211,211,27,0
12,211,211,28,0
12,211,211,29,0
12,211,211,30,0
12,211,211,31,2
12,211,211,32,1
12,211,211,33,0
12,211,211,34,0
12,211,211,35,0
12,211,211,36,0
12,211,211,37,0
12,211,211,38,0
12,211,211,39,0
12,211,211,40,0
12,211,211,41,0
12,211,211,42,0
12,211,211,43,0
12,211,211,44,0
12,211,211,45,1
12,211,211,46,0
12,211,211,47,0
12,211,211,0,0
12,212,212,1,226
12,212,212,2,18
12,212,212,3,0
12,212,212,4,0
12,212,212,5,0
12,212,212,6,0
12,212,212,7,0
12,212,212,8,0
12,212,212,9,0
12,212,212,10,30
12,212,212,11,0
12,212,212,12,0
12,212,212,13,0
12,212,212,14,1
12,212,212,15,0
12,212,212,16,384
12,212,212,17,1
12,212,212,18,0
12,212,212,19,0
12,212,212,20,0
12,212,212,21,1
12,212,212,22,1
12,212,212,23,0
12,212,212,24,0
12,212,212,25,0
12,212,212,26,0
12,212,212,27,0
12,212,212,28,0
12,212,212,29,0
12,212,212,30,0
12,212,212,31,0
12,212,212,32,1
12,212,212,33,2
12,212,212,34,2
12,212,212,35,0
12,212,212,36,0
12,212,212,37,0
12,212,212,38,1
12,212,212,39,0
12,212,212,40,0
12,212,212,41,3
12,212,212,42,2
12,212,212,43,0
12,212,212,44,0
12,212,212,45,1
12,212,212,46,1
12,212,212,47,1
12,212,212,0,1
12,213,213,1,321
12,213,213,2,11
12,213,213,3,0
12,213,213,4,0
12,213,213,5,0
12,213,213,6,0
12,213,213,7,0
12,213,213,8,0
12,213,213,9,1
12,213,213,10,15
12,213,213,11,0
12,213,213,12,0
12,213,213,13,0
12,213,213,14,1
12,213,213,15,0
12,213,213,16,402
12,213,213,17,0
12,213,213,18,0
12,213,213,19,0
12,213,213,20,0
12,213,213,21,0
12,213,213,22,1
12,213,213,23,0
12,213,213,24,1
12,213,213,25,0
12,213,213,26,0
12,213,213,27,0
12,213,213,28,0
12,213,213,29,0
12,213,213,30,0
12,213,213,31,0
12,213,213,32,0
12,213,213,33,0
12,213,213,34,0
12,213,213,35,1
12,213,213,36,0
12,213,213,37,0
12,213,213,38,0
12,213,213,39,0
12,213,213,40,0
12,213,213,41,1
12,213,213,42,1
12,213,213,43,0
12,213,213,44,0
12,213,213,45,0
12,213,213,46,0
12,213,213,47,1
12,213,213,0,1
12,214,214,1,364
12,214,214,2,10
12,214,214,3,1
12,214,214,4,0
12,214,214,5,0
12,214,214,6,0
12,214,214,7,0
12,214,214,8,0
12,214,214,9,0
12,214,214,10,12
12,214,214,11,0
12,214,214,12,1
12,214,214,13,0
12,214,214,14,0
12,214,214,15,1
12,214,214,16,335
12,214,214,17,0
12,214,214,18,0
12,214,214,19,0
12,214,214,20,0
12,214,214,21,0
12,214,214,22,0
12,214,214,23,0
12,214,214,24,1
12,214,214,25,0
12,214,214,26,0
12,214,214,27,0
12,214,214,28,0
12,214,214,29,0
12,214,214,30,0
12,214,214,31,0
12,214,214,32,0
12,214,214,33,0
12,214,214,34,0
12,214,214,35,0
12,214,214,36,0
12,214,214,37,0
12,214,214,38,0
12,214,214,39,0
12,214,214,40,0
12,214,214,41,0
12,214,214,42,0
12,214,214,43,0
12,214,214,44,0
12,214,214,45,1
12,214,214,46,0
12,214,214,47,0
12,214,214,0,1
12,215,215,1,160
12,215,215,2,13
12,215,215,3,0
12,215,215,4,1
12,215,215,5,0
12,215,215,6,0
12,215,215,7,0
12,215,215,8,0
12,215,215,9,0
12,215,215,10,47
12,215,215,11,0
12,215,215,12,0
12,215,215,13,2
12,215,215,14,0
12,215,215,15,0
12,215,215,16,390
12,215,215,17,0
12,215,215,18,0
12,215,215,19,1
12,215,215,20,0
12,215,215,21,0
12,215,215,22,1
12,215,215,23,0
12,215,215,24,1
12,215,215,25,0
12,215,215,26,0
12,215,215,27,0
12,215,215,28,0
12,215,215,29,0
12,215,215,30,0
12,215,215,31,0
12,215,215,32,0
12,215,215,33,0
12,215,215,34,1
12,215,215,35,1
12,215,215,36,1
12,215,215,37,0
12,215,215,38,1
12,215,215,39,1
12,215,215,40,1
12,215,215,41,0
12,215,215,42,2
12,215,215,43,0
12,215,215,44,0
12,215,215,45,0
12,215,215,46,0
12,215,215,47,0
12,215,215,0,2
12,216,216,1,201
12,216,216,2,26
12,216,216,3,1
12,216,216,4,1
12,216,216,5,0
12,216,216,6,1
12,216,216,7,0
12,216,216,8,0
12,216,216,9,0
12,216,216,10,47
12,216,216,11,0
12,216,216,12,0
12,216,216,13,0
12,216,216,14,0
12,216,216,15,0
12,216,216,16,470
12,216,216,17,2
12,216,216,18,0
12,216,216,19,0
12,216,216,20,0
12,216,216,21,0
12,216,216,22,0
12,216,216,23,0
12,216,216,24,0
12,216,216,25,0
12,216,216,26,1
12,216,216,27,0
12,216,216,28,1
12,216,216,29,0
12,216,216,30,1
12,216,216,31,0
12,216,216,32,0
12,216,216,33,0
12,216,216,34,0
12,216,216,35,0
12,216,216,36,0
12,216,216,37,0
12,216,216,38,0
12,216,216,39,0
12,216,216,40,0
12,216,216,41,2
12,216,216,42,0
12,216,216,43,0
12,216,216,44,0
12,216,216,45,0
12,216,216,46,0
12,216,216,47,0
12,216,216,0,3
12,217,217,1,0
12,217,217,2,0
12,217,217,3,0
12,217,217,4,0
12,217,217,5,0
12,217,217,6,0
12,217,217,7,0
12,217,217,8,0
12,217,217,9,0
12,217,217,10,27
12,217,217,11,0
12,217,217,12,0
12,217,217,13,0
12,217,217,14,1
12,217,217,15,1
12,217,217,16,362
12,217,217,17,0
12,217,217,18,0
12,217,217,19,1
12,217,217,20,0
12,217,217,21,0
12,217,217,22,0
12,217,217,23,0
12,217,217,24,0
12,217,217,25,0
12,217,217,26,0
12,217,217,27,0
12,217,217,28,0
12,217,217,29,0
12,217,217,30,1
12,217,217,31,1
12,217,217,32,0
12,217,217,33,1
12,217,217,34,0
12,217,217,35,0
12,217,217,36,0
12,217,217,37,0
12,217,217,38,0
12,217,217,39,0
12,217,217,40,0
12,217,217,41,1
12,217,217,42,0
12,217,217,43,0
12,217,217,44,0
12,217,217,45,1
12,217,217,46,0
12,217,217,47,0
12,217,217,0,1
12,218,218,1,0
12,218,218,2,0
12,218,218,3,0
12,218,218,4,0
12,218,218,5,0
12,218,218,6,0
12,218,218,7,0
12,218,218,8,0
12,218,218,9,0
12,218,218,10,26
12,218,218,11,0
12,218,218,12,0
12,218,218,13,0
12,218,218,14,0
12,218,218,15,1
12,218,218,16,335
12,218,218,17,1
12,218,218,18,0
12,218,218,19,0
12,218,218,20,0
12,218,218,21,0
12,218,218,22,0
12,218,218,23,0
12,218,218,24,0
12,218,218,25,0
12,218,218,26,1
12,218,218,27,0
12,218,218,28,1
12,218,218,29,0
12,218,218,30,2
12,218,218,31,1
12,218,218,32,1
12,218,218,33,0
12,218,218,34,0
12,218,218,35,0
12,218,218,36,0
12,218,218,37,0
12,218,218,38,1
12,218,218,39,0
12,218,218,40,0
12,218,218,41,1
12,218,218,42,0
12,218,218,43,0
12,218,218,44,0
12,218,218,45,0
12,218,218,46,0
12,218,218,47,0
12,218,218,0,2
12,219,219,1,0
12,219,219,2,0
12,219,219,3,0
12,219,219,4,0
12,219,219,5,0
12,219,219,6,0
12,219,219,7,0
12,219,219,8,0
12,219,219,9,0
12,219,219,10,0
12,219,219,11,0
12,219,219,12,0
12,219,219,13,0
12,219,219,14,0
12,219,219,15,0
12,219,219,16,0
12,219,219,17,0
12,219,219,18,0
12,219,219,19,0
12,219,219,20,0
12,219,219,21,0
12,219,219,22,0
12,219,219,23,0
12,219,219,24,0
12,219,219,25,0
12,219,219,26,0
12,219,219,27,0
12,219,219,28,0
12,219,219,29,0
12,219,219,30,0
12,219,219,31,0
12,219,219,32,0
12,219,219,33,0
12,219,219,34,0
12,219,219,35,0
12,219,219,36,0
12,219,219,37,0
12,219,219,38,0
12,219,219,39,0
12,219,219,40,0
12,219,219,41,0
12,219,219,42,0
12,219,219,43,0
12,219,219,44,0
12,219,219,45,0
12,219,219,46,0
12,219,219,47,0
12,219,219,0,0
12,219,219,1,241
12,219,219,2,21
12,219,219,3,0
12,219,219,4,1
12,219,219,5,0
12,219,219,6,0
12,219,219,7,0
12,219,219,8,0
12,219,219,9,0
12,219,219,10,23
12,219,219,11,0
12,219,219,12,0
12,219,219,13,1
12,219,219,14,1
12,219,219,15,0
12,219,219,16,309
12,219,219,17,1
12,219,219,18,0
12,219,219,19,0
12,219,219,20,0
12,219,219,21,0
12,219,219,22,0
12,219,219,23,0
12,219,219,24,1
12,219,219,25,1
12,219,219,26,0
12,219,219,27,0
12,219,219,28,0
12,219,219,29,0
12,219,219,30,1
12,219,219,31,0
12,219,219,32,0
12,219,219,33,0
12,219,219,34,1
12,219,219,35,0
12,219,219,36,0
12,219,219,37,1
12,219,219,38,0
12,219,219,39,0
12,219,219,40,0
12,219,219,41,1
12,219,219,42,0
12,219,219,43,0
12,219,219,44,0
12,219,219,45,0
12,219,219,46,0
12,219,219,47,0
12,219,219,0,2
12,220,220,1,0
12,220,220,2,0
12,220,220,3,0
12,220,220,4,0
12,220,220,5,0
12,220,220,6,0
12,220,220,7,0
12,220,220,8,0
12,220,220,9,0
12,220,220,10,0
12,220,220,11,0
12,220,220,12,0
12,220,220,13,0
12,220,220,14,0
12,220,220,15,0
12,220,220,16,0
12,220,220,17,0
12,220,220,18,0
12,220,220,19,0
12,220,220,20,0
12,220,220,21,0
12,220,220,22,0
12,220,220,23,0
12,220,220,24,0
12,220,220,25,0
12,220,220,26,0
12,220,220,27,0
12,220,220,28,0
12,220,220,29,0
12,220,220,30,0
12,220,220,31,0
12,220,220,32,0
12,220,220,33,0
12,220,220,34,0
12,220,220,35,0
12,220,220,36,0
12,220,220,37,0
12,220,220,38,0
12,220,220,39,0
12,220,220,40,0
12,220,220,41,0
12,220,220,42,0
12,220,220,43,0
12,220,220,44,0
12,220,220,45,0
12,220,220,46,0
12,220,220,47,0
12,220,220,0,0
12,220,220,1,270
12,220,220,2,28
12,220,220,3,2
12,220,220,4,1
12,220,220,5,0
12,220,220,6,0
12,220,220,7,0
12,220,220,8,0
12,220,220,9,1
12,220,220,10,33
12,220,220,11,0
12,220,220,12,0
12,220,220,13,0
12,220,220,14,0
12,220,220,15,1
12,220,220,16,543
12,220,220,17,0
12,220,220,18,0
12,220,220,19,0
12,220,220,20,0
12,220,220,21,0
12,220,220,22,0
12,220,220,23,0
12,220,220,24,0
12,220,220,25,0
12,220,220,26,0
12,220,220,27,0
12,220,220,28,0
12,220,220,29,0
12,220,220,30,0
12,220,220,31,0
12,220,220,32,0
12,220,220,33,1
12,220,220,34,0
12,220,220,35,1
12,220,220,36,0
12,220,220,37,1
12,220,220,38,1
12,220,220,39,0
12,220,220,40,0
12,220,220,41,1
12,220,220,42,0
12,220,220,43,0
12,220,220,44,0
12,220,220,45,0
12,220,220,46,2
12,220,220,47,0
12,220,220,0,7
12,221,221,1,191
12,221,221,2,14
12,221,221,3,0
12,221,221,4,1
12,221,221,5,0
12,221,221,6,0
12,221,221,7,1
12,221,221,8,0
12,221,221,9,0
12,221,221,10,26
12,221,221,11,0
12,221,221,12,0
12,221,221,13,1
12,221,221,14,0
12,221,221,15,0
12,221,221,16,461
12,221,221,17,1
12,221,221,18,0
12,221,221,19,0
12,221,221,20,0
12,221,221,21,0
12,221,221,22,0
12,221,221,23,0
12,221,221,24,0
12,221,221,25,0
12,221,221,26,0
12,221,221,27,0
12,221,221,28,0
12,221,221,29,1
12,221,221,30,0
12,221,221,31,0
12,221,221,32,0
12,221,221,33,0
12,221,221,34,0
12,221,221,35,0
12,221,221,36,0
12,221,221,37,0
12,221,221,38,0
12,221,221,39,0
12,221,221,40,0
12,221,221,41,0
12,221,221,42,1
12,221,221,43,0
12,221,221,44,0
12,221,221,45,0
12,221,221,46,0
12,221,221,47,0
12,221,221,0,3
12,222,222,1,242
12,222,222,2,21
12,222,222,3,1
12,222,222,4,0
12,222,222,5,0
12,222,222,6,1
12,222,222,7,0
12,222,222,8,1
12,222,222,9,0
12,222,222,10,28
12,222,222,11,0
12,222,222,12,0
12,222,222,13,0
12,222,222,14,0
12,222,222,15,0
12,222,222,16,532
12,222,222,17,0
12,222,222,18,0
12,222,222,19,1
12,222,222,20,1
12,222,222,21,0
12,222,222,22,0
12,222,222,23,0
12,222,222,24,0
12,222,222,25,0
12,222,222,26,0
12,222,222,27,1
12,222,222,28,0
12,222,222,29,0
12,222,222,30,0
12,222,222,31,1
12,222,222,32,0
12,222,222,33,0
12,222,222,34,1
12,222,222,35,0
12,222,222,36,1
12,222,222,37,0
12,222,222,38,0
12,222,222,39,0
12,222,222,40,0
12,222,222,41,0
12,222,222,42,0
12,222,222,43,0
12,222,222,44,0
12,222,222,45,0
12,222,222,46,0
12,222,222,47,0
12,222,222,0,0
12,223,223,1,298
12,223,223,2,28
12,223,223,3,0
12,223,223,4,0
12,223,223,5,0
12,223,223,6,0
12,223,223,7,0
12,223,223,8,1
12,223,223,9,0
12,223,223,10,40
12,223,223,11,1
12,223,223,12,0
12,223,223,13,0
12,223,223,14,1
12,223,223,15,0
12,223,223,16,542
12,223,223,17,2
12,223,223,18,0
12,223,223,19,0
12,223,223,20,0
12,223,223,21,0
12,223,223,22,0
12,223,223,23,0
12,223,223,24,0
12,223,223,25,0
12,223,223,26,0
12,223,223,27,0
12,223,223,28,0
12,223,223,29,1
12,223,223,30,1
12,223,223,31,1
12,223,223,32,0
12,223,223,33,1
12,223,223,34,1
12,223,223,35,1
12,223,223,36,0
12,223,223,37,0
12,223,223,38,0
12,223,223,39,0
12,223,223,40,0
12,223,223,41,1
12,223,223,42,1
12,223,223,43,0
12,223,223,44,0
12,223,223,45,1
12,223,223,46,0
12,223,223,47,0
12,223,223,0,1
12,224,224,1,198
12,224,224,2,14
12,224,224,3,1
12,224,224,4,0
12,224,224,5,1
12,224,224,6,0
12,224,224,7,0
12,224,224,8,0
12,224,224,9,1
12,224,224,10,16
12,224,224,11,0
12,224,224,12,0
12,224,224,13,0
12,224,224,14,0
12,224,224,15,0
12,224,224,16,267
12,224,224,17,0
12,224,224,18,0
12,224,224,19,0
12,224,224,20,0
12,224,224,21,0
12,224,224,22,0
12,224,224,23,0
12,224,224,24,0
12,224,224,25,0
12,224,224,26,0
12,224,224,27,0
12,224,224,28,0
12,224,224,29,0
12,224,224,30,0
12,224,224,31,1
12,224,224,32,0
12,224,224,33,0
12,224,224,34,0
12,224,224,35,0
12,224,224,36,1
12,224,224,37,0
12,224,224,38,0
12,224,224,39,0
12,224,224,40,0
12,224,224,41,2
12,224,224,42,0
12,224,224,43,0
12,224,224,44,0
12,224,224,45,0
12,224,224,46,0
12,224,224,47,0
12,224,224,0,0
12,225,225,1,255
12,225,225,2,8
12,225,225,3,0
12,225,225,4,0
12,225,225,5,1
12,225,225,6,0
12,225,225,7,0
12,225,225,8,0
12,225,225,9,0
12,225,225,10,24
12,225,225,11,0
12,225,225,12,1
12,225,225,13,1
12,225,225,14,0
12,225,225,15,0
12,225,225,16,335
12,225,225,17,1
12,225,225,18,0
12,225,225,19,0
12,225,225,20,0
12,225,225,21,0
12,225,225,22,0
12,225,225,23,0
12,225,225,24,0
12,225,225,25,0
12,225,225,26,1
12,225,225,27,0
12,225,225,28,1
12,225,225,29,0
12,225,225,30,2
12,225,225,31,0
12,225,225,32,0
12,225,225,33,1
12,225,225,34,1
12,225,225,35,1
12,225,225,36,0
12,225,225,37,0
12,225,225,38,0
12,225,225,39,0
12,225,225,40,0
12,225,225,41,1
12,225,225,42,0
12,225,225,43,0
12,225,225,44,0
12,225,225,45,2
12,225,225,46,1
12,225,225,47,0
12,225,225,0,0
12,226,226,1,279
12,226,226,2,15
12,226,226,3,0
12,226,226,4,1
12,226,226,5,1
12,226,226,6,0
12,226,226,7,0
12,226,226,8,1
12,226,226,9,0
12,226,226,10,13
12,226,226,11,0
12,226,226,12,0
12,226,226,13,0
12,226,226,14,0
12,226,226,15,1
12,226,226,16,433
12,226,226,17,1
12,226,226,18,0
12,226,226,19,0
12,226,226,20,0
12,226,226,21,0
12,226,226,22,0
12,226,226,23,0
12,226,226,24,0
12,226,226,25,0
12,226,226,26,1
12,226,226,27,0
12,226,226,28,0
12,226,226,29,0
12,226,226,30,0
12,226,226,31,1
12,226,226,32,0
12,226,226,33,0
12,226,226,34,0
12,226,226,35,1
12,226,226,36,0
12,226,226,37,0
12,226,226,38,0
12,226,226,39,0
12,226,226,40,0
12,226,226,41,1
12,226,226,42,0
12,226,226,43,0
12,226,226,44,0
12,226,226,45,1
12,226,226,46,0
12,226,226,47,1
12,226,226,0,1
12,227,227,1,140
12,227,227,2,19
12,227,227,3,0
12,227,227,4,0
12,227,227,5,0
12,227,227,6,0
12,227,227,7,0
12,227,227,8,0
12,227,227,9,0
12,227,227,10,9
12,227,227,11,0
12,227,227,12,0
12,227,227,13,3
12,227,227,14,0
12,227,227,15,0
12,227,227,16,363
12,227,227,17,0
12,227,227,18,0
12,227,227,19,0
12,227,227,20,0
12,227,227,21,0
12,227,227,22,0
12,227,227,23,0
12,227,227,24,0
12,227,227,25,0
12,227,227,26,0
12,227,227,27,0
12,227,227,28,0
12,227,227,29,0
12,227,227,30,0
12,227,227,31,0
12,227,227,32,1
12,227,227,33,0
12,227,227,34,0
12,227,227,35,0
12,227,227,36,0
12,227,227,37,0
12,227,227,38,0
12,227,227,39,0
12,227,227,40,0
12,227,227,41,4
12,227,227,42,0
12,227,227,43,0
12,227,227,44,0
12,227,227,45,0
12,227,227,46,0
12,227,227,47,0
12,227,227,0,1
12,228,228,1,261
12,228,228,2,16
12,228,228,3,0
12,228,228,4,0
12,228,228,5,0
12,228,228,6,0
12,228,228,7,0
12,228,228,8,0
12,228,228,9,0
12,228,228,10,28
12,228,228,11,1
12,228,228,12,0
12,228,228,13,0
12,228,228,14,1
12,228,228,15,1
12,228,228,16,565
12,228,228,17,1
12,228,228,18,0
12,228,228,19,1
12,228,228,20,1
12,228,228,21,0
12,228,228,22,0
12,228,228,23,1
12,228,228,24,0
12,228,228,25,0
12,228,228,26,1
12,228,228,27,0
12,228,228,28,0
12,228,228,29,0
12,228,228,30,0
12,228,228,31,0
12,228,228,32,0
12,228,228,33,0
12,228,228,34,0
12,228,228,35,0
12,228,228,36,0
12,228,228,37,0
12,228,228,38,2
12,228,228,39,1
12,228,228,40,0
12,228,228,41,1
12,228,228,42,1
12,228,228,43,0
12,228,228,44,0
12,228,228,45,0
12,228,228,46,0
12,228,228,47,1
12,228,228,0,3
12,229,229,1,205
12,229,229,2,17
12,229,229,3,2
12,229,229,4,0
12,229,229,5,0
12,229,229,6,0
12,229,229,7,0
12,229,229,8,0
12,229,229,9,0
12,229,229,10,25
12,229,229,11,1
12,229,229,12,0
12,229,229,13,2
12,229,229,14,1
12,229,229,15,2
12,229,229,16,480
12,229,229,17,1
12,229,229,18,0
12,229,229,19,0
12,229,229,20,0
12,229,229,21,0
12,229,229,22,0
12,229,229,23,0
12,229,229,24,0
12,229,229,25,0
12,229,229,26,0
12,229,229,27,0
12,229,229,28,0
12,229,229,29,1
12,229,229,30,0
12,229,229,31,0
12,229,229,32,0
12,229,229,33,1
12,229,229,34,0
12,229,229,35,0
12,229,229,36,0
12,229,229,37,0
12,229,229,38,0
12,229,229,39,0
12,229,229,40,0
12,229,229,41,2
12,229,229,42,0
12,229,229,43,0
12,229,229,44,0
12,229,229,45,0
12,229,229,46,1
12,229,229,47,0
12,229,229,0,1
12,230,230,1,171
12,230,230,2,7
12,230,230,3,0
12,230,230,4,0
12,230,230,5,0
12,230,230,6,0
12,230,230,7,0
12,230,230,8,0
12,230,230,9,0
12,230,230,10,27
12,230,230,11,1
12,230,230,12,0
12,230,230,13,4
12,230,230,14,0
12,230,230,15,2
12,230,230,16,481
12,230,230,17,0
12,230,230,18,0
12,230,230,19,0
12,230,230,20,0
12,230,230,21,0
12,230,230,22,0
12,230,230,23,0
12,230,230,24,0
12,230,230,25,0
12,230,230,26,0
12,230,230,27,0
12,230,230,28,0
12,230,230,29,0
12,230,230,30,0
12,230,230,31,0
12,230,230,32,0
12,230,230,33,0
12,230,230,34,0
12,230,230,35,0
12,230,230,36,0
12,230,230,37,0
12,230,230,38,0
12,230,230,39,1
12,230,230,40,0
12,230,230,41,1
12,230,230,42,0
12,230,230,43,0
12,230,230,44,0
12,230,230,45,0
12,230,230,46,0
12,230,230,47,0
12,230,230,0,3
12,231,231,1,220
12,231,231,2,20
12,231,231,3,0
12,231,231,4,0
12,231,231,5,0
12,231,231,6,0
12,231,231,7,0
12,231,231,8,0
12,231,231,9,0
12,231,231,10,24
12,231,231,11,0
12,231,231,12,0
12,231,231,13,0
12,231,231,14,0
12,231,231,15,0
12,231,231,16,413
12,231,231,17,2
12,231,231,18,0
12,231,231,19,2
12,231,231,20,0
12,231,231,21,0
12,231,231,22,0
12,231,231,23,0
12,231,231,24,0
12,231,231,25,0
12,231,231,26,0
12,231,231,27,0
12,231,231,28,0
12,231,231,29,0
12,231,231,30,1
12,231,231,31,0
12,231,231,32,0
12,231,231,33,4
12,231,231,34,1
12,231,231,35,2
12,231,231,36,0
12,231,231,37,0
12,231,231,38,0
12,231,231,39,0
12,231,231,40,0
12,231,231,41,3
12,231,231,42,1
12,231,231,43,0
12,231,231,44,0
12,231,231,45,0
12,231,231,46,1
12,231,231,47,0
12,231,231,0,1
12,232,232,1,250
12,232,232,2,35
12,232,232,3,1
12,232,232,4,1
12,232,232,5,0
12,232,232,6,2
12,232,232,7,0
12,232,232,8,0
12,232,232,9,0
12,232,232,10,32
12,232,232,11,1
12,232,232,12,0
12,232,232,13,3
12,232,232,14,1
12,232,232,15,1
12,232,232,16,481
12,232,232,17,1
12,232,232,18,0
12,232,232,19,0
12,232,232,20,1
12,232,232,21,0
12,232,232,22,2
12,232,232,23,1
12,232,232,24,0
12,232,232,25,1
12,232,232,26,1
12,232,232,27,0
12,232,232,28,0
12,232,232,29,0
12,232,232,30,0
12,232,232,31,0
12,232,232,32,0
12,232,232,33,1
12,232,232,34,1
12,232,232,35,0
12,232,232,36,0
12,232,232,37,0
12,232,232,38,2
12,232,232,39,0
12,232,232,40,0
12,232,232,41,1
12,232,232,42,0
12,232,232,43,0
12,232,232,44,0
12,232,232,45,0
12,232,232,46,3
12,232,232,47,0
12,232,232,0,3
12,233,233,1,129
12,233,233,2,17
12,233,233,3,1
12,233,233,4,1
12,233,233,5,0
12,233,233,6,0
12,233,233,7,0
12,233,233,8,0
12,233,233,9,0
12,233,233,10,13
12,233,233,11,0
12,233,233,12,0
12,233,233,13,1
12,233,233,14,0
12,233,233,15,0
12,233,233,16,305
12,233,233,17,1
12,233,233,18,0
12,233,233,19,0
12,233,233,20,0
12,233,233,21,0
12,233,233,22,0
12,233,233,23,0
12,233,233,24,0
12,233,233,25,0
12,233,233,26,0
12,233,233,27,0
12,233,233,28,0
12,233,233,29,0
12,233,233,30,1
12,233,233,31,1
12,233,233,32,0
12,233,233,33,0
12,233,233,34,0
12,233,233,35,0
12,233,233,36,0
12,233,233,37,1
12,233,233,38,0
12,233,233,39,0
12,233,233,40,1
12,233,233,41,0
12,233,233,42,0
12,233,233,43,0
12,233,233,44,0
12,233,233,45,0
12,233,233,46,1
12,233,233,47,1
12,233,233,0,1
12,234,234,1,192
12,234,234,2,6
12,234,234,3,0
12,234,234,4,0
12,234,234,5,0
12,234,234,6,0
12,234,234,7,0
12,234,234,8,0
12,234,234,9,0
12,234,234,10,20
12,234,234,11,1
12,234,234,12,0
12,234,234,13,2
12,234,234,14,1
12,234,234,15,0
12,234,234,16,342
12,234,234,17,0
12,234,234,18,0
12,234,234,19,1
12,234,234,20,0
12,234,234,21,0
12,234,234,22,0
12,234,234,23,0
12,234,234,24,0
12,234,234,25,0
12,234,234,26,0
12,234,234,27,0
12,234,234,28,0
12,234,234,29,0
12,234,234,30,0
12,234,234,31,0
12,234,234,32,1
12,234,234,33,1
12,234,234,34,0
12,234,234,35,0
12,234,234,36,0
12,234,234,37,0
12,234,234,38,0
12,234,234,39,0
12,234,234,40,0
12,234,234,41,0
12,234,234,42,0
12,234,234,43,0
12,234,234,44,0
12,234,234,45,1
12,234,234,46,1
12,234,234,47,0
12,234,234,0,2
12,235,235,1,307
12,235,235,2,28
12,235,235,3,0
12,235,235,4,0
12,235,235,5,0
12,235,235,6,0
12,235,235,7,0
12,235,235,8,0
12,235,235,9,0
12,235,235,10,23
12,235,235,11,0
12,235,235,12,0
12,235,235,13,0
12,235,235,14,3
12,235,235,15,0
12,235,235,16,507
12,235,235,17,1
12,235,235,18,0
12,235,235,19,0
12,235,235,20,0
12,235,235,21,0
12,235,235,22,0
12,235,235,23,0
12,235,235,24,0
12,235,235,25,0
12,235,235,26,1
12,235,235,27,0
12,235,235,28,0
12,235,235,29,0
12,235,235,30,0
12,235,235,31,1
12,235,235,32,0
12,235,235,33,0
12,235,235,34,0
12,235,235,35,0
12,235,235,36,0
12,235,235,37,0
12,235,235,38,0
12,235,235,39,0
12,235,235,40,0
12,235,235,41,1
12,235,235,42,0
12,235,235,43,0
12,235,235,44,2
12,235,235,45,0
12,235,235,46,0
12,235,235,47,0
12,235,235,0,1
12,236,236,1,201
12,236,236,2,16
12,236,236,3,0
12,236,236,4,0
12,236,236,5,1
12,236,236,6,0
12,236,236,7,0
12,236,236,8,0
12,236,236,9,0
12,236,236,10,29
12,236,236,11,0
12,236,236,12,0
12,236,236,13,1
12,236,236,14,0
12,236,236,15,1
12,236,236,16,566
12,236,236,17,1
12,236,236,18,0
12,236,236,19,0
12,236,236,20,0
12,236,236,21,0
12,236,236,22,0
12,236,236,23,0
12,236,236,24,0
12,236,236,25,1
12,236,236,26,0
12,236,236,27,1
12,236,236,28,0
12,236,236,29,0
12,236,236,30,0
12,236,236,31,0
12,236,236,32,0
12,236,236,33,1
12,236,236,34,2
12,236,236,35,1
12,236,236,36,0
12,236,236,37,0
12,236,236,38,0
12,236,236,39,0
12,236,236,40,2
12,236,236,41,1
12,236,236,42,1
12,236,236,43,0
12,236,236,44,0
12,236,236,45,0
12,236,236,46,1
12,236,236,47,0
12,236,236,0,2
12,237,237,1,250
12,237,237,2,16
12,237,237,3,1
12,237,237,4,1
12,237,237,5,0
12,237,237,6,0
12,237,237,7,0
12,237,237,8,0
12,237,237,9,0
12,237,237,10,23
12,237,237,11,0
12,237,237,12,0
12,237,237,13,4
12,237,237,14,1
12,237,237,15,2
12,237,237,16,411
12,237,237,17,0
12,237,237,18,0
12,237,237,19,0
12,237,237,20,0
12,237,237,21,0
12,237,237,22,0
12,237,237,23,0
12,237,237,24,0
12,237,237,25,0
12,237,237,26,0
12,237,237,27,0
12,237,237,28,1
12,237,237,29,0
12,237,237,30,0
12,237,237,31,1
12,237,237,32,0
12,237,237,33,0
12,237,237,34,0
12,237,237,35,1
12,237,237,36,0
12,237,237,37,0
12,237,237,38,0
12,237,237,39,0
12,237,237,40,0
12,237,237,41,0
12,237,237,42,0
12,237,237,43,0
12,237,237,44,0
12,237,237,45,0
12,237,237,46,1
12,237,237,47,0
12,237,237,0,2
12,238,238,1,267
12,238,238,2,23
12,238,238,3,0
12,238,238,4,1
12,238,238,5,0
12,238,238,6,0
12,238,238,7,0
12,238,238,8,0
12,238,238,9,0
12,238,238,10,31
12,238,238,11,0
12,238,238,12,0
12,238,238,13,2
12,238,238,14,1
12,238,238,15,0
12,238,238,16,463
12,238,238,17,2
12,238,238,18,0
12,238,238,19,0
12,238,238,20,0
12,238,238,21,0
12,238,238,22,0
12,238,238,23,0
12,238,238,24,0
12,238,238,25,0
12,238,238,26,0
12,238,238,27,0
12,238,238,28,0
12,238,238,29,0
12,238,238,30,1
12,238,238,31,1
12,238,238,32,1
12,238,238,33,2
12,238,238,34,2
12,238,238,35,1
12,238,238,36,0
12,238,238,37,0
12,238,238,38,3
12,238,238,39,0
12,238,238,40,1
12,238,238,41,2
12,238,238,42,1
12,238,238,43,0
12,238,238,44,0
12,238,238,45,0
12,238,238,46,0
12,238,238,47,0
12,238,238,0,1
12,239,239,1,216
12,239,239,2,23
12,239,239,3,0
12,239,239,4,0
12,239,239,5,0
12,239,239,6,0
12,239,239,7,0
12,239,239,8,0
12,239,239,9,0
12,239,239,10,23
12,239,239,11,1
12,239,239,12,0
12,239,239,13,2
12,239,239,14,1
12,239,239,15,1
12,239,239,16,464
12,239,239,17,2
12,239,239,18,2
12,239,239,19,0
12,239,239,20,1
12,239,239,21,0
12,239,239,22,0
12,239,239,23,0
12,239,239,24,0
12,239,239,25,0
12,239,239,26,2
12,239,239,27,0
12,239,239,28,1
12,239,239,29,0
12,239,239,30,1
12,239,239,31,2
12,239,239,32,0
12,239,239,33,0
12,239,239,34,0
12,239,239,35,0
12,239,239,36,0
12,239,239,37,0
12,239,239,38,1
12,239,239,39,1
12,239,239,40,0
12,239,239,41,1
12,239,239,42,0
12,239,239,43,0
12,239,239,44,0
12,239,239,45,1
12,239,239,46,0
12,239,239,47,2
12,239,239,0,2
12,240,240,1,232
12,240,240,2,14
12,240,240,3,0
12,240,240,4,0
12,240,240,5,0
12,240,240,6,0
12,240,240,7,0
12,240,240,8,1
12,240,240,9,0
12,240,240,10,19
12,240,240,11,0
12,240,240,12,0
12,240,240,13,2
12,240,240,14,1
12,240,240,15,0
12,240,240,16,388
12,240,240,17,5
12,240,240,18,0
12,240,240,19,0
12,240,240,20,0
12,240,240,21,0
12,240,240,22,1
12,240,240,23,0
12,240,240,24,0
12,240,240,25,0
12,240,240,26,0
12,240,240,27,1
12,240,240,28,0
12,240,240,29,0
12,240,240,30,0
12,240,240,31,0
12,240,240,32,0
12,240,240,33,1
12,240,240,34,0
12,240,240,35,0
12,240,240,36,0
12,240,240,37,0
12,240,240,38,0
12,240,240,39,0
12,240,240,40,0
12,240,240,41,2
12,240,240,42,0
12,240,240,43,0
12,240,240,44,0
12,240,240,45,1
12,240,240,46,0
12,240,240,47,0
12,240,240,0,1
12,241,241,1,195
12,241,241,2,20
12,241,241,3,0
12,241,241,4,1
12,241,241,5,0
12,241,241,6,0
12,241,241,7,1
12,241,241,8,0
12,241,241,9,0
12,241,241,10,14
12,241,241,11,0
12,241,241,12,0
12,241,241,13,1
12,241,241,14,0
12,241,241,15,0
12,241,241,16,353
12,241,241,17,0
12,241,241,18,0
12,241,241,19,1
12,241,241,20,0
12,241,241,21,0
12,241,241,22,0
12,241,241,23,0
12,241,241,24,0
12,241,241,25,0
12,241,241,26,0
12,241,241,27,0
12,241,241,28,0
12,241,241,29,0
12,241,241,30,0
12,241,241,31,0
12,241,241,32,0
12,241,241,33,1
12,241,241,34,0
12,241,241,35,0
12,241,241,36,0
12,241,241,37,0
12,241,241,38,0
12,241,241,39,0
12,241,241,40,0
12,241,241,41,2
12,241,241,42,0
12,241,241,43,0
12,241,241,44,0
12,241,241,45,1
12,241,241,46,0
12,241,241,47,0
12,241,241,0,2
12,242,242,1,227
12,242,242,2,9
12,242,242,3,1
12,242,242,4,0
12,242,242,5,0
12,242,242,6,0
12,242,242,7,0
12,242,242,8,0
12,242,242,9,2
12,242,242,10,24
12,242,242,11,0
12,242,242,12,0
12,242,242,13,0
12,242,242,14,1
12,242,242,15,0
12,242,242,16,342
12,242,242,17,1
12,242,242,18,0
12,242,242,19,0
12,242,242,20,0
12,242,242,21,0
12,242,242,22,0
12,242,242,23,0
12,242,242,24,0
12,242,242,25,0
12,242,242,26,0
12,242,242,27,0
12,242,242,28,0
12,242,242,29,0
12,242,242,30,0
12,242,242,31,0
12,242,242,32,0
12,242,242,33,0
12,242,242,34,0
12,242,242,35,1
12,242,242,36,0
12,242,242,37,0
12,242,242,38,0
12,242,242,39,0
12,242,242,40,0
12,242,242,41,1
12,242,242,42,0
12,242,242,43,0
12,242,242,44,0
12,242,242,45,0
12,242,242,46,0
12,242,242,47,0
12,242,242,0,0
12,243,243,1,226
12,243,243,2,17
12,243,243,3,0
12,243,243,4,0
12,243,243,5,0
12,243,243,6,0
12,243,243,7,1
12,243,243,8,0
12,243,243,9,0
12,243,243,10,12
12,243,243,11,0
12,243,243,12,0
12,243,243,13,1
12,243,243,14,2
12,243,243,15,0
12,243,243,16,409
12,243,243,17,0
12,243,243,18,0
12,243,243,19,0
12,243,243,20,0
12,243,243,21,0
12,243,243,22,0
12,243,243,23,0
12,243,243,24,1
12,243,243,25,0
12,243,243,26,0
12,243,243,27,0
12,243,243,28,0
12,243,243,29,0
12,243,243,30,0
12,243,243,31,0
12,243,243,32,0
12,243,243,33,0
12,243,243,34,1
12,243,243,35,0
12,243,243,36,0
12,243,243,37,0
12,243,243,38,0
12,243,243,39,0
12,243,243,40,0
12,243,243,41,0
12,243,243,42,0
12,243,243,43,0
12,243,243,44,0
12,243,243,45,0
12,243,243,46,0
12,243,243,47,0
12,243,243,0,1
12,244,244,1,239
12,244,244,2,27
12,244,244,3,2
12,244,244,4,1
12,244,244,5,1
12,244,244,6,0
12,244,244,7,0
12,244,244,8,0
12,244,244,9,6
12,244,244,10,20
12,244,244,11,0
12,244,244,12,0
12,244,244,13,3
12,244,244,14,0
12,244,244,15,0
12,244,244,16,401
12,244,244,17,1
12,244,244,18,0
12,244,244,19,0
12,244,244,20,0
12,244,244,21,0
12,244,244,22,0
12,244,244,23,0
12,244,244,24,1
12,244,244,25,0
12,244,244,26,0
12,244,244,27,0
12,244,244,28,0
12,244,244,29,0
12,244,244,30,0
12,244,244,31,0
12,244,244,32,0
12,244,244,33,0
12,244,244,34,0
12,244,244,35,0
12,244,244,36,0
12,244,244,37,0
12,244,244,38,1
12,244,244,39,0
12,244,244,40,0
12,244,244,41,1
12,244,244,42,1
12,244,244,43,0
12,244,244,44,0
12,244,244,45,0
12,244,244,46,0
12,244,244,47,0
12,244,244,0,1
12,245,245,1,127
12,245,245,2,11
12,245,245,3,0
12,245,245,4,0
12,245,245,5,0
12,245,245,6,0
12,245,245,7,0
12,245,245,8,1
12,245,245,9,0
12,245,245,10,6
12,245,245,11,0
12,245,245,12,0
12,245,245,13,1
12,245,245,14,0
12,245,245,15,0
12,245,245,16,223
12,245,245,17,1
12,245,245,18,0
12,245,245,19,0
12,245,245,20,0
12,245,245,21,0
12,245,245,22,0
12,245,245,23,0
12,245,245,24,0
12,245,245,25,0
12,245,245,26,0
12,245,245,27,0
12,245,245,28,0
12,245,245,29,0
12,245,245,30,0
12,245,245,31,0
12,245,245,32,0
12,245,245,33,0
12,245,245,34,0
12,245,245,35,0
12,245,245,36,0
12,245,245,37,0
12,245,245,38,0
12,245,245,39,0
12,245,245,40,0
12,245,245,41,0
12,245,245,42,0
12,245,245,43,0
12,245,245,44,0
12,245,245,45,0
12,245,245,46,0
12,245,245,47,0
12,245,245,0,0
12,246,246,1,308
12,246,246,2,11
12,246,246,3,0
12,246,246,4,0
12,246,246,5,0
12,246,246,6,0
12,246,246,7,0
12,246,246,8,0
12,246,246,9,0
12,246,246,10,13
12,246,246,11,0
12,246,246,12,0
12,246,246,13,2
12,246,246,14,1
12,246,246,15,0
12,246,246,16,473
12,246,246,17,1
12,246,246,18,0
12,246,246,19,2
12,246,246,20,0
12,246,246,21,0
12,246,246,22,0
12,246,246,23,0
12,246,246,24,1
12,246,246,25,0
12,246,246,26,0
12,246,246,27,0
12,246,246,28,0
12,246,246,29,0
12,246,246,30,1
12,246,246,31,0
12,246,246,32,1
12,246,246,33,1
12,246,246,34,0
12,246,246,35,0
12,246,246,36,0
12,246,246,37,0
12,246,246,38,0
12,246,246,39,0
12,246,246,40,0
12,246,246,41,1
12,246,246,42,0
12,246,246,43,0
12,246,246,44,0
12,246,246,45,0
12,246,246,46,0
12,246,246,47,0
12,246,246,0,1
12,247,247,1,283
12,247,247,2,19
12,247,247,3,0
12,247,247,4,0
12,247,247,5,0
12,247,247,6,1
12,247,247,7,0
12,247,247,8,0
12,247,247,9,0
12,247,247,10,13
12,247,247,11,0
12,247,247,12,0
12,247,247,13,0
12,247,247,14,1
12,247,247,15,0
12,247,247,16,395
12,247,247,17,0
12,247,247,18,0
12,247,247,19,0
12,247,247,20,0
12,247,247,21,0
12,247,247,22,0
12,247,247,23,0
12,247,247,24,0
12,247,247,25,0
12,247,247,26,0
12,247,247,27,0
12,247,247,28,0
12,247,247,29,0
12,247,247,30,0
12,247,247,31,0
12,247,247,32,0
12,247,247,33,0
12,247,247,34,0
12,247,247,35,0
12,247,247,36,0
12,247,247,37,0
12,247,247,38,0
12,247,247,39,0
12,247,247,40,1
12,247,247,41,0
12,247,247,42,0
12,247,247,43,0
12,247,247,44,0
12,247,247,45,0
12,247,247,46,0
12,247,247,47,0
12,247,247,0,0
12,248,248,1,266
12,248,248,2,14
12,248,248,3,4
12,248,248,4,1
12,248,248,5,0
12,248,248,6,0
12,248,248,7,0
12,248,248,8,0
12,248,248,9,1
12,248,248,10,26
12,248,248,11,1
12,248,248,12,0
12,248,248,13,0
12,248,248,14,2
12,248,248,15,0
12,248,248,16,572
12,248,248,17,2
12,248,248,18,0
12,248,248,19,1
12,248,248,20,0
12,248,248,21,0
12,248,248,22,0
12,248,248,23,0
12,248,248,24,1
12,248,248,25,0
12,248,248,26,0
12,248,248,27,0
12,248,248,28,0
12,248,248,29,0
12,248,248,30,1
12,248,248,31,0
12,248,248,32,1
12,248,248,33,0
12,248,248,34,0
12,248,248,35,0
12,248,248,36,0
12,248,248,37,0
12,248,248,38,0
12,248,248,39,1
12,248,248,40,0
12,248,248,41,1
12,248,248,42,1
12,248,248,43,0
12,248,248,44,0
12,248,248,45,0
12,248,248,46,2
12,248,248,47,0
12,248,248,0,3
12,249,249,1,162
12,249,249,2,15
12,249,249,3,0
12,249,249,4,0
12,249,249,5,0
12,249,249,6,0
12,249,249,7,0
12,249,249,8,0
12,249,249,9,1
12,249,249,10,47
12,249,249,11,3
12,249,249,12,0
12,249,249,13,1
12,249,249,14,1
12,249,249,15,0
12,249,249,16,357
12,249,249,17,1
12,249,249,18,0
12,249,249,19,0
12,249,249,20,0
12,249,249,21,0
12,249,249,22,0
12,249,249,23,0
12,249,249,24,0
12,249,249,25,0
12,249,249,26,0
12,249,249,27,0
12,249,249,28,0
12,249,249,29,0
12,249,249,30,0
12,249,249,31,0
12,249,249,32,0
12,249,249,33,0
12,249,249,34,0
12,249,249,35,0
12,249,249,36,0
12,249,249,37,0
12,249,249,38,0
12,249,249,39,0
12,249,249,40,0
12,249,249,41,0
12,249,249,42,0
12,249,249,43,0
12,249,249,44,0
12,249,249,45,0
12,249,249,46,0
12,249,249,47,0
12,249,249,0,0
12,250,250,1,242
12,250,250,2,12
12,250,250,3,0
12,250,250,4,0
12,250,250,5,0
12,250,250,6,0
12,250,250,7,0
12,250,250,8,0
12,250,250,9,0
12,250,250,10,17
12,250,250,11,1
12,250,250,12,0
12,250,250,13,1
12,250,250,14,0
12,250,250,15,0
12,250,250,16,414
12,250,250,17,0
12,250,250,18,0
12,250,250,19,0
12,250,250,20,0
12,250,250,21,0
12,250,250,22,0
12,250,250,23,0
12,250,250,24,0
12,250,250,25,0
12,250,250,26,0
12,250,250,27,0
12,250,250,28,0
12,250,250,29,0
12,250,250,30,1
12,250,250,31,1
12,250,250,32,1
12,250,250,33,2
12,250,250,34,0
12,250,250,35,1
12,250,250,36,0
12,250,250,37,0
12,250,250,38,1
12,250,250,39,0
12,250,250,40,0
12,250,250,41,0
12,250,250,42,2
12,250,250,43,0
12,250,250,44,0
12,250,250,45,0
12,250,250,46,0
12,250,250,47,0
12,250,250,0,2
12,251,251,1,199
12,251,251,2,9
12,251,251,3,3
12,251,251,4,0
12,251,251,5,0
12,251,251,6,0
12,251,251,7,0
12,251,251,8,0
12,251,251,9,0
12,251,251,10,43
12,251,251,11,0
12,251,251,12,0
12,251,251,13,0
12,251,251,14,1
12,251,251,15,0
12,251,251,16,288
12,251,251,17,2
12,251,251,18,0
12,251,251,19,0
12,251,251,20,0
12,251,251,21,1
12,251,251,22,0
12,251,251,23,0
12,251,251,24,0
12,251,251,25,0
12,251,251,26,0
12,251,251,27,0
12,251,251,28,0
12,251,251,29,0
12,251,251,30,1
12,251,251,31,0
12,251,251,32,0
12,251,251,33,1
12,251,251,34,0
12,251,251,35,1
12,251,251,36,0
12,251,251,37,0
12,251,251,38,1
12,251,251,39,0
12,251,251,40,0
12,251,251,41,1
12,251,251,42,0
12,251,251,43,0
12,251,251,44,0
12,251,251,45,0
12,251,251,46,0
12,251,251,47,0
12,251,251,0,4
12,252,252,1,120
12,252,252,2,9
12,252,252,3,0
12,252,252,4,0
12,252,252,5,0
12,252,252,6,1
12,252,252,7,0
12,252,252,8,0
12,252,252,9,1
12,252,252,10,68
12,252,252,11,1
12,252,252,12,0
12,252,252,13,1
12,252,252,14,1
12,252,252,15,0
12,252,252,16,285
12,252,252,17,1
12,252,252,18,0
12,252,252,19,0
12,252,252,20,0
12,252,252,21,0
12,252,252,22,0
12,252,252,23,0
12,252,252,24,0
12,252,252,25,1
12,252,252,26,0
12,252,252,27,0
12,252,252,28,0
12,252,252,29,0
12,252,252,30,0
12,252,252,31,1
12,252,252,32,0
12,252,252,33,0
12,252,252,34,0
12,252,252,35,0
12,252,252,36,0
12,252,252,37,0
12,252,252,38,0
12,252,252,39,0
12,252,252,40,0
12,252,252,41,0
12,252,252,42,0
12,252,252,43,0
12,252,252,44,0
12,252,252,45,0
12,252,252,46,0
12,252,252,47,0
12,252,252,0,6
12,253,253,1,145
12,253,253,2,16
12,253,253,3,1
12,253,253,4,0
12,253,253,5,0
12,253,253,6,0
12,253,253,7,0
12,253,253,8,0
12,253,253,9,1
12,253,253,10,40
12,253,253,11,0
12,253,253,12,0
12,253,253,13,0
12,253,253,14,3
12,253,253,15,0
12,253,253,16,295
12,253,253,17,1
12,253,253,18,0
12,253,253,19,0
12,253,253,20,0
12,253,253,21,0
12,253,253,22,0
12,253,253,23,0
12,253,253,24,0
12,253,253,25,0
12,253,253,26,0
12,253,253,27,0
12,253,253,28,0
12,253,253,29,0
12,253,253,30,0
12,253,253,31,1
12,253,253,32,0
12,253,253,33,0
12,253,253,34,0
12,253,253,35,0
12,253,253,36,0
12,253,253,37,0
12,253,253,38,2
12,253,253,39,0
12,253,253,40,0
12,253,253,41,2
12,253,253,42,0
12,253,253,43,0
12,253,253,44,0
12,253,253,45,0
12,253,253,46,0
12,253,253,47,1
12,253,253,0,2
12,254,254,1,110
12,254,254,2,21
12,254,254,3,0
12,254,254,4,0
12,254,254,5,0
12,254,254,6,0
12,254,254,7,0
12,254,254,8,0
12,254,254,9,0
12,254,254,10,30
12,254,254,11,0
12,254,254,12,0
12,254,254,13,0
12,254,254,14,0
12,254,254,15,0
12,254,254,16,211
12,254,254,17,0
12,254,254,18,0
12,254,254,19,0
12,254,254,20,0
12,254,254,21,0
12,254,254,22,0
12,254,254,23,0
12,254,254,24,0
12,254,254,25,0
12,254,254,26,0
12,254,254,27,0
12,254,254,28,0
12,254,254,29,0
12,254,254,30,1
12,254,254,31,0
12,254,254,32,0
12,254,254,33,0
12,254,254,34,0
12,254,254,35,0
12,254,254,36,0
12,254,254,37,0
12,254,254,38,0
12,254,254,39,0
12,254,254,40,0
12,254,254,41,0
12,254,254,42,0
12,254,254,43,0
12,254,254,44,0
12,254,254,45,0
12,254,254,46,0
12,254,254,47,0
12,254,254,0,3
12,255,255,1,190
12,255,255,2,10
12,255,255,3,1
12,255,255,4,0
12,255,255,5,1
12,255,255,6,0
12,255,255,7,0
12,255,255,8,0
12,255,255,9,0
12,255,255,10,43
12,255,255,11,0
12,255,255,12,0
12,255,255,13,2
12,255,255,14,3
12,255,255,15,1
12,255,255,16,288
12,255,255,17,0
12,255,255,18,0
12,255,255,19,0
12,255,255,20,0
12,255,255,21,0
12,255,255,22,0
12,255,255,23,0
12,255,255,24,0
12,255,255,25,1
12,255,255,26,1
12,255,255,27,0
12,255,255,28,0
12,255,255,29,0
12,255,255,30,0
12,255,255,31,1
12,255,255,32,0
12,255,255,33,0
12,255,255,34,0
12,255,255,35,0
12,255,255,36,0
12,255,255,37,0
12,255,255,38,0
12,255,255,39,1
12,255,255,40,0
12,255,255,41,1
12,255,255,42,0
12,255,255,43,0
12,255,255,44,0
12,255,255,45,0
12,255,255,46,0
12,255,255,47,1
12,255,255,0,3
12,256,256,1,148
12,256,256,2,10
12,256,256,3,0
12,256,256,4,0
12,256,256,5,0
12,256,256,6,0
12,256,256,7,0
12,256,256,8,0
12,256,256,9,0
12,256,256,10,50
12,256,256,11,0
12,256,256,12,0
12,256,256,13,0
12,256,256,14,1
12,256,256,15,0
12,256,256,16,402
12,256,256,17,1
12,256,256,18,2
12,256,256,19,1
12,256,256,20,0
12,256,256,21,0
12,256,256,22,0
12,256,256,23,0
12,256,256,24,0
12,256,256,25,1
12,256,256,26,0
12,256,256,27,0
12,256,256,28,0
12,256,256,29,0
12,256,256,30,0
12,256,256,31,0
12,256,256,32,0
12,256,256,33,0
12,256,256,34,0
12,256,256,35,0
12,256,256,36,0
12,256,256,37,0
12,256,256,38,0
12,256,256,39,0
12,256,256,40,0
12,256,256,41,0
12,256,256,42,0
12,256,256,43,0
12,256,256,44,0
12,256,256,45,0
12,256,256,46,0
12,256,256,47,0
12,256,256,0,4
12,257,257,1,349
12,257,257,2,20
12,257,257,3,1
12,257,257,4,0
12,257,257,5,0
12,257,257,6,0
12,257,257,7,0
12,257,257,8,0
12,257,257,9,0
12,257,257,10,26
12,257,257,11,0
12,257,257,12,0
12,257,257,13,2
12,257,257,14,0
12,257,257,15,0
12,257,257,16,419
12,257,257,17,2
12,257,257,18,0
12,257,257,19,0
12,257,257,20,0
12,257,257,21,0
12,257,257,22,0
12,257,257,23,0
12,257,257,24,0
12,257,257,25,0
12,257,257,26,0
12,257,257,27,0
12,257,257,28,0
12,257,257,29,1
12,257,257,30,1
12,257,257,31,0
12,257,257,32,0
12,257,257,33,0
12,257,257,34,0
12,257,257,35,0
12,257,257,36,0
12,257,257,37,0
12,257,257,38,0
12,257,257,39,0
12,257,257,40,1
12,257,257,41,0
12,257,257,42,0
12,257,257,43,0
12,257,257,44,0
12,257,257,45,0
12,257,257,46,0
12,257,257,47,0
12,257,257,0,3
12,258,258,1,344
12,258,258,2,12
12,258,258,3,0
12,258,258,4,0
12,258,258,5,0
12,258,258,6,0
12,258,258,7,0
12,258,258,8,0
12,258,258,9,0
12,258,258,10,14
12,258,258,11,0
12,258,258,12,0
12,258,258,13,0
12,258,258,14,0
12,258,258,15,0
12,258,258,16,421
12,258,258,17,1
12,258,258,18,0
12,258,258,19,1
12,258,258,20,0
12,258,258,21,0
12,258,258,22,0
12,258,258,23,0
12,258,258,24,0
12,258,258,25,0
12,258,258,26,0
12,258,258,27,0
12,258,258,28,0
12,258,258,29,0
12,258,258,30,0
12,258,258,31,0
12,258,258,32,0
12,258,258,33,0
12,258,258,34,0
12,258,258,35,0
12,258,258,36,0
12,258,258,37,0
12,258,258,38,0
12,258,258,39,0
12,258,258,40,0
12,258,258,41,2
12,258,258,42,0
12,258,258,43,0
12,258,258,44,0
12,258,258,45,0
12,258,258,46,1
12,258,258,47,0
12,258,258,0,3
12,259,259,1,349
12,259,259,2,15
12,259,259,3,0
12,259,259,4,1
12,259,259,5,0
12,259,259,6,0
12,259,259,7,0
12,259,259,8,0
12,259,259,9,0
12,259,259,10,15
12,259,259,11,0
12,259,259,12,1
12,259,259,13,0
12,259,259,14,0
12,259,259,15,1
12,259,259,16,457
12,259,259,17,0
12,259,259,18,0
12,259,259,19,0
12,259,259,20,0
12,259,259,21,0
12,259,259,22,0
12,259,259,23,0
12,259,259,24,0
12,259,259,25,0
12,259,259,26,0
12,259,259,27,0
12,259,259,28,0
12,259,259,29,0
12,259,259,30,1
12,259,259,31,0
12,259,259,32,0
12,259,259,33,0
12,259,259,34,0
12,259,259,35,1
12,259,259,36,0
12,259,259,37,0
12,259,259,38,0
12,259,259,39,0
12,259,259,40,0
12,259,259,41,2
12,259,259,42,0
12,259,259,43,0
12,259,259,44,0
12,259,259,45,0
12,259,259,46,0
12,259,259,47,0
12,259,259,0,2
12,260,260,1,271
12,260,260,2,10
12,260,260,3,0
12,260,260,4,0
12,260,260,5,0
12,260,260,6,0
12,260,260,7,0
12,260,260,8,1
12,260,260,9,0
12,260,260,10,19
12,260,260,11,0
12,260,260,12,0
12,260,260,13,1
12,260,260,14,1
12,260,260,15,0
12,260,260,16,369
12,260,260,17,2
12,260,260,18,0
12,260,260,19,0
12,260,260,20,0
12,260,260,21,0
12,260,260,22,0
12,260,260,23,0
12,260,260,24,0
12,260,260,25,0
12,260,260,26,0
12,260,260,27,0
12,260,260,28,1
12,260,260,29,0
12,260,260,30,0
12,260,260,31,1
12,260,260,32,0
12,260,260,33,1
12,260,260,34,0
12,260,260,35,0
12,260,260,36,0
12,260,260,37,0
12,260,260,38,0
12,260,260,39,0
12,260,260,40,0
12,260,260,41,3
12,260,260,42,0
12,260,260,43,0
12,260,260,44,0
12,260,260,45,0
12,260,260,46,1
12,260,260,47,0
12,260,260,0,0
12,261,261,1,294
12,261,261,2,26
12,261,261,3,0
12,261,261,4,1
12,261,261,5,1
12,261,261,6,1
12,261,261,7,0
12,261,261,8,0
12,261,261,9,2
12,261,261,10,39
12,261,261,11,0
12,261,261,12,0
12,261,261,13,1
12,261,261,14,0
12,261,261,15,0
12,261,261,16,525
12,261,261,17,1
12,261,261,18,0
12,261,261,19,0
12,261,261,20,0
12,261,261,21,0
12,261,261,22,0
12,261,261,23,0
12,261,261,24,0
12,261,261,25,0
12,261,261,26,1
12,261,261,27,0
12,261,261,28,0
12,261,261,29,0
12,261,261,30,0
12,261,261,31,0
12,261,261,32,0
12,261,261,33,0
12,261,261,34,0
12,261,261,35,0
12,261,261,36,0
12,261,261,37,0
12,261,261,38,0
12,261,261,39,0
12,261,261,40,0
12,261,261,41,2
12,261,261,42,0
12,261,261,43,0
12,261,261,44,0
12,261,261,45,0
12,261,261,46,0
12,261,261,47,0
12,261,261,0,4
12,262,262,1,217
12,262,262,2,14
12,262,262,3,1
12,262,262,4,2
12,262,262,5,2
12,262,262,6,0
12,262,262,7,0
12,262,262,8,0
12,262,262,9,0
12,262,262,10,7
12,262,262,11,0
12,262,262,12,0
12,262,262,13,0
12,262,262,14,1
12,262,262,15,0
12,262,262,16,391
12,262,262,17,0
12,262,262,18,1
12,262,262,19,0
12,262,262,20,0
12,262,262,21,0
12,262,262,22,0
12,262,262,23,0
12,262,262,24,0
12,262,262,25,1
12,262,262,26,0
12,262,262,27,0
12,262,262,28,0
12,262,262,29,0
12,262,262,30,0
12,262,262,31,0
12,262,262,32,1
12,262,262,33,0
12,262,262,34,0
12,262,262,35,0
12,262,262,36,0
12,262,262,37,0
12,262,262,38,0
12,262,262,39,0
12,262,262,40,0
12,262,262,41,0
12,262,262,42,0
12,262,262,43,0
12,262,262,44,0
12,262,262,45,0
12,262,262,46,0
12,262,262,47,0
12,262,262,0,1
12,263,263,1,137
12,263,263,2,15
12,263,263,3,1
12,263,263,4,0
12,263,263,5,0
12,263,263,6,0
12,263,263,7,1
12,263,263,8,0
12,263,263,9,1
12,263,263,10,15
12,263,263,11,0
12,263,263,12,0
12,263,263,13,0
12,263,263,14,1
12,263,263,15,0
12,263,263,16,309
12,263,263,17,2
12,263,263,18,0
12,263,263,19,0
12,263,263,20,0
12,263,263,21,0
12,263,263,22,0
12,263,263,23,0
12,263,263,24,0
12,263,263,25,0
12,263,263,26,1
12,263,263,27,0
12,263,263,28,0
12,263,263,29,0
12,263,263,30,0
12,263,263,31,0
12,263,263,32,1
12,263,263,33,0
12,263,263,34,0
12,263,263,35,0
12,263,263,36,0
12,263,263,37,0
12,263,263,38,0
12,263,263,39,0
12,263,263,40,0
12,263,263,41,0
12,263,263,42,1
12,263,263,43,0
12,263,263,44,0
12,263,263,45,0
12,263,263,46,0
12,263,263,47,0
12,263,263,0,0
12,264,264,1,176
12,264,264,2,12
12,264,264,3,3
12,264,264,4,0
12,264,264,5,0
12,264,264,6,0
12,264,264,7,0
12,264,264,8,1
12,264,264,9,1
12,264,264,10,26
12,264,264,11,0
12,264,264,12,1
12,264,264,13,0
12,264,264,14,1
12,264,264,15,1
12,264,264,16,479
12,264,264,17,2
12,264,264,18,0
12,264,264,19,0
12,264,264,20,0
12,264,264,21,0
12,264,264,22,0
12,264,264,23,0
12,264,264,24,0
12,264,264,25,0
12,264,264,26,0
12,264,264,27,0
12,264,264,28,0
12,264,264,29,0
12,264,264,30,0
12,264,264,31,0
12,264,264,32,1
12,264,264,33,0
12,264,264,34,0
12,264,264,35,0
12,264,264,36,0
12,264,264,37,0
12,264,264,38,1
12,264,264,39,0
12,264,264,40,0
12,264,264,41,2
12,264,264,42,0
12,264,264,43,0
12,264,264,44,0
12,264,264,45,0
12,264,264,46,0
12,264,264,47,0
12,264,264,0,2
12,265,265,1,160
12,265,265,2,16
12,265,265,3,0
12,265,265,4,0
12,265,265,5,0
12,265,265,6,0
12,265,265,7,0
12,265,265,8,0
12,265,265,9,2
12,265,265,10,20
12,265,265,11,0
12,265,265,12,0
12,265,265,13,1
12,265,265,14,0
12,265,265,15,0
12,265,265,16,457
12,265,265,17,1
12,265,265,18,0
12,265,265,19,0
12,265,265,20,0
12,265,265,21,0
12,265,265,22,0
12,265,265,23,0
12,265,265,24,0
12,265,265,25,0
12,265,265,26,1
12,265,265,27,0
12,265,265,28,0
12,265,265,29,0
12,265,265,30,0
12,265,265,31,0
12,265,265,32,0
12,265,265,33,1
12,265,265,34,1
12,265,265,35,0
12,265,265,36,0
12,265,265,37,0
12,265,265,38,0
12,265,265,39,0
12,265,265,40,1
12,265,265,41,0
12,265,265,42,2
12,265,265,43,0
12,265,265,44,0
12,265,265,45,0
12,265,265,46,0
12,265,265,47,0
12,265,265,0,4
12,266,266,1,243
12,266,266,2,23
12,266,266,3,0
12,266,266,4,0
12,266,266,5,0
12,266,266,6,0
12,266,266,7,1
12,266,266,8,0
12,266,266,9,1
12,266,266,10,27
12,266,266,11,0
12,266,266,12,0
12,266,266,13,1
12,266,266,14,1
12,266,266,15,1
12,266,266,16,467
12,266,266,17,1
12,266,266,18,0
12,266,266,19,0
12,266,266,20,1
12,266,266,21,0
12,266,266,22,0
12,266,266,23,0
12,266,266,24,0
12,266,266,25,1
12,266,266,26,0
12,266,266,27,0
12,266,266,28,2
12,266,266,29,0
12,266,266,30,0
12,266,266,31,0
12,266,266,32,0
12,266,266,33,2
12,266,266,34,0
12,266,266,35,0
12,266,266,36,0
12,266,266,37,0
12,266,266,38,2
12,266,266,39,0
12,266,266,40,0
12,266,266,41,4
12,266,266,42,0
12,266,266,43,0
12,266,266,44,0
12,266,266,45,0
12,266,266,46,1
12,266,266,47,0
12,266,266,0,1
12,267,267,1,319
12,267,267,2,9
12,267,267,3,1
12,267,267,4,1
12,267,267,5,0
12,267,267,6,0
12,267,267,7,0
12,267,267,8,0
12,267,267,9,0
12,267,267,10,24
12,267,267,11,0
12,267,267,12,0
12,267,267,13,0
12,267,267,14,1
12,267,267,15,0
12,267,267,16,455
12,267,267,17,0
12,267,267,18,1
12,267,267,19,0
12,267,267,20,0
12,267,267,21,0
12,267,267,22,0
12,267,267,23,0
12,267,267,24,0
12,267,267,25,1
12,267,267,26,3
12,267,267,27,1
12,267,267,28,0
12,267,267,29,0
12,267,267,30,0
12,267,267,31,0
12,267,267,32,1
12,267,267,33,1
12,267,267,34,0
12,267,267,35,0
12,267,267,36,0
12,267,267,37,0
12,267,267,38,1
12,267,267,39,0
12,267,267,40,0
12,267,267,41,2
12,267,267,42,0
12,267,267,43,0
12,267,267,44,0
12,267,267,45,0
12,267,267,46,0
12,267,267,47,0
12,267,267,0,5
12,268,268,1,269
12,268,268,2,19
12,268,268,3,2
12,268,268,4,1
12,268,268,5,0
12,268,268,6,0
12,268,268,7,0
12,268,268,8,1
12,268,268,9,0
12,268,268,10,18
12,268,268,11,0
12,268,268,12,0
12,268,268,13,0
12,268,268,14,3
12,268,268,15,0
12,268,268,16,521
12,268,268,17,1
12,268,268,18,0
12,268,268,19,1
12,268,268,20,0
12,268,268,21,0
12,268,268,22,0
12,268,268,23,0
12,268,268,24,0
12,268,268,25,0
12,268,268,26,1
12,268,268,27,0
12,268,268,28,0
12,268,268,29,2
12,268,268,30,0
12,268,268,31,1
12,268,268,32,1
12,268,268,33,0
12,268,268,34,0
12,268,268,35,1
12,268,268,36,0
12,268,268,37,0
12,268,268,38,2
12,268,268,39,0
12,268,268,40,0
12,268,268,41,2
12,268,268,42,0
12,268,268,43,0
12,268,268,44,0
12,268,268,45,0
12,268,268,46,0
12,268,268,47,0
12,268,268,0,6
12,269,269,1,178
12,269,269,2,18
12,269,269,3,1
12,269,269,4,1
12,269,269,5,0
12,269,269,6,0
12,269,269,7,0
12,269,269,8,0
12,269,269,9,0
12,269,269,10,21
12,269,269,11,2
12,269,269,12,0
12,269,269,13,0
12,269,269,14,1
12,269,269,15,0
12,269,269,16,530
12,269,269,17,1
12,269,269,18,0
12,269,269,19,0
12,269,269,20,0
12,269,269,21,0
12,269,269,22,0
12,269,269,23,1
12,269,269,24,0
12,269,269,25,0
12,269,269,26,0
12,269,269,27,0
12,269,269,28,0
12,269,269,29,0
12,269,269,30,2
12,269,269,31,0
12,269,269,32,1
12,269,269,33,1
12,269,269,34,0
12,269,269,35,0
12,269,269,36,0
12,269,269,37,0
12,269,269,38,1
12,269,269,39,0
12,269,269,40,0
12,269,269,41,2
12,269,269,42,1
12,269,269,43,1
12,269,269,44,0
12,269,269,45,0
12,269,269,46,1
12,269,269,47,0
12,269,269,0,1
12,270,270,1,155
12,270,270,2,8
12,270,270,3,0
12,270,270,4,0
12,270,270,5,0
12,270,270,6,0
12,270,270,7,0
12,270,270,8,0
12,270,270,9,0
12,270,270,10,11
12,270,270,11,1
12,270,270,12,0
12,270,270,13,1
12,270,270,14,0
12,270,270,15,0
12,270,270,16,400
12,270,270,17,0
12,270,270,18,0
12,270,270,19,0
12,270,270,20,0
12,270,270,21,0
12,270,270,22,0
12,270,270,23,0
12,270,270,24,0
12,270,270,25,0
12,270,270,26,0
12,270,270,27,0
12,270,270,28,0
12,270,270,29,0
12,270,270,30,0
12,270,270,31,0
12,270,270,32,1
12,270,270,33,1
12,270,270,34,0
12,270,270,35,1
12,270,270,36,0
12,270,270,37,0
12,270,270,38,1
12,270,270,39,0
12,270,270,40,0
12,270,270,41,1
12,270,270,42,0
12,270,270,43,0
12,270,270,44,0
12,270,270,45,0
12,270,270,46,0
12,270,270,47,0
12,270,270,0,2
12,271,271,1,141
12,271,271,2,17
12,271,271,3,0
12,271,271,4,1
12,271,271,5,0
12,271,271,6,0
12,271,271,7,0
12,271,271,8,0
12,271,271,9,0
12,271,271,10,6
12,271,271,11,0
12,271,271,12,0
12,271,271,13,0
12,271,271,14,1
12,271,271,15,0
12,271,271,16,329
12,271,271,17,1
12,271,271,18,0
12,271,271,19,0
12,271,271,20,0
12,271,271,21,0
12,271,271,22,0
12,271,271,23,0
12,271,271,24,0
12,271,271,25,0
12,271,271,26,0
12,271,271,27,0
12,271,271,28,0
12,271,271,29,0
12,271,271,30,0
12,271,271,31,0
12,271,271,32,0
12,271,271,33,0
12,271,271,34,0
12,271,271,35,0
12,271,271,36,0
12,271,271,37,0
12,271,271,38,0
12,271,271,39,0
12,271,271,40,0
12,271,271,41,0
12,271,271,42,0
12,271,271,43,0
12,271,271,44,0
12,271,271,45,0
12,271,271,46,0
12,271,271,47,0
12,271,271,0,2
12,272,272,1,224
12,272,272,2,15
12,272,272,3,2
12,272,272,4,0
12,272,272,5,0
12,272,272,6,0
12,272,272,7,1
12,272,272,8,0
12,272,272,9,0
12,272,272,10,26
12,272,272,11,1
12,272,272,12,0
12,272,272,13,0
12,272,272,14,0
12,272,272,15,0
12,272,272,16,596
12,272,272,17,0
12,272,272,18,0
12,272,272,19,0
12,272,272,20,0
12,272,272,21,0
12,272,272,22,0
12,272,272,23,0
12,272,272,24,0
12,272,272,25,0
12,272,272,26,1
12,272,272,27,0
12,272,272,28,2
12,272,272,29,0
12,272,272,30,0
12,272,272,31,0
12,272,272,32,0
12,272,272,33,1
12,272,272,34,0
12,272,272,35,1
12,272,272,36,0
12,272,272,37,1
12,272,272,38,2
12,272,272,39,0
12,272,272,40,0
12,272,272,41,1
12,272,272,42,0
12,272,272,43,0
12,272,272,44,0
12,272,272,45,0
12,272,272,46,1
12,272,272,47,0
12,272,272,0,0
12,273,273,1,243
12,273,273,2,17
12,273,273,3,1
12,273,273,4,0
12,273,273,5,0
12,273,273,6,1
12,273,273,7,0
12,273,273,8,0
12,273,273,9,0
12,273,273,10,11
12,273,273,11,1
12,273,273,12,0
12,273,273,13,0
12,273,273,14,1
12,273,273,15,1
12,273,273,16,550
12,273,273,17,1
12,273,273,18,0
12,273,273,19,0
12,273,273,20,0
12,273,273,21,0
12,273,273,22,1
12,273,273,23,0
12,273,273,24,0
12,273,273,25,0
12,273,273,26,0
12,273,273,27,1
12,273,273,28,0
12,273,273,29,0
12,273,273,30,1
12,273,273,31,0
12,273,273,32,0
12,273,273,33,0
12,273,273,34,0
12,273,273,35,0
12,273,273,36,0
12,273,273,37,0
12,273,273,38,0
12,273,273,39,0
12,273,273,40,0
12,273,273,41,0
12,273,273,42,0
12,273,273,43,0
12,273,273,44,0
12,273,273,45,2
12,273,273,46,1
12,273,273,47,2
12,273,273,0,1
12,274,274,1,270
12,274,274,2,18
12,274,274,3,1
12,274,274,4,0
12,274,274,5,0
12,274,274,6,0
12,274,274,7,0
12,274,274,8,0
12,274,274,9,0
12,274,274,10,21
12,274,274,11,0
12,274,274,12,0
12,274,274,13,0
12,274,274,14,1
12,274,274,15,1
12,274,274,16,595
12,274,274,17,1
12,274,274,18,0
12,274,274,19,1
12,274,274,20,0
12,274,274,21,0
12,274,274,22,0
12,274,274,23,0
12,274,274,24,0
12,274,274,25,0
12,274,274,26,0
12,274,274,27,0
12,274,274,28,0
12,274,274,29,0
12,274,274,30,0
12,274,274,31,0
12,274,274,32,0
12,274,274,33,0
12,274,274,34,0
12,274,274,35,0
12,274,274,36,0
12,274,274,37,0
12,274,274,38,1
12,274,274,39,0
12,274,274,40,0
12,274,274,41,0
12,274,274,42,1
12,274,274,43,0
12,274,274,44,1
12,274,274,45,0
12,274,274,46,1
12,274,274,47,0
12,274,274,0,1
12,275,275,1,299
12,275,275,2,20
12,275,275,3,1
12,275,275,4,1
12,275,275,5,0
12,275,275,6,1
12,275,275,7,0
12,275,275,8,0
12,275,275,9,0
12,275,275,10,17
12,275,275,11,1
12,275,275,12,0
12,275,275,13,0
12,275,275,14,2
12,275,275,15,0
12,275,275,16,429
12,275,275,17,0
12,275,275,18,1
12,275,275,19,1
12,275,275,20,0
12,275,275,21,0
12,275,275,22,0
12,275,275,23,1
12,275,275,24,0
12,275,275,25,0
12,275,275,26,1
12,275,275,27,0
12,275,275,28,0
12,275,275,29,0
12,275,275,30,0
12,275,275,31,0
12,275,275,32,0
12,275,275,33,1
12,275,275,34,0
12,275,275,35,0
12,275,275,36,0
12,275,275,37,0
12,275,275,38,2
12,275,275,39,0
12,275,275,40,0
12,275,275,41,1
12,275,275,42,2
12,275,275,43,0
12,275,275,44,0
12,275,275,45,0
12,275,275,46,0
12,275,275,47,0
12,275,275,0,1
12,276,276,1,274
12,276,276,2,24
12,276,276,3,5
12,276,276,4,0
12,276,276,5,1
12,276,276,6,1
12,276,276,7,0
12,276,276,8,1
12,276,276,9,0
12,276,276,10,25
12,276,276,11,0
12,276,276,12,0
12,276,276,13,2
12,276,276,14,0
12,276,276,15,0
12,276,276,16,436
12,276,276,17,0
12,276,276,18,0
12,276,276,19,0
12,276,276,20,0
12,276,276,21,0
12,276,276,22,0
12,276,276,23,0
12,276,276,24,0
12,276,276,25,0
12,276,276,26,0
12,276,276,27,0
12,276,276,28,0
12,276,276,29,0
12,276,276,30,0
12,276,276,31,0
12,276,276,32,2
12,276,276,33,1
12,276,276,34,0
12,276,276,35,0
12,276,276,36,1
12,276,276,37,0
12,276,276,38,3
12,276,276,39,1
12,276,276,40,0
12,276,276,41,1
12,276,276,42,1
12,276,276,43,0
12,276,276,44,0
12,276,276,45,0
12,276,276,46,0
12,276,276,47,0
12,276,276,0,2
12,277,277,1,245
12,277,277,2,13
12,277,277,3,1
12,277,277,4,0
12,277,277,5,1
12,277,277,6,1
12,277,277,7,0
12,277,277,8,0
12,277,277,9,1
12,277,277,10,9
12,277,277,11,0
12,277,277,12,1
12,277,277,13,0
12,277,277,14,3
12,277,277,15,0
12,277,277,16,497
12,277,277,17,1
12,277,277,18,0
12,277,277,19,1
12,277,277,20,0
12,277,277,21,0
12,277,277,22,0
12,277,277,23,0
12,277,277,24,0
12,277,277,25,0
12,277,277,26,1
12,277,277,27,0
12,277,277,28,1
12,277,277,29,0
12,277,277,30,1
12,277,277,31,0
12,277,277,32,2
12,277,277,33,1
12,277,277,34,1
12,277,277,35,1
12,277,277,36,0
12,277,277,37,1
12,277,277,38,0
12,277,277,39,0
12,277,277,40,1
12,277,277,41,3
12,277,277,42,0
12,277,277,43,0
12,277,277,44,1
12,277,277,45,0
12,277,277,46,0
12,277,277,47,1
12,277,277,0,2
12,278,278,1,210
12,278,278,2,11
12,278,278,3,3
12,278,278,4,0
12,278,278,5,0
12,278,278,6,0
12,278,278,7,1
12,278,278,8,0
12,278,278,9,0
12,278,278,10,9
12,278,278,11,1
12,278,278,12,0
12,278,278,13,1
12,278,278,14,0
12,278,278,15,0
12,278,278,16,382
12,278,278,17,1
12,278,278,18,0
12,278,278,19,0
12,278,278,20,0
12,278,278,21,0
12,278,278,22,0
12,278,278,23,0
12,278,278,24,0
12,278,278,25,0
12,278,278,26,0
12,278,278,27,0
12,278,278,28,0
12,278,278,29,0
12,278,278,30,0
12,278,278,31,1
12,278,278,32,0
12,278,278,33,0
12,278,278,34,1
12,278,278,35,0
12,278,278,36,0
12,278,278,37,0
12,278,278,38,1
12,278,278,39,0
12,278,278,40,0
12,278,278,41,0
12,278,278,42,0
12,278,278,43,0
12,278,278,44,0
12,278,278,45,0
12,278,278,46,0
12,278,278,47,0
12,278,278,0,2
12,279,279,1,215
12,279,279,2,21
12,279,279,3,0
12,279,279,4,0
12,279,279,5,0
12,279,279,6,0
12,279,279,7,0
12,279,279,8,0
12,279,279,9,0
12,279,279,10,8
12,279,279,11,0
12,279,279,12,0
12,279,279,13,2
12,279,279,14,0
12,279,279,15,0
12,279,279,16,382
12,279,279,17,2
12,279,279,18,0
12,279,279,19,0
12,279,279,20,0
12,279,279,21,0
12,279,279,22,0
12,279,279,23,0
12,279,279,24,0
12,279,279,25,0
12,279,279,26,0
12,279,279,27,0
12,279,279,28,0
12,279,279,29,0
12,279,279,30,0
12,279,279,31,1
12,279,279,32,0
12,279,279,33,0
12,279,279,34,1
12,279,279,35,0
12,279,279,36,0
12,279,279,37,0
12,279,279,38,1
12,279,279,39,0
12,279,279,40,0
12,279,279,41,1
12,279,279,42,0
12,279,279,43,0
12,279,279,44,0
12,279,279,45,1
12,279,279,46,0
12,279,279,47,0
12,279,279,0,1
12,280,280,1,211
12,280,280,2,10
12,280,280,3,0
12,280,280,4,0
12,280,280,5,1
12,280,280,6,0
12,280,280,7,0
12,280,280,8,0
12,280,280,9,1
12,280,280,10,12
12,280,280,11,0
12,280,280,12,0
12,280,280,13,1
12,280,280,14,1
12,280,280,15,0
12,280,280,16,282
12,280,280,17,1
12,280,280,18,0
12,280,280,19,0
12,280,280,20,0
12,280,280,21,0
12,280,280,22,0
12,280,280,23,0
12,280,280,24,0
12,280,280,25,0
12,280,280,26,1
12,280,280,27,0
12,280,280,28,0
12,280,280,29,0
12,280,280,30,0
12,280,280,31,0
12,280,280,32,0
12,280,280,33,0
12,280,280,34,2
12,280,280,35,1
12,280,280,36,1
12,280,280,37,0
12,280,280,38,0
12,280,280,39,0
12,280,280,40,0
12,280,280,41,0
12,280,280,42,1
12,280,280,43,0
12,280,280,44,0
12,280,280,45,1
12,280,280,46,0
12,280,280,47,0
12,280,280,0,0
12,281,281,1,306
12,281,281,2,13
12,281,281,3,2
12,281,281,4,0
12,281,281,5,0
12,281,281,6,0
12,281,281,7,0
12,281,281,8,0
12,281,281,9,0
12,281,281,10,13
12,281,281,11,0
12,281,281,12,0
12,281,281,13,2
12,281,281,14,0
12,281,281,15,1
12,281,281,16,403
12,281,281,17,0
12,281,281,18,1
12,281,281,19,0
12,281,281,20,0
12,281,281,21,0
12,281,281,22,0
12,281,281,23,0
12,281,281,24,0
12,281,281,25,0
12,281,281,26,1
12,281,281,27,0
12,281,281,28,0
12,281,281,29,0
12,281,281,30,0
12,281,281,31,0
12,281,281,32,1
12,281,281,33,0
12,281,281,34,0
12,281,281,35,0
12,281,281,36,0
12,281,281,37,0
12,281,281,38,0
12,281,281,39,0
12,281,281,40,0
12,281,281,41,3
12,281,281,42,0
12,281,281,43,0
12,281,281,44,0
12,281,281,45,0
12,281,281,46,0
12,281,281,47,0
12,281,281,0,1
12,282,282,1,199
12,282,282,2,25
12,282,282,3,1
12,282,282,4,1
12,282,282,5,0
12,282,282,6,0
12,282,282,7,1
12,282,282,8,0
12,282,282,9,0
12,282,282,10,43
12,282,282,11,0
12,282,282,12,0
12,282,282,13,1
12,282,282,14,0
12,282,282,15,1
12,282,282,16,477
12,282,282,17,1
12,282,282,18,0
12,282,282,19,0
12,282,282,20,0
12,282,282,21,0
12,282,282,22,0
12,282,282,23,0
12,282,282,24,0
12,282,282,25,0
12,282,282,26,1
12,282,282,27,0
12,282,282,28,0
12,282,282,29,0
12,282,282,30,1
12,282,282,31,0
12,282,282,32,0
12,282,282,33,0
12,282,282,34,0
12,282,282,35,0
12,282,282,36,0
12,282,282,37,0
12,282,282,38,1
12,282,282,39,0
12,282,282,40,1
12,282,282,41,0
12,282,282,42,0
12,282,282,43,0
12,282,282,44,0
12,282,282,45,0
12,282,282,46,0
12,282,282,47,0
12,282,282,0,2
12,283,283,1,179
12,283,283,2,12
12,283,283,3,1
12,283,283,4,0
12,283,283,5,0
12,283,283,6,0
12,283,283,7,0
12,283,283,8,0
12,283,283,9,0
12,283,283,10,34
12,283,283,11,0
12,283,283,12,0
12,283,283,13,2
12,283,283,14,0
12,283,283,15,0
12,283,283,16,427
12,283,283,17,0
12,283,283,18,0
12,283,283,19,0
12,283,283,20,0
12,283,283,21,0
12,283,283,22,2
12,283,283,23,0
12,283,283,24,1
12,283,283,25,0
12,283,283,26,0
12,283,283,27,0
12,283,283,28,0
12,283,283,29,0
12,283,283,30,0
12,283,283,31,0
12,283,283,32,1
12,283,283,33,0
12,283,283,34,0
12,283,283,35,0
12,283,283,36,0
12,283,283,37,0
12,283,283,38,2
12,283,283,39,0
12,283,283,40,0
12,283,283,41,1
12,283,283,42,0
12,283,283,43,0
12,283,283,44,0
12,283,283,45,0
12,283,283,46,1
12,283,283,47,1
12,283,283,0,3
12,284,284,1,232
12,284,284,2,15
12,284,284,3,1
12,284,284,4,0
12,284,284,5,0
12,284,284,6,0
12,284,284,7,0
12,284,284,8,1
12,284,284,9,3
12,284,284,10,23
12,284,284,11,1
12,284,284,12,2
12,284,284,13,0
12,284,284,14,1
12,284,284,15,0
12,284,284,16,449
12,284,284,17,2
12,284,284,18,0
12,284,284,19,0
12,284,284,20,0
12,284,284,21,0
12,284,284,22,0
12,284,284,23,0
12,284,284,24,0
12,284,284,25,0
12,284,284,26,2
12,284,284,27,0
12,284,284,28,0
12,284,284,29,0
12,284,284,30,0
12,284,284,31,2
12,284,284,32,0
12,284,284,33,0
12,284,284,34,0
12,284,284,35,0
12,284,284,36,0
12,284,284,37,0
12,284,284,38,0
12,284,284,39,0
12,284,284,40,0
12,284,284,41,0
12,284,284,42,1
12,284,284,43,0
12,284,284,44,0
12,284,284,45,0
12,284,284,46,0
12,284,284,47,0
12,284,284,0,1
12,285,285,1,124
12,285,285,2,18
12,285,285,3,0
12,285,285,4,0
12,285,285,5,0
12,285,285,6,0
12,285,285,7,0
12,285,285,8,1
12,285,285,9,2
12,285,285,10,32
12,285,285,11,1
12,285,285,12,0
12,285,285,13,0
12,285,285,14,1
12,285,285,15,0
12,285,285,16,369
12,285,285,17,1
12,285,285,18,0
12,285,285,19,0
12,285,285,20,1
12,285,285,21,0
12,285,285,22,0
12,285,285,23,0
12,285,285,24,0
12,285,285,25,0
12,285,285,26,0
12,285,285,27,0
12,285,285,28,0
12,285,285,29,0
12,285,285,30,0
12,285,285,31,0
12,285,285,32,0
12,285,285,33,0
12,285,285,34,0
12,285,285,35,0
12,285,285,36,0
12,285,285,37,0
12,285,285,38,0
12,285,285,39,0
12,285,285,40,0
12,285,285,41,0
12,285,285,42,0
12,285,285,43,0
12,285,285,44,0
12,285,285,45,0
12,285,285,46,0
12,285,285,47,0
12,285,285,0,2
12,286,286,1,148
12,286,286,2,9
12,286,286,3,0
12,286,286,4,0
12,286,286,5,0
12,286,286,6,0
12,286,286,7,0
12,286,286,8,1
12,286,286,9,1
12,286,286,10,49
12,286,286,11,1
12,286,286,12,1
12,286,286,13,2
12,286,286,14,0
12,286,286,15,0
12,286,286,16,336
12,286,286,17,1
12,286,286,18,0
12,286,286,19,0
12,286,286,20,0
12,286,286,21,0
12,286,286,22,3
12,286,286,23,0
12,286,286,24,0
12,286,286,25,0
12,286,286,26,0
12,286,286,27,0
12,286,286,28,0
12,286,286,29,0
12,286,286,30,0
12,286,286,31,1
12,286,286,32,1
12,286,286,33,0
12,286,286,34,1
12,286,286,35,0
12,286,286,36,0
12,286,286,37,0
12,286,286,38,1
12,286,286,39,0
12,286,286,40,0
12,286,286,41,1
12,286,286,42,1
12,286,286,43,0
12,286,286,44,1
12,286,286,45,0
12,286,286,46,0
12,286,286,47,0
12,286,286,0,1
12,287,287,1,123
12,287,287,2,12
12,287,287,3,0
12,287,287,4,0
12,287,287,5,0
12,287,287,6,0
12,287,287,7,0
12,287,287,8,0
12,287,287,9,0
12,287,287,10,17
12,287,287,11,1
12,287,287,12,1
12,287,287,13,2
12,287,287,14,1
12,287,287,15,0
12,287,287,16,267
12,287,287,17,1
12,287,287,18,0
12,287,287,19,0
12,287,287,20,0
12,287,287,21,0
12,287,287,22,0
12,287,287,23,0
12,287,287,24,0
12,287,287,25,0
12,287,287,26,1
12,287,287,27,0
12,287,287,28,0
12,287,287,29,0
12,287,287,30,0
12,287,287,31,0
12,287,287,32,0
12,287,287,33,0
12,287,287,34,0
12,287,287,35,0
12,287,287,36,0
12,287,287,37,0
12,287,287,38,0
12,287,287,39,0
12,287,287,40,0
12,287,287,41,1
12,287,287,42,0
12,287,287,43,0
12,287,287,44,0
12,287,287,45,0
12,287,287,46,0
12,287,287,47,0
12,287,287,0,1
12,288,288,1,185
12,288,288,2,20
12,288,288,3,0
12,288,288,4,0
12,288,288,5,0
12,288,288,6,0
12,288,288,7,0
12,288,288,8,0
12,288,288,9,0
12,288,288,10,25
12,288,288,11,0
12,288,288,12,0
12,288,288,13,0
12,288,288,14,1
12,288,288,15,0
12,288,288,16,429
12,288,288,17,1
12,288,288,18,0
12,288,288,19,1
12,288,288,20,0
12,288,288,21,0
12,288,288,22,0
12,288,288,23,0
12,288,288,24,0
12,288,288,25,0
12,288,288,26,0
12,288,288,27,1
12,288,288,28,1
12,288,288,29,0
12,288,288,30,0
12,288,288,31,0
12,288,288,32,0
12,288,288,33,2
12,288,288,34,0
12,288,288,35,0
12,288,288,36,0
12,288,288,37,2
12,288,288,38,0
12,288,288,39,0
12,288,288,40,0
12,288,288,41,0
12,288,288,42,0
12,288,288,43,0
12,288,288,44,0
12,288,288,45,0
12,288,288,46,1
12,288,288,47,0
12,288,288,0,5
12,289,289,1,204
12,289,289,2,12
12,289,289,3,0
12,289,289,4,0
12,289,289,5,0
12,289,289,6,1
12,289,289,7,0
12,289,289,8,0
12,289,289,9,0
12,289,289,10,24
12,289,289,11,0
12,289,289,12,1
12,289,289,13,0
12,289,289,14,3
12,289,289,15,0
12,289,289,16,463
12,289,289,17,2
12,289,289,18,0
12,289,289,19,0
12,289,289,20,1
12,289,289,21,1
12,289,289,22,0
12,289,289,23,0
12,289,289,24,1
12,289,289,25,0
12,289,289,26,0
12,289,289,27,0
12,289,289,28,1
12,289,289,29,0
12,289,289,30,0
12,289,289,31,0
12,289,289,32,0
12,289,289,33,1
12,289,289,34,0
12,289,289,35,0
12,289,289,36,0
12,289,289,37,0
12,289,289,38,2
12,289,289,39,1
12,289,289,40,0
12,289,289,41,1
12,289,289,42,1
12,289,289,43,0
12,289,289,44,0
12,289,289,45,1
12,289,289,46,0
12,289,289,47,0
12,289,289,0,3
12,290,290,1,216
12,290,290,2,15
12,290,290,3,2
12,290,290,4,0
12,290,290,5,0
12,290,290,6,0
12,290,290,7,0
12,290,290,8,1
12,290,290,9,0
12,290,290,10,10
12,290,290,11,0
12,290,290,12,0
12,290,290,13,0
12,290,290,14,0
12,290,290,15,0
12,290,290,16,385
12,290,290,17,3
12,290,290,18,0
12,290,290,19,0
12,290,290,20,0
12,290,290,21,0
12,290,290,22,0
12,290,290,23,0
12,290,290,24,0
12,290,290,25,0
12,290,290,26,2
12,290,290,27,0
12,290,290,28,0
12,290,290,29,0
12,290,290,30,1
12,290,290,31,0
12,290,290,32,0
12,290,290,33,1
12,290,290,34,0
12,290,290,35,0
12,290,290,36,0
12,290,290,37,0
12,290,290,38,0
12,290,290,39,1
12,290,290,40,0
12,290,290,41,1
12,290,290,42,2
12,290,290,43,0
12,290,290,44,0
12,290,290,45,0
12,290,290,46,0
12,290,290,47,0
12,290,290,0,0
12,291,291,1,330
12,291,291,2,7
12,291,291,3,0
12,291,291,4,1
12,291,291,5,2
12,291,291,6,0
12,291,291,7,0
12,291,291,8,0
12,291,291,9,0
12,291,291,10,17
12,291,291,11,3
12,291,291,12,0
12,291,291,13,1
12,291,291,14,0
12,291,291,15,0
12,291,291,16,430
12,291,291,17,0
12,291,291,18,1
12,291,291,19,1
12,291,291,20,0
12,291,291,21,0
12,291,291,22,0
12,291,291,23,0
12,291,291,24,0
12,291,291,25,1
12,291,291,26,1
12,291,291,27,0
12,291,291,28,0
12,291,291,29,1
12,291,291,30,0
12,291,291,31,1
12,291,291,32,0
12,291,291,33,2
12,291,291,34,1
12,291,291,35,0
12,291,291,36,0
12,291,291,37,1
12,291,291,38,1
12,291,291,39,0
12,291,291,40,0
12,291,291,41,0
12,291,291,42,2
12,291,291,43,0
12,291,291,44,0
12,291,291,45,1
12,291,291,46,0
12,291,291,47,1
12,291,291,0,2
12,292,292,1,263
12,292,292,2,25
12,292,292,3,1
12,292,292,4,1
12,292,292,5,2
12,292,292,6,0
12,292,292,7,0
12,292,292,8,0
12,292,292,9,0
12,292,292,10,17
12,292,292,11,0
12,292,292,12,1
12,292,292,13,1
12,292,292,14,0
12,292,292,15,1
12,292,292,16,497
12,292,292,17,0
12,292,292,18,0
12,292,292,19,0
12,292,292,20,0
12,292,292,21,0
12,292,292,22,0
12,292,292,23,0
12,292,292,24,0
12,292,292,25,0
12,292,292,26,0
12,292,292,27,0
12,292,292,28,0
12,292,292,29,0
12,292,292,30,1
12,292,292,31,0
12,292,292,32,0
12,292,292,33,0
12,292,292,34,0
12,292,292,35,0
12,292,292,36,0
12,292,292,37,0
12,292,292,38,2
12,292,292,39,0
12,292,292,40,0
12,292,292,41,1
12,292,292,42,0
12,292,292,43,0
12,292,292,44,0
12,292,292,45,0
12,292,292,46,0
12,292,292,47,0
12,292,292,0,0
12,293,293,1,197
12,293,293,2,11
12,293,293,3,1
12,293,293,4,0
12,293,293,5,0
12,293,293,6,1
12,293,293,7,0
12,293,293,8,0
12,293,293,9,0
12,293,293,10,12
12,293,293,11,0
12,293,293,12,0
12,293,293,13,1
12,293,293,14,0
12,293,293,15,2
12,293,293,16,415
12,293,293,17,0
12,293,293,18,0
12,293,293,19,1
12,293,293,20,0
12,293,293,21,0
12,293,293,22,0
12,293,293,23,0
12,293,293,24,0
12,293,293,25,0
12,293,293,26,1
12,293,293,27,0
12,293,293,28,0
12,293,293,29,0
12,293,293,30,1
12,293,293,31,0
12,293,293,32,0
12,293,293,33,0
12,293,293,34,0
12,293,293,35,0
12,293,293,36,0
12,293,293,37,0
12,293,293,38,1
12,293,293,39,0
12,293,293,40,0
12,293,293,41,2
12,293,293,42,0
12,293,293,43,0
12,293,293,44,0
12,293,293,45,0
12,293,293,46,1
12,293,293,47,0
12,293,293,0,1
12,294,294,1,236
12,294,294,2,5
12,294,294,3,1
12,294,294,4,0
12,294,294,5,0
12,294,294,6,0
12,294,294,7,0
12,294,294,8,0
12,294,294,9,0
12,294,294,10,6
12,294,294,11,1
12,294,294,12,0
12,294,294,13,0
12,294,294,14,1
12,294,294,15,0
12,294,294,16,400
12,294,294,17,0
12,294,294,18,0
12,294,294,19,0
12,294,294,20,0
12,294,294,21,0
12,294,294,22,1
12,294,294,23,0
12,294,294,24,0
12,294,294,25,0
12,294,294,26,0
12,294,294,27,0
12,294,294,28,0
12,294,294,29,0
12,294,294,30,0
12,294,294,31,0
12,294,294,32,0
12,294,294,33,2
12,294,294,34,1
12,294,294,35,0
12,294,294,36,0
12,294,294,37,0
12,294,294,38,0
12,294,294,39,0
12,294,294,40,0
12,294,294,41,2
12,294,294,42,0
12,294,294,43,0
12,294,294,44,0
12,294,294,45,0
12,294,294,46,0
12,294,294,47,1
12,294,294,0,0
12,295,295,1,180
12,295,295,2,14
12,295,295,3,2
12,295,295,4,0
12,295,295,5,0
12,295,295,6,0
12,295,295,7,0
12,295,295,8,1
12,295,295,9,0
12,295,295,10,10
12,295,295,11,0
12,295,295,12,0
12,295,295,13,2
12,295,295,14,0
12,295,295,15,0
12,295,295,16,449
12,295,295,17,0
12,295,295,18,0
12,295,295,19,0
12,295,295,20,0
12,295,295,21,0
12,295,295,22,0
12,295,295,23,0
12,295,295,24,0
12,295,295,25,0
12,295,295,26,0
12,295,295,27,0
12,295,295,28,0
12,295,295,29,0
12,295,295,30,0
12,295,295,31,0
12,295,295,32,0
12,295,295,33,1
12,295,295,34,0
12,295,295,35,0
12,295,295,36,0
12,295,295,37,0
12,295,295,38,1
12,295,295,39,0
12,295,295,40,0
12,295,295,41,1
12,295,295,42,0
12,295,295,43,0
12,295,295,44,0
12,295,295,45,0
12,295,295,46,0
12,295,295,47,0
12,295,295,0,0
12,296,296,1,184
12,296,296,2,11
12,296,296,3,3
12,296,296,4,1
12,296,296,5,0
12,296,296,6,0
12,296,296,7,0
12,296,296,8,0
12,296,296,9,0
12,296,296,10,5
12,296,296,11,1
12,296,296,12,0
12,296,296,13,0
12,296,296,14,0
12,296,296,15,0
12,296,296,16,479
12,296,296,17,0
12,296,296,18,0
12,296,296,19,0
12,296,296,20,0
12,296,296,21,0
12,296,296,22,0
12,296,296,23,0
12,296,296,24,0
12,296,296,25,0
12,296,296,26,0
12,296,296,27,0
12,296,296,28,0
12,296,296,29,0
12,296,296,30,0
12,296,296,31,1
12,296,296,32,0
12,296,296,33,0
12,296,296,34,0
12,296,296,35,0
12,296,296,36,0
12,296,296,37,0
12,296,296,38,1
12,296,296,39,0
12,296,296,40,0
12,296,296,41,0
12,296,296,42,0
12,296,296,43,0
12,296,296,44,0
12,296,296,45,0
12,296,296,46,0
12,296,296,47,0
12,296,296,0,1
12,297,297,1,153
12,297,297,2,9
12,297,297,3,0
12,297,297,4,0
12,297,297,5,0
12,297,297,6,0
12,297,297,7,0
12,297,297,8,0
12,297,297,9,0
12,297,297,10,10
12,297,297,11,0
12,297,297,12,0
12,297,297,13,1
12,297,297,14,1
12,297,297,15,0
12,297,297,16,319
12,297,297,17,0
12,297,297,18,0
12,297,297,19,0
12,297,297,20,0
12,297,297,21,0
12,297,297,22,0
12,297,297,23,0
12,297,297,24,0
12,297,297,25,0
12,297,297,26,0
12,297,297,27,0
12,297,297,28,0
12,297,297,29,0
12,297,297,30,0
12,297,297,31,0
12,297,297,32,0
12,297,297,33,0
12,297,297,34,0
12,297,297,35,1
12,297,297,36,0
12,297,297,37,0
12,297,297,38,0
12,297,297,39,0
12,297,297,40,0
12,297,297,41,0
12,297,297,42,0
12,297,297,43,0
12,297,297,44,1
12,297,297,45,1
12,297,297,46,0
12,297,297,47,0
12,297,297,0,1
12,298,298,1,91
12,298,298,2,3
12,298,298,3,1
12,298,298,4,0
12,298,298,5,0
12,298,298,6,0
12,298,298,7,0
12,298,298,8,0
12,298,298,9,0
12,298,298,10,5
12,298,298,11,0
12,298,298,12,0
12,298,298,13,0
12,298,298,14,0
12,298,298,15,0
12,298,298,16,333
12,298,298,17,0
12,298,298,18,0
12,298,298,19,0
12,298,298,20,0
12,298,298,21,0
12,298,298,22,0
12,298,298,23,0
12,298,298,24,0
12,298,298,25,0
12,298,298,26,0
12,298,298,27,0
12,298,298,28,0
12,298,298,29,0
12,298,298,30,0
12,298,298,31,1
12,298,298,32,0
12,298,298,33,0
12,298,298,34,0
12,298,298,35,0
12,298,298,36,0
12,298,298,37,0
12,298,298,38,0
12,298,298,39,0
12,298,298,40,0
12,298,298,41,1
12,298,298,42,0
12,298,298,43,0
12,298,298,44,0
12,298,298,45,0
12,298,298,46,0
12,298,298,47,0
12,298,298,0,1
12,299,299,1,66080
12,299,299,2,5080
12,299,299,3,172
12,299,299,4,70
12,299,299,5,47
12,299,299,6,39
12,299,299,7,30
12,299,299,8,45
12,299,299,9,100
12,299,299,10,8471
12,299,299,11,94
12,299,299,12,32
12,299,299,13,255
12,299,299,14,207
12,299,299,15,97
12,299,299,16,119785
12,299,299,17,227
12,299,299,18,31
12,299,299,19,78
12,299,299,20,14
12,299,299,21,15
12,299,299,22,41
12,299,299,23,18
12,299,299,24,19
12,299,299,25,19
12,299,299,26,78
12,299,299,27,12
12,299,299,28,28
12,299,299,29,32
12,299,299,30,70
12,299,299,31,93
12,299,299,32,62
12,299,299,33,118
12,299,299,34,95
12,299,299,35,52
12,299,299,36,24
12,299,299,37,17
12,299,299,38,141
12,299,299,39,21
12,299,299,40,31
12,299,299,41,235
12,299,299,42,89
12,299,299,43,13
12,299,299,44,26
12,299,299,45,51
12,299,299,46,77
12,299,299,47,43
12,299,299,0,598
12,300,300,1,66650
12,300,300,2,5114
12,300,300,3,174
12,300,300,4,71
12,300,300,5,47
12,300,300,6,39
12,300,300,7,30
12,300,300,8,46
12,300,300,9,101
12,300,300,10,8561
12,300,300,11,94
12,300,300,12,32
12,300,300,13,256
12,300,300,14,216
12,300,300,15,98
12,300,300,16,120365
12,300,300,17,230
12,300,300,18,32
12,300,300,19,78
12,300,300,20,14
12,300,300,21,16
12,300,300,22,41
12,300,300,23,18
12,300,300,24,19
12,300,300,25,19
12,300,300,26,78
12,300,300,27,12
12,300,300,28,28
12,300,300,29,33
12,300,300,30,70
12,300,300,31,93
12,300,300,32,63
12,300,300,33,118
12,300,300,34,95
12,300,300,35,53
12,300,300,36,24
12,300,300,37,17
12,300,300,38,148
12,300,300,39,21
12,300,300,40,31
12,300,300,41,238
12,300,300,42,90
12,300,300,43,13
12,300,300,44,26
12,300,300,45,51
12,300,300,46,77
12,300,300,47,43
12,300,300,0,601
