ac_code,ps_serial_number,ps_code,candidate_serial_number,candidate_votes
24,0,0,1,29
24,0,0,2,557
24,0,0,3,408
24,0,0,4,242
24,0,0,5,0
24,0,0,6,1
24,0,0,7,1
24,0,0,8,1
24,0,0,9,2
24,0,0,10,5
24,0,0,11,6
24,0,0,12,3
24,0,0,13,6
24,0,0,14,1
24,0,0,15,2
24,0,0,16,0
24,0,0,17,1
24,0,0,18,0
24,0,0,19,1
24,0,0,20,1
24,0,0,21,0
24,0,0,22,4
24,0,0,23,1
24,0,0,24,0
24,0,0,25,0
24,0,0,26,0
24,0,0,0,17
24,1,1,1,0
24,1,1,2,0
24,1,1,3,0
24,1,1,4,0
24,1,1,5,0
24,1,1,6,0
24,1,1,7,0
24,1,1,8,0
24,1,1,9,0
24,1,1,10,0
24,1,1,11,0
24,1,1,12,0
24,1,1,13,0
24,1,1,14,0
24,1,1,15,0
24,1,1,16,0
24,1,1,17,0
24,1,1,18,0
24,1,1,19,0
24,1,1,20,0
24,1,1,21,0
24,1,1,22,0
24,1,1,23,0
24,1,1,24,0
24,1,1,25,0
24,1,1,26,0
24,1,1,0,0
24,1,1,1,11
24,1,1,2,168
24,1,1,3,163
24,1,1,4,279
24,1,1,5,0
24,1,1,6,1
24,1,1,7,0
24,1,1,8,0
24,1,1,9,0
24,1,1,10,0
24,1,1,11,0
24,1,1,12,0
24,1,1,13,0
24,1,1,14,0
24,1,1,15,0
24,1,1,16,0
24,1,1,17,0
24,1,1,18,1
24,1,1,19,0
24,1,1,20,1
24,1,1,21,1
24,1,1,22,3
24,1,1,23,0
24,1,1,24,0
24,1,1,25,0
24,1,1,26,1
24,1,1,0,1
24,2,2,1,22
24,2,2,2,101
24,2,2,3,110
24,2,2,4,230
24,2,2,5,1
24,2,2,6,0
24,2,2,7,1
24,2,2,8,0
24,2,2,9,0
24,2,2,10,0
24,2,2,11,0
24,2,2,12,0
24,2,2,13,0
24,2,2,14,0
24,2,2,15,0
24,2,2,16,1
24,2,2,17,0
24,2,2,18,0
24,2,2,19,1
24,2,2,20,0
24,2,2,21,0
24,2,2,22,1
24,2,2,23,3
24,2,2,24,0
24,2,2,25,0
24,2,2,26,0
24,2,2,0,4
24,3,3,1,14
24,3,3,2,76
24,3,3,3,130
24,3,3,4,208
24,3,3,5,1
24,3,3,6,0
24,3,3,7,0
24,3,3,8,0
24,3,3,9,0
24,3,3,10,0
24,3,3,11,0
24,3,3,12,0
24,3,3,13,1
24,3,3,14,0
24,3,3,15,0
24,3,3,16,0
24,3,3,17,0
24,3,3,18,0
24,3,3,19,0
24,3,3,20,0
24,3,3,21,0
24,3,3,22,0
24,3,3,23,1
24,3,3,24,0
24,3,3,25,0
24,3,3,26,0
24,3,3,0,2
24,4,4,1,21
24,4,4,2,196
24,4,4,3,138
24,4,4,4,308
24,4,4,5,0
24,4,4,6,0
24,4,4,7,1
24,4,4,8,0
24,4,4,9,0
24,4,4,10,0
24,4,4,11,0
24,4,4,12,0
24,4,4,13,0
24,4,4,14,0
24,4,4,15,0
24,4,4,16,2
24,4,4,17,0
24,4,4,18,0
24,4,4,19,0
24,4,4,20,0
24,4,4,21,0
24,4,4,22,0
24,4,4,23,2
24,4,4,24,0
24,4,4,25,0
24,4,4,26,0
24,4,4,0,11
24,5,5,1,10
24,5,5,2,131
24,5,5,3,109
24,5,5,4,238
24,5,5,5,0
24,5,5,6,0
24,5,5,7,0
24,5,5,8,0
24,5,5,9,0
24,5,5,10,0
24,5,5,11,0
24,5,5,12,0
24,5,5,13,0
24,5,5,14,0
24,5,5,15,0
24,5,5,16,0
24,5,5,17,0
24,5,5,18,0
24,5,5,19,0
24,5,5,20,1
24,5,5,21,1
24,5,5,22,0
24,5,5,23,0
24,5,5,24,0
24,5,5,25,0
24,5,5,26,0
24,5,5,0,1
24,6,6,1,23
24,6,6,2,209
24,6,6,3,112
24,6,6,4,302
24,6,6,5,2
24,6,6,6,1
24,6,6,7,0
24,6,6,8,0
24,6,6,9,0
24,6,6,10,0
24,6,6,11,0
24,6,6,12,0
24,6,6,13,1
24,6,6,14,1
24,6,6,15,0
24,6,6,16,0
24,6,6,17,0
24,6,6,18,2
24,6,6,19,1
24,6,6,20,2
24,6,6,21,0
24,6,6,22,0
24,6,6,23,0
24,6,6,24,0
24,6,6,25,0
24,6,6,26,0
24,6,6,0,7
24,7,7,1,33
24,7,7,2,150
24,7,7,3,172
24,7,7,4,312
24,7,7,5,2
24,7,7,6,1
24,7,7,7,0
24,7,7,8,0
24,7,7,9,0
24,7,7,10,0
24,7,7,11,0
24,7,7,12,0
24,7,7,13,1
24,7,7,14,0
24,7,7,15,0
24,7,7,16,0
24,7,7,17,0
24,7,7,18,0
24,7,7,19,1
24,7,7,20,0
24,7,7,21,0
24,7,7,22,0
24,7,7,23,0
24,7,7,24,0
24,7,7,25,0
24,7,7,26,0
24,7,7,0,2
24,8,8,1,21
24,8,8,2,138
24,8,8,3,144
24,8,8,4,274
24,8,8,5,0
24,8,8,6,1
24,8,8,7,0
24,8,8,8,0
24,8,8,9,0
24,8,8,10,0
24,8,8,11,0
24,8,8,12,0
24,8,8,13,1
24,8,8,14,0
24,8,8,15,0
24,8,8,16,0
24,8,8,17,0
24,8,8,18,1
24,8,8,19,1
24,8,8,20,0
24,8,8,21,0
24,8,8,22,0
24,8,8,23,0
24,8,8,24,1
24,8,8,25,0
24,8,8,26,0
24,8,8,0,4
24,9,9,1,22
24,9,9,2,159
24,9,9,3,106
24,9,9,4,206
24,9,9,5,0
24,9,9,6,0
24,9,9,7,0
24,9,9,8,0
24,9,9,9,0
24,9,9,10,0
24,9,9,11,0
24,9,9,12,0
24,9,9,13,0
24,9,9,14,0
24,9,9,15,0
24,9,9,16,0
24,9,9,17,0
24,9,9,18,0
24,9,9,19,1
24,9,9,20,0
24,9,9,21,0
24,9,9,22,0
24,9,9,23,0
24,9,9,24,0
24,9,9,25,0
24,9,9,26,0
24,9,9,0,3
24,10,10,1,20
24,10,10,2,124
24,10,10,3,124
24,10,10,4,195
24,10,10,5,0
24,10,10,6,0
24,10,10,7,0
24,10,10,8,0
24,10,10,9,0
24,10,10,10,0
24,10,10,11,0
24,10,10,12,0
24,10,10,13,0
24,10,10,14,0
24,10,10,15,0
24,10,10,16,0
24,10,10,17,0
24,10,10,18,0
24,10,10,19,0
24,10,10,20,0
24,10,10,21,0
24,10,10,22,0
24,10,10,23,0
24,10,10,24,0
24,10,10,25,0
24,10,10,26,0
24,10,10,0,5
24,11,11,1,19
24,11,11,2,157
24,11,11,3,138
24,11,11,4,256
24,11,11,5,0
24,11,11,6,0
24,11,11,7,1
24,11,11,8,1
24,11,11,9,0
24,11,11,10,0
24,11,11,11,0
24,11,11,12,0
24,11,11,13,0
24,11,11,14,0
24,11,11,15,0
24,11,11,16,0
24,11,11,17,0
24,11,11,18,2
24,11,11,19,0
24,11,11,20,0
24,11,11,21,0
24,11,11,22,0
24,11,11,23,0
24,11,11,24,0
24,11,11,25,0
24,11,11,26,1
24,11,11,0,4
24,12,12,1,18
24,12,12,2,135
24,12,12,3,162
24,12,12,4,311
24,12,12,5,1
24,12,12,6,1
24,12,12,7,0
24,12,12,8,0
24,12,12,9,0
24,12,12,10,0
24,12,12,11,0
24,12,12,12,0
24,12,12,13,1
24,12,12,14,0
24,12,12,15,0
24,12,12,16,0
24,12,12,17,0
24,12,12,18,1
24,12,12,19,1
24,12,12,20,1
24,12,12,21,0
24,12,12,22,0
24,12,12,23,1
24,12,12,24,0
24,12,12,25,0
24,12,12,26,0
24,12,12,0,2
24,13,13,1,15
24,13,13,2,93
24,13,13,3,135
24,13,13,4,195
24,13,13,5,0
24,13,13,6,1
24,13,13,7,1
24,13,13,8,0
24,13,13,9,0
24,13,13,10,0
24,13,13,11,0
24,13,13,12,0
24,13,13,13,1
24,13,13,14,0
24,13,13,15,0
24,13,13,16,0
24,13,13,17,0
24,13,13,18,0
24,13,13,19,0
24,13,13,20,1
24,13,13,21,0
24,13,13,22,0
24,13,13,23,0
24,13,13,24,0
24,13,13,25,0
24,13,13,26,0
24,13,13,0,2
24,14,14,1,7
24,14,14,2,122
24,14,14,3,150
24,14,14,4,244
24,14,14,5,0
24,14,14,6,1
24,14,14,7,0
24,14,14,8,0
24,14,14,9,0
24,14,14,10,0
24,14,14,11,0
24,14,14,12,0
24,14,14,13,0
24,14,14,14,0
24,14,14,15,0
24,14,14,16,0
24,14,14,17,0
24,14,14,18,0
24,14,14,19,0
24,14,14,20,0
24,14,14,21,1
24,14,14,22,1
24,14,14,23,0
24,14,14,24,0
24,14,14,25,0
24,14,14,26,0
24,14,14,0,5
24,15,15,1,11
24,15,15,2,94
24,15,15,3,73
24,15,15,4,146
24,15,15,5,0
24,15,15,6,0
24,15,15,7,0
24,15,15,8,0
24,15,15,9,0
24,15,15,10,1
24,15,15,11,0
24,15,15,12,0
24,15,15,13,0
24,15,15,14,0
24,15,15,15,0
24,15,15,16,0
24,15,15,17,0
24,15,15,18,0
24,15,15,19,0
24,15,15,20,0
24,15,15,21,0
24,15,15,22,1
24,15,15,23,0
24,15,15,24,0
24,15,15,25,0
24,15,15,26,0
24,15,15,0,0
24,16,16,1,15
24,16,16,2,132
24,16,16,3,79
24,16,16,4,199
24,16,16,5,0
24,16,16,6,1
24,16,16,7,0
24,16,16,8,0
24,16,16,9,1
24,16,16,10,1
24,16,16,11,0
24,16,16,12,0
24,16,16,13,0
24,16,16,14,3
24,16,16,15,0
24,16,16,16,0
24,16,16,17,0
24,16,16,18,0
24,16,16,19,0
24,16,16,20,0
24,16,16,21,0
24,16,16,22,1
24,16,16,23,0
24,16,16,24,0
24,16,16,25,0
24,16,16,26,0
24,16,16,0,3
24,17,17,1,29
24,17,17,2,139
24,17,17,3,121
24,17,17,4,229
24,17,17,5,0
24,17,17,6,1
24,17,17,7,0
24,17,17,8,0
24,17,17,9,0
24,17,17,10,0
24,17,17,11,0
24,17,17,12,1
24,17,17,13,2
24,17,17,14,1
24,17,17,15,0
24,17,17,16,0
24,17,17,17,0
24,17,17,18,0
24,17,17,19,1
24,17,17,20,1
24,17,17,21,0
24,17,17,22,0
24,17,17,23,1
24,17,17,24,0
24,17,17,25,0
24,17,17,26,0
24,17,17,0,4
24,18,18,1,29
24,18,18,2,111
24,18,18,3,181
24,18,18,4,385
24,18,18,5,0
24,18,18,6,1
24,18,18,7,0
24,18,18,8,0
24,18,18,9,0
24,18,18,10,0
24,18,18,11,0
24,18,18,12,0
24,18,18,13,0
24,18,18,14,0
24,18,18,15,0
24,18,18,16,1
24,18,18,17,0
24,18,18,18,0
24,18,18,19,1
24,18,18,20,1
24,18,18,21,0
24,18,18,22,1
24,18,18,23,1
24,18,18,24,1
24,18,18,25,1
24,18,18,26,0
24,18,18,0,2
24,19,19,1,19
24,19,19,2,95
24,19,19,3,156
24,19,19,4,214
24,19,19,5,0
24,19,19,6,0
24,19,19,7,0
24,19,19,8,0
24,19,19,9,0
24,19,19,10,0
24,19,19,11,0
24,19,19,12,1
24,19,19,13,0
24,19,19,14,0
24,19,19,15,1
24,19,19,16,1
24,19,19,17,0
24,19,19,18,0
24,19,19,19,0
24,19,19,20,0
24,19,19,21,0
24,19,19,22,0
24,19,19,23,0
24,19,19,24,0
24,19,19,25,0
24,19,19,26,0
24,19,19,0,5
24,20,20,1,9
24,20,20,2,139
24,20,20,3,153
24,20,20,4,212
24,20,20,5,0
24,20,20,6,0
24,20,20,7,0
24,20,20,8,0
24,20,20,9,0
24,20,20,10,0
24,20,20,11,0
24,20,20,12,0
24,20,20,13,0
24,20,20,14,0
24,20,20,15,0
24,20,20,16,0
24,20,20,17,0
24,20,20,18,0
24,20,20,19,0
24,20,20,20,0
24,20,20,21,0
24,20,20,22,0
24,20,20,23,0
24,20,20,24,0
24,20,20,25,0
24,20,20,26,1
24,20,20,0,1
24,21,21,1,26
24,21,21,2,220
24,21,21,3,218
24,21,21,4,247
24,21,21,5,1
24,21,21,6,0
24,21,21,7,0
24,21,21,8,0
24,21,21,9,0
24,21,21,10,0
24,21,21,11,0
24,21,21,12,0
24,21,21,13,0
24,21,21,14,0
24,21,21,15,0
24,21,21,16,0
24,21,21,17,0
24,21,21,18,0
24,21,21,19,0
24,21,21,20,0
24,21,21,21,0
24,21,21,22,0
24,21,21,23,0
24,21,21,24,0
24,21,21,25,0
24,21,21,26,0
24,21,21,0,3
24,22,22,1,30
24,22,22,2,116
24,22,22,3,206
24,22,22,4,229
24,22,22,5,0
24,22,22,6,1
24,22,22,7,0
24,22,22,8,0
24,22,22,9,0
24,22,22,10,0
24,22,22,11,0
24,22,22,12,0
24,22,22,13,0
24,22,22,14,1
24,22,22,15,0
24,22,22,16,0
24,22,22,17,0
24,22,22,18,0
24,22,22,19,0
24,22,22,20,0
24,22,22,21,0
24,22,22,22,0
24,22,22,23,0
24,22,22,24,0
24,22,22,25,0
24,22,22,26,0
24,22,22,0,3
24,23,23,1,17
24,23,23,2,152
24,23,23,3,169
24,23,23,4,309
24,23,23,5,0
24,23,23,6,2
24,23,23,7,0
24,23,23,8,0
24,23,23,9,0
24,23,23,10,0
24,23,23,11,1
24,23,23,12,0
24,23,23,13,0
24,23,23,14,0
24,23,23,15,0
24,23,23,16,2
24,23,23,17,0
24,23,23,18,0
24,23,23,19,0
24,23,23,20,0
24,23,23,21,1
24,23,23,22,1
24,23,23,23,1
24,23,23,24,0
24,23,23,25,0
24,23,23,26,0
24,23,23,0,5
24,24,24,1,15
24,24,24,2,175
24,24,24,3,184
24,24,24,4,270
24,24,24,5,0
24,24,24,6,0
24,24,24,7,0
24,24,24,8,0
24,24,24,9,0
24,24,24,10,0
24,24,24,11,0
24,24,24,12,0
24,24,24,13,1
24,24,24,14,0
24,24,24,15,0
24,24,24,16,0
24,24,24,17,0
24,24,24,18,1
24,24,24,19,0
24,24,24,20,1
24,24,24,21,1
24,24,24,22,0
24,24,24,23,0
24,24,24,24,0
24,24,24,25,0
24,24,24,26,0
24,24,24,0,1
24,25,25,1,17
24,25,25,2,97
24,25,25,3,173
24,25,25,4,264
24,25,25,5,2
24,25,25,6,1
24,25,25,7,1
24,25,25,8,0
24,25,25,9,0
24,25,25,10,0
24,25,25,11,0
24,25,25,12,0
24,25,25,13,0
24,25,25,14,1
24,25,25,15,0
24,25,25,16,0
24,25,25,17,0
24,25,25,18,0
24,25,25,19,0
24,25,25,20,1
24,25,25,21,0
24,25,25,22,1
24,25,25,23,0
24,25,25,24,0
24,25,25,25,0
24,25,25,26,0
24,25,25,0,0
24,26,26,1,28
24,26,26,2,132
24,26,26,3,136
24,26,26,4,332
24,26,26,5,1
24,26,26,6,1
24,26,26,7,0
24,26,26,8,0
24,26,26,9,0
24,26,26,10,0
24,26,26,11,0
24,26,26,12,0
24,26,26,13,0
24,26,26,14,0
24,26,26,15,1
24,26,26,16,0
24,26,26,17,0
24,26,26,18,1
24,26,26,19,0
24,26,26,20,0
24,26,26,21,0
24,26,26,22,0
24,26,26,23,0
24,26,26,24,0
24,26,26,25,0
24,26,26,26,0
24,26,26,0,5
24,27,27,1,32
24,27,27,2,186
24,27,27,3,191
24,27,27,4,308
24,27,27,5,1
24,27,27,6,0
24,27,27,7,0
24,27,27,8,0
24,27,27,9,1
24,27,27,10,0
24,27,27,11,0
24,27,27,12,0
24,27,27,13,1
24,27,27,14,0
24,27,27,15,0
24,27,27,16,0
24,27,27,17,0
24,27,27,18,0
24,27,27,19,1
24,27,27,20,0
24,27,27,21,0
24,27,27,22,1
24,27,27,23,0
24,27,27,24,0
24,27,27,25,0
24,27,27,26,0
24,27,27,0,5
24,28,28,1,19
24,28,28,2,165
24,28,28,3,123
24,28,28,4,270
24,28,28,5,0
24,28,28,6,2
24,28,28,7,0
24,28,28,8,1
24,28,28,9,0
24,28,28,10,0
24,28,28,11,0
24,28,28,12,0
24,28,28,13,0
24,28,28,14,2
24,28,28,15,0
24,28,28,16,1
24,28,28,17,0
24,28,28,18,0
24,28,28,19,1
24,28,28,20,0
24,28,28,21,0
24,28,28,22,1
24,28,28,23,2
24,28,28,24,0
24,28,28,25,2
24,28,28,26,1
24,28,28,0,3
24,29,29,1,25
24,29,29,2,172
24,29,29,3,91
24,29,29,4,248
24,29,29,5,0
24,29,29,6,0
24,29,29,7,0
24,29,29,8,0
24,29,29,9,0
24,29,29,10,0
24,29,29,11,0
24,29,29,12,0
24,29,29,13,0
24,29,29,14,1
24,29,29,15,0
24,29,29,16,0
24,29,29,17,0
24,29,29,18,0
24,29,29,19,0
24,29,29,20,0
24,29,29,21,0
24,29,29,22,0
24,29,29,23,0
24,29,29,24,0
24,29,29,25,0
24,29,29,26,0
24,29,29,0,6
24,30,30,1,13
24,30,30,2,128
24,30,30,3,269
24,30,30,4,207
24,30,30,5,0
24,30,30,6,1
24,30,30,7,0
24,30,30,8,0
24,30,30,9,0
24,30,30,10,0
24,30,30,11,0
24,30,30,12,0
24,30,30,13,0
24,30,30,14,0
24,30,30,15,0
24,30,30,16,0
24,30,30,17,0
24,30,30,18,1
24,30,30,19,1
24,30,30,20,0
24,30,30,21,0
24,30,30,22,1
24,30,30,23,0
24,30,30,24,0
24,30,30,25,0
24,30,30,26,0
24,30,30,0,0
24,31,31,1,21
24,31,31,2,131
24,31,31,3,281
24,31,31,4,342
24,31,31,5,0
24,31,31,6,0
24,31,31,7,0
24,31,31,8,0
24,31,31,9,0
24,31,31,10,0
24,31,31,11,0
24,31,31,12,0
24,31,31,13,0
24,31,31,14,0
24,31,31,15,0
24,31,31,16,0
24,31,31,17,0
24,31,31,18,1
24,31,31,19,0
24,31,31,20,0
24,31,31,21,0
24,31,31,22,0
24,31,31,23,0
24,31,31,24,0
24,31,31,25,0
24,31,31,26,0
24,31,31,0,3
24,32,32,1,7
24,32,32,2,90
24,32,32,3,157
24,32,32,4,164
24,32,32,5,1
24,32,32,6,0
24,32,32,7,0
24,32,32,8,0
24,32,32,9,0
24,32,32,10,0
24,32,32,11,0
24,32,32,12,0
24,32,32,13,0
24,32,32,14,0
24,32,32,15,0
24,32,32,16,1
24,32,32,17,0
24,32,32,18,1
24,32,32,19,0
24,32,32,20,1
24,32,32,21,0
24,32,32,22,1
24,32,32,23,0
24,32,32,24,0
24,32,32,25,0
24,32,32,26,0
24,32,32,0,1
24,33,33,1,28
24,33,33,2,136
24,33,33,3,157
24,33,33,4,179
24,33,33,5,0
24,33,33,6,1
24,33,33,7,0
24,33,33,8,0
24,33,33,9,0
24,33,33,10,0
24,33,33,11,1
24,33,33,12,0
24,33,33,13,1
24,33,33,14,0
24,33,33,15,0
24,33,33,16,0
24,33,33,17,0
24,33,33,18,1
24,33,33,19,0
24,33,33,20,3
24,33,33,21,0
24,33,33,22,0
24,33,33,23,0
24,33,33,24,0
24,33,33,25,0
24,33,33,26,0
24,33,33,0,5
24,34,34,1,13
24,34,34,2,100
24,34,34,3,291
24,34,34,4,228
24,34,34,5,0
24,34,34,6,1
24,34,34,7,0
24,34,34,8,0
24,34,34,9,0
24,34,34,10,0
24,34,34,11,0
24,34,34,12,0
24,34,34,13,0
24,34,34,14,0
24,34,34,15,0
24,34,34,16,0
24,34,34,17,0
24,34,34,18,0
24,34,34,19,1
24,34,34,20,0
24,34,34,21,0
24,34,34,22,0
24,34,34,23,0
24,34,34,24,0
24,34,34,25,0
24,34,34,26,0
24,34,34,0,0
24,35,35,1,24
24,35,35,2,101
24,35,35,3,163
24,35,35,4,245
24,35,35,5,1
24,35,35,6,1
24,35,35,7,0
24,35,35,8,0
24,35,35,9,1
24,35,35,10,0
24,35,35,11,0
24,35,35,12,0
24,35,35,13,0
24,35,35,14,0
24,35,35,15,0
24,35,35,16,1
24,35,35,17,0
24,35,35,18,0
24,35,35,19,0
24,35,35,20,2
24,35,35,21,1
24,35,35,22,0
24,35,35,23,0
24,35,35,24,0
24,35,35,25,0
24,35,35,26,0
24,35,35,0,6
24,36,36,1,22
24,36,36,2,154
24,36,36,3,253
24,36,36,4,283
24,36,36,5,1
24,36,36,6,0
24,36,36,7,0
24,36,36,8,0
24,36,36,9,0
24,36,36,10,0
24,36,36,11,0
24,36,36,12,0
24,36,36,13,0
24,36,36,14,0
24,36,36,15,2
24,36,36,16,1
24,36,36,17,0
24,36,36,18,0
24,36,36,19,0
24,36,36,20,0
24,36,36,21,0
24,36,36,22,1
24,36,36,23,1
24,36,36,24,0
24,36,36,25,0
24,36,36,26,0
24,36,36,0,7
24,37,37,1,6
24,37,37,2,101
24,37,37,3,115
24,37,37,4,141
24,37,37,5,0
24,37,37,6,1
24,37,37,7,0
24,37,37,8,0
24,37,37,9,0
24,37,37,10,0
24,37,37,11,0
24,37,37,12,0
24,37,37,13,0
24,37,37,14,0
24,37,37,15,0
24,37,37,16,0
24,37,37,17,0
24,37,37,18,0
24,37,37,19,0
24,37,37,20,1
24,37,37,21,0
24,37,37,22,0
24,37,37,23,0
24,37,37,24,0
24,37,37,25,0
24,37,37,26,0
24,37,37,0,1
24,38,38,1,16
24,38,38,2,154
24,38,38,3,262
24,38,38,4,320
24,38,38,5,0
24,38,38,6,0
24,38,38,7,0
24,38,38,8,0
24,38,38,9,0
24,38,38,10,1
24,38,38,11,0
24,38,38,12,0
24,38,38,13,0
24,38,38,14,1
24,38,38,15,0
24,38,38,16,0
24,38,38,17,0
24,38,38,18,0
24,38,38,19,0
24,38,38,20,1
24,38,38,21,0
24,38,38,22,0
24,38,38,23,0
24,38,38,24,0
24,38,38,25,0
24,38,38,26,0
24,38,38,0,5
24,39,39,1,12
24,39,39,2,156
24,39,39,3,241
24,39,39,4,311
24,39,39,5,1
24,39,39,6,1
24,39,39,7,0
24,39,39,8,0
24,39,39,9,0
24,39,39,10,1
24,39,39,11,0
24,39,39,12,0
24,39,39,13,2
24,39,39,14,1
24,39,39,15,0
24,39,39,16,1
24,39,39,17,0
24,39,39,18,2
24,39,39,19,2
24,39,39,20,0
24,39,39,21,1
24,39,39,22,0
24,39,39,23,0
24,39,39,24,0
24,39,39,25,0
24,39,39,26,0
24,39,39,0,0
24,40,40,1,20
24,40,40,2,142
24,40,40,3,149
24,40,40,4,213
24,40,40,5,0
24,40,40,6,0
24,40,40,7,0
24,40,40,8,0
24,40,40,9,0
24,40,40,10,0
24,40,40,11,0
24,40,40,12,0
24,40,40,13,0
24,40,40,14,0
24,40,40,15,0
24,40,40,16,0
24,40,40,17,0
24,40,40,18,0
24,40,40,19,0
24,40,40,20,0
24,40,40,21,0
24,40,40,22,1
24,40,40,23,0
24,40,40,24,0
24,40,40,25,0
24,40,40,26,0
24,40,40,0,3
24,41,41,1,15
24,41,41,2,101
24,41,41,3,120
24,41,41,4,186
24,41,41,5,0
24,41,41,6,0
24,41,41,7,0
24,41,41,8,0
24,41,41,9,0
24,41,41,10,0
24,41,41,11,0
24,41,41,12,0
24,41,41,13,0
24,41,41,14,0
24,41,41,15,0
24,41,41,16,0
24,41,41,17,0
24,41,41,18,0
24,41,41,19,0
24,41,41,20,2
24,41,41,21,0
24,41,41,22,2
24,41,41,23,0
24,41,41,24,2
24,41,41,25,0
24,41,41,26,0
24,41,41,0,3
24,42,42,1,24
24,42,42,2,105
24,42,42,3,96
24,42,42,4,232
24,42,42,5,1
24,42,42,6,1
24,42,42,7,0
24,42,42,8,0
24,42,42,9,0
24,42,42,10,1
24,42,42,11,0
24,42,42,12,0
24,42,42,13,0
24,42,42,14,0
24,42,42,15,0
24,42,42,16,0
24,42,42,17,0
24,42,42,18,1
24,42,42,19,0
24,42,42,20,0
24,42,42,21,0
24,42,42,22,0
24,42,42,23,1
24,42,42,24,0
24,42,42,25,0
24,42,42,26,0
24,42,42,0,1
24,43,43,1,12
24,43,43,2,79
24,43,43,3,84
24,43,43,4,96
24,43,43,5,0
24,43,43,6,1
24,43,43,7,0
24,43,43,8,0
24,43,43,9,0
24,43,43,10,0
24,43,43,11,0
24,43,43,12,0
24,43,43,13,1
24,43,43,14,0
24,43,43,15,0
24,43,43,16,0
24,43,43,17,0
24,43,43,18,0
24,43,43,19,0
24,43,43,20,0
24,43,43,21,0
24,43,43,22,0
24,43,43,23,0
24,43,43,24,0
24,43,43,25,0
24,43,43,26,0
24,43,43,0,1
24,44,44,1,20
24,44,44,2,94
24,44,44,3,140
24,44,44,4,251
24,44,44,5,0
24,44,44,6,0
24,44,44,7,0
24,44,44,8,0
24,44,44,9,1
24,44,44,10,0
24,44,44,11,0
24,44,44,12,0
24,44,44,13,0
24,44,44,14,0
24,44,44,15,0
24,44,44,16,0
24,44,44,17,0
24,44,44,18,0
24,44,44,19,0
24,44,44,20,0
24,44,44,21,0
24,44,44,22,0
24,44,44,23,0
24,44,44,24,0
24,44,44,25,0
24,44,44,26,0
24,44,44,0,2
24,45,45,1,17
24,45,45,2,131
24,45,45,3,93
24,45,45,4,215
24,45,45,5,1
24,45,45,6,0
24,45,45,7,0
24,45,45,8,0
24,45,45,9,0
24,45,45,10,0
24,45,45,11,0
24,45,45,12,0
24,45,45,13,0
24,45,45,14,0
24,45,45,15,0
24,45,45,16,1
24,45,45,17,0
24,45,45,18,0
24,45,45,19,0
24,45,45,20,0
24,45,45,21,0
24,45,45,22,0
24,45,45,23,0
24,45,45,24,0
24,45,45,25,0
24,45,45,26,0
24,45,45,0,0
24,46,46,1,11
24,46,46,2,98
24,46,46,3,183
24,46,46,4,284
24,46,46,5,1
24,46,46,6,0
24,46,46,7,0
24,46,46,8,0
24,46,46,9,0
24,46,46,10,0
24,46,46,11,1
24,46,46,12,0
24,46,46,13,0
24,46,46,14,0
24,46,46,15,0
24,46,46,16,1
24,46,46,17,0
24,46,46,18,1
24,46,46,19,3
24,46,46,20,1
24,46,46,21,0
24,46,46,22,0
24,46,46,23,0
24,46,46,24,0
24,46,46,25,0
24,46,46,26,0
24,46,46,0,4
24,47,47,1,12
24,47,47,2,77
24,47,47,3,242
24,47,47,4,309
24,47,47,5,0
24,47,47,6,0
24,47,47,7,0
24,47,47,8,0
24,47,47,9,0
24,47,47,10,0
24,47,47,11,0
24,47,47,12,0
24,47,47,13,0
24,47,47,14,0
24,47,47,15,1
24,47,47,16,0
24,47,47,17,2
24,47,47,18,1
24,47,47,19,1
24,47,47,20,2
24,47,47,21,0
24,47,47,22,5
24,47,47,23,3
24,47,47,24,0
24,47,47,25,0
24,47,47,26,1
24,47,47,0,3
24,48,48,1,24
24,48,48,2,154
24,48,48,3,163
24,48,48,4,304
24,48,48,5,3
24,48,48,6,0
24,48,48,7,1
24,48,48,8,0
24,48,48,9,0
24,48,48,10,0
24,48,48,11,0
24,48,48,12,0
24,48,48,13,1
24,48,48,14,0
24,48,48,15,0
24,48,48,16,0
24,48,48,17,0
24,48,48,18,5
24,48,48,19,0
24,48,48,20,0
24,48,48,21,0
24,48,48,22,1
24,48,48,23,1
24,48,48,24,0
24,48,48,25,0
24,48,48,26,0
24,48,48,0,4
24,49,49,1,33
24,49,49,2,121
24,49,49,3,155
24,49,49,4,201
24,49,49,5,0
24,49,49,6,1
24,49,49,7,0
24,49,49,8,0
24,49,49,9,0
24,49,49,10,0
24,49,49,11,0
24,49,49,12,0
24,49,49,13,0
24,49,49,14,0
24,49,49,15,0
24,49,49,16,0
24,49,49,17,0
24,49,49,18,0
24,49,49,19,0
24,49,49,20,0
24,49,49,21,0
24,49,49,22,0
24,49,49,23,0
24,49,49,24,0
24,49,49,25,1
24,49,49,26,0
24,49,49,0,4
24,50,50,1,25
24,50,50,2,181
24,50,50,3,146
24,50,50,4,239
24,50,50,5,0
24,50,50,6,2
24,50,50,7,0
24,50,50,8,0
24,50,50,9,0
24,50,50,10,0
24,50,50,11,0
24,50,50,12,0
24,50,50,13,0
24,50,50,14,0
24,50,50,15,0
24,50,50,16,0
24,50,50,17,1
24,50,50,18,0
24,50,50,19,0
24,50,50,20,0
24,50,50,21,0
24,50,50,22,0
24,50,50,23,0
24,50,50,24,0
24,50,50,25,0
24,50,50,26,0
24,50,50,0,6
24,51,51,1,19
24,51,51,2,94
24,51,51,3,179
24,51,51,4,164
24,51,51,5,0
24,51,51,6,0
24,51,51,7,0
24,51,51,8,0
24,51,51,9,0
24,51,51,10,0
24,51,51,11,0
24,51,51,12,1
24,51,51,13,0
24,51,51,14,2
24,51,51,15,0
24,51,51,16,0
24,51,51,17,0
24,51,51,18,0
24,51,51,19,0
24,51,51,20,0
24,51,51,21,0
24,51,51,22,0
24,51,51,23,0
24,51,51,24,0
24,51,51,25,0
24,51,51,26,0
24,51,51,0,3
24,52,52,1,25
24,52,52,2,141
24,52,52,3,188
24,52,52,4,278
24,52,52,5,1
24,52,52,6,2
24,52,52,7,0
24,52,52,8,0
24,52,52,9,0
24,52,52,10,0
24,52,52,11,0
24,52,52,12,0
24,52,52,13,0
24,52,52,14,0
24,52,52,15,0
24,52,52,16,0
24,52,52,17,0
24,52,52,18,1
24,52,52,19,1
24,52,52,20,1
24,52,52,21,0
24,52,52,22,1
24,52,52,23,0
24,52,52,24,0
24,52,52,25,0
24,52,52,26,0
24,52,52,0,2
24,53,53,1,12
24,53,53,2,109
24,53,53,3,126
24,53,53,4,150
24,53,53,5,0
24,53,53,6,2
24,53,53,7,0
24,53,53,8,0
24,53,53,9,0
24,53,53,10,0
24,53,53,11,0
24,53,53,12,0
24,53,53,13,0
24,53,53,14,0
24,53,53,15,0
24,53,53,16,0
24,53,53,17,1
24,53,53,18,0
24,53,53,19,0
24,53,53,20,0
24,53,53,21,0
24,53,53,22,0
24,53,53,23,0
24,53,53,24,0
24,53,53,25,0
24,53,53,26,0
24,53,53,0,1
24,54,54,1,18
24,54,54,2,188
24,54,54,3,109
24,54,54,4,143
24,54,54,5,0
24,54,54,6,1
24,54,54,7,0
24,54,54,8,0
24,54,54,9,0
24,54,54,10,0
24,54,54,11,0
24,54,54,12,0
24,54,54,13,1
24,54,54,14,0
24,54,54,15,0
24,54,54,16,0
24,54,54,17,0
24,54,54,18,0
24,54,54,19,0
24,54,54,20,0
24,54,54,21,0
24,54,54,22,0
24,54,54,23,0
24,54,54,24,0
24,54,54,25,0
24,54,54,26,0
24,54,54,0,10
24,55,55,1,17
24,55,55,2,90
24,55,55,3,160
24,55,55,4,257
24,55,55,5,1
24,55,55,6,1
24,55,55,7,0
24,55,55,8,0
24,55,55,9,0
24,55,55,10,0
24,55,55,11,0
24,55,55,12,0
24,55,55,13,0
24,55,55,14,0
24,55,55,15,0
24,55,55,16,0
24,55,55,17,0
24,55,55,18,0
24,55,55,19,0
24,55,55,20,0
24,55,55,21,0
24,55,55,22,0
24,55,55,23,0
24,55,55,24,0
24,55,55,25,0
24,55,55,26,0
24,55,55,0,1
24,56,56,1,18
24,56,56,2,76
24,56,56,3,84
24,56,56,4,104
24,56,56,5,0
24,56,56,6,0
24,56,56,7,0
24,56,56,8,0
24,56,56,9,0
24,56,56,10,0
24,56,56,11,0
24,56,56,12,0
24,56,56,13,0
24,56,56,14,0
24,56,56,15,0
24,56,56,16,1
24,56,56,17,0
24,56,56,18,0
24,56,56,19,0
24,56,56,20,0
24,56,56,21,0
24,56,56,22,0
24,56,56,23,0
24,56,56,24,0
24,56,56,25,0
24,56,56,26,0
24,56,56,0,1
24,57,57,1,31
24,57,57,2,126
24,57,57,3,182
24,57,57,4,228
24,57,57,5,0
24,57,57,6,0
24,57,57,7,0
24,57,57,8,0
24,57,57,9,0
24,57,57,10,0
24,57,57,11,0
24,57,57,12,0
24,57,57,13,0
24,57,57,14,1
24,57,57,15,1
24,57,57,16,0
24,57,57,17,0
24,57,57,18,4
24,57,57,19,0
24,57,57,20,0
24,57,57,21,1
24,57,57,22,0
24,57,57,23,1
24,57,57,24,0
24,57,57,25,0
24,57,57,26,0
24,57,57,0,6
24,58,58,1,22
24,58,58,2,162
24,58,58,3,170
24,58,58,4,254
24,58,58,5,0
24,58,58,6,0
24,58,58,7,0
24,58,58,8,1
24,58,58,9,1
24,58,58,10,0
24,58,58,11,0
24,58,58,12,0
24,58,58,13,0
24,58,58,14,0
24,58,58,15,0
24,58,58,16,0
24,58,58,17,0
24,58,58,18,1
24,58,58,19,0
24,58,58,20,1
24,58,58,21,0
24,58,58,22,0
24,58,58,23,0
24,58,58,24,0
24,58,58,25,0
24,58,58,26,0
24,58,58,0,6
24,59,59,1,17
24,59,59,2,164
24,59,59,3,187
24,59,59,4,243
24,59,59,5,1
24,59,59,6,2
24,59,59,7,0
24,59,59,8,0
24,59,59,9,0
24,59,59,10,0
24,59,59,11,0
24,59,59,12,0
24,59,59,13,2
24,59,59,14,0
24,59,59,15,0
24,59,59,16,0
24,59,59,17,0
24,59,59,18,1
24,59,59,19,0
24,59,59,20,0
24,59,59,21,0
24,59,59,22,0
24,59,59,23,0
24,59,59,24,0
24,59,59,25,0
24,59,59,26,0
24,59,59,0,2
24,60,60,1,18
24,60,60,2,126
24,60,60,3,273
24,60,60,4,361
24,60,60,5,0
24,60,60,6,0
24,60,60,7,0
24,60,60,8,0
24,60,60,9,1
24,60,60,10,0
24,60,60,11,1
24,60,60,12,0
24,60,60,13,1
24,60,60,14,0
24,60,60,15,0
24,60,60,16,1
24,60,60,17,0
24,60,60,18,0
24,60,60,19,1
24,60,60,20,2
24,60,60,21,0
24,60,60,22,1
24,60,60,23,0
24,60,60,24,0
24,60,60,25,0
24,60,60,26,0
24,60,60,0,2
24,61,61,1,23
24,61,61,2,109
24,61,61,3,145
24,61,61,4,159
24,61,61,5,1
24,61,61,6,1
24,61,61,7,0
24,61,61,8,0
24,61,61,9,0
24,61,61,10,0
24,61,61,11,0
24,61,61,12,1
24,61,61,13,0
24,61,61,14,1
24,61,61,15,0
24,61,61,16,0
24,61,61,17,0
24,61,61,18,1
24,61,61,19,0
24,61,61,20,1
24,61,61,21,0
24,61,61,22,0
24,61,61,23,0
24,61,61,24,0
24,61,61,25,0
24,61,61,26,0
24,61,61,0,4
24,62,62,1,10
24,62,62,2,88
24,62,62,3,138
24,62,62,4,153
24,62,62,5,0
24,62,62,6,0
24,62,62,7,0
24,62,62,8,0
24,62,62,9,0
24,62,62,10,0
24,62,62,11,0
24,62,62,12,0
24,62,62,13,0
24,62,62,14,0
24,62,62,15,1
24,62,62,16,0
24,62,62,17,0
24,62,62,18,0
24,62,62,19,0
24,62,62,20,0
24,62,62,21,0
24,62,62,22,0
24,62,62,23,0
24,62,62,24,0
24,62,62,25,1
24,62,62,26,0
24,62,62,0,0
24,63,63,1,30
24,63,63,2,126
24,63,63,3,216
24,63,63,4,277
24,63,63,5,0
24,63,63,6,0
24,63,63,7,0
24,63,63,8,0
24,63,63,9,0
24,63,63,10,0
24,63,63,11,0
24,63,63,12,1
24,63,63,13,0
24,63,63,14,0
24,63,63,15,0
24,63,63,16,0
24,63,63,17,0
24,63,63,18,0
24,63,63,19,0
24,63,63,20,0
24,63,63,21,0
24,63,63,22,0
24,63,63,23,0
24,63,63,24,0
24,63,63,25,0
24,63,63,26,1
24,63,63,0,6
24,64,64,1,28
24,64,64,2,218
24,64,64,3,234
24,64,64,4,348
24,64,64,5,3
24,64,64,6,1
24,64,64,7,0
24,64,64,8,0
24,64,64,9,0
24,64,64,10,0
24,64,64,11,0
24,64,64,12,0
24,64,64,13,0
24,64,64,14,0
24,64,64,15,1
24,64,64,16,0
24,64,64,17,2
24,64,64,18,0
24,64,64,19,2
24,64,64,20,0
24,64,64,21,0
24,64,64,22,1
24,64,64,23,0
24,64,64,24,0
24,64,64,25,0
24,64,64,26,0
24,64,64,0,2
24,65,65,1,17
24,65,65,2,235
24,65,65,3,113
24,65,65,4,180
24,65,65,5,0
24,65,65,6,0
24,65,65,7,0
24,65,65,8,0
24,65,65,9,0
24,65,65,10,0
24,65,65,11,0
24,65,65,12,0
24,65,65,13,4
24,65,65,14,0
24,65,65,15,0
24,65,65,16,0
24,65,65,17,0
24,65,65,18,0
24,65,65,19,0
24,65,65,20,2
24,65,65,21,0
24,65,65,22,0
24,65,65,23,0
24,65,65,24,0
24,65,65,25,0
24,65,65,26,0
24,65,65,0,6
24,66,66,1,17
24,66,66,2,128
24,66,66,3,117
24,66,66,4,165
24,66,66,5,0
24,66,66,6,2
24,66,66,7,0
24,66,66,8,0
24,66,66,9,0
24,66,66,10,1
24,66,66,11,0
24,66,66,12,1
24,66,66,13,4
24,66,66,14,0
24,66,66,15,0
24,66,66,16,0
24,66,66,17,1
24,66,66,18,1
24,66,66,19,0
24,66,66,20,0
24,66,66,21,0
24,66,66,22,0
24,66,66,23,0
24,66,66,24,0
24,66,66,25,0
24,66,66,26,0
24,66,66,0,4
24,67,67,1,27
24,67,67,2,202
24,67,67,3,163
24,67,67,4,253
24,67,67,5,0
24,67,67,6,1
24,67,67,7,1
24,67,67,8,0
24,67,67,9,1
24,67,67,10,0
24,67,67,11,0
24,67,67,12,0
24,67,67,13,1
24,67,67,14,1
24,67,67,15,0
24,67,67,16,0
24,67,67,17,1
24,67,67,18,1
24,67,67,19,0
24,67,67,20,0
24,67,67,21,0
24,67,67,22,0
24,67,67,23,0
24,67,67,24,0
24,67,67,25,0
24,67,67,26,0
24,67,67,0,1
24,68,68,1,15
24,68,68,2,150
24,68,68,3,153
24,68,68,4,338
24,68,68,5,0
24,68,68,6,0
24,68,68,7,0
24,68,68,8,1
24,68,68,9,0
24,68,68,10,0
24,68,68,11,0
24,68,68,12,0
24,68,68,13,0
24,68,68,14,0
24,68,68,15,0
24,68,68,16,0
24,68,68,17,1
24,68,68,18,0
24,68,68,19,0
24,68,68,20,0
24,68,68,21,0
24,68,68,22,1
24,68,68,23,0
24,68,68,24,1
24,68,68,25,0
24,68,68,26,0
24,68,68,0,3
24,69,69,1,0
24,69,69,2,148
24,69,69,3,336
24,69,69,4,316
24,69,69,5,0
24,69,69,6,0
24,69,69,7,0
24,69,69,8,0
24,69,69,9,0
24,69,69,10,0
24,69,69,11,0
24,69,69,12,0
24,69,69,13,0
24,69,69,14,0
24,69,69,15,0
24,69,69,16,0
24,69,69,17,0
24,69,69,18,1
24,69,69,19,0
24,69,69,20,1
24,69,69,21,0
24,69,69,22,0
24,69,69,23,0
24,69,69,24,0
24,69,69,25,0
24,69,69,26,0
24,69,69,0,3
24,70,70,1,0
24,70,70,2,0
24,70,70,3,0
24,70,70,4,0
24,70,70,5,0
24,70,70,6,0
24,70,70,7,0
24,70,70,8,0
24,70,70,9,0
24,70,70,10,0
24,70,70,11,0
24,70,70,12,0
24,70,70,13,0
24,70,70,14,0
24,70,70,15,0
24,70,70,16,0
24,70,70,17,0
24,70,70,18,0
24,70,70,19,0
24,70,70,20,0
24,70,70,21,0
24,70,70,22,0
24,70,70,23,0
24,70,70,24,0
24,70,70,25,0
24,70,70,26,0
24,70,70,0,0
24,70,70,1,13
24,70,70,2,73
24,70,70,3,187
24,70,70,4,221
24,70,70,5,0
24,70,70,6,0
24,70,70,7,0
24,70,70,8,0
24,70,70,9,1
24,70,70,10,0
24,70,70,11,1
24,70,70,12,0
24,70,70,13,0
24,70,70,14,1
24,70,70,15,0
24,70,70,16,0
24,70,70,17,0
24,70,70,18,0
24,70,70,19,0
24,70,70,20,2
24,70,70,21,1
24,70,70,22,0
24,70,70,23,4
24,70,70,24,0
24,70,70,25,0
24,70,70,26,0
24,70,70,0,3
24,71,71,1,0
24,71,71,2,0
24,71,71,3,0
24,71,71,4,0
24,71,71,5,0
24,71,71,6,0
24,71,71,7,0
24,71,71,8,0
24,71,71,9,0
24,71,71,10,0
24,71,71,11,0
24,71,71,12,0
24,71,71,13,0
24,71,71,14,0
24,71,71,15,0
24,71,71,16,0
24,71,71,17,0
24,71,71,18,0
24,71,71,19,0
24,71,71,20,0
24,71,71,21,0
24,71,71,22,0
24,71,71,23,0
24,71,71,24,0
24,71,71,25,0
24,71,71,26,0
24,71,71,0,0
24,71,71,1,22
24,71,71,2,135
24,71,71,3,263
24,71,71,4,290
24,71,71,5,1
24,71,71,6,1
24,71,71,7,0
24,71,71,8,0
24,71,71,9,0
24,71,71,10,0
24,71,71,11,0
24,71,71,12,0
24,71,71,13,1
24,71,71,14,0
24,71,71,15,0
24,71,71,16,1
24,71,71,17,0
24,71,71,18,1
24,71,71,19,0
24,71,71,20,1
24,71,71,21,0
24,71,71,22,0
24,71,71,23,0
24,71,71,24,0
24,71,71,25,0
24,71,71,26,0
24,71,71,0,0
24,72,72,1,29
24,72,72,2,128
24,72,72,3,228
24,72,72,4,303
24,72,72,5,1
24,72,72,6,0
24,72,72,7,0
24,72,72,8,0
24,72,72,9,0
24,72,72,10,0
24,72,72,11,0
24,72,72,12,0
24,72,72,13,0
24,72,72,14,1
24,72,72,15,0
24,72,72,16,0
24,72,72,17,0
24,72,72,18,0
24,72,72,19,0
24,72,72,20,0
24,72,72,21,0
24,72,72,22,2
24,72,72,23,0
24,72,72,24,0
24,72,72,25,0
24,72,72,26,0
24,72,72,0,1
24,73,73,1,15
24,73,73,2,119
24,73,73,3,210
24,73,73,4,282
24,73,73,5,1
24,73,73,6,4
24,73,73,7,0
24,73,73,8,0
24,73,73,9,0
24,73,73,10,0
24,73,73,11,0
24,73,73,12,0
24,73,73,13,0
24,73,73,14,0
24,73,73,15,0
24,73,73,16,0
24,73,73,17,0
24,73,73,18,1
24,73,73,19,0
24,73,73,20,0
24,73,73,21,0
24,73,73,22,0
24,73,73,23,0
24,73,73,24,0
24,73,73,25,0
24,73,73,26,0
24,73,73,0,1
24,74,74,1,30
24,74,74,2,207
24,74,74,3,177
24,74,74,4,250
24,74,74,5,0
24,74,74,6,0
24,74,74,7,0
24,74,74,8,0
24,74,74,9,0
24,74,74,10,1
24,74,74,11,0
24,74,74,12,0
24,74,74,13,0
24,74,74,14,0
24,74,74,15,0
24,74,74,16,1
24,74,74,17,0
24,74,74,18,0
24,74,74,19,0
24,74,74,20,0
24,74,74,21,0
24,74,74,22,0
24,74,74,23,0
24,74,74,24,0
24,74,74,25,0
24,74,74,26,0
24,74,74,0,4
24,75,75,1,11
24,75,75,2,120
24,75,75,3,192
24,75,75,4,199
24,75,75,5,0
24,75,75,6,0
24,75,75,7,0
24,75,75,8,0
24,75,75,9,0
24,75,75,10,0
24,75,75,11,0
24,75,75,12,0
24,75,75,13,1
24,75,75,14,0
24,75,75,15,0
24,75,75,16,0
24,75,75,17,0
24,75,75,18,0
24,75,75,19,0
24,75,75,20,0
24,75,75,21,0
24,75,75,22,1
24,75,75,23,1
24,75,75,24,0
24,75,75,25,1
24,75,75,26,0
24,75,75,0,4
24,76,76,1,22
24,76,76,2,193
24,76,76,3,178
24,76,76,4,216
24,76,76,5,0
24,76,76,6,0
24,76,76,7,0
24,76,76,8,0
24,76,76,9,0
24,76,76,10,0
24,76,76,11,0
24,76,76,12,0
24,76,76,13,1
24,76,76,14,0
24,76,76,15,0
24,76,76,16,1
24,76,76,17,0
24,76,76,18,3
24,76,76,19,0
24,76,76,20,1
24,76,76,21,0
24,76,76,22,1
24,76,76,23,0
24,76,76,24,0
24,76,76,25,0
24,76,76,26,0
24,76,76,0,4
24,77,77,1,21
24,77,77,2,173
24,77,77,3,231
24,77,77,4,338
24,77,77,5,0
24,77,77,6,0
24,77,77,7,0
24,77,77,8,0
24,77,77,9,0
24,77,77,10,1
24,77,77,11,0
24,77,77,12,0
24,77,77,13,2
24,77,77,14,0
24,77,77,15,0
24,77,77,16,0
24,77,77,17,0
24,77,77,18,0
24,77,77,19,0
24,77,77,20,0
24,77,77,21,0
24,77,77,22,1
24,77,77,23,1
24,77,77,24,0
24,77,77,25,0
24,77,77,26,0
24,77,77,0,1
24,78,78,1,21
24,78,78,2,104
24,78,78,3,190
24,78,78,4,234
24,78,78,5,1
24,78,78,6,0
24,78,78,7,0
24,78,78,8,0
24,78,78,9,0
24,78,78,10,0
24,78,78,11,0
24,78,78,12,0
24,78,78,13,0
24,78,78,14,0
24,78,78,15,0
24,78,78,16,0
24,78,78,17,0
24,78,78,18,0
24,78,78,19,0
24,78,78,20,0
24,78,78,21,0
24,78,78,22,0
24,78,78,23,0
24,78,78,24,0
24,78,78,25,0
24,78,78,26,0
24,78,78,0,3
24,79,79,1,33
24,79,79,2,117
24,79,79,3,207
24,79,79,4,286
24,79,79,5,0
24,79,79,6,0
24,79,79,7,0
24,79,79,8,0
24,79,79,9,0
24,79,79,10,0
24,79,79,11,0
24,79,79,12,0
24,79,79,13,0
24,79,79,14,1
24,79,79,15,0
24,79,79,16,0
24,79,79,17,0
24,79,79,18,1
24,79,79,19,0
24,79,79,20,0
24,79,79,21,0
24,79,79,22,0
24,79,79,23,0
24,79,79,24,0
24,79,79,25,1
24,79,79,26,0
24,79,79,0,4
24,80,80,1,16
24,80,80,2,204
24,80,80,3,137
24,80,80,4,209
24,80,80,5,1
24,80,80,6,1
24,80,80,7,0
24,80,80,8,0
24,80,80,9,0
24,80,80,10,0
24,80,80,11,0
24,80,80,12,0
24,80,80,13,1
24,80,80,14,1
24,80,80,15,0
24,80,80,16,0
24,80,80,17,0
24,80,80,18,0
24,80,80,19,0
24,80,80,20,0
24,80,80,21,0
24,80,80,22,1
24,80,80,23,0
24,80,80,24,0
24,80,80,25,0
24,80,80,26,0
24,80,80,0,6
24,81,81,1,17
24,81,81,2,100
24,81,81,3,180
24,81,81,4,208
24,81,81,5,1
24,81,81,6,0
24,81,81,7,0
24,81,81,8,0
24,81,81,9,0
24,81,81,10,0
24,81,81,11,0
24,81,81,12,0
24,81,81,13,0
24,81,81,14,0
24,81,81,15,0
24,81,81,16,0
24,81,81,17,0
24,81,81,18,0
24,81,81,19,1
24,81,81,20,0
24,81,81,21,0
24,81,81,22,0
24,81,81,23,0
24,81,81,24,0
24,81,81,25,0
24,81,81,26,0
24,81,81,0,2
24,82,82,1,22
24,82,82,2,179
24,82,82,3,232
24,82,82,4,261
24,82,82,5,1
24,82,82,6,1
24,82,82,7,0
24,82,82,8,0
24,82,82,9,0
24,82,82,10,0
24,82,82,11,0
24,82,82,12,0
24,82,82,13,1
24,82,82,14,0
24,82,82,15,1
24,82,82,16,0
24,82,82,17,0
24,82,82,18,2
24,82,82,19,1
24,82,82,20,0
24,82,82,21,0
24,82,82,22,1
24,82,82,23,0
24,82,82,24,0
24,82,82,25,1
24,82,82,26,0
24,82,82,0,3
24,83,83,1,22
24,83,83,2,164
24,83,83,3,191
24,83,83,4,220
24,83,83,5,0
24,83,83,6,0
24,83,83,7,0
24,83,83,8,0
24,83,83,9,0
24,83,83,10,0
24,83,83,11,0
24,83,83,12,0
24,83,83,13,0
24,83,83,14,0
24,83,83,15,1
24,83,83,16,0
24,83,83,17,0
24,83,83,18,0
24,83,83,19,0
24,83,83,20,2
24,83,83,21,0
24,83,83,22,0
24,83,83,23,0
24,83,83,24,0
24,83,83,25,0
24,83,83,26,0
24,83,83,0,2
24,84,84,1,17
24,84,84,2,160
24,84,84,3,144
24,84,84,4,153
24,84,84,5,0
24,84,84,6,0
24,84,84,7,0
24,84,84,8,0
24,84,84,9,0
24,84,84,10,0
24,84,84,11,0
24,84,84,12,0
24,84,84,13,1
24,84,84,14,0
24,84,84,15,0
24,84,84,16,0
24,84,84,17,0
24,84,84,18,0
24,84,84,19,0
24,84,84,20,0
24,84,84,21,0
24,84,84,22,0
24,84,84,23,0
24,84,84,24,0
24,84,84,25,0
24,84,84,26,0
24,84,84,0,9
24,85,85,1,25
24,85,85,2,117
24,85,85,3,84
24,85,85,4,134
24,85,85,5,0
24,85,85,6,0
24,85,85,7,1
24,85,85,8,0
24,85,85,9,0
24,85,85,10,0
24,85,85,11,0
24,85,85,12,0
24,85,85,13,0
24,85,85,14,0
24,85,85,15,0
24,85,85,16,0
24,85,85,17,0
24,85,85,18,0
24,85,85,19,0
24,85,85,20,0
24,85,85,21,0
24,85,85,22,0
24,85,85,23,1
24,85,85,24,0
24,85,85,25,0
24,85,85,26,0
24,85,85,0,4
24,86,86,1,10
24,86,86,2,114
24,86,86,3,290
24,86,86,4,254
24,86,86,5,0
24,86,86,6,1
24,86,86,7,0
24,86,86,8,0
24,86,86,9,0
24,86,86,10,0
24,86,86,11,0
24,86,86,12,0
24,86,86,13,1
24,86,86,14,0
24,86,86,15,0
24,86,86,16,0
24,86,86,17,0
24,86,86,18,0
24,86,86,19,0
24,86,86,20,0
24,86,86,21,0
24,86,86,22,0
24,86,86,23,1
24,86,86,24,0
24,86,86,25,1
24,86,86,26,0
24,86,86,0,2
24,87,87,1,25
24,87,87,2,203
24,87,87,3,242
24,87,87,4,280
24,87,87,5,2
24,87,87,6,1
24,87,87,7,0
24,87,87,8,0
24,87,87,9,0
24,87,87,10,0
24,87,87,11,0
24,87,87,12,0
24,87,87,13,1
24,87,87,14,1
24,87,87,15,0
24,87,87,16,0
24,87,87,17,0
24,87,87,18,0
24,87,87,19,0
24,87,87,20,1
24,87,87,21,0
24,87,87,22,0
24,87,87,23,0
24,87,87,24,0
24,87,87,25,0
24,87,87,26,0
24,87,87,0,5
24,88,88,1,19
24,88,88,2,141
24,88,88,3,150
24,88,88,4,268
24,88,88,5,0
24,88,88,6,0
24,88,88,7,0
24,88,88,8,0
24,88,88,9,0
24,88,88,10,0
24,88,88,11,0
24,88,88,12,0
24,88,88,13,2
24,88,88,14,0
24,88,88,15,0
24,88,88,16,0
24,88,88,17,1
24,88,88,18,0
24,88,88,19,0
24,88,88,20,1
24,88,88,21,1
24,88,88,22,0
24,88,88,23,0
24,88,88,24,1
24,88,88,25,0
24,88,88,26,0
24,88,88,0,0
24,89,89,1,30
24,89,89,2,156
24,89,89,3,203
24,89,89,4,257
24,89,89,5,1
24,89,89,6,0
24,89,89,7,1
24,89,89,8,0
24,89,89,9,0
24,89,89,10,0
24,89,89,11,0
24,89,89,12,0
24,89,89,13,3
24,89,89,14,0
24,89,89,15,0
24,89,89,16,0
24,89,89,17,0
24,89,89,18,0
24,89,89,19,1
24,89,89,20,0
24,89,89,21,1
24,89,89,22,0
24,89,89,23,1
24,89,89,24,0
24,89,89,25,0
24,89,89,26,0
24,89,89,0,3
24,90,90,1,18
24,90,90,2,157
24,90,90,3,103
24,90,90,4,94
24,90,90,5,0
24,90,90,6,1
24,90,90,7,0
24,90,90,8,0
24,90,90,9,0
24,90,90,10,0
24,90,90,11,0
24,90,90,12,0
24,90,90,13,0
24,90,90,14,0
24,90,90,15,0
24,90,90,16,0
24,90,90,17,0
24,90,90,18,0
24,90,90,19,0
24,90,90,20,0
24,90,90,21,1
24,90,90,22,1
24,90,90,23,0
24,90,90,24,1
24,90,90,25,0
24,90,90,26,0
24,90,90,0,4
24,91,91,1,25
24,91,91,2,190
24,91,91,3,106
24,91,91,4,126
24,91,91,5,0
24,91,91,6,1
24,91,91,7,0
24,91,91,8,0
24,91,91,9,0
24,91,91,10,0
24,91,91,11,0
24,91,91,12,0
24,91,91,13,0
24,91,91,14,0
24,91,91,15,0
24,91,91,16,0
24,91,91,17,0
24,91,91,18,0
24,91,91,19,2
24,91,91,20,1
24,91,91,21,0
24,91,91,22,0
24,91,91,23,0
24,91,91,24,3
24,91,91,25,0
24,91,91,26,0
24,91,91,0,8
24,92,92,1,30
24,92,92,2,260
24,92,92,3,126
24,92,92,4,200
24,92,92,5,1
24,92,92,6,0
24,92,92,7,0
24,92,92,8,0
24,92,92,9,0
24,92,92,10,0
24,92,92,11,1
24,92,92,12,0
24,92,92,13,1
24,92,92,14,0
24,92,92,15,0
24,92,92,16,0
24,92,92,17,0
24,92,92,18,0
24,92,92,19,0
24,92,92,20,0
24,92,92,21,0
24,92,92,22,0
24,92,92,23,0
24,92,92,24,0
24,92,92,25,0
24,92,92,26,0
24,92,92,0,5
24,93,93,1,14
24,93,93,2,118
24,93,93,3,91
24,93,93,4,93
24,93,93,5,0
24,93,93,6,0
24,93,93,7,0
24,93,93,8,0
24,93,93,9,0
24,93,93,10,0
24,93,93,11,0
24,93,93,12,0
24,93,93,13,0
24,93,93,14,0
24,93,93,15,0
24,93,93,16,0
24,93,93,17,0
24,93,93,18,0
24,93,93,19,1
24,93,93,20,0
24,93,93,21,1
24,93,93,22,0
24,93,93,23,0
24,93,93,24,0
24,93,93,25,0
24,93,93,26,0
24,93,93,0,4
24,94,94,1,22
24,94,94,2,149
24,94,94,3,137
24,94,94,4,206
24,94,94,5,2
24,94,94,6,0
24,94,94,7,0
24,94,94,8,0
24,94,94,9,0
24,94,94,10,0
24,94,94,11,0
24,94,94,12,0
24,94,94,13,0
24,94,94,14,0
24,94,94,15,1
24,94,94,16,0
24,94,94,17,0
24,94,94,18,0
24,94,94,19,0
24,94,94,20,0
24,94,94,21,0
24,94,94,22,0
24,94,94,23,0
24,94,94,24,0
24,94,94,25,0
24,94,94,26,1
24,94,94,0,4
24,95,95,1,27
24,95,95,2,146
24,95,95,3,140
24,95,95,4,219
24,95,95,5,0
24,95,95,6,0
24,95,95,7,1
24,95,95,8,0
24,95,95,9,0
24,95,95,10,0
24,95,95,11,1
24,95,95,12,0
24,95,95,13,1
24,95,95,14,1
24,95,95,15,0
24,95,95,16,0
24,95,95,17,0
24,95,95,18,1
24,95,95,19,1
24,95,95,20,0
24,95,95,21,0
24,95,95,22,0
24,95,95,23,2
24,95,95,24,0
24,95,95,25,0
24,95,95,26,0
24,95,95,0,5
24,96,96,1,24
24,96,96,2,196
24,96,96,3,83
24,96,96,4,169
24,96,96,5,0
24,96,96,6,1
24,96,96,7,0
24,96,96,8,0
24,96,96,9,0
24,96,96,10,0
24,96,96,11,0
24,96,96,12,0
24,96,96,13,0
24,96,96,14,0
24,96,96,15,0
24,96,96,16,0
24,96,96,17,0
24,96,96,18,0
24,96,96,19,0
24,96,96,20,0
24,96,96,21,0
24,96,96,22,1
24,96,96,23,0
24,96,96,24,0
24,96,96,25,0
24,96,96,26,0
24,96,96,0,9
24,97,97,1,23
24,97,97,2,142
24,97,97,3,253
24,97,97,4,337
24,97,97,5,1
24,97,97,6,1
24,97,97,7,0
24,97,97,8,0
24,97,97,9,0
24,97,97,10,0
24,97,97,11,1
24,97,97,12,0
24,97,97,13,0
24,97,97,14,0
24,97,97,15,0
24,97,97,16,0
24,97,97,17,0
24,97,97,18,0
24,97,97,19,1
24,97,97,20,0
24,97,97,21,3
24,97,97,22,0
24,97,97,23,0
24,97,97,24,0
24,97,97,25,0
24,97,97,26,0
24,97,97,0,4
24,98,98,1,10
24,98,98,2,84
24,98,98,3,243
24,98,98,4,315
24,98,98,5,1
24,98,98,6,0
24,98,98,7,1
24,98,98,8,0
24,98,98,9,0
24,98,98,10,0
24,98,98,11,1
24,98,98,12,0
24,98,98,13,1
24,98,98,14,0
24,98,98,15,0
24,98,98,16,0
24,98,98,17,0
24,98,98,18,0
24,98,98,19,1
24,98,98,20,0
24,98,98,21,1
24,98,98,22,0
24,98,98,23,0
24,98,98,24,1
24,98,98,25,2
24,98,98,26,0
24,98,98,0,2
24,99,99,1,11
24,99,99,2,117
24,99,99,3,129
24,99,99,4,184
24,99,99,5,1
24,99,99,6,0
24,99,99,7,0
24,99,99,8,0
24,99,99,9,0
24,99,99,10,1
24,99,99,11,0
24,99,99,12,0
24,99,99,13,1
24,99,99,14,1
24,99,99,15,0
24,99,99,16,0
24,99,99,17,0
24,99,99,18,0
24,99,99,19,0
24,99,99,20,0
24,99,99,21,0
24,99,99,22,0
24,99,99,23,0
24,99,99,24,0
24,99,99,25,0
24,99,99,26,0
24,99,99,0,4
24,100,100,1,13
24,100,100,2,166
24,100,100,3,97
24,100,100,4,105
24,100,100,5,0
24,100,100,6,0
24,100,100,7,1
24,100,100,8,0
24,100,100,9,0
24,100,100,10,0
24,100,100,11,0
24,100,100,12,0
24,100,100,13,0
24,100,100,14,0
24,100,100,15,0
24,100,100,16,0
24,100,100,17,0
24,100,100,18,0
24,100,100,19,0
24,100,100,20,0
24,100,100,21,0
24,100,100,22,0
24,100,100,23,0
24,100,100,24,0
24,100,100,25,0
24,100,100,26,0
24,100,100,0,5
24,101,101,1,23
24,101,101,2,205
24,101,101,3,93
24,101,101,4,196
24,101,101,5,0
24,101,101,6,1
24,101,101,7,0
24,101,101,8,1
24,101,101,9,0
24,101,101,10,0
24,101,101,11,0
24,101,101,12,0
24,101,101,13,0
24,101,101,14,0
24,101,101,15,0
24,101,101,16,0
24,101,101,17,0
24,101,101,18,0
24,101,101,19,0
24,101,101,20,0
24,101,101,21,0
24,101,101,22,1
24,101,101,23,0
24,101,101,24,0
24,101,101,25,0
24,101,101,26,0
24,101,101,0,6
24,102,102,1,36
24,102,102,2,235
24,102,102,3,93
24,102,102,4,146
24,102,102,5,0
24,102,102,6,1
24,102,102,7,0
24,102,102,8,0
24,102,102,9,0
24,102,102,10,1
24,102,102,11,0
24,102,102,12,0
24,102,102,13,1
24,102,102,14,0
24,102,102,15,0
24,102,102,16,0
24,102,102,17,0
24,102,102,18,1
24,102,102,19,0
24,102,102,20,0
24,102,102,21,0
24,102,102,22,0
24,102,102,23,0
24,102,102,24,1
24,102,102,25,0
24,102,102,26,0
24,102,102,0,7
24,103,103,1,18
24,103,103,2,217
24,103,103,3,141
24,103,103,4,242
24,103,103,5,0
24,103,103,6,0
24,103,103,7,0
24,103,103,8,2
24,103,103,9,0
24,103,103,10,0
24,103,103,11,0
24,103,103,12,0
24,103,103,13,0
24,103,103,14,0
24,103,103,15,0
24,103,103,16,0
24,103,103,17,1
24,103,103,18,0
24,103,103,19,0
24,103,103,20,0
24,103,103,21,0
24,103,103,22,0
24,103,103,23,1
24,103,103,24,0
24,103,103,25,0
24,103,103,26,0
24,103,103,0,6
24,104,104,1,14
24,104,104,2,221
24,104,104,3,70
24,104,104,4,127
24,104,104,5,2
24,104,104,6,0
24,104,104,7,0
24,104,104,8,0
24,104,104,9,0
24,104,104,10,2
24,104,104,11,0
24,104,104,12,0
24,104,104,13,0
24,104,104,14,0
24,104,104,15,0
24,104,104,16,1
24,104,104,17,0
24,104,104,18,0
24,104,104,19,0
24,104,104,20,0
24,104,104,21,0
24,104,104,22,0
24,104,104,23,0
24,104,104,24,0
24,104,104,25,0
24,104,104,26,0
24,104,104,0,2
24,105,105,1,11
24,105,105,2,170
24,105,105,3,31
24,105,105,4,74
24,105,105,5,0
24,105,105,6,1
24,105,105,7,0
24,105,105,8,0
24,105,105,9,0
24,105,105,10,0
24,105,105,11,0
24,105,105,12,0
24,105,105,13,1
24,105,105,14,0
24,105,105,15,0
24,105,105,16,0
24,105,105,17,0
24,105,105,18,1
24,105,105,19,0
24,105,105,20,0
24,105,105,21,0
24,105,105,22,0
24,105,105,23,0
24,105,105,24,1
24,105,105,25,0
24,105,105,26,0
24,105,105,0,1
24,106,106,1,24
24,106,106,2,278
24,106,106,3,70
24,106,106,4,170
24,106,106,5,0
24,106,106,6,0
24,106,106,7,0
24,106,106,8,0
24,106,106,9,0
24,106,106,10,0
24,106,106,11,0
24,106,106,12,0
24,106,106,13,3
24,106,106,14,0
24,106,106,15,0
24,106,106,16,0
24,106,106,17,0
24,106,106,18,0
24,106,106,19,0
24,106,106,20,0
24,106,106,21,0
24,106,106,22,0
24,106,106,23,0
24,106,106,24,0
24,106,106,25,0
24,106,106,26,0
24,106,106,0,7
24,107,107,1,10
24,107,107,2,82
24,107,107,3,150
24,107,107,4,199
24,107,107,5,0
24,107,107,6,0
24,107,107,7,0
24,107,107,8,0
24,107,107,9,0
24,107,107,10,0
24,107,107,11,0
24,107,107,12,0
24,107,107,13,0
24,107,107,14,0
24,107,107,15,0
24,107,107,16,0
24,107,107,17,0
24,107,107,18,0
24,107,107,19,0
24,107,107,20,0
24,107,107,21,0
24,107,107,22,0
24,107,107,23,0
24,107,107,24,1
24,107,107,25,0
24,107,107,26,0
24,107,107,0,2
24,108,108,1,17
24,108,108,2,358
24,108,108,3,73
24,108,108,4,160
24,108,108,5,0
24,108,108,6,0
24,108,108,7,0
24,108,108,8,2
24,108,108,9,0
24,108,108,10,0
24,108,108,11,0
24,108,108,12,0
24,108,108,13,3
24,108,108,14,0
24,108,108,15,0
24,108,108,16,0
24,108,108,17,0
24,108,108,18,0
24,108,108,19,0
24,108,108,20,0
24,108,108,21,1
24,108,108,22,0
24,108,108,23,0
24,108,108,24,0
24,108,108,25,0
24,108,108,26,0
24,108,108,0,5
24,109,109,1,13
24,109,109,2,123
24,109,109,3,177
24,109,109,4,234
24,109,109,5,0
24,109,109,6,2
24,109,109,7,0
24,109,109,8,0
24,109,109,9,0
24,109,109,10,0
24,109,109,11,0
24,109,109,12,0
24,109,109,13,0
24,109,109,14,0
24,109,109,15,0
24,109,109,16,0
24,109,109,17,0
24,109,109,18,0
24,109,109,19,0
24,109,109,20,0
24,109,109,21,0
24,109,109,22,0
24,109,109,23,0
24,109,109,24,0
24,109,109,25,0
24,109,109,26,0
24,109,109,0,1
24,110,110,1,11
24,110,110,2,80
24,110,110,3,207
24,110,110,4,233
24,110,110,5,0
24,110,110,6,0
24,110,110,7,0
24,110,110,8,0
24,110,110,9,0
24,110,110,10,0
24,110,110,11,0
24,110,110,12,0
24,110,110,13,0
24,110,110,14,0
24,110,110,15,0
24,110,110,16,0
24,110,110,17,1
24,110,110,18,0
24,110,110,19,0
24,110,110,20,0
24,110,110,21,0
24,110,110,22,0
24,110,110,23,1
24,110,110,24,0
24,110,110,25,0
24,110,110,26,0
24,110,110,0,0
24,111,111,1,12
24,111,111,2,109
24,111,111,3,140
24,111,111,4,199
24,111,111,5,0
24,111,111,6,0
24,111,111,7,0
24,111,111,8,0
24,111,111,9,0
24,111,111,10,0
24,111,111,11,0
24,111,111,12,0
24,111,111,13,0
24,111,111,14,1
24,111,111,15,0
24,111,111,16,0
24,111,111,17,0
24,111,111,18,0
24,111,111,19,1
24,111,111,20,0
24,111,111,21,0
24,111,111,22,0
24,111,111,23,0
24,111,111,24,0
24,111,111,25,0
24,111,111,26,0
24,111,111,0,2
24,112,112,1,14
24,112,112,2,157
24,112,112,3,84
24,112,112,4,159
24,112,112,5,1
24,112,112,6,1
24,112,112,7,0
24,112,112,8,1
24,112,112,9,0
24,112,112,10,0
24,112,112,11,0
24,112,112,12,0
24,112,112,13,0
24,112,112,14,0
24,112,112,15,0
24,112,112,16,0
24,112,112,17,0
24,112,112,18,0
24,112,112,19,0
24,112,112,20,0
24,112,112,21,0
24,112,112,22,0
24,112,112,23,1
24,112,112,24,0
24,112,112,25,0
24,112,112,26,0
24,112,112,0,2
24,113,113,1,27
24,113,113,2,177
24,113,113,3,152
24,113,113,4,242
24,113,113,5,0
24,113,113,6,0
24,113,113,7,0
24,113,113,8,0
24,113,113,9,1
24,113,113,10,1
24,113,113,11,0
24,113,113,12,0
24,113,113,13,0
24,113,113,14,0
24,113,113,15,0
24,113,113,16,0
24,113,113,17,0
24,113,113,18,0
24,113,113,19,1
24,113,113,20,1
24,113,113,21,0
24,113,113,22,0
24,113,113,23,3
24,113,113,24,0
24,113,113,25,0
24,113,113,26,0
24,113,113,0,4
24,114,114,1,7
24,114,114,2,82
24,114,114,3,53
24,114,114,4,86
24,114,114,5,0
24,114,114,6,0
24,114,114,7,0
24,114,114,8,0
24,114,114,9,0
24,114,114,10,0
24,114,114,11,0
24,114,114,12,0
24,114,114,13,0
24,114,114,14,0
24,114,114,15,0
24,114,114,16,0
24,114,114,17,0
24,114,114,18,0
24,114,114,19,0
24,114,114,20,0
24,114,114,21,0
24,114,114,22,0
24,114,114,23,0
24,114,114,24,0
24,114,114,25,0
24,114,114,26,0
24,114,114,0,3
24,115,115,1,8
24,115,115,2,155
24,115,115,3,137
24,115,115,4,312
24,115,115,5,0
24,115,115,6,0
24,115,115,7,0
24,115,115,8,7
24,115,115,9,0
24,115,115,10,0
24,115,115,11,0
24,115,115,12,0
24,115,115,13,0
24,115,115,14,0
24,115,115,15,0
24,115,115,16,0
24,115,115,17,0
24,115,115,18,0
24,115,115,19,1
24,115,115,20,0
24,115,115,21,0
24,115,115,22,0
24,115,115,23,0
24,115,115,24,0
24,115,115,25,0
24,115,115,26,0
24,115,115,0,2
24,116,116,1,20
24,116,116,2,138
24,116,116,3,134
24,116,116,4,217
24,116,116,5,0
24,116,116,6,0
24,116,116,7,0
24,116,116,8,0
24,116,116,9,0
24,116,116,10,1
24,116,116,11,0
24,116,116,12,0
24,116,116,13,0
24,116,116,14,1
24,116,116,15,1
24,116,116,16,0
24,116,116,17,0
24,116,116,18,0
24,116,116,19,0
24,116,116,20,1
24,116,116,21,0
24,116,116,22,1
24,116,116,23,0
24,116,116,24,0
24,116,116,25,0
24,116,116,26,0
24,116,116,0,6
24,117,117,1,17
24,117,117,2,100
24,117,117,3,159
24,117,117,4,194
24,117,117,5,0
24,117,117,6,0
24,117,117,7,0
24,117,117,8,0
24,117,117,9,0
24,117,117,10,1
24,117,117,11,1
24,117,117,12,0
24,117,117,13,0
24,117,117,14,0
24,117,117,15,0
24,117,117,16,0
24,117,117,17,0
24,117,117,18,0
24,117,117,19,0
24,117,117,20,1
24,117,117,21,0
24,117,117,22,0
24,117,117,23,0
24,117,117,24,0
24,117,117,25,0
24,117,117,26,0
24,117,117,0,4
24,118,118,1,11
24,118,118,2,84
24,118,118,3,165
24,118,118,4,182
24,118,118,5,1
24,118,118,6,0
24,118,118,7,0
24,118,118,8,0
24,118,118,9,0
24,118,118,10,0
24,118,118,11,0
24,118,118,12,0
24,118,118,13,0
24,118,118,14,0
24,118,118,15,0
24,118,118,16,0
24,118,118,17,0
24,118,118,18,0
24,118,118,19,0
24,118,118,20,0
24,118,118,21,0
24,118,118,22,0
24,118,118,23,0
24,118,118,24,1
24,118,118,25,0
24,118,118,26,0
24,118,118,0,0
24,119,119,1,25
24,119,119,2,83
24,119,119,3,209
24,119,119,4,304
24,119,119,5,0
24,119,119,6,1
24,119,119,7,0
24,119,119,8,2
24,119,119,9,0
24,119,119,10,0
24,119,119,11,2
24,119,119,12,0
24,119,119,13,0
24,119,119,14,2
24,119,119,15,1
24,119,119,16,1
24,119,119,17,0
24,119,119,18,0
24,119,119,19,0
24,119,119,20,0
24,119,119,21,0
24,119,119,22,0
24,119,119,23,0
24,119,119,24,0
24,119,119,25,0
24,119,119,26,0
24,119,119,0,1
24,120,120,1,9
24,120,120,2,100
24,120,120,3,296
24,120,120,4,320
24,120,120,5,1
24,120,120,6,0
24,120,120,7,0
24,120,120,8,0
24,120,120,9,0
24,120,120,10,0
24,120,120,11,1
24,120,120,12,0
24,120,120,13,0
24,120,120,14,0
24,120,120,15,0
24,120,120,16,0
24,120,120,17,0
24,120,120,18,1
24,120,120,19,2
24,120,120,20,0
24,120,120,21,0
24,120,120,22,0
24,120,120,23,1
24,120,120,24,0
24,120,120,25,0
24,120,120,26,0
24,120,120,0,0
24,121,121,1,20
24,121,121,2,95
24,121,121,3,212
24,121,121,4,240
24,121,121,5,1
24,121,121,6,1
24,121,121,7,0
24,121,121,8,0
24,121,121,9,0
24,121,121,10,0
24,121,121,11,0
24,121,121,12,0
24,121,121,13,0
24,121,121,14,0
24,121,121,15,0
24,121,121,16,0
24,121,121,17,0
24,121,121,18,0
24,121,121,19,0
24,121,121,20,0
24,121,121,21,0
24,121,121,22,1
24,121,121,23,1
24,121,121,24,0
24,121,121,25,0
24,121,121,26,0
24,121,121,0,2
24,122,122,1,7
24,122,122,2,52
24,122,122,3,184
24,122,122,4,204
24,122,122,5,0
24,122,122,6,0
24,122,122,7,1
24,122,122,8,0
24,122,122,9,0
24,122,122,10,0
24,122,122,11,0
24,122,122,12,0
24,122,122,13,0
24,122,122,14,0
24,122,122,15,1
24,122,122,16,0
24,122,122,17,0
24,122,122,18,0
24,122,122,19,0
24,122,122,20,0
24,122,122,21,0
24,122,122,22,1
24,122,122,23,1
24,122,122,24,0
24,122,122,25,0
24,122,122,26,1
24,122,122,0,4
24,123,123,1,12
24,123,123,2,58
24,123,123,3,213
24,123,123,4,260
24,123,123,5,1
24,123,123,6,0
24,123,123,7,1
24,123,123,8,0
24,123,123,9,0
24,123,123,10,0
24,123,123,11,0
24,123,123,12,0
24,123,123,13,0
24,123,123,14,0
24,123,123,15,0
24,123,123,16,0
24,123,123,17,0
24,123,123,18,0
24,123,123,19,0
24,123,123,20,1
24,123,123,21,0
24,123,123,22,0
24,123,123,23,0
24,123,123,24,0
24,123,123,25,0
24,123,123,26,0
24,123,123,0,0
24,124,124,1,39
24,124,124,2,159
24,124,124,3,199
24,124,124,4,252
24,124,124,5,1
24,124,124,6,1
24,124,124,7,0
24,124,124,8,1
24,124,124,9,0
24,124,124,10,0
24,124,124,11,0
24,124,124,12,0
24,124,124,13,1
24,124,124,14,0
24,124,124,15,0
24,124,124,16,0
24,124,124,17,0
24,124,124,18,0
24,124,124,19,0
24,124,124,20,0
24,124,124,21,0
24,124,124,22,1
24,124,124,23,0
24,124,124,24,1
24,124,124,25,0
24,124,124,26,0
24,124,124,0,6
24,125,125,1,26
24,125,125,2,117
24,125,125,3,286
24,125,125,4,323
24,125,125,5,0
24,125,125,6,2
24,125,125,7,0
24,125,125,8,1
24,125,125,9,0
24,125,125,10,0
24,125,125,11,0
24,125,125,12,0
24,125,125,13,2
24,125,125,14,0
24,125,125,15,0
24,125,125,16,0
24,125,125,17,1
24,125,125,18,0
24,125,125,19,0
24,125,125,20,0
24,125,125,21,1
24,125,125,22,0
24,125,125,23,1
24,125,125,24,0
24,125,125,25,0
24,125,125,26,0
24,125,125,0,4
24,126,126,1,21
24,126,126,2,89
24,126,126,3,278
24,126,126,4,236
24,126,126,5,0
24,126,126,6,3
24,126,126,7,0
24,126,126,8,0
24,126,126,9,0
24,126,126,10,0
24,126,126,11,0
24,126,126,12,0
24,126,126,13,0
24,126,126,14,0
24,126,126,15,0
24,126,126,16,1
24,126,126,17,0
24,126,126,18,0
24,126,126,19,0
24,126,126,20,0
24,126,126,21,0
24,126,126,22,0
24,126,126,23,0
24,126,126,24,3
24,126,126,25,0
24,126,126,26,0
24,126,126,0,5
24,127,127,1,8
24,127,127,2,47
24,127,127,3,135
24,127,127,4,181
24,127,127,5,0
24,127,127,6,1
24,127,127,7,0
24,127,127,8,0
24,127,127,9,0
24,127,127,10,0
24,127,127,11,1
24,127,127,12,0
24,127,127,13,0
24,127,127,14,0
24,127,127,15,0
24,127,127,16,0
24,127,127,17,0
24,127,127,18,0
24,127,127,19,0
24,127,127,20,0
24,127,127,21,0
24,127,127,22,0
24,127,127,23,0
24,127,127,24,1
24,127,127,25,0
24,127,127,26,0
24,127,127,0,1
24,128,128,1,16
24,128,128,2,80
24,128,128,3,154
24,128,128,4,172
24,128,128,5,0
24,128,128,6,0
24,128,128,7,1
24,128,128,8,0
24,128,128,9,0
24,128,128,10,0
24,128,128,11,1
24,128,128,12,0
24,128,128,13,0
24,128,128,14,0
24,128,128,15,1
24,128,128,16,0
24,128,128,17,0
24,128,128,18,0
24,128,128,19,0
24,128,128,20,1
24,128,128,21,0
24,128,128,22,3
24,128,128,23,0
24,128,128,24,1
24,128,128,25,0
24,128,128,26,0
24,128,128,0,3
24,129,129,1,29
24,129,129,2,163
24,129,129,3,234
24,129,129,4,221
24,129,129,5,0
24,129,129,6,1
24,129,129,7,1
24,129,129,8,1
24,129,129,9,1
24,129,129,10,0
24,129,129,11,0
24,129,129,12,0
24,129,129,13,1
24,129,129,14,1
24,129,129,15,0
24,129,129,16,0
24,129,129,17,0
24,129,129,18,0
24,129,129,19,1
24,129,129,20,0
24,129,129,21,0
24,129,129,22,0
24,129,129,23,0
24,129,129,24,3
24,129,129,25,1
24,129,129,26,1
24,129,129,0,9
24,130,130,1,19
24,130,130,2,214
24,130,130,3,193
24,130,130,4,237
24,130,130,5,3
24,130,130,6,0
24,130,130,7,0
24,130,130,8,1
24,130,130,9,0
24,130,130,10,0
24,130,130,11,1
24,130,130,12,0
24,130,130,13,0
24,130,130,14,0
24,130,130,15,1
24,130,130,16,0
24,130,130,17,0
24,130,130,18,1
24,130,130,19,1
24,130,130,20,5
24,130,130,21,1
24,130,130,22,0
24,130,130,23,0
24,130,130,24,3
24,130,130,25,0
24,130,130,26,1
24,130,130,0,4
24,131,131,1,30
24,131,131,2,207
24,131,131,3,231
24,131,131,4,436
24,131,131,5,0
24,131,131,6,2
24,131,131,7,0
24,131,131,8,1
24,131,131,9,0
24,131,131,10,0
24,131,131,11,0
24,131,131,12,0
24,131,131,13,1
24,131,131,14,0
24,131,131,15,0
24,131,131,16,0
24,131,131,17,0
24,131,131,18,1
24,131,131,19,1
24,131,131,20,1
24,131,131,21,1
24,131,131,22,0
24,131,131,23,1
24,131,131,24,1
24,131,131,25,0
24,131,131,26,0
24,131,131,0,3
24,132,132,1,23
24,132,132,2,146
24,132,132,3,127
24,132,132,4,118
24,132,132,5,3
24,132,132,6,0
24,132,132,7,0
24,132,132,8,0
24,132,132,9,0
24,132,132,10,0
24,132,132,11,1
24,132,132,12,0
24,132,132,13,2
24,132,132,14,0
24,132,132,15,0
24,132,132,16,0
24,132,132,17,0
24,132,132,18,0
24,132,132,19,0
24,132,132,20,0
24,132,132,21,0
24,132,132,22,0
24,132,132,23,0
24,132,132,24,0
24,132,132,25,1
24,132,132,26,0
24,132,132,0,3
24,133,133,1,6
24,133,133,2,116
24,133,133,3,112
24,133,133,4,133
24,133,133,5,0
24,133,133,6,1
24,133,133,7,0
24,133,133,8,0
24,133,133,9,1
24,133,133,10,0
24,133,133,11,0
24,133,133,12,0
24,133,133,13,0
24,133,133,14,0
24,133,133,15,0
24,133,133,16,0
24,133,133,17,0
24,133,133,18,0
24,133,133,19,0
24,133,133,20,0
24,133,133,21,0
24,133,133,22,0
24,133,133,23,0
24,133,133,24,4
24,133,133,25,0
24,133,133,26,0
24,133,133,0,2
24,134,134,1,27
24,134,134,2,197
24,134,134,3,177
24,134,134,4,251
24,134,134,5,1
24,134,134,6,0
24,134,134,7,1
24,134,134,8,0
24,134,134,9,0
24,134,134,10,0
24,134,134,11,1
24,134,134,12,0
24,134,134,13,0
24,134,134,14,1
24,134,134,15,0
24,134,134,16,0
24,134,134,17,0
24,134,134,18,0
24,134,134,19,1
24,134,134,20,1
24,134,134,21,1
24,134,134,22,0
24,134,134,23,0
24,134,134,24,2
24,134,134,25,0
24,134,134,26,0
24,134,134,0,5
24,135,135,1,22
24,135,135,2,145
24,135,135,3,170
24,135,135,4,185
24,135,135,5,0
24,135,135,6,0
24,135,135,7,0
24,135,135,8,0
24,135,135,9,0
24,135,135,10,0
24,135,135,11,0
24,135,135,12,0
24,135,135,13,0
24,135,135,14,0
24,135,135,15,0
24,135,135,16,0
24,135,135,17,0
24,135,135,18,0
24,135,135,19,0
24,135,135,20,0
24,135,135,21,0
24,135,135,22,0
24,135,135,23,0
24,135,135,24,5
24,135,135,25,0
24,135,135,26,0
24,135,135,0,6
24,136,136,1,23
24,136,136,2,175
24,136,136,3,208
24,136,136,4,224
24,136,136,5,1
24,136,136,6,0
24,136,136,7,0
24,136,136,8,0
24,136,136,9,0
24,136,136,10,0
24,136,136,11,0
24,136,136,12,0
24,136,136,13,0
24,136,136,14,1
24,136,136,15,0
24,136,136,16,0
24,136,136,17,1
24,136,136,18,0
24,136,136,19,0
24,136,136,20,0
24,136,136,21,1
24,136,136,22,1
24,136,136,23,0
24,136,136,24,1
24,136,136,25,0
24,136,136,26,1
24,136,136,0,2
24,137,137,1,27
24,137,137,2,196
24,137,137,3,200
24,137,137,4,174
24,137,137,5,0
24,137,137,6,1
24,137,137,7,0
24,137,137,8,0
24,137,137,9,0
24,137,137,10,0
24,137,137,11,1
24,137,137,12,0
24,137,137,13,1
24,137,137,14,1
24,137,137,15,0
24,137,137,16,0
24,137,137,17,0
24,137,137,18,0
24,137,137,19,0
24,137,137,20,0
24,137,137,21,0
24,137,137,22,0
24,137,137,23,0
24,137,137,24,4
24,137,137,25,0
24,137,137,26,0
24,137,137,0,4
24,138,138,1,0
24,138,138,2,129
24,138,138,3,154
24,138,138,4,229
24,138,138,5,0
24,138,138,6,0
24,138,138,7,0
24,138,138,8,0
24,138,138,9,0
24,138,138,10,0
24,138,138,11,1
24,138,138,12,0
24,138,138,13,0
24,138,138,14,0
24,138,138,15,0
24,138,138,16,0
24,138,138,17,0
24,138,138,18,0
24,138,138,19,0
24,138,138,20,0
24,138,138,21,0
24,138,138,22,1
24,138,138,23,0
24,138,138,24,3
24,138,138,25,0
24,138,138,26,0
24,138,138,0,3
24,139,139,1,0
24,139,139,2,0
24,139,139,3,0
24,139,139,4,0
24,139,139,5,0
24,139,139,6,0
24,139,139,7,0
24,139,139,8,0
24,139,139,9,0
24,139,139,10,0
24,139,139,11,0
24,139,139,12,0
24,139,139,13,0
24,139,139,14,0
24,139,139,15,0
24,139,139,16,0
24,139,139,17,0
24,139,139,18,0
24,139,139,19,0
24,139,139,20,0
24,139,139,21,0
24,139,139,22,0
24,139,139,23,0
24,139,139,24,0
24,139,139,25,0
24,139,139,26,0
24,139,139,0,0
24,139,139,1,24
24,139,139,2,137
24,139,139,3,182
24,139,139,4,215
24,139,139,5,0
24,139,139,6,0
24,139,139,7,1
24,139,139,8,1
24,139,139,9,0
24,139,139,10,0
24,139,139,11,0
24,139,139,12,0
24,139,139,13,0
24,139,139,14,0
24,139,139,15,0
24,139,139,16,0
24,139,139,17,0
24,139,139,18,0
24,139,139,19,0
24,139,139,20,0
24,139,139,21,0
24,139,139,22,0
24,139,139,23,0
24,139,139,24,3
24,139,139,25,0
24,139,139,26,0
24,139,139,0,11
24,140,140,1,0
24,140,140,2,0
24,140,140,3,0
24,140,140,4,0
24,140,140,5,0
24,140,140,6,0
24,140,140,7,0
24,140,140,8,0
24,140,140,9,0
24,140,140,10,0
24,140,140,11,0
24,140,140,12,0
24,140,140,13,0
24,140,140,14,0
24,140,140,15,0
24,140,140,16,0
24,140,140,17,0
24,140,140,18,0
24,140,140,19,0
24,140,140,20,0
24,140,140,21,0
24,140,140,22,0
24,140,140,23,0
24,140,140,24,0
24,140,140,25,0
24,140,140,26,0
24,140,140,0,0
24,140,140,1,16
24,140,140,2,132
24,140,140,3,193
24,140,140,4,289
24,140,140,5,3
24,140,140,6,1
24,140,140,7,0
24,140,140,8,0
24,140,140,9,0
24,140,140,10,0
24,140,140,11,0
24,140,140,12,0
24,140,140,13,0
24,140,140,14,0
24,140,140,15,1
24,140,140,16,1
24,140,140,17,2
24,140,140,18,0
24,140,140,19,0
24,140,140,20,0
24,140,140,21,1
24,140,140,22,2
24,140,140,23,2
24,140,140,24,1
24,140,140,25,1
24,140,140,26,0
24,140,140,0,4
24,141,141,1,5
24,141,141,2,72
24,141,141,3,99
24,141,141,4,111
24,141,141,5,0
24,141,141,6,0
24,141,141,7,0
24,141,141,8,0
24,141,141,9,0
24,141,141,10,0
24,141,141,11,1
24,141,141,12,0
24,141,141,13,0
24,141,141,14,0
24,141,141,15,0
24,141,141,16,0
24,141,141,17,1
24,141,141,18,0
24,141,141,19,0
24,141,141,20,0
24,141,141,21,0
24,141,141,22,0
24,141,141,23,0
24,141,141,24,1
24,141,141,25,0
24,141,141,26,0
24,141,141,0,0
24,142,142,1,15
24,142,142,2,161
24,142,142,3,128
24,142,142,4,213
24,142,142,5,1
24,142,142,6,0
24,142,142,7,0
24,142,142,8,0
24,142,142,9,0
24,142,142,10,0
24,142,142,11,0
24,142,142,12,0
24,142,142,13,0
24,142,142,14,0
24,142,142,15,0
24,142,142,16,0
24,142,142,17,0
24,142,142,18,0
24,142,142,19,0
24,142,142,20,1
24,142,142,21,0
24,142,142,22,0
24,142,142,23,0
24,142,142,24,1
24,142,142,25,0
24,142,142,26,0
24,142,142,0,5
24,143,143,1,22
24,143,143,2,120
24,143,143,3,239
24,143,143,4,319
24,143,143,5,0
24,143,143,6,1
24,143,143,7,0
24,143,143,8,0
24,143,143,9,4
24,143,143,10,0
24,143,143,11,0
24,143,143,12,0
24,143,143,13,0
24,143,143,14,0
24,143,143,15,0
24,143,143,16,1
24,143,143,17,0
24,143,143,18,0
24,143,143,19,0
24,143,143,20,0
24,143,143,21,0
24,143,143,22,0
24,143,143,23,0
24,143,143,24,0
24,143,143,25,0
24,143,143,26,0
24,143,143,0,2
24,144,144,1,15
24,144,144,2,82
24,144,144,3,188
24,144,144,4,218
24,144,144,5,1
24,144,144,6,1
24,144,144,7,0
24,144,144,8,0
24,144,144,9,0
24,144,144,10,1
24,144,144,11,0
24,144,144,12,0
24,144,144,13,0
24,144,144,14,0
24,144,144,15,0
24,144,144,16,0
24,144,144,17,0
24,144,144,18,0
24,144,144,19,0
24,144,144,20,0
24,144,144,21,0
24,144,144,22,0
24,144,144,23,0
24,144,144,24,0
24,144,144,25,0
24,144,144,26,0
24,144,144,0,5
24,145,145,1,15
24,145,145,2,225
24,145,145,3,180
24,145,145,4,180
24,145,145,5,0
24,145,145,6,0
24,145,145,7,0
24,145,145,8,0
24,145,145,9,0
24,145,145,10,0
24,145,145,11,0
24,145,145,12,0
24,145,145,13,1
24,145,145,14,2
24,145,145,15,0
24,145,145,16,0
24,145,145,17,0
24,145,145,18,0
24,145,145,19,0
24,145,145,20,1
24,145,145,21,0
24,145,145,22,0
24,145,145,23,0
24,145,145,24,3
24,145,145,25,0
24,145,145,26,0
24,145,145,0,4
24,146,146,1,6
24,146,146,2,166
24,146,146,3,88
24,146,146,4,164
24,146,146,5,0
24,146,146,6,0
24,146,146,7,0
24,146,146,8,0
24,146,146,9,0
24,146,146,10,0
24,146,146,11,0
24,146,146,12,0
24,146,146,13,0
24,146,146,14,0
24,146,146,15,0
24,146,146,16,0
24,146,146,17,0
24,146,146,18,0
24,146,146,19,0
24,146,146,20,0
24,146,146,21,0
24,146,146,22,0
24,146,146,23,0
24,146,146,24,0
24,146,146,25,1
24,146,146,26,0
24,146,146,0,9
24,147,147,1,18
24,147,147,2,137
24,147,147,3,88
24,147,147,4,105
24,147,147,5,0
24,147,147,6,0
24,147,147,7,0
24,147,147,8,0
24,147,147,9,0
24,147,147,10,0
24,147,147,11,0
24,147,147,12,0
24,147,147,13,0
24,147,147,14,0
24,147,147,15,0
24,147,147,16,0
24,147,147,17,0
24,147,147,18,0
24,147,147,19,0
24,147,147,20,0
24,147,147,21,0
24,147,147,22,0
24,147,147,23,0
24,147,147,24,0
24,147,147,25,1
24,147,147,26,0
24,147,147,0,3
24,148,148,1,2
24,148,148,2,114
24,148,148,3,64
24,148,148,4,100
24,148,148,5,0
24,148,148,6,0
24,148,148,7,0
24,148,148,8,0
24,148,148,9,0
24,148,148,10,0
24,148,148,11,0
24,148,148,12,0
24,148,148,13,0
24,148,148,14,0
24,148,148,15,0
24,148,148,16,0
24,148,148,17,0
24,148,148,18,0
24,148,148,19,0
24,148,148,20,0
24,148,148,21,0
24,148,148,22,0
24,148,148,23,0
24,148,148,24,0
24,148,148,25,0
24,148,148,26,0
24,148,148,0,0
24,149,149,1,20
24,149,149,2,207
24,149,149,3,64
24,149,149,4,104
24,149,149,5,0
24,149,149,6,0
24,149,149,7,1
24,149,149,8,0
24,149,149,9,0
24,149,149,10,0
24,149,149,11,0
24,149,149,12,0
24,149,149,13,0
24,149,149,14,0
24,149,149,15,0
24,149,149,16,0
24,149,149,17,0
24,149,149,18,0
24,149,149,19,0
24,149,149,20,0
24,149,149,21,0
24,149,149,22,0
24,149,149,23,0
24,149,149,24,0
24,149,149,25,0
24,149,149,26,0
24,149,149,0,1
24,150,150,1,14
24,150,150,2,229
24,150,150,3,137
24,150,150,4,242
24,150,150,5,2
24,150,150,6,0
24,150,150,7,0
24,150,150,8,0
24,150,150,9,0
24,150,150,10,0
24,150,150,11,0
24,150,150,12,0
24,150,150,13,2
24,150,150,14,0
24,150,150,15,0
24,150,150,16,0
24,150,150,17,0
24,150,150,18,0
24,150,150,19,0
24,150,150,20,0
24,150,150,21,0
24,150,150,22,0
24,150,150,23,0
24,150,150,24,1
24,150,150,25,0
24,150,150,26,0
24,150,150,0,9
24,151,151,1,18
24,151,151,2,191
24,151,151,3,159
24,151,151,4,213
24,151,151,5,3
24,151,151,6,0
24,151,151,7,0
24,151,151,8,0
24,151,151,9,0
24,151,151,10,0
24,151,151,11,0
24,151,151,12,1
24,151,151,13,2
24,151,151,14,2
24,151,151,15,0
24,151,151,16,2
24,151,151,17,0
24,151,151,18,0
24,151,151,19,0
24,151,151,20,0
24,151,151,21,0
24,151,151,22,1
24,151,151,23,0
24,151,151,24,1
24,151,151,25,0
24,151,151,26,0
24,151,151,0,4
24,152,152,1,12
24,152,152,2,200
24,152,152,3,82
24,152,152,4,117
24,152,152,5,0
24,152,152,6,1
24,152,152,7,0
24,152,152,8,0
24,152,152,9,1
24,152,152,10,0
24,152,152,11,0
24,152,152,12,0
24,152,152,13,1
24,152,152,14,0
24,152,152,15,0
24,152,152,16,0
24,152,152,17,0
24,152,152,18,0
24,152,152,19,0
24,152,152,20,0
24,152,152,21,0
24,152,152,22,0
24,152,152,23,0
24,152,152,24,0
24,152,152,25,0
24,152,152,26,0
24,152,152,0,3
24,153,153,1,22
24,153,153,2,94
24,153,153,3,85
24,153,153,4,107
24,153,153,5,0
24,153,153,6,0
24,153,153,7,0
24,153,153,8,0
24,153,153,9,0
24,153,153,10,0
24,153,153,11,0
24,153,153,12,0
24,153,153,13,0
24,153,153,14,0
24,153,153,15,0
24,153,153,16,0
24,153,153,17,1
24,153,153,18,0
24,153,153,19,0
24,153,153,20,0
24,153,153,21,0
24,153,153,22,0
24,153,153,23,0
24,153,153,24,0
24,153,153,25,0
24,153,153,26,0
24,153,153,0,1
24,154,154,1,6
24,154,154,2,144
24,154,154,3,155
24,154,154,4,203
24,154,154,5,0
24,154,154,6,3
24,154,154,7,0
24,154,154,8,0
24,154,154,9,0
24,154,154,10,1
24,154,154,11,0
24,154,154,12,0
24,154,154,13,1
24,154,154,14,0
24,154,154,15,0
24,154,154,16,3
24,154,154,17,1
24,154,154,18,0
24,154,154,19,1
24,154,154,20,2
24,154,154,21,0
24,154,154,22,1
24,154,154,23,1
24,154,154,24,0
24,154,154,25,0
24,154,154,26,0
24,154,154,0,6
24,155,155,1,13
24,155,155,2,166
24,155,155,3,90
24,155,155,4,121
24,155,155,5,1
24,155,155,6,0
24,155,155,7,0
24,155,155,8,0
24,155,155,9,0
24,155,155,10,0
24,155,155,11,0
24,155,155,12,0
24,155,155,13,2
24,155,155,14,0
24,155,155,15,0
24,155,155,16,0
24,155,155,17,0
24,155,155,18,2
24,155,155,19,0
24,155,155,20,0
24,155,155,21,0
24,155,155,22,1
24,155,155,23,1
24,155,155,24,0
24,155,155,25,0
24,155,155,26,0
24,155,155,0,3
24,156,156,1,15
24,156,156,2,196
24,156,156,3,63
24,156,156,4,97
24,156,156,5,0
24,156,156,6,0
24,156,156,7,0
24,156,156,8,0
24,156,156,9,0
24,156,156,10,0
24,156,156,11,0
24,156,156,12,0
24,156,156,13,0
24,156,156,14,0
24,156,156,15,0
24,156,156,16,0
24,156,156,17,0
24,156,156,18,0
24,156,156,19,0
24,156,156,20,0
24,156,156,21,0
24,156,156,22,0
24,156,156,23,0
24,156,156,24,0
24,156,156,25,0
24,156,156,26,0
24,156,156,0,3
24,157,157,1,32
24,157,157,2,242
24,157,157,3,86
24,157,157,4,196
24,157,157,5,0
24,157,157,6,1
24,157,157,7,0
24,157,157,8,0
24,157,157,9,0
24,157,157,10,0
24,157,157,11,1
24,157,157,12,0
24,157,157,13,0
24,157,157,14,1
24,157,157,15,0
24,157,157,16,1
24,157,157,17,0
24,157,157,18,0
24,157,157,19,1
24,157,157,20,1
24,157,157,21,0
24,157,157,22,0
24,157,157,23,0
24,157,157,24,0
24,157,157,25,0
24,157,157,26,0
24,157,157,0,6
24,158,158,1,28
24,158,158,2,252
24,158,158,3,179
24,158,158,4,360
24,158,158,5,1
24,158,158,6,0
24,158,158,7,0
24,158,158,8,1
24,158,158,9,1
24,158,158,10,0
24,158,158,11,0
24,158,158,12,0
24,158,158,13,1
24,158,158,14,1
24,158,158,15,0
24,158,158,16,0
24,158,158,17,1
24,158,158,18,2
24,158,158,19,0
24,158,158,20,1
24,158,158,21,0
24,158,158,22,0
24,158,158,23,0
24,158,158,24,1
24,158,158,25,0
24,158,158,26,0
24,158,158,0,4
24,159,159,1,12
24,159,159,2,171
24,159,159,3,71
24,159,159,4,111
24,159,159,5,0
24,159,159,6,0
24,159,159,7,0
24,159,159,8,0
24,159,159,9,0
24,159,159,10,0
24,159,159,11,0
24,159,159,12,0
24,159,159,13,2
24,159,159,14,0
24,159,159,15,0
24,159,159,16,0
24,159,159,17,0
24,159,159,18,0
24,159,159,19,0
24,159,159,20,0
24,159,159,21,0
24,159,159,22,0
24,159,159,23,0
24,159,159,24,0
24,159,159,25,0
24,159,159,26,0
24,159,159,0,7
24,160,160,1,4
24,160,160,2,131
24,160,160,3,130
24,160,160,4,198
24,160,160,5,0
24,160,160,6,1
24,160,160,7,0
24,160,160,8,0
24,160,160,9,0
24,160,160,10,0
24,160,160,11,0
24,160,160,12,0
24,160,160,13,0
24,160,160,14,1
24,160,160,15,0
24,160,160,16,0
24,160,160,17,0
24,160,160,18,0
24,160,160,19,0
24,160,160,20,0
24,160,160,21,0
24,160,160,22,0
24,160,160,23,0
24,160,160,24,0
24,160,160,25,0
24,160,160,26,0
24,160,160,0,2
24,161,161,1,19
24,161,161,2,148
24,161,161,3,143
24,161,161,4,230
24,161,161,5,0
24,161,161,6,0
24,161,161,7,0
24,161,161,8,1
24,161,161,9,0
24,161,161,10,0
24,161,161,11,1
24,161,161,12,0
24,161,161,13,1
24,161,161,14,1
24,161,161,15,0
24,161,161,16,0
24,161,161,17,0
24,161,161,18,1
24,161,161,19,0
24,161,161,20,0
24,161,161,21,0
24,161,161,22,0
24,161,161,23,0
24,161,161,24,0
24,161,161,25,0
24,161,161,26,0
24,161,161,0,3
24,162,162,1,5
24,162,162,2,114
24,162,162,3,51
24,162,162,4,68
24,162,162,5,0
24,162,162,6,0
24,162,162,7,0
24,162,162,8,0
24,162,162,9,0
24,162,162,10,0
24,162,162,11,0
24,162,162,12,0
24,162,162,13,0
24,162,162,14,0
24,162,162,15,0
24,162,162,16,0
24,162,162,17,0
24,162,162,18,1
24,162,162,19,1
24,162,162,20,1
24,162,162,21,0
24,162,162,22,0
24,162,162,23,1
24,162,162,24,0
24,162,162,25,0
24,162,162,26,0
24,162,162,0,0
24,163,163,1,28
24,163,163,2,283
24,163,163,3,98
24,163,163,4,148
24,163,163,5,0
24,163,163,6,0
24,163,163,7,0
24,163,163,8,0
24,163,163,9,0
24,163,163,10,0
24,163,163,11,0
24,163,163,12,0
24,163,163,13,0
24,163,163,14,0
24,163,163,15,1
24,163,163,16,0
24,163,163,17,0
24,163,163,18,0
24,163,163,19,0
24,163,163,20,0
24,163,163,21,0
24,163,163,22,0
24,163,163,23,0
24,163,163,24,0
24,163,163,25,0
24,163,163,26,0
24,163,163,0,5
24,164,164,1,18
24,164,164,2,187
24,164,164,3,78
24,164,164,4,193
24,164,164,5,2
24,164,164,6,0
24,164,164,7,0
24,164,164,8,0
24,164,164,9,0
24,164,164,10,0
24,164,164,11,0
24,164,164,12,0
24,164,164,13,1
24,164,164,14,0
24,164,164,15,0
24,164,164,16,0
24,164,164,17,0
24,164,164,18,0
24,164,164,19,0
24,164,164,20,0
24,164,164,21,0
24,164,164,22,1
24,164,164,23,0
24,164,164,24,0
24,164,164,25,0
24,164,164,26,1
24,164,164,0,3
24,165,165,1,24
24,165,165,2,278
24,165,165,3,128
24,165,165,4,209
24,165,165,5,0
24,165,165,6,2
24,165,165,7,0
24,165,165,8,0
24,165,165,9,0
24,165,165,10,0
24,165,165,11,1
24,165,165,12,0
24,165,165,13,0
24,165,165,14,1
24,165,165,15,1
24,165,165,16,0
24,165,165,17,0
24,165,165,18,0
24,165,165,19,0
24,165,165,20,1
24,165,165,21,0
24,165,165,22,0
24,165,165,23,0
24,165,165,24,0
24,165,165,25,0
24,165,165,26,0
24,165,165,0,10
24,166,166,1,19
24,166,166,2,138
24,166,166,3,135
24,166,166,4,237
24,166,166,5,1
24,166,166,6,0
24,166,166,7,0
24,166,166,8,0
24,166,166,9,0
24,166,166,10,0
24,166,166,11,0
24,166,166,12,0
24,166,166,13,0
24,166,166,14,0
24,166,166,15,0
24,166,166,16,1
24,166,166,17,1
24,166,166,18,0
24,166,166,19,0
24,166,166,20,0
24,166,166,21,0
24,166,166,22,0
24,166,166,23,1
24,166,166,24,0
24,166,166,25,1
24,166,166,26,0
24,166,166,0,4
24,167,167,1,9
24,167,167,2,116
24,167,167,3,106
24,167,167,4,100
24,167,167,5,0
24,167,167,6,1
24,167,167,7,0
24,167,167,8,0
24,167,167,9,0
24,167,167,10,0
24,167,167,11,0
24,167,167,12,0
24,167,167,13,0
24,167,167,14,1
24,167,167,15,0
24,167,167,16,0
24,167,167,17,0
24,167,167,18,0
24,167,167,19,0
24,167,167,20,0
24,167,167,21,0
24,167,167,22,0
24,167,167,23,0
24,167,167,24,0
24,167,167,25,0
24,167,167,26,0
24,167,167,0,0
24,168,168,1,17
24,168,168,2,173
24,168,168,3,119
24,168,168,4,142
24,168,168,5,1
24,168,168,6,2
24,168,168,7,0
24,168,168,8,0
24,168,168,9,0
24,168,168,10,0
24,168,168,11,0
24,168,168,12,0
24,168,168,13,0
24,168,168,14,0
24,168,168,15,0
24,168,168,16,1
24,168,168,17,0
24,168,168,18,0
24,168,168,19,0
24,168,168,20,0
24,168,168,21,0
24,168,168,22,0
24,168,168,23,0
24,168,168,24,1
24,168,168,25,0
24,168,168,26,0
24,168,168,0,8
24,169,169,1,10
24,169,169,2,104
24,169,169,3,41
24,169,169,4,53
24,169,169,5,0
24,169,169,6,0
24,169,169,7,0
24,169,169,8,0
24,169,169,9,0
24,169,169,10,0
24,169,169,11,0
24,169,169,12,0
24,169,169,13,0
24,169,169,14,0
24,169,169,15,0
24,169,169,16,0
24,169,169,17,0
24,169,169,18,0
24,169,169,19,0
24,169,169,20,0
24,169,169,21,0
24,169,169,22,0
24,169,169,23,0
24,169,169,24,0
24,169,169,25,0
24,169,169,26,0
24,169,169,0,3
24,170,170,1,9
24,170,170,2,159
24,170,170,3,83
24,170,170,4,156
24,170,170,5,0
24,170,170,6,0
24,170,170,7,0
24,170,170,8,0
24,170,170,9,0
24,170,170,10,0
24,170,170,11,0
24,170,170,12,0
24,170,170,13,0
24,170,170,14,0
24,170,170,15,0
24,170,170,16,0
24,170,170,17,0
24,170,170,18,0
24,170,170,19,0
24,170,170,20,0
24,170,170,21,0
24,170,170,22,0
24,170,170,23,0
24,170,170,24,1
24,170,170,25,0
24,170,170,26,0
24,170,170,0,3
24,171,171,1,18
24,171,171,2,184
24,171,171,3,233
24,171,171,4,397
24,171,171,5,2
24,171,171,6,0
24,171,171,7,0
24,171,171,8,0
24,171,171,9,0
24,171,171,10,1
24,171,171,11,0
24,171,171,12,0
24,171,171,13,0
24,171,171,14,0
24,171,171,15,1
24,171,171,16,1
24,171,171,17,0
24,171,171,18,2
24,171,171,19,5
24,171,171,20,2
24,171,171,21,0
24,171,171,22,0
24,171,171,23,0
24,171,171,24,0
24,171,171,25,0
24,171,171,26,0
24,171,171,0,3
24,172,172,1,11
24,172,172,2,193
24,172,172,3,85
24,172,172,4,83
24,172,172,5,0
24,172,172,6,0
24,172,172,7,0
24,172,172,8,0
24,172,172,9,0
24,172,172,10,0
24,172,172,11,0
24,172,172,12,0
24,172,172,13,0
24,172,172,14,0
24,172,172,15,0
24,172,172,16,0
24,172,172,17,0
24,172,172,18,0
24,172,172,19,0
24,172,172,20,0
24,172,172,21,0
24,172,172,22,0
24,172,172,23,0
24,172,172,24,0
24,172,172,25,0
24,172,172,26,0
24,172,172,0,5
24,173,173,1,11
24,173,173,2,170
24,173,173,3,47
24,173,173,4,99
24,173,173,5,1
24,173,173,6,0
24,173,173,7,0
24,173,173,8,0
24,173,173,9,0
24,173,173,10,0
24,173,173,11,0
24,173,173,12,0
24,173,173,13,0
24,173,173,14,2
24,173,173,15,0
24,173,173,16,0
24,173,173,17,0
24,173,173,18,0
24,173,173,19,0
24,173,173,20,0
24,173,173,21,0
24,173,173,22,0
24,173,173,23,0
24,173,173,24,1
24,173,173,25,0
24,173,173,26,0
24,173,173,0,4
24,174,174,1,13
24,174,174,2,212
24,174,174,3,56
24,174,174,4,129
24,174,174,5,0
24,174,174,6,0
24,174,174,7,0
24,174,174,8,0
24,174,174,9,0
24,174,174,10,0
24,174,174,11,0
24,174,174,12,0
24,174,174,13,0
24,174,174,14,0
24,174,174,15,0
24,174,174,16,0
24,174,174,17,0
24,174,174,18,0
24,174,174,19,0
24,174,174,20,0
24,174,174,21,0
24,174,174,22,0
24,174,174,23,1
24,174,174,24,0
24,174,174,25,0
24,174,174,26,1
24,174,174,0,3
24,175,175,1,8
24,175,175,2,122
24,175,175,3,41
24,175,175,4,106
24,175,175,5,0
24,175,175,6,0
24,175,175,7,0
24,175,175,8,0
24,175,175,9,0
24,175,175,10,0
24,175,175,11,0
24,175,175,12,0
24,175,175,13,2
24,175,175,14,0
24,175,175,15,1
24,175,175,16,0
24,175,175,17,0
24,175,175,18,1
24,175,175,19,0
24,175,175,20,0
24,175,175,21,0
24,175,175,22,0
24,175,175,23,0
24,175,175,24,0
24,175,175,25,0
24,175,175,26,0
24,175,175,0,7
24,176,176,1,12
24,176,176,2,88
24,176,176,3,119
24,176,176,4,159
24,176,176,5,0
24,176,176,6,0
24,176,176,7,0
24,176,176,8,1
24,176,176,9,0
24,176,176,10,0
24,176,176,11,0
24,176,176,12,0
24,176,176,13,0
24,176,176,14,0
24,176,176,15,0
24,176,176,16,0
24,176,176,17,0
24,176,176,18,0
24,176,176,19,0
24,176,176,20,0
24,176,176,21,0
24,176,176,22,0
24,176,176,23,1
24,176,176,24,0
24,176,176,25,0
24,176,176,26,0
24,176,176,0,1
24,177,177,1,15
24,177,177,2,249
24,177,177,3,76
24,177,177,4,161
24,177,177,5,0
24,177,177,6,0
24,177,177,7,0
24,177,177,8,3
24,177,177,9,0
24,177,177,10,0
24,177,177,11,0
24,177,177,12,1
24,177,177,13,0
24,177,177,14,0
24,177,177,15,0
24,177,177,16,0
24,177,177,17,0
24,177,177,18,0
24,177,177,19,0
24,177,177,20,0
24,177,177,21,0
24,177,177,22,0
24,177,177,23,0
24,177,177,24,1
24,177,177,25,1
24,177,177,26,0
24,177,177,0,5
24,178,178,1,15
24,178,178,2,118
24,178,178,3,43
24,178,178,4,57
24,178,178,5,0
24,178,178,6,1
24,178,178,7,0
24,178,178,8,1
24,178,178,9,0
24,178,178,10,0
24,178,178,11,0
24,178,178,12,0
24,178,178,13,1
24,178,178,14,1
24,178,178,15,1
24,178,178,16,0
24,178,178,17,0
24,178,178,18,0
24,178,178,19,0
24,178,178,20,0
24,178,178,21,0
24,178,178,22,0
24,178,178,23,0
24,178,178,24,0
24,178,178,25,0
24,178,178,26,0
24,178,178,0,1
24,179,179,1,11
24,179,179,2,165
24,179,179,3,99
24,179,179,4,132
24,179,179,5,0
24,179,179,6,0
24,179,179,7,0
24,179,179,8,0
24,179,179,9,0
24,179,179,10,0
24,179,179,11,0
24,179,179,12,0
24,179,179,13,0
24,179,179,14,15
24,179,179,15,0
24,179,179,16,0
24,179,179,17,0
24,179,179,18,0
24,179,179,19,1
24,179,179,20,0
24,179,179,21,0
24,179,179,22,0
24,179,179,23,1
24,179,179,24,0
24,179,179,25,0
24,179,179,26,0
24,179,179,0,4
24,180,180,1,15
24,180,180,2,155
24,180,180,3,83
24,180,180,4,123
24,180,180,5,1
24,180,180,6,0
24,180,180,7,0
24,180,180,8,0
24,180,180,9,0
24,180,180,10,0
24,180,180,11,0
24,180,180,12,0
24,180,180,13,0
24,180,180,14,2
24,180,180,15,0
24,180,180,16,0
24,180,180,17,0
24,180,180,18,0
24,180,180,19,0
24,180,180,20,0
24,180,180,21,0
24,180,180,22,0
24,180,180,23,0
24,180,180,24,0
24,180,180,25,0
24,180,180,26,0
24,180,180,0,3
24,181,181,1,8
24,181,181,2,146
24,181,181,3,67
24,181,181,4,104
24,181,181,5,0
24,181,181,6,0
24,181,181,7,0
24,181,181,8,0
24,181,181,9,0
24,181,181,10,0
24,181,181,11,0
24,181,181,12,0
24,181,181,13,0
24,181,181,14,1
24,181,181,15,0
24,181,181,16,0
24,181,181,17,0
24,181,181,18,0
24,181,181,19,0
24,181,181,20,0
24,181,181,21,0
24,181,181,22,0
24,181,181,23,0
24,181,181,24,0
24,181,181,25,0
24,181,181,26,0
24,181,181,0,5
24,182,182,1,12
24,182,182,2,87
24,182,182,3,87
24,182,182,4,103
24,182,182,5,0
24,182,182,6,0
24,182,182,7,0
24,182,182,8,0
24,182,182,9,0
24,182,182,10,0
24,182,182,11,0
24,182,182,12,0
24,182,182,13,0
24,182,182,14,0
24,182,182,15,0
24,182,182,16,0
24,182,182,17,0
24,182,182,18,0
24,182,182,19,0
24,182,182,20,0
24,182,182,21,0
24,182,182,22,0
24,182,182,23,0
24,182,182,24,0
24,182,182,25,0
24,182,182,26,0
24,182,182,0,6
24,183,183,1,3
24,183,183,2,149
24,183,183,3,59
24,183,183,4,97
24,183,183,5,0
24,183,183,6,1
24,183,183,7,0
24,183,183,8,0
24,183,183,9,0
24,183,183,10,0
24,183,183,11,1
24,183,183,12,0
24,183,183,13,0
24,183,183,14,0
24,183,183,15,0
24,183,183,16,0
24,183,183,17,0
24,183,183,18,0
24,183,183,19,0
24,183,183,20,0
24,183,183,21,0
24,183,183,22,0
24,183,183,23,0
24,183,183,24,0
24,183,183,25,0
24,183,183,26,0
24,183,183,0,2
24,184,184,1,5
24,184,184,2,91
24,184,184,3,73
24,184,184,4,81
24,184,184,5,1
24,184,184,6,0
24,184,184,7,0
24,184,184,8,0
24,184,184,9,0
24,184,184,10,0
24,184,184,11,0
24,184,184,12,0
24,184,184,13,0
24,184,184,14,2
24,184,184,15,0
24,184,184,16,0
24,184,184,17,1
24,184,184,18,0
24,184,184,19,0
24,184,184,20,1
24,184,184,21,0
24,184,184,22,0
24,184,184,23,0
24,184,184,24,0
24,184,184,25,0
24,184,184,26,0
24,184,184,0,0
24,185,185,1,11
24,185,185,2,122
24,185,185,3,96
24,185,185,4,97
24,185,185,5,0
24,185,185,6,0
24,185,185,7,0
24,185,185,8,0
24,185,185,9,0
24,185,185,10,0
24,185,185,11,0
24,185,185,12,0
24,185,185,13,0
24,185,185,14,1
24,185,185,15,0
24,185,185,16,0
24,185,185,17,0
24,185,185,18,0
24,185,185,19,0
24,185,185,20,0
24,185,185,21,0
24,185,185,22,0
24,185,185,23,0
24,185,185,24,0
24,185,185,25,0
24,185,185,26,0
24,185,185,0,4
24,186,186,1,13
24,186,186,2,146
24,186,186,3,80
24,186,186,4,111
24,186,186,5,0
24,186,186,6,0
24,186,186,7,1
24,186,186,8,1
24,186,186,9,0
24,186,186,10,0
24,186,186,11,0
24,186,186,12,0
24,186,186,13,2
24,186,186,14,0
24,186,186,15,0
24,186,186,16,1
24,186,186,17,0
24,186,186,18,0
24,186,186,19,0
24,186,186,20,0
24,186,186,21,0
24,186,186,22,0
24,186,186,23,0
24,186,186,24,0
24,186,186,25,0
24,186,186,26,0
24,186,186,0,7
24,187,187,1,16
24,187,187,2,169
24,187,187,3,136
24,187,187,4,188
24,187,187,5,1
24,187,187,6,0
24,187,187,7,1
24,187,187,8,1
24,187,187,9,0
24,187,187,10,0
24,187,187,11,1
24,187,187,12,0
24,187,187,13,1
24,187,187,14,1
24,187,187,15,0
24,187,187,16,0
24,187,187,17,0
24,187,187,18,1
24,187,187,19,1
24,187,187,20,2
24,187,187,21,0
24,187,187,22,0
24,187,187,23,0
24,187,187,24,0
24,187,187,25,0
24,187,187,26,0
24,187,187,0,3
24,188,188,1,13
24,188,188,2,143
24,188,188,3,91
24,188,188,4,140
24,188,188,5,0
24,188,188,6,1
24,188,188,7,0
24,188,188,8,0
24,188,188,9,0
24,188,188,10,0
24,188,188,11,0
24,188,188,12,0
24,188,188,13,0
24,188,188,14,0
24,188,188,15,0
24,188,188,16,0
24,188,188,17,0
24,188,188,18,0
24,188,188,19,0
24,188,188,20,0
24,188,188,21,0
24,188,188,22,0
24,188,188,23,0
24,188,188,24,0
24,188,188,25,0
24,188,188,26,0
24,188,188,0,4
24,189,189,1,24
24,189,189,2,158
24,189,189,3,159
24,189,189,4,201
24,189,189,5,0
24,189,189,6,0
24,189,189,7,1
24,189,189,8,0
24,189,189,9,0
24,189,189,10,0
24,189,189,11,1
24,189,189,12,0
24,189,189,13,0
24,189,189,14,0
24,189,189,15,0
24,189,189,16,0
24,189,189,17,0
24,189,189,18,0
24,189,189,19,0
24,189,189,20,1
24,189,189,21,0
24,189,189,22,0
24,189,189,23,0
24,189,189,24,0
24,189,189,25,0
24,189,189,26,0
24,189,189,0,3
24,190,190,1,11
24,190,190,2,55
24,190,190,3,127
24,190,190,4,71
24,190,190,5,0
24,190,190,6,0
24,190,190,7,0
24,190,190,8,0
24,190,190,9,0
24,190,190,10,0
24,190,190,11,0
24,190,190,12,0
24,190,190,13,0
24,190,190,14,0
24,190,190,15,0
24,190,190,16,0
24,190,190,17,0
24,190,190,18,0
24,190,190,19,0
24,190,190,20,0
24,190,190,21,0
24,190,190,22,0
24,190,190,23,0
24,190,190,24,0
24,190,190,25,0
24,190,190,26,0
24,190,190,0,2
24,191,191,1,20
24,191,191,2,100
24,191,191,3,176
24,191,191,4,109
24,191,191,5,0
24,191,191,6,0
24,191,191,7,0
24,191,191,8,0
24,191,191,9,0
24,191,191,10,0
24,191,191,11,0
24,191,191,12,0
24,191,191,13,1
24,191,191,14,0
24,191,191,15,0
24,191,191,16,0
24,191,191,17,0
24,191,191,18,0
24,191,191,19,0
24,191,191,20,0
24,191,191,21,1
24,191,191,22,0
24,191,191,23,0
24,191,191,24,0
24,191,191,25,0
24,191,191,26,0
24,191,191,0,3
24,192,192,1,26
24,192,192,2,197
24,192,192,3,162
24,192,192,4,213
24,192,192,5,0
24,192,192,6,0
24,192,192,7,0
24,192,192,8,0
24,192,192,9,1
24,192,192,10,0
24,192,192,11,0
24,192,192,12,0
24,192,192,13,0
24,192,192,14,0
24,192,192,15,0
24,192,192,16,0
24,192,192,17,0
24,192,192,18,0
24,192,192,19,0
24,192,192,20,0
24,192,192,21,0
24,192,192,22,0
24,192,192,23,0
24,192,192,24,0
24,192,192,25,0
24,192,192,26,0
24,192,192,0,9
24,193,193,1,19
24,193,193,2,183
24,193,193,3,103
24,193,193,4,153
24,193,193,5,0
24,193,193,6,0
24,193,193,7,0
24,193,193,8,0
24,193,193,9,0
24,193,193,10,0
24,193,193,11,0
24,193,193,12,0
24,193,193,13,1
24,193,193,14,0
24,193,193,15,0
24,193,193,16,1
24,193,193,17,0
24,193,193,18,0
24,193,193,19,0
24,193,193,20,0
24,193,193,21,0
24,193,193,22,0
24,193,193,23,0
24,193,193,24,0
24,193,193,25,0
24,193,193,26,0
24,193,193,0,6
24,194,194,1,20
24,194,194,2,160
24,194,194,3,105
24,194,194,4,146
24,194,194,5,1
24,194,194,6,0
24,194,194,7,0
24,194,194,8,0
24,194,194,9,0
24,194,194,10,0
24,194,194,11,0
24,194,194,12,0
24,194,194,13,0
24,194,194,14,0
24,194,194,15,0
24,194,194,16,0
24,194,194,17,0
24,194,194,18,1
24,194,194,19,0
24,194,194,20,0
24,194,194,21,0
24,194,194,22,0
24,194,194,23,0
24,194,194,24,1
24,194,194,25,0
24,194,194,26,0
24,194,194,0,6
24,195,195,1,10
24,195,195,2,69
24,195,195,3,116
24,195,195,4,208
24,195,195,5,1
24,195,195,6,0
24,195,195,7,0
24,195,195,8,0
24,195,195,9,0
24,195,195,10,0
24,195,195,11,0
24,195,195,12,0
24,195,195,13,0
24,195,195,14,1
24,195,195,15,0
24,195,195,16,0
24,195,195,17,0
24,195,195,18,0
24,195,195,19,0
24,195,195,20,0
24,195,195,21,0
24,195,195,22,0
24,195,195,23,0
24,195,195,24,0
24,195,195,25,0
24,195,195,26,0
24,195,195,0,1
24,196,196,1,24
24,196,196,2,160
24,196,196,3,200
24,196,196,4,328
24,196,196,5,0
24,196,196,6,0
24,196,196,7,1
24,196,196,8,0
24,196,196,9,0
24,196,196,10,1
24,196,196,11,0
24,196,196,12,0
24,196,196,13,0
24,196,196,14,0
24,196,196,15,0
24,196,196,16,0
24,196,196,17,0
24,196,196,18,1
24,196,196,19,0
24,196,196,20,0
24,196,196,21,0
24,196,196,22,0
24,196,196,23,0
24,196,196,24,0
24,196,196,25,0
24,196,196,26,0
24,196,196,0,0
24,197,197,1,18
24,197,197,2,85
24,197,197,3,109
24,197,197,4,119
24,197,197,5,2
24,197,197,6,0
24,197,197,7,0
24,197,197,8,0
24,197,197,9,0
24,197,197,10,0
24,197,197,11,0
24,197,197,12,0
24,197,197,13,0
24,197,197,14,0
24,197,197,15,0
24,197,197,16,0
24,197,197,17,0
24,197,197,18,0
24,197,197,19,0
24,197,197,20,0
24,197,197,21,0
24,197,197,22,0
24,197,197,23,0
24,197,197,24,0
24,197,197,25,0
24,197,197,26,0
24,197,197,0,2
24,198,198,1,7
24,198,198,2,50
24,198,198,3,82
24,198,198,4,146
24,198,198,5,1
24,198,198,6,0
24,198,198,7,0
24,198,198,8,0
24,198,198,9,0
24,198,198,10,0
24,198,198,11,0
24,198,198,12,1
24,198,198,13,0
24,198,198,14,0
24,198,198,15,0
24,198,198,16,0
24,198,198,17,0
24,198,198,18,0
24,198,198,19,0
24,198,198,20,0
24,198,198,21,0
24,198,198,22,0
24,198,198,23,0
24,198,198,24,0
24,198,198,25,0
24,198,198,26,0
24,198,198,0,0
24,199,199,1,22
24,199,199,2,109
24,199,199,3,212
24,199,199,4,313
24,199,199,5,1
24,199,199,6,1
24,199,199,7,0
24,199,199,8,0
24,199,199,9,0
24,199,199,10,0
24,199,199,11,0
24,199,199,12,0
24,199,199,13,0
24,199,199,14,0
24,199,199,15,1
24,199,199,16,0
24,199,199,17,0
24,199,199,18,0
24,199,199,19,2
24,199,199,20,1
24,199,199,21,0
24,199,199,22,0
24,199,199,23,0
24,199,199,24,0
24,199,199,25,0
24,199,199,26,0
24,199,199,0,1
24,200,200,1,14
24,200,200,2,141
24,200,200,3,232
24,200,200,4,296
24,200,200,5,0
24,200,200,6,0
24,200,200,7,0
24,200,200,8,0
24,200,200,9,0
24,200,200,10,0
24,200,200,11,2
24,200,200,12,1
24,200,200,13,0
24,200,200,14,0
24,200,200,15,0
24,200,200,16,0
24,200,200,17,1
24,200,200,18,0
24,200,200,19,1
24,200,200,20,0
24,200,200,21,0
24,200,200,22,1
24,200,200,23,0
24,200,200,24,1
24,200,200,25,1
24,200,200,26,0
24,200,200,0,1
24,201,201,1,9
24,201,201,2,100
24,201,201,3,104
24,201,201,4,180
24,201,201,5,0
24,201,201,6,0
24,201,201,7,0
24,201,201,8,0
24,201,201,9,0
24,201,201,10,0
24,201,201,11,0
24,201,201,12,0
24,201,201,13,0
24,201,201,14,0
24,201,201,15,0
24,201,201,16,0
24,201,201,17,0
24,201,201,18,0
24,201,201,19,0
24,201,201,20,1
24,201,201,21,0
24,201,201,22,0
24,201,201,23,0
24,201,201,24,0
24,201,201,25,0
24,201,201,26,0
24,201,201,0,2
24,202,202,1,15
24,202,202,2,124
24,202,202,3,164
24,202,202,4,291
24,202,202,5,1
24,202,202,6,0
24,202,202,7,1
24,202,202,8,0
24,202,202,9,0
24,202,202,10,0
24,202,202,11,1
24,202,202,12,0
24,202,202,13,0
24,202,202,14,0
24,202,202,15,0
24,202,202,16,0
24,202,202,17,0
24,202,202,18,2
24,202,202,19,0
24,202,202,20,1
24,202,202,21,0
24,202,202,22,1
24,202,202,23,0
24,202,202,24,0
24,202,202,25,0
24,202,202,26,0
24,202,202,0,1
24,203,203,1,19
24,203,203,2,68
24,203,203,3,138
24,203,203,4,211
24,203,203,5,0
24,203,203,6,1
24,203,203,7,1
24,203,203,8,1
24,203,203,9,0
24,203,203,10,0
24,203,203,11,0
24,203,203,12,0
24,203,203,13,0
24,203,203,14,0
24,203,203,15,0
24,203,203,16,0
24,203,203,17,1
24,203,203,18,0
24,203,203,19,0
24,203,203,20,1
24,203,203,21,1
24,203,203,22,1
24,203,203,23,1
24,203,203,24,0
24,203,203,25,0
24,203,203,26,0
24,203,203,0,1
24,204,204,1,22
24,204,204,2,126
24,204,204,3,225
24,204,204,4,313
24,204,204,5,1
24,204,204,6,0
24,204,204,7,1
24,204,204,8,0
24,204,204,9,0
24,204,204,10,0
24,204,204,11,0
24,204,204,12,1
24,204,204,13,1
24,204,204,14,1
24,204,204,15,0
24,204,204,16,1
24,204,204,17,0
24,204,204,18,0
24,204,204,19,0
24,204,204,20,0
24,204,204,21,0
24,204,204,22,0
24,204,204,23,1
24,204,204,24,0
24,204,204,25,1
24,204,204,26,0
24,204,204,0,3
24,205,205,1,16
24,205,205,2,92
24,205,205,3,208
24,205,205,4,248
24,205,205,5,1
24,205,205,6,1
24,205,205,7,0
24,205,205,8,0
24,205,205,9,0
24,205,205,10,0
24,205,205,11,0
24,205,205,12,1
24,205,205,13,0
24,205,205,14,0
24,205,205,15,0
24,205,205,16,0
24,205,205,17,0
24,205,205,18,0
24,205,205,19,0
24,205,205,20,2
24,205,205,21,0
24,205,205,22,0
24,205,205,23,0
24,205,205,24,0
24,205,205,25,0
24,205,205,26,0
24,205,205,0,3
24,206,206,1,13
24,206,206,2,94
24,206,206,3,218
24,206,206,4,321
24,206,206,5,1
24,206,206,6,2
24,206,206,7,1
24,206,206,8,0
24,206,206,9,1
24,206,206,10,0
24,206,206,11,0
24,206,206,12,1
24,206,206,13,0
24,206,206,14,0
24,206,206,15,0
24,206,206,16,0
24,206,206,17,1
24,206,206,18,0
24,206,206,19,0
24,206,206,20,1
24,206,206,21,0
24,206,206,22,0
24,206,206,23,0
24,206,206,24,0
24,206,206,25,0
24,206,206,26,0
24,206,206,0,4
24,207,207,1,0
24,207,207,2,122
24,207,207,3,193
24,207,207,4,307
24,207,207,5,0
24,207,207,6,0
24,207,207,7,0
24,207,207,8,0
24,207,207,9,0
24,207,207,10,0
24,207,207,11,0
24,207,207,12,0
24,207,207,13,0
24,207,207,14,0
24,207,207,15,0
24,207,207,16,0
24,207,207,17,0
24,207,207,18,0
24,207,207,19,1
24,207,207,20,1
24,207,207,21,0
24,207,207,22,0
24,207,207,23,0
24,207,207,24,0
24,207,207,25,1
24,207,207,26,0
24,207,207,0,2
24,208,208,1,0
24,208,208,2,0
24,208,208,3,0
24,208,208,4,0
24,208,208,5,0
24,208,208,6,0
24,208,208,7,0
24,208,208,8,0
24,208,208,9,0
24,208,208,10,0
24,208,208,11,0
24,208,208,12,0
24,208,208,13,0
24,208,208,14,0
24,208,208,15,0
24,208,208,16,0
24,208,208,17,0
24,208,208,18,0
24,208,208,19,0
24,208,208,20,0
24,208,208,21,0
24,208,208,22,0
24,208,208,23,0
24,208,208,24,0
24,208,208,25,0
24,208,208,26,0
24,208,208,0,0
24,208,208,1,12
24,208,208,2,238
24,208,208,3,82
24,208,208,4,156
24,208,208,5,0
24,208,208,6,1
24,208,208,7,0
24,208,208,8,1
24,208,208,9,0
24,208,208,10,0
24,208,208,11,0
24,208,208,12,0
24,208,208,13,2
24,208,208,14,0
24,208,208,15,0
24,208,208,16,0
24,208,208,17,0
24,208,208,18,0
24,208,208,19,0
24,208,208,20,0
24,208,208,21,0
24,208,208,22,0
24,208,208,23,0
24,208,208,24,0
24,208,208,25,0
24,208,208,26,0
24,208,208,0,2
24,209,209,1,0
24,209,209,2,0
24,209,209,3,0
24,209,209,4,0
24,209,209,5,0
24,209,209,6,0
24,209,209,7,0
24,209,209,8,0
24,209,209,9,0
24,209,209,10,0
24,209,209,11,0
24,209,209,12,0
24,209,209,13,0
24,209,209,14,0
24,209,209,15,0
24,209,209,16,0
24,209,209,17,0
24,209,209,18,0
24,209,209,19,0
24,209,209,20,0
24,209,209,21,0
24,209,209,22,0
24,209,209,23,0
24,209,209,24,0
24,209,209,25,0
24,209,209,26,0
24,209,209,0,0
24,209,209,1,23
24,209,209,2,218
24,209,209,3,94
24,209,209,4,140
24,209,209,5,0
24,209,209,6,1
24,209,209,7,0
24,209,209,8,1
24,209,209,9,0
24,209,209,10,0
24,209,209,11,0
24,209,209,12,0
24,209,209,13,1
24,209,209,14,0
24,209,209,15,0
24,209,209,16,0
24,209,209,17,0
24,209,209,18,0
24,209,209,19,0
24,209,209,20,0
24,209,209,21,0
24,209,209,22,1
24,209,209,23,2
24,209,209,24,0
24,209,209,25,0
24,209,209,26,0
24,209,209,0,5
24,210,210,1,27
24,210,210,2,305
24,210,210,3,75
24,210,210,4,161
24,210,210,5,0
24,210,210,6,0
24,210,210,7,0
24,210,210,8,0
24,210,210,9,0
24,210,210,10,0
24,210,210,11,0
24,210,210,12,1
24,210,210,13,1
24,210,210,14,0
24,210,210,15,0
24,210,210,16,0
24,210,210,17,1
24,210,210,18,0
24,210,210,19,0
24,210,210,20,2
24,210,210,21,0
24,210,210,22,0
24,210,210,23,0
24,210,210,24,0
24,210,210,25,0
24,210,210,26,0
24,210,210,0,2
24,211,211,1,22
24,211,211,2,381
24,211,211,3,62
24,211,211,4,157
24,211,211,5,0
24,211,211,6,0
24,211,211,7,0
24,211,211,8,0
24,211,211,9,0
24,211,211,10,1
24,211,211,11,0
24,211,211,12,0
24,211,211,13,1
24,211,211,14,0
24,211,211,15,0
24,211,211,16,0
24,211,211,17,0
24,211,211,18,2
24,211,211,19,0
24,211,211,20,0
24,211,211,21,0
24,211,211,22,0
24,211,211,23,1
24,211,211,24,0
24,211,211,25,0
24,211,211,26,0
24,211,211,0,7
24,212,212,1,12
24,212,212,2,244
24,212,212,3,54
24,212,212,4,101
24,212,212,5,0
24,212,212,6,0
24,212,212,7,0
24,212,212,8,0
24,212,212,9,0
24,212,212,10,0
24,212,212,11,0
24,212,212,12,0
24,212,212,13,0
24,212,212,14,0
24,212,212,15,0
24,212,212,16,0
24,212,212,17,0
24,212,212,18,0
24,212,212,19,0
24,212,212,20,0
24,212,212,21,0
24,212,212,22,0
24,212,212,23,0
24,212,212,24,0
24,212,212,25,0
24,212,212,26,1
24,212,212,0,3
24,213,213,1,13
24,213,213,2,257
24,213,213,3,62
24,213,213,4,106
24,213,213,5,0
24,213,213,6,0
24,213,213,7,0
24,213,213,8,1
24,213,213,9,0
24,213,213,10,0
24,213,213,11,0
24,213,213,12,0
24,213,213,13,4
24,213,213,14,0
24,213,213,15,0
24,213,213,16,0
24,213,213,17,0
24,213,213,18,0
24,213,213,19,0
24,213,213,20,0
24,213,213,21,0
24,213,213,22,0
24,213,213,23,7
24,213,213,24,0
24,213,213,25,0
24,213,213,26,1
24,213,213,0,4
24,214,214,1,20
24,214,214,2,368
24,214,214,3,74
24,214,214,4,183
24,214,214,5,2
24,214,214,6,0
24,214,214,7,0
24,214,214,8,0
24,214,214,9,0
24,214,214,10,0
24,214,214,11,0
24,214,214,12,0
24,214,214,13,3
24,214,214,14,1
24,214,214,15,0
24,214,214,16,1
24,214,214,17,1
24,214,214,18,3
24,214,214,19,0
24,214,214,20,0
24,214,214,21,0
24,214,214,22,0
24,214,214,23,0
24,214,214,24,0
24,214,214,25,0
24,214,214,26,0
24,214,214,0,5
24,215,215,1,29
24,215,215,2,221
24,215,215,3,49
24,215,215,4,149
24,215,215,5,0
24,215,215,6,1
24,215,215,7,0
24,215,215,8,0
24,215,215,9,0
24,215,215,10,0
24,215,215,11,0
24,215,215,12,0
24,215,215,13,1
24,215,215,14,1
24,215,215,15,0
24,215,215,16,1
24,215,215,17,1
24,215,215,18,2
24,215,215,19,0
24,215,215,20,3
24,215,215,21,0
24,215,215,22,1
24,215,215,23,0
24,215,215,24,0
24,215,215,25,0
24,215,215,26,0
24,215,215,0,1
24,216,216,1,19
24,216,216,2,282
24,216,216,3,38
24,216,216,4,134
24,216,216,5,2
24,216,216,6,0
24,216,216,7,0
24,216,216,8,0
24,216,216,9,0
24,216,216,10,1
24,216,216,11,0
24,216,216,12,0
24,216,216,13,1
24,216,216,14,0
24,216,216,15,0
24,216,216,16,0
24,216,216,17,0
24,216,216,18,0
24,216,216,19,0
24,216,216,20,0
24,216,216,21,0
24,216,216,22,1
24,216,216,23,0
24,216,216,24,0
24,216,216,25,0
24,216,216,26,1
24,216,216,0,3
24,217,217,1,28
24,217,217,2,371
24,217,217,3,80
24,217,217,4,209
24,217,217,5,1
24,217,217,6,0
24,217,217,7,0
24,217,217,8,0
24,217,217,9,0
24,217,217,10,0
24,217,217,11,0
24,217,217,12,0
24,217,217,13,1
24,217,217,14,0
24,217,217,15,0
24,217,217,16,0
24,217,217,17,0
24,217,217,18,0
24,217,217,19,0
24,217,217,20,0
24,217,217,21,0
24,217,217,22,1
24,217,217,23,0
24,217,217,24,0
24,217,217,25,0
24,217,217,26,0
24,217,217,0,7
24,218,218,1,17
24,218,218,2,193
24,218,218,3,84
24,218,218,4,136
24,218,218,5,0
24,218,218,6,2
24,218,218,7,0
24,218,218,8,0
24,218,218,9,0
24,218,218,10,0
24,218,218,11,0
24,218,218,12,0
24,218,218,13,0
24,218,218,14,0
24,218,218,15,0
24,218,218,16,0
24,218,218,17,2
24,218,218,18,0
24,218,218,19,0
24,218,218,20,0
24,218,218,21,0
24,218,218,22,0
24,218,218,23,0
24,218,218,24,0
24,218,218,25,1
24,218,218,26,0
24,218,218,0,5
24,219,219,1,16
24,219,219,2,222
24,219,219,3,42
24,219,219,4,104
24,219,219,5,3
24,219,219,6,0
24,219,219,7,0
24,219,219,8,0
24,219,219,9,1
24,219,219,10,1
24,219,219,11,0
24,219,219,12,0
24,219,219,13,0
24,219,219,14,0
24,219,219,15,0
24,219,219,16,0
24,219,219,17,0
24,219,219,18,1
24,219,219,19,0
24,219,219,20,0
24,219,219,21,0
24,219,219,22,0
24,219,219,23,0
24,219,219,24,0
24,219,219,25,0
24,219,219,26,0
24,219,219,0,6
24,220,220,1,22
24,220,220,2,274
24,220,220,3,94
24,220,220,4,157
24,220,220,5,0
24,220,220,6,1
24,220,220,7,0
24,220,220,8,0
24,220,220,9,0
24,220,220,10,0
24,220,220,11,0
24,220,220,12,0
24,220,220,13,1
24,220,220,14,0
24,220,220,15,1
24,220,220,16,0
24,220,220,17,0
24,220,220,18,1
24,220,220,19,1
24,220,220,20,0
24,220,220,21,0
24,220,220,22,1
24,220,220,23,1
24,220,220,24,0
24,220,220,25,0
24,220,220,26,1
24,220,220,0,6
24,221,221,1,23
24,221,221,2,186
24,221,221,3,93
24,221,221,4,132
24,221,221,5,0
24,221,221,6,0
24,221,221,7,0
24,221,221,8,0
24,221,221,9,0
24,221,221,10,0
24,221,221,11,0
24,221,221,12,0
24,221,221,13,3
24,221,221,14,0
24,221,221,15,0
24,221,221,16,0
24,221,221,17,1
24,221,221,18,0
24,221,221,19,0
24,221,221,20,1
24,221,221,21,0
24,221,221,22,0
24,221,221,23,0
24,221,221,24,0
24,221,221,25,0
24,221,221,26,0
24,221,221,0,0
24,222,222,1,28
24,222,222,2,267
24,222,222,3,63
24,222,222,4,143
24,222,222,5,1
24,222,222,6,1
24,222,222,7,0
24,222,222,8,0
24,222,222,9,0
24,222,222,10,0
24,222,222,11,2
24,222,222,12,0
24,222,222,13,0
24,222,222,14,0
24,222,222,15,0
24,222,222,16,0
24,222,222,17,0
24,222,222,18,0
24,222,222,19,0
24,222,222,20,0
24,222,222,21,0
24,222,222,22,0
24,222,222,23,0
24,222,222,24,0
24,222,222,25,0
24,222,222,26,0
24,222,222,0,2
24,223,223,1,17
24,223,223,2,125
24,223,223,3,143
24,223,223,4,219
24,223,223,5,0
24,223,223,6,0
24,223,223,7,0
24,223,223,8,0
24,223,223,9,0
24,223,223,10,0
24,223,223,11,0
24,223,223,12,0
24,223,223,13,3
24,223,223,14,0
24,223,223,15,0
24,223,223,16,0
24,223,223,17,0
24,223,223,18,2
24,223,223,19,1
24,223,223,20,0
24,223,223,21,1
24,223,223,22,1
24,223,223,23,0
24,223,223,24,0
24,223,223,25,0
24,223,223,26,0
24,223,223,0,2
24,224,224,1,12
24,224,224,2,79
24,224,224,3,90
24,224,224,4,172
24,224,224,5,0
24,224,224,6,0
24,224,224,7,0
24,224,224,8,0
24,224,224,9,0
24,224,224,10,0
24,224,224,11,0
24,224,224,12,0
24,224,224,13,0
24,224,224,14,0
24,224,224,15,0
24,224,224,16,0
24,224,224,17,0
24,224,224,18,0
24,224,224,19,0
24,224,224,20,1
24,224,224,21,0
24,224,224,22,1
24,224,224,23,0
24,224,224,24,0
24,224,224,25,0
24,224,224,26,0
24,224,224,0,3
24,225,225,1,20
24,225,225,2,282
24,225,225,3,74
24,225,225,4,173
24,225,225,5,0
24,225,225,6,2
24,225,225,7,0
24,225,225,8,0
24,225,225,9,0
24,225,225,10,0
24,225,225,11,0
24,225,225,12,0
24,225,225,13,1
24,225,225,14,0
24,225,225,15,0
24,225,225,16,1
24,225,225,17,0
24,225,225,18,0
24,225,225,19,0
24,225,225,20,0
24,225,225,21,0
24,225,225,22,0
24,225,225,23,0
24,225,225,24,0
24,225,225,25,0
24,225,225,26,0
24,225,225,0,1
24,226,226,1,8
24,226,226,2,137
24,226,226,3,138
24,226,226,4,243
24,226,226,5,0
24,226,226,6,1
24,226,226,7,0
24,226,226,8,0
24,226,226,9,0
24,226,226,10,0
24,226,226,11,0
24,226,226,12,0
24,226,226,13,0
24,226,226,14,0
24,226,226,15,0
24,226,226,16,0
24,226,226,17,0
24,226,226,18,0
24,226,226,19,1
24,226,226,20,0
24,226,226,21,0
24,226,226,22,1
24,226,226,23,0
24,226,226,24,0
24,226,226,25,0
24,226,226,26,0
24,226,226,0,5
24,227,227,1,25
24,227,227,2,265
24,227,227,3,74
24,227,227,4,142
24,227,227,5,0
24,227,227,6,0
24,227,227,7,1
24,227,227,8,0
24,227,227,9,0
24,227,227,10,0
24,227,227,11,0
24,227,227,12,0
24,227,227,13,0
24,227,227,14,1
24,227,227,15,0
24,227,227,16,1
24,227,227,17,0
24,227,227,18,0
24,227,227,19,0
24,227,227,20,0
24,227,227,21,0
24,227,227,22,0
24,227,227,23,0
24,227,227,24,0
24,227,227,25,0
24,227,227,26,1
24,227,227,0,1
24,228,228,1,20
24,228,228,2,244
24,228,228,3,82
24,228,228,4,152
24,228,228,5,0
24,228,228,6,0
24,228,228,7,0
24,228,228,8,0
24,228,228,9,0
24,228,228,10,0
24,228,228,11,0
24,228,228,12,0
24,228,228,13,3
24,228,228,14,0
24,228,228,15,0
24,228,228,16,0
24,228,228,17,0
24,228,228,18,0
24,228,228,19,0
24,228,228,20,0
24,228,228,21,1
24,228,228,22,0
24,228,228,23,0
24,228,228,24,0
24,228,228,25,0
24,228,228,26,0
24,228,228,0,6
24,229,229,1,21
24,229,229,2,178
24,229,229,3,76
24,229,229,4,122
24,229,229,5,0
24,229,229,6,1
24,229,229,7,0
24,229,229,8,0
24,229,229,9,0
24,229,229,10,0
24,229,229,11,1
24,229,229,12,0
24,229,229,13,0
24,229,229,14,2
24,229,229,15,0
24,229,229,16,0
24,229,229,17,0
24,229,229,18,0
24,229,229,19,0
24,229,229,20,0
24,229,229,21,0
24,229,229,22,0
24,229,229,23,0
24,229,229,24,0
24,229,229,25,0
24,229,229,26,0
24,229,229,0,1
24,230,230,1,28
24,230,230,2,322
24,230,230,3,65
24,230,230,4,122
24,230,230,5,0
24,230,230,6,0
24,230,230,7,0
24,230,230,8,1
24,230,230,9,0
24,230,230,10,1
24,230,230,11,0
24,230,230,12,0
24,230,230,13,2
24,230,230,14,0
24,230,230,15,0
24,230,230,16,0
24,230,230,17,0
24,230,230,18,2
24,230,230,19,0
24,230,230,20,0
24,230,230,21,0
24,230,230,22,0
24,230,230,23,0
24,230,230,24,0
24,230,230,25,0
24,230,230,26,0
24,230,230,0,6
24,231,231,1,26
24,231,231,2,273
24,231,231,3,50
24,231,231,4,118
24,231,231,5,0
24,231,231,6,0
24,231,231,7,0
24,231,231,8,1
24,231,231,9,0
24,231,231,10,0
24,231,231,11,0
24,231,231,12,0
24,231,231,13,0
24,231,231,14,0
24,231,231,15,0
24,231,231,16,0
24,231,231,17,0
24,231,231,18,0
24,231,231,19,0
24,231,231,20,0
24,231,231,21,0
24,231,231,22,1
24,231,231,23,0
24,231,231,24,0
24,231,231,25,0
24,231,231,26,0
24,231,231,0,6
24,232,232,1,20
24,232,232,2,221
24,232,232,3,213
24,232,232,4,224
24,232,232,5,0
24,232,232,6,1
24,232,232,7,0
24,232,232,8,0
24,232,232,9,0
24,232,232,10,0
24,232,232,11,0
24,232,232,12,0
24,232,232,13,1
24,232,232,14,0
24,232,232,15,0
24,232,232,16,1
24,232,232,17,0
24,232,232,18,0
24,232,232,19,1
24,232,232,20,0
24,232,232,21,0
24,232,232,22,0
24,232,232,23,0
24,232,232,24,0
24,232,232,25,0
24,232,232,26,1
24,232,232,0,5
24,233,233,1,19
24,233,233,2,100
24,233,233,3,121
24,233,233,4,202
24,233,233,5,1
24,233,233,6,1
24,233,233,7,0
24,233,233,8,0
24,233,233,9,0
24,233,233,10,1
24,233,233,11,0
24,233,233,12,0
24,233,233,13,0
24,233,233,14,0
24,233,233,15,1
24,233,233,16,0
24,233,233,17,0
24,233,233,18,0
24,233,233,19,0
24,233,233,20,2
24,233,233,21,0
24,233,233,22,1
24,233,233,23,0
24,233,233,24,0
24,233,233,25,0
24,233,233,26,0
24,233,233,0,4
24,234,234,1,18
24,234,234,2,84
24,234,234,3,165
24,234,234,4,182
24,234,234,5,0
24,234,234,6,0
24,234,234,7,0
24,234,234,8,0
24,234,234,9,0
24,234,234,10,0
24,234,234,11,1
24,234,234,12,0
24,234,234,13,0
24,234,234,14,0
24,234,234,15,0
24,234,234,16,0
24,234,234,17,1
24,234,234,18,0
24,234,234,19,0
24,234,234,20,0
24,234,234,21,0
24,234,234,22,0
24,234,234,23,0
24,234,234,24,0
24,234,234,25,0
24,234,234,26,0
24,234,234,0,3
24,235,235,1,13
24,235,235,2,115
24,235,235,3,280
24,235,235,4,206
24,235,235,5,0
24,235,235,6,0
24,235,235,7,0
24,235,235,8,0
24,235,235,9,0
24,235,235,10,0
24,235,235,11,0
24,235,235,12,0
24,235,235,13,0
24,235,235,14,2
24,235,235,15,0
24,235,235,16,0
24,235,235,17,0
24,235,235,18,0
24,235,235,19,1
24,235,235,20,0
24,235,235,21,0
24,235,235,22,0
24,235,235,23,0
24,235,235,24,0
24,235,235,25,0
24,235,235,26,0
24,235,235,0,4
24,236,236,1,20
24,236,236,2,85
24,236,236,3,188
24,236,236,4,186
24,236,236,5,1
24,236,236,6,3
24,236,236,7,0
24,236,236,8,0
24,236,236,9,0
24,236,236,10,1
24,236,236,11,0
24,236,236,12,0
24,236,236,13,0
24,236,236,14,1
24,236,236,15,0
24,236,236,16,1
24,236,236,17,1
24,236,236,18,1
24,236,236,19,0
24,236,236,20,0
24,236,236,21,0
24,236,236,22,0
24,236,236,23,1
24,236,236,24,0
24,236,236,25,0
24,236,236,26,0
24,236,236,0,2
24,237,237,1,10
24,237,237,2,44
24,237,237,3,154
24,237,237,4,135
24,237,237,5,0
24,237,237,6,1
24,237,237,7,0
24,237,237,8,0
24,237,237,9,0
24,237,237,10,0
24,237,237,11,0
24,237,237,12,0
24,237,237,13,0
24,237,237,14,0
24,237,237,15,0
24,237,237,16,0
24,237,237,17,0
24,237,237,18,0
24,237,237,19,0
24,237,237,20,0
24,237,237,21,1
24,237,237,22,0
24,237,237,23,0
24,237,237,24,0
24,237,237,25,0
24,237,237,26,0
24,237,237,0,1
24,238,238,1,6
24,238,238,2,110
24,238,238,3,180
24,238,238,4,223
24,238,238,5,1
24,238,238,6,2
24,238,238,7,0
24,238,238,8,0
24,238,238,9,0
24,238,238,10,0
24,238,238,11,0
24,238,238,12,0
24,238,238,13,1
24,238,238,14,0
24,238,238,15,1
24,238,238,16,0
24,238,238,17,1
24,238,238,18,0
24,238,238,19,0
24,238,238,20,1
24,238,238,21,1
24,238,238,22,0
24,238,238,23,0
24,238,238,24,0
24,238,238,25,0
24,238,238,26,0
24,238,238,0,1
24,239,239,1,17
24,239,239,2,169
24,239,239,3,121
24,239,239,4,218
24,239,239,5,0
24,239,239,6,0
24,239,239,7,0
24,239,239,8,0
24,239,239,9,0
24,239,239,10,0
24,239,239,11,1
24,239,239,12,0
24,239,239,13,0
24,239,239,14,0
24,239,239,15,0
24,239,239,16,0
24,239,239,17,0
24,239,239,18,0
24,239,239,19,1
24,239,239,20,1
24,239,239,21,1
24,239,239,22,0
24,239,239,23,0
24,239,239,24,0
24,239,239,25,0
24,239,239,26,0
24,239,239,0,2
24,240,240,1,9
24,240,240,2,87
24,240,240,3,139
24,240,240,4,149
24,240,240,5,1
24,240,240,6,0
24,240,240,7,0
24,240,240,8,0
24,240,240,9,0
24,240,240,10,0
24,240,240,11,0
24,240,240,12,0
24,240,240,13,0
24,240,240,14,0
24,240,240,15,0
24,240,240,16,0
24,240,240,17,0
24,240,240,18,0
24,240,240,19,0
24,240,240,20,0
24,240,240,21,0
24,240,240,22,1
24,240,240,23,0
24,240,240,24,0
24,240,240,25,0
24,240,240,26,0
24,240,240,0,3
24,241,241,1,6
24,241,241,2,102
24,241,241,3,72
24,241,241,4,118
24,241,241,5,1
24,241,241,6,0
24,241,241,7,0
24,241,241,8,0
24,241,241,9,0
24,241,241,10,0
24,241,241,11,0
24,241,241,12,0
24,241,241,13,0
24,241,241,14,0
24,241,241,15,0
24,241,241,16,0
24,241,241,17,0
24,241,241,18,1
24,241,241,19,0
24,241,241,20,0
24,241,241,21,0
24,241,241,22,0
24,241,241,23,0
24,241,241,24,0
24,241,241,25,0
24,241,241,26,0
24,241,241,0,5
24,242,242,1,17
24,242,242,2,169
24,242,242,3,224
24,242,242,4,222
24,242,242,5,0
24,242,242,6,2
24,242,242,7,0
24,242,242,8,0
24,242,242,9,0
24,242,242,10,0
24,242,242,11,0
24,242,242,12,0
24,242,242,13,0
24,242,242,14,0
24,242,242,15,0
24,242,242,16,1
24,242,242,17,0
24,242,242,18,0
24,242,242,19,0
24,242,242,20,0
24,242,242,21,0
24,242,242,22,0
24,242,242,23,0
24,242,242,24,1
24,242,242,25,0
24,242,242,26,1
24,242,242,0,4
24,243,243,1,25
24,243,243,2,189
24,243,243,3,142
24,243,243,4,217
24,243,243,5,0
24,243,243,6,1
24,243,243,7,0
24,243,243,8,0
24,243,243,9,0
24,243,243,10,0
24,243,243,11,0
24,243,243,12,0
24,243,243,13,0
24,243,243,14,0
24,243,243,15,0
24,243,243,16,0
24,243,243,17,1
24,243,243,18,0
24,243,243,19,0
24,243,243,20,0
24,243,243,21,0
24,243,243,22,3
24,243,243,23,0
24,243,243,24,0
24,243,243,25,1
24,243,243,26,0
24,243,243,0,8
24,244,244,1,12
24,244,244,2,172
24,244,244,3,114
24,244,244,4,137
24,244,244,5,1
24,244,244,6,0
24,244,244,7,0
24,244,244,8,0
24,244,244,9,0
24,244,244,10,0
24,244,244,11,1
24,244,244,12,0
24,244,244,13,1
24,244,244,14,0
24,244,244,15,0
24,244,244,16,0
24,244,244,17,0
24,244,244,18,1
24,244,244,19,0
24,244,244,20,0
24,244,244,21,0
24,244,244,22,0
24,244,244,23,0
24,244,244,24,0
24,244,244,25,0
24,244,244,26,0
24,244,244,0,1
24,245,245,1,17
24,245,245,2,187
24,245,245,3,158
24,245,245,4,225
24,245,245,5,0
24,245,245,6,0
24,245,245,7,0
24,245,245,8,0
24,245,245,9,0
24,245,245,10,0
24,245,245,11,0
24,245,245,12,0
24,245,245,13,0
24,245,245,14,0
24,245,245,15,0
24,245,245,16,1
24,245,245,17,0
24,245,245,18,0
24,245,245,19,0
24,245,245,20,0
24,245,245,21,0
24,245,245,22,0
24,245,245,23,0
24,245,245,24,0
24,245,245,25,0
24,245,245,26,0
24,245,245,0,8
24,246,246,1,19
24,246,246,2,124
24,246,246,3,273
24,246,246,4,303
24,246,246,5,0
24,246,246,6,1
24,246,246,7,1
24,246,246,8,0
24,246,246,9,0
24,246,246,10,1
24,246,246,11,2
24,246,246,12,0
24,246,246,13,0
24,246,246,14,0
24,246,246,15,0
24,246,246,16,0
24,246,246,17,0
24,246,246,18,0
24,246,246,19,1
24,246,246,20,0
24,246,246,21,0
24,246,246,22,0
24,246,246,23,0
24,246,246,24,0
24,246,246,25,0
24,246,246,26,0
24,246,246,0,5
24,247,247,1,23
24,247,247,2,85
24,247,247,3,320
24,247,247,4,261
24,247,247,5,0
24,247,247,6,0
24,247,247,7,0
24,247,247,8,0
24,247,247,9,0
24,247,247,10,0
24,247,247,11,0
24,247,247,12,0
24,247,247,13,0
24,247,247,14,0
24,247,247,15,0
24,247,247,16,1
24,247,247,17,0
24,247,247,18,1
24,247,247,19,1
24,247,247,20,0
24,247,247,21,0
24,247,247,22,0
24,247,247,23,0
24,247,247,24,0
24,247,247,25,0
24,247,247,26,0
24,247,247,0,0
24,248,248,1,22
24,248,248,2,106
24,248,248,3,253
24,248,248,4,157
24,248,248,5,0
24,248,248,6,1
24,248,248,7,0
24,248,248,8,0
24,248,248,9,0
24,248,248,10,0
24,248,248,11,0
24,248,248,12,0
24,248,248,13,0
24,248,248,14,0
24,248,248,15,0
24,248,248,16,0
24,248,248,17,0
24,248,248,18,0
24,248,248,19,0
24,248,248,20,0
24,248,248,21,0
24,248,248,22,0
24,248,248,23,0
24,248,248,24,0
24,248,248,25,0
24,248,248,26,0
24,248,248,0,2
24,249,249,1,17
24,249,249,2,113
24,249,249,3,141
24,249,249,4,191
24,249,249,5,0
24,249,249,6,1
24,249,249,7,0
24,249,249,8,0
24,249,249,9,0
24,249,249,10,0
24,249,249,11,0
24,249,249,12,0
24,249,249,13,0
24,249,249,14,1
24,249,249,15,0
24,249,249,16,0
24,249,249,17,0
24,249,249,18,0
24,249,249,19,0
24,249,249,20,0
24,249,249,21,0
24,249,249,22,0
24,249,249,23,0
24,249,249,24,0
24,249,249,25,0
24,249,249,26,1
24,249,249,0,1
24,250,250,1,30
24,250,250,2,130
24,250,250,3,217
24,250,250,4,202
24,250,250,5,0
24,250,250,6,1
24,250,250,7,0
24,250,250,8,0
24,250,250,9,0
24,250,250,10,0
24,250,250,11,0
24,250,250,12,0
24,250,250,13,1
24,250,250,14,0
24,250,250,15,1
24,250,250,16,0
24,250,250,17,0
24,250,250,18,0
24,250,250,19,0
24,250,250,20,0
24,250,250,21,0
24,250,250,22,0
24,250,250,23,0
24,250,250,24,0
24,250,250,25,0
24,250,250,26,0
24,250,250,0,1
24,251,251,1,11
24,251,251,2,84
24,251,251,3,255
24,251,251,4,217
24,251,251,5,0
24,251,251,6,0
24,251,251,7,0
24,251,251,8,0
24,251,251,9,0
24,251,251,10,0
24,251,251,11,0
24,251,251,12,0
24,251,251,13,0
24,251,251,14,0
24,251,251,15,0
24,251,251,16,0
24,251,251,17,0
24,251,251,18,0
24,251,251,19,1
24,251,251,20,0
24,251,251,21,0
24,251,251,22,0
24,251,251,23,2
24,251,251,24,2
24,251,251,25,0
24,251,251,26,0
24,251,251,0,1
24,252,252,1,4525
24,252,252,2,38048
24,252,252,3,36609
24,252,252,4,51390
24,252,252,5,108
24,252,252,6,122
24,252,252,7,29
24,252,252,8,40
24,252,252,9,20
24,252,252,10,26
24,252,252,11,38
24,252,252,12,14
24,252,252,13,118
24,252,252,14,78
24,252,252,15,27
24,252,252,16,45
24,252,252,17,35
24,252,252,18,79
24,252,252,19,63
24,252,252,20,85
24,252,252,21,31
24,252,252,22,70
24,252,252,23,66
24,252,252,24,68
24,252,252,25,23
24,252,252,26,21
24,252,252,0,861
24,253,253,1,4554
24,253,253,2,38605
24,253,253,3,37017
24,253,253,4,51632
24,253,253,5,108
24,253,253,6,123
24,253,253,7,30
24,253,253,8,41
24,253,253,9,22
24,253,253,10,31
24,253,253,11,44
24,253,253,12,17
24,253,253,13,124
24,253,253,14,79
24,253,253,15,29
24,253,253,16,45
24,253,253,17,36
24,253,253,18,79
24,253,253,19,64
24,253,253,20,86
24,253,253,21,31
24,253,253,22,74
24,253,253,23,67
24,253,253,24,68
24,253,253,25,23
24,253,253,26,21
24,253,253,0,878
