ac_code,ps_serial_number,ps_code,candidate_serial_number,candidate_votes
39,0,0,1,106
39,0,0,2,2
39,0,0,3,575
39,0,0,4,650
39,0,0,5,615
39,0,0,6,5
39,0,0,7,1
39,0,0,8,0
39,0,0,9,1
39,0,0,10,0
39,0,0,11,0
39,0,0,12,0
39,0,0,13,1
39,0,0,14,2
39,0,0,15,1
39,0,0,16,0
39,0,0,17,0
39,0,0,18,0
39,0,0,19,0
39,0,0,20,3
39,0,0,21,2
39,0,0,22,2
39,0,0,23,2
39,0,0,0,15
39,1,1,1,0
39,1,1,2,0
39,1,1,3,0
39,1,1,4,0
39,1,1,5,0
39,1,1,6,0
39,1,1,7,0
39,1,1,8,0
39,1,1,9,0
39,1,1,10,0
39,1,1,11,0
39,1,1,12,0
39,1,1,13,0
39,1,1,14,0
39,1,1,15,0
39,1,1,16,0
39,1,1,17,0
39,1,1,18,0
39,1,1,19,0
39,1,1,20,0
39,1,1,21,0
39,1,1,22,0
39,1,1,23,0
39,1,1,0,0
39,1,1,1,29
39,1,1,2,1
39,1,1,3,156
39,1,1,4,210
39,1,1,5,570
39,1,1,6,1
39,1,1,7,1
39,1,1,8,1
39,1,1,9,1
39,1,1,10,1
39,1,1,11,0
39,1,1,12,3
39,1,1,13,2
39,1,1,14,1
39,1,1,15,1
39,1,1,16,2
39,1,1,17,1
39,1,1,18,0
39,1,1,19,2
39,1,1,20,1
39,1,1,21,1
39,1,1,22,5
39,1,1,23,0
39,1,1,0,6
39,2,2,1,0
39,2,2,2,0
39,2,2,3,0
39,2,2,4,0
39,2,2,5,0
39,2,2,6,0
39,2,2,7,0
39,2,2,8,0
39,2,2,9,0
39,2,2,10,0
39,2,2,11,0
39,2,2,12,0
39,2,2,13,0
39,2,2,14,0
39,2,2,15,0
39,2,2,16,0
39,2,2,17,0
39,2,2,18,0
39,2,2,19,0
39,2,2,20,0
39,2,2,21,0
39,2,2,22,0
39,2,2,23,0
39,2,2,0,0
39,2,2,1,3
39,2,2,2,4
39,2,2,3,5
39,2,2,4,6
39,2,2,5,7
39,2,2,6,8
39,2,2,7,9
39,2,2,8,10
39,2,2,9,11
39,2,2,10,12
39,2,2,11,13
39,2,2,12,14
39,2,2,13,15
39,2,2,14,16
39,2,2,15,0
39,2,2,16,0
39,2,2,17,0
39,2,2,18,0
39,2,2,19,0
39,2,2,20,0
39,2,2,21,0
39,2,2,22,0
39,2,2,23,0
39,2,2,0,19
39,2,2,1,3
39,2,2,2,4
39,2,2,3,5
39,2,2,4,6
39,2,2,5,7
39,2,2,6,8
39,2,2,7,9
39,2,2,8,10
39,2,2,9,11
39,2,2,10,12
39,2,2,11,13
39,2,2,12,14
39,2,2,13,15
39,2,2,14,16
39,2,2,15,0
39,2,2,16,0
39,2,2,17,0
39,2,2,18,0
39,2,2,19,0
39,2,2,20,0
39,2,2,21,0
39,2,2,22,0
39,2,2,23,0
39,2,2,0,19
39,2,2,1,3
39,2,2,2,4
39,2,2,3,5
39,2,2,4,6
39,2,2,5,7
39,2,2,6,8
39,2,2,7,9
39,2,2,8,10
39,2,2,9,11
39,2,2,10,12
39,2,2,11,13
39,2,2,12,14
39,2,2,13,15
39,2,2,14,16
39,2,2,15,0
39,2,2,16,0
39,2,2,17,0
39,2,2,18,0
39,2,2,19,0
39,2,2,20,0
39,2,2,21,0
39,2,2,22,0
39,2,2,23,0
39,2,2,0,19
39,2,2,1,3
39,2,2,2,4
39,2,2,3,5
39,2,2,4,6
39,2,2,5,7
39,2,2,6,8
39,2,2,7,9
39,2,2,8,10
39,2,2,9,11
39,2,2,10,12
39,2,2,11,13
39,2,2,12,14
39,2,2,13,15
39,2,2,14,16
39,2,2,15,0
39,2,2,16,0
39,2,2,17,0
39,2,2,18,0
39,2,2,19,0
39,2,2,20,0
39,2,2,21,0
39,2,2,22,0
39,2,2,23,0
39,2,2,0,19
39,2,2,1,3
39,2,2,2,4
39,2,2,3,5
39,2,2,4,6
39,2,2,5,7
39,2,2,6,8
39,2,2,7,9
39,2,2,8,10
39,2,2,9,11
39,2,2,10,12
39,2,2,11,13
39,2,2,12,14
39,2,2,13,15
39,2,2,14,16
39,2,2,15,0
39,2,2,16,0
39,2,2,17,0
39,2,2,18,0
39,2,2,19,0
39,2,2,20,0
39,2,2,21,0
39,2,2,22,0
39,2,2,23,0
39,2,2,0,19
39,2,2,1,3
39,2,2,2,4
39,2,2,3,5
39,2,2,4,6
39,2,2,5,7
39,2,2,6,8
39,2,2,7,9
39,2,2,8,10
39,2,2,9,11
39,2,2,10,12
39,2,2,11,13
39,2,2,12,14
39,2,2,13,15
39,2,2,14,16
39,2,2,15,0
39,2,2,16,0
39,2,2,17,0
39,2,2,18,0
39,2,2,19,0
39,2,2,20,0
39,2,2,21,0
39,2,2,22,0
39,2,2,23,0
39,2,2,0,19
39,2,2,1,3
39,2,2,2,4
39,2,2,3,5
39,2,2,4,6
39,2,2,5,7
39,2,2,6,8
39,2,2,7,9
39,2,2,8,10
39,2,2,9,11
39,2,2,10,12
39,2,2,11,13
39,2,2,12,14
39,2,2,13,15
39,2,2,14,16
39,2,2,15,0
39,2,2,16,0
39,2,2,17,0
39,2,2,18,0
39,2,2,19,0
39,2,2,20,0
39,2,2,21,0
39,2,2,22,0
39,2,2,23,0
39,2,2,0,19
39,2,2,1,3
39,2,2,2,4
39,2,2,3,5
39,2,2,4,6
39,2,2,5,7
39,2,2,6,8
39,2,2,7,9
39,2,2,8,10
39,2,2,9,11
39,2,2,10,12
39,2,2,11,13
39,2,2,12,14
39,2,2,13,15
39,2,2,14,16
39,2,2,15,0
39,2,2,16,0
39,2,2,17,0
39,2,2,18,0
39,2,2,19,0
39,2,2,20,0
39,2,2,21,0
39,2,2,22,0
39,2,2,23,0
39,2,2,0,19
39,2,2,1,3
39,2,2,2,4
39,2,2,3,5
39,2,2,4,6
39,2,2,5,7
39,2,2,6,8
39,2,2,7,9
39,2,2,8,10
39,2,2,9,11
39,2,2,10,12
39,2,2,11,13
39,2,2,12,14
39,2,2,13,15
39,2,2,14,16
39,2,2,15,0
39,2,2,16,0
39,2,2,17,0
39,2,2,18,0
39,2,2,19,0
39,2,2,20,0
39,2,2,21,0
39,2,2,22,0
39,2,2,23,0
39,2,2,0,19
39,2,2,1,3
39,2,2,2,4
39,2,2,3,5
39,2,2,4,6
39,2,2,5,7
39,2,2,6,8
39,2,2,7,9
39,2,2,8,10
39,2,2,9,11
39,2,2,10,12
39,2,2,11,13
39,2,2,12,14
39,2,2,13,15
39,2,2,14,16
39,2,2,15,0
39,2,2,16,0
39,2,2,17,0
39,2,2,18,0
39,2,2,19,0
39,2,2,20,0
39,2,2,21,0
39,2,2,22,0
39,2,2,23,0
39,2,2,0,19
39,2,2,1,3
39,2,2,2,4
39,2,2,3,5
39,2,2,4,6
39,2,2,5,7
39,2,2,6,8
39,2,2,7,9
39,2,2,8,10
39,2,2,9,11
39,2,2,10,12
39,2,2,11,13
39,2,2,12,14
39,2,2,13,15
39,2,2,14,16
39,2,2,15,0
39,2,2,16,0
39,2,2,17,0
39,2,2,18,0
39,2,2,19,0
39,2,2,20,0
39,2,2,21,0
39,2,2,22,0
39,2,2,23,0
39,2,2,0,19
39,2,2,1,3
39,2,2,2,4
39,2,2,3,5
39,2,2,4,6
39,2,2,5,7
39,2,2,6,8
39,2,2,7,9
39,2,2,8,10
39,2,2,9,11
39,2,2,10,12
39,2,2,11,13
39,2,2,12,14
39,2,2,13,15
39,2,2,14,16
39,2,2,15,0
39,2,2,16,0
39,2,2,17,0
39,2,2,18,0
39,2,2,19,0
39,2,2,20,0
39,2,2,21,0
39,2,2,22,0
39,2,2,23,0
39,2,2,0,19
39,2,2,1,32
39,2,2,2,2
39,2,2,3,196
39,2,2,4,247
39,2,2,5,500
39,2,2,6,4
39,2,2,7,1
39,2,2,8,0
39,2,2,9,1
39,2,2,10,1
39,2,2,11,2
39,2,2,12,2
39,2,2,13,2
39,2,2,14,5
39,2,2,15,0
39,2,2,16,2
39,2,2,17,1
39,2,2,18,0
39,2,2,19,1
39,2,2,20,0
39,2,2,21,2
39,2,2,22,5
39,2,2,23,0
39,2,2,0,5
39,2,2,1,3
39,2,2,2,4
39,2,2,3,5
39,2,2,4,6
39,2,2,5,7
39,2,2,6,8
39,2,2,7,9
39,2,2,8,10
39,2,2,9,11
39,2,2,10,12
39,2,2,11,13
39,2,2,12,14
39,2,2,13,15
39,2,2,14,16
39,2,2,15,0
39,2,2,16,0
39,2,2,17,0
39,2,2,18,0
39,2,2,19,0
39,2,2,20,0
39,2,2,21,0
39,2,2,22,0
39,2,2,23,0
39,2,2,0,19
39,2,2,1,3
39,2,2,2,4
39,2,2,3,5
39,2,2,4,6
39,2,2,5,7
39,2,2,6,8
39,2,2,7,9
39,2,2,8,10
39,2,2,9,11
39,2,2,10,12
39,2,2,11,13
39,2,2,12,14
39,2,2,13,15
39,2,2,14,16
39,2,2,15,0
39,2,2,16,0
39,2,2,17,0
39,2,2,18,0
39,2,2,19,0
39,2,2,20,0
39,2,2,21,0
39,2,2,22,0
39,2,2,23,0
39,2,2,0,19
39,2,2,1,3
39,2,2,2,4
39,2,2,3,5
39,2,2,4,6
39,2,2,5,7
39,2,2,6,8
39,2,2,7,9
39,2,2,8,10
39,2,2,9,11
39,2,2,10,12
39,2,2,11,13
39,2,2,12,14
39,2,2,13,15
39,2,2,14,16
39,2,2,15,0
39,2,2,16,0
39,2,2,17,0
39,2,2,18,0
39,2,2,19,0
39,2,2,20,0
39,2,2,21,0
39,2,2,22,0
39,2,2,23,0
39,2,2,0,19
39,2,2,1,3
39,2,2,2,4
39,2,2,3,5
39,2,2,4,6
39,2,2,5,7
39,2,2,6,8
39,2,2,7,9
39,2,2,8,10
39,2,2,9,11
39,2,2,10,12
39,2,2,11,13
39,2,2,12,14
39,2,2,13,15
39,2,2,14,16
39,2,2,15,0
39,2,2,16,0
39,2,2,17,0
39,2,2,18,0
39,2,2,19,0
39,2,2,20,0
39,2,2,21,0
39,2,2,22,0
39,2,2,23,0
39,2,2,0,19
39,2,2,1,3
39,2,2,2,4
39,2,2,3,5
39,2,2,4,6
39,2,2,5,7
39,2,2,6,8
39,2,2,7,9
39,2,2,8,10
39,2,2,9,11
39,2,2,10,12
39,2,2,11,13
39,2,2,12,14
39,2,2,13,15
39,2,2,14,16
39,2,2,15,0
39,2,2,16,0
39,2,2,17,0
39,2,2,18,0
39,2,2,19,0
39,2,2,20,0
39,2,2,21,0
39,2,2,22,0
39,2,2,23,0
39,2,2,0,19
39,2,2,1,3
39,2,2,2,4
39,2,2,3,5
39,2,2,4,6
39,2,2,5,7
39,2,2,6,8
39,2,2,7,9
39,2,2,8,10
39,2,2,9,11
39,2,2,10,12
39,2,2,11,13
39,2,2,12,14
39,2,2,13,15
39,2,2,14,16
39,2,2,15,0
39,2,2,16,0
39,2,2,17,0
39,2,2,18,0
39,2,2,19,0
39,2,2,20,0
39,2,2,21,0
39,2,2,22,0
39,2,2,23,0
39,2,2,0,19
39,2,2,1,3
39,2,2,2,4
39,2,2,3,5
39,2,2,4,6
39,2,2,5,7
39,2,2,6,8
39,2,2,7,9
39,2,2,8,10
39,2,2,9,11
39,2,2,10,12
39,2,2,11,13
39,2,2,12,14
39,2,2,13,15
39,2,2,14,16
39,2,2,15,0
39,2,2,16,0
39,2,2,17,0
39,2,2,18,0
39,2,2,19,0
39,2,2,20,0
39,2,2,21,0
39,2,2,22,0
39,2,2,23,0
39,2,2,0,19
39,2,2,1,3
39,2,2,2,4
39,2,2,3,5
39,2,2,4,6
39,2,2,5,7
39,2,2,6,8
39,2,2,7,9
39,2,2,8,10
39,2,2,9,11
39,2,2,10,12
39,2,2,11,13
39,2,2,12,14
39,2,2,13,15
39,2,2,14,16
39,2,2,15,0
39,2,2,16,0
39,2,2,17,0
39,2,2,18,0
39,2,2,19,0
39,2,2,20,0
39,2,2,21,0
39,2,2,22,0
39,2,2,23,0
39,2,2,0,19
39,2,2,1,3
39,2,2,2,4
39,2,2,3,5
39,2,2,4,6
39,2,2,5,7
39,2,2,6,8
39,2,2,7,9
39,2,2,8,10
39,2,2,9,11
39,2,2,10,12
39,2,2,11,13
39,2,2,12,14
39,2,2,13,15
39,2,2,14,16
39,2,2,15,0
39,2,2,16,0
39,2,2,17,0
39,2,2,18,0
39,2,2,19,0
39,2,2,20,0
39,2,2,21,0
39,2,2,22,0
39,2,2,23,0
39,2,2,0,19
39,2,2,1,3
39,2,2,2,4
39,2,2,3,5
39,2,2,4,6
39,2,2,5,7
39,2,2,6,8
39,2,2,7,9
39,2,2,8,10
39,2,2,9,11
39,2,2,10,12
39,2,2,11,13
39,2,2,12,14
39,2,2,13,15
39,2,2,14,16
39,2,2,15,0
39,2,2,16,0
39,2,2,17,0
39,2,2,18,0
39,2,2,19,0
39,2,2,20,0
39,2,2,21,0
39,2,2,22,0
39,2,2,23,0
39,2,2,0,19
39,2,2,1,3
39,2,2,2,4
39,2,2,3,5
39,2,2,4,6
39,2,2,5,7
39,2,2,6,8
39,2,2,7,9
39,2,2,8,10
39,2,2,9,11
39,2,2,10,12
39,2,2,11,13
39,2,2,12,14
39,2,2,13,15
39,2,2,14,16
39,2,2,15,0
39,2,2,16,0
39,2,2,17,0
39,2,2,18,0
39,2,2,19,0
39,2,2,20,0
39,2,2,21,0
39,2,2,22,0
39,2,2,23,0
39,2,2,0,19
39,2,2,1,3
39,2,2,2,4
39,2,2,3,5
39,2,2,4,6
39,2,2,5,7
39,2,2,6,8
39,2,2,7,9
39,2,2,8,10
39,2,2,9,11
39,2,2,10,12
39,2,2,11,13
39,2,2,12,14
39,2,2,13,15
39,2,2,14,16
39,2,2,15,0
39,2,2,16,0
39,2,2,17,0
39,2,2,18,0
39,2,2,19,0
39,2,2,20,0
39,2,2,21,0
39,2,2,22,0
39,2,2,23,0
39,2,2,0,19
39,2,2,1,3
39,2,2,2,4
39,2,2,3,5
39,2,2,4,6
39,2,2,5,7
39,2,2,6,8
39,2,2,7,9
39,2,2,8,10
39,2,2,9,11
39,2,2,10,12
39,2,2,11,13
39,2,2,12,14
39,2,2,13,15
39,2,2,14,16
39,2,2,15,0
39,2,2,16,0
39,2,2,17,0
39,2,2,18,0
39,2,2,19,0
39,2,2,20,0
39,2,2,21,0
39,2,2,22,0
39,2,2,23,0
39,2,2,0,19
39,2,2,1,3
39,2,2,2,4
39,2,2,3,5
39,2,2,4,6
39,2,2,5,7
39,2,2,6,8
39,2,2,7,9
39,2,2,8,10
39,2,2,9,11
39,2,2,10,12
39,2,2,11,13
39,2,2,12,14
39,2,2,13,15
39,2,2,14,16
39,2,2,15,0
39,2,2,16,0
39,2,2,17,0
39,2,2,18,0
39,2,2,19,0
39,2,2,20,0
39,2,2,21,0
39,2,2,22,0
39,2,2,23,0
39,2,2,0,19
39,3,3,1,13
39,3,3,2,0
39,3,3,3,123
39,3,3,4,182
39,3,3,5,386
39,3,3,6,0
39,3,3,7,0
39,3,3,8,1
39,3,3,9,2
39,3,3,10,0
39,3,3,11,1
39,3,3,12,1
39,3,3,13,0
39,3,3,14,0
39,3,3,15,0
39,3,3,16,1
39,3,3,17,0
39,3,3,18,1
39,3,3,19,0
39,3,3,20,0
39,3,3,21,0
39,3,3,22,2
39,3,3,23,1
39,3,3,0,3
39,4,4,1,10
39,4,4,2,0
39,4,4,3,165
39,4,4,4,118
39,4,4,5,184
39,4,4,6,1
39,4,4,7,0
39,4,4,8,0
39,4,4,9,0
39,4,4,10,0
39,4,4,11,0
39,4,4,12,0
39,4,4,13,0
39,4,4,14,0
39,4,4,15,0
39,4,4,16,1
39,4,4,17,0
39,4,4,18,0
39,4,4,19,0
39,4,4,20,0
39,4,4,21,2
39,4,4,22,0
39,4,4,23,0
39,4,4,0,0
39,5,5,1,13
39,5,5,2,0
39,5,5,3,123
39,5,5,4,112
39,5,5,5,428
39,5,5,6,3
39,5,5,7,1
39,5,5,8,0
39,5,5,9,1
39,5,5,10,0
39,5,5,11,0
39,5,5,12,1
39,5,5,13,0
39,5,5,14,1
39,5,5,15,1
39,5,5,16,0
39,5,5,17,0
39,5,5,18,0
39,5,5,19,1
39,5,5,20,0
39,5,5,21,2
39,5,5,22,1
39,5,5,23,0
39,5,5,0,2
39,6,6,1,10
39,6,6,2,1
39,6,6,3,84
39,6,6,4,118
39,6,6,5,319
39,6,6,6,0
39,6,6,7,1
39,6,6,8,0
39,6,6,9,1
39,6,6,10,0
39,6,6,11,0
39,6,6,12,0
39,6,6,13,1
39,6,6,14,0
39,6,6,15,1
39,6,6,16,1
39,6,6,17,0
39,6,6,18,0
39,6,6,19,0
39,6,6,20,0
39,6,6,21,0
39,6,6,22,0
39,6,6,23,0
39,6,6,0,2
39,7,7,1,12
39,7,7,2,0
39,7,7,3,134
39,7,7,4,151
39,7,7,5,250
39,7,7,6,2
39,7,7,7,0
39,7,7,8,0
39,7,7,9,0
39,7,7,10,0
39,7,7,11,1
39,7,7,12,0
39,7,7,13,0
39,7,7,14,0
39,7,7,15,0
39,7,7,16,0
39,7,7,17,0
39,7,7,18,0
39,7,7,19,0
39,7,7,20,0
39,7,7,21,2
39,7,7,22,1
39,7,7,23,0
39,7,7,0,1
39,8,8,1,18
39,8,8,2,0
39,8,8,3,210
39,8,8,4,153
39,8,8,5,172
39,8,8,6,4
39,8,8,7,1
39,8,8,8,0
39,8,8,9,1
39,8,8,10,0
39,8,8,11,1
39,8,8,12,0
39,8,8,13,1
39,8,8,14,2
39,8,8,15,0
39,8,8,16,1
39,8,8,17,0
39,8,8,18,4
39,8,8,19,1
39,8,8,20,1
39,8,8,21,2
39,8,8,22,3
39,8,8,23,0
39,8,8,0,0
39,9,9,1,11
39,9,9,2,1
39,9,9,3,176
39,9,9,4,298
39,9,9,5,184
39,9,9,6,1
39,9,9,7,1
39,9,9,8,0
39,9,9,9,0
39,9,9,10,0
39,9,9,11,0
39,9,9,12,1
39,9,9,13,2
39,9,9,14,1
39,9,9,15,0
39,9,9,16,2
39,9,9,17,0
39,9,9,18,0
39,9,9,19,0
39,9,9,20,2
39,9,9,21,0
39,9,9,22,4
39,9,9,23,0
39,9,9,0,0
39,10,10,1,8
39,10,10,2,2
39,10,10,3,76
39,10,10,4,131
39,10,10,5,515
39,10,10,6,2
39,10,10,7,0
39,10,10,8,0
39,10,10,9,0
39,10,10,10,0
39,10,10,11,1
39,10,10,12,2
39,10,10,13,0
39,10,10,14,0
39,10,10,15,0
39,10,10,16,0
39,10,10,17,0
39,10,10,18,1
39,10,10,19,0
39,10,10,20,0
39,10,10,21,0
39,10,10,22,0
39,10,10,23,0
39,10,10,0,1
39,11,11,1,32
39,11,11,2,0
39,11,11,3,140
39,11,11,4,240
39,11,11,5,432
39,11,11,6,23
39,11,11,7,0
39,11,11,8,0
39,11,11,9,0
39,11,11,10,0
39,11,11,11,0
39,11,11,12,2
39,11,11,13,0
39,11,11,14,2
39,11,11,15,1
39,11,11,16,1
39,11,11,17,0
39,11,11,18,2
39,11,11,19,3
39,11,11,20,0
39,11,11,21,5
39,11,11,22,3
39,11,11,23,1
39,11,11,0,1
39,12,12,1,19
39,12,12,2,0
39,12,12,3,90
39,12,12,4,228
39,12,12,5,433
39,12,12,6,7
39,12,12,7,0
39,12,12,8,0
39,12,12,9,0
39,12,12,10,0
39,12,12,11,0
39,12,12,12,1
39,12,12,13,0
39,12,12,14,2
39,12,12,15,0
39,12,12,16,0
39,12,12,17,0
39,12,12,18,0
39,12,12,19,0
39,12,12,20,1
39,12,12,21,0
39,12,12,22,0
39,12,12,23,0
39,12,12,0,3
39,13,13,1,17
39,13,13,2,3
39,13,13,3,299
39,13,13,4,356
39,13,13,5,125
39,13,13,6,3
39,13,13,7,1
39,13,13,8,0
39,13,13,9,0
39,13,13,10,0
39,13,13,11,0
39,13,13,12,0
39,13,13,13,0
39,13,13,14,1
39,13,13,15,0
39,13,13,16,0
39,13,13,17,0
39,13,13,18,0
39,13,13,19,2
39,13,13,20,0
39,13,13,21,0
39,13,13,22,0
39,13,13,23,1
39,13,13,0,1
39,14,14,1,23
39,14,14,2,0
39,14,14,3,76
39,14,14,4,159
39,14,14,5,614
39,14,14,6,5
39,14,14,7,0
39,14,14,8,0
39,14,14,9,0
39,14,14,10,0
39,14,14,11,0
39,14,14,12,1
39,14,14,13,0
39,14,14,14,0
39,14,14,15,0
39,14,14,16,1
39,14,14,17,1
39,14,14,18,0
39,14,14,19,0
39,14,14,20,0
39,14,14,21,1
39,14,14,22,0
39,14,14,23,1
39,14,14,0,0
39,15,15,1,0
39,15,15,2,0
39,15,15,3,0
39,15,15,4,0
39,15,15,5,0
39,15,15,6,0
39,15,15,7,0
39,15,15,8,0
39,15,15,9,0
39,15,15,10,0
39,15,15,11,0
39,15,15,12,0
39,15,15,13,0
39,15,15,14,0
39,15,15,15,0
39,15,15,16,0
39,15,15,17,0
39,15,15,18,0
39,15,15,19,0
39,15,15,20,0
39,15,15,21,0
39,15,15,22,0
39,15,15,23,0
39,15,15,0,0
39,15,15,1,9
39,15,15,2,2
39,15,15,3,127
39,15,15,4,151
39,15,15,5,283
39,15,15,6,0
39,15,15,7,0
39,15,15,8,0
39,15,15,9,0
39,15,15,10,0
39,15,15,11,0
39,15,15,12,0
39,15,15,13,1
39,15,15,14,0
39,15,15,15,0
39,15,15,16,1
39,15,15,17,1
39,15,15,18,0
39,15,15,19,0
39,15,15,20,0
39,15,15,21,1
39,15,15,22,0
39,15,15,23,0
39,15,15,0,1
39,16,16,1,9
39,16,16,2,1
39,16,16,3,252
39,16,16,4,328
39,16,16,5,31
39,16,16,6,1
39,16,16,7,2
39,16,16,8,1
39,16,16,9,1
39,16,16,10,2
39,16,16,11,0
39,16,16,12,0
39,16,16,13,0
39,16,16,14,0
39,16,16,15,0
39,16,16,16,1
39,16,16,17,1
39,16,16,18,2
39,16,16,19,2
39,16,16,20,1
39,16,16,21,0
39,16,16,22,0
39,16,16,23,1
39,16,16,0,0
39,16,16,1,0
39,16,16,2,0
39,16,16,3,0
39,16,16,4,0
39,16,16,5,0
39,16,16,6,0
39,16,16,7,0
39,16,16,8,0
39,16,16,9,0
39,16,16,10,0
39,16,16,11,0
39,16,16,12,0
39,16,16,13,0
39,16,16,14,0
39,16,16,15,0
39,16,16,16,0
39,16,16,17,0
39,16,16,18,0
39,16,16,19,0
39,16,16,20,0
39,16,16,21,0
39,16,16,22,0
39,16,16,23,0
39,16,16,0,0
39,17,17,1,7
39,17,17,2,0
39,17,17,3,207
39,17,17,4,323
39,17,17,5,45
39,17,17,6,0
39,17,17,7,5
39,17,17,8,0
39,17,17,9,1
39,17,17,10,5
39,17,17,11,0
39,17,17,12,2
39,17,17,13,0
39,17,17,14,1
39,17,17,15,1
39,17,17,16,1
39,17,17,17,0
39,17,17,18,1
39,17,17,19,1
39,17,17,20,0
39,17,17,21,0
39,17,17,22,0
39,17,17,23,0
39,17,17,0,2
39,17,17,1,0
39,17,17,2,0
39,17,17,3,0
39,17,17,4,0
39,17,17,5,0
39,17,17,6,0
39,17,17,7,0
39,17,17,8,0
39,17,17,9,0
39,17,17,10,0
39,17,17,11,0
39,17,17,12,0
39,17,17,13,0
39,17,17,14,0
39,17,17,15,0
39,17,17,16,0
39,17,17,17,0
39,17,17,18,0
39,17,17,19,0
39,17,17,20,0
39,17,17,21,0
39,17,17,22,0
39,17,17,23,0
39,17,17,0,0
39,18,18,1,16
39,18,18,2,2
39,18,18,3,323
39,18,18,4,167
39,18,18,5,338
39,18,18,6,5
39,18,18,7,1
39,18,18,8,1
39,18,18,9,1
39,18,18,10,1
39,18,18,11,0
39,18,18,12,1
39,18,18,13,1
39,18,18,14,4
39,18,18,15,0
39,18,18,16,1
39,18,18,17,0
39,18,18,18,1
39,18,18,19,3
39,18,18,20,2
39,18,18,21,0
39,18,18,22,1
39,18,18,23,3
39,18,18,0,0
39,19,19,1,13
39,19,19,2,0
39,19,19,3,170
39,19,19,4,217
39,19,19,5,138
39,19,19,6,0
39,19,19,7,1
39,19,19,8,1
39,19,19,9,2
39,19,19,10,0
39,19,19,11,1
39,19,19,12,0
39,19,19,13,0
39,19,19,14,0
39,19,19,15,0
39,19,19,16,0
39,19,19,17,0
39,19,19,18,0
39,19,19,19,1
39,19,19,20,0
39,19,19,21,1
39,19,19,22,0
39,19,19,23,0
39,19,19,0,2
39,20,20,1,8
39,20,20,2,0
39,20,20,3,207
39,20,20,4,196
39,20,20,5,139
39,20,20,6,2
39,20,20,7,1
39,20,20,8,0
39,20,20,9,0
39,20,20,10,0
39,20,20,11,0
39,20,20,12,2
39,20,20,13,0
39,20,20,14,3
39,20,20,15,0
39,20,20,16,0
39,20,20,17,0
39,20,20,18,0
39,20,20,19,2
39,20,20,20,1
39,20,20,21,1
39,20,20,22,0
39,20,20,23,0
39,20,20,0,0
39,21,21,1,36
39,21,21,2,0
39,21,21,3,297
39,21,21,4,264
39,21,21,5,95
39,21,21,6,2
39,21,21,7,0
39,21,21,8,2
39,21,21,9,2
39,21,21,10,1
39,21,21,11,1
39,21,21,12,2
39,21,21,13,1
39,21,21,14,4
39,21,21,15,0
39,21,21,16,1
39,21,21,17,1
39,21,21,18,1
39,21,21,19,5
39,21,21,20,1
39,21,21,21,0
39,21,21,22,2
39,21,21,23,1
39,21,21,0,2
39,22,22,1,13
39,22,22,2,1
39,22,22,3,175
39,22,22,4,205
39,22,22,5,80
39,22,22,6,1
39,22,22,7,0
39,22,22,8,0
39,22,22,9,0
39,22,22,10,2
39,22,22,11,0
39,22,22,12,1
39,22,22,13,1
39,22,22,14,0
39,22,22,15,0
39,22,22,16,0
39,22,22,17,0
39,22,22,18,0
39,22,22,19,2
39,22,22,20,1
39,22,22,21,0
39,22,22,22,1
39,22,22,23,5
39,22,22,0,2
39,23,23,1,8
39,23,23,2,0
39,23,23,3,54
39,23,23,4,103
39,23,23,5,423
39,23,23,6,3
39,23,23,7,0
39,23,23,8,0
39,23,23,9,0
39,23,23,10,0
39,23,23,11,0
39,23,23,12,2
39,23,23,13,0
39,23,23,14,0
39,23,23,15,0
39,23,23,16,0
39,23,23,17,0
39,23,23,18,1
39,23,23,19,0
39,23,23,20,0
39,23,23,21,1
39,23,23,22,2
39,23,23,23,1
39,23,23,0,2
39,24,24,1,11
39,24,24,2,0
39,24,24,3,154
39,24,24,4,177
39,24,24,5,251
39,24,24,6,1
39,24,24,7,0
39,24,24,8,0
39,24,24,9,1
39,24,24,10,2
39,24,24,11,0
39,24,24,12,0
39,24,24,13,0
39,24,24,14,1
39,24,24,15,0
39,24,24,16,0
39,24,24,17,0
39,24,24,18,0
39,24,24,19,1
39,24,24,20,0
39,24,24,21,0
39,24,24,22,1
39,24,24,23,1
39,24,24,0,0
39,25,25,1,20
39,25,25,2,0
39,25,25,3,151
39,25,25,4,206
39,25,25,5,345
39,25,25,6,0
39,25,25,7,0
39,25,25,8,0
39,25,25,9,0
39,25,25,10,0
39,25,25,11,1
39,25,25,12,1
39,25,25,13,0
39,25,25,14,1
39,25,25,15,1
39,25,25,16,3
39,25,25,17,0
39,25,25,18,1
39,25,25,19,2
39,25,25,20,2
39,25,25,21,2
39,25,25,22,6
39,25,25,23,1
39,25,25,0,0
39,26,26,1,14
39,26,26,2,1
39,26,26,3,265
39,26,26,4,248
39,26,26,5,235
39,26,26,6,0
39,26,26,7,2
39,26,26,8,0
39,26,26,9,0
39,26,26,10,1
39,26,26,11,0
39,26,26,12,2
39,26,26,13,2
39,26,26,14,1
39,26,26,15,1
39,26,26,16,2
39,26,26,17,1
39,26,26,18,0
39,26,26,19,0
39,26,26,20,4
39,26,26,21,0
39,26,26,22,2
39,26,26,23,0
39,26,26,0,0
39,27,27,1,12
39,27,27,2,0
39,27,27,3,233
39,27,27,4,218
39,27,27,5,156
39,27,27,6,3
39,27,27,7,2
39,27,27,8,0
39,27,27,9,2
39,27,27,10,0
39,27,27,11,0
39,27,27,12,0
39,27,27,13,0
39,27,27,14,1
39,27,27,15,0
39,27,27,16,0
39,27,27,17,0
39,27,27,18,0
39,27,27,19,0
39,27,27,20,1
39,27,27,21,0
39,27,27,22,0
39,27,27,23,0
39,27,27,0,0
39,28,28,1,20
39,28,28,2,4
39,28,28,3,174
39,28,28,4,247
39,28,28,5,371
39,28,28,6,2
39,28,28,7,0
39,28,28,8,1
39,28,28,9,0
39,28,28,10,1
39,28,28,11,1
39,28,28,12,0
39,28,28,13,0
39,28,28,14,0
39,28,28,15,0
39,28,28,16,1
39,28,28,17,0
39,28,28,18,1
39,28,28,19,3
39,28,28,20,0
39,28,28,21,1
39,28,28,22,1
39,28,28,23,0
39,28,28,0,1
39,29,29,1,15
39,29,29,2,1
39,29,29,3,233
39,29,29,4,289
39,29,29,5,79
39,29,29,6,0
39,29,29,7,1
39,29,29,8,0
39,29,29,9,0
39,29,29,10,4
39,29,29,11,1
39,29,29,12,0
39,29,29,13,0
39,29,29,14,1
39,29,29,15,1
39,29,29,16,0
39,29,29,17,0
39,29,29,18,0
39,29,29,19,1
39,29,29,20,2
39,29,29,21,2
39,29,29,22,0
39,29,29,23,0
39,29,29,0,0
39,29,29,1,0
39,29,29,2,0
39,29,29,3,0
39,29,29,4,0
39,29,29,5,0
39,29,29,6,0
39,29,29,7,0
39,29,29,8,0
39,29,29,9,0
39,29,29,10,0
39,29,29,11,0
39,29,29,12,0
39,29,29,13,0
39,29,29,14,0
39,29,29,15,0
39,29,29,16,0
39,29,29,17,0
39,29,29,18,0
39,29,29,19,0
39,29,29,20,0
39,29,29,21,0
39,29,29,22,0
39,29,29,23,0
39,29,29,0,0
39,30,30,1,21
39,30,30,2,0
39,30,30,3,134
39,30,30,4,262
39,30,30,5,396
39,30,30,6,2
39,30,30,7,1
39,30,30,8,2
39,30,30,9,0
39,30,30,10,0
39,30,30,11,1
39,30,30,12,1
39,30,30,13,0
39,30,30,14,1
39,30,30,15,0
39,30,30,16,0
39,30,30,17,1
39,30,30,18,3
39,30,30,19,2
39,30,30,20,0
39,30,30,21,3
39,30,30,22,4
39,30,30,23,0
39,30,30,0,5
39,30,30,1,0
39,30,30,2,0
39,30,30,3,0
39,30,30,4,0
39,30,30,5,0
39,30,30,6,0
39,30,30,7,0
39,30,30,8,0
39,30,30,9,0
39,30,30,10,0
39,30,30,11,0
39,30,30,12,0
39,30,30,13,0
39,30,30,14,0
39,30,30,15,0
39,30,30,16,0
39,30,30,17,0
39,30,30,18,0
39,30,30,19,0
39,30,30,20,0
39,30,30,21,0
39,30,30,22,0
39,30,30,23,0
39,30,30,0,0
39,31,31,1,10
39,31,31,2,0
39,31,31,3,251
39,31,31,4,264
39,31,31,5,125
39,31,31,6,2
39,31,31,7,0
39,31,31,8,1
39,31,31,9,0
39,31,31,10,1
39,31,31,11,0
39,31,31,12,1
39,31,31,13,2
39,31,31,14,2
39,31,31,15,0
39,31,31,16,0
39,31,31,17,2
39,31,31,18,0
39,31,31,19,2
39,31,31,20,1
39,31,31,21,0
39,31,31,22,1
39,31,31,23,0
39,31,31,0,4
39,31,31,1,0
39,31,31,2,0
39,31,31,3,0
39,31,31,4,0
39,31,31,5,0
39,31,31,6,0
39,31,31,7,0
39,31,31,8,0
39,31,31,9,0
39,31,31,10,0
39,31,31,11,0
39,31,31,12,0
39,31,31,13,0
39,31,31,14,0
39,31,31,15,0
39,31,31,16,0
39,31,31,17,0
39,31,31,18,0
39,31,31,19,0
39,31,31,20,0
39,31,31,21,0
39,31,31,22,0
39,31,31,23,0
39,31,31,0,0
39,32,32,1,22
39,32,32,2,0
39,32,32,3,141
39,32,32,4,249
39,32,32,5,96
39,32,32,6,6
39,32,32,7,0
39,32,32,8,0
39,32,32,9,0
39,32,32,10,0
39,32,32,11,1
39,32,32,12,0
39,32,32,13,0
39,32,32,14,0
39,32,32,15,0
39,32,32,16,2
39,32,32,17,0
39,32,32,18,0
39,32,32,19,0
39,32,32,20,0
39,32,32,21,0
39,32,32,22,0
39,32,32,23,0
39,32,32,0,3
39,33,33,1,9
39,33,33,2,1
39,33,33,3,130
39,33,33,4,170
39,33,33,5,137
39,33,33,6,4
39,33,33,7,1
39,33,33,8,1
39,33,33,9,1
39,33,33,10,0
39,33,33,11,0
39,33,33,12,1
39,33,33,13,0
39,33,33,14,0
39,33,33,15,0
39,33,33,16,0
39,33,33,17,1
39,33,33,18,0
39,33,33,19,3
39,33,33,20,1
39,33,33,21,1
39,33,33,22,6
39,33,33,23,0
39,33,33,0,1
39,34,34,1,9
39,34,34,2,0
39,34,34,3,82
39,34,34,4,123
39,34,34,5,168
39,34,34,6,4
39,34,34,7,0
39,34,34,8,0
39,34,34,9,1
39,34,34,10,0
39,34,34,11,0
39,34,34,12,0
39,34,34,13,0
39,34,34,14,0
39,34,34,15,0
39,34,34,16,0
39,34,34,17,0
39,34,34,18,1
39,34,34,19,0
39,34,34,20,1
39,34,34,21,0
39,34,34,22,2
39,34,34,23,0
39,34,34,0,0
39,35,35,1,22
39,35,35,2,0
39,35,35,3,355
39,35,35,4,216
39,35,35,5,49
39,35,35,6,0
39,35,35,7,1
39,35,35,8,0
39,35,35,9,0
39,35,35,10,0
39,35,35,11,0
39,35,35,12,0
39,35,35,13,0
39,35,35,14,1
39,35,35,15,0
39,35,35,16,0
39,35,35,17,1
39,35,35,18,1
39,35,35,19,4
39,35,35,20,1
39,35,35,21,0
39,35,35,22,0
39,35,35,23,0
39,35,35,0,1
39,36,36,1,15
39,36,36,2,0
39,36,36,3,95
39,36,36,4,175
39,36,36,5,133
39,36,36,6,2
39,36,36,7,0
39,36,36,8,1
39,36,36,9,0
39,36,36,10,0
39,36,36,11,0
39,36,36,12,0
39,36,36,13,0
39,36,36,14,0
39,36,36,15,2
39,36,36,16,2
39,36,36,17,1
39,36,36,18,0
39,36,36,19,1
39,36,36,20,0
39,36,36,21,1
39,36,36,22,2
39,36,36,23,0
39,36,36,0,2
39,37,37,1,18
39,37,37,2,1
39,37,37,3,118
39,37,37,4,258
39,37,37,5,172
39,37,37,6,5
39,37,37,7,1
39,37,37,8,0
39,37,37,9,0
39,37,37,10,0
39,37,37,11,0
39,37,37,12,0
39,37,37,13,0
39,37,37,14,1
39,37,37,15,0
39,37,37,16,1
39,37,37,17,0
39,37,37,18,0
39,37,37,19,2
39,37,37,20,0
39,37,37,21,2
39,37,37,22,1
39,37,37,23,0
39,37,37,0,0
39,38,38,1,16
39,38,38,2,1
39,38,38,3,64
39,38,38,4,149
39,38,38,5,193
39,38,38,6,1
39,38,38,7,1
39,38,38,8,0
39,38,38,9,0
39,38,38,10,0
39,38,38,11,0
39,38,38,12,0
39,38,38,13,0
39,38,38,14,0
39,38,38,15,0
39,38,38,16,0
39,38,38,17,0
39,38,38,18,1
39,38,38,19,1
39,38,38,20,1
39,38,38,21,0
39,38,38,22,0
39,38,38,23,0
39,38,38,0,0
39,39,39,1,24
39,39,39,2,2
39,39,39,3,200
39,39,39,4,211
39,39,39,5,195
39,39,39,6,3
39,39,39,7,2
39,39,39,8,1
39,39,39,9,1
39,39,39,10,0
39,39,39,11,0
39,39,39,12,0
39,39,39,13,0
39,39,39,14,3
39,39,39,15,0
39,39,39,16,0
39,39,39,17,0
39,39,39,18,2
39,39,39,19,4
39,39,39,20,1
39,39,39,21,1
39,39,39,22,2
39,39,39,23,0
39,39,39,0,3
39,40,40,1,18
39,40,40,2,1
39,40,40,3,215
39,40,40,4,332
39,40,40,5,257
39,40,40,6,1
39,40,40,7,2
39,40,40,8,1
39,40,40,9,1
39,40,40,10,1
39,40,40,11,3
39,40,40,12,3
39,40,40,13,2
39,40,40,14,1
39,40,40,15,1
39,40,40,16,2
39,40,40,17,1
39,40,40,18,2
39,40,40,19,6
39,40,40,20,3
39,40,40,21,2
39,40,40,22,4
39,40,40,23,2
39,40,40,0,2
39,41,41,1,18
39,41,41,2,1
39,41,41,3,151
39,41,41,4,250
39,41,41,5,128
39,41,41,6,1
39,41,41,7,0
39,41,41,8,1
39,41,41,9,0
39,41,41,10,0
39,41,41,11,1
39,41,41,12,0
39,41,41,13,2
39,41,41,14,0
39,41,41,15,0
39,41,41,16,2
39,41,41,17,0
39,41,41,18,0
39,41,41,19,1
39,41,41,20,0
39,41,41,21,0
39,41,41,22,1
39,41,41,23,0
39,41,41,0,3
39,42,42,1,22
39,42,42,2,1
39,42,42,3,157
39,42,42,4,253
39,42,42,5,198
39,42,42,6,1
39,42,42,7,0
39,42,42,8,0
39,42,42,9,1
39,42,42,10,1
39,42,42,11,0
39,42,42,12,0
39,42,42,13,1
39,42,42,14,1
39,42,42,15,0
39,42,42,16,1
39,42,42,17,0
39,42,42,18,0
39,42,42,19,0
39,42,42,20,0
39,42,42,21,1
39,42,42,22,1
39,42,42,23,0
39,42,42,0,3
39,43,43,1,0
39,43,43,2,0
39,43,43,3,0
39,43,43,4,0
39,43,43,5,0
39,43,43,6,0
39,43,43,7,0
39,43,43,8,0
39,43,43,9,0
39,43,43,10,0
39,43,43,11,0
39,43,43,12,0
39,43,43,13,0
39,43,43,14,0
39,43,43,15,0
39,43,43,16,0
39,43,43,17,0
39,43,43,18,0
39,43,43,19,0
39,43,43,20,0
39,43,43,21,0
39,43,43,22,0
39,43,43,23,0
39,43,43,0,0
39,43,43,1,20
39,43,43,2,2
39,43,43,3,194
39,43,43,4,368
39,43,43,5,200
39,43,43,6,1
39,43,43,7,0
39,43,43,8,1
39,43,43,9,0
39,43,43,10,1
39,43,43,11,0
39,43,43,12,0
39,43,43,13,1
39,43,43,14,0
39,43,43,15,0
39,43,43,16,2
39,43,43,17,1
39,43,43,18,0
39,43,43,19,6
39,43,43,20,3
39,43,43,21,1
39,43,43,22,1
39,43,43,23,4
39,43,43,0,1
39,44,44,1,0
39,44,44,2,0
39,44,44,3,0
39,44,44,4,0
39,44,44,5,0
39,44,44,6,0
39,44,44,7,0
39,44,44,8,0
39,44,44,9,0
39,44,44,10,0
39,44,44,11,0
39,44,44,12,0
39,44,44,13,0
39,44,44,14,0
39,44,44,15,0
39,44,44,16,0
39,44,44,17,0
39,44,44,18,0
39,44,44,19,0
39,44,44,20,0
39,44,44,21,0
39,44,44,22,0
39,44,44,23,0
39,44,44,0,0
39,44,44,1,21
39,44,44,2,0
39,44,44,3,253
39,44,44,4,231
39,44,44,5,91
39,44,44,6,4
39,44,44,7,0
39,44,44,8,0
39,44,44,9,0
39,44,44,10,0
39,44,44,11,0
39,44,44,12,0
39,44,44,13,1
39,44,44,14,3
39,44,44,15,0
39,44,44,16,1
39,44,44,17,3
39,44,44,18,1
39,44,44,19,1
39,44,44,20,1
39,44,44,21,1
39,44,44,22,0
39,44,44,23,0
39,44,44,0,0
39,45,45,1,27
39,45,45,2,1
39,45,45,3,359
39,45,45,4,333
39,45,45,5,81
39,45,45,6,0
39,45,45,7,0
39,45,45,8,0
39,45,45,9,0
39,45,45,10,0
39,45,45,11,0
39,45,45,12,1
39,45,45,13,0
39,45,45,14,1
39,45,45,15,0
39,45,45,16,0
39,45,45,17,0
39,45,45,18,0
39,45,45,19,2
39,45,45,20,0
39,45,45,21,0
39,45,45,22,0
39,45,45,23,0
39,45,45,0,4
39,45,45,1,0
39,45,45,2,0
39,45,45,3,0
39,45,45,4,0
39,45,45,5,0
39,45,45,6,0
39,45,45,7,0
39,45,45,8,0
39,45,45,9,0
39,45,45,10,0
39,45,45,11,0
39,45,45,12,0
39,45,45,13,0
39,45,45,14,0
39,45,45,15,0
39,45,45,16,0
39,45,45,17,0
39,45,45,18,0
39,45,45,19,0
39,45,45,20,0
39,45,45,21,0
39,45,45,22,0
39,45,45,23,0
39,45,45,0,0
39,46,46,1,10
39,46,46,2,3
39,46,46,3,219
39,46,46,4,199
39,46,46,5,34
39,46,46,6,1
39,46,46,7,1
39,46,46,8,0
39,46,46,9,0
39,46,46,10,0
39,46,46,11,0
39,46,46,12,0
39,46,46,13,0
39,46,46,14,1
39,46,46,15,0
39,46,46,16,1
39,46,46,17,0
39,46,46,18,0
39,46,46,19,1
39,46,46,20,1
39,46,46,21,0
39,46,46,22,0
39,46,46,23,1
39,46,46,0,2
39,47,47,1,37
39,47,47,2,1
39,47,47,3,309
39,47,47,4,314
39,47,47,5,62
39,47,47,6,2
39,47,47,7,0
39,47,47,8,0
39,47,47,9,1
39,47,47,10,0
39,47,47,11,0
39,47,47,12,0
39,47,47,13,0
39,47,47,14,1
39,47,47,15,0
39,47,47,16,2
39,47,47,17,1
39,47,47,18,0
39,47,47,19,0
39,47,47,20,0
39,47,47,21,0
39,47,47,22,0
39,47,47,23,2
39,47,47,0,2
39,48,48,1,8
39,48,48,2,0
39,48,48,3,189
39,48,48,4,117
39,48,48,5,74
39,48,48,6,4
39,48,48,7,0
39,48,48,8,0
39,48,48,9,1
39,48,48,10,0
39,48,48,11,0
39,48,48,12,0
39,48,48,13,0
39,48,48,14,0
39,48,48,15,0
39,48,48,16,0
39,48,48,17,0
39,48,48,18,0
39,48,48,19,0
39,48,48,20,0
39,48,48,21,0
39,48,48,22,0
39,48,48,23,0
39,48,48,0,5
39,49,49,1,11
39,49,49,2,1
39,49,49,3,228
39,49,49,4,274
39,49,49,5,110
39,49,49,6,7
39,49,49,7,1
39,49,49,8,0
39,49,49,9,0
39,49,49,10,0
39,49,49,11,1
39,49,49,12,0
39,49,49,13,0
39,49,49,14,0
39,49,49,15,0
39,49,49,16,0
39,49,49,17,0
39,49,49,18,1
39,49,49,19,0
39,49,49,20,0
39,49,49,21,0
39,49,49,22,0
39,49,49,23,0
39,49,49,0,3
39,50,50,1,14
39,50,50,2,0
39,50,50,3,187
39,50,50,4,227
39,50,50,5,371
39,50,50,6,0
39,50,50,7,1
39,50,50,8,2
39,50,50,9,0
39,50,50,10,1
39,50,50,11,0
39,50,50,12,2
39,50,50,13,0
39,50,50,14,3
39,50,50,15,0
39,50,50,16,1
39,50,50,17,0
39,50,50,18,0
39,50,50,19,2
39,50,50,20,0
39,50,50,21,0
39,50,50,22,0
39,50,50,23,1
39,50,50,0,3
39,51,51,1,22
39,51,51,2,1
39,51,51,3,158
39,51,51,4,213
39,51,51,5,397
39,51,51,6,5
39,51,51,7,0
39,51,51,8,0
39,51,51,9,1
39,51,51,10,0
39,51,51,11,1
39,51,51,12,1
39,51,51,13,2
39,51,51,14,3
39,51,51,15,0
39,51,51,16,2
39,51,51,17,1
39,51,51,18,2
39,51,51,19,0
39,51,51,20,0
39,51,51,21,4
39,51,51,22,3
39,51,51,23,0
39,51,51,0,3
39,52,52,1,21
39,52,52,2,0
39,52,52,3,402
39,52,52,4,228
39,52,52,5,71
39,52,52,6,3
39,52,52,7,0
39,52,52,8,0
39,52,52,9,0
39,52,52,10,1
39,52,52,11,1
39,52,52,12,1
39,52,52,13,0
39,52,52,14,0
39,52,52,15,0
39,52,52,16,1
39,52,52,17,0
39,52,52,18,0
39,52,52,19,1
39,52,52,20,0
39,52,52,21,0
39,52,52,22,1
39,52,52,23,0
39,52,52,0,3
39,53,53,1,25
39,53,53,2,1
39,53,53,3,270
39,53,53,4,295
39,53,53,5,168
39,53,53,6,6
39,53,53,7,4
39,53,53,8,0
39,53,53,9,0
39,53,53,10,0
39,53,53,11,0
39,53,53,12,0
39,53,53,13,0
39,53,53,14,1
39,53,53,15,0
39,53,53,16,0
39,53,53,17,1
39,53,53,18,2
39,53,53,19,0
39,53,53,20,1
39,53,53,21,3
39,53,53,22,1
39,53,53,23,0
39,53,53,0,3
39,54,54,1,14
39,54,54,2,0
39,54,54,3,201
39,54,54,4,205
39,54,54,5,157
39,54,54,6,7
39,54,54,7,0
39,54,54,8,0
39,54,54,9,1
39,54,54,10,2
39,54,54,11,0
39,54,54,12,0
39,54,54,13,0
39,54,54,14,0
39,54,54,15,0
39,54,54,16,0
39,54,54,17,0
39,54,54,18,0
39,54,54,19,2
39,54,54,20,0
39,54,54,21,0
39,54,54,22,1
39,54,54,23,0
39,54,54,0,0
39,55,55,1,14
39,55,55,2,0
39,55,55,3,246
39,55,55,4,241
39,55,55,5,150
39,55,55,6,4
39,55,55,7,0
39,55,55,8,0
39,55,55,9,0
39,55,55,10,1
39,55,55,11,1
39,55,55,12,0
39,55,55,13,0
39,55,55,14,0
39,55,55,15,1
39,55,55,16,0
39,55,55,17,1
39,55,55,18,0
39,55,55,19,1
39,55,55,20,0
39,55,55,21,1
39,55,55,22,1
39,55,55,23,0
39,55,55,0,2
39,56,56,1,35
39,56,56,2,0
39,56,56,3,304
39,56,56,4,233
39,56,56,5,78
39,56,56,6,0
39,56,56,7,0
39,56,56,8,0
39,56,56,9,1
39,56,56,10,0
39,56,56,11,0
39,56,56,12,0
39,56,56,13,1
39,56,56,14,0
39,56,56,15,1
39,56,56,16,0
39,56,56,17,0
39,56,56,18,0
39,56,56,19,2
39,56,56,20,1
39,56,56,21,0
39,56,56,22,0
39,56,56,23,0
39,56,56,0,6
39,57,57,1,25
39,57,57,2,1
39,57,57,3,228
39,57,57,4,261
39,57,57,5,45
39,57,57,6,0
39,57,57,7,0
39,57,57,8,0
39,57,57,9,0
39,57,57,10,1
39,57,57,11,0
39,57,57,12,1
39,57,57,13,0
39,57,57,14,1
39,57,57,15,0
39,57,57,16,0
39,57,57,17,0
39,57,57,18,0
39,57,57,19,3
39,57,57,20,0
39,57,57,21,0
39,57,57,22,0
39,57,57,23,0
39,57,57,0,2
39,57,57,1,0
39,57,57,2,0
39,57,57,3,0
39,57,57,4,0
39,57,57,5,0
39,57,57,6,0
39,57,57,7,0
39,57,57,8,0
39,57,57,9,0
39,57,57,10,0
39,57,57,11,0
39,57,57,12,0
39,57,57,13,0
39,57,57,14,0
39,57,57,15,0
39,57,57,16,0
39,57,57,17,0
39,57,57,18,0
39,57,57,19,0
39,57,57,20,0
39,57,57,21,0
39,57,57,22,0
39,57,57,23,0
39,57,57,0,0
39,58,58,1,20
39,58,58,2,0
39,58,58,3,253
39,58,58,4,249
39,58,58,5,53
39,58,58,6,1
39,58,58,7,0
39,58,58,8,0
39,58,58,9,0
39,58,58,10,1
39,58,58,11,1
39,58,58,12,0
39,58,58,13,0
39,58,58,14,0
39,58,58,15,0
39,58,58,16,0
39,58,58,17,0
39,58,58,18,0
39,58,58,19,0
39,58,58,20,0
39,58,58,21,1
39,58,58,22,0
39,58,58,23,0
39,58,58,0,2
39,58,58,1,0
39,58,58,2,0
39,58,58,3,0
39,58,58,4,0
39,58,58,5,0
39,58,58,6,0
39,58,58,7,0
39,58,58,8,0
39,58,58,9,0
39,58,58,10,0
39,58,58,11,0
39,58,58,12,0
39,58,58,13,0
39,58,58,14,0
39,58,58,15,0
39,58,58,16,0
39,58,58,17,0
39,58,58,18,0
39,58,58,19,0
39,58,58,20,0
39,58,58,21,0
39,58,58,22,0
39,58,58,23,0
39,58,58,0,0
39,59,59,1,22
39,59,59,2,0
39,59,59,3,169
39,59,59,4,156
39,59,59,5,24
39,59,59,6,0
39,59,59,7,0
39,59,59,8,0
39,59,59,9,0
39,59,59,10,0
39,59,59,11,0
39,59,59,12,0
39,59,59,13,0
39,59,59,14,0
39,59,59,15,0
39,59,59,16,0
39,59,59,17,0
39,59,59,18,0
39,59,59,19,1
39,59,59,20,0
39,59,59,21,0
39,59,59,22,0
39,59,59,23,0
39,59,59,0,1
39,59,59,1,0
39,59,59,2,0
39,59,59,3,0
39,59,59,4,0
39,59,59,5,0
39,59,59,6,0
39,59,59,7,0
39,59,59,8,0
39,59,59,9,0
39,59,59,10,0
39,59,59,11,0
39,59,59,12,0
39,59,59,13,0
39,59,59,14,0
39,59,59,15,0
39,59,59,16,0
39,59,59,17,0
39,59,59,18,0
39,59,59,19,0
39,59,59,20,0
39,59,59,21,0
39,59,59,22,0
39,59,59,23,0
39,59,59,0,0
39,60,60,1,13
39,60,60,2,0
39,60,60,3,191
39,60,60,4,160
39,60,60,5,49
39,60,60,6,3
39,60,60,7,0
39,60,60,8,5
39,60,60,9,0
39,60,60,10,0
39,60,60,11,0
39,60,60,12,1
39,60,60,13,0
39,60,60,14,0
39,60,60,15,0
39,60,60,16,0
39,60,60,17,0
39,60,60,18,0
39,60,60,19,2
39,60,60,20,0
39,60,60,21,0
39,60,60,22,0
39,60,60,23,0
39,60,60,0,3
39,61,61,1,11
39,61,61,2,2
39,61,61,3,185
39,61,61,4,141
39,61,61,5,31
39,61,61,6,3
39,61,61,7,0
39,61,61,8,1
39,61,61,9,0
39,61,61,10,0
39,61,61,11,0
39,61,61,12,0
39,61,61,13,0
39,61,61,14,0
39,61,61,15,0
39,61,61,16,0
39,61,61,17,0
39,61,61,18,3
39,61,61,19,2
39,61,61,20,0
39,61,61,21,0
39,61,61,22,0
39,61,61,23,0
39,61,61,0,2
39,62,62,1,22
39,62,62,2,0
39,62,62,3,215
39,62,62,4,218
39,62,62,5,77
39,62,62,6,4
39,62,62,7,0
39,62,62,8,2
39,62,62,9,3
39,62,62,10,0
39,62,62,11,0
39,62,62,12,1
39,62,62,13,0
39,62,62,14,0
39,62,62,15,0
39,62,62,16,0
39,62,62,17,0
39,62,62,18,1
39,62,62,19,2
39,62,62,20,1
39,62,62,21,0
39,62,62,22,0
39,62,62,23,0
39,62,62,0,1
39,63,63,1,12
39,63,63,2,0
39,63,63,3,167
39,63,63,4,194
39,63,63,5,82
39,63,63,6,2
39,63,63,7,0
39,63,63,8,1
39,63,63,9,1
39,63,63,10,0
39,63,63,11,0
39,63,63,12,0
39,63,63,13,0
39,63,63,14,0
39,63,63,15,0
39,63,63,16,0
39,63,63,17,0
39,63,63,18,2
39,63,63,19,0
39,63,63,20,1
39,63,63,21,0
39,63,63,22,1
39,63,63,23,0
39,63,63,0,2
39,64,64,1,16
39,64,64,2,1
39,64,64,3,359
39,64,64,4,215
39,64,64,5,46
39,64,64,6,2
39,64,64,7,0
39,64,64,8,0
39,64,64,9,0
39,64,64,10,0
39,64,64,11,0
39,64,64,12,0
39,64,64,13,0
39,64,64,14,0
39,64,64,15,0
39,64,64,16,0
39,64,64,17,1
39,64,64,18,1
39,64,64,19,3
39,64,64,20,0
39,64,64,21,1
39,64,64,22,0
39,64,64,23,0
39,64,64,0,4
39,65,65,1,37
39,65,65,2,2
39,65,65,3,373
39,65,65,4,386
39,65,65,5,133
39,65,65,6,3
39,65,65,7,0
39,65,65,8,0
39,65,65,9,0
39,65,65,10,0
39,65,65,11,0
39,65,65,12,0
39,65,65,13,1
39,65,65,14,0
39,65,65,15,0
39,65,65,16,0
39,65,65,17,0
39,65,65,18,0
39,65,65,19,0
39,65,65,20,0
39,65,65,21,0
39,65,65,22,3
39,65,65,23,0
39,65,65,0,2
39,66,66,1,7
39,66,66,2,1
39,66,66,3,235
39,66,66,4,176
39,66,66,5,68
39,66,66,6,2
39,66,66,7,0
39,66,66,8,0
39,66,66,9,0
39,66,66,10,0
39,66,66,11,0
39,66,66,12,0
39,66,66,13,0
39,66,66,14,0
39,66,66,15,1
39,66,66,16,0
39,66,66,17,1
39,66,66,18,3
39,66,66,19,0
39,66,66,20,0
39,66,66,21,3
39,66,66,22,1
39,66,66,23,0
39,66,66,0,1
39,67,67,1,12
39,67,67,2,1
39,67,67,3,273
39,67,67,4,152
39,67,67,5,51
39,67,67,6,1
39,67,67,7,0
39,67,67,8,0
39,67,67,9,0
39,67,67,10,0
39,67,67,11,0
39,67,67,12,0
39,67,67,13,0
39,67,67,14,1
39,67,67,15,0
39,67,67,16,1
39,67,67,17,0
39,67,67,18,1
39,67,67,19,2
39,67,67,20,0
39,67,67,21,0
39,67,67,22,1
39,67,67,23,0
39,67,67,0,1
39,68,68,1,42
39,68,68,2,1
39,68,68,3,477
39,68,68,4,518
39,68,68,5,35
39,68,68,6,0
39,68,68,7,0
39,68,68,8,1
39,68,68,9,0
39,68,68,10,0
39,68,68,11,3
39,68,68,12,0
39,68,68,13,0
39,68,68,14,3
39,68,68,15,0
39,68,68,16,0
39,68,68,17,2
39,68,68,18,0
39,68,68,19,1
39,68,68,20,2
39,68,68,21,0
39,68,68,22,0
39,68,68,23,1
39,68,68,0,2
39,69,69,1,10
39,69,69,2,0
39,69,69,3,229
39,69,69,4,216
39,69,69,5,24
39,69,69,6,1
39,69,69,7,0
39,69,69,8,0
39,69,69,9,0
39,69,69,10,0
39,69,69,11,1
39,69,69,12,0
39,69,69,13,0
39,69,69,14,0
39,69,69,15,0
39,69,69,16,0
39,69,69,17,1
39,69,69,18,0
39,69,69,19,0
39,69,69,20,1
39,69,69,21,0
39,69,69,22,0
39,69,69,23,0
39,69,69,0,1
39,70,70,1,9
39,70,70,2,0
39,70,70,3,164
39,70,70,4,145
39,70,70,5,224
39,70,70,6,2
39,70,70,7,0
39,70,70,8,0
39,70,70,9,0
39,70,70,10,0
39,70,70,11,0
39,70,70,12,0
39,70,70,13,0
39,70,70,14,0
39,70,70,15,0
39,70,70,16,0
39,70,70,17,0
39,70,70,18,0
39,70,70,19,1
39,70,70,20,0
39,70,70,21,0
39,70,70,22,0
39,70,70,23,0
39,70,70,0,0
39,71,71,1,0
39,71,71,2,0
39,71,71,3,0
39,71,71,4,0
39,71,71,5,0
39,71,71,6,0
39,71,71,7,0
39,71,71,8,0
39,71,71,9,0
39,71,71,10,0
39,71,71,11,0
39,71,71,12,0
39,71,71,13,0
39,71,71,14,0
39,71,71,15,0
39,71,71,16,0
39,71,71,17,0
39,71,71,18,0
39,71,71,19,0
39,71,71,20,0
39,71,71,21,0
39,71,71,22,0
39,71,71,23,0
39,71,71,0,0
39,71,71,1,18
39,71,71,2,15
39,71,71,3,230
39,71,71,4,408
39,71,71,5,107
39,71,71,6,0
39,71,71,7,0
39,71,71,8,1
39,71,71,9,1
39,71,71,10,1
39,71,71,11,0
39,71,71,12,2
39,71,71,13,0
39,71,71,14,1
39,71,71,15,0
39,71,71,16,0
39,71,71,17,1
39,71,71,18,0
39,71,71,19,4
39,71,71,20,0
39,71,71,21,0
39,71,71,22,2
39,71,71,23,0
39,71,71,0,2
39,72,72,1,0
39,72,72,2,0
39,72,72,3,0
39,72,72,4,0
39,72,72,5,0
39,72,72,6,0
39,72,72,7,0
39,72,72,8,0
39,72,72,9,0
39,72,72,10,0
39,72,72,11,0
39,72,72,12,0
39,72,72,13,0
39,72,72,14,0
39,72,72,15,0
39,72,72,16,0
39,72,72,17,0
39,72,72,18,0
39,72,72,19,0
39,72,72,20,0
39,72,72,21,0
39,72,72,22,0
39,72,72,23,0
39,72,72,0,0
39,72,72,1,11
39,72,72,2,8
39,72,72,3,206
39,72,72,4,259
39,72,72,5,96
39,72,72,6,2
39,72,72,7,0
39,72,72,8,0
39,72,72,9,0
39,72,72,10,1
39,72,72,11,1
39,72,72,12,1
39,72,72,13,0
39,72,72,14,0
39,72,72,15,0
39,72,72,16,1
39,72,72,17,0
39,72,72,18,1
39,72,72,19,1
39,72,72,20,1
39,72,72,21,1
39,72,72,22,0
39,72,72,23,0
39,72,72,0,3
39,73,73,1,5
39,73,73,2,0
39,73,73,3,84
39,73,73,4,136
39,73,73,5,59
39,73,73,6,0
39,73,73,7,0
39,73,73,8,0
39,73,73,9,0
39,73,73,10,0
39,73,73,11,0
39,73,73,12,0
39,73,73,13,0
39,73,73,14,0
39,73,73,15,0
39,73,73,16,1
39,73,73,17,0
39,73,73,18,0
39,73,73,19,0
39,73,73,20,0
39,73,73,21,0
39,73,73,22,0
39,73,73,23,0
39,73,73,0,0
39,73,73,1,0
39,73,73,2,0
39,73,73,3,0
39,73,73,4,0
39,73,73,5,0
39,73,73,6,0
39,73,73,7,0
39,73,73,8,0
39,73,73,9,0
39,73,73,10,0
39,73,73,11,0
39,73,73,12,0
39,73,73,13,0
39,73,73,14,0
39,73,73,15,0
39,73,73,16,0
39,73,73,17,0
39,73,73,18,0
39,73,73,19,0
39,73,73,20,0
39,73,73,21,0
39,73,73,22,0
39,73,73,23,0
39,73,73,0,0
39,74,74,1,22
39,74,74,2,2
39,74,74,3,309
39,74,74,4,416
39,74,74,5,169
39,74,74,6,2
39,74,74,7,1
39,74,74,8,0
39,74,74,9,0
39,74,74,10,1
39,74,74,11,0
39,74,74,12,2
39,74,74,13,0
39,74,74,14,0
39,74,74,15,0
39,74,74,16,0
39,74,74,17,0
39,74,74,18,1
39,74,74,19,0
39,74,74,20,0
39,74,74,21,0
39,74,74,22,3
39,74,74,23,0
39,74,74,0,3
39,75,75,1,47
39,75,75,2,4
39,75,75,3,244
39,75,75,4,364
39,75,75,5,152
39,75,75,6,4
39,75,75,7,2
39,75,75,8,0
39,75,75,9,0
39,75,75,10,3
39,75,75,11,2
39,75,75,12,6
39,75,75,13,5
39,75,75,14,2
39,75,75,15,0
39,75,75,16,2
39,75,75,17,2
39,75,75,18,4
39,75,75,19,5
39,75,75,20,1
39,75,75,21,0
39,75,75,22,4
39,75,75,23,4
39,75,75,0,7
39,76,76,1,24
39,76,76,2,1
39,76,76,3,275
39,76,76,4,472
39,76,76,5,70
39,76,76,6,0
39,76,76,7,0
39,76,76,8,0
39,76,76,9,1
39,76,76,10,0
39,76,76,11,3
39,76,76,12,1
39,76,76,13,0
39,76,76,14,0
39,76,76,15,1
39,76,76,16,1
39,76,76,17,0
39,76,76,18,3
39,76,76,19,2
39,76,76,20,1
39,76,76,21,0
39,76,76,22,0
39,76,76,23,0
39,76,76,0,0
39,77,77,1,24
39,77,77,2,1
39,77,77,3,272
39,77,77,4,340
39,77,77,5,140
39,77,77,6,9
39,77,77,7,2
39,77,77,8,1
39,77,77,9,0
39,77,77,10,1
39,77,77,11,2
39,77,77,12,1
39,77,77,13,2
39,77,77,14,5
39,77,77,15,1
39,77,77,16,1
39,77,77,17,0
39,77,77,18,3
39,77,77,19,4
39,77,77,20,1
39,77,77,21,2
39,77,77,22,3
39,77,77,23,3
39,77,77,0,3
39,78,78,1,20
39,78,78,2,1
39,78,78,3,132
39,78,78,4,195
39,78,78,5,238
39,78,78,6,2
39,78,78,7,0
39,78,78,8,0
39,78,78,9,0
39,78,78,10,0
39,78,78,11,1
39,78,78,12,1
39,78,78,13,0
39,78,78,14,0
39,78,78,15,0
39,78,78,16,2
39,78,78,17,0
39,78,78,18,0
39,78,78,19,2
39,78,78,20,1
39,78,78,21,0
39,78,78,22,2
39,78,78,23,0
39,78,78,0,3
39,79,79,1,15
39,79,79,2,1
39,79,79,3,294
39,79,79,4,257
39,79,79,5,204
39,79,79,6,2
39,79,79,7,1
39,79,79,8,0
39,79,79,9,1
39,79,79,10,0
39,79,79,11,2
39,79,79,12,2
39,79,79,13,1
39,79,79,14,1
39,79,79,15,0
39,79,79,16,2
39,79,79,17,1
39,79,79,18,1
39,79,79,19,6
39,79,79,20,5
39,79,79,21,2
39,79,79,22,4
39,79,79,23,0
39,79,79,0,0
39,80,80,1,17
39,80,80,2,2
39,80,80,3,153
39,80,80,4,215
39,80,80,5,584
39,80,80,6,3
39,80,80,7,1
39,80,80,8,0
39,80,80,9,1
39,80,80,10,0
39,80,80,11,3
39,80,80,12,1
39,80,80,13,2
39,80,80,14,2
39,80,80,15,0
39,80,80,16,0
39,80,80,17,2
39,80,80,18,1
39,80,80,19,1
39,80,80,20,0
39,80,80,21,3
39,80,80,22,0
39,80,80,23,0
39,80,80,0,1
39,81,81,1,16
39,81,81,2,1
39,81,81,3,140
39,81,81,4,249
39,81,81,5,67
39,81,81,6,1
39,81,81,7,0
39,81,81,8,0
39,81,81,9,0
39,81,81,10,0
39,81,81,11,2
39,81,81,12,0
39,81,81,13,1
39,81,81,14,1
39,81,81,15,1
39,81,81,16,0
39,81,81,17,0
39,81,81,18,1
39,81,81,19,0
39,81,81,20,0
39,81,81,21,0
39,81,81,22,0
39,81,81,23,0
39,81,81,0,2
39,82,82,1,12
39,82,82,2,3
39,82,82,3,192
39,82,82,4,136
39,82,82,5,416
39,82,82,6,2
39,82,82,7,2
39,82,82,8,1
39,82,82,9,0
39,82,82,10,0
39,82,82,11,0
39,82,82,12,2
39,82,82,13,0
39,82,82,14,2
39,82,82,15,1
39,82,82,16,1
39,82,82,17,1
39,82,82,18,1
39,82,82,19,1
39,82,82,20,0
39,82,82,21,2
39,82,82,22,5
39,82,82,23,0
39,82,82,0,1
39,83,83,1,14
39,83,83,2,0
39,83,83,3,93
39,83,83,4,61
39,83,83,5,355
39,83,83,6,2
39,83,83,7,0
39,83,83,8,0
39,83,83,9,0
39,83,83,10,0
39,83,83,11,0
39,83,83,12,1
39,83,83,13,0
39,83,83,14,0
39,83,83,15,0
39,83,83,16,1
39,83,83,17,6
39,83,83,18,0
39,83,83,19,1
39,83,83,20,1
39,83,83,21,3
39,83,83,22,0
39,83,83,23,0
39,83,83,0,1
39,84,84,1,8
39,84,84,2,1
39,84,84,3,193
39,84,84,4,241
39,84,84,5,300
39,84,84,6,2
39,84,84,7,0
39,84,84,8,0
39,84,84,9,1
39,84,84,10,2
39,84,84,11,1
39,84,84,12,1
39,84,84,13,3
39,84,84,14,2
39,84,84,15,0
39,84,84,16,2
39,84,84,17,4
39,84,84,18,1
39,84,84,19,3
39,84,84,20,3
39,84,84,21,3
39,84,84,22,2
39,84,84,23,0
39,84,84,0,0
39,85,85,1,0
39,85,85,2,0
39,85,85,3,0
39,85,85,4,0
39,85,85,5,0
39,85,85,6,0
39,85,85,7,0
39,85,85,8,0
39,85,85,9,0
39,85,85,10,0
39,85,85,11,0
39,85,85,12,0
39,85,85,13,0
39,85,85,14,0
39,85,85,15,0
39,85,85,16,0
39,85,85,17,0
39,85,85,18,0
39,85,85,19,0
39,85,85,20,0
39,85,85,21,0
39,85,85,22,0
39,85,85,23,0
39,85,85,0,0
39,85,85,1,9
39,85,85,2,2
39,85,85,3,119
39,85,85,4,342
39,85,85,5,186
39,85,85,6,1
39,85,85,7,2
39,85,85,8,2
39,85,85,9,0
39,85,85,10,1
39,85,85,11,1
39,85,85,12,1
39,85,85,13,3
39,85,85,14,1
39,85,85,15,1
39,85,85,16,0
39,85,85,17,3
39,85,85,18,0
39,85,85,19,1
39,85,85,20,2
39,85,85,21,1
39,85,85,22,0
39,85,85,23,1
39,85,85,0,0
39,86,86,1,0
39,86,86,2,0
39,86,86,3,0
39,86,86,4,0
39,86,86,5,0
39,86,86,6,0
39,86,86,7,0
39,86,86,8,0
39,86,86,9,0
39,86,86,10,0
39,86,86,11,0
39,86,86,12,0
39,86,86,13,0
39,86,86,14,0
39,86,86,15,0
39,86,86,16,0
39,86,86,17,0
39,86,86,18,0
39,86,86,19,0
39,86,86,20,0
39,86,86,21,0
39,86,86,22,0
39,86,86,23,0
39,86,86,0,0
39,86,86,1,12
39,86,86,2,0
39,86,86,3,179
39,86,86,4,270
39,86,86,5,225
39,86,86,6,2
39,86,86,7,0
39,86,86,8,0
39,86,86,9,0
39,86,86,10,0
39,86,86,11,0
39,86,86,12,2
39,86,86,13,1
39,86,86,14,3
39,86,86,15,0
39,86,86,16,1
39,86,86,17,0
39,86,86,18,3
39,86,86,19,2
39,86,86,20,6
39,86,86,21,2
39,86,86,22,2
39,86,86,23,0
39,86,86,0,0
39,87,87,1,0
39,87,87,2,0
39,87,87,3,0
39,87,87,4,0
39,87,87,5,0
39,87,87,6,0
39,87,87,7,0
39,87,87,8,0
39,87,87,9,0
39,87,87,10,0
39,87,87,11,0
39,87,87,12,0
39,87,87,13,0
39,87,87,14,0
39,87,87,15,0
39,87,87,16,0
39,87,87,17,0
39,87,87,18,0
39,87,87,19,0
39,87,87,20,0
39,87,87,21,0
39,87,87,22,0
39,87,87,23,0
39,87,87,0,0
39,87,87,1,8
39,87,87,2,1
39,87,87,3,57
39,87,87,4,93
39,87,87,5,392
39,87,87,6,1
39,87,87,7,0
39,87,87,8,0
39,87,87,9,1
39,87,87,10,0
39,87,87,11,2
39,87,87,12,21
39,87,87,13,0
39,87,87,14,1
39,87,87,15,0
39,87,87,16,1
39,87,87,17,0
39,87,87,18,0
39,87,87,19,0
39,87,87,20,0
39,87,87,21,2
39,87,87,22,2
39,87,87,23,0
39,87,87,0,2
39,88,88,1,24
39,88,88,2,2
39,88,88,3,137
39,88,88,4,386
39,88,88,5,62
39,88,88,6,2
39,88,88,7,0
39,88,88,8,1
39,88,88,9,0
39,88,88,10,1
39,88,88,11,1
39,88,88,12,7
39,88,88,13,2
39,88,88,14,3
39,88,88,15,2
39,88,88,16,2
39,88,88,17,2
39,88,88,18,0
39,88,88,19,9
39,88,88,20,1
39,88,88,21,2
39,88,88,22,1
39,88,88,23,2
39,88,88,0,2
39,89,89,1,12
39,89,89,2,1
39,89,89,3,131
39,89,89,4,238
39,89,89,5,136
39,89,89,6,1
39,89,89,7,0
39,89,89,8,2
39,89,89,9,0
39,89,89,10,0
39,89,89,11,0
39,89,89,12,7
39,89,89,13,1
39,89,89,14,0
39,89,89,15,0
39,89,89,16,1
39,89,89,17,0
39,89,89,18,1
39,89,89,19,2
39,89,89,20,0
39,89,89,21,1
39,89,89,22,3
39,89,89,23,0
39,89,89,0,2
39,90,90,1,21
39,90,90,2,0
39,90,90,3,195
39,90,90,4,251
39,90,90,5,123
39,90,90,6,1
39,90,90,7,1
39,90,90,8,0
39,90,90,9,0
39,90,90,10,0
39,90,90,11,1
39,90,90,12,2
39,90,90,13,0
39,90,90,14,0
39,90,90,15,0
39,90,90,16,1
39,90,90,17,1
39,90,90,18,6
39,90,90,19,3
39,90,90,20,1
39,90,90,21,1
39,90,90,22,2
39,90,90,23,0
39,90,90,0,2
39,91,91,1,15
39,91,91,2,1
39,91,91,3,48
39,91,91,4,150
39,91,91,5,225
39,91,91,6,0
39,91,91,7,1
39,91,91,8,0
39,91,91,9,0
39,91,91,10,0
39,91,91,11,1
39,91,91,12,0
39,91,91,13,0
39,91,91,14,0
39,91,91,15,0
39,91,91,16,0
39,91,91,17,1
39,91,91,18,0
39,91,91,19,0
39,91,91,20,0
39,91,91,21,1
39,91,91,22,0
39,91,91,23,0
39,91,91,0,1
39,92,92,1,28
39,92,92,2,2
39,92,92,3,257
39,92,92,4,426
39,92,92,5,70
39,92,92,6,0
39,92,92,7,1
39,92,92,8,1
39,92,92,9,0
39,92,92,10,0
39,92,92,11,3
39,92,92,12,1
39,92,92,13,2
39,92,92,14,1
39,92,92,15,0
39,92,92,16,1
39,92,92,17,1
39,92,92,18,2
39,92,92,19,0
39,92,92,20,3
39,92,92,21,0
39,92,92,22,0
39,92,92,23,0
39,92,92,0,1
39,93,93,1,25
39,93,93,2,2
39,93,93,3,168
39,93,93,4,376
39,93,93,5,146
39,93,93,6,2
39,93,93,7,0
39,93,93,8,0
39,93,93,9,1
39,93,93,10,3
39,93,93,11,4
39,93,93,12,5
39,93,93,13,1
39,93,93,14,6
39,93,93,15,0
39,93,93,16,2
39,93,93,17,2
39,93,93,18,2
39,93,93,19,4
39,93,93,20,5
39,93,93,21,2
39,93,93,22,2
39,93,93,23,1
39,93,93,0,2
39,94,94,1,6
39,94,94,2,1
39,94,94,3,180
39,94,94,4,183
39,94,94,5,40
39,94,94,6,0
39,94,94,7,0
39,94,94,8,0
39,94,94,9,0
39,94,94,10,1
39,94,94,11,0
39,94,94,12,0
39,94,94,13,0
39,94,94,14,0
39,94,94,15,0
39,94,94,16,1
39,94,94,17,0
39,94,94,18,0
39,94,94,19,3
39,94,94,20,2
39,94,94,21,2
39,94,94,22,2
39,94,94,23,1
39,94,94,0,0
39,95,95,1,5
39,95,95,2,0
39,95,95,3,205
39,95,95,4,157
39,95,95,5,57
39,95,95,6,0
39,95,95,7,1
39,95,95,8,0
39,95,95,9,0
39,95,95,10,0
39,95,95,11,0
39,95,95,12,0
39,95,95,13,0
39,95,95,14,1
39,95,95,15,0
39,95,95,16,0
39,95,95,17,0
39,95,95,18,0
39,95,95,19,3
39,95,95,20,1
39,95,95,21,1
39,95,95,22,1
39,95,95,23,0
39,95,95,0,0
39,96,96,1,2
39,96,96,2,0
39,96,96,3,261
39,96,96,4,278
39,96,96,5,69
39,96,96,6,1
39,96,96,7,0
39,96,96,8,0
39,96,96,9,0
39,96,96,10,0
39,96,96,11,1
39,96,96,12,0
39,96,96,13,0
39,96,96,14,0
39,96,96,15,0
39,96,96,16,0
39,96,96,17,0
39,96,96,18,0
39,96,96,19,1
39,96,96,20,1
39,96,96,21,0
39,96,96,22,1
39,96,96,23,0
39,96,96,0,1
39,97,97,1,7
39,97,97,2,1
39,97,97,3,61
39,97,97,4,198
39,97,97,5,396
39,97,97,6,1
39,97,97,7,1
39,97,97,8,0
39,97,97,9,1
39,97,97,10,0
39,97,97,11,1
39,97,97,12,0
39,97,97,13,0
39,97,97,14,0
39,97,97,15,1
39,97,97,16,0
39,97,97,17,0
39,97,97,18,0
39,97,97,19,1
39,97,97,20,0
39,97,97,21,0
39,97,97,22,2
39,97,97,23,1
39,97,97,0,2
39,98,98,1,17
39,98,98,2,0
39,98,98,3,105
39,98,98,4,242
39,98,98,5,318
39,98,98,6,3
39,98,98,7,0
39,98,98,8,0
39,98,98,9,1
39,98,98,10,0
39,98,98,11,1
39,98,98,12,1
39,98,98,13,1
39,98,98,14,1
39,98,98,15,0
39,98,98,16,3
39,98,98,17,0
39,98,98,18,1
39,98,98,19,1
39,98,98,20,1
39,98,98,21,0
39,98,98,22,11
39,98,98,23,0
39,98,98,0,1
39,99,99,1,0
39,99,99,2,0
39,99,99,3,0
39,99,99,4,0
39,99,99,5,0
39,99,99,6,0
39,99,99,7,0
39,99,99,8,0
39,99,99,9,0
39,99,99,10,0
39,99,99,11,0
39,99,99,12,0
39,99,99,13,0
39,99,99,14,0
39,99,99,15,0
39,99,99,16,0
39,99,99,17,0
39,99,99,18,0
39,99,99,19,0
39,99,99,20,0
39,99,99,21,0
39,99,99,22,0
39,99,99,23,0
39,99,99,0,0
39,99,99,1,14
39,99,99,2,3
39,99,99,3,89
39,99,99,4,187
39,99,99,5,642
39,99,99,6,2
39,99,99,7,2
39,99,99,8,0
39,99,99,9,1
39,99,99,10,2
39,99,99,11,1
39,99,99,12,2
39,99,99,13,2
39,99,99,14,1
39,99,99,15,0
39,99,99,16,4
39,99,99,17,0
39,99,99,18,6
39,99,99,19,4
39,99,99,20,5
39,99,99,21,8
39,99,99,22,7
39,99,99,23,1
39,99,99,0,3
39,100,100,1,0
39,100,100,2,0
39,100,100,3,0
39,100,100,4,0
39,100,100,5,0
39,100,100,6,0
39,100,100,7,0
39,100,100,8,0
39,100,100,9,0
39,100,100,10,0
39,100,100,11,0
39,100,100,12,0
39,100,100,13,0
39,100,100,14,0
39,100,100,15,0
39,100,100,16,0
39,100,100,17,0
39,100,100,18,0
39,100,100,19,0
39,100,100,20,0
39,100,100,21,0
39,100,100,22,0
39,100,100,23,0
39,100,100,0,0
39,100,100,1,12
39,100,100,2,2
39,100,100,3,111
39,100,100,4,313
39,100,100,5,68
39,100,100,6,2
39,100,100,7,1
39,100,100,8,0
39,100,100,9,0
39,100,100,10,0
39,100,100,11,1
39,100,100,12,1
39,100,100,13,2
39,100,100,14,0
39,100,100,15,0
39,100,100,16,1
39,100,100,17,1
39,100,100,18,0
39,100,100,19,2
39,100,100,20,2
39,100,100,21,1
39,100,100,22,0
39,100,100,23,1
39,100,100,0,2
39,101,101,1,0
39,101,101,2,0
39,101,101,3,0
39,101,101,4,0
39,101,101,5,0
39,101,101,6,0
39,101,101,7,0
39,101,101,8,0
39,101,101,9,0
39,101,101,10,0
39,101,101,11,0
39,101,101,12,0
39,101,101,13,0
39,101,101,14,0
39,101,101,15,0
39,101,101,16,0
39,101,101,17,0
39,101,101,18,0
39,101,101,19,0
39,101,101,20,0
39,101,101,21,0
39,101,101,22,0
39,101,101,23,0
39,101,101,0,0
39,101,101,1,19
39,101,101,2,1
39,101,101,3,243
39,101,101,4,314
39,101,101,5,154
39,101,101,6,2
39,101,101,7,1
39,101,101,8,1
39,101,101,9,2
39,101,101,10,0
39,101,101,11,0
39,101,101,12,1
39,101,101,13,3
39,101,101,14,3
39,101,101,15,2
39,101,101,16,3
39,101,101,17,1
39,101,101,18,0
39,101,101,19,0
39,101,101,20,0
39,101,101,21,1
39,101,101,22,1
39,101,101,23,1
39,101,101,0,1
39,102,102,1,13
39,102,102,2,2
39,102,102,3,210
39,102,102,4,247
39,102,102,5,85
39,102,102,6,0
39,102,102,7,0
39,102,102,8,0
39,102,102,9,1
39,102,102,10,0
39,102,102,11,1
39,102,102,12,1
39,102,102,13,0
39,102,102,14,0
39,102,102,15,0
39,102,102,16,1
39,102,102,17,1
39,102,102,18,0
39,102,102,19,2
39,102,102,20,1
39,102,102,21,2
39,102,102,22,2
39,102,102,23,0
39,102,102,0,2
39,103,103,1,10
39,103,103,2,2
39,103,103,3,198
39,103,103,4,392
39,103,103,5,43
39,103,103,6,2
39,103,103,7,0
39,103,103,8,1
39,103,103,9,0
39,103,103,10,0
39,103,103,11,0
39,103,103,12,1
39,103,103,13,1
39,103,103,14,1
39,103,103,15,0
39,103,103,16,0
39,103,103,17,0
39,103,103,18,0
39,103,103,19,1
39,103,103,20,6
39,103,103,21,1
39,103,103,22,0
39,103,103,23,0
39,103,103,0,1
39,104,104,1,30
39,104,104,2,1
39,104,104,3,259
39,104,104,4,237
39,104,104,5,81
39,104,104,6,0
39,104,104,7,0
39,104,104,8,0
39,104,104,9,0
39,104,104,10,0
39,104,104,11,0
39,104,104,12,0
39,104,104,13,0
39,104,104,14,0
39,104,104,15,1
39,104,104,16,0
39,104,104,17,0
39,104,104,18,1
39,104,104,19,0
39,104,104,20,1
39,104,104,21,0
39,104,104,22,0
39,104,104,23,0
39,104,104,0,1
39,105,105,1,30
39,105,105,2,0
39,105,105,3,106
39,105,105,4,195
39,105,105,5,713
39,105,105,6,3
39,105,105,7,1
39,105,105,8,1
39,105,105,9,0
39,105,105,10,0
39,105,105,11,1
39,105,105,12,0
39,105,105,13,0
39,105,105,14,0
39,105,105,15,1
39,105,105,16,3
39,105,105,17,1
39,105,105,18,2
39,105,105,19,0
39,105,105,20,2
39,105,105,21,4
39,105,105,22,9
39,105,105,23,1
39,105,105,0,3
39,106,106,1,9
39,106,106,2,0
39,106,106,3,14
39,106,106,4,76
39,106,106,5,868
39,106,106,6,0
39,106,106,7,0
39,106,106,8,0
39,106,106,9,0
39,106,106,10,1
39,106,106,11,0
39,106,106,12,0
39,106,106,13,0
39,106,106,14,0
39,106,106,15,0
39,106,106,16,1
39,106,106,17,0
39,106,106,18,0
39,106,106,19,1
39,106,106,20,0
39,106,106,21,1
39,106,106,22,2
39,106,106,23,0
39,106,106,0,1
39,107,107,1,34
39,107,107,2,2
39,107,107,3,206
39,107,107,4,273
39,107,107,5,98
39,107,107,6,2
39,107,107,7,1
39,107,107,8,0
39,107,107,9,0
39,107,107,10,0
39,107,107,11,0
39,107,107,12,0
39,107,107,13,0
39,107,107,14,1
39,107,107,15,0
39,107,107,16,0
39,107,107,17,1
39,107,107,18,1
39,107,107,19,0
39,107,107,20,1
39,107,107,21,0
39,107,107,22,2
39,107,107,23,0
39,107,107,0,3
39,108,108,1,42
39,108,108,2,1
39,108,108,3,251
39,108,108,4,268
39,108,108,5,293
39,108,108,6,1
39,108,108,7,0
39,108,108,8,0
39,108,108,9,0
39,108,108,10,0
39,108,108,11,0
39,108,108,12,0
39,108,108,13,0
39,108,108,14,2
39,108,108,15,0
39,108,108,16,1
39,108,108,17,0
39,108,108,18,1
39,108,108,19,2
39,108,108,20,1
39,108,108,21,0
39,108,108,22,1
39,108,108,23,1
39,108,108,0,1
39,109,109,1,18
39,109,109,2,0
39,109,109,3,47
39,109,109,4,161
39,109,109,5,400
39,109,109,6,3
39,109,109,7,0
39,109,109,8,1
39,109,109,9,0
39,109,109,10,0
39,109,109,11,1
39,109,109,12,0
39,109,109,13,0
39,109,109,14,0
39,109,109,15,0
39,109,109,16,1
39,109,109,17,1
39,109,109,18,0
39,109,109,19,2
39,109,109,20,2
39,109,109,21,5
39,109,109,22,3
39,109,109,23,0
39,109,109,0,0
39,110,110,1,10
39,110,110,2,2
39,110,110,3,76
39,110,110,4,108
39,110,110,5,269
39,110,110,6,0
39,110,110,7,0
39,110,110,8,0
39,110,110,9,0
39,110,110,10,0
39,110,110,11,0
39,110,110,12,2
39,110,110,13,0
39,110,110,14,0
39,110,110,15,0
39,110,110,16,0
39,110,110,17,0
39,110,110,18,0
39,110,110,19,1
39,110,110,20,2
39,110,110,21,4
39,110,110,22,2
39,110,110,23,1
39,110,110,0,0
39,111,111,1,16
39,111,111,2,0
39,111,111,3,92
39,111,111,4,235
39,111,111,5,316
39,111,111,6,2
39,111,111,7,0
39,111,111,8,0
39,111,111,9,0
39,111,111,10,0
39,111,111,11,1
39,111,111,12,0
39,111,111,13,0
39,111,111,14,0
39,111,111,15,0
39,111,111,16,0
39,111,111,17,0
39,111,111,18,1
39,111,111,19,0
39,111,111,20,4
39,111,111,21,3
39,111,111,22,2
39,111,111,23,0
39,111,111,0,4
39,112,112,1,22
39,112,112,2,0
39,112,112,3,73
39,112,112,4,240
39,112,112,5,353
39,112,112,6,2
39,112,112,7,2
39,112,112,8,1
39,112,112,9,2
39,112,112,10,0
39,112,112,11,1
39,112,112,12,2
39,112,112,13,0
39,112,112,14,1
39,112,112,15,0
39,112,112,16,3
39,112,112,17,0
39,112,112,18,0
39,112,112,19,1
39,112,112,20,0
39,112,112,21,0
39,112,112,22,1
39,112,112,23,2
39,112,112,0,3
39,113,113,1,0
39,113,113,2,0
39,113,113,3,0
39,113,113,4,0
39,113,113,5,0
39,113,113,6,0
39,113,113,7,0
39,113,113,8,0
39,113,113,9,0
39,113,113,10,0
39,113,113,11,0
39,113,113,12,0
39,113,113,13,0
39,113,113,14,0
39,113,113,15,0
39,113,113,16,0
39,113,113,17,0
39,113,113,18,0
39,113,113,19,0
39,113,113,20,0
39,113,113,21,0
39,113,113,22,0
39,113,113,23,0
39,113,113,0,0
39,113,113,1,25
39,113,113,2,1
39,113,113,3,154
39,113,113,4,153
39,113,113,5,624
39,113,113,6,1
39,113,113,7,1
39,113,113,8,0
39,113,113,9,0
39,113,113,10,1
39,113,113,11,1
39,113,113,12,0
39,113,113,13,1
39,113,113,14,0
39,113,113,15,1
39,113,113,16,1
39,113,113,17,0
39,113,113,18,1
39,113,113,19,1
39,113,113,20,1
39,113,113,21,5
39,113,113,22,4
39,113,113,23,0
39,113,113,0,2
39,114,114,1,0
39,114,114,2,0
39,114,114,3,0
39,114,114,4,0
39,114,114,5,0
39,114,114,6,0
39,114,114,7,0
39,114,114,8,0
39,114,114,9,0
39,114,114,10,0
39,114,114,11,0
39,114,114,12,0
39,114,114,13,0
39,114,114,14,0
39,114,114,15,0
39,114,114,16,0
39,114,114,17,0
39,114,114,18,0
39,114,114,19,0
39,114,114,20,0
39,114,114,21,0
39,114,114,22,0
39,114,114,23,0
39,114,114,0,0
39,114,114,1,23
39,114,114,2,1
39,114,114,3,109
39,114,114,4,292
39,114,114,5,96
39,114,114,6,0
39,114,114,7,0
39,114,114,8,1
39,114,114,9,0
39,114,114,10,0
39,114,114,11,1
39,114,114,12,1
39,114,114,13,0
39,114,114,14,1
39,114,114,15,0
39,114,114,16,6
39,114,114,17,1
39,114,114,18,0
39,114,114,19,2
39,114,114,20,0
39,114,114,21,1
39,114,114,22,2
39,114,114,23,0
39,114,114,0,3
39,115,115,1,0
39,115,115,2,0
39,115,115,3,0
39,115,115,4,0
39,115,115,5,0
39,115,115,6,0
39,115,115,7,0
39,115,115,8,0
39,115,115,9,0
39,115,115,10,0
39,115,115,11,0
39,115,115,12,0
39,115,115,13,0
39,115,115,14,0
39,115,115,15,0
39,115,115,16,0
39,115,115,17,0
39,115,115,18,0
39,115,115,19,0
39,115,115,20,0
39,115,115,21,0
39,115,115,22,0
39,115,115,23,0
39,115,115,0,0
39,115,115,1,17
39,115,115,2,2
39,115,115,3,210
39,115,115,4,293
39,115,115,5,78
39,115,115,6,2
39,115,115,7,0
39,115,115,8,0
39,115,115,9,0
39,115,115,10,0
39,115,115,11,1
39,115,115,12,0
39,115,115,13,1
39,115,115,14,0
39,115,115,15,0
39,115,115,16,1
39,115,115,17,1
39,115,115,18,1
39,115,115,19,2
39,115,115,20,1
39,115,115,21,0
39,115,115,22,1
39,115,115,23,0
39,115,115,0,1
39,116,116,1,19
39,116,116,2,2
39,116,116,3,204
39,116,116,4,369
39,116,116,5,47
39,116,116,6,1
39,116,116,7,0
39,116,116,8,2
39,116,116,9,0
39,116,116,10,0
39,116,116,11,1
39,116,116,12,3
39,116,116,13,1
39,116,116,14,2
39,116,116,15,0
39,116,116,16,2
39,116,116,17,0
39,116,116,18,2
39,116,116,19,0
39,116,116,20,0
39,116,116,21,1
39,116,116,22,1
39,116,116,23,0
39,116,116,0,1
39,117,117,1,8
39,117,117,2,1
39,117,117,3,80
39,117,117,4,88
39,117,117,5,425
39,117,117,6,2
39,117,117,7,1
39,117,117,8,2
39,117,117,9,0
39,117,117,10,0
39,117,117,11,0
39,117,117,12,0
39,117,117,13,0
39,117,117,14,0
39,117,117,15,0
39,117,117,16,2
39,117,117,17,0
39,117,117,18,1
39,117,117,19,0
39,117,117,20,0
39,117,117,21,0
39,117,117,22,0
39,117,117,23,3
39,117,117,0,1
39,118,118,1,11
39,118,118,2,0
39,118,118,3,81
39,118,118,4,78
39,118,118,5,343
39,118,118,6,0
39,118,118,7,0
39,118,118,8,0
39,118,118,9,0
39,118,118,10,0
39,118,118,11,0
39,118,118,12,1
39,118,118,13,1
39,118,118,14,3
39,118,118,15,0
39,118,118,16,3
39,118,118,17,1
39,118,118,18,1
39,118,118,19,0
39,118,118,20,1
39,118,118,21,2
39,118,118,22,1
39,118,118,23,1
39,118,118,0,2
39,119,119,1,12
39,119,119,2,1
39,119,119,3,59
39,119,119,4,110
39,119,119,5,310
39,119,119,6,1
39,119,119,7,0
39,119,119,8,0
39,119,119,9,0
39,119,119,10,0
39,119,119,11,1
39,119,119,12,1
39,119,119,13,0
39,119,119,14,0
39,119,119,15,0
39,119,119,16,0
39,119,119,17,0
39,119,119,18,1
39,119,119,19,0
39,119,119,20,1
39,119,119,21,2
39,119,119,22,1
39,119,119,23,0
39,119,119,0,0
39,120,120,1,13
39,120,120,2,0
39,120,120,3,62
39,120,120,4,98
39,120,120,5,311
39,120,120,6,3
39,120,120,7,0
39,120,120,8,0
39,120,120,9,0
39,120,120,10,0
39,120,120,11,0
39,120,120,12,1
39,120,120,13,0
39,120,120,14,2
39,120,120,15,0
39,120,120,16,0
39,120,120,17,0
39,120,120,18,1
39,120,120,19,3
39,120,120,20,0
39,120,120,21,0
39,120,120,22,2
39,120,120,23,0
39,120,120,0,1
39,121,121,1,36
39,121,121,2,3
39,121,121,3,164
39,121,121,4,322
39,121,121,5,428
39,121,121,6,2
39,121,121,7,0
39,121,121,8,0
39,121,121,9,1
39,121,121,10,0
39,121,121,11,0
39,121,121,12,1
39,121,121,13,0
39,121,121,14,0
39,121,121,15,0
39,121,121,16,0
39,121,121,17,0
39,121,121,18,3
39,121,121,19,7
39,121,121,20,0
39,121,121,21,1
39,121,121,22,3
39,121,121,23,3
39,121,121,0,2
39,122,122,1,15
39,122,122,2,1
39,122,122,3,164
39,122,122,4,130
39,122,122,5,548
39,122,122,6,1
39,122,122,7,2
39,122,122,8,2
39,122,122,9,0
39,122,122,10,0
39,122,122,11,2
39,122,122,12,1
39,122,122,13,1
39,122,122,14,2
39,122,122,15,1
39,122,122,16,0
39,122,122,17,0
39,122,122,18,0
39,122,122,19,0
39,122,122,20,1
39,122,122,21,1
39,122,122,22,1
39,122,122,23,0
39,122,122,0,2
39,123,123,1,30
39,123,123,2,1
39,123,123,3,85
39,123,123,4,202
39,123,123,5,182
39,123,123,6,3
39,123,123,7,0
39,123,123,8,0
39,123,123,9,1
39,123,123,10,0
39,123,123,11,1
39,123,123,12,0
39,123,123,13,0
39,123,123,14,1
39,123,123,15,0
39,123,123,16,5
39,123,123,17,0
39,123,123,18,1
39,123,123,19,0
39,123,123,20,0
39,123,123,21,1
39,123,123,22,2
39,123,123,23,1
39,123,123,0,3
39,124,124,1,16
39,124,124,2,0
39,124,124,3,47
39,124,124,4,242
39,124,124,5,579
39,124,124,6,1
39,124,124,7,2
39,124,124,8,0
39,124,124,9,0
39,124,124,10,0
39,124,124,11,0
39,124,124,12,0
39,124,124,13,1
39,124,124,14,0
39,124,124,15,1
39,124,124,16,1
39,124,124,17,0
39,124,124,18,0
39,124,124,19,0
39,124,124,20,1
39,124,124,21,1
39,124,124,22,18
39,124,124,23,0
39,124,124,0,0
39,125,125,1,9
39,125,125,2,0
39,125,125,3,38
39,125,125,4,120
39,125,125,5,201
39,125,125,6,0
39,125,125,7,1
39,125,125,8,0
39,125,125,9,0
39,125,125,10,0
39,125,125,11,0
39,125,125,12,1
39,125,125,13,1
39,125,125,14,3
39,125,125,15,0
39,125,125,16,1
39,125,125,17,0
39,125,125,18,0
39,125,125,19,0
39,125,125,20,0
39,125,125,21,0
39,125,125,22,10
39,125,125,23,0
39,125,125,0,0
39,126,126,1,15
39,126,126,2,0
39,126,126,3,100
39,126,126,4,146
39,126,126,5,539
39,126,126,6,4
39,126,126,7,0
39,126,126,8,0
39,126,126,9,0
39,126,126,10,0
39,126,126,11,0
39,126,126,12,1
39,126,126,13,0
39,126,126,14,3
39,126,126,15,0
39,126,126,16,0
39,126,126,17,0
39,126,126,18,0
39,126,126,19,0
39,126,126,20,3
39,126,126,21,1
39,126,126,22,0
39,126,126,23,1
39,126,126,0,1
39,127,127,1,0
39,127,127,2,0
39,127,127,3,0
39,127,127,4,0
39,127,127,5,0
39,127,127,6,0
39,127,127,7,0
39,127,127,8,0
39,127,127,9,0
39,127,127,10,0
39,127,127,11,0
39,127,127,12,0
39,127,127,13,0
39,127,127,14,0
39,127,127,15,0
39,127,127,16,0
39,127,127,17,0
39,127,127,18,0
39,127,127,19,0
39,127,127,20,0
39,127,127,21,0
39,127,127,22,0
39,127,127,23,0
39,127,127,0,0
39,127,127,1,13
39,127,127,2,0
39,127,127,3,104
39,127,127,4,134
39,127,127,5,427
39,127,127,6,3
39,127,127,7,0
39,127,127,8,0
39,127,127,9,0
39,127,127,10,0
39,127,127,11,1
39,127,127,12,3
39,127,127,13,1
39,127,127,14,1
39,127,127,15,1
39,127,127,16,1
39,127,127,17,0
39,127,127,18,0
39,127,127,19,3
39,127,127,20,1
39,127,127,21,0
39,127,127,22,1
39,127,127,23,0
39,127,127,0,1
39,128,128,1,0
39,128,128,2,0
39,128,128,3,0
39,128,128,4,0
39,128,128,5,0
39,128,128,6,0
39,128,128,7,0
39,128,128,8,0
39,128,128,9,0
39,128,128,10,0
39,128,128,11,0
39,128,128,12,0
39,128,128,13,0
39,128,128,14,0
39,128,128,15,0
39,128,128,16,0
39,128,128,17,0
39,128,128,18,0
39,128,128,19,0
39,128,128,20,0
39,128,128,21,0
39,128,128,22,0
39,128,128,23,0
39,128,128,0,0
39,128,128,1,23
39,128,128,2,0
39,128,128,3,80
39,128,128,4,213
39,128,128,5,612
39,128,128,6,2
39,128,128,7,2
39,128,128,8,2
39,128,128,9,1
39,128,128,10,0
39,128,128,11,1
39,128,128,12,2
39,128,128,13,3
39,128,128,14,0
39,128,128,15,1
39,128,128,16,1
39,128,128,17,3
39,128,128,18,1
39,128,128,19,1
39,128,128,20,1
39,128,128,21,4
39,128,128,22,4
39,128,128,23,0
39,128,128,0,4
39,129,129,1,13
39,129,129,2,0
39,129,129,3,71
39,129,129,4,167
39,129,129,5,470
39,129,129,6,0
39,129,129,7,1
39,129,129,8,0
39,129,129,9,0
39,129,129,10,0
39,129,129,11,0
39,129,129,12,1
39,129,129,13,0
39,129,129,14,0
39,129,129,15,0
39,129,129,16,0
39,129,129,17,0
39,129,129,18,0
39,129,129,19,0
39,129,129,20,1
39,129,129,21,0
39,129,129,22,2
39,129,129,23,0
39,129,129,0,0
39,129,129,1,0
39,129,129,2,0
39,129,129,3,0
39,129,129,4,0
39,129,129,5,0
39,129,129,6,0
39,129,129,7,0
39,129,129,8,0
39,129,129,9,0
39,129,129,10,0
39,129,129,11,0
39,129,129,12,0
39,129,129,13,0
39,129,129,14,0
39,129,129,15,0
39,129,129,16,0
39,129,129,17,0
39,129,129,18,0
39,129,129,19,0
39,129,129,20,0
39,129,129,21,0
39,129,129,22,0
39,129,129,23,0
39,129,129,0,0
39,130,130,1,8
39,130,130,2,1
39,130,130,3,224
39,130,130,4,251
39,130,130,5,120
39,130,130,6,1
39,130,130,7,0
39,130,130,8,0
39,130,130,9,0
39,130,130,10,0
39,130,130,11,1
39,130,130,12,2
39,130,130,13,0
39,130,130,14,0
39,130,130,15,1
39,130,130,16,2
39,130,130,17,0
39,130,130,18,0
39,130,130,19,0
39,130,130,20,1
39,130,130,21,0
39,130,130,22,1
39,130,130,23,1
39,130,130,0,5
39,131,131,1,23
39,131,131,2,2
39,131,131,3,160
39,131,131,4,273
39,131,131,5,209
39,131,131,6,1
39,131,131,7,1
39,131,131,8,0
39,131,131,9,0
39,131,131,10,2
39,131,131,11,2
39,131,131,12,0
39,131,131,13,0
39,131,131,14,0
39,131,131,15,0
39,131,131,16,1
39,131,131,17,1
39,131,131,18,0
39,131,131,19,1
39,131,131,20,2
39,131,131,21,1
39,131,131,22,3
39,131,131,23,1
39,131,131,0,7
39,132,132,1,29
39,132,132,2,0
39,132,132,3,134
39,132,132,4,271
39,132,132,5,303
39,132,132,6,3
39,132,132,7,0
39,132,132,8,0
39,132,132,9,0
39,132,132,10,0
39,132,132,11,1
39,132,132,12,1
39,132,132,13,0
39,132,132,14,0
39,132,132,15,0
39,132,132,16,0
39,132,132,17,2
39,132,132,18,0
39,132,132,19,0
39,132,132,20,1
39,132,132,21,1
39,132,132,22,0
39,132,132,23,0
39,132,132,0,2
39,133,133,1,27
39,133,133,2,3
39,133,133,3,235
39,133,133,4,323
39,133,133,5,192
39,133,133,6,2
39,133,133,7,0
39,133,133,8,0
39,133,133,9,0
39,133,133,10,2
39,133,133,11,0
39,133,133,12,0
39,133,133,13,0
39,133,133,14,0
39,133,133,15,2
39,133,133,16,2
39,133,133,17,0
39,133,133,18,0
39,133,133,19,0
39,133,133,20,1
39,133,133,21,1
39,133,133,22,0
39,133,133,23,1
39,133,133,0,5
39,134,134,1,28
39,134,134,2,2
39,134,134,3,219
39,134,134,4,416
39,134,134,5,114
39,134,134,6,1
39,134,134,7,0
39,134,134,8,0
39,134,134,9,0
39,134,134,10,3
39,134,134,11,2
39,134,134,12,2
39,134,134,13,2
39,134,134,14,1
39,134,134,15,1
39,134,134,16,4
39,134,134,17,1
39,134,134,18,1
39,134,134,19,4
39,134,134,20,4
39,134,134,21,0
39,134,134,22,3
39,134,134,23,1
39,134,134,0,0
39,135,135,1,10
39,135,135,2,2
39,135,135,3,138
39,135,135,4,323
39,135,135,5,112
39,135,135,6,1
39,135,135,7,1
39,135,135,8,1
39,135,135,9,2
39,135,135,10,0
39,135,135,11,0
39,135,135,12,2
39,135,135,13,0
39,135,135,14,0
39,135,135,15,0
39,135,135,16,1
39,135,135,17,2
39,135,135,18,0
39,135,135,19,2
39,135,135,20,0
39,135,135,21,1
39,135,135,22,4
39,135,135,23,1
39,135,135,0,1
39,136,136,1,13
39,136,136,2,0
39,136,136,3,155
39,136,136,4,212
39,136,136,5,386
39,136,136,6,1
39,136,136,7,1
39,136,136,8,0
39,136,136,9,0
39,136,136,10,1
39,136,136,11,0
39,136,136,12,1
39,136,136,13,0
39,136,136,14,0
39,136,136,15,0
39,136,136,16,2
39,136,136,17,1
39,136,136,18,0
39,136,136,19,1
39,136,136,20,0
39,136,136,21,3
39,136,136,22,0
39,136,136,23,0
39,136,136,0,1
39,137,137,1,16
39,137,137,2,2
39,137,137,3,255
39,137,137,4,436
39,137,137,5,84
39,137,137,6,1
39,137,137,7,0
39,137,137,8,0
39,137,137,9,0
39,137,137,10,0
39,137,137,11,2
39,137,137,12,0
39,137,137,13,0
39,137,137,14,1
39,137,137,15,1
39,137,137,16,0
39,137,137,17,0
39,137,137,18,0
39,137,137,19,0
39,137,137,20,1
39,137,137,21,1
39,137,137,22,0
39,137,137,23,0
39,137,137,0,1
39,138,138,1,14
39,138,138,2,2
39,138,138,3,107
39,138,138,4,282
39,138,138,5,263
39,138,138,6,2
39,138,138,7,0
39,138,138,8,0
39,138,138,9,0
39,138,138,10,0
39,138,138,11,1
39,138,138,12,3
39,138,138,13,0
39,138,138,14,0
39,138,138,15,0
39,138,138,16,0
39,138,138,17,0
39,138,138,18,0
39,138,138,19,1
39,138,138,20,0
39,138,138,21,3
39,138,138,22,0
39,138,138,23,2
39,138,138,0,2
39,139,139,1,4
39,139,139,2,2
39,139,139,3,63
39,139,139,4,144
39,139,139,5,442
39,139,139,6,2
39,139,139,7,2
39,139,139,8,2
39,139,139,9,0
39,139,139,10,0
39,139,139,11,1
39,139,139,12,1
39,139,139,13,1
39,139,139,14,0
39,139,139,15,0
39,139,139,16,1
39,139,139,17,0
39,139,139,18,1
39,139,139,19,1
39,139,139,20,1
39,139,139,21,0
39,139,139,22,2
39,139,139,23,0
39,139,139,0,0
39,140,140,1,5
39,140,140,2,0
39,140,140,3,147
39,140,140,4,205
39,140,140,5,320
39,140,140,6,2
39,140,140,7,0
39,140,140,8,1
39,140,140,9,0
39,140,140,10,0
39,140,140,11,1
39,140,140,12,1
39,140,140,13,2
39,140,140,14,3
39,140,140,15,1
39,140,140,16,1
39,140,140,17,1
39,140,140,18,2
39,140,140,19,2
39,140,140,20,0
39,140,140,21,1
39,140,140,22,1
39,140,140,23,1
39,140,140,0,2
39,141,141,1,0
39,141,141,2,0
39,141,141,3,0
39,141,141,4,0
39,141,141,5,0
39,141,141,6,0
39,141,141,7,0
39,141,141,8,0
39,141,141,9,0
39,141,141,10,0
39,141,141,11,0
39,141,141,12,0
39,141,141,13,0
39,141,141,14,0
39,141,141,15,0
39,141,141,16,0
39,141,141,17,0
39,141,141,18,0
39,141,141,19,0
39,141,141,20,0
39,141,141,21,0
39,141,141,22,0
39,141,141,23,0
39,141,141,0,0
39,141,141,1,15
39,141,141,2,4
39,141,141,3,95
39,141,141,4,280
39,141,141,5,334
39,141,141,6,0
39,141,141,7,2
39,141,141,8,0
39,141,141,9,1
39,141,141,10,2
39,141,141,11,2
39,141,141,12,0
39,141,141,13,1
39,141,141,14,1
39,141,141,15,0
39,141,141,16,1
39,141,141,17,0
39,141,141,18,1
39,141,141,19,1
39,141,141,20,2
39,141,141,21,3
39,141,141,22,3
39,141,141,23,2
39,141,141,0,1
39,142,142,1,0
39,142,142,2,0
39,142,142,3,0
39,142,142,4,0
39,142,142,5,0
39,142,142,6,0
39,142,142,7,0
39,142,142,8,0
39,142,142,9,0
39,142,142,10,0
39,142,142,11,0
39,142,142,12,0
39,142,142,13,0
39,142,142,14,0
39,142,142,15,0
39,142,142,16,0
39,142,142,17,0
39,142,142,18,0
39,142,142,19,0
39,142,142,20,0
39,142,142,21,0
39,142,142,22,0
39,142,142,23,0
39,142,142,0,0
39,142,142,1,35
39,142,142,2,1
39,142,142,3,325
39,142,142,4,414
39,142,142,5,158
39,142,142,6,1
39,142,142,7,2
39,142,142,8,2
39,142,142,9,0
39,142,142,10,0
39,142,142,11,2
39,142,142,12,0
39,142,142,13,1
39,142,142,14,2
39,142,142,15,1
39,142,142,16,1
39,142,142,17,2
39,142,142,18,0
39,142,142,19,1
39,142,142,20,2
39,142,142,21,0
39,142,142,22,0
39,142,142,23,0
39,142,142,0,0
39,143,143,1,11
39,143,143,2,1
39,143,143,3,64
39,143,143,4,158
39,143,143,5,274
39,143,143,6,1
39,143,143,7,2
39,143,143,8,0
39,143,143,9,0
39,143,143,10,0
39,143,143,11,0
39,143,143,12,1
39,143,143,13,0
39,143,143,14,0
39,143,143,15,0
39,143,143,16,1
39,143,143,17,1
39,143,143,18,0
39,143,143,19,2
39,143,143,20,1
39,143,143,21,1
39,143,143,22,0
39,143,143,23,0
39,143,143,0,0
39,143,143,1,0
39,143,143,2,0
39,143,143,3,0
39,143,143,4,0
39,143,143,5,0
39,143,143,6,0
39,143,143,7,0
39,143,143,8,0
39,143,143,9,0
39,143,143,10,0
39,143,143,11,0
39,143,143,12,0
39,143,143,13,0
39,143,143,14,0
39,143,143,15,0
39,143,143,16,0
39,143,143,17,0
39,143,143,18,0
39,143,143,19,0
39,143,143,20,0
39,143,143,21,0
39,143,143,22,0
39,143,143,23,0
39,143,143,0,0
39,144,144,1,9
39,144,144,2,0
39,144,144,3,58
39,144,144,4,96
39,144,144,5,314
39,144,144,6,2
39,144,144,7,0
39,144,144,8,2
39,144,144,9,0
39,144,144,10,0
39,144,144,11,0
39,144,144,12,0
39,144,144,13,0
39,144,144,14,0
39,144,144,15,0
39,144,144,16,2
39,144,144,17,1
39,144,144,18,1
39,144,144,19,2
39,144,144,20,1
39,144,144,21,2
39,144,144,22,1
39,144,144,23,1
39,144,144,0,0
39,145,145,1,26
39,145,145,2,3
39,145,145,3,118
39,145,145,4,228
39,145,145,5,276
39,145,145,6,3
39,145,145,7,1
39,145,145,8,1
39,145,145,9,0
39,145,145,10,1
39,145,145,11,2
39,145,145,12,1
39,145,145,13,2
39,145,145,14,1
39,145,145,15,1
39,145,145,16,2
39,145,145,17,0
39,145,145,18,1
39,145,145,19,1
39,145,145,20,1
39,145,145,21,2
39,145,145,22,0
39,145,145,23,0
39,145,145,0,2
39,146,146,1,16
39,146,146,2,3
39,146,146,3,109
39,146,146,4,251
39,146,146,5,407
39,146,146,6,3
39,146,146,7,1
39,146,146,8,0
39,146,146,9,0
39,146,146,10,0
39,146,146,11,1
39,146,146,12,0
39,146,146,13,0
39,146,146,14,0
39,146,146,15,1
39,146,146,16,1
39,146,146,17,2
39,146,146,18,3
39,146,146,19,4
39,146,146,20,3
39,146,146,21,4
39,146,146,22,3
39,146,146,23,3
39,146,146,0,3
39,147,147,1,16
39,147,147,2,1
39,147,147,3,78
39,147,147,4,98
39,147,147,5,517
39,147,147,6,2
39,147,147,7,0
39,147,147,8,0
39,147,147,9,0
39,147,147,10,0
39,147,147,11,1
39,147,147,12,0
39,147,147,13,0
39,147,147,14,0
39,147,147,15,0
39,147,147,16,1
39,147,147,17,0
39,147,147,18,0
39,147,147,19,2
39,147,147,20,0
39,147,147,21,1
39,147,147,22,1
39,147,147,23,1
39,147,147,0,3
39,148,148,1,16
39,148,148,2,2
39,148,148,3,52
39,148,148,4,182
39,148,148,5,433
39,148,148,6,1
39,148,148,7,0
39,148,148,8,0
39,148,148,9,0
39,148,148,10,0
39,148,148,11,1
39,148,148,12,0
39,148,148,13,0
39,148,148,14,0
39,148,148,15,1
39,148,148,16,0
39,148,148,17,0
39,148,148,18,0
39,148,148,19,0
39,148,148,20,2
39,148,148,21,1
39,148,148,22,5
39,148,148,23,0
39,148,148,0,2
39,149,149,1,23
39,149,149,2,2
39,149,149,3,205
39,149,149,4,347
39,149,149,5,375
39,149,149,6,0
39,149,149,7,2
39,149,149,8,1
39,149,149,9,0
39,149,149,10,1
39,149,149,11,0
39,149,149,12,1
39,149,149,13,0
39,149,149,14,0
39,149,149,15,0
39,149,149,16,2
39,149,149,17,1
39,149,149,18,0
39,149,149,19,1
39,149,149,20,0
39,149,149,21,0
39,149,149,22,3
39,149,149,23,0
39,149,149,0,1
39,150,150,1,5
39,150,150,2,2
39,150,150,3,114
39,150,150,4,136
39,150,150,5,154
39,150,150,6,3
39,150,150,7,1
39,150,150,8,0
39,150,150,9,0
39,150,150,10,0
39,150,150,11,1
39,150,150,12,0
39,150,150,13,0
39,150,150,14,0
39,150,150,15,0
39,150,150,16,1
39,150,150,17,0
39,150,150,18,0
39,150,150,19,0
39,150,150,20,0
39,150,150,21,1
39,150,150,22,2
39,150,150,23,0
39,150,150,0,0
39,151,151,1,7
39,151,151,2,2
39,151,151,3,54
39,151,151,4,164
39,151,151,5,321
39,151,151,6,0
39,151,151,7,1
39,151,151,8,1
39,151,151,9,0
39,151,151,10,0
39,151,151,11,4
39,151,151,12,0
39,151,151,13,0
39,151,151,14,0
39,151,151,15,0
39,151,151,16,2
39,151,151,17,0
39,151,151,18,1
39,151,151,19,0
39,151,151,20,2
39,151,151,21,2
39,151,151,22,2
39,151,151,23,0
39,151,151,0,0
39,152,152,1,15
39,152,152,2,1
39,152,152,3,89
39,152,152,4,175
39,152,152,5,548
39,152,152,6,2
39,152,152,7,0
39,152,152,8,0
39,152,152,9,0
39,152,152,10,1
39,152,152,11,0
39,152,152,12,0
39,152,152,13,0
39,152,152,14,0
39,152,152,15,0
39,152,152,16,1
39,152,152,17,0
39,152,152,18,0
39,152,152,19,0
39,152,152,20,1
39,152,152,21,3
39,152,152,22,3
39,152,152,23,0
39,152,152,0,2
39,153,153,1,21
39,153,153,2,1
39,153,153,3,170
39,153,153,4,213
39,153,153,5,399
39,153,153,6,5
39,153,153,7,1
39,153,153,8,2
39,153,153,9,0
39,153,153,10,0
39,153,153,11,0
39,153,153,12,1
39,153,153,13,0
39,153,153,14,0
39,153,153,15,1
39,153,153,16,1
39,153,153,17,1
39,153,153,18,2
39,153,153,19,4
39,153,153,20,3
39,153,153,21,2
39,153,153,22,2
39,153,153,23,0
39,153,153,0,4
39,154,154,1,16
39,154,154,2,1
39,154,154,3,28
39,154,154,4,195
39,154,154,5,425
39,154,154,6,2
39,154,154,7,1
39,154,154,8,0
39,154,154,9,1
39,154,154,10,1
39,154,154,11,0
39,154,154,12,4
39,154,154,13,1
39,154,154,14,0
39,154,154,15,1
39,154,154,16,1
39,154,154,17,0
39,154,154,18,0
39,154,154,19,0
39,154,154,20,0
39,154,154,21,0
39,154,154,22,5
39,154,154,23,0
39,154,154,0,2
39,155,155,1,26
39,155,155,2,2
39,155,155,3,304
39,155,155,4,415
39,155,155,5,63
39,155,155,6,0
39,155,155,7,0
39,155,155,8,1
39,155,155,9,0
39,155,155,10,0
39,155,155,11,0
39,155,155,12,0
39,155,155,13,1
39,155,155,14,2
39,155,155,15,0
39,155,155,16,0
39,155,155,17,0
39,155,155,18,2
39,155,155,19,2
39,155,155,20,0
39,155,155,21,1
39,155,155,22,0
39,155,155,23,1
39,155,155,0,2
39,155,155,1,0
39,155,155,2,0
39,155,155,3,0
39,155,155,4,0
39,155,155,5,0
39,155,155,6,0
39,155,155,7,0
39,155,155,8,0
39,155,155,9,0
39,155,155,10,0
39,155,155,11,0
39,155,155,12,0
39,155,155,13,0
39,155,155,14,0
39,155,155,15,0
39,155,155,16,0
39,155,155,17,0
39,155,155,18,0
39,155,155,19,0
39,155,155,20,0
39,155,155,21,0
39,155,155,22,0
39,155,155,23,0
39,155,155,0,0
39,156,156,1,19
39,156,156,2,1
39,156,156,3,213
39,156,156,4,465
39,156,156,5,46
39,156,156,6,1
39,156,156,7,0
39,156,156,8,0
39,156,156,9,0
39,156,156,10,0
39,156,156,11,2
39,156,156,12,0
39,156,156,13,1
39,156,156,14,0
39,156,156,15,0
39,156,156,16,1
39,156,156,17,1
39,156,156,18,0
39,156,156,19,0
39,156,156,20,1
39,156,156,21,0
39,156,156,22,0
39,156,156,23,0
39,156,156,0,0
39,156,156,1,0
39,156,156,2,0
39,156,156,3,0
39,156,156,4,0
39,156,156,5,0
39,156,156,6,0
39,156,156,7,0
39,156,156,8,0
39,156,156,9,0
39,156,156,10,0
39,156,156,11,0
39,156,156,12,0
39,156,156,13,0
39,156,156,14,0
39,156,156,15,0
39,156,156,16,0
39,156,156,17,0
39,156,156,18,0
39,156,156,19,0
39,156,156,20,0
39,156,156,21,0
39,156,156,22,0
39,156,156,23,0
39,156,156,0,0
39,157,157,1,30
39,157,157,2,0
39,157,157,3,210
39,157,157,4,260
39,157,157,5,240
39,157,157,6,0
39,157,157,7,0
39,157,157,8,0
39,157,157,9,0
39,157,157,10,0
39,157,157,11,0
39,157,157,12,0
39,157,157,13,0
39,157,157,14,1
39,157,157,15,0
39,157,157,16,1
39,157,157,17,0
39,157,157,18,1
39,157,157,19,1
39,157,157,20,1
39,157,157,21,0
39,157,157,22,0
39,157,157,23,1
39,157,157,0,3
39,157,157,1,0
39,157,157,2,0
39,157,157,3,0
39,157,157,4,0
39,157,157,5,0
39,157,157,6,0
39,157,157,7,0
39,157,157,8,0
39,157,157,9,0
39,157,157,10,0
39,157,157,11,0
39,157,157,12,0
39,157,157,13,0
39,157,157,14,0
39,157,157,15,0
39,157,157,16,0
39,157,157,17,0
39,157,157,18,0
39,157,157,19,0
39,157,157,20,0
39,157,157,21,0
39,157,157,22,0
39,157,157,23,0
39,157,157,0,0
39,158,158,1,15
39,158,158,2,1
39,158,158,3,92
39,158,158,4,195
39,158,158,5,382
39,158,158,6,1
39,158,158,7,0
39,158,158,8,1
39,158,158,9,0
39,158,158,10,0
39,158,158,11,0
39,158,158,12,0
39,158,158,13,0
39,158,158,14,0
39,158,158,15,0
39,158,158,16,1
39,158,158,17,0
39,158,158,18,0
39,158,158,19,1
39,158,158,20,1
39,158,158,21,2
39,158,158,22,1
39,158,158,23,0
39,158,158,0,2
39,159,159,1,25
39,159,159,2,0
39,159,159,3,238
39,159,159,4,279
39,159,159,5,234
39,159,159,6,0
39,159,159,7,1
39,159,159,8,0
39,159,159,9,0
39,159,159,10,0
39,159,159,11,2
39,159,159,12,1
39,159,159,13,0
39,159,159,14,0
39,159,159,15,0
39,159,159,16,2
39,159,159,17,2
39,159,159,18,2
39,159,159,19,2
39,159,159,20,1
39,159,159,21,0
39,159,159,22,2
39,159,159,23,0
39,159,159,0,4
39,160,160,1,1
39,160,160,2,0
39,160,160,3,104
39,160,160,4,194
39,160,160,5,206
39,160,160,6,2
39,160,160,7,0
39,160,160,8,0
39,160,160,9,0
39,160,160,10,0
39,160,160,11,0
39,160,160,12,1
39,160,160,13,0
39,160,160,14,0
39,160,160,15,0
39,160,160,16,1
39,160,160,17,0
39,160,160,18,0
39,160,160,19,1
39,160,160,20,1
39,160,160,21,3
39,160,160,22,4
39,160,160,23,0
39,160,160,0,1
39,161,161,1,13
39,161,161,2,1
39,161,161,3,117
39,161,161,4,236
39,161,161,5,418
39,161,161,6,0
39,161,161,7,0
39,161,161,8,0
39,161,161,9,0
39,161,161,10,0
39,161,161,11,0
39,161,161,12,0
39,161,161,13,1
39,161,161,14,1
39,161,161,15,0
39,161,161,16,0
39,161,161,17,0
39,161,161,18,0
39,161,161,19,1
39,161,161,20,0
39,161,161,21,0
39,161,161,22,1
39,161,161,23,0
39,161,161,0,1
39,162,162,1,20
39,162,162,2,1
39,162,162,3,161
39,162,162,4,243
39,162,162,5,385
39,162,162,6,2
39,162,162,7,2
39,162,162,8,0
39,162,162,9,0
39,162,162,10,1
39,162,162,11,0
39,162,162,12,0
39,162,162,13,0
39,162,162,14,0
39,162,162,15,0
39,162,162,16,0
39,162,162,17,0
39,162,162,18,1
39,162,162,19,3
39,162,162,20,2
39,162,162,21,2
39,162,162,22,6
39,162,162,23,0
39,162,162,0,1
39,163,163,1,19
39,163,163,2,2
39,163,163,3,110
39,163,163,4,278
39,163,163,5,132
39,163,163,6,3
39,163,163,7,1
39,163,163,8,0
39,163,163,9,0
39,163,163,10,1
39,163,163,11,0
39,163,163,12,1
39,163,163,13,0
39,163,163,14,0
39,163,163,15,2
39,163,163,16,2
39,163,163,17,0
39,163,163,18,0
39,163,163,19,0
39,163,163,20,0
39,163,163,21,0
39,163,163,22,1
39,163,163,23,1
39,163,163,0,1
39,164,164,1,9
39,164,164,2,0
39,164,164,3,29
39,164,164,4,144
39,164,164,5,374
39,164,164,6,2
39,164,164,7,0
39,164,164,8,0
39,164,164,9,0
39,164,164,10,0
39,164,164,11,0
39,164,164,12,0
39,164,164,13,0
39,164,164,14,0
39,164,164,15,1
39,164,164,16,1
39,164,164,17,0
39,164,164,18,0
39,164,164,19,0
39,164,164,20,0
39,164,164,21,0
39,164,164,22,0
39,164,164,23,0
39,164,164,0,0
39,165,165,1,9
39,165,165,2,1
39,165,165,3,75
39,165,165,4,165
39,165,165,5,313
39,165,165,6,1
39,165,165,7,0
39,165,165,8,0
39,165,165,9,0
39,165,165,10,0
39,165,165,11,0
39,165,165,12,4
39,165,165,13,0
39,165,165,14,1
39,165,165,15,1
39,165,165,16,0
39,165,165,17,0
39,165,165,18,0
39,165,165,19,0
39,165,165,20,2
39,165,165,21,1
39,165,165,22,1
39,165,165,23,0
39,165,165,0,1
39,166,166,1,23
39,166,166,2,3
39,166,166,3,87
39,166,166,4,226
39,166,166,5,356
39,166,166,6,1
39,166,166,7,2
39,166,166,8,0
39,166,166,9,0
39,166,166,10,1
39,166,166,11,1
39,166,166,12,0
39,166,166,13,0
39,166,166,14,0
39,166,166,15,0
39,166,166,16,1
39,166,166,17,1
39,166,166,18,3
39,166,166,19,2
39,166,166,20,1
39,166,166,21,2
39,166,166,22,3
39,166,166,23,0
39,166,166,0,4
39,167,167,1,4
39,167,167,2,0
39,167,167,3,43
39,167,167,4,161
39,167,167,5,383
39,167,167,6,0
39,167,167,7,0
39,167,167,8,0
39,167,167,9,0
39,167,167,10,0
39,167,167,11,0
39,167,167,12,3
39,167,167,13,2
39,167,167,14,0
39,167,167,15,1
39,167,167,16,0
39,167,167,17,0
39,167,167,18,0
39,167,167,19,1
39,167,167,20,0
39,167,167,21,0
39,167,167,22,0
39,167,167,23,1
39,167,167,0,1
39,168,168,1,10
39,168,168,2,0
39,168,168,3,160
39,168,168,4,120
39,168,168,5,226
39,168,168,6,0
39,168,168,7,0
39,168,168,8,0
39,168,168,9,0
39,168,168,10,0
39,168,168,11,0
39,168,168,12,0
39,168,168,13,0
39,168,168,14,0
39,168,168,15,0
39,168,168,16,0
39,168,168,17,0
39,168,168,18,1
39,168,168,19,0
39,168,168,20,2
39,168,168,21,0
39,168,168,22,0
39,168,168,23,1
39,168,168,0,0
39,169,169,1,0
39,169,169,2,0
39,169,169,3,0
39,169,169,4,0
39,169,169,5,0
39,169,169,6,0
39,169,169,7,0
39,169,169,8,0
39,169,169,9,0
39,169,169,10,0
39,169,169,11,0
39,169,169,12,0
39,169,169,13,0
39,169,169,14,0
39,169,169,15,0
39,169,169,16,0
39,169,169,17,0
39,169,169,18,0
39,169,169,19,0
39,169,169,20,0
39,169,169,21,0
39,169,169,22,0
39,169,169,23,0
39,169,169,0,0
39,169,169,1,17
39,169,169,2,2
39,169,169,3,86
39,169,169,4,219
39,169,169,5,273
39,169,169,6,4
39,169,169,7,0
39,169,169,8,0
39,169,169,9,1
39,169,169,10,0
39,169,169,11,0
39,169,169,12,0
39,169,169,13,0
39,169,169,14,0
39,169,169,15,0
39,169,169,16,0
39,169,169,17,1
39,169,169,18,1
39,169,169,19,2
39,169,169,20,0
39,169,169,21,1
39,169,169,22,4
39,169,169,23,0
39,169,169,0,1
39,170,170,1,0
39,170,170,2,0
39,170,170,3,0
39,170,170,4,0
39,170,170,5,0
39,170,170,6,0
39,170,170,7,0
39,170,170,8,0
39,170,170,9,0
39,170,170,10,0
39,170,170,11,0
39,170,170,12,0
39,170,170,13,0
39,170,170,14,0
39,170,170,15,0
39,170,170,16,0
39,170,170,17,0
39,170,170,18,0
39,170,170,19,0
39,170,170,20,0
39,170,170,21,0
39,170,170,22,0
39,170,170,23,0
39,170,170,0,0
39,170,170,1,12
39,170,170,2,0
39,170,170,3,105
39,170,170,4,182
39,170,170,5,115
39,170,170,6,1
39,170,170,7,1
39,170,170,8,1
39,170,170,9,1
39,170,170,10,1
39,170,170,11,0
39,170,170,12,1
39,170,170,13,1
39,170,170,14,0
39,170,170,15,0
39,170,170,16,0
39,170,170,17,0
39,170,170,18,0
39,170,170,19,2
39,170,170,20,1
39,170,170,21,0
39,170,170,22,1
39,170,170,23,1
39,170,170,0,0
39,171,171,1,0
39,171,171,2,0
39,171,171,3,0
39,171,171,4,0
39,171,171,5,0
39,171,171,6,0
39,171,171,7,0
39,171,171,8,0
39,171,171,9,0
39,171,171,10,0
39,171,171,11,0
39,171,171,12,0
39,171,171,13,0
39,171,171,14,0
39,171,171,15,0
39,171,171,16,0
39,171,171,17,0
39,171,171,18,0
39,171,171,19,0
39,171,171,20,0
39,171,171,21,0
39,171,171,22,0
39,171,171,23,0
39,171,171,0,0
39,171,171,1,37
39,171,171,2,1
39,171,171,3,52
39,171,171,4,364
39,171,171,5,515
39,171,171,6,3
39,171,171,7,1
39,171,171,8,1
39,171,171,9,0
39,171,171,10,2
39,171,171,11,0
39,171,171,12,1
39,171,171,13,5
39,171,171,14,0
39,171,171,15,0
39,171,171,16,0
39,171,171,17,2
39,171,171,18,1
39,171,171,19,1
39,171,171,20,1
39,171,171,21,2
39,171,171,22,4
39,171,171,23,0
39,171,171,0,2
39,172,172,1,16
39,172,172,2,1
39,172,172,3,189
39,172,172,4,355
39,172,172,5,348
39,172,172,6,0
39,172,172,7,2
39,172,172,8,2
39,172,172,9,0
39,172,172,10,1
39,172,172,11,0
39,172,172,12,2
39,172,172,13,1
39,172,172,14,1
39,172,172,15,0
39,172,172,16,0
39,172,172,17,1
39,172,172,18,0
39,172,172,19,4
39,172,172,20,2
39,172,172,21,1
39,172,172,22,2
39,172,172,23,0
39,172,172,0,4
39,173,173,1,25
39,173,173,2,0
39,173,173,3,168
39,173,173,4,151
39,173,173,5,73
39,173,173,6,0
39,173,173,7,0
39,173,173,8,0
39,173,173,9,0
39,173,173,10,5
39,173,173,11,0
39,173,173,12,0
39,173,173,13,0
39,173,173,14,0
39,173,173,15,0
39,173,173,16,0
39,173,173,17,0
39,173,173,18,1
39,173,173,19,0
39,173,173,20,0
39,173,173,21,0
39,173,173,22,1
39,173,173,23,0
39,173,173,0,1
39,174,174,1,11
39,174,174,2,1
39,174,174,3,53
39,174,174,4,138
39,174,174,5,404
39,174,174,6,0
39,174,174,7,0
39,174,174,8,0
39,174,174,9,0
39,174,174,10,0
39,174,174,11,0
39,174,174,12,1
39,174,174,13,1
39,174,174,14,0
39,174,174,15,0
39,174,174,16,0
39,174,174,17,0
39,174,174,18,0
39,174,174,19,0
39,174,174,20,0
39,174,174,21,0
39,174,174,22,0
39,174,174,23,0
39,174,174,0,1
39,175,175,1,9
39,175,175,2,0
39,175,175,3,27
39,175,175,4,138
39,175,175,5,427
39,175,175,6,1
39,175,175,7,1
39,175,175,8,0
39,175,175,9,0
39,175,175,10,0
39,175,175,11,2
39,175,175,12,0
39,175,175,13,0
39,175,175,14,0
39,175,175,15,0
39,175,175,16,0
39,175,175,17,0
39,175,175,18,2
39,175,175,19,1
39,175,175,20,0
39,175,175,21,0
39,175,175,22,0
39,175,175,23,0
39,175,175,0,0
39,176,176,1,60
39,176,176,2,3
39,176,176,3,215
39,176,176,4,387
39,176,176,5,225
39,176,176,6,2
39,176,176,7,1
39,176,176,8,0
39,176,176,9,0
39,176,176,10,0
39,176,176,11,2
39,176,176,12,0
39,176,176,13,5
39,176,176,14,2
39,176,176,15,0
39,176,176,16,2
39,176,176,17,1
39,176,176,18,3
39,176,176,19,4
39,176,176,20,4
39,176,176,21,2
39,176,176,22,2
39,176,176,23,0
39,176,176,0,5
39,177,177,1,5
39,177,177,2,0
39,177,177,3,42
39,177,177,4,185
39,177,177,5,128
39,177,177,6,0
39,177,177,7,1
39,177,177,8,0
39,177,177,9,1
39,177,177,10,0
39,177,177,11,1
39,177,177,12,1
39,177,177,13,1
39,177,177,14,0
39,177,177,15,0
39,177,177,16,1
39,177,177,17,0
39,177,177,18,0
39,177,177,19,0
39,177,177,20,0
39,177,177,21,0
39,177,177,22,2
39,177,177,23,0
39,177,177,0,1
39,178,178,1,10
39,178,178,2,1
39,178,178,3,86
39,178,178,4,196
39,178,178,5,187
39,178,178,6,1
39,178,178,7,1
39,178,178,8,0
39,178,178,9,1
39,178,178,10,0
39,178,178,11,0
39,178,178,12,1
39,178,178,13,2
39,178,178,14,0
39,178,178,15,0
39,178,178,16,0
39,178,178,17,0
39,178,178,18,0
39,178,178,19,0
39,178,178,20,0
39,178,178,21,0
39,178,178,22,2
39,178,178,23,1
39,178,178,0,2
39,179,179,1,10
39,179,179,2,3
39,179,179,3,167
39,179,179,4,216
39,179,179,5,9
39,179,179,6,0
39,179,179,7,0
39,179,179,8,0
39,179,179,9,1
39,179,179,10,0
39,179,179,11,0
39,179,179,12,0
39,179,179,13,0
39,179,179,14,0
39,179,179,15,0
39,179,179,16,0
39,179,179,17,1
39,179,179,18,0
39,179,179,19,1
39,179,179,20,1
39,179,179,21,1
39,179,179,22,0
39,179,179,23,0
39,179,179,0,2
39,180,180,1,22
39,180,180,2,0
39,180,180,3,183
39,180,180,4,359
39,180,180,5,192
39,180,180,6,0
39,180,180,7,1
39,180,180,8,1
39,180,180,9,0
39,180,180,10,0
39,180,180,11,0
39,180,180,12,0
39,180,180,13,0
39,180,180,14,0
39,180,180,15,0
39,180,180,16,3
39,180,180,17,2
39,180,180,18,1
39,180,180,19,3
39,180,180,20,2
39,180,180,21,3
39,180,180,22,2
39,180,180,23,0
39,180,180,0,3
39,181,181,1,16
39,181,181,2,0
39,181,181,3,201
39,181,181,4,246
39,181,181,5,73
39,181,181,6,0
39,181,181,7,0
39,181,181,8,1
39,181,181,9,0
39,181,181,10,0
39,181,181,11,0
39,181,181,12,1
39,181,181,13,1
39,181,181,14,0
39,181,181,15,0
39,181,181,16,0
39,181,181,17,2
39,181,181,18,3
39,181,181,19,0
39,181,181,20,2
39,181,181,21,0
39,181,181,22,0
39,181,181,23,0
39,181,181,0,1
39,182,182,1,11
39,182,182,2,0
39,182,182,3,59
39,182,182,4,183
39,182,182,5,436
39,182,182,6,1
39,182,182,7,2
39,182,182,8,0
39,182,182,9,0
39,182,182,10,0
39,182,182,11,0
39,182,182,12,0
39,182,182,13,0
39,182,182,14,0
39,182,182,15,0
39,182,182,16,0
39,182,182,17,0
39,182,182,18,2
39,182,182,19,1
39,182,182,20,1
39,182,182,21,1
39,182,182,22,3
39,182,182,23,0
39,182,182,0,2
39,183,183,1,0
39,183,183,2,0
39,183,183,3,0
39,183,183,4,0
39,183,183,5,0
39,183,183,6,0
39,183,183,7,0
39,183,183,8,0
39,183,183,9,0
39,183,183,10,0
39,183,183,11,0
39,183,183,12,0
39,183,183,13,0
39,183,183,14,0
39,183,183,15,0
39,183,183,16,0
39,183,183,17,0
39,183,183,18,0
39,183,183,19,0
39,183,183,20,0
39,183,183,21,0
39,183,183,22,0
39,183,183,23,0
39,183,183,0,0
39,183,183,1,6
39,183,183,2,0
39,183,183,3,122
39,183,183,4,191
39,183,183,5,329
39,183,183,6,1
39,183,183,7,1
39,183,183,8,0
39,183,183,9,0
39,183,183,10,0
39,183,183,11,0
39,183,183,12,0
39,183,183,13,0
39,183,183,14,0
39,183,183,15,0
39,183,183,16,0
39,183,183,17,0
39,183,183,18,0
39,183,183,19,0
39,183,183,20,0
39,183,183,21,0
39,183,183,22,0
39,183,183,23,1
39,183,183,0,1
39,184,184,1,6
39,184,184,2,0
39,184,184,3,90
39,184,184,4,195
39,184,184,5,375
39,184,184,6,0
39,184,184,7,0
39,184,184,8,0
39,184,184,9,1
39,184,184,10,0
39,184,184,11,2
39,184,184,12,6
39,184,184,13,0
39,184,184,14,2
39,184,184,15,0
39,184,184,16,0
39,184,184,17,0
39,184,184,18,1
39,184,184,19,0
39,184,184,20,0
39,184,184,21,0
39,184,184,22,0
39,184,184,23,0
39,184,184,0,0
39,184,184,1,0
39,184,184,2,0
39,184,184,3,0
39,184,184,4,0
39,184,184,5,0
39,184,184,6,0
39,184,184,7,0
39,184,184,8,0
39,184,184,9,0
39,184,184,10,0
39,184,184,11,0
39,184,184,12,0
39,184,184,13,0
39,184,184,14,0
39,184,184,15,0
39,184,184,16,0
39,184,184,17,0
39,184,184,18,0
39,184,184,19,0
39,184,184,20,0
39,184,184,21,0
39,184,184,22,0
39,184,184,23,0
39,184,184,0,0
39,185,185,1,5
39,185,185,2,0
39,185,185,3,62
39,185,185,4,155
39,185,185,5,463
39,185,185,6,0
39,185,185,7,1
39,185,185,8,0
39,185,185,9,2
39,185,185,10,0
39,185,185,11,0
39,185,185,12,1
39,185,185,13,0
39,185,185,14,2
39,185,185,15,0
39,185,185,16,0
39,185,185,17,1
39,185,185,18,0
39,185,185,19,1
39,185,185,20,0
39,185,185,21,0
39,185,185,22,0
39,185,185,23,0
39,185,185,0,1
39,185,185,1,0
39,185,185,2,0
39,185,185,3,0
39,185,185,4,0
39,185,185,5,0
39,185,185,6,0
39,185,185,7,0
39,185,185,8,0
39,185,185,9,0
39,185,185,10,0
39,185,185,11,0
39,185,185,12,0
39,185,185,13,0
39,185,185,14,0
39,185,185,15,0
39,185,185,16,0
39,185,185,17,0
39,185,185,18,0
39,185,185,19,0
39,185,185,20,0
39,185,185,21,0
39,185,185,22,0
39,185,185,23,0
39,185,185,0,0
39,186,186,1,11
39,186,186,2,0
39,186,186,3,46
39,186,186,4,153
39,186,186,5,407
39,186,186,6,0
39,186,186,7,0
39,186,186,8,0
39,186,186,9,0
39,186,186,10,0
39,186,186,11,1
39,186,186,12,1
39,186,186,13,0
39,186,186,14,0
39,186,186,15,0
39,186,186,16,0
39,186,186,17,0
39,186,186,18,0
39,186,186,19,1
39,186,186,20,1
39,186,186,21,2
39,186,186,22,4
39,186,186,23,0
39,186,186,0,0
39,187,187,1,16
39,187,187,2,1
39,187,187,3,46
39,187,187,4,185
39,187,187,5,274
39,187,187,6,1
39,187,187,7,1
39,187,187,8,1
39,187,187,9,0
39,187,187,10,1
39,187,187,11,1
39,187,187,12,3
39,187,187,13,3
39,187,187,14,3
39,187,187,15,0
39,187,187,16,4
39,187,187,17,2
39,187,187,18,0
39,187,187,19,2
39,187,187,20,0
39,187,187,21,4
39,187,187,22,0
39,187,187,23,0
39,187,187,0,0
39,188,188,1,15
39,188,188,2,1
39,188,188,3,175
39,188,188,4,300
39,188,188,5,372
39,188,188,6,2
39,188,188,7,4
39,188,188,8,0
39,188,188,9,0
39,188,188,10,1
39,188,188,11,2
39,188,188,12,1
39,188,188,13,0
39,188,188,14,1
39,188,188,15,2
39,188,188,16,3
39,188,188,17,1
39,188,188,18,1
39,188,188,19,8
39,188,188,20,5
39,188,188,21,2
39,188,188,22,7
39,188,188,23,0
39,188,188,0,4
39,189,189,1,21
39,189,189,2,0
39,189,189,3,184
39,189,189,4,201
39,189,189,5,133
39,189,189,6,2
39,189,189,7,0
39,189,189,8,0
39,189,189,9,0
39,189,189,10,0
39,189,189,11,1
39,189,189,12,1
39,189,189,13,0
39,189,189,14,0
39,189,189,15,0
39,189,189,16,0
39,189,189,17,1
39,189,189,18,1
39,189,189,19,3
39,189,189,20,0
39,189,189,21,1
39,189,189,22,2
39,189,189,23,0
39,189,189,0,1
39,190,190,1,20
39,190,190,2,1
39,190,190,3,20
39,190,190,4,138
39,190,190,5,335
39,190,190,6,2
39,190,190,7,0
39,190,190,8,0
39,190,190,9,1
39,190,190,10,2
39,190,190,11,1
39,190,190,12,0
39,190,190,13,0
39,190,190,14,0
39,190,190,15,0
39,190,190,16,1
39,190,190,17,0
39,190,190,18,1
39,190,190,19,3
39,190,190,20,0
39,190,190,21,1
39,190,190,22,3
39,190,190,23,1
39,190,190,0,0
39,191,191,1,18
39,191,191,2,1
39,191,191,3,259
39,191,191,4,287
39,191,191,5,34
39,191,191,6,0
39,191,191,7,0
39,191,191,8,0
39,191,191,9,0
39,191,191,10,0
39,191,191,11,1
39,191,191,12,0
39,191,191,13,0
39,191,191,14,1
39,191,191,15,0
39,191,191,16,0
39,191,191,17,1
39,191,191,18,2
39,191,191,19,5
39,191,191,20,1
39,191,191,21,0
39,191,191,22,0
39,191,191,23,1
39,191,191,0,0
39,192,192,1,8
39,192,192,2,1
39,192,192,3,23
39,192,192,4,116
39,192,192,5,359
39,192,192,6,2
39,192,192,7,0
39,192,192,8,1
39,192,192,9,1
39,192,192,10,0
39,192,192,11,1
39,192,192,12,0
39,192,192,13,4
39,192,192,14,0
39,192,192,15,0
39,192,192,16,1
39,192,192,17,0
39,192,192,18,1
39,192,192,19,0
39,192,192,20,3
39,192,192,21,2
39,192,192,22,6
39,192,192,23,0
39,192,192,0,0
39,193,193,1,4
39,193,193,2,0
39,193,193,3,37
39,193,193,4,115
39,193,193,5,352
39,193,193,6,3
39,193,193,7,0
39,193,193,8,2
39,193,193,9,0
39,193,193,10,0
39,193,193,11,2
39,193,193,12,0
39,193,193,13,0
39,193,193,14,0
39,193,193,15,0
39,193,193,16,2
39,193,193,17,0
39,193,193,18,0
39,193,193,19,0
39,193,193,20,0
39,193,193,21,0
39,193,193,22,2
39,193,193,23,0
39,193,193,0,0
39,194,194,1,67
39,194,194,2,0
39,194,194,3,164
39,194,194,4,367
39,194,194,5,108
39,194,194,6,0
39,194,194,7,0
39,194,194,8,0
39,194,194,9,1
39,194,194,10,0
39,194,194,11,1
39,194,194,12,0
39,194,194,13,2
39,194,194,14,1
39,194,194,15,0
39,194,194,16,1
39,194,194,17,0
39,194,194,18,1
39,194,194,19,0
39,194,194,20,0
39,194,194,21,1
39,194,194,22,1
39,194,194,23,0
39,194,194,0,1
39,195,195,1,12
39,195,195,2,1
39,195,195,3,111
39,195,195,4,162
39,195,195,5,287
39,195,195,6,1
39,195,195,7,0
39,195,195,8,0
39,195,195,9,1
39,195,195,10,0
39,195,195,11,0
39,195,195,12,0
39,195,195,13,1
39,195,195,14,2
39,195,195,15,0
39,195,195,16,2
39,195,195,17,0
39,195,195,18,1
39,195,195,19,1
39,195,195,20,3
39,195,195,21,0
39,195,195,22,1
39,195,195,23,2
39,195,195,0,2
39,196,196,1,11
39,196,196,2,1
39,196,196,3,143
39,196,196,4,444
39,196,196,5,62
39,196,196,6,1
39,196,196,7,0
39,196,196,8,0
39,196,196,9,0
39,196,196,10,1
39,196,196,11,0
39,196,196,12,1
39,196,196,13,0
39,196,196,14,2
39,196,196,15,0
39,196,196,16,1
39,196,196,17,0
39,196,196,18,0
39,196,196,19,3
39,196,196,20,4
39,196,196,21,2
39,196,196,22,4
39,196,196,23,0
39,196,196,0,0
39,197,197,1,0
39,197,197,2,0
39,197,197,3,0
39,197,197,4,0
39,197,197,5,0
39,197,197,6,0
39,197,197,7,0
39,197,197,8,0
39,197,197,9,0
39,197,197,10,0
39,197,197,11,0
39,197,197,12,0
39,197,197,13,0
39,197,197,14,0
39,197,197,15,0
39,197,197,16,0
39,197,197,17,0
39,197,197,18,0
39,197,197,19,0
39,197,197,20,0
39,197,197,21,0
39,197,197,22,0
39,197,197,23,0
39,197,197,0,0
39,197,197,1,5
39,197,197,2,2
39,197,197,3,370
39,197,197,4,203
39,197,197,5,48
39,197,197,6,0
39,197,197,7,0
39,197,197,8,0
39,197,197,9,0
39,197,197,10,0
39,197,197,11,1
39,197,197,12,0
39,197,197,13,0
39,197,197,14,0
39,197,197,15,1
39,197,197,16,0
39,197,197,17,1
39,197,197,18,0
39,197,197,19,1
39,197,197,20,0
39,197,197,21,0
39,197,197,22,1
39,197,197,23,0
39,197,197,0,0
39,198,198,1,0
39,198,198,2,0
39,198,198,3,0
39,198,198,4,0
39,198,198,5,0
39,198,198,6,0
39,198,198,7,0
39,198,198,8,0
39,198,198,9,0
39,198,198,10,0
39,198,198,11,0
39,198,198,12,0
39,198,198,13,0
39,198,198,14,0
39,198,198,15,0
39,198,198,16,0
39,198,198,17,0
39,198,198,18,0
39,198,198,19,0
39,198,198,20,0
39,198,198,21,0
39,198,198,22,0
39,198,198,23,0
39,198,198,0,0
39,198,198,1,12
39,198,198,2,0
39,198,198,3,347
39,198,198,4,164
39,198,198,5,69
39,198,198,6,0
39,198,198,7,0
39,198,198,8,0
39,198,198,9,0
39,198,198,10,2
39,198,198,11,0
39,198,198,12,2
39,198,198,13,0
39,198,198,14,0
39,198,198,15,0
39,198,198,16,0
39,198,198,17,0
39,198,198,18,0
39,198,198,19,1
39,198,198,20,0
39,198,198,21,0
39,198,198,22,1
39,198,198,23,0
39,198,198,0,0
39,199,199,1,47
39,199,199,2,2
39,199,199,3,198
39,199,199,4,512
39,199,199,5,88
39,199,199,6,0
39,199,199,7,0
39,199,199,8,0
39,199,199,9,0
39,199,199,10,0
39,199,199,11,0
39,199,199,12,0
39,199,199,13,2
39,199,199,14,0
39,199,199,15,0
39,199,199,16,1
39,199,199,17,1
39,199,199,18,0
39,199,199,19,1
39,199,199,20,0
39,199,199,21,0
39,199,199,22,1
39,199,199,23,0
39,199,199,0,1
39,199,199,1,0
39,199,199,2,0
39,199,199,3,0
39,199,199,4,0
39,199,199,5,0
39,199,199,6,0
39,199,199,7,0
39,199,199,8,0
39,199,199,9,0
39,199,199,10,0
39,199,199,11,0
39,199,199,12,0
39,199,199,13,0
39,199,199,14,0
39,199,199,15,0
39,199,199,16,0
39,199,199,17,0
39,199,199,18,0
39,199,199,19,0
39,199,199,20,0
39,199,199,21,0
39,199,199,22,0
39,199,199,23,0
39,199,199,0,0
39,200,200,1,10
39,200,200,2,0
39,200,200,3,59
39,200,200,4,97
39,200,200,5,330
39,200,200,6,8
39,200,200,7,0
39,200,200,8,0
39,200,200,9,0
39,200,200,10,1
39,200,200,11,0
39,200,200,12,0
39,200,200,13,1
39,200,200,14,0
39,200,200,15,1
39,200,200,16,0
39,200,200,17,2
39,200,200,18,1
39,200,200,19,0
39,200,200,20,1
39,200,200,21,1
39,200,200,22,3
39,200,200,23,1
39,200,200,0,1
39,201,201,1,4
39,201,201,2,0
39,201,201,3,156
39,201,201,4,230
39,201,201,5,110
39,201,201,6,1
39,201,201,7,0
39,201,201,8,0
39,201,201,9,0
39,201,201,10,0
39,201,201,11,1
39,201,201,12,0
39,201,201,13,0
39,201,201,14,0
39,201,201,15,0
39,201,201,16,0
39,201,201,17,1
39,201,201,18,0
39,201,201,19,0
39,201,201,20,2
39,201,201,21,1
39,201,201,22,0
39,201,201,23,0
39,201,201,0,5
39,202,202,1,12
39,202,202,2,0
39,202,202,3,60
39,202,202,4,136
39,202,202,5,441
39,202,202,6,0
39,202,202,7,0
39,202,202,8,0
39,202,202,9,0
39,202,202,10,0
39,202,202,11,0
39,202,202,12,0
39,202,202,13,0
39,202,202,14,0
39,202,202,15,0
39,202,202,16,0
39,202,202,17,0
39,202,202,18,0
39,202,202,19,1
39,202,202,20,0
39,202,202,21,0
39,202,202,22,0
39,202,202,23,0
39,202,202,0,0
39,203,203,1,19
39,203,203,2,0
39,203,203,3,59
39,203,203,4,137
39,203,203,5,465
39,203,203,6,0
39,203,203,7,1
39,203,203,8,1
39,203,203,9,0
39,203,203,10,0
39,203,203,11,1
39,203,203,12,0
39,203,203,13,0
39,203,203,14,0
39,203,203,15,0
39,203,203,16,0
39,203,203,17,0
39,203,203,18,0
39,203,203,19,1
39,203,203,20,0
39,203,203,21,3
39,203,203,22,1
39,203,203,23,0
39,203,203,0,2
39,204,204,1,19
39,204,204,2,1
39,204,204,3,176
39,204,204,4,214
39,204,204,5,400
39,204,204,6,1
39,204,204,7,1
39,204,204,8,0
39,204,204,9,0
39,204,204,10,0
39,204,204,11,0
39,204,204,12,1
39,204,204,13,2
39,204,204,14,1
39,204,204,15,1
39,204,204,16,0
39,204,204,17,0
39,204,204,18,1
39,204,204,19,2
39,204,204,20,0
39,204,204,21,4
39,204,204,22,3
39,204,204,23,0
39,204,204,0,1
39,205,205,1,6
39,205,205,2,0
39,205,205,3,49
39,205,205,4,104
39,205,205,5,643
39,205,205,6,2
39,205,205,7,0
39,205,205,8,0
39,205,205,9,0
39,205,205,10,0
39,205,205,11,1
39,205,205,12,0
39,205,205,13,1
39,205,205,14,0
39,205,205,15,0
39,205,205,16,0
39,205,205,17,0
39,205,205,18,0
39,205,205,19,1
39,205,205,20,0
39,205,205,21,0
39,205,205,22,0
39,205,205,23,0
39,205,205,0,0
39,206,206,1,14
39,206,206,2,1
39,206,206,3,148
39,206,206,4,237
39,206,206,5,177
39,206,206,6,0
39,206,206,7,0
39,206,206,8,0
39,206,206,9,0
39,206,206,10,0
39,206,206,11,0
39,206,206,12,0
39,206,206,13,0
39,206,206,14,0
39,206,206,15,0
39,206,206,16,0
39,206,206,17,1
39,206,206,18,0
39,206,206,19,1
39,206,206,20,0
39,206,206,21,0
39,206,206,22,3
39,206,206,23,1
39,206,206,0,2
39,207,207,1,35
39,207,207,2,0
39,207,207,3,128
39,207,207,4,240
39,207,207,5,215
39,207,207,6,2
39,207,207,7,1
39,207,207,8,2
39,207,207,9,3
39,207,207,10,0
39,207,207,11,2
39,207,207,12,2
39,207,207,13,3
39,207,207,14,1
39,207,207,15,1
39,207,207,16,2
39,207,207,17,1
39,207,207,18,1
39,207,207,19,1
39,207,207,20,1
39,207,207,21,1
39,207,207,22,2
39,207,207,23,0
39,207,207,0,0
39,208,208,1,16
39,208,208,2,1
39,208,208,3,144
39,208,208,4,258
39,208,208,5,139
39,208,208,6,2
39,208,208,7,0
39,208,208,8,0
39,208,208,9,0
39,208,208,10,0
39,208,208,11,1
39,208,208,12,2
39,208,208,13,2
39,208,208,14,0
39,208,208,15,0
39,208,208,16,0
39,208,208,17,0
39,208,208,18,1
39,208,208,19,4
39,208,208,20,0
39,208,208,21,0
39,208,208,22,1
39,208,208,23,0
39,208,208,0,0
39,209,209,1,20
39,209,209,2,0
39,209,209,3,103
39,209,209,4,180
39,209,209,5,520
39,209,209,6,2
39,209,209,7,3
39,209,209,8,0
39,209,209,9,0
39,209,209,10,0
39,209,209,11,0
39,209,209,12,2
39,209,209,13,1
39,209,209,14,0
39,209,209,15,0
39,209,209,16,1
39,209,209,17,1
39,209,209,18,0
39,209,209,19,0
39,209,209,20,1
39,209,209,21,1
39,209,209,22,3
39,209,209,23,0
39,209,209,0,3
39,210,210,1,18
39,210,210,2,1
39,210,210,3,44
39,210,210,4,133
39,210,210,5,410
39,210,210,6,1
39,210,210,7,0
39,210,210,8,0
39,210,210,9,0
39,210,210,10,0
39,210,210,11,0
39,210,210,12,3
39,210,210,13,0
39,210,210,14,1
39,210,210,15,0
39,210,210,16,0
39,210,210,17,0
39,210,210,18,1
39,210,210,19,0
39,210,210,20,1
39,210,210,21,0
39,210,210,22,1
39,210,210,23,0
39,210,210,0,0
39,211,211,1,0
39,211,211,2,0
39,211,211,3,0
39,211,211,4,0
39,211,211,5,0
39,211,211,6,0
39,211,211,7,0
39,211,211,8,0
39,211,211,9,0
39,211,211,10,0
39,211,211,11,0
39,211,211,12,0
39,211,211,13,0
39,211,211,14,0
39,211,211,15,0
39,211,211,16,0
39,211,211,17,0
39,211,211,18,0
39,211,211,19,0
39,211,211,20,0
39,211,211,21,0
39,211,211,22,0
39,211,211,23,0
39,211,211,0,0
39,211,211,1,8
39,211,211,2,0
39,211,211,3,139
39,211,211,4,223
39,211,211,5,69
39,211,211,6,0
39,211,211,7,0
39,211,211,8,0
39,211,211,9,0
39,211,211,10,0
39,211,211,11,0
39,211,211,12,1
39,211,211,13,2
39,211,211,14,0
39,211,211,15,0
39,211,211,16,0
39,211,211,17,0
39,211,211,18,0
39,211,211,19,0
39,211,211,20,0
39,211,211,21,0
39,211,211,22,0
39,211,211,23,0
39,211,211,0,0
39,212,212,1,26
39,212,212,2,2
39,212,212,3,129
39,212,212,4,347
39,212,212,5,476
39,212,212,6,6
39,212,212,7,0
39,212,212,8,0
39,212,212,9,0
39,212,212,10,0
39,212,212,11,0
39,212,212,12,4
39,212,212,13,2
39,212,212,14,0
39,212,212,15,0
39,212,212,16,1
39,212,212,17,1
39,212,212,18,0
39,212,212,19,2
39,212,212,20,0
39,212,212,21,1
39,212,212,22,0
39,212,212,23,0
39,212,212,0,0
39,212,212,1,0
39,212,212,2,0
39,212,212,3,0
39,212,212,4,0
39,212,212,5,0
39,212,212,6,0
39,212,212,7,0
39,212,212,8,0
39,212,212,9,0
39,212,212,10,0
39,212,212,11,0
39,212,212,12,0
39,212,212,13,0
39,212,212,14,0
39,212,212,15,0
39,212,212,16,0
39,212,212,17,0
39,212,212,18,0
39,212,212,19,0
39,212,212,20,0
39,212,212,21,0
39,212,212,22,0
39,212,212,23,0
39,212,212,0,0
39,213,213,1,15
39,213,213,2,1
39,213,213,3,83
39,213,213,4,168
39,213,213,5,157
39,213,213,6,0
39,213,213,7,1
39,213,213,8,0
39,213,213,9,1
39,213,213,10,0
39,213,213,11,1
39,213,213,12,0
39,213,213,13,1
39,213,213,14,1
39,213,213,15,0
39,213,213,16,2
39,213,213,17,1
39,213,213,18,0
39,213,213,19,0
39,213,213,20,0
39,213,213,21,1
39,213,213,22,4
39,213,213,23,0
39,213,213,0,2
39,213,213,1,0
39,213,213,2,0
39,213,213,3,0
39,213,213,4,0
39,213,213,5,0
39,213,213,6,0
39,213,213,7,0
39,213,213,8,0
39,213,213,9,0
39,213,213,10,0
39,213,213,11,0
39,213,213,12,0
39,213,213,13,0
39,213,213,14,0
39,213,213,15,0
39,213,213,16,0
39,213,213,17,0
39,213,213,18,0
39,213,213,19,0
39,213,213,20,0
39,213,213,21,0
39,213,213,22,0
39,213,213,23,0
39,213,213,0,0
39,214,214,1,10
39,214,214,2,0
39,214,214,3,77
39,214,214,4,200
39,214,214,5,442
39,214,214,6,1
39,214,214,7,0
39,214,214,8,2
39,214,214,9,1
39,214,214,10,0
39,214,214,11,2
39,214,214,12,1
39,214,214,13,2
39,214,214,14,0
39,214,214,15,0
39,214,214,16,1
39,214,214,17,0
39,214,214,18,3
39,214,214,19,1
39,214,214,20,2
39,214,214,21,3
39,214,214,22,6
39,214,214,23,0
39,214,214,0,6
39,215,215,1,14
39,215,215,2,0
39,215,215,3,113
39,215,215,4,158
39,215,215,5,460
39,215,215,6,2
39,215,215,7,0
39,215,215,8,0
39,215,215,9,0
39,215,215,10,1
39,215,215,11,0
39,215,215,12,0
39,215,215,13,0
39,215,215,14,1
39,215,215,15,1
39,215,215,16,0
39,215,215,17,0
39,215,215,18,2
39,215,215,19,0
39,215,215,20,0
39,215,215,21,1
39,215,215,22,4
39,215,215,23,1
39,215,215,0,0
39,216,216,1,30
39,216,216,2,1
39,216,216,3,189
39,216,216,4,438
39,216,216,5,119
39,216,216,6,1
39,216,216,7,2
39,216,216,8,1
39,216,216,9,1
39,216,216,10,0
39,216,216,11,2
39,216,216,12,0
39,216,216,13,2
39,216,216,14,1
39,216,216,15,1
39,216,216,16,4
39,216,216,17,0
39,216,216,18,1
39,216,216,19,2
39,216,216,20,4
39,216,216,21,0
39,216,216,22,1
39,216,216,23,1
39,216,216,0,0
39,217,217,1,35
39,217,217,2,0
39,217,217,3,283
39,217,217,4,434
39,217,217,5,204
39,217,217,6,1
39,217,217,7,1
39,217,217,8,0
39,217,217,9,1
39,217,217,10,0
39,217,217,11,0
39,217,217,12,1
39,217,217,13,1
39,217,217,14,1
39,217,217,15,0
39,217,217,16,1
39,217,217,17,1
39,217,217,18,1
39,217,217,19,2
39,217,217,20,4
39,217,217,21,2
39,217,217,22,2
39,217,217,23,1
39,217,217,0,2
39,218,218,1,9
39,218,218,2,0
39,218,218,3,89
39,218,218,4,164
39,218,218,5,280
39,218,218,6,1
39,218,218,7,1
39,218,218,8,0
39,218,218,9,0
39,218,218,10,0
39,218,218,11,1
39,218,218,12,1
39,218,218,13,2
39,218,218,14,2
39,218,218,15,1
39,218,218,16,4
39,218,218,17,2
39,218,218,18,0
39,218,218,19,1
39,218,218,20,1
39,218,218,21,0
39,218,218,22,1
39,218,218,23,0
39,218,218,0,0
39,219,219,1,6
39,219,219,2,1
39,219,219,3,133
39,219,219,4,173
39,219,219,5,139
39,219,219,6,0
39,219,219,7,2
39,219,219,8,0
39,219,219,9,0
39,219,219,10,0
39,219,219,11,0
39,219,219,12,1
39,219,219,13,0
39,219,219,14,3
39,219,219,15,0
39,219,219,16,1
39,219,219,17,0
39,219,219,18,2
39,219,219,19,3
39,219,219,20,1
39,219,219,21,0
39,219,219,22,2
39,219,219,23,0
39,219,219,0,3
39,220,220,1,63
39,220,220,2,2
39,220,220,3,221
39,220,220,4,243
39,220,220,5,69
39,220,220,6,0
39,220,220,7,1
39,220,220,8,0
39,220,220,9,1
39,220,220,10,0
39,220,220,11,1
39,220,220,12,1
39,220,220,13,0
39,220,220,14,0
39,220,220,15,0
39,220,220,16,0
39,220,220,17,2
39,220,220,18,2
39,220,220,19,0
39,220,220,20,2
39,220,220,21,0
39,220,220,22,1
39,220,220,23,0
39,220,220,0,2
39,221,221,1,15
39,221,221,2,2
39,221,221,3,44
39,221,221,4,185
39,221,221,5,499
39,221,221,6,1
39,221,221,7,1
39,221,221,8,0
39,221,221,9,0
39,221,221,10,0
39,221,221,11,0
39,221,221,12,0
39,221,221,13,0
39,221,221,14,0
39,221,221,15,0
39,221,221,16,0
39,221,221,17,0
39,221,221,18,0
39,221,221,19,0
39,221,221,20,0
39,221,221,21,1
39,221,221,22,0
39,221,221,23,0
39,221,221,0,2
39,222,222,1,17
39,222,222,2,0
39,222,222,3,74
39,222,222,4,146
39,222,222,5,276
39,222,222,6,1
39,222,222,7,0
39,222,222,8,1
39,222,222,9,0
39,222,222,10,0
39,222,222,11,1
39,222,222,12,0
39,222,222,13,1
39,222,222,14,0
39,222,222,15,0
39,222,222,16,2
39,222,222,17,1
39,222,222,18,0
39,222,222,19,2
39,222,222,20,1
39,222,222,21,0
39,222,222,22,0
39,222,222,23,1
39,222,222,0,1
39,223,223,1,17
39,223,223,2,0
39,223,223,3,69
39,223,223,4,156
39,223,223,5,400
39,223,223,6,1
39,223,223,7,2
39,223,223,8,0
39,223,223,9,0
39,223,223,10,1
39,223,223,11,0
39,223,223,12,0
39,223,223,13,0
39,223,223,14,1
39,223,223,15,1
39,223,223,16,1
39,223,223,17,0
39,223,223,18,0
39,223,223,19,0
39,223,223,20,0
39,223,223,21,1
39,223,223,22,1
39,223,223,23,0
39,223,223,0,0
39,224,224,1,21
39,224,224,2,2
39,224,224,3,64
39,224,224,4,216
39,224,224,5,604
39,224,224,6,3
39,224,224,7,0
39,224,224,8,0
39,224,224,9,0
39,224,224,10,1
39,224,224,11,0
39,224,224,12,1
39,224,224,13,0
39,224,224,14,1
39,224,224,15,0
39,224,224,16,3
39,224,224,17,0
39,224,224,18,3
39,224,224,19,1
39,224,224,20,0
39,224,224,21,0
39,224,224,22,4
39,224,224,23,1
39,224,224,0,1
39,225,225,1,0
39,225,225,2,0
39,225,225,3,0
39,225,225,4,0
39,225,225,5,0
39,225,225,6,0
39,225,225,7,0
39,225,225,8,0
39,225,225,9,0
39,225,225,10,0
39,225,225,11,0
39,225,225,12,0
39,225,225,13,0
39,225,225,14,0
39,225,225,15,0
39,225,225,16,0
39,225,225,17,0
39,225,225,18,0
39,225,225,19,0
39,225,225,20,0
39,225,225,21,0
39,225,225,22,0
39,225,225,23,0
39,225,225,0,0
39,225,225,1,27
39,225,225,2,1
39,225,225,3,123
39,225,225,4,230
39,225,225,5,292
39,225,225,6,0
39,225,225,7,0
39,225,225,8,3
39,225,225,9,0
39,225,225,10,2
39,225,225,11,0
39,225,225,12,2
39,225,225,13,2
39,225,225,14,2
39,225,225,15,1
39,225,225,16,2
39,225,225,17,1
39,225,225,18,0
39,225,225,19,2
39,225,225,20,0
39,225,225,21,1
39,225,225,22,1
39,225,225,23,1
39,225,225,0,5
39,226,226,1,0
39,226,226,2,0
39,226,226,3,0
39,226,226,4,0
39,226,226,5,0
39,226,226,6,0
39,226,226,7,0
39,226,226,8,0
39,226,226,9,0
39,226,226,10,0
39,226,226,11,0
39,226,226,12,0
39,226,226,13,0
39,226,226,14,0
39,226,226,15,0
39,226,226,16,0
39,226,226,17,0
39,226,226,18,0
39,226,226,19,0
39,226,226,20,0
39,226,226,21,0
39,226,226,22,0
39,226,226,23,0
39,226,226,0,0
39,226,226,1,14
39,226,226,2,0
39,226,226,3,133
39,226,226,4,241
39,226,226,5,302
39,226,226,6,1
39,226,226,7,0
39,226,226,8,1
39,226,226,9,1
39,226,226,10,0
39,226,226,11,0
39,226,226,12,3
39,226,226,13,0
39,226,226,14,1
39,226,226,15,0
39,226,226,16,1
39,226,226,17,1
39,226,226,18,0
39,226,226,19,5
39,226,226,20,7
39,226,226,21,0
39,226,226,22,4
39,226,226,23,1
39,226,226,0,1
39,227,227,1,20
39,227,227,2,1
39,227,227,3,200
39,227,227,4,224
39,227,227,5,221
39,227,227,6,1
39,227,227,7,0
39,227,227,8,0
39,227,227,9,1
39,227,227,10,0
39,227,227,11,0
39,227,227,12,0
39,227,227,13,1
39,227,227,14,1
39,227,227,15,1
39,227,227,16,1
39,227,227,17,1
39,227,227,18,1
39,227,227,19,2
39,227,227,20,1
39,227,227,21,1
39,227,227,22,1
39,227,227,23,2
39,227,227,0,1
39,227,227,1,0
39,227,227,2,0
39,227,227,3,0
39,227,227,4,0
39,227,227,5,0
39,227,227,6,0
39,227,227,7,0
39,227,227,8,0
39,227,227,9,0
39,227,227,10,0
39,227,227,11,0
39,227,227,12,0
39,227,227,13,0
39,227,227,14,0
39,227,227,15,0
39,227,227,16,0
39,227,227,17,0
39,227,227,18,0
39,227,227,19,0
39,227,227,20,0
39,227,227,21,0
39,227,227,22,0
39,227,227,23,0
39,227,227,0,0
39,228,228,1,20
39,228,228,2,1
39,228,228,3,127
39,228,228,4,191
39,228,228,5,278
39,228,228,6,5
39,228,228,7,1
39,228,228,8,1
39,228,228,9,0
39,228,228,10,3
39,228,228,11,1
39,228,228,12,2
39,228,228,13,1
39,228,228,14,1
39,228,228,15,0
39,228,228,16,3
39,228,228,17,0
39,228,228,18,0
39,228,228,19,3
39,228,228,20,0
39,228,228,21,1
39,228,228,22,3
39,228,228,23,1
39,228,228,0,1
39,229,229,1,16
39,229,229,2,1
39,229,229,3,248
39,229,229,4,308
39,229,229,5,208
39,229,229,6,4
39,229,229,7,2
39,229,229,8,0
39,229,229,9,1
39,229,229,10,0
39,229,229,11,2
39,229,229,12,1
39,229,229,13,3
39,229,229,14,0
39,229,229,15,0
39,229,229,16,4
39,229,229,17,2
39,229,229,18,4
39,229,229,19,2
39,229,229,20,2
39,229,229,21,2
39,229,229,22,2
39,229,229,23,2
39,229,229,0,2
39,230,230,1,13
39,230,230,2,3
39,230,230,3,246
39,230,230,4,294
39,230,230,5,189
39,230,230,6,0
39,230,230,7,0
39,230,230,8,1
39,230,230,9,2
39,230,230,10,0
39,230,230,11,1
39,230,230,12,0
39,230,230,13,1
39,230,230,14,6
39,230,230,15,2
39,230,230,16,2
39,230,230,17,1
39,230,230,18,0
39,230,230,19,6
39,230,230,20,3
39,230,230,21,0
39,230,230,22,3
39,230,230,23,1
39,230,230,0,0
39,231,231,1,14
39,231,231,2,1
39,231,231,3,200
39,231,231,4,282
39,231,231,5,130
39,231,231,6,0
39,231,231,7,2
39,231,231,8,1
39,231,231,9,2
39,231,231,10,0
39,231,231,11,2
39,231,231,12,2
39,231,231,13,0
39,231,231,14,0
39,231,231,15,0
39,231,231,16,1
39,231,231,17,1
39,231,231,18,1
39,231,231,19,14
39,231,231,20,2
39,231,231,21,1
39,231,231,22,0
39,231,231,23,1
39,231,231,0,2
39,232,232,1,29
39,232,232,2,0
39,232,232,3,140
39,232,232,4,335
39,232,232,5,368
39,232,232,6,3
39,232,232,7,0
39,232,232,8,2
39,232,232,9,1
39,232,232,10,0
39,232,232,11,3
39,232,232,12,3
39,232,232,13,2
39,232,232,14,1
39,232,232,15,1
39,232,232,16,7
39,232,232,17,0
39,232,232,18,0
39,232,232,19,1
39,232,232,20,0
39,232,232,21,2
39,232,232,22,6
39,232,232,23,0
39,232,232,0,2
39,233,233,1,32
39,233,233,2,2
39,233,233,3,225
39,233,233,4,301
39,233,233,5,93
39,233,233,6,0
39,233,233,7,2
39,233,233,8,0
39,233,233,9,1
39,233,233,10,1
39,233,233,11,0
39,233,233,12,0
39,233,233,13,1
39,233,233,14,1
39,233,233,15,0
39,233,233,16,2
39,233,233,17,2
39,233,233,18,3
39,233,233,19,1
39,233,233,20,0
39,233,233,21,1
39,233,233,22,0
39,233,233,23,1
39,233,233,0,0
39,234,234,1,14
39,234,234,2,1
39,234,234,3,180
39,234,234,4,200
39,234,234,5,147
39,234,234,6,3
39,234,234,7,1
39,234,234,8,1
39,234,234,9,0
39,234,234,10,0
39,234,234,11,0
39,234,234,12,2
39,234,234,13,2
39,234,234,14,6
39,234,234,15,0
39,234,234,16,1
39,234,234,17,0
39,234,234,18,0
39,234,234,19,4
39,234,234,20,2
39,234,234,21,1
39,234,234,22,2
39,234,234,23,0
39,234,234,0,2
39,235,235,1,10
39,235,235,2,2
39,235,235,3,197
39,235,235,4,277
39,235,235,5,53
39,235,235,6,0
39,235,235,7,1
39,235,235,8,1
39,235,235,9,0
39,235,235,10,0
39,235,235,11,0
39,235,235,12,0
39,235,235,13,3
39,235,235,14,0
39,235,235,15,0
39,235,235,16,0
39,235,235,17,0
39,235,235,18,1
39,235,235,19,5
39,235,235,20,4
39,235,235,21,0
39,235,235,22,1
39,235,235,23,0
39,235,235,0,1
39,236,236,1,8
39,236,236,2,1
39,236,236,3,146
39,236,236,4,220
39,236,236,5,168
39,236,236,6,1
39,236,236,7,0
39,236,236,8,0
39,236,236,9,0
39,236,236,10,0
39,236,236,11,1
39,236,236,12,0
39,236,236,13,1
39,236,236,14,0
39,236,236,15,0
39,236,236,16,0
39,236,236,17,0
39,236,236,18,4
39,236,236,19,0
39,236,236,20,0
39,236,236,21,0
39,236,236,22,1
39,236,236,23,0
39,236,236,0,1
39,237,237,1,7
39,237,237,2,1
39,237,237,3,179
39,237,237,4,150
39,237,237,5,133
39,237,237,6,0
39,237,237,7,0
39,237,237,8,0
39,237,237,9,0
39,237,237,10,0
39,237,237,11,0
39,237,237,12,0
39,237,237,13,0
39,237,237,14,2
39,237,237,15,1
39,237,237,16,0
39,237,237,17,0
39,237,237,18,3
39,237,237,19,1
39,237,237,20,0
39,237,237,21,0
39,237,237,22,1
39,237,237,23,1
39,237,237,0,1
39,238,238,1,22
39,238,238,2,0
39,238,238,3,90
39,238,238,4,289
39,238,238,5,142
39,238,238,6,0
39,238,238,7,1
39,238,238,8,1
39,238,238,9,1
39,238,238,10,0
39,238,238,11,0
39,238,238,12,0
39,238,238,13,0
39,238,238,14,0
39,238,238,15,0
39,238,238,16,4
39,238,238,17,0
39,238,238,18,0
39,238,238,19,0
39,238,238,20,0
39,238,238,21,0
39,238,238,22,4
39,238,238,23,0
39,238,238,0,1
39,239,239,1,0
39,239,239,2,0
39,239,239,3,0
39,239,239,4,0
39,239,239,5,0
39,239,239,6,0
39,239,239,7,0
39,239,239,8,0
39,239,239,9,0
39,239,239,10,0
39,239,239,11,0
39,239,239,12,0
39,239,239,13,0
39,239,239,14,0
39,239,239,15,0
39,239,239,16,0
39,239,239,17,0
39,239,239,18,0
39,239,239,19,0
39,239,239,20,0
39,239,239,21,0
39,239,239,22,0
39,239,239,23,0
39,239,239,0,0
39,239,239,1,13
39,239,239,2,1
39,239,239,3,118
39,239,239,4,213
39,239,239,5,116
39,239,239,6,1
39,239,239,7,1
39,239,239,8,0
39,239,239,9,0
39,239,239,10,0
39,239,239,11,3
39,239,239,12,1
39,239,239,13,1
39,239,239,14,0
39,239,239,15,1
39,239,239,16,3
39,239,239,17,0
39,239,239,18,1
39,239,239,19,1
39,239,239,20,1
39,239,239,21,0
39,239,239,22,4
39,239,239,23,0
39,239,239,0,0
39,240,240,1,0
39,240,240,2,0
39,240,240,3,0
39,240,240,4,0
39,240,240,5,0
39,240,240,6,0
39,240,240,7,0
39,240,240,8,0
39,240,240,9,0
39,240,240,10,0
39,240,240,11,0
39,240,240,12,0
39,240,240,13,0
39,240,240,14,0
39,240,240,15,0
39,240,240,16,0
39,240,240,17,0
39,240,240,18,0
39,240,240,19,0
39,240,240,20,0
39,240,240,21,0
39,240,240,22,0
39,240,240,23,0
39,240,240,0,0
39,240,240,1,37
39,240,240,2,3
39,240,240,3,246
39,240,240,4,283
39,240,240,5,147
39,240,240,6,0
39,240,240,7,2
39,240,240,8,0
39,240,240,9,0
39,240,240,10,0
39,240,240,11,0
39,240,240,12,0
39,240,240,13,0
39,240,240,14,0
39,240,240,15,0
39,240,240,16,1
39,240,240,17,1
39,240,240,18,1
39,240,240,19,3
39,240,240,20,1
39,240,240,21,0
39,240,240,22,0
39,240,240,23,0
39,240,240,0,3
39,241,241,1,0
39,241,241,2,0
39,241,241,3,0
39,241,241,4,0
39,241,241,5,0
39,241,241,6,0
39,241,241,7,0
39,241,241,8,0
39,241,241,9,0
39,241,241,10,0
39,241,241,11,0
39,241,241,12,0
39,241,241,13,0
39,241,241,14,0
39,241,241,15,0
39,241,241,16,0
39,241,241,17,0
39,241,241,18,0
39,241,241,19,0
39,241,241,20,0
39,241,241,21,0
39,241,241,22,0
39,241,241,23,0
39,241,241,0,0
39,241,241,1,23
39,241,241,2,1
39,241,241,3,165
39,241,241,4,231
39,241,241,5,89
39,241,241,6,1
39,241,241,7,0
39,241,241,8,0
39,241,241,9,0
39,241,241,10,0
39,241,241,11,0
39,241,241,12,0
39,241,241,13,0
39,241,241,14,1
39,241,241,15,0
39,241,241,16,1
39,241,241,17,0
39,241,241,18,0
39,241,241,19,0
39,241,241,20,0
39,241,241,21,0
39,241,241,22,0
39,241,241,23,0
39,241,241,0,1
39,242,242,1,39
39,242,242,2,0
39,242,242,3,165
39,242,242,4,333
39,242,242,5,127
39,242,242,6,0
39,242,242,7,0
39,242,242,8,0
39,242,242,9,0
39,242,242,10,1
39,242,242,11,0
39,242,242,12,0
39,242,242,13,1
39,242,242,14,0
39,242,242,15,0
39,242,242,16,0
39,242,242,17,2
39,242,242,18,0
39,242,242,19,1
39,242,242,20,5
39,242,242,21,0
39,242,242,22,1
39,242,242,23,0
39,242,242,0,1
39,243,243,1,24
39,243,243,2,1
39,243,243,3,129
39,243,243,4,252
39,243,243,5,61
39,243,243,6,0
39,243,243,7,0
39,243,243,8,0
39,243,243,9,0
39,243,243,10,0
39,243,243,11,0
39,243,243,12,1
39,243,243,13,0
39,243,243,14,0
39,243,243,15,0
39,243,243,16,0
39,243,243,17,3
39,243,243,18,2
39,243,243,19,4
39,243,243,20,1
39,243,243,21,0
39,243,243,22,0
39,243,243,23,0
39,243,243,0,1
39,244,244,1,38
39,244,244,2,1
39,244,244,3,193
39,244,244,4,418
39,244,244,5,230
39,244,244,6,4
39,244,244,7,2
39,244,244,8,0
39,244,244,9,2
39,244,244,10,0
39,244,244,11,0
39,244,244,12,2
39,244,244,13,1
39,244,244,14,1
39,244,244,15,0
39,244,244,16,5
39,244,244,17,1
39,244,244,18,1
39,244,244,19,4
39,244,244,20,1
39,244,244,21,0
39,244,244,22,3
39,244,244,23,2
39,244,244,0,3
39,245,245,1,25
39,245,245,2,0
39,245,245,3,234
39,245,245,4,362
39,245,245,5,213
39,245,245,6,2
39,245,245,7,1
39,245,245,8,0
39,245,245,9,0
39,245,245,10,1
39,245,245,11,0
39,245,245,12,0
39,245,245,13,0
39,245,245,14,0
39,245,245,15,0
39,245,245,16,0
39,245,245,17,0
39,245,245,18,0
39,245,245,19,2
39,245,245,20,1
39,245,245,21,0
39,245,245,22,1
39,245,245,23,0
39,245,245,0,2
39,246,246,1,14
39,246,246,2,1
39,246,246,3,156
39,246,246,4,323
39,246,246,5,229
39,246,246,6,1
39,246,246,7,2
39,246,246,8,2
39,246,246,9,1
39,246,246,10,1
39,246,246,11,0
39,246,246,12,2
39,246,246,13,1
39,246,246,14,1
39,246,246,15,1
39,246,246,16,0
39,246,246,17,1
39,246,246,18,1
39,246,246,19,1
39,246,246,20,1
39,246,246,21,2
39,246,246,22,4
39,246,246,23,1
39,246,246,0,2
39,247,247,1,12
39,247,247,2,1
39,247,247,3,163
39,247,247,4,283
39,247,247,5,101
39,247,247,6,0
39,247,247,7,1
39,247,247,8,0
39,247,247,9,1
39,247,247,10,0
39,247,247,11,0
39,247,247,12,2
39,247,247,13,0
39,247,247,14,1
39,247,247,15,1
39,247,247,16,1
39,247,247,17,1
39,247,247,18,0
39,247,247,19,4
39,247,247,20,0
39,247,247,21,0
39,247,247,22,3
39,247,247,23,0
39,247,247,0,1
39,248,248,1,14
39,248,248,2,1
39,248,248,3,170
39,248,248,4,227
39,248,248,5,73
39,248,248,6,0
39,248,248,7,1
39,248,248,8,0
39,248,248,9,1
39,248,248,10,0
39,248,248,11,0
39,248,248,12,1
39,248,248,13,2
39,248,248,14,1
39,248,248,15,0
39,248,248,16,0
39,248,248,17,2
39,248,248,18,0
39,248,248,19,0
39,248,248,20,0
39,248,248,21,0
39,248,248,22,1
39,248,248,23,0
39,248,248,0,0
39,249,249,1,31
39,249,249,2,2
39,249,249,3,235
39,249,249,4,348
39,249,249,5,190
39,249,249,6,1
39,249,249,7,0
39,249,249,8,0
39,249,249,9,3
39,249,249,10,0
39,249,249,11,0
39,249,249,12,3
39,249,249,13,2
39,249,249,14,1
39,249,249,15,2
39,249,249,16,3
39,249,249,17,0
39,249,249,18,4
39,249,249,19,5
39,249,249,20,1
39,249,249,21,2
39,249,249,22,3
39,249,249,23,1
39,249,249,0,1
39,250,250,1,20
39,250,250,2,2
39,250,250,3,298
39,250,250,4,361
39,250,250,5,108
39,250,250,6,2
39,250,250,7,0
39,250,250,8,2
39,250,250,9,1
39,250,250,10,0
39,250,250,11,1
39,250,250,12,0
39,250,250,13,0
39,250,250,14,0
39,250,250,15,0
39,250,250,16,1
39,250,250,17,0
39,250,250,18,1
39,250,250,19,3
39,250,250,20,1
39,250,250,21,0
39,250,250,22,0
39,250,250,23,0
39,250,250,0,1
39,251,251,1,21
39,251,251,2,2
39,251,251,3,106
39,251,251,4,257
39,251,251,5,501
39,251,251,6,0
39,251,251,7,1
39,251,251,8,0
39,251,251,9,1
39,251,251,10,0
39,251,251,11,1
39,251,251,12,1
39,251,251,13,0
39,251,251,14,0
39,251,251,15,0
39,251,251,16,1
39,251,251,17,0
39,251,251,18,0
39,251,251,19,1
39,251,251,20,0
39,251,251,21,0
39,251,251,22,0
39,251,251,23,0
39,251,251,0,4
39,252,252,1,28
39,252,252,2,8
39,252,252,3,212
39,252,252,4,353
39,252,252,5,294
39,252,252,6,0
39,252,252,7,0
39,252,252,8,1
39,252,252,9,0
39,252,252,10,1
39,252,252,11,4
39,252,252,12,1
39,252,252,13,2
39,252,252,14,1
39,252,252,15,1
39,252,252,16,4
39,252,252,17,0
39,252,252,18,1
39,252,252,19,3
39,252,252,20,2
39,252,252,21,0
39,252,252,22,1
39,252,252,23,2
39,252,252,0,4
39,253,253,1,25
39,253,253,2,1
39,253,253,3,235
39,253,253,4,293
39,253,253,5,140
39,253,253,6,0
39,253,253,7,0
39,253,253,8,0
39,253,253,9,1
39,253,253,10,0
39,253,253,11,0
39,253,253,12,0
39,253,253,13,0
39,253,253,14,0
39,253,253,15,0
39,253,253,16,2
39,253,253,17,1
39,253,253,18,1
39,253,253,19,0
39,253,253,20,0
39,253,253,21,0
39,253,253,22,2
39,253,253,23,1
39,253,253,0,0
39,253,253,1,0
39,253,253,2,0
39,253,253,3,0
39,253,253,4,0
39,253,253,5,0
39,253,253,6,0
39,253,253,7,0
39,253,253,8,0
39,253,253,9,0
39,253,253,10,0
39,253,253,11,0
39,253,253,12,0
39,253,253,13,0
39,253,253,14,0
39,253,253,15,0
39,253,253,16,0
39,253,253,17,0
39,253,253,18,0
39,253,253,19,0
39,253,253,20,0
39,253,253,21,0
39,253,253,22,0
39,253,253,23,0
39,253,253,0,0
39,254,254,1,0
39,254,254,2,0
39,254,254,3,0
39,254,254,4,0
39,254,254,5,0
39,254,254,6,0
39,254,254,7,0
39,254,254,8,0
39,254,254,9,0
39,254,254,10,0
39,254,254,11,0
39,254,254,12,0
39,254,254,13,0
39,254,254,14,0
39,254,254,15,0
39,254,254,16,0
39,254,254,17,0
39,254,254,18,0
39,254,254,19,0
39,254,254,20,0
39,254,254,21,0
39,254,254,22,0
39,254,254,23,0
39,254,254,0,0
39,254,254,1,17
39,254,254,2,0
39,254,254,3,132
39,254,254,4,200
39,254,254,5,127
39,254,254,6,0
39,254,254,7,1
39,254,254,8,0
39,254,254,9,0
39,254,254,10,0
39,254,254,11,0
39,254,254,12,1
39,254,254,13,0
39,254,254,14,0
39,254,254,15,0
39,254,254,16,0
39,254,254,17,0
39,254,254,18,0
39,254,254,19,0
39,254,254,20,1
39,254,254,21,1
39,254,254,22,0
39,254,254,23,0
39,254,254,0,4
39,255,255,1,21
39,255,255,2,2
39,255,255,3,170
39,255,255,4,271
39,255,255,5,77
39,255,255,6,0
39,255,255,7,0
39,255,255,8,0
39,255,255,9,0
39,255,255,10,0
39,255,255,11,2
39,255,255,12,0
39,255,255,13,1
39,255,255,14,0
39,255,255,15,0
39,255,255,16,1
39,255,255,17,0
39,255,255,18,1
39,255,255,19,0
39,255,255,20,0
39,255,255,21,0
39,255,255,22,0
39,255,255,23,0
39,255,255,0,1
39,255,255,1,0
39,255,255,2,0
39,255,255,3,0
39,255,255,4,0
39,255,255,5,0
39,255,255,6,0
39,255,255,7,0
39,255,255,8,0
39,255,255,9,0
39,255,255,10,0
39,255,255,11,0
39,255,255,12,0
39,255,255,13,0
39,255,255,14,0
39,255,255,15,0
39,255,255,16,0
39,255,255,17,0
39,255,255,18,0
39,255,255,19,0
39,255,255,20,0
39,255,255,21,0
39,255,255,22,0
39,255,255,23,0
39,255,255,0,0
39,256,256,1,23
39,256,256,2,3
39,256,256,3,231
39,256,256,4,257
39,256,256,5,140
39,256,256,6,1
39,256,256,7,1
39,256,256,8,0
39,256,256,9,0
39,256,256,10,0
39,256,256,11,0
39,256,256,12,1
39,256,256,13,1
39,256,256,14,1
39,256,256,15,1
39,256,256,16,2
39,256,256,17,0
39,256,256,18,3
39,256,256,19,1
39,256,256,20,0
39,256,256,21,0
39,256,256,22,2
39,256,256,23,0
39,256,256,0,1
39,257,257,1,16
39,257,257,2,0
39,257,257,3,178
39,257,257,4,205
39,257,257,5,52
39,257,257,6,0
39,257,257,7,0
39,257,257,8,0
39,257,257,9,0
39,257,257,10,0
39,257,257,11,0
39,257,257,12,1
39,257,257,13,0
39,257,257,14,0
39,257,257,15,0
39,257,257,16,0
39,257,257,17,0
39,257,257,18,0
39,257,257,19,1
39,257,257,20,1
39,257,257,21,1
39,257,257,22,1
39,257,257,23,0
39,257,257,0,0
39,258,258,1,10
39,258,258,2,1
39,258,258,3,123
39,258,258,4,299
39,258,258,5,135
39,258,258,6,1
39,258,258,7,1
39,258,258,8,0
39,258,258,9,0
39,258,258,10,1
39,258,258,11,26
39,258,258,12,3
39,258,258,13,1
39,258,258,14,2
39,258,258,15,0
39,258,258,16,4
39,258,258,17,1
39,258,258,18,0
39,258,258,19,1
39,258,258,20,0
39,258,258,21,0
39,258,258,22,2
39,258,258,23,0
39,258,258,0,2
39,259,259,1,19
39,259,259,2,1
39,259,259,3,242
39,259,259,4,274
39,259,259,5,112
39,259,259,6,0
39,259,259,7,0
39,259,259,8,0
39,259,259,9,0
39,259,259,10,0
39,259,259,11,0
39,259,259,12,1
39,259,259,13,1
39,259,259,14,0
39,259,259,15,0
39,259,259,16,0
39,259,259,17,0
39,259,259,18,5
39,259,259,19,2
39,259,259,20,2
39,259,259,21,2
39,259,259,22,2
39,259,259,23,0
39,259,259,0,3
39,260,260,1,7
39,260,260,2,1
39,260,260,3,160
39,260,260,4,135
39,260,260,5,326
39,260,260,6,1
39,260,260,7,1
39,260,260,8,0
39,260,260,9,1
39,260,260,10,0
39,260,260,11,2
39,260,260,12,0
39,260,260,13,0
39,260,260,14,1
39,260,260,15,1
39,260,260,16,0
39,260,260,17,1
39,260,260,18,1
39,260,260,19,2
39,260,260,20,0
39,260,260,21,1
39,260,260,22,2
39,260,260,23,0
39,260,260,0,0
39,261,261,1,7
39,261,261,2,0
39,261,261,3,56
39,261,261,4,124
39,261,261,5,263
39,261,261,6,1
39,261,261,7,1
39,261,261,8,0
39,261,261,9,0
39,261,261,10,0
39,261,261,11,0
39,261,261,12,0
39,261,261,13,0
39,261,261,14,0
39,261,261,15,0
39,261,261,16,1
39,261,261,17,1
39,261,261,18,1
39,261,261,19,0
39,261,261,20,0
39,261,261,21,0
39,261,261,22,1
39,261,261,23,0
39,261,261,0,1
39,262,262,1,26
39,262,262,2,2
39,262,262,3,187
39,262,262,4,542
39,262,262,5,100
39,262,262,6,2
39,262,262,7,0
39,262,262,8,0
39,262,262,9,1
39,262,262,10,0
39,262,262,11,0
39,262,262,12,6
39,262,262,13,3
39,262,262,14,0
39,262,262,15,0
39,262,262,16,3
39,262,262,17,2
39,262,262,18,1
39,262,262,19,0
39,262,262,20,4
39,262,262,21,0
39,262,262,22,3
39,262,262,23,3
39,262,262,0,3
39,263,263,1,10
39,263,263,2,3
39,263,263,3,127
39,263,263,4,154
39,263,263,5,202
39,263,263,6,0
39,263,263,7,0
39,263,263,8,1
39,263,263,9,0
39,263,263,10,0
39,263,263,11,1
39,263,263,12,0
39,263,263,13,0
39,263,263,14,0
39,263,263,15,0
39,263,263,16,0
39,263,263,17,0
39,263,263,18,0
39,263,263,19,0
39,263,263,20,0
39,263,263,21,0
39,263,263,22,4
39,263,263,23,1
39,263,263,0,0
39,264,264,1,14
39,264,264,2,0
39,264,264,3,173
39,264,264,4,188
39,264,264,5,225
39,264,264,6,0
39,264,264,7,0
39,264,264,8,0
39,264,264,9,0
39,264,264,10,1
39,264,264,11,1
39,264,264,12,0
39,264,264,13,2
39,264,264,14,1
39,264,264,15,0
39,264,264,16,4
39,264,264,17,0
39,264,264,18,0
39,264,264,19,4
39,264,264,20,0
39,264,264,21,1
39,264,264,22,3
39,264,264,23,0
39,264,264,0,1
39,265,265,1,25
39,265,265,2,0
39,265,265,3,105
39,265,265,4,241
39,265,265,5,399
39,265,265,6,1
39,265,265,7,2
39,265,265,8,1
39,265,265,9,0
39,265,265,10,2
39,265,265,11,0
39,265,265,12,0
39,265,265,13,0
39,265,265,14,1
39,265,265,15,1
39,265,265,16,1
39,265,265,17,0
39,265,265,18,4
39,265,265,19,1
39,265,265,20,0
39,265,265,21,2
39,265,265,22,2
39,265,265,23,0
39,265,265,0,2
39,266,266,1,16
39,266,266,2,0
39,266,266,3,112
39,266,266,4,237
39,266,266,5,595
39,266,266,6,2
39,266,266,7,1
39,266,266,8,0
39,266,266,9,4
39,266,266,10,0
39,266,266,11,1
39,266,266,12,3
39,266,266,13,0
39,266,266,14,0
39,266,266,15,0
39,266,266,16,2
39,266,266,17,1
39,266,266,18,0
39,266,266,19,0
39,266,266,20,0
39,266,266,21,0
39,266,266,22,1
39,266,266,23,0
39,266,266,0,0
39,267,267,1,11
39,267,267,2,3
39,267,267,3,283
39,267,267,4,444
39,267,267,5,87
39,267,267,6,0
39,267,267,7,0
39,267,267,8,0
39,267,267,9,0
39,267,267,10,0
39,267,267,11,0
39,267,267,12,1
39,267,267,13,1
39,267,267,14,2
39,267,267,15,0
39,267,267,16,1
39,267,267,17,0
39,267,267,18,0
39,267,267,19,1
39,267,267,20,1
39,267,267,21,0
39,267,267,22,0
39,267,267,23,0
39,267,267,0,3
39,267,267,1,0
39,267,267,2,0
39,267,267,3,0
39,267,267,4,0
39,267,267,5,0
39,267,267,6,0
39,267,267,7,0
39,267,267,8,0
39,267,267,9,0
39,267,267,10,0
39,267,267,11,0
39,267,267,12,0
39,267,267,13,0
39,267,267,14,0
39,267,267,15,0
39,267,267,16,0
39,267,267,17,0
39,267,267,18,0
39,267,267,19,0
39,267,267,20,0
39,267,267,21,0
39,267,267,22,0
39,267,267,23,0
39,267,267,0,0
39,268,268,1,23
39,268,268,2,1
39,268,268,3,147
39,268,268,4,205
39,268,268,5,110
39,268,268,6,1
39,268,268,7,0
39,268,268,8,0
39,268,268,9,1
39,268,268,10,0
39,268,268,11,0
39,268,268,12,0
39,268,268,13,1
39,268,268,14,0
39,268,268,15,1
39,268,268,16,2
39,268,268,17,1
39,268,268,18,0
39,268,268,19,1
39,268,268,20,0
39,268,268,21,1
39,268,268,22,0
39,268,268,23,0
39,268,268,0,1
39,268,268,1,0
39,268,268,2,0
39,268,268,3,0
39,268,268,4,0
39,268,268,5,0
39,268,268,6,0
39,268,268,7,0
39,268,268,8,0
39,268,268,9,0
39,268,268,10,0
39,268,268,11,0
39,268,268,12,0
39,268,268,13,0
39,268,268,14,0
39,268,268,15,0
39,268,268,16,0
39,268,268,17,0
39,268,268,18,0
39,268,268,19,0
39,268,268,20,0
39,268,268,21,0
39,268,268,22,0
39,268,268,23,0
39,268,268,0,0
39,269,269,1,32
39,269,269,2,0
39,269,269,3,161
39,269,269,4,419
39,269,269,5,172
39,269,269,6,0
39,269,269,7,0
39,269,269,8,0
39,269,269,9,1
39,269,269,10,0
39,269,269,11,1
39,269,269,12,0
39,269,269,13,0
39,269,269,14,3
39,269,269,15,0
39,269,269,16,0
39,269,269,17,1
39,269,269,18,3
39,269,269,19,7
39,269,269,20,2
39,269,269,21,0
39,269,269,22,3
39,269,269,23,0
39,269,269,0,0
39,269,269,1,0
39,269,269,2,0
39,269,269,3,0
39,269,269,4,0
39,269,269,5,0
39,269,269,6,0
39,269,269,7,0
39,269,269,8,0
39,269,269,9,0
39,269,269,10,0
39,269,269,11,0
39,269,269,12,0
39,269,269,13,0
39,269,269,14,0
39,269,269,15,0
39,269,269,16,0
39,269,269,17,0
39,269,269,18,0
39,269,269,19,0
39,269,269,20,0
39,269,269,21,0
39,269,269,22,0
39,269,269,23,0
39,269,269,0,0
39,270,270,1,28
39,270,270,2,1
39,270,270,3,264
39,270,270,4,400
39,270,270,5,130
39,270,270,6,0
39,270,270,7,1
39,270,270,8,0
39,270,270,9,0
39,270,270,10,1
39,270,270,11,0
39,270,270,12,2
39,270,270,13,0
39,270,270,14,1
39,270,270,15,0
39,270,270,16,2
39,270,270,17,0
39,270,270,18,4
39,270,270,19,3
39,270,270,20,0
39,270,270,21,0
39,270,270,22,0
39,270,270,23,1
39,270,270,0,2
39,271,271,1,26
39,271,271,2,2
39,271,271,3,189
39,271,271,4,449
39,271,271,5,166
39,271,271,6,2
39,271,271,7,1
39,271,271,8,1
39,271,271,9,1
39,271,271,10,1
39,271,271,11,1
39,271,271,12,0
39,271,271,13,0
39,271,271,14,1
39,271,271,15,0
39,271,271,16,4
39,271,271,17,2
39,271,271,18,2
39,271,271,19,1
39,271,271,20,1
39,271,271,21,0
39,271,271,22,3
39,271,271,23,0
39,271,271,0,2
39,272,272,1,30
39,272,272,2,4
39,272,272,3,306
39,272,272,4,396
39,272,272,5,136
39,272,272,6,1
39,272,272,7,1
39,272,272,8,3
39,272,272,9,0
39,272,272,10,0
39,272,272,11,0
39,272,272,12,5
39,272,272,13,3
39,272,272,14,5
39,272,272,15,2
39,272,272,16,5
39,272,272,17,0
39,272,272,18,2
39,272,272,19,0
39,272,272,20,0
39,272,272,21,1
39,272,272,22,4
39,272,272,23,0
39,272,272,0,0
39,273,273,1,19
39,273,273,2,1
39,273,273,3,116
39,273,273,4,187
39,273,273,5,463
39,273,273,6,0
39,273,273,7,2
39,273,273,8,0
39,273,273,9,2
39,273,273,10,0
39,273,273,11,3
39,273,273,12,1
39,273,273,13,0
39,273,273,14,3
39,273,273,15,1
39,273,273,16,1
39,273,273,17,1
39,273,273,18,2
39,273,273,19,0
39,273,273,20,2
39,273,273,21,1
39,273,273,22,1
39,273,273,23,0
39,273,273,0,1
39,274,274,1,48
39,274,274,2,3
39,274,274,3,178
39,274,274,4,298
39,274,274,5,320
39,274,274,6,0
39,274,274,7,1
39,274,274,8,2
39,274,274,9,1
39,274,274,10,1
39,274,274,11,0
39,274,274,12,0
39,274,274,13,2
39,274,274,14,1
39,274,274,15,1
39,274,274,16,0
39,274,274,17,3
39,274,274,18,3
39,274,274,19,5
39,274,274,20,2
39,274,274,21,6
39,274,274,22,6
39,274,274,23,1
39,274,274,0,4
39,275,275,1,12
39,275,275,2,0
39,275,275,3,102
39,275,275,4,117
39,275,275,5,459
39,275,275,6,0
39,275,275,7,1
39,275,275,8,0
39,275,275,9,0
39,275,275,10,0
39,275,275,11,1
39,275,275,12,0
39,275,275,13,0
39,275,275,14,1
39,275,275,15,1
39,275,275,16,0
39,275,275,17,1
39,275,275,18,1
39,275,275,19,1
39,275,275,20,1
39,275,275,21,2
39,275,275,22,8
39,275,275,23,1
39,275,275,0,1
39,276,276,1,34
39,276,276,2,0
39,276,276,3,130
39,276,276,4,282
39,276,276,5,144
39,276,276,6,0
39,276,276,7,0
39,276,276,8,0
39,276,276,9,0
39,276,276,10,1
39,276,276,11,0
39,276,276,12,0
39,276,276,13,0
39,276,276,14,0
39,276,276,15,0
39,276,276,16,0
39,276,276,17,0
39,276,276,18,1
39,276,276,19,1
39,276,276,20,0
39,276,276,21,0
39,276,276,22,1
39,276,276,23,0
39,276,276,0,0
39,277,277,1,25
39,277,277,2,1
39,277,277,3,157
39,277,277,4,265
39,277,277,5,95
39,277,277,6,1
39,277,277,7,1
39,277,277,8,1
39,277,277,9,0
39,277,277,10,0
39,277,277,11,1
39,277,277,12,0
39,277,277,13,1
39,277,277,14,0
39,277,277,15,1
39,277,277,16,0
39,277,277,17,1
39,277,277,18,1
39,277,277,19,2
39,277,277,20,2
39,277,277,21,0
39,277,277,22,3
39,277,277,23,2
39,277,277,0,0
39,278,278,1,21
39,278,278,2,1
39,278,278,3,205
39,278,278,4,285
39,278,278,5,233
39,278,278,6,2
39,278,278,7,0
39,278,278,8,0
39,278,278,9,1
39,278,278,10,0
39,278,278,11,1
39,278,278,12,1
39,278,278,13,1
39,278,278,14,0
39,278,278,15,0
39,278,278,16,1
39,278,278,17,0
39,278,278,18,4
39,278,278,19,3
39,278,278,20,2
39,278,278,21,0
39,278,278,22,3
39,278,278,23,0
39,278,278,0,2
39,279,279,1,26
39,279,279,2,0
39,279,279,3,189
39,279,279,4,316
39,279,279,5,130
39,279,279,6,0
39,279,279,7,0
39,279,279,8,1
39,279,279,9,0
39,279,279,10,0
39,279,279,11,2
39,279,279,12,1
39,279,279,13,1
39,279,279,14,1
39,279,279,15,0
39,279,279,16,1
39,279,279,17,0
39,279,279,18,0
39,279,279,19,2
39,279,279,20,3
39,279,279,21,0
39,279,279,22,3
39,279,279,23,0
39,279,279,0,4
39,280,280,1,21
39,280,280,2,2
39,280,280,3,263
39,280,280,4,524
39,280,280,5,140
39,280,280,6,0
39,280,280,7,0
39,280,280,8,0
39,280,280,9,2
39,280,280,10,1
39,280,280,11,2
39,280,280,12,1
39,280,280,13,4
39,280,280,14,2
39,280,280,15,0
39,280,280,16,1
39,280,280,17,0
39,280,280,18,1
39,280,280,19,2
39,280,280,20,5
39,280,280,21,3
39,280,280,22,1
39,280,280,23,0
39,280,280,0,1
39,281,281,1,29
39,281,281,2,0
39,281,281,3,167
39,281,281,4,205
39,281,281,5,138
39,281,281,6,3
39,281,281,7,0
39,281,281,8,1
39,281,281,9,0
39,281,281,10,0
39,281,281,11,1
39,281,281,12,0
39,281,281,13,0
39,281,281,14,0
39,281,281,15,0
39,281,281,16,0
39,281,281,17,1
39,281,281,18,3
39,281,281,19,2
39,281,281,20,1
39,281,281,21,1
39,281,281,22,0
39,281,281,23,0
39,281,281,0,4
39,281,281,1,0
39,281,281,2,0
39,281,281,3,0
39,281,281,4,0
39,281,281,5,0
39,281,281,6,0
39,281,281,7,0
39,281,281,8,0
39,281,281,9,0
39,281,281,10,0
39,281,281,11,0
39,281,281,12,0
39,281,281,13,0
39,281,281,14,0
39,281,281,15,0
39,281,281,16,0
39,281,281,17,0
39,281,281,18,0
39,281,281,19,0
39,281,281,20,0
39,281,281,21,0
39,281,281,22,0
39,281,281,23,0
39,281,281,0,0
39,282,282,1,28
39,282,282,2,3
39,282,282,3,229
39,282,282,4,309
39,282,282,5,124
39,282,282,6,0
39,282,282,7,1
39,282,282,8,0
39,282,282,9,0
39,282,282,10,0
39,282,282,11,0
39,282,282,12,0
39,282,282,13,0
39,282,282,14,0
39,282,282,15,0
39,282,282,16,1
39,282,282,17,1
39,282,282,18,2
39,282,282,19,1
39,282,282,20,0
39,282,282,21,0
39,282,282,22,0
39,282,282,23,0
39,282,282,0,1
39,282,282,1,0
39,282,282,2,0
39,282,282,3,0
39,282,282,4,0
39,282,282,5,0
39,282,282,6,0
39,282,282,7,0
39,282,282,8,0
39,282,282,9,0
39,282,282,10,0
39,282,282,11,0
39,282,282,12,0
39,282,282,13,0
39,282,282,14,0
39,282,282,15,0
39,282,282,16,0
39,282,282,17,0
39,282,282,18,0
39,282,282,19,0
39,282,282,20,0
39,282,282,21,0
39,282,282,22,0
39,282,282,23,0
39,282,282,0,0
39,283,283,1,10
39,283,283,2,1
39,283,283,3,169
39,283,283,4,146
39,283,283,5,91
39,283,283,6,0
39,283,283,7,0
39,283,283,8,1
39,283,283,9,0
39,283,283,10,1
39,283,283,11,0
39,283,283,12,0
39,283,283,13,0
39,283,283,14,0
39,283,283,15,0
39,283,283,16,0
39,283,283,17,0
39,283,283,18,0
39,283,283,19,0
39,283,283,20,0
39,283,283,21,0
39,283,283,22,0
39,283,283,23,0
39,283,283,0,2
39,283,283,1,0
39,283,283,2,0
39,283,283,3,0
39,283,283,4,0
39,283,283,5,0
39,283,283,6,0
39,283,283,7,0
39,283,283,8,0
39,283,283,9,0
39,283,283,10,0
39,283,283,11,0
39,283,283,12,0
39,283,283,13,0
39,283,283,14,0
39,283,283,15,0
39,283,283,16,0
39,283,283,17,0
39,283,283,18,0
39,283,283,19,0
39,283,283,20,0
39,283,283,21,0
39,283,283,22,0
39,283,283,23,0
39,283,283,0,0
39,284,284,1,26
39,284,284,2,0
39,284,284,3,167
39,284,284,4,157
39,284,284,5,98
39,284,284,6,0
39,284,284,7,0
39,284,284,8,0
39,284,284,9,0
39,284,284,10,0
39,284,284,11,0
39,284,284,12,1
39,284,284,13,0
39,284,284,14,0
39,284,284,15,0
39,284,284,16,0
39,284,284,17,0
39,284,284,18,0
39,284,284,19,0
39,284,284,20,0
39,284,284,21,0
39,284,284,22,1
39,284,284,23,0
39,284,284,0,1
39,285,285,1,40
39,285,285,2,1
39,285,285,3,287
39,285,285,4,358
39,285,285,5,214
39,285,285,6,1
39,285,285,7,0
39,285,285,8,0
39,285,285,9,1
39,285,285,10,2
39,285,285,11,1
39,285,285,12,1
39,285,285,13,0
39,285,285,14,0
39,285,285,15,1
39,285,285,16,0
39,285,285,17,0
39,285,285,18,1
39,285,285,19,3
39,285,285,20,5
39,285,285,21,0
39,285,285,22,0
39,285,285,23,0
39,285,285,0,6
39,286,286,1,17
39,286,286,2,1
39,286,286,3,176
39,286,286,4,186
39,286,286,5,124
39,286,286,6,1
39,286,286,7,0
39,286,286,8,1
39,286,286,9,0
39,286,286,10,0
39,286,286,11,0
39,286,286,12,0
39,286,286,13,0
39,286,286,14,0
39,286,286,15,0
39,286,286,16,1
39,286,286,17,0
39,286,286,18,0
39,286,286,19,0
39,286,286,20,1
39,286,286,21,0
39,286,286,22,1
39,286,286,23,0
39,286,286,0,1
39,287,287,1,26
39,287,287,2,1
39,287,287,3,195
39,287,287,4,306
39,287,287,5,112
39,287,287,6,0
39,287,287,7,0
39,287,287,8,0
39,287,287,9,0
39,287,287,10,1
39,287,287,11,0
39,287,287,12,0
39,287,287,13,0
39,287,287,14,0
39,287,287,15,1
39,287,287,16,0
39,287,287,17,0
39,287,287,18,0
39,287,287,19,5
39,287,287,20,1
39,287,287,21,0
39,287,287,22,2
39,287,287,23,0
39,287,287,0,4
39,288,288,1,26
39,288,288,2,0
39,288,288,3,166
39,288,288,4,370
39,288,288,5,155
39,288,288,6,0
39,288,288,7,2
39,288,288,8,1
39,288,288,9,0
39,288,288,10,0
39,288,288,11,0
39,288,288,12,0
39,288,288,13,1
39,288,288,14,1
39,288,288,15,0
39,288,288,16,3
39,288,288,17,0
39,288,288,18,0
39,288,288,19,0
39,288,288,20,0
39,288,288,21,0
39,288,288,22,0
39,288,288,23,0
39,288,288,0,2
39,289,289,1,24
39,289,289,2,2
39,289,289,3,220
39,289,289,4,343
39,289,289,5,109
39,289,289,6,0
39,289,289,7,0
39,289,289,8,0
39,289,289,9,0
39,289,289,10,0
39,289,289,11,3
39,289,289,12,0
39,289,289,13,0
39,289,289,14,0
39,289,289,15,0
39,289,289,16,0
39,289,289,17,0
39,289,289,18,1
39,289,289,19,3
39,289,289,20,1
39,289,289,21,0
39,289,289,22,1
39,289,289,23,0
39,289,289,0,0
39,290,290,1,17
39,290,290,2,3
39,290,290,3,175
39,290,290,4,248
39,290,290,5,122
39,290,290,6,1
39,290,290,7,0
39,290,290,8,0
39,290,290,9,0
39,290,290,10,0
39,290,290,11,0
39,290,290,12,0
39,290,290,13,1
39,290,290,14,0
39,290,290,15,0
39,290,290,16,1
39,290,290,17,0
39,290,290,18,0
39,290,290,19,0
39,290,290,20,0
39,290,290,21,1
39,290,290,22,0
39,290,290,23,0
39,290,290,0,4
39,291,291,1,9
39,291,291,2,2
39,291,291,3,46
39,291,291,4,111
39,291,291,5,483
39,291,291,6,0
39,291,291,7,1
39,291,291,8,1
39,291,291,9,0
39,291,291,10,0
39,291,291,11,0
39,291,291,12,0
39,291,291,13,0
39,291,291,14,1
39,291,291,15,1
39,291,291,16,1
39,291,291,17,0
39,291,291,18,1
39,291,291,19,0
39,291,291,20,0
39,291,291,21,4
39,291,291,22,5
39,291,291,23,0
39,291,291,0,0
39,292,292,1,11
39,292,292,2,1
39,292,292,3,163
39,292,292,4,281
39,292,292,5,402
39,292,292,6,2
39,292,292,7,2
39,292,292,8,1
39,292,292,9,0
39,292,292,10,0
39,292,292,11,1
39,292,292,12,0
39,292,292,13,1
39,292,292,14,2
39,292,292,15,0
39,292,292,16,3
39,292,292,17,1
39,292,292,18,3
39,292,292,19,1
39,292,292,20,2
39,292,292,21,1
39,292,292,22,1
39,292,292,23,3
39,292,292,0,3
39,293,293,1,6
39,293,293,2,1
39,293,293,3,93
39,293,293,4,180
39,293,293,5,248
39,293,293,6,0
39,293,293,7,1
39,293,293,8,0
39,293,293,9,0
39,293,293,10,0
39,293,293,11,0
39,293,293,12,0
39,293,293,13,0
39,293,293,14,0
39,293,293,15,0
39,293,293,16,1
39,293,293,17,0
39,293,293,18,0
39,293,293,19,2
39,293,293,20,0
39,293,293,21,0
39,293,293,22,0
39,293,293,23,0
39,293,293,0,1
39,294,294,1,6
39,294,294,2,0
39,294,294,3,114
39,294,294,4,208
39,294,294,5,239
39,294,294,6,1
39,294,294,7,0
39,294,294,8,0
39,294,294,9,0
39,294,294,10,0
39,294,294,11,0
39,294,294,12,2
39,294,294,13,0
39,294,294,14,2
39,294,294,15,0
39,294,294,16,0
39,294,294,17,0
39,294,294,18,1
39,294,294,19,0
39,294,294,20,1
39,294,294,21,1
39,294,294,22,0
39,294,294,23,0
39,294,294,0,1
39,295,295,1,0
39,295,295,2,0
39,295,295,3,0
39,295,295,4,0
39,295,295,5,0
39,295,295,6,0
39,295,295,7,0
39,295,295,8,0
39,295,295,9,0
39,295,295,10,0
39,295,295,11,0
39,295,295,12,0
39,295,295,13,0
39,295,295,14,0
39,295,295,15,0
39,295,295,16,0
39,295,295,17,0
39,295,295,18,0
39,295,295,19,0
39,295,295,20,0
39,295,295,21,0
39,295,295,22,0
39,295,295,23,0
39,295,295,0,0
39,295,295,1,20
39,295,295,2,3
39,295,295,3,142
39,295,295,4,218
39,295,295,5,378
39,295,295,6,1
39,295,295,7,0
39,295,295,8,0
39,295,295,9,0
39,295,295,10,0
39,295,295,11,1
39,295,295,12,0
39,295,295,13,0
39,295,295,14,0
39,295,295,15,2
39,295,295,16,1
39,295,295,17,0
39,295,295,18,0
39,295,295,19,2
39,295,295,20,1
39,295,295,21,1
39,295,295,22,3
39,295,295,23,0
39,295,295,0,1
39,296,296,1,32
39,296,296,2,1
39,296,296,3,173
39,296,296,4,262
39,296,296,5,247
39,296,296,6,1
39,296,296,7,1
39,296,296,8,0
39,296,296,9,2
39,296,296,10,0
39,296,296,11,0
39,296,296,12,2
39,296,296,13,2
39,296,296,14,0
39,296,296,15,2
39,296,296,16,1
39,296,296,17,0
39,296,296,18,1
39,296,296,19,5
39,296,296,20,1
39,296,296,21,0
39,296,296,22,0
39,296,296,23,1
39,296,296,0,2
39,296,296,1,0
39,296,296,2,0
39,296,296,3,0
39,296,296,4,0
39,296,296,5,0
39,296,296,6,0
39,296,296,7,0
39,296,296,8,0
39,296,296,9,0
39,296,296,10,0
39,296,296,11,0
39,296,296,12,0
39,296,296,13,0
39,296,296,14,0
39,296,296,15,0
39,296,296,16,0
39,296,296,17,0
39,296,296,18,0
39,296,296,19,0
39,296,296,20,0
39,296,296,21,0
39,296,296,22,0
39,296,296,23,0
39,296,296,0,0
39,297,297,1,0
39,297,297,2,0
39,297,297,3,0
39,297,297,4,0
39,297,297,5,0
39,297,297,6,0
39,297,297,7,0
39,297,297,8,0
39,297,297,9,0
39,297,297,10,0
39,297,297,11,0
39,297,297,12,0
39,297,297,13,0
39,297,297,14,0
39,297,297,15,0
39,297,297,16,0
39,297,297,17,0
39,297,297,18,0
39,297,297,19,0
39,297,297,20,0
39,297,297,21,0
39,297,297,22,0
39,297,297,23,0
39,297,297,0,0
39,297,297,1,23
39,297,297,2,0
39,297,297,3,242
39,297,297,4,281
39,297,297,5,133
39,297,297,6,1
39,297,297,7,0
39,297,297,8,0
39,297,297,9,0
39,297,297,10,0
39,297,297,11,1
39,297,297,12,1
39,297,297,13,0
39,297,297,14,2
39,297,297,15,0
39,297,297,16,2
39,297,297,17,2
39,297,297,18,0
39,297,297,19,0
39,297,297,20,1
39,297,297,21,0
39,297,297,22,2
39,297,297,23,0
39,297,297,0,4
39,298,298,1,36
39,298,298,2,2
39,298,298,3,273
39,298,298,4,305
39,298,298,5,191
39,298,298,6,0
39,298,298,7,0
39,298,298,8,1
39,298,298,9,1
39,298,298,10,0
39,298,298,11,1
39,298,298,12,0
39,298,298,13,2
39,298,298,14,0
39,298,298,15,0
39,298,298,16,1
39,298,298,17,1
39,298,298,18,2
39,298,298,19,1
39,298,298,20,1
39,298,298,21,0
39,298,298,22,0
39,298,298,23,1
39,298,298,0,5
39,299,299,1,30
39,299,299,2,2
39,299,299,3,263
39,299,299,4,329
39,299,299,5,100
39,299,299,6,1
39,299,299,7,0
39,299,299,8,0
39,299,299,9,0
39,299,299,10,0
39,299,299,11,2
39,299,299,12,0
39,299,299,13,3
39,299,299,14,1
39,299,299,15,0
39,299,299,16,1
39,299,299,17,0
39,299,299,18,0
39,299,299,19,2
39,299,299,20,0
39,299,299,21,1
39,299,299,22,1
39,299,299,23,1
39,299,299,0,2
39,300,300,1,18
39,300,300,2,1
39,300,300,3,181
39,300,300,4,185
39,300,300,5,77
39,300,300,6,0
39,300,300,7,0
39,300,300,8,0
39,300,300,9,0
39,300,300,10,1
39,300,300,11,1
39,300,300,12,0
39,300,300,13,0
39,300,300,14,0
39,300,300,15,0
39,300,300,16,0
39,300,300,17,1
39,300,300,18,2
39,300,300,19,1
39,300,300,20,1
39,300,300,21,0
39,300,300,22,0
39,300,300,23,0
39,300,300,0,3
39,301,301,1,43
39,301,301,2,1
39,301,301,3,272
39,301,301,4,447
39,301,301,5,158
39,301,301,6,0
39,301,301,7,1
39,301,301,8,2
39,301,301,9,1
39,301,301,10,0
39,301,301,11,0
39,301,301,12,1
39,301,301,13,0
39,301,301,14,4
39,301,301,15,0
39,301,301,16,3
39,301,301,17,0
39,301,301,18,0
39,301,301,19,3
39,301,301,20,3
39,301,301,21,2
39,301,301,22,4
39,301,301,23,0
39,301,301,0,3
39,302,302,1,85
39,302,302,2,4
39,302,302,3,317
39,302,302,4,485
39,302,302,5,68
39,302,302,6,0
39,302,302,7,2
39,302,302,8,4
39,302,302,9,2
39,302,302,10,2
39,302,302,11,1
39,302,302,12,0
39,302,302,13,2
39,302,302,14,0
39,302,302,15,0
39,302,302,16,1
39,302,302,17,3
39,302,302,18,4
39,302,302,19,3
39,302,302,20,3
39,302,302,21,1
39,302,302,22,2
39,302,302,23,2
39,302,302,0,3
39,303,303,1,25
39,303,303,2,0
39,303,303,3,233
39,303,303,4,305
39,303,303,5,107
39,303,303,6,2
39,303,303,7,0
39,303,303,8,0
39,303,303,9,0
39,303,303,10,0
39,303,303,11,0
39,303,303,12,0
39,303,303,13,3
39,303,303,14,0
39,303,303,15,0
39,303,303,16,1
39,303,303,17,0
39,303,303,18,0
39,303,303,19,1
39,303,303,20,1
39,303,303,21,1
39,303,303,22,0
39,303,303,23,0
39,303,303,0,0
39,304,304,1,17
39,304,304,2,1
39,304,304,3,223
39,304,304,4,390
39,304,304,5,100
39,304,304,6,0
39,304,304,7,2
39,304,304,8,0
39,304,304,9,0
39,304,304,10,1
39,304,304,11,2
39,304,304,12,1
39,304,304,13,0
39,304,304,14,0
39,304,304,15,0
39,304,304,16,1
39,304,304,17,0
39,304,304,18,0
39,304,304,19,1
39,304,304,20,1
39,304,304,21,0
39,304,304,22,0
39,304,304,23,0
39,304,304,0,2
39,305,305,1,41
39,305,305,2,6
39,305,305,3,350
39,305,305,4,505
39,305,305,5,118
39,305,305,6,2
39,305,305,7,0
39,305,305,8,1
39,305,305,9,0
39,305,305,10,0
39,305,305,11,1
39,305,305,12,1
39,305,305,13,3
39,305,305,14,1
39,305,305,15,0
39,305,305,16,2
39,305,305,17,2
39,305,305,18,2
39,305,305,19,1
39,305,305,20,2
39,305,305,21,2
39,305,305,22,1
39,305,305,23,0
39,305,305,0,0
39,306,306,1,9
39,306,306,2,3
39,306,306,3,189
39,306,306,4,175
39,306,306,5,318
39,306,306,6,2
39,306,306,7,0
39,306,306,8,0
39,306,306,9,0
39,306,306,10,0
39,306,306,11,0
39,306,306,12,1
39,306,306,13,0
39,306,306,14,3
39,306,306,15,0
39,306,306,16,5
39,306,306,17,0
39,306,306,18,0
39,306,306,19,1
39,306,306,20,0
39,306,306,21,2
39,306,306,22,3
39,306,306,23,0
39,306,306,0,3
39,307,307,1,32
39,307,307,2,1
39,307,307,3,234
39,307,307,4,384
39,307,307,5,165
39,307,307,6,1
39,307,307,7,0
39,307,307,8,0
39,307,307,9,0
39,307,307,10,0
39,307,307,11,1
39,307,307,12,1
39,307,307,13,1
39,307,307,14,3
39,307,307,15,0
39,307,307,16,1
39,307,307,17,0
39,307,307,18,0
39,307,307,19,3
39,307,307,20,1
39,307,307,21,1
39,307,307,22,0
39,307,307,23,0
39,307,307,0,2
39,307,307,1,0
39,307,307,2,0
39,307,307,3,0
39,307,307,4,0
39,307,307,5,0
39,307,307,6,0
39,307,307,7,0
39,307,307,8,0
39,307,307,9,0
39,307,307,10,0
39,307,307,11,0
39,307,307,12,0
39,307,307,13,0
39,307,307,14,0
39,307,307,15,0
39,307,307,16,0
39,307,307,17,0
39,307,307,18,0
39,307,307,19,0
39,307,307,20,0
39,307,307,21,0
39,307,307,22,0
39,307,307,23,0
39,307,307,0,0
39,308,308,1,0
39,308,308,2,0
39,308,308,3,0
39,308,308,4,0
39,308,308,5,0
39,308,308,6,0
39,308,308,7,0
39,308,308,8,0
39,308,308,9,0
39,308,308,10,0
39,308,308,11,0
39,308,308,12,0
39,308,308,13,0
39,308,308,14,0
39,308,308,15,0
39,308,308,16,0
39,308,308,17,0
39,308,308,18,0
39,308,308,19,0
39,308,308,20,0
39,308,308,21,0
39,308,308,22,0
39,308,308,23,0
39,308,308,0,0
39,308,308,1,17
39,308,308,2,4
39,308,308,3,262
39,308,308,4,311
39,308,308,5,71
39,308,308,6,1
39,308,308,7,1
39,308,308,8,0
39,308,308,9,0
39,308,308,10,1
39,308,308,11,1
39,308,308,12,1
39,308,308,13,1
39,308,308,14,0
39,308,308,15,0
39,308,308,16,1
39,308,308,17,1
39,308,308,18,1
39,308,308,19,2
39,308,308,20,3
39,308,308,21,0
39,308,308,22,0
39,308,308,23,0
39,308,308,0,2
39,309,309,1,0
39,309,309,2,0
39,309,309,3,0
39,309,309,4,0
39,309,309,5,0
39,309,309,6,0
39,309,309,7,0
39,309,309,8,0
39,309,309,9,0
39,309,309,10,0
39,309,309,11,0
39,309,309,12,0
39,309,309,13,0
39,309,309,14,0
39,309,309,15,0
39,309,309,16,0
39,309,309,17,0
39,309,309,18,0
39,309,309,19,0
39,309,309,20,0
39,309,309,21,0
39,309,309,22,0
39,309,309,23,0
39,309,309,0,0
39,309,309,1,11
39,309,309,2,0
39,309,309,3,176
39,309,309,4,139
39,309,309,5,163
39,309,309,6,0
39,309,309,7,0
39,309,309,8,0
39,309,309,9,0
39,309,309,10,0
39,309,309,11,1
39,309,309,12,1
39,309,309,13,0
39,309,309,14,0
39,309,309,15,0
39,309,309,16,0
39,309,309,17,0
39,309,309,18,0
39,309,309,19,0
39,309,309,20,0
39,309,309,21,2
39,309,309,22,0
39,309,309,23,0
39,309,309,0,0
39,310,310,1,8
39,310,310,2,0
39,310,310,3,102
39,310,310,4,169
39,310,310,5,167
39,310,310,6,2
39,310,310,7,0
39,310,310,8,0
39,310,310,9,0
39,310,310,10,0
39,310,310,11,0
39,310,310,12,0
39,310,310,13,0
39,310,310,14,0
39,310,310,15,0
39,310,310,16,0
39,310,310,17,0
39,310,310,18,0
39,310,310,19,1
39,310,310,20,0
39,310,310,21,0
39,310,310,22,0
39,310,310,23,0
39,310,310,0,0
39,311,311,1,11
39,311,311,2,1
39,311,311,3,163
39,311,311,4,174
39,311,311,5,280
39,311,311,6,1
39,311,311,7,1
39,311,311,8,0
39,311,311,9,0
39,311,311,10,0
39,311,311,11,0
39,311,311,12,0
39,311,311,13,0
39,311,311,14,0
39,311,311,15,0
39,311,311,16,1
39,311,311,17,0
39,311,311,18,0
39,311,311,19,0
39,311,311,20,1
39,311,311,21,1
39,311,311,22,0
39,311,311,23,0
39,311,311,0,1
39,312,312,1,22
39,312,312,2,2
39,312,312,3,162
39,312,312,4,226
39,312,312,5,386
39,312,312,6,0
39,312,312,7,0
39,312,312,8,0
39,312,312,9,0
39,312,312,10,1
39,312,312,11,1
39,312,312,12,2
39,312,312,13,0
39,312,312,14,0
39,312,312,15,0
39,312,312,16,2
39,312,312,17,0
39,312,312,18,1
39,312,312,19,2
39,312,312,20,0
39,312,312,21,1
39,312,312,22,2
39,312,312,23,1
39,312,312,0,3
39,313,313,1,11
39,313,313,2,0
39,313,313,3,93
39,313,313,4,140
39,313,313,5,202
39,313,313,6,0
39,313,313,7,0
39,313,313,8,0
39,313,313,9,0
39,313,313,10,0
39,313,313,11,1
39,313,313,12,1
39,313,313,13,0
39,313,313,14,0
39,313,313,15,0
39,313,313,16,1
39,313,313,17,0
39,313,313,18,0
39,313,313,19,2
39,313,313,20,1
39,313,313,21,2
39,313,313,22,0
39,313,313,23,0
39,313,313,0,0
39,314,314,1,16
39,314,314,2,2
39,314,314,3,212
39,314,314,4,262
39,314,314,5,289
39,314,314,6,2
39,314,314,7,1
39,314,314,8,0
39,314,314,9,1
39,314,314,10,0
39,314,314,11,0
39,314,314,12,0
39,314,314,13,1
39,314,314,14,1
39,314,314,15,1
39,314,314,16,0
39,314,314,17,0
39,314,314,18,1
39,314,314,19,0
39,314,314,20,0
39,314,314,21,0
39,314,314,22,3
39,314,314,23,0
39,314,314,0,4
39,315,315,1,19
39,315,315,2,0
39,315,315,3,146
39,315,315,4,208
39,315,315,5,168
39,315,315,6,0
39,315,315,7,0
39,315,315,8,0
39,315,315,9,0
39,315,315,10,0
39,315,315,11,0
39,315,315,12,0
39,315,315,13,0
39,315,315,14,1
39,315,315,15,0
39,315,315,16,0
39,315,315,17,0
39,315,315,18,1
39,315,315,19,1
39,315,315,20,1
39,315,315,21,1
39,315,315,22,2
39,315,315,23,0
39,315,315,0,1
39,316,316,1,0
39,316,316,2,0
39,316,316,3,0
39,316,316,4,0
39,316,316,5,0
39,316,316,6,0
39,316,316,7,0
39,316,316,8,0
39,316,316,9,0
39,316,316,10,0
39,316,316,11,0
39,316,316,12,0
39,316,316,13,0
39,316,316,14,0
39,316,316,15,0
39,316,316,16,0
39,316,316,17,0
39,316,316,18,0
39,316,316,19,0
39,316,316,20,0
39,316,316,21,0
39,316,316,22,0
39,316,316,23,0
39,316,316,0,0
39,316,316,1,5
39,316,316,2,1
39,316,316,3,100
39,316,316,4,141
39,316,316,5,187
39,316,316,6,1
39,316,316,7,0
39,316,316,8,0
39,316,316,9,0
39,316,316,10,0
39,316,316,11,0
39,316,316,12,0
39,316,316,13,1
39,316,316,14,0
39,316,316,15,1
39,316,316,16,1
39,316,316,17,0
39,316,316,18,0
39,316,316,19,0
39,316,316,20,0
39,316,316,21,0
39,316,316,22,0
39,316,316,23,0
39,316,316,0,0
39,317,317,1,17
39,317,317,2,2
39,317,317,3,199
39,317,317,4,240
39,317,317,5,170
39,317,317,6,1
39,317,317,7,0
39,317,317,8,0
39,317,317,9,0
39,317,317,10,0
39,317,317,11,1
39,317,317,12,1
39,317,317,13,0
39,317,317,14,0
39,317,317,15,0
39,317,317,16,0
39,317,317,17,1
39,317,317,18,0
39,317,317,19,3
39,317,317,20,0
39,317,317,21,0
39,317,317,22,0
39,317,317,23,0
39,317,317,0,5
39,317,317,1,0
39,317,317,2,0
39,317,317,3,0
39,317,317,4,0
39,317,317,5,0
39,317,317,6,0
39,317,317,7,0
39,317,317,8,0
39,317,317,9,0
39,317,317,10,0
39,317,317,11,0
39,317,317,12,0
39,317,317,13,0
39,317,317,14,0
39,317,317,15,0
39,317,317,16,0
39,317,317,17,0
39,317,317,18,0
39,317,317,19,0
39,317,317,20,0
39,317,317,21,0
39,317,317,22,0
39,317,317,23,0
39,317,317,0,0
39,318,318,1,17
39,318,318,2,0
39,318,318,3,199
39,318,318,4,224
39,318,318,5,140
39,318,318,6,0
39,318,318,7,0
39,318,318,8,0
39,318,318,9,0
39,318,318,10,0
39,318,318,11,0
39,318,318,12,0
39,318,318,13,0
39,318,318,14,0
39,318,318,15,0
39,318,318,16,0
39,318,318,17,0
39,318,318,18,0
39,318,318,19,3
39,318,318,20,0
39,318,318,21,0
39,318,318,22,0
39,318,318,23,0
39,318,318,0,1
39,318,318,1,0
39,318,318,2,0
39,318,318,3,0
39,318,318,4,0
39,318,318,5,0
39,318,318,6,0
39,318,318,7,0
39,318,318,8,0
39,318,318,9,0
39,318,318,10,0
39,318,318,11,0
39,318,318,12,0
39,318,318,13,0
39,318,318,14,0
39,318,318,15,0
39,318,318,16,0
39,318,318,17,0
39,318,318,18,0
39,318,318,19,0
39,318,318,20,0
39,318,318,21,0
39,318,318,22,0
39,318,318,23,0
39,318,318,0,0
39,319,319,1,14
39,319,319,2,0
39,319,319,3,281
39,319,319,4,279
39,319,319,5,139
39,319,319,6,0
39,319,319,7,0
39,319,319,8,1
39,319,319,9,1
39,319,319,10,0
39,319,319,11,1
39,319,319,12,1
39,319,319,13,1
39,319,319,14,0
39,319,319,15,0
39,319,319,16,4
39,319,319,17,1
39,319,319,18,0
39,319,319,19,1
39,319,319,20,0
39,319,319,21,1
39,319,319,22,1
39,319,319,23,0
39,319,319,0,2
39,320,320,1,7
39,320,320,2,2
39,320,320,3,323
39,320,320,4,310
39,320,320,5,120
39,320,320,6,0
39,320,320,7,0
39,320,320,8,0
39,320,320,9,0
39,320,320,10,0
39,320,320,11,1
39,320,320,12,0
39,320,320,13,2
39,320,320,14,1
39,320,320,15,1
39,320,320,16,0
39,320,320,17,0
39,320,320,18,0
39,320,320,19,3
39,320,320,20,1
39,320,320,21,0
39,320,320,22,0
39,320,320,23,0
39,320,320,0,1
39,321,321,1,18
39,321,321,2,0
39,321,321,3,183
39,321,321,4,287
39,321,321,5,284
39,321,321,6,0
39,321,321,7,0
39,321,321,8,0
39,321,321,9,0
39,321,321,10,0
39,321,321,11,0
39,321,321,12,0
39,321,321,13,2
39,321,321,14,2
39,321,321,15,1
39,321,321,16,0
39,321,321,17,1
39,321,321,18,3
39,321,321,19,1
39,321,321,20,4
39,321,321,21,1
39,321,321,22,1
39,321,321,23,0
39,321,321,0,4
39,322,322,1,13
39,322,322,2,1
39,322,322,3,240
39,322,322,4,332
39,322,322,5,227
39,322,322,6,0
39,322,322,7,0
39,322,322,8,1
39,322,322,9,1
39,322,322,10,0
39,322,322,11,0
39,322,322,12,1
39,322,322,13,0
39,322,322,14,0
39,322,322,15,1
39,322,322,16,1
39,322,322,17,0
39,322,322,18,0
39,322,322,19,1
39,322,322,20,1
39,322,322,21,1
39,322,322,22,0
39,322,322,23,0
39,322,322,0,2
39,323,323,1,29
39,323,323,2,1
39,323,323,3,214
39,323,323,4,297
39,323,323,5,263
39,323,323,6,1
39,323,323,7,1
39,323,323,8,0
39,323,323,9,0
39,323,323,10,1
39,323,323,11,1
39,323,323,12,0
39,323,323,13,0
39,323,323,14,5
39,323,323,15,1
39,323,323,16,1
39,323,323,17,1
39,323,323,18,0
39,323,323,19,0
39,323,323,20,0
39,323,323,21,0
39,323,323,22,0
39,323,323,23,0
39,323,323,0,2
39,324,324,1,29
39,324,324,2,4
39,324,324,3,225
39,324,324,4,456
39,324,324,5,110
39,324,324,6,2
39,324,324,7,1
39,324,324,8,1
39,324,324,9,1
39,324,324,10,1
39,324,324,11,1
39,324,324,12,1
39,324,324,13,2
39,324,324,14,0
39,324,324,15,0
39,324,324,16,1
39,324,324,17,2
39,324,324,18,2
39,324,324,19,3
39,324,324,20,1
39,324,324,21,2
39,324,324,22,1
39,324,324,23,0
39,324,324,0,1
39,325,325,1,35
39,325,325,2,0
39,325,325,3,290
39,325,325,4,416
39,325,325,5,128
39,325,325,6,2
39,325,325,7,0
39,325,325,8,0
39,325,325,9,0
39,325,325,10,1
39,325,325,11,0
39,325,325,12,1
39,325,325,13,0
39,325,325,14,3
39,325,325,15,1
39,325,325,16,3
39,325,325,17,1
39,325,325,18,3
39,325,325,19,1
39,325,325,20,2
39,325,325,21,1
39,325,325,22,0
39,325,325,23,0
39,325,325,0,4
39,326,326,1,21
39,326,326,2,3
39,326,326,3,259
39,326,326,4,369
39,326,326,5,200
39,326,326,6,2
39,326,326,7,0
39,326,326,8,0
39,326,326,9,2
39,326,326,10,0
39,326,326,11,0
39,326,326,12,1
39,326,326,13,0
39,326,326,14,2
39,326,326,15,1
39,326,326,16,3
39,326,326,17,0
39,326,326,18,2
39,326,326,19,1
39,326,326,20,3
39,326,326,21,1
39,326,326,22,1
39,326,326,23,0
39,326,326,0,5
39,327,327,1,0
39,327,327,2,0
39,327,327,3,0
39,327,327,4,0
39,327,327,5,0
39,327,327,6,0
39,327,327,7,0
39,327,327,8,0
39,327,327,9,0
39,327,327,10,0
39,327,327,11,0
39,327,327,12,0
39,327,327,13,0
39,327,327,14,0
39,327,327,15,0
39,327,327,16,0
39,327,327,17,0
39,327,327,18,0
39,327,327,19,0
39,327,327,20,0
39,327,327,21,0
39,327,327,22,0
39,327,327,23,0
39,327,327,0,0
39,327,327,1,28
39,327,327,2,1
39,327,327,3,321
39,327,327,4,402
39,327,327,5,188
39,327,327,6,2
39,327,327,7,1
39,327,327,8,0
39,327,327,9,0
39,327,327,10,0
39,327,327,11,0
39,327,327,12,0
39,327,327,13,1
39,327,327,14,1
39,327,327,15,0
39,327,327,16,0
39,327,327,17,0
39,327,327,18,1
39,327,327,19,1
39,327,327,20,3
39,327,327,21,1
39,327,327,22,0
39,327,327,23,0
39,327,327,0,4
39,328,328,1,13
39,328,328,2,1
39,328,328,3,195
39,328,328,4,193
39,328,328,5,156
39,328,328,6,0
39,328,328,7,0
39,328,328,8,0
39,328,328,9,1
39,328,328,10,0
39,328,328,11,2
39,328,328,12,1
39,328,328,13,0
39,328,328,14,0
39,328,328,15,0
39,328,328,16,0
39,328,328,17,2
39,328,328,18,2
39,328,328,19,1
39,328,328,20,0
39,328,328,21,1
39,328,328,22,1
39,328,328,23,0
39,328,328,0,3
39,328,328,1,0
39,328,328,2,0
39,328,328,3,0
39,328,328,4,0
39,328,328,5,0
39,328,328,6,0
39,328,328,7,0
39,328,328,8,0
39,328,328,9,0
39,328,328,10,0
39,328,328,11,0
39,328,328,12,0
39,328,328,13,0
39,328,328,14,0
39,328,328,15,0
39,328,328,16,0
39,328,328,17,0
39,328,328,18,0
39,328,328,19,0
39,328,328,20,0
39,328,328,21,0
39,328,328,22,0
39,328,328,23,0
39,328,328,0,0
39,329,329,1,0
39,329,329,2,0
39,329,329,3,0
39,329,329,4,0
39,329,329,5,0
39,329,329,6,0
39,329,329,7,0
39,329,329,8,0
39,329,329,9,0
39,329,329,10,0
39,329,329,11,0
39,329,329,12,0
39,329,329,13,0
39,329,329,14,0
39,329,329,15,0
39,329,329,16,0
39,329,329,17,0
39,329,329,18,0
39,329,329,19,0
39,329,329,20,0
39,329,329,21,0
39,329,329,22,0
39,329,329,23,0
39,329,329,0,0
39,329,329,1,8
39,329,329,2,0
39,329,329,3,270
39,329,329,4,242
39,329,329,5,62
39,329,329,6,0
39,329,329,7,0
39,329,329,8,0
39,329,329,9,0
39,329,329,10,0
39,329,329,11,1
39,329,329,12,0
39,329,329,13,1
39,329,329,14,0
39,329,329,15,1
39,329,329,16,0
39,329,329,17,0
39,329,329,18,0
39,329,329,19,2
39,329,329,20,0
39,329,329,21,1
39,329,329,22,0
39,329,329,23,0
39,329,329,0,2
39,330,330,1,26
39,330,330,2,2
39,330,330,3,189
39,330,330,4,454
39,330,330,5,188
39,330,330,6,4
39,330,330,7,1
39,330,330,8,2
39,330,330,9,0
39,330,330,10,1
39,330,330,11,4
39,330,330,12,2
39,330,330,13,2
39,330,330,14,4
39,330,330,15,3
39,330,330,16,4
39,330,330,17,2
39,330,330,18,2
39,330,330,19,10
39,330,330,20,3
39,330,330,21,6
39,330,330,22,2
39,330,330,23,1
39,330,330,0,4
39,331,331,1,34
39,331,331,2,2
39,331,331,3,216
39,331,331,4,373
39,331,331,5,43
39,331,331,6,0
39,331,331,7,1
39,331,331,8,1
39,331,331,9,0
39,331,331,10,0
39,331,331,11,3
39,331,331,12,0
39,331,331,13,1
39,331,331,14,2
39,331,331,15,0
39,331,331,16,2
39,331,331,17,0
39,331,331,18,1
39,331,331,19,1
39,331,331,20,2
39,331,331,21,1
39,331,331,22,0
39,331,331,23,1
39,331,331,0,2
39,332,332,1,33
39,332,332,2,1
39,332,332,3,256
39,332,332,4,456
39,332,332,5,81
39,332,332,6,2
39,332,332,7,2
39,332,332,8,0
39,332,332,9,3
39,332,332,10,3
39,332,332,11,3
39,332,332,12,1
39,332,332,13,1
39,332,332,14,0
39,332,332,15,0
39,332,332,16,1
39,332,332,17,2
39,332,332,18,1
39,332,332,19,8
39,332,332,20,4
39,332,332,21,2
39,332,332,22,3
39,332,332,23,2
39,332,332,0,1
39,333,333,1,17
39,333,333,2,2
39,333,333,3,171
39,333,333,4,202
39,333,333,5,199
39,333,333,6,0
39,333,333,7,1
39,333,333,8,0
39,333,333,9,1
39,333,333,10,0
39,333,333,11,1
39,333,333,12,0
39,333,333,13,1
39,333,333,14,2
39,333,333,15,0
39,333,333,16,1
39,333,333,17,0
39,333,333,18,0
39,333,333,19,3
39,333,333,20,1
39,333,333,21,0
39,333,333,22,1
39,333,333,23,0
39,333,333,0,1
39,334,334,1,20
39,334,334,2,4
39,334,334,3,109
39,334,334,4,113
39,334,334,5,235
39,334,334,6,0
39,334,334,7,0
39,334,334,8,0
39,334,334,9,1
39,334,334,10,0
39,334,334,11,0
39,334,334,12,1
39,334,334,13,1
39,334,334,14,3
39,334,334,15,0
39,334,334,16,2
39,334,334,17,1
39,334,334,18,0
39,334,334,19,0
39,334,334,20,0
39,334,334,21,0
39,334,334,22,0
39,334,334,23,0
39,334,334,0,0
39,335,335,1,22
39,335,335,2,0
39,335,335,3,191
39,335,335,4,191
39,335,335,5,59
39,335,335,6,1
39,335,335,7,0
39,335,335,8,0
39,335,335,9,0
39,335,335,10,0
39,335,335,11,0
39,335,335,12,0
39,335,335,13,0
39,335,335,14,0
39,335,335,15,0
39,335,335,16,0
39,335,335,17,0
39,335,335,18,1
39,335,335,19,2
39,335,335,20,1
39,335,335,21,0
39,335,335,22,2
39,335,335,23,0
39,335,335,0,0
39,336,336,1,22
39,336,336,2,2
39,336,336,3,256
39,336,336,4,292
39,336,336,5,268
39,336,336,6,2
39,336,336,7,1
39,336,336,8,0
39,336,336,9,0
39,336,336,10,0
39,336,336,11,2
39,336,336,12,4
39,336,336,13,1
39,336,336,14,2
39,336,336,15,0
39,336,336,16,1
39,336,336,17,0
39,336,336,18,0
39,336,336,19,0
39,336,336,20,0
39,336,336,21,0
39,336,336,22,3
39,336,336,23,0
39,336,336,0,2
39,337,337,1,10
39,337,337,2,2
39,337,337,3,108
39,337,337,4,174
39,337,337,5,390
39,337,337,6,0
39,337,337,7,0
39,337,337,8,0
39,337,337,9,1
39,337,337,10,0
39,337,337,11,2
39,337,337,12,4
39,337,337,13,1
39,337,337,14,0
39,337,337,15,0
39,337,337,16,1
39,337,337,17,1
39,337,337,18,0
39,337,337,19,1
39,337,337,20,2
39,337,337,21,1
39,337,337,22,3
39,337,337,23,0
39,337,337,0,1
39,338,338,1,26
39,338,338,2,0
39,338,338,3,232
39,338,338,4,278
39,338,338,5,71
39,338,338,6,0
39,338,338,7,0
39,338,338,8,2
39,338,338,9,0
39,338,338,10,0
39,338,338,11,0
39,338,338,12,1
39,338,338,13,0
39,338,338,14,4
39,338,338,15,0
39,338,338,16,1
39,338,338,17,0
39,338,338,18,0
39,338,338,19,2
39,338,338,20,0
39,338,338,21,1
39,338,338,22,0
39,338,338,23,0
39,338,338,0,1
39,338,338,1,0
39,338,338,2,0
39,338,338,3,0
39,338,338,4,0
39,338,338,5,0
39,338,338,6,0
39,338,338,7,0
39,338,338,8,0
39,338,338,9,0
39,338,338,10,0
39,338,338,11,0
39,338,338,12,0
39,338,338,13,0
39,338,338,14,0
39,338,338,15,0
39,338,338,16,0
39,338,338,17,0
39,338,338,18,0
39,338,338,19,0
39,338,338,20,0
39,338,338,21,0
39,338,338,22,0
39,338,338,23,0
39,338,338,0,0
39,339,339,1,17
39,339,339,2,2
39,339,339,3,198
39,339,339,4,248
39,339,339,5,293
39,339,339,6,1
39,339,339,7,1
39,339,339,8,0
39,339,339,9,0
39,339,339,10,0
39,339,339,11,2
39,339,339,12,2
39,339,339,13,5
39,339,339,14,2
39,339,339,15,3
39,339,339,16,0
39,339,339,17,0
39,339,339,18,3
39,339,339,19,7
39,339,339,20,3
39,339,339,21,4
39,339,339,22,2
39,339,339,23,1
39,339,339,0,2
39,339,339,1,0
39,339,339,2,0
39,339,339,3,0
39,339,339,4,0
39,339,339,5,0
39,339,339,6,0
39,339,339,7,0
39,339,339,8,0
39,339,339,9,0
39,339,339,10,0
39,339,339,11,0
39,339,339,12,0
39,339,339,13,0
39,339,339,14,0
39,339,339,15,0
39,339,339,16,0
39,339,339,17,0
39,339,339,18,0
39,339,339,19,0
39,339,339,20,0
39,339,339,21,0
39,339,339,22,0
39,339,339,23,0
39,339,339,0,0
39,340,340,1,15
39,340,340,2,0
39,340,340,3,171
39,340,340,4,266
39,340,340,5,42
39,340,340,6,1
39,340,340,7,1
39,340,340,8,0
39,340,340,9,2
39,340,340,10,0
39,340,340,11,0
39,340,340,12,0
39,340,340,13,1
39,340,340,14,1
39,340,340,15,0
39,340,340,16,1
39,340,340,17,0
39,340,340,18,0
39,340,340,19,0
39,340,340,20,1
39,340,340,21,1
39,340,340,22,1
39,340,340,23,1
39,340,340,0,0
39,340,340,1,0
39,340,340,2,0
39,340,340,3,0
39,340,340,4,0
39,340,340,5,0
39,340,340,6,0
39,340,340,7,0
39,340,340,8,0
39,340,340,9,0
39,340,340,10,0
39,340,340,11,0
39,340,340,12,0
39,340,340,13,0
39,340,340,14,0
39,340,340,15,0
39,340,340,16,0
39,340,340,17,0
39,340,340,18,0
39,340,340,19,0
39,340,340,20,0
39,340,340,21,0
39,340,340,22,0
39,340,340,23,0
39,340,340,0,0
39,341,341,1,13
39,341,341,2,0
39,341,341,3,197
39,341,341,4,281
39,341,341,5,395
39,341,341,6,2
39,341,341,7,0
39,341,341,8,0
39,341,341,9,1
39,341,341,10,0
39,341,341,11,0
39,341,341,12,2
39,341,341,13,0
39,341,341,14,0
39,341,341,15,0
39,341,341,16,0
39,341,341,17,0
39,341,341,18,1
39,341,341,19,2
39,341,341,20,1
39,341,341,21,1
39,341,341,22,0
39,341,341,23,0
39,341,341,0,1
39,342,342,1,6362
39,342,342,2,376
39,342,342,3,57422
39,342,342,4,83856
39,342,342,5,78205
39,342,342,6,485
39,342,342,7,196
39,342,342,8,133
39,342,342,9,132
39,342,342,10,124
39,342,342,11,249
39,342,342,12,310
39,342,342,13,233
39,342,342,14,275
39,342,342,15,102
39,342,342,16,349
39,342,342,17,183
39,342,342,18,284
39,342,342,19,532
39,342,342,20,342
39,342,342,21,314
39,342,342,22,546
39,342,342,23,134
39,342,342,0,557
39,343,343,1,6468
39,343,343,2,378
39,343,343,3,57997
39,343,343,4,84506
39,343,343,5,78820
39,343,343,6,490
39,343,343,7,197
39,343,343,8,133
39,343,343,9,133
39,343,343,10,124
39,343,343,11,249
39,343,343,12,310
39,343,343,13,234
39,343,343,14,277
39,343,343,15,103
39,343,343,16,349
39,343,343,17,183
39,343,343,18,284
39,343,343,19,532
39,343,343,20,345
39,343,343,21,316
39,343,343,22,548
39,343,343,23,136
39,343,343,0,572
