ac_code,ps_serial_number,ps_code,candidate_serial_number,candidate_votes
56,0,0,1,0
56,0,0,2,813
56,0,0,3,29
56,0,0,4,456
56,0,0,5,10
56,0,0,6,268
56,0,0,7,4
56,0,0,8,3
56,0,0,9,0
56,0,0,10,0
56,0,0,11,1
56,0,0,12,6
56,0,0,13,1584
56,0,0,14,90
56,0,0,15,1680
56,0,0,16,0
56,0,0,17,0
56,0,0,18,0
56,0,0,0,0
56,1,1,1,0
56,1,1,2,0
56,1,1,3,0
56,1,1,4,0
56,1,1,5,0
56,1,1,6,0
56,1,1,7,0
56,1,1,8,0
56,1,1,9,0
56,1,1,10,0
56,1,1,11,0
56,1,1,12,0
56,1,1,13,0
56,1,1,14,0
56,1,1,15,0
56,1,1,16,0
56,1,1,17,0
56,1,1,18,0
56,1,1,0,0
56,1,1,1,0
56,1,1,2,481
56,1,1,3,9
56,1,1,4,340
56,1,1,5,2
56,1,1,6,134
56,1,1,7,2
56,1,1,8,3
56,1,1,9,0
56,1,1,10,0
56,1,1,11,4
56,1,1,12,5
56,1,1,13,975
56,1,1,14,0
56,1,1,15,980
56,1,1,16,0
56,1,1,17,1079
56,1,1,18,90
56,1,1,0,0
56,2,2,1,0
56,2,2,2,259
56,2,2,3,7
56,2,2,4,262
56,2,2,5,2
56,2,2,6,85
56,2,2,7,2
56,2,2,8,1
56,2,2,9,0
56,2,2,10,0
56,2,2,11,0
56,2,2,12,5
56,2,2,13,618
56,2,2,14,0
56,2,2,15,623
56,2,2,16,0
56,2,2,17,691
56,2,2,18,89
56,2,2,0,0
56,2,2,1,0
56,2,2,2,0
56,2,2,3,0
56,2,2,4,0
56,2,2,5,0
56,2,2,6,0
56,2,2,7,0
56,2,2,8,0
56,2,2,9,0
56,2,2,10,0
56,2,2,11,0
56,2,2,12,0
56,2,2,13,0
56,2,2,14,0
56,2,2,15,0
56,2,2,16,0
56,2,2,17,0
56,2,2,18,0
56,2,2,0,0
56,3,3,1,0
56,3,3,2,0
56,3,3,3,0
56,3,3,4,0
56,3,3,5,0
56,3,3,6,0
56,3,3,7,0
56,3,3,8,0
56,3,3,9,0
56,3,3,10,0
56,3,3,11,0
56,3,3,12,0
56,3,3,13,0
56,3,3,14,0
56,3,3,15,0
56,3,3,16,0
56,3,3,17,0
56,3,3,18,0
56,3,3,0,0
56,3,3,1,0
56,3,3,2,249
56,3,3,3,8
56,3,3,4,300
56,3,3,5,2
56,3,3,6,170
56,3,3,7,3
56,3,3,8,3
56,3,3,9,0
56,3,3,10,1
56,3,3,11,1
56,3,3,12,7
56,3,3,13,737
56,3,3,14,0
56,3,3,15,744
56,3,3,16,0
56,3,3,17,896
56,3,3,18,82
56,3,3,0,0
56,4,4,1,0
56,4,4,2,0
56,4,4,3,0
56,4,4,4,0
56,4,4,5,0
56,4,4,6,0
56,4,4,7,0
56,4,4,8,0
56,4,4,9,0
56,4,4,10,0
56,4,4,11,0
56,4,4,12,0
56,4,4,13,0
56,4,4,14,0
56,4,4,15,0
56,4,4,16,0
56,4,4,17,0
56,4,4,18,0
56,4,4,0,0
56,4,4,1,0
56,4,4,2,285
56,4,4,3,14
56,4,4,4,256
56,4,4,5,7
56,4,4,6,193
56,4,4,7,1
56,4,4,8,0
56,4,4,9,1
56,4,4,10,1
56,4,4,11,1
56,4,4,12,10
56,4,4,13,759
56,4,4,14,0
56,4,4,15,769
56,4,4,16,0
56,4,4,17,887
56,4,4,18,85
56,4,4,0,0
56,5,5,1,0
56,5,5,2,172
56,5,5,3,13
56,5,5,4,230
56,5,5,5,4
56,5,5,6,158
56,5,5,7,2
56,5,5,8,1
56,5,5,9,0
56,5,5,10,0
56,5,5,11,3
56,5,5,12,4
56,5,5,13,583
56,5,5,14,0
56,5,5,15,587
56,5,5,16,0
56,5,5,17,734
56,5,5,18,79
56,5,5,0,0
56,6,6,1,0
56,6,6,2,206
56,6,6,3,7
56,6,6,4,257
56,6,6,5,3
56,6,6,6,141
56,6,6,7,2
56,6,6,8,0
56,6,6,9,0
56,6,6,10,3
56,6,6,11,1
56,6,6,12,3
56,6,6,13,620
56,6,6,14,0
56,6,6,15,623
56,6,6,16,0
56,6,6,17,760
56,6,6,18,81
56,6,6,0,0
56,7,7,1,0
56,7,7,2,305
56,7,7,3,18
56,7,7,4,221
56,7,7,5,3
56,7,7,6,159
56,7,7,7,4
56,7,7,8,3
56,7,7,9,1
56,7,7,10,1
56,7,7,11,4
56,7,7,12,5
56,7,7,13,719
56,7,7,14,0
56,7,7,15,724
56,7,7,16,0
56,7,7,17,849
56,7,7,18,84
56,7,7,0,0
56,8,8,1,0
56,8,8,2,345
56,8,8,3,22
56,8,8,4,190
56,8,8,5,5
56,8,8,6,211
56,8,8,7,1
56,8,8,8,3
56,8,8,9,2
56,8,8,10,4
56,8,8,11,4
56,8,8,12,6
56,8,8,13,787
56,8,8,14,0
56,8,8,15,793
56,8,8,16,0
56,8,8,17,965
56,8,8,18,81
56,8,8,0,0
56,9,9,1,0
56,9,9,2,65
56,9,9,3,7
56,9,9,4,107
56,9,9,5,2
56,9,9,6,72
56,9,9,7,0
56,9,9,8,0
56,9,9,9,1
56,9,9,10,0
56,9,9,11,0
56,9,9,12,4
56,9,9,13,254
56,9,9,14,0
56,9,9,15,258
56,9,9,16,0
56,9,9,17,285
56,9,9,18,89
56,9,9,0,0
56,10,10,1,0
56,10,10,2,183
56,10,10,3,14
56,10,10,4,302
56,10,10,5,6
56,10,10,6,179
56,10,10,7,2
56,10,10,8,1
56,10,10,9,0
56,10,10,10,1
56,10,10,11,4
56,10,10,12,5
56,10,10,13,692
56,10,10,14,0
56,10,10,15,697
56,10,10,16,0
56,10,10,17,818
56,10,10,18,84
56,10,10,0,0
56,11,11,1,0
56,11,11,2,69
56,11,11,3,7
56,11,11,4,107
56,11,11,5,1
56,11,11,6,44
56,11,11,7,1
56,11,11,8,0
56,11,11,9,0
56,11,11,10,0
56,11,11,11,2
56,11,11,12,1
56,11,11,13,231
56,11,11,14,0
56,11,11,15,232
56,11,11,16,0
56,11,11,17,267
56,11,11,18,86
56,11,11,0,0
56,12,12,1,0
56,12,12,2,247
56,12,12,3,5
56,12,12,4,352
56,12,12,5,4
56,12,12,6,50
56,12,12,7,2
56,12,12,8,0
56,12,12,9,0
56,12,12,10,0
56,12,12,11,2
56,12,12,12,7
56,12,12,13,662
56,12,12,14,0
56,12,12,15,669
56,12,12,16,0
56,12,12,17,784
56,12,12,18,84
56,12,12,0,0
56,12,12,1,0
56,12,12,2,0
56,12,12,3,0
56,12,12,4,0
56,12,12,5,0
56,12,12,6,0
56,12,12,7,0
56,12,12,8,0
56,12,12,9,0
56,12,12,10,0
56,12,12,11,0
56,12,12,12,0
56,12,12,13,0
56,12,12,14,0
56,12,12,15,0
56,12,12,16,0
56,12,12,17,0
56,12,12,18,0
56,12,12,0,0
56,13,13,1,0
56,13,13,2,0
56,13,13,3,0
56,13,13,4,0
56,13,13,5,0
56,13,13,6,0
56,13,13,7,0
56,13,13,8,0
56,13,13,9,0
56,13,13,10,0
56,13,13,11,0
56,13,13,12,0
56,13,13,13,0
56,13,13,14,0
56,13,13,15,0
56,13,13,16,0
56,13,13,17,0
56,13,13,18,0
56,13,13,0,0
56,13,13,1,0
56,13,13,2,220
56,13,13,3,8
56,13,13,4,364
56,13,13,5,4
56,13,13,6,58
56,13,13,7,0
56,13,13,8,2
56,13,13,9,0
56,13,13,10,4
56,13,13,11,5
56,13,13,12,9
56,13,13,13,665
56,13,13,14,0
56,13,13,15,674
56,13,13,16,0
56,13,13,17,736
56,13,13,18,90
56,13,13,0,0
56,14,14,1,0
56,14,14,2,0
56,14,14,3,0
56,14,14,4,0
56,14,14,5,0
56,14,14,6,0
56,14,14,7,0
56,14,14,8,0
56,14,14,9,0
56,14,14,10,0
56,14,14,11,0
56,14,14,12,0
56,14,14,13,0
56,14,14,14,0
56,14,14,15,0
56,14,14,16,0
56,14,14,17,0
56,14,14,18,0
56,14,14,0,0
56,14,14,1,0
56,14,14,2,290
56,14,14,3,3
56,14,14,4,147
56,14,14,5,1
56,14,14,6,51
56,14,14,7,1
56,14,14,8,1
56,14,14,9,0
56,14,14,10,1
56,14,14,11,2
56,14,14,12,3
56,14,14,13,497
56,14,14,14,0
56,14,14,15,500
56,14,14,16,0
56,14,14,17,553
56,14,14,18,89
56,14,14,0,0
56,15,15,1,0
56,15,15,2,130
56,15,15,3,8
56,15,15,4,86
56,15,15,5,1
56,15,15,6,87
56,15,15,7,1
56,15,15,8,3
56,15,15,9,2
56,15,15,10,1
56,15,15,11,2
56,15,15,12,6
56,15,15,13,321
56,15,15,14,0
56,15,15,15,327
56,15,15,16,0
56,15,15,17,365
56,15,15,18,87
56,15,15,0,0
56,15,15,1,0
56,15,15,2,0
56,15,15,3,0
56,15,15,4,0
56,15,15,5,0
56,15,15,6,0
56,15,15,7,0
56,15,15,8,0
56,15,15,9,0
56,15,15,10,0
56,15,15,11,0
56,15,15,12,0
56,15,15,13,0
56,15,15,14,0
56,15,15,15,0
56,15,15,16,0
56,15,15,17,0
56,15,15,18,0
56,15,15,0,0
56,16,16,1,0
56,16,16,2,209
56,16,16,3,6
56,16,16,4,509
56,16,16,5,8
56,16,16,6,81
56,16,16,7,1
56,16,16,8,0
56,16,16,9,6
56,16,16,10,4
56,16,16,11,0
56,16,16,12,4
56,16,16,13,824
56,16,16,14,0
56,16,16,15,828
56,16,16,16,0
56,16,16,17,888
56,16,16,18,92
56,16,16,0,0
56,17,17,1,0
56,17,17,2,299
56,17,17,3,5
56,17,17,4,266
56,17,17,5,3
56,17,17,6,27
56,17,17,7,0
56,17,17,8,1
56,17,17,9,2
56,17,17,10,4
56,17,17,11,2
56,17,17,12,6
56,17,17,13,609
56,17,17,14,0
56,17,17,15,615
56,17,17,16,0
56,17,17,17,705
56,17,17,18,86
56,17,17,0,0
56,18,18,1,0
56,18,18,2,340
56,18,18,3,3
56,18,18,4,278
56,18,18,5,2
56,18,18,6,52
56,18,18,7,0
56,18,18,8,1
56,18,18,9,0
56,18,18,10,2
56,18,18,11,1
56,18,18,12,4
56,18,18,13,679
56,18,18,14,0
56,18,18,15,683
56,18,18,16,0
56,18,18,17,807
56,18,18,18,84
56,18,18,0,0
56,19,19,1,0
56,19,19,2,422
56,19,19,3,3
56,19,19,4,192
56,19,19,5,0
56,19,19,6,102
56,19,19,7,2
56,19,19,8,2
56,19,19,9,0
56,19,19,10,0
56,19,19,11,0
56,19,19,12,10
56,19,19,13,723
56,19,19,14,0
56,19,19,15,733
56,19,19,16,0
56,19,19,17,865
56,19,19,18,83
56,19,19,0,0
56,20,20,1,0
56,20,20,2,200
56,20,20,3,9
56,20,20,4,357
56,20,20,5,6
56,20,20,6,30
56,20,20,7,1
56,20,20,8,1
56,20,20,9,0
56,20,20,10,2
56,20,20,11,1
56,20,20,12,5
56,20,20,13,607
56,20,20,14,0
56,20,20,15,612
56,20,20,16,0
56,20,20,17,718
56,20,20,18,84
56,20,20,0,0
56,21,21,1,0
56,21,21,2,335
56,21,21,3,4
56,21,21,4,264
56,21,21,5,4
56,21,21,6,52
56,21,21,7,4
56,21,21,8,0
56,21,21,9,1
56,21,21,10,1
56,21,21,11,4
56,21,21,12,1
56,21,21,13,669
56,21,21,14,0
56,21,21,15,670
56,21,21,16,0
56,21,21,17,740
56,21,21,18,90
56,21,21,0,0
56,22,22,1,0
56,22,22,2,155
56,22,22,3,2
56,22,22,4,9
56,22,22,5,0
56,22,22,6,9
56,22,22,7,0
56,22,22,8,0
56,22,22,9,0
56,22,22,10,1
56,22,22,11,0
56,22,22,12,3
56,22,22,13,176
56,22,22,14,0
56,22,22,15,179
56,22,22,16,0
56,22,22,17,189
56,22,22,18,93
56,22,22,0,0
56,23,23,1,0
56,23,23,2,241
56,23,23,3,5
56,23,23,4,274
56,23,23,5,2
56,23,23,6,77
56,23,23,7,0
56,23,23,8,3
56,23,23,9,0
56,23,23,10,1
56,23,23,11,3
56,23,23,12,3
56,23,23,13,606
56,23,23,14,0
56,23,23,15,609
56,23,23,16,0
56,23,23,17,648
56,23,23,18,93
56,23,23,0,0
56,24,24,1,0
56,24,24,2,245
56,24,24,3,7
56,24,24,4,296
56,24,24,5,5
56,24,24,6,99
56,24,24,7,0
56,24,24,8,0
56,24,24,9,0
56,24,24,10,2
56,24,24,11,0
56,24,24,12,0
56,24,24,13,654
56,24,24,14,0
56,24,24,15,654
56,24,24,16,0
56,24,24,17,795
56,24,24,18,82
56,24,24,0,0
56,24,24,1,0
56,24,24,2,0
56,24,24,3,0
56,24,24,4,0
56,24,24,5,0
56,24,24,6,0
56,24,24,7,0
56,24,24,8,0
56,24,24,9,0
56,24,24,10,0
56,24,24,11,0
56,24,24,12,0
56,24,24,13,0
56,24,24,14,0
56,24,24,15,0
56,24,24,16,0
56,24,24,17,0
56,24,24,18,0
56,24,24,0,0
56,25,25,1,0
56,25,25,2,281
56,25,25,3,1
56,25,25,4,129
56,25,25,5,0
56,25,25,6,32
56,25,25,7,2
56,25,25,8,1
56,25,25,9,0
56,25,25,10,0
56,25,25,11,0
56,25,25,12,4
56,25,25,13,446
56,25,25,14,0
56,25,25,15,450
56,25,25,16,0
56,25,25,17,495
56,25,25,18,90
56,25,25,0,0
56,25,25,1,0
56,25,25,2,0
56,25,25,3,0
56,25,25,4,0
56,25,25,5,0
56,25,25,6,0
56,25,25,7,0
56,25,25,8,0
56,25,25,9,0
56,25,25,10,0
56,25,25,11,0
56,25,25,12,0
56,25,25,13,0
56,25,25,14,0
56,25,25,15,0
56,25,25,16,0
56,25,25,17,0
56,25,25,18,0
56,25,25,0,0
56,26,26,1,0
56,26,26,2,0
56,26,26,3,0
56,26,26,4,0
56,26,26,5,0
56,26,26,6,0
56,26,26,7,0
56,26,26,8,0
56,26,26,9,0
56,26,26,10,0
56,26,26,11,0
56,26,26,12,0
56,26,26,13,0
56,26,26,14,0
56,26,26,15,0
56,26,26,16,0
56,26,26,17,0
56,26,26,18,0
56,26,26,0,0
56,26,26,1,0
56,26,26,2,235
56,26,26,3,12
56,26,26,4,346
56,26,26,5,6
56,26,26,6,148
56,26,26,7,3
56,26,26,8,3
56,26,26,9,0
56,26,26,10,3
56,26,26,11,3
56,26,26,12,3
56,26,26,13,759
56,26,26,14,0
56,26,26,15,762
56,26,26,16,0
56,26,26,17,919
56,26,26,18,82
56,26,26,0,0
56,27,27,1,0
56,27,27,2,0
56,27,27,3,0
56,27,27,4,0
56,27,27,5,0
56,27,27,6,0
56,27,27,7,0
56,27,27,8,0
56,27,27,9,0
56,27,27,10,0
56,27,27,11,0
56,27,27,12,0
56,27,27,13,0
56,27,27,14,0
56,27,27,15,0
56,27,27,16,0
56,27,27,17,0
56,27,27,18,0
56,27,27,0,0
56,27,27,1,0
56,27,27,2,298
56,27,27,3,10
56,27,27,4,368
56,27,27,5,3
56,27,27,6,117
56,27,27,7,3
56,27,27,8,1
56,27,27,9,1
56,27,27,10,3
56,27,27,11,4
56,27,27,12,4
56,27,27,13,808
56,27,27,14,0
56,27,27,15,812
56,27,27,16,0
56,27,27,17,1034
56,27,27,18,78
56,27,27,0,0
56,28,28,1,0
56,28,28,2,163
56,28,28,3,3
56,28,28,4,204
56,28,28,5,3
56,28,28,6,47
56,28,28,7,0
56,28,28,8,0
56,28,28,9,0
56,28,28,10,0
56,28,28,11,4
56,28,28,12,5
56,28,28,13,424
56,28,28,14,0
56,28,28,15,429
56,28,28,16,0
56,28,28,17,459
56,28,28,18,92
56,28,28,0,0
56,29,29,1,0
56,29,29,2,295
56,29,29,3,9
56,29,29,4,305
56,29,29,5,3
56,29,29,6,102
56,29,29,7,2
56,29,29,8,2
56,29,29,9,0
56,29,29,10,1
56,29,29,11,3
56,29,29,12,5
56,29,29,13,722
56,29,29,14,0
56,29,29,15,727
56,29,29,16,0
56,29,29,17,838
56,29,29,18,86
56,29,29,0,0
56,30,30,1,0
56,30,30,2,342
56,30,30,3,13
56,30,30,4,207
56,30,30,5,3
56,30,30,6,150
56,30,30,7,1
56,30,30,8,2
56,30,30,9,0
56,30,30,10,3
56,30,30,11,2
56,30,30,12,3
56,30,30,13,723
56,30,30,14,0
56,30,30,15,726
56,30,30,16,0
56,30,30,17,834
56,30,30,18,86
56,30,30,0,0
56,31,31,1,0
56,31,31,2,285
56,31,31,3,10
56,31,31,4,97
56,31,31,5,0
56,31,31,6,87
56,31,31,7,0
56,31,31,8,1
56,31,31,9,0
56,31,31,10,0
56,31,31,11,1
56,31,31,12,4
56,31,31,13,481
56,31,31,14,0
56,31,31,15,485
56,31,31,16,0
56,31,31,17,574
56,31,31,18,83
56,31,31,0,0
56,32,32,1,0
56,32,32,2,316
56,32,32,3,9
56,32,32,4,198
56,32,32,5,2
56,32,32,6,136
56,32,32,7,0
56,32,32,8,1
56,32,32,9,1
56,32,32,10,0
56,32,32,11,0
56,32,32,12,2
56,32,32,13,663
56,32,32,14,0
56,32,32,15,665
56,32,32,16,0
56,32,32,17,771
56,32,32,18,85
56,32,32,0,0
56,33,33,1,0
56,33,33,2,295
56,33,33,3,10
56,33,33,4,175
56,33,33,5,4
56,33,33,6,97
56,33,33,7,0
56,33,33,8,1
56,33,33,9,0
56,33,33,10,0
56,33,33,11,0
56,33,33,12,5
56,33,33,13,582
56,33,33,14,0
56,33,33,15,587
56,33,33,16,0
56,33,33,17,662
56,33,33,18,87
56,33,33,0,0
56,34,34,1,0
56,34,34,2,230
56,34,34,3,8
56,34,34,4,387
56,34,34,5,3
56,34,34,6,81
56,34,34,7,2
56,34,34,8,1
56,34,34,9,0
56,34,34,10,2
56,34,34,11,3
56,34,34,12,6
56,34,34,13,717
56,34,34,14,0
56,34,34,15,723
56,34,34,16,0
56,34,34,17,910
56,34,34,18,78
56,34,34,0,0
56,35,35,1,0
56,35,35,2,152
56,35,35,3,4
56,35,35,4,343
56,35,35,5,3
56,35,35,6,65
56,35,35,7,1
56,35,35,8,0
56,35,35,9,2
56,35,35,10,2
56,35,35,11,3
56,35,35,12,3
56,35,35,13,575
56,35,35,14,0
56,35,35,15,578
56,35,35,16,0
56,35,35,17,612
56,35,35,18,93
56,35,35,0,0
56,36,36,1,0
56,36,36,2,0
56,36,36,3,0
56,36,36,4,0
56,36,36,5,0
56,36,36,6,0
56,36,36,7,0
56,36,36,8,0
56,36,36,9,0
56,36,36,10,0
56,36,36,11,0
56,36,36,12,0
56,36,36,13,0
56,36,36,14,0
56,36,36,15,0
56,36,36,16,0
56,36,36,17,0
56,36,36,18,0
56,36,36,0,0
56,36,36,1,0
56,36,36,2,237
56,36,36,3,4
56,36,36,4,436
56,36,36,5,4
56,36,36,6,83
56,36,36,7,4
56,36,36,8,1
56,36,36,9,3
56,36,36,10,3
56,36,36,11,5
56,36,36,12,4
56,36,36,13,780
56,36,36,14,0
56,36,36,15,784
56,36,36,16,0
56,36,36,17,890
56,36,36,18,87
56,36,36,0,0
56,37,37,1,0
56,37,37,2,0
56,37,37,3,0
56,37,37,4,0
56,37,37,5,0
56,37,37,6,0
56,37,37,7,0
56,37,37,8,0
56,37,37,9,0
56,37,37,10,0
56,37,37,11,0
56,37,37,12,0
56,37,37,13,0
56,37,37,14,0
56,37,37,15,0
56,37,37,16,0
56,37,37,17,0
56,37,37,18,0
56,37,37,0,0
56,37,37,1,0
56,37,37,2,462
56,37,37,3,7
56,37,37,4,187
56,37,37,5,2
56,37,37,6,57
56,37,37,7,0
56,37,37,8,4
56,37,37,9,0
56,37,37,10,0
56,37,37,11,1
56,37,37,12,3
56,37,37,13,720
56,37,37,14,0
56,37,37,15,723
56,37,37,16,0
56,37,37,17,779
56,37,37,18,92
56,37,37,0,0
56,38,38,1,0
56,38,38,2,0
56,38,38,3,0
56,38,38,4,0
56,38,38,5,0
56,38,38,6,0
56,38,38,7,0
56,38,38,8,0
56,38,38,9,0
56,38,38,10,0
56,38,38,11,0
56,38,38,12,0
56,38,38,13,0
56,38,38,14,0
56,38,38,15,0
56,38,38,16,0
56,38,38,17,0
56,38,38,18,0
56,38,38,0,0
56,38,38,1,0
56,38,38,2,391
56,38,38,3,14
56,38,38,4,65
56,38,38,5,3
56,38,38,6,187
56,38,38,7,1
56,38,38,8,2
56,38,38,9,0
56,38,38,10,0
56,38,38,11,4
56,38,38,12,8
56,38,38,13,667
56,38,38,14,0
56,38,38,15,675
56,38,38,16,0
56,38,38,17,748
56,38,38,18,89
56,38,38,0,0
56,39,39,1,0
56,39,39,2,0
56,39,39,3,0
56,39,39,4,0
56,39,39,5,0
56,39,39,6,0
56,39,39,7,0
56,39,39,8,0
56,39,39,9,0
56,39,39,10,0
56,39,39,11,0
56,39,39,12,0
56,39,39,13,0
56,39,39,14,0
56,39,39,15,0
56,39,39,16,0
56,39,39,17,0
56,39,39,18,0
56,39,39,0,0
56,39,39,1,0
56,39,39,2,173
56,39,39,3,6
56,39,39,4,275
56,39,39,5,2
56,39,39,6,60
56,39,39,7,0
56,39,39,8,1
56,39,39,9,0
56,39,39,10,1
56,39,39,11,1
56,39,39,12,2
56,39,39,13,519
56,39,39,14,0
56,39,39,15,521
56,39,39,16,0
56,39,39,17,565
56,39,39,18,91
56,39,39,0,0
56,40,40,1,0
56,40,40,2,137
56,40,40,3,8
56,40,40,4,277
56,40,40,5,3
56,40,40,6,56
56,40,40,7,1
56,40,40,8,1
56,40,40,9,0
56,40,40,10,3
56,40,40,11,0
56,40,40,12,3
56,40,40,13,486
56,40,40,14,0
56,40,40,15,489
56,40,40,16,0
56,40,40,17,577
56,40,40,18,84
56,40,40,0,0
56,41,41,1,0
56,41,41,2,210
56,41,41,3,8
56,41,41,4,258
56,41,41,5,2
56,41,41,6,137
56,41,41,7,0
56,41,41,8,4
56,41,41,9,1
56,41,41,10,1
56,41,41,11,1
56,41,41,12,5
56,41,41,13,622
56,41,41,14,0
56,41,41,15,627
56,41,41,16,0
56,41,41,17,716
56,41,41,18,86
56,41,41,0,0
56,42,42,1,0
56,42,42,2,263
56,42,42,3,37
56,42,42,4,245
56,42,42,5,1
56,42,42,6,140
56,42,42,7,2
56,42,42,8,2
56,42,42,9,2
56,42,42,10,2
56,42,42,11,1
56,42,42,12,8
56,42,42,13,695
56,42,42,14,0
56,42,42,15,703
56,42,42,16,0
56,42,42,17,813
56,42,42,18,85
56,42,42,0,0
56,43,43,1,0
56,43,43,2,283
56,43,43,3,75
56,43,43,4,291
56,43,43,5,0
56,43,43,6,64
56,43,43,7,1
56,43,43,8,0
56,43,43,9,0
56,43,43,10,1
56,43,43,11,1
56,43,43,12,9
56,43,43,13,716
56,43,43,14,0
56,43,43,15,725
56,43,43,16,0
56,43,43,17,989
56,43,43,18,72
56,43,43,0,0
56,44,44,1,0
56,44,44,2,258
56,44,44,3,14
56,44,44,4,179
56,44,44,5,2
56,44,44,6,160
56,44,44,7,3
56,44,44,8,1
56,44,44,9,4
56,44,44,10,1
56,44,44,11,1
56,44,44,12,5
56,44,44,13,623
56,44,44,14,0
56,44,44,15,628
56,44,44,16,0
56,44,44,17,733
56,44,44,18,84
56,44,44,0,0
56,45,45,1,0
56,45,45,2,307
56,45,45,3,12
56,45,45,4,96
56,45,45,5,4
56,45,45,6,200
56,45,45,7,4
56,45,45,8,6
56,45,45,9,1
56,45,45,10,0
56,45,45,11,4
56,45,45,12,8
56,45,45,13,634
56,45,45,14,0
56,45,45,15,642
56,45,45,16,0
56,45,45,17,741
56,45,45,18,85
56,45,45,0,0
56,46,46,1,0
56,46,46,2,143
56,46,46,3,3
56,46,46,4,249
56,46,46,5,2
56,46,46,6,73
56,46,46,7,0
56,46,46,8,2
56,46,46,9,3
56,46,46,10,1
56,46,46,11,3
56,46,46,12,6
56,46,46,13,479
56,46,46,14,0
56,46,46,15,485
56,46,46,16,0
56,46,46,17,541
56,46,46,18,88
56,46,46,0,0
56,47,47,1,0
56,47,47,2,240
56,47,47,3,11
56,47,47,4,180
56,47,47,5,0
56,47,47,6,90
56,47,47,7,2
56,47,47,8,2
56,47,47,9,1
56,47,47,10,0
56,47,47,11,2
56,47,47,12,4
56,47,47,13,528
56,47,47,14,0
56,47,47,15,532
56,47,47,16,0
56,47,47,17,581
56,47,47,18,90
56,47,47,0,0
56,48,48,1,0
56,48,48,2,0
56,48,48,3,0
56,48,48,4,0
56,48,48,5,0
56,48,48,6,0
56,48,48,7,0
56,48,48,8,0
56,48,48,9,0
56,48,48,10,0
56,48,48,11,0
56,48,48,12,0
56,48,48,13,0
56,48,48,14,0
56,48,48,15,0
56,48,48,16,0
56,48,48,17,0
56,48,48,18,0
56,48,48,0,0
56,48,48,1,0
56,48,48,2,219
56,48,48,3,6
56,48,48,4,209
56,48,48,5,4
56,48,48,6,113
56,48,48,7,1
56,48,48,8,3
56,48,48,9,0
56,48,48,10,2
56,48,48,11,2
56,48,48,12,2
56,48,48,13,559
56,48,48,14,0
56,48,48,15,561
56,48,48,16,0
56,48,48,17,637
56,48,48,18,87
56,48,48,0,0
56,49,49,1,0
56,49,49,2,0
56,49,49,3,0
56,49,49,4,0
56,49,49,5,0
56,49,49,6,0
56,49,49,7,0
56,49,49,8,0
56,49,49,9,0
56,49,49,10,0
56,49,49,11,0
56,49,49,12,0
56,49,49,13,0
56,49,49,14,0
56,49,49,15,0
56,49,49,16,0
56,49,49,17,0
56,49,49,18,0
56,49,49,0,0
56,49,49,1,0
56,49,49,2,125
56,49,49,3,4
56,49,49,4,171
56,49,49,5,3
56,49,49,6,43
56,49,49,7,0
56,49,49,8,0
56,49,49,9,1
56,49,49,10,0
56,49,49,11,2
56,49,49,12,2
56,49,49,13,349
56,49,49,14,0
56,49,49,15,351
56,49,49,16,0
56,49,49,17,401
56,49,49,18,87
56,49,49,0,0
56,50,50,1,0
56,50,50,2,0
56,50,50,3,0
56,50,50,4,0
56,50,50,5,0
56,50,50,6,0
56,50,50,7,0
56,50,50,8,0
56,50,50,9,0
56,50,50,10,0
56,50,50,11,0
56,50,50,12,0
56,50,50,13,0
56,50,50,14,0
56,50,50,15,0
56,50,50,16,0
56,50,50,17,0
56,50,50,18,0
56,50,50,0,0
56,50,50,1,0
56,50,50,2,216
56,50,50,3,6
56,50,50,4,271
56,50,50,5,2
56,50,50,6,145
56,50,50,7,1
56,50,50,8,0
56,50,50,9,2
56,50,50,10,1
56,50,50,11,1
56,50,50,12,1
56,50,50,13,645
56,50,50,14,0
56,50,50,15,646
56,50,50,16,0
56,50,50,17,780
56,50,50,18,82
56,50,50,0,0
56,51,51,1,0
56,51,51,2,0
56,51,51,3,0
56,51,51,4,0
56,51,51,5,0
56,51,51,6,0
56,51,51,7,0
56,51,51,8,0
56,51,51,9,0
56,51,51,10,0
56,51,51,11,0
56,51,51,12,0
56,51,51,13,0
56,51,51,14,0
56,51,51,15,0
56,51,51,16,0
56,51,51,17,0
56,51,51,18,0
56,51,51,0,0
56,51,51,1,0
56,51,51,2,163
56,51,51,3,7
56,51,51,4,241
56,51,51,5,1
56,51,51,6,130
56,51,51,7,1
56,51,51,8,0
56,51,51,9,2
56,51,51,10,4
56,51,51,11,5
56,51,51,12,3
56,51,51,13,554
56,51,51,14,0
56,51,51,15,557
56,51,51,16,0
56,51,51,17,626
56,51,51,18,88
56,51,51,0,0
56,52,52,1,0
56,52,52,2,349
56,52,52,3,10
56,52,52,4,135
56,52,52,5,2
56,52,52,6,60
56,52,52,7,0
56,52,52,8,1
56,52,52,9,0
56,52,52,10,0
56,52,52,11,0
56,52,52,12,3
56,52,52,13,557
56,52,52,14,0
56,52,52,15,560
56,52,52,16,0
56,52,52,17,709
56,52,52,18,78
56,52,52,0,0
56,53,53,1,0
56,53,53,2,302
56,53,53,3,14
56,53,53,4,228
56,53,53,5,2
56,53,53,6,102
56,53,53,7,3
56,53,53,8,1
56,53,53,9,1
56,53,53,10,0
56,53,53,11,1
56,53,53,12,3
56,53,53,13,654
56,53,53,14,0
56,53,53,15,657
56,53,53,16,0
56,53,53,17,760
56,53,53,18,86
56,53,53,0,0
56,54,54,1,0
56,54,54,2,190
56,54,54,3,7
56,54,54,4,206
56,54,54,5,1
56,54,54,6,104
56,54,54,7,0
56,54,54,8,1
56,54,54,9,1
56,54,54,10,0
56,54,54,11,0
56,54,54,12,5
56,54,54,13,510
56,54,54,14,0
56,54,54,15,515
56,54,54,16,0
56,54,54,17,593
56,54,54,18,86
56,54,54,0,0
56,55,55,1,0
56,55,55,2,228
56,55,55,3,6
56,55,55,4,343
56,55,55,5,2
56,55,55,6,130
56,55,55,7,1
56,55,55,8,1
56,55,55,9,0
56,55,55,10,2
56,55,55,11,1
56,55,55,12,8
56,55,55,13,714
56,55,55,14,0
56,55,55,15,722
56,55,55,16,0
56,55,55,17,820
56,55,55,18,87
56,55,55,0,0
56,56,56,1,0
56,56,56,2,374
56,56,56,3,12
56,56,56,4,104
56,56,56,5,0
56,56,56,6,107
56,56,56,7,1
56,56,56,8,3
56,56,56,9,0
56,56,56,10,1
56,56,56,11,0
56,56,56,12,6
56,56,56,13,602
56,56,56,14,0
56,56,56,15,608
56,56,56,16,0
56,56,56,17,662
56,56,56,18,90
56,56,56,0,0
56,57,57,1,0
56,57,57,2,458
56,57,57,3,9
56,57,57,4,161
56,57,57,5,1
56,57,57,6,106
56,57,57,7,1
56,57,57,8,1
56,57,57,9,0
56,57,57,10,0
56,57,57,11,1
56,57,57,12,4
56,57,57,13,738
56,57,57,14,0
56,57,57,15,742
56,57,57,16,0
56,57,57,17,886
56,57,57,18,83
56,57,57,0,0
56,58,58,1,0
56,58,58,2,178
56,58,58,3,10
56,58,58,4,206
56,58,58,5,3
56,58,58,6,59
56,58,58,7,0
56,58,58,8,2
56,58,58,9,0
56,58,58,10,1
56,58,58,11,1
56,58,58,12,5
56,58,58,13,460
56,58,58,14,0
56,58,58,15,465
56,58,58,16,0
56,58,58,17,493
56,58,58,18,93
56,58,58,0,0
56,59,59,1,0
56,59,59,2,133
56,59,59,3,15
56,59,59,4,246
56,59,59,5,3
56,59,59,6,171
56,59,59,7,1
56,59,59,8,1
56,59,59,9,2
56,59,59,10,1
56,59,59,11,0
56,59,59,12,4
56,59,59,13,573
56,59,59,14,0
56,59,59,15,577
56,59,59,16,0
56,59,59,17,650
56,59,59,18,88
56,59,59,0,0
56,60,60,1,0
56,60,60,2,0
56,60,60,3,0
56,60,60,4,0
56,60,60,5,0
56,60,60,6,0
56,60,60,7,0
56,60,60,8,0
56,60,60,9,0
56,60,60,10,0
56,60,60,11,0
56,60,60,12,0
56,60,60,13,0
56,60,60,14,0
56,60,60,15,0
56,60,60,16,0
56,60,60,17,0
56,60,60,18,0
56,60,60,0,0
56,60,60,1,0
56,60,60,2,135
56,60,60,3,9
56,60,60,4,156
56,60,60,5,2
56,60,60,6,120
56,60,60,7,2
56,60,60,8,2
56,60,60,9,1
56,60,60,10,1
56,60,60,11,4
56,60,60,12,0
56,60,60,13,432
56,60,60,14,0
56,60,60,15,432
56,60,60,16,0
56,60,60,17,502
56,60,60,18,86
56,60,60,0,0
56,61,61,1,0
56,61,61,2,0
56,61,61,3,0
56,61,61,4,0
56,61,61,5,0
56,61,61,6,0
56,61,61,7,0
56,61,61,8,0
56,61,61,9,0
56,61,61,10,0
56,61,61,11,0
56,61,61,12,0
56,61,61,13,0
56,61,61,14,0
56,61,61,15,0
56,61,61,16,0
56,61,61,17,0
56,61,61,18,0
56,61,61,0,0
56,61,61,1,0
56,61,61,2,166
56,61,61,3,2
56,61,61,4,221
56,61,61,5,1
56,61,61,6,67
56,61,61,7,1
56,61,61,8,2
56,61,61,9,1
56,61,61,10,6
56,61,61,11,1
56,61,61,12,6
56,61,61,13,468
56,61,61,14,0
56,61,61,15,474
56,61,61,16,0
56,61,61,17,519
56,61,61,18,90
56,61,61,0,0
56,62,62,1,0
56,62,62,2,0
56,62,62,3,0
56,62,62,4,0
56,62,62,5,0
56,62,62,6,0
56,62,62,7,0
56,62,62,8,0
56,62,62,9,0
56,62,62,10,0
56,62,62,11,0
56,62,62,12,0
56,62,62,13,0
56,62,62,14,0
56,62,62,15,0
56,62,62,16,0
56,62,62,17,0
56,62,62,18,0
56,62,62,0,0
56,62,62,1,0
56,62,62,2,189
56,62,62,3,13
56,62,62,4,371
56,62,62,5,1
56,62,62,6,97
56,62,62,7,0
56,62,62,8,2
56,62,62,9,1
56,62,62,10,2
56,62,62,11,2
56,62,62,12,4
56,62,62,13,678
56,62,62,14,0
56,62,62,15,682
56,62,62,16,0
56,62,62,17,761
56,62,62,18,89
56,62,62,0,0
56,63,63,1,0
56,63,63,2,0
56,63,63,3,0
56,63,63,4,0
56,63,63,5,0
56,63,63,6,0
56,63,63,7,0
56,63,63,8,0
56,63,63,9,0
56,63,63,10,0
56,63,63,11,0
56,63,63,12,0
56,63,63,13,0
56,63,63,14,0
56,63,63,15,0
56,63,63,16,0
56,63,63,17,0
56,63,63,18,0
56,63,63,0,0
56,63,63,1,0
56,63,63,2,269
56,63,63,3,22
56,63,63,4,384
56,63,63,5,2
56,63,63,6,133
56,63,63,7,0
56,63,63,8,0
56,63,63,9,1
56,63,63,10,2
56,63,63,11,1
56,63,63,12,7
56,63,63,13,814
56,63,63,14,0
56,63,63,15,821
56,63,63,16,0
56,63,63,17,922
56,63,63,18,88
56,63,63,0,0
56,64,64,1,0
56,64,64,2,169
56,64,64,3,19
56,64,64,4,556
56,64,64,5,5
56,64,64,6,151
56,64,64,7,3
56,64,64,8,5
56,64,64,9,2
56,64,64,10,1
56,64,64,11,2
56,64,64,12,11
56,64,64,13,913
56,64,64,14,0
56,64,64,15,924
56,64,64,16,0
56,64,64,17,1058
56,64,64,18,86
56,64,64,0,0
56,65,65,1,0
56,65,65,2,261
56,65,65,3,8
56,65,65,4,356
56,65,65,5,4
56,65,65,6,120
56,65,65,7,0
56,65,65,8,2
56,65,65,9,2
56,65,65,10,4
56,65,65,11,2
56,65,65,12,3
56,65,65,13,759
56,65,65,14,0
56,65,65,15,762
56,65,65,16,0
56,65,65,17,848
56,65,65,18,89
56,65,65,0,0
56,66,66,1,0
56,66,66,2,54
56,66,66,3,2
56,66,66,4,162
56,66,66,5,1
56,66,66,6,58
56,66,66,7,2
56,66,66,8,3
56,66,66,9,0
56,66,66,10,1
56,66,66,11,3
56,66,66,12,1
56,66,66,13,286
56,66,66,14,0
56,66,66,15,287
56,66,66,16,0
56,66,66,17,305
56,66,66,18,93
56,66,66,0,0
56,67,67,1,0
56,67,67,2,173
56,67,67,3,8
56,67,67,4,368
56,67,67,5,6
56,67,67,6,52
56,67,67,7,0
56,67,67,8,5
56,67,67,9,5
56,67,67,10,3
56,67,67,11,1
56,67,67,12,6
56,67,67,13,621
56,67,67,14,0
56,67,67,15,627
56,67,67,16,0
56,67,67,17,770
56,67,67,18,80
56,67,67,0,0
56,68,68,1,0
56,68,68,2,202
56,68,68,3,13
56,68,68,4,456
56,68,68,5,9
56,68,68,6,108
56,68,68,7,3
56,68,68,8,12
56,68,68,9,1
56,68,68,10,4
56,68,68,11,1
56,68,68,12,4
56,68,68,13,809
56,68,68,14,0
56,68,68,15,813
56,68,68,16,0
56,68,68,17,894
56,68,68,18,90
56,68,68,0,0
56,69,69,1,0
56,69,69,2,275
56,69,69,3,35
56,69,69,4,220
56,69,69,5,4
56,69,69,6,161
56,69,69,7,1
56,69,69,8,0
56,69,69,9,0
56,69,69,10,1
56,69,69,11,0
56,69,69,12,1
56,69,69,13,697
56,69,69,14,0
56,69,69,15,698
56,69,69,16,0
56,69,69,17,780
56,69,69,18,89
56,69,69,0,0
56,70,70,1,0
56,70,70,2,205
56,70,70,3,13
56,70,70,4,389
56,70,70,5,1
56,70,70,6,95
56,70,70,7,0
56,70,70,8,2
56,70,70,9,5
56,70,70,10,3
56,70,70,11,1
56,70,70,12,9
56,70,70,13,714
56,70,70,14,0
56,70,70,15,723
56,70,70,16,0
56,70,70,17,811
56,70,70,18,88
56,70,70,0,0
56,71,71,1,0
56,71,71,2,368
56,71,71,3,11
56,71,71,4,310
56,71,71,5,4
56,71,71,6,187
56,71,71,7,7
56,71,71,8,1
56,71,71,9,1
56,71,71,10,1
56,71,71,11,2
56,71,71,12,7
56,71,71,13,892
56,71,71,14,0
56,71,71,15,899
56,71,71,16,0
56,71,71,17,959
56,71,71,18,93
56,71,71,0,0
56,72,72,1,0
56,72,72,2,0
56,72,72,3,0
56,72,72,4,0
56,72,72,5,0
56,72,72,6,0
56,72,72,7,0
56,72,72,8,0
56,72,72,9,0
56,72,72,10,0
56,72,72,11,0
56,72,72,12,0
56,72,72,13,0
56,72,72,14,0
56,72,72,15,0
56,72,72,16,0
56,72,72,17,0
56,72,72,18,0
56,72,72,0,0
56,72,72,1,0
56,72,72,2,489
56,72,72,3,11
56,72,72,4,213
56,72,72,5,2
56,72,72,6,227
56,72,72,7,3
56,72,72,8,4
56,72,72,9,1
56,72,72,10,2
56,72,72,11,3
56,72,72,12,7
56,72,72,13,955
56,72,72,14,0
56,72,72,15,962
56,72,72,16,0
56,72,72,17,1088
56,72,72,18,87
56,72,72,0,0
56,73,73,1,0
56,73,73,2,0
56,73,73,3,0
56,73,73,4,0
56,73,73,5,0
56,73,73,6,0
56,73,73,7,0
56,73,73,8,0
56,73,73,9,0
56,73,73,10,0
56,73,73,11,0
56,73,73,12,0
56,73,73,13,0
56,73,73,14,0
56,73,73,15,0
56,73,73,16,0
56,73,73,17,0
56,73,73,18,0
56,73,73,0,0
56,73,73,1,0
56,73,73,2,116
56,73,73,3,8
56,73,73,4,376
56,73,73,5,4
56,73,73,6,88
56,73,73,7,2
56,73,73,8,3
56,73,73,9,2
56,73,73,10,1
56,73,73,11,0
56,73,73,12,3
56,73,73,13,600
56,73,73,14,0
56,73,73,15,603
56,73,73,16,0
56,73,73,17,664
56,73,73,18,90
56,73,73,0,0
56,74,74,1,0
56,74,74,2,0
56,74,74,3,0
56,74,74,4,0
56,74,74,5,0
56,74,74,6,0
56,74,74,7,0
56,74,74,8,0
56,74,74,9,0
56,74,74,10,0
56,74,74,11,0
56,74,74,12,0
56,74,74,13,0
56,74,74,14,0
56,74,74,15,0
56,74,74,16,0
56,74,74,17,0
56,74,74,18,0
56,74,74,0,0
56,74,74,1,0
56,74,74,2,227
56,74,74,3,20
56,74,74,4,17
56,74,74,5,2
56,74,74,6,223
56,74,74,7,1
56,74,74,8,0
56,74,74,9,0
56,74,74,10,1
56,74,74,11,3
56,74,74,12,1
56,74,74,13,494
56,74,74,14,0
56,74,74,15,495
56,74,74,16,0
56,74,74,17,577
56,74,74,18,85
56,74,74,0,0
56,75,75,1,0
56,75,75,2,0
56,75,75,3,0
56,75,75,4,0
56,75,75,5,0
56,75,75,6,0
56,75,75,7,0
56,75,75,8,0
56,75,75,9,0
56,75,75,10,0
56,75,75,11,0
56,75,75,12,0
56,75,75,13,0
56,75,75,14,0
56,75,75,15,0
56,75,75,16,0
56,75,75,17,0
56,75,75,18,0
56,75,75,0,0
56,75,75,1,0
56,75,75,2,174
56,75,75,3,13
56,75,75,4,212
56,75,75,5,2
56,75,75,6,110
56,75,75,7,1
56,75,75,8,1
56,75,75,9,0
56,75,75,10,2
56,75,75,11,1
56,75,75,12,2
56,75,75,13,516
56,75,75,14,0
56,75,75,15,518
56,75,75,16,0
56,75,75,17,617
56,75,75,18,83
56,75,75,0,0
56,76,76,1,0
56,76,76,2,279
56,76,76,3,9
56,76,76,4,341
56,76,76,5,4
56,76,76,6,70
56,76,76,7,1
56,76,76,8,2
56,76,76,9,0
56,76,76,10,2
56,76,76,11,3
56,76,76,12,2
56,76,76,13,711
56,76,76,14,0
56,76,76,15,713
56,76,76,16,0
56,76,76,17,781
56,76,76,18,91
56,76,76,0,0
56,77,77,1,0
56,77,77,2,324
56,77,77,3,1
56,77,77,4,163
56,77,77,5,1
56,77,77,6,46
56,77,77,7,1
56,77,77,8,0
56,77,77,9,0
56,77,77,10,0
56,77,77,11,0
56,77,77,12,0
56,77,77,13,536
56,77,77,14,0
56,77,77,15,536
56,77,77,16,0
56,77,77,17,603
56,77,77,18,88
56,77,77,0,0
56,78,78,1,0
56,78,78,2,177
56,78,78,3,13
56,78,78,4,403
56,78,78,5,2
56,78,78,6,195
56,78,78,7,0
56,78,78,8,2
56,78,78,9,0
56,78,78,10,0
56,78,78,11,2
56,78,78,12,1
56,78,78,13,794
56,78,78,14,0
56,78,78,15,795
56,78,78,16,0
56,78,78,17,930
56,78,78,18,85
56,78,78,0,0
56,79,79,1,0
56,79,79,2,100
56,79,79,3,2
56,79,79,4,143
56,79,79,5,2
56,79,79,6,40
56,79,79,7,1
56,79,79,8,1
56,79,79,9,2
56,79,79,10,3
56,79,79,11,1
56,79,79,12,1
56,79,79,13,295
56,79,79,14,0
56,79,79,15,296
56,79,79,16,0
56,79,79,17,330
56,79,79,18,89
56,79,79,0,0
56,80,80,1,0
56,80,80,2,119
56,80,80,3,8
56,80,80,4,224
56,80,80,5,2
56,80,80,6,137
56,80,80,7,0
56,80,80,8,2
56,80,80,9,0
56,80,80,10,0
56,80,80,11,0
56,80,80,12,2
56,80,80,13,492
56,80,80,14,0
56,80,80,15,494
56,80,80,16,0
56,80,80,17,550
56,80,80,18,89
56,80,80,0,0
56,81,81,1,0
56,81,81,2,154
56,81,81,3,3
56,81,81,4,195
56,81,81,5,1
56,81,81,6,84
56,81,81,7,1
56,81,81,8,0
56,81,81,9,2
56,81,81,10,4
56,81,81,11,3
56,81,81,12,8
56,81,81,13,447
56,81,81,14,0
56,81,81,15,455
56,81,81,16,0
56,81,81,17,506
56,81,81,18,88
56,81,81,0,0
56,82,82,1,0
56,82,82,2,77
56,82,82,3,7
56,82,82,4,245
56,82,82,5,2
56,82,82,6,102
56,82,82,7,2
56,82,82,8,1
56,82,82,9,0
56,82,82,10,3
56,82,82,11,2
56,82,82,12,3
56,82,82,13,441
56,82,82,14,0
56,82,82,15,444
56,82,82,16,0
56,82,82,17,461
56,82,82,18,95
56,82,82,0,0
56,83,83,1,0
56,83,83,2,159
56,83,83,3,15
56,83,83,4,347
56,83,83,5,10
56,83,83,6,171
56,83,83,7,1
56,83,83,8,4
56,83,83,9,3
56,83,83,10,1
56,83,83,11,1
56,83,83,12,12
56,83,83,13,712
56,83,83,14,0
56,83,83,15,724
56,83,83,16,0
56,83,83,17,810
56,83,83,18,87
56,83,83,0,0
56,84,84,1,0
56,84,84,2,0
56,84,84,3,0
56,84,84,4,0
56,84,84,5,0
56,84,84,6,0
56,84,84,7,0
56,84,84,8,0
56,84,84,9,0
56,84,84,10,0
56,84,84,11,0
56,84,84,12,0
56,84,84,13,0
56,84,84,14,0
56,84,84,15,0
56,84,84,16,0
56,84,84,17,0
56,84,84,18,0
56,84,84,0,0
56,84,84,1,0
56,84,84,2,214
56,84,84,3,45
56,84,84,4,469
56,84,84,5,2
56,84,84,6,118
56,84,84,7,1
56,84,84,8,4
56,84,84,9,0
56,84,84,10,2
56,84,84,11,1
56,84,84,12,5
56,84,84,13,856
56,84,84,14,0
56,84,84,15,861
56,84,84,16,0
56,84,84,17,944
56,84,84,18,90
56,84,84,0,0
56,85,85,1,0
56,85,85,2,0
56,85,85,3,0
56,85,85,4,0
56,85,85,5,0
56,85,85,6,0
56,85,85,7,0
56,85,85,8,0
56,85,85,9,0
56,85,85,10,0
56,85,85,11,0
56,85,85,12,0
56,85,85,13,0
56,85,85,14,0
56,85,85,15,0
56,85,85,16,0
56,85,85,17,0
56,85,85,18,0
56,85,85,0,0
56,85,85,1,0
56,85,85,2,145
56,85,85,3,6
56,85,85,4,274
56,85,85,5,2
56,85,85,6,59
56,85,85,7,0
56,85,85,8,1
56,85,85,9,0
56,85,85,10,1
56,85,85,11,1
56,85,85,12,1
56,85,85,13,489
56,85,85,14,0
56,85,85,15,490
56,85,85,16,0
56,85,85,17,564
56,85,85,18,86
56,85,85,0,0
56,86,86,1,0
56,86,86,2,0
56,86,86,3,0
56,86,86,4,0
56,86,86,5,0
56,86,86,6,0
56,86,86,7,0
56,86,86,8,0
56,86,86,9,0
56,86,86,10,0
56,86,86,11,0
56,86,86,12,0
56,86,86,13,0
56,86,86,14,0
56,86,86,15,0
56,86,86,16,0
56,86,86,17,0
56,86,86,18,0
56,86,86,0,0
56,86,86,1,0
56,86,86,2,149
56,86,86,3,10
56,86,86,4,243
56,86,86,5,5
56,86,86,6,72
56,86,86,7,2
56,86,86,8,2
56,86,86,9,1
56,86,86,10,3
56,86,86,11,3
56,86,86,12,5
56,86,86,13,490
56,86,86,14,0
56,86,86,15,495
56,86,86,16,0
56,86,86,17,583
56,86,86,18,84
56,86,86,0,0
56,87,87,1,0
56,87,87,2,0
56,87,87,3,0
56,87,87,4,0
56,87,87,5,0
56,87,87,6,0
56,87,87,7,0
56,87,87,8,0
56,87,87,9,0
56,87,87,10,0
56,87,87,11,0
56,87,87,12,0
56,87,87,13,0
56,87,87,14,0
56,87,87,15,0
56,87,87,16,0
56,87,87,17,0
56,87,87,18,0
56,87,87,0,0
56,87,87,1,0
56,87,87,2,122
56,87,87,3,9
56,87,87,4,255
56,87,87,5,4
56,87,87,6,111
56,87,87,7,0
56,87,87,8,15
56,87,87,9,0
56,87,87,10,2
56,87,87,11,1
56,87,87,12,3
56,87,87,13,519
56,87,87,14,0
56,87,87,15,522
56,87,87,16,0
56,87,87,17,553
56,87,87,18,93
56,87,87,0,0
56,88,88,1,0
56,88,88,2,144
56,88,88,3,1
56,88,88,4,257
56,88,88,5,0
56,88,88,6,44
56,88,88,7,2
56,88,88,8,0
56,88,88,9,3
56,88,88,10,3
56,88,88,11,4
56,88,88,12,5
56,88,88,13,458
56,88,88,14,0
56,88,88,15,463
56,88,88,16,0
56,88,88,17,544
56,88,88,18,84
56,88,88,0,0
56,89,89,1,0
56,89,89,2,126
56,89,89,3,5
56,89,89,4,271
56,89,89,5,0
56,89,89,6,44
56,89,89,7,0
56,89,89,8,1
56,89,89,9,0
56,89,89,10,3
56,89,89,11,2
56,89,89,12,6
56,89,89,13,452
56,89,89,14,0
56,89,89,15,458
56,89,89,16,0
56,89,89,17,546
56,89,89,18,82
56,89,89,0,0
56,90,90,1,0
56,90,90,2,297
56,90,90,3,8
56,90,90,4,229
56,90,90,5,2
56,90,90,6,67
56,90,90,7,2
56,90,90,8,1
56,90,90,9,1
56,90,90,10,3
56,90,90,11,3
56,90,90,12,6
56,90,90,13,613
56,90,90,14,0
56,90,90,15,619
56,90,90,16,0
56,90,90,17,651
56,90,90,18,94
56,90,90,0,0
56,91,91,1,0
56,91,91,2,217
56,91,91,3,10
56,91,91,4,383
56,91,91,5,0
56,91,91,6,92
56,91,91,7,1
56,91,91,8,2
56,91,91,9,0
56,91,91,10,1
56,91,91,11,2
56,91,91,12,5
56,91,91,13,708
56,91,91,14,0
56,91,91,15,713
56,91,91,16,0
56,91,91,17,955
56,91,91,18,74
56,91,91,0,0
56,92,92,1,0
56,92,92,2,239
56,92,92,3,9
56,92,92,4,116
56,92,92,5,1
56,92,92,6,60
56,92,92,7,3
56,92,92,8,1
56,92,92,9,0
56,92,92,10,3
56,92,92,11,1
56,92,92,12,5
56,92,92,13,433
56,92,92,14,0
56,92,92,15,438
56,92,92,16,0
56,92,92,17,669
56,92,92,18,64
56,92,92,0,0
56,93,93,1,0
56,93,93,2,642
56,93,93,3,3
56,93,93,4,3
56,93,93,5,3
56,93,93,6,15
56,93,93,7,1
56,93,93,8,1
56,93,93,9,2
56,93,93,10,0
56,93,93,11,1
56,93,93,12,2
56,93,93,13,671
56,93,93,14,0
56,93,93,15,673
56,93,93,16,0
56,93,93,17,891
56,93,93,18,75
56,93,93,0,0
56,94,94,1,0
56,94,94,2,586
56,94,94,3,5
56,94,94,4,77
56,94,94,5,1
56,94,94,6,59
56,94,94,7,3
56,94,94,8,0
56,94,94,9,1
56,94,94,10,1
56,94,94,11,0
56,94,94,12,3
56,94,94,13,733
56,94,94,14,0
56,94,94,15,736
56,94,94,16,0
56,94,94,17,909
56,94,94,18,80
56,94,94,0,0
56,95,95,1,0
56,95,95,2,389
56,95,95,3,4
56,95,95,4,236
56,95,95,5,0
56,95,95,6,58
56,95,95,7,0
56,95,95,8,2
56,95,95,9,1
56,95,95,10,0
56,95,95,11,2
56,95,95,12,5
56,95,95,13,692
56,95,95,14,0
56,95,95,15,697
56,95,95,16,0
56,95,95,17,928
56,95,95,18,74
56,95,95,0,0
56,96,96,1,0
56,96,96,2,0
56,96,96,3,0
56,96,96,4,0
56,96,96,5,0
56,96,96,6,0
56,96,96,7,0
56,96,96,8,0
56,96,96,9,0
56,96,96,10,0
56,96,96,11,0
56,96,96,12,0
56,96,96,13,0
56,96,96,14,0
56,96,96,15,0
56,96,96,16,0
56,96,96,17,0
56,96,96,18,0
56,96,96,0,0
56,96,96,1,0
56,96,96,2,300
56,96,96,3,3
56,96,96,4,211
56,96,96,5,0
56,96,96,6,89
56,96,96,7,2
56,96,96,8,1
56,96,96,9,0
56,96,96,10,3
56,96,96,11,0
56,96,96,12,2
56,96,96,13,609
56,96,96,14,0
56,96,96,15,611
56,96,96,16,0
56,96,96,17,780
56,96,96,18,78
56,96,96,0,0
56,97,97,1,0
56,97,97,2,0
56,97,97,3,0
56,97,97,4,0
56,97,97,5,0
56,97,97,6,0
56,97,97,7,0
56,97,97,8,0
56,97,97,9,0
56,97,97,10,0
56,97,97,11,0
56,97,97,12,0
56,97,97,13,0
56,97,97,14,0
56,97,97,15,0
56,97,97,16,0
56,97,97,17,0
56,97,97,18,0
56,97,97,0,0
56,97,97,1,0
56,97,97,2,296
56,97,97,3,1
56,97,97,4,384
56,97,97,5,4
56,97,97,6,57
56,97,97,7,0
56,97,97,8,0
56,97,97,9,0
56,97,97,10,3
56,97,97,11,1
56,97,97,12,1
56,97,97,13,746
56,97,97,14,0
56,97,97,15,747
56,97,97,16,0
56,97,97,17,820
56,97,97,18,90
56,97,97,0,0
56,98,98,1,0
56,98,98,2,0
56,98,98,3,0
56,98,98,4,0
56,98,98,5,0
56,98,98,6,0
56,98,98,7,0
56,98,98,8,0
56,98,98,9,0
56,98,98,10,0
56,98,98,11,0
56,98,98,12,0
56,98,98,13,0
56,98,98,14,0
56,98,98,15,0
56,98,98,16,0
56,98,98,17,0
56,98,98,18,0
56,98,98,0,0
56,98,98,1,0
56,98,98,2,185
56,98,98,3,7
56,98,98,4,171
56,98,98,5,1
56,98,98,6,65
56,98,98,7,0
56,98,98,8,1
56,98,98,9,1
56,98,98,10,1
56,98,98,11,1
56,98,98,12,3
56,98,98,13,433
56,98,98,14,0
56,98,98,15,436
56,98,98,16,0
56,98,98,17,476
56,98,98,18,90
56,98,98,0,0
56,99,99,1,0
56,99,99,2,0
56,99,99,3,0
56,99,99,4,0
56,99,99,5,0
56,99,99,6,0
56,99,99,7,0
56,99,99,8,0
56,99,99,9,0
56,99,99,10,0
56,99,99,11,0
56,99,99,12,0
56,99,99,13,0
56,99,99,14,0
56,99,99,15,0
56,99,99,16,0
56,99,99,17,0
56,99,99,18,0
56,99,99,0,0
56,99,99,1,0
56,99,99,2,351
56,99,99,3,3
56,99,99,4,125
56,99,99,5,2
56,99,99,6,44
56,99,99,7,1
56,99,99,8,1
56,99,99,9,2
56,99,99,10,1
56,99,99,11,0
56,99,99,12,6
56,99,99,13,530
56,99,99,14,0
56,99,99,15,536
56,99,99,16,0
56,99,99,17,674
56,99,99,18,78
56,99,99,0,0
56,100,100,1,0
56,100,100,2,341
56,100,100,3,6
56,100,100,4,86
56,100,100,5,1
56,100,100,6,53
56,100,100,7,0
56,100,100,8,1
56,100,100,9,2
56,100,100,10,1
56,100,100,11,4
56,100,100,12,2
56,100,100,13,495
56,100,100,14,0
56,100,100,15,497
56,100,100,16,0
56,100,100,17,566
56,100,100,18,87
56,100,100,0,0
56,101,101,1,0
56,101,101,2,384
56,101,101,3,18
56,101,101,4,277
56,101,101,5,9
56,101,101,6,267
56,101,101,7,2
56,101,101,8,4
56,101,101,9,0
56,101,101,10,5
56,101,101,11,5
56,101,101,12,8
56,101,101,13,971
56,101,101,14,0
56,101,101,15,979
56,101,101,16,0
56,101,101,17,1095
56,101,101,18,88
56,101,101,0,0
56,102,102,1,0
56,102,102,2,421
56,102,102,3,7
56,102,102,4,243
56,102,102,5,4
56,102,102,6,220
56,102,102,7,3
56,102,102,8,6
56,102,102,9,1
56,102,102,10,2
56,102,102,11,3
56,102,102,12,4
56,102,102,13,910
56,102,102,14,0
56,102,102,15,914
56,102,102,16,0
56,102,102,17,1019
56,102,102,18,89
56,102,102,0,0
56,103,103,1,0
56,103,103,2,239
56,103,103,3,7
56,103,103,4,287
56,103,103,5,3
56,103,103,6,75
56,103,103,7,2
56,103,103,8,2
56,103,103,9,1
56,103,103,10,2
56,103,103,11,0
56,103,103,12,1
56,103,103,13,618
56,103,103,14,0
56,103,103,15,619
56,103,103,16,0
56,103,103,17,662
56,103,103,18,93
56,103,103,0,0
56,104,104,1,0
56,104,104,2,477
56,104,104,3,6
56,104,104,4,248
56,104,104,5,4
56,104,104,6,62
56,104,104,7,3
56,104,104,8,0
56,104,104,9,0
56,104,104,10,2
56,104,104,11,1
56,104,104,12,5
56,104,104,13,803
56,104,104,14,0
56,104,104,15,808
56,104,104,16,0
56,104,104,17,973
56,104,104,18,82
56,104,104,0,0
56,105,105,1,0
56,105,105,2,470
56,105,105,3,10
56,105,105,4,274
56,105,105,5,4
56,105,105,6,225
56,105,105,7,2
56,105,105,8,3
56,105,105,9,1
56,105,105,10,2
56,105,105,11,3
56,105,105,12,7
56,105,105,13,994
56,105,105,14,0
56,105,105,15,1001
56,105,105,16,0
56,105,105,17,1131
56,105,105,18,87
56,105,105,0,0
56,106,106,1,0
56,106,106,2,207
56,106,106,3,12
56,106,106,4,178
56,106,106,5,1
56,106,106,6,54
56,106,106,7,1
56,106,106,8,1
56,106,106,9,1
56,106,106,10,1
56,106,106,11,1
56,106,106,12,3
56,106,106,13,457
56,106,106,14,0
56,106,106,15,460
56,106,106,16,0
56,106,106,17,523
56,106,106,18,87
56,106,106,0,0
56,107,107,1,0
56,107,107,2,130
56,107,107,3,10
56,107,107,4,187
56,107,107,5,5
56,107,107,6,89
56,107,107,7,2
56,107,107,8,1
56,107,107,9,0
56,107,107,10,1
56,107,107,11,3
56,107,107,12,7
56,107,107,13,428
56,107,107,14,0
56,107,107,15,435
56,107,107,16,0
56,107,107,17,473
56,107,107,18,90
56,107,107,0,0
56,108,108,1,0
56,108,108,2,0
56,108,108,3,0
56,108,108,4,0
56,108,108,5,0
56,108,108,6,0
56,108,108,7,0
56,108,108,8,0
56,108,108,9,0
56,108,108,10,0
56,108,108,11,0
56,108,108,12,0
56,108,108,13,0
56,108,108,14,0
56,108,108,15,0
56,108,108,16,0
56,108,108,17,0
56,108,108,18,0
56,108,108,0,0
56,108,108,1,0
56,108,108,2,303
56,108,108,3,8
56,108,108,4,249
56,108,108,5,6
56,108,108,6,170
56,108,108,7,5
56,108,108,8,1
56,108,108,9,0
56,108,108,10,2
56,108,108,11,3
56,108,108,12,7
56,108,108,13,747
56,108,108,14,0
56,108,108,15,754
56,108,108,16,0
56,108,108,17,831
56,108,108,18,89
56,108,108,0,0
56,109,109,1,0
56,109,109,2,0
56,109,109,3,0
56,109,109,4,0
56,109,109,5,0
56,109,109,6,0
56,109,109,7,0
56,109,109,8,0
56,109,109,9,0
56,109,109,10,0
56,109,109,11,0
56,109,109,12,0
56,109,109,13,0
56,109,109,14,0
56,109,109,15,0
56,109,109,16,0
56,109,109,17,0
56,109,109,18,0
56,109,109,0,0
56,109,109,1,0
56,109,109,2,180
56,109,109,3,5
56,109,109,4,129
56,109,109,5,3
56,109,109,6,84
56,109,109,7,1
56,109,109,8,2
56,109,109,9,1
56,109,109,10,1
56,109,109,11,1
56,109,109,12,2
56,109,109,13,407
56,109,109,14,0
56,109,109,15,409
56,109,109,16,0
56,109,109,17,462
56,109,109,18,88
56,109,109,0,0
56,110,110,1,0
56,110,110,2,0
56,110,110,3,0
56,110,110,4,0
56,110,110,5,0
56,110,110,6,0
56,110,110,7,0
56,110,110,8,0
56,110,110,9,0
56,110,110,10,0
56,110,110,11,0
56,110,110,12,0
56,110,110,13,0
56,110,110,14,0
56,110,110,15,0
56,110,110,16,0
56,110,110,17,0
56,110,110,18,0
56,110,110,0,0
56,110,110,1,0
56,110,110,2,360
56,110,110,3,18
56,110,110,4,268
56,110,110,5,3
56,110,110,6,136
56,110,110,7,1
56,110,110,8,6
56,110,110,9,0
56,110,110,10,2
56,110,110,11,1
56,110,110,12,10
56,110,110,13,795
56,110,110,14,0
56,110,110,15,805
56,110,110,16,0
56,110,110,17,885
56,110,110,18,89
56,110,110,0,0
56,111,111,1,0
56,111,111,2,0
56,111,111,3,0
56,111,111,4,0
56,111,111,5,0
56,111,111,6,0
56,111,111,7,0
56,111,111,8,0
56,111,111,9,0
56,111,111,10,0
56,111,111,11,0
56,111,111,12,0
56,111,111,13,0
56,111,111,14,0
56,111,111,15,0
56,111,111,16,0
56,111,111,17,0
56,111,111,18,0
56,111,111,0,0
56,111,111,1,0
56,111,111,2,250
56,111,111,3,12
56,111,111,4,389
56,111,111,5,5
56,111,111,6,135
56,111,111,7,0
56,111,111,8,2
56,111,111,9,0
56,111,111,10,2
56,111,111,11,4
56,111,111,12,7
56,111,111,13,799
56,111,111,14,0
56,111,111,15,806
56,111,111,16,0
56,111,111,17,957
56,111,111,18,83
56,111,111,0,0
56,112,112,1,0
56,112,112,2,339
56,112,112,3,16
56,112,112,4,247
56,112,112,5,2
56,112,112,6,173
56,112,112,7,1
56,112,112,8,1
56,112,112,9,0
56,112,112,10,1
56,112,112,11,2
56,112,112,12,3
56,112,112,13,782
56,112,112,14,0
56,112,112,15,785
56,112,112,16,0
56,112,112,17,974
56,112,112,18,80
56,112,112,0,0
56,113,113,1,0
56,113,113,2,235
56,113,113,3,13
56,113,113,4,332
56,113,113,5,1
56,113,113,6,96
56,113,113,7,1
56,113,113,8,1
56,113,113,9,1
56,113,113,10,1
56,113,113,11,2
56,113,113,12,5
56,113,113,13,683
56,113,113,14,0
56,113,113,15,688
56,113,113,16,0
56,113,113,17,864
56,113,113,18,79
56,113,113,0,0
56,114,114,1,0
56,114,114,2,260
56,114,114,3,5
56,114,114,4,127
56,114,114,5,1
56,114,114,6,103
56,114,114,7,1
56,114,114,8,1
56,114,114,9,0
56,114,114,10,0
56,114,114,11,1
56,114,114,12,9
56,114,114,13,499
56,114,114,14,0
56,114,114,15,508
56,114,114,16,0
56,114,114,17,650
56,114,114,18,76
56,114,114,0,0
56,115,115,1,0
56,115,115,2,318
56,115,115,3,24
56,115,115,4,173
56,115,115,5,4
56,115,115,6,153
56,115,115,7,1
56,115,115,8,5
56,115,115,9,0
56,115,115,10,0
56,115,115,11,3
56,115,115,12,7
56,115,115,13,681
56,115,115,14,0
56,115,115,15,688
56,115,115,16,0
56,115,115,17,854
56,115,115,18,79
56,115,115,0,0
56,116,116,1,0
56,116,116,2,181
56,116,116,3,19
56,116,116,4,121
56,116,116,5,6
56,116,116,6,221
56,116,116,7,4
56,116,116,8,4
56,116,116,9,2
56,116,116,10,2
56,116,116,11,3
56,116,116,12,9
56,116,116,13,563
56,116,116,14,0
56,116,116,15,572
56,116,116,16,0
56,116,116,17,701
56,116,116,18,80
56,116,116,0,0
56,117,117,1,0
56,117,117,2,397
56,117,117,3,19
56,117,117,4,226
56,117,117,5,2
56,117,117,6,240
56,117,117,7,2
56,117,117,8,4
56,117,117,9,0
56,117,117,10,5
56,117,117,11,4
56,117,117,12,8
56,117,117,13,899
56,117,117,14,0
56,117,117,15,907
56,117,117,16,0
56,117,117,17,1017
56,117,117,18,88
56,117,117,0,0
56,118,118,1,0
56,118,118,2,184
56,118,118,3,6
56,118,118,4,194
56,118,118,5,5
56,118,118,6,118
56,118,118,7,0
56,118,118,8,2
56,118,118,9,1
56,118,118,10,0
56,118,118,11,0
56,118,118,12,2
56,118,118,13,510
56,118,118,14,0
56,118,118,15,512
56,118,118,16,3
56,118,118,17,545
56,118,118,18,93
56,118,118,0,0
56,119,119,1,0
56,119,119,2,363
56,119,119,3,9
56,119,119,4,264
56,119,119,5,2
56,119,119,6,138
56,119,119,7,0
56,119,119,8,1
56,119,119,9,0
56,119,119,10,3
56,119,119,11,1
56,119,119,12,5
56,119,119,13,781
56,119,119,14,0
56,119,119,15,786
56,119,119,16,0
56,119,119,17,890
56,119,119,18,87
56,119,119,0,0
56,120,120,1,0
56,120,120,2,0
56,120,120,3,0
56,120,120,4,0
56,120,120,5,0
56,120,120,6,0
56,120,120,7,0
56,120,120,8,0
56,120,120,9,0
56,120,120,10,0
56,120,120,11,0
56,120,120,12,0
56,120,120,13,0
56,120,120,14,0
56,120,120,15,0
56,120,120,16,0
56,120,120,17,0
56,120,120,18,0
56,120,120,0,0
56,120,120,1,0
56,120,120,2,253
56,120,120,3,7
56,120,120,4,270
56,120,120,5,2
56,120,120,6,68
56,120,120,7,1
56,120,120,8,5
56,120,120,9,3
56,120,120,10,5
56,120,120,11,2
56,120,120,12,4
56,120,120,13,616
56,120,120,14,0
56,120,120,15,620
56,120,120,16,0
56,120,120,17,712
56,120,120,18,86
56,120,120,0,0
56,121,121,1,0
56,121,121,2,0
56,121,121,3,0
56,121,121,4,0
56,121,121,5,0
56,121,121,6,0
56,121,121,7,0
56,121,121,8,0
56,121,121,9,0
56,121,121,10,0
56,121,121,11,0
56,121,121,12,0
56,121,121,13,0
56,121,121,14,0
56,121,121,15,0
56,121,121,16,0
56,121,121,17,0
56,121,121,18,0
56,121,121,0,0
56,121,121,1,0
56,121,121,2,268
56,121,121,3,3
56,121,121,4,105
56,121,121,5,2
56,121,121,6,92
56,121,121,7,0
56,121,121,8,3
56,121,121,9,0
56,121,121,10,1
56,121,121,11,6
56,121,121,12,5
56,121,121,13,480
56,121,121,14,0
56,121,121,15,485
56,121,121,16,0
56,121,121,17,532
56,121,121,18,90
56,121,121,0,0
56,122,122,1,0
56,122,122,2,0
56,122,122,3,0
56,122,122,4,0
56,122,122,5,0
56,122,122,6,0
56,122,122,7,0
56,122,122,8,0
56,122,122,9,0
56,122,122,10,0
56,122,122,11,0
56,122,122,12,0
56,122,122,13,0
56,122,122,14,0
56,122,122,15,0
56,122,122,16,0
56,122,122,17,0
56,122,122,18,0
56,122,122,0,0
56,122,122,1,0
56,122,122,2,235
56,122,122,3,10
56,122,122,4,368
56,122,122,5,14
56,122,122,6,138
56,122,122,7,3
56,122,122,8,9
56,122,122,9,7
56,122,122,10,5
56,122,122,11,7
56,122,122,12,13
56,122,122,13,796
56,122,122,14,0
56,122,122,15,809
56,122,122,16,0
56,122,122,17,960
56,122,122,18,82
56,122,122,0,0
56,123,123,1,0
56,123,123,2,0
56,123,123,3,0
56,123,123,4,0
56,123,123,5,0
56,123,123,6,0
56,123,123,7,0
56,123,123,8,0
56,123,123,9,0
56,123,123,10,0
56,123,123,11,0
56,123,123,12,0
56,123,123,13,0
56,123,123,14,0
56,123,123,15,0
56,123,123,16,0
56,123,123,17,0
56,123,123,18,0
56,123,123,0,0
56,123,123,1,0
56,123,123,2,358
56,123,123,3,6
56,123,123,4,231
56,123,123,5,5
56,123,123,6,233
56,123,123,7,5
56,123,123,8,2
56,123,123,9,1
56,123,123,10,1
56,123,123,11,2
56,123,123,12,8
56,123,123,13,844
56,123,123,14,0
56,123,123,15,852
56,123,123,16,0
56,123,123,17,985
56,123,123,18,85
56,123,123,0,0
56,124,124,1,0
56,124,124,2,285
56,124,124,3,14
56,124,124,4,349
56,124,124,5,5
56,124,124,6,277
56,124,124,7,4
56,124,124,8,5
56,124,124,9,0
56,124,124,10,7
56,124,124,11,4
56,124,124,12,12
56,124,124,13,950
56,124,124,14,0
56,124,124,15,962
56,124,124,16,0
56,124,124,17,1133
56,124,124,18,83
56,124,124,0,0
56,125,125,1,0
56,125,125,2,321
56,125,125,3,11
56,125,125,4,281
56,125,125,5,4
56,125,125,6,84
56,125,125,7,2
56,125,125,8,0
56,125,125,9,2
56,125,125,10,1
56,125,125,11,1
56,125,125,12,5
56,125,125,13,707
56,125,125,14,0
56,125,125,15,712
56,125,125,16,0
56,125,125,17,865
56,125,125,18,81
56,125,125,0,0
56,126,126,1,0
56,126,126,2,83
56,126,126,3,6
56,126,126,4,122
56,126,126,5,0
56,126,126,6,34
56,126,126,7,0
56,126,126,8,0
56,126,126,9,3
56,126,126,10,0
56,126,126,11,0
56,126,126,12,0
56,126,126,13,248
56,126,126,14,0
56,126,126,15,248
56,126,126,16,0
56,126,126,17,291
56,126,126,18,85
56,126,126,0,0
56,127,127,1,0
56,127,127,2,246
56,127,127,3,8
56,127,127,4,264
56,127,127,5,5
56,127,127,6,43
56,127,127,7,1
56,127,127,8,0
56,127,127,9,0
56,127,127,10,1
56,127,127,11,0
56,127,127,12,3
56,127,127,13,568
56,127,127,14,0
56,127,127,15,571
56,127,127,16,0
56,127,127,17,643
56,127,127,18,88
56,127,127,0,0
56,128,128,1,0
56,128,128,2,312
56,128,128,3,15
56,128,128,4,278
56,128,128,5,4
56,128,128,6,126
56,128,128,7,3
56,128,128,8,3
56,128,128,9,1
56,128,128,10,2
56,128,128,11,0
56,128,128,12,6
56,128,128,13,744
56,128,128,14,0
56,128,128,15,750
56,128,128,16,0
56,128,128,17,835
56,128,128,18,89
56,128,128,0,0
56,129,129,1,0
56,129,129,2,230
56,129,129,3,14
56,129,129,4,317
56,129,129,5,6
56,129,129,6,130
56,129,129,7,1
56,129,129,8,5
56,129,129,9,4
56,129,129,10,4
56,129,129,11,2
56,129,129,12,3
56,129,129,13,713
56,129,129,14,0
56,129,129,15,716
56,129,129,16,0
56,129,129,17,786
56,129,129,18,90
56,129,129,0,0
56,130,130,1,0
56,130,130,2,163
56,130,130,3,8
56,130,130,4,214
56,130,130,5,5
56,130,130,6,97
56,130,130,7,0
56,130,130,8,0
56,130,130,9,0
56,130,130,10,0
56,130,130,11,0
56,130,130,12,2
56,130,130,13,487
56,130,130,14,0
56,130,130,15,489
56,130,130,16,0
56,130,130,17,547
56,130,130,18,89
56,130,130,0,0
56,131,131,1,0
56,131,131,2,114
56,131,131,3,12
56,131,131,4,172
56,131,131,5,1
56,131,131,6,99
56,131,131,7,3
56,131,131,8,1
56,131,131,9,1
56,131,131,10,1
56,131,131,11,2
56,131,131,12,0
56,131,131,13,406
56,131,131,14,0
56,131,131,15,406
56,131,131,16,0
56,131,131,17,413
56,131,131,18,98
56,131,131,0,0
56,132,132,1,0
56,132,132,2,0
56,132,132,3,0
56,132,132,4,0
56,132,132,5,0
56,132,132,6,0
56,132,132,7,0
56,132,132,8,0
56,132,132,9,0
56,132,132,10,0
56,132,132,11,0
56,132,132,12,0
56,132,132,13,0
56,132,132,14,0
56,132,132,15,0
56,132,132,16,0
56,132,132,17,0
56,132,132,18,0
56,132,132,0,0
56,132,132,1,0
56,132,132,2,270
56,132,132,3,21
56,132,132,4,180
56,132,132,5,8
56,132,132,6,258
56,132,132,7,0
56,132,132,8,2
56,132,132,9,1
56,132,132,10,3
56,132,132,11,4
56,132,132,12,6
56,132,132,13,747
56,132,132,14,0
56,132,132,15,753
56,132,132,16,0
56,132,132,17,825
56,132,132,18,90
56,132,132,0,0
56,133,133,1,0
56,133,133,2,146
56,133,133,3,29
56,133,133,4,299
56,133,133,5,4
56,133,133,6,162
56,133,133,7,0
56,133,133,8,0
56,133,133,9,2
56,133,133,10,5
56,133,133,11,4
56,133,133,12,1
56,133,133,13,651
56,133,133,14,0
56,133,133,15,652
56,133,133,16,0
56,133,133,17,705
56,133,133,18,92
56,133,133,0,0
56,133,133,1,0
56,133,133,2,0
56,133,133,3,0
56,133,133,4,0
56,133,133,5,0
56,133,133,6,0
56,133,133,7,0
56,133,133,8,0
56,133,133,9,0
56,133,133,10,0
56,133,133,11,0
56,133,133,12,0
56,133,133,13,0
56,133,133,14,0
56,133,133,15,0
56,133,133,16,0
56,133,133,17,0
56,133,133,18,0
56,133,133,0,0
56,134,134,1,0
56,134,134,2,0
56,134,134,3,0
56,134,134,4,0
56,134,134,5,0
56,134,134,6,0
56,134,134,7,0
56,134,134,8,0
56,134,134,9,0
56,134,134,10,0
56,134,134,11,0
56,134,134,12,0
56,134,134,13,0
56,134,134,14,0
56,134,134,15,0
56,134,134,16,0
56,134,134,17,0
56,134,134,18,0
56,134,134,0,0
56,134,134,1,0
56,134,134,2,275
56,134,134,3,6
56,134,134,4,339
56,134,134,5,0
56,134,134,6,167
56,134,134,7,3
56,134,134,8,5
56,134,134,9,3
56,134,134,10,2
56,134,134,11,1
56,134,134,12,8
56,134,134,13,801
56,134,134,14,0
56,134,134,15,809
56,134,134,16,0
56,134,134,17,902
56,134,134,18,88
56,134,134,0,0
56,135,135,1,0
56,135,135,2,200
56,135,135,3,8
56,135,135,4,220
56,135,135,5,5
56,135,135,6,78
56,135,135,7,0
56,135,135,8,0
56,135,135,9,3
56,135,135,10,7
56,135,135,11,3
56,135,135,12,9
56,135,135,13,524
56,135,135,14,0
56,135,135,15,533
56,135,135,16,0
56,135,135,17,589
56,135,135,18,88
56,135,135,0,0
56,135,135,1,0
56,135,135,2,0
56,135,135,3,0
56,135,135,4,0
56,135,135,5,0
56,135,135,6,0
56,135,135,7,0
56,135,135,8,0
56,135,135,9,0
56,135,135,10,0
56,135,135,11,0
56,135,135,12,0
56,135,135,13,0
56,135,135,14,0
56,135,135,15,0
56,135,135,16,0
56,135,135,17,0
56,135,135,18,0
56,135,135,0,0
56,136,136,1,0
56,136,136,2,178
56,136,136,3,29
56,136,136,4,192
56,136,136,5,3
56,136,136,6,118
56,136,136,7,0
56,136,136,8,0
56,136,136,9,0
56,136,136,10,1
56,136,136,11,1
56,136,136,12,3
56,136,136,13,522
56,136,136,14,0
56,136,136,15,525
56,136,136,16,0
56,136,136,17,581
56,136,136,18,89
56,136,136,0,0
56,137,137,1,0
56,137,137,2,339
56,137,137,3,9
56,137,137,4,335
56,137,137,5,7
56,137,137,6,213
56,137,137,7,2
56,137,137,8,1
56,137,137,9,4
56,137,137,10,5
56,137,137,11,1
56,137,137,12,11
56,137,137,13,916
56,137,137,14,0
56,137,137,15,927
56,137,137,16,0
56,137,137,17,1115
56,137,137,18,82
56,137,137,0,0
56,138,138,1,0
56,138,138,2,278
56,138,138,3,7
56,138,138,4,332
56,138,138,5,5
56,138,138,6,144
56,138,138,7,2
56,138,138,8,2
56,138,138,9,2
56,138,138,10,2
56,138,138,11,3
56,138,138,12,6
56,138,138,13,777
56,138,138,14,0
56,138,138,15,783
56,138,138,16,0
56,138,138,17,917
56,138,138,18,84
56,138,138,0,0
56,139,139,1,0
56,139,139,2,137
56,139,139,3,10
56,139,139,4,541
56,139,139,5,8
56,139,139,6,104
56,139,139,7,1
56,139,139,8,5
56,139,139,9,1
56,139,139,10,4
56,139,139,11,2
56,139,139,12,2
56,139,139,13,813
56,139,139,14,0
56,139,139,15,815
56,139,139,16,0
56,139,139,17,863
56,139,139,18,94
56,139,139,0,0
56,140,140,1,0
56,140,140,2,227
56,140,140,3,18
56,140,140,4,338
56,140,140,5,11
56,140,140,6,141
56,140,140,7,2
56,140,140,8,4
56,140,140,9,0
56,140,140,10,1
56,140,140,11,4
56,140,140,12,6
56,140,140,13,746
56,140,140,14,0
56,140,140,15,752
56,140,140,16,0
56,140,140,17,898
56,140,140,18,83
56,140,140,0,0
56,141,141,1,0
56,141,141,2,138
56,141,141,3,8
56,141,141,4,361
56,141,141,5,7
56,141,141,6,110
56,141,141,7,1
56,141,141,8,1
56,141,141,9,2
56,141,141,10,4
56,141,141,11,6
56,141,141,12,5
56,141,141,13,638
56,141,141,14,0
56,141,141,15,643
56,141,141,16,0
56,141,141,17,701
56,141,141,18,91
56,141,141,0,0
56,142,142,1,0
56,142,142,2,248
56,142,142,3,12
56,142,142,4,186
56,142,142,5,2
56,142,142,6,131
56,142,142,7,1
56,142,142,8,1
56,142,142,9,3
56,142,142,10,3
56,142,142,11,0
56,142,142,12,12
56,142,142,13,587
56,142,142,14,0
56,142,142,15,599
56,142,142,16,0
56,142,142,17,680
56,142,142,18,86
56,142,142,0,0
56,143,143,1,0
56,143,143,2,196
56,143,143,3,7
56,143,143,4,123
56,143,143,5,4
56,143,143,6,127
56,143,143,7,2
56,143,143,8,3
56,143,143,9,3
56,143,143,10,0
56,143,143,11,1
56,143,143,12,4
56,143,143,13,466
56,143,143,14,0
56,143,143,15,470
56,143,143,16,0
56,143,143,17,516
56,143,143,18,90
56,143,143,0,0
56,144,144,1,0
56,144,144,2,258
56,144,144,3,21
56,144,144,4,234
56,144,144,5,4
56,144,144,6,153
56,144,144,7,1
56,144,144,8,6
56,144,144,9,2
56,144,144,10,2
56,144,144,11,3
56,144,144,12,8
56,144,144,13,684
56,144,144,14,0
56,144,144,15,692
56,144,144,16,0
56,144,144,17,774
56,144,144,18,88
56,144,144,0,0
56,144,144,1,0
56,144,144,2,0
56,144,144,3,0
56,144,144,4,0
56,144,144,5,0
56,144,144,6,0
56,144,144,7,0
56,144,144,8,0
56,144,144,9,0
56,144,144,10,0
56,144,144,11,0
56,144,144,12,0
56,144,144,13,0
56,144,144,14,0
56,144,144,15,0
56,144,144,16,0
56,144,144,17,0
56,144,144,18,0
56,144,144,0,0
56,145,145,1,0
56,145,145,2,285
56,145,145,3,18
56,145,145,4,194
56,145,145,5,4
56,145,145,6,148
56,145,145,7,2
56,145,145,8,1
56,145,145,9,2
56,145,145,10,1
56,145,145,11,3
56,145,145,12,7
56,145,145,13,658
56,145,145,14,0
56,145,145,15,665
56,145,145,16,0
56,145,145,17,730
56,145,145,18,90
56,145,145,0,0
56,145,145,1,0
56,145,145,2,0
56,145,145,3,0
56,145,145,4,0
56,145,145,5,0
56,145,145,6,0
56,145,145,7,0
56,145,145,8,0
56,145,145,9,0
56,145,145,10,0
56,145,145,11,0
56,145,145,12,0
56,145,145,13,0
56,145,145,14,0
56,145,145,15,0
56,145,145,16,0
56,145,145,17,0
56,145,145,18,0
56,145,145,0,0
56,146,146,1,0
56,146,146,2,149
56,146,146,3,14
56,146,146,4,192
56,146,146,5,10
56,146,146,6,186
56,146,146,7,7
56,146,146,8,6
56,146,146,9,2
56,146,146,10,1
56,146,146,11,4
56,146,146,12,2
56,146,146,13,571
56,146,146,14,0
56,146,146,15,573
56,146,146,16,0
56,146,146,17,680
56,146,146,18,83
56,146,146,0,0
56,146,146,1,0
56,146,146,2,0
56,146,146,3,0
56,146,146,4,0
56,146,146,5,0
56,146,146,6,0
56,146,146,7,0
56,146,146,8,0
56,146,146,9,0
56,146,146,10,0
56,146,146,11,0
56,146,146,12,0
56,146,146,13,0
56,146,146,14,0
56,146,146,15,0
56,146,146,16,0
56,146,146,17,0
56,146,146,18,0
56,146,146,0,0
56,147,147,1,0
56,147,147,2,250
56,147,147,3,21
56,147,147,4,306
56,147,147,5,6
56,147,147,6,251
56,147,147,7,0
56,147,147,8,4
56,147,147,9,2
56,147,147,10,3
56,147,147,11,5
56,147,147,12,4
56,147,147,13,848
56,147,147,14,0
56,147,147,15,852
56,147,147,16,0
56,147,147,17,1007
56,147,147,18,84
56,147,147,0,0
56,147,147,1,0
56,147,147,2,0
56,147,147,3,0
56,147,147,4,0
56,147,147,5,0
56,147,147,6,0
56,147,147,7,0
56,147,147,8,0
56,147,147,9,0
56,147,147,10,0
56,147,147,11,0
56,147,147,12,0
56,147,147,13,0
56,147,147,14,0
56,147,147,15,0
56,147,147,16,0
56,147,147,17,0
56,147,147,18,0
56,147,147,0,0
56,148,148,1,0
56,148,148,2,149
56,148,148,3,29
56,148,148,4,295
56,148,148,5,7
56,148,148,6,228
56,148,148,7,3
56,148,148,8,1
56,148,148,9,8
56,148,148,10,1
56,148,148,11,2
56,148,148,12,6
56,148,148,13,723
56,148,148,14,0
56,148,148,15,729
56,148,148,16,0
56,148,148,17,810
56,148,148,18,89
56,148,148,0,0
56,149,149,1,0
56,149,149,2,95
56,149,149,3,33
56,149,149,4,468
56,149,149,5,2
56,149,149,6,183
56,149,149,7,0
56,149,149,8,1
56,149,149,9,2
56,149,149,10,0
56,149,149,11,1
56,149,149,12,5
56,149,149,13,785
56,149,149,14,0
56,149,149,15,790
56,149,149,16,0
56,149,149,17,878
56,149,149,18,89
56,149,149,0,0
56,150,150,1,0
56,150,150,2,156
56,150,150,3,32
56,150,150,4,436
56,150,150,5,8
56,150,150,6,193
56,150,150,7,5
56,150,150,8,2
56,150,150,9,7
56,150,150,10,2
56,150,150,11,5
56,150,150,12,7
56,150,150,13,846
56,150,150,14,0
56,150,150,15,853
56,150,150,16,1
56,150,150,17,954
56,150,150,18,88
56,150,150,0,0
56,151,151,1,0
56,151,151,2,153
56,151,151,3,23
56,151,151,4,261
56,151,151,5,3
56,151,151,6,132
56,151,151,7,0
56,151,151,8,3
56,151,151,9,10
56,151,151,10,1
56,151,151,11,2
56,151,151,12,0
56,151,151,13,588
56,151,151,14,0
56,151,151,15,588
56,151,151,16,0
56,151,151,17,662
56,151,151,18,88
56,151,151,0,0
56,152,152,1,0
56,152,152,2,60
56,152,152,3,11
56,152,152,4,203
56,152,152,5,4
56,152,152,6,81
56,152,152,7,0
56,152,152,8,1
56,152,152,9,4
56,152,152,10,1
56,152,152,11,1
56,152,152,12,2
56,152,152,13,366
56,152,152,14,0
56,152,152,15,368
56,152,152,16,0
56,152,152,17,405
56,152,152,18,90
56,152,152,0,0
56,153,153,1,0
56,153,153,2,299
56,153,153,3,20
56,153,153,4,250
56,153,153,5,4
56,153,153,6,218
56,153,153,7,1
56,153,153,8,2
56,153,153,9,2
56,153,153,10,1
56,153,153,11,1
56,153,153,12,5
56,153,153,13,798
56,153,153,14,0
56,153,153,15,803
56,153,153,16,0
56,153,153,17,952
56,153,153,18,83
56,153,153,0,0
56,154,154,1,0
56,154,154,2,277
56,154,154,3,27
56,154,154,4,141
56,154,154,5,3
56,154,154,6,163
56,154,154,7,1
56,154,154,8,1
56,154,154,9,4
56,154,154,10,1
56,154,154,11,2
56,154,154,12,1
56,154,154,13,620
56,154,154,14,0
56,154,154,15,621
56,154,154,16,0
56,154,154,17,756
56,154,154,18,82
56,154,154,0,0
56,155,155,1,0
56,155,155,2,237
56,155,155,3,25
56,155,155,4,97
56,155,155,5,1
56,155,155,6,114
56,155,155,7,0
56,155,155,8,1
56,155,155,9,2
56,155,155,10,0
56,155,155,11,2
56,155,155,12,0
56,155,155,13,479
56,155,155,14,0
56,155,155,15,479
56,155,155,16,0
56,155,155,17,561
56,155,155,18,85
56,155,155,0,0
56,156,156,1,0
56,156,156,2,322
56,156,156,3,12
56,156,156,4,297
56,156,156,5,1
56,156,156,6,146
56,156,156,7,1
56,156,156,8,0
56,156,156,9,2
56,156,156,10,0
56,156,156,11,2
56,156,156,12,4
56,156,156,13,783
56,156,156,14,0
56,156,156,15,787
56,156,156,16,0
56,156,156,17,915
56,156,156,18,85
56,156,156,0,0
56,156,156,1,0
56,156,156,2,0
56,156,156,3,0
56,156,156,4,0
56,156,156,5,0
56,156,156,6,0
56,156,156,7,0
56,156,156,8,0
56,156,156,9,0
56,156,156,10,0
56,156,156,11,0
56,156,156,12,0
56,156,156,13,0
56,156,156,14,0
56,156,156,15,0
56,156,156,16,0
56,156,156,17,0
56,156,156,18,0
56,156,156,0,0
56,157,157,1,0
56,157,157,2,201
56,157,157,3,19
56,157,157,4,265
56,157,157,5,1
56,157,157,6,106
56,157,157,7,1
56,157,157,8,1
56,157,157,9,8
56,157,157,10,0
56,157,157,11,0
56,157,157,12,1
56,157,157,13,602
56,157,157,14,0
56,157,157,15,603
56,157,157,16,0
56,157,157,17,667
56,157,157,18,90
56,157,157,0,0
56,157,157,1,0
56,157,157,2,0
56,157,157,3,0
56,157,157,4,0
56,157,157,5,0
56,157,157,6,0
56,157,157,7,0
56,157,157,8,0
56,157,157,9,0
56,157,157,10,0
56,157,157,11,0
56,157,157,12,0
56,157,157,13,0
56,157,157,14,0
56,157,157,15,0
56,157,157,16,0
56,157,157,17,0
56,157,157,18,0
56,157,157,0,0
56,158,158,1,0
56,158,158,2,241
56,158,158,3,14
56,158,158,4,211
56,158,158,5,0
56,158,158,6,137
56,158,158,7,1
56,158,158,8,0
56,158,158,9,13
56,158,158,10,1
56,158,158,11,1
56,158,158,12,2
56,158,158,13,619
56,158,158,14,0
56,158,158,15,621
56,158,158,16,0
56,158,158,17,705
56,158,158,18,87
56,158,158,0,0
56,158,158,1,0
56,158,158,2,0
56,158,158,3,0
56,158,158,4,0
56,158,158,5,0
56,158,158,6,0
56,158,158,7,0
56,158,158,8,0
56,158,158,9,0
56,158,158,10,0
56,158,158,11,0
56,158,158,12,0
56,158,158,13,0
56,158,158,14,0
56,158,158,15,0
56,158,158,16,0
56,158,158,17,0
56,158,158,18,0
56,158,158,0,0
56,159,159,1,0
56,159,159,2,290
56,159,159,3,17
56,159,159,4,90
56,159,159,5,1
56,159,159,6,236
56,159,159,7,1
56,159,159,8,3
56,159,159,9,0
56,159,159,10,1
56,159,159,11,2
56,159,159,12,3
56,159,159,13,641
56,159,159,14,0
56,159,159,15,644
56,159,159,16,0
56,159,159,17,710
56,159,159,18,90
56,159,159,0,0
56,159,159,1,0
56,159,159,2,0
56,159,159,3,0
56,159,159,4,0
56,159,159,5,0
56,159,159,6,0
56,159,159,7,0
56,159,159,8,0
56,159,159,9,0
56,159,159,10,0
56,159,159,11,0
56,159,159,12,0
56,159,159,13,0
56,159,159,14,0
56,159,159,15,0
56,159,159,16,0
56,159,159,17,0
56,159,159,18,0
56,159,159,0,0
56,160,160,1,0
56,160,160,2,368
56,160,160,3,11
56,160,160,4,145
56,160,160,5,3
56,160,160,6,227
56,160,160,7,3
56,160,160,8,2
56,160,160,9,4
56,160,160,10,1
56,160,160,11,4
56,160,160,12,2
56,160,160,13,768
56,160,160,14,0
56,160,160,15,770
56,160,160,16,0
56,160,160,17,883
56,160,160,18,86
56,160,160,0,0
56,161,161,1,0
56,161,161,2,280
56,161,161,3,46
56,161,161,4,123
56,161,161,5,3
56,161,161,6,207
56,161,161,7,0
56,161,161,8,1
56,161,161,9,0
56,161,161,10,1
56,161,161,11,0
56,161,161,12,3
56,161,161,13,661
56,161,161,14,0
56,161,161,15,664
56,161,161,16,0
56,161,161,17,732
56,161,161,18,90
56,161,161,0,0
56,162,162,1,0
56,162,162,2,199
56,162,162,3,34
56,162,162,4,438
56,162,162,5,5
56,162,162,6,351
56,162,162,7,2
56,162,162,8,2
56,162,162,9,4
56,162,162,10,2
56,162,162,11,1
56,162,162,12,8
56,162,162,13,1038
56,162,162,14,0
56,162,162,15,1046
56,162,162,16,0
56,162,162,17,1145
56,162,162,18,90
56,162,162,0,0
56,163,163,1,0
56,163,163,2,195
56,163,163,3,28
56,163,163,4,155
56,163,163,5,5
56,163,163,6,207
56,163,163,7,0
56,163,163,8,2
56,163,163,9,0
56,163,163,10,1
56,163,163,11,2
56,163,163,12,2
56,163,163,13,595
56,163,163,14,0
56,163,163,15,597
56,163,163,16,0
56,163,163,17,691
56,163,163,18,86
56,163,163,0,0
56,164,164,1,0
56,164,164,2,269
56,164,164,3,43
56,164,164,4,315
56,164,164,5,1
56,164,164,6,269
56,164,164,7,2
56,164,164,8,0
56,164,164,9,2
56,164,164,10,1
56,164,164,11,1
56,164,164,12,9
56,164,164,13,903
56,164,164,14,0
56,164,164,15,912
56,164,164,16,0
56,164,164,17,988
56,164,164,18,91
56,164,164,0,0
56,165,165,1,0
56,165,165,2,411
56,165,165,3,16
56,165,165,4,261
56,165,165,5,1
56,165,165,6,118
56,165,165,7,0
56,165,165,8,1
56,165,165,9,1
56,165,165,10,3
56,165,165,11,4
56,165,165,12,11
56,165,165,13,816
56,165,165,14,0
56,165,165,15,827
56,165,165,16,0
56,165,165,17,973
56,165,165,18,83
56,165,165,0,0
56,166,166,1,0
56,166,166,2,183
56,166,166,3,5
56,166,166,4,141
56,166,166,5,3
56,166,166,6,156
56,166,166,7,3
56,166,166,8,2
56,166,166,9,0
56,166,166,10,1
56,166,166,11,3
56,166,166,12,1
56,166,166,13,497
56,166,166,14,0
56,166,166,15,498
56,166,166,16,0
56,166,166,17,618
56,166,166,18,80
56,166,166,0,0
56,167,167,1,0
56,167,167,2,428
56,167,167,3,7
56,167,167,4,156
56,167,167,5,2
56,167,167,6,94
56,167,167,7,2
56,167,167,8,1
56,167,167,9,1
56,167,167,10,3
56,167,167,11,3
56,167,167,12,5
56,167,167,13,697
56,167,167,14,0
56,167,167,15,702
56,167,167,16,0
56,167,167,17,931
56,167,167,18,74
56,167,167,0,0
56,168,168,1,0
56,168,168,2,170
56,168,168,3,8
56,168,168,4,102
56,168,168,5,2
56,168,168,6,65
56,168,168,7,0
56,168,168,8,2
56,168,168,9,0
56,168,168,10,3
56,168,168,11,1
56,168,168,12,5
56,168,168,13,353
56,168,168,14,0
56,168,168,15,358
56,168,168,16,0
56,168,168,17,498
56,168,168,18,70
56,168,168,0,0
56,168,168,1,0
56,168,168,2,0
56,168,168,3,0
56,168,168,4,0
56,168,168,5,0
56,168,168,6,0
56,168,168,7,0
56,168,168,8,0
56,168,168,9,0
56,168,168,10,0
56,168,168,11,0
56,168,168,12,0
56,168,168,13,0
56,168,168,14,0
56,168,168,15,0
56,168,168,16,0
56,168,168,17,0
56,168,168,18,0
56,168,168,0,0
56,169,169,1,0
56,169,169,2,0
56,169,169,3,0
56,169,169,4,0
56,169,169,5,0
56,169,169,6,0
56,169,169,7,0
56,169,169,8,0
56,169,169,9,0
56,169,169,10,0
56,169,169,11,0
56,169,169,12,0
56,169,169,13,0
56,169,169,14,0
56,169,169,15,0
56,169,169,16,0
56,169,169,17,0
56,169,169,18,0
56,169,169,0,0
56,169,169,1,0
56,169,169,2,213
56,169,169,3,7
56,169,169,4,261
56,169,169,5,4
56,169,169,6,119
56,169,169,7,2
56,169,169,8,3
56,169,169,9,1
56,169,169,10,0
56,169,169,11,1
56,169,169,12,2
56,169,169,13,611
56,169,169,14,0
56,169,169,15,613
56,169,169,16,0
56,169,169,17,778
56,169,169,18,78
56,169,169,0,0
56,170,170,1,0
56,170,170,2,0
56,170,170,3,0
56,170,170,4,0
56,170,170,5,0
56,170,170,6,0
56,170,170,7,0
56,170,170,8,0
56,170,170,9,0
56,170,170,10,0
56,170,170,11,0
56,170,170,12,0
56,170,170,13,0
56,170,170,14,0
56,170,170,15,0
56,170,170,16,0
56,170,170,17,0
56,170,170,18,0
56,170,170,0,0
56,170,170,1,0
56,170,170,2,246
56,170,170,3,8
56,170,170,4,220
56,170,170,5,2
56,170,170,6,135
56,170,170,7,1
56,170,170,8,1
56,170,170,9,2
56,170,170,10,1
56,170,170,11,3
56,170,170,12,2
56,170,170,13,619
56,170,170,14,0
56,170,170,15,621
56,170,170,16,0
56,170,170,17,755
56,170,170,18,81
56,170,170,0,0
56,171,171,1,0
56,171,171,2,201
56,171,171,3,16
56,171,171,4,96
56,171,171,5,2
56,171,171,6,128
56,171,171,7,1
56,171,171,8,3
56,171,171,9,0
56,171,171,10,0
56,171,171,11,2
56,171,171,12,1
56,171,171,13,449
56,171,171,14,0
56,171,171,15,450
56,171,171,16,0
56,171,171,17,558
56,171,171,18,80
56,171,171,0,0
56,171,171,1,0
56,171,171,2,0
56,171,171,3,0
56,171,171,4,0
56,171,171,5,0
56,171,171,6,0
56,171,171,7,0
56,171,171,8,0
56,171,171,9,0
56,171,171,10,0
56,171,171,11,0
56,171,171,12,0
56,171,171,13,0
56,171,171,14,0
56,171,171,15,0
56,171,171,16,0
56,171,171,17,0
56,171,171,18,0
56,171,171,0,0
56,172,172,1,0
56,172,172,2,143
56,172,172,3,3
56,172,172,4,166
56,172,172,5,7
56,172,172,6,74
56,172,172,7,1
56,172,172,8,0
56,172,172,9,1
56,172,172,10,1
56,172,172,11,0
56,172,172,12,1
56,172,172,13,396
56,172,172,14,0
56,172,172,15,397
56,172,172,16,0
56,172,172,17,456
56,172,172,18,86
56,172,172,0,0
56,173,173,1,0
56,173,173,2,133
56,173,173,3,3
56,173,173,4,83
56,173,173,5,2
56,173,173,6,35
56,173,173,7,1
56,173,173,8,1
56,173,173,9,0
56,173,173,10,0
56,173,173,11,0
56,173,173,12,1
56,173,173,13,258
56,173,173,14,0
56,173,173,15,259
56,173,173,16,0
56,173,173,17,304
56,173,173,18,84
56,173,173,0,0
56,174,174,1,0
56,174,174,2,125
56,174,174,3,2
56,174,174,4,197
56,174,174,5,1
56,174,174,6,19
56,174,174,7,0
56,174,174,8,0
56,174,174,9,0
56,174,174,10,0
56,174,174,11,0
56,174,174,12,0
56,174,174,13,344
56,174,174,14,0
56,174,174,15,344
56,174,174,16,0
56,174,174,17,437
56,174,174,18,78
56,174,174,0,0
56,175,175,1,0
56,175,175,2,337
56,175,175,3,9
56,175,175,4,267
56,175,175,5,6
56,175,175,6,84
56,175,175,7,0
56,175,175,8,2
56,175,175,9,2
56,175,175,10,1
56,175,175,11,3
56,175,175,12,5
56,175,175,13,711
56,175,175,14,0
56,175,175,15,716
56,175,175,16,0
56,175,175,17,834
56,175,175,18,85
56,175,175,0,0
56,176,176,1,0
56,176,176,2,303
56,176,176,3,11
56,176,176,4,300
56,176,176,5,2
56,176,176,6,89
56,176,176,7,1
56,176,176,8,1
56,176,176,9,2
56,176,176,10,2
56,176,176,11,1
56,176,176,12,9
56,176,176,13,712
56,176,176,14,0
56,176,176,15,721
56,176,176,16,0
56,176,176,17,947
56,176,176,18,75
56,176,176,0,0
56,177,177,1,0
56,177,177,2,203
56,177,177,3,6
56,177,177,4,146
56,177,177,5,2
56,177,177,6,33
56,177,177,7,1
56,177,177,8,1
56,177,177,9,0
56,177,177,10,1
56,177,177,11,1
56,177,177,12,4
56,177,177,13,394
56,177,177,14,0
56,177,177,15,398
56,177,177,16,0
56,177,177,17,517
56,177,177,18,76
56,177,177,0,0
56,178,178,1,0
56,178,178,2,173
56,178,178,3,10
56,178,178,4,141
56,178,178,5,1
56,178,178,6,156
56,178,178,7,2
56,178,178,8,1
56,178,178,9,1
56,178,178,10,0
56,178,178,11,1
56,178,178,12,1
56,178,178,13,486
56,178,178,14,0
56,178,178,15,487
56,178,178,16,0
56,178,178,17,572
56,178,178,18,84
56,178,178,0,0
56,179,179,1,0
56,179,179,2,149
56,179,179,3,27
56,179,179,4,198
56,179,179,5,7
56,179,179,6,216
56,179,179,7,1
56,179,179,8,1
56,179,179,9,3
56,179,179,10,1
56,179,179,11,0
56,179,179,12,3
56,179,179,13,603
56,179,179,14,0
56,179,179,15,606
56,179,179,16,0
56,179,179,17,800
56,179,179,18,75
56,179,179,0,0
56,180,180,1,0
56,180,180,2,302
56,180,180,3,9
56,180,180,4,169
56,180,180,5,4
56,180,180,6,226
56,180,180,7,3
56,180,180,8,1
56,180,180,9,0
56,180,180,10,0
56,180,180,11,0
56,180,180,12,7
56,180,180,13,714
56,180,180,14,0
56,180,180,15,721
56,180,180,16,0
56,180,180,17,878
56,180,180,18,81
56,180,180,0,0
56,180,180,1,0
56,180,180,2,0
56,180,180,3,0
56,180,180,4,0
56,180,180,5,0
56,180,180,6,0
56,180,180,7,0
56,180,180,8,0
56,180,180,9,0
56,180,180,10,0
56,180,180,11,0
56,180,180,12,0
56,180,180,13,0
56,180,180,14,0
56,180,180,15,0
56,180,180,16,0
56,180,180,17,0
56,180,180,18,0
56,180,180,0,0
56,181,181,1,0
56,181,181,2,141
56,181,181,3,12
56,181,181,4,161
56,181,181,5,3
56,181,181,6,176
56,181,181,7,3
56,181,181,8,3
56,181,181,9,3
56,181,181,10,1
56,181,181,11,2
56,181,181,12,6
56,181,181,13,505
56,181,181,14,0
56,181,181,15,511
56,181,181,16,0
56,181,181,17,643
56,181,181,18,78
56,181,181,0,0
56,181,181,1,0
56,181,181,2,0
56,181,181,3,0
56,181,181,4,0
56,181,181,5,0
56,181,181,6,0
56,181,181,7,0
56,181,181,8,0
56,181,181,9,0
56,181,181,10,0
56,181,181,11,0
56,181,181,12,0
56,181,181,13,0
56,181,181,14,0
56,181,181,15,0
56,181,181,16,0
56,181,181,17,0
56,181,181,18,0
56,181,181,0,0
56,182,182,1,0
56,182,182,2,139
56,182,182,3,43
56,182,182,4,190
56,182,182,5,4
56,182,182,6,115
56,182,182,7,1
56,182,182,8,0
56,182,182,9,2
56,182,182,10,1
56,182,182,11,2
56,182,182,12,6
56,182,182,13,497
56,182,182,14,0
56,182,182,15,503
56,182,182,16,0
56,182,182,17,572
56,182,182,18,86
56,182,182,0,0
56,182,182,1,0
56,182,182,2,0
56,182,182,3,0
56,182,182,4,0
56,182,182,5,0
56,182,182,6,0
56,182,182,7,0
56,182,182,8,0
56,182,182,9,0
56,182,182,10,0
56,182,182,11,0
56,182,182,12,0
56,182,182,13,0
56,182,182,14,0
56,182,182,15,0
56,182,182,16,0
56,182,182,17,0
56,182,182,18,0
56,182,182,0,0
56,183,183,1,0
56,183,183,2,157
56,183,183,3,46
56,183,183,4,232
56,183,183,5,2
56,183,183,6,54
56,183,183,7,2
56,183,183,8,5
56,183,183,9,1
56,183,183,10,2
56,183,183,11,4
56,183,183,12,5
56,183,183,13,505
56,183,183,14,0
56,183,183,15,510
56,183,183,16,0
56,183,183,17,628
56,183,183,18,80
56,183,183,0,0
56,183,183,1,0
56,183,183,2,0
56,183,183,3,0
56,183,183,4,0
56,183,183,5,0
56,183,183,6,0
56,183,183,7,0
56,183,183,8,0
56,183,183,9,0
56,183,183,10,0
56,183,183,11,0
56,183,183,12,0
56,183,183,13,0
56,183,183,14,0
56,183,183,15,0
56,183,183,16,0
56,183,183,17,0
56,183,183,18,0
56,183,183,0,0
56,184,184,1,0
56,184,184,2,203
56,184,184,3,7
56,184,184,4,146
56,184,184,5,1
56,184,184,6,241
56,184,184,7,2
56,184,184,8,5
56,184,184,9,2
56,184,184,10,2
56,184,184,11,1
56,184,184,12,1
56,184,184,13,610
56,184,184,14,0
56,184,184,15,611
56,184,184,16,0
56,184,184,17,718
56,184,184,18,84
56,184,184,0,0
56,185,185,1,0
56,185,185,2,256
56,185,185,3,13
56,185,185,4,127
56,185,185,5,3
56,185,185,6,158
56,185,185,7,4
56,185,185,8,4
56,185,185,9,1
56,185,185,10,4
56,185,185,11,7
56,185,185,12,10
56,185,185,13,577
56,185,185,14,0
56,185,185,15,587
56,185,185,16,0
56,185,185,17,699
56,185,185,18,82
56,185,185,0,0
56,186,186,1,0
56,186,186,2,166
56,186,186,3,28
56,186,186,4,108
56,186,186,5,1
56,186,186,6,178
56,186,186,7,0
56,186,186,8,2
56,186,186,9,3
56,186,186,10,2
56,186,186,11,2
56,186,186,12,1
56,186,186,13,490
56,186,186,14,0
56,186,186,15,491
56,186,186,16,0
56,186,186,17,548
56,186,186,18,89
56,186,186,0,0
56,187,187,1,0
56,187,187,2,249
56,187,187,3,21
56,187,187,4,395
56,187,187,5,6
56,187,187,6,254
56,187,187,7,1
56,187,187,8,4
56,187,187,9,3
56,187,187,10,3
56,187,187,11,2
56,187,187,12,3
56,187,187,13,938
56,187,187,14,0
56,187,187,15,941
56,187,187,16,0
56,187,187,17,1031
56,187,187,18,90
56,187,187,0,0
56,188,188,1,0
56,188,188,2,311
56,188,188,3,32
56,188,188,4,41
56,188,188,5,6
56,188,188,6,434
56,188,188,7,1
56,188,188,8,0
56,188,188,9,1
56,188,188,10,0
56,188,188,11,1
56,188,188,12,6
56,188,188,13,827
56,188,188,14,0
56,188,188,15,833
56,188,188,16,0
56,188,188,17,1036
56,188,188,18,79
56,188,188,0,0
56,189,189,1,0
56,189,189,2,288
56,189,189,3,40
56,189,189,4,43
56,189,189,5,4
56,189,189,6,369
56,189,189,7,1
56,189,189,8,0
56,189,189,9,0
56,189,189,10,0
56,189,189,11,3
56,189,189,12,6
56,189,189,13,748
56,189,189,14,0
56,189,189,15,754
56,189,189,16,0
56,189,189,17,921
56,189,189,18,81
56,189,189,0,0
56,190,190,1,0
56,190,190,2,259
56,190,190,3,11
56,190,190,4,348
56,190,190,5,6
56,190,190,6,239
56,190,190,7,0
56,190,190,8,4
56,190,190,9,0
56,190,190,10,0
56,190,190,11,0
56,190,190,12,7
56,190,190,13,867
56,190,190,14,0
56,190,190,15,874
56,190,190,16,0
56,190,190,17,945
56,190,190,18,91
56,190,190,0,0
56,191,191,1,0
56,191,191,2,96
56,191,191,3,17
56,191,191,4,146
56,191,191,5,1
56,191,191,6,158
56,191,191,7,0
56,191,191,8,1
56,191,191,9,0
56,191,191,10,2
56,191,191,11,1
56,191,191,12,5
56,191,191,13,422
56,191,191,14,0
56,191,191,15,427
56,191,191,16,0
56,191,191,17,465
56,191,191,18,90
56,191,191,0,0
56,192,192,1,0
56,192,192,2,44
56,192,192,3,19
56,192,192,4,228
56,192,192,5,1
56,192,192,6,98
56,192,192,7,0
56,192,192,8,1
56,192,192,9,2
56,192,192,10,1
56,192,192,11,1
56,192,192,12,2
56,192,192,13,395
56,192,192,14,0
56,192,192,15,397
56,192,192,16,0
56,192,192,17,429
56,192,192,18,92
56,192,192,0,0
56,192,192,1,0
56,192,192,2,0
56,192,192,3,0
56,192,192,4,0
56,192,192,5,0
56,192,192,6,0
56,192,192,7,0
56,192,192,8,0
56,192,192,9,0
56,192,192,10,0
56,192,192,11,0
56,192,192,12,0
56,192,192,13,0
56,192,192,14,0
56,192,192,15,0
56,192,192,16,0
56,192,192,17,0
56,192,192,18,0
56,192,192,0,0
56,193,193,1,0
56,193,193,2,0
56,193,193,3,0
56,193,193,4,0
56,193,193,5,0
56,193,193,6,0
56,193,193,7,0
56,193,193,8,0
56,193,193,9,0
56,193,193,10,0
56,193,193,11,0
56,193,193,12,0
56,193,193,13,0
56,193,193,14,0
56,193,193,15,0
56,193,193,16,0
56,193,193,17,0
56,193,193,18,0
56,193,193,0,0
56,193,193,1,0
56,193,193,2,352
56,193,193,3,39
56,193,193,4,182
56,193,193,5,1
56,193,193,6,341
56,193,193,7,2
56,193,193,8,2
56,193,193,9,2
56,193,193,10,1
56,193,193,11,1
56,193,193,12,6
56,193,193,13,923
56,193,193,14,0
56,193,193,15,929
56,193,193,16,1
56,193,193,17,1091
56,193,193,18,84
56,193,193,0,0
56,194,194,1,0
56,194,194,2,0
56,194,194,3,0
56,194,194,4,0
56,194,194,5,0
56,194,194,6,0
56,194,194,7,0
56,194,194,8,0
56,194,194,9,0
56,194,194,10,0
56,194,194,11,0
56,194,194,12,0
56,194,194,13,0
56,194,194,14,0
56,194,194,15,0
56,194,194,16,0
56,194,194,17,0
56,194,194,18,0
56,194,194,0,0
56,194,194,1,0
56,194,194,2,100
56,194,194,3,17
56,194,194,4,262
56,194,194,5,3
56,194,194,6,239
56,194,194,7,2
56,194,194,8,2
56,194,194,9,3
56,194,194,10,2
56,194,194,11,4
56,194,194,12,3
56,194,194,13,634
56,194,194,14,0
56,194,194,15,637
56,194,194,16,0
56,194,194,17,676
56,194,194,18,93
56,194,194,0,0
56,195,195,1,0
56,195,195,2,232
56,195,195,3,20
56,195,195,4,105
56,195,195,5,2
56,195,195,6,325
56,195,195,7,4
56,195,195,8,4
56,195,195,9,0
56,195,195,10,0
56,195,195,11,3
56,195,195,12,6
56,195,195,13,695
56,195,195,14,0
56,195,195,15,701
56,195,195,16,0
56,195,195,17,747
56,195,195,18,93
56,195,195,0,0
56,195,195,1,0
56,195,195,2,0
56,195,195,3,0
56,195,195,4,0
56,195,195,5,0
56,195,195,6,0
56,195,195,7,0
56,195,195,8,0
56,195,195,9,0
56,195,195,10,0
56,195,195,11,0
56,195,195,12,0
56,195,195,13,0
56,195,195,14,0
56,195,195,15,0
56,195,195,16,0
56,195,195,17,0
56,195,195,18,0
56,195,195,0,0
56,196,196,1,0
56,196,196,2,196
56,196,196,3,24
56,196,196,4,45
56,196,196,5,4
56,196,196,6,232
56,196,196,7,0
56,196,196,8,1
56,196,196,9,1
56,196,196,10,1
56,196,196,11,0
56,196,196,12,6
56,196,196,13,504
56,196,196,14,0
56,196,196,15,510
56,196,196,16,0
56,196,196,17,591
56,196,196,18,85
56,196,196,0,0
56,197,197,1,0
56,197,197,2,48
56,197,197,3,2
56,197,197,4,41
56,197,197,5,3
56,197,197,6,188
56,197,197,7,0
56,197,197,8,1
56,197,197,9,0
56,197,197,10,0
56,197,197,11,1
56,197,197,12,4
56,197,197,13,284
56,197,197,14,0
56,197,197,15,288
56,197,197,16,0
56,197,197,17,344
56,197,197,18,82
56,197,197,0,0
56,198,198,1,0
56,198,198,2,159
56,198,198,3,10
56,198,198,4,250
56,198,198,5,9
56,198,198,6,152
56,198,198,7,7
56,198,198,8,3
56,198,198,9,3
56,198,198,10,4
56,198,198,11,5
56,198,198,12,9
56,198,198,13,602
56,198,198,14,0
56,198,198,15,611
56,198,198,16,0
56,198,198,17,691
56,198,198,18,87
56,198,198,0,0
56,199,199,1,0
56,199,199,2,126
56,199,199,3,17
56,199,199,4,413
56,199,199,5,8
56,199,199,6,134
56,199,199,7,3
56,199,199,8,5
56,199,199,9,2
56,199,199,10,7
56,199,199,11,4
56,199,199,12,10
56,199,199,13,719
56,199,199,14,0
56,199,199,15,729
56,199,199,16,0
56,199,199,17,805
56,199,199,18,89
56,199,199,0,0
56,200,200,1,0
56,200,200,2,388
56,200,200,3,17
56,200,200,4,219
56,200,200,5,9
56,200,200,6,173
56,200,200,7,3
56,200,200,8,8
56,200,200,9,3
56,200,200,10,4
56,200,200,11,4
56,200,200,12,13
56,200,200,13,828
56,200,200,14,0
56,200,200,15,841
56,200,200,16,0
56,200,200,17,909
56,200,200,18,91
56,200,200,0,0
56,201,201,1,0
56,201,201,2,135
56,201,201,3,9
56,201,201,4,145
56,201,201,5,3
56,201,201,6,114
56,201,201,7,1
56,201,201,8,1
56,201,201,9,1
56,201,201,10,1
56,201,201,11,0
56,201,201,12,2
56,201,201,13,410
56,201,201,14,0
56,201,201,15,412
56,201,201,16,0
56,201,201,17,482
56,201,201,18,85
56,201,201,0,0
56,202,202,1,0
56,202,202,2,440
56,202,202,3,34
56,202,202,4,47
56,202,202,5,5
56,202,202,6,253
56,202,202,7,2
56,202,202,8,2
56,202,202,9,5
56,202,202,10,2
56,202,202,11,4
56,202,202,12,16
56,202,202,13,794
56,202,202,14,0
56,202,202,15,810
56,202,202,16,0
56,202,202,17,930
56,202,202,18,85
56,202,202,0,0
56,203,203,1,0
56,203,203,2,325
56,203,203,3,20
56,203,203,4,49
56,203,203,5,6
56,203,203,6,123
56,203,203,7,0
56,203,203,8,2
56,203,203,9,0
56,203,203,10,1
56,203,203,11,8
56,203,203,12,12
56,203,203,13,534
56,203,203,14,0
56,203,203,15,546
56,203,203,16,0
56,203,203,17,607
56,203,203,18,87
56,203,203,0,0
56,204,204,1,0
56,204,204,2,282
56,204,204,3,6
56,204,204,4,316
56,204,204,5,1
56,204,204,6,113
56,204,204,7,0
56,204,204,8,0
56,204,204,9,1
56,204,204,10,1
56,204,204,11,1
56,204,204,12,4
56,204,204,13,721
56,204,204,14,0
56,204,204,15,725
56,204,204,16,0
56,204,204,17,761
56,204,204,18,94
56,204,204,0,0
56,204,204,1,0
56,204,204,2,0
56,204,204,3,0
56,204,204,4,0
56,204,204,5,0
56,204,204,6,0
56,204,204,7,0
56,204,204,8,0
56,204,204,9,0
56,204,204,10,0
56,204,204,11,0
56,204,204,12,0
56,204,204,13,0
56,204,204,14,0
56,204,204,15,0
56,204,204,16,0
56,204,204,17,0
56,204,204,18,0
56,204,204,0,0
56,205,205,1,0
56,205,205,2,147
56,205,205,3,15
56,205,205,4,431
56,205,205,5,0
56,205,205,6,83
56,205,205,7,0
56,205,205,8,2
56,205,205,9,2
56,205,205,10,1
56,205,205,11,1
56,205,205,12,7
56,205,205,13,682
56,205,205,14,0
56,205,205,15,689
56,205,205,16,0
56,205,205,17,743
56,205,205,18,91
56,205,205,0,0
56,205,205,1,0
56,205,205,2,0
56,205,205,3,0
56,205,205,4,0
56,205,205,5,0
56,205,205,6,0
56,205,205,7,0
56,205,205,8,0
56,205,205,9,0
56,205,205,10,0
56,205,205,11,0
56,205,205,12,0
56,205,205,13,0
56,205,205,14,0
56,205,205,15,0
56,205,205,16,0
56,205,205,17,0
56,205,205,18,0
56,205,205,0,0
56,206,206,1,0
56,206,206,2,288
56,206,206,3,33
56,206,206,4,147
56,206,206,5,1
56,206,206,6,228
56,206,206,7,0
56,206,206,8,3
56,206,206,9,2
56,206,206,10,4
56,206,206,11,3
56,206,206,12,6
56,206,206,13,709
56,206,206,14,0
56,206,206,15,715
56,206,206,16,0
56,206,206,17,778
56,206,206,18,91
56,206,206,0,0
56,206,206,1,0
56,206,206,2,0
56,206,206,3,0
56,206,206,4,0
56,206,206,5,0
56,206,206,6,0
56,206,206,7,0
56,206,206,8,0
56,206,206,9,0
56,206,206,10,0
56,206,206,11,0
56,206,206,12,0
56,206,206,13,0
56,206,206,14,0
56,206,206,15,0
56,206,206,16,0
56,206,206,17,0
56,206,206,18,0
56,206,206,0,0
56,207,207,1,0
56,207,207,2,210
56,207,207,3,8
56,207,207,4,282
56,207,207,5,1
56,207,207,6,101
56,207,207,7,1
56,207,207,8,0
56,207,207,9,0
56,207,207,10,3
56,207,207,11,2
56,207,207,12,3
56,207,207,13,608
56,207,207,14,0
56,207,207,15,611
56,207,207,16,0
56,207,207,17,703
56,207,207,18,86
56,207,207,0,0
56,207,207,1,0
56,207,207,2,0
56,207,207,3,0
56,207,207,4,0
56,207,207,5,0
56,207,207,6,0
56,207,207,7,0
56,207,207,8,0
56,207,207,9,0
56,207,207,10,0
56,207,207,11,0
56,207,207,12,0
56,207,207,13,0
56,207,207,14,0
56,207,207,15,0
56,207,207,16,0
56,207,207,17,0
56,207,207,18,0
56,207,207,0,0
56,208,208,1,0
56,208,208,2,225
56,208,208,3,8
56,208,208,4,445
56,208,208,5,5
56,208,208,6,92
56,208,208,7,1
56,208,208,8,2
56,208,208,9,1
56,208,208,10,2
56,208,208,11,3
56,208,208,12,4
56,208,208,13,784
56,208,208,14,0
56,208,208,15,788
56,208,208,16,0
56,208,208,17,904
56,208,208,18,86
56,208,208,0,0
56,209,209,1,0
56,209,209,2,239
56,209,209,3,38
56,209,209,4,300
56,209,209,5,1
56,209,209,6,194
56,209,209,7,2
56,209,209,8,3
56,209,209,9,0
56,209,209,10,1
56,209,209,11,2
56,209,209,12,2
56,209,209,13,780
56,209,209,14,0
56,209,209,15,782
56,209,209,16,0
56,209,209,17,929
56,209,209,18,83
56,209,209,0,0
56,210,210,1,0
56,210,210,2,178
56,210,210,3,14
56,210,210,4,169
56,210,210,5,4
56,210,210,6,125
56,210,210,7,1
56,210,210,8,1
56,210,210,9,0
56,210,210,10,1
56,210,210,11,2
56,210,210,12,6
56,210,210,13,495
56,210,210,14,0
56,210,210,15,501
56,210,210,16,0
56,210,210,17,568
56,210,210,18,87
56,210,210,0,0
56,211,211,1,0
56,211,211,2,344
56,211,211,3,33
56,211,211,4,336
56,211,211,5,2
56,211,211,6,204
56,211,211,7,1
56,211,211,8,4
56,211,211,9,1
56,211,211,10,2
56,211,211,11,0
56,211,211,12,5
56,211,211,13,927
56,211,211,14,0
56,211,211,15,932
56,211,211,16,0
56,211,211,17,1023
56,211,211,18,90
56,211,211,0,0
56,212,212,1,0
56,212,212,2,191
56,212,212,3,11
56,212,212,4,254
56,212,212,5,0
56,212,212,6,188
56,212,212,7,0
56,212,212,8,2
56,212,212,9,1
56,212,212,10,2
56,212,212,11,1
56,212,212,12,8
56,212,212,13,650
56,212,212,14,0
56,212,212,15,658
56,212,212,16,0
56,212,212,17,695
56,212,212,18,93
56,212,212,0,0
56,213,213,1,0
56,213,213,2,154
56,213,213,3,10
56,213,213,4,272
56,213,213,5,2
56,213,213,6,104
56,213,213,7,0
56,213,213,8,1
56,213,213,9,1
56,213,213,10,2
56,213,213,11,3
56,213,213,12,2
56,213,213,13,549
56,213,213,14,0
56,213,213,15,551
56,213,213,16,0
56,213,213,17,596
56,213,213,18,92
56,213,213,0,0
56,214,214,1,0
56,214,214,2,227
56,214,214,3,13
56,214,214,4,282
56,214,214,5,3
56,214,214,6,187
56,214,214,7,0
56,214,214,8,2
56,214,214,9,0
56,214,214,10,4
56,214,214,11,3
56,214,214,12,3
56,214,214,13,721
56,214,214,14,0
56,214,214,15,724
56,214,214,16,0
56,214,214,17,775
56,214,214,18,93
56,214,214,0,0
56,215,215,1,0
56,215,215,2,184
56,215,215,3,15
56,215,215,4,186
56,215,215,5,3
56,215,215,6,140
56,215,215,7,1
56,215,215,8,1
56,215,215,9,0
56,215,215,10,0
56,215,215,11,0
56,215,215,12,1
56,215,215,13,530
56,215,215,14,0
56,215,215,15,531
56,215,215,16,0
56,215,215,17,639
56,215,215,18,82
56,215,215,0,0
56,216,216,1,0
56,216,216,2,123
56,216,216,3,2
56,216,216,4,365
56,216,216,5,4
56,216,216,6,69
56,216,216,7,1
56,216,216,8,1
56,216,216,9,0
56,216,216,10,0
56,216,216,11,1
56,216,216,12,3
56,216,216,13,566
56,216,216,14,0
56,216,216,15,569
56,216,216,16,0
56,216,216,17,657
56,216,216,18,86
56,216,216,0,0
56,216,216,1,0
56,216,216,2,0
56,216,216,3,0
56,216,216,4,0
56,216,216,5,0
56,216,216,6,0
56,216,216,7,0
56,216,216,8,0
56,216,216,9,0
56,216,216,10,0
56,216,216,11,0
56,216,216,12,0
56,216,216,13,0
56,216,216,14,0
56,216,216,15,0
56,216,216,16,0
56,216,216,17,0
56,216,216,18,0
56,216,216,0,0
56,217,217,1,0
56,217,217,2,0
56,217,217,3,0
56,217,217,4,0
56,217,217,5,0
56,217,217,6,0
56,217,217,7,0
56,217,217,8,0
56,217,217,9,0
56,217,217,10,0
56,217,217,11,0
56,217,217,12,0
56,217,217,13,0
56,217,217,14,0
56,217,217,15,0
56,217,217,16,0
56,217,217,17,0
56,217,217,18,0
56,217,217,0,0
56,217,217,1,0
56,217,217,2,471
56,217,217,3,19
56,217,217,4,304
56,217,217,5,2
56,217,217,6,138
56,217,217,7,2
56,217,217,8,2
56,217,217,9,0
56,217,217,10,2
56,217,217,11,4
56,217,217,12,6
56,217,217,13,944
56,217,217,14,0
56,217,217,15,950
56,217,217,16,0
56,217,217,17,1059
56,217,217,18,89
56,217,217,0,0
56,218,218,1,0
56,218,218,2,0
56,218,218,3,0
56,218,218,4,0
56,218,218,5,0
56,218,218,6,0
56,218,218,7,0
56,218,218,8,0
56,218,218,9,0
56,218,218,10,0
56,218,218,11,0
56,218,218,12,0
56,218,218,13,0
56,218,218,14,0
56,218,218,15,0
56,218,218,16,0
56,218,218,17,0
56,218,218,18,0
56,218,218,0,0
56,218,218,1,0
56,218,218,2,269
56,218,218,3,16
56,218,218,4,215
56,218,218,5,2
56,218,218,6,90
56,218,218,7,0
56,218,218,8,0
56,218,218,9,1
56,218,218,10,0
56,218,218,11,4
56,218,218,12,2
56,218,218,13,597
56,218,218,14,0
56,218,218,15,599
56,218,218,16,0
56,218,218,17,639
56,218,218,18,93
56,218,218,0,0
56,219,219,1,0
56,219,219,2,225
56,219,219,3,11
56,219,219,4,282
56,219,219,5,6
56,219,219,6,173
56,219,219,7,2
56,219,219,8,1
56,219,219,9,0
56,219,219,10,2
56,219,219,11,2
56,219,219,12,5
56,219,219,13,704
56,219,219,14,0
56,219,219,15,709
56,219,219,16,0
56,219,219,17,836
56,219,219,18,84
56,219,219,0,0
56,219,219,1,0
56,219,219,2,0
56,219,219,3,0
56,219,219,4,0
56,219,219,5,0
56,219,219,6,0
56,219,219,7,0
56,219,219,8,0
56,219,219,9,0
56,219,219,10,0
56,219,219,11,0
56,219,219,12,0
56,219,219,13,0
56,219,219,14,0
56,219,219,15,0
56,219,219,16,0
56,219,219,17,0
56,219,219,18,0
56,219,219,0,0
56,220,220,1,0
56,220,220,2,100
56,220,220,3,15
56,220,220,4,242
56,220,220,5,5
56,220,220,6,190
56,220,220,7,0
56,220,220,8,1
56,220,220,9,1
56,220,220,10,1
56,220,220,11,0
56,220,220,12,0
56,220,220,13,555
56,220,220,14,0
56,220,220,15,555
56,220,220,16,0
56,220,220,17,582
56,220,220,18,95
56,220,220,0,0
56,221,221,1,0
56,221,221,2,253
56,221,221,3,19
56,221,221,4,419
56,221,221,5,6
56,221,221,6,155
56,221,221,7,2
56,221,221,8,6
56,221,221,9,3
56,221,221,10,7
56,221,221,11,2
56,221,221,12,11
56,221,221,13,872
56,221,221,14,0
56,221,221,15,883
56,221,221,16,0
56,221,221,17,945
56,221,221,18,92
56,221,221,0,0
56,222,222,1,0
56,222,222,2,195
56,222,222,3,15
56,222,222,4,259
56,222,222,5,1
56,222,222,6,185
56,222,222,7,1
56,222,222,8,2
56,222,222,9,1
56,222,222,10,0
56,222,222,11,0
56,222,222,12,2
56,222,222,13,659
56,222,222,14,0
56,222,222,15,661
56,222,222,16,0
56,222,222,17,819
56,222,222,18,80
56,222,222,0,0
56,223,223,1,0
56,223,223,2,182
56,223,223,3,13
56,223,223,4,240
56,223,223,5,0
56,223,223,6,155
56,223,223,7,0
56,223,223,8,0
56,223,223,9,0
56,223,223,10,1
56,223,223,11,1
56,223,223,12,2
56,223,223,13,592
56,223,223,14,0
56,223,223,15,594
56,223,223,16,0
56,223,223,17,826
56,223,223,18,71
56,223,223,0,0
56,224,224,1,0
56,224,224,2,170
56,224,224,3,2
56,224,224,4,199
56,224,224,5,4
56,224,224,6,136
56,224,224,7,0
56,224,224,8,0
56,224,224,9,1
56,224,224,10,1
56,224,224,11,3
56,224,224,12,0
56,224,224,13,516
56,224,224,14,0
56,224,224,15,516
56,224,224,16,0
56,224,224,17,602
56,224,224,18,85
56,224,224,0,0
56,225,225,1,0
56,225,225,2,290
56,225,225,3,4
56,225,225,4,144
56,225,225,5,2
56,225,225,6,116
56,225,225,7,1
56,225,225,8,1
56,225,225,9,1
56,225,225,10,0
56,225,225,11,0
56,225,225,12,4
56,225,225,13,559
56,225,225,14,0
56,225,225,15,563
56,225,225,16,0
56,225,225,17,717
56,225,225,18,77
56,225,225,0,0
56,226,226,1,0
56,226,226,2,180
56,226,226,3,6
56,226,226,4,267
56,226,226,5,1
56,226,226,6,145
56,226,226,7,2
56,226,226,8,0
56,226,226,9,1
56,226,226,10,1
56,226,226,11,1
56,226,226,12,0
56,226,226,13,604
56,226,226,14,0
56,226,226,15,604
56,226,226,16,0
56,226,226,17,750
56,226,226,18,80
56,226,226,0,0
56,227,227,1,0
56,227,227,2,193
56,227,227,3,15
56,227,227,4,216
56,227,227,5,3
56,227,227,6,162
56,227,227,7,0
56,227,227,8,5
56,227,227,9,2
56,227,227,10,0
56,227,227,11,2
56,227,227,12,6
56,227,227,13,598
56,227,227,14,0
56,227,227,15,604
56,227,227,16,0
56,227,227,17,709
56,227,227,18,84
56,227,227,0,0
56,228,228,1,0
56,228,228,2,322
56,228,228,3,23
56,228,228,4,138
56,228,228,5,4
56,228,228,6,310
56,228,228,7,3
56,228,228,8,0
56,228,228,9,1
56,228,228,10,1
56,228,228,11,2
56,228,228,12,8
56,228,228,13,804
56,228,228,14,0
56,228,228,15,812
56,228,228,16,0
56,228,228,17,1004
56,228,228,18,80
56,228,228,0,0
56,228,228,1,0
56,228,228,2,0
56,228,228,3,0
56,228,228,4,0
56,228,228,5,0
56,228,228,6,0
56,228,228,7,0
56,228,228,8,0
56,228,228,9,0
56,228,228,10,0
56,228,228,11,0
56,228,228,12,0
56,228,228,13,0
56,228,228,14,0
56,228,228,15,0
56,228,228,16,0
56,228,228,17,0
56,228,228,18,0
56,228,228,0,0
56,229,229,1,0
56,229,229,2,472
56,229,229,3,6
56,229,229,4,74
56,229,229,5,5
56,229,229,6,162
56,229,229,7,2
56,229,229,8,1
56,229,229,9,0
56,229,229,10,0
56,229,229,11,0
56,229,229,12,3
56,229,229,13,722
56,229,229,14,0
56,229,229,15,725
56,229,229,16,0
56,229,229,17,904
56,229,229,18,79
56,229,229,0,0
56,229,229,1,0
56,229,229,2,0
56,229,229,3,0
56,229,229,4,0
56,229,229,5,0
56,229,229,6,0
56,229,229,7,0
56,229,229,8,0
56,229,229,9,0
56,229,229,10,0
56,229,229,11,0
56,229,229,12,0
56,229,229,13,0
56,229,229,14,0
56,229,229,15,0
56,229,229,16,0
56,229,229,17,0
56,229,229,18,0
56,229,229,0,0
56,230,230,1,0
56,230,230,2,0
56,230,230,3,0
56,230,230,4,0
56,230,230,5,0
56,230,230,6,0
56,230,230,7,0
56,230,230,8,0
56,230,230,9,0
56,230,230,10,0
56,230,230,11,0
56,230,230,12,0
56,230,230,13,0
56,230,230,14,0
56,230,230,15,0
56,230,230,16,0
56,230,230,17,0
56,230,230,18,0
56,230,230,0,0
56,230,230,1,0
56,230,230,2,349
56,230,230,3,16
56,230,230,4,135
56,230,230,5,5
56,230,230,6,252
56,230,230,7,1
56,230,230,8,2
56,230,230,9,0
56,230,230,10,1
56,230,230,11,0
56,230,230,12,6
56,230,230,13,761
56,230,230,14,0
56,230,230,15,767
56,230,230,16,0
56,230,230,17,951
56,230,230,18,80
56,230,230,0,0
56,231,231,1,0
56,231,231,2,188
56,231,231,3,11
56,231,231,4,80
56,231,231,5,1
56,231,231,6,182
56,231,231,7,2
56,231,231,8,3
56,231,231,9,0
56,231,231,10,0
56,231,231,11,0
56,231,231,12,4
56,231,231,13,467
56,231,231,14,0
56,231,231,15,471
56,231,231,16,0
56,231,231,17,576
56,231,231,18,81
56,231,231,0,0
56,231,231,1,0
56,231,231,2,0
56,231,231,3,0
56,231,231,4,0
56,231,231,5,0
56,231,231,6,0
56,231,231,7,0
56,231,231,8,0
56,231,231,9,0
56,231,231,10,0
56,231,231,11,0
56,231,231,12,0
56,231,231,13,0
56,231,231,14,0
56,231,231,15,0
56,231,231,16,0
56,231,231,17,0
56,231,231,18,0
56,231,231,0,0
56,232,232,1,0
56,232,232,2,179
56,232,232,3,9
56,232,232,4,81
56,232,232,5,6
56,232,232,6,208
56,232,232,7,0
56,232,232,8,1
56,232,232,9,1
56,232,232,10,1
56,232,232,11,0
56,232,232,12,4
56,232,232,13,486
56,232,232,14,0
56,232,232,15,490
56,232,232,16,0
56,232,232,17,595
56,232,232,18,81
56,232,232,0,0
56,233,233,1,0
56,233,233,2,237
56,233,233,3,15
56,233,233,4,299
56,233,233,5,4
56,233,233,6,255
56,233,233,7,3
56,233,233,8,1
56,233,233,9,0
56,233,233,10,1
56,233,233,11,0
56,233,233,12,1
56,233,233,13,815
56,233,233,14,0
56,233,233,15,816
56,233,233,16,0
56,233,233,17,944
56,233,233,18,86
56,233,233,0,0
56,234,234,1,0
56,234,234,2,152
56,234,234,3,17
56,234,234,4,264
56,234,234,5,1
56,234,234,6,230
56,234,234,7,0
56,234,234,8,1
56,234,234,9,2
56,234,234,10,2
56,234,234,11,0
56,234,234,12,3
56,234,234,13,669
56,234,234,14,0
56,234,234,15,672
56,234,234,16,0
56,234,234,17,763
56,234,234,18,87
56,234,234,0,0
56,235,235,1,0
56,235,235,2,215
56,235,235,3,20
56,235,235,4,93
56,235,235,5,4
56,235,235,6,163
56,235,235,7,3
56,235,235,8,2
56,235,235,9,1
56,235,235,10,0
56,235,235,11,1
56,235,235,12,2
56,235,235,13,502
56,235,235,14,0
56,235,235,15,504
56,235,235,16,0
56,235,235,17,569
56,235,235,18,88
56,235,235,0,0
56,236,236,1,0
56,236,236,2,280
56,236,236,3,8
56,236,236,4,314
56,236,236,5,4
56,236,236,6,193
56,236,236,7,4
56,236,236,8,0
56,236,236,9,1
56,236,236,10,1
56,236,236,11,1
56,236,236,12,3
56,236,236,13,806
56,236,236,14,0
56,236,236,15,809
56,236,236,16,0
56,236,236,17,1000
56,236,236,18,80
56,236,236,0,0
56,237,237,1,0
56,237,237,2,391
56,237,237,3,15
56,237,237,4,206
56,237,237,5,2
56,237,237,6,259
56,237,237,7,0
56,237,237,8,0
56,237,237,9,1
56,237,237,10,2
56,237,237,11,5
56,237,237,12,15
56,237,237,13,881
56,237,237,14,0
56,237,237,15,896
56,237,237,16,0
56,237,237,17,1050
56,237,237,18,83
56,237,237,0,0
56,238,238,1,0
56,238,238,2,305
56,238,238,3,27
56,238,238,4,271
56,238,238,5,6
56,238,238,6,315
56,238,238,7,4
56,238,238,8,3
56,238,238,9,2
56,238,238,10,1
56,238,238,11,8
56,238,238,12,11
56,238,238,13,942
56,238,238,14,0
56,238,238,15,953
56,238,238,16,0
56,238,238,17,1094
56,238,238,18,86
56,238,238,0,0
56,239,239,1,0
56,239,239,2,258
56,239,239,3,18
56,239,239,4,411
56,239,239,5,2
56,239,239,6,156
56,239,239,7,1
56,239,239,8,3
56,239,239,9,3
56,239,239,10,1
56,239,239,11,3
56,239,239,12,4
56,239,239,13,856
56,239,239,14,0
56,239,239,15,860
56,239,239,16,0
56,239,239,17,993
56,239,239,18,86
56,239,239,0,0
56,240,240,1,0
56,240,240,2,0
56,240,240,3,0
56,240,240,4,0
56,240,240,5,0
56,240,240,6,0
56,240,240,7,0
56,240,240,8,0
56,240,240,9,0
56,240,240,10,0
56,240,240,11,0
56,240,240,12,0
56,240,240,13,0
56,240,240,14,0
56,240,240,15,0
56,240,240,16,0
56,240,240,17,0
56,240,240,18,0
56,240,240,0,0
56,240,240,1,0
56,240,240,2,348
56,240,240,3,17
56,240,240,4,246
56,240,240,5,2
56,240,240,6,163
56,240,240,7,2
56,240,240,8,0
56,240,240,9,1
56,240,240,10,0
56,240,240,11,2
56,240,240,12,6
56,240,240,13,781
56,240,240,14,0
56,240,240,15,787
56,240,240,16,0
56,240,240,17,959
56,240,240,18,81
56,240,240,0,0
56,241,241,1,0
56,241,241,2,350
56,241,241,3,19
56,241,241,4,305
56,241,241,5,6
56,241,241,6,151
56,241,241,7,1
56,241,241,8,5
56,241,241,9,1
56,241,241,10,3
56,241,241,11,6
56,241,241,12,15
56,241,241,13,847
56,241,241,14,0
56,241,241,15,862
56,241,241,16,0
56,241,241,17,945
56,241,241,18,89
56,241,241,0,0
56,241,241,1,0
56,241,241,2,0
56,241,241,3,0
56,241,241,4,0
56,241,241,5,0
56,241,241,6,0
56,241,241,7,0
56,241,241,8,0
56,241,241,9,0
56,241,241,10,0
56,241,241,11,0
56,241,241,12,0
56,241,241,13,0
56,241,241,14,0
56,241,241,15,0
56,241,241,16,0
56,241,241,17,0
56,241,241,18,0
56,241,241,0,0
56,242,242,1,0
56,242,242,2,0
56,242,242,3,0
56,242,242,4,0
56,242,242,5,0
56,242,242,6,0
56,242,242,7,0
56,242,242,8,0
56,242,242,9,0
56,242,242,10,0
56,242,242,11,0
56,242,242,12,0
56,242,242,13,0
56,242,242,14,0
56,242,242,15,0
56,242,242,16,0
56,242,242,17,0
56,242,242,18,0
56,242,242,0,0
56,242,242,1,0
56,242,242,2,267
56,242,242,3,20
56,242,242,4,295
56,242,242,5,1
56,242,242,6,201
56,242,242,7,1
56,242,242,8,2
56,242,242,9,2
56,242,242,10,1
56,242,242,11,3
56,242,242,12,7
56,242,242,13,793
56,242,242,14,0
56,242,242,15,800
56,242,242,16,0
56,242,242,17,936
56,242,242,18,84
56,242,242,0,0
56,243,243,1,0
56,243,243,2,0
56,243,243,3,0
56,243,243,4,0
56,243,243,5,0
56,243,243,6,0
56,243,243,7,0
56,243,243,8,0
56,243,243,9,0
56,243,243,10,0
56,243,243,11,0
56,243,243,12,0
56,243,243,13,0
56,243,243,14,0
56,243,243,15,0
56,243,243,16,0
56,243,243,17,0
56,243,243,18,0
56,243,243,0,0
56,243,243,1,0
56,243,243,2,122
56,243,243,3,7
56,243,243,4,181
56,243,243,5,0
56,243,243,6,65
56,243,243,7,0
56,243,243,8,0
56,243,243,9,0
56,243,243,10,1
56,243,243,11,0
56,243,243,12,0
56,243,243,13,376
56,243,243,14,0
56,243,243,15,376
56,243,243,16,0
56,243,243,17,471
56,243,243,18,79
56,243,243,0,0
56,244,244,1,0
56,244,244,2,308
56,244,244,3,17
56,244,244,4,390
56,244,244,5,10
56,244,244,6,149
56,244,244,7,3
56,244,244,8,2
56,244,244,9,0
56,244,244,10,4
56,244,244,11,10
56,244,244,12,4
56,244,244,13,893
56,244,244,14,0
56,244,244,15,897
56,244,244,16,0
56,244,244,17,1021
56,244,244,18,87
56,244,244,0,0
56,245,245,1,0
56,245,245,2,298
56,245,245,3,18
56,245,245,4,187
56,245,245,5,3
56,245,245,6,175
56,245,245,7,1
56,245,245,8,1
56,245,245,9,0
56,245,245,10,1
56,245,245,11,3
56,245,245,12,2
56,245,245,13,687
56,245,245,14,0
56,245,245,15,689
56,245,245,16,0
56,245,245,17,772
56,245,245,18,88
56,245,245,0,0
56,246,246,1,0
56,246,246,2,160
56,246,246,3,16
56,246,246,4,248
56,246,246,5,5
56,246,246,6,166
56,246,246,7,2
56,246,246,8,3
56,246,246,9,0
56,246,246,10,5
56,246,246,11,4
56,246,246,12,2
56,246,246,13,609
56,246,246,14,0
56,246,246,15,611
56,246,246,16,0
56,246,246,17,647
56,246,246,18,94
56,246,246,0,0
56,247,247,1,0
56,247,247,2,267
56,247,247,3,24
56,247,247,4,221
56,247,247,5,3
56,247,247,6,174
56,247,247,7,1
56,247,247,8,4
56,247,247,9,2
56,247,247,10,0
56,247,247,11,1
56,247,247,12,5
56,247,247,13,697
56,247,247,14,0
56,247,247,15,702
56,247,247,16,0
56,247,247,17,852
56,247,247,18,81
56,247,247,0,0
56,248,248,1,0
56,248,248,2,133
56,248,248,3,2
56,248,248,4,168
56,248,248,5,1
56,248,248,6,49
56,248,248,7,0
56,248,248,8,1
56,248,248,9,0
56,248,248,10,0
56,248,248,11,1
56,248,248,12,2
56,248,248,13,355
56,248,248,14,0
56,248,248,15,357
56,248,248,16,0
56,248,248,17,386
56,248,248,18,91
56,248,248,0,0
56,249,249,1,0
56,249,249,2,182
56,249,249,3,4
56,249,249,4,215
56,249,249,5,2
56,249,249,6,101
56,249,249,7,1
56,249,249,8,1
56,249,249,9,1
56,249,249,10,5
56,249,249,11,2
56,249,249,12,5
56,249,249,13,514
56,249,249,14,0
56,249,249,15,519
56,249,249,16,0
56,249,249,17,620
56,249,249,18,82
56,249,249,0,0
56,250,250,1,0
56,250,250,2,205
56,250,250,3,14
56,250,250,4,179
56,250,250,5,7
56,250,250,6,158
56,250,250,7,1
56,250,250,8,1
56,250,250,9,0
56,250,250,10,3
56,250,250,11,5
56,250,250,12,7
56,250,250,13,573
56,250,250,14,0
56,250,250,15,580
56,250,250,16,0
56,250,250,17,728
56,250,250,18,78
56,250,250,0,0
56,251,251,1,0
56,251,251,2,257
56,251,251,3,20
56,251,251,4,205
56,251,251,5,2
56,251,251,6,230
56,251,251,7,0
56,251,251,8,4
56,251,251,9,5
56,251,251,10,1
56,251,251,11,4
56,251,251,12,9
56,251,251,13,728
56,251,251,14,0
56,251,251,15,737
56,251,251,16,0
56,251,251,17,857
56,251,251,18,84
56,251,251,0,0
56,252,252,1,0
56,252,252,2,117
56,252,252,3,2
56,252,252,4,112
56,252,252,5,3
56,252,252,6,254
56,252,252,7,3
56,252,252,8,4
56,252,252,9,2
56,252,252,10,1
56,252,252,11,2
56,252,252,12,6
56,252,252,13,500
56,252,252,14,0
56,252,252,15,506
56,252,252,16,1
56,252,252,17,643
56,252,252,18,77
56,252,252,0,0
56,252,252,1,0
56,252,252,2,0
56,252,252,3,0
56,252,252,4,0
56,252,252,5,0
56,252,252,6,0
56,252,252,7,0
56,252,252,8,0
56,252,252,9,0
56,252,252,10,0
56,252,252,11,0
56,252,252,12,0
56,252,252,13,0
56,252,252,14,0
56,252,252,15,0
56,252,252,16,0
56,252,252,17,0
56,252,252,18,0
56,252,252,0,0
56,253,253,1,0
56,253,253,2,0
56,253,253,3,0
56,253,253,4,0
56,253,253,5,0
56,253,253,6,0
56,253,253,7,0
56,253,253,8,0
56,253,253,9,0
56,253,253,10,0
56,253,253,11,0
56,253,253,12,0
56,253,253,13,0
56,253,253,14,0
56,253,253,15,0
56,253,253,16,0
56,253,253,17,0
56,253,253,18,0
56,253,253,0,0
56,253,253,1,0
56,253,253,2,231
56,253,253,3,14
56,253,253,4,208
56,253,253,5,3
56,253,253,6,133
56,253,253,7,1
56,253,253,8,0
56,253,253,9,1
56,253,253,10,0
56,253,253,11,0
56,253,253,12,5
56,253,253,13,591
56,253,253,14,0
56,253,253,15,596
56,253,253,16,0
56,253,253,17,821
56,253,253,18,71
56,253,253,0,0
56,254,254,1,0
56,254,254,2,0
56,254,254,3,0
56,254,254,4,0
56,254,254,5,0
56,254,254,6,0
56,254,254,7,0
56,254,254,8,0
56,254,254,9,0
56,254,254,10,0
56,254,254,11,0
56,254,254,12,0
56,254,254,13,0
56,254,254,14,0
56,254,254,15,0
56,254,254,16,0
56,254,254,17,0
56,254,254,18,0
56,254,254,0,0
56,254,254,1,0
56,254,254,2,346
56,254,254,3,8
56,254,254,4,134
56,254,254,5,4
56,254,254,6,167
56,254,254,7,0
56,254,254,8,3
56,254,254,9,0
56,254,254,10,1
56,254,254,11,0
56,254,254,12,2
56,254,254,13,663
56,254,254,14,0
56,254,254,15,665
56,254,254,16,0
56,254,254,17,919
56,254,254,18,72
56,254,254,0,0
56,255,255,1,0
56,255,255,2,305
56,255,255,3,5
56,255,255,4,130
56,255,255,5,3
56,255,255,6,95
56,255,255,7,0
56,255,255,8,1
56,255,255,9,0
56,255,255,10,0
56,255,255,11,0
56,255,255,12,1
56,255,255,13,539
56,255,255,14,0
56,255,255,15,540
56,255,255,16,0
56,255,255,17,697
56,255,255,18,77
56,255,255,0,0
56,255,255,1,0
56,255,255,2,0
56,255,255,3,0
56,255,255,4,0
56,255,255,5,0
56,255,255,6,0
56,255,255,7,0
56,255,255,8,0
56,255,255,9,0
56,255,255,10,0
56,255,255,11,0
56,255,255,12,0
56,255,255,13,0
56,255,255,14,0
56,255,255,15,0
56,255,255,16,0
56,255,255,17,0
56,255,255,18,0
56,255,255,0,0
56,256,256,1,0
56,256,256,2,182
56,256,256,3,0
56,256,256,4,98
56,256,256,5,2
56,256,256,6,81
56,256,256,7,0
56,256,256,8,2
56,256,256,9,0
56,256,256,10,0
56,256,256,11,1
56,256,256,12,2
56,256,256,13,366
56,256,256,14,0
56,256,256,15,368
56,256,256,16,0
56,256,256,17,473
56,256,256,18,77
56,256,256,0,0
56,257,257,1,0
56,257,257,2,420
56,257,257,3,7
56,257,257,4,171
56,257,257,5,2
56,257,257,6,113
56,257,257,7,1
56,257,257,8,1
56,257,257,9,0
56,257,257,10,3
56,257,257,11,3
56,257,257,12,2
56,257,257,13,721
56,257,257,14,0
56,257,257,15,723
56,257,257,16,0
56,257,257,17,1054
56,257,257,18,68
56,257,257,0,0
56,258,258,1,0
56,258,258,2,289
56,258,258,3,7
56,258,258,4,113
56,258,258,5,2
56,258,258,6,116
56,258,258,7,1
56,258,258,8,0
56,258,258,9,0
56,258,258,10,1
56,258,258,11,0
56,258,258,12,1
56,258,258,13,529
56,258,258,14,0
56,258,258,15,530
56,258,258,16,0
56,258,258,17,634
56,258,258,18,83
56,258,258,0,0
56,259,259,1,0
56,259,259,2,582
56,259,259,3,8
56,259,259,4,92
56,259,259,5,2
56,259,259,6,71
56,259,259,7,0
56,259,259,8,0
56,259,259,9,0
56,259,259,10,0
56,259,259,11,0
56,259,259,12,4
56,259,259,13,755
56,259,259,14,0
56,259,259,15,759
56,259,259,16,0
56,259,259,17,900
56,259,259,18,83
56,259,259,0,0
56,260,260,1,0
56,260,260,2,340
56,260,260,3,2
56,260,260,4,44
56,260,260,5,0
56,260,260,6,77
56,260,260,7,0
56,260,260,8,6
56,260,260,9,0
56,260,260,10,0
56,260,260,11,1
56,260,260,12,3
56,260,260,13,470
56,260,260,14,0
56,260,260,15,473
56,260,260,16,0
56,260,260,17,670
56,260,260,18,70
56,260,260,0,0
56,261,261,1,0
56,261,261,2,318
56,261,261,3,3
56,261,261,4,59
56,261,261,5,1
56,261,261,6,159
56,261,261,7,0
56,261,261,8,20
56,261,261,9,0
56,261,261,10,1
56,261,261,11,1
56,261,261,12,3
56,261,261,13,562
56,261,261,14,0
56,261,261,15,565
56,261,261,16,0
56,261,261,17,739
56,261,261,18,76
56,261,261,0,0
56,262,262,1,0
56,262,262,2,507
56,262,262,3,3
56,262,262,4,28
56,262,262,5,0
56,262,262,6,91
56,262,262,7,1
56,262,262,8,3
56,262,262,9,0
56,262,262,10,0
56,262,262,11,0
56,262,262,12,3
56,262,262,13,633
56,262,262,14,0
56,262,262,15,636
56,262,262,16,0
56,262,262,17,751
56,262,262,18,84
56,262,262,0,0
56,263,263,1,0
56,263,263,2,255
56,263,263,3,13
56,263,263,4,83
56,263,263,5,2
56,263,263,6,402
56,263,263,7,3
56,263,263,8,7
56,263,263,9,0
56,263,263,10,0
56,263,263,11,0
56,263,263,12,3
56,263,263,13,765
56,263,263,14,0
56,263,263,15,768
56,263,263,16,0
56,263,263,17,910
56,263,263,18,84
56,263,263,0,0
56,264,264,1,0
56,264,264,2,209
56,264,264,3,11
56,264,264,4,108
56,264,264,5,0
56,264,264,6,323
56,264,264,7,2
56,264,264,8,7
56,264,264,9,0
56,264,264,10,2
56,264,264,11,0
56,264,264,12,2
56,264,264,13,662
56,264,264,14,0
56,264,264,15,664
56,264,264,16,0
56,264,264,17,798
56,264,264,18,82
56,264,264,0,0
56,264,264,1,0
56,264,264,2,0
56,264,264,3,0
56,264,264,4,0
56,264,264,5,0
56,264,264,6,0
56,264,264,7,0
56,264,264,8,0
56,264,264,9,0
56,264,264,10,0
56,264,264,11,0
56,264,264,12,0
56,264,264,13,0
56,264,264,14,0
56,264,264,15,0
56,264,264,16,0
56,264,264,17,0
56,264,264,18,0
56,264,264,0,0
56,265,265,1,0
56,265,265,2,0
56,265,265,3,0
56,265,265,4,0
56,265,265,5,0
56,265,265,6,0
56,265,265,7,0
56,265,265,8,0
56,265,265,9,0
56,265,265,10,0
56,265,265,11,0
56,265,265,12,0
56,265,265,13,0
56,265,265,14,0
56,265,265,15,0
56,265,265,16,0
56,265,265,17,0
56,265,265,18,0
56,265,265,0,0
56,265,265,1,0
56,265,265,2,247
56,265,265,3,7
56,265,265,4,115
56,265,265,5,4
56,265,265,6,319
56,265,265,7,0
56,265,265,8,11
56,265,265,9,0
56,265,265,10,1
56,265,265,11,1
56,265,265,12,2
56,265,265,13,705
56,265,265,14,0
56,265,265,15,707
56,265,265,16,0
56,265,265,17,822
56,265,265,18,85
56,265,265,0,0
56,266,266,1,0
56,266,266,2,0
56,266,266,3,0
56,266,266,4,0
56,266,266,5,0
56,266,266,6,0
56,266,266,7,0
56,266,266,8,0
56,266,266,9,0
56,266,266,10,0
56,266,266,11,0
56,266,266,12,0
56,266,266,13,0
56,266,266,14,0
56,266,266,15,0
56,266,266,16,0
56,266,266,17,0
56,266,266,18,0
56,266,266,0,0
56,266,266,1,0
56,266,266,2,430
56,266,266,3,7
56,266,266,4,217
56,266,266,5,1
56,266,266,6,100
56,266,266,7,1
56,266,266,8,3
56,266,266,9,0
56,266,266,10,0
56,266,266,11,1
56,266,266,12,2
56,266,266,13,760
56,266,266,14,0
56,266,266,15,762
56,266,266,16,0
56,266,266,17,952
56,266,266,18,79
56,266,266,0,0
56,267,267,1,0
56,267,267,2,113
56,267,267,3,12
56,267,267,4,265
56,267,267,5,0
56,267,267,6,152
56,267,267,7,0
56,267,267,8,2
56,267,267,9,0
56,267,267,10,2
56,267,267,11,0
56,267,267,12,4
56,267,267,13,546
56,267,267,14,0
56,267,267,15,550
56,267,267,16,0
56,267,267,17,815
56,267,267,18,66
56,267,267,0,0
56,267,267,1,0
56,267,267,2,0
56,267,267,3,0
56,267,267,4,0
56,267,267,5,0
56,267,267,6,0
56,267,267,7,0
56,267,267,8,0
56,267,267,9,0
56,267,267,10,0
56,267,267,11,0
56,267,267,12,0
56,267,267,13,0
56,267,267,14,0
56,267,267,15,0
56,267,267,16,0
56,267,267,17,0
56,267,267,18,0
56,267,267,0,0
56,268,268,1,0
56,268,268,2,206
56,268,268,3,9
56,268,268,4,236
56,268,268,5,1
56,268,268,6,121
56,268,268,7,0
56,268,268,8,0
56,268,268,9,0
56,268,268,10,1
56,268,268,11,0
56,268,268,12,2
56,268,268,13,574
56,268,268,14,0
56,268,268,15,576
56,268,268,16,0
56,268,268,17,758
56,268,268,18,75
56,268,268,0,0
56,269,269,1,0
56,269,269,2,108
56,269,269,3,15
56,269,269,4,264
56,269,269,5,3
56,269,269,6,194
56,269,269,7,2
56,269,269,8,1
56,269,269,9,0
56,269,269,10,1
56,269,269,11,2
56,269,269,12,2
56,269,269,13,590
56,269,269,14,0
56,269,269,15,592
56,269,269,16,1
56,269,269,17,794
56,269,269,18,74
56,269,269,0,0
56,270,270,1,0
56,270,270,2,141
56,270,270,3,5
56,270,270,4,272
56,270,270,5,3
56,270,270,6,141
56,270,270,7,1
56,270,270,8,0
56,270,270,9,0
56,270,270,10,1
56,270,270,11,2
56,270,270,12,5
56,270,270,13,566
56,270,270,14,0
56,270,270,15,571
56,270,270,16,0
56,270,270,17,863
56,270,270,18,65
56,270,270,0,0
56,271,271,1,0
56,271,271,2,140
56,271,271,3,4
56,271,271,4,201
56,271,271,5,1
56,271,271,6,136
56,271,271,7,0
56,271,271,8,4
56,271,271,9,1
56,271,271,10,0
56,271,271,11,0
56,271,271,12,1
56,271,271,13,487
56,271,271,14,0
56,271,271,15,488
56,271,271,16,0
56,271,271,17,644
56,271,271,18,75
56,271,271,0,0
56,272,272,1,0
56,272,272,2,151
56,272,272,3,3
56,272,272,4,273
56,272,272,5,3
56,272,272,6,148
56,272,272,7,0
56,272,272,8,4
56,272,272,9,1
56,272,272,10,4
56,272,272,11,1
56,272,272,12,5
56,272,272,13,588
56,272,272,14,0
56,272,272,15,593
56,272,272,16,1
56,272,272,17,773
56,272,272,18,76
56,272,272,0,0
56,273,273,1,0
56,273,273,2,265
56,273,273,3,18
56,273,273,4,231
56,273,273,5,4
56,273,273,6,171
56,273,273,7,2
56,273,273,8,4
56,273,273,9,2
56,273,273,10,2
56,273,273,11,1
56,273,273,12,6
56,273,273,13,700
56,273,273,14,0
56,273,273,15,706
56,273,273,16,1
56,273,273,17,858
56,273,273,18,81
56,273,273,0,0
56,274,274,1,0
56,274,274,2,188
56,274,274,3,16
56,274,274,4,185
56,274,274,5,3
56,274,274,6,136
56,274,274,7,0
56,274,274,8,0
56,274,274,9,1
56,274,274,10,0
56,274,274,11,0
56,274,274,12,0
56,274,274,13,529
56,274,274,14,0
56,274,274,15,529
56,274,274,16,0
56,274,274,17,648
56,274,274,18,81
56,274,274,0,0
56,275,275,1,0
56,275,275,2,180
56,275,275,3,5
56,275,275,4,273
56,275,275,5,4
56,275,275,6,162
56,275,275,7,2
56,275,275,8,2
56,275,275,9,0
56,275,275,10,0
56,275,275,11,0
56,275,275,12,0
56,275,275,13,628
56,275,275,14,0
56,275,275,15,628
56,275,275,16,0
56,275,275,17,721
56,275,275,18,87
56,275,275,0,0
56,276,276,1,0
56,276,276,2,0
56,276,276,3,0
56,276,276,4,0
56,276,276,5,0
56,276,276,6,0
56,276,276,7,0
56,276,276,8,0
56,276,276,9,0
56,276,276,10,0
56,276,276,11,0
56,276,276,12,0
56,276,276,13,0
56,276,276,14,0
56,276,276,15,0
56,276,276,16,0
56,276,276,17,0
56,276,276,18,0
56,276,276,0,0
56,276,276,1,0
56,276,276,2,156
56,276,276,3,17
56,276,276,4,299
56,276,276,5,2
56,276,276,6,157
56,276,276,7,1
56,276,276,8,1
56,276,276,9,3
56,276,276,10,2
56,276,276,11,0
56,276,276,12,6
56,276,276,13,638
56,276,276,14,0
56,276,276,15,644
56,276,276,16,0
56,276,276,17,856
56,276,276,18,74
56,276,276,0,0
56,277,277,1,0
56,277,277,2,295
56,277,277,3,20
56,277,277,4,329
56,277,277,5,2
56,277,277,6,144
56,277,277,7,3
56,277,277,8,3
56,277,277,9,0
56,277,277,10,1
56,277,277,11,0
56,277,277,12,1
56,277,277,13,797
56,277,277,14,0
56,277,277,15,798
56,277,277,16,0
56,277,277,17,1011
56,277,277,18,78
56,277,277,0,0
56,277,277,1,0
56,277,277,2,0
56,277,277,3,0
56,277,277,4,0
56,277,277,5,0
56,277,277,6,0
56,277,277,7,0
56,277,277,8,0
56,277,277,9,0
56,277,277,10,0
56,277,277,11,0
56,277,277,12,0
56,277,277,13,0
56,277,277,14,0
56,277,277,15,0
56,277,277,16,0
56,277,277,17,0
56,277,277,18,0
56,277,277,0,0
56,278,278,1,0
56,278,278,2,280
56,278,278,3,6
56,278,278,4,451
56,278,278,5,4
56,278,278,6,122
56,278,278,7,0
56,278,278,8,2
56,278,278,9,1
56,278,278,10,4
56,278,278,11,2
56,278,278,12,3
56,278,278,13,872
56,278,278,14,0
56,278,278,15,875
56,278,278,16,0
56,278,278,17,956
56,278,278,18,91
56,278,278,0,0
56,278,278,1,0
56,278,278,2,0
56,278,278,3,0
56,278,278,4,0
56,278,278,5,0
56,278,278,6,0
56,278,278,7,0
56,278,278,8,0
56,278,278,9,0
56,278,278,10,0
56,278,278,11,0
56,278,278,12,0
56,278,278,13,0
56,278,278,14,0
56,278,278,15,0
56,278,278,16,0
56,278,278,17,0
56,278,278,18,0
56,278,278,0,0
56,279,279,1,0
56,279,279,2,0
56,279,279,3,0
56,279,279,4,0
56,279,279,5,0
56,279,279,6,0
56,279,279,7,0
56,279,279,8,0
56,279,279,9,0
56,279,279,10,0
56,279,279,11,0
56,279,279,12,0
56,279,279,13,0
56,279,279,14,0
56,279,279,15,0
56,279,279,16,0
56,279,279,17,0
56,279,279,18,0
56,279,279,0,0
56,279,279,1,0
56,279,279,2,379
56,279,279,3,15
56,279,279,4,275
56,279,279,5,5
56,279,279,6,201
56,279,279,7,2
56,279,279,8,4
56,279,279,9,1
56,279,279,10,2
56,279,279,11,2
56,279,279,12,9
56,279,279,13,886
56,279,279,14,0
56,279,279,15,895
56,279,279,16,0
56,279,279,17,1062
56,279,279,18,83
56,279,279,0,0
56,280,280,1,0
56,280,280,2,298
56,280,280,3,10
56,280,280,4,277
56,280,280,5,4
56,280,280,6,128
56,280,280,7,1
56,280,280,8,6
56,280,280,9,1
56,280,280,10,1
56,280,280,11,3
56,280,280,12,4
56,280,280,13,729
56,280,280,14,0
56,280,280,15,733
56,280,280,16,0
56,280,280,17,818
56,280,280,18,89
56,280,280,0,0
56,281,281,1,0
56,281,281,2,249
56,281,281,3,14
56,281,281,4,390
56,281,281,5,4
56,281,281,6,132
56,281,281,7,4
56,281,281,8,1
56,281,281,9,0
56,281,281,10,1
56,281,281,11,3
56,281,281,12,8
56,281,281,13,798
56,281,281,14,0
56,281,281,15,806
56,281,281,16,0
56,281,281,17,908
56,281,281,18,87
56,281,281,0,0
56,282,282,1,0
56,282,282,2,119
56,282,282,3,4
56,282,282,4,296
56,282,282,5,9
56,282,282,6,71
56,282,282,7,0
56,282,282,8,1
56,282,282,9,4
56,282,282,10,3
56,282,282,11,3
56,282,282,12,5
56,282,282,13,510
56,282,282,14,0
56,282,282,15,515
56,282,282,16,0
56,282,282,17,598
56,282,282,18,85
56,282,282,0,0
56,283,283,1,0
56,283,283,2,175
56,283,283,3,7
56,283,283,4,189
56,283,283,5,0
56,283,283,6,79
56,283,283,7,3
56,283,283,8,4
56,283,283,9,0
56,283,283,10,1
56,283,283,11,1
56,283,283,12,2
56,283,283,13,459
56,283,283,14,0
56,283,283,15,461
56,283,283,16,0
56,283,283,17,523
56,283,283,18,87
56,283,283,0,0
56,284,284,1,0
56,284,284,2,252
56,284,284,3,16
56,284,284,4,237
56,284,284,5,2
56,284,284,6,269
56,284,284,7,1
56,284,284,8,1
56,284,284,9,1
56,284,284,10,2
56,284,284,11,2
56,284,284,12,2
56,284,284,13,783
56,284,284,14,0
56,284,284,15,785
56,284,284,16,0
56,284,284,17,1008
56,284,284,18,77
56,284,284,0,0
56,285,285,1,0
56,285,285,2,173
56,285,285,3,6
56,285,285,4,230
56,285,285,5,0
56,285,285,6,139
56,285,285,7,1
56,285,285,8,2
56,285,285,9,3
56,285,285,10,2
56,285,285,11,1
56,285,285,12,7
56,285,285,13,557
56,285,285,14,0
56,285,285,15,564
56,285,285,16,0
56,285,285,17,639
56,285,285,18,87
56,285,285,0,0
56,286,286,1,0
56,286,286,2,219
56,286,286,3,12
56,286,286,4,262
56,286,286,5,7
56,286,286,6,167
56,286,286,7,2
56,286,286,8,4
56,286,286,9,0
56,286,286,10,1
56,286,286,11,2
56,286,286,12,5
56,286,286,13,676
56,286,286,14,0
56,286,286,15,681
56,286,286,16,0
56,286,286,17,728
56,286,286,18,92
56,286,286,0,0
56,287,287,1,0
56,287,287,2,224
56,287,287,3,14
56,287,287,4,138
56,287,287,5,7
56,287,287,6,225
56,287,287,7,3
56,287,287,8,7
56,287,287,9,0
56,287,287,10,1
56,287,287,11,3
56,287,287,12,1
56,287,287,13,622
56,287,287,14,0
56,287,287,15,623
56,287,287,16,0
56,287,287,17,710
56,287,287,18,87
56,287,287,0,0
56,288,288,1,0
56,288,288,2,131
56,288,288,3,6
56,288,288,4,40
56,288,288,5,0
56,288,288,6,114
56,288,288,7,0
56,288,288,8,0
56,288,288,9,0
56,288,288,10,0
56,288,288,11,1
56,288,288,12,4
56,288,288,13,292
56,288,288,14,0
56,288,288,15,296
56,288,288,16,0
56,288,288,17,313
56,288,288,18,93
56,288,288,0,0
56,288,288,1,0
56,288,288,2,0
56,288,288,3,0
56,288,288,4,0
56,288,288,5,0
56,288,288,6,0
56,288,288,7,0
56,288,288,8,0
56,288,288,9,0
56,288,288,10,0
56,288,288,11,0
56,288,288,12,0
56,288,288,13,0
56,288,288,14,0
56,288,288,15,0
56,288,288,16,0
56,288,288,17,0
56,288,288,18,0
56,288,288,0,0
56,289,289,1,0
56,289,289,2,0
56,289,289,3,0
56,289,289,4,0
56,289,289,5,0
56,289,289,6,0
56,289,289,7,0
56,289,289,8,0
56,289,289,9,0
56,289,289,10,0
56,289,289,11,0
56,289,289,12,0
56,289,289,13,0
56,289,289,14,0
56,289,289,15,0
56,289,289,16,0
56,289,289,17,0
56,289,289,18,0
56,289,289,0,0
56,289,289,1,0
56,289,289,2,207
56,289,289,3,6
56,289,289,4,295
56,289,289,5,1
56,289,289,6,58
56,289,289,7,0
56,289,289,8,1
56,289,289,9,1
56,289,289,10,0
56,289,289,11,0
56,289,289,12,1
56,289,289,13,569
56,289,289,14,0
56,289,289,15,570
56,289,289,16,0
56,289,289,17,706
56,289,289,18,80
56,289,289,0,0
56,290,290,1,0
56,290,290,2,234
56,290,290,3,26
56,290,290,4,220
56,290,290,5,6
56,290,290,6,352
56,290,290,7,6
56,290,290,8,4
56,290,290,9,2
56,290,290,10,1
56,290,290,11,6
56,290,290,12,9
56,290,290,13,857
56,290,290,14,0
56,290,290,15,866
56,290,290,16,0
56,290,290,17,1030
56,290,290,18,83
56,290,290,0,0
56,290,290,1,0
56,290,290,2,0
56,290,290,3,0
56,290,290,4,0
56,290,290,5,0
56,290,290,6,0
56,290,290,7,0
56,290,290,8,0
56,290,290,9,0
56,290,290,10,0
56,290,290,11,0
56,290,290,12,0
56,290,290,13,0
56,290,290,14,0
56,290,290,15,0
56,290,290,16,0
56,290,290,17,0
56,290,290,18,0
56,290,290,0,0
56,291,291,1,0
56,291,291,2,0
56,291,291,3,0
56,291,291,4,0
56,291,291,5,0
56,291,291,6,0
56,291,291,7,0
56,291,291,8,0
56,291,291,9,0
56,291,291,10,0
56,291,291,11,0
56,291,291,12,0
56,291,291,13,0
56,291,291,14,0
56,291,291,15,0
56,291,291,16,0
56,291,291,17,0
56,291,291,18,0
56,291,291,0,0
56,291,291,1,0
56,291,291,2,254
56,291,291,3,22
56,291,291,4,94
56,291,291,5,2
56,291,291,6,181
56,291,291,7,1
56,291,291,8,3
56,291,291,9,0
56,291,291,10,2
56,291,291,11,1
56,291,291,12,15
56,291,291,13,560
56,291,291,14,0
56,291,291,15,575
56,291,291,16,0
56,291,291,17,621
56,291,291,18,90
56,291,291,0,0
56,292,292,1,0
56,292,292,2,289
56,292,292,3,12
56,292,292,4,300
56,292,292,5,3
56,292,292,6,243
56,292,292,7,3
56,292,292,8,8
56,292,292,9,0
56,292,292,10,1
56,292,292,11,3
56,292,292,12,8
56,292,292,13,862
56,292,292,14,0
56,292,292,15,870
56,292,292,16,0
56,292,292,17,1013
56,292,292,18,85
56,292,292,0,0
56,293,293,1,0
56,293,293,2,264
56,293,293,3,16
56,293,293,4,235
56,293,293,5,8
56,293,293,6,205
56,293,293,7,3
56,293,293,8,0
56,293,293,9,4
56,293,293,10,0
56,293,293,11,1
56,293,293,12,12
56,293,293,13,736
56,293,293,14,0
56,293,293,15,748
56,293,293,16,0
56,293,293,17,837
56,293,293,18,87
56,293,293,0,0
56,294,294,1,0
56,294,294,2,160
56,294,294,3,5
56,294,294,4,237
56,294,294,5,2
56,294,294,6,70
56,294,294,7,0
56,294,294,8,5
56,294,294,9,1
56,294,294,10,3
56,294,294,11,3
56,294,294,12,2
56,294,294,13,486
56,294,294,14,0
56,294,294,15,488
56,294,294,16,0
56,294,294,17,581
56,294,294,18,83
56,294,294,0,0
56,295,295,1,0
56,295,295,2,187
56,295,295,3,11
56,295,295,4,175
56,295,295,5,3
56,295,295,6,114
56,295,295,7,1
56,295,295,8,5
56,295,295,9,0
56,295,295,10,2
56,295,295,11,4
56,295,295,12,8
56,295,295,13,502
56,295,295,14,0
56,295,295,15,510
56,295,295,16,1
56,295,295,17,612
56,295,295,18,82
56,295,295,0,0
56,296,296,1,0
56,296,296,2,237
56,296,296,3,17
56,296,296,4,192
56,296,296,5,3
56,296,296,6,209
56,296,296,7,0
56,296,296,8,7
56,296,296,9,0
56,296,296,10,1
56,296,296,11,3
56,296,296,12,8
56,296,296,13,669
56,296,296,14,0
56,296,296,15,677
56,296,296,16,0
56,296,296,17,744
56,296,296,18,89
56,296,296,0,0
56,297,297,1,0
56,297,297,2,268
56,297,297,3,14
56,297,297,4,147
56,297,297,5,5
56,297,297,6,166
56,297,297,7,3
56,297,297,8,3
56,297,297,9,1
56,297,297,10,3
56,297,297,11,4
56,297,297,12,6
56,297,297,13,614
56,297,297,14,0
56,297,297,15,620
56,297,297,16,0
56,297,297,17,707
56,297,297,18,86
56,297,297,0,0
56,298,298,1,0
56,298,298,2,167
56,298,298,3,12
56,298,298,4,75
56,298,298,5,1
56,298,298,6,101
56,298,298,7,2
56,298,298,8,0
56,298,298,9,2
56,298,298,10,1
56,298,298,11,2
56,298,298,12,5
56,298,298,13,363
56,298,298,14,0
56,298,298,15,368
56,298,298,16,0
56,298,298,17,457
56,298,298,18,79
56,298,298,0,0
56,299,299,1,0
56,299,299,2,308
56,299,299,3,18
56,299,299,4,207
56,299,299,5,2
56,299,299,6,204
56,299,299,7,1
56,299,299,8,4
56,299,299,9,0
56,299,299,10,2
56,299,299,11,2
56,299,299,12,7
56,299,299,13,748
56,299,299,14,0
56,299,299,15,755
56,299,299,16,0
56,299,299,17,811
56,299,299,18,92
56,299,299,0,0
56,300,300,1,0
56,300,300,2,0
56,300,300,3,0
56,300,300,4,0
56,300,300,5,0
56,300,300,6,0
56,300,300,7,0
56,300,300,8,0
56,300,300,9,0
56,300,300,10,0
56,300,300,11,0
56,300,300,12,0
56,300,300,13,0
56,300,300,14,0
56,300,300,15,0
56,300,300,16,0
56,300,300,17,0
56,300,300,18,0
56,300,300,0,0
56,300,300,1,0
56,300,300,2,150
56,300,300,3,8
56,300,300,4,166
56,300,300,5,3
56,300,300,6,161
56,300,300,7,2
56,300,300,8,1
56,300,300,9,0
56,300,300,10,1
56,300,300,11,1
56,300,300,12,0
56,300,300,13,493
56,300,300,14,0
56,300,300,15,493
56,300,300,16,0
56,300,300,17,557
56,300,300,18,88
56,300,300,0,0
56,301,301,1,0
56,301,301,2,338
56,301,301,3,13
56,301,301,4,189
56,301,301,5,4
56,301,301,6,297
56,301,301,7,1
56,301,301,8,2
56,301,301,9,0
56,301,301,10,1
56,301,301,11,2
56,301,301,12,8
56,301,301,13,847
56,301,301,14,0
56,301,301,15,855
56,301,301,16,0
56,301,301,17,921
56,301,301,18,91
56,301,301,0,0
56,301,301,1,0
56,301,301,2,0
56,301,301,3,0
56,301,301,4,0
56,301,301,5,0
56,301,301,6,0
56,301,301,7,0
56,301,301,8,0
56,301,301,9,0
56,301,301,10,0
56,301,301,11,0
56,301,301,12,0
56,301,301,13,0
56,301,301,14,0
56,301,301,15,0
56,301,301,16,0
56,301,301,17,0
56,301,301,18,0
56,301,301,0,0
56,302,302,1,0
56,302,302,2,0
56,302,302,3,0
56,302,302,4,0
56,302,302,5,0
56,302,302,6,0
56,302,302,7,0
56,302,302,8,0
56,302,302,9,0
56,302,302,10,0
56,302,302,11,0
56,302,302,12,0
56,302,302,13,0
56,302,302,14,0
56,302,302,15,0
56,302,302,16,0
56,302,302,17,0
56,302,302,18,0
56,302,302,0,0
56,302,302,1,0
56,302,302,2,134
56,302,302,3,15
56,302,302,4,274
56,302,302,5,1
56,302,302,6,200
56,302,302,7,0
56,302,302,8,3
56,302,302,9,0
56,302,302,10,3
56,302,302,11,2
56,302,302,12,4
56,302,302,13,632
56,302,302,14,0
56,302,302,15,636
56,302,302,16,0
56,302,302,17,722
56,302,302,18,87
56,302,302,0,0
56,303,303,1,0
56,303,303,2,361
56,303,303,3,11
56,303,303,4,244
56,303,303,5,2
56,303,303,6,226
56,303,303,7,0
56,303,303,8,2
56,303,303,9,1
56,303,303,10,0
56,303,303,11,1
56,303,303,12,11
56,303,303,13,848
56,303,303,14,0
56,303,303,15,859
56,303,303,16,0
56,303,303,17,1009
56,303,303,18,84
56,303,303,0,0
56,303,303,1,0
56,303,303,2,0
56,303,303,3,0
56,303,303,4,0
56,303,303,5,0
56,303,303,6,0
56,303,303,7,0
56,303,303,8,0
56,303,303,9,0
56,303,303,10,0
56,303,303,11,0
56,303,303,12,0
56,303,303,13,0
56,303,303,14,0
56,303,303,15,0
56,303,303,16,0
56,303,303,17,0
56,303,303,18,0
56,303,303,0,0
56,304,304,1,0
56,304,304,2,271
56,304,304,3,7
56,304,304,4,194
56,304,304,5,4
56,304,304,6,196
56,304,304,7,2
56,304,304,8,3
56,304,304,9,3
56,304,304,10,0
56,304,304,11,5
56,304,304,12,11
56,304,304,13,685
56,304,304,14,0
56,304,304,15,696
56,304,304,16,0
56,304,304,17,772
56,304,304,18,88
56,304,304,0,0
56,305,305,1,0
56,305,305,2,174
56,305,305,3,11
56,305,305,4,210
56,305,305,5,2
56,305,305,6,114
56,305,305,7,1
56,305,305,8,2
56,305,305,9,3
56,305,305,10,3
56,305,305,11,4
56,305,305,12,4
56,305,305,13,524
56,305,305,14,0
56,305,305,15,528
56,305,305,16,0
56,305,305,17,659
56,305,305,18,79
56,305,305,0,0
56,306,306,1,0
56,306,306,2,142
56,306,306,3,27
56,306,306,4,228
56,306,306,5,3
56,306,306,6,192
56,306,306,7,3
56,306,306,8,6
56,306,306,9,3
56,306,306,10,1
56,306,306,11,3
56,306,306,12,4
56,306,306,13,608
56,306,306,14,0
56,306,306,15,612
56,306,306,16,0
56,306,306,17,697
56,306,306,18,87
56,306,306,0,0
56,307,307,1,0
56,307,307,2,197
56,307,307,3,12
56,307,307,4,208
56,307,307,5,8
56,307,307,6,106
56,307,307,7,0
56,307,307,8,0
56,307,307,9,1
56,307,307,10,5
56,307,307,11,0
56,307,307,12,3
56,307,307,13,537
56,307,307,14,0
56,307,307,15,540
56,307,307,16,0
56,307,307,17,569
56,307,307,18,94
56,307,307,0,0
56,308,308,1,0
56,308,308,2,213
56,308,308,3,18
56,308,308,4,464
56,308,308,5,9
56,308,308,6,212
56,308,308,7,3
56,308,308,8,5
56,308,308,9,2
56,308,308,10,4
56,308,308,11,1
56,308,308,12,3
56,308,308,13,931
56,308,308,14,0
56,308,308,15,934
56,308,308,16,0
56,308,308,17,1004
56,308,308,18,92
56,308,308,0,0
56,309,309,1,0
56,309,309,2,236
56,309,309,3,10
56,309,309,4,414
56,309,309,5,3
56,309,309,6,180
56,309,309,7,1
56,309,309,8,3
56,309,309,9,3
56,309,309,10,0
56,309,309,11,2
56,309,309,12,7
56,309,309,13,852
56,309,309,14,0
56,309,309,15,859
56,309,309,16,0
56,309,309,17,958
56,309,309,18,88
56,309,309,0,0
56,310,310,1,0
56,310,310,2,213
56,310,310,3,1
56,310,310,4,173
56,310,310,5,3
56,310,310,6,115
56,310,310,7,2
56,310,310,8,7
56,310,310,9,2
56,310,310,10,2
56,310,310,11,1
56,310,310,12,3
56,310,310,13,519
56,310,310,14,0
56,310,310,15,522
56,310,310,16,0
56,310,310,17,635
56,310,310,18,81
56,310,310,0,0
56,311,311,1,0
56,311,311,2,396
56,311,311,3,13
56,311,311,4,129
56,311,311,5,2
56,311,311,6,236
56,311,311,7,1
56,311,311,8,3
56,311,311,9,0
56,311,311,10,0
56,311,311,11,2
56,311,311,12,2
56,311,311,13,782
56,311,311,14,0
56,311,311,15,784
56,311,311,16,0
56,311,311,17,984
56,311,311,18,79
56,311,311,0,0
56,312,312,1,0
56,312,312,2,93
56,312,312,3,1
56,312,312,4,8
56,312,312,5,0
56,312,312,6,25
56,312,312,7,1
56,312,312,8,0
56,312,312,9,0
56,312,312,10,0
56,312,312,11,0
56,312,312,12,2
56,312,312,13,128
56,312,312,14,0
56,312,312,15,130
56,312,312,16,0
56,312,312,17,146
56,312,312,18,87
56,312,312,0,0
56,312,312,1,0
56,312,312,2,0
56,312,312,3,0
56,312,312,4,0
56,312,312,5,0
56,312,312,6,0
56,312,312,7,0
56,312,312,8,0
56,312,312,9,0
56,312,312,10,0
56,312,312,11,0
56,312,312,12,0
56,312,312,13,0
56,312,312,14,0
56,312,312,15,0
56,312,312,16,0
56,312,312,17,0
56,312,312,18,0
56,312,312,0,0
56,313,313,1,0
56,313,313,2,0
56,313,313,3,0
56,313,313,4,0
56,313,313,5,0
56,313,313,6,0
56,313,313,7,0
56,313,313,8,0
56,313,313,9,0
56,313,313,10,0
56,313,313,11,0
56,313,313,12,0
56,313,313,13,0
56,313,313,14,0
56,313,313,15,0
56,313,313,16,0
56,313,313,17,0
56,313,313,18,0
56,313,313,0,0
56,313,313,1,0
56,313,313,2,55
56,313,313,3,2
56,313,313,4,13
56,313,313,5,0
56,313,313,6,14
56,313,313,7,1
56,313,313,8,0
56,313,313,9,0
56,313,313,10,2
56,313,313,11,0
56,313,313,12,3
56,313,313,13,87
56,313,313,14,0
56,313,313,15,90
56,313,313,16,0
56,313,313,17,116
56,313,313,18,75
56,313,313,0,0
56,314,314,1,0
56,314,314,2,0
56,314,314,3,0
56,314,314,4,0
56,314,314,5,0
56,314,314,6,0
56,314,314,7,0
56,314,314,8,0
56,314,314,9,0
56,314,314,10,0
56,314,314,11,0
56,314,314,12,0
56,314,314,13,0
56,314,314,14,0
56,314,314,15,0
56,314,314,16,0
56,314,314,17,0
56,314,314,18,0
56,314,314,0,0
56,314,314,1,0
56,314,314,2,77
56,314,314,3,3
56,314,314,4,18
56,314,314,5,1
56,314,314,6,14
56,314,314,7,0
56,314,314,8,0
56,314,314,9,0
56,314,314,10,0
56,314,314,11,0
56,314,314,12,1
56,314,314,13,113
56,314,314,14,0
56,314,314,15,114
56,314,314,16,0
56,314,314,17,118
56,314,314,18,95
56,314,314,0,0
56,315,315,1,0
56,315,315,2,389
56,315,315,3,19
56,315,315,4,233
56,315,315,5,7
56,315,315,6,153
56,315,315,7,0
56,315,315,8,0
56,315,315,9,2
56,315,315,10,5
56,315,315,11,4
56,315,315,12,25
56,315,315,13,812
56,315,315,14,0
56,315,315,15,837
56,315,315,16,0
56,315,315,17,945
56,315,315,18,85
56,315,315,0,0
56,315,315,1,0
56,315,315,2,0
56,315,315,3,0
56,315,315,4,0
56,315,315,5,0
56,315,315,6,0
56,315,315,7,0
56,315,315,8,0
56,315,315,9,0
56,315,315,10,0
56,315,315,11,0
56,315,315,12,0
56,315,315,13,0
56,315,315,14,0
56,315,315,15,0
56,315,315,16,0
56,315,315,17,0
56,315,315,18,0
56,315,315,0,0
56,316,316,1,0
56,316,316,2,293
56,316,316,3,13
56,316,316,4,112
56,316,316,5,3
56,316,316,6,58
56,316,316,7,1
56,316,316,8,3
56,316,316,9,1
56,316,316,10,4
56,316,316,11,5
56,316,316,12,12
56,316,316,13,493
56,316,316,14,0
56,316,316,15,505
56,316,316,16,0
56,316,316,17,611
56,316,316,18,80
56,316,316,0,0
56,317,317,1,0
56,317,317,2,164
56,317,317,3,11
56,317,317,4,213
56,317,317,5,3
56,317,317,6,80
56,317,317,7,0
56,317,317,8,0
56,317,317,9,0
56,317,317,10,3
56,317,317,11,4
56,317,317,12,8
56,317,317,13,478
56,317,317,14,0
56,317,317,15,486
56,317,317,16,0
56,317,317,17,595
56,317,317,18,80
56,317,317,0,0
56,318,318,1,0
56,318,318,2,395
56,318,318,3,19
56,318,318,4,79
56,318,318,5,3
56,318,318,6,86
56,318,318,7,1
56,318,318,8,1
56,318,318,9,1
56,318,318,10,3
56,318,318,11,4
56,318,318,12,18
56,318,318,13,592
56,318,318,14,0
56,318,318,15,610
56,318,318,16,0
56,318,318,17,676
56,318,318,18,87
56,318,318,0,0
56,319,319,1,0
56,319,319,2,376
56,319,319,3,14
56,319,319,4,242
56,319,319,5,1
56,319,319,6,183
56,319,319,7,0
56,319,319,8,10
56,319,319,9,1
56,319,319,10,1
56,319,319,11,3
56,319,319,12,8
56,319,319,13,831
56,319,319,14,0
56,319,319,15,839
56,319,319,16,0
56,319,319,17,1009
56,319,319,18,82
56,319,319,0,0
56,320,320,1,0
56,320,320,2,297
56,320,320,3,13
56,320,320,4,66
56,320,320,5,6
56,320,320,6,115
56,320,320,7,0
56,320,320,8,4
56,320,320,9,5
56,320,320,10,3
56,320,320,11,5
56,320,320,12,15
56,320,320,13,514
56,320,320,14,0
56,320,320,15,529
56,320,320,16,0
56,320,320,17,608
56,320,320,18,84
56,320,320,0,0
56,321,321,1,0
56,321,321,2,198
56,321,321,3,10
56,321,321,4,55
56,321,321,5,1
56,321,321,6,88
56,321,321,7,2
56,321,321,8,4
56,321,321,9,0
56,321,321,10,3
56,321,321,11,5
56,321,321,12,4
56,321,321,13,366
56,321,321,14,0
56,321,321,15,370
56,321,321,16,0
56,321,321,17,425
56,321,321,18,86
56,321,321,0,0
56,322,322,1,0
56,322,322,2,77470
56,322,322,3,4078
56,322,322,4,72587
56,322,322,5,1007
56,322,322,6,44977
56,322,322,7,420
56,322,322,8,698
56,322,322,9,380
56,322,322,10,506
56,322,322,11,621
56,322,322,12,1544
56,322,322,13,202744
56,322,322,14,0
56,322,322,15,204288
56,322,322,16,10
56,322,322,17,237924
56,322,322,18,85
56,322,322,0,0
56,323,323,1,0
56,323,323,2,78283
56,323,323,3,4107
56,323,323,4,73043
56,323,323,5,1017
56,323,323,6,45245
56,323,323,7,424
56,323,323,8,701
56,323,323,9,380
56,323,323,10,506
56,323,323,11,622
56,323,323,12,1550
56,323,323,13,204328
56,323,323,14,90
56,323,323,15,205968
56,323,323,16,0
56,323,323,17,0
56,323,323,18,0
56,323,323,0,0
