ac_code,ps_serial_number,ps_code,candidate_serial_number,candidate_votes
79,0,0,1,1169
79,0,0,2,3
79,0,0,3,58
79,0,0,4,881
79,0,0,5,3
79,0,0,6,0
79,0,0,7,0
79,0,0,8,0
79,0,0,9,517
79,0,0,10,2
79,0,0,11,0
79,0,0,12,0
79,0,0,13,2
79,0,0,14,1
79,0,0,15,0
79,0,0,16,0
79,0,0,17,0
79,0,0,18,2
79,0,0,19,0
79,0,0,20,0
79,0,0,21,0
79,0,0,22,3
79,0,0,0,12
79,1,1,1,0
79,1,1,2,0
79,1,1,3,0
79,1,1,4,0
79,1,1,5,0
79,1,1,6,0
79,1,1,7,0
79,1,1,8,0
79,1,1,9,0
79,1,1,10,0
79,1,1,11,0
79,1,1,12,0
79,1,1,13,0
79,1,1,14,0
79,1,1,15,0
79,1,1,16,0
79,1,1,17,0
79,1,1,18,0
79,1,1,19,0
79,1,1,20,0
79,1,1,21,0
79,1,1,22,0
79,1,1,0,0
79,1,2,1,5
79,1,2,2,6
79,1,2,3,7
79,1,2,4,8
79,1,2,5,9
79,1,2,6,10
79,1,2,7,11
79,1,2,8,12
79,1,2,9,13
79,1,2,10,14
79,1,2,11,15
79,1,2,12,16
79,1,2,13,17
79,1,2,14,18
79,1,2,15,19
79,1,2,16,20
79,1,2,17,21
79,1,2,18,22
79,1,2,19,23
79,1,2,20,24
79,1,2,21,25
79,1,2,22,26
79,1,2,0,29
79,1,1,1,340
79,1,1,2,4
79,1,1,3,19
79,1,1,4,335
79,1,1,5,4
79,1,1,6,1
79,1,1,7,0
79,1,1,8,1
79,1,1,9,203
79,1,1,10,0
79,1,1,11,0
79,1,1,12,0
79,1,1,13,1
79,1,1,14,1
79,1,1,15,0
79,1,1,16,0
79,1,1,17,2
79,1,1,18,0
79,1,1,19,1
79,1,1,20,1
79,1,1,21,0
79,1,1,22,0
79,1,1,0,2
79,1,2,1,5
79,1,2,2,6
79,1,2,3,7
79,1,2,4,8
79,1,2,5,9
79,1,2,6,10
79,1,2,7,11
79,1,2,8,12
79,1,2,9,13
79,1,2,10,14
79,1,2,11,15
79,1,2,12,16
79,1,2,13,17
79,1,2,14,18
79,1,2,15,19
79,1,2,16,20
79,1,2,17,21
79,1,2,18,22
79,1,2,19,23
79,1,2,20,24
79,1,2,21,25
79,1,2,22,26
79,1,2,0,29
79,1,2,1,5
79,1,2,2,6
79,1,2,3,7
79,1,2,4,8
79,1,2,5,9
79,1,2,6,10
79,1,2,7,11
79,1,2,8,12
79,1,2,9,13
79,1,2,10,14
79,1,2,11,15
79,1,2,12,16
79,1,2,13,17
79,1,2,14,18
79,1,2,15,19
79,1,2,16,20
79,1,2,17,21
79,1,2,18,22
79,1,2,19,23
79,1,2,20,24
79,1,2,21,25
79,1,2,22,26
79,1,2,0,29
79,1,2,1,5
79,1,2,2,6
79,1,2,3,7
79,1,2,4,8
79,1,2,5,9
79,1,2,6,10
79,1,2,7,11
79,1,2,8,12
79,1,2,9,13
79,1,2,10,14
79,1,2,11,15
79,1,2,12,16
79,1,2,13,17
79,1,2,14,18
79,1,2,15,19
79,1,2,16,20
79,1,2,17,21
79,1,2,18,22
79,1,2,19,23
79,1,2,20,24
79,1,2,21,25
79,1,2,22,26
79,1,2,0,29
79,1,2,1,5
79,1,2,2,6
79,1,2,3,7
79,1,2,4,8
79,1,2,5,9
79,1,2,6,10
79,1,2,7,11
79,1,2,8,12
79,1,2,9,13
79,1,2,10,14
79,1,2,11,15
79,1,2,12,16
79,1,2,13,17
79,1,2,14,18
79,1,2,15,19
79,1,2,16,20
79,1,2,17,21
79,1,2,18,22
79,1,2,19,23
79,1,2,20,24
79,1,2,21,25
79,1,2,22,26
79,1,2,0,29
79,1,2,1,5
79,1,2,2,6
79,1,2,3,7
79,1,2,4,8
79,1,2,5,9
79,1,2,6,10
79,1,2,7,11
79,1,2,8,12
79,1,2,9,13
79,1,2,10,14
79,1,2,11,15
79,1,2,12,16
79,1,2,13,17
79,1,2,14,18
79,1,2,15,19
79,1,2,16,20
79,1,2,17,21
79,1,2,18,22
79,1,2,19,23
79,1,2,20,24
79,1,2,21,25
79,1,2,22,26
79,1,2,0,29
79,1,2,1,5
79,1,2,2,6
79,1,2,3,7
79,1,2,4,8
79,1,2,5,9
79,1,2,6,10
79,1,2,7,11
79,1,2,8,12
79,1,2,9,13
79,1,2,10,14
79,1,2,11,15
79,1,2,12,16
79,1,2,13,17
79,1,2,14,18
79,1,2,15,19
79,1,2,16,20
79,1,2,17,21
79,1,2,18,22
79,1,2,19,23
79,1,2,20,24
79,1,2,21,25
79,1,2,22,26
79,1,2,0,29
79,1,2,1,5
79,1,2,2,6
79,1,2,3,7
79,1,2,4,8
79,1,2,5,9
79,1,2,6,10
79,1,2,7,11
79,1,2,8,12
79,1,2,9,13
79,1,2,10,14
79,1,2,11,15
79,1,2,12,16
79,1,2,13,17
79,1,2,14,18
79,1,2,15,19
79,1,2,16,20
79,1,2,17,21
79,1,2,18,22
79,1,2,19,23
79,1,2,20,24
79,1,2,21,25
79,1,2,22,26
79,1,2,0,29
79,1,2,1,5
79,1,2,2,6
79,1,2,3,7
79,1,2,4,8
79,1,2,5,9
79,1,2,6,10
79,1,2,7,11
79,1,2,8,12
79,1,2,9,13
79,1,2,10,14
79,1,2,11,15
79,1,2,12,16
79,1,2,13,17
79,1,2,14,18
79,1,2,15,19
79,1,2,16,20
79,1,2,17,21
79,1,2,18,22
79,1,2,19,23
79,1,2,20,24
79,1,2,21,25
79,1,2,22,26
79,1,2,0,29
79,1,2,1,5
79,1,2,2,6
79,1,2,3,7
79,1,2,4,8
79,1,2,5,9
79,1,2,6,10
79,1,2,7,11
79,1,2,8,12
79,1,2,9,13
79,1,2,10,14
79,1,2,11,15
79,1,2,12,16
79,1,2,13,17
79,1,2,14,18
79,1,2,15,19
79,1,2,16,20
79,1,2,17,21
79,1,2,18,22
79,1,2,19,23
79,1,2,20,24
79,1,2,21,25
79,1,2,22,26
79,1,2,0,29
79,1,2,1,5
79,1,2,2,6
79,1,2,3,7
79,1,2,4,8
79,1,2,5,9
79,1,2,6,10
79,1,2,7,11
79,1,2,8,12
79,1,2,9,13
79,1,2,10,14
79,1,2,11,15
79,1,2,12,16
79,1,2,13,17
79,1,2,14,18
79,1,2,15,19
79,1,2,16,20
79,1,2,17,21
79,1,2,18,22
79,1,2,19,23
79,1,2,20,24
79,1,2,21,25
79,1,2,22,26
79,1,2,0,29
79,1,2,1,5
79,1,2,2,6
79,1,2,3,7
79,1,2,4,8
79,1,2,5,9
79,1,2,6,10
79,1,2,7,11
79,1,2,8,12
79,1,2,9,13
79,1,2,10,14
79,1,2,11,15
79,1,2,12,16
79,1,2,13,17
79,1,2,14,18
79,1,2,15,19
79,1,2,16,20
79,1,2,17,21
79,1,2,18,22
79,1,2,19,23
79,1,2,20,24
79,1,2,21,25
79,1,2,22,26
79,1,2,0,29
79,1,2,1,5
79,1,2,2,6
79,1,2,3,7
79,1,2,4,8
79,1,2,5,9
79,1,2,6,10
79,1,2,7,11
79,1,2,8,12
79,1,2,9,13
79,1,2,10,14
79,1,2,11,15
79,1,2,12,16
79,1,2,13,17
79,1,2,14,18
79,1,2,15,19
79,1,2,16,20
79,1,2,17,21
79,1,2,18,22
79,1,2,19,23
79,1,2,20,24
79,1,2,21,25
79,1,2,22,26
79,1,2,0,29
79,1,2,1,5
79,1,2,2,6
79,1,2,3,7
79,1,2,4,8
79,1,2,5,9
79,1,2,6,10
79,1,2,7,11
79,1,2,8,12
79,1,2,9,13
79,1,2,10,14
79,1,2,11,15
79,1,2,12,16
79,1,2,13,17
79,1,2,14,18
79,1,2,15,19
79,1,2,16,20
79,1,2,17,21
79,1,2,18,22
79,1,2,19,23
79,1,2,20,24
79,1,2,21,25
79,1,2,22,26
79,1,2,0,29
79,1,2,1,5
79,1,2,2,6
79,1,2,3,7
79,1,2,4,8
79,1,2,5,9
79,1,2,6,10
79,1,2,7,11
79,1,2,8,12
79,1,2,9,13
79,1,2,10,14
79,1,2,11,15
79,1,2,12,16
79,1,2,13,17
79,1,2,14,18
79,1,2,15,19
79,1,2,16,20
79,1,2,17,21
79,1,2,18,22
79,1,2,19,23
79,1,2,20,24
79,1,2,21,25
79,1,2,22,26
79,1,2,0,29
79,1,2,1,5
79,1,2,2,6
79,1,2,3,7
79,1,2,4,8
79,1,2,5,9
79,1,2,6,10
79,1,2,7,11
79,1,2,8,12
79,1,2,9,13
79,1,2,10,14
79,1,2,11,15
79,1,2,12,16
79,1,2,13,17
79,1,2,14,18
79,1,2,15,19
79,1,2,16,20
79,1,2,17,21
79,1,2,18,22
79,1,2,19,23
79,1,2,20,24
79,1,2,21,25
79,1,2,22,26
79,1,2,0,29
79,1,2,1,5
79,1,2,2,6
79,1,2,3,7
79,1,2,4,8
79,1,2,5,9
79,1,2,6,10
79,1,2,7,11
79,1,2,8,12
79,1,2,9,13
79,1,2,10,14
79,1,2,11,15
79,1,2,12,16
79,1,2,13,17
79,1,2,14,18
79,1,2,15,19
79,1,2,16,20
79,1,2,17,21
79,1,2,18,22
79,1,2,19,23
79,1,2,20,24
79,1,2,21,25
79,1,2,22,26
79,1,2,0,29
79,1,2,1,5
79,1,2,2,6
79,1,2,3,7
79,1,2,4,8
79,1,2,5,9
79,1,2,6,10
79,1,2,7,11
79,1,2,8,12
79,1,2,9,13
79,1,2,10,14
79,1,2,11,15
79,1,2,12,16
79,1,2,13,17
79,1,2,14,18
79,1,2,15,19
79,1,2,16,20
79,1,2,17,21
79,1,2,18,22
79,1,2,19,23
79,1,2,20,24
79,1,2,21,25
79,1,2,22,26
79,1,2,0,29
79,1,2,1,5
79,1,2,2,6
79,1,2,3,7
79,1,2,4,8
79,1,2,5,9
79,1,2,6,10
79,1,2,7,11
79,1,2,8,12
79,1,2,9,13
79,1,2,10,14
79,1,2,11,15
79,1,2,12,16
79,1,2,13,17
79,1,2,14,18
79,1,2,15,19
79,1,2,16,20
79,1,2,17,21
79,1,2,18,22
79,1,2,19,23
79,1,2,20,24
79,1,2,21,25
79,1,2,22,26
79,1,2,0,29
79,1,2,1,5
79,1,2,2,6
79,1,2,3,7
79,1,2,4,8
79,1,2,5,9
79,1,2,6,10
79,1,2,7,11
79,1,2,8,12
79,1,2,9,13
79,1,2,10,14
79,1,2,11,15
79,1,2,12,16
79,1,2,13,17
79,1,2,14,18
79,1,2,15,19
79,1,2,16,20
79,1,2,17,21
79,1,2,18,22
79,1,2,19,23
79,1,2,20,24
79,1,2,21,25
79,1,2,22,26
79,1,2,0,29
79,1,2,1,5
79,1,2,2,6
79,1,2,3,7
79,1,2,4,8
79,1,2,5,9
79,1,2,6,10
79,1,2,7,11
79,1,2,8,12
79,1,2,9,13
79,1,2,10,14
79,1,2,11,15
79,1,2,12,16
79,1,2,13,17
79,1,2,14,18
79,1,2,15,19
79,1,2,16,20
79,1,2,17,21
79,1,2,18,22
79,1,2,19,23
79,1,2,20,24
79,1,2,21,25
79,1,2,22,26
79,1,2,0,29
79,1,2,1,5
79,1,2,2,6
79,1,2,3,7
79,1,2,4,8
79,1,2,5,9
79,1,2,6,10
79,1,2,7,11
79,1,2,8,12
79,1,2,9,13
79,1,2,10,14
79,1,2,11,15
79,1,2,12,16
79,1,2,13,17
79,1,2,14,18
79,1,2,15,19
79,1,2,16,20
79,1,2,17,21
79,1,2,18,22
79,1,2,19,23
79,1,2,20,24
79,1,2,21,25
79,1,2,22,26
79,1,2,0,29
79,2,2,1,0
79,2,2,2,0
79,2,2,3,0
79,2,2,4,0
79,2,2,5,0
79,2,2,6,0
79,2,2,7,0
79,2,2,8,0
79,2,2,9,0
79,2,2,10,0
79,2,2,11,0
79,2,2,12,0
79,2,2,13,0
79,2,2,14,0
79,2,2,15,0
79,2,2,16,0
79,2,2,17,0
79,2,2,18,0
79,2,2,19,0
79,2,2,20,0
79,2,2,21,0
79,2,2,22,0
79,2,2,0,0
79,2,2,1,266
79,2,2,2,1
79,2,2,3,9
79,2,2,4,194
79,2,2,5,3
79,2,2,6,1
79,2,2,7,0
79,2,2,8,0
79,2,2,9,121
79,2,2,10,1
79,2,2,11,0
79,2,2,12,1
79,2,2,13,0
79,2,2,14,1
79,2,2,15,0
79,2,2,16,4
79,2,2,17,2
79,2,2,18,2
79,2,2,19,0
79,2,2,20,2
79,2,2,21,0
79,2,2,22,0
79,2,2,0,0
79,3,3,1,266
79,3,3,2,0
79,3,3,3,18
79,3,3,4,298
79,3,3,5,4
79,3,3,6,0
79,3,3,7,0
79,3,3,8,0
79,3,3,9,125
79,3,3,10,0
79,3,3,11,0
79,3,3,12,0
79,3,3,13,1
79,3,3,14,1
79,3,3,15,0
79,3,3,16,3
79,3,3,17,5
79,3,3,18,1
79,3,3,19,2
79,3,3,20,5
79,3,3,21,0
79,3,3,22,0
79,3,3,0,0
79,4,4,1,304
79,4,4,2,3
79,4,4,3,10
79,4,4,4,322
79,4,4,5,3
79,4,4,6,1
79,4,4,7,0
79,4,4,8,1
79,4,4,9,152
79,4,4,10,0
79,4,4,11,0
79,4,4,12,0
79,4,4,13,2
79,4,4,14,0
79,4,4,15,0
79,4,4,16,2
79,4,4,17,1
79,4,4,18,1
79,4,4,19,0
79,4,4,20,1
79,4,4,21,0
79,4,4,22,0
79,4,4,0,1
79,5,5,1,268
79,5,5,2,1
79,5,5,3,18
79,5,5,4,238
79,5,5,5,0
79,5,5,6,0
79,5,5,7,1
79,5,5,8,0
79,5,5,9,92
79,5,5,10,1
79,5,5,11,0
79,5,5,12,1
79,5,5,13,1
79,5,5,14,0
79,5,5,15,0
79,5,5,16,0
79,5,5,17,1
79,5,5,18,0
79,5,5,19,0
79,5,5,20,1
79,5,5,21,0
79,5,5,22,0
79,5,5,0,0
79,6,6,1,308
79,6,6,2,4
79,6,6,3,8
79,6,6,4,259
79,6,6,5,5
79,6,6,6,0
79,6,6,7,2
79,6,6,8,1
79,6,6,9,104
79,6,6,10,2
79,6,6,11,0
79,6,6,12,0
79,6,6,13,5
79,6,6,14,1
79,6,6,15,0
79,6,6,16,3
79,6,6,17,0
79,6,6,18,0
79,6,6,19,0
79,6,6,20,0
79,6,6,21,0
79,6,6,22,2
79,6,6,0,1
79,7,7,1,339
79,7,7,2,4
79,7,7,3,20
79,7,7,4,364
79,7,7,5,0
79,7,7,6,1
79,7,7,7,0
79,7,7,8,0
79,7,7,9,225
79,7,7,10,0
79,7,7,11,0
79,7,7,12,0
79,7,7,13,1
79,7,7,14,2
79,7,7,15,2
79,7,7,16,1
79,7,7,17,0
79,7,7,18,0
79,7,7,19,0
79,7,7,20,0
79,7,7,21,0
79,7,7,22,0
79,7,7,0,0
79,8,8,1,122
79,8,8,2,0
79,8,8,3,3
79,8,8,4,122
79,8,8,5,0
79,8,8,6,0
79,8,8,7,1
79,8,8,8,0
79,8,8,9,35
79,8,8,10,0
79,8,8,11,0
79,8,8,12,0
79,8,8,13,0
79,8,8,14,0
79,8,8,15,0
79,8,8,16,0
79,8,8,17,1
79,8,8,18,0
79,8,8,19,0
79,8,8,20,0
79,8,8,21,0
79,8,8,22,0
79,8,8,0,0
79,9,9,1,324
79,9,9,2,7
79,9,9,3,5
79,9,9,4,178
79,9,9,5,5
79,9,9,6,1
79,9,9,7,0
79,9,9,8,2
79,9,9,9,161
79,9,9,10,2
79,9,9,11,1
79,9,9,12,1
79,9,9,13,2
79,9,9,14,3
79,9,9,15,3
79,9,9,16,8
79,9,9,17,0
79,9,9,18,0
79,9,9,19,1
79,9,9,20,1
79,9,9,21,3
79,9,9,22,0
79,9,9,0,5
79,10,10,1,262
79,10,10,2,1
79,10,10,3,8
79,10,10,4,146
79,10,10,5,5
79,10,10,6,1
79,10,10,7,0
79,10,10,8,0
79,10,10,9,119
79,10,10,10,1
79,10,10,11,3
79,10,10,12,1
79,10,10,13,9
79,10,10,14,5
79,10,10,15,2
79,10,10,16,3
79,10,10,17,6
79,10,10,18,0
79,10,10,19,1
79,10,10,20,2
79,10,10,21,0
79,10,10,22,0
79,10,10,0,3
79,11,11,1,289
79,11,11,2,5
79,11,11,3,8
79,11,11,4,215
79,11,11,5,3
79,11,11,6,2
79,11,11,7,1
79,11,11,8,1
79,11,11,9,177
79,11,11,10,3
79,11,11,11,1
79,11,11,12,2
79,11,11,13,3
79,11,11,14,5
79,11,11,15,1
79,11,11,16,9
79,11,11,17,8
79,11,11,18,2
79,11,11,19,1
79,11,11,20,4
79,11,11,21,1
79,11,11,22,5
79,11,11,0,1
79,12,12,1,435
79,12,12,2,3
79,12,12,3,11
79,12,12,4,84
79,12,12,5,3
79,12,12,6,1
79,12,12,7,0
79,12,12,8,4
79,12,12,9,143
79,12,12,10,2
79,12,12,11,0
79,12,12,12,1
79,12,12,13,0
79,12,12,14,0
79,12,12,15,1
79,12,12,16,6
79,12,12,17,9
79,12,12,18,0
79,12,12,19,3
79,12,12,20,2
79,12,12,21,0
79,12,12,22,0
79,12,12,0,2
79,13,13,1,384
79,13,13,2,9
79,13,13,3,7
79,13,13,4,235
79,13,13,5,6
79,13,13,6,2
79,13,13,7,0
79,13,13,8,4
79,13,13,9,157
79,13,13,10,1
79,13,13,11,0
79,13,13,12,0
79,13,13,13,2
79,13,13,14,3
79,13,13,15,3
79,13,13,16,2
79,13,13,17,6
79,13,13,18,0
79,13,13,19,1
79,13,13,20,3
79,13,13,21,1
79,13,13,22,1
79,13,13,0,1
79,14,14,1,271
79,14,14,2,4
79,14,14,3,13
79,14,14,4,225
79,14,14,5,4
79,14,14,6,0
79,14,14,7,0
79,14,14,8,1
79,14,14,9,178
79,14,14,10,1
79,14,14,11,0
79,14,14,12,0
79,14,14,13,8
79,14,14,14,5
79,14,14,15,2
79,14,14,16,6
79,14,14,17,3
79,14,14,18,0
79,14,14,19,0
79,14,14,20,2
79,14,14,21,0
79,14,14,22,0
79,14,14,0,2
79,15,15,1,185
79,15,15,2,3
79,15,15,3,16
79,15,15,4,136
79,15,15,5,4
79,15,15,6,0
79,15,15,7,1
79,15,15,8,0
79,15,15,9,105
79,15,15,10,1
79,15,15,11,1
79,15,15,12,1
79,15,15,13,1
79,15,15,14,2
79,15,15,15,0
79,15,15,16,4
79,15,15,17,2
79,15,15,18,2
79,15,15,19,1
79,15,15,20,2
79,15,15,21,0
79,15,15,22,0
79,15,15,0,0
79,15,15,1,0
79,15,15,2,0
79,15,15,3,0
79,15,15,4,0
79,15,15,5,0
79,15,15,6,0
79,15,15,7,0
79,15,15,8,0
79,15,15,9,0
79,15,15,10,0
79,15,15,11,0
79,15,15,12,0
79,15,15,13,0
79,15,15,14,0
79,15,15,15,0
79,15,15,16,0
79,15,15,17,0
79,15,15,18,0
79,15,15,19,0
79,15,15,20,0
79,15,15,21,0
79,15,15,22,0
79,15,15,0,0
79,16,16,1,287
79,16,16,2,5
79,16,16,3,16
79,16,16,4,151
79,16,16,5,1
79,16,16,6,1
79,16,16,7,2
79,16,16,8,5
79,16,16,9,207
79,16,16,10,1
79,16,16,11,0
79,16,16,12,0
79,16,16,13,1
79,16,16,14,6
79,16,16,15,3
79,16,16,16,4
79,16,16,17,10
79,16,16,18,1
79,16,16,19,1
79,16,16,20,8
79,16,16,21,1
79,16,16,22,1
79,16,16,0,3
79,16,16,1,0
79,16,16,2,0
79,16,16,3,0
79,16,16,4,0
79,16,16,5,0
79,16,16,6,0
79,16,16,7,0
79,16,16,8,0
79,16,16,9,0
79,16,16,10,0
79,16,16,11,0
79,16,16,12,0
79,16,16,13,0
79,16,16,14,0
79,16,16,15,0
79,16,16,16,0
79,16,16,17,0
79,16,16,18,0
79,16,16,19,0
79,16,16,20,0
79,16,16,21,0
79,16,16,22,0
79,16,16,0,0
79,17,17,1,179
79,17,17,2,3
79,17,17,3,9
79,17,17,4,242
79,17,17,5,3
79,17,17,6,4
79,17,17,7,1
79,17,17,8,0
79,17,17,9,181
79,17,17,10,0
79,17,17,11,0
79,17,17,12,3
79,17,17,13,3
79,17,17,14,5
79,17,17,15,1
79,17,17,16,6
79,17,17,17,2
79,17,17,18,0
79,17,17,19,0
79,17,17,20,2
79,17,17,21,2
79,17,17,22,0
79,17,17,0,0
79,17,17,1,0
79,17,17,2,0
79,17,17,3,0
79,17,17,4,0
79,17,17,5,0
79,17,17,6,0
79,17,17,7,0
79,17,17,8,0
79,17,17,9,0
79,17,17,10,0
79,17,17,11,0
79,17,17,12,0
79,17,17,13,0
79,17,17,14,0
79,17,17,15,0
79,17,17,16,0
79,17,17,17,0
79,17,17,18,0
79,17,17,19,0
79,17,17,20,0
79,17,17,21,0
79,17,17,22,0
79,17,17,0,0
79,18,18,1,293
79,18,18,2,7
79,18,18,3,12
79,18,18,4,242
79,18,18,5,4
79,18,18,6,0
79,18,18,7,1
79,18,18,8,1
79,18,18,9,169
79,18,18,10,1
79,18,18,11,0
79,18,18,12,0
79,18,18,13,0
79,18,18,14,4
79,18,18,15,1
79,18,18,16,5
79,18,18,17,9
79,18,18,18,1
79,18,18,19,0
79,18,18,20,4
79,18,18,21,1
79,18,18,22,2
79,18,18,0,1
79,19,19,1,344
79,19,19,2,4
79,19,19,3,12
79,19,19,4,283
79,19,19,5,6
79,19,19,6,0
79,19,19,7,1
79,19,19,8,2
79,19,19,9,181
79,19,19,10,0
79,19,19,11,0
79,19,19,12,3
79,19,19,13,2
79,19,19,14,4
79,19,19,15,4
79,19,19,16,6
79,19,19,17,4
79,19,19,18,1
79,19,19,19,0
79,19,19,20,5
79,19,19,21,0
79,19,19,22,0
79,19,19,0,1
79,20,20,1,247
79,20,20,2,3
79,20,20,3,7
79,20,20,4,358
79,20,20,5,5
79,20,20,6,0
79,20,20,7,0
79,20,20,8,1
79,20,20,9,93
79,20,20,10,0
79,20,20,11,2
79,20,20,12,2
79,20,20,13,2
79,20,20,14,3
79,20,20,15,1
79,20,20,16,7
79,20,20,17,5
79,20,20,18,0
79,20,20,19,1
79,20,20,20,1
79,20,20,21,0
79,20,20,22,0
79,20,20,0,0
79,21,21,1,158
79,21,21,2,6
79,21,21,3,5
79,21,21,4,150
79,21,21,5,1
79,21,21,6,2
79,21,21,7,0
79,21,21,8,0
79,21,21,9,130
79,21,21,10,0
79,21,21,11,0
79,21,21,12,1
79,21,21,13,1
79,21,21,14,1
79,21,21,15,1
79,21,21,16,7
79,21,21,17,5
79,21,21,18,1
79,21,21,19,0
79,21,21,20,7
79,21,21,21,2
79,21,21,22,0
79,21,21,0,0
79,22,22,1,259
79,22,22,2,3
79,22,22,3,29
79,22,22,4,318
79,22,22,5,4
79,22,22,6,0
79,22,22,7,1
79,22,22,8,4
79,22,22,9,203
79,22,22,10,0
79,22,22,11,0
79,22,22,12,1
79,22,22,13,7
79,22,22,14,5
79,22,22,15,0
79,22,22,16,9
79,22,22,17,11
79,22,22,18,2
79,22,22,19,0
79,22,22,20,5
79,22,22,21,4
79,22,22,22,1
79,22,22,0,5
79,23,23,1,275
79,23,23,2,1
79,23,23,3,8
79,23,23,4,274
79,23,23,5,5
79,23,23,6,0
79,23,23,7,0
79,23,23,8,2
79,23,23,9,208
79,23,23,10,1
79,23,23,11,1
79,23,23,12,1
79,23,23,13,0
79,23,23,14,2
79,23,23,15,0
79,23,23,16,2
79,23,23,17,1
79,23,23,18,1
79,23,23,19,2
79,23,23,20,1
79,23,23,21,1
79,23,23,22,0
79,23,23,0,5
79,24,24,1,216
79,24,24,2,3
79,24,24,3,12
79,24,24,4,244
79,24,24,5,4
79,24,24,6,1
79,24,24,7,0
79,24,24,8,0
79,24,24,9,168
79,24,24,10,0
79,24,24,11,0
79,24,24,12,4
79,24,24,13,1
79,24,24,14,7
79,24,24,15,0
79,24,24,16,6
79,24,24,17,3
79,24,24,18,0
79,24,24,19,0
79,24,24,20,1
79,24,24,21,0
79,24,24,22,1
79,24,24,0,4
79,25,25,1,317
79,25,25,2,2
79,25,25,3,21
79,25,25,4,218
79,25,25,5,2
79,25,25,6,1
79,25,25,7,0
79,25,25,8,1
79,25,25,9,178
79,25,25,10,0
79,25,25,11,1
79,25,25,12,0
79,25,25,13,1
79,25,25,14,1
79,25,25,15,1
79,25,25,16,2
79,25,25,17,9
79,25,25,18,0
79,25,25,19,0
79,25,25,20,4
79,25,25,21,0
79,25,25,22,0
79,25,25,0,2
79,26,26,1,293
79,26,26,2,5
79,26,26,3,21
79,26,26,4,297
79,26,26,5,7
79,26,26,6,0
79,26,26,7,1
79,26,26,8,1
79,26,26,9,148
79,26,26,10,1
79,26,26,11,0
79,26,26,12,2
79,26,26,13,3
79,26,26,14,3
79,26,26,15,0
79,26,26,16,5
79,26,26,17,3
79,26,26,18,0
79,26,26,19,0
79,26,26,20,1
79,26,26,21,1
79,26,26,22,0
79,26,26,0,0
79,27,27,1,217
79,27,27,2,2
79,27,27,3,11
79,27,27,4,330
79,27,27,5,4
79,27,27,6,1
79,27,27,7,0
79,27,27,8,0
79,27,27,9,169
79,27,27,10,0
79,27,27,11,1
79,27,27,12,1
79,27,27,13,5
79,27,27,14,1
79,27,27,15,1
79,27,27,16,3
79,27,27,17,4
79,27,27,18,2
79,27,27,19,1
79,27,27,20,4
79,27,27,21,4
79,27,27,22,1
79,27,27,0,3
79,28,28,1,295
79,28,28,2,3
79,28,28,3,9
79,28,28,4,306
79,28,28,5,7
79,28,28,6,2
79,28,28,7,1
79,28,28,8,4
79,28,28,9,205
79,28,28,10,0
79,28,28,11,3
79,28,28,12,5
79,28,28,13,15
79,28,28,14,7
79,28,28,15,0
79,28,28,16,4
79,28,28,17,3
79,28,28,18,0
79,28,28,19,0
79,28,28,20,2
79,28,28,21,1
79,28,28,22,1
79,28,28,0,1
79,29,29,1,325
79,29,29,2,2
79,29,29,3,14
79,29,29,4,228
79,29,29,5,1
79,29,29,6,2
79,29,29,7,1
79,29,29,8,1
79,29,29,9,176
79,29,29,10,1
79,29,29,11,0
79,29,29,12,0
79,29,29,13,0
79,29,29,14,2
79,29,29,15,1
79,29,29,16,0
79,29,29,17,3
79,29,29,18,0
79,29,29,19,0
79,29,29,20,1
79,29,29,21,0
79,29,29,22,1
79,29,29,0,1
79,30,30,1,244
79,30,30,2,1
79,30,30,3,2
79,30,30,4,195
79,30,30,5,1
79,30,30,6,0
79,30,30,7,0
79,30,30,8,2
79,30,30,9,127
79,30,30,10,1
79,30,30,11,0
79,30,30,12,1
79,30,30,13,0
79,30,30,14,0
79,30,30,15,2
79,30,30,16,1
79,30,30,17,1
79,30,30,18,0
79,30,30,19,0
79,30,30,20,2
79,30,30,21,0
79,30,30,22,0
79,30,30,0,1
79,31,31,1,368
79,31,31,2,10
79,31,31,3,23
79,31,31,4,234
79,31,31,5,3
79,31,31,6,1
79,31,31,7,0
79,31,31,8,0
79,31,31,9,147
79,31,31,10,0
79,31,31,11,0
79,31,31,12,2
79,31,31,13,2
79,31,31,14,4
79,31,31,15,0
79,31,31,16,10
79,31,31,17,8
79,31,31,18,0
79,31,31,19,1
79,31,31,20,3
79,31,31,21,3
79,31,31,22,1
79,31,31,0,2
79,31,31,1,0
79,31,31,2,0
79,31,31,3,0
79,31,31,4,0
79,31,31,5,0
79,31,31,6,0
79,31,31,7,0
79,31,31,8,0
79,31,31,9,0
79,31,31,10,0
79,31,31,11,0
79,31,31,12,0
79,31,31,13,0
79,31,31,14,0
79,31,31,15,0
79,31,31,16,0
79,31,31,17,0
79,31,31,18,0
79,31,31,19,0
79,31,31,20,0
79,31,31,21,0
79,31,31,22,0
79,31,31,0,0
79,32,32,1,117
79,32,32,2,1
79,32,32,3,1
79,32,32,4,237
79,32,32,5,2
79,32,32,6,2
79,32,32,7,0
79,32,32,8,0
79,32,32,9,42
79,32,32,10,1
79,32,32,11,1
79,32,32,12,0
79,32,32,13,2
79,32,32,14,0
79,32,32,15,0
79,32,32,16,2
79,32,32,17,0
79,32,32,18,0
79,32,32,19,2
79,32,32,20,0
79,32,32,21,0
79,32,32,22,0
79,32,32,0,3
79,32,32,1,0
79,32,32,2,0
79,32,32,3,0
79,32,32,4,0
79,32,32,5,0
79,32,32,6,0
79,32,32,7,0
79,32,32,8,0
79,32,32,9,0
79,32,32,10,0
79,32,32,11,0
79,32,32,12,0
79,32,32,13,0
79,32,32,14,0
79,32,32,15,0
79,32,32,16,0
79,32,32,17,0
79,32,32,18,0
79,32,32,19,0
79,32,32,20,0
79,32,32,21,0
79,32,32,22,0
79,32,32,0,0
79,33,33,1,0
79,33,33,2,0
79,33,33,3,0
79,33,33,4,0
79,33,33,5,0
79,33,33,6,0
79,33,33,7,0
79,33,33,8,0
79,33,33,9,0
79,33,33,10,0
79,33,33,11,0
79,33,33,12,0
79,33,33,13,0
79,33,33,14,0
79,33,33,15,0
79,33,33,16,0
79,33,33,17,0
79,33,33,18,0
79,33,33,19,0
79,33,33,20,0
79,33,33,21,0
79,33,33,22,0
79,33,33,0,0
79,33,33,1,336
79,33,33,2,3
79,33,33,3,11
79,33,33,4,248
79,33,33,5,1
79,33,33,6,1
79,33,33,7,0
79,33,33,8,0
79,33,33,9,157
79,33,33,10,0
79,33,33,11,0
79,33,33,12,1
79,33,33,13,1
79,33,33,14,3
79,33,33,15,2
79,33,33,16,2
79,33,33,17,1
79,33,33,18,1
79,33,33,19,0
79,33,33,20,1
79,33,33,21,1
79,33,33,22,0
79,33,33,0,0
79,34,34,1,453
79,34,34,2,2
79,34,34,3,15
79,34,34,4,184
79,34,34,5,3
79,34,34,6,1
79,34,34,7,3
79,34,34,8,4
79,34,34,9,222
79,34,34,10,0
79,34,34,11,0
79,34,34,12,1
79,34,34,13,4
79,34,34,14,3
79,34,34,15,1
79,34,34,16,7
79,34,34,17,6
79,34,34,18,1
79,34,34,19,1
79,34,34,20,1
79,34,34,21,2
79,34,34,22,1
79,34,34,0,1
79,35,35,1,363
79,35,35,2,1
79,35,35,3,22
79,35,35,4,251
79,35,35,5,8
79,35,35,6,1
79,35,35,7,3
79,35,35,8,3
79,35,35,9,209
79,35,35,10,3
79,35,35,11,2
79,35,35,12,1
79,35,35,13,1
79,35,35,14,3
79,35,35,15,1
79,35,35,16,4
79,35,35,17,10
79,35,35,18,2
79,35,35,19,1
79,35,35,20,9
79,35,35,21,2
79,35,35,22,0
79,35,35,0,3
79,36,36,1,307
79,36,36,2,3
79,36,36,3,9
79,36,36,4,246
79,36,36,5,1
79,36,36,6,0
79,36,36,7,1
79,36,36,8,1
79,36,36,9,112
79,36,36,10,0
79,36,36,11,2
79,36,36,12,0
79,36,36,13,2
79,36,36,14,4
79,36,36,15,0
79,36,36,16,1
79,36,36,17,2
79,36,36,18,0
79,36,36,19,0
79,36,36,20,3
79,36,36,21,0
79,36,36,22,0
79,36,36,0,0
79,37,37,1,294
79,37,37,2,3
79,37,37,3,18
79,37,37,4,385
79,37,37,5,9
79,37,37,6,1
79,37,37,7,1
79,37,37,8,2
79,37,37,9,153
79,37,37,10,1
79,37,37,11,2
79,37,37,12,2
79,37,37,13,8
79,37,37,14,6
79,37,37,15,6
79,37,37,16,5
79,37,37,17,1
79,37,37,18,0
79,37,37,19,0
79,37,37,20,8
79,37,37,21,2
79,37,37,22,1
79,37,37,0,0
79,38,38,1,252
79,38,38,2,4
79,38,38,3,9
79,38,38,4,163
79,38,38,5,4
79,38,38,6,0
79,38,38,7,0
79,38,38,8,1
79,38,38,9,78
79,38,38,10,0
79,38,38,11,0
79,38,38,12,1
79,38,38,13,2
79,38,38,14,3
79,38,38,15,0
79,38,38,16,3
79,38,38,17,9
79,38,38,18,2
79,38,38,19,2
79,38,38,20,1
79,38,38,21,1
79,38,38,22,1
79,38,38,0,1
79,39,39,1,132
79,39,39,2,2
79,39,39,3,8
79,39,39,4,85
79,39,39,5,1
79,39,39,6,0
79,39,39,7,1
79,39,39,8,1
79,39,39,9,62
79,39,39,10,0
79,39,39,11,0
79,39,39,12,0
79,39,39,13,1
79,39,39,14,0
79,39,39,15,0
79,39,39,16,1
79,39,39,17,4
79,39,39,18,2
79,39,39,19,0
79,39,39,20,1
79,39,39,21,1
79,39,39,22,0
79,39,39,0,0
79,40,40,1,267
79,40,40,2,5
79,40,40,3,9
79,40,40,4,214
79,40,40,5,3
79,40,40,6,1
79,40,40,7,1
79,40,40,8,1
79,40,40,9,139
79,40,40,10,2
79,40,40,11,0
79,40,40,12,0
79,40,40,13,5
79,40,40,14,0
79,40,40,15,0
79,40,40,16,5
79,40,40,17,5
79,40,40,18,0
79,40,40,19,2
79,40,40,20,2
79,40,40,21,1
79,40,40,22,1
79,40,40,0,2
79,41,41,1,287
79,41,41,2,4
79,41,41,3,6
79,41,41,4,169
79,41,41,5,2
79,41,41,6,1
79,41,41,7,1
79,41,41,8,1
79,41,41,9,92
79,41,41,10,0
79,41,41,11,0
79,41,41,12,1
79,41,41,13,2
79,41,41,14,3
79,41,41,15,0
79,41,41,16,4
79,41,41,17,6
79,41,41,18,0
79,41,41,19,0
79,41,41,20,2
79,41,41,21,1
79,41,41,22,0
79,41,41,0,0
79,42,42,1,197
79,42,42,2,3
79,42,42,3,3
79,42,42,4,200
79,42,42,5,2
79,42,42,6,0
79,42,42,7,2
79,42,42,8,0
79,42,42,9,184
79,42,42,10,2
79,42,42,11,0
79,42,42,12,1
79,42,42,13,1
79,42,42,14,4
79,42,42,15,0
79,42,42,16,2
79,42,42,17,2
79,42,42,18,0
79,42,42,19,0
79,42,42,20,3
79,42,42,21,1
79,42,42,22,0
79,42,42,0,2
79,43,43,1,287
79,43,43,2,13
79,43,43,3,16
79,43,43,4,226
79,43,43,5,5
79,43,43,6,1
79,43,43,7,1
79,43,43,8,2
79,43,43,9,137
79,43,43,10,0
79,43,43,11,0
79,43,43,12,4
79,43,43,13,2
79,43,43,14,1
79,43,43,15,3
79,43,43,16,6
79,43,43,17,3
79,43,43,18,2
79,43,43,19,2
79,43,43,20,3
79,43,43,21,0
79,43,43,22,1
79,43,43,0,2
79,44,44,1,334
79,44,44,2,13
79,44,44,3,6
79,44,44,4,234
79,44,44,5,4
79,44,44,6,2
79,44,44,7,2
79,44,44,8,4
79,44,44,9,215
79,44,44,10,0
79,44,44,11,1
79,44,44,12,1
79,44,44,13,3
79,44,44,14,0
79,44,44,15,3
79,44,44,16,6
79,44,44,17,5
79,44,44,18,0
79,44,44,19,1
79,44,44,20,3
79,44,44,21,1
79,44,44,22,3
79,44,44,0,1
79,45,45,1,248
79,45,45,2,1
79,45,45,3,9
79,45,45,4,127
79,45,45,5,0
79,45,45,6,0
79,45,45,7,0
79,45,45,8,0
79,45,45,9,99
79,45,45,10,0
79,45,45,11,0
79,45,45,12,0
79,45,45,13,0
79,45,45,14,0
79,45,45,15,0
79,45,45,16,0
79,45,45,17,3
79,45,45,18,0
79,45,45,19,0
79,45,45,20,1
79,45,45,21,0
79,45,45,22,0
79,45,45,0,0
79,46,46,1,256
79,46,46,2,0
79,46,46,3,12
79,46,46,4,302
79,46,46,5,1
79,46,46,6,1
79,46,46,7,0
79,46,46,8,1
79,46,46,9,132
79,46,46,10,0
79,46,46,11,0
79,46,46,12,0
79,46,46,13,1
79,46,46,14,0
79,46,46,15,0
79,46,46,16,3
79,46,46,17,1
79,46,46,18,0
79,46,46,19,0
79,46,46,20,0
79,46,46,21,0
79,46,46,22,0
79,46,46,0,1
79,47,47,1,387
79,47,47,2,2
79,47,47,3,14
79,47,47,4,216
79,47,47,5,1
79,47,47,6,0
79,47,47,7,0
79,47,47,8,0
79,47,47,9,194
79,47,47,10,0
79,47,47,11,1
79,47,47,12,2
79,47,47,13,1
79,47,47,14,0
79,47,47,15,0
79,47,47,16,3
79,47,47,17,2
79,47,47,18,0
79,47,47,19,0
79,47,47,20,0
79,47,47,21,0
79,47,47,22,0
79,47,47,0,0
79,47,47,1,0
79,47,47,2,0
79,47,47,3,0
79,47,47,4,0
79,47,47,5,0
79,47,47,6,0
79,47,47,7,0
79,47,47,8,0
79,47,47,9,0
79,47,47,10,0
79,47,47,11,0
79,47,47,12,0
79,47,47,13,0
79,47,47,14,0
79,47,47,15,0
79,47,47,16,0
79,47,47,17,0
79,47,47,18,0
79,47,47,19,0
79,47,47,20,0
79,47,47,21,0
79,47,47,22,0
79,47,47,0,0
79,48,48,1,177
79,48,48,2,0
79,48,48,3,5
79,48,48,4,221
79,48,48,5,2
79,48,48,6,0
79,48,48,7,0
79,48,48,8,1
79,48,48,9,137
79,48,48,10,0
79,48,48,11,0
79,48,48,12,0
79,48,48,13,0
79,48,48,14,0
79,48,48,15,0
79,48,48,16,0
79,48,48,17,0
79,48,48,18,0
79,48,48,19,0
79,48,48,20,1
79,48,48,21,0
79,48,48,22,0
79,48,48,0,1
79,48,48,1,0
79,48,48,2,0
79,48,48,3,0
79,48,48,4,0
79,48,48,5,0
79,48,48,6,0
79,48,48,7,0
79,48,48,8,0
79,48,48,9,0
79,48,48,10,0
79,48,48,11,0
79,48,48,12,0
79,48,48,13,0
79,48,48,14,0
79,48,48,15,0
79,48,48,16,0
79,48,48,17,0
79,48,48,18,0
79,48,48,19,0
79,48,48,20,0
79,48,48,21,0
79,48,48,22,0
79,48,48,0,0
79,49,49,1,0
79,49,49,2,0
79,49,49,3,0
79,49,49,4,0
79,49,49,5,0
79,49,49,6,0
79,49,49,7,0
79,49,49,8,0
79,49,49,9,0
79,49,49,10,0
79,49,49,11,0
79,49,49,12,0
79,49,49,13,0
79,49,49,14,0
79,49,49,15,0
79,49,49,16,0
79,49,49,17,0
79,49,49,18,0
79,49,49,19,0
79,49,49,20,0
79,49,49,21,0
79,49,49,22,0
79,49,49,0,0
79,49,49,1,209
79,49,49,2,5
79,49,49,3,15
79,49,49,4,332
79,49,49,5,4
79,49,49,6,2
79,49,49,7,2
79,49,49,8,4
79,49,49,9,238
79,49,49,10,2
79,49,49,11,1
79,49,49,12,0
79,49,49,13,1
79,49,49,14,2
79,49,49,15,0
79,49,49,16,10
79,49,49,17,5
79,49,49,18,3
79,49,49,19,1
79,49,49,20,1
79,49,49,21,1
79,49,49,22,1
79,49,49,0,0
79,50,50,1,132
79,50,50,2,5
79,50,50,3,14
79,50,50,4,90
79,50,50,5,1
79,50,50,6,0
79,50,50,7,0
79,50,50,8,0
79,50,50,9,82
79,50,50,10,2
79,50,50,11,0
79,50,50,12,1
79,50,50,13,1
79,50,50,14,4
79,50,50,15,3
79,50,50,16,5
79,50,50,17,1
79,50,50,18,0
79,50,50,19,0
79,50,50,20,1
79,50,50,21,0
79,50,50,22,0
79,50,50,0,1
79,51,51,1,174
79,51,51,2,3
79,51,51,3,9
79,51,51,4,221
79,51,51,5,4
79,51,51,6,1
79,51,51,7,0
79,51,51,8,0
79,51,51,9,114
79,51,51,10,1
79,51,51,11,0
79,51,51,12,0
79,51,51,13,0
79,51,51,14,1
79,51,51,15,0
79,51,51,16,4
79,51,51,17,4
79,51,51,18,1
79,51,51,19,0
79,51,51,20,0
79,51,51,21,1
79,51,51,22,1
79,51,51,0,2
79,52,52,1,344
79,52,52,2,1
79,52,52,3,13
79,52,52,4,245
79,52,52,5,0
79,52,52,6,1
79,52,52,7,0
79,52,52,8,2
79,52,52,9,202
79,52,52,10,0
79,52,52,11,0
79,52,52,12,0
79,52,52,13,0
79,52,52,14,3
79,52,52,15,0
79,52,52,16,0
79,52,52,17,3
79,52,52,18,0
79,52,52,19,0
79,52,52,20,3
79,52,52,21,2
79,52,52,22,1
79,52,52,0,2
79,53,53,1,437
79,53,53,2,0
79,53,53,3,22
79,53,53,4,100
79,53,53,5,0
79,53,53,6,0
79,53,53,7,0
79,53,53,8,0
79,53,53,9,156
79,53,53,10,1
79,53,53,11,0
79,53,53,12,0
79,53,53,13,0
79,53,53,14,0
79,53,53,15,0
79,53,53,16,1
79,53,53,17,0
79,53,53,18,0
79,53,53,19,0
79,53,53,20,1
79,53,53,21,0
79,53,53,22,0
79,53,53,0,0
79,54,54,1,239
79,54,54,2,2
79,54,54,3,14
79,54,54,4,248
79,54,54,5,4
79,54,54,6,0
79,54,54,7,0
79,54,54,8,0
79,54,54,9,160
79,54,54,10,0
79,54,54,11,0
79,54,54,12,0
79,54,54,13,1
79,54,54,14,0
79,54,54,15,0
79,54,54,16,4
79,54,54,17,2
79,54,54,18,0
79,54,54,19,2
79,54,54,20,6
79,54,54,21,0
79,54,54,22,0
79,54,54,0,1
79,55,55,1,234
79,55,55,2,1
79,55,55,3,19
79,55,55,4,358
79,55,55,5,1
79,55,55,6,2
79,55,55,7,2
79,55,55,8,3
79,55,55,9,262
79,55,55,10,0
79,55,55,11,0
79,55,55,12,0
79,55,55,13,2
79,55,55,14,3
79,55,55,15,0
79,55,55,16,3
79,55,55,17,2
79,55,55,18,0
79,55,55,19,0
79,55,55,20,4
79,55,55,21,1
79,55,55,22,1
79,55,55,0,2
79,56,56,1,96
79,56,56,2,0
79,56,56,3,10
79,56,56,4,175
79,56,56,5,1
79,56,56,6,0
79,56,56,7,0
79,56,56,8,0
79,56,56,9,147
79,56,56,10,0
79,56,56,11,0
79,56,56,12,0
79,56,56,13,3
79,56,56,14,0
79,56,56,15,0
79,56,56,16,1
79,56,56,17,1
79,56,56,18,0
79,56,56,19,0
79,56,56,20,0
79,56,56,21,1
79,56,56,22,0
79,56,56,0,0
79,57,57,1,147
79,57,57,2,1
79,57,57,3,12
79,57,57,4,323
79,57,57,5,2
79,57,57,6,2
79,57,57,7,0
79,57,57,8,0
79,57,57,9,132
79,57,57,10,0
79,57,57,11,0
79,57,57,12,0
79,57,57,13,0
79,57,57,14,0
79,57,57,15,0
79,57,57,16,2
79,57,57,17,0
79,57,57,18,0
79,57,57,19,0
79,57,57,20,1
79,57,57,21,0
79,57,57,22,1
79,57,57,0,0
79,58,58,1,243
79,58,58,2,0
79,58,58,3,33
79,58,58,4,279
79,58,58,5,1
79,58,58,6,0
79,58,58,7,1
79,58,58,8,1
79,58,58,9,221
79,58,58,10,0
79,58,58,11,0
79,58,58,12,0
79,58,58,13,0
79,58,58,14,3
79,58,58,15,1
79,58,58,16,4
79,58,58,17,2
79,58,58,18,0
79,58,58,19,0
79,58,58,20,5
79,58,58,21,1
79,58,58,22,0
79,58,58,0,0
79,59,59,1,266
79,59,59,2,2
79,59,59,3,11
79,59,59,4,322
79,59,59,5,1
79,59,59,6,1
79,59,59,7,0
79,59,59,8,0
79,59,59,9,223
79,59,59,10,1
79,59,59,11,0
79,59,59,12,0
79,59,59,13,0
79,59,59,14,0
79,59,59,15,1
79,59,59,16,0
79,59,59,17,1
79,59,59,18,0
79,59,59,19,0
79,59,59,20,4
79,59,59,21,0
79,59,59,22,1
79,59,59,0,1
79,60,60,1,212
79,60,60,2,0
79,60,60,3,24
79,60,60,4,357
79,60,60,5,4
79,60,60,6,0
79,60,60,7,1
79,60,60,8,3
79,60,60,9,204
79,60,60,10,0
79,60,60,11,0
79,60,60,12,0
79,60,60,13,0
79,60,60,14,0
79,60,60,15,1
79,60,60,16,0
79,60,60,17,3
79,60,60,18,0
79,60,60,19,0
79,60,60,20,2
79,60,60,21,0
79,60,60,22,0
79,60,60,0,0
79,61,61,1,304
79,61,61,2,0
79,61,61,3,11
79,61,61,4,182
79,61,61,5,0
79,61,61,6,0
79,61,61,7,0
79,61,61,8,1
79,61,61,9,180
79,61,61,10,0
79,61,61,11,0
79,61,61,12,2
79,61,61,13,1
79,61,61,14,0
79,61,61,15,0
79,61,61,16,3
79,61,61,17,0
79,61,61,18,0
79,61,61,19,0
79,61,61,20,0
79,61,61,21,0
79,61,61,22,0
79,61,61,0,0
79,62,62,1,93
79,62,62,2,1
79,62,62,3,12
79,62,62,4,337
79,62,62,5,1
79,62,62,6,0
79,62,62,7,0
79,62,62,8,1
79,62,62,9,155
79,62,62,10,0
79,62,62,11,0
79,62,62,12,0
79,62,62,13,3
79,62,62,14,3
79,62,62,15,0
79,62,62,16,1
79,62,62,17,1
79,62,62,18,1
79,62,62,19,0
79,62,62,20,1
79,62,62,21,0
79,62,62,22,0
79,62,62,0,2
79,63,63,1,238
79,63,63,2,2
79,63,63,3,16
79,63,63,4,170
79,63,63,5,4
79,63,63,6,1
79,63,63,7,0
79,63,63,8,0
79,63,63,9,171
79,63,63,10,0
79,63,63,11,0
79,63,63,12,0
79,63,63,13,2
79,63,63,14,1
79,63,63,15,1
79,63,63,16,3
79,63,63,17,3
79,63,63,18,1
79,63,63,19,0
79,63,63,20,0
79,63,63,21,0
79,63,63,22,0
79,63,63,0,1
79,63,63,1,0
79,63,63,2,0
79,63,63,3,0
79,63,63,4,0
79,63,63,5,0
79,63,63,6,0
79,63,63,7,0
79,63,63,8,0
79,63,63,9,0
79,63,63,10,0
79,63,63,11,0
79,63,63,12,0
79,63,63,13,0
79,63,63,14,0
79,63,63,15,0
79,63,63,16,0
79,63,63,17,0
79,63,63,18,0
79,63,63,19,0
79,63,63,20,0
79,63,63,21,0
79,63,63,22,0
79,63,63,0,0
79,64,64,1,0
79,64,64,2,0
79,64,64,3,0
79,64,64,4,0
79,64,64,5,0
79,64,64,6,0
79,64,64,7,0
79,64,64,8,0
79,64,64,9,0
79,64,64,10,0
79,64,64,11,0
79,64,64,12,0
79,64,64,13,0
79,64,64,14,0
79,64,64,15,0
79,64,64,16,0
79,64,64,17,0
79,64,64,18,0
79,64,64,19,0
79,64,64,20,0
79,64,64,21,0
79,64,64,22,0
79,64,64,0,0
79,64,64,1,276
79,64,64,2,3
79,64,64,3,17
79,64,64,4,258
79,64,64,5,2
79,64,64,6,1
79,64,64,7,0
79,64,64,8,0
79,64,64,9,198
79,64,64,10,0
79,64,64,11,0
79,64,64,12,0
79,64,64,13,3
79,64,64,14,1
79,64,64,15,0
79,64,64,16,2
79,64,64,17,0
79,64,64,18,1
79,64,64,19,0
79,64,64,20,0
79,64,64,21,1
79,64,64,22,0
79,64,64,0,0
79,65,65,1,0
79,65,65,2,0
79,65,65,3,0
79,65,65,4,0
79,65,65,5,0
79,65,65,6,0
79,65,65,7,0
79,65,65,8,0
79,65,65,9,0
79,65,65,10,0
79,65,65,11,0
79,65,65,12,0
79,65,65,13,0
79,65,65,14,0
79,65,65,15,0
79,65,65,16,0
79,65,65,17,0
79,65,65,18,0
79,65,65,19,0
79,65,65,20,0
79,65,65,21,0
79,65,65,22,0
79,65,65,0,0
79,65,65,1,217
79,65,65,2,2
79,65,65,3,16
79,65,65,4,138
79,65,65,5,0
79,65,65,6,0
79,65,65,7,0
79,65,65,8,1
79,65,65,9,179
79,65,65,10,0
79,65,65,11,0
79,65,65,12,0
79,65,65,13,1
79,65,65,14,1
79,65,65,15,0
79,65,65,16,1
79,65,65,17,1
79,65,65,18,0
79,65,65,19,0
79,65,65,20,0
79,65,65,21,0
79,65,65,22,0
79,65,65,0,1
79,66,66,1,286
79,66,66,2,1
79,66,66,3,18
79,66,66,4,121
79,66,66,5,1
79,66,66,6,0
79,66,66,7,0
79,66,66,8,1
79,66,66,9,207
79,66,66,10,0
79,66,66,11,0
79,66,66,12,0
79,66,66,13,0
79,66,66,14,1
79,66,66,15,0
79,66,66,16,1
79,66,66,17,1
79,66,66,18,0
79,66,66,19,0
79,66,66,20,1
79,66,66,21,1
79,66,66,22,0
79,66,66,0,1
79,67,67,1,85
79,67,67,2,1
79,67,67,3,13
79,67,67,4,215
79,67,67,5,1
79,67,67,6,0
79,67,67,7,0
79,67,67,8,1
79,67,67,9,102
79,67,67,10,0
79,67,67,11,0
79,67,67,12,0
79,67,67,13,2
79,67,67,14,1
79,67,67,15,0
79,67,67,16,0
79,67,67,17,0
79,67,67,18,0
79,67,67,19,0
79,67,67,20,2
79,67,67,21,0
79,67,67,22,0
79,67,67,0,0
79,68,68,1,95
79,68,68,2,4
79,68,68,3,24
79,68,68,4,416
79,68,68,5,2
79,68,68,6,0
79,68,68,7,0
79,68,68,8,0
79,68,68,9,193
79,68,68,10,0
79,68,68,11,0
79,68,68,12,1
79,68,68,13,2
79,68,68,14,0
79,68,68,15,0
79,68,68,16,1
79,68,68,17,2
79,68,68,18,1
79,68,68,19,2
79,68,68,20,4
79,68,68,21,0
79,68,68,22,0
79,68,68,0,2
79,69,69,1,197
79,69,69,2,0
79,69,69,3,18
79,69,69,4,106
79,69,69,5,0
79,69,69,6,0
79,69,69,7,0
79,69,69,8,0
79,69,69,9,144
79,69,69,10,0
79,69,69,11,0
79,69,69,12,0
79,69,69,13,0
79,69,69,14,0
79,69,69,15,1
79,69,69,16,1
79,69,69,17,1
79,69,69,18,0
79,69,69,19,0
79,69,69,20,0
79,69,69,21,0
79,69,69,22,1
79,69,69,0,0
79,70,70,1,305
79,70,70,2,0
79,70,70,3,15
79,70,70,4,91
79,70,70,5,1
79,70,70,6,0
79,70,70,7,0
79,70,70,8,0
79,70,70,9,162
79,70,70,10,0
79,70,70,11,1
79,70,70,12,0
79,70,70,13,0
79,70,70,14,0
79,70,70,15,0
79,70,70,16,1
79,70,70,17,0
79,70,70,18,0
79,70,70,19,0
79,70,70,20,0
79,70,70,21,0
79,70,70,22,1
79,70,70,0,2
79,71,71,1,140
79,71,71,2,0
79,71,71,3,17
79,71,71,4,220
79,71,71,5,0
79,71,71,6,0
79,71,71,7,0
79,71,71,8,0
79,71,71,9,152
79,71,71,10,0
79,71,71,11,0
79,71,71,12,0
79,71,71,13,0
79,71,71,14,0
79,71,71,15,0
79,71,71,16,0
79,71,71,17,3
79,71,71,18,0
79,71,71,19,0
79,71,71,20,2
79,71,71,21,0
79,71,71,22,0
79,71,71,0,2
79,72,72,1,120
79,72,72,2,1
79,72,72,3,11
79,72,72,4,246
79,72,72,5,2
79,72,72,6,1
79,72,72,7,0
79,72,72,8,0
79,72,72,9,176
79,72,72,10,0
79,72,72,11,0
79,72,72,12,0
79,72,72,13,0
79,72,72,14,1
79,72,72,15,1
79,72,72,16,1
79,72,72,17,2
79,72,72,18,0
79,72,72,19,0
79,72,72,20,0
79,72,72,21,0
79,72,72,22,0
79,72,72,0,0
79,73,73,1,109
79,73,73,2,0
79,73,73,3,17
79,73,73,4,261
79,73,73,5,0
79,73,73,6,0
79,73,73,7,0
79,73,73,8,1
79,73,73,9,159
79,73,73,10,1
79,73,73,11,0
79,73,73,12,0
79,73,73,13,0
79,73,73,14,0
79,73,73,15,0
79,73,73,16,0
79,73,73,17,1
79,73,73,18,0
79,73,73,19,0
79,73,73,20,0
79,73,73,21,0
79,73,73,22,0
79,73,73,0,0
79,74,74,1,385
79,74,74,2,4
79,74,74,3,25
79,74,74,4,168
79,74,74,5,2
79,74,74,6,3
79,74,74,7,1
79,74,74,8,1
79,74,74,9,274
79,74,74,10,0
79,74,74,11,0
79,74,74,12,0
79,74,74,13,0
79,74,74,14,0
79,74,74,15,2
79,74,74,16,4
79,74,74,17,1
79,74,74,18,0
79,74,74,19,0
79,74,74,20,2
79,74,74,21,2
79,74,74,22,0
79,74,74,0,3
79,75,75,1,333
79,75,75,2,0
79,75,75,3,19
79,75,75,4,142
79,75,75,5,1
79,75,75,6,1
79,75,75,7,0
79,75,75,8,0
79,75,75,9,192
79,75,75,10,0
79,75,75,11,0
79,75,75,12,0
79,75,75,13,0
79,75,75,14,1
79,75,75,15,1
79,75,75,16,4
79,75,75,17,1
79,75,75,18,0
79,75,75,19,0
79,75,75,20,0
79,75,75,21,0
79,75,75,22,0
79,75,75,0,0
79,76,76,1,278
79,76,76,2,1
79,76,76,3,35
79,76,76,4,464
79,76,76,5,5
79,76,76,6,0
79,76,76,7,0
79,76,76,8,0
79,76,76,9,254
79,76,76,10,0
79,76,76,11,0
79,76,76,12,0
79,76,76,13,2
79,76,76,14,0
79,76,76,15,0
79,76,76,16,1
79,76,76,17,1
79,76,76,18,1
79,76,76,19,0
79,76,76,20,1
79,76,76,21,0
79,76,76,22,0
79,76,76,0,2
79,77,77,1,294
79,77,77,2,2
79,77,77,3,31
79,77,77,4,188
79,77,77,5,3
79,77,77,6,0
79,77,77,7,0
79,77,77,8,1
79,77,77,9,281
79,77,77,10,0
79,77,77,11,0
79,77,77,12,0
79,77,77,13,1
79,77,77,14,1
79,77,77,15,0
79,77,77,16,2
79,77,77,17,2
79,77,77,18,0
79,77,77,19,1
79,77,77,20,0
79,77,77,21,1
79,77,77,22,0
79,77,77,0,0
79,78,78,1,242
79,78,78,2,3
79,78,78,3,14
79,78,78,4,233
79,78,78,5,1
79,78,78,6,0
79,78,78,7,0
79,78,78,8,1
79,78,78,9,300
79,78,78,10,0
79,78,78,11,0
79,78,78,12,0
79,78,78,13,0
79,78,78,14,0
79,78,78,15,0
79,78,78,16,0
79,78,78,17,0
79,78,78,18,1
79,78,78,19,0
79,78,78,20,0
79,78,78,21,0
79,78,78,22,0
79,78,78,0,0
79,79,79,1,211
79,79,79,2,1
79,79,79,3,30
79,79,79,4,280
79,79,79,5,1
79,79,79,6,0
79,79,79,7,1
79,79,79,8,0
79,79,79,9,281
79,79,79,10,0
79,79,79,11,0
79,79,79,12,0
79,79,79,13,0
79,79,79,14,1
79,79,79,15,0
79,79,79,16,0
79,79,79,17,0
79,79,79,18,0
79,79,79,19,0
79,79,79,20,1
79,79,79,21,0
79,79,79,22,0
79,79,79,0,0
79,79,79,1,0
79,79,79,2,0
79,79,79,3,0
79,79,79,4,0
79,79,79,5,0
79,79,79,6,0
79,79,79,7,0
79,79,79,8,0
79,79,79,9,0
79,79,79,10,0
79,79,79,11,0
79,79,79,12,0
79,79,79,13,0
79,79,79,14,0
79,79,79,15,0
79,79,79,16,0
79,79,79,17,0
79,79,79,18,0
79,79,79,19,0
79,79,79,20,0
79,79,79,21,0
79,79,79,22,0
79,79,79,0,0
79,80,80,1,257
79,80,80,2,4
79,80,80,3,14
79,80,80,4,241
79,80,80,5,1
79,80,80,6,2
79,80,80,7,1
79,80,80,8,0
79,80,80,9,272
79,80,80,10,0
79,80,80,11,2
79,80,80,12,0
79,80,80,13,0
79,80,80,14,1
79,80,80,15,1
79,80,80,16,4
79,80,80,17,0
79,80,80,18,0
79,80,80,19,0
79,80,80,20,0
79,80,80,21,0
79,80,80,22,0
79,80,80,0,2
79,80,80,1,0
79,80,80,2,0
79,80,80,3,0
79,80,80,4,0
79,80,80,5,0
79,80,80,6,0
79,80,80,7,0
79,80,80,8,0
79,80,80,9,0
79,80,80,10,0
79,80,80,11,0
79,80,80,12,0
79,80,80,13,0
79,80,80,14,0
79,80,80,15,0
79,80,80,16,0
79,80,80,17,0
79,80,80,18,0
79,80,80,19,0
79,80,80,20,0
79,80,80,21,0
79,80,80,22,0
79,80,80,0,0
79,81,81,1,0
79,81,81,2,0
79,81,81,3,0
79,81,81,4,0
79,81,81,5,0
79,81,81,6,0
79,81,81,7,0
79,81,81,8,0
79,81,81,9,0
79,81,81,10,0
79,81,81,11,0
79,81,81,12,0
79,81,81,13,0
79,81,81,14,0
79,81,81,15,0
79,81,81,16,0
79,81,81,17,0
79,81,81,18,0
79,81,81,19,0
79,81,81,20,0
79,81,81,21,0
79,81,81,22,0
79,81,81,0,0
79,81,81,1,122
79,81,81,2,0
79,81,81,3,12
79,81,81,4,223
79,81,81,5,1
79,81,81,6,3
79,81,81,7,1
79,81,81,8,1
79,81,81,9,170
79,81,81,10,0
79,81,81,11,1
79,81,81,12,1
79,81,81,13,1
79,81,81,14,3
79,81,81,15,1
79,81,81,16,0
79,81,81,17,0
79,81,81,18,0
79,81,81,19,0
79,81,81,20,0
79,81,81,21,0
79,81,81,22,0
79,81,81,0,0
79,82,82,1,228
79,82,82,2,2
79,82,82,3,10
79,82,82,4,213
79,82,82,5,2
79,82,82,6,0
79,82,82,7,0
79,82,82,8,2
79,82,82,9,172
79,82,82,10,0
79,82,82,11,0
79,82,82,12,0
79,82,82,13,1
79,82,82,14,0
79,82,82,15,0
79,82,82,16,5
79,82,82,17,0
79,82,82,18,0
79,82,82,19,0
79,82,82,20,0
79,82,82,21,0
79,82,82,22,1
79,82,82,0,1
79,83,83,1,154
79,83,83,2,2
79,83,83,3,16
79,83,83,4,290
79,83,83,5,1
79,83,83,6,1
79,83,83,7,0
79,83,83,8,1
79,83,83,9,177
79,83,83,10,0
79,83,83,11,0
79,83,83,12,0
79,83,83,13,0
79,83,83,14,0
79,83,83,15,0
79,83,83,16,4
79,83,83,17,1
79,83,83,18,0
79,83,83,19,0
79,83,83,20,2
79,83,83,21,0
79,83,83,22,0
79,83,83,0,3
79,84,84,1,193
79,84,84,2,2
79,84,84,3,23
79,84,84,4,244
79,84,84,5,3
79,84,84,6,1
79,84,84,7,0
79,84,84,8,1
79,84,84,9,252
79,84,84,10,0
79,84,84,11,0
79,84,84,12,0
79,84,84,13,0
79,84,84,14,3
79,84,84,15,1
79,84,84,16,4
79,84,84,17,1
79,84,84,18,0
79,84,84,19,0
79,84,84,20,2
79,84,84,21,0
79,84,84,22,0
79,84,84,0,1
79,85,85,1,204
79,85,85,2,1
79,85,85,3,34
79,85,85,4,170
79,85,85,5,1
79,85,85,6,0
79,85,85,7,0
79,85,85,8,0
79,85,85,9,265
79,85,85,10,0
79,85,85,11,1
79,85,85,12,1
79,85,85,13,0
79,85,85,14,0
79,85,85,15,0
79,85,85,16,1
79,85,85,17,2
79,85,85,18,0
79,85,85,19,0
79,85,85,20,3
79,85,85,21,1
79,85,85,22,0
79,85,85,0,1
79,86,86,1,213
79,86,86,2,1
79,86,86,3,13
79,86,86,4,316
79,86,86,5,1
79,86,86,6,1
79,86,86,7,0
79,86,86,8,1
79,86,86,9,273
79,86,86,10,0
79,86,86,11,0
79,86,86,12,3
79,86,86,13,0
79,86,86,14,0
79,86,86,15,1
79,86,86,16,1
79,86,86,17,2
79,86,86,18,1
79,86,86,19,0
79,86,86,20,3
79,86,86,21,0
79,86,86,22,0
79,86,86,0,1
79,87,87,1,93
79,87,87,2,2
79,87,87,3,11
79,87,87,4,225
79,87,87,5,6
79,87,87,6,0
79,87,87,7,0
79,87,87,8,0
79,87,87,9,139
79,87,87,10,0
79,87,87,11,0
79,87,87,12,0
79,87,87,13,1
79,87,87,14,0
79,87,87,15,0
79,87,87,16,1
79,87,87,17,0
79,87,87,18,0
79,87,87,19,1
79,87,87,20,0
79,87,87,21,0
79,87,87,22,0
79,87,87,0,0
79,88,88,1,109
79,88,88,2,1
79,88,88,3,9
79,88,88,4,307
79,88,88,5,3
79,88,88,6,0
79,88,88,7,0
79,88,88,8,1
79,88,88,9,149
79,88,88,10,0
79,88,88,11,1
79,88,88,12,1
79,88,88,13,0
79,88,88,14,0
79,88,88,15,2
79,88,88,16,2
79,88,88,17,0
79,88,88,18,0
79,88,88,19,0
79,88,88,20,0
79,88,88,21,0
79,88,88,22,0
79,88,88,0,1
79,89,89,1,152
79,89,89,2,0
79,89,89,3,19
79,89,89,4,188
79,89,89,5,5
79,89,89,6,1
79,89,89,7,0
79,89,89,8,0
79,89,89,9,166
79,89,89,10,0
79,89,89,11,0
79,89,89,12,0
79,89,89,13,0
79,89,89,14,2
79,89,89,15,0
79,89,89,16,1
79,89,89,17,2
79,89,89,18,0
79,89,89,19,0
79,89,89,20,1
79,89,89,21,0
79,89,89,22,0
79,89,89,0,0
79,90,90,1,220
79,90,90,2,3
79,90,90,3,7
79,90,90,4,122
79,90,90,5,0
79,90,90,6,0
79,90,90,7,0
79,90,90,8,0
79,90,90,9,142
79,90,90,10,0
79,90,90,11,0
79,90,90,12,0
79,90,90,13,2
79,90,90,14,2
79,90,90,15,2
79,90,90,16,1
79,90,90,17,2
79,90,90,18,0
79,90,90,19,0
79,90,90,20,0
79,90,90,21,0
79,90,90,22,0
79,90,90,0,1
79,91,91,1,181
79,91,91,2,3
79,91,91,3,11
79,91,91,4,287
79,91,91,5,3
79,91,91,6,0
79,91,91,7,0
79,91,91,8,2
79,91,91,9,293
79,91,91,10,0
79,91,91,11,0
79,91,91,12,0
79,91,91,13,3
79,91,91,14,3
79,91,91,15,0
79,91,91,16,2
79,91,91,17,1
79,91,91,18,0
79,91,91,19,1
79,91,91,20,2
79,91,91,21,0
79,91,91,22,0
79,91,91,0,3
79,92,92,1,115
79,92,92,2,3
79,92,92,3,8
79,92,92,4,242
79,92,92,5,5
79,92,92,6,2
79,92,92,7,0
79,92,92,8,1
79,92,92,9,241
79,92,92,10,0
79,92,92,11,0
79,92,92,12,0
79,92,92,13,0
79,92,92,14,1
79,92,92,15,0
79,92,92,16,0
79,92,92,17,1
79,92,92,18,1
79,92,92,19,0
79,92,92,20,1
79,92,92,21,0
79,92,92,22,0
79,92,92,0,1
79,93,93,1,160
79,93,93,2,1
79,93,93,3,16
79,93,93,4,210
79,93,93,5,1
79,93,93,6,0
79,93,93,7,0
79,93,93,8,0
79,93,93,9,127
79,93,93,10,0
79,93,93,11,0
79,93,93,12,0
79,93,93,13,0
79,93,93,14,0
79,93,93,15,0
79,93,93,16,1
79,93,93,17,1
79,93,93,18,0
79,93,93,19,0
79,93,93,20,0
79,93,93,21,0
79,93,93,22,0
79,93,93,0,1
79,94,94,1,242
79,94,94,2,1
79,94,94,3,18
79,94,94,4,445
79,94,94,5,4
79,94,94,6,0
79,94,94,7,0
79,94,94,8,1
79,94,94,9,271
79,94,94,10,0
79,94,94,11,0
79,94,94,12,1
79,94,94,13,1
79,94,94,14,0
79,94,94,15,1
79,94,94,16,2
79,94,94,17,1
79,94,94,18,1
79,94,94,19,0
79,94,94,20,0
79,94,94,21,0
79,94,94,22,0
79,94,94,0,1
79,95,95,1,202
79,95,95,2,0
79,95,95,3,9
79,95,95,4,317
79,95,95,5,1
79,95,95,6,0
79,95,95,7,0
79,95,95,8,1
79,95,95,9,195
79,95,95,10,0
79,95,95,11,0
79,95,95,12,0
79,95,95,13,1
79,95,95,14,2
79,95,95,15,2
79,95,95,16,1
79,95,95,17,1
79,95,95,18,0
79,95,95,19,0
79,95,95,20,4
79,95,95,21,1
79,95,95,22,0
79,95,95,0,0
79,95,95,1,0
79,95,95,2,0
79,95,95,3,0
79,95,95,4,0
79,95,95,5,0
79,95,95,6,0
79,95,95,7,0
79,95,95,8,0
79,95,95,9,0
79,95,95,10,0
79,95,95,11,0
79,95,95,12,0
79,95,95,13,0
79,95,95,14,0
79,95,95,15,0
79,95,95,16,0
79,95,95,17,0
79,95,95,18,0
79,95,95,19,0
79,95,95,20,0
79,95,95,21,0
79,95,95,22,0
79,95,95,0,0
79,96,96,1,168
79,96,96,2,1
79,96,96,3,17
79,96,96,4,354
79,96,96,5,0
79,96,96,6,0
79,96,96,7,0
79,96,96,8,4
79,96,96,9,197
79,96,96,10,0
79,96,96,11,0
79,96,96,12,0
79,96,96,13,2
79,96,96,14,1
79,96,96,15,2
79,96,96,16,0
79,96,96,17,5
79,96,96,18,0
79,96,96,19,1
79,96,96,20,6
79,96,96,21,0
79,96,96,22,0
79,96,96,0,4
79,96,96,1,0
79,96,96,2,0
79,96,96,3,0
79,96,96,4,0
79,96,96,5,0
79,96,96,6,0
79,96,96,7,0
79,96,96,8,0
79,96,96,9,0
79,96,96,10,0
79,96,96,11,0
79,96,96,12,0
79,96,96,13,0
79,96,96,14,0
79,96,96,15,0
79,96,96,16,0
79,96,96,17,0
79,96,96,18,0
79,96,96,19,0
79,96,96,20,0
79,96,96,21,0
79,96,96,22,0
79,96,96,0,0
79,97,97,1,0
79,97,97,2,0
79,97,97,3,0
79,97,97,4,0
79,97,97,5,0
79,97,97,6,0
79,97,97,7,0
79,97,97,8,0
79,97,97,9,0
79,97,97,10,0
79,97,97,11,0
79,97,97,12,0
79,97,97,13,0
79,97,97,14,0
79,97,97,15,0
79,97,97,16,0
79,97,97,17,0
79,97,97,18,0
79,97,97,19,0
79,97,97,20,0
79,97,97,21,0
79,97,97,22,0
79,97,97,0,0
79,97,97,1,130
79,97,97,2,0
79,97,97,3,10
79,97,97,4,203
79,97,97,5,2
79,97,97,6,0
79,97,97,7,0
79,97,97,8,0
79,97,97,9,170
79,97,97,10,0
79,97,97,11,1
79,97,97,12,0
79,97,97,13,1
79,97,97,14,0
79,97,97,15,0
79,97,97,16,0
79,97,97,17,0
79,97,97,18,0
79,97,97,19,0
79,97,97,20,1
79,97,97,21,0
79,97,97,22,0
79,97,97,0,0
79,98,98,1,186
79,98,98,2,2
79,98,98,3,4
79,98,98,4,378
79,98,98,5,2
79,98,98,6,0
79,98,98,7,1
79,98,98,8,0
79,98,98,9,127
79,98,98,10,0
79,98,98,11,0
79,98,98,12,0
79,98,98,13,1
79,98,98,14,1
79,98,98,15,1
79,98,98,16,6
79,98,98,17,1
79,98,98,18,0
79,98,98,19,0
79,98,98,20,0
79,98,98,21,0
79,98,98,22,0
79,98,98,0,3
79,99,99,1,170
79,99,99,2,1
79,99,99,3,13
79,99,99,4,216
79,99,99,5,1
79,99,99,6,0
79,99,99,7,0
79,99,99,8,2
79,99,99,9,215
79,99,99,10,0
79,99,99,11,0
79,99,99,12,0
79,99,99,13,0
79,99,99,14,1
79,99,99,15,0
79,99,99,16,1
79,99,99,17,2
79,99,99,18,0
79,99,99,19,1
79,99,99,20,0
79,99,99,21,0
79,99,99,22,0
79,99,99,0,1
79,100,100,1,319
79,100,100,2,0
79,100,100,3,12
79,100,100,4,127
79,100,100,5,0
79,100,100,6,0
79,100,100,7,0
79,100,100,8,0
79,100,100,9,144
79,100,100,10,0
79,100,100,11,0
79,100,100,12,0
79,100,100,13,0
79,100,100,14,0
79,100,100,15,0
79,100,100,16,0
79,100,100,17,0
79,100,100,18,1
79,100,100,19,1
79,100,100,20,2
79,100,100,21,0
79,100,100,22,0
79,100,100,0,0
79,101,101,1,231
79,101,101,2,0
79,101,101,3,15
79,101,101,4,131
79,101,101,5,0
79,101,101,6,0
79,101,101,7,0
79,101,101,8,1
79,101,101,9,170
79,101,101,10,0
79,101,101,11,0
79,101,101,12,0
79,101,101,13,0
79,101,101,14,0
79,101,101,15,0
79,101,101,16,1
79,101,101,17,0
79,101,101,18,0
79,101,101,19,0
79,101,101,20,0
79,101,101,21,0
79,101,101,22,0
79,101,101,0,0
79,102,102,1,241
79,102,102,2,2
79,102,102,3,15
79,102,102,4,142
79,102,102,5,2
79,102,102,6,0
79,102,102,7,0
79,102,102,8,1
79,102,102,9,196
79,102,102,10,0
79,102,102,11,0
79,102,102,12,0
79,102,102,13,0
79,102,102,14,0
79,102,102,15,0
79,102,102,16,0
79,102,102,17,1
79,102,102,18,0
79,102,102,19,0
79,102,102,20,0
79,102,102,21,0
79,102,102,22,0
79,102,102,0,2
79,103,103,1,268
79,103,103,2,1
79,103,103,3,18
79,103,103,4,162
79,103,103,5,1
79,103,103,6,0
79,103,103,7,0
79,103,103,8,1
79,103,103,9,339
79,103,103,10,0
79,103,103,11,0
79,103,103,12,1
79,103,103,13,0
79,103,103,14,0
79,103,103,15,0
79,103,103,16,3
79,103,103,17,1
79,103,103,18,0
79,103,103,19,1
79,103,103,20,0
79,103,103,21,1
79,103,103,22,0
79,103,103,0,2
79,104,104,1,382
79,104,104,2,2
79,104,104,3,20
79,104,104,4,112
79,104,104,5,2
79,104,104,6,1
79,104,104,7,1
79,104,104,8,2
79,104,104,9,253
79,104,104,10,0
79,104,104,11,1
79,104,104,12,1
79,104,104,13,0
79,104,104,14,0
79,104,104,15,0
79,104,104,16,0
79,104,104,17,1
79,104,104,18,0
79,104,104,19,0
79,104,104,20,0
79,104,104,21,0
79,104,104,22,0
79,104,104,0,0
79,105,105,1,252
79,105,105,2,0
79,105,105,3,10
79,105,105,4,161
79,105,105,5,1
79,105,105,6,1
79,105,105,7,0
79,105,105,8,0
79,105,105,9,223
79,105,105,10,0
79,105,105,11,0
79,105,105,12,2
79,105,105,13,1
79,105,105,14,0
79,105,105,15,0
79,105,105,16,1
79,105,105,17,0
79,105,105,18,0
79,105,105,19,0
79,105,105,20,0
79,105,105,21,0
79,105,105,22,1
79,105,105,0,4
79,106,106,1,90
79,106,106,2,0
79,106,106,3,6
79,106,106,4,206
79,106,106,5,1
79,106,106,6,0
79,106,106,7,0
79,106,106,8,0
79,106,106,9,123
79,106,106,10,0
79,106,106,11,2
79,106,106,12,0
79,106,106,13,0
79,106,106,14,1
79,106,106,15,0
79,106,106,16,1
79,106,106,17,1
79,106,106,18,0
79,106,106,19,0
79,106,106,20,0
79,106,106,21,1
79,106,106,22,0
79,106,106,0,0
79,107,107,1,225
79,107,107,2,1
79,107,107,3,14
79,107,107,4,435
79,107,107,5,1
79,107,107,6,0
79,107,107,7,0
79,107,107,8,1
79,107,107,9,255
79,107,107,10,0
79,107,107,11,0
79,107,107,12,0
79,107,107,13,2
79,107,107,14,3
79,107,107,15,1
79,107,107,16,4
79,107,107,17,0
79,107,107,18,0
79,107,107,19,1
79,107,107,20,1
79,107,107,21,0
79,107,107,22,0
79,107,107,0,2
79,108,108,1,152
79,108,108,2,1
79,108,108,3,5
79,108,108,4,263
79,108,108,5,1
79,108,108,6,1
79,108,108,7,0
79,108,108,8,1
79,108,108,9,154
79,108,108,10,0
79,108,108,11,0
79,108,108,12,0
79,108,108,13,0
79,108,108,14,0
79,108,108,15,2
79,108,108,16,3
79,108,108,17,2
79,108,108,18,0
79,108,108,19,0
79,108,108,20,0
79,108,108,21,0
79,108,108,22,0
79,108,108,0,0
79,109,109,1,218
79,109,109,2,1
79,109,109,3,9
79,109,109,4,207
79,109,109,5,2
79,109,109,6,0
79,109,109,7,0
79,109,109,8,2
79,109,109,9,161
79,109,109,10,0
79,109,109,11,1
79,109,109,12,0
79,109,109,13,1
79,109,109,14,0
79,109,109,15,0
79,109,109,16,2
79,109,109,17,1
79,109,109,18,0
79,109,109,19,0
79,109,109,20,0
79,109,109,21,0
79,109,109,22,0
79,109,109,0,0
79,110,110,1,317
79,110,110,2,0
79,110,110,3,25
79,110,110,4,309
79,110,110,5,3
79,110,110,6,1
79,110,110,7,0
79,110,110,8,0
79,110,110,9,256
79,110,110,10,0
79,110,110,11,0
79,110,110,12,0
79,110,110,13,1
79,110,110,14,1
79,110,110,15,3
79,110,110,16,0
79,110,110,17,0
79,110,110,18,1
79,110,110,19,0
79,110,110,20,0
79,110,110,21,2
79,110,110,22,0
79,110,110,0,0
79,111,111,1,0
79,111,111,2,0
79,111,111,3,0
79,111,111,4,0
79,111,111,5,0
79,111,111,6,0
79,111,111,7,0
79,111,111,8,0
79,111,111,9,0
79,111,111,10,0
79,111,111,11,0
79,111,111,12,0
79,111,111,13,0
79,111,111,14,0
79,111,111,15,0
79,111,111,16,0
79,111,111,17,0
79,111,111,18,0
79,111,111,19,0
79,111,111,20,0
79,111,111,21,0
79,111,111,22,0
79,111,111,0,0
79,111,111,1,209
79,111,111,2,1
79,111,111,3,11
79,111,111,4,219
79,111,111,5,0
79,111,111,6,0
79,111,111,7,0
79,111,111,8,1
79,111,111,9,168
79,111,111,10,0
79,111,111,11,0
79,111,111,12,0
79,111,111,13,1
79,111,111,14,0
79,111,111,15,0
79,111,111,16,1
79,111,111,17,1
79,111,111,18,0
79,111,111,19,1
79,111,111,20,1
79,111,111,21,0
79,111,111,22,0
79,111,111,0,2
79,112,112,1,0
79,112,112,2,0
79,112,112,3,0
79,112,112,4,0
79,112,112,5,0
79,112,112,6,0
79,112,112,7,0
79,112,112,8,0
79,112,112,9,0
79,112,112,10,0
79,112,112,11,0
79,112,112,12,0
79,112,112,13,0
79,112,112,14,0
79,112,112,15,0
79,112,112,16,0
79,112,112,17,0
79,112,112,18,0
79,112,112,19,0
79,112,112,20,0
79,112,112,21,0
79,112,112,22,0
79,112,112,0,0
79,112,112,1,203
79,112,112,2,2
79,112,112,3,28
79,112,112,4,209
79,112,112,5,3
79,112,112,6,0
79,112,112,7,0
79,112,112,8,4
79,112,112,9,410
79,112,112,10,0
79,112,112,11,0
79,112,112,12,0
79,112,112,13,0
79,112,112,14,3
79,112,112,15,0
79,112,112,16,1
79,112,112,17,2
79,112,112,18,0
79,112,112,19,2
79,112,112,20,1
79,112,112,21,1
79,112,112,22,2
79,112,112,0,4
79,113,113,1,209
79,113,113,2,0
79,113,113,3,26
79,113,113,4,181
79,113,113,5,1
79,113,113,6,0
79,113,113,7,1
79,113,113,8,1
79,113,113,9,344
79,113,113,10,0
79,113,113,11,0
79,113,113,12,0
79,113,113,13,0
79,113,113,14,0
79,113,113,15,0
79,113,113,16,0
79,113,113,17,1
79,113,113,18,0
79,113,113,19,0
79,113,113,20,4
79,113,113,21,0
79,113,113,22,0
79,113,113,0,1
79,113,113,1,0
79,113,113,2,0
79,113,113,3,0
79,113,113,4,0
79,113,113,5,0
79,113,113,6,0
79,113,113,7,0
79,113,113,8,0
79,113,113,9,0
79,113,113,10,0
79,113,113,11,0
79,113,113,12,0
79,113,113,13,0
79,113,113,14,0
79,113,113,15,0
79,113,113,16,0
79,113,113,17,0
79,113,113,18,0
79,113,113,19,0
79,113,113,20,0
79,113,113,21,0
79,113,113,22,0
79,113,113,0,0
79,114,114,1,182
79,114,114,2,0
79,114,114,3,23
79,114,114,4,183
79,114,114,5,3
79,114,114,6,1
79,114,114,7,1
79,114,114,8,0
79,114,114,9,274
79,114,114,10,0
79,114,114,11,2
79,114,114,12,0
79,114,114,13,2
79,114,114,14,0
79,114,114,15,0
79,114,114,16,1
79,114,114,17,1
79,114,114,18,0
79,114,114,19,0
79,114,114,20,0
79,114,114,21,0
79,114,114,22,0
79,114,114,0,1
79,115,115,1,179
79,115,115,2,1
79,115,115,3,20
79,115,115,4,140
79,115,115,5,1
79,115,115,6,0
79,115,115,7,0
79,115,115,8,1
79,115,115,9,282
79,115,115,10,1
79,115,115,11,0
79,115,115,12,0
79,115,115,13,0
79,115,115,14,1
79,115,115,15,0
79,115,115,16,0
79,115,115,17,1
79,115,115,18,3
79,115,115,19,2
79,115,115,20,2
79,115,115,21,3
79,115,115,22,0
79,115,115,0,0
79,116,116,1,194
79,116,116,2,1
79,116,116,3,34
79,116,116,4,247
79,116,116,5,4
79,116,116,6,0
79,116,116,7,1
79,116,116,8,2
79,116,116,9,368
79,116,116,10,1
79,116,116,11,0
79,116,116,12,1
79,116,116,13,3
79,116,116,14,0
79,116,116,15,0
79,116,116,16,3
79,116,116,17,0
79,116,116,18,1
79,116,116,19,1
79,116,116,20,1
79,116,116,21,0
79,116,116,22,0
79,116,116,0,1
79,117,117,1,118
79,117,117,2,0
79,117,117,3,21
79,117,117,4,284
79,117,117,5,2
79,117,117,6,0
79,117,117,7,0
79,117,117,8,1
79,117,117,9,94
79,117,117,10,0
79,117,117,11,0
79,117,117,12,0
79,117,117,13,0
79,117,117,14,1
79,117,117,15,0
79,117,117,16,0
79,117,117,17,0
79,117,117,18,1
79,117,117,19,0
79,117,117,20,3
79,117,117,21,0
79,117,117,22,0
79,117,117,0,0
79,118,118,1,288
79,118,118,2,0
79,118,118,3,43
79,118,118,4,183
79,118,118,5,1
79,118,118,6,1
79,118,118,7,1
79,118,118,8,0
79,118,118,9,314
79,118,118,10,0
79,118,118,11,1
79,118,118,12,0
79,118,118,13,0
79,118,118,14,2
79,118,118,15,0
79,118,118,16,0
79,118,118,17,7
79,118,118,18,1
79,118,118,19,0
79,118,118,20,0
79,118,118,21,0
79,118,118,22,1
79,118,118,0,2
79,119,119,1,240
79,119,119,2,1
79,119,119,3,31
79,119,119,4,188
79,119,119,5,0
79,119,119,6,0
79,119,119,7,0
79,119,119,8,2
79,119,119,9,329
79,119,119,10,2
79,119,119,11,0
79,119,119,12,0
79,119,119,13,2
79,119,119,14,1
79,119,119,15,0
79,119,119,16,2
79,119,119,17,1
79,119,119,18,1
79,119,119,19,0
79,119,119,20,1
79,119,119,21,0
79,119,119,22,0
79,119,119,0,3
79,120,120,1,294
79,120,120,2,3
79,120,120,3,20
79,120,120,4,410
79,120,120,5,2
79,120,120,6,0
79,120,120,7,0
79,120,120,8,1
79,120,120,9,234
79,120,120,10,0
79,120,120,11,0
79,120,120,12,0
79,120,120,13,3
79,120,120,14,2
79,120,120,15,0
79,120,120,16,5
79,120,120,17,0
79,120,120,18,3
79,120,120,19,0
79,120,120,20,1
79,120,120,21,0
79,120,120,22,0
79,120,120,0,1
79,121,121,1,455
79,121,121,2,1
79,121,121,3,35
79,121,121,4,198
79,121,121,5,2
79,121,121,6,1
79,121,121,7,0
79,121,121,8,0
79,121,121,9,279
79,121,121,10,1
79,121,121,11,0
79,121,121,12,0
79,121,121,13,0
79,121,121,14,1
79,121,121,15,0
79,121,121,16,0
79,121,121,17,0
79,121,121,18,0
79,121,121,19,0
79,121,121,20,0
79,121,121,21,0
79,121,121,22,0
79,121,121,0,1
79,122,122,1,213
79,122,122,2,1
79,122,122,3,8
79,122,122,4,132
79,122,122,5,2
79,122,122,6,1
79,122,122,7,0
79,122,122,8,0
79,122,122,9,141
79,122,122,10,1
79,122,122,11,0
79,122,122,12,0
79,122,122,13,0
79,122,122,14,0
79,122,122,15,1
79,122,122,16,0
79,122,122,17,1
79,122,122,18,0
79,122,122,19,0
79,122,122,20,0
79,122,122,21,0
79,122,122,22,0
79,122,122,0,0
79,123,123,1,247
79,123,123,2,0
79,123,123,3,14
79,123,123,4,184
79,123,123,5,0
79,123,123,6,0
79,123,123,7,0
79,123,123,8,1
79,123,123,9,155
79,123,123,10,0
79,123,123,11,0
79,123,123,12,0
79,123,123,13,0
79,123,123,14,0
79,123,123,15,0
79,123,123,16,3
79,123,123,17,1
79,123,123,18,1
79,123,123,19,0
79,123,123,20,2
79,123,123,21,0
79,123,123,22,1
79,123,123,0,1
79,124,124,1,305
79,124,124,2,3
79,124,124,3,17
79,124,124,4,253
79,124,124,5,4
79,124,124,6,1
79,124,124,7,0
79,124,124,8,1
79,124,124,9,298
79,124,124,10,0
79,124,124,11,0
79,124,124,12,0
79,124,124,13,0
79,124,124,14,2
79,124,124,15,0
79,124,124,16,2
79,124,124,17,4
79,124,124,18,0
79,124,124,19,0
79,124,124,20,6
79,124,124,21,0
79,124,124,22,0
79,124,124,0,6
79,125,125,1,256
79,125,125,2,2
79,125,125,3,11
79,125,125,4,293
79,125,125,5,4
79,125,125,6,0
79,125,125,7,1
79,125,125,8,0
79,125,125,9,315
79,125,125,10,0
79,125,125,11,0
79,125,125,12,0
79,125,125,13,2
79,125,125,14,1
79,125,125,15,0
79,125,125,16,0
79,125,125,17,2
79,125,125,18,0
79,125,125,19,1
79,125,125,20,0
79,125,125,21,0
79,125,125,22,0
79,125,125,0,1
79,126,126,1,328
79,126,126,2,3
79,126,126,3,18
79,126,126,4,295
79,126,126,5,1
79,126,126,6,0
79,126,126,7,1
79,126,126,8,2
79,126,126,9,330
79,126,126,10,0
79,126,126,11,0
79,126,126,12,1
79,126,126,13,0
79,126,126,14,0
79,126,126,15,1
79,126,126,16,1
79,126,126,17,3
79,126,126,18,3
79,126,126,19,0
79,126,126,20,1
79,126,126,21,0
79,126,126,22,0
79,126,126,0,6
79,127,127,1,335
79,127,127,2,0
79,127,127,3,14
79,127,127,4,236
79,127,127,5,2
79,127,127,6,1
79,127,127,7,0
79,127,127,8,0
79,127,127,9,243
79,127,127,10,0
79,127,127,11,0
79,127,127,12,0
79,127,127,13,0
79,127,127,14,1
79,127,127,15,1
79,127,127,16,1
79,127,127,17,0
79,127,127,18,0
79,127,127,19,0
79,127,127,20,0
79,127,127,21,1
79,127,127,22,0
79,127,127,0,0
79,127,127,1,0
79,127,127,2,0
79,127,127,3,0
79,127,127,4,0
79,127,127,5,0
79,127,127,6,0
79,127,127,7,0
79,127,127,8,0
79,127,127,9,0
79,127,127,10,0
79,127,127,11,0
79,127,127,12,0
79,127,127,13,0
79,127,127,14,0
79,127,127,15,0
79,127,127,16,0
79,127,127,17,0
79,127,127,18,0
79,127,127,19,0
79,127,127,20,0
79,127,127,21,0
79,127,127,22,0
79,127,127,0,0
79,128,128,1,375
79,128,128,2,2
79,128,128,3,15
79,128,128,4,122
79,128,128,5,0
79,128,128,6,0
79,128,128,7,1
79,128,128,8,0
79,128,128,9,297
79,128,128,10,0
79,128,128,11,0
79,128,128,12,1
79,128,128,13,0
79,128,128,14,2
79,128,128,15,0
79,128,128,16,2
79,128,128,17,1
79,128,128,18,0
79,128,128,19,0
79,128,128,20,1
79,128,128,21,0
79,128,128,22,1
79,128,128,0,0
79,128,128,1,0
79,128,128,2,0
79,128,128,3,0
79,128,128,4,0
79,128,128,5,0
79,128,128,6,0
79,128,128,7,0
79,128,128,8,0
79,128,128,9,0
79,128,128,10,0
79,128,128,11,0
79,128,128,12,0
79,128,128,13,0
79,128,128,14,0
79,128,128,15,0
79,128,128,16,0
79,128,128,17,0
79,128,128,18,0
79,128,128,19,0
79,128,128,20,0
79,128,128,21,0
79,128,128,22,0
79,128,128,0,0
79,129,129,1,0
79,129,129,2,0
79,129,129,3,0
79,129,129,4,0
79,129,129,5,0
79,129,129,6,0
79,129,129,7,0
79,129,129,8,0
79,129,129,9,0
79,129,129,10,0
79,129,129,11,0
79,129,129,12,0
79,129,129,13,0
79,129,129,14,0
79,129,129,15,0
79,129,129,16,0
79,129,129,17,0
79,129,129,18,0
79,129,129,19,0
79,129,129,20,0
79,129,129,21,0
79,129,129,22,0
79,129,129,0,0
79,129,129,1,163
79,129,129,2,1
79,129,129,3,5
79,129,129,4,131
79,129,129,5,1
79,129,129,6,0
79,129,129,7,1
79,129,129,8,0
79,129,129,9,148
79,129,129,10,0
79,129,129,11,0
79,129,129,12,0
79,129,129,13,0
79,129,129,14,0
79,129,129,15,0
79,129,129,16,1
79,129,129,17,1
79,129,129,18,0
79,129,129,19,0
79,129,129,20,0
79,129,129,21,0
79,129,129,22,0
79,129,129,0,0
79,130,130,1,270
79,130,130,2,1
79,130,130,3,10
79,130,130,4,46
79,130,130,5,1
79,130,130,6,0
79,130,130,7,0
79,130,130,8,1
79,130,130,9,92
79,130,130,10,1
79,130,130,11,0
79,130,130,12,0
79,130,130,13,0
79,130,130,14,0
79,130,130,15,0
79,130,130,16,0
79,130,130,17,0
79,130,130,18,0
79,130,130,19,0
79,130,130,20,0
79,130,130,21,0
79,130,130,22,0
79,130,130,0,1
79,131,131,1,246
79,131,131,2,0
79,131,131,3,4
79,131,131,4,35
79,131,131,5,0
79,131,131,6,0
79,131,131,7,0
79,131,131,8,1
79,131,131,9,110
79,131,131,10,1
79,131,131,11,0
79,131,131,12,0
79,131,131,13,0
79,131,131,14,0
79,131,131,15,0
79,131,131,16,1
79,131,131,17,0
79,131,131,18,0
79,131,131,19,0
79,131,131,20,0
79,131,131,21,0
79,131,131,22,0
79,131,131,0,0
79,132,132,1,139
79,132,132,2,0
79,132,132,3,4
79,132,132,4,122
79,132,132,5,1
79,132,132,6,0
79,132,132,7,0
79,132,132,8,0
79,132,132,9,107
79,132,132,10,0
79,132,132,11,0
79,132,132,12,0
79,132,132,13,0
79,132,132,14,0
79,132,132,15,0
79,132,132,16,1
79,132,132,17,0
79,132,132,18,0
79,132,132,19,0
79,132,132,20,0
79,132,132,21,0
79,132,132,22,0
79,132,132,0,0
79,133,133,1,145
79,133,133,2,0
79,133,133,3,5
79,133,133,4,110
79,133,133,5,1
79,133,133,6,0
79,133,133,7,0
79,133,133,8,0
79,133,133,9,148
79,133,133,10,0
79,133,133,11,0
79,133,133,12,0
79,133,133,13,0
79,133,133,14,0
79,133,133,15,0
79,133,133,16,0
79,133,133,17,0
79,133,133,18,0
79,133,133,19,0
79,133,133,20,0
79,133,133,21,0
79,133,133,22,0
79,133,133,0,2
79,134,134,1,273
79,134,134,2,0
79,134,134,3,6
79,134,134,4,68
79,134,134,5,0
79,134,134,6,0
79,134,134,7,0
79,134,134,8,1
79,134,134,9,136
79,134,134,10,0
79,134,134,11,0
79,134,134,12,0
79,134,134,13,0
79,134,134,14,1
79,134,134,15,0
79,134,134,16,0
79,134,134,17,0
79,134,134,18,1
79,134,134,19,0
79,134,134,20,0
79,134,134,21,1
79,134,134,22,0
79,134,134,0,1
79,135,135,1,332
79,135,135,2,1
79,135,135,3,10
79,135,135,4,100
79,135,135,5,6
79,135,135,6,0
79,135,135,7,0
79,135,135,8,0
79,135,135,9,117
79,135,135,10,0
79,135,135,11,1
79,135,135,12,0
79,135,135,13,0
79,135,135,14,1
79,135,135,15,1
79,135,135,16,1
79,135,135,17,3
79,135,135,18,0
79,135,135,19,1
79,135,135,20,0
79,135,135,21,0
79,135,135,22,0
79,135,135,0,1
79,136,136,1,142
79,136,136,2,0
79,136,136,3,10
79,136,136,4,253
79,136,136,5,3
79,136,136,6,1
79,136,136,7,1
79,136,136,8,1
79,136,136,9,150
79,136,136,10,0
79,136,136,11,0
79,136,136,12,0
79,136,136,13,0
79,136,136,14,0
79,136,136,15,0
79,136,136,16,1
79,136,136,17,1
79,136,136,18,0
79,136,136,19,0
79,136,136,20,2
79,136,136,21,0
79,136,136,22,0
79,136,136,0,1
79,137,137,1,209
79,137,137,2,2
79,137,137,3,5
79,137,137,4,137
79,137,137,5,3
79,137,137,6,0
79,137,137,7,0
79,137,137,8,1
79,137,137,9,174
79,137,137,10,0
79,137,137,11,0
79,137,137,12,0
79,137,137,13,0
79,137,137,14,2
79,137,137,15,1
79,137,137,16,7
79,137,137,17,2
79,137,137,18,0
79,137,137,19,0
79,137,137,20,2
79,137,137,21,0
79,137,137,22,0
79,137,137,0,1
79,138,138,1,211
79,138,138,2,1
79,138,138,3,15
79,138,138,4,156
79,138,138,5,2
79,138,138,6,0
79,138,138,7,0
79,138,138,8,0
79,138,138,9,177
79,138,138,10,0
79,138,138,11,0
79,138,138,12,0
79,138,138,13,1
79,138,138,14,1
79,138,138,15,0
79,138,138,16,0
79,138,138,17,0
79,138,138,18,1
79,138,138,19,0
79,138,138,20,0
79,138,138,21,0
79,138,138,22,0
79,138,138,0,0
79,139,139,1,148
79,139,139,2,1
79,139,139,3,13
79,139,139,4,200
79,139,139,5,1
79,139,139,6,0
79,139,139,7,0
79,139,139,8,1
79,139,139,9,177
79,139,139,10,0
79,139,139,11,0
79,139,139,12,0
79,139,139,13,0
79,139,139,14,0
79,139,139,15,1
79,139,139,16,0
79,139,139,17,1
79,139,139,18,0
79,139,139,19,0
79,139,139,20,1
79,139,139,21,1
79,139,139,22,0
79,139,139,0,1
79,140,140,1,160
79,140,140,2,1
79,140,140,3,9
79,140,140,4,147
79,140,140,5,0
79,140,140,6,0
79,140,140,7,0
79,140,140,8,1
79,140,140,9,133
79,140,140,10,1
79,140,140,11,0
79,140,140,12,0
79,140,140,13,0
79,140,140,14,0
79,140,140,15,0
79,140,140,16,0
79,140,140,17,0
79,140,140,18,0
79,140,140,19,1
79,140,140,20,0
79,140,140,21,1
79,140,140,22,0
79,140,140,0,1
79,141,141,1,202
79,141,141,2,0
79,141,141,3,24
79,141,141,4,87
79,141,141,5,0
79,141,141,6,0
79,141,141,7,0
79,141,141,8,1
79,141,141,9,204
79,141,141,10,0
79,141,141,11,0
79,141,141,12,0
79,141,141,13,0
79,141,141,14,0
79,141,141,15,0
79,141,141,16,0
79,141,141,17,0
79,141,141,18,0
79,141,141,19,0
79,141,141,20,1
79,141,141,21,0
79,141,141,22,0
79,141,141,0,0
79,142,142,1,185
79,142,142,2,3
79,142,142,3,14
79,142,142,4,195
79,142,142,5,2
79,142,142,6,0
79,142,142,7,0
79,142,142,8,0
79,142,142,9,202
79,142,142,10,1
79,142,142,11,0
79,142,142,12,0
79,142,142,13,0
79,142,142,14,0
79,142,142,15,2
79,142,142,16,1
79,142,142,17,0
79,142,142,18,0
79,142,142,19,0
79,142,142,20,0
79,142,142,21,0
79,142,142,22,2
79,142,142,0,1
79,143,143,1,0
79,143,143,2,0
79,143,143,3,0
79,143,143,4,0
79,143,143,5,0
79,143,143,6,0
79,143,143,7,0
79,143,143,8,0
79,143,143,9,0
79,143,143,10,0
79,143,143,11,0
79,143,143,12,0
79,143,143,13,0
79,143,143,14,0
79,143,143,15,0
79,143,143,16,0
79,143,143,17,0
79,143,143,18,0
79,143,143,19,0
79,143,143,20,0
79,143,143,21,0
79,143,143,22,0
79,143,143,0,0
79,143,143,1,238
79,143,143,2,3
79,143,143,3,38
79,143,143,4,252
79,143,143,5,2
79,143,143,6,0
79,143,143,7,0
79,143,143,8,2
79,143,143,9,336
79,143,143,10,0
79,143,143,11,0
79,143,143,12,1
79,143,143,13,1
79,143,143,14,0
79,143,143,15,0
79,143,143,16,1
79,143,143,17,4
79,143,143,18,0
79,143,143,19,0
79,143,143,20,2
79,143,143,21,0
79,143,143,22,1
79,143,143,0,5
79,144,144,1,225
79,144,144,2,0
79,144,144,3,33
79,144,144,4,105
79,144,144,5,1
79,144,144,6,0
79,144,144,7,0
79,144,144,8,0
79,144,144,9,174
79,144,144,10,0
79,144,144,11,0
79,144,144,12,0
79,144,144,13,0
79,144,144,14,1
79,144,144,15,1
79,144,144,16,2
79,144,144,17,2
79,144,144,18,0
79,144,144,19,1
79,144,144,20,2
79,144,144,21,0
79,144,144,22,0
79,144,144,0,3
79,144,144,1,0
79,144,144,2,0
79,144,144,3,0
79,144,144,4,0
79,144,144,5,0
79,144,144,6,0
79,144,144,7,0
79,144,144,8,0
79,144,144,9,0
79,144,144,10,0
79,144,144,11,0
79,144,144,12,0
79,144,144,13,0
79,144,144,14,0
79,144,144,15,0
79,144,144,16,0
79,144,144,17,0
79,144,144,18,0
79,144,144,19,0
79,144,144,20,0
79,144,144,21,0
79,144,144,22,0
79,144,144,0,0
79,145,145,1,0
79,145,145,2,0
79,145,145,3,0
79,145,145,4,0
79,145,145,5,0
79,145,145,6,0
79,145,145,7,0
79,145,145,8,0
79,145,145,9,0
79,145,145,10,0
79,145,145,11,0
79,145,145,12,0
79,145,145,13,0
79,145,145,14,0
79,145,145,15,0
79,145,145,16,0
79,145,145,17,0
79,145,145,18,0
79,145,145,19,0
79,145,145,20,0
79,145,145,21,0
79,145,145,22,0
79,145,145,0,0
79,145,145,1,181
79,145,145,2,0
79,145,145,3,16
79,145,145,4,159
79,145,145,5,4
79,145,145,6,0
79,145,145,7,1
79,145,145,8,0
79,145,145,9,140
79,145,145,10,1
79,145,145,11,0
79,145,145,12,1
79,145,145,13,0
79,145,145,14,1
79,145,145,15,0
79,145,145,16,6
79,145,145,17,2
79,145,145,18,0
79,145,145,19,0
79,145,145,20,0
79,145,145,21,0
79,145,145,22,0
79,145,145,0,0
79,146,146,1,144
79,146,146,2,2
79,146,146,3,10
79,146,146,4,461
79,146,146,5,8
79,146,146,6,1
79,146,146,7,1
79,146,146,8,0
79,146,146,9,252
79,146,146,10,0
79,146,146,11,0
79,146,146,12,1
79,146,146,13,1
79,146,146,14,1
79,146,146,15,0
79,146,146,16,1
79,146,146,17,0
79,146,146,18,1
79,146,146,19,3
79,146,146,20,0
79,146,146,21,2
79,146,146,22,0
79,146,146,0,1
79,147,147,1,272
79,147,147,2,0
79,147,147,3,9
79,147,147,4,158
79,147,147,5,3
79,147,147,6,0
79,147,147,7,0
79,147,147,8,0
79,147,147,9,191
79,147,147,10,1
79,147,147,11,1
79,147,147,12,0
79,147,147,13,0
79,147,147,14,0
79,147,147,15,0
79,147,147,16,0
79,147,147,17,0
79,147,147,18,1
79,147,147,19,0
79,147,147,20,1
79,147,147,21,0
79,147,147,22,0
79,147,147,0,0
79,148,148,1,265
79,148,148,2,1
79,148,148,3,5
79,148,148,4,87
79,148,148,5,1
79,148,148,6,1
79,148,148,7,1
79,148,148,8,0
79,148,148,9,99
79,148,148,10,0
79,148,148,11,1
79,148,148,12,0
79,148,148,13,0
79,148,148,14,2
79,148,148,15,2
79,148,148,16,0
79,148,148,17,3
79,148,148,18,0
79,148,148,19,0
79,148,148,20,0
79,148,148,21,0
79,148,148,22,0
79,148,148,0,0
79,149,149,1,327
79,149,149,2,0
79,149,149,3,24
79,149,149,4,258
79,149,149,5,3
79,149,149,6,1
79,149,149,7,0
79,149,149,8,1
79,149,149,9,217
79,149,149,10,0
79,149,149,11,0
79,149,149,12,1
79,149,149,13,1
79,149,149,14,1
79,149,149,15,0
79,149,149,16,1
79,149,149,17,3
79,149,149,18,0
79,149,149,19,1
79,149,149,20,0
79,149,149,21,0
79,149,149,22,0
79,149,149,0,5
79,150,150,1,246
79,150,150,2,1
79,150,150,3,26
79,150,150,4,197
79,150,150,5,1
79,150,150,6,1
79,150,150,7,0
79,150,150,8,0
79,150,150,9,148
79,150,150,10,0
79,150,150,11,0
79,150,150,12,0
79,150,150,13,3
79,150,150,14,2
79,150,150,15,0
79,150,150,16,0
79,150,150,17,0
79,150,150,18,0
79,150,150,19,0
79,150,150,20,0
79,150,150,21,0
79,150,150,22,0
79,150,150,0,1
79,151,151,1,155
79,151,151,2,2
79,151,151,3,10
79,151,151,4,203
79,151,151,5,4
79,151,151,6,0
79,151,151,7,0
79,151,151,8,1
79,151,151,9,292
79,151,151,10,0
79,151,151,11,0
79,151,151,12,0
79,151,151,13,2
79,151,151,14,1
79,151,151,15,0
79,151,151,16,1
79,151,151,17,0
79,151,151,18,0
79,151,151,19,0
79,151,151,20,1
79,151,151,21,0
79,151,151,22,0
79,151,151,0,2
79,152,152,1,238
79,152,152,2,1
79,152,152,3,17
79,152,152,4,424
79,152,152,5,1
79,152,152,6,0
79,152,152,7,1
79,152,152,8,0
79,152,152,9,217
79,152,152,10,1
79,152,152,11,0
79,152,152,12,1
79,152,152,13,0
79,152,152,14,1
79,152,152,15,0
79,152,152,16,0
79,152,152,17,0
79,152,152,18,0
79,152,152,19,0
79,152,152,20,1
79,152,152,21,0
79,152,152,22,0
79,152,152,0,0
79,153,153,1,379
79,153,153,2,4
79,153,153,3,45
79,153,153,4,199
79,153,153,5,3
79,153,153,6,0
79,153,153,7,2
79,153,153,8,1
79,153,153,9,293
79,153,153,10,0
79,153,153,11,15
79,153,153,12,1
79,153,153,13,1
79,153,153,14,0
79,153,153,15,0
79,153,153,16,6
79,153,153,17,2
79,153,153,18,0
79,153,153,19,0
79,153,153,20,2
79,153,153,21,0
79,153,153,22,0
79,153,153,0,3
79,154,154,1,322
79,154,154,2,0
79,154,154,3,22
79,154,154,4,381
79,154,154,5,2
79,154,154,6,0
79,154,154,7,0
79,154,154,8,1
79,154,154,9,198
79,154,154,10,0
79,154,154,11,0
79,154,154,12,0
79,154,154,13,1
79,154,154,14,0
79,154,154,15,0
79,154,154,16,1
79,154,154,17,2
79,154,154,18,0
79,154,154,19,0
79,154,154,20,1
79,154,154,21,1
79,154,154,22,0
79,154,154,0,0
79,155,155,1,172
79,155,155,2,0
79,155,155,3,18
79,155,155,4,359
79,155,155,5,3
79,155,155,6,1
79,155,155,7,1
79,155,155,8,2
79,155,155,9,234
79,155,155,10,0
79,155,155,11,0
79,155,155,12,0
79,155,155,13,1
79,155,155,14,1
79,155,155,15,0
79,155,155,16,0
79,155,155,17,6
79,155,155,18,0
79,155,155,19,0
79,155,155,20,0
79,155,155,21,1
79,155,155,22,1
79,155,155,0,0
79,156,156,1,181
79,156,156,2,0
79,156,156,3,21
79,156,156,4,102
79,156,156,5,2
79,156,156,6,1
79,156,156,7,0
79,156,156,8,2
79,156,156,9,170
79,156,156,10,0
79,156,156,11,1
79,156,156,12,0
79,156,156,13,0
79,156,156,14,0
79,156,156,15,0
79,156,156,16,3
79,156,156,17,2
79,156,156,18,0
79,156,156,19,0
79,156,156,20,0
79,156,156,21,0
79,156,156,22,0
79,156,156,0,1
79,157,157,1,218
79,157,157,2,0
79,157,157,3,24
79,157,157,4,105
79,157,157,5,1
79,157,157,6,1
79,157,157,7,0
79,157,157,8,0
79,157,157,9,245
79,157,157,10,0
79,157,157,11,0
79,157,157,12,0
79,157,157,13,1
79,157,157,14,0
79,157,157,15,0
79,157,157,16,1
79,157,157,17,2
79,157,157,18,0
79,157,157,19,0
79,157,157,20,1
79,157,157,21,0
79,157,157,22,1
79,157,157,0,1
79,158,158,1,212
79,158,158,2,1
79,158,158,3,24
79,158,158,4,304
79,158,158,5,1
79,158,158,6,0
79,158,158,7,0
79,158,158,8,2
79,158,158,9,244
79,158,158,10,0
79,158,158,11,0
79,158,158,12,0
79,158,158,13,0
79,158,158,14,1
79,158,158,15,0
79,158,158,16,0
79,158,158,17,3
79,158,158,18,0
79,158,158,19,0
79,158,158,20,5
79,158,158,21,0
79,158,158,22,0
79,158,158,0,0
79,159,159,1,394
79,159,159,2,4
79,159,159,3,22
79,159,159,4,187
79,159,159,5,2
79,159,159,6,1
79,159,159,7,1
79,159,159,8,1
79,159,159,9,267
79,159,159,10,0
79,159,159,11,0
79,159,159,12,0
79,159,159,13,1
79,159,159,14,0
79,159,159,15,0
79,159,159,16,2
79,159,159,17,8
79,159,159,18,2
79,159,159,19,0
79,159,159,20,1
79,159,159,21,0
79,159,159,22,0
79,159,159,0,0
79,159,159,1,0
79,159,159,2,0
79,159,159,3,0
79,159,159,4,0
79,159,159,5,0
79,159,159,6,0
79,159,159,7,0
79,159,159,8,0
79,159,159,9,0
79,159,159,10,0
79,159,159,11,0
79,159,159,12,0
79,159,159,13,0
79,159,159,14,0
79,159,159,15,0
79,159,159,16,0
79,159,159,17,0
79,159,159,18,0
79,159,159,19,0
79,159,159,20,0
79,159,159,21,0
79,159,159,22,0
79,159,159,0,0
79,160,160,1,166
79,160,160,2,1
79,160,160,3,18
79,160,160,4,172
79,160,160,5,1
79,160,160,6,0
79,160,160,7,0
79,160,160,8,2
79,160,160,9,144
79,160,160,10,0
79,160,160,11,0
79,160,160,12,0
79,160,160,13,1
79,160,160,14,1
79,160,160,15,0
79,160,160,16,1
79,160,160,17,1
79,160,160,18,0
79,160,160,19,0
79,160,160,20,2
79,160,160,21,0
79,160,160,22,0
79,160,160,0,0
79,160,160,1,0
79,160,160,2,0
79,160,160,3,0
79,160,160,4,0
79,160,160,5,0
79,160,160,6,0
79,160,160,7,0
79,160,160,8,0
79,160,160,9,0
79,160,160,10,0
79,160,160,11,0
79,160,160,12,0
79,160,160,13,0
79,160,160,14,0
79,160,160,15,0
79,160,160,16,0
79,160,160,17,0
79,160,160,18,0
79,160,160,19,0
79,160,160,20,0
79,160,160,21,0
79,160,160,22,0
79,160,160,0,0
79,161,161,1,0
79,161,161,2,0
79,161,161,3,0
79,161,161,4,0
79,161,161,5,0
79,161,161,6,0
79,161,161,7,0
79,161,161,8,0
79,161,161,9,0
79,161,161,10,0
79,161,161,11,0
79,161,161,12,0
79,161,161,13,0
79,161,161,14,0
79,161,161,15,0
79,161,161,16,0
79,161,161,17,0
79,161,161,18,0
79,161,161,19,0
79,161,161,20,0
79,161,161,21,0
79,161,161,22,0
79,161,161,0,0
79,161,161,1,144
79,161,161,2,1
79,161,161,3,17
79,161,161,4,173
79,161,161,5,0
79,161,161,6,1
79,161,161,7,0
79,161,161,8,1
79,161,161,9,135
79,161,161,10,1
79,161,161,11,0
79,161,161,12,0
79,161,161,13,0
79,161,161,14,1
79,161,161,15,0
79,161,161,16,0
79,161,161,17,1
79,161,161,18,0
79,161,161,19,0
79,161,161,20,2
79,161,161,21,0
79,161,161,22,0
79,161,161,0,0
79,162,162,1,119
79,162,162,2,0
79,162,162,3,9
79,162,162,4,336
79,162,162,5,2
79,162,162,6,0
79,162,162,7,0
79,162,162,8,2
79,162,162,9,216
79,162,162,10,1
79,162,162,11,0
79,162,162,12,0
79,162,162,13,2
79,162,162,14,1
79,162,162,15,0
79,162,162,16,3
79,162,162,17,0
79,162,162,18,0
79,162,162,19,0
79,162,162,20,0
79,162,162,21,0
79,162,162,22,0
79,162,162,0,0
79,163,163,1,238
79,163,163,2,2
79,163,163,3,24
79,163,163,4,266
79,163,163,5,0
79,163,163,6,1
79,163,163,7,0
79,163,163,8,1
79,163,163,9,287
79,163,163,10,0
79,163,163,11,0
79,163,163,12,0
79,163,163,13,0
79,163,163,14,1
79,163,163,15,1
79,163,163,16,4
79,163,163,17,1
79,163,163,18,1
79,163,163,19,0
79,163,163,20,2
79,163,163,21,0
79,163,163,22,1
79,163,163,0,2
79,164,164,1,141
79,164,164,2,1
79,164,164,3,7
79,164,164,4,317
79,164,164,5,0
79,164,164,6,1
79,164,164,7,0
79,164,164,8,1
79,164,164,9,170
79,164,164,10,2
79,164,164,11,0
79,164,164,12,0
79,164,164,13,2
79,164,164,14,1
79,164,164,15,0
79,164,164,16,2
79,164,164,17,1
79,164,164,18,0
79,164,164,19,0
79,164,164,20,0
79,164,164,21,0
79,164,164,22,0
79,164,164,0,2
79,165,165,1,175
79,165,165,2,1
79,165,165,3,19
79,165,165,4,139
79,165,165,5,3
79,165,165,6,1
79,165,165,7,0
79,165,165,8,3
79,165,165,9,130
79,165,165,10,0
79,165,165,11,0
79,165,165,12,0
79,165,165,13,0
79,165,165,14,1
79,165,165,15,1
79,165,165,16,0
79,165,165,17,0
79,165,165,18,0
79,165,165,19,0
79,165,165,20,1
79,165,165,21,0
79,165,165,22,0
79,165,165,0,1
79,166,166,1,177
79,166,166,2,1
79,166,166,3,16
79,166,166,4,153
79,166,166,5,1
79,166,166,6,0
79,166,166,7,0
79,166,166,8,0
79,166,166,9,184
79,166,166,10,0
79,166,166,11,0
79,166,166,12,0
79,166,166,13,0
79,166,166,14,1
79,166,166,15,2
79,166,166,16,0
79,166,166,17,1
79,166,166,18,0
79,166,166,19,0
79,166,166,20,0
79,166,166,21,0
79,166,166,22,0
79,166,166,0,0
79,167,167,1,232
79,167,167,2,0
79,167,167,3,16
79,167,167,4,75
79,167,167,5,1
79,167,167,6,0
79,167,167,7,0
79,167,167,8,0
79,167,167,9,151
79,167,167,10,0
79,167,167,11,0
79,167,167,12,0
79,167,167,13,0
79,167,167,14,0
79,167,167,15,0
79,167,167,16,0
79,167,167,17,0
79,167,167,18,0
79,167,167,19,0
79,167,167,20,0
79,167,167,21,0
79,167,167,22,1
79,167,167,0,0
79,168,168,1,176
79,168,168,2,2
79,168,168,3,8
79,168,168,4,88
79,168,168,5,0
79,168,168,6,0
79,168,168,7,0
79,168,168,8,1
79,168,168,9,123
79,168,168,10,0
79,168,168,11,0
79,168,168,12,0
79,168,168,13,0
79,168,168,14,0
79,168,168,15,0
79,168,168,16,1
79,168,168,17,0
79,168,168,18,0
79,168,168,19,1
79,168,168,20,0
79,168,168,21,0
79,168,168,22,1
79,168,168,0,3
79,169,169,1,243
79,169,169,2,0
79,169,169,3,21
79,169,169,4,210
79,169,169,5,1
79,169,169,6,1
79,169,169,7,0
79,169,169,8,0
79,169,169,9,248
79,169,169,10,0
79,169,169,11,0
79,169,169,12,0
79,169,169,13,0
79,169,169,14,0
79,169,169,15,0
79,169,169,16,1
79,169,169,17,0
79,169,169,18,0
79,169,169,19,0
79,169,169,20,0
79,169,169,21,0
79,169,169,22,0
79,169,169,0,0
79,170,170,1,278
79,170,170,2,1
79,170,170,3,20
79,170,170,4,235
79,170,170,5,1
79,170,170,6,0
79,170,170,7,1
79,170,170,8,1
79,170,170,9,202
79,170,170,10,0
79,170,170,11,0
79,170,170,12,0
79,170,170,13,0
79,170,170,14,0
79,170,170,15,0
79,170,170,16,0
79,170,170,17,2
79,170,170,18,0
79,170,170,19,0
79,170,170,20,0
79,170,170,21,0
79,170,170,22,0
79,170,170,0,0
79,171,171,1,237
79,171,171,2,1
79,171,171,3,17
79,171,171,4,187
79,171,171,5,1
79,171,171,6,0
79,171,171,7,1
79,171,171,8,0
79,171,171,9,234
79,171,171,10,0
79,171,171,11,0
79,171,171,12,0
79,171,171,13,0
79,171,171,14,0
79,171,171,15,2
79,171,171,16,0
79,171,171,17,0
79,171,171,18,0
79,171,171,19,0
79,171,171,20,0
79,171,171,21,0
79,171,171,22,1
79,171,171,0,2
79,172,172,1,252
79,172,172,2,0
79,172,172,3,20
79,172,172,4,288
79,172,172,5,0
79,172,172,6,0
79,172,172,7,1
79,172,172,8,0
79,172,172,9,179
79,172,172,10,0
79,172,172,11,0
79,172,172,12,1
79,172,172,13,0
79,172,172,14,0
79,172,172,15,0
79,172,172,16,0
79,172,172,17,2
79,172,172,18,0
79,172,172,19,0
79,172,172,20,0
79,172,172,21,0
79,172,172,22,1
79,172,172,0,1
79,173,173,1,213
79,173,173,2,0
79,173,173,3,16
79,173,173,4,309
79,173,173,5,2
79,173,173,6,1
79,173,173,7,0
79,173,173,8,1
79,173,173,9,325
79,173,173,10,0
79,173,173,11,0
79,173,173,12,1
79,173,173,13,0
79,173,173,14,0
79,173,173,15,1
79,173,173,16,0
79,173,173,17,2
79,173,173,18,2
79,173,173,19,1
79,173,173,20,1
79,173,173,21,0
79,173,173,22,0
79,173,173,0,2
79,174,174,1,489
79,174,174,2,1
79,174,174,3,23
79,174,174,4,98
79,174,174,5,1
79,174,174,6,0
79,174,174,7,0
79,174,174,8,1
79,174,174,9,308
79,174,174,10,1
79,174,174,11,1
79,174,174,12,0
79,174,174,13,1
79,174,174,14,0
79,174,174,15,1
79,174,174,16,2
79,174,174,17,3
79,174,174,18,1
79,174,174,19,1
79,174,174,20,1
79,174,174,21,0
79,174,174,22,1
79,174,174,0,0
79,175,175,1,87
79,175,175,2,0
79,175,175,3,16
79,175,175,4,499
79,175,175,5,9
79,175,175,6,0
79,175,175,7,0
79,175,175,8,1
79,175,175,9,128
79,175,175,10,1
79,175,175,11,0
79,175,175,12,0
79,175,175,13,1
79,175,175,14,1
79,175,175,15,0
79,175,175,16,0
79,175,175,17,1
79,175,175,18,0
79,175,175,19,0
79,175,175,20,2
79,175,175,21,0
79,175,175,22,0
79,175,175,0,0
79,175,175,1,0
79,175,175,2,0
79,175,175,3,0
79,175,175,4,0
79,175,175,5,0
79,175,175,6,0
79,175,175,7,0
79,175,175,8,0
79,175,175,9,0
79,175,175,10,0
79,175,175,11,0
79,175,175,12,0
79,175,175,13,0
79,175,175,14,0
79,175,175,15,0
79,175,175,16,0
79,175,175,17,0
79,175,175,18,0
79,175,175,19,0
79,175,175,20,0
79,175,175,21,0
79,175,175,22,0
79,175,175,0,0
79,176,176,1,93
79,176,176,2,1
79,176,176,3,11
79,176,176,4,479
79,176,176,5,18
79,176,176,6,0
79,176,176,7,0
79,176,176,8,0
79,176,176,9,103
79,176,176,10,0
79,176,176,11,0
79,176,176,12,0
79,176,176,13,0
79,176,176,14,1
79,176,176,15,0
79,176,176,16,0
79,176,176,17,0
79,176,176,18,1
79,176,176,19,0
79,176,176,20,1
79,176,176,21,0
79,176,176,22,0
79,176,176,0,1
79,176,176,1,0
79,176,176,2,0
79,176,176,3,0
79,176,176,4,0
79,176,176,5,0
79,176,176,6,0
79,176,176,7,0
79,176,176,8,0
79,176,176,9,0
79,176,176,10,0
79,176,176,11,0
79,176,176,12,0
79,176,176,13,0
79,176,176,14,0
79,176,176,15,0
79,176,176,16,0
79,176,176,17,0
79,176,176,18,0
79,176,176,19,0
79,176,176,20,0
79,176,176,21,0
79,176,176,22,0
79,176,176,0,0
79,177,177,1,84
79,177,177,2,1
79,177,177,3,22
79,177,177,4,507
79,177,177,5,9
79,177,177,6,0
79,177,177,7,0
79,177,177,8,1
79,177,177,9,164
79,177,177,10,0
79,177,177,11,0
79,177,177,12,0
79,177,177,13,0
79,177,177,14,1
79,177,177,15,0
79,177,177,16,0
79,177,177,17,0
79,177,177,18,1
79,177,177,19,0
79,177,177,20,0
79,177,177,21,0
79,177,177,22,0
79,177,177,0,0
79,177,177,1,0
79,177,177,2,0
79,177,177,3,0
79,177,177,4,0
79,177,177,5,0
79,177,177,6,0
79,177,177,7,0
79,177,177,8,0
79,177,177,9,0
79,177,177,10,0
79,177,177,11,0
79,177,177,12,0
79,177,177,13,0
79,177,177,14,0
79,177,177,15,0
79,177,177,16,0
79,177,177,17,0
79,177,177,18,0
79,177,177,19,0
79,177,177,20,0
79,177,177,21,0
79,177,177,22,0
79,177,177,0,0
79,178,178,1,170
79,178,178,2,0
79,178,178,3,10
79,178,178,4,346
79,178,178,5,7
79,178,178,6,0
79,178,178,7,0
79,178,178,8,1
79,178,178,9,144
79,178,178,10,1
79,178,178,11,0
79,178,178,12,0
79,178,178,13,0
79,178,178,14,1
79,178,178,15,0
79,178,178,16,2
79,178,178,17,1
79,178,178,18,0
79,178,178,19,0
79,178,178,20,0
79,178,178,21,0
79,178,178,22,0
79,178,178,0,0
79,179,179,1,142
79,179,179,2,0
79,179,179,3,10
79,179,179,4,214
79,179,179,5,0
79,179,179,6,1
79,179,179,7,0
79,179,179,8,0
79,179,179,9,92
79,179,179,10,0
79,179,179,11,0
79,179,179,12,0
79,179,179,13,2
79,179,179,14,2
79,179,179,15,0
79,179,179,16,1
79,179,179,17,0
79,179,179,18,0
79,179,179,19,0
79,179,179,20,2
79,179,179,21,0
79,179,179,22,0
79,179,179,0,1
79,180,180,1,142
79,180,180,2,1
79,180,180,3,6
79,180,180,4,248
79,180,180,5,2
79,180,180,6,1
79,180,180,7,0
79,180,180,8,0
79,180,180,9,180
79,180,180,10,1
79,180,180,11,0
79,180,180,12,0
79,180,180,13,2
79,180,180,14,2
79,180,180,15,0
79,180,180,16,0
79,180,180,17,1
79,180,180,18,0
79,180,180,19,0
79,180,180,20,1
79,180,180,21,0
79,180,180,22,0
79,180,180,0,1
79,181,181,1,341
79,181,181,2,2
79,181,181,3,12
79,181,181,4,199
79,181,181,5,3
79,181,181,6,2
79,181,181,7,1
79,181,181,8,0
79,181,181,9,233
79,181,181,10,0
79,181,181,11,0
79,181,181,12,0
79,181,181,13,0
79,181,181,14,0
79,181,181,15,1
79,181,181,16,1
79,181,181,17,4
79,181,181,18,0
79,181,181,19,0
79,181,181,20,3
79,181,181,21,0
79,181,181,22,0
79,181,181,0,1
79,182,182,1,252
79,182,182,2,1
79,182,182,3,33
79,182,182,4,316
79,182,182,5,5
79,182,182,6,0
79,182,182,7,0
79,182,182,8,4
79,182,182,9,311
79,182,182,10,1
79,182,182,11,0
79,182,182,12,0
79,182,182,13,0
79,182,182,14,0
79,182,182,15,0
79,182,182,16,0
79,182,182,17,0
79,182,182,18,1
79,182,182,19,1
79,182,182,20,3
79,182,182,21,0
79,182,182,22,1
79,182,182,0,5
79,183,183,1,155
79,183,183,2,1
79,183,183,3,15
79,183,183,4,182
79,183,183,5,1
79,183,183,6,0
79,183,183,7,0
79,183,183,8,1
79,183,183,9,212
79,183,183,10,0
79,183,183,11,0
79,183,183,12,1
79,183,183,13,0
79,183,183,14,1
79,183,183,15,1
79,183,183,16,0
79,183,183,17,0
79,183,183,18,0
79,183,183,19,0
79,183,183,20,0
79,183,183,21,6
79,183,183,22,0
79,183,183,0,0
79,184,184,1,118
79,184,184,2,3
79,184,184,3,18
79,184,184,4,114
79,184,184,5,1
79,184,184,6,1
79,184,184,7,0
79,184,184,8,0
79,184,184,9,202
79,184,184,10,2
79,184,184,11,0
79,184,184,12,0
79,184,184,13,0
79,184,184,14,1
79,184,184,15,0
79,184,184,16,1
79,184,184,17,1
79,184,184,18,1
79,184,184,19,0
79,184,184,20,2
79,184,184,21,1
79,184,184,22,0
79,184,184,0,0
79,185,185,1,251
79,185,185,2,1
79,185,185,3,19
79,185,185,4,365
79,185,185,5,5
79,185,185,6,2
79,185,185,7,0
79,185,185,8,1
79,185,185,9,209
79,185,185,10,0
79,185,185,11,0
79,185,185,12,0
79,185,185,13,1
79,185,185,14,3
79,185,185,15,0
79,185,185,16,1
79,185,185,17,2
79,185,185,18,0
79,185,185,19,0
79,185,185,20,3
79,185,185,21,0
79,185,185,22,2
79,185,185,0,1
79,186,186,1,100
79,186,186,2,3
79,186,186,3,14
79,186,186,4,319
79,186,186,5,0
79,186,186,6,0
79,186,186,7,0
79,186,186,8,0
79,186,186,9,148
79,186,186,10,0
79,186,186,11,0
79,186,186,12,2
79,186,186,13,1
79,186,186,14,0
79,186,186,15,0
79,186,186,16,2
79,186,186,17,0
79,186,186,18,0
79,186,186,19,0
79,186,186,20,3
79,186,186,21,0
79,186,186,22,0
79,186,186,0,0
79,187,187,1,68
79,187,187,2,1
79,187,187,3,33
79,187,187,4,489
79,187,187,5,3
79,187,187,6,0
79,187,187,7,0
79,187,187,8,5
79,187,187,9,255
79,187,187,10,0
79,187,187,11,1
79,187,187,12,0
79,187,187,13,0
79,187,187,14,3
79,187,187,15,0
79,187,187,16,1
79,187,187,17,0
79,187,187,18,0
79,187,187,19,2
79,187,187,20,2
79,187,187,21,1
79,187,187,22,0
79,187,187,0,2
79,188,188,1,102
79,188,188,2,1
79,188,188,3,17
79,188,188,4,341
79,188,188,5,1
79,188,188,6,0
79,188,188,7,0
79,188,188,8,0
79,188,188,9,125
79,188,188,10,0
79,188,188,11,1
79,188,188,12,1
79,188,188,13,2
79,188,188,14,1
79,188,188,15,0
79,188,188,16,1
79,188,188,17,0
79,188,188,18,0
79,188,188,19,0
79,188,188,20,1
79,188,188,21,0
79,188,188,22,0
79,188,188,0,0
79,189,189,1,71
79,189,189,2,0
79,189,189,3,16
79,189,189,4,283
79,189,189,5,0
79,189,189,6,1
79,189,189,7,1
79,189,189,8,2
79,189,189,9,173
79,189,189,10,0
79,189,189,11,0
79,189,189,12,0
79,189,189,13,1
79,189,189,14,1
79,189,189,15,0
79,189,189,16,3
79,189,189,17,2
79,189,189,18,0
79,189,189,19,0
79,189,189,20,2
79,189,189,21,0
79,189,189,22,0
79,189,189,0,0
79,190,190,1,178
79,190,190,2,1
79,190,190,3,13
79,190,190,4,322
79,190,190,5,2
79,190,190,6,1
79,190,190,7,0
79,190,190,8,0
79,190,190,9,153
79,190,190,10,0
79,190,190,11,0
79,190,190,12,0
79,190,190,13,4
79,190,190,14,2
79,190,190,15,0
79,190,190,16,0
79,190,190,17,0
79,190,190,18,0
79,190,190,19,0
79,190,190,20,0
79,190,190,21,0
79,190,190,22,1
79,190,190,0,0
79,191,191,1,343
79,191,191,2,1
79,191,191,3,10
79,191,191,4,140
79,191,191,5,2
79,191,191,6,0
79,191,191,7,0
79,191,191,8,2
79,191,191,9,275
79,191,191,10,0
79,191,191,11,3
79,191,191,12,0
79,191,191,13,0
79,191,191,14,0
79,191,191,15,1
79,191,191,16,0
79,191,191,17,2
79,191,191,18,0
79,191,191,19,0
79,191,191,20,1
79,191,191,21,0
79,191,191,22,0
79,191,191,0,0
79,191,191,1,0
79,191,191,2,0
79,191,191,3,0
79,191,191,4,0
79,191,191,5,0
79,191,191,6,0
79,191,191,7,0
79,191,191,8,0
79,191,191,9,0
79,191,191,10,0
79,191,191,11,0
79,191,191,12,0
79,191,191,13,0
79,191,191,14,0
79,191,191,15,0
79,191,191,16,0
79,191,191,17,0
79,191,191,18,0
79,191,191,19,0
79,191,191,20,0
79,191,191,21,0
79,191,191,22,0
79,191,191,0,0
79,192,192,1,0
79,192,192,2,0
79,192,192,3,0
79,192,192,4,0
79,192,192,5,0
79,192,192,6,0
79,192,192,7,0
79,192,192,8,0
79,192,192,9,0
79,192,192,10,0
79,192,192,11,0
79,192,192,12,0
79,192,192,13,0
79,192,192,14,0
79,192,192,15,0
79,192,192,16,0
79,192,192,17,0
79,192,192,18,0
79,192,192,19,0
79,192,192,20,0
79,192,192,21,0
79,192,192,22,0
79,192,192,0,0
79,192,192,1,237
79,192,192,2,0
79,192,192,3,13
79,192,192,4,335
79,192,192,5,1
79,192,192,6,1
79,192,192,7,0
79,192,192,8,1
79,192,192,9,255
79,192,192,10,2
79,192,192,11,0
79,192,192,12,0
79,192,192,13,0
79,192,192,14,1
79,192,192,15,0
79,192,192,16,5
79,192,192,17,1
79,192,192,18,1
79,192,192,19,0
79,192,192,20,0
79,192,192,21,2
79,192,192,22,0
79,192,192,0,1
79,193,193,1,0
79,193,193,2,0
79,193,193,3,0
79,193,193,4,0
79,193,193,5,0
79,193,193,6,0
79,193,193,7,0
79,193,193,8,0
79,193,193,9,0
79,193,193,10,0
79,193,193,11,0
79,193,193,12,0
79,193,193,13,0
79,193,193,14,0
79,193,193,15,0
79,193,193,16,0
79,193,193,17,0
79,193,193,18,0
79,193,193,19,0
79,193,193,20,0
79,193,193,21,0
79,193,193,22,0
79,193,193,0,0
79,193,193,1,168
79,193,193,2,2
79,193,193,3,21
79,193,193,4,458
79,193,193,5,0
79,193,193,6,0
79,193,193,7,0
79,193,193,8,0
79,193,193,9,304
79,193,193,10,0
79,193,193,11,1
79,193,193,12,0
79,193,193,13,0
79,193,193,14,2
79,193,193,15,2
79,193,193,16,3
79,193,193,17,2
79,193,193,18,2
79,193,193,19,1
79,193,193,20,1
79,193,193,21,2
79,193,193,22,1
79,193,193,0,2
79,194,194,1,640
79,194,194,2,4
79,194,194,3,9
79,194,194,4,159
79,194,194,5,0
79,194,194,6,0
79,194,194,7,0
79,194,194,8,0
79,194,194,9,221
79,194,194,10,2
79,194,194,11,0
79,194,194,12,0
79,194,194,13,1
79,194,194,14,4
79,194,194,15,9
79,194,194,16,5
79,194,194,17,4
79,194,194,18,1
79,194,194,19,0
79,194,194,20,0
79,194,194,21,0
79,194,194,22,0
79,194,194,0,1
79,195,195,1,297
79,195,195,2,0
79,195,195,3,11
79,195,195,4,328
79,195,195,5,2
79,195,195,6,0
79,195,195,7,0
79,195,195,8,0
79,195,195,9,205
79,195,195,10,0
79,195,195,11,0
79,195,195,12,0
79,195,195,13,1
79,195,195,14,1
79,195,195,15,0
79,195,195,16,2
79,195,195,17,0
79,195,195,18,0
79,195,195,19,0
79,195,195,20,1
79,195,195,21,0
79,195,195,22,0
79,195,195,0,1
79,196,196,1,197
79,196,196,2,1
79,196,196,3,13
79,196,196,4,281
79,196,196,5,1
79,196,196,6,1
79,196,196,7,0
79,196,196,8,1
79,196,196,9,230
79,196,196,10,0
79,196,196,11,0
79,196,196,12,1
79,196,196,13,0
79,196,196,14,1
79,196,196,15,0
79,196,196,16,1
79,196,196,17,1
79,196,196,18,0
79,196,196,19,0
79,196,196,20,0
79,196,196,21,0
79,196,196,22,0
79,196,196,0,2
79,197,197,1,189
79,197,197,2,4
79,197,197,3,13
79,197,197,4,208
79,197,197,5,3
79,197,197,6,0
79,197,197,7,0
79,197,197,8,0
79,197,197,9,269
79,197,197,10,1
79,197,197,11,0
79,197,197,12,0
79,197,197,13,1
79,197,197,14,1
79,197,197,15,0
79,197,197,16,0
79,197,197,17,2
79,197,197,18,0
79,197,197,19,0
79,197,197,20,1
79,197,197,21,0
79,197,197,22,0
79,197,197,0,2
79,198,198,1,153
79,198,198,2,0
79,198,198,3,18
79,198,198,4,181
79,198,198,5,0
79,198,198,6,3
79,198,198,7,0
79,198,198,8,2
79,198,198,9,333
79,198,198,10,0
79,198,198,11,0
79,198,198,12,0
79,198,198,13,0
79,198,198,14,0
79,198,198,15,0
79,198,198,16,0
79,198,198,17,0
79,198,198,18,1
79,198,198,19,0
79,198,198,20,2
79,198,198,21,1
79,198,198,22,0
79,198,198,0,1
79,199,199,1,266
79,199,199,2,0
79,199,199,3,18
79,199,199,4,137
79,199,199,5,3
79,199,199,6,0
79,199,199,7,1
79,199,199,8,3
79,199,199,9,237
79,199,199,10,0
79,199,199,11,0
79,199,199,12,0
79,199,199,13,0
79,199,199,14,0
79,199,199,15,0
79,199,199,16,2
79,199,199,17,2
79,199,199,18,0
79,199,199,19,1
79,199,199,20,0
79,199,199,21,1
79,199,199,22,0
79,199,199,0,1
79,200,200,1,180
79,200,200,2,2
79,200,200,3,21
79,200,200,4,106
79,200,200,5,0
79,200,200,6,0
79,200,200,7,0
79,200,200,8,5
79,200,200,9,157
79,200,200,10,0
79,200,200,11,1
79,200,200,12,0
79,200,200,13,0
79,200,200,14,0
79,200,200,15,2
79,200,200,16,1
79,200,200,17,0
79,200,200,18,0
79,200,200,19,0
79,200,200,20,0
79,200,200,21,0
79,200,200,22,0
79,200,200,0,0
79,201,201,1,226
79,201,201,2,2
79,201,201,3,7
79,201,201,4,130
79,201,201,5,3
79,201,201,6,0
79,201,201,7,1
79,201,201,8,0
79,201,201,9,200
79,201,201,10,0
79,201,201,11,0
79,201,201,12,0
79,201,201,13,2
79,201,201,14,0
79,201,201,15,1
79,201,201,16,2
79,201,201,17,4
79,201,201,18,0
79,201,201,19,0
79,201,201,20,0
79,201,201,21,1
79,201,201,22,0
79,201,201,0,2
79,202,202,1,240
79,202,202,2,2
79,202,202,3,28
79,202,202,4,328
79,202,202,5,1
79,202,202,6,1
79,202,202,7,0
79,202,202,8,1
79,202,202,9,235
79,202,202,10,0
79,202,202,11,0
79,202,202,12,0
79,202,202,13,0
79,202,202,14,0
79,202,202,15,0
79,202,202,16,1
79,202,202,17,1
79,202,202,18,0
79,202,202,19,0
79,202,202,20,1
79,202,202,21,0
79,202,202,22,0
79,202,202,0,0
79,203,203,1,294
79,203,203,2,1
79,203,203,3,25
79,203,203,4,258
79,203,203,5,4
79,203,203,6,1
79,203,203,7,1
79,203,203,8,1
79,203,203,9,228
79,203,203,10,0
79,203,203,11,0
79,203,203,12,2
79,203,203,13,0
79,203,203,14,0
79,203,203,15,0
79,203,203,16,2
79,203,203,17,3
79,203,203,18,0
79,203,203,19,0
79,203,203,20,1
79,203,203,21,0
79,203,203,22,0
79,203,203,0,0
79,204,204,1,236
79,204,204,2,1
79,204,204,3,46
79,204,204,4,364
79,204,204,5,0
79,204,204,6,2
79,204,204,7,0
79,204,204,8,1
79,204,204,9,265
79,204,204,10,1
79,204,204,11,0
79,204,204,12,0
79,204,204,13,0
79,204,204,14,1
79,204,204,15,0
79,204,204,16,1
79,204,204,17,4
79,204,204,18,1
79,204,204,19,0
79,204,204,20,1
79,204,204,21,0
79,204,204,22,0
79,204,204,0,3
79,205,205,1,104
79,205,205,2,2
79,205,205,3,16
79,205,205,4,306
79,205,205,5,2
79,205,205,6,0
79,205,205,7,0
79,205,205,8,1
79,205,205,9,275
79,205,205,10,0
79,205,205,11,0
79,205,205,12,0
79,205,205,13,2
79,205,205,14,3
79,205,205,15,0
79,205,205,16,1
79,205,205,17,0
79,205,205,18,0
79,205,205,19,1
79,205,205,20,2
79,205,205,21,0
79,205,205,22,0
79,205,205,0,0
79,206,206,1,237
79,206,206,2,1
79,206,206,3,23
79,206,206,4,245
79,206,206,5,1
79,206,206,6,1
79,206,206,7,0
79,206,206,8,1
79,206,206,9,263
79,206,206,10,0
79,206,206,11,0
79,206,206,12,0
79,206,206,13,2
79,206,206,14,1
79,206,206,15,0
79,206,206,16,1
79,206,206,17,1
79,206,206,18,0
79,206,206,19,0
79,206,206,20,2
79,206,206,21,0
79,206,206,22,0
79,206,206,0,0
79,207,207,1,62
79,207,207,2,1
79,207,207,3,4
79,207,207,4,245
79,207,207,5,0
79,207,207,6,8
79,207,207,7,0
79,207,207,8,1
79,207,207,9,140
79,207,207,10,1
79,207,207,11,0
79,207,207,12,0
79,207,207,13,0
79,207,207,14,0
79,207,207,15,0
79,207,207,16,0
79,207,207,17,0
79,207,207,18,0
79,207,207,19,0
79,207,207,20,0
79,207,207,21,0
79,207,207,22,0
79,207,207,0,1
79,207,207,1,0
79,207,207,2,0
79,207,207,3,0
79,207,207,4,0
79,207,207,5,0
79,207,207,6,0
79,207,207,7,0
79,207,207,8,0
79,207,207,9,0
79,207,207,10,0
79,207,207,11,0
79,207,207,12,0
79,207,207,13,0
79,207,207,14,0
79,207,207,15,0
79,207,207,16,0
79,207,207,17,0
79,207,207,18,0
79,207,207,19,0
79,207,207,20,0
79,207,207,21,0
79,207,207,22,0
79,207,207,0,0
79,208,208,1,0
79,208,208,2,0
79,208,208,3,0
79,208,208,4,0
79,208,208,5,0
79,208,208,6,0
79,208,208,7,0
79,208,208,8,0
79,208,208,9,0
79,208,208,10,0
79,208,208,11,0
79,208,208,12,0
79,208,208,13,0
79,208,208,14,0
79,208,208,15,0
79,208,208,16,0
79,208,208,17,0
79,208,208,18,0
79,208,208,19,0
79,208,208,20,0
79,208,208,21,0
79,208,208,22,0
79,208,208,0,0
79,208,208,1,272
79,208,208,2,0
79,208,208,3,11
79,208,208,4,139
79,208,208,5,0
79,208,208,6,0
79,208,208,7,0
79,208,208,8,2
79,208,208,9,178
79,208,208,10,0
79,208,208,11,1
79,208,208,12,0
79,208,208,13,3
79,208,208,14,2
79,208,208,15,1
79,208,208,16,5
79,208,208,17,2
79,208,208,18,0
79,208,208,19,0
79,208,208,20,1
79,208,208,21,0
79,208,208,22,0
79,208,208,0,4
79,209,209,1,216
79,209,209,2,0
79,209,209,3,15
79,209,209,4,518
79,209,209,5,1
79,209,209,6,1
79,209,209,7,1
79,209,209,8,0
79,209,209,9,174
79,209,209,10,0
79,209,209,11,0
79,209,209,12,0
79,209,209,13,2
79,209,209,14,1
79,209,209,15,0
79,209,209,16,2
79,209,209,17,1
79,209,209,18,0
79,209,209,19,0
79,209,209,20,0
79,209,209,21,0
79,209,209,22,0
79,209,209,0,3
79,209,209,1,0
79,209,209,2,0
79,209,209,3,0
79,209,209,4,0
79,209,209,5,0
79,209,209,6,0
79,209,209,7,0
79,209,209,8,0
79,209,209,9,0
79,209,209,10,0
79,209,209,11,0
79,209,209,12,0
79,209,209,13,0
79,209,209,14,0
79,209,209,15,0
79,209,209,16,0
79,209,209,17,0
79,209,209,18,0
79,209,209,19,0
79,209,209,20,0
79,209,209,21,0
79,209,209,22,0
79,209,209,0,0
79,210,210,1,267
79,210,210,2,0
79,210,210,3,17
79,210,210,4,166
79,210,210,5,2
79,210,210,6,0
79,210,210,7,0
79,210,210,8,1
79,210,210,9,233
79,210,210,10,1
79,210,210,11,1
79,210,210,12,0
79,210,210,13,1
79,210,210,14,1
79,210,210,15,0
79,210,210,16,1
79,210,210,17,2
79,210,210,18,0
79,210,210,19,1
79,210,210,20,2
79,210,210,21,0
79,210,210,22,0
79,210,210,0,1
79,211,211,1,108
79,211,211,2,1
79,211,211,3,11
79,211,211,4,449
79,211,211,5,3
79,211,211,6,0
79,211,211,7,0
79,211,211,8,0
79,211,211,9,211
79,211,211,10,0
79,211,211,11,0
79,211,211,12,1
79,211,211,13,1
79,211,211,14,2
79,211,211,15,0
79,211,211,16,1
79,211,211,17,0
79,211,211,18,1
79,211,211,19,2
79,211,211,20,1
79,211,211,21,1
79,211,211,22,1
79,211,211,0,2
79,212,212,1,345
79,212,212,2,2
79,212,212,3,41
79,212,212,4,236
79,212,212,5,2
79,212,212,6,0
79,212,212,7,1
79,212,212,8,7
79,212,212,9,417
79,212,212,10,1
79,212,212,11,0
79,212,212,12,1
79,212,212,13,1
79,212,212,14,1
79,212,212,15,1
79,212,212,16,8
79,212,212,17,0
79,212,212,18,0
79,212,212,19,0
79,212,212,20,5
79,212,212,21,1
79,212,212,22,0
79,212,212,0,2
79,213,213,1,131
79,213,213,2,1
79,213,213,3,15
79,213,213,4,360
79,213,213,5,1
79,213,213,6,2
79,213,213,7,0
79,213,213,8,3
79,213,213,9,239
79,213,213,10,0
79,213,213,11,1
79,213,213,12,0
79,213,213,13,3
79,213,213,14,0
79,213,213,15,1
79,213,213,16,1
79,213,213,17,2
79,213,213,18,0
79,213,213,19,0
79,213,213,20,1
79,213,213,21,0
79,213,213,22,0
79,213,213,0,0
79,214,214,1,253
79,214,214,2,0
79,214,214,3,16
79,214,214,4,100
79,214,214,5,1
79,214,214,6,0
79,214,214,7,0
79,214,214,8,1
79,214,214,9,295
79,214,214,10,1
79,214,214,11,0
79,214,214,12,0
79,214,214,13,0
79,214,214,14,0
79,214,214,15,0
79,214,214,16,1
79,214,214,17,1
79,214,214,18,0
79,214,214,19,1
79,214,214,20,1
79,214,214,21,0
79,214,214,22,1
79,214,214,0,0
79,215,215,1,103
79,215,215,2,1
79,215,215,3,11
79,215,215,4,583
79,215,215,5,1
79,215,215,6,1
79,215,215,7,0
79,215,215,8,1
79,215,215,9,151
79,215,215,10,0
79,215,215,11,1
79,215,215,12,0
79,215,215,13,0
79,215,215,14,0
79,215,215,15,0
79,215,215,16,0
79,215,215,17,0
79,215,215,18,0
79,215,215,19,0
79,215,215,20,0
79,215,215,21,0
79,215,215,22,0
79,215,215,0,2
79,216,216,1,139
79,216,216,2,3
79,216,216,3,15
79,216,216,4,277
79,216,216,5,0
79,216,216,6,0
79,216,216,7,1
79,216,216,8,0
79,216,216,9,194
79,216,216,10,0
79,216,216,11,0
79,216,216,12,1
79,216,216,13,1
79,216,216,14,0
79,216,216,15,0
79,216,216,16,1
79,216,216,17,0
79,216,216,18,0
79,216,216,19,1
79,216,216,20,0
79,216,216,21,0
79,216,216,22,1
79,216,216,0,1
79,217,217,1,144
79,217,217,2,0
79,217,217,3,14
79,217,217,4,458
79,217,217,5,5
79,217,217,6,0
79,217,217,7,0
79,217,217,8,3
79,217,217,9,201
79,217,217,10,0
79,217,217,11,0
79,217,217,12,1
79,217,217,13,0
79,217,217,14,0
79,217,217,15,0
79,217,217,16,0
79,217,217,17,0
79,217,217,18,0
79,217,217,19,0
79,217,217,20,1
79,217,217,21,0
79,217,217,22,1
79,217,217,0,0
79,218,218,1,450
79,218,218,2,0
79,218,218,3,17
79,218,218,4,179
79,218,218,5,7
79,218,218,6,0
79,218,218,7,0
79,218,218,8,4
79,218,218,9,324
79,218,218,10,0
79,218,218,11,0
79,218,218,12,0
79,218,218,13,0
79,218,218,14,2
79,218,218,15,0
79,218,218,16,0
79,218,218,17,0
79,218,218,18,0
79,218,218,19,0
79,218,218,20,1
79,218,218,21,1
79,218,218,22,0
79,218,218,0,2
79,219,219,1,235
79,219,219,2,0
79,219,219,3,3
79,219,219,4,285
79,219,219,5,1
79,219,219,6,0
79,219,219,7,0
79,219,219,8,0
79,219,219,9,117
79,219,219,10,0
79,219,219,11,0
79,219,219,12,0
79,219,219,13,0
79,219,219,14,1
79,219,219,15,0
79,219,219,16,2
79,219,219,17,0
79,219,219,18,0
79,219,219,19,0
79,219,219,20,1
79,219,219,21,0
79,219,219,22,0
79,219,219,0,0
79,220,220,1,305
79,220,220,2,1
79,220,220,3,10
79,220,220,4,268
79,220,220,5,1
79,220,220,6,1
79,220,220,7,0
79,220,220,8,1
79,220,220,9,156
79,220,220,10,0
79,220,220,11,0
79,220,220,12,0
79,220,220,13,0
79,220,220,14,1
79,220,220,15,0
79,220,220,16,2
79,220,220,17,3
79,220,220,18,0
79,220,220,19,0
79,220,220,20,0
79,220,220,21,1
79,220,220,22,0
79,220,220,0,0
79,221,221,1,339
79,221,221,2,2
79,221,221,3,12
79,221,221,4,157
79,221,221,5,3
79,221,221,6,0
79,221,221,7,1
79,221,221,8,0
79,221,221,9,227
79,221,221,10,0
79,221,221,11,0
79,221,221,12,1
79,221,221,13,3
79,221,221,14,2
79,221,221,15,1
79,221,221,16,3
79,221,221,17,1
79,221,221,18,0
79,221,221,19,0
79,221,221,20,2
79,221,221,21,0
79,221,221,22,0
79,221,221,0,1
79,222,222,1,221
79,222,222,2,0
79,222,222,3,15
79,222,222,4,97
79,222,222,5,1
79,222,222,6,0
79,222,222,7,0
79,222,222,8,0
79,222,222,9,164
79,222,222,10,0
79,222,222,11,0
79,222,222,12,1
79,222,222,13,1
79,222,222,14,0
79,222,222,15,1
79,222,222,16,3
79,222,222,17,0
79,222,222,18,0
79,222,222,19,0
79,222,222,20,1
79,222,222,21,0
79,222,222,22,0
79,222,222,0,0
79,223,223,1,0
79,223,223,2,0
79,223,223,3,0
79,223,223,4,0
79,223,223,5,0
79,223,223,6,0
79,223,223,7,0
79,223,223,8,0
79,223,223,9,0
79,223,223,10,0
79,223,223,11,0
79,223,223,12,0
79,223,223,13,0
79,223,223,14,0
79,223,223,15,0
79,223,223,16,0
79,223,223,17,0
79,223,223,18,0
79,223,223,19,0
79,223,223,20,0
79,223,223,21,0
79,223,223,22,0
79,223,223,0,0
79,223,223,1,245
79,223,223,2,1
79,223,223,3,16
79,223,223,4,290
79,223,223,5,0
79,223,223,6,0
79,223,223,7,0
79,223,223,8,0
79,223,223,9,239
79,223,223,10,0
79,223,223,11,1
79,223,223,12,0
79,223,223,13,0
79,223,223,14,0
79,223,223,15,0
79,223,223,16,0
79,223,223,17,2
79,223,223,18,1
79,223,223,19,0
79,223,223,20,0
79,223,223,21,0
79,223,223,22,0
79,223,223,0,0
79,224,224,1,0
79,224,224,2,0
79,224,224,3,0
79,224,224,4,0
79,224,224,5,0
79,224,224,6,0
79,224,224,7,0
79,224,224,8,0
79,224,224,9,0
79,224,224,10,0
79,224,224,11,0
79,224,224,12,0
79,224,224,13,0
79,224,224,14,0
79,224,224,15,0
79,224,224,16,0
79,224,224,17,0
79,224,224,18,0
79,224,224,19,0
79,224,224,20,0
79,224,224,21,0
79,224,224,22,0
79,224,224,0,0
79,224,224,1,228
79,224,224,2,1
79,224,224,3,11
79,224,224,4,175
79,224,224,5,0
79,224,224,6,1
79,224,224,7,0
79,224,224,8,0
79,224,224,9,124
79,224,224,10,0
79,224,224,11,0
79,224,224,12,0
79,224,224,13,0
79,224,224,14,0
79,224,224,15,0
79,224,224,16,0
79,224,224,17,0
79,224,224,18,0
79,224,224,19,0
79,224,224,20,0
79,224,224,21,0
79,224,224,22,0
79,224,224,0,0
79,225,225,1,0
79,225,225,2,0
79,225,225,3,0
79,225,225,4,0
79,225,225,5,0
79,225,225,6,0
79,225,225,7,0
79,225,225,8,0
79,225,225,9,0
79,225,225,10,0
79,225,225,11,0
79,225,225,12,0
79,225,225,13,0
79,225,225,14,0
79,225,225,15,0
79,225,225,16,0
79,225,225,17,0
79,225,225,18,0
79,225,225,19,0
79,225,225,20,0
79,225,225,21,0
79,225,225,22,0
79,225,225,0,0
79,225,225,1,235
79,225,225,2,2
79,225,225,3,9
79,225,225,4,165
79,225,225,5,1
79,225,225,6,0
79,225,225,7,0
79,225,225,8,0
79,225,225,9,175
79,225,225,10,0
79,225,225,11,0
79,225,225,12,0
79,225,225,13,0
79,225,225,14,0
79,225,225,15,0
79,225,225,16,0
79,225,225,17,2
79,225,225,18,0
79,225,225,19,0
79,225,225,20,2
79,225,225,21,0
79,225,225,22,0
79,225,225,0,0
79,226,226,1,287
79,226,226,2,3
79,226,226,3,10
79,226,226,4,83
79,226,226,5,0
79,226,226,6,0
79,226,226,7,0
79,226,226,8,3
79,226,226,9,165
79,226,226,10,0
79,226,226,11,0
79,226,226,12,0
79,226,226,13,0
79,226,226,14,2
79,226,226,15,2
79,226,226,16,2
79,226,226,17,2
79,226,226,18,0
79,226,226,19,0
79,226,226,20,0
79,226,226,21,0
79,226,226,22,0
79,226,226,0,3
79,227,227,1,211
79,227,227,2,2
79,227,227,3,11
79,227,227,4,118
79,227,227,5,3
79,227,227,6,3
79,227,227,7,1
79,227,227,8,1
79,227,227,9,196
79,227,227,10,0
79,227,227,11,0
79,227,227,12,0
79,227,227,13,0
79,227,227,14,0
79,227,227,15,0
79,227,227,16,3
79,227,227,17,0
79,227,227,18,0
79,227,227,19,0
79,227,227,20,0
79,227,227,21,0
79,227,227,22,0
79,227,227,0,0
79,228,228,1,302
79,228,228,2,0
79,228,228,3,10
79,228,228,4,137
79,228,228,5,1
79,228,228,6,0
79,228,228,7,0
79,228,228,8,1
79,228,228,9,207
79,228,228,10,0
79,228,228,11,0
79,228,228,12,0
79,228,228,13,0
79,228,228,14,0
79,228,228,15,0
79,228,228,16,1
79,228,228,17,1
79,228,228,18,0
79,228,228,19,0
79,228,228,20,1
79,228,228,21,0
79,228,228,22,2
79,228,228,0,0
79,229,229,1,176
79,229,229,2,0
79,229,229,3,8
79,229,229,4,195
79,229,229,5,1
79,229,229,6,3
79,229,229,7,0
79,229,229,8,0
79,229,229,9,220
79,229,229,10,0
79,229,229,11,0
79,229,229,12,0
79,229,229,13,0
79,229,229,14,0
79,229,229,15,0
79,229,229,16,0
79,229,229,17,0
79,229,229,18,0
79,229,229,19,0
79,229,229,20,0
79,229,229,21,0
79,229,229,22,0
79,229,229,0,0
79,230,230,1,170
79,230,230,2,0
79,230,230,3,10
79,230,230,4,138
79,230,230,5,1
79,230,230,6,0
79,230,230,7,0
79,230,230,8,0
79,230,230,9,172
79,230,230,10,0
79,230,230,11,0
79,230,230,12,0
79,230,230,13,0
79,230,230,14,0
79,230,230,15,0
79,230,230,16,0
79,230,230,17,0
79,230,230,18,0
79,230,230,19,0
79,230,230,20,0
79,230,230,21,0
79,230,230,22,0
79,230,230,0,0
79,231,231,1,162
79,231,231,2,1
79,231,231,3,21
79,231,231,4,160
79,231,231,5,1
79,231,231,6,1
79,231,231,7,0
79,231,231,8,1
79,231,231,9,209
79,231,231,10,0
79,231,231,11,2
79,231,231,12,1
79,231,231,13,0
79,231,231,14,1
79,231,231,15,0
79,231,231,16,1
79,231,231,17,0
79,231,231,18,1
79,231,231,19,0
79,231,231,20,1
79,231,231,21,0
79,231,231,22,0
79,231,231,0,2
79,232,232,1,227
79,232,232,2,1
79,232,232,3,47
79,232,232,4,175
79,232,232,5,0
79,232,232,6,0
79,232,232,7,0
79,232,232,8,0
79,232,232,9,239
79,232,232,10,0
79,232,232,11,1
79,232,232,12,0
79,232,232,13,1
79,232,232,14,3
79,232,232,15,1
79,232,232,16,2
79,232,232,17,2
79,232,232,18,0
79,232,232,19,0
79,232,232,20,3
79,232,232,21,0
79,232,232,22,0
79,232,232,0,1
79,233,233,1,169
79,233,233,2,0
79,233,233,3,15
79,233,233,4,138
79,233,233,5,2
79,233,233,6,0
79,233,233,7,0
79,233,233,8,0
79,233,233,9,129
79,233,233,10,0
79,233,233,11,0
79,233,233,12,0
79,233,233,13,1
79,233,233,14,0
79,233,233,15,0
79,233,233,16,0
79,233,233,17,0
79,233,233,18,0
79,233,233,19,0
79,233,233,20,0
79,233,233,21,0
79,233,233,22,0
79,233,233,0,0
79,234,234,1,295
79,234,234,2,1
79,234,234,3,41
79,234,234,4,194
79,234,234,5,3
79,234,234,6,0
79,234,234,7,0
79,234,234,8,2
79,234,234,9,282
79,234,234,10,0
79,234,234,11,1
79,234,234,12,0
79,234,234,13,0
79,234,234,14,1
79,234,234,15,0
79,234,234,16,3
79,234,234,17,1
79,234,234,18,2
79,234,234,19,0
79,234,234,20,0
79,234,234,21,0
79,234,234,22,0
79,234,234,0,2
79,235,235,1,189
79,235,235,2,4
79,235,235,3,7
79,235,235,4,183
79,235,235,5,1
79,235,235,6,1
79,235,235,7,2
79,235,235,8,1
79,235,235,9,146
79,235,235,10,0
79,235,235,11,0
79,235,235,12,0
79,235,235,13,1
79,235,235,14,0
79,235,235,15,0
79,235,235,16,1
79,235,235,17,3
79,235,235,18,1
79,235,235,19,2
79,235,235,20,7
79,235,235,21,0
79,235,235,22,0
79,235,235,0,2
79,236,236,1,200
79,236,236,2,2
79,236,236,3,19
79,236,236,4,165
79,236,236,5,6
79,236,236,6,0
79,236,236,7,0
79,236,236,8,0
79,236,236,9,159
79,236,236,10,1
79,236,236,11,0
79,236,236,12,0
79,236,236,13,1
79,236,236,14,1
79,236,236,15,1
79,236,236,16,3
79,236,236,17,1
79,236,236,18,0
79,236,236,19,0
79,236,236,20,0
79,236,236,21,0
79,236,236,22,1
79,236,236,0,0
79,237,237,1,127
79,237,237,2,1
79,237,237,3,13
79,237,237,4,191
79,237,237,5,2
79,237,237,6,0
79,237,237,7,0
79,237,237,8,0
79,237,237,9,164
79,237,237,10,0
79,237,237,11,0
79,237,237,12,0
79,237,237,13,1
79,237,237,14,0
79,237,237,15,0
79,237,237,16,0
79,237,237,17,0
79,237,237,18,0
79,237,237,19,0
79,237,237,20,0
79,237,237,21,0
79,237,237,22,0
79,237,237,0,1
79,238,238,1,316
79,238,238,2,4
79,238,238,3,3
79,238,238,4,190
79,238,238,5,1
79,238,238,6,2
79,238,238,7,0
79,238,238,8,1
79,238,238,9,192
79,238,238,10,0
79,238,238,11,0
79,238,238,12,1
79,238,238,13,2
79,238,238,14,0
79,238,238,15,0
79,238,238,16,0
79,238,238,17,0
79,238,238,18,0
79,238,238,19,0
79,238,238,20,1
79,238,238,21,0
79,238,238,22,0
79,238,238,0,1
79,239,239,1,135
79,239,239,2,0
79,239,239,3,19
79,239,239,4,434
79,239,239,5,3
79,239,239,6,0
79,239,239,7,0
79,239,239,8,1
79,239,239,9,153
79,239,239,10,1
79,239,239,11,0
79,239,239,12,0
79,239,239,13,0
79,239,239,14,0
79,239,239,15,0
79,239,239,16,0
79,239,239,17,1
79,239,239,18,1
79,239,239,19,0
79,239,239,20,1
79,239,239,21,0
79,239,239,22,0
79,239,239,0,0
79,240,240,1,32
79,240,240,2,2
79,240,240,3,8
79,240,240,4,261
79,240,240,5,1
79,240,240,6,1
79,240,240,7,1
79,240,240,8,2
79,240,240,9,156
79,240,240,10,0
79,240,240,11,0
79,240,240,12,0
79,240,240,13,2
79,240,240,14,0
79,240,240,15,0
79,240,240,16,0
79,240,240,17,1
79,240,240,18,0
79,240,240,19,0
79,240,240,20,0
79,240,240,21,0
79,240,240,22,0
79,240,240,0,3
79,240,240,1,0
79,240,240,2,0
79,240,240,3,0
79,240,240,4,0
79,240,240,5,0
79,240,240,6,0
79,240,240,7,0
79,240,240,8,0
79,240,240,9,0
79,240,240,10,0
79,240,240,11,0
79,240,240,12,0
79,240,240,13,0
79,240,240,14,0
79,240,240,15,0
79,240,240,16,0
79,240,240,17,0
79,240,240,18,0
79,240,240,19,0
79,240,240,20,0
79,240,240,21,0
79,240,240,22,0
79,240,240,0,0
79,241,241,1,0
79,241,241,2,0
79,241,241,3,0
79,241,241,4,0
79,241,241,5,0
79,241,241,6,0
79,241,241,7,0
79,241,241,8,0
79,241,241,9,0
79,241,241,10,0
79,241,241,11,0
79,241,241,12,0
79,241,241,13,0
79,241,241,14,0
79,241,241,15,0
79,241,241,16,0
79,241,241,17,0
79,241,241,18,0
79,241,241,19,0
79,241,241,20,0
79,241,241,21,0
79,241,241,22,0
79,241,241,0,0
79,241,241,1,55
79,241,241,2,0
79,241,241,3,5
79,241,241,4,216
79,241,241,5,2
79,241,241,6,1
79,241,241,7,1
79,241,241,8,1
79,241,241,9,135
79,241,241,10,0
79,241,241,11,0
79,241,241,12,1
79,241,241,13,1
79,241,241,14,6
79,241,241,15,0
79,241,241,16,1
79,241,241,17,0
79,241,241,18,0
79,241,241,19,0
79,241,241,20,0
79,241,241,21,0
79,241,241,22,0
79,241,241,0,0
79,242,242,1,96
79,242,242,2,0
79,242,242,3,28
79,242,242,4,440
79,242,242,5,1
79,242,242,6,3
79,242,242,7,0
79,242,242,8,1
79,242,242,9,239
79,242,242,10,0
79,242,242,11,0
79,242,242,12,1
79,242,242,13,3
79,242,242,14,4
79,242,242,15,1
79,242,242,16,2
79,242,242,17,3
79,242,242,18,0
79,242,242,19,0
79,242,242,20,0
79,242,242,21,0
79,242,242,22,0
79,242,242,0,1
79,242,242,1,0
79,242,242,2,0
79,242,242,3,0
79,242,242,4,0
79,242,242,5,0
79,242,242,6,0
79,242,242,7,0
79,242,242,8,0
79,242,242,9,0
79,242,242,10,0
79,242,242,11,0
79,242,242,12,0
79,242,242,13,0
79,242,242,14,0
79,242,242,15,0
79,242,242,16,0
79,242,242,17,0
79,242,242,18,0
79,242,242,19,0
79,242,242,20,0
79,242,242,21,0
79,242,242,22,0
79,242,242,0,0
79,243,243,1,95
79,243,243,2,2
79,243,243,3,19
79,243,243,4,365
79,243,243,5,2
79,243,243,6,3
79,243,243,7,0
79,243,243,8,1
79,243,243,9,227
79,243,243,10,0
79,243,243,11,0
79,243,243,12,1
79,243,243,13,2
79,243,243,14,1
79,243,243,15,0
79,243,243,16,1
79,243,243,17,0
79,243,243,18,0
79,243,243,19,0
79,243,243,20,2
79,243,243,21,2
79,243,243,22,0
79,243,243,0,3
79,244,244,1,85
79,244,244,2,0
79,244,244,3,23
79,244,244,4,348
79,244,244,5,2
79,244,244,6,1
79,244,244,7,0
79,244,244,8,4
79,244,244,9,294
79,244,244,10,0
79,244,244,11,2
79,244,244,12,0
79,244,244,13,1
79,244,244,14,1
79,244,244,15,1
79,244,244,16,4
79,244,244,17,1
79,244,244,18,0
79,244,244,19,1
79,244,244,20,1
79,244,244,21,2
79,244,244,22,2
79,244,244,0,1
79,245,245,1,231
79,245,245,2,0
79,245,245,3,12
79,245,245,4,264
79,245,245,5,4
79,245,245,6,2
79,245,245,7,0
79,245,245,8,0
79,245,245,9,298
79,245,245,10,0
79,245,245,11,0
79,245,245,12,1
79,245,245,13,3
79,245,245,14,1
79,245,245,15,0
79,245,245,16,0
79,245,245,17,0
79,245,245,18,0
79,245,245,19,0
79,245,245,20,0
79,245,245,21,0
79,245,245,22,0
79,245,245,0,0
79,246,246,1,178
79,246,246,2,0
79,246,246,3,17
79,246,246,4,101
79,246,246,5,0
79,246,246,6,0
79,246,246,7,0
79,246,246,8,1
79,246,246,9,216
79,246,246,10,0
79,246,246,11,0
79,246,246,12,0
79,246,246,13,0
79,246,246,14,0
79,246,246,15,1
79,246,246,16,3
79,246,246,17,1
79,246,246,18,0
79,246,246,19,0
79,246,246,20,0
79,246,246,21,0
79,246,246,22,0
79,246,246,0,0
79,247,247,1,217
79,247,247,2,2
79,247,247,3,13
79,247,247,4,140
79,247,247,5,0
79,247,247,6,0
79,247,247,7,0
79,247,247,8,0
79,247,247,9,174
79,247,247,10,0
79,247,247,11,0
79,247,247,12,0
79,247,247,13,0
79,247,247,14,3
79,247,247,15,2
79,247,247,16,1
79,247,247,17,2
79,247,247,18,0
79,247,247,19,0
79,247,247,20,0
79,247,247,21,0
79,247,247,22,0
79,247,247,0,0
79,248,248,1,184
79,248,248,2,1
79,248,248,3,10
79,248,248,4,287
79,248,248,5,2
79,248,248,6,2
79,248,248,7,0
79,248,248,8,0
79,248,248,9,215
79,248,248,10,1
79,248,248,11,0
79,248,248,12,0
79,248,248,13,0
79,248,248,14,0
79,248,248,15,0
79,248,248,16,3
79,248,248,17,0
79,248,248,18,0
79,248,248,19,0
79,248,248,20,0
79,248,248,21,0
79,248,248,22,0
79,248,248,0,2
79,249,249,1,210
79,249,249,2,1
79,249,249,3,17
79,249,249,4,165
79,249,249,5,0
79,249,249,6,1
79,249,249,7,0
79,249,249,8,1
79,249,249,9,203
79,249,249,10,0
79,249,249,11,0
79,249,249,12,1
79,249,249,13,0
79,249,249,14,0
79,249,249,15,1
79,249,249,16,0
79,249,249,17,0
79,249,249,18,0
79,249,249,19,0
79,249,249,20,1
79,249,249,21,0
79,249,249,22,0
79,249,249,0,1
79,250,250,1,179
79,250,250,2,1
79,250,250,3,19
79,250,250,4,407
79,250,250,5,4
79,250,250,6,3
79,250,250,7,0
79,250,250,8,0
79,250,250,9,232
79,250,250,10,1
79,250,250,11,0
79,250,250,12,0
79,250,250,13,0
79,250,250,14,0
79,250,250,15,0
79,250,250,16,1
79,250,250,17,3
79,250,250,18,1
79,250,250,19,0
79,250,250,20,2
79,250,250,21,0
79,250,250,22,0
79,250,250,0,2
79,251,251,1,337
79,251,251,2,2
79,251,251,3,33
79,251,251,4,143
79,251,251,5,0
79,251,251,6,2
79,251,251,7,0
79,251,251,8,4
79,251,251,9,238
79,251,251,10,0
79,251,251,11,1
79,251,251,12,0
79,251,251,13,1
79,251,251,14,1
79,251,251,15,2
79,251,251,16,4
79,251,251,17,3
79,251,251,18,0
79,251,251,19,0
79,251,251,20,2
79,251,251,21,1
79,251,251,22,0
79,251,251,0,1
79,252,252,1,205
79,252,252,2,0
79,252,252,3,8
79,252,252,4,108
79,252,252,5,4
79,252,252,6,0
79,252,252,7,0
79,252,252,8,1
79,252,252,9,139
79,252,252,10,0
79,252,252,11,0
79,252,252,12,0
79,252,252,13,0
79,252,252,14,0
79,252,252,15,3
79,252,252,16,1
79,252,252,17,0
79,252,252,18,1
79,252,252,19,0
79,252,252,20,0
79,252,252,21,0
79,252,252,22,0
79,252,252,0,0
79,253,253,1,245
79,253,253,2,4
79,253,253,3,14
79,253,253,4,83
79,253,253,5,0
79,253,253,6,0
79,253,253,7,0
79,253,253,8,1
79,253,253,9,168
79,253,253,10,1
79,253,253,11,0
79,253,253,12,0
79,253,253,13,0
79,253,253,14,3
79,253,253,15,0
79,253,253,16,5
79,253,253,17,1
79,253,253,18,0
79,253,253,19,0
79,253,253,20,2
79,253,253,21,1
79,253,253,22,0
79,253,253,0,0
79,254,254,1,231
79,254,254,2,3
79,254,254,3,17
79,254,254,4,177
79,254,254,5,0
79,254,254,6,0
79,254,254,7,0
79,254,254,8,0
79,254,254,9,283
79,254,254,10,0
79,254,254,11,0
79,254,254,12,0
79,254,254,13,1
79,254,254,14,2
79,254,254,15,0
79,254,254,16,2
79,254,254,17,1
79,254,254,18,0
79,254,254,19,0
79,254,254,20,1
79,254,254,21,0
79,254,254,22,0
79,254,254,0,1
79,255,255,1,67
79,255,255,2,0
79,255,255,3,4
79,255,255,4,149
79,255,255,5,0
79,255,255,6,0
79,255,255,7,0
79,255,255,8,0
79,255,255,9,84
79,255,255,10,0
79,255,255,11,1
79,255,255,12,0
79,255,255,13,0
79,255,255,14,0
79,255,255,15,0
79,255,255,16,0
79,255,255,17,0
79,255,255,18,0
79,255,255,19,0
79,255,255,20,0
79,255,255,21,0
79,255,255,22,0
79,255,255,0,1
79,256,256,1,258
79,256,256,2,0
79,256,256,3,16
79,256,256,4,179
79,256,256,5,0
79,256,256,6,1
79,256,256,7,1
79,256,256,8,0
79,256,256,9,227
79,256,256,10,2
79,256,256,11,0
79,256,256,12,0
79,256,256,13,0
79,256,256,14,0
79,256,256,15,1
79,256,256,16,2
79,256,256,17,3
79,256,256,18,0
79,256,256,19,0
79,256,256,20,0
79,256,256,21,1
79,256,256,22,0
79,256,256,0,2
79,256,256,1,0
79,256,256,2,0
79,256,256,3,0
79,256,256,4,0
79,256,256,5,0
79,256,256,6,0
79,256,256,7,0
79,256,256,8,0
79,256,256,9,0
79,256,256,10,0
79,256,256,11,0
79,256,256,12,0
79,256,256,13,0
79,256,256,14,0
79,256,256,15,0
79,256,256,16,0
79,256,256,17,0
79,256,256,18,0
79,256,256,19,0
79,256,256,20,0
79,256,256,21,0
79,256,256,22,0
79,256,256,0,0
79,257,257,1,231
79,257,257,2,3
79,257,257,3,25
79,257,257,4,87
79,257,257,5,1
79,257,257,6,0
79,257,257,7,2
79,257,257,8,3
79,257,257,9,283
79,257,257,10,1
79,257,257,11,0
79,257,257,12,0
79,257,257,13,1
79,257,257,14,0
79,257,257,15,0
79,257,257,16,3
79,257,257,17,2
79,257,257,18,0
79,257,257,19,0
79,257,257,20,0
79,257,257,21,0
79,257,257,22,0
79,257,257,0,0
79,257,257,1,0
79,257,257,2,0
79,257,257,3,0
79,257,257,4,0
79,257,257,5,0
79,257,257,6,0
79,257,257,7,0
79,257,257,8,0
79,257,257,9,0
79,257,257,10,0
79,257,257,11,0
79,257,257,12,0
79,257,257,13,0
79,257,257,14,0
79,257,257,15,0
79,257,257,16,0
79,257,257,17,0
79,257,257,18,0
79,257,257,19,0
79,257,257,20,0
79,257,257,21,0
79,257,257,22,0
79,257,257,0,0
79,258,258,1,0
79,258,258,2,0
79,258,258,3,0
79,258,258,4,0
79,258,258,5,0
79,258,258,6,0
79,258,258,7,0
79,258,258,8,0
79,258,258,9,0
79,258,258,10,0
79,258,258,11,0
79,258,258,12,0
79,258,258,13,0
79,258,258,14,0
79,258,258,15,0
79,258,258,16,0
79,258,258,17,0
79,258,258,18,0
79,258,258,19,0
79,258,258,20,0
79,258,258,21,0
79,258,258,22,0
79,258,258,0,0
79,258,258,1,277
79,258,258,2,1
79,258,258,3,9
79,258,258,4,157
79,258,258,5,1
79,258,258,6,0
79,258,258,7,0
79,258,258,8,0
79,258,258,9,273
79,258,258,10,1
79,258,258,11,0
79,258,258,12,0
79,258,258,13,0
79,258,258,14,0
79,258,258,15,1
79,258,258,16,1
79,258,258,17,0
79,258,258,18,1
79,258,258,19,0
79,258,258,20,1
79,258,258,21,0
79,258,258,22,0
79,258,258,0,1
79,259,259,1,229
79,259,259,2,0
79,259,259,3,17
79,259,259,4,132
79,259,259,5,1
79,259,259,6,0
79,259,259,7,0
79,259,259,8,0
79,259,259,9,161
79,259,259,10,0
79,259,259,11,1
79,259,259,12,0
79,259,259,13,1
79,259,259,14,0
79,259,259,15,0
79,259,259,16,0
79,259,259,17,1
79,259,259,18,0
79,259,259,19,0
79,259,259,20,1
79,259,259,21,0
79,259,259,22,0
79,259,259,0,3
79,260,260,1,271
79,260,260,2,0
79,260,260,3,10
79,260,260,4,194
79,260,260,5,3
79,260,260,6,2
79,260,260,7,0
79,260,260,8,0
79,260,260,9,221
79,260,260,10,0
79,260,260,11,0
79,260,260,12,1
79,260,260,13,0
79,260,260,14,1
79,260,260,15,1
79,260,260,16,1
79,260,260,17,1
79,260,260,18,1
79,260,260,19,0
79,260,260,20,0
79,260,260,21,0
79,260,260,22,0
79,260,260,0,3
79,261,261,1,247
79,261,261,2,1
79,261,261,3,16
79,261,261,4,152
79,261,261,5,0
79,261,261,6,1
79,261,261,7,0
79,261,261,8,1
79,261,261,9,172
79,261,261,10,2
79,261,261,11,1
79,261,261,12,1
79,261,261,13,2
79,261,261,14,0
79,261,261,15,3
79,261,261,16,2
79,261,261,17,1
79,261,261,18,0
79,261,261,19,1
79,261,261,20,0
79,261,261,21,0
79,261,261,22,0
79,261,261,0,2
79,262,262,1,300
79,262,262,2,3
79,262,262,3,28
79,262,262,4,264
79,262,262,5,1
79,262,262,6,0
79,262,262,7,0
79,262,262,8,1
79,262,262,9,361
79,262,262,10,1
79,262,262,11,0
79,262,262,12,0
79,262,262,13,0
79,262,262,14,3
79,262,262,15,0
79,262,262,16,4
79,262,262,17,0
79,262,262,18,0
79,262,262,19,0
79,262,262,20,2
79,262,262,21,0
79,262,262,22,0
79,262,262,0,0
79,263,263,1,335
79,263,263,2,3
79,263,263,3,20
79,263,263,4,147
79,263,263,5,1
79,263,263,6,1
79,263,263,7,0
79,263,263,8,1
79,263,263,9,292
79,263,263,10,0
79,263,263,11,1
79,263,263,12,0
79,263,263,13,0
79,263,263,14,2
79,263,263,15,0
79,263,263,16,5
79,263,263,17,0
79,263,263,18,0
79,263,263,19,0
79,263,263,20,0
79,263,263,21,0
79,263,263,22,0
79,263,263,0,1
79,264,264,1,386
79,264,264,2,1
79,264,264,3,18
79,264,264,4,254
79,264,264,5,0
79,264,264,6,0
79,264,264,7,0
79,264,264,8,0
79,264,264,9,191
79,264,264,10,0
79,264,264,11,0
79,264,264,12,0
79,264,264,13,0
79,264,264,14,0
79,264,264,15,0
79,264,264,16,5
79,264,264,17,1
79,264,264,18,1
79,264,264,19,0
79,264,264,20,1
79,264,264,21,0
79,264,264,22,1
79,264,264,0,0
79,265,265,1,355
79,265,265,2,3
79,265,265,3,36
79,265,265,4,179
79,265,265,5,0
79,265,265,6,0
79,265,265,7,1
79,265,265,8,7
79,265,265,9,321
79,265,265,10,0
79,265,265,11,2
79,265,265,12,0
79,265,265,13,2
79,265,265,14,0
79,265,265,15,1
79,265,265,16,1
79,265,265,17,0
79,265,265,18,0
79,265,265,19,1
79,265,265,20,1
79,265,265,21,1
79,265,265,22,0
79,265,265,0,2
79,266,266,1,235
79,266,266,2,1
79,266,266,3,31
79,266,266,4,158
79,266,266,5,2
79,266,266,6,1
79,266,266,7,0
79,266,266,8,3
79,266,266,9,332
79,266,266,10,0
79,266,266,11,0
79,266,266,12,1
79,266,266,13,0
79,266,266,14,2
79,266,266,15,0
79,266,266,16,1
79,266,266,17,0
79,266,266,18,0
79,266,266,19,0
79,266,266,20,1
79,266,266,21,0
79,266,266,22,1
79,266,266,0,0
79,267,267,1,128
79,267,267,2,4
79,267,267,3,23
79,267,267,4,159
79,267,267,5,1
79,267,267,6,2
79,267,267,7,0
79,267,267,8,8
79,267,267,9,232
79,267,267,10,0
79,267,267,11,0
79,267,267,12,0
79,267,267,13,0
79,267,267,14,0
79,267,267,15,0
79,267,267,16,1
79,267,267,17,2
79,267,267,18,0
79,267,267,19,0
79,267,267,20,3
79,267,267,21,1
79,267,267,22,0
79,267,267,0,3
79,268,268,1,225
79,268,268,2,0
79,268,268,3,15
79,268,268,4,180
79,268,268,5,0
79,268,268,6,0
79,268,268,7,0
79,268,268,8,2
79,268,268,9,132
79,268,268,10,1
79,268,268,11,0
79,268,268,12,0
79,268,268,13,1
79,268,268,14,0
79,268,268,15,0
79,268,268,16,1
79,268,268,17,0
79,268,268,18,0
79,268,268,19,0
79,268,268,20,1
79,268,268,21,0
79,268,268,22,2
79,268,268,0,1
79,269,269,1,299
79,269,269,2,1
79,269,269,3,10
79,269,269,4,129
79,269,269,5,1
79,269,269,6,0
79,269,269,7,0
79,269,269,8,4
79,269,269,9,160
79,269,269,10,0
79,269,269,11,0
79,269,269,12,0
79,269,269,13,0
79,269,269,14,0
79,269,269,15,1
79,269,269,16,4
79,269,269,17,2
79,269,269,18,0
79,269,269,19,0
79,269,269,20,1
79,269,269,21,0
79,269,269,22,0
79,269,269,0,2
79,270,270,1,195
79,270,270,2,1
79,270,270,3,19
79,270,270,4,124
79,270,270,5,1
79,270,270,6,0
79,270,270,7,0
79,270,270,8,0
79,270,270,9,230
79,270,270,10,0
79,270,270,11,0
79,270,270,12,0
79,270,270,13,0
79,270,270,14,2
79,270,270,15,0
79,270,270,16,0
79,270,270,17,5
79,270,270,18,1
79,270,270,19,0
79,270,270,20,4
79,270,270,21,0
79,270,270,22,0
79,270,270,0,1
79,271,271,1,321
79,271,271,2,3
79,271,271,3,28
79,271,271,4,198
79,271,271,5,1
79,271,271,6,7
79,271,271,7,0
79,271,271,8,2
79,271,271,9,338
79,271,271,10,0
79,271,271,11,1
79,271,271,12,0
79,271,271,13,1
79,271,271,14,0
79,271,271,15,2
79,271,271,16,0
79,271,271,17,1
79,271,271,18,1
79,271,271,19,0
79,271,271,20,1
79,271,271,21,0
79,271,271,22,0
79,271,271,0,2
79,272,272,1,0
79,272,272,2,0
79,272,272,3,0
79,272,272,4,0
79,272,272,5,0
79,272,272,6,0
79,272,272,7,0
79,272,272,8,0
79,272,272,9,0
79,272,272,10,0
79,272,272,11,0
79,272,272,12,0
79,272,272,13,0
79,272,272,14,0
79,272,272,15,0
79,272,272,16,0
79,272,272,17,0
79,272,272,18,0
79,272,272,19,0
79,272,272,20,0
79,272,272,21,0
79,272,272,22,0
79,272,272,0,0
79,272,272,1,193
79,272,272,2,1
79,272,272,3,28
79,272,272,4,182
79,272,272,5,0
79,272,272,6,5
79,272,272,7,0
79,272,272,8,2
79,272,272,9,283
79,272,272,10,0
79,272,272,11,0
79,272,272,12,0
79,272,272,13,1
79,272,272,14,0
79,272,272,15,1
79,272,272,16,0
79,272,272,17,0
79,272,272,18,3
79,272,272,19,1
79,272,272,20,1
79,272,272,21,0
79,272,272,22,1
79,272,272,0,1
79,273,273,1,0
79,273,273,2,0
79,273,273,3,0
79,273,273,4,0
79,273,273,5,0
79,273,273,6,0
79,273,273,7,0
79,273,273,8,0
79,273,273,9,0
79,273,273,10,0
79,273,273,11,0
79,273,273,12,0
79,273,273,13,0
79,273,273,14,0
79,273,273,15,0
79,273,273,16,0
79,273,273,17,0
79,273,273,18,0
79,273,273,19,0
79,273,273,20,0
79,273,273,21,0
79,273,273,22,0
79,273,273,0,0
79,273,273,1,283
79,273,273,2,1
79,273,273,3,25
79,273,273,4,228
79,273,273,5,0
79,273,273,6,10
79,273,273,7,1
79,273,273,8,1
79,273,273,9,355
79,273,273,10,0
79,273,273,11,0
79,273,273,12,0
79,273,273,13,0
79,273,273,14,0
79,273,273,15,0
79,273,273,16,0
79,273,273,17,2
79,273,273,18,0
79,273,273,19,0
79,273,273,20,1
79,273,273,21,0
79,273,273,22,0
79,273,273,0,2
79,274,274,1,222
79,274,274,2,0
79,274,274,3,19
79,274,274,4,141
79,274,274,5,0
79,274,274,6,0
79,274,274,7,0
79,274,274,8,1
79,274,274,9,213
79,274,274,10,0
79,274,274,11,0
79,274,274,12,0
79,274,274,13,0
79,274,274,14,0
79,274,274,15,0
79,274,274,16,1
79,274,274,17,1
79,274,274,18,0
79,274,274,19,0
79,274,274,20,1
79,274,274,21,0
79,274,274,22,0
79,274,274,0,3
79,274,274,1,0
79,274,274,2,0
79,274,274,3,0
79,274,274,4,0
79,274,274,5,0
79,274,274,6,0
79,274,274,7,0
79,274,274,8,0
79,274,274,9,0
79,274,274,10,0
79,274,274,11,0
79,274,274,12,0
79,274,274,13,0
79,274,274,14,0
79,274,274,15,0
79,274,274,16,0
79,274,274,17,0
79,274,274,18,0
79,274,274,19,0
79,274,274,20,0
79,274,274,21,0
79,274,274,22,0
79,274,274,0,0
79,275,275,1,180
79,275,275,2,0
79,275,275,3,9
79,275,275,4,193
79,275,275,5,0
79,275,275,6,1
79,275,275,7,0
79,275,275,8,0
79,275,275,9,165
79,275,275,10,0
79,275,275,11,1
79,275,275,12,0
79,275,275,13,1
79,275,275,14,0
79,275,275,15,1
79,275,275,16,0
79,275,275,17,0
79,275,275,18,0
79,275,275,19,0
79,275,275,20,0
79,275,275,21,0
79,275,275,22,0
79,275,275,0,1
79,276,276,1,199
79,276,276,2,1
79,276,276,3,17
79,276,276,4,166
79,276,276,5,2
79,276,276,6,1
79,276,276,7,0
79,276,276,8,1
79,276,276,9,161
79,276,276,10,0
79,276,276,11,0
79,276,276,12,1
79,276,276,13,0
79,276,276,14,2
79,276,276,15,0
79,276,276,16,0
79,276,276,17,1
79,276,276,18,0
79,276,276,19,0
79,276,276,20,1
79,276,276,21,0
79,276,276,22,0
79,276,276,0,1
79,277,277,1,256
79,277,277,2,2
79,277,277,3,15
79,277,277,4,275
79,277,277,5,0
79,277,277,6,1
79,277,277,7,0
79,277,277,8,0
79,277,277,9,272
79,277,277,10,0
79,277,277,11,1
79,277,277,12,0
79,277,277,13,3
79,277,277,14,3
79,277,277,15,1
79,277,277,16,1
79,277,277,17,0
79,277,277,18,0
79,277,277,19,0
79,277,277,20,0
79,277,277,21,0
79,277,277,22,1
79,277,277,0,3
79,278,278,1,261
79,278,278,2,3
79,278,278,3,18
79,278,278,4,379
79,278,278,5,4
79,278,278,6,1
79,278,278,7,0
79,278,278,8,0
79,278,278,9,220
79,278,278,10,0
79,278,278,11,0
79,278,278,12,0
79,278,278,13,0
79,278,278,14,1
79,278,278,15,0
79,278,278,16,1
79,278,278,17,3
79,278,278,18,1
79,278,278,19,0
79,278,278,20,3
79,278,278,21,0
79,278,278,22,0
79,278,278,0,3
79,279,279,1,223
79,279,279,2,1
79,279,279,3,17
79,279,279,4,354
79,279,279,5,3
79,279,279,6,3
79,279,279,7,1
79,279,279,8,0
79,279,279,9,224
79,279,279,10,0
79,279,279,11,0
79,279,279,12,0
79,279,279,13,0
79,279,279,14,1
79,279,279,15,0
79,279,279,16,0
79,279,279,17,0
79,279,279,18,1
79,279,279,19,0
79,279,279,20,2
79,279,279,21,0
79,279,279,22,0
79,279,279,0,0
79,280,280,1,290
79,280,280,2,2
79,280,280,3,13
79,280,280,4,205
79,280,280,5,4
79,280,280,6,0
79,280,280,7,0
79,280,280,8,1
79,280,280,9,311
79,280,280,10,1
79,280,280,11,0
79,280,280,12,0
79,280,280,13,0
79,280,280,14,1
79,280,280,15,0
79,280,280,16,2
79,280,280,17,2
79,280,280,18,0
79,280,280,19,0
79,280,280,20,0
79,280,280,21,1
79,280,280,22,0
79,280,280,0,1
79,281,281,1,253
79,281,281,2,2
79,281,281,3,9
79,281,281,4,175
79,281,281,5,0
79,281,281,6,0
79,281,281,7,0
79,281,281,8,0
79,281,281,9,183
79,281,281,10,0
79,281,281,11,0
79,281,281,12,0
79,281,281,13,0
79,281,281,14,1
79,281,281,15,0
79,281,281,16,0
79,281,281,17,1
79,281,281,18,0
79,281,281,19,0
79,281,281,20,0
79,281,281,21,0
79,281,281,22,0
79,281,281,0,0
79,282,282,1,184
79,282,282,2,2
79,282,282,3,8
79,282,282,4,146
79,282,282,5,0
79,282,282,6,0
79,282,282,7,0
79,282,282,8,0
79,282,282,9,148
79,282,282,10,0
79,282,282,11,0
79,282,282,12,1
79,282,282,13,0
79,282,282,14,1
79,282,282,15,0
79,282,282,16,1
79,282,282,17,2
79,282,282,18,1
79,282,282,19,0
79,282,282,20,2
79,282,282,21,1
79,282,282,22,0
79,282,282,0,0
79,283,283,1,139
79,283,283,2,0
79,283,283,3,12
79,283,283,4,295
79,283,283,5,1
79,283,283,6,0
79,283,283,7,0
79,283,283,8,1
79,283,283,9,148
79,283,283,10,0
79,283,283,11,0
79,283,283,12,0
79,283,283,13,0
79,283,283,14,0
79,283,283,15,0
79,283,283,16,0
79,283,283,17,0
79,283,283,18,0
79,283,283,19,0
79,283,283,20,0
79,283,283,21,0
79,283,283,22,0
79,283,283,0,1
79,284,284,1,210
79,284,284,2,0
79,284,284,3,24
79,284,284,4,364
79,284,284,5,4
79,284,284,6,1
79,284,284,7,0
79,284,284,8,0
79,284,284,9,168
79,284,284,10,0
79,284,284,11,1
79,284,284,12,1
79,284,284,13,0
79,284,284,14,0
79,284,284,15,0
79,284,284,16,0
79,284,284,17,2
79,284,284,18,0
79,284,284,19,0
79,284,284,20,4
79,284,284,21,0
79,284,284,22,0
79,284,284,0,2
79,285,285,1,205
79,285,285,2,2
79,285,285,3,13
79,285,285,4,107
79,285,285,5,2
79,285,285,6,1
79,285,285,7,0
79,285,285,8,0
79,285,285,9,137
79,285,285,10,0
79,285,285,11,0
79,285,285,12,1
79,285,285,13,0
79,285,285,14,0
79,285,285,15,1
79,285,285,16,1
79,285,285,17,0
79,285,285,18,0
79,285,285,19,0
79,285,285,20,0
79,285,285,21,0
79,285,285,22,0
79,285,285,0,0
79,286,286,1,165
79,286,286,2,1
79,286,286,3,29
79,286,286,4,240
79,286,286,5,1
79,286,286,6,0
79,286,286,7,0
79,286,286,8,0
79,286,286,9,234
79,286,286,10,0
79,286,286,11,0
79,286,286,12,0
79,286,286,13,0
79,286,286,14,2
79,286,286,15,0
79,286,286,16,2
79,286,286,17,1
79,286,286,18,1
79,286,286,19,0
79,286,286,20,1
79,286,286,21,0
79,286,286,22,0
79,286,286,0,1
79,287,287,1,265
79,287,287,2,2
79,287,287,3,20
79,287,287,4,333
79,287,287,5,3
79,287,287,6,0
79,287,287,7,0
79,287,287,8,1
79,287,287,9,276
79,287,287,10,0
79,287,287,11,1
79,287,287,12,0
79,287,287,13,0
79,287,287,14,0
79,287,287,15,0
79,287,287,16,0
79,287,287,17,0
79,287,287,18,2
79,287,287,19,1
79,287,287,20,0
79,287,287,21,0
79,287,287,22,0
79,287,287,0,2
79,288,288,1,180
79,288,288,2,2
79,288,288,3,16
79,288,288,4,121
79,288,288,5,0
79,288,288,6,1
79,288,288,7,0
79,288,288,8,0
79,288,288,9,106
79,288,288,10,0
79,288,288,11,0
79,288,288,12,1
79,288,288,13,0
79,288,288,14,0
79,288,288,15,0
79,288,288,16,0
79,288,288,17,1
79,288,288,18,0
79,288,288,19,0
79,288,288,20,0
79,288,288,21,0
79,288,288,22,1
79,288,288,0,1
79,288,288,1,0
79,288,288,2,0
79,288,288,3,0
79,288,288,4,0
79,288,288,5,0
79,288,288,6,0
79,288,288,7,0
79,288,288,8,0
79,288,288,9,0
79,288,288,10,0
79,288,288,11,0
79,288,288,12,0
79,288,288,13,0
79,288,288,14,0
79,288,288,15,0
79,288,288,16,0
79,288,288,17,0
79,288,288,18,0
79,288,288,19,0
79,288,288,20,0
79,288,288,21,0
79,288,288,22,0
79,288,288,0,0
79,289,289,1,269
79,289,289,2,2
79,289,289,3,16
79,289,289,4,194
79,289,289,5,2
79,289,289,6,1
79,289,289,7,0
79,289,289,8,0
79,289,289,9,205
79,289,289,10,1
79,289,289,11,0
79,289,289,12,0
79,289,289,13,1
79,289,289,14,1
79,289,289,15,0
79,289,289,16,3
79,289,289,17,9
79,289,289,18,2
79,289,289,19,0
79,289,289,20,3
79,289,289,21,0
79,289,289,22,0
79,289,289,0,1
79,289,289,1,0
79,289,289,2,0
79,289,289,3,0
79,289,289,4,0
79,289,289,5,0
79,289,289,6,0
79,289,289,7,0
79,289,289,8,0
79,289,289,9,0
79,289,289,10,0
79,289,289,11,0
79,289,289,12,0
79,289,289,13,0
79,289,289,14,0
79,289,289,15,0
79,289,289,16,0
79,289,289,17,0
79,289,289,18,0
79,289,289,19,0
79,289,289,20,0
79,289,289,21,0
79,289,289,22,0
79,289,289,0,0
79,290,290,1,0
79,290,290,2,0
79,290,290,3,0
79,290,290,4,0
79,290,290,5,0
79,290,290,6,0
79,290,290,7,0
79,290,290,8,0
79,290,290,9,0
79,290,290,10,0
79,290,290,11,0
79,290,290,12,0
79,290,290,13,0
79,290,290,14,0
79,290,290,15,0
79,290,290,16,0
79,290,290,17,0
79,290,290,18,0
79,290,290,19,0
79,290,290,20,0
79,290,290,21,0
79,290,290,22,0
79,290,290,0,0
79,290,290,1,273
79,290,290,2,0
79,290,290,3,22
79,290,290,4,191
79,290,290,5,0
79,290,290,6,0
79,290,290,7,0
79,290,290,8,1
79,290,290,9,259
79,290,290,10,3
79,290,290,11,0
79,290,290,12,1
79,290,290,13,0
79,290,290,14,0
79,290,290,15,0
79,290,290,16,2
79,290,290,17,0
79,290,290,18,0
79,290,290,19,0
79,290,290,20,0
79,290,290,21,0
79,290,290,22,0
79,290,290,0,1
79,291,291,1,222
79,291,291,2,1
79,291,291,3,19
79,291,291,4,241
79,291,291,5,2
79,291,291,6,2
79,291,291,7,2
79,291,291,8,1
79,291,291,9,343
79,291,291,10,1
79,291,291,11,0
79,291,291,12,1
79,291,291,13,1
79,291,291,14,1
79,291,291,15,2
79,291,291,16,6
79,291,291,17,2
79,291,291,18,2
79,291,291,19,0
79,291,291,20,1
79,291,291,21,0
79,291,291,22,0
79,291,291,0,1
79,292,292,1,242
79,292,292,2,1
79,292,292,3,28
79,292,292,4,105
79,292,292,5,0
79,292,292,6,0
79,292,292,7,0
79,292,292,8,1
79,292,292,9,173
79,292,292,10,0
79,292,292,11,0
79,292,292,12,0
79,292,292,13,0
79,292,292,14,0
79,292,292,15,0
79,292,292,16,2
79,292,292,17,0
79,292,292,18,0
79,292,292,19,0
79,292,292,20,2
79,292,292,21,0
79,292,292,22,0
79,292,292,0,1
79,293,293,1,162
79,293,293,2,1
79,293,293,3,22
79,293,293,4,188
79,293,293,5,1
79,293,293,6,0
79,293,293,7,0
79,293,293,8,0
79,293,293,9,191
79,293,293,10,1
79,293,293,11,1
79,293,293,12,0
79,293,293,13,0
79,293,293,14,0
79,293,293,15,1
79,293,293,16,1
79,293,293,17,2
79,293,293,18,0
79,293,293,19,0
79,293,293,20,5
79,293,293,21,1
79,293,293,22,0
79,293,293,0,1
79,294,294,1,151
79,294,294,2,1
79,294,294,3,3
79,294,294,4,183
79,294,294,5,2
79,294,294,6,0
79,294,294,7,1
79,294,294,8,2
79,294,294,9,211
79,294,294,10,0
79,294,294,11,0
79,294,294,12,0
79,294,294,13,2
79,294,294,14,2
79,294,294,15,0
79,294,294,16,0
79,294,294,17,1
79,294,294,18,2
79,294,294,19,0
79,294,294,20,3
79,294,294,21,0
79,294,294,22,2
79,294,294,0,4
79,295,295,1,136
79,295,295,2,0
79,295,295,3,16
79,295,295,4,178
79,295,295,5,1
79,295,295,6,1
79,295,295,7,1
79,295,295,8,2
79,295,295,9,170
79,295,295,10,1
79,295,295,11,0
79,295,295,12,0
79,295,295,13,0
79,295,295,14,2
79,295,295,15,2
79,295,295,16,0
79,295,295,17,0
79,295,295,18,1
79,295,295,19,0
79,295,295,20,4
79,295,295,21,0
79,295,295,22,1
79,295,295,0,1
79,296,296,1,225
79,296,296,2,2
79,296,296,3,18
79,296,296,4,141
79,296,296,5,1
79,296,296,6,0
79,296,296,7,0
79,296,296,8,0
79,296,296,9,147
79,296,296,10,0
79,296,296,11,1
79,296,296,12,0
79,296,296,13,0
79,296,296,14,2
79,296,296,15,2
79,296,296,16,0
79,296,296,17,0
79,296,296,18,0
79,296,296,19,0
79,296,296,20,0
79,296,296,21,0
79,296,296,22,0
79,296,296,0,0
79,297,297,1,137
79,297,297,2,1
79,297,297,3,17
79,297,297,4,186
79,297,297,5,2
79,297,297,6,0
79,297,297,7,0
79,297,297,8,0
79,297,297,9,147
79,297,297,10,1
79,297,297,11,0
79,297,297,12,0
79,297,297,13,0
79,297,297,14,0
79,297,297,15,0
79,297,297,16,1
79,297,297,17,1
79,297,297,18,0
79,297,297,19,0
79,297,297,20,0
79,297,297,21,1
79,297,297,22,0
79,297,297,0,1
79,298,298,1,258
79,298,298,2,2
79,298,298,3,25
79,298,298,4,85
79,298,298,5,0
79,298,298,6,0
79,298,298,7,0
79,298,298,8,1
79,298,298,9,140
79,298,298,10,0
79,298,298,11,0
79,298,298,12,0
79,298,298,13,1
79,298,298,14,1
79,298,298,15,0
79,298,298,16,0
79,298,298,17,1
79,298,298,18,0
79,298,298,19,0
79,298,298,20,0
79,298,298,21,0
79,298,298,22,0
79,298,298,0,0
79,299,299,1,220
79,299,299,2,0
79,299,299,3,13
79,299,299,4,242
79,299,299,5,3
79,299,299,6,0
79,299,299,7,0
79,299,299,8,2
79,299,299,9,201
79,299,299,10,0
79,299,299,11,1
79,299,299,12,0
79,299,299,13,0
79,299,299,14,0
79,299,299,15,0
79,299,299,16,2
79,299,299,17,3
79,299,299,18,0
79,299,299,19,1
79,299,299,20,1
79,299,299,21,0
79,299,299,22,0
79,299,299,0,2
79,300,300,1,80
79,300,300,2,1
79,300,300,3,21
79,300,300,4,375
79,300,300,5,2
79,300,300,6,1
79,300,300,7,0
79,300,300,8,0
79,300,300,9,191
79,300,300,10,2
79,300,300,11,0
79,300,300,12,1
79,300,300,13,7
79,300,300,14,4
79,300,300,15,1
79,300,300,16,0
79,300,300,17,0
79,300,300,18,1
79,300,300,19,1
79,300,300,20,2
79,300,300,21,1
79,300,300,22,0
79,300,300,0,1
79,301,301,1,113
79,301,301,2,0
79,301,301,3,11
79,301,301,4,72
79,301,301,5,0
79,301,301,6,2
79,301,301,7,0
79,301,301,8,1
79,301,301,9,122
79,301,301,10,0
79,301,301,11,0
79,301,301,12,1
79,301,301,13,0
79,301,301,14,0
79,301,301,15,1
79,301,301,16,0
79,301,301,17,0
79,301,301,18,0
79,301,301,19,0
79,301,301,20,0
79,301,301,21,0
79,301,301,22,0
79,301,301,0,0
79,302,302,1,320
79,302,302,2,8
79,302,302,3,10
79,302,302,4,280
79,302,302,5,9
79,302,302,6,0
79,302,302,7,1
79,302,302,8,0
79,302,302,9,245
79,302,302,10,1
79,302,302,11,1
79,302,302,12,0
79,302,302,13,1
79,302,302,14,2
79,302,302,15,0
79,302,302,16,6
79,302,302,17,1
79,302,302,18,0
79,302,302,19,0
79,302,302,20,3
79,302,302,21,0
79,302,302,22,1
79,302,302,0,0
79,303,303,1,173
79,303,303,2,0
79,303,303,3,21
79,303,303,4,483
79,303,303,5,5
79,303,303,6,2
79,303,303,7,0
79,303,303,8,0
79,303,303,9,193
79,303,303,10,1
79,303,303,11,0
79,303,303,12,0
79,303,303,13,0
79,303,303,14,0
79,303,303,15,0
79,303,303,16,2
79,303,303,17,1
79,303,303,18,0
79,303,303,19,0
79,303,303,20,0
79,303,303,21,0
79,303,303,22,0
79,303,303,0,0
79,304,304,1,0
79,304,304,2,0
79,304,304,3,0
79,304,304,4,0
79,304,304,5,0
79,304,304,6,0
79,304,304,7,0
79,304,304,8,0
79,304,304,9,0
79,304,304,10,0
79,304,304,11,0
79,304,304,12,0
79,304,304,13,0
79,304,304,14,0
79,304,304,15,0
79,304,304,16,0
79,304,304,17,0
79,304,304,18,0
79,304,304,19,0
79,304,304,20,0
79,304,304,21,0
79,304,304,22,0
79,304,304,0,0
79,304,304,1,142
79,304,304,2,1
79,304,304,3,19
79,304,304,4,333
79,304,304,5,5
79,304,304,6,1
79,304,304,7,1
79,304,304,8,0
79,304,304,9,142
79,304,304,10,0
79,304,304,11,0
79,304,304,12,0
79,304,304,13,1
79,304,304,14,0
79,304,304,15,0
79,304,304,16,1
79,304,304,17,2
79,304,304,18,0
79,304,304,19,1
79,304,304,20,1
79,304,304,21,0
79,304,304,22,0
79,304,304,0,1
79,305,305,1,147
79,305,305,2,1
79,305,305,3,19
79,305,305,4,301
79,305,305,5,3
79,305,305,6,1
79,305,305,7,0
79,305,305,8,1
79,305,305,9,152
79,305,305,10,0
79,305,305,11,0
79,305,305,12,0
79,305,305,13,0
79,305,305,14,1
79,305,305,15,1
79,305,305,16,0
79,305,305,17,1
79,305,305,18,0
79,305,305,19,0
79,305,305,20,2
79,305,305,21,0
79,305,305,22,0
79,305,305,0,0
79,305,305,1,0
79,305,305,2,0
79,305,305,3,0
79,305,305,4,0
79,305,305,5,0
79,305,305,6,0
79,305,305,7,0
79,305,305,8,0
79,305,305,9,0
79,305,305,10,0
79,305,305,11,0
79,305,305,12,0
79,305,305,13,0
79,305,305,14,0
79,305,305,15,0
79,305,305,16,0
79,305,305,17,0
79,305,305,18,0
79,305,305,19,0
79,305,305,20,0
79,305,305,21,0
79,305,305,22,0
79,305,305,0,0
79,306,306,1,348
79,306,306,2,22
79,306,306,3,32
79,306,306,4,384
79,306,306,5,1
79,306,306,6,1
79,306,306,7,0
79,306,306,8,2
79,306,306,9,271
79,306,306,10,0
79,306,306,11,0
79,306,306,12,0
79,306,306,13,0
79,306,306,14,2
79,306,306,15,1
79,306,306,16,2
79,306,306,17,0
79,306,306,18,0
79,306,306,19,0
79,306,306,20,2
79,306,306,21,0
79,306,306,22,0
79,306,306,0,1
79,306,306,1,0
79,306,306,2,0
79,306,306,3,0
79,306,306,4,0
79,306,306,5,0
79,306,306,6,0
79,306,306,7,0
79,306,306,8,0
79,306,306,9,0
79,306,306,10,0
79,306,306,11,0
79,306,306,12,0
79,306,306,13,0
79,306,306,14,0
79,306,306,15,0
79,306,306,16,0
79,306,306,17,0
79,306,306,18,0
79,306,306,19,0
79,306,306,20,0
79,306,306,21,0
79,306,306,22,0
79,306,306,0,0
79,307,307,1,205
79,307,307,2,1
79,307,307,3,18
79,307,307,4,587
79,307,307,5,12
79,307,307,6,0
79,307,307,7,1
79,307,307,8,1
79,307,307,9,171
79,307,307,10,0
79,307,307,11,0
79,307,307,12,0
79,307,307,13,0
79,307,307,14,1
79,307,307,15,0
79,307,307,16,0
79,307,307,17,2
79,307,307,18,0
79,307,307,19,0
79,307,307,20,1
79,307,307,21,1
79,307,307,22,0
79,307,307,0,1
79,308,308,1,254
79,308,308,2,3
79,308,308,3,23
79,308,308,4,419
79,308,308,5,6
79,308,308,6,5
79,308,308,7,0
79,308,308,8,2
79,308,308,9,220
79,308,308,10,0
79,308,308,11,0
79,308,308,12,0
79,308,308,13,2
79,308,308,14,3
79,308,308,15,0
79,308,308,16,4
79,308,308,17,0
79,308,308,18,0
79,308,308,19,0
79,308,308,20,0
79,308,308,21,0
79,308,308,22,1
79,308,308,0,1
79,309,309,1,251
79,309,309,2,3
79,309,309,3,37
79,309,309,4,402
79,309,309,5,2
79,309,309,6,1
79,309,309,7,1
79,309,309,8,0
79,309,309,9,205
79,309,309,10,0
79,309,309,11,0
79,309,309,12,0
79,309,309,13,2
79,309,309,14,1
79,309,309,15,0
79,309,309,16,0
79,309,309,17,1
79,309,309,18,0
79,309,309,19,0
79,309,309,20,3
79,309,309,21,1
79,309,309,22,0
79,309,309,0,1
79,310,310,1,151
79,310,310,2,0
79,310,310,3,15
79,310,310,4,359
79,310,310,5,3
79,310,310,6,1
79,310,310,7,1
79,310,310,8,1
79,310,310,9,155
79,310,310,10,0
79,310,310,11,0
79,310,310,12,0
79,310,310,13,0
79,310,310,14,2
79,310,310,15,0
79,310,310,16,0
79,310,310,17,1
79,310,310,18,0
79,310,310,19,0
79,310,310,20,0
79,310,310,21,0
79,310,310,22,0
79,310,310,0,1
79,311,311,1,294
79,311,311,2,3
79,311,311,3,28
79,311,311,4,290
79,311,311,5,1
79,311,311,6,2
79,311,311,7,0
79,311,311,8,0
79,311,311,9,220
79,311,311,10,0
79,311,311,11,1
79,311,311,12,0
79,311,311,13,1
79,311,311,14,0
79,311,311,15,2
79,311,311,16,3
79,311,311,17,2
79,311,311,18,0
79,311,311,19,0
79,311,311,20,1
79,311,311,21,3
79,311,311,22,0
79,311,311,0,0
79,312,312,1,142
79,312,312,2,1
79,312,312,3,16
79,312,312,4,337
79,312,312,5,3
79,312,312,6,0
79,312,312,7,0
79,312,312,8,0
79,312,312,9,209
79,312,312,10,0
79,312,312,11,0
79,312,312,12,0
79,312,312,13,0
79,312,312,14,0
79,312,312,15,0
79,312,312,16,4
79,312,312,17,0
79,312,312,18,0
79,312,312,19,0
79,312,312,20,0
79,312,312,21,0
79,312,312,22,0
79,312,312,0,1
79,313,313,1,220
79,313,313,2,2
79,313,313,3,7
79,313,313,4,172
79,313,313,5,1
79,313,313,6,0
79,313,313,7,0
79,313,313,8,0
79,313,313,9,90
79,313,313,10,0
79,313,313,11,0
79,313,313,12,0
79,313,313,13,0
79,313,313,14,0
79,313,313,15,1
79,313,313,16,2
79,313,313,17,2
79,313,313,18,0
79,313,313,19,0
79,313,313,20,0
79,313,313,21,0
79,313,313,22,0
79,313,313,0,1
79,314,314,1,277
79,314,314,2,3
79,314,314,3,24
79,314,314,4,265
79,314,314,5,4
79,314,314,6,0
79,314,314,7,0
79,314,314,8,1
79,314,314,9,231
79,314,314,10,0
79,314,314,11,0
79,314,314,12,1
79,314,314,13,1
79,314,314,14,0
79,314,314,15,1
79,314,314,16,5
79,314,314,17,0
79,314,314,18,0
79,314,314,19,0
79,314,314,20,0
79,314,314,21,1
79,314,314,22,0
79,314,314,0,1
79,315,315,1,137
79,315,315,2,1
79,315,315,3,50
79,315,315,4,390
79,315,315,5,1
79,315,315,6,2
79,315,315,7,1
79,315,315,8,0
79,315,315,9,225
79,315,315,10,0
79,315,315,11,0
79,315,315,12,0
79,315,315,13,0
79,315,315,14,0
79,315,315,15,0
79,315,315,16,0
79,315,315,17,2
79,315,315,18,1
79,315,315,19,0
79,315,315,20,1
79,315,315,21,0
79,315,315,22,1
79,315,315,0,3
79,316,316,1,262
79,316,316,2,0
79,316,316,3,14
79,316,316,4,194
79,316,316,5,1
79,316,316,6,0
79,316,316,7,0
79,316,316,8,1
79,316,316,9,171
79,316,316,10,0
79,316,316,11,0
79,316,316,12,0
79,316,316,13,0
79,316,316,14,0
79,316,316,15,0
79,316,316,16,0
79,316,316,17,1
79,316,316,18,0
79,316,316,19,1
79,316,316,20,3
79,316,316,21,0
79,316,316,22,0
79,316,316,0,1
79,317,317,1,208
79,317,317,2,1
79,317,317,3,14
79,317,317,4,189
79,317,317,5,1
79,317,317,6,0
79,317,317,7,0
79,317,317,8,2
79,317,317,9,197
79,317,317,10,0
79,317,317,11,0
79,317,317,12,0
79,317,317,13,0
79,317,317,14,0
79,317,317,15,0
79,317,317,16,1
79,317,317,17,0
79,317,317,18,0
79,317,317,19,0
79,317,317,20,1
79,317,317,21,0
79,317,317,22,0
79,317,317,0,1
79,318,318,1,119
79,318,318,2,1
79,318,318,3,8
79,318,318,4,331
79,318,318,5,2
79,318,318,6,0
79,318,318,7,0
79,318,318,8,0
79,318,318,9,185
79,318,318,10,0
79,318,318,11,0
79,318,318,12,0
79,318,318,13,1
79,318,318,14,0
79,318,318,15,0
79,318,318,16,1
79,318,318,17,0
79,318,318,18,0
79,318,318,19,0
79,318,318,20,0
79,318,318,21,0
79,318,318,22,0
79,318,318,0,0
79,319,319,1,226
79,319,319,2,2
79,319,319,3,12
79,319,319,4,191
79,319,319,5,0
79,319,319,6,0
79,319,319,7,0
79,319,319,8,0
79,319,319,9,144
79,319,319,10,0
79,319,319,11,0
79,319,319,12,0
79,319,319,13,2
79,319,319,14,0
79,319,319,15,0
79,319,319,16,1
79,319,319,17,0
79,319,319,18,0
79,319,319,19,0
79,319,319,20,1
79,319,319,21,0
79,319,319,22,0
79,319,319,0,0
79,320,320,1,72
79,320,320,2,1
79,320,320,3,9
79,320,320,4,277
79,320,320,5,0
79,320,320,6,1
79,320,320,7,1
79,320,320,8,2
79,320,320,9,168
79,320,320,10,0
79,320,320,11,1
79,320,320,12,0
79,320,320,13,1
79,320,320,14,1
79,320,320,15,0
79,320,320,16,0
79,320,320,17,1
79,320,320,18,0
79,320,320,19,0
79,320,320,20,1
79,320,320,21,0
79,320,320,22,0
79,320,320,0,0
79,320,320,1,0
79,320,320,2,0
79,320,320,3,0
79,320,320,4,0
79,320,320,5,0
79,320,320,6,0
79,320,320,7,0
79,320,320,8,0
79,320,320,9,0
79,320,320,10,0
79,320,320,11,0
79,320,320,12,0
79,320,320,13,0
79,320,320,14,0
79,320,320,15,0
79,320,320,16,0
79,320,320,17,0
79,320,320,18,0
79,320,320,19,0
79,320,320,20,0
79,320,320,21,0
79,320,320,22,0
79,320,320,0,0
79,321,321,1,0
79,321,321,2,0
79,321,321,3,0
79,321,321,4,0
79,321,321,5,0
79,321,321,6,0
79,321,321,7,0
79,321,321,8,0
79,321,321,9,0
79,321,321,10,0
79,321,321,11,0
79,321,321,12,0
79,321,321,13,0
79,321,321,14,0
79,321,321,15,0
79,321,321,16,0
79,321,321,17,0
79,321,321,18,0
79,321,321,19,0
79,321,321,20,0
79,321,321,21,0
79,321,321,22,0
79,321,321,0,0
79,321,321,1,167
79,321,321,2,0
79,321,321,3,16
79,321,321,4,273
79,321,321,5,4
79,321,321,6,0
79,321,321,7,0
79,321,321,8,0
79,321,321,9,193
79,321,321,10,0
79,321,321,11,0
79,321,321,12,2
79,321,321,13,0
79,321,321,14,1
79,321,321,15,0
79,321,321,16,0
79,321,321,17,2
79,321,321,18,0
79,321,321,19,0
79,321,321,20,2
79,321,321,21,0
79,321,321,22,1
79,321,321,0,3
79,322,322,1,172
79,322,322,2,1
79,322,322,3,8
79,322,322,4,158
79,322,322,5,2
79,322,322,6,0
79,322,322,7,0
79,322,322,8,1
79,322,322,9,115
79,322,322,10,0
79,322,322,11,0
79,322,322,12,0
79,322,322,13,0
79,322,322,14,0
79,322,322,15,0
79,322,322,16,0
79,322,322,17,1
79,322,322,18,1
79,322,322,19,0
79,322,322,20,0
79,322,322,21,1
79,322,322,22,0
79,322,322,0,0
79,322,322,1,0
79,322,322,2,0
79,322,322,3,0
79,322,322,4,0
79,322,322,5,0
79,322,322,6,0
79,322,322,7,0
79,322,322,8,0
79,322,322,9,0
79,322,322,10,0
79,322,322,11,0
79,322,322,12,0
79,322,322,13,0
79,322,322,14,0
79,322,322,15,0
79,322,322,16,0
79,322,322,17,0
79,322,322,18,0
79,322,322,19,0
79,322,322,20,0
79,322,322,21,0
79,322,322,22,0
79,322,322,0,0
79,323,323,1,113
79,323,323,2,0
79,323,323,3,18
79,323,323,4,272
79,323,323,5,0
79,323,323,6,0
79,323,323,7,1
79,323,323,8,0
79,323,323,9,225
79,323,323,10,0
79,323,323,11,0
79,323,323,12,0
79,323,323,13,0
79,323,323,14,0
79,323,323,15,0
79,323,323,16,1
79,323,323,17,0
79,323,323,18,0
79,323,323,19,0
79,323,323,20,0
79,323,323,21,0
79,323,323,22,1
79,323,323,0,1
79,324,324,1,151
79,324,324,2,1
79,324,324,3,22
79,324,324,4,210
79,324,324,5,3
79,324,324,6,1
79,324,324,7,1
79,324,324,8,1
79,324,324,9,202
79,324,324,10,0
79,324,324,11,0
79,324,324,12,0
79,324,324,13,0
79,324,324,14,1
79,324,324,15,1
79,324,324,16,0
79,324,324,17,1
79,324,324,18,0
79,324,324,19,0
79,324,324,20,0
79,324,324,21,0
79,324,324,22,0
79,324,324,0,2
79,325,325,1,207
79,325,325,2,1
79,325,325,3,21
79,325,325,4,344
79,325,325,5,1
79,325,325,6,0
79,325,325,7,0
79,325,325,8,0
79,325,325,9,240
79,325,325,10,1
79,325,325,11,1
79,325,325,12,0
79,325,325,13,1
79,325,325,14,2
79,325,325,15,0
79,325,325,16,1
79,325,325,17,2
79,325,325,18,0
79,325,325,19,0
79,325,325,20,0
79,325,325,21,0
79,325,325,22,0
79,325,325,0,3
79,326,326,1,185
79,326,326,2,0
79,326,326,3,24
79,326,326,4,330
79,326,326,5,1
79,326,326,6,0
79,326,326,7,0
79,326,326,8,1
79,326,326,9,225
79,326,326,10,0
79,326,326,11,0
79,326,326,12,1
79,326,326,13,0
79,326,326,14,1
79,326,326,15,1
79,326,326,16,1
79,326,326,17,0
79,326,326,18,0
79,326,326,19,0
79,326,326,20,1
79,326,326,21,0
79,326,326,22,0
79,326,326,0,2
79,327,327,1,310
79,327,327,2,4
79,327,327,3,21
79,327,327,4,284
79,327,327,5,0
79,327,327,6,1
79,327,327,7,1
79,327,327,8,1
79,327,327,9,274
79,327,327,10,0
79,327,327,11,0
79,327,327,12,1
79,327,327,13,0
79,327,327,14,2
79,327,327,15,0
79,327,327,16,0
79,327,327,17,1
79,327,327,18,0
79,327,327,19,0
79,327,327,20,1
79,327,327,21,1
79,327,327,22,1
79,327,327,0,1
79,328,328,1,142
79,328,328,2,1
79,328,328,3,14
79,328,328,4,250
79,328,328,5,2
79,328,328,6,0
79,328,328,7,0
79,328,328,8,0
79,328,328,9,199
79,328,328,10,1
79,328,328,11,1
79,328,328,12,0
79,328,328,13,0
79,328,328,14,0
79,328,328,15,0
79,328,328,16,0
79,328,328,17,1
79,328,328,18,0
79,328,328,19,0
79,328,328,20,0
79,328,328,21,0
79,328,328,22,0
79,328,328,0,1
79,329,329,1,139
79,329,329,2,0
79,329,329,3,18
79,329,329,4,209
79,329,329,5,1
79,329,329,6,0
79,329,329,7,0
79,329,329,8,0
79,329,329,9,181
79,329,329,10,0
79,329,329,11,0
79,329,329,12,0
79,329,329,13,0
79,329,329,14,0
79,329,329,15,0
79,329,329,16,0
79,329,329,17,0
79,329,329,18,0
79,329,329,19,0
79,329,329,20,0
79,329,329,21,0
79,329,329,22,0
79,329,329,0,1
79,330,330,1,215
79,330,330,2,1
79,330,330,3,14
79,330,330,4,180
79,330,330,5,0
79,330,330,6,0
79,330,330,7,0
79,330,330,8,0
79,330,330,9,151
79,330,330,10,0
79,330,330,11,0
79,330,330,12,0
79,330,330,13,0
79,330,330,14,0
79,330,330,15,0
79,330,330,16,0
79,330,330,17,0
79,330,330,18,0
79,330,330,19,0
79,330,330,20,0
79,330,330,21,0
79,330,330,22,0
79,330,330,0,0
79,331,331,1,167
79,331,331,2,1
79,331,331,3,26
79,331,331,4,298
79,331,331,5,2
79,331,331,6,0
79,331,331,7,1
79,331,331,8,1
79,331,331,9,262
79,331,331,10,0
79,331,331,11,0
79,331,331,12,0
79,331,331,13,0
79,331,331,14,2
79,331,331,15,0
79,331,331,16,3
79,331,331,17,0
79,331,331,18,0
79,331,331,19,0
79,331,331,20,2
79,331,331,21,1
79,331,331,22,0
79,331,331,0,4
79,332,332,1,146
79,332,332,2,1
79,332,332,3,21
79,332,332,4,236
79,332,332,5,1
79,332,332,6,1
79,332,332,7,0
79,332,332,8,5
79,332,332,9,208
79,332,332,10,0
79,332,332,11,0
79,332,332,12,0
79,332,332,13,0
79,332,332,14,0
79,332,332,15,1
79,332,332,16,0
79,332,332,17,0
79,332,332,18,1
79,332,332,19,0
79,332,332,20,3
79,332,332,21,1
79,332,332,22,1
79,332,332,0,0
79,333,333,1,180
79,333,333,2,0
79,333,333,3,9
79,333,333,4,215
79,333,333,5,1
79,333,333,6,0
79,333,333,7,1
79,333,333,8,0
79,333,333,9,199
79,333,333,10,0
79,333,333,11,0
79,333,333,12,0
79,333,333,13,0
79,333,333,14,0
79,333,333,15,0
79,333,333,16,0
79,333,333,17,0
79,333,333,18,0
79,333,333,19,1
79,333,333,20,0
79,333,333,21,0
79,333,333,22,0
79,333,333,0,0
79,334,334,1,155
79,334,334,2,0
79,334,334,3,8
79,334,334,4,177
79,334,334,5,0
79,334,334,6,0
79,334,334,7,1
79,334,334,8,0
79,334,334,9,150
79,334,334,10,1
79,334,334,11,0
79,334,334,12,0
79,334,334,13,0
79,334,334,14,1
79,334,334,15,0
79,334,334,16,0
79,334,334,17,0
79,334,334,18,0
79,334,334,19,0
79,334,334,20,0
79,334,334,21,0
79,334,334,22,0
79,334,334,0,1
79,335,335,1,109
79,335,335,2,0
79,335,335,3,6
79,335,335,4,202
79,335,335,5,1
79,335,335,6,0
79,335,335,7,0
79,335,335,8,0
79,335,335,9,102
79,335,335,10,0
79,335,335,11,0
79,335,335,12,0
79,335,335,13,0
79,335,335,14,0
79,335,335,15,0
79,335,335,16,0
79,335,335,17,2
79,335,335,18,0
79,335,335,19,0
79,335,335,20,1
79,335,335,21,0
79,335,335,22,0
79,335,335,0,0
79,336,336,1,120
79,336,336,2,0
79,336,336,3,7
79,336,336,4,166
79,336,336,5,0
79,336,336,6,0
79,336,336,7,0
79,336,336,8,2
79,336,336,9,113
79,336,336,10,0
79,336,336,11,0
79,336,336,12,0
79,336,336,13,0
79,336,336,14,0
79,336,336,15,0
79,336,336,16,0
79,336,336,17,0
79,336,336,18,1
79,336,336,19,0
79,336,336,20,0
79,336,336,21,0
79,336,336,22,0
79,336,336,0,0
79,336,336,1,0
79,336,336,2,0
79,336,336,3,0
79,336,336,4,0
79,336,336,5,0
79,336,336,6,0
79,336,336,7,0
79,336,336,8,0
79,336,336,9,0
79,336,336,10,0
79,336,336,11,0
79,336,336,12,0
79,336,336,13,0
79,336,336,14,0
79,336,336,15,0
79,336,336,16,0
79,336,336,17,0
79,336,336,18,0
79,336,336,19,0
79,336,336,20,0
79,336,336,21,0
79,336,336,22,0
79,336,336,0,0
79,337,337,1,69
79,337,337,2,1
79,337,337,3,8
79,337,337,4,395
79,337,337,5,1
79,337,337,6,1
79,337,337,7,0
79,337,337,8,1
79,337,337,9,112
79,337,337,10,1
79,337,337,11,0
79,337,337,12,0
79,337,337,13,0
79,337,337,14,1
79,337,337,15,0
79,337,337,16,0
79,337,337,17,1
79,337,337,18,0
79,337,337,19,1
79,337,337,20,1
79,337,337,21,0
79,337,337,22,2
79,337,337,0,3
79,337,337,1,0
79,337,337,2,0
79,337,337,3,0
79,337,337,4,0
79,337,337,5,0
79,337,337,6,0
79,337,337,7,0
79,337,337,8,0
79,337,337,9,0
79,337,337,10,0
79,337,337,11,0
79,337,337,12,0
79,337,337,13,0
79,337,337,14,0
79,337,337,15,0
79,337,337,16,0
79,337,337,17,0
79,337,337,18,0
79,337,337,19,0
79,337,337,20,0
79,337,337,21,0
79,337,337,22,0
79,337,337,0,0
79,338,338,1,347
79,338,338,2,1
79,338,338,3,23
79,338,338,4,279
79,338,338,5,1
79,338,338,6,2
79,338,338,7,0
79,338,338,8,0
79,338,338,9,220
79,338,338,10,1
79,338,338,11,0
79,338,338,12,0
79,338,338,13,1
79,338,338,14,1
79,338,338,15,0
79,338,338,16,1
79,338,338,17,0
79,338,338,18,0
79,338,338,19,0
79,338,338,20,0
79,338,338,21,0
79,338,338,22,0
79,338,338,0,1
79,338,338,1,0
79,338,338,2,0
79,338,338,3,0
79,338,338,4,0
79,338,338,5,0
79,338,338,6,0
79,338,338,7,0
79,338,338,8,0
79,338,338,9,0
79,338,338,10,0
79,338,338,11,0
79,338,338,12,0
79,338,338,13,0
79,338,338,14,0
79,338,338,15,0
79,338,338,16,0
79,338,338,17,0
79,338,338,18,0
79,338,338,19,0
79,338,338,20,0
79,338,338,21,0
79,338,338,22,0
79,338,338,0,0
79,339,339,1,207
79,339,339,2,3
79,339,339,3,17
79,339,339,4,336
79,339,339,5,0
79,339,339,6,0
79,339,339,7,0
79,339,339,8,1
79,339,339,9,160
79,339,339,10,0
79,339,339,11,1
79,339,339,12,0
79,339,339,13,2
79,339,339,14,0
79,339,339,15,0
79,339,339,16,0
79,339,339,17,0
79,339,339,18,0
79,339,339,19,2
79,339,339,20,0
79,339,339,21,0
79,339,339,22,0
79,339,339,0,0
79,340,340,1,219
79,340,340,2,3
79,340,340,3,14
79,340,340,4,312
79,340,340,5,1
79,340,340,6,1
79,340,340,7,0
79,340,340,8,1
79,340,340,9,233
79,340,340,10,0
79,340,340,11,0
79,340,340,12,0
79,340,340,13,0
79,340,340,14,4
79,340,340,15,0
79,340,340,16,1
79,340,340,17,0
79,340,340,18,0
79,340,340,19,1
79,340,340,20,0
79,340,340,21,0
79,340,340,22,0
79,340,340,0,1
79,341,341,1,75641
79,341,341,2,541
79,341,341,3,0
79,341,341,4,0
79,341,341,5,674
79,341,341,6,223
79,341,341,7,100
79,341,341,8,328
79,341,341,9,67107
79,341,341,10,103
79,341,341,11,97
79,341,341,12,112
79,341,341,13,293
79,341,341,14,350
79,341,341,15,166
79,341,341,16,579
79,341,341,17,512
79,341,341,18,111
79,341,341,19,85
79,341,341,20,409
79,341,341,21,111
79,341,341,22,84
79,341,341,0,371
79,342,342,1,76810
79,342,342,2,544
79,342,342,3,0
79,342,342,4,0
79,342,342,5,677
79,342,342,6,223
79,342,342,7,100
79,342,342,8,328
79,342,342,9,67624
79,342,342,10,105
79,342,342,11,97
79,342,342,12,112
79,342,342,13,295
79,342,342,14,351
79,342,342,15,166
79,342,342,16,579
79,342,342,17,512
79,342,342,18,113
79,342,342,19,85
79,342,342,20,409
79,342,342,21,111
79,342,342,22,87
79,342,342,0,383
