ac_code,ps_serial_number,ps_code,candidate_serial_number,candidate_votes
78,0,0,1,840
78,0,0,2,3
78,0,0,3,54
78,0,0,4,384
78,0,0,5,0
78,0,0,6,0
78,0,0,7,0
78,0,0,8,353
78,0,0,9,0
78,0,0,10,3
78,0,0,11,0
78,0,0,12,0
78,0,0,13,1
78,0,0,14,0
78,0,0,15,0
78,0,0,16,0
78,0,0,17,0
78,0,0,18,0
78,0,0,19,0
78,0,0,20,0
78,0,0,21,0
78,0,0,22,1
78,0,0,23,0
78,0,0,24,0
78,0,0,25,0
78,0,0,0,6
78,1,1,1,0
78,1,1,2,0
78,1,1,3,0
78,1,1,4,0
78,1,1,5,0
78,1,1,6,0
78,1,1,7,0
78,1,1,8,0
78,1,1,9,0
78,1,1,10,0
78,1,1,11,0
78,1,1,12,0
78,1,1,13,0
78,1,1,14,0
78,1,1,15,0
78,1,1,16,0
78,1,1,17,0
78,1,1,18,0
78,1,1,19,0
78,1,1,20,0
78,1,1,21,0
78,1,1,22,0
78,1,1,23,0
78,1,1,24,0
78,1,1,25,0
78,1,1,0,0
78,1,2,1,5
78,1,2,2,6
78,1,2,3,7
78,1,2,4,8
78,1,2,5,9
78,1,2,6,10
78,1,2,7,11
78,1,2,8,12
78,1,2,9,13
78,1,2,10,14
78,1,2,11,15
78,1,2,12,16
78,1,2,13,17
78,1,2,14,18
78,1,2,15,19
78,1,2,16,20
78,1,2,17,21
78,1,2,18,22
78,1,2,19,23
78,1,2,20,24
78,1,2,21,25
78,1,2,22,26
78,1,2,23,27
78,1,2,24,28
78,1,2,25,29
78,1,2,0,32
78,1,2,1,5
78,1,2,2,6
78,1,2,3,7
78,1,2,4,8
78,1,2,5,9
78,1,2,6,10
78,1,2,7,11
78,1,2,8,12
78,1,2,9,13
78,1,2,10,14
78,1,2,11,15
78,1,2,12,16
78,1,2,13,17
78,1,2,14,18
78,1,2,15,19
78,1,2,16,20
78,1,2,17,21
78,1,2,18,22
78,1,2,19,23
78,1,2,20,24
78,1,2,21,25
78,1,2,22,26
78,1,2,23,27
78,1,2,24,28
78,1,2,25,29
78,1,2,0,32
78,1,2,1,5
78,1,2,2,6
78,1,2,3,7
78,1,2,4,8
78,1,2,5,9
78,1,2,6,10
78,1,2,7,11
78,1,2,8,12
78,1,2,9,13
78,1,2,10,14
78,1,2,11,15
78,1,2,12,16
78,1,2,13,17
78,1,2,14,18
78,1,2,15,19
78,1,2,16,20
78,1,2,17,21
78,1,2,18,22
78,1,2,19,23
78,1,2,20,24
78,1,2,21,25
78,1,2,22,26
78,1,2,23,27
78,1,2,24,28
78,1,2,25,29
78,1,2,0,32
78,1,2,1,5
78,1,2,2,6
78,1,2,3,7
78,1,2,4,8
78,1,2,5,9
78,1,2,6,10
78,1,2,7,11
78,1,2,8,12
78,1,2,9,13
78,1,2,10,14
78,1,2,11,15
78,1,2,12,16
78,1,2,13,17
78,1,2,14,18
78,1,2,15,19
78,1,2,16,20
78,1,2,17,21
78,1,2,18,22
78,1,2,19,23
78,1,2,20,24
78,1,2,21,25
78,1,2,22,26
78,1,2,23,27
78,1,2,24,28
78,1,2,25,29
78,1,2,0,32
78,1,2,1,5
78,1,2,2,6
78,1,2,3,7
78,1,2,4,8
78,1,2,5,9
78,1,2,6,10
78,1,2,7,11
78,1,2,8,12
78,1,2,9,13
78,1,2,10,14
78,1,2,11,15
78,1,2,12,16
78,1,2,13,17
78,1,2,14,18
78,1,2,15,19
78,1,2,16,20
78,1,2,17,21
78,1,2,18,22
78,1,2,19,23
78,1,2,20,24
78,1,2,21,25
78,1,2,22,26
78,1,2,23,27
78,1,2,24,28
78,1,2,25,29
78,1,2,0,32
78,1,2,1,5
78,1,2,2,6
78,1,2,3,7
78,1,2,4,8
78,1,2,5,9
78,1,2,6,10
78,1,2,7,11
78,1,2,8,12
78,1,2,9,13
78,1,2,10,14
78,1,2,11,15
78,1,2,12,16
78,1,2,13,17
78,1,2,14,18
78,1,2,15,19
78,1,2,16,20
78,1,2,17,21
78,1,2,18,22
78,1,2,19,23
78,1,2,20,24
78,1,2,21,25
78,1,2,22,26
78,1,2,23,27
78,1,2,24,28
78,1,2,25,29
78,1,2,0,32
78,1,2,1,5
78,1,2,2,6
78,1,2,3,7
78,1,2,4,8
78,1,2,5,9
78,1,2,6,10
78,1,2,7,11
78,1,2,8,12
78,1,2,9,13
78,1,2,10,14
78,1,2,11,15
78,1,2,12,16
78,1,2,13,17
78,1,2,14,18
78,1,2,15,19
78,1,2,16,20
78,1,2,17,21
78,1,2,18,22
78,1,2,19,23
78,1,2,20,24
78,1,2,21,25
78,1,2,22,26
78,1,2,23,27
78,1,2,24,28
78,1,2,25,29
78,1,2,0,32
78,1,2,1,5
78,1,2,2,6
78,1,2,3,7
78,1,2,4,8
78,1,2,5,9
78,1,2,6,10
78,1,2,7,11
78,1,2,8,12
78,1,2,9,13
78,1,2,10,14
78,1,2,11,15
78,1,2,12,16
78,1,2,13,17
78,1,2,14,18
78,1,2,15,19
78,1,2,16,20
78,1,2,17,21
78,1,2,18,22
78,1,2,19,23
78,1,2,20,24
78,1,2,21,25
78,1,2,22,26
78,1,2,23,27
78,1,2,24,28
78,1,2,25,29
78,1,2,0,32
78,1,2,1,5
78,1,2,2,6
78,1,2,3,7
78,1,2,4,8
78,1,2,5,9
78,1,2,6,10
78,1,2,7,11
78,1,2,8,12
78,1,2,9,13
78,1,2,10,14
78,1,2,11,15
78,1,2,12,16
78,1,2,13,17
78,1,2,14,18
78,1,2,15,19
78,1,2,16,20
78,1,2,17,21
78,1,2,18,22
78,1,2,19,23
78,1,2,20,24
78,1,2,21,25
78,1,2,22,26
78,1,2,23,27
78,1,2,24,28
78,1,2,25,29
78,1,2,0,32
78,1,2,1,5
78,1,2,2,6
78,1,2,3,7
78,1,2,4,8
78,1,2,5,9
78,1,2,6,10
78,1,2,7,11
78,1,2,8,12
78,1,2,9,13
78,1,2,10,14
78,1,2,11,15
78,1,2,12,16
78,1,2,13,17
78,1,2,14,18
78,1,2,15,19
78,1,2,16,20
78,1,2,17,21
78,1,2,18,22
78,1,2,19,23
78,1,2,20,24
78,1,2,21,25
78,1,2,22,26
78,1,2,23,27
78,1,2,24,28
78,1,2,25,29
78,1,2,0,32
78,1,2,1,5
78,1,2,2,6
78,1,2,3,7
78,1,2,4,8
78,1,2,5,9
78,1,2,6,10
78,1,2,7,11
78,1,2,8,12
78,1,2,9,13
78,1,2,10,14
78,1,2,11,15
78,1,2,12,16
78,1,2,13,17
78,1,2,14,18
78,1,2,15,19
78,1,2,16,20
78,1,2,17,21
78,1,2,18,22
78,1,2,19,23
78,1,2,20,24
78,1,2,21,25
78,1,2,22,26
78,1,2,23,27
78,1,2,24,28
78,1,2,25,29
78,1,2,0,32
78,1,2,1,5
78,1,2,2,6
78,1,2,3,7
78,1,2,4,8
78,1,2,5,9
78,1,2,6,10
78,1,2,7,11
78,1,2,8,12
78,1,2,9,13
78,1,2,10,14
78,1,2,11,15
78,1,2,12,16
78,1,2,13,17
78,1,2,14,18
78,1,2,15,19
78,1,2,16,20
78,1,2,17,21
78,1,2,18,22
78,1,2,19,23
78,1,2,20,24
78,1,2,21,25
78,1,2,22,26
78,1,2,23,27
78,1,2,24,28
78,1,2,25,29
78,1,2,0,32
78,1,2,1,5
78,1,2,2,6
78,1,2,3,7
78,1,2,4,8
78,1,2,5,9
78,1,2,6,10
78,1,2,7,11
78,1,2,8,12
78,1,2,9,13
78,1,2,10,14
78,1,2,11,15
78,1,2,12,16
78,1,2,13,17
78,1,2,14,18
78,1,2,15,19
78,1,2,16,20
78,1,2,17,21
78,1,2,18,22
78,1,2,19,23
78,1,2,20,24
78,1,2,21,25
78,1,2,22,26
78,1,2,23,27
78,1,2,24,28
78,1,2,25,29
78,1,2,0,32
78,1,2,1,5
78,1,2,2,6
78,1,2,3,7
78,1,2,4,8
78,1,2,5,9
78,1,2,6,10
78,1,2,7,11
78,1,2,8,12
78,1,2,9,13
78,1,2,10,14
78,1,2,11,15
78,1,2,12,16
78,1,2,13,17
78,1,2,14,18
78,1,2,15,19
78,1,2,16,20
78,1,2,17,21
78,1,2,18,22
78,1,2,19,23
78,1,2,20,24
78,1,2,21,25
78,1,2,22,26
78,1,2,23,27
78,1,2,24,28
78,1,2,25,29
78,1,2,0,32
78,1,2,1,5
78,1,2,2,6
78,1,2,3,7
78,1,2,4,8
78,1,2,5,9
78,1,2,6,10
78,1,2,7,11
78,1,2,8,12
78,1,2,9,13
78,1,2,10,14
78,1,2,11,15
78,1,2,12,16
78,1,2,13,17
78,1,2,14,18
78,1,2,15,19
78,1,2,16,20
78,1,2,17,21
78,1,2,18,22
78,1,2,19,23
78,1,2,20,24
78,1,2,21,25
78,1,2,22,26
78,1,2,23,27
78,1,2,24,28
78,1,2,25,29
78,1,2,0,32
78,1,2,1,5
78,1,2,2,6
78,1,2,3,7
78,1,2,4,8
78,1,2,5,9
78,1,2,6,10
78,1,2,7,11
78,1,2,8,12
78,1,2,9,13
78,1,2,10,14
78,1,2,11,15
78,1,2,12,16
78,1,2,13,17
78,1,2,14,18
78,1,2,15,19
78,1,2,16,20
78,1,2,17,21
78,1,2,18,22
78,1,2,19,23
78,1,2,20,24
78,1,2,21,25
78,1,2,22,26
78,1,2,23,27
78,1,2,24,28
78,1,2,25,29
78,1,2,0,32
78,1,1,1,197
78,1,1,2,1
78,1,1,3,24
78,1,1,4,210
78,1,1,5,0
78,1,1,6,0
78,1,1,7,1
78,1,1,8,158
78,1,1,9,3
78,1,1,10,0
78,1,1,11,0
78,1,1,12,2
78,1,1,13,0
78,1,1,14,0
78,1,1,15,0
78,1,1,16,1
78,1,1,17,1
78,1,1,18,0
78,1,1,19,0
78,1,1,20,0
78,1,1,21,0
78,1,1,22,1
78,1,1,23,0
78,1,1,24,0
78,1,1,25,0
78,1,1,0,0
78,1,2,1,5
78,1,2,2,6
78,1,2,3,7
78,1,2,4,8
78,1,2,5,9
78,1,2,6,10
78,1,2,7,11
78,1,2,8,12
78,1,2,9,13
78,1,2,10,14
78,1,2,11,15
78,1,2,12,16
78,1,2,13,17
78,1,2,14,18
78,1,2,15,19
78,1,2,16,20
78,1,2,17,21
78,1,2,18,22
78,1,2,19,23
78,1,2,20,24
78,1,2,21,25
78,1,2,22,26
78,1,2,23,27
78,1,2,24,28
78,1,2,25,29
78,1,2,0,32
78,2,2,1,0
78,2,2,2,0
78,2,2,3,0
78,2,2,4,0
78,2,2,5,0
78,2,2,6,0
78,2,2,7,0
78,2,2,8,0
78,2,2,9,0
78,2,2,10,0
78,2,2,11,0
78,2,2,12,0
78,2,2,13,0
78,2,2,14,0
78,2,2,15,0
78,2,2,16,0
78,2,2,17,0
78,2,2,18,0
78,2,2,19,0
78,2,2,20,0
78,2,2,21,0
78,2,2,22,0
78,2,2,23,0
78,2,2,24,0
78,2,2,25,0
78,2,2,0,0
78,2,2,1,208
78,2,2,2,1
78,2,2,3,9
78,2,2,4,177
78,2,2,5,0
78,2,2,6,1
78,2,2,7,0
78,2,2,8,104
78,2,2,9,0
78,2,2,10,0
78,2,2,11,0
78,2,2,12,2
78,2,2,13,1
78,2,2,14,0
78,2,2,15,0
78,2,2,16,5
78,2,2,17,2
78,2,2,18,2
78,2,2,19,3
78,2,2,20,0
78,2,2,21,0
78,2,2,22,0
78,2,2,23,0
78,2,2,24,0
78,2,2,25,2
78,2,2,0,1
78,3,3,1,188
78,3,3,2,2
78,3,3,3,23
78,3,3,4,242
78,3,3,5,0
78,3,3,6,0
78,3,3,7,0
78,3,3,8,138
78,3,3,9,1
78,3,3,10,1
78,3,3,11,0
78,3,3,12,1
78,3,3,13,0
78,3,3,14,0
78,3,3,15,0
78,3,3,16,1
78,3,3,17,2
78,3,3,18,1
78,3,3,19,1
78,3,3,20,0
78,3,3,21,0
78,3,3,22,0
78,3,3,23,0
78,3,3,24,0
78,3,3,25,0
78,3,3,0,4
78,4,4,1,168
78,4,4,2,2
78,4,4,3,19
78,4,4,4,159
78,4,4,5,0
78,4,4,6,2
78,4,4,7,1
78,4,4,8,126
78,4,4,9,1
78,4,4,10,1
78,4,4,11,0
78,4,4,12,0
78,4,4,13,0
78,4,4,14,0
78,4,4,15,0
78,4,4,16,2
78,4,4,17,2
78,4,4,18,0
78,4,4,19,2
78,4,4,20,0
78,4,4,21,0
78,4,4,22,0
78,4,4,23,0
78,4,4,24,0
78,4,4,25,0
78,4,4,0,2
78,5,5,1,348
78,5,5,2,2
78,5,5,3,78
78,5,5,4,412
78,5,5,5,0
78,5,5,6,0
78,5,5,7,1
78,5,5,8,107
78,5,5,9,1
78,5,5,10,1
78,5,5,11,0
78,5,5,12,2
78,5,5,13,1
78,5,5,14,0
78,5,5,15,0
78,5,5,16,2
78,5,5,17,0
78,5,5,18,0
78,5,5,19,0
78,5,5,20,1
78,5,5,21,0
78,5,5,22,1
78,5,5,23,2
78,5,5,24,0
78,5,5,25,0
78,5,5,0,2
78,6,6,1,213
78,6,6,2,3
78,6,6,3,18
78,6,6,4,159
78,6,6,5,0
78,6,6,6,0
78,6,6,7,2
78,6,6,8,193
78,6,6,9,0
78,6,6,10,1
78,6,6,11,0
78,6,6,12,2
78,6,6,13,0
78,6,6,14,0
78,6,6,15,0
78,6,6,16,0
78,6,6,17,0
78,6,6,18,0
78,6,6,19,0
78,6,6,20,0
78,6,6,21,0
78,6,6,22,1
78,6,6,23,1
78,6,6,24,0
78,6,6,25,1
78,6,6,0,1
78,7,7,1,209
78,7,7,2,3
78,7,7,3,32
78,7,7,4,128
78,7,7,5,0
78,7,7,6,0
78,7,7,7,1
78,7,7,8,234
78,7,7,9,1
78,7,7,10,0
78,7,7,11,0
78,7,7,12,2
78,7,7,13,0
78,7,7,14,0
78,7,7,15,0
78,7,7,16,4
78,7,7,17,2
78,7,7,18,0
78,7,7,19,1
78,7,7,20,0
78,7,7,21,0
78,7,7,22,0
78,7,7,23,3
78,7,7,24,1
78,7,7,25,1
78,7,7,0,2
78,8,8,1,205
78,8,8,2,0
78,8,8,3,15
78,8,8,4,126
78,8,8,5,1
78,8,8,6,0
78,8,8,7,1
78,8,8,8,154
78,8,8,9,2
78,8,8,10,0
78,8,8,11,1
78,8,8,12,3
78,8,8,13,0
78,8,8,14,0
78,8,8,15,1
78,8,8,16,2
78,8,8,17,4
78,8,8,18,0
78,8,8,19,0
78,8,8,20,0
78,8,8,21,0
78,8,8,22,0
78,8,8,23,1
78,8,8,24,1
78,8,8,25,0
78,8,8,0,0
78,9,9,1,331
78,9,9,2,2
78,9,9,3,26
78,9,9,4,201
78,9,9,5,1
78,9,9,6,0
78,9,9,7,0
78,9,9,8,99
78,9,9,9,0
78,9,9,10,0
78,9,9,11,0
78,9,9,12,1
78,9,9,13,0
78,9,9,14,0
78,9,9,15,1
78,9,9,16,1
78,9,9,17,2
78,9,9,18,0
78,9,9,19,0
78,9,9,20,1
78,9,9,21,1
78,9,9,22,0
78,9,9,23,1
78,9,9,24,1
78,9,9,25,1
78,9,9,0,2
78,10,10,1,370
78,10,10,2,2
78,10,10,3,23
78,10,10,4,146
78,10,10,5,0
78,10,10,6,0
78,10,10,7,0
78,10,10,8,50
78,10,10,9,0
78,10,10,10,0
78,10,10,11,0
78,10,10,12,0
78,10,10,13,0
78,10,10,14,1
78,10,10,15,0
78,10,10,16,1
78,10,10,17,1
78,10,10,18,0
78,10,10,19,0
78,10,10,20,1
78,10,10,21,0
78,10,10,22,0
78,10,10,23,0
78,10,10,24,0
78,10,10,25,0
78,10,10,0,2
78,11,11,1,375
78,11,11,2,1
78,11,11,3,22
78,11,11,4,245
78,11,11,5,2
78,11,11,6,0
78,11,11,7,2
78,11,11,8,232
78,11,11,9,1
78,11,11,10,1
78,11,11,11,1
78,11,11,12,1
78,11,11,13,0
78,11,11,14,1
78,11,11,15,1
78,11,11,16,2
78,11,11,17,1
78,11,11,18,0
78,11,11,19,0
78,11,11,20,0
78,11,11,21,0
78,11,11,22,0
78,11,11,23,0
78,11,11,24,0
78,11,11,25,0
78,11,11,0,1
78,12,12,1,306
78,12,12,2,2
78,12,12,3,18
78,12,12,4,252
78,12,12,5,0
78,12,12,6,0
78,12,12,7,3
78,12,12,8,283
78,12,12,9,0
78,12,12,10,1
78,12,12,11,2
78,12,12,12,5
78,12,12,13,1
78,12,12,14,0
78,12,12,15,0
78,12,12,16,4
78,12,12,17,0
78,12,12,18,1
78,12,12,19,0
78,12,12,20,0
78,12,12,21,0
78,12,12,22,0
78,12,12,23,0
78,12,12,24,1
78,12,12,25,2
78,12,12,0,2
78,13,13,1,260
78,13,13,2,1
78,13,13,3,9
78,13,13,4,181
78,13,13,5,0
78,13,13,6,0
78,13,13,7,2
78,13,13,8,167
78,13,13,9,0
78,13,13,10,0
78,13,13,11,1
78,13,13,12,1
78,13,13,13,1
78,13,13,14,0
78,13,13,15,0
78,13,13,16,0
78,13,13,17,1
78,13,13,18,1
78,13,13,19,0
78,13,13,20,0
78,13,13,21,0
78,13,13,22,0
78,13,13,23,1
78,13,13,24,0
78,13,13,25,0
78,13,13,0,0
78,14,14,1,111
78,14,14,2,1
78,14,14,3,11
78,14,14,4,159
78,14,14,5,1
78,14,14,6,0
78,14,14,7,2
78,14,14,8,190
78,14,14,9,1
78,14,14,10,0
78,14,14,11,0
78,14,14,12,1
78,14,14,13,1
78,14,14,14,2
78,14,14,15,0
78,14,14,16,1
78,14,14,17,2
78,14,14,18,0
78,14,14,19,0
78,14,14,20,0
78,14,14,21,0
78,14,14,22,0
78,14,14,23,2
78,14,14,24,0
78,14,14,25,0
78,14,14,0,0
78,15,15,1,349
78,15,15,2,1
78,15,15,3,11
78,15,15,4,342
78,15,15,5,0
78,15,15,6,0
78,15,15,7,2
78,15,15,8,219
78,15,15,9,1
78,15,15,10,1
78,15,15,11,1
78,15,15,12,1
78,15,15,13,1
78,15,15,14,1
78,15,15,15,0
78,15,15,16,3
78,15,15,17,3
78,15,15,18,3
78,15,15,19,1
78,15,15,20,1
78,15,15,21,0
78,15,15,22,0
78,15,15,23,0
78,15,15,24,0
78,15,15,25,0
78,15,15,0,4
78,16,16,1,248
78,16,16,2,1
78,16,16,3,38
78,16,16,4,187
78,16,16,5,1
78,16,16,6,0
78,16,16,7,0
78,16,16,8,112
78,16,16,9,2
78,16,16,10,0
78,16,16,11,0
78,16,16,12,1
78,16,16,13,2
78,16,16,14,1
78,16,16,15,0
78,16,16,16,2
78,16,16,17,0
78,16,16,18,0
78,16,16,19,0
78,16,16,20,1
78,16,16,21,0
78,16,16,22,0
78,16,16,23,1
78,16,16,24,0
78,16,16,25,1
78,16,16,0,1
78,17,17,1,219
78,17,17,2,1
78,17,17,3,25
78,17,17,4,281
78,17,17,5,1
78,17,17,6,1
78,17,17,7,1
78,17,17,8,162
78,17,17,9,0
78,17,17,10,0
78,17,17,11,0
78,17,17,12,1
78,17,17,13,1
78,17,17,14,5
78,17,17,15,0
78,17,17,16,3
78,17,17,17,0
78,17,17,18,0
78,17,17,19,0
78,17,17,20,0
78,17,17,21,0
78,17,17,22,0
78,17,17,23,1
78,17,17,24,0
78,17,17,25,2
78,17,17,0,2
78,18,18,1,326
78,18,18,2,0
78,18,18,3,56
78,18,18,4,283
78,18,18,5,1
78,18,18,6,0
78,18,18,7,0
78,18,18,8,112
78,18,18,9,1
78,18,18,10,2
78,18,18,11,1
78,18,18,12,2
78,18,18,13,1
78,18,18,14,1
78,18,18,15,0
78,18,18,16,5
78,18,18,17,2
78,18,18,18,2
78,18,18,19,0
78,18,18,20,0
78,18,18,21,0
78,18,18,22,0
78,18,18,23,1
78,18,18,24,1
78,18,18,25,2
78,18,18,0,3
78,19,19,1,0
78,19,19,2,0
78,19,19,3,0
78,19,19,4,0
78,19,19,5,0
78,19,19,6,0
78,19,19,7,0
78,19,19,8,0
78,19,19,9,0
78,19,19,10,0
78,19,19,11,0
78,19,19,12,0
78,19,19,13,0
78,19,19,14,0
78,19,19,15,0
78,19,19,16,0
78,19,19,17,0
78,19,19,18,0
78,19,19,19,0
78,19,19,20,0
78,19,19,21,0
78,19,19,22,0
78,19,19,23,0
78,19,19,24,0
78,19,19,25,0
78,19,19,0,0
78,19,19,1,238
78,19,19,2,1
78,19,19,3,15
78,19,19,4,126
78,19,19,5,0
78,19,19,6,0
78,19,19,7,0
78,19,19,8,109
78,19,19,9,0
78,19,19,10,0
78,19,19,11,0
78,19,19,12,1
78,19,19,13,0
78,19,19,14,0
78,19,19,15,0
78,19,19,16,6
78,19,19,17,0
78,19,19,18,0
78,19,19,19,0
78,19,19,20,0
78,19,19,21,0
78,19,19,22,0
78,19,19,23,0
78,19,19,24,0
78,19,19,25,0
78,19,19,0,1
78,20,20,1,0
78,20,20,2,0
78,20,20,3,0
78,20,20,4,0
78,20,20,5,0
78,20,20,6,0
78,20,20,7,0
78,20,20,8,0
78,20,20,9,0
78,20,20,10,0
78,20,20,11,0
78,20,20,12,0
78,20,20,13,0
78,20,20,14,0
78,20,20,15,0
78,20,20,16,0
78,20,20,17,0
78,20,20,18,0
78,20,20,19,0
78,20,20,20,0
78,20,20,21,0
78,20,20,22,0
78,20,20,23,0
78,20,20,24,0
78,20,20,25,0
78,20,20,0,0
78,20,20,1,357
78,20,20,2,3
78,20,20,3,14
78,20,20,4,174
78,20,20,5,1
78,20,20,6,1
78,20,20,7,1
78,20,20,8,191
78,20,20,9,0
78,20,20,10,0
78,20,20,11,0
78,20,20,12,1
78,20,20,13,0
78,20,20,14,0
78,20,20,15,1
78,20,20,16,5
78,20,20,17,9
78,20,20,18,0
78,20,20,19,1
78,20,20,20,0
78,20,20,21,0
78,20,20,22,0
78,20,20,23,0
78,20,20,24,2
78,20,20,25,0
78,20,20,0,2
78,21,21,1,302
78,21,21,2,4
78,21,21,3,11
78,21,21,4,264
78,21,21,5,0
78,21,21,6,0
78,21,21,7,1
78,21,21,8,266
78,21,21,9,1
78,21,21,10,3
78,21,21,11,0
78,21,21,12,2
78,21,21,13,1
78,21,21,14,0
78,21,21,15,0
78,21,21,16,6
78,21,21,17,3
78,21,21,18,1
78,21,21,19,1
78,21,21,20,0
78,21,21,21,0
78,21,21,22,1
78,21,21,23,0
78,21,21,24,3
78,21,21,25,0
78,21,21,0,2
78,21,21,1,0
78,21,21,2,0
78,21,21,3,0
78,21,21,4,0
78,21,21,5,0
78,21,21,6,0
78,21,21,7,0
78,21,21,8,0
78,21,21,9,0
78,21,21,10,0
78,21,21,11,0
78,21,21,12,0
78,21,21,13,0
78,21,21,14,0
78,21,21,15,0
78,21,21,16,0
78,21,21,17,0
78,21,21,18,0
78,21,21,19,0
78,21,21,20,0
78,21,21,21,0
78,21,21,22,0
78,21,21,23,0
78,21,21,24,0
78,21,21,25,0
78,21,21,0,0
78,22,22,1,209
78,22,22,2,1
78,22,22,3,13
78,22,22,4,309
78,22,22,5,1
78,22,22,6,1
78,22,22,7,0
78,22,22,8,69
78,22,22,9,0
78,22,22,10,2
78,22,22,11,0
78,22,22,12,0
78,22,22,13,1
78,22,22,14,0
78,22,22,15,0
78,22,22,16,8
78,22,22,17,1
78,22,22,18,0
78,22,22,19,0
78,22,22,20,1
78,22,22,21,0
78,22,22,22,0
78,22,22,23,1
78,22,22,24,0
78,22,22,25,1
78,22,22,0,0
78,23,23,1,380
78,23,23,2,0
78,23,23,3,20
78,23,23,4,350
78,23,23,5,2
78,23,23,6,1
78,23,23,7,0
78,23,23,8,98
78,23,23,9,2
78,23,23,10,1
78,23,23,11,0
78,23,23,12,0
78,23,23,13,2
78,23,23,14,2
78,23,23,15,1
78,23,23,16,5
78,23,23,17,3
78,23,23,18,2
78,23,23,19,1
78,23,23,20,2
78,23,23,21,0
78,23,23,22,0
78,23,23,23,1
78,23,23,24,1
78,23,23,25,2
78,23,23,0,3
78,24,24,1,255
78,24,24,2,0
78,24,24,3,23
78,24,24,4,233
78,24,24,5,0
78,24,24,6,1
78,24,24,7,1
78,24,24,8,179
78,24,24,9,0
78,24,24,10,2
78,24,24,11,0
78,24,24,12,2
78,24,24,13,0
78,24,24,14,1
78,24,24,15,0
78,24,24,16,0
78,24,24,17,2
78,24,24,18,0
78,24,24,19,0
78,24,24,20,0
78,24,24,21,0
78,24,24,22,0
78,24,24,23,0
78,24,24,24,0
78,24,24,25,0
78,24,24,0,2
78,25,25,1,121
78,25,25,2,0
78,25,25,3,12
78,25,25,4,169
78,25,25,5,0
78,25,25,6,0
78,25,25,7,0
78,25,25,8,91
78,25,25,9,0
78,25,25,10,0
78,25,25,11,1
78,25,25,12,0
78,25,25,13,3
78,25,25,14,0
78,25,25,15,0
78,25,25,16,2
78,25,25,17,1
78,25,25,18,0
78,25,25,19,0
78,25,25,20,1
78,25,25,21,0
78,25,25,22,1
78,25,25,23,0
78,25,25,24,0
78,25,25,25,0
78,25,25,0,0
78,26,26,1,232
78,26,26,2,1
78,26,26,3,20
78,26,26,4,279
78,26,26,5,0
78,26,26,6,1
78,26,26,7,2
78,26,26,8,304
78,26,26,9,0
78,26,26,10,1
78,26,26,11,0
78,26,26,12,3
78,26,26,13,0
78,26,26,14,0
78,26,26,15,0
78,26,26,16,1
78,26,26,17,1
78,26,26,18,0
78,26,26,19,0
78,26,26,20,1
78,26,26,21,0
78,26,26,22,1
78,26,26,23,1
78,26,26,24,1
78,26,26,25,1
78,26,26,0,2
78,27,27,1,169
78,27,27,2,2
78,27,27,3,29
78,27,27,4,220
78,27,27,5,1
78,27,27,6,0
78,27,27,7,0
78,27,27,8,323
78,27,27,9,1
78,27,27,10,0
78,27,27,11,1
78,27,27,12,0
78,27,27,13,1
78,27,27,14,1
78,27,27,15,0
78,27,27,16,0
78,27,27,17,0
78,27,27,18,0
78,27,27,19,0
78,27,27,20,0
78,27,27,21,0
78,27,27,22,0
78,27,27,23,1
78,27,27,24,1
78,27,27,25,0
78,27,27,0,0
78,28,28,1,226
78,28,28,2,1
78,28,28,3,20
78,28,28,4,260
78,28,28,5,2
78,28,28,6,0
78,28,28,7,0
78,28,28,8,181
78,28,28,9,0
78,28,28,10,1
78,28,28,11,0
78,28,28,12,3
78,28,28,13,1
78,28,28,14,0
78,28,28,15,0
78,28,28,16,5
78,28,28,17,3
78,28,28,18,1
78,28,28,19,0
78,28,28,20,2
78,28,28,21,0
78,28,28,22,1
78,28,28,23,0
78,28,28,24,0
78,28,28,25,1
78,28,28,0,1
78,29,29,1,286
78,29,29,2,2
78,29,29,3,8
78,29,29,4,248
78,29,29,5,0
78,29,29,6,0
78,29,29,7,1
78,29,29,8,39
78,29,29,9,0
78,29,29,10,2
78,29,29,11,0
78,29,29,12,0
78,29,29,13,0
78,29,29,14,0
78,29,29,15,3
78,29,29,16,5
78,29,29,17,1
78,29,29,18,0
78,29,29,19,0
78,29,29,20,1
78,29,29,21,1
78,29,29,22,0
78,29,29,23,0
78,29,29,24,1
78,29,29,25,0
78,29,29,0,3
78,30,30,1,207
78,30,30,2,0
78,30,30,3,20
78,30,30,4,183
78,30,30,5,0
78,30,30,6,0
78,30,30,7,0
78,30,30,8,27
78,30,30,9,0
78,30,30,10,0
78,30,30,11,0
78,30,30,12,0
78,30,30,13,0
78,30,30,14,0
78,30,30,15,0
78,30,30,16,2
78,30,30,17,0
78,30,30,18,0
78,30,30,19,0
78,30,30,20,2
78,30,30,21,0
78,30,30,22,0
78,30,30,23,0
78,30,30,24,0
78,30,30,25,0
78,30,30,0,1
78,31,31,1,329
78,31,31,2,1
78,31,31,3,29
78,31,31,4,259
78,31,31,5,1
78,31,31,6,1
78,31,31,7,1
78,31,31,8,87
78,31,31,9,0
78,31,31,10,2
78,31,31,11,0
78,31,31,12,0
78,31,31,13,0
78,31,31,14,1
78,31,31,15,0
78,31,31,16,2
78,31,31,17,4
78,31,31,18,0
78,31,31,19,0
78,31,31,20,1
78,31,31,21,0
78,31,31,22,0
78,31,31,23,0
78,31,31,24,0
78,31,31,25,0
78,31,31,0,0
78,32,32,1,237
78,32,32,2,1
78,32,32,3,27
78,32,32,4,287
78,32,32,5,0
78,32,32,6,1
78,32,32,7,0
78,32,32,8,103
78,32,32,9,1
78,32,32,10,0
78,32,32,11,0
78,32,32,12,0
78,32,32,13,0
78,32,32,14,2
78,32,32,15,0
78,32,32,16,1
78,32,32,17,6
78,32,32,18,0
78,32,32,19,1
78,32,32,20,1
78,32,32,21,0
78,32,32,22,0
78,32,32,23,0
78,32,32,24,0
78,32,32,25,0
78,32,32,0,0
78,33,33,1,299
78,33,33,2,0
78,33,33,3,25
78,33,33,4,240
78,33,33,5,0
78,33,33,6,0
78,33,33,7,1
78,33,33,8,203
78,33,33,9,0
78,33,33,10,1
78,33,33,11,0
78,33,33,12,0
78,33,33,13,0
78,33,33,14,0
78,33,33,15,0
78,33,33,16,2
78,33,33,17,3
78,33,33,18,0
78,33,33,19,1
78,33,33,20,0
78,33,33,21,0
78,33,33,22,1
78,33,33,23,0
78,33,33,24,0
78,33,33,25,1
78,33,33,0,1
78,34,34,1,409
78,34,34,2,4
78,34,34,3,38
78,34,34,4,350
78,34,34,5,0
78,34,34,6,0
78,34,34,7,1
78,34,34,8,154
78,34,34,9,0
78,34,34,10,2
78,34,34,11,0
78,34,34,12,1
78,34,34,13,1
78,34,34,14,2
78,34,34,15,0
78,34,34,16,5
78,34,34,17,4
78,34,34,18,0
78,34,34,19,0
78,34,34,20,0
78,34,34,21,0
78,34,34,22,0
78,34,34,23,0
78,34,34,24,0
78,34,34,25,1
78,34,34,0,1
78,35,35,1,226
78,35,35,2,1
78,35,35,3,16
78,35,35,4,223
78,35,35,5,0
78,35,35,6,0
78,35,35,7,1
78,35,35,8,110
78,35,35,9,0
78,35,35,10,1
78,35,35,11,0
78,35,35,12,0
78,35,35,13,0
78,35,35,14,0
78,35,35,15,0
78,35,35,16,1
78,35,35,17,3
78,35,35,18,2
78,35,35,19,0
78,35,35,20,1
78,35,35,21,0
78,35,35,22,0
78,35,35,23,0
78,35,35,24,0
78,35,35,25,0
78,35,35,0,0
78,36,36,1,203
78,36,36,2,4
78,36,36,3,20
78,36,36,4,275
78,36,36,5,0
78,36,36,6,0
78,36,36,7,0
78,36,36,8,64
78,36,36,9,1
78,36,36,10,2
78,36,36,11,0
78,36,36,12,1
78,36,36,13,0
78,36,36,14,0
78,36,36,15,1
78,36,36,16,1
78,36,36,17,4
78,36,36,18,0
78,36,36,19,0
78,36,36,20,1
78,36,36,21,0
78,36,36,22,0
78,36,36,23,0
78,36,36,24,0
78,36,36,25,1
78,36,36,0,3
78,37,37,1,347
78,37,37,2,0
78,37,37,3,36
78,37,37,4,310
78,37,37,5,0
78,37,37,6,0
78,37,37,7,1
78,37,37,8,115
78,37,37,9,0
78,37,37,10,1
78,37,37,11,1
78,37,37,12,0
78,37,37,13,2
78,37,37,14,0
78,37,37,15,0
78,37,37,16,3
78,37,37,17,4
78,37,37,18,0
78,37,37,19,0
78,37,37,20,0
78,37,37,21,0
78,37,37,22,0
78,37,37,23,0
78,37,37,24,0
78,37,37,25,1
78,37,37,0,1
78,38,38,1,143
78,38,38,2,1
78,38,38,3,15
78,38,38,4,238
78,38,38,5,1
78,38,38,6,0
78,38,38,7,0
78,38,38,8,15
78,38,38,9,0
78,38,38,10,1
78,38,38,11,0
78,38,38,12,0
78,38,38,13,2
78,38,38,14,0
78,38,38,15,0
78,38,38,16,1
78,38,38,17,1
78,38,38,18,0
78,38,38,19,0
78,38,38,20,0
78,38,38,21,0
78,38,38,22,0
78,38,38,23,0
78,38,38,24,0
78,38,38,25,0
78,38,38,0,0
78,39,39,1,152
78,39,39,2,0
78,39,39,3,11
78,39,39,4,131
78,39,39,5,2
78,39,39,6,1
78,39,39,7,1
78,39,39,8,202
78,39,39,9,3
78,39,39,10,0
78,39,39,11,0
78,39,39,12,1
78,39,39,13,0
78,39,39,14,1
78,39,39,15,0
78,39,39,16,3
78,39,39,17,1
78,39,39,18,0
78,39,39,19,0
78,39,39,20,1
78,39,39,21,0
78,39,39,22,0
78,39,39,23,0
78,39,39,24,0
78,39,39,25,1
78,39,39,0,1
78,40,40,1,217
78,40,40,2,1
78,40,40,3,6
78,40,40,4,201
78,40,40,5,0
78,40,40,6,0
78,40,40,7,0
78,40,40,8,183
78,40,40,9,0
78,40,40,10,0
78,40,40,11,0
78,40,40,12,2
78,40,40,13,2
78,40,40,14,0
78,40,40,15,0
78,40,40,16,1
78,40,40,17,0
78,40,40,18,1
78,40,40,19,0
78,40,40,20,0
78,40,40,21,0
78,40,40,22,1
78,40,40,23,0
78,40,40,24,1
78,40,40,25,0
78,40,40,0,1
78,40,40,1,0
78,40,40,2,0
78,40,40,3,0
78,40,40,4,0
78,40,40,5,0
78,40,40,6,0
78,40,40,7,0
78,40,40,8,0
78,40,40,9,0
78,40,40,10,0
78,40,40,11,0
78,40,40,12,0
78,40,40,13,0
78,40,40,14,0
78,40,40,15,0
78,40,40,16,0
78,40,40,17,0
78,40,40,18,0
78,40,40,19,0
78,40,40,20,0
78,40,40,21,0
78,40,40,22,0
78,40,40,23,0
78,40,40,24,0
78,40,40,25,0
78,40,40,0,0
78,41,41,1,228
78,41,41,2,2
78,41,41,3,6
78,41,41,4,346
78,41,41,5,0
78,41,41,6,0
78,41,41,7,0
78,41,41,8,70
78,41,41,9,0
78,41,41,10,1
78,41,41,11,0
78,41,41,12,0
78,41,41,13,1
78,41,41,14,0
78,41,41,15,0
78,41,41,16,6
78,41,41,17,4
78,41,41,18,0
78,41,41,19,0
78,41,41,20,0
78,41,41,21,1
78,41,41,22,0
78,41,41,23,0
78,41,41,24,0
78,41,41,25,0
78,41,41,0,0
78,41,41,1,0
78,41,41,2,0
78,41,41,3,0
78,41,41,4,0
78,41,41,5,0
78,41,41,6,0
78,41,41,7,0
78,41,41,8,0
78,41,41,9,0
78,41,41,10,0
78,41,41,11,0
78,41,41,12,0
78,41,41,13,0
78,41,41,14,0
78,41,41,15,0
78,41,41,16,0
78,41,41,17,0
78,41,41,18,0
78,41,41,19,0
78,41,41,20,0
78,41,41,21,0
78,41,41,22,0
78,41,41,23,0
78,41,41,24,0
78,41,41,25,0
78,41,41,0,0
78,42,42,1,167
78,42,42,2,4
78,42,42,3,6
78,42,42,4,256
78,42,42,5,1
78,42,42,6,1
78,42,42,7,0
78,42,42,8,60
78,42,42,9,2
78,42,42,10,5
78,42,42,11,0
78,42,42,12,2
78,42,42,13,0
78,42,42,14,0
78,42,42,15,0
78,42,42,16,3
78,42,42,17,8
78,42,42,18,0
78,42,42,19,0
78,42,42,20,2
78,42,42,21,0
78,42,42,22,1
78,42,42,23,0
78,42,42,24,0
78,42,42,25,0
78,42,42,0,2
78,42,42,1,0
78,42,42,2,0
78,42,42,3,0
78,42,42,4,0
78,42,42,5,0
78,42,42,6,0
78,42,42,7,0
78,42,42,8,0
78,42,42,9,0
78,42,42,10,0
78,42,42,11,0
78,42,42,12,0
78,42,42,13,0
78,42,42,14,0
78,42,42,15,0
78,42,42,16,0
78,42,42,17,0
78,42,42,18,0
78,42,42,19,0
78,42,42,20,0
78,42,42,21,0
78,42,42,22,0
78,42,42,23,0
78,42,42,24,0
78,42,42,25,0
78,42,42,0,0
78,43,43,1,186
78,43,43,2,3
78,43,43,3,7
78,43,43,4,208
78,43,43,5,0
78,43,43,6,0
78,43,43,7,2
78,43,43,8,230
78,43,43,9,0
78,43,43,10,1
78,43,43,11,0
78,43,43,12,1
78,43,43,13,1
78,43,43,14,0
78,43,43,15,0
78,43,43,16,4
78,43,43,17,1
78,43,43,18,0
78,43,43,19,0
78,43,43,20,0
78,43,43,21,0
78,43,43,22,0
78,43,43,23,2
78,43,43,24,3
78,43,43,25,0
78,43,43,0,3
78,44,44,1,208
78,44,44,2,0
78,44,44,3,16
78,44,44,4,222
78,44,44,5,1
78,44,44,6,0
78,44,44,7,2
78,44,44,8,282
78,44,44,9,2
78,44,44,10,2
78,44,44,11,0
78,44,44,12,1
78,44,44,13,1
78,44,44,14,0
78,44,44,15,1
78,44,44,16,1
78,44,44,17,3
78,44,44,18,2
78,44,44,19,2
78,44,44,20,1
78,44,44,21,0
78,44,44,22,0
78,44,44,23,0
78,44,44,24,1
78,44,44,25,1
78,44,44,0,2
78,45,45,1,269
78,45,45,2,0
78,45,45,3,9
78,45,45,4,236
78,45,45,5,0
78,45,45,6,0
78,45,45,7,3
78,45,45,8,135
78,45,45,9,0
78,45,45,10,0
78,45,45,11,0
78,45,45,12,2
78,45,45,13,1
78,45,45,14,0
78,45,45,15,0
78,45,45,16,2
78,45,45,17,4
78,45,45,18,1
78,45,45,19,0
78,45,45,20,0
78,45,45,21,0
78,45,45,22,0
78,45,45,23,0
78,45,45,24,3
78,45,45,25,0
78,45,45,0,0
78,46,46,1,495
78,46,46,2,1
78,46,46,3,10
78,46,46,4,238
78,46,46,5,0
78,46,46,6,1
78,46,46,7,1
78,46,46,8,48
78,46,46,9,0
78,46,46,10,1
78,46,46,11,0
78,46,46,12,0
78,46,46,13,0
78,46,46,14,1
78,46,46,15,0
78,46,46,16,1
78,46,46,17,3
78,46,46,18,0
78,46,46,19,1
78,46,46,20,1
78,46,46,21,0
78,46,46,22,0
78,46,46,23,0
78,46,46,24,0
78,46,46,25,0
78,46,46,0,1
78,47,47,1,288
78,47,47,2,1
78,47,47,3,7
78,47,47,4,196
78,47,47,5,1
78,47,47,6,0
78,47,47,7,0
78,47,47,8,50
78,47,47,9,0
78,47,47,10,2
78,47,47,11,0
78,47,47,12,1
78,47,47,13,0
78,47,47,14,1
78,47,47,15,0
78,47,47,16,0
78,47,47,17,2
78,47,47,18,0
78,47,47,19,0
78,47,47,20,0
78,47,47,21,0
78,47,47,22,0
78,47,47,23,0
78,47,47,24,0
78,47,47,25,3
78,47,47,0,5
78,48,48,1,203
78,48,48,2,0
78,48,48,3,7
78,48,48,4,183
78,48,48,5,1
78,48,48,6,1
78,48,48,7,0
78,48,48,8,129
78,48,48,9,1
78,48,48,10,0
78,48,48,11,0
78,48,48,12,3
78,48,48,13,0
78,48,48,14,0
78,48,48,15,0
78,48,48,16,2
78,48,48,17,2
78,48,48,18,0
78,48,48,19,0
78,48,48,20,0
78,48,48,21,0
78,48,48,22,1
78,48,48,23,0
78,48,48,24,1
78,48,48,25,0
78,48,48,0,1
78,49,49,1,199
78,49,49,2,1
78,49,49,3,10
78,49,49,4,267
78,49,49,5,1
78,49,49,6,1
78,49,49,7,0
78,49,49,8,51
78,49,49,9,0
78,49,49,10,0
78,49,49,11,0
78,49,49,12,0
78,49,49,13,0
78,49,49,14,1
78,49,49,15,2
78,49,49,16,3
78,49,49,17,4
78,49,49,18,0
78,49,49,19,1
78,49,49,20,2
78,49,49,21,0
78,49,49,22,1
78,49,49,23,1
78,49,49,24,0
78,49,49,25,0
78,49,49,0,1
78,50,50,1,234
78,50,50,2,1
78,50,50,3,33
78,50,50,4,451
78,50,50,5,3
78,50,50,6,0
78,50,50,7,0
78,50,50,8,94
78,50,50,9,1
78,50,50,10,0
78,50,50,11,0
78,50,50,12,1
78,50,50,13,0
78,50,50,14,0
78,50,50,15,0
78,50,50,16,0
78,50,50,17,3
78,50,50,18,0
78,50,50,19,0
78,50,50,20,3
78,50,50,21,1
78,50,50,22,0
78,50,50,23,0
78,50,50,24,0
78,50,50,25,1
78,50,50,0,3
78,51,51,1,207
78,51,51,2,0
78,51,51,3,29
78,51,51,4,414
78,51,51,5,1
78,51,51,6,1
78,51,51,7,0
78,51,51,8,49
78,51,51,9,0
78,51,51,10,2
78,51,51,11,0
78,51,51,12,1
78,51,51,13,3
78,51,51,14,0
78,51,51,15,0
78,51,51,16,1
78,51,51,17,3
78,51,51,18,0
78,51,51,19,0
78,51,51,20,1
78,51,51,21,0
78,51,51,22,1
78,51,51,23,0
78,51,51,24,0
78,51,51,25,0
78,51,51,0,2
78,52,52,1,175
78,52,52,2,0
78,52,52,3,6
78,52,52,4,182
78,52,52,5,0
78,52,52,6,0
78,52,52,7,0
78,52,52,8,27
78,52,52,9,1
78,52,52,10,0
78,52,52,11,0
78,52,52,12,1
78,52,52,13,1
78,52,52,14,0
78,52,52,15,0
78,52,52,16,2
78,52,52,17,0
78,52,52,18,0
78,52,52,19,0
78,52,52,20,0
78,52,52,21,0
78,52,52,22,0
78,52,52,23,0
78,52,52,24,0
78,52,52,25,0
78,52,52,0,1
78,53,53,1,248
78,53,53,2,1
78,53,53,3,21
78,53,53,4,232
78,53,53,5,1
78,53,53,6,0
78,53,53,7,0
78,53,53,8,104
78,53,53,9,1
78,53,53,10,0
78,53,53,11,0
78,53,53,12,2
78,53,53,13,0
78,53,53,14,0
78,53,53,15,0
78,53,53,16,0
78,53,53,17,2
78,53,53,18,0
78,53,53,19,0
78,53,53,20,1
78,53,53,21,0
78,53,53,22,0
78,53,53,23,0
78,53,53,24,0
78,53,53,25,0
78,53,53,0,1
78,54,54,1,350
78,54,54,2,1
78,54,54,3,14
78,54,54,4,276
78,54,54,5,4
78,54,54,6,0
78,54,54,7,0
78,54,54,8,98
78,54,54,9,0
78,54,54,10,1
78,54,54,11,0
78,54,54,12,1
78,54,54,13,0
78,54,54,14,0
78,54,54,15,1
78,54,54,16,0
78,54,54,17,3
78,54,54,18,0
78,54,54,19,0
78,54,54,20,0
78,54,54,21,0
78,54,54,22,0
78,54,54,23,0
78,54,54,24,0
78,54,54,25,2
78,54,54,0,1
78,55,55,1,221
78,55,55,2,1
78,55,55,3,24
78,55,55,4,472
78,55,55,5,1
78,55,55,6,0
78,55,55,7,0
78,55,55,8,60
78,55,55,9,0
78,55,55,10,0
78,55,55,11,0
78,55,55,12,0
78,55,55,13,0
78,55,55,14,0
78,55,55,15,0
78,55,55,16,1
78,55,55,17,1
78,55,55,18,0
78,55,55,19,0
78,55,55,20,2
78,55,55,21,0
78,55,55,22,0
78,55,55,23,0
78,55,55,24,0
78,55,55,25,1
78,55,55,0,1
78,56,56,1,243
78,56,56,2,1
78,56,56,3,63
78,56,56,4,406
78,56,56,5,5
78,56,56,6,0
78,56,56,7,0
78,56,56,8,89
78,56,56,9,0
78,56,56,10,0
78,56,56,11,0
78,56,56,12,0
78,56,56,13,0
78,56,56,14,0
78,56,56,15,1
78,56,56,16,1
78,56,56,17,0
78,56,56,18,1
78,56,56,19,0
78,56,56,20,0
78,56,56,21,0
78,56,56,22,0
78,56,56,23,0
78,56,56,24,0
78,56,56,25,0
78,56,56,0,0
78,57,57,1,206
78,57,57,2,1
78,57,57,3,29
78,57,57,4,316
78,57,57,5,1
78,57,57,6,0
78,57,57,7,1
78,57,57,8,35
78,57,57,9,0
78,57,57,10,1
78,57,57,11,0
78,57,57,12,0
78,57,57,13,0
78,57,57,14,0
78,57,57,15,0
78,57,57,16,1
78,57,57,17,4
78,57,57,18,0
78,57,57,19,0
78,57,57,20,1
78,57,57,21,0
78,57,57,22,0
78,57,57,23,0
78,57,57,24,0
78,57,57,25,0
78,57,57,0,2
78,58,58,1,158
78,58,58,2,1
78,58,58,3,20
78,58,58,4,298
78,58,58,5,0
78,58,58,6,0
78,58,58,7,1
78,58,58,8,38
78,58,58,9,0
78,58,58,10,0
78,58,58,11,1
78,58,58,12,0
78,58,58,13,2
78,58,58,14,1
78,58,58,15,1
78,58,58,16,2
78,58,58,17,3
78,58,58,18,1
78,58,58,19,1
78,58,58,20,0
78,58,58,21,1
78,58,58,22,0
78,58,58,23,0
78,58,58,24,1
78,58,58,25,0
78,58,58,0,0
78,59,59,1,283
78,59,59,2,3
78,59,59,3,11
78,59,59,4,255
78,59,59,5,3
78,59,59,6,2
78,59,59,7,3
78,59,59,8,148
78,59,59,9,1
78,59,59,10,0
78,59,59,11,0
78,59,59,12,2
78,59,59,13,1
78,59,59,14,0
78,59,59,15,2
78,59,59,16,3
78,59,59,17,1
78,59,59,18,0
78,59,59,19,0
78,59,59,20,1
78,59,59,21,0
78,59,59,22,0
78,59,59,23,1
78,59,59,24,0
78,59,59,25,0
78,59,59,0,1
78,60,60,1,268
78,60,60,2,1
78,60,60,3,21
78,60,60,4,214
78,60,60,5,1
78,60,60,6,0
78,60,60,7,0
78,60,60,8,207
78,60,60,9,3
78,60,60,10,0
78,60,60,11,1
78,60,60,12,2
78,60,60,13,0
78,60,60,14,0
78,60,60,15,0
78,60,60,16,3
78,60,60,17,0
78,60,60,18,0
78,60,60,19,0
78,60,60,20,1
78,60,60,21,0
78,60,60,22,0
78,60,60,23,0
78,60,60,24,1
78,60,60,25,0
78,60,60,0,2
78,61,61,1,0
78,61,61,2,0
78,61,61,3,0
78,61,61,4,0
78,61,61,5,0
78,61,61,6,0
78,61,61,7,0
78,61,61,8,0
78,61,61,9,0
78,61,61,10,0
78,61,61,11,0
78,61,61,12,0
78,61,61,13,0
78,61,61,14,0
78,61,61,15,0
78,61,61,16,0
78,61,61,17,0
78,61,61,18,0
78,61,61,19,0
78,61,61,20,0
78,61,61,21,0
78,61,61,22,0
78,61,61,23,0
78,61,61,24,0
78,61,61,25,0
78,61,61,0,0
78,61,61,1,179
78,61,61,2,0
78,61,61,3,8
78,61,61,4,218
78,61,61,5,1
78,61,61,6,1
78,61,61,7,0
78,61,61,8,67
78,61,61,9,0
78,61,61,10,1
78,61,61,11,0
78,61,61,12,0
78,61,61,13,1
78,61,61,14,0
78,61,61,15,0
78,61,61,16,0
78,61,61,17,0
78,61,61,18,2
78,61,61,19,0
78,61,61,20,0
78,61,61,21,0
78,61,61,22,0
78,61,61,23,0
78,61,61,24,0
78,61,61,25,0
78,61,61,0,0
78,62,62,1,0
78,62,62,2,0
78,62,62,3,0
78,62,62,4,0
78,62,62,5,0
78,62,62,6,0
78,62,62,7,0
78,62,62,8,0
78,62,62,9,0
78,62,62,10,0
78,62,62,11,0
78,62,62,12,0
78,62,62,13,0
78,62,62,14,0
78,62,62,15,0
78,62,62,16,0
78,62,62,17,0
78,62,62,18,0
78,62,62,19,0
78,62,62,20,0
78,62,62,21,0
78,62,62,22,0
78,62,62,23,0
78,62,62,24,0
78,62,62,25,0
78,62,62,0,0
78,62,62,1,300
78,62,62,2,1
78,62,62,3,30
78,62,62,4,245
78,62,62,5,1
78,62,62,6,0
78,62,62,7,0
78,62,62,8,133
78,62,62,9,1
78,62,62,10,0
78,62,62,11,0
78,62,62,12,0
78,62,62,13,1
78,62,62,14,0
78,62,62,15,0
78,62,62,16,1
78,62,62,17,1
78,62,62,18,0
78,62,62,19,0
78,62,62,20,0
78,62,62,21,1
78,62,62,22,0
78,62,62,23,0
78,62,62,24,0
78,62,62,25,0
78,62,62,0,1
78,63,63,1,0
78,63,63,2,0
78,63,63,3,0
78,63,63,4,0
78,63,63,5,0
78,63,63,6,0
78,63,63,7,0
78,63,63,8,0
78,63,63,9,0
78,63,63,10,0
78,63,63,11,0
78,63,63,12,0
78,63,63,13,0
78,63,63,14,0
78,63,63,15,0
78,63,63,16,0
78,63,63,17,0
78,63,63,18,0
78,63,63,19,0
78,63,63,20,0
78,63,63,21,0
78,63,63,22,0
78,63,63,23,0
78,63,63,24,0
78,63,63,25,0
78,63,63,0,0
78,63,63,1,237
78,63,63,2,1
78,63,63,3,13
78,63,63,4,267
78,63,63,5,0
78,63,63,6,1
78,63,63,7,1
78,63,63,8,97
78,63,63,9,1
78,63,63,10,0
78,63,63,11,0
78,63,63,12,0
78,63,63,13,0
78,63,63,14,0
78,63,63,15,0
78,63,63,16,0
78,63,63,17,1
78,63,63,18,1
78,63,63,19,0
78,63,63,20,1
78,63,63,21,0
78,63,63,22,0
78,63,63,23,0
78,63,63,24,0
78,63,63,25,0
78,63,63,0,0
78,64,64,1,189
78,64,64,2,1
78,64,64,3,10
78,64,64,4,222
78,64,64,5,1
78,64,64,6,0
78,64,64,7,1
78,64,64,8,76
78,64,64,9,2
78,64,64,10,0
78,64,64,11,0
78,64,64,12,0
78,64,64,13,0
78,64,64,14,1
78,64,64,15,1
78,64,64,16,1
78,64,64,17,0
78,64,64,18,0
78,64,64,19,0
78,64,64,20,0
78,64,64,21,0
78,64,64,22,0
78,64,64,23,0
78,64,64,24,0
78,64,64,25,1
78,64,64,0,0
78,65,65,1,265
78,65,65,2,2
78,65,65,3,30
78,65,65,4,358
78,65,65,5,1
78,65,65,6,0
78,65,65,7,1
78,65,65,8,267
78,65,65,9,2
78,65,65,10,0
78,65,65,11,0
78,65,65,12,3
78,65,65,13,0
78,65,65,14,0
78,65,65,15,1
78,65,65,16,2
78,65,65,17,1
78,65,65,18,0
78,65,65,19,0
78,65,65,20,0
78,65,65,21,0
78,65,65,22,0
78,65,65,23,0
78,65,65,24,0
78,65,65,25,1
78,65,65,0,1
78,66,66,1,200
78,66,66,2,2
78,66,66,3,29
78,66,66,4,228
78,66,66,5,2
78,66,66,6,0
78,66,66,7,1
78,66,66,8,174
78,66,66,9,1
78,66,66,10,0
78,66,66,11,0
78,66,66,12,0
78,66,66,13,0
78,66,66,14,0
78,66,66,15,1
78,66,66,16,0
78,66,66,17,9
78,66,66,18,0
78,66,66,19,0
78,66,66,20,2
78,66,66,21,0
78,66,66,22,0
78,66,66,23,0
78,66,66,24,0
78,66,66,25,0
78,66,66,0,0
78,67,67,1,163
78,67,67,2,1
78,67,67,3,15
78,67,67,4,141
78,67,67,5,2
78,67,67,6,0
78,67,67,7,0
78,67,67,8,123
78,67,67,9,0
78,67,67,10,0
78,67,67,11,0
78,67,67,12,0
78,67,67,13,2
78,67,67,14,1
78,67,67,15,0
78,67,67,16,1
78,67,67,17,0
78,67,67,18,0
78,67,67,19,0
78,67,67,20,0
78,67,67,21,0
78,67,67,22,0
78,67,67,23,0
78,67,67,24,0
78,67,67,25,0
78,67,67,0,2
78,68,68,1,186
78,68,68,2,2
78,68,68,3,18
78,68,68,4,197
78,68,68,5,0
78,68,68,6,0
78,68,68,7,1
78,68,68,8,116
78,68,68,9,0
78,68,68,10,0
78,68,68,11,0
78,68,68,12,0
78,68,68,13,0
78,68,68,14,0
78,68,68,15,0
78,68,68,16,0
78,68,68,17,1
78,68,68,18,0
78,68,68,19,0
78,68,68,20,0
78,68,68,21,0
78,68,68,22,0
78,68,68,23,1
78,68,68,24,0
78,68,68,25,0
78,68,68,0,0
78,69,69,1,210
78,69,69,2,1
78,69,69,3,27
78,69,69,4,195
78,69,69,5,1
78,69,69,6,1
78,69,69,7,2
78,69,69,8,154
78,69,69,9,1
78,69,69,10,0
78,69,69,11,0
78,69,69,12,1
78,69,69,13,0
78,69,69,14,0
78,69,69,15,0
78,69,69,16,3
78,69,69,17,5
78,69,69,18,1
78,69,69,19,0
78,69,69,20,1
78,69,69,21,0
78,69,69,22,1
78,69,69,23,1
78,69,69,24,2
78,69,69,25,0
78,69,69,0,1
78,70,70,1,213
78,70,70,2,1
78,70,70,3,37
78,70,70,4,255
78,70,70,5,2
78,70,70,6,0
78,70,70,7,0
78,70,70,8,69
78,70,70,9,0
78,70,70,10,0
78,70,70,11,0
78,70,70,12,1
78,70,70,13,0
78,70,70,14,0
78,70,70,15,0
78,70,70,16,0
78,70,70,17,0
78,70,70,18,0
78,70,70,19,0
78,70,70,20,1
78,70,70,21,0
78,70,70,22,0
78,70,70,23,0
78,70,70,24,0
78,70,70,25,0
78,70,70,0,3
78,71,71,1,246
78,71,71,2,0
78,71,71,3,33
78,71,71,4,333
78,71,71,5,1
78,71,71,6,0
78,71,71,7,1
78,71,71,8,43
78,71,71,9,0
78,71,71,10,2
78,71,71,11,0
78,71,71,12,0
78,71,71,13,0
78,71,71,14,0
78,71,71,15,1
78,71,71,16,0
78,71,71,17,3
78,71,71,18,0
78,71,71,19,1
78,71,71,20,3
78,71,71,21,0
78,71,71,22,0
78,71,71,23,0
78,71,71,24,0
78,71,71,25,0
78,71,71,0,3
78,72,72,1,237
78,72,72,2,0
78,72,72,3,20
78,72,72,4,184
78,72,72,5,1
78,72,72,6,0
78,72,72,7,0
78,72,72,8,37
78,72,72,9,1
78,72,72,10,6
78,72,72,11,1
78,72,72,12,0
78,72,72,13,0
78,72,72,14,0
78,72,72,15,0
78,72,72,16,0
78,72,72,17,1
78,72,72,18,1
78,72,72,19,0
78,72,72,20,0
78,72,72,21,1
78,72,72,22,0
78,72,72,23,0
78,72,72,24,0
78,72,72,25,0
78,72,72,0,0
78,73,73,1,159
78,73,73,2,0
78,73,73,3,28
78,73,73,4,183
78,73,73,5,0
78,73,73,6,1
78,73,73,7,1
78,73,73,8,175
78,73,73,9,1
78,73,73,10,0
78,73,73,11,0
78,73,73,12,1
78,73,73,13,0
78,73,73,14,1
78,73,73,15,0
78,73,73,16,1
78,73,73,17,3
78,73,73,18,0
78,73,73,19,0
78,73,73,20,1
78,73,73,21,0
78,73,73,22,1
78,73,73,23,0
78,73,73,24,0
78,73,73,25,2
78,73,73,0,2
78,74,74,1,323
78,74,74,2,0
78,74,74,3,36
78,74,74,4,311
78,74,74,5,2
78,74,74,6,2
78,74,74,7,0
78,74,74,8,112
78,74,74,9,0
78,74,74,10,5
78,74,74,11,0
78,74,74,12,1
78,74,74,13,1
78,74,74,14,0
78,74,74,15,1
78,74,74,16,5
78,74,74,17,8
78,74,74,18,2
78,74,74,19,0
78,74,74,20,1
78,74,74,21,1
78,74,74,22,1
78,74,74,23,2
78,74,74,24,4
78,74,74,25,1
78,74,74,0,4
78,75,75,1,240
78,75,75,2,2
78,75,75,3,33
78,75,75,4,262
78,75,75,5,1
78,75,75,6,1
78,75,75,7,0
78,75,75,8,41
78,75,75,9,1
78,75,75,10,5
78,75,75,11,0
78,75,75,12,0
78,75,75,13,0
78,75,75,14,1
78,75,75,15,1
78,75,75,16,6
78,75,75,17,0
78,75,75,18,0
78,75,75,19,0
78,75,75,20,1
78,75,75,21,0
78,75,75,22,0
78,75,75,23,0
78,75,75,24,0
78,75,75,25,0
78,75,75,0,1
78,76,76,1,115
78,76,76,2,1
78,76,76,3,27
78,76,76,4,263
78,76,76,5,1
78,76,76,6,1
78,76,76,7,0
78,76,76,8,100
78,76,76,9,0
78,76,76,10,1
78,76,76,11,0
78,76,76,12,0
78,76,76,13,1
78,76,76,14,0
78,76,76,15,0
78,76,76,16,0
78,76,76,17,2
78,76,76,18,1
78,76,76,19,0
78,76,76,20,2
78,76,76,21,0
78,76,76,22,0
78,76,76,23,2
78,76,76,24,1
78,76,76,25,0
78,76,76,0,2
78,77,77,1,162
78,77,77,2,1
78,77,77,3,21
78,77,77,4,267
78,77,77,5,0
78,77,77,6,0
78,77,77,7,0
78,77,77,8,54
78,77,77,9,1
78,77,77,10,0
78,77,77,11,0
78,77,77,12,0
78,77,77,13,1
78,77,77,14,0
78,77,77,15,0
78,77,77,16,0
78,77,77,17,0
78,77,77,18,1
78,77,77,19,0
78,77,77,20,1
78,77,77,21,1
78,77,77,22,0
78,77,77,23,0
78,77,77,24,0
78,77,77,25,0
78,77,77,0,0
78,78,78,1,171
78,78,78,2,1
78,78,78,3,24
78,78,78,4,311
78,78,78,5,0
78,78,78,6,0
78,78,78,7,0
78,78,78,8,54
78,78,78,9,0
78,78,78,10,0
78,78,78,11,0
78,78,78,12,0
78,78,78,13,0
78,78,78,14,0
78,78,78,15,0
78,78,78,16,2
78,78,78,17,1
78,78,78,18,0
78,78,78,19,0
78,78,78,20,0
78,78,78,21,0
78,78,78,22,0
78,78,78,23,0
78,78,78,24,0
78,78,78,25,1
78,78,78,0,0
78,79,79,1,204
78,79,79,2,0
78,79,79,3,12
78,79,79,4,293
78,79,79,5,2
78,79,79,6,0
78,79,79,7,1
78,79,79,8,81
78,79,79,9,0
78,79,79,10,0
78,79,79,11,0
78,79,79,12,1
78,79,79,13,1
78,79,79,14,0
78,79,79,15,0
78,79,79,16,3
78,79,79,17,1
78,79,79,18,0
78,79,79,19,0
78,79,79,20,1
78,79,79,21,0
78,79,79,22,0
78,79,79,23,1
78,79,79,24,0
78,79,79,25,0
78,79,79,0,2
78,80,80,1,285
78,80,80,2,2
78,80,80,3,37
78,80,80,4,245
78,80,80,5,1
78,80,80,6,1
78,80,80,7,1
78,80,80,8,253
78,80,80,9,0
78,80,80,10,0
78,80,80,11,0
78,80,80,12,3
78,80,80,13,0
78,80,80,14,1
78,80,80,15,0
78,80,80,16,3
78,80,80,17,0
78,80,80,18,0
78,80,80,19,0
78,80,80,20,1
78,80,80,21,0
78,80,80,22,0
78,80,80,23,0
78,80,80,24,0
78,80,80,25,0
78,80,80,0,4
78,81,81,1,259
78,81,81,2,3
78,81,81,3,7
78,81,81,4,180
78,81,81,5,0
78,81,81,6,1
78,81,81,7,2
78,81,81,8,306
78,81,81,9,0
78,81,81,10,0
78,81,81,11,0
78,81,81,12,1
78,81,81,13,0
78,81,81,14,0
78,81,81,15,0
78,81,81,16,2
78,81,81,17,5
78,81,81,18,2
78,81,81,19,0
78,81,81,20,0
78,81,81,21,0
78,81,81,22,0
78,81,81,23,2
78,81,81,24,0
78,81,81,25,0
78,81,81,0,1
78,82,82,1,184
78,82,82,2,1
78,82,82,3,9
78,82,82,4,222
78,82,82,5,1
78,82,82,6,0
78,82,82,7,3
78,82,82,8,310
78,82,82,9,0
78,82,82,10,0
78,82,82,11,0
78,82,82,12,2
78,82,82,13,1
78,82,82,14,2
78,82,82,15,1
78,82,82,16,0
78,82,82,17,2
78,82,82,18,1
78,82,82,19,0
78,82,82,20,0
78,82,82,21,0
78,82,82,22,0
78,82,82,23,0
78,82,82,24,0
78,82,82,25,1
78,82,82,0,3
78,82,82,1,0
78,82,82,2,0
78,82,82,3,0
78,82,82,4,0
78,82,82,5,0
78,82,82,6,0
78,82,82,7,0
78,82,82,8,0
78,82,82,9,0
78,82,82,10,0
78,82,82,11,0
78,82,82,12,0
78,82,82,13,0
78,82,82,14,0
78,82,82,15,0
78,82,82,16,0
78,82,82,17,0
78,82,82,18,0
78,82,82,19,0
78,82,82,20,0
78,82,82,21,0
78,82,82,22,0
78,82,82,23,0
78,82,82,24,0
78,82,82,25,0
78,82,82,0,0
78,83,83,1,185
78,83,83,2,0
78,83,83,3,11
78,83,83,4,156
78,83,83,5,3
78,83,83,6,0
78,83,83,7,2
78,83,83,8,222
78,83,83,9,0
78,83,83,10,1
78,83,83,11,0
78,83,83,12,1
78,83,83,13,1
78,83,83,14,0
78,83,83,15,1
78,83,83,16,2
78,83,83,17,3
78,83,83,18,1
78,83,83,19,1
78,83,83,20,0
78,83,83,21,0
78,83,83,22,0
78,83,83,23,0
78,83,83,24,5
78,83,83,25,0
78,83,83,0,1
78,83,83,1,0
78,83,83,2,0
78,83,83,3,0
78,83,83,4,0
78,83,83,5,0
78,83,83,6,0
78,83,83,7,0
78,83,83,8,0
78,83,83,9,0
78,83,83,10,0
78,83,83,11,0
78,83,83,12,0
78,83,83,13,0
78,83,83,14,0
78,83,83,15,0
78,83,83,16,0
78,83,83,17,0
78,83,83,18,0
78,83,83,19,0
78,83,83,20,0
78,83,83,21,0
78,83,83,22,0
78,83,83,23,0
78,83,83,24,0
78,83,83,25,0
78,83,83,0,0
78,84,84,1,208
78,84,84,2,0
78,84,84,3,10
78,84,84,4,132
78,84,84,5,0
78,84,84,6,0
78,84,84,7,2
78,84,84,8,201
78,84,84,9,0
78,84,84,10,1
78,84,84,11,0
78,84,84,12,2
78,84,84,13,0
78,84,84,14,0
78,84,84,15,4
78,84,84,16,4
78,84,84,17,4
78,84,84,18,1
78,84,84,19,0
78,84,84,20,1
78,84,84,21,0
78,84,84,22,0
78,84,84,23,0
78,84,84,24,1
78,84,84,25,0
78,84,84,0,0
78,84,84,1,0
78,84,84,2,0
78,84,84,3,0
78,84,84,4,0
78,84,84,5,0
78,84,84,6,0
78,84,84,7,0
78,84,84,8,0
78,84,84,9,0
78,84,84,10,0
78,84,84,11,0
78,84,84,12,0
78,84,84,13,0
78,84,84,14,0
78,84,84,15,0
78,84,84,16,0
78,84,84,17,0
78,84,84,18,0
78,84,84,19,0
78,84,84,20,0
78,84,84,21,0
78,84,84,22,0
78,84,84,23,0
78,84,84,24,0
78,84,84,25,0
78,84,84,0,0
78,85,85,1,348
78,85,85,2,4
78,85,85,3,31
78,85,85,4,274
78,85,85,5,1
78,85,85,6,0
78,85,85,7,3
78,85,85,8,250
78,85,85,9,1
78,85,85,10,4
78,85,85,11,0
78,85,85,12,4
78,85,85,13,0
78,85,85,14,1
78,85,85,15,0
78,85,85,16,1
78,85,85,17,4
78,85,85,18,1
78,85,85,19,3
78,85,85,20,0
78,85,85,21,0
78,85,85,22,0
78,85,85,23,1
78,85,85,24,0
78,85,85,25,0
78,85,85,0,0
78,86,86,1,282
78,86,86,2,3
78,86,86,3,26
78,86,86,4,227
78,86,86,5,3
78,86,86,6,1
78,86,86,7,2
78,86,86,8,431
78,86,86,9,4
78,86,86,10,1
78,86,86,11,0
78,86,86,12,3
78,86,86,13,0
78,86,86,14,0
78,86,86,15,0
78,86,86,16,3
78,86,86,17,1
78,86,86,18,0
78,86,86,19,0
78,86,86,20,0
78,86,86,21,0
78,86,86,22,0
78,86,86,23,0
78,86,86,24,0
78,86,86,25,0
78,86,86,0,2
78,87,87,1,425
78,87,87,2,0
78,87,87,3,23
78,87,87,4,368
78,87,87,5,0
78,87,87,6,0
78,87,87,7,0
78,87,87,8,189
78,87,87,9,0
78,87,87,10,0
78,87,87,11,1
78,87,87,12,0
78,87,87,13,0
78,87,87,14,0
78,87,87,15,1
78,87,87,16,6
78,87,87,17,6
78,87,87,18,0
78,87,87,19,0
78,87,87,20,1
78,87,87,21,1
78,87,87,22,1
78,87,87,23,2
78,87,87,24,3
78,87,87,25,2
78,87,87,0,3
78,88,88,1,355
78,88,88,2,0
78,88,88,3,17
78,88,88,4,279
78,88,88,5,0
78,88,88,6,1
78,88,88,7,0
78,88,88,8,250
78,88,88,9,3
78,88,88,10,0
78,88,88,11,0
78,88,88,12,1
78,88,88,13,2
78,88,88,14,0
78,88,88,15,2
78,88,88,16,4
78,88,88,17,6
78,88,88,18,0
78,88,88,19,0
78,88,88,20,1
78,88,88,21,0
78,88,88,22,0
78,88,88,23,0
78,88,88,24,0
78,88,88,25,1
78,88,88,0,1
78,89,89,1,339
78,89,89,2,0
78,89,89,3,21
78,89,89,4,206
78,89,89,5,1
78,89,89,6,0
78,89,89,7,1
78,89,89,8,480
78,89,89,9,1
78,89,89,10,0
78,89,89,11,0
78,89,89,12,3
78,89,89,13,1
78,89,89,14,0
78,89,89,15,1
78,89,89,16,5
78,89,89,17,2
78,89,89,18,1
78,89,89,19,0
78,89,89,20,1
78,89,89,21,0
78,89,89,22,0
78,89,89,23,1
78,89,89,24,0
78,89,89,25,1
78,89,89,0,1
78,90,90,1,254
78,90,90,2,0
78,90,90,3,9
78,90,90,4,188
78,90,90,5,1
78,90,90,6,2
78,90,90,7,0
78,90,90,8,283
78,90,90,9,0
78,90,90,10,1
78,90,90,11,0
78,90,90,12,2
78,90,90,13,0
78,90,90,14,0
78,90,90,15,0
78,90,90,16,0
78,90,90,17,3
78,90,90,18,1
78,90,90,19,1
78,90,90,20,2
78,90,90,21,0
78,90,90,22,1
78,90,90,23,0
78,90,90,24,1
78,90,90,25,0
78,90,90,0,2
78,91,91,1,248
78,91,91,2,3
78,91,91,3,38
78,91,91,4,201
78,91,91,5,0
78,91,91,6,1
78,91,91,7,0
78,91,91,8,99
78,91,91,9,0
78,91,91,10,0
78,91,91,11,0
78,91,91,12,2
78,91,91,13,0
78,91,91,14,0
78,91,91,15,0
78,91,91,16,3
78,91,91,17,9
78,91,91,18,0
78,91,91,19,0
78,91,91,20,0
78,91,91,21,0
78,91,91,22,0
78,91,91,23,0
78,91,91,24,2
78,91,91,25,0
78,91,91,0,1
78,92,92,1,211
78,92,92,2,2
78,92,92,3,13
78,92,92,4,134
78,92,92,5,0
78,92,92,6,0
78,92,92,7,0
78,92,92,8,208
78,92,92,9,1
78,92,92,10,0
78,92,92,11,0
78,92,92,12,1
78,92,92,13,0
78,92,92,14,0
78,92,92,15,0
78,92,92,16,0
78,92,92,17,1
78,92,92,18,0
78,92,92,19,0
78,92,92,20,0
78,92,92,21,0
78,92,92,22,0
78,92,92,23,0
78,92,92,24,1
78,92,92,25,0
78,92,92,0,0
78,93,93,1,142
78,93,93,2,1
78,93,93,3,20
78,93,93,4,166
78,93,93,5,0
78,93,93,6,0
78,93,93,7,2
78,93,93,8,214
78,93,93,9,0
78,93,93,10,0
78,93,93,11,0
78,93,93,12,0
78,93,93,13,0
78,93,93,14,0
78,93,93,15,1
78,93,93,16,5
78,93,93,17,3
78,93,93,18,1
78,93,93,19,0
78,93,93,20,0
78,93,93,21,0
78,93,93,22,2
78,93,93,23,1
78,93,93,24,1
78,93,93,25,0
78,93,93,0,2
78,94,94,1,163
78,94,94,2,2
78,94,94,3,7
78,94,94,4,111
78,94,94,5,0
78,94,94,6,0
78,94,94,7,0
78,94,94,8,305
78,94,94,9,2
78,94,94,10,0
78,94,94,11,0
78,94,94,12,4
78,94,94,13,1
78,94,94,14,0
78,94,94,15,1
78,94,94,16,0
78,94,94,17,5
78,94,94,18,2
78,94,94,19,0
78,94,94,20,1
78,94,94,21,1
78,94,94,22,1
78,94,94,23,0
78,94,94,24,4
78,94,94,25,0
78,94,94,0,3
78,95,95,1,177
78,95,95,2,3
78,95,95,3,11
78,95,95,4,75
78,95,95,5,1
78,95,95,6,0
78,95,95,7,1
78,95,95,8,352
78,95,95,9,2
78,95,95,10,2
78,95,95,11,0
78,95,95,12,9
78,95,95,13,0
78,95,95,14,0
78,95,95,15,0
78,95,95,16,0
78,95,95,17,2
78,95,95,18,1
78,95,95,19,0
78,95,95,20,0
78,95,95,21,0
78,95,95,22,0
78,95,95,23,0
78,95,95,24,2
78,95,95,25,0
78,95,95,0,0
78,96,96,1,126
78,96,96,2,2
78,96,96,3,3
78,96,96,4,90
78,96,96,5,0
78,96,96,6,1
78,96,96,7,0
78,96,96,8,173
78,96,96,9,1
78,96,96,10,0
78,96,96,11,0
78,96,96,12,1
78,96,96,13,4
78,96,96,14,0
78,96,96,15,0
78,96,96,16,2
78,96,96,17,1
78,96,96,18,0
78,96,96,19,0
78,96,96,20,0
78,96,96,21,0
78,96,96,22,0
78,96,96,23,1
78,96,96,24,0
78,96,96,25,0
78,96,96,0,0
78,97,97,1,217
78,97,97,2,0
78,97,97,3,26
78,97,97,4,200
78,97,97,5,0
78,97,97,6,0
78,97,97,7,0
78,97,97,8,147
78,97,97,9,0
78,97,97,10,0
78,97,97,11,0
78,97,97,12,0
78,97,97,13,0
78,97,97,14,0
78,97,97,15,1
78,97,97,16,4
78,97,97,17,0
78,97,97,18,0
78,97,97,19,0
78,97,97,20,1
78,97,97,21,0
78,97,97,22,0
78,97,97,23,0
78,97,97,24,2
78,97,97,25,0
78,97,97,0,2
78,98,98,1,343
78,98,98,2,0
78,98,98,3,18
78,98,98,4,184
78,98,98,5,0
78,98,98,6,0
78,98,98,7,1
78,98,98,8,18
78,98,98,9,0
78,98,98,10,1
78,98,98,11,0
78,98,98,12,1
78,98,98,13,0
78,98,98,14,0
78,98,98,15,0
78,98,98,16,1
78,98,98,17,1
78,98,98,18,0
78,98,98,19,0
78,98,98,20,0
78,98,98,21,0
78,98,98,22,0
78,98,98,23,1
78,98,98,24,0
78,98,98,25,0
78,98,98,0,1
78,99,99,1,220
78,99,99,2,1
78,99,99,3,9
78,99,99,4,140
78,99,99,5,1
78,99,99,6,0
78,99,99,7,1
78,99,99,8,362
78,99,99,9,0
78,99,99,10,0
78,99,99,11,0
78,99,99,12,2
78,99,99,13,0
78,99,99,14,0
78,99,99,15,1
78,99,99,16,2
78,99,99,17,1
78,99,99,18,2
78,99,99,19,2
78,99,99,20,0
78,99,99,21,0
78,99,99,22,0
78,99,99,23,0
78,99,99,24,1
78,99,99,25,0
78,99,99,0,2
78,100,100,1,177
78,100,100,2,1
78,100,100,3,5
78,100,100,4,83
78,100,100,5,0
78,100,100,6,1
78,100,100,7,2
78,100,100,8,385
78,100,100,9,1
78,100,100,10,0
78,100,100,11,0
78,100,100,12,1
78,100,100,13,0
78,100,100,14,0
78,100,100,15,0
78,100,100,16,0
78,100,100,17,4
78,100,100,18,0
78,100,100,19,1
78,100,100,20,0
78,100,100,21,0
78,100,100,22,0
78,100,100,23,0
78,100,100,24,0
78,100,100,25,0
78,100,100,0,0
78,101,101,1,213
78,101,101,2,0
78,101,101,3,7
78,101,101,4,172
78,101,101,5,1
78,101,101,6,1
78,101,101,7,0
78,101,101,8,238
78,101,101,9,0
78,101,101,10,0
78,101,101,11,0
78,101,101,12,0
78,101,101,13,7
78,101,101,14,0
78,101,101,15,0
78,101,101,16,0
78,101,101,17,0
78,101,101,18,0
78,101,101,19,0
78,101,101,20,1
78,101,101,21,0
78,101,101,22,0
78,101,101,23,0
78,101,101,24,0
78,101,101,25,2
78,101,101,0,3
78,102,102,1,293
78,102,102,2,2
78,102,102,3,10
78,102,102,4,144
78,102,102,5,0
78,102,102,6,0
78,102,102,7,1
78,102,102,8,57
78,102,102,9,0
78,102,102,10,0
78,102,102,11,0
78,102,102,12,0
78,102,102,13,0
78,102,102,14,0
78,102,102,15,0
78,102,102,16,3
78,102,102,17,0
78,102,102,18,0
78,102,102,19,0
78,102,102,20,1
78,102,102,21,0
78,102,102,22,0
78,102,102,23,1
78,102,102,24,0
78,102,102,25,0
78,102,102,0,0
78,103,103,1,183
78,103,103,2,0
78,103,103,3,23
78,103,103,4,134
78,103,103,5,0
78,103,103,6,0
78,103,103,7,1
78,103,103,8,199
78,103,103,9,0
78,103,103,10,0
78,103,103,11,0
78,103,103,12,3
78,103,103,13,0
78,103,103,14,0
78,103,103,15,0
78,103,103,16,1
78,103,103,17,0
78,103,103,18,0
78,103,103,19,0
78,103,103,20,0
78,103,103,21,0
78,103,103,22,0
78,103,103,23,0
78,103,103,24,0
78,103,103,25,0
78,103,103,0,2
78,103,103,1,0
78,103,103,2,0
78,103,103,3,0
78,103,103,4,0
78,103,103,5,0
78,103,103,6,0
78,103,103,7,0
78,103,103,8,0
78,103,103,9,0
78,103,103,10,0
78,103,103,11,0
78,103,103,12,0
78,103,103,13,0
78,103,103,14,0
78,103,103,15,0
78,103,103,16,0
78,103,103,17,0
78,103,103,18,0
78,103,103,19,0
78,103,103,20,0
78,103,103,21,0
78,103,103,22,0
78,103,103,23,0
78,103,103,24,0
78,103,103,25,0
78,103,103,0,0
78,104,104,1,149
78,104,104,2,2
78,104,104,3,11
78,104,104,4,127
78,104,104,5,1
78,104,104,6,0
78,104,104,7,0
78,104,104,8,285
78,104,104,9,0
78,104,104,10,1
78,104,104,11,0
78,104,104,12,0
78,104,104,13,0
78,104,104,14,0
78,104,104,15,0
78,104,104,16,2
78,104,104,17,0
78,104,104,18,1
78,104,104,19,1
78,104,104,20,0
78,104,104,21,1
78,104,104,22,1
78,104,104,23,1
78,104,104,24,3
78,104,104,25,1
78,104,104,0,1
78,104,104,1,0
78,104,104,2,0
78,104,104,3,0
78,104,104,4,0
78,104,104,5,0
78,104,104,6,0
78,104,104,7,0
78,104,104,8,0
78,104,104,9,0
78,104,104,10,0
78,104,104,11,0
78,104,104,12,0
78,104,104,13,0
78,104,104,14,0
78,104,104,15,0
78,104,104,16,0
78,104,104,17,0
78,104,104,18,0
78,104,104,19,0
78,104,104,20,0
78,104,104,21,0
78,104,104,22,0
78,104,104,23,0
78,104,104,24,0
78,104,104,25,0
78,104,104,0,0
78,105,105,1,0
78,105,105,2,0
78,105,105,3,0
78,105,105,4,0
78,105,105,5,0
78,105,105,6,0
78,105,105,7,0
78,105,105,8,0
78,105,105,9,0
78,105,105,10,0
78,105,105,11,0
78,105,105,12,0
78,105,105,13,0
78,105,105,14,0
78,105,105,15,0
78,105,105,16,0
78,105,105,17,0
78,105,105,18,0
78,105,105,19,0
78,105,105,20,0
78,105,105,21,0
78,105,105,22,0
78,105,105,23,0
78,105,105,24,0
78,105,105,25,0
78,105,105,0,0
78,105,105,1,314
78,105,105,2,2
78,105,105,3,21
78,105,105,4,190
78,105,105,5,1
78,105,105,6,0
78,105,105,7,0
78,105,105,8,39
78,105,105,9,0
78,105,105,10,0
78,105,105,11,0
78,105,105,12,0
78,105,105,13,0
78,105,105,14,0
78,105,105,15,0
78,105,105,16,1
78,105,105,17,0
78,105,105,18,1
78,105,105,19,0
78,105,105,20,0
78,105,105,21,0
78,105,105,22,0
78,105,105,23,0
78,105,105,24,0
78,105,105,25,0
78,105,105,0,1
78,106,106,1,246
78,106,106,2,2
78,106,106,3,12
78,106,106,4,158
78,106,106,5,0
78,106,106,6,0
78,106,106,7,0
78,106,106,8,33
78,106,106,9,0
78,106,106,10,0
78,106,106,11,0
78,106,106,12,0
78,106,106,13,0
78,106,106,14,1
78,106,106,15,1
78,106,106,16,2
78,106,106,17,1
78,106,106,18,0
78,106,106,19,0
78,106,106,20,0
78,106,106,21,0
78,106,106,22,0
78,106,106,23,0
78,106,106,24,0
78,106,106,25,0
78,106,106,0,0
78,107,107,1,110
78,107,107,2,1
78,107,107,3,10
78,107,107,4,153
78,107,107,5,0
78,107,107,6,0
78,107,107,7,3
78,107,107,8,256
78,107,107,9,0
78,107,107,10,1
78,107,107,11,4
78,107,107,12,0
78,107,107,13,0
78,107,107,14,0
78,107,107,15,0
78,107,107,16,1
78,107,107,17,1
78,107,107,18,2
78,107,107,19,0
78,107,107,20,0
78,107,107,21,0
78,107,107,22,0
78,107,107,23,1
78,107,107,24,3
78,107,107,25,0
78,107,107,0,1
78,108,108,1,158
78,108,108,2,0
78,108,108,3,8
78,108,108,4,170
78,108,108,5,0
78,108,108,6,1
78,108,108,7,2
78,108,108,8,260
78,108,108,9,0
78,108,108,10,1
78,108,108,11,0
78,108,108,12,5
78,108,108,13,0
78,108,108,14,0
78,108,108,15,0
78,108,108,16,3
78,108,108,17,0
78,108,108,18,0
78,108,108,19,1
78,108,108,20,0
78,108,108,21,1
78,108,108,22,1
78,108,108,23,0
78,108,108,24,3
78,108,108,25,1
78,108,108,0,2
78,109,109,1,246
78,109,109,2,4
78,109,109,3,20
78,109,109,4,210
78,109,109,5,2
78,109,109,6,2
78,109,109,7,2
78,109,109,8,283
78,109,109,9,2
78,109,109,10,1
78,109,109,11,0
78,109,109,12,2
78,109,109,13,0
78,109,109,14,2
78,109,109,15,0
78,109,109,16,6
78,109,109,17,2
78,109,109,18,0
78,109,109,19,0
78,109,109,20,1
78,109,109,21,0
78,109,109,22,0
78,109,109,23,1
78,109,109,24,0
78,109,109,25,0
78,109,109,0,2
78,110,110,1,229
78,110,110,2,4
78,110,110,3,25
78,110,110,4,223
78,110,110,5,0
78,110,110,6,0
78,110,110,7,2
78,110,110,8,298
78,110,110,9,3
78,110,110,10,0
78,110,110,11,0
78,110,110,12,7
78,110,110,13,1
78,110,110,14,1
78,110,110,15,1
78,110,110,16,8
78,110,110,17,2
78,110,110,18,0
78,110,110,19,1
78,110,110,20,0
78,110,110,21,0
78,110,110,22,0
78,110,110,23,0
78,110,110,24,0
78,110,110,25,0
78,110,110,0,3
78,111,111,1,260
78,111,111,2,0
78,111,111,3,16
78,111,111,4,226
78,111,111,5,1
78,111,111,6,0
78,111,111,7,0
78,111,111,8,180
78,111,111,9,0
78,111,111,10,2
78,111,111,11,0
78,111,111,12,1
78,111,111,13,0
78,111,111,14,0
78,111,111,15,0
78,111,111,16,2
78,111,111,17,3
78,111,111,18,0
78,111,111,19,0
78,111,111,20,1
78,111,111,21,0
78,111,111,22,0
78,111,111,23,0
78,111,111,24,0
78,111,111,25,0
78,111,111,0,2
78,112,112,1,224
78,112,112,2,0
78,112,112,3,13
78,112,112,4,184
78,112,112,5,0
78,112,112,6,1
78,112,112,7,1
78,112,112,8,88
78,112,112,9,0
78,112,112,10,0
78,112,112,11,0
78,112,112,12,0
78,112,112,13,0
78,112,112,14,1
78,112,112,15,0
78,112,112,16,4
78,112,112,17,0
78,112,112,18,0
78,112,112,19,0
78,112,112,20,0
78,112,112,21,0
78,112,112,22,0
78,112,112,23,0
78,112,112,24,0
78,112,112,25,0
78,112,112,0,0
78,113,113,1,235
78,113,113,2,1
78,113,113,3,9
78,113,113,4,212
78,113,113,5,1
78,113,113,6,0
78,113,113,7,0
78,113,113,8,100
78,113,113,9,0
78,113,113,10,0
78,113,113,11,0
78,113,113,12,0
78,113,113,13,1
78,113,113,14,0
78,113,113,15,0
78,113,113,16,1
78,113,113,17,1
78,113,113,18,1
78,113,113,19,0
78,113,113,20,2
78,113,113,21,0
78,113,113,22,0
78,113,113,23,0
78,113,113,24,0
78,113,113,25,0
78,113,113,0,2
78,114,114,1,171
78,114,114,2,1
78,114,114,3,11
78,114,114,4,209
78,114,114,5,0
78,114,114,6,0
78,114,114,7,1
78,114,114,8,152
78,114,114,9,1
78,114,114,10,1
78,114,114,11,0
78,114,114,12,2
78,114,114,13,1
78,114,114,14,1
78,114,114,15,0
78,114,114,16,3
78,114,114,17,2
78,114,114,18,1
78,114,114,19,0
78,114,114,20,0
78,114,114,21,0
78,114,114,22,1
78,114,114,23,0
78,114,114,24,0
78,114,114,25,1
78,114,114,0,1
78,115,115,1,439
78,115,115,2,3
78,115,115,3,30
78,115,115,4,322
78,115,115,5,1
78,115,115,6,0
78,115,115,7,1
78,115,115,8,166
78,115,115,9,1
78,115,115,10,2
78,115,115,11,0
78,115,115,12,1
78,115,115,13,0
78,115,115,14,0
78,115,115,15,0
78,115,115,16,1
78,115,115,17,13
78,115,115,18,2
78,115,115,19,0
78,115,115,20,4
78,115,115,21,3
78,115,115,22,0
78,115,115,23,1
78,115,115,24,2
78,115,115,25,1
78,115,115,0,4
78,116,116,1,335
78,116,116,2,2
78,116,116,3,13
78,116,116,4,249
78,116,116,5,0
78,116,116,6,1
78,116,116,7,0
78,116,116,8,80
78,116,116,9,0
78,116,116,10,0
78,116,116,11,1
78,116,116,12,0
78,116,116,13,0
78,116,116,14,0
78,116,116,15,2
78,116,116,16,3
78,116,116,17,2
78,116,116,18,0
78,116,116,19,1
78,116,116,20,0
78,116,116,21,0
78,116,116,22,0
78,116,116,23,0
78,116,116,24,0
78,116,116,25,0
78,116,116,0,2
78,117,117,1,422
78,117,117,2,4
78,117,117,3,32
78,117,117,4,338
78,117,117,5,0
78,117,117,6,0
78,117,117,7,1
78,117,117,8,93
78,117,117,9,0
78,117,117,10,0
78,117,117,11,0
78,117,117,12,0
78,117,117,13,0
78,117,117,14,0
78,117,117,15,1
78,117,117,16,2
78,117,117,17,1
78,117,117,18,0
78,117,117,19,0
78,117,117,20,0
78,117,117,21,0
78,117,117,22,0
78,117,117,23,0
78,117,117,24,0
78,117,117,25,0
78,117,117,0,2
78,118,118,1,362
78,118,118,2,1
78,118,118,3,21
78,118,118,4,243
78,118,118,5,1
78,118,118,6,1
78,118,118,7,2
78,118,118,8,88
78,118,118,9,0
78,118,118,10,2
78,118,118,11,1
78,118,118,12,0
78,118,118,13,0
78,118,118,14,0
78,118,118,15,1
78,118,118,16,6
78,118,118,17,0
78,118,118,18,1
78,118,118,19,0
78,118,118,20,0
78,118,118,21,0
78,118,118,22,0
78,118,118,23,0
78,118,118,24,0
78,118,118,25,1
78,118,118,0,1
78,119,119,1,326
78,119,119,2,5
78,119,119,3,35
78,119,119,4,399
78,119,119,5,0
78,119,119,6,2
78,119,119,7,2
78,119,119,8,158
78,119,119,9,0
78,119,119,10,1
78,119,119,11,0
78,119,119,12,2
78,119,119,13,7
78,119,119,14,0
78,119,119,15,0
78,119,119,16,11
78,119,119,17,4
78,119,119,18,0
78,119,119,19,0
78,119,119,20,0
78,119,119,21,0
78,119,119,22,0
78,119,119,23,0
78,119,119,24,0
78,119,119,25,1
78,119,119,0,0
78,120,120,1,383
78,120,120,2,0
78,120,120,3,27
78,120,120,4,186
78,120,120,5,1
78,120,120,6,0
78,120,120,7,0
78,120,120,8,160
78,120,120,9,1
78,120,120,10,8
78,120,120,11,1
78,120,120,12,0
78,120,120,13,0
78,120,120,14,1
78,120,120,15,0
78,120,120,16,4
78,120,120,17,2
78,120,120,18,1
78,120,120,19,1
78,120,120,20,0
78,120,120,21,0
78,120,120,22,0
78,120,120,23,1
78,120,120,24,0
78,120,120,25,0
78,120,120,0,5
78,121,121,1,244
78,121,121,2,3
78,121,121,3,18
78,121,121,4,200
78,121,121,5,0
78,121,121,6,0
78,121,121,7,1
78,121,121,8,150
78,121,121,9,2
78,121,121,10,1
78,121,121,11,1
78,121,121,12,1
78,121,121,13,1
78,121,121,14,1
78,121,121,15,0
78,121,121,16,1
78,121,121,17,1
78,121,121,18,0
78,121,121,19,1
78,121,121,20,0
78,121,121,21,1
78,121,121,22,1
78,121,121,23,0
78,121,121,24,0
78,121,121,25,0
78,121,121,0,3
78,122,122,1,286
78,122,122,2,0
78,122,122,3,23
78,122,122,4,311
78,122,122,5,0
78,122,122,6,0
78,122,122,7,0
78,122,122,8,91
78,122,122,9,1
78,122,122,10,0
78,122,122,11,1
78,122,122,12,0
78,122,122,13,1
78,122,122,14,0
78,122,122,15,0
78,122,122,16,5
78,122,122,17,2
78,122,122,18,1
78,122,122,19,0
78,122,122,20,2
78,122,122,21,1
78,122,122,22,0
78,122,122,23,0
78,122,122,24,0
78,122,122,25,0
78,122,122,0,2
78,123,123,1,463
78,123,123,2,4
78,123,123,3,24
78,123,123,4,341
78,123,123,5,1
78,123,123,6,0
78,123,123,7,1
78,123,123,8,188
78,123,123,9,1
78,123,123,10,2
78,123,123,11,1
78,123,123,12,0
78,123,123,13,1
78,123,123,14,0
78,123,123,15,1
78,123,123,16,2
78,123,123,17,0
78,123,123,18,1
78,123,123,19,0
78,123,123,20,0
78,123,123,21,0
78,123,123,22,0
78,123,123,23,0
78,123,123,24,0
78,123,123,25,1
78,123,123,0,1
78,124,124,1,0
78,124,124,2,0
78,124,124,3,0
78,124,124,4,0
78,124,124,5,0
78,124,124,6,0
78,124,124,7,0
78,124,124,8,0
78,124,124,9,0
78,124,124,10,0
78,124,124,11,0
78,124,124,12,0
78,124,124,13,0
78,124,124,14,0
78,124,124,15,0
78,124,124,16,0
78,124,124,17,0
78,124,124,18,0
78,124,124,19,0
78,124,124,20,0
78,124,124,21,0
78,124,124,22,0
78,124,124,23,0
78,124,124,24,0
78,124,124,25,0
78,124,124,0,0
78,124,124,1,313
78,124,124,2,2
78,124,124,3,36
78,124,124,4,441
78,124,124,5,0
78,124,124,6,0
78,124,124,7,0
78,124,124,8,128
78,124,124,9,0
78,124,124,10,2
78,124,124,11,0
78,124,124,12,2
78,124,124,13,0
78,124,124,14,1
78,124,124,15,1
78,124,124,16,6
78,124,124,17,1
78,124,124,18,1
78,124,124,19,1
78,124,124,20,2
78,124,124,21,0
78,124,124,22,0
78,124,124,23,0
78,124,124,24,0
78,124,124,25,0
78,124,124,0,1
78,125,125,1,0
78,125,125,2,0
78,125,125,3,0
78,125,125,4,0
78,125,125,5,0
78,125,125,6,0
78,125,125,7,0
78,125,125,8,0
78,125,125,9,0
78,125,125,10,0
78,125,125,11,0
78,125,125,12,0
78,125,125,13,0
78,125,125,14,0
78,125,125,15,0
78,125,125,16,0
78,125,125,17,0
78,125,125,18,0
78,125,125,19,0
78,125,125,20,0
78,125,125,21,0
78,125,125,22,0
78,125,125,23,0
78,125,125,24,0
78,125,125,25,0
78,125,125,0,0
78,125,125,1,122
78,125,125,2,0
78,125,125,3,12
78,125,125,4,189
78,125,125,5,0
78,125,125,6,0
78,125,125,7,0
78,125,125,8,98
78,125,125,9,0
78,125,125,10,0
78,125,125,11,0
78,125,125,12,1
78,125,125,13,0
78,125,125,14,0
78,125,125,15,0
78,125,125,16,1
78,125,125,17,0
78,125,125,18,0
78,125,125,19,0
78,125,125,20,0
78,125,125,21,0
78,125,125,22,0
78,125,125,23,0
78,125,125,24,0
78,125,125,25,0
78,125,125,0,0
78,126,126,1,0
78,126,126,2,0
78,126,126,3,0
78,126,126,4,0
78,126,126,5,0
78,126,126,6,0
78,126,126,7,0
78,126,126,8,0
78,126,126,9,0
78,126,126,10,0
78,126,126,11,0
78,126,126,12,0
78,126,126,13,0
78,126,126,14,0
78,126,126,15,0
78,126,126,16,0
78,126,126,17,0
78,126,126,18,0
78,126,126,19,0
78,126,126,20,0
78,126,126,21,0
78,126,126,22,0
78,126,126,23,0
78,126,126,24,0
78,126,126,25,0
78,126,126,0,0
78,126,126,1,253
78,126,126,2,1
78,126,126,3,12
78,126,126,4,203
78,126,126,5,0
78,126,126,6,2
78,126,126,7,0
78,126,126,8,152
78,126,126,9,1
78,126,126,10,0
78,126,126,11,1
78,126,126,12,2
78,126,126,13,0
78,126,126,14,0
78,126,126,15,0
78,126,126,16,1
78,126,126,17,4
78,126,126,18,1
78,126,126,19,0
78,126,126,20,3
78,126,126,21,1
78,126,126,22,0
78,126,126,23,0
78,126,126,24,3
78,126,126,25,1
78,126,126,0,1
78,127,127,1,179
78,127,127,2,1
78,127,127,3,11
78,127,127,4,103
78,127,127,5,0
78,127,127,6,1
78,127,127,7,0
78,127,127,8,151
78,127,127,9,1
78,127,127,10,1
78,127,127,11,1
78,127,127,12,0
78,127,127,13,0
78,127,127,14,0
78,127,127,15,0
78,127,127,16,1
78,127,127,17,1
78,127,127,18,0
78,127,127,19,0
78,127,127,20,1
78,127,127,21,0
78,127,127,22,1
78,127,127,23,0
78,127,127,24,0
78,127,127,25,0
78,127,127,0,1
78,128,128,1,306
78,128,128,2,1
78,128,128,3,29
78,128,128,4,215
78,128,128,5,0
78,128,128,6,1
78,128,128,7,2
78,128,128,8,104
78,128,128,9,1
78,128,128,10,0
78,128,128,11,1
78,128,128,12,1
78,128,128,13,0
78,128,128,14,0
78,128,128,15,0
78,128,128,16,2
78,128,128,17,1
78,128,128,18,0
78,128,128,19,0
78,128,128,20,1
78,128,128,21,0
78,128,128,22,0
78,128,128,23,0
78,128,128,24,0
78,128,128,25,0
78,128,128,0,1
78,129,129,1,334
78,129,129,2,2
78,129,129,3,24
78,129,129,4,272
78,129,129,5,1
78,129,129,6,1
78,129,129,7,1
78,129,129,8,345
78,129,129,9,0
78,129,129,10,1
78,129,129,11,1
78,129,129,12,0
78,129,129,13,2
78,129,129,14,1
78,129,129,15,2
78,129,129,16,4
78,129,129,17,6
78,129,129,18,1
78,129,129,19,1
78,129,129,20,1
78,129,129,21,1
78,129,129,22,0
78,129,129,23,0
78,129,129,24,4
78,129,129,25,3
78,129,129,0,1
78,130,130,1,399
78,130,130,2,0
78,130,130,3,33
78,130,130,4,306
78,130,130,5,1
78,130,130,6,0
78,130,130,7,2
78,130,130,8,153
78,130,130,9,2
78,130,130,10,1
78,130,130,11,1
78,130,130,12,2
78,130,130,13,0
78,130,130,14,2
78,130,130,15,0
78,130,130,16,2
78,130,130,17,3
78,130,130,18,0
78,130,130,19,0
78,130,130,20,0
78,130,130,21,0
78,130,130,22,0
78,130,130,23,0
78,130,130,24,1
78,130,130,25,0
78,130,130,0,1
78,131,131,1,383
78,131,131,2,0
78,131,131,3,18
78,131,131,4,290
78,131,131,5,0
78,131,131,6,3
78,131,131,7,1
78,131,131,8,204
78,131,131,9,1
78,131,131,10,0
78,131,131,11,1
78,131,131,12,2
78,131,131,13,2
78,131,131,14,0
78,131,131,15,0
78,131,131,16,2
78,131,131,17,0
78,131,131,18,0
78,131,131,19,0
78,131,131,20,0
78,131,131,21,0
78,131,131,22,0
78,131,131,23,0
78,131,131,24,3
78,131,131,25,0
78,131,131,0,0
78,132,132,1,459
78,132,132,2,2
78,132,132,3,23
78,132,132,4,372
78,132,132,5,1
78,132,132,6,1
78,132,132,7,0
78,132,132,8,71
78,132,132,9,0
78,132,132,10,2
78,132,132,11,0
78,132,132,12,2
78,132,132,13,3
78,132,132,14,1
78,132,132,15,0
78,132,132,16,6
78,132,132,17,0
78,132,132,18,0
78,132,132,19,0
78,132,132,20,1
78,132,132,21,0
78,132,132,22,0
78,132,132,23,0
78,132,132,24,0
78,132,132,25,1
78,132,132,0,0
78,133,133,1,282
78,133,133,2,1
78,133,133,3,34
78,133,133,4,218
78,133,133,5,1
78,133,133,6,0
78,133,133,7,0
78,133,133,8,120
78,133,133,9,1
78,133,133,10,3
78,133,133,11,1
78,133,133,12,1
78,133,133,13,0
78,133,133,14,0
78,133,133,15,0
78,133,133,16,7
78,133,133,17,2
78,133,133,18,0
78,133,133,19,0
78,133,133,20,0
78,133,133,21,0
78,133,133,22,0
78,133,133,23,0
78,133,133,24,0
78,133,133,25,0
78,133,133,0,2
78,134,134,1,245
78,134,134,2,0
78,134,134,3,24
78,134,134,4,157
78,134,134,5,0
78,134,134,6,0
78,134,134,7,0
78,134,134,8,162
78,134,134,9,1
78,134,134,10,0
78,134,134,11,0
78,134,134,12,0
78,134,134,13,0
78,134,134,14,0
78,134,134,15,0
78,134,134,16,4
78,134,134,17,0
78,134,134,18,0
78,134,134,19,0
78,134,134,20,0
78,134,134,21,0
78,134,134,22,0
78,134,134,23,0
78,134,134,24,0
78,134,134,25,0
78,134,134,0,1
78,135,135,1,309
78,135,135,2,1
78,135,135,3,18
78,135,135,4,210
78,135,135,5,0
78,135,135,6,0
78,135,135,7,1
78,135,135,8,91
78,135,135,9,1
78,135,135,10,0
78,135,135,11,0
78,135,135,12,3
78,135,135,13,0
78,135,135,14,0
78,135,135,15,1
78,135,135,16,4
78,135,135,17,2
78,135,135,18,0
78,135,135,19,0
78,135,135,20,1
78,135,135,21,0
78,135,135,22,0
78,135,135,23,1
78,135,135,24,0
78,135,135,25,6
78,135,135,0,3
78,136,136,1,297
78,136,136,2,0
78,136,136,3,30
78,136,136,4,194
78,136,136,5,0
78,136,136,6,0
78,136,136,7,0
78,136,136,8,61
78,136,136,9,0
78,136,136,10,0
78,136,136,11,0
78,136,136,12,0
78,136,136,13,0
78,136,136,14,0
78,136,136,15,0
78,136,136,16,3
78,136,136,17,2
78,136,136,18,1
78,136,136,19,0
78,136,136,20,0
78,136,136,21,0
78,136,136,22,0
78,136,136,23,0
78,136,136,24,0
78,136,136,25,0
78,136,136,0,0
78,137,137,1,301
78,137,137,2,3
78,137,137,3,14
78,137,137,4,139
78,137,137,5,1
78,137,137,6,0
78,137,137,7,1
78,137,137,8,105
78,137,137,9,1
78,137,137,10,0
78,137,137,11,0
78,137,137,12,3
78,137,137,13,0
78,137,137,14,1
78,137,137,15,0
78,137,137,16,7
78,137,137,17,0
78,137,137,18,0
78,137,137,19,0
78,137,137,20,0
78,137,137,21,0
78,137,137,22,0
78,137,137,23,0
78,137,137,24,0
78,137,137,25,0
78,137,137,0,0
78,138,138,1,190
78,138,138,2,1
78,138,138,3,28
78,138,138,4,238
78,138,138,5,1
78,138,138,6,0
78,138,138,7,2
78,138,138,8,182
78,138,138,9,1
78,138,138,10,1
78,138,138,11,1
78,138,138,12,3
78,138,138,13,1
78,138,138,14,0
78,138,138,15,0
78,138,138,16,4
78,138,138,17,2
78,138,138,18,0
78,138,138,19,0
78,138,138,20,4
78,138,138,21,0
78,138,138,22,0
78,138,138,23,0
78,138,138,24,0
78,138,138,25,1
78,138,138,0,1
78,139,139,1,232
78,139,139,2,2
78,139,139,3,19
78,139,139,4,304
78,139,139,5,2
78,139,139,6,0
78,139,139,7,1
78,139,139,8,124
78,139,139,9,2
78,139,139,10,2
78,139,139,11,0
78,139,139,12,3
78,139,139,13,1
78,139,139,14,1
78,139,139,15,1
78,139,139,16,4
78,139,139,17,3
78,139,139,18,2
78,139,139,19,0
78,139,139,20,1
78,139,139,21,0
78,139,139,22,0
78,139,139,23,0
78,139,139,24,0
78,139,139,25,1
78,139,139,0,1
78,140,140,1,249
78,140,140,2,2
78,140,140,3,25
78,140,140,4,222
78,140,140,5,1
78,140,140,6,1
78,140,140,7,3
78,140,140,8,422
78,140,140,9,2
78,140,140,10,0
78,140,140,11,0
78,140,140,12,3
78,140,140,13,1
78,140,140,14,0
78,140,140,15,0
78,140,140,16,5
78,140,140,17,5
78,140,140,18,0
78,140,140,19,0
78,140,140,20,1
78,140,140,21,0
78,140,140,22,0
78,140,140,23,0
78,140,140,24,2
78,140,140,25,0
78,140,140,0,2
78,141,141,1,131
78,141,141,2,1
78,141,141,3,25
78,141,141,4,268
78,141,141,5,1
78,141,141,6,0
78,141,141,7,0
78,141,141,8,32
78,141,141,9,0
78,141,141,10,1
78,141,141,11,0
78,141,141,12,0
78,141,141,13,4
78,141,141,14,0
78,141,141,15,1
78,141,141,16,2
78,141,141,17,3
78,141,141,18,1
78,141,141,19,0
78,141,141,20,0
78,141,141,21,0
78,141,141,22,0
78,141,141,23,0
78,141,141,24,0
78,141,141,25,0
78,141,141,0,1
78,142,142,1,235
78,142,142,2,3
78,142,142,3,35
78,142,142,4,256
78,142,142,5,5
78,142,142,6,1
78,142,142,7,1
78,142,142,8,84
78,142,142,9,1
78,142,142,10,1
78,142,142,11,1
78,142,142,12,1
78,142,142,13,2
78,142,142,14,1
78,142,142,15,1
78,142,142,16,7
78,142,142,17,3
78,142,142,18,2
78,142,142,19,1
78,142,142,20,0
78,142,142,21,2
78,142,142,22,0
78,142,142,23,1
78,142,142,24,1
78,142,142,25,0
78,142,142,0,6
78,143,143,1,287
78,143,143,2,1
78,143,143,3,26
78,143,143,4,240
78,143,143,5,1
78,143,143,6,0
78,143,143,7,0
78,143,143,8,149
78,143,143,9,7
78,143,143,10,1
78,143,143,11,0
78,143,143,12,2
78,143,143,13,5
78,143,143,14,0
78,143,143,15,3
78,143,143,16,3
78,143,143,17,5
78,143,143,18,0
78,143,143,19,0
78,143,143,20,3
78,143,143,21,0
78,143,143,22,0
78,143,143,23,0
78,143,143,24,0
78,143,143,25,1
78,143,143,0,1
78,144,144,1,217
78,144,144,2,2
78,144,144,3,20
78,144,144,4,139
78,144,144,5,1
78,144,144,6,0
78,144,144,7,1
78,144,144,8,292
78,144,144,9,0
78,144,144,10,0
78,144,144,11,0
78,144,144,12,0
78,144,144,13,0
78,144,144,14,0
78,144,144,15,0
78,144,144,16,3
78,144,144,17,4
78,144,144,18,0
78,144,144,19,0
78,144,144,20,0
78,144,144,21,0
78,144,144,22,0
78,144,144,23,0
78,144,144,24,0
78,144,144,25,0
78,144,144,0,0
78,145,145,1,243
78,145,145,2,1
78,145,145,3,17
78,145,145,4,186
78,145,145,5,1
78,145,145,6,0
78,145,145,7,3
78,145,145,8,90
78,145,145,9,0
78,145,145,10,1
78,145,145,11,0
78,145,145,12,4
78,145,145,13,0
78,145,145,14,0
78,145,145,15,1
78,145,145,16,4
78,145,145,17,2
78,145,145,18,1
78,145,145,19,0
78,145,145,20,1
78,145,145,21,0
78,145,145,22,0
78,145,145,23,1
78,145,145,24,0
78,145,145,25,1
78,145,145,0,0
78,145,145,1,0
78,145,145,2,0
78,145,145,3,0
78,145,145,4,0
78,145,145,5,0
78,145,145,6,0
78,145,145,7,0
78,145,145,8,0
78,145,145,9,0
78,145,145,10,0
78,145,145,11,0
78,145,145,12,0
78,145,145,13,0
78,145,145,14,0
78,145,145,15,0
78,145,145,16,0
78,145,145,17,0
78,145,145,18,0
78,145,145,19,0
78,145,145,20,0
78,145,145,21,0
78,145,145,22,0
78,145,145,23,0
78,145,145,24,0
78,145,145,25,0
78,145,145,0,0
78,146,146,1,0
78,146,146,2,0
78,146,146,3,0
78,146,146,4,0
78,146,146,5,0
78,146,146,6,0
78,146,146,7,0
78,146,146,8,0
78,146,146,9,0
78,146,146,10,0
78,146,146,11,0
78,146,146,12,0
78,146,146,13,0
78,146,146,14,0
78,146,146,15,0
78,146,146,16,0
78,146,146,17,0
78,146,146,18,0
78,146,146,19,0
78,146,146,20,0
78,146,146,21,0
78,146,146,22,0
78,146,146,23,0
78,146,146,24,0
78,146,146,25,0
78,146,146,0,0
78,146,146,1,253
78,146,146,2,4
78,146,146,3,29
78,146,146,4,338
78,146,146,5,2
78,146,146,6,0
78,146,146,7,0
78,146,146,8,70
78,146,146,9,1
78,146,146,10,0
78,146,146,11,1
78,146,146,12,0
78,146,146,13,1
78,146,146,14,1
78,146,146,15,1
78,146,146,16,3
78,146,146,17,6
78,146,146,18,0
78,146,146,19,0
78,146,146,20,3
78,146,146,21,0
78,146,146,22,0
78,146,146,23,0
78,146,146,24,0
78,146,146,25,0
78,146,146,0,1
78,147,147,1,324
78,147,147,2,3
78,147,147,3,19
78,147,147,4,139
78,147,147,5,0
78,147,147,6,0
78,147,147,7,1
78,147,147,8,68
78,147,147,9,1
78,147,147,10,1
78,147,147,11,0
78,147,147,12,1
78,147,147,13,0
78,147,147,14,0
78,147,147,15,0
78,147,147,16,2
78,147,147,17,1
78,147,147,18,1
78,147,147,19,0
78,147,147,20,0
78,147,147,21,0
78,147,147,22,0
78,147,147,23,0
78,147,147,24,0
78,147,147,25,0
78,147,147,0,2
78,147,147,1,0
78,147,147,2,0
78,147,147,3,0
78,147,147,4,0
78,147,147,5,0
78,147,147,6,0
78,147,147,7,0
78,147,147,8,0
78,147,147,9,0
78,147,147,10,0
78,147,147,11,0
78,147,147,12,0
78,147,147,13,0
78,147,147,14,0
78,147,147,15,0
78,147,147,16,0
78,147,147,17,0
78,147,147,18,0
78,147,147,19,0
78,147,147,20,0
78,147,147,21,0
78,147,147,22,0
78,147,147,23,0
78,147,147,24,0
78,147,147,25,0
78,147,147,0,0
78,148,148,1,382
78,148,148,2,2
78,148,148,3,16
78,148,148,4,201
78,148,148,5,4
78,148,148,6,0
78,148,148,7,0
78,148,148,8,91
78,148,148,9,2
78,148,148,10,2
78,148,148,11,0
78,148,148,12,1
78,148,148,13,2
78,148,148,14,1
78,148,148,15,0
78,148,148,16,16
78,148,148,17,5
78,148,148,18,1
78,148,148,19,0
78,148,148,20,1
78,148,148,21,0
78,148,148,22,0
78,148,148,23,2
78,148,148,24,2
78,148,148,25,1
78,148,148,0,2
78,149,149,1,233
78,149,149,2,1
78,149,149,3,21
78,149,149,4,213
78,149,149,5,1
78,149,149,6,2
78,149,149,7,0
78,149,149,8,37
78,149,149,9,0
78,149,149,10,0
78,149,149,11,0
78,149,149,12,0
78,149,149,13,0
78,149,149,14,0
78,149,149,15,0
78,149,149,16,0
78,149,149,17,1
78,149,149,18,2
78,149,149,19,1
78,149,149,20,0
78,149,149,21,1
78,149,149,22,2
78,149,149,23,0
78,149,149,24,0
78,149,149,25,0
78,149,149,0,1
78,150,150,1,234
78,150,150,2,3
78,150,150,3,22
78,150,150,4,215
78,150,150,5,0
78,150,150,6,0
78,150,150,7,1
78,150,150,8,61
78,150,150,9,0
78,150,150,10,1
78,150,150,11,0
78,150,150,12,0
78,150,150,13,0
78,150,150,14,0
78,150,150,15,0
78,150,150,16,1
78,150,150,17,6
78,150,150,18,0
78,150,150,19,0
78,150,150,20,0
78,150,150,21,0
78,150,150,22,0
78,150,150,23,2
78,150,150,24,0
78,150,150,25,0
78,150,150,0,0
78,151,151,1,284
78,151,151,2,2
78,151,151,3,14
78,151,151,4,265
78,151,151,5,0
78,151,151,6,0
78,151,151,7,0
78,151,151,8,105
78,151,151,9,0
78,151,151,10,1
78,151,151,11,1
78,151,151,12,1
78,151,151,13,0
78,151,151,14,1
78,151,151,15,0
78,151,151,16,3
78,151,151,17,1
78,151,151,18,1
78,151,151,19,0
78,151,151,20,1
78,151,151,21,1
78,151,151,22,0
78,151,151,23,0
78,151,151,24,0
78,151,151,25,0
78,151,151,0,1
78,152,152,1,279
78,152,152,2,2
78,152,152,3,32
78,152,152,4,322
78,152,152,5,1
78,152,152,6,2
78,152,152,7,0
78,152,152,8,56
78,152,152,9,0
78,152,152,10,0
78,152,152,11,0
78,152,152,12,1
78,152,152,13,2
78,152,152,14,0
78,152,152,15,1
78,152,152,16,5
78,152,152,17,6
78,152,152,18,0
78,152,152,19,1
78,152,152,20,1
78,152,152,21,1
78,152,152,22,0
78,152,152,23,0
78,152,152,24,0
78,152,152,25,0
78,152,152,0,1
78,153,153,1,297
78,153,153,2,1
78,153,153,3,26
78,153,153,4,253
78,153,153,5,0
78,153,153,6,0
78,153,153,7,0
78,153,153,8,198
78,153,153,9,0
78,153,153,10,0
78,153,153,11,0
78,153,153,12,0
78,153,153,13,1
78,153,153,14,2
78,153,153,15,0
78,153,153,16,0
78,153,153,17,0
78,153,153,18,0
78,153,153,19,1
78,153,153,20,0
78,153,153,21,0
78,153,153,22,0
78,153,153,23,0
78,153,153,24,0
78,153,153,25,0
78,153,153,0,1
78,154,154,1,382
78,154,154,2,2
78,154,154,3,54
78,154,154,4,292
78,154,154,5,2
78,154,154,6,2
78,154,154,7,0
78,154,154,8,195
78,154,154,9,3
78,154,154,10,0
78,154,154,11,1
78,154,154,12,2
78,154,154,13,1
78,154,154,14,0
78,154,154,15,0
78,154,154,16,1
78,154,154,17,3
78,154,154,18,0
78,154,154,19,1
78,154,154,20,3
78,154,154,21,0
78,154,154,22,0
78,154,154,23,1
78,154,154,24,3
78,154,154,25,2
78,154,154,0,1
78,155,155,1,299
78,155,155,2,1
78,155,155,3,13
78,155,155,4,160
78,155,155,5,4
78,155,155,6,0
78,155,155,7,0
78,155,155,8,111
78,155,155,9,1
78,155,155,10,0
78,155,155,11,0
78,155,155,12,0
78,155,155,13,0
78,155,155,14,0
78,155,155,15,0
78,155,155,16,1
78,155,155,17,4
78,155,155,18,0
78,155,155,19,1
78,155,155,20,1
78,155,155,21,0
78,155,155,22,1
78,155,155,23,0
78,155,155,24,0
78,155,155,25,2
78,155,155,0,0
78,156,156,1,317
78,156,156,2,1
78,156,156,3,33
78,156,156,4,276
78,156,156,5,2
78,156,156,6,0
78,156,156,7,0
78,156,156,8,89
78,156,156,9,2
78,156,156,10,2
78,156,156,11,0
78,156,156,12,0
78,156,156,13,0
78,156,156,14,0
78,156,156,15,0
78,156,156,16,3
78,156,156,17,4
78,156,156,18,0
78,156,156,19,0
78,156,156,20,3
78,156,156,21,0
78,156,156,22,0
78,156,156,23,0
78,156,156,24,0
78,156,156,25,0
78,156,156,0,0
78,157,157,1,233
78,157,157,2,1
78,157,157,3,13
78,157,157,4,191
78,157,157,5,1
78,157,157,6,1
78,157,157,7,0
78,157,157,8,176
78,157,157,9,0
78,157,157,10,1
78,157,157,11,1
78,157,157,12,1
78,157,157,13,0
78,157,157,14,0
78,157,157,15,0
78,157,157,16,7
78,157,157,17,0
78,157,157,18,0
78,157,157,19,0
78,157,157,20,0
78,157,157,21,1
78,157,157,22,0
78,157,157,23,0
78,157,157,24,0
78,157,157,25,0
78,157,157,0,1
78,158,158,1,178
78,158,158,2,3
78,158,158,3,10
78,158,158,4,256
78,158,158,5,1
78,158,158,6,0
78,158,158,7,1
78,158,158,8,88
78,158,158,9,1
78,158,158,10,0
78,158,158,11,0
78,158,158,12,2
78,158,158,13,1
78,158,158,14,0
78,158,158,15,0
78,158,158,16,7
78,158,158,17,3
78,158,158,18,2
78,158,158,19,0
78,158,158,20,1
78,158,158,21,2
78,158,158,22,2
78,158,158,23,0
78,158,158,24,0
78,158,158,25,0
78,158,158,0,2
78,159,159,1,302
78,159,159,2,1
78,159,159,3,14
78,159,159,4,223
78,159,159,5,2
78,159,159,6,0
78,159,159,7,2
78,159,159,8,194
78,159,159,9,2
78,159,159,10,0
78,159,159,11,1
78,159,159,12,0
78,159,159,13,1
78,159,159,14,0
78,159,159,15,1
78,159,159,16,3
78,159,159,17,5
78,159,159,18,0
78,159,159,19,2
78,159,159,20,2
78,159,159,21,0
78,159,159,22,0
78,159,159,23,1
78,159,159,24,0
78,159,159,25,1
78,159,159,0,1
78,160,160,1,186
78,160,160,2,2
78,160,160,3,5
78,160,160,4,186
78,160,160,5,0
78,160,160,6,2
78,160,160,7,1
78,160,160,8,118
78,160,160,9,0
78,160,160,10,1
78,160,160,11,0
78,160,160,12,0
78,160,160,13,1
78,160,160,14,1
78,160,160,15,0
78,160,160,16,5
78,160,160,17,3
78,160,160,18,0
78,160,160,19,0
78,160,160,20,0
78,160,160,21,0
78,160,160,22,0
78,160,160,23,1
78,160,160,24,0
78,160,160,25,0
78,160,160,0,2
78,161,161,1,150
78,161,161,2,3
78,161,161,3,12
78,161,161,4,252
78,161,161,5,1
78,161,161,6,1
78,161,161,7,1
78,161,161,8,191
78,161,161,9,1
78,161,161,10,2
78,161,161,11,0
78,161,161,12,3
78,161,161,13,1
78,161,161,14,1
78,161,161,15,1
78,161,161,16,2
78,161,161,17,1
78,161,161,18,0
78,161,161,19,0
78,161,161,20,0
78,161,161,21,0
78,161,161,22,0
78,161,161,23,1
78,161,161,24,2
78,161,161,25,1
78,161,161,0,1
78,162,162,1,118
78,162,162,2,1
78,162,162,3,11
78,162,162,4,211
78,162,162,5,0
78,162,162,6,2
78,162,162,7,1
78,162,162,8,312
78,162,162,9,2
78,162,162,10,0
78,162,162,11,0
78,162,162,12,4
78,162,162,13,0
78,162,162,14,0
78,162,162,15,0
78,162,162,16,0
78,162,162,17,2
78,162,162,18,0
78,162,162,19,0
78,162,162,20,1
78,162,162,21,2
78,162,162,22,1
78,162,162,23,0
78,162,162,24,1
78,162,162,25,0
78,162,162,0,3
78,163,163,1,166
78,163,163,2,2
78,163,163,3,20
78,163,163,4,364
78,163,163,5,2
78,163,163,6,0
78,163,163,7,1
78,163,163,8,193
78,163,163,9,4
78,163,163,10,1
78,163,163,11,0
78,163,163,12,5
78,163,163,13,3
78,163,163,14,1
78,163,163,15,1
78,163,163,16,3
78,163,163,17,2
78,163,163,18,0
78,163,163,19,0
78,163,163,20,1
78,163,163,21,0
78,163,163,22,1
78,163,163,23,1
78,163,163,24,1
78,163,163,25,0
78,163,163,0,4
78,164,164,1,201
78,164,164,2,1
78,164,164,3,30
78,164,164,4,284
78,164,164,5,2
78,164,164,6,1
78,164,164,7,2
78,164,164,8,124
78,164,164,9,1
78,164,164,10,0
78,164,164,11,1
78,164,164,12,1
78,164,164,13,3
78,164,164,14,0
78,164,164,15,1
78,164,164,16,5
78,164,164,17,4
78,164,164,18,0
78,164,164,19,0
78,164,164,20,1
78,164,164,21,2
78,164,164,22,0
78,164,164,23,0
78,164,164,24,0
78,164,164,25,2
78,164,164,0,1
78,165,165,1,180
78,165,165,2,0
78,165,165,3,25
78,165,165,4,115
78,165,165,5,1
78,165,165,6,0
78,165,165,7,0
78,165,165,8,20
78,165,165,9,1
78,165,165,10,0
78,165,165,11,0
78,165,165,12,0
78,165,165,13,1
78,165,165,14,0
78,165,165,15,0
78,165,165,16,3
78,165,165,17,1
78,165,165,18,0
78,165,165,19,0
78,165,165,20,0
78,165,165,21,0
78,165,165,22,0
78,165,165,23,0
78,165,165,24,0
78,165,165,25,0
78,165,165,0,4
78,166,166,1,0
78,166,166,2,0
78,166,166,3,0
78,166,166,4,0
78,166,166,5,0
78,166,166,6,0
78,166,166,7,0
78,166,166,8,0
78,166,166,9,0
78,166,166,10,0
78,166,166,11,0
78,166,166,12,0
78,166,166,13,0
78,166,166,14,0
78,166,166,15,0
78,166,166,16,0
78,166,166,17,0
78,166,166,18,0
78,166,166,19,0
78,166,166,20,0
78,166,166,21,0
78,166,166,22,0
78,166,166,23,0
78,166,166,24,0
78,166,166,25,0
78,166,166,0,0
78,166,166,1,260
78,166,166,2,3
78,166,166,3,26
78,166,166,4,280
78,166,166,5,3
78,166,166,6,1
78,166,166,7,0
78,166,166,8,53
78,166,166,9,1
78,166,166,10,2
78,166,166,11,0
78,166,166,12,1
78,166,166,13,2
78,166,166,14,1
78,166,166,15,1
78,166,166,16,7
78,166,166,17,3
78,166,166,18,0
78,166,166,19,0
78,166,166,20,0
78,166,166,21,0
78,166,166,22,0
78,166,166,23,0
78,166,166,24,0
78,166,166,25,1
78,166,166,0,2
78,167,167,1,0
78,167,167,2,0
78,167,167,3,0
78,167,167,4,0
78,167,167,5,0
78,167,167,6,0
78,167,167,7,0
78,167,167,8,0
78,167,167,9,0
78,167,167,10,0
78,167,167,11,0
78,167,167,12,0
78,167,167,13,0
78,167,167,14,0
78,167,167,15,0
78,167,167,16,0
78,167,167,17,0
78,167,167,18,0
78,167,167,19,0
78,167,167,20,0
78,167,167,21,0
78,167,167,22,0
78,167,167,23,0
78,167,167,24,0
78,167,167,25,0
78,167,167,0,0
78,167,167,1,161
78,167,167,2,0
78,167,167,3,15
78,167,167,4,282
78,167,167,5,4
78,167,167,6,1
78,167,167,7,1
78,167,167,8,188
78,167,167,9,7
78,167,167,10,0
78,167,167,11,1
78,167,167,12,5
78,167,167,13,1
78,167,167,14,0
78,167,167,15,1
78,167,167,16,3
78,167,167,17,4
78,167,167,18,0
78,167,167,19,0
78,167,167,20,2
78,167,167,21,1
78,167,167,22,2
78,167,167,23,1
78,167,167,24,0
78,167,167,25,0
78,167,167,0,1
78,168,168,1,0
78,168,168,2,0
78,168,168,3,0
78,168,168,4,0
78,168,168,5,0
78,168,168,6,0
78,168,168,7,0
78,168,168,8,0
78,168,168,9,0
78,168,168,10,0
78,168,168,11,0
78,168,168,12,0
78,168,168,13,0
78,168,168,14,0
78,168,168,15,0
78,168,168,16,0
78,168,168,17,0
78,168,168,18,0
78,168,168,19,0
78,168,168,20,0
78,168,168,21,0
78,168,168,22,0
78,168,168,23,0
78,168,168,24,0
78,168,168,25,0
78,168,168,0,0
78,168,168,1,272
78,168,168,2,1
78,168,168,3,18
78,168,168,4,242
78,168,168,5,0
78,168,168,6,3
78,168,168,7,1
78,168,168,8,184
78,168,168,9,1
78,168,168,10,1
78,168,168,11,1
78,168,168,12,1
78,168,168,13,0
78,168,168,14,1
78,168,168,15,0
78,168,168,16,7
78,168,168,17,4
78,168,168,18,0
78,168,168,19,0
78,168,168,20,1
78,168,168,21,0
78,168,168,22,1
78,168,168,23,0
78,168,168,24,2
78,168,168,25,0
78,168,168,0,3
78,169,169,1,272
78,169,169,2,2
78,169,169,3,24
78,169,169,4,293
78,169,169,5,0
78,169,169,6,2
78,169,169,7,1
78,169,169,8,131
78,169,169,9,0
78,169,169,10,0
78,169,169,11,0
78,169,169,12,2
78,169,169,13,1
78,169,169,14,0
78,169,169,15,0
78,169,169,16,8
78,169,169,17,9
78,169,169,18,0
78,169,169,19,0
78,169,169,20,1
78,169,169,21,0
78,169,169,22,1
78,169,169,23,1
78,169,169,24,0
78,169,169,25,0
78,169,169,0,6
78,170,170,1,227
78,170,170,2,1
78,170,170,3,26
78,170,170,4,190
78,170,170,5,3
78,170,170,6,1
78,170,170,7,1
78,170,170,8,177
78,170,170,9,0
78,170,170,10,0
78,170,170,11,0
78,170,170,12,2
78,170,170,13,0
78,170,170,14,0
78,170,170,15,1
78,170,170,16,3
78,170,170,17,2
78,170,170,18,0
78,170,170,19,0
78,170,170,20,0
78,170,170,21,0
78,170,170,22,0
78,170,170,23,0
78,170,170,24,2
78,170,170,25,0
78,170,170,0,0
78,171,171,1,239
78,171,171,2,0
78,171,171,3,6
78,171,171,4,162
78,171,171,5,0
78,171,171,6,1
78,171,171,7,1
78,171,171,8,45
78,171,171,9,0
78,171,171,10,0
78,171,171,11,0
78,171,171,12,2
78,171,171,13,1
78,171,171,14,2
78,171,171,15,0
78,171,171,16,5
78,171,171,17,2
78,171,171,18,1
78,171,171,19,0
78,171,171,20,0
78,171,171,21,0
78,171,171,22,0
78,171,171,23,1
78,171,171,24,0
78,171,171,25,0
78,171,171,0,2
78,172,172,1,420
78,172,172,2,6
78,172,172,3,22
78,172,172,4,286
78,172,172,5,1
78,172,172,6,1
78,172,172,7,2
78,172,172,8,241
78,172,172,9,0
78,172,172,10,1
78,172,172,11,0
78,172,172,12,5
78,172,172,13,1
78,172,172,14,0
78,172,172,15,0
78,172,172,16,3
78,172,172,17,0
78,172,172,18,0
78,172,172,19,0
78,172,172,20,0
78,172,172,21,0
78,172,172,22,0
78,172,172,23,1
78,172,172,24,1
78,172,172,25,0
78,172,172,0,3
78,173,173,1,205
78,173,173,2,1
78,173,173,3,25
78,173,173,4,162
78,173,173,5,1
78,173,173,6,0
78,173,173,7,0
78,173,173,8,116
78,173,173,9,0
78,173,173,10,1
78,173,173,11,0
78,173,173,12,0
78,173,173,13,0
78,173,173,14,0
78,173,173,15,0
78,173,173,16,0
78,173,173,17,0
78,173,173,18,0
78,173,173,19,0
78,173,173,20,1
78,173,173,21,0
78,173,173,22,0
78,173,173,23,0
78,173,173,24,0
78,173,173,25,0
78,173,173,0,0
78,174,174,1,382
78,174,174,2,0
78,174,174,3,34
78,174,174,4,265
78,174,174,5,1
78,174,174,6,0
78,174,174,7,4
78,174,174,8,73
78,174,174,9,0
78,174,174,10,1
78,174,174,11,0
78,174,174,12,1
78,174,174,13,0
78,174,174,14,0
78,174,174,15,1
78,174,174,16,7
78,174,174,17,6
78,174,174,18,2
78,174,174,19,0
78,174,174,20,0
78,174,174,21,0
78,174,174,22,0
78,174,174,23,0
78,174,174,24,0
78,174,174,25,1
78,174,174,0,1
78,175,175,1,220
78,175,175,2,0
78,175,175,3,20
78,175,175,4,235
78,175,175,5,1
78,175,175,6,0
78,175,175,7,0
78,175,175,8,265
78,175,175,9,0
78,175,175,10,1
78,175,175,11,0
78,175,175,12,2
78,175,175,13,0
78,175,175,14,0
78,175,175,15,0
78,175,175,16,1
78,175,175,17,1
78,175,175,18,0
78,175,175,19,0
78,175,175,20,0
78,175,175,21,0
78,175,175,22,0
78,175,175,23,0
78,175,175,24,0
78,175,175,25,0
78,175,175,0,0
78,176,176,1,273
78,176,176,2,1
78,176,176,3,19
78,176,176,4,199
78,176,176,5,1
78,176,176,6,0
78,176,176,7,0
78,176,176,8,113
78,176,176,9,1
78,176,176,10,0
78,176,176,11,0
78,176,176,12,1
78,176,176,13,0
78,176,176,14,0
78,176,176,15,0
78,176,176,16,0
78,176,176,17,0
78,176,176,18,0
78,176,176,19,0
78,176,176,20,0
78,176,176,21,0
78,176,176,22,0
78,176,176,23,0
78,176,176,24,0
78,176,176,25,0
78,176,176,0,0
78,177,177,1,328
78,177,177,2,3
78,177,177,3,25
78,177,177,4,152
78,177,177,5,0
78,177,177,6,0
78,177,177,7,0
78,177,177,8,94
78,177,177,9,0
78,177,177,10,0
78,177,177,11,0
78,177,177,12,1
78,177,177,13,0
78,177,177,14,0
78,177,177,15,0
78,177,177,16,4
78,177,177,17,4
78,177,177,18,1
78,177,177,19,0
78,177,177,20,2
78,177,177,21,0
78,177,177,22,0
78,177,177,23,0
78,177,177,24,0
78,177,177,25,0
78,177,177,0,2
78,178,178,1,464
78,178,178,2,0
78,178,178,3,21
78,178,178,4,364
78,178,178,5,1
78,178,178,6,0
78,178,178,7,1
78,178,178,8,106
78,178,178,9,1
78,178,178,10,0
78,178,178,11,0
78,178,178,12,0
78,178,178,13,1
78,178,178,14,0
78,178,178,15,1
78,178,178,16,1
78,178,178,17,1
78,178,178,18,0
78,178,178,19,0
78,178,178,20,0
78,178,178,21,0
78,178,178,22,1
78,178,178,23,0
78,178,178,24,0
78,178,178,25,0
78,178,178,0,0
78,179,179,1,297
78,179,179,2,2
78,179,179,3,28
78,179,179,4,318
78,179,179,5,1
78,179,179,6,0
78,179,179,7,1
78,179,179,8,238
78,179,179,9,0
78,179,179,10,0
78,179,179,11,1
78,179,179,12,1
78,179,179,13,0
78,179,179,14,0
78,179,179,15,0
78,179,179,16,4
78,179,179,17,4
78,179,179,18,1
78,179,179,19,1
78,179,179,20,1
78,179,179,21,0
78,179,179,22,1
78,179,179,23,0
78,179,179,24,0
78,179,179,25,0
78,179,179,0,7
78,180,180,1,268
78,180,180,2,2
78,180,180,3,20
78,180,180,4,248
78,180,180,5,1
78,180,180,6,0
78,180,180,7,3
78,180,180,8,201
78,180,180,9,0
78,180,180,10,0
78,180,180,11,0
78,180,180,12,0
78,180,180,13,0
78,180,180,14,0
78,180,180,15,0
78,180,180,16,1
78,180,180,17,1
78,180,180,18,3
78,180,180,19,0
78,180,180,20,1
78,180,180,21,0
78,180,180,22,0
78,180,180,23,0
78,180,180,24,0
78,180,180,25,0
78,180,180,0,2
78,181,181,1,296
78,181,181,2,3
78,181,181,3,15
78,181,181,4,291
78,181,181,5,1
78,181,181,6,0
78,181,181,7,1
78,181,181,8,146
78,181,181,9,1
78,181,181,10,0
78,181,181,11,1
78,181,181,12,0
78,181,181,13,0
78,181,181,14,0
78,181,181,15,0
78,181,181,16,1
78,181,181,17,4
78,181,181,18,1
78,181,181,19,0
78,181,181,20,1
78,181,181,21,0
78,181,181,22,0
78,181,181,23,1
78,181,181,24,0
78,181,181,25,0
78,181,181,0,2
78,182,182,1,336
78,182,182,2,1
78,182,182,3,29
78,182,182,4,124
78,182,182,5,0
78,182,182,6,0
78,182,182,7,1
78,182,182,8,44
78,182,182,9,0
78,182,182,10,1
78,182,182,11,0
78,182,182,12,0
78,182,182,13,0
78,182,182,14,0
78,182,182,15,0
78,182,182,16,2
78,182,182,17,0
78,182,182,18,0
78,182,182,19,0
78,182,182,20,0
78,182,182,21,0
78,182,182,22,0
78,182,182,23,0
78,182,182,24,0
78,182,182,25,0
78,182,182,0,4
78,183,183,1,419
78,183,183,2,3
78,183,183,3,33
78,183,183,4,200
78,183,183,5,0
78,183,183,6,0
78,183,183,7,1
78,183,183,8,56
78,183,183,9,0
78,183,183,10,0
78,183,183,11,0
78,183,183,12,0
78,183,183,13,0
78,183,183,14,0
78,183,183,15,0
78,183,183,16,1
78,183,183,17,3
78,183,183,18,3
78,183,183,19,0
78,183,183,20,1
78,183,183,21,0
78,183,183,22,0
78,183,183,23,0
78,183,183,24,0
78,183,183,25,0
78,183,183,0,2
78,184,184,1,232
78,184,184,2,0
78,184,184,3,18
78,184,184,4,209
78,184,184,5,0
78,184,184,6,0
78,184,184,7,0
78,184,184,8,301
78,184,184,9,0
78,184,184,10,1
78,184,184,11,0
78,184,184,12,0
78,184,184,13,0
78,184,184,14,0
78,184,184,15,1
78,184,184,16,0
78,184,184,17,2
78,184,184,18,1
78,184,184,19,0
78,184,184,20,0
78,184,184,21,0
78,184,184,22,0
78,184,184,23,0
78,184,184,24,0
78,184,184,25,0
78,184,184,0,1
78,185,185,1,241
78,185,185,2,1
78,185,185,3,17
78,185,185,4,281
78,185,185,5,0
78,185,185,6,0
78,185,185,7,0
78,185,185,8,46
78,185,185,9,1
78,185,185,10,0
78,185,185,11,0
78,185,185,12,0
78,185,185,13,0
78,185,185,14,0
78,185,185,15,0
78,185,185,16,0
78,185,185,17,3
78,185,185,18,2
78,185,185,19,0
78,185,185,20,3
78,185,185,21,0
78,185,185,22,0
78,185,185,23,0
78,185,185,24,0
78,185,185,25,0
78,185,185,0,5
78,186,186,1,216
78,186,186,2,0
78,186,186,3,27
78,186,186,4,174
78,186,186,5,0
78,186,186,6,0
78,186,186,7,1
78,186,186,8,414
78,186,186,9,3
78,186,186,10,0
78,186,186,11,0
78,186,186,12,1
78,186,186,13,0
78,186,186,14,0
78,186,186,15,0
78,186,186,16,5
78,186,186,17,1
78,186,186,18,1
78,186,186,19,0
78,186,186,20,1
78,186,186,21,0
78,186,186,22,0
78,186,186,23,0
78,186,186,24,2
78,186,186,25,1
78,186,186,0,1
78,187,187,1,244
78,187,187,2,3
78,187,187,3,36
78,187,187,4,293
78,187,187,5,2
78,187,187,6,0
78,187,187,7,0
78,187,187,8,184
78,187,187,9,0
78,187,187,10,0
78,187,187,11,0
78,187,187,12,2
78,187,187,13,2
78,187,187,14,0
78,187,187,15,0
78,187,187,16,9
78,187,187,17,1
78,187,187,18,1
78,187,187,19,0
78,187,187,20,0
78,187,187,21,0
78,187,187,22,0
78,187,187,23,0
78,187,187,24,0
78,187,187,25,0
78,187,187,0,3
78,187,187,1,0
78,187,187,2,0
78,187,187,3,0
78,187,187,4,0
78,187,187,5,0
78,187,187,6,0
78,187,187,7,0
78,187,187,8,0
78,187,187,9,0
78,187,187,10,0
78,187,187,11,0
78,187,187,12,0
78,187,187,13,0
78,187,187,14,0
78,187,187,15,0
78,187,187,16,0
78,187,187,17,0
78,187,187,18,0
78,187,187,19,0
78,187,187,20,0
78,187,187,21,0
78,187,187,22,0
78,187,187,23,0
78,187,187,24,0
78,187,187,25,0
78,187,187,0,0
78,188,188,1,202
78,188,188,2,1
78,188,188,3,20
78,188,188,4,234
78,188,188,5,0
78,188,188,6,0
78,188,188,7,0
78,188,188,8,60
78,188,188,9,1
78,188,188,10,0
78,188,188,11,0
78,188,188,12,0
78,188,188,13,1
78,188,188,14,0
78,188,188,15,0
78,188,188,16,1
78,188,188,17,0
78,188,188,18,0
78,188,188,19,0
78,188,188,20,0
78,188,188,21,0
78,188,188,22,0
78,188,188,23,0
78,188,188,24,0
78,188,188,25,0
78,188,188,0,1
78,188,188,1,0
78,188,188,2,0
78,188,188,3,0
78,188,188,4,0
78,188,188,5,0
78,188,188,6,0
78,188,188,7,0
78,188,188,8,0
78,188,188,9,0
78,188,188,10,0
78,188,188,11,0
78,188,188,12,0
78,188,188,13,0
78,188,188,14,0
78,188,188,15,0
78,188,188,16,0
78,188,188,17,0
78,188,188,18,0
78,188,188,19,0
78,188,188,20,0
78,188,188,21,0
78,188,188,22,0
78,188,188,23,0
78,188,188,24,0
78,188,188,25,0
78,188,188,0,0
78,189,189,1,236
78,189,189,2,0
78,189,189,3,19
78,189,189,4,223
78,189,189,5,3
78,189,189,6,1
78,189,189,7,0
78,189,189,8,21
78,189,189,9,0
78,189,189,10,0
78,189,189,11,0
78,189,189,12,0
78,189,189,13,2
78,189,189,14,1
78,189,189,15,0
78,189,189,16,8
78,189,189,17,1
78,189,189,18,0
78,189,189,19,1
78,189,189,20,1
78,189,189,21,1
78,189,189,22,0
78,189,189,23,0
78,189,189,24,0
78,189,189,25,1
78,189,189,0,0
78,189,189,1,0
78,189,189,2,0
78,189,189,3,0
78,189,189,4,0
78,189,189,5,0
78,189,189,6,0
78,189,189,7,0
78,189,189,8,0
78,189,189,9,0
78,189,189,10,0
78,189,189,11,0
78,189,189,12,0
78,189,189,13,0
78,189,189,14,0
78,189,189,15,0
78,189,189,16,0
78,189,189,17,0
78,189,189,18,0
78,189,189,19,0
78,189,189,20,0
78,189,189,21,0
78,189,189,22,0
78,189,189,23,0
78,189,189,24,0
78,189,189,25,0
78,189,189,0,0
78,190,190,1,267
78,190,190,2,3
78,190,190,3,37
78,190,190,4,401
78,190,190,5,2
78,190,190,6,0
78,190,190,7,0
78,190,190,8,205
78,190,190,9,3
78,190,190,10,2
78,190,190,11,0
78,190,190,12,0
78,190,190,13,1
78,190,190,14,0
78,190,190,15,0
78,190,190,16,2
78,190,190,17,8
78,190,190,18,0
78,190,190,19,1
78,190,190,20,1
78,190,190,21,0
78,190,190,22,0
78,190,190,23,0
78,190,190,24,0
78,190,190,25,2
78,190,190,0,4
78,191,191,1,121
78,191,191,2,1
78,191,191,3,10
78,191,191,4,247
78,191,191,5,0
78,191,191,6,0
78,191,191,7,0
78,191,191,8,249
78,191,191,9,2
78,191,191,10,0
78,191,191,11,0
78,191,191,12,3
78,191,191,13,2
78,191,191,14,1
78,191,191,15,0
78,191,191,16,3
78,191,191,17,2
78,191,191,18,0
78,191,191,19,0
78,191,191,20,0
78,191,191,21,0
78,191,191,22,0
78,191,191,23,0
78,191,191,24,1
78,191,191,25,0
78,191,191,0,0
78,192,192,1,115
78,192,192,2,1
78,192,192,3,13
78,192,192,4,204
78,192,192,5,0
78,192,192,6,0
78,192,192,7,0
78,192,192,8,115
78,192,192,9,0
78,192,192,10,1
78,192,192,11,0
78,192,192,12,2
78,192,192,13,0
78,192,192,14,0
78,192,192,15,0
78,192,192,16,3
78,192,192,17,1
78,192,192,18,0
78,192,192,19,0
78,192,192,20,0
78,192,192,21,0
78,192,192,22,0
78,192,192,23,1
78,192,192,24,0
78,192,192,25,0
78,192,192,0,0
78,193,193,1,115
78,193,193,2,1
78,193,193,3,11
78,193,193,4,223
78,193,193,5,3
78,193,193,6,0
78,193,193,7,1
78,193,193,8,199
78,193,193,9,4
78,193,193,10,3
78,193,193,11,0
78,193,193,12,5
78,193,193,13,0
78,193,193,14,0
78,193,193,15,0
78,193,193,16,1
78,193,193,17,4
78,193,193,18,0
78,193,193,19,0
78,193,193,20,3
78,193,193,21,1
78,193,193,22,1
78,193,193,23,1
78,193,193,24,3
78,193,193,25,0
78,193,193,0,0
78,194,194,1,381
78,194,194,2,5
78,194,194,3,25
78,194,194,4,409
78,194,194,5,1
78,194,194,6,1
78,194,194,7,3
78,194,194,8,266
78,194,194,9,0
78,194,194,10,1
78,194,194,11,2
78,194,194,12,4
78,194,194,13,4
78,194,194,14,0
78,194,194,15,1
78,194,194,16,4
78,194,194,17,0
78,194,194,18,1
78,194,194,19,1
78,194,194,20,0
78,194,194,21,1
78,194,194,22,0
78,194,194,23,0
78,194,194,24,1
78,194,194,25,0
78,194,194,0,4
78,195,195,1,185
78,195,195,2,0
78,195,195,3,36
78,195,195,4,156
78,195,195,5,1
78,195,195,6,0
78,195,195,7,0
78,195,195,8,212
78,195,195,9,1
78,195,195,10,2
78,195,195,11,0
78,195,195,12,1
78,195,195,13,0
78,195,195,14,0
78,195,195,15,0
78,195,195,16,7
78,195,195,17,2
78,195,195,18,0
78,195,195,19,0
78,195,195,20,0
78,195,195,21,0
78,195,195,22,0
78,195,195,23,1
78,195,195,24,0
78,195,195,25,0
78,195,195,0,4
78,196,196,1,249
78,196,196,2,1
78,196,196,3,31
78,196,196,4,341
78,196,196,5,1
78,196,196,6,3
78,196,196,7,6
78,196,196,8,284
78,196,196,9,2
78,196,196,10,1
78,196,196,11,0
78,196,196,12,2
78,196,196,13,0
78,196,196,14,1
78,196,196,15,0
78,196,196,16,1
78,196,196,17,4
78,196,196,18,2
78,196,196,19,0
78,196,196,20,0
78,196,196,21,0
78,196,196,22,1
78,196,196,23,1
78,196,196,24,0
78,196,196,25,0
78,196,196,0,1
78,197,197,1,388
78,197,197,2,1
78,197,197,3,27
78,197,197,4,359
78,197,197,5,1
78,197,197,6,0
78,197,197,7,1
78,197,197,8,66
78,197,197,9,2
78,197,197,10,1
78,197,197,11,1
78,197,197,12,1
78,197,197,13,2
78,197,197,14,0
78,197,197,15,0
78,197,197,16,9
78,197,197,17,2
78,197,197,18,1
78,197,197,19,0
78,197,197,20,0
78,197,197,21,0
78,197,197,22,0
78,197,197,23,0
78,197,197,24,0
78,197,197,25,0
78,197,197,0,3
78,198,198,1,432
78,198,198,2,5
78,198,198,3,29
78,198,198,4,363
78,198,198,5,0
78,198,198,6,1
78,198,198,7,1
78,198,198,8,148
78,198,198,9,1
78,198,198,10,0
78,198,198,11,0
78,198,198,12,0
78,198,198,13,0
78,198,198,14,0
78,198,198,15,1
78,198,198,16,6
78,198,198,17,3
78,198,198,18,0
78,198,198,19,0
78,198,198,20,0
78,198,198,21,1
78,198,198,22,0
78,198,198,23,0
78,198,198,24,0
78,198,198,25,1
78,198,198,0,2
78,199,199,1,274
78,199,199,2,5
78,199,199,3,44
78,199,199,4,474
78,199,199,5,3
78,199,199,6,0
78,199,199,7,1
78,199,199,8,33
78,199,199,9,0
78,199,199,10,3
78,199,199,11,0
78,199,199,12,1
78,199,199,13,4
78,199,199,14,1
78,199,199,15,1
78,199,199,16,9
78,199,199,17,7
78,199,199,18,0
78,199,199,19,2
78,199,199,20,3
78,199,199,21,0
78,199,199,22,1
78,199,199,23,2
78,199,199,24,2
78,199,199,25,1
78,199,199,0,6
78,200,200,1,165
78,200,200,2,0
78,200,200,3,20
78,200,200,4,215
78,200,200,5,1
78,200,200,6,0
78,200,200,7,1
78,200,200,8,164
78,200,200,9,0
78,200,200,10,0
78,200,200,11,0
78,200,200,12,1
78,200,200,13,0
78,200,200,14,0
78,200,200,15,1
78,200,200,16,1
78,200,200,17,2
78,200,200,18,0
78,200,200,19,0
78,200,200,20,0
78,200,200,21,0
78,200,200,22,0
78,200,200,23,0
78,200,200,24,1
78,200,200,25,0
78,200,200,0,4
78,201,201,1,143
78,201,201,2,1
78,201,201,3,6
78,201,201,4,190
78,201,201,5,2
78,201,201,6,0
78,201,201,7,1
78,201,201,8,147
78,201,201,9,1
78,201,201,10,1
78,201,201,11,0
78,201,201,12,3
78,201,201,13,1
78,201,201,14,0
78,201,201,15,1
78,201,201,16,0
78,201,201,17,0
78,201,201,18,0
78,201,201,19,0
78,201,201,20,1
78,201,201,21,0
78,201,201,22,0
78,201,201,23,1
78,201,201,24,0
78,201,201,25,2
78,201,201,0,1
78,202,202,1,386
78,202,202,2,3
78,202,202,3,16
78,202,202,4,297
78,202,202,5,0
78,202,202,6,3
78,202,202,7,1
78,202,202,8,71
78,202,202,9,0
78,202,202,10,2
78,202,202,11,0
78,202,202,12,2
78,202,202,13,0
78,202,202,14,0
78,202,202,15,0
78,202,202,16,1
78,202,202,17,3
78,202,202,18,1
78,202,202,19,0
78,202,202,20,0
78,202,202,21,1
78,202,202,22,0
78,202,202,23,0
78,202,202,24,0
78,202,202,25,0
78,202,202,0,2
78,203,203,1,370
78,203,203,2,1
78,203,203,3,23
78,203,203,4,319
78,203,203,5,0
78,203,203,6,2
78,203,203,7,0
78,203,203,8,163
78,203,203,9,0
78,203,203,10,2
78,203,203,11,0
78,203,203,12,1
78,203,203,13,0
78,203,203,14,1
78,203,203,15,0
78,203,203,16,5
78,203,203,17,3
78,203,203,18,1
78,203,203,19,0
78,203,203,20,1
78,203,203,21,0
78,203,203,22,1
78,203,203,23,1
78,203,203,24,1
78,203,203,25,0
78,203,203,0,0
78,204,204,1,260
78,204,204,2,2
78,204,204,3,20
78,204,204,4,241
78,204,204,5,4
78,204,204,6,0
78,204,204,7,0
78,204,204,8,136
78,204,204,9,1
78,204,204,10,0
78,204,204,11,0
78,204,204,12,0
78,204,204,13,0
78,204,204,14,0
78,204,204,15,0
78,204,204,16,0
78,204,204,17,6
78,204,204,18,1
78,204,204,19,0
78,204,204,20,2
78,204,204,21,0
78,204,204,22,0
78,204,204,23,0
78,204,204,24,0
78,204,204,25,0
78,204,204,0,1
78,205,205,1,340
78,205,205,2,4
78,205,205,3,38
78,205,205,4,390
78,205,205,5,1
78,205,205,6,1
78,205,205,7,2
78,205,205,8,65
78,205,205,9,3
78,205,205,10,1
78,205,205,11,0
78,205,205,12,2
78,205,205,13,1
78,205,205,14,1
78,205,205,15,0
78,205,205,16,6
78,205,205,17,3
78,205,205,18,1
78,205,205,19,0
78,205,205,20,1
78,205,205,21,1
78,205,205,22,0
78,205,205,23,0
78,205,205,24,1
78,205,205,25,1
78,205,205,0,4
78,206,206,1,176
78,206,206,2,0
78,206,206,3,19
78,206,206,4,168
78,206,206,5,1
78,206,206,6,0
78,206,206,7,2
78,206,206,8,135
78,206,206,9,5
78,206,206,10,1
78,206,206,11,0
78,206,206,12,1
78,206,206,13,0
78,206,206,14,0
78,206,206,15,1
78,206,206,16,0
78,206,206,17,1
78,206,206,18,0
78,206,206,19,0
78,206,206,20,1
78,206,206,21,1
78,206,206,22,0
78,206,206,23,0
78,206,206,24,0
78,206,206,25,0
78,206,206,0,1
78,207,207,1,321
78,207,207,2,3
78,207,207,3,19
78,207,207,4,257
78,207,207,5,2
78,207,207,6,0
78,207,207,7,1
78,207,207,8,71
78,207,207,9,14
78,207,207,10,0
78,207,207,11,0
78,207,207,12,0
78,207,207,13,0
78,207,207,14,0
78,207,207,15,0
78,207,207,16,7
78,207,207,17,3
78,207,207,18,0
78,207,207,19,0
78,207,207,20,1
78,207,207,21,1
78,207,207,22,1
78,207,207,23,1
78,207,207,24,0
78,207,207,25,1
78,207,207,0,1
78,208,208,1,308
78,208,208,2,1
78,208,208,3,34
78,208,208,4,351
78,208,208,5,0
78,208,208,6,2
78,208,208,7,2
78,208,208,8,156
78,208,208,9,1
78,208,208,10,2
78,208,208,11,1
78,208,208,12,0
78,208,208,13,0
78,208,208,14,0
78,208,208,15,2
78,208,208,16,6
78,208,208,17,4
78,208,208,18,0
78,208,208,19,0
78,208,208,20,0
78,208,208,21,0
78,208,208,22,1
78,208,208,23,4
78,208,208,24,2
78,208,208,25,1
78,208,208,0,0
78,208,208,1,0
78,208,208,2,0
78,208,208,3,0
78,208,208,4,0
78,208,208,5,0
78,208,208,6,0
78,208,208,7,0
78,208,208,8,0
78,208,208,9,0
78,208,208,10,0
78,208,208,11,0
78,208,208,12,0
78,208,208,13,0
78,208,208,14,0
78,208,208,15,0
78,208,208,16,0
78,208,208,17,0
78,208,208,18,0
78,208,208,19,0
78,208,208,20,0
78,208,208,21,0
78,208,208,22,0
78,208,208,23,0
78,208,208,24,0
78,208,208,25,0
78,208,208,0,0
78,209,209,1,0
78,209,209,2,0
78,209,209,3,0
78,209,209,4,0
78,209,209,5,0
78,209,209,6,0
78,209,209,7,0
78,209,209,8,0
78,209,209,9,0
78,209,209,10,0
78,209,209,11,0
78,209,209,12,0
78,209,209,13,0
78,209,209,14,0
78,209,209,15,0
78,209,209,16,0
78,209,209,17,0
78,209,209,18,0
78,209,209,19,0
78,209,209,20,0
78,209,209,21,0
78,209,209,22,0
78,209,209,23,0
78,209,209,24,0
78,209,209,25,0
78,209,209,0,0
78,209,209,1,208
78,209,209,2,0
78,209,209,3,35
78,209,209,4,359
78,209,209,5,0
78,209,209,6,0
78,209,209,7,0
78,209,209,8,260
78,209,209,9,2
78,209,209,10,1
78,209,209,11,1
78,209,209,12,3
78,209,209,13,0
78,209,209,14,0
78,209,209,15,0
78,209,209,16,2
78,209,209,17,6
78,209,209,18,1
78,209,209,19,1
78,209,209,20,0
78,209,209,21,0
78,209,209,22,0
78,209,209,23,1
78,209,209,24,0
78,209,209,25,0
78,209,209,0,0
78,210,210,1,0
78,210,210,2,0
78,210,210,3,0
78,210,210,4,0
78,210,210,5,0
78,210,210,6,0
78,210,210,7,0
78,210,210,8,0
78,210,210,9,0
78,210,210,10,0
78,210,210,11,0
78,210,210,12,0
78,210,210,13,0
78,210,210,14,0
78,210,210,15,0
78,210,210,16,0
78,210,210,17,0
78,210,210,18,0
78,210,210,19,0
78,210,210,20,0
78,210,210,21,0
78,210,210,22,0
78,210,210,23,0
78,210,210,24,0
78,210,210,25,0
78,210,210,0,0
78,210,210,1,204
78,210,210,2,0
78,210,210,3,16
78,210,210,4,296
78,210,210,5,1
78,210,210,6,2
78,210,210,7,1
78,210,210,8,288
78,210,210,9,2
78,210,210,10,1
78,210,210,11,0
78,210,210,12,5
78,210,210,13,2
78,210,210,14,0
78,210,210,15,0
78,210,210,16,0
78,210,210,17,8
78,210,210,18,2
78,210,210,19,0
78,210,210,20,1
78,210,210,21,0
78,210,210,22,1
78,210,210,23,0
78,210,210,24,0
78,210,210,25,0
78,210,210,0,1
78,211,211,1,188
78,211,211,2,1
78,211,211,3,14
78,211,211,4,207
78,211,211,5,0
78,211,211,6,0
78,211,211,7,0
78,211,211,8,129
78,211,211,9,1
78,211,211,10,1
78,211,211,11,0
78,211,211,12,0
78,211,211,13,1
78,211,211,14,0
78,211,211,15,0
78,211,211,16,0
78,211,211,17,1
78,211,211,18,0
78,211,211,19,0
78,211,211,20,1
78,211,211,21,0
78,211,211,22,1
78,211,211,23,0
78,211,211,24,0
78,211,211,25,1
78,211,211,0,1
78,212,212,1,163
78,212,212,2,1
78,212,212,3,16
78,212,212,4,294
78,212,212,5,2
78,212,212,6,1
78,212,212,7,0
78,212,212,8,163
78,212,212,9,2
78,212,212,10,2
78,212,212,11,1
78,212,212,12,2
78,212,212,13,0
78,212,212,14,1
78,212,212,15,1
78,212,212,16,2
78,212,212,17,3
78,212,212,18,0
78,212,212,19,0
78,212,212,20,1
78,212,212,21,0
78,212,212,22,0
78,212,212,23,2
78,212,212,24,1
78,212,212,25,0
78,212,212,0,1
78,213,213,1,198
78,213,213,2,1
78,213,213,3,21
78,213,213,4,286
78,213,213,5,0
78,213,213,6,0
78,213,213,7,3
78,213,213,8,133
78,213,213,9,0
78,213,213,10,0
78,213,213,11,1
78,213,213,12,2
78,213,213,13,1
78,213,213,14,1
78,213,213,15,1
78,213,213,16,4
78,213,213,17,4
78,213,213,18,0
78,213,213,19,0
78,213,213,20,0
78,213,213,21,0
78,213,213,22,1
78,213,213,23,0
78,213,213,24,0
78,213,213,25,0
78,213,213,0,3
78,214,214,1,416
78,214,214,2,4
78,214,214,3,34
78,214,214,4,289
78,214,214,5,0
78,214,214,6,3
78,214,214,7,0
78,214,214,8,217
78,214,214,9,2
78,214,214,10,1
78,214,214,11,1
78,214,214,12,0
78,214,214,13,0
78,214,214,14,1
78,214,214,15,0
78,214,214,16,4
78,214,214,17,3
78,214,214,18,0
78,214,214,19,2
78,214,214,20,2
78,214,214,21,0
78,214,214,22,0
78,214,214,23,1
78,214,214,24,0
78,214,214,25,0
78,214,214,0,2
78,215,215,1,208
78,215,215,2,1
78,215,215,3,20
78,215,215,4,401
78,215,215,5,0
78,215,215,6,1
78,215,215,7,0
78,215,215,8,81
78,215,215,9,1
78,215,215,10,0
78,215,215,11,1
78,215,215,12,0
78,215,215,13,1
78,215,215,14,0
78,215,215,15,1
78,215,215,16,1
78,215,215,17,6
78,215,215,18,0
78,215,215,19,0
78,215,215,20,4
78,215,215,21,0
78,215,215,22,1
78,215,215,23,0
78,215,215,24,2
78,215,215,25,0
78,215,215,0,2
78,216,216,1,213
78,216,216,2,2
78,216,216,3,22
78,216,216,4,224
78,216,216,5,0
78,216,216,6,0
78,216,216,7,0
78,216,216,8,181
78,216,216,9,0
78,216,216,10,0
78,216,216,11,2
78,216,216,12,0
78,216,216,13,0
78,216,216,14,0
78,216,216,15,0
78,216,216,16,4
78,216,216,17,8
78,216,216,18,0
78,216,216,19,1
78,216,216,20,0
78,216,216,21,1
78,216,216,22,0
78,216,216,23,2
78,216,216,24,0
78,216,216,25,1
78,216,216,0,3
78,217,217,1,335
78,217,217,2,0
78,217,217,3,17
78,217,217,4,198
78,217,217,5,0
78,217,217,6,1
78,217,217,7,0
78,217,217,8,159
78,217,217,9,2
78,217,217,10,1
78,217,217,11,0
78,217,217,12,1
78,217,217,13,0
78,217,217,14,0
78,217,217,15,0
78,217,217,16,1
78,217,217,17,0
78,217,217,18,0
78,217,217,19,0
78,217,217,20,0
78,217,217,21,0
78,217,217,22,0
78,217,217,23,0
78,217,217,24,0
78,217,217,25,0
78,217,217,0,1
78,218,218,1,283
78,218,218,2,3
78,218,218,3,29
78,218,218,4,282
78,218,218,5,0
78,218,218,6,0
78,218,218,7,0
78,218,218,8,141
78,218,218,9,1
78,218,218,10,1
78,218,218,11,1
78,218,218,12,4
78,218,218,13,1
78,218,218,14,0
78,218,218,15,0
78,218,218,16,6
78,218,218,17,2
78,218,218,18,1
78,218,218,19,1
78,218,218,20,0
78,218,218,21,0
78,218,218,22,0
78,218,218,23,0
78,218,218,24,1
78,218,218,25,0
78,218,218,0,1
78,219,219,1,380
78,219,219,2,0
78,219,219,3,10
78,219,219,4,194
78,219,219,5,1
78,219,219,6,0
78,219,219,7,0
78,219,219,8,152
78,219,219,9,2
78,219,219,10,0
78,219,219,11,0
78,219,219,12,1
78,219,219,13,1
78,219,219,14,0
78,219,219,15,0
78,219,219,16,1
78,219,219,17,1
78,219,219,18,0
78,219,219,19,1
78,219,219,20,0
78,219,219,21,0
78,219,219,22,0
78,219,219,23,0
78,219,219,24,2
78,219,219,25,0
78,219,219,0,0
78,220,220,1,460
78,220,220,2,3
78,220,220,3,29
78,220,220,4,165
78,220,220,5,1
78,220,220,6,0
78,220,220,7,4
78,220,220,8,281
78,220,220,9,1
78,220,220,10,0
78,220,220,11,0
78,220,220,12,2
78,220,220,13,0
78,220,220,14,0
78,220,220,15,0
78,220,220,16,2
78,220,220,17,4
78,220,220,18,1
78,220,220,19,0
78,220,220,20,0
78,220,220,21,1
78,220,220,22,0
78,220,220,23,1
78,220,220,24,6
78,220,220,25,0
78,220,220,0,0
78,221,221,1,239
78,221,221,2,2
78,221,221,3,7
78,221,221,4,208
78,221,221,5,0
78,221,221,6,1
78,221,221,7,0
78,221,221,8,132
78,221,221,9,0
78,221,221,10,2
78,221,221,11,0
78,221,221,12,2
78,221,221,13,0
78,221,221,14,0
78,221,221,15,0
78,221,221,16,1
78,221,221,17,0
78,221,221,18,1
78,221,221,19,0
78,221,221,20,0
78,221,221,21,0
78,221,221,22,0
78,221,221,23,0
78,221,221,24,0
78,221,221,25,0
78,221,221,0,1
78,222,222,1,180
78,222,222,2,1
78,222,222,3,8
78,222,222,4,199
78,222,222,5,0
78,222,222,6,0
78,222,222,7,0
78,222,222,8,133
78,222,222,9,0
78,222,222,10,0
78,222,222,11,0
78,222,222,12,0
78,222,222,13,1
78,222,222,14,0
78,222,222,15,0
78,222,222,16,1
78,222,222,17,3
78,222,222,18,0
78,222,222,19,0
78,222,222,20,0
78,222,222,21,0
78,222,222,22,1
78,222,222,23,2
78,222,222,24,1
78,222,222,25,0
78,222,222,0,1
78,223,223,1,361
78,223,223,2,3
78,223,223,3,19
78,223,223,4,244
78,223,223,5,0
78,223,223,6,0
78,223,223,7,5
78,223,223,8,458
78,223,223,9,1
78,223,223,10,0
78,223,223,11,1
78,223,223,12,0
78,223,223,13,3
78,223,223,14,0
78,223,223,15,0
78,223,223,16,4
78,223,223,17,1
78,223,223,18,0
78,223,223,19,0
78,223,223,20,4
78,223,223,21,0
78,223,223,22,1
78,223,223,23,0
78,223,223,24,1
78,223,223,25,0
78,223,223,0,1
78,224,224,1,380
78,224,224,2,2
78,224,224,3,20
78,224,224,4,269
78,224,224,5,1
78,224,224,6,1
78,224,224,7,2
78,224,224,8,266
78,224,224,9,1
78,224,224,10,0
78,224,224,11,0
78,224,224,12,5
78,224,224,13,0
78,224,224,14,2
78,224,224,15,0
78,224,224,16,3
78,224,224,17,2
78,224,224,18,1
78,224,224,19,0
78,224,224,20,0
78,224,224,21,0
78,224,224,22,0
78,224,224,23,0
78,224,224,24,0
78,224,224,25,0
78,224,224,0,3
78,225,225,1,228
78,225,225,2,4
78,225,225,3,8
78,225,225,4,183
78,225,225,5,0
78,225,225,6,0
78,225,225,7,0
78,225,225,8,180
78,225,225,9,1
78,225,225,10,0
78,225,225,11,0
78,225,225,12,0
78,225,225,13,0
78,225,225,14,0
78,225,225,15,0
78,225,225,16,2
78,225,225,17,1
78,225,225,18,0
78,225,225,19,0
78,225,225,20,0
78,225,225,21,0
78,225,225,22,0
78,225,225,23,1
78,225,225,24,0
78,225,225,25,1
78,225,225,0,0
78,226,226,1,163
78,226,226,2,1
78,226,226,3,9
78,226,226,4,131
78,226,226,5,0
78,226,226,6,1
78,226,226,7,2
78,226,226,8,158
78,226,226,9,0
78,226,226,10,0
78,226,226,11,0
78,226,226,12,0
78,226,226,13,1
78,226,226,14,0
78,226,226,15,1
78,226,226,16,1
78,226,226,17,1
78,226,226,18,1
78,226,226,19,0
78,226,226,20,0
78,226,226,21,0
78,226,226,22,0
78,226,226,23,1
78,226,226,24,0
78,226,226,25,0
78,226,226,0,0
78,227,227,1,384
78,227,227,2,2
78,227,227,3,18
78,227,227,4,277
78,227,227,5,0
78,227,227,6,0
78,227,227,7,2
78,227,227,8,145
78,227,227,9,0
78,227,227,10,0
78,227,227,11,0
78,227,227,12,2
78,227,227,13,0
78,227,227,14,0
78,227,227,15,1
78,227,227,16,1
78,227,227,17,1
78,227,227,18,1
78,227,227,19,0
78,227,227,20,0
78,227,227,21,1
78,227,227,22,1
78,227,227,23,0
78,227,227,24,1
78,227,227,25,0
78,227,227,0,3
78,228,228,1,328
78,228,228,2,0
78,228,228,3,25
78,228,228,4,247
78,228,228,5,0
78,228,228,6,0
78,228,228,7,0
78,228,228,8,166
78,228,228,9,1
78,228,228,10,1
78,228,228,11,0
78,228,228,12,0
78,228,228,13,1
78,228,228,14,0
78,228,228,15,1
78,228,228,16,8
78,228,228,17,1
78,228,228,18,3
78,228,228,19,0
78,228,228,20,0
78,228,228,21,0
78,228,228,22,1
78,228,228,23,0
78,228,228,24,1
78,228,228,25,0
78,228,228,0,2
78,229,229,1,214
78,229,229,2,1
78,229,229,3,12
78,229,229,4,177
78,229,229,5,2
78,229,229,6,0
78,229,229,7,0
78,229,229,8,281
78,229,229,9,1
78,229,229,10,2
78,229,229,11,0
78,229,229,12,1
78,229,229,13,0
78,229,229,14,1
78,229,229,15,0
78,229,229,16,3
78,229,229,17,7
78,229,229,18,0
78,229,229,19,0
78,229,229,20,1
78,229,229,21,0
78,229,229,22,0
78,229,229,23,0
78,229,229,24,1
78,229,229,25,0
78,229,229,0,3
78,229,229,1,0
78,229,229,2,0
78,229,229,3,0
78,229,229,4,0
78,229,229,5,0
78,229,229,6,0
78,229,229,7,0
78,229,229,8,0
78,229,229,9,0
78,229,229,10,0
78,229,229,11,0
78,229,229,12,0
78,229,229,13,0
78,229,229,14,0
78,229,229,15,0
78,229,229,16,0
78,229,229,17,0
78,229,229,18,0
78,229,229,19,0
78,229,229,20,0
78,229,229,21,0
78,229,229,22,0
78,229,229,23,0
78,229,229,24,0
78,229,229,25,0
78,229,229,0,0
78,230,230,1,193
78,230,230,2,1
78,230,230,3,24
78,230,230,4,212
78,230,230,5,1
78,230,230,6,0
78,230,230,7,0
78,230,230,8,151
78,230,230,9,2
78,230,230,10,1
78,230,230,11,0
78,230,230,12,1
78,230,230,13,0
78,230,230,14,0
78,230,230,15,0
78,230,230,16,2
78,230,230,17,1
78,230,230,18,0
78,230,230,19,0
78,230,230,20,1
78,230,230,21,0
78,230,230,22,1
78,230,230,23,0
78,230,230,24,0
78,230,230,25,1
78,230,230,0,1
78,230,230,1,0
78,230,230,2,0
78,230,230,3,0
78,230,230,4,0
78,230,230,5,0
78,230,230,6,0
78,230,230,7,0
78,230,230,8,0
78,230,230,9,0
78,230,230,10,0
78,230,230,11,0
78,230,230,12,0
78,230,230,13,0
78,230,230,14,0
78,230,230,15,0
78,230,230,16,0
78,230,230,17,0
78,230,230,18,0
78,230,230,19,0
78,230,230,20,0
78,230,230,21,0
78,230,230,22,0
78,230,230,23,0
78,230,230,24,0
78,230,230,25,0
78,230,230,0,0
78,231,231,1,247
78,231,231,2,0
78,231,231,3,13
78,231,231,4,179
78,231,231,5,0
78,231,231,6,0
78,231,231,7,0
78,231,231,8,130
78,231,231,9,1
78,231,231,10,0
78,231,231,11,0
78,231,231,12,2
78,231,231,13,0
78,231,231,14,0
78,231,231,15,1
78,231,231,16,0
78,231,231,17,0
78,231,231,18,0
78,231,231,19,0
78,231,231,20,0
78,231,231,21,0
78,231,231,22,0
78,231,231,23,0
78,231,231,24,0
78,231,231,25,0
78,231,231,0,1
78,231,231,1,0
78,231,231,2,0
78,231,231,3,0
78,231,231,4,0
78,231,231,5,0
78,231,231,6,0
78,231,231,7,0
78,231,231,8,0
78,231,231,9,0
78,231,231,10,0
78,231,231,11,0
78,231,231,12,0
78,231,231,13,0
78,231,231,14,0
78,231,231,15,0
78,231,231,16,0
78,231,231,17,0
78,231,231,18,0
78,231,231,19,0
78,231,231,20,0
78,231,231,21,0
78,231,231,22,0
78,231,231,23,0
78,231,231,24,0
78,231,231,25,0
78,231,231,0,0
78,232,232,1,221
78,232,232,2,2
78,232,232,3,3
78,232,232,4,119
78,232,232,5,0
78,232,232,6,1
78,232,232,7,1
78,232,232,8,247
78,232,232,9,0
78,232,232,10,1
78,232,232,11,1
78,232,232,12,1
78,232,232,13,1
78,232,232,14,0
78,232,232,15,0
78,232,232,16,2
78,232,232,17,1
78,232,232,18,0
78,232,232,19,0
78,232,232,20,0
78,232,232,21,0
78,232,232,22,0
78,232,232,23,0
78,232,232,24,0
78,232,232,25,0
78,232,232,0,1
78,233,233,1,259
78,233,233,2,0
78,233,233,3,8
78,233,233,4,191
78,233,233,5,0
78,233,233,6,2
78,233,233,7,0
78,233,233,8,267
78,233,233,9,0
78,233,233,10,1
78,233,233,11,1
78,233,233,12,0
78,233,233,13,0
78,233,233,14,0
78,233,233,15,4
78,233,233,16,0
78,233,233,17,2
78,233,233,18,0
78,233,233,19,0
78,233,233,20,0
78,233,233,21,0
78,233,233,22,0
78,233,233,23,0
78,233,233,24,0
78,233,233,25,0
78,233,233,0,2
78,234,234,1,331
78,234,234,2,2
78,234,234,3,36
78,234,234,4,262
78,234,234,5,0
78,234,234,6,0
78,234,234,7,0
78,234,234,8,65
78,234,234,9,0
78,234,234,10,1
78,234,234,11,0
78,234,234,12,1
78,234,234,13,0
78,234,234,14,0
78,234,234,15,0
78,234,234,16,1
78,234,234,17,1
78,234,234,18,0
78,234,234,19,0
78,234,234,20,1
78,234,234,21,0
78,234,234,22,0
78,234,234,23,1
78,234,234,24,0
78,234,234,25,0
78,234,234,0,1
78,235,235,1,269
78,235,235,2,0
78,235,235,3,23
78,235,235,4,244
78,235,235,5,1
78,235,235,6,1
78,235,235,7,8
78,235,235,8,368
78,235,235,9,1
78,235,235,10,0
78,235,235,11,0
78,235,235,12,1
78,235,235,13,1
78,235,235,14,0
78,235,235,15,1
78,235,235,16,3
78,235,235,17,3
78,235,235,18,0
78,235,235,19,0
78,235,235,20,0
78,235,235,21,0
78,235,235,22,1
78,235,235,23,0
78,235,235,24,1
78,235,235,25,1
78,235,235,0,2
78,236,236,1,373
78,236,236,2,4
78,236,236,3,26
78,236,236,4,332
78,236,236,5,1
78,236,236,6,0
78,236,236,7,1
78,236,236,8,78
78,236,236,9,0
78,236,236,10,0
78,236,236,11,1
78,236,236,12,3
78,236,236,13,1
78,236,236,14,0
78,236,236,15,0
78,236,236,16,5
78,236,236,17,7
78,236,236,18,2
78,236,236,19,0
78,236,236,20,1
78,236,236,21,0
78,236,236,22,0
78,236,236,23,1
78,236,236,24,0
78,236,236,25,0
78,236,236,0,4
78,237,237,1,192
78,237,237,2,1
78,237,237,3,2
78,237,237,4,111
78,237,237,5,1
78,237,237,6,0
78,237,237,7,1
78,237,237,8,263
78,237,237,9,1
78,237,237,10,0
78,237,237,11,0
78,237,237,12,1
78,237,237,13,0
78,237,237,14,0
78,237,237,15,0
78,237,237,16,2
78,237,237,17,2
78,237,237,18,0
78,237,237,19,1
78,237,237,20,0
78,237,237,21,0
78,237,237,22,0
78,237,237,23,0
78,237,237,24,1
78,237,237,25,0
78,237,237,0,1
78,238,238,1,216
78,238,238,2,1
78,238,238,3,9
78,238,238,4,201
78,238,238,5,2
78,238,238,6,0
78,238,238,7,1
78,238,238,8,122
78,238,238,9,0
78,238,238,10,0
78,238,238,11,1
78,238,238,12,0
78,238,238,13,0
78,238,238,14,0
78,238,238,15,0
78,238,238,16,3
78,238,238,17,1
78,238,238,18,0
78,238,238,19,0
78,238,238,20,0
78,238,238,21,0
78,238,238,22,0
78,238,238,23,0
78,238,238,24,3
78,238,238,25,0
78,238,238,0,3
78,239,239,1,202
78,239,239,2,1
78,239,239,3,25
78,239,239,4,308
78,239,239,5,3
78,239,239,6,0
78,239,239,7,2
78,239,239,8,80
78,239,239,9,1
78,239,239,10,0
78,239,239,11,0
78,239,239,12,2
78,239,239,13,0
78,239,239,14,0
78,239,239,15,1
78,239,239,16,3
78,239,239,17,4
78,239,239,18,2
78,239,239,19,0
78,239,239,20,1
78,239,239,21,0
78,239,239,22,1
78,239,239,23,1
78,239,239,24,2
78,239,239,25,0
78,239,239,0,0
78,240,240,1,222
78,240,240,2,2
78,240,240,3,12
78,240,240,4,166
78,240,240,5,2
78,240,240,6,1
78,240,240,7,0
78,240,240,8,345
78,240,240,9,0
78,240,240,10,0
78,240,240,11,1
78,240,240,12,4
78,240,240,13,0
78,240,240,14,0
78,240,240,15,0
78,240,240,16,2
78,240,240,17,5
78,240,240,18,2
78,240,240,19,0
78,240,240,20,1
78,240,240,21,0
78,240,240,22,1
78,240,240,23,0
78,240,240,24,2
78,240,240,25,0
78,240,240,0,0
78,241,241,1,268
78,241,241,2,2
78,241,241,3,18
78,241,241,4,197
78,241,241,5,1
78,241,241,6,0
78,241,241,7,2
78,241,241,8,278
78,241,241,9,2
78,241,241,10,0
78,241,241,11,0
78,241,241,12,1
78,241,241,13,1
78,241,241,14,1
78,241,241,15,0
78,241,241,16,0
78,241,241,17,2
78,241,241,18,1
78,241,241,19,0
78,241,241,20,0
78,241,241,21,0
78,241,241,22,0
78,241,241,23,0
78,241,241,24,0
78,241,241,25,0
78,241,241,0,1
78,242,242,1,322
78,242,242,2,1
78,242,242,3,18
78,242,242,4,312
78,242,242,5,0
78,242,242,6,0
78,242,242,7,1
78,242,242,8,247
78,242,242,9,1
78,242,242,10,0
78,242,242,11,0
78,242,242,12,1
78,242,242,13,0
78,242,242,14,0
78,242,242,15,0
78,242,242,16,3
78,242,242,17,2
78,242,242,18,0
78,242,242,19,0
78,242,242,20,0
78,242,242,21,0
78,242,242,22,0
78,242,242,23,0
78,242,242,24,1
78,242,242,25,0
78,242,242,0,3
78,243,243,1,365
78,243,243,2,1
78,243,243,3,20
78,243,243,4,239
78,243,243,5,0
78,243,243,6,0
78,243,243,7,0
78,243,243,8,173
78,243,243,9,1
78,243,243,10,1
78,243,243,11,0
78,243,243,12,0
78,243,243,13,0
78,243,243,14,0
78,243,243,15,0
78,243,243,16,2
78,243,243,17,0
78,243,243,18,0
78,243,243,19,0
78,243,243,20,0
78,243,243,21,0
78,243,243,22,0
78,243,243,23,0
78,243,243,24,1
78,243,243,25,1
78,243,243,0,3
78,244,244,1,150
78,244,244,2,2
78,244,244,3,6
78,244,244,4,236
78,244,244,5,0
78,244,244,6,0
78,244,244,7,0
78,244,244,8,194
78,244,244,9,1
78,244,244,10,2
78,244,244,11,0
78,244,244,12,5
78,244,244,13,0
78,244,244,14,1
78,244,244,15,0
78,244,244,16,4
78,244,244,17,7
78,244,244,18,0
78,244,244,19,3
78,244,244,20,1
78,244,244,21,0
78,244,244,22,0
78,244,244,23,1
78,244,244,24,1
78,244,244,25,0
78,244,244,0,3
78,245,245,1,363
78,245,245,2,3
78,245,245,3,20
78,245,245,4,307
78,245,245,5,0
78,245,245,6,0
78,245,245,7,0
78,245,245,8,295
78,245,245,9,1
78,245,245,10,0
78,245,245,11,0
78,245,245,12,1
78,245,245,13,0
78,245,245,14,0
78,245,245,15,0
78,245,245,16,2
78,245,245,17,2
78,245,245,18,0
78,245,245,19,0
78,245,245,20,0
78,245,245,21,1
78,245,245,22,0
78,245,245,23,0
78,245,245,24,0
78,245,245,25,0
78,245,245,0,0
78,246,246,1,191
78,246,246,2,1
78,246,246,3,6
78,246,246,4,203
78,246,246,5,1
78,246,246,6,0
78,246,246,7,1
78,246,246,8,48
78,246,246,9,0
78,246,246,10,0
78,246,246,11,0
78,246,246,12,1
78,246,246,13,2
78,246,246,14,0
78,246,246,15,0
78,246,246,16,6
78,246,246,17,0
78,246,246,18,0
78,246,246,19,0
78,246,246,20,1
78,246,246,21,0
78,246,246,22,0
78,246,246,23,0
78,246,246,24,0
78,246,246,25,0
78,246,246,0,0
78,247,247,1,264
78,247,247,2,1
78,247,247,3,29
78,247,247,4,159
78,247,247,5,2
78,247,247,6,0
78,247,247,7,2
78,247,247,8,284
78,247,247,9,3
78,247,247,10,0
78,247,247,11,0
78,247,247,12,2
78,247,247,13,0
78,247,247,14,0
78,247,247,15,0
78,247,247,16,3
78,247,247,17,2
78,247,247,18,0
78,247,247,19,0
78,247,247,20,0
78,247,247,21,0
78,247,247,22,0
78,247,247,23,0
78,247,247,24,0
78,247,247,25,0
78,247,247,0,0
78,248,248,1,275
78,248,248,2,1
78,248,248,3,20
78,248,248,4,199
78,248,248,5,0
78,248,248,6,0
78,248,248,7,1
78,248,248,8,138
78,248,248,9,0
78,248,248,10,0
78,248,248,11,0
78,248,248,12,2
78,248,248,13,0
78,248,248,14,0
78,248,248,15,0
78,248,248,16,4
78,248,248,17,2
78,248,248,18,0
78,248,248,19,0
78,248,248,20,0
78,248,248,21,1
78,248,248,22,0
78,248,248,23,0
78,248,248,24,0
78,248,248,25,0
78,248,248,0,0
78,249,249,1,266
78,249,249,2,1
78,249,249,3,18
78,249,249,4,181
78,249,249,5,1
78,249,249,6,0
78,249,249,7,0
78,249,249,8,296
78,249,249,9,0
78,249,249,10,1
78,249,249,11,0
78,249,249,12,2
78,249,249,13,0
78,249,249,14,1
78,249,249,15,0
78,249,249,16,4
78,249,249,17,0
78,249,249,18,0
78,249,249,19,1
78,249,249,20,0
78,249,249,21,0
78,249,249,22,0
78,249,249,23,0
78,249,249,24,0
78,249,249,25,1
78,249,249,0,0
78,250,250,1,0
78,250,250,2,0
78,250,250,3,0
78,250,250,4,0
78,250,250,5,0
78,250,250,6,0
78,250,250,7,0
78,250,250,8,0
78,250,250,9,0
78,250,250,10,0
78,250,250,11,0
78,250,250,12,0
78,250,250,13,0
78,250,250,14,0
78,250,250,15,0
78,250,250,16,0
78,250,250,17,0
78,250,250,18,0
78,250,250,19,0
78,250,250,20,0
78,250,250,21,0
78,250,250,22,0
78,250,250,23,0
78,250,250,24,0
78,250,250,25,0
78,250,250,0,0
78,250,250,1,295
78,250,250,2,0
78,250,250,3,27
78,250,250,4,356
78,250,250,5,5
78,250,250,6,0
78,250,250,7,0
78,250,250,8,117
78,250,250,9,1
78,250,250,10,1
78,250,250,11,1
78,250,250,12,1
78,250,250,13,2
78,250,250,14,0
78,250,250,15,2
78,250,250,16,6
78,250,250,17,3
78,250,250,18,0
78,250,250,19,0
78,250,250,20,2
78,250,250,21,0
78,250,250,22,0
78,250,250,23,1
78,250,250,24,0
78,250,250,25,1
78,250,250,0,2
78,251,251,1,219
78,251,251,2,1
78,251,251,3,15
78,251,251,4,174
78,251,251,5,1
78,251,251,6,0
78,251,251,7,1
78,251,251,8,165
78,251,251,9,0
78,251,251,10,2
78,251,251,11,0
78,251,251,12,0
78,251,251,13,0
78,251,251,14,2
78,251,251,15,0
78,251,251,16,0
78,251,251,17,2
78,251,251,18,1
78,251,251,19,0
78,251,251,20,0
78,251,251,21,1
78,251,251,22,1
78,251,251,23,0
78,251,251,24,1
78,251,251,25,0
78,251,251,0,4
78,251,251,1,0
78,251,251,2,0
78,251,251,3,0
78,251,251,4,0
78,251,251,5,0
78,251,251,6,0
78,251,251,7,0
78,251,251,8,0
78,251,251,9,0
78,251,251,10,0
78,251,251,11,0
78,251,251,12,0
78,251,251,13,0
78,251,251,14,0
78,251,251,15,0
78,251,251,16,0
78,251,251,17,0
78,251,251,18,0
78,251,251,19,0
78,251,251,20,0
78,251,251,21,0
78,251,251,22,0
78,251,251,23,0
78,251,251,24,0
78,251,251,25,0
78,251,251,0,0
78,252,252,1,249
78,252,252,2,1
78,252,252,3,20
78,252,252,4,144
78,252,252,5,1
78,252,252,6,0
78,252,252,7,1
78,252,252,8,251
78,252,252,9,2
78,252,252,10,1
78,252,252,11,0
78,252,252,12,0
78,252,252,13,0
78,252,252,14,0
78,252,252,15,0
78,252,252,16,3
78,252,252,17,2
78,252,252,18,1
78,252,252,19,1
78,252,252,20,0
78,252,252,21,0
78,252,252,22,0
78,252,252,23,0
78,252,252,24,0
78,252,252,25,0
78,252,252,0,2
78,252,252,1,0
78,252,252,2,0
78,252,252,3,0
78,252,252,4,0
78,252,252,5,0
78,252,252,6,0
78,252,252,7,0
78,252,252,8,0
78,252,252,9,0
78,252,252,10,0
78,252,252,11,0
78,252,252,12,0
78,252,252,13,0
78,252,252,14,0
78,252,252,15,0
78,252,252,16,0
78,252,252,17,0
78,252,252,18,0
78,252,252,19,0
78,252,252,20,0
78,252,252,21,0
78,252,252,22,0
78,252,252,23,0
78,252,252,24,0
78,252,252,25,0
78,252,252,0,0
78,253,253,1,257
78,253,253,2,0
78,253,253,3,28
78,253,253,4,266
78,253,253,5,1
78,253,253,6,1
78,253,253,7,1
78,253,253,8,183
78,253,253,9,4
78,253,253,10,0
78,253,253,11,0
78,253,253,12,2
78,253,253,13,0
78,253,253,14,0
78,253,253,15,0
78,253,253,16,13
78,253,253,17,4
78,253,253,18,3
78,253,253,19,0
78,253,253,20,3
78,253,253,21,0
78,253,253,22,2
78,253,253,23,2
78,253,253,24,1
78,253,253,25,3
78,253,253,0,6
78,254,254,1,215
78,254,254,2,3
78,254,254,3,17
78,254,254,4,157
78,254,254,5,2
78,254,254,6,0
78,254,254,7,2
78,254,254,8,280
78,254,254,9,2
78,254,254,10,0
78,254,254,11,0
78,254,254,12,1
78,254,254,13,0
78,254,254,14,2
78,254,254,15,1
78,254,254,16,2
78,254,254,17,1
78,254,254,18,3
78,254,254,19,0
78,254,254,20,0
78,254,254,21,0
78,254,254,22,0
78,254,254,23,0
78,254,254,24,2
78,254,254,25,0
78,254,254,0,3
78,255,255,1,184
78,255,255,2,3
78,255,255,3,13
78,255,255,4,164
78,255,255,5,2
78,255,255,6,2
78,255,255,7,0
78,255,255,8,326
78,255,255,9,3
78,255,255,10,0
78,255,255,11,0
78,255,255,12,2
78,255,255,13,0
78,255,255,14,0
78,255,255,15,1
78,255,255,16,1
78,255,255,17,0
78,255,255,18,1
78,255,255,19,1
78,255,255,20,0
78,255,255,21,0
78,255,255,22,0
78,255,255,23,1
78,255,255,24,1
78,255,255,25,0
78,255,255,0,1
78,256,256,1,214
78,256,256,2,0
78,256,256,3,26
78,256,256,4,310
78,256,256,5,2
78,256,256,6,2
78,256,256,7,1
78,256,256,8,185
78,256,256,9,0
78,256,256,10,2
78,256,256,11,0
78,256,256,12,4
78,256,256,13,1
78,256,256,14,4
78,256,256,15,1
78,256,256,16,6
78,256,256,17,2
78,256,256,18,1
78,256,256,19,1
78,256,256,20,2
78,256,256,21,0
78,256,256,22,1
78,256,256,23,0
78,256,256,24,1
78,256,256,25,0
78,256,256,0,3
78,257,257,1,239
78,257,257,2,2
78,257,257,3,35
78,257,257,4,268
78,257,257,5,1
78,257,257,6,1
78,257,257,7,2
78,257,257,8,84
78,257,257,9,2
78,257,257,10,1
78,257,257,11,0
78,257,257,12,2
78,257,257,13,3
78,257,257,14,1
78,257,257,15,0
78,257,257,16,1
78,257,257,17,3
78,257,257,18,0
78,257,257,19,0
78,257,257,20,0
78,257,257,21,0
78,257,257,22,0
78,257,257,23,0
78,257,257,24,0
78,257,257,25,2
78,257,257,0,0
78,258,258,1,232
78,258,258,2,1
78,258,258,3,34
78,258,258,4,301
78,258,258,5,1
78,258,258,6,0
78,258,258,7,1
78,258,258,8,121
78,258,258,9,1
78,258,258,10,1
78,258,258,11,0
78,258,258,12,1
78,258,258,13,3
78,258,258,14,0
78,258,258,15,0
78,258,258,16,2
78,258,258,17,2
78,258,258,18,1
78,258,258,19,0
78,258,258,20,1
78,258,258,21,0
78,258,258,22,0
78,258,258,23,0
78,258,258,24,0
78,258,258,25,0
78,258,258,0,2
78,259,259,1,236
78,259,259,2,1
78,259,259,3,9
78,259,259,4,167
78,259,259,5,0
78,259,259,6,0
78,259,259,7,4
78,259,259,8,237
78,259,259,9,0
78,259,259,10,1
78,259,259,11,0
78,259,259,12,1
78,259,259,13,0
78,259,259,14,1
78,259,259,15,0
78,259,259,16,5
78,259,259,17,3
78,259,259,18,1
78,259,259,19,0
78,259,259,20,1
78,259,259,21,0
78,259,259,22,0
78,259,259,23,0
78,259,259,24,0
78,259,259,25,0
78,259,259,0,0
78,260,260,1,443
78,260,260,2,2
78,260,260,3,30
78,260,260,4,313
78,260,260,5,1
78,260,260,6,0
78,260,260,7,2
78,260,260,8,131
78,260,260,9,2
78,260,260,10,0
78,260,260,11,0
78,260,260,12,0
78,260,260,13,3
78,260,260,14,1
78,260,260,15,0
78,260,260,16,12
78,260,260,17,1
78,260,260,18,0
78,260,260,19,0
78,260,260,20,1
78,260,260,21,1
78,260,260,22,0
78,260,260,23,1
78,260,260,24,3
78,260,260,25,0
78,260,260,0,1
78,261,261,1,341
78,261,261,2,3
78,261,261,3,36
78,261,261,4,265
78,261,261,5,0
78,261,261,6,0
78,261,261,7,0
78,261,261,8,145
78,261,261,9,1
78,261,261,10,1
78,261,261,11,0
78,261,261,12,1
78,261,261,13,0
78,261,261,14,1
78,261,261,15,0
78,261,261,16,5
78,261,261,17,3
78,261,261,18,1
78,261,261,19,0
78,261,261,20,1
78,261,261,21,0
78,261,261,22,0
78,261,261,23,0
78,261,261,24,1
78,261,261,25,0
78,261,261,0,1
78,262,262,1,173
78,262,262,2,0
78,262,262,3,12
78,262,262,4,150
78,262,262,5,2
78,262,262,6,1
78,262,262,7,2
78,262,262,8,299
78,262,262,9,0
78,262,262,10,0
78,262,262,11,0
78,262,262,12,0
78,262,262,13,0
78,262,262,14,0
78,262,262,15,0
78,262,262,16,1
78,262,262,17,2
78,262,262,18,0
78,262,262,19,0
78,262,262,20,0
78,262,262,21,0
78,262,262,22,0
78,262,262,23,0
78,262,262,24,2
78,262,262,25,0
78,262,262,0,1
78,263,263,1,240
78,263,263,2,3
78,263,263,3,20
78,263,263,4,231
78,263,263,5,1
78,263,263,6,1
78,263,263,7,2
78,263,263,8,155
78,263,263,9,0
78,263,263,10,0
78,263,263,11,0
78,263,263,12,2
78,263,263,13,1
78,263,263,14,0
78,263,263,15,0
78,263,263,16,3
78,263,263,17,0
78,263,263,18,1
78,263,263,19,1
78,263,263,20,2
78,263,263,21,0
78,263,263,22,0
78,263,263,23,0
78,263,263,24,0
78,263,263,25,0
78,263,263,0,0
78,264,264,1,175
78,264,264,2,3
78,264,264,3,11
78,264,264,4,261
78,264,264,5,0
78,264,264,6,0
78,264,264,7,0
78,264,264,8,183
78,264,264,9,1
78,264,264,10,3
78,264,264,11,1
78,264,264,12,0
78,264,264,13,0
78,264,264,14,0
78,264,264,15,2
78,264,264,16,4
78,264,264,17,0
78,264,264,18,0
78,264,264,19,0
78,264,264,20,2
78,264,264,21,0
78,264,264,22,0
78,264,264,23,1
78,264,264,24,0
78,264,264,25,0
78,264,264,0,0
78,265,265,1,233
78,265,265,2,2
78,265,265,3,37
78,265,265,4,378
78,265,265,5,2
78,265,265,6,0
78,265,265,7,1
78,265,265,8,64
78,265,265,9,1
78,265,265,10,1
78,265,265,11,0
78,265,265,12,2
78,265,265,13,2
78,265,265,14,0
78,265,265,15,0
78,265,265,16,10
78,265,265,17,1
78,265,265,18,0
78,265,265,19,0
78,265,265,20,3
78,265,265,21,0
78,265,265,22,0
78,265,265,23,0
78,265,265,24,1
78,265,265,25,1
78,265,265,0,0
78,266,266,1,236
78,266,266,2,1
78,266,266,3,24
78,266,266,4,147
78,266,266,5,2
78,266,266,6,0
78,266,266,7,0
78,266,266,8,167
78,266,266,9,0
78,266,266,10,0
78,266,266,11,0
78,266,266,12,0
78,266,266,13,0
78,266,266,14,0
78,266,266,15,0
78,266,266,16,1
78,266,266,17,2
78,266,266,18,1
78,266,266,19,0
78,266,266,20,0
78,266,266,21,0
78,266,266,22,0
78,266,266,23,0
78,266,266,24,0
78,266,266,25,1
78,266,266,0,0
78,267,267,1,207
78,267,267,2,0
78,267,267,3,11
78,267,267,4,249
78,267,267,5,1
78,267,267,6,0
78,267,267,7,1
78,267,267,8,155
78,267,267,9,1
78,267,267,10,0
78,267,267,11,0
78,267,267,12,0
78,267,267,13,3
78,267,267,14,0
78,267,267,15,0
78,267,267,16,7
78,267,267,17,1
78,267,267,18,0
78,267,267,19,0
78,267,267,20,1
78,267,267,21,0
78,267,267,22,0
78,267,267,23,0
78,267,267,24,1
78,267,267,25,0
78,267,267,0,0
78,268,268,1,407
78,268,268,2,2
78,268,268,3,25
78,268,268,4,329
78,268,268,5,1
78,268,268,6,0
78,268,268,7,0
78,268,268,8,114
78,268,268,9,0
78,268,268,10,1
78,268,268,11,1
78,268,268,12,1
78,268,268,13,0
78,268,268,14,0
78,268,268,15,0
78,268,268,16,4
78,268,268,17,5
78,268,268,18,0
78,268,268,19,0
78,268,268,20,0
78,268,268,21,0
78,268,268,22,1
78,268,268,23,1
78,268,268,24,0
78,268,268,25,0
78,268,268,0,7
78,269,269,1,243
78,269,269,2,2
78,269,269,3,16
78,269,269,4,262
78,269,269,5,0
78,269,269,6,1
78,269,269,7,0
78,269,269,8,245
78,269,269,9,2
78,269,269,10,1
78,269,269,11,0
78,269,269,12,0
78,269,269,13,1
78,269,269,14,0
78,269,269,15,0
78,269,269,16,4
78,269,269,17,2
78,269,269,18,0
78,269,269,19,1
78,269,269,20,1
78,269,269,21,0
78,269,269,22,1
78,269,269,23,0
78,269,269,24,0
78,269,269,25,1
78,269,269,0,0
78,270,270,1,264
78,270,270,2,5
78,270,270,3,18
78,270,270,4,346
78,270,270,5,0
78,270,270,6,0
78,270,270,7,1
78,270,270,8,172
78,270,270,9,2
78,270,270,10,1
78,270,270,11,1
78,270,270,12,1
78,270,270,13,0
78,270,270,14,0
78,270,270,15,0
78,270,270,16,5
78,270,270,17,1
78,270,270,18,2
78,270,270,19,1
78,270,270,20,2
78,270,270,21,1
78,270,270,22,1
78,270,270,23,2
78,270,270,24,0
78,270,270,25,2
78,270,270,0,1
78,271,271,1,296
78,271,271,2,4
78,271,271,3,17
78,271,271,4,213
78,271,271,5,1
78,271,271,6,0
78,271,271,7,5
78,271,271,8,195
78,271,271,9,1
78,271,271,10,2
78,271,271,11,0
78,271,271,12,2
78,271,271,13,1
78,271,271,14,0
78,271,271,15,1
78,271,271,16,2
78,271,271,17,2
78,271,271,18,0
78,271,271,19,0
78,271,271,20,0
78,271,271,21,0
78,271,271,22,0
78,271,271,23,0
78,271,271,24,0
78,271,271,25,0
78,271,271,0,1
78,271,271,1,0
78,271,271,2,0
78,271,271,3,0
78,271,271,4,0
78,271,271,5,0
78,271,271,6,0
78,271,271,7,0
78,271,271,8,0
78,271,271,9,0
78,271,271,10,0
78,271,271,11,0
78,271,271,12,0
78,271,271,13,0
78,271,271,14,0
78,271,271,15,0
78,271,271,16,0
78,271,271,17,0
78,271,271,18,0
78,271,271,19,0
78,271,271,20,0
78,271,271,21,0
78,271,271,22,0
78,271,271,23,0
78,271,271,24,0
78,271,271,25,0
78,271,271,0,0
78,272,272,1,260
78,272,272,2,2
78,272,272,3,15
78,272,272,4,287
78,272,272,5,1
78,272,272,6,0
78,272,272,7,1
78,272,272,8,164
78,272,272,9,0
78,272,272,10,2
78,272,272,11,0
78,272,272,12,2
78,272,272,13,1
78,272,272,14,0
78,272,272,15,1
78,272,272,16,0
78,272,272,17,2
78,272,272,18,0
78,272,272,19,0
78,272,272,20,0
78,272,272,21,0
78,272,272,22,0
78,272,272,23,0
78,272,272,24,2
78,272,272,25,0
78,272,272,0,1
78,272,272,1,0
78,272,272,2,0
78,272,272,3,0
78,272,272,4,0
78,272,272,5,0
78,272,272,6,0
78,272,272,7,0
78,272,272,8,0
78,272,272,9,0
78,272,272,10,0
78,272,272,11,0
78,272,272,12,0
78,272,272,13,0
78,272,272,14,0
78,272,272,15,0
78,272,272,16,0
78,272,272,17,0
78,272,272,18,0
78,272,272,19,0
78,272,272,20,0
78,272,272,21,0
78,272,272,22,0
78,272,272,23,0
78,272,272,24,0
78,272,272,25,0
78,272,272,0,0
78,273,273,1,251
78,273,273,2,1
78,273,273,3,54
78,273,273,4,361
78,273,273,5,2
78,273,273,6,1
78,273,273,7,0
78,273,273,8,47
78,273,273,9,1
78,273,273,10,1
78,273,273,11,0
78,273,273,12,0
78,273,273,13,1
78,273,273,14,0
78,273,273,15,0
78,273,273,16,5
78,273,273,17,5
78,273,273,18,0
78,273,273,19,1
78,273,273,20,3
78,273,273,21,0
78,273,273,22,0
78,273,273,23,0
78,273,273,24,1
78,273,273,25,3
78,273,273,0,3
78,273,273,1,0
78,273,273,2,0
78,273,273,3,0
78,273,273,4,0
78,273,273,5,0
78,273,273,6,0
78,273,273,7,0
78,273,273,8,0
78,273,273,9,0
78,273,273,10,0
78,273,273,11,0
78,273,273,12,0
78,273,273,13,0
78,273,273,14,0
78,273,273,15,0
78,273,273,16,0
78,273,273,17,0
78,273,273,18,0
78,273,273,19,0
78,273,273,20,0
78,273,273,21,0
78,273,273,22,0
78,273,273,23,0
78,273,273,24,0
78,273,273,25,0
78,273,273,0,0
78,274,274,1,210
78,274,274,2,1
78,274,274,3,39
78,274,274,4,173
78,274,274,5,0
78,274,274,6,0
78,274,274,7,1
78,274,274,8,55
78,274,274,9,0
78,274,274,10,0
78,274,274,11,0
78,274,274,12,1
78,274,274,13,0
78,274,274,14,1
78,274,274,15,0
78,274,274,16,2
78,274,274,17,2
78,274,274,18,0
78,274,274,19,0
78,274,274,20,1
78,274,274,21,0
78,274,274,22,0
78,274,274,23,0
78,274,274,24,0
78,274,274,25,0
78,274,274,0,0
78,275,275,1,231
78,275,275,2,0
78,275,275,3,13
78,275,275,4,159
78,275,275,5,0
78,275,275,6,0
78,275,275,7,1
78,275,275,8,120
78,275,275,9,0
78,275,275,10,0
78,275,275,11,0
78,275,275,12,0
78,275,275,13,0
78,275,275,14,0
78,275,275,15,0
78,275,275,16,2
78,275,275,17,1
78,275,275,18,1
78,275,275,19,0
78,275,275,20,0
78,275,275,21,0
78,275,275,22,0
78,275,275,23,0
78,275,275,24,0
78,275,275,25,1
78,275,275,0,0
78,276,276,1,323
78,276,276,2,0
78,276,276,3,25
78,276,276,4,168
78,276,276,5,0
78,276,276,6,1
78,276,276,7,1
78,276,276,8,67
78,276,276,9,0
78,276,276,10,2
78,276,276,11,0
78,276,276,12,3
78,276,276,13,2
78,276,276,14,0
78,276,276,15,1
78,276,276,16,7
78,276,276,17,3
78,276,276,18,0
78,276,276,19,0
78,276,276,20,0
78,276,276,21,0
78,276,276,22,0
78,276,276,23,1
78,276,276,24,0
78,276,276,25,0
78,276,276,0,4
78,277,277,1,143
78,277,277,2,1
78,277,277,3,6
78,277,277,4,276
78,277,277,5,0
78,277,277,6,0
78,277,277,7,1
78,277,277,8,109
78,277,277,9,0
78,277,277,10,0
78,277,277,11,0
78,277,277,12,1
78,277,277,13,0
78,277,277,14,0
78,277,277,15,0
78,277,277,16,1
78,277,277,17,2
78,277,277,18,1
78,277,277,19,0
78,277,277,20,0
78,277,277,21,0
78,277,277,22,0
78,277,277,23,0
78,277,277,24,0
78,277,277,25,1
78,277,277,0,0
78,278,278,1,226
78,278,278,2,0
78,278,278,3,4
78,278,278,4,238
78,278,278,5,1
78,278,278,6,3
78,278,278,7,0
78,278,278,8,75
78,278,278,9,1
78,278,278,10,0
78,278,278,11,1
78,278,278,12,0
78,278,278,13,0
78,278,278,14,0
78,278,278,15,0
78,278,278,16,2
78,278,278,17,1
78,278,278,18,0
78,278,278,19,0
78,278,278,20,1
78,278,278,21,0
78,278,278,22,3
78,278,278,23,1
78,278,278,24,0
78,278,278,25,0
78,278,278,0,1
78,279,279,1,297
78,279,279,2,2
78,279,279,3,9
78,279,279,4,270
78,279,279,5,0
78,279,279,6,0
78,279,279,7,1
78,279,279,8,311
78,279,279,9,4
78,279,279,10,1
78,279,279,11,0
78,279,279,12,2
78,279,279,13,1
78,279,279,14,0
78,279,279,15,1
78,279,279,16,3
78,279,279,17,2
78,279,279,18,1
78,279,279,19,0
78,279,279,20,0
78,279,279,21,0
78,279,279,22,0
78,279,279,23,0
78,279,279,24,0
78,279,279,25,0
78,279,279,0,1
78,280,280,1,274
78,280,280,2,1
78,280,280,3,13
78,280,280,4,174
78,280,280,5,0
78,280,280,6,0
78,280,280,7,0
78,280,280,8,78
78,280,280,9,1
78,280,280,10,0
78,280,280,11,0
78,280,280,12,0
78,280,280,13,0
78,280,280,14,0
78,280,280,15,0
78,280,280,16,2
78,280,280,17,1
78,280,280,18,0
78,280,280,19,0
78,280,280,20,0
78,280,280,21,0
78,280,280,22,0
78,280,280,23,0
78,280,280,24,0
78,280,280,25,0
78,280,280,0,1
78,281,281,1,220
78,281,281,2,1
78,281,281,3,8
78,281,281,4,170
78,281,281,5,0
78,281,281,6,0
78,281,281,7,0
78,281,281,8,75
78,281,281,9,0
78,281,281,10,0
78,281,281,11,0
78,281,281,12,0
78,281,281,13,0
78,281,281,14,0
78,281,281,15,0
78,281,281,16,4
78,281,281,17,2
78,281,281,18,0
78,281,281,19,0
78,281,281,20,0
78,281,281,21,0
78,281,281,22,0
78,281,281,23,0
78,281,281,24,0
78,281,281,25,0
78,281,281,0,1
78,282,282,1,145
78,282,282,2,0
78,282,282,3,10
78,282,282,4,97
78,282,282,5,0
78,282,282,6,1
78,282,282,7,1
78,282,282,8,188
78,282,282,9,0
78,282,282,10,2
78,282,282,11,1
78,282,282,12,1
78,282,282,13,0
78,282,282,14,0
78,282,282,15,0
78,282,282,16,2
78,282,282,17,2
78,282,282,18,0
78,282,282,19,0
78,282,282,20,0
78,282,282,21,1
78,282,282,22,0
78,282,282,23,0
78,282,282,24,0
78,282,282,25,0
78,282,282,0,1
78,283,283,1,124
78,283,283,2,0
78,283,283,3,9
78,283,283,4,164
78,283,283,5,0
78,283,283,6,0
78,283,283,7,0
78,283,283,8,267
78,283,283,9,1
78,283,283,10,0
78,283,283,11,0
78,283,283,12,0
78,283,283,13,0
78,283,283,14,0
78,283,283,15,0
78,283,283,16,1
78,283,283,17,1
78,283,283,18,2
78,283,283,19,0
78,283,283,20,0
78,283,283,21,0
78,283,283,22,2
78,283,283,23,1
78,283,283,24,2
78,283,283,25,0
78,283,283,0,2
78,284,284,1,312
78,284,284,2,2
78,284,284,3,22
78,284,284,4,255
78,284,284,5,1
78,284,284,6,0
78,284,284,7,1
78,284,284,8,333
78,284,284,9,1
78,284,284,10,0
78,284,284,11,2
78,284,284,12,1
78,284,284,13,1
78,284,284,14,0
78,284,284,15,0
78,284,284,16,3
78,284,284,17,4
78,284,284,18,0
78,284,284,19,0
78,284,284,20,0
78,284,284,21,0
78,284,284,22,1
78,284,284,23,0
78,284,284,24,2
78,284,284,25,0
78,284,284,0,3
78,285,285,1,256
78,285,285,2,0
78,285,285,3,20
78,285,285,4,280
78,285,285,5,0
78,285,285,6,0
78,285,285,7,0
78,285,285,8,140
78,285,285,9,0
78,285,285,10,0
78,285,285,11,0
78,285,285,12,2
78,285,285,13,0
78,285,285,14,0
78,285,285,15,0
78,285,285,16,1
78,285,285,17,1
78,285,285,18,1
78,285,285,19,0
78,285,285,20,2
78,285,285,21,0
78,285,285,22,0
78,285,285,23,0
78,285,285,24,0
78,285,285,25,0
78,285,285,0,3
78,286,286,1,337
78,286,286,2,1
78,286,286,3,24
78,286,286,4,268
78,286,286,5,0
78,286,286,6,0
78,286,286,7,1
78,286,286,8,193
78,286,286,9,0
78,286,286,10,0
78,286,286,11,0
78,286,286,12,2
78,286,286,13,3
78,286,286,14,2
78,286,286,15,0
78,286,286,16,3
78,286,286,17,1
78,286,286,18,1
78,286,286,19,0
78,286,286,20,0
78,286,286,21,0
78,286,286,22,2
78,286,286,23,0
78,286,286,24,0
78,286,286,25,1
78,286,286,0,2
78,287,287,1,162
78,287,287,2,0
78,287,287,3,16
78,287,287,4,134
78,287,287,5,0
78,287,287,6,1
78,287,287,7,2
78,287,287,8,269
78,287,287,9,3
78,287,287,10,1
78,287,287,11,0
78,287,287,12,2
78,287,287,13,0
78,287,287,14,0
78,287,287,15,0
78,287,287,16,0
78,287,287,17,1
78,287,287,18,1
78,287,287,19,0
78,287,287,20,0
78,287,287,21,1
78,287,287,22,1
78,287,287,23,0
78,287,287,24,0
78,287,287,25,0
78,287,287,0,2
78,288,288,1,219
78,288,288,2,1
78,288,288,3,14
78,288,288,4,217
78,288,288,5,0
78,288,288,6,0
78,288,288,7,2
78,288,288,8,216
78,288,288,9,1
78,288,288,10,1
78,288,288,11,0
78,288,288,12,3
78,288,288,13,2
78,288,288,14,0
78,288,288,15,1
78,288,288,16,4
78,288,288,17,0
78,288,288,18,0
78,288,288,19,0
78,288,288,20,0
78,288,288,21,0
78,288,288,22,0
78,288,288,23,0
78,288,288,24,1
78,288,288,25,0
78,288,288,0,0
78,289,289,1,277
78,289,289,2,2
78,289,289,3,53
78,289,289,4,279
78,289,289,5,1
78,289,289,6,0
78,289,289,7,1
78,289,289,8,293
78,289,289,9,2
78,289,289,10,0
78,289,289,11,1
78,289,289,12,2
78,289,289,13,0
78,289,289,14,1
78,289,289,15,0
78,289,289,16,1
78,289,289,17,2
78,289,289,18,1
78,289,289,19,0
78,289,289,20,0
78,289,289,21,0
78,289,289,22,0
78,289,289,23,0
78,289,289,24,1
78,289,289,25,1
78,289,289,0,2
78,290,290,1,293
78,290,290,2,2
78,290,290,3,25
78,290,290,4,291
78,290,290,5,2
78,290,290,6,1
78,290,290,7,0
78,290,290,8,160
78,290,290,9,0
78,290,290,10,2
78,290,290,11,0
78,290,290,12,0
78,290,290,13,0
78,290,290,14,0
78,290,290,15,1
78,290,290,16,2
78,290,290,17,2
78,290,290,18,0
78,290,290,19,1
78,290,290,20,1
78,290,290,21,1
78,290,290,22,0
78,290,290,23,0
78,290,290,24,0
78,290,290,25,0
78,290,290,0,3
78,291,291,1,267
78,291,291,2,0
78,291,291,3,6
78,291,291,4,169
78,291,291,5,0
78,291,291,6,0
78,291,291,7,1
78,291,291,8,163
78,291,291,9,0
78,291,291,10,1
78,291,291,11,0
78,291,291,12,0
78,291,291,13,1
78,291,291,14,0
78,291,291,15,0
78,291,291,16,0
78,291,291,17,0
78,291,291,18,0
78,291,291,19,0
78,291,291,20,0
78,291,291,21,0
78,291,291,22,1
78,291,291,23,1
78,291,291,24,0
78,291,291,25,0
78,291,291,0,0
78,292,292,1,213
78,292,292,2,1
78,292,292,3,5
78,292,292,4,206
78,292,292,5,0
78,292,292,6,0
78,292,292,7,4
78,292,292,8,169
78,292,292,9,0
78,292,292,10,2
78,292,292,11,1
78,292,292,12,0
78,292,292,13,0
78,292,292,14,1
78,292,292,15,0
78,292,292,16,2
78,292,292,17,4
78,292,292,18,0
78,292,292,19,0
78,292,292,20,0
78,292,292,21,0
78,292,292,22,0
78,292,292,23,0
78,292,292,24,0
78,292,292,25,1
78,292,292,0,3
78,292,292,1,0
78,292,292,2,0
78,292,292,3,0
78,292,292,4,0
78,292,292,5,0
78,292,292,6,0
78,292,292,7,0
78,292,292,8,0
78,292,292,9,0
78,292,292,10,0
78,292,292,11,0
78,292,292,12,0
78,292,292,13,0
78,292,292,14,0
78,292,292,15,0
78,292,292,16,0
78,292,292,17,0
78,292,292,18,0
78,292,292,19,0
78,292,292,20,0
78,292,292,21,0
78,292,292,22,0
78,292,292,23,0
78,292,292,24,0
78,292,292,25,0
78,292,292,0,0
78,293,293,1,234
78,293,293,2,0
78,293,293,3,15
78,293,293,4,193
78,293,293,5,1
78,293,293,6,2
78,293,293,7,1
78,293,293,8,320
78,293,293,9,2
78,293,293,10,1
78,293,293,11,0
78,293,293,12,4
78,293,293,13,1
78,293,293,14,0
78,293,293,15,1
78,293,293,16,4
78,293,293,17,2
78,293,293,18,0
78,293,293,19,0
78,293,293,20,0
78,293,293,21,0
78,293,293,22,0
78,293,293,23,2
78,293,293,24,0
78,293,293,25,0
78,293,293,0,2
78,293,293,1,0
78,293,293,2,0
78,293,293,3,0
78,293,293,4,0
78,293,293,5,0
78,293,293,6,0
78,293,293,7,0
78,293,293,8,0
78,293,293,9,0
78,293,293,10,0
78,293,293,11,0
78,293,293,12,0
78,293,293,13,0
78,293,293,14,0
78,293,293,15,0
78,293,293,16,0
78,293,293,17,0
78,293,293,18,0
78,293,293,19,0
78,293,293,20,0
78,293,293,21,0
78,293,293,22,0
78,293,293,23,0
78,293,293,24,0
78,293,293,25,0
78,293,293,0,0
78,294,294,1,203
78,294,294,2,1
78,294,294,3,7
78,294,294,4,161
78,294,294,5,1
78,294,294,6,2
78,294,294,7,1
78,294,294,8,232
78,294,294,9,0
78,294,294,10,0
78,294,294,11,1
78,294,294,12,0
78,294,294,13,0
78,294,294,14,1
78,294,294,15,0
78,294,294,16,6
78,294,294,17,1
78,294,294,18,1
78,294,294,19,1
78,294,294,20,0
78,294,294,21,0
78,294,294,22,0
78,294,294,23,0
78,294,294,24,0
78,294,294,25,2
78,294,294,0,0
78,294,294,1,0
78,294,294,2,0
78,294,294,3,0
78,294,294,4,0
78,294,294,5,0
78,294,294,6,0
78,294,294,7,0
78,294,294,8,0
78,294,294,9,0
78,294,294,10,0
78,294,294,11,0
78,294,294,12,0
78,294,294,13,0
78,294,294,14,0
78,294,294,15,0
78,294,294,16,0
78,294,294,17,0
78,294,294,18,0
78,294,294,19,0
78,294,294,20,0
78,294,294,21,0
78,294,294,22,0
78,294,294,23,0
78,294,294,24,0
78,294,294,25,0
78,294,294,0,0
78,295,295,1,218
78,295,295,2,3
78,295,295,3,32
78,295,295,4,244
78,295,295,5,1
78,295,295,6,0
78,295,295,7,0
78,295,295,8,67
78,295,295,9,0
78,295,295,10,1
78,295,295,11,0
78,295,295,12,0
78,295,295,13,0
78,295,295,14,0
78,295,295,15,0
78,295,295,16,2
78,295,295,17,6
78,295,295,18,0
78,295,295,19,0
78,295,295,20,1
78,295,295,21,0
78,295,295,22,1
78,295,295,23,0
78,295,295,24,0
78,295,295,25,1
78,295,295,0,3
78,296,296,1,229
78,296,296,2,1
78,296,296,3,36
78,296,296,4,232
78,296,296,5,0
78,296,296,6,1
78,296,296,7,0
78,296,296,8,117
78,296,296,9,1
78,296,296,10,1
78,296,296,11,0
78,296,296,12,1
78,296,296,13,1
78,296,296,14,0
78,296,296,15,1
78,296,296,16,2
78,296,296,17,0
78,296,296,18,0
78,296,296,19,0
78,296,296,20,0
78,296,296,21,0
78,296,296,22,0
78,296,296,23,0
78,296,296,24,1
78,296,296,25,0
78,296,296,0,1
78,297,297,1,261
78,297,297,2,1
78,297,297,3,16
78,297,297,4,293
78,297,297,5,1
78,297,297,6,0
78,297,297,7,0
78,297,297,8,149
78,297,297,9,0
78,297,297,10,1
78,297,297,11,1
78,297,297,12,1
78,297,297,13,2
78,297,297,14,2
78,297,297,15,1
78,297,297,16,1
78,297,297,17,0
78,297,297,18,1
78,297,297,19,1
78,297,297,20,1
78,297,297,21,0
78,297,297,22,3
78,297,297,23,1
78,297,297,24,1
78,297,297,25,1
78,297,297,0,1
78,298,298,1,286
78,298,298,2,5
78,298,298,3,27
78,298,298,4,447
78,298,298,5,0
78,298,298,6,1
78,298,298,7,2
78,298,298,8,139
78,298,298,9,2
78,298,298,10,1
78,298,298,11,0
78,298,298,12,2
78,298,298,13,1
78,298,298,14,0
78,298,298,15,1
78,298,298,16,8
78,298,298,17,2
78,298,298,18,1
78,298,298,19,0
78,298,298,20,1
78,298,298,21,0
78,298,298,22,0
78,298,298,23,2
78,298,298,24,2
78,298,298,25,0
78,298,298,0,1
78,299,299,1,205
78,299,299,2,1
78,299,299,3,17
78,299,299,4,181
78,299,299,5,0
78,299,299,6,0
78,299,299,7,1
78,299,299,8,137
78,299,299,9,0
78,299,299,10,1
78,299,299,11,0
78,299,299,12,1
78,299,299,13,0
78,299,299,14,0
78,299,299,15,2
78,299,299,16,4
78,299,299,17,3
78,299,299,18,0
78,299,299,19,0
78,299,299,20,0
78,299,299,21,0
78,299,299,22,0
78,299,299,23,0
78,299,299,24,1
78,299,299,25,0
78,299,299,0,1
78,300,300,1,256
78,300,300,2,3
78,300,300,3,25
78,300,300,4,284
78,300,300,5,2
78,300,300,6,0
78,300,300,7,3
78,300,300,8,212
78,300,300,9,1
78,300,300,10,1
78,300,300,11,1
78,300,300,12,3
78,300,300,13,0
78,300,300,14,0
78,300,300,15,0
78,300,300,16,3
78,300,300,17,7
78,300,300,18,1
78,300,300,19,1
78,300,300,20,1
78,300,300,21,0
78,300,300,22,0
78,300,300,23,1
78,300,300,24,2
78,300,300,25,1
78,300,300,0,0
78,301,301,1,360
78,301,301,2,4
78,301,301,3,26
78,301,301,4,339
78,301,301,5,2
78,301,301,6,0
78,301,301,7,1
78,301,301,8,183
78,301,301,9,2
78,301,301,10,1
78,301,301,11,0
78,301,301,12,0
78,301,301,13,3
78,301,301,14,2
78,301,301,15,0
78,301,301,16,5
78,301,301,17,6
78,301,301,18,1
78,301,301,19,0
78,301,301,20,1
78,301,301,21,1
78,301,301,22,0
78,301,301,23,1
78,301,301,24,1
78,301,301,25,1
78,301,301,0,1
78,302,302,1,250
78,302,302,2,2
78,302,302,3,23
78,302,302,4,264
78,302,302,5,0
78,302,302,6,2
78,302,302,7,0
78,302,302,8,287
78,302,302,9,1
78,302,302,10,0
78,302,302,11,0
78,302,302,12,1
78,302,302,13,0
78,302,302,14,0
78,302,302,15,0
78,302,302,16,3
78,302,302,17,3
78,302,302,18,0
78,302,302,19,0
78,302,302,20,1
78,302,302,21,1
78,302,302,22,0
78,302,302,23,0
78,302,302,24,5
78,302,302,25,0
78,302,302,0,2
78,303,303,1,117
78,303,303,2,0
78,303,303,3,19
78,303,303,4,253
78,303,303,5,0
78,303,303,6,0
78,303,303,7,1
78,303,303,8,78
78,303,303,9,1
78,303,303,10,0
78,303,303,11,0
78,303,303,12,1
78,303,303,13,0
78,303,303,14,1
78,303,303,15,0
78,303,303,16,5
78,303,303,17,2
78,303,303,18,0
78,303,303,19,1
78,303,303,20,0
78,303,303,21,0
78,303,303,22,0
78,303,303,23,0
78,303,303,24,0
78,303,303,25,1
78,303,303,0,2
78,304,304,1,302
78,304,304,2,3
78,304,304,3,29
78,304,304,4,209
78,304,304,5,1
78,304,304,6,1
78,304,304,7,1
78,304,304,8,159
78,304,304,9,0
78,304,304,10,0
78,304,304,11,0
78,304,304,12,2
78,304,304,13,0
78,304,304,14,0
78,304,304,15,0
78,304,304,16,3
78,304,304,17,4
78,304,304,18,0
78,304,304,19,0
78,304,304,20,0
78,304,304,21,0
78,304,304,22,0
78,304,304,23,0
78,304,304,24,0
78,304,304,25,0
78,304,304,0,2
78,305,305,1,190
78,305,305,2,1
78,305,305,3,38
78,305,305,4,227
78,305,305,5,1
78,305,305,6,0
78,305,305,7,0
78,305,305,8,104
78,305,305,9,0
78,305,305,10,1
78,305,305,11,0
78,305,305,12,1
78,305,305,13,2
78,305,305,14,0
78,305,305,15,1
78,305,305,16,4
78,305,305,17,2
78,305,305,18,0
78,305,305,19,0
78,305,305,20,0
78,305,305,21,0
78,305,305,22,0
78,305,305,23,0
78,305,305,24,2
78,305,305,25,0
78,305,305,0,1
78,306,306,1,358
78,306,306,2,0
78,306,306,3,21
78,306,306,4,309
78,306,306,5,0
78,306,306,6,2
78,306,306,7,1
78,306,306,8,218
78,306,306,9,1
78,306,306,10,2
78,306,306,11,0
78,306,306,12,1
78,306,306,13,3
78,306,306,14,0
78,306,306,15,0
78,306,306,16,7
78,306,306,17,2
78,306,306,18,0
78,306,306,19,0
78,306,306,20,2
78,306,306,21,1
78,306,306,22,0
78,306,306,23,1
78,306,306,24,0
78,306,306,25,1
78,306,306,0,3
78,307,307,1,357
78,307,307,2,4
78,307,307,3,36
78,307,307,4,381
78,307,307,5,0
78,307,307,6,1
78,307,307,7,0
78,307,307,8,64
78,307,307,9,1
78,307,307,10,0
78,307,307,11,1
78,307,307,12,3
78,307,307,13,3
78,307,307,14,1
78,307,307,15,4
78,307,307,16,13
78,307,307,17,0
78,307,307,18,0
78,307,307,19,0
78,307,307,20,0
78,307,307,21,0
78,307,307,22,0
78,307,307,23,1
78,307,307,24,0
78,307,307,25,0
78,307,307,0,0
78,308,308,1,228
78,308,308,2,0
78,308,308,3,3
78,308,308,4,201
78,308,308,5,0
78,308,308,6,0
78,308,308,7,1
78,308,308,8,78
78,308,308,9,0
78,308,308,10,0
78,308,308,11,0
78,308,308,12,0
78,308,308,13,0
78,308,308,14,0
78,308,308,15,0
78,308,308,16,1
78,308,308,17,1
78,308,308,18,1
78,308,308,19,0
78,308,308,20,1
78,308,308,21,0
78,308,308,22,1
78,308,308,23,0
78,308,308,24,0
78,308,308,25,0
78,308,308,0,3
78,309,309,1,311
78,309,309,2,0
78,309,309,3,29
78,309,309,4,227
78,309,309,5,1
78,309,309,6,0
78,309,309,7,3
78,309,309,8,111
78,309,309,9,1
78,309,309,10,0
78,309,309,11,0
78,309,309,12,2
78,309,309,13,1
78,309,309,14,0
78,309,309,15,1
78,309,309,16,4
78,309,309,17,1
78,309,309,18,0
78,309,309,19,0
78,309,309,20,1
78,309,309,21,0
78,309,309,22,0
78,309,309,23,1
78,309,309,24,1
78,309,309,25,1
78,309,309,0,2
78,310,310,1,353
78,310,310,2,3
78,310,310,3,43
78,310,310,4,328
78,310,310,5,1
78,310,310,6,6
78,310,310,7,0
78,310,310,8,128
78,310,310,9,1
78,310,310,10,0
78,310,310,11,0
78,310,310,12,1
78,310,310,13,0
78,310,310,14,0
78,310,310,15,0
78,310,310,16,4
78,310,310,17,2
78,310,310,18,2
78,310,310,19,0
78,310,310,20,1
78,310,310,21,0
78,310,310,22,1
78,310,310,23,0
78,310,310,24,1
78,310,310,25,2
78,310,310,0,1
78,311,311,1,355
78,311,311,2,7
78,311,311,3,20
78,311,311,4,345
78,311,311,5,2
78,311,311,6,1
78,311,311,7,1
78,311,311,8,67
78,311,311,9,3
78,311,311,10,0
78,311,311,11,1
78,311,311,12,2
78,311,311,13,0
78,311,311,14,1
78,311,311,15,1
78,311,311,16,12
78,311,311,17,4
78,311,311,18,0
78,311,311,19,1
78,311,311,20,5
78,311,311,21,1
78,311,311,22,1
78,311,311,23,1
78,311,311,24,1
78,311,311,25,0
78,311,311,0,3
78,312,312,1,304
78,312,312,2,0
78,312,312,3,17
78,312,312,4,223
78,312,312,5,3
78,312,312,6,0
78,312,312,7,3
78,312,312,8,330
78,312,312,9,1
78,312,312,10,0
78,312,312,11,0
78,312,312,12,5
78,312,312,13,0
78,312,312,14,1
78,312,312,15,0
78,312,312,16,3
78,312,312,17,4
78,312,312,18,0
78,312,312,19,0
78,312,312,20,0
78,312,312,21,0
78,312,312,22,0
78,312,312,23,0
78,312,312,24,0
78,312,312,25,0
78,312,312,0,0
78,313,313,1,0
78,313,313,2,0
78,313,313,3,0
78,313,313,4,0
78,313,313,5,0
78,313,313,6,0
78,313,313,7,0
78,313,313,8,0
78,313,313,9,0
78,313,313,10,0
78,313,313,11,0
78,313,313,12,0
78,313,313,13,0
78,313,313,14,0
78,313,313,15,0
78,313,313,16,0
78,313,313,17,0
78,313,313,18,0
78,313,313,19,0
78,313,313,20,0
78,313,313,21,0
78,313,313,22,0
78,313,313,23,0
78,313,313,24,0
78,313,313,25,0
78,313,313,0,0
78,313,313,1,470
78,313,313,2,5
78,313,313,3,31
78,313,313,4,182
78,313,313,5,1
78,313,313,6,1
78,313,313,7,2
78,313,313,8,261
78,313,313,9,2
78,313,313,10,1
78,313,313,11,1
78,313,313,12,3
78,313,313,13,1
78,313,313,14,1
78,313,313,15,2
78,313,313,16,4
78,313,313,17,2
78,313,313,18,2
78,313,313,19,0
78,313,313,20,0
78,313,313,21,0
78,313,313,22,0
78,313,313,23,1
78,313,313,24,3
78,313,313,25,0
78,313,313,0,3
78,314,314,1,351
78,314,314,2,1
78,314,314,3,22
78,314,314,4,259
78,314,314,5,1
78,314,314,6,0
78,314,314,7,1
78,314,314,8,136
78,314,314,9,0
78,314,314,10,0
78,314,314,11,0
78,314,314,12,2
78,314,314,13,0
78,314,314,14,1
78,314,314,15,0
78,314,314,16,5
78,314,314,17,2
78,314,314,18,0
78,314,314,19,1
78,314,314,20,0
78,314,314,21,0
78,314,314,22,0
78,314,314,23,0
78,314,314,24,0
78,314,314,25,1
78,314,314,0,1
78,314,314,1,0
78,314,314,2,0
78,314,314,3,0
78,314,314,4,0
78,314,314,5,0
78,314,314,6,0
78,314,314,7,0
78,314,314,8,0
78,314,314,9,0
78,314,314,10,0
78,314,314,11,0
78,314,314,12,0
78,314,314,13,0
78,314,314,14,0
78,314,314,15,0
78,314,314,16,0
78,314,314,17,0
78,314,314,18,0
78,314,314,19,0
78,314,314,20,0
78,314,314,21,0
78,314,314,22,0
78,314,314,23,0
78,314,314,24,0
78,314,314,25,0
78,314,314,0,0
78,315,315,1,320
78,315,315,2,4
78,315,315,3,33
78,315,315,4,297
78,315,315,5,1
78,315,315,6,0
78,315,315,7,1
78,315,315,8,84
78,315,315,9,0
78,315,315,10,0
78,315,315,11,0
78,315,315,12,1
78,315,315,13,0
78,315,315,14,0
78,315,315,15,1
78,315,315,16,7
78,315,315,17,4
78,315,315,18,0
78,315,315,19,0
78,315,315,20,1
78,315,315,21,0
78,315,315,22,0
78,315,315,23,0
78,315,315,24,0
78,315,315,25,0
78,315,315,0,2
78,315,315,1,0
78,315,315,2,0
78,315,315,3,0
78,315,315,4,0
78,315,315,5,0
78,315,315,6,0
78,315,315,7,0
78,315,315,8,0
78,315,315,9,0
78,315,315,10,0
78,315,315,11,0
78,315,315,12,0
78,315,315,13,0
78,315,315,14,0
78,315,315,15,0
78,315,315,16,0
78,315,315,17,0
78,315,315,18,0
78,315,315,19,0
78,315,315,20,0
78,315,315,21,0
78,315,315,22,0
78,315,315,23,0
78,315,315,24,0
78,315,315,25,0
78,315,315,0,0
78,316,316,1,239
78,316,316,2,2
78,316,316,3,17
78,316,316,4,233
78,316,316,5,0
78,316,316,6,0
78,316,316,7,1
78,316,316,8,136
78,316,316,9,1
78,316,316,10,0
78,316,316,11,0
78,316,316,12,2
78,316,316,13,1
78,316,316,14,2
78,316,316,15,0
78,316,316,16,1
78,316,316,17,1
78,316,316,18,1
78,316,316,19,0
78,316,316,20,1
78,316,316,21,0
78,316,316,22,1
78,316,316,23,0
78,316,316,24,0
78,316,316,25,0
78,316,316,0,3
78,317,317,1,162
78,317,317,2,1
78,317,317,3,8
78,317,317,4,134
78,317,317,5,0
78,317,317,6,0
78,317,317,7,0
78,317,317,8,84
78,317,317,9,1
78,317,317,10,0
78,317,317,11,0
78,317,317,12,0
78,317,317,13,0
78,317,317,14,0
78,317,317,15,0
78,317,317,16,3
78,317,317,17,1
78,317,317,18,0
78,317,317,19,0
78,317,317,20,1
78,317,317,21,0
78,317,317,22,0
78,317,317,23,0
78,317,317,24,0
78,317,317,25,0
78,317,317,0,0
78,318,318,1,258
78,318,318,2,3
78,318,318,3,37
78,318,318,4,254
78,318,318,5,2
78,318,318,6,0
78,318,318,7,2
78,318,318,8,207
78,318,318,9,1
78,318,318,10,0
78,318,318,11,0
78,318,318,12,1
78,318,318,13,0
78,318,318,14,0
78,318,318,15,0
78,318,318,16,2
78,318,318,17,1
78,318,318,18,2
78,318,318,19,0
78,318,318,20,2
78,318,318,21,0
78,318,318,22,1
78,318,318,23,0
78,318,318,24,2
78,318,318,25,0
78,318,318,0,5
78,319,319,1,344
78,319,319,2,2
78,319,319,3,36
78,319,319,4,195
78,319,319,5,1
78,319,319,6,0
78,319,319,7,0
78,319,319,8,158
78,319,319,9,0
78,319,319,10,0
78,319,319,11,0
78,319,319,12,0
78,319,319,13,0
78,319,319,14,0
78,319,319,15,0
78,319,319,16,1
78,319,319,17,1
78,319,319,18,0
78,319,319,19,1
78,319,319,20,0
78,319,319,21,0
78,319,319,22,0
78,319,319,23,0
78,319,319,24,2
78,319,319,25,0
78,319,319,0,3
78,320,320,1,219
78,320,320,2,1
78,320,320,3,21
78,320,320,4,166
78,320,320,5,1
78,320,320,6,0
78,320,320,7,2
78,320,320,8,124
78,320,320,9,0
78,320,320,10,1
78,320,320,11,0
78,320,320,12,0
78,320,320,13,0
78,320,320,14,0
78,320,320,15,0
78,320,320,16,0
78,320,320,17,4
78,320,320,18,2
78,320,320,19,1
78,320,320,20,1
78,320,320,21,0
78,320,320,22,1
78,320,320,23,0
78,320,320,24,0
78,320,320,25,0
78,320,320,0,1
78,321,321,1,166
78,321,321,2,2
78,321,321,3,17
78,321,321,4,223
78,321,321,5,0
78,321,321,6,0
78,321,321,7,2
78,321,321,8,66
78,321,321,9,1
78,321,321,10,0
78,321,321,11,1
78,321,321,12,2
78,321,321,13,1
78,321,321,14,0
78,321,321,15,0
78,321,321,16,3
78,321,321,17,1
78,321,321,18,0
78,321,321,19,0
78,321,321,20,0
78,321,321,21,0
78,321,321,22,0
78,321,321,23,0
78,321,321,24,0
78,321,321,25,0
78,321,321,0,5
78,322,322,1,229
78,322,322,2,4
78,322,322,3,27
78,322,322,4,302
78,322,322,5,1
78,322,322,6,0
78,322,322,7,3
78,322,322,8,150
78,322,322,9,0
78,322,322,10,0
78,322,322,11,2
78,322,322,12,4
78,322,322,13,1
78,322,322,14,2
78,322,322,15,2
78,322,322,16,11
78,322,322,17,2
78,322,322,18,0
78,322,322,19,0
78,322,322,20,3
78,322,322,21,1
78,322,322,22,3
78,322,322,23,1
78,322,322,24,1
78,322,322,25,1
78,322,322,0,1
78,323,323,1,136
78,323,323,2,3
78,323,323,3,18
78,323,323,4,304
78,323,323,5,2
78,323,323,6,0
78,323,323,7,1
78,323,323,8,318
78,323,323,9,4
78,323,323,10,0
78,323,323,11,1
78,323,323,12,9
78,323,323,13,1
78,323,323,14,1
78,323,323,15,1
78,323,323,16,8
78,323,323,17,1
78,323,323,18,1
78,323,323,19,1
78,323,323,20,1
78,323,323,21,2
78,323,323,22,0
78,323,323,23,0
78,323,323,24,1
78,323,323,25,2
78,323,323,0,1
78,324,324,1,74
78,324,324,2,2
78,324,324,3,5
78,324,324,4,79
78,324,324,5,0
78,324,324,6,0
78,324,324,7,0
78,324,324,8,80
78,324,324,9,0
78,324,324,10,0
78,324,324,11,0
78,324,324,12,0
78,324,324,13,0
78,324,324,14,0
78,324,324,15,0
78,324,324,16,0
78,324,324,17,2
78,324,324,18,2
78,324,324,19,0
78,324,324,20,1
78,324,324,21,0
78,324,324,22,0
78,324,324,23,0
78,324,324,24,0
78,324,324,25,0
78,324,324,0,0
78,325,325,1,164
78,325,325,2,1
78,325,325,3,21
78,325,325,4,194
78,325,325,5,0
78,325,325,6,0
78,325,325,7,1
78,325,325,8,218
78,325,325,9,2
78,325,325,10,0
78,325,325,11,1
78,325,325,12,2
78,325,325,13,1
78,325,325,14,0
78,325,325,15,0
78,325,325,16,7
78,325,325,17,1
78,325,325,18,1
78,325,325,19,1
78,325,325,20,1
78,325,325,21,0
78,325,325,22,1
78,325,325,23,2
78,325,325,24,2
78,325,325,25,1
78,325,325,0,1
78,326,326,1,265
78,326,326,2,3
78,326,326,3,16
78,326,326,4,407
78,326,326,5,0
78,326,326,6,1
78,326,326,7,1
78,326,326,8,336
78,326,326,9,3
78,326,326,10,2
78,326,326,11,0
78,326,326,12,6
78,326,326,13,0
78,326,326,14,1
78,326,326,15,0
78,326,326,16,5
78,326,326,17,4
78,326,326,18,1
78,326,326,19,0
78,326,326,20,1
78,326,326,21,0
78,326,326,22,0
78,326,326,23,1
78,326,326,24,0
78,326,326,25,0
78,326,326,0,4
78,327,327,1,243
78,327,327,2,4
78,327,327,3,17
78,327,327,4,271
78,327,327,5,1
78,327,327,6,2
78,327,327,7,1
78,327,327,8,189
78,327,327,9,0
78,327,327,10,0
78,327,327,11,1
78,327,327,12,1
78,327,327,13,0
78,327,327,14,1
78,327,327,15,0
78,327,327,16,3
78,327,327,17,3
78,327,327,18,0
78,327,327,19,0
78,327,327,20,2
78,327,327,21,0
78,327,327,22,0
78,327,327,23,3
78,327,327,24,1
78,327,327,25,0
78,327,327,0,2
78,328,328,1,201
78,328,328,2,3
78,328,328,3,23
78,328,328,4,318
78,328,328,5,0
78,328,328,6,1
78,328,328,7,0
78,328,328,8,82
78,328,328,9,1
78,328,328,10,0
78,328,328,11,0
78,328,328,12,1
78,328,328,13,3
78,328,328,14,1
78,328,328,15,1
78,328,328,16,8
78,328,328,17,4
78,328,328,18,1
78,328,328,19,0
78,328,328,20,0
78,328,328,21,0
78,328,328,22,0
78,328,328,23,0
78,328,328,24,0
78,328,328,25,0
78,328,328,0,2
78,329,329,1,220
78,329,329,2,1
78,329,329,3,8
78,329,329,4,193
78,329,329,5,0
78,329,329,6,1
78,329,329,7,1
78,329,329,8,299
78,329,329,9,0
78,329,329,10,1
78,329,329,11,0
78,329,329,12,2
78,329,329,13,0
78,329,329,14,1
78,329,329,15,1
78,329,329,16,1
78,329,329,17,3
78,329,329,18,1
78,329,329,19,1
78,329,329,20,0
78,329,329,21,0
78,329,329,22,0
78,329,329,23,1
78,329,329,24,1
78,329,329,25,2
78,329,329,0,0
78,330,330,1,227
78,330,330,2,2
78,330,330,3,13
78,330,330,4,181
78,330,330,5,1
78,330,330,6,0
78,330,330,7,4
78,330,330,8,255
78,330,330,9,0
78,330,330,10,0
78,330,330,11,0
78,330,330,12,1
78,330,330,13,0
78,330,330,14,0
78,330,330,15,0
78,330,330,16,2
78,330,330,17,2
78,330,330,18,0
78,330,330,19,0
78,330,330,20,1
78,330,330,21,0
78,330,330,22,0
78,330,330,23,0
78,330,330,24,0
78,330,330,25,1
78,330,330,0,4
78,331,331,1,210
78,331,331,2,3
78,331,331,3,11
78,331,331,4,173
78,331,331,5,0
78,331,331,6,0
78,331,331,7,0
78,331,331,8,180
78,331,331,9,0
78,331,331,10,1
78,331,331,11,0
78,331,331,12,0
78,331,331,13,1
78,331,331,14,0
78,331,331,15,0
78,331,331,16,0
78,331,331,17,0
78,331,331,18,1
78,331,331,19,0
78,331,331,20,0
78,331,331,21,0
78,331,331,22,1
78,331,331,23,0
78,331,331,24,0
78,331,331,25,1
78,331,331,0,1
78,332,332,1,183
78,332,332,2,1
78,332,332,3,7
78,332,332,4,172
78,332,332,5,0
78,332,332,6,0
78,332,332,7,1
78,332,332,8,149
78,332,332,9,0
78,332,332,10,0
78,332,332,11,0
78,332,332,12,0
78,332,332,13,1
78,332,332,14,0
78,332,332,15,0
78,332,332,16,2
78,332,332,17,1
78,332,332,18,0
78,332,332,19,0
78,332,332,20,0
78,332,332,21,0
78,332,332,22,0
78,332,332,23,0
78,332,332,24,0
78,332,332,25,0
78,332,332,0,0
78,333,333,1,273
78,333,333,2,4
78,333,333,3,38
78,333,333,4,310
78,333,333,5,1
78,333,333,6,1
78,333,333,7,6
78,333,333,8,335
78,333,333,9,1
78,333,333,10,1
78,333,333,11,0
78,333,333,12,1
78,333,333,13,2
78,333,333,14,3
78,333,333,15,2
78,333,333,16,8
78,333,333,17,4
78,333,333,18,1
78,333,333,19,1
78,333,333,20,2
78,333,333,21,0
78,333,333,22,0
78,333,333,23,1
78,333,333,24,2
78,333,333,25,1
78,333,333,0,2
78,334,334,1,175
78,334,334,2,0
78,334,334,3,15
78,334,334,4,117
78,334,334,5,4
78,334,334,6,0
78,334,334,7,1
78,334,334,8,184
78,334,334,9,2
78,334,334,10,0
78,334,334,11,1
78,334,334,12,0
78,334,334,13,0
78,334,334,14,0
78,334,334,15,0
78,334,334,16,4
78,334,334,17,0
78,334,334,18,1
78,334,334,19,1
78,334,334,20,2
78,334,334,21,0
78,334,334,22,0
78,334,334,23,0
78,334,334,24,1
78,334,334,25,0
78,334,334,0,2
78,334,334,1,0
78,334,334,2,0
78,334,334,3,0
78,334,334,4,0
78,334,334,5,0
78,334,334,6,0
78,334,334,7,0
78,334,334,8,0
78,334,334,9,0
78,334,334,10,0
78,334,334,11,0
78,334,334,12,0
78,334,334,13,0
78,334,334,14,0
78,334,334,15,0
78,334,334,16,0
78,334,334,17,0
78,334,334,18,0
78,334,334,19,0
78,334,334,20,0
78,334,334,21,0
78,334,334,22,0
78,334,334,23,0
78,334,334,24,0
78,334,334,25,0
78,334,334,0,0
78,335,335,1,0
78,335,335,2,0
78,335,335,3,0
78,335,335,4,0
78,335,335,5,0
78,335,335,6,0
78,335,335,7,0
78,335,335,8,0
78,335,335,9,0
78,335,335,10,0
78,335,335,11,0
78,335,335,12,0
78,335,335,13,0
78,335,335,14,0
78,335,335,15,0
78,335,335,16,0
78,335,335,17,0
78,335,335,18,0
78,335,335,19,0
78,335,335,20,0
78,335,335,21,0
78,335,335,22,0
78,335,335,23,0
78,335,335,24,0
78,335,335,25,0
78,335,335,0,0
78,335,335,1,360
78,335,335,2,1
78,335,335,3,30
78,335,335,4,308
78,335,335,5,6
78,335,335,6,1
78,335,335,7,0
78,335,335,8,102
78,335,335,9,1
78,335,335,10,0
78,335,335,11,1
78,335,335,12,2
78,335,335,13,1
78,335,335,14,0
78,335,335,15,0
78,335,335,16,4
78,335,335,17,1
78,335,335,18,1
78,335,335,19,0
78,335,335,20,1
78,335,335,21,0
78,335,335,22,0
78,335,335,23,0
78,335,335,24,0
78,335,335,25,0
78,335,335,0,3
78,336,336,1,184
78,336,336,2,2
78,336,336,3,9
78,336,336,4,188
78,336,336,5,1
78,336,336,6,0
78,336,336,7,1
78,336,336,8,76
78,336,336,9,0
78,336,336,10,0
78,336,336,11,0
78,336,336,12,1
78,336,336,13,0
78,336,336,14,0
78,336,336,15,0
78,336,336,16,2
78,336,336,17,0
78,336,336,18,0
78,336,336,19,0
78,336,336,20,1
78,336,336,21,0
78,336,336,22,0
78,336,336,23,1
78,336,336,24,2
78,336,336,25,0
78,336,336,0,1
78,336,336,1,0
78,336,336,2,0
78,336,336,3,0
78,336,336,4,0
78,336,336,5,0
78,336,336,6,0
78,336,336,7,0
78,336,336,8,0
78,336,336,9,0
78,336,336,10,0
78,336,336,11,0
78,336,336,12,0
78,336,336,13,0
78,336,336,14,0
78,336,336,15,0
78,336,336,16,0
78,336,336,17,0
78,336,336,18,0
78,336,336,19,0
78,336,336,20,0
78,336,336,21,0
78,336,336,22,0
78,336,336,23,0
78,336,336,24,0
78,336,336,25,0
78,336,336,0,0
78,337,337,1,176
78,337,337,2,8
78,337,337,3,8
78,337,337,4,242
78,337,337,5,1
78,337,337,6,0
78,337,337,7,0
78,337,337,8,119
78,337,337,9,0
78,337,337,10,0
78,337,337,11,0
78,337,337,12,1
78,337,337,13,5
78,337,337,14,0
78,337,337,15,1
78,337,337,16,2
78,337,337,17,0
78,337,337,18,1
78,337,337,19,0
78,337,337,20,0
78,337,337,21,0
78,337,337,22,0
78,337,337,23,0
78,337,337,24,1
78,337,337,25,0
78,337,337,0,0
78,338,338,1,322
78,338,338,2,41
78,338,338,3,14
78,338,338,4,445
78,338,338,5,3
78,338,338,6,0
78,338,338,7,0
78,338,338,8,129
78,338,338,9,1
78,338,338,10,0
78,338,338,11,2
78,338,338,12,4
78,338,338,13,4
78,338,338,14,3
78,338,338,15,1
78,338,338,16,11
78,338,338,17,2
78,338,338,18,0
78,338,338,19,0
78,338,338,20,0
78,338,338,21,1
78,338,338,22,2
78,338,338,23,0
78,338,338,24,1
78,338,338,25,1
78,338,338,0,2
78,339,339,1,360
78,339,339,2,6
78,339,339,3,27
78,339,339,4,498
78,339,339,5,0
78,339,339,6,1
78,339,339,7,1
78,339,339,8,158
78,339,339,9,2
78,339,339,10,0
78,339,339,11,1
78,339,339,12,0
78,339,339,13,1
78,339,339,14,0
78,339,339,15,3
78,339,339,16,10
78,339,339,17,2
78,339,339,18,0
78,339,339,19,0
78,339,339,20,1
78,339,339,21,0
78,339,339,22,1
78,339,339,23,1
78,339,339,24,1
78,339,339,25,1
78,339,339,0,3
78,340,340,1,290
78,340,340,2,1
78,340,340,3,24
78,340,340,4,312
78,340,340,5,1
78,340,340,6,0
78,340,340,7,2
78,340,340,8,78
78,340,340,9,0
78,340,340,10,1
78,340,340,11,0
78,340,340,12,2
78,340,340,13,0
78,340,340,14,0
78,340,340,15,2
78,340,340,16,0
78,340,340,17,2
78,340,340,18,0
78,340,340,19,0
78,340,340,20,0
78,340,340,21,0
78,340,340,22,0
78,340,340,23,1
78,340,340,24,0
78,340,340,25,2
78,340,340,0,0
78,341,341,1,208
78,341,341,2,1
78,341,341,3,16
78,341,341,4,262
78,341,341,5,2
78,341,341,6,0
78,341,341,7,1
78,341,341,8,60
78,341,341,9,1
78,341,341,10,5
78,341,341,11,0
78,341,341,12,0
78,341,341,13,1
78,341,341,14,0
78,341,341,15,0
78,341,341,16,2
78,341,341,17,3
78,341,341,18,0
78,341,341,19,0
78,341,341,20,1
78,341,341,21,0
78,341,341,22,0
78,341,341,23,1
78,341,341,24,1
78,341,341,25,0
78,341,341,0,2
78,342,342,1,170
78,342,342,2,1
78,342,342,3,22
78,342,342,4,429
78,342,342,5,1
78,342,342,6,3
78,342,342,7,0
78,342,342,8,116
78,342,342,9,0
78,342,342,10,1
78,342,342,11,0
78,342,342,12,1
78,342,342,13,1
78,342,342,14,0
78,342,342,15,0
78,342,342,16,0
78,342,342,17,4
78,342,342,18,0
78,342,342,19,0
78,342,342,20,1
78,342,342,21,1
78,342,342,22,0
78,342,342,23,0
78,342,342,24,1
78,342,342,25,0
78,342,342,0,3
78,343,343,1,224
78,343,343,2,0
78,343,343,3,32
78,343,343,4,288
78,343,343,5,2
78,343,343,6,0
78,343,343,7,0
78,343,343,8,63
78,343,343,9,1
78,343,343,10,0
78,343,343,11,0
78,343,343,12,1
78,343,343,13,4
78,343,343,14,1
78,343,343,15,1
78,343,343,16,6
78,343,343,17,2
78,343,343,18,0
78,343,343,19,0
78,343,343,20,1
78,343,343,21,0
78,343,343,22,1
78,343,343,23,0
78,343,343,24,0
78,343,343,25,0
78,343,343,0,0
78,344,344,1,266
78,344,344,2,1
78,344,344,3,11
78,344,344,4,289
78,344,344,5,2
78,344,344,6,0
78,344,344,7,2
78,344,344,8,133
78,344,344,9,0
78,344,344,10,1
78,344,344,11,0
78,344,344,12,1
78,344,344,13,2
78,344,344,14,1
78,344,344,15,0
78,344,344,16,5
78,344,344,17,3
78,344,344,18,0
78,344,344,19,0
78,344,344,20,0
78,344,344,21,0
78,344,344,22,2
78,344,344,23,0
78,344,344,24,2
78,344,344,25,0
78,344,344,0,0
78,345,345,1,120
78,345,345,2,1
78,345,345,3,10
78,345,345,4,170
78,345,345,5,0
78,345,345,6,0
78,345,345,7,2
78,345,345,8,93
78,345,345,9,0
78,345,345,10,0
78,345,345,11,0
78,345,345,12,2
78,345,345,13,1
78,345,345,14,0
78,345,345,15,0
78,345,345,16,0
78,345,345,17,2
78,345,345,18,0
78,345,345,19,0
78,345,345,20,1
78,345,345,21,0
78,345,345,22,0
78,345,345,23,0
78,345,345,24,0
78,345,345,25,0
78,345,345,0,0
78,346,346,1,138
78,346,346,2,0
78,346,346,3,16
78,346,346,4,279
78,346,346,5,0
78,346,346,6,0
78,346,346,7,1
78,346,346,8,91
78,346,346,9,0
78,346,346,10,1
78,346,346,11,0
78,346,346,12,2
78,346,346,13,1
78,346,346,14,2
78,346,346,15,0
78,346,346,16,1
78,346,346,17,1
78,346,346,18,0
78,346,346,19,0
78,346,346,20,0
78,346,346,21,0
78,346,346,22,1
78,346,346,23,0
78,346,346,24,0
78,346,346,25,1
78,346,346,0,1
78,347,347,1,195
78,347,347,2,0
78,347,347,3,13
78,347,347,4,210
78,347,347,5,0
78,347,347,6,0
78,347,347,7,1
78,347,347,8,172
78,347,347,9,2
78,347,347,10,0
78,347,347,11,0
78,347,347,12,2
78,347,347,13,0
78,347,347,14,0
78,347,347,15,0
78,347,347,16,2
78,347,347,17,1
78,347,347,18,1
78,347,347,19,0
78,347,347,20,1
78,347,347,21,0
78,347,347,22,0
78,347,347,23,1
78,347,347,24,0
78,347,347,25,1
78,347,347,0,1
78,348,348,1,200
78,348,348,2,3
78,348,348,3,16
78,348,348,4,193
78,348,348,5,0
78,348,348,6,0
78,348,348,7,1
78,348,348,8,115
78,348,348,9,0
78,348,348,10,2
78,348,348,11,1
78,348,348,12,1
78,348,348,13,0
78,348,348,14,0
78,348,348,15,0
78,348,348,16,3
78,348,348,17,1
78,348,348,18,0
78,348,348,19,1
78,348,348,20,1
78,348,348,21,1
78,348,348,22,0
78,348,348,23,0
78,348,348,24,0
78,348,348,25,0
78,348,348,0,1
78,349,349,1,272
78,349,349,2,2
78,349,349,3,29
78,349,349,4,377
78,349,349,5,0
78,349,349,6,4
78,349,349,7,2
78,349,349,8,323
78,349,349,9,2
78,349,349,10,0
78,349,349,11,1
78,349,349,12,6
78,349,349,13,0
78,349,349,14,0
78,349,349,15,2
78,349,349,16,3
78,349,349,17,1
78,349,349,18,0
78,349,349,19,1
78,349,349,20,2
78,349,349,21,1
78,349,349,22,0
78,349,349,23,0
78,349,349,24,4
78,349,349,25,0
78,349,349,0,2
78,350,350,1,201
78,350,350,2,2
78,350,350,3,12
78,350,350,4,283
78,350,350,5,1
78,350,350,6,0
78,350,350,7,0
78,350,350,8,248
78,350,350,9,0
78,350,350,10,2
78,350,350,11,0
78,350,350,12,4
78,350,350,13,0
78,350,350,14,1
78,350,350,15,2
78,350,350,16,7
78,350,350,17,3
78,350,350,18,1
78,350,350,19,0
78,350,350,20,2
78,350,350,21,0
78,350,350,22,1
78,350,350,23,2
78,350,350,24,1
78,350,350,25,1
78,350,350,0,1
78,351,351,1,88871
78,351,351,2,575
78,351,351,3,7193
78,351,351,4,84465
78,351,351,5,291
78,351,351,6,161
78,351,351,7,322
78,351,351,8,56135
78,351,351,9,302
78,351,351,10,248
78,351,351,11,90
78,351,351,12,458
78,351,351,13,243
78,351,351,14,125
78,351,351,15,136
78,351,351,16,1071
78,351,351,17,800
78,351,351,18,173
78,351,351,19,83
78,351,351,20,241
78,351,351,21,63
78,351,351,22,97
78,351,351,23,130
78,351,351,24,208
78,351,351,25,141
78,351,351,0,528
78,352,352,1,89711
78,352,352,2,578
78,352,352,3,7247
78,352,352,4,84849
78,352,352,5,291
78,352,352,6,161
78,352,352,7,322
78,352,352,8,56488
78,352,352,9,302
78,352,352,10,251
78,352,352,11,90
78,352,352,12,458
78,352,352,13,244
78,352,352,14,125
78,352,352,15,136
78,352,352,16,1071
78,352,352,17,800
78,352,352,18,173
78,352,352,19,83
78,352,352,20,241
78,352,352,21,63
78,352,352,22,98
78,352,352,23,130
78,352,352,24,208
78,352,352,25,141
78,352,352,0,534
