ac_code,ps_serial_number,ps_code,candidate_serial_number,candidate_votes
77,0,0,1,1180
77,0,0,2,76
77,0,0,3,887
77,0,0,4,0
77,0,0,5,469
77,0,0,6,2
77,0,0,7,0
77,0,0,8,1
77,0,0,9,0
77,0,0,10,8
77,0,0,11,2
77,0,0,12,4
77,0,0,13,0
77,0,0,14,1
77,0,0,0,4
77,1,1,1,0
77,1,1,2,0
77,1,1,3,0
77,1,1,4,0
77,1,1,5,0
77,1,1,6,0
77,1,1,7,0
77,1,1,8,0
77,1,1,9,0
77,1,1,10,0
77,1,1,11,0
77,1,1,12,0
77,1,1,13,0
77,1,1,14,0
77,1,1,0,0
77,1,2,1,5
77,1,2,2,6
77,1,2,3,7
77,1,2,4,8
77,1,2,5,9
77,1,2,6,10
77,1,2,7,11
77,1,2,8,12
77,1,2,9,13
77,1,2,10,14
77,1,2,11,15
77,1,2,12,16
77,1,2,13,17
77,1,2,14,18
77,1,2,0,28
77,1,1,1,428
77,1,1,2,32
77,1,1,3,192
77,1,1,4,1
77,1,1,5,196
77,1,1,6,1
77,1,1,7,0
77,1,1,8,0
77,1,1,9,1
77,1,1,10,0
77,1,1,11,1
77,1,1,12,1
77,1,1,13,1
77,1,1,14,2
77,1,1,0,2
77,1,2,1,5
77,1,2,2,6
77,1,2,3,7
77,1,2,4,8
77,1,2,5,9
77,1,2,6,10
77,1,2,7,11
77,1,2,8,12
77,1,2,9,13
77,1,2,10,14
77,1,2,11,15
77,1,2,12,16
77,1,2,13,17
77,1,2,14,18
77,1,2,0,28
77,1,2,1,5
77,1,2,2,6
77,1,2,3,7
77,1,2,4,8
77,1,2,5,9
77,1,2,6,10
77,1,2,7,11
77,1,2,8,12
77,1,2,9,13
77,1,2,10,14
77,1,2,11,15
77,1,2,12,16
77,1,2,13,17
77,1,2,14,18
77,1,2,0,28
77,1,2,1,5
77,1,2,2,6
77,1,2,3,7
77,1,2,4,8
77,1,2,5,9
77,1,2,6,10
77,1,2,7,11
77,1,2,8,12
77,1,2,9,13
77,1,2,10,14
77,1,2,11,15
77,1,2,12,16
77,1,2,13,17
77,1,2,14,18
77,1,2,0,28
77,1,2,1,5
77,1,2,2,6
77,1,2,3,7
77,1,2,4,8
77,1,2,5,9
77,1,2,6,10
77,1,2,7,11
77,1,2,8,12
77,1,2,9,13
77,1,2,10,14
77,1,2,11,15
77,1,2,12,16
77,1,2,13,17
77,1,2,14,18
77,1,2,0,28
77,1,2,1,5
77,1,2,2,6
77,1,2,3,7
77,1,2,4,8
77,1,2,5,9
77,1,2,6,10
77,1,2,7,11
77,1,2,8,12
77,1,2,9,13
77,1,2,10,14
77,1,2,11,15
77,1,2,12,16
77,1,2,13,17
77,1,2,14,18
77,1,2,0,28
77,1,2,1,5
77,1,2,2,6
77,1,2,3,7
77,1,2,4,8
77,1,2,5,9
77,1,2,6,10
77,1,2,7,11
77,1,2,8,12
77,1,2,9,13
77,1,2,10,14
77,1,2,11,15
77,1,2,12,16
77,1,2,13,17
77,1,2,14,18
77,1,2,0,28
77,1,2,1,5
77,1,2,2,6
77,1,2,3,7
77,1,2,4,8
77,1,2,5,9
77,1,2,6,10
77,1,2,7,11
77,1,2,8,12
77,1,2,9,13
77,1,2,10,14
77,1,2,11,15
77,1,2,12,16
77,1,2,13,17
77,1,2,14,18
77,1,2,0,28
77,1,2,1,5
77,1,2,2,6
77,1,2,3,7
77,1,2,4,8
77,1,2,5,9
77,1,2,6,10
77,1,2,7,11
77,1,2,8,12
77,1,2,9,13
77,1,2,10,14
77,1,2,11,15
77,1,2,12,16
77,1,2,13,17
77,1,2,14,18
77,1,2,0,28
77,1,2,1,5
77,1,2,2,6
77,1,2,3,7
77,1,2,4,8
77,1,2,5,9
77,1,2,6,10
77,1,2,7,11
77,1,2,8,12
77,1,2,9,13
77,1,2,10,14
77,1,2,11,15
77,1,2,12,16
77,1,2,13,17
77,1,2,14,18
77,1,2,0,28
77,1,2,1,5
77,1,2,2,6
77,1,2,3,7
77,1,2,4,8
77,1,2,5,9
77,1,2,6,10
77,1,2,7,11
77,1,2,8,12
77,1,2,9,13
77,1,2,10,14
77,1,2,11,15
77,1,2,12,16
77,1,2,13,17
77,1,2,14,18
77,1,2,0,28
77,1,2,1,5
77,1,2,2,6
77,1,2,3,7
77,1,2,4,8
77,1,2,5,9
77,1,2,6,10
77,1,2,7,11
77,1,2,8,12
77,1,2,9,13
77,1,2,10,14
77,1,2,11,15
77,1,2,12,16
77,1,2,13,17
77,1,2,14,18
77,1,2,0,28
77,1,2,1,5
77,1,2,2,6
77,1,2,3,7
77,1,2,4,8
77,1,2,5,9
77,1,2,6,10
77,1,2,7,11
77,1,2,8,12
77,1,2,9,13
77,1,2,10,14
77,1,2,11,15
77,1,2,12,16
77,1,2,13,17
77,1,2,14,18
77,1,2,0,28
77,1,2,1,5
77,1,2,2,6
77,1,2,3,7
77,1,2,4,8
77,1,2,5,9
77,1,2,6,10
77,1,2,7,11
77,1,2,8,12
77,1,2,9,13
77,1,2,10,14
77,1,2,11,15
77,1,2,12,16
77,1,2,13,17
77,1,2,14,18
77,1,2,0,28
77,1,2,1,5
77,1,2,2,6
77,1,2,3,7
77,1,2,4,8
77,1,2,5,9
77,1,2,6,10
77,1,2,7,11
77,1,2,8,12
77,1,2,9,13
77,1,2,10,14
77,1,2,11,15
77,1,2,12,16
77,1,2,13,17
77,1,2,14,18
77,1,2,0,28
77,1,2,1,5
77,1,2,2,6
77,1,2,3,7
77,1,2,4,8
77,1,2,5,9
77,1,2,6,10
77,1,2,7,11
77,1,2,8,12
77,1,2,9,13
77,1,2,10,14
77,1,2,11,15
77,1,2,12,16
77,1,2,13,17
77,1,2,14,18
77,1,2,0,28
77,1,2,1,5
77,1,2,2,6
77,1,2,3,7
77,1,2,4,8
77,1,2,5,9
77,1,2,6,10
77,1,2,7,11
77,1,2,8,12
77,1,2,9,13
77,1,2,10,14
77,1,2,11,15
77,1,2,12,16
77,1,2,13,17
77,1,2,14,18
77,1,2,0,28
77,1,2,1,5
77,1,2,2,6
77,1,2,3,7
77,1,2,4,8
77,1,2,5,9
77,1,2,6,10
77,1,2,7,11
77,1,2,8,12
77,1,2,9,13
77,1,2,10,14
77,1,2,11,15
77,1,2,12,16
77,1,2,13,17
77,1,2,14,18
77,1,2,0,28
77,1,2,1,5
77,1,2,2,6
77,1,2,3,7
77,1,2,4,8
77,1,2,5,9
77,1,2,6,10
77,1,2,7,11
77,1,2,8,12
77,1,2,9,13
77,1,2,10,14
77,1,2,11,15
77,1,2,12,16
77,1,2,13,17
77,1,2,14,18
77,1,2,0,28
77,1,2,1,5
77,1,2,2,6
77,1,2,3,7
77,1,2,4,8
77,1,2,5,9
77,1,2,6,10
77,1,2,7,11
77,1,2,8,12
77,1,2,9,13
77,1,2,10,14
77,1,2,11,15
77,1,2,12,16
77,1,2,13,17
77,1,2,14,18
77,1,2,0,28
77,1,2,1,5
77,1,2,2,6
77,1,2,3,7
77,1,2,4,8
77,1,2,5,9
77,1,2,6,10
77,1,2,7,11
77,1,2,8,12
77,1,2,9,13
77,1,2,10,14
77,1,2,11,15
77,1,2,12,16
77,1,2,13,17
77,1,2,14,18
77,1,2,0,28
77,1,2,1,5
77,1,2,2,6
77,1,2,3,7
77,1,2,4,8
77,1,2,5,9
77,1,2,6,10
77,1,2,7,11
77,1,2,8,12
77,1,2,9,13
77,1,2,10,14
77,1,2,11,15
77,1,2,12,16
77,1,2,13,17
77,1,2,14,18
77,1,2,0,28
77,1,2,1,5
77,1,2,2,6
77,1,2,3,7
77,1,2,4,8
77,1,2,5,9
77,1,2,6,10
77,1,2,7,11
77,1,2,8,12
77,1,2,9,13
77,1,2,10,14
77,1,2,11,15
77,1,2,12,16
77,1,2,13,17
77,1,2,14,18
77,1,2,0,28
77,1,2,1,5
77,1,2,2,6
77,1,2,3,7
77,1,2,4,8
77,1,2,5,9
77,1,2,6,10
77,1,2,7,11
77,1,2,8,12
77,1,2,9,13
77,1,2,10,14
77,1,2,11,15
77,1,2,12,16
77,1,2,13,17
77,1,2,14,18
77,1,2,0,28
77,1,2,1,5
77,1,2,2,6
77,1,2,3,7
77,1,2,4,8
77,1,2,5,9
77,1,2,6,10
77,1,2,7,11
77,1,2,8,12
77,1,2,9,13
77,1,2,10,14
77,1,2,11,15
77,1,2,12,16
77,1,2,13,17
77,1,2,14,18
77,1,2,0,28
77,1,2,1,5
77,1,2,2,6
77,1,2,3,7
77,1,2,4,8
77,1,2,5,9
77,1,2,6,10
77,1,2,7,11
77,1,2,8,12
77,1,2,9,13
77,1,2,10,14
77,1,2,11,15
77,1,2,12,16
77,1,2,13,17
77,1,2,14,18
77,1,2,0,28
77,1,2,1,5
77,1,2,2,6
77,1,2,3,7
77,1,2,4,8
77,1,2,5,9
77,1,2,6,10
77,1,2,7,11
77,1,2,8,12
77,1,2,9,13
77,1,2,10,14
77,1,2,11,15
77,1,2,12,16
77,1,2,13,17
77,1,2,14,18
77,1,2,0,28
77,1,2,1,5
77,1,2,2,6
77,1,2,3,7
77,1,2,4,8
77,1,2,5,9
77,1,2,6,10
77,1,2,7,11
77,1,2,8,12
77,1,2,9,13
77,1,2,10,14
77,1,2,11,15
77,1,2,12,16
77,1,2,13,17
77,1,2,14,18
77,1,2,0,28
77,1,2,1,5
77,1,2,2,6
77,1,2,3,7
77,1,2,4,8
77,1,2,5,9
77,1,2,6,10
77,1,2,7,11
77,1,2,8,12
77,1,2,9,13
77,1,2,10,14
77,1,2,11,15
77,1,2,12,16
77,1,2,13,17
77,1,2,14,18
77,1,2,0,28
77,1,2,1,5
77,1,2,2,6
77,1,2,3,7
77,1,2,4,8
77,1,2,5,9
77,1,2,6,10
77,1,2,7,11
77,1,2,8,12
77,1,2,9,13
77,1,2,10,14
77,1,2,11,15
77,1,2,12,16
77,1,2,13,17
77,1,2,14,18
77,1,2,0,28
77,1,2,1,5
77,1,2,2,6
77,1,2,3,7
77,1,2,4,8
77,1,2,5,9
77,1,2,6,10
77,1,2,7,11
77,1,2,8,12
77,1,2,9,13
77,1,2,10,14
77,1,2,11,15
77,1,2,12,16
77,1,2,13,17
77,1,2,14,18
77,1,2,0,28
77,1,2,1,5
77,1,2,2,6
77,1,2,3,7
77,1,2,4,8
77,1,2,5,9
77,1,2,6,10
77,1,2,7,11
77,1,2,8,12
77,1,2,9,13
77,1,2,10,14
77,1,2,11,15
77,1,2,12,16
77,1,2,13,17
77,1,2,14,18
77,1,2,0,28
77,1,2,1,5
77,1,2,2,6
77,1,2,3,7
77,1,2,4,8
77,1,2,5,9
77,1,2,6,10
77,1,2,7,11
77,1,2,8,12
77,1,2,9,13
77,1,2,10,14
77,1,2,11,15
77,1,2,12,16
77,1,2,13,17
77,1,2,14,18
77,1,2,0,28
77,1,2,1,5
77,1,2,2,6
77,1,2,3,7
77,1,2,4,8
77,1,2,5,9
77,1,2,6,10
77,1,2,7,11
77,1,2,8,12
77,1,2,9,13
77,1,2,10,14
77,1,2,11,15
77,1,2,12,16
77,1,2,13,17
77,1,2,14,18
77,1,2,0,28
77,1,2,1,5
77,1,2,2,6
77,1,2,3,7
77,1,2,4,8
77,1,2,5,9
77,1,2,6,10
77,1,2,7,11
77,1,2,8,12
77,1,2,9,13
77,1,2,10,14
77,1,2,11,15
77,1,2,12,16
77,1,2,13,17
77,1,2,14,18
77,1,2,0,28
77,2,2,1,0
77,2,2,2,0
77,2,2,3,0
77,2,2,4,590
77,2,2,5,66208
77,2,2,6,140
77,2,2,7,73
77,2,2,8,282
77,2,2,9,78
77,2,2,10,110
77,2,2,11,217
77,2,2,12,170
77,2,2,13,642
77,2,2,14,251
77,2,2,0,1051
77,2,2,1,419
77,2,2,2,18
77,2,2,3,223
77,2,2,4,2
77,2,2,5,229
77,2,2,6,2
77,2,2,7,0
77,2,2,8,2
77,2,2,9,0
77,2,2,10,0
77,2,2,11,0
77,2,2,12,1
77,2,2,13,1
77,2,2,14,0
77,2,2,0,6
77,2,2,1,0
77,2,2,2,0
77,2,2,3,0
77,2,2,4,0
77,2,2,5,0
77,2,2,6,0
77,2,2,7,0
77,2,2,8,0
77,2,2,9,0
77,2,2,10,0
77,2,2,11,0
77,2,2,12,0
77,2,2,13,0
77,2,2,14,0
77,2,2,0,0
77,3,3,1,422
77,3,3,2,17
77,3,3,3,357
77,3,3,4,5
77,3,3,5,210
77,3,3,6,0
77,3,3,7,0
77,3,3,8,2
77,3,3,9,0
77,3,3,10,1
77,3,3,11,0
77,3,3,12,1
77,3,3,13,9
77,3,3,14,0
77,3,3,0,5
77,4,4,1,345
77,4,4,2,35
77,4,4,3,336
77,4,4,4,8
77,4,4,5,339
77,4,4,6,0
77,4,4,7,1
77,4,4,8,2
77,4,4,9,0
77,4,4,10,0
77,4,4,11,3
77,4,4,12,1
77,4,4,13,3
77,4,4,14,2
77,4,4,0,6
77,5,5,1,279
77,5,5,2,12
77,5,5,3,370
77,5,5,4,3
77,5,5,5,235
77,5,5,6,1
77,5,5,7,0
77,5,5,8,1
77,5,5,9,0
77,5,5,10,0
77,5,5,11,1
77,5,5,12,1
77,5,5,13,0
77,5,5,14,1
77,5,5,0,2
77,6,6,1,303
77,6,6,2,11
77,6,6,3,361
77,6,6,4,1
77,6,6,5,295
77,6,6,6,1
77,6,6,7,1
77,6,6,8,1
77,6,6,9,0
77,6,6,10,0
77,6,6,11,1
77,6,6,12,1
77,6,6,13,1
77,6,6,14,1
77,6,6,0,4
77,7,7,1,149
77,7,7,2,21
77,7,7,3,146
77,7,7,4,2
77,7,7,5,115
77,7,7,6,0
77,7,7,7,0
77,7,7,8,0
77,7,7,9,0
77,7,7,10,0
77,7,7,11,1
77,7,7,12,1
77,7,7,13,4
77,7,7,14,3
77,7,7,0,9
77,8,8,1,164
77,8,8,2,14
77,8,8,3,214
77,8,8,4,5
77,8,8,5,173
77,8,8,6,1
77,8,8,7,0
77,8,8,8,1
77,8,8,9,0
77,8,8,10,0
77,8,8,11,1
77,8,8,12,1
77,8,8,13,2
77,8,8,14,1
77,8,8,0,2
77,9,9,1,0
77,9,9,2,0
77,9,9,3,0
77,9,9,4,0
77,9,9,5,0
77,9,9,6,0
77,9,9,7,0
77,9,9,8,0
77,9,9,9,0
77,9,9,10,0
77,9,9,11,0
77,9,9,12,0
77,9,9,13,0
77,9,9,14,0
77,9,9,0,0
77,9,9,1,314
77,9,9,2,27
77,9,9,3,400
77,9,9,4,4
77,9,9,5,269
77,9,9,6,1
77,9,9,7,0
77,9,9,8,1
77,9,9,9,0
77,9,9,10,0
77,9,9,11,3
77,9,9,12,4
77,9,9,13,4
77,9,9,14,1
77,9,9,0,5
77,10,10,1,0
77,10,10,2,0
77,10,10,3,0
77,10,10,4,0
77,10,10,5,0
77,10,10,6,0
77,10,10,7,0
77,10,10,8,0
77,10,10,9,0
77,10,10,10,0
77,10,10,11,0
77,10,10,12,0
77,10,10,13,0
77,10,10,14,0
77,10,10,0,0
77,10,10,1,359
77,10,10,2,30
77,10,10,3,299
77,10,10,4,2
77,10,10,5,208
77,10,10,6,0
77,10,10,7,0
77,10,10,8,2
77,10,10,9,0
77,10,10,10,0
77,10,10,11,2
77,10,10,12,1
77,10,10,13,0
77,10,10,14,1
77,10,10,0,2
77,11,11,1,395
77,11,11,2,32
77,11,11,3,267
77,11,11,4,2
77,11,11,5,208
77,11,11,6,1
77,11,11,7,0
77,11,11,8,2
77,11,11,9,0
77,11,11,10,4
77,11,11,11,4
77,11,11,12,3
77,11,11,13,2
77,11,11,14,2
77,11,11,0,3
77,11,11,1,0
77,11,11,2,0
77,11,11,3,0
77,11,11,4,0
77,11,11,5,0
77,11,11,6,0
77,11,11,7,0
77,11,11,8,0
77,11,11,9,0
77,11,11,10,0
77,11,11,11,0
77,11,11,12,0
77,11,11,13,0
77,11,11,14,0
77,11,11,0,0
77,12,12,1,94
77,12,12,2,15
77,12,12,3,111
77,12,12,4,1
77,12,12,5,103
77,12,12,6,0
77,12,12,7,0
77,12,12,8,0
77,12,12,9,0
77,12,12,10,0
77,12,12,11,0
77,12,12,12,0
77,12,12,13,0
77,12,12,14,0
77,12,12,0,4
77,13,13,1,219
77,13,13,2,13
77,13,13,3,153
77,13,13,4,1
77,13,13,5,159
77,13,13,6,0
77,13,13,7,0
77,13,13,8,1
77,13,13,9,0
77,13,13,10,0
77,13,13,11,2
77,13,13,12,0
77,13,13,13,0
77,13,13,14,1
77,13,13,0,5
77,14,14,1,184
77,14,14,2,6
77,14,14,3,177
77,14,14,4,3
77,14,14,5,143
77,14,14,6,0
77,14,14,7,0
77,14,14,8,1
77,14,14,9,0
77,14,14,10,0
77,14,14,11,1
77,14,14,12,1
77,14,14,13,2
77,14,14,14,0
77,14,14,0,5
77,15,15,1,236
77,15,15,2,16
77,15,15,3,219
77,15,15,4,0
77,15,15,5,201
77,15,15,6,0
77,15,15,7,0
77,15,15,8,2
77,15,15,9,0
77,15,15,10,1
77,15,15,11,0
77,15,15,12,0
77,15,15,13,3
77,15,15,14,0
77,15,15,0,2
77,16,16,1,186
77,16,16,2,35
77,16,16,3,167
77,16,16,4,1
77,16,16,5,199
77,16,16,6,0
77,16,16,7,0
77,16,16,8,2
77,16,16,9,0
77,16,16,10,1
77,16,16,11,0
77,16,16,12,2
77,16,16,13,1
77,16,16,14,0
77,16,16,0,3
77,17,17,1,216
77,17,17,2,43
77,17,17,3,207
77,17,17,4,4
77,17,17,5,256
77,17,17,6,1
77,17,17,7,0
77,17,17,8,0
77,17,17,9,0
77,17,17,10,1
77,17,17,11,0
77,17,17,12,0
77,17,17,13,2
77,17,17,14,0
77,17,17,0,3
77,18,18,1,208
77,18,18,2,35
77,18,18,3,200
77,18,18,4,3
77,18,18,5,279
77,18,18,6,2
77,18,18,7,0
77,18,18,8,1
77,18,18,9,1
77,18,18,10,1
77,18,18,11,4
77,18,18,12,1
77,18,18,13,2
77,18,18,14,0
77,18,18,0,1
77,19,19,1,255
77,19,19,2,14
77,19,19,3,180
77,19,19,4,3
77,19,19,5,174
77,19,19,6,0
77,19,19,7,0
77,19,19,8,0
77,19,19,9,0
77,19,19,10,0
77,19,19,11,2
77,19,19,12,0
77,19,19,13,0
77,19,19,14,1
77,19,19,0,2
77,20,20,1,162
77,20,20,2,10
77,20,20,3,159
77,20,20,4,0
77,20,20,5,121
77,20,20,6,0
77,20,20,7,0
77,20,20,8,0
77,20,20,9,0
77,20,20,10,0
77,20,20,11,0
77,20,20,12,0
77,20,20,13,0
77,20,20,14,0
77,20,20,0,3
77,20,20,1,0
77,20,20,2,0
77,20,20,3,0
77,20,20,4,0
77,20,20,5,0
77,20,20,6,0
77,20,20,7,0
77,20,20,8,0
77,20,20,9,0
77,20,20,10,0
77,20,20,11,0
77,20,20,12,0
77,20,20,13,0
77,20,20,14,0
77,20,20,0,0
77,21,21,1,134
77,21,21,2,19
77,21,21,3,170
77,21,21,4,4
77,21,21,5,233
77,21,21,6,1
77,21,21,7,0
77,21,21,8,1
77,21,21,9,1
77,21,21,10,0
77,21,21,11,2
77,21,21,12,1
77,21,21,13,0
77,21,21,14,1
77,21,21,0,2
77,21,21,1,0
77,21,21,2,0
77,21,21,3,0
77,21,21,4,0
77,21,21,5,0
77,21,21,6,0
77,21,21,7,0
77,21,21,8,0
77,21,21,9,0
77,21,21,10,0
77,21,21,11,0
77,21,21,12,0
77,21,21,13,0
77,21,21,14,0
77,21,21,0,0
77,22,22,1,265
77,22,22,2,12
77,22,22,3,254
77,22,22,4,3
77,22,22,5,156
77,22,22,6,0
77,22,22,7,1
77,22,22,8,0
77,22,22,9,0
77,22,22,10,1
77,22,22,11,0
77,22,22,12,1
77,22,22,13,3
77,22,22,14,1
77,22,22,0,7
77,22,22,1,0
77,22,22,2,0
77,22,22,3,0
77,22,22,4,0
77,22,22,5,0
77,22,22,6,0
77,22,22,7,0
77,22,22,8,0
77,22,22,9,0
77,22,22,10,0
77,22,22,11,0
77,22,22,12,0
77,22,22,13,0
77,22,22,14,0
77,22,22,0,0
77,23,23,1,275
77,23,23,2,42
77,23,23,3,264
77,23,23,4,2
77,23,23,5,164
77,23,23,6,0
77,23,23,7,0
77,23,23,8,0
77,23,23,9,0
77,23,23,10,0
77,23,23,11,1
77,23,23,12,1
77,23,23,13,1
77,23,23,14,2
77,23,23,0,2
77,24,24,1,335
77,24,24,2,30
77,24,24,3,336
77,24,24,4,5
77,24,24,5,296
77,24,24,6,0
77,24,24,7,0
77,24,24,8,3
77,24,24,9,2
77,24,24,10,0
77,24,24,11,2
77,24,24,12,0
77,24,24,13,0
77,24,24,14,2
77,24,24,0,4
77,25,25,1,232
77,25,25,2,7
77,25,25,3,222
77,25,25,4,1
77,25,25,5,136
77,25,25,6,1
77,25,25,7,0
77,25,25,8,0
77,25,25,9,0
77,25,25,10,0
77,25,25,11,0
77,25,25,12,0
77,25,25,13,0
77,25,25,14,0
77,25,25,0,2
77,26,26,1,312
77,26,26,2,19
77,26,26,3,235
77,26,26,4,1
77,26,26,5,273
77,26,26,6,0
77,26,26,7,0
77,26,26,8,1
77,26,26,9,0
77,26,26,10,1
77,26,26,11,1
77,26,26,12,1
77,26,26,13,5
77,26,26,14,1
77,26,26,0,8
77,27,27,1,281
77,27,27,2,21
77,27,27,3,206
77,27,27,4,3
77,27,27,5,220
77,27,27,6,1
77,27,27,7,0
77,27,27,8,2
77,27,27,9,1
77,27,27,10,1
77,27,27,11,0
77,27,27,12,1
77,27,27,13,3
77,27,27,14,0
77,27,27,0,5
77,28,28,1,320
77,28,28,2,19
77,28,28,3,246
77,28,28,4,2
77,28,28,5,333
77,28,28,6,1
77,28,28,7,0
77,28,28,8,0
77,28,28,9,0
77,28,28,10,0
77,28,28,11,0
77,28,28,12,1
77,28,28,13,1
77,28,28,14,1
77,28,28,0,2
77,29,29,1,279
77,29,29,2,20
77,29,29,3,289
77,29,29,4,2
77,29,29,5,207
77,29,29,6,1
77,29,29,7,0
77,29,29,8,0
77,29,29,9,0
77,29,29,10,0
77,29,29,11,1
77,29,29,12,1
77,29,29,13,3
77,29,29,14,3
77,29,29,0,3
77,30,30,1,237
77,30,30,2,23
77,30,30,3,246
77,30,30,4,5
77,30,30,5,219
77,30,30,6,0
77,30,30,7,0
77,30,30,8,1
77,30,30,9,0
77,30,30,10,0
77,30,30,11,0
77,30,30,12,0
77,30,30,13,2
77,30,30,14,1
77,30,30,0,3
77,31,31,1,260
77,31,31,2,36
77,31,31,3,341
77,31,31,4,2
77,31,31,5,273
77,31,31,6,0
77,31,31,7,0
77,31,31,8,1
77,31,31,9,0
77,31,31,10,0
77,31,31,11,1
77,31,31,12,0
77,31,31,13,1
77,31,31,14,1
77,31,31,0,1
77,31,31,1,0
77,31,31,2,0
77,31,31,3,0
77,31,31,4,0
77,31,31,5,0
77,31,31,6,0
77,31,31,7,0
77,31,31,8,0
77,31,31,9,0
77,31,31,10,0
77,31,31,11,0
77,31,31,12,0
77,31,31,13,0
77,31,31,14,0
77,31,31,0,0
77,32,32,1,0
77,32,32,2,0
77,32,32,3,0
77,32,32,4,0
77,32,32,5,0
77,32,32,6,0
77,32,32,7,0
77,32,32,8,0
77,32,32,9,0
77,32,32,10,0
77,32,32,11,0
77,32,32,12,0
77,32,32,13,0
77,32,32,14,0
77,32,32,0,0
77,32,32,1,228
77,32,32,2,39
77,32,32,3,130
77,32,32,4,0
77,32,32,5,250
77,32,32,6,1
77,32,32,7,0
77,32,32,8,3
77,32,32,9,1
77,32,32,10,0
77,32,32,11,0
77,32,32,12,0
77,32,32,13,0
77,32,32,14,1
77,32,32,0,2
77,33,33,1,187
77,33,33,2,12
77,33,33,3,106
77,33,33,4,0
77,33,33,5,173
77,33,33,6,0
77,33,33,7,1
77,33,33,8,0
77,33,33,9,1
77,33,33,10,0
77,33,33,11,2
77,33,33,12,0
77,33,33,13,0
77,33,33,14,0
77,33,33,0,2
77,33,33,1,0
77,33,33,2,0
77,33,33,3,0
77,33,33,4,0
77,33,33,5,0
77,33,33,6,0
77,33,33,7,0
77,33,33,8,0
77,33,33,9,0
77,33,33,10,0
77,33,33,11,0
77,33,33,12,0
77,33,33,13,0
77,33,33,14,0
77,33,33,0,0
77,34,34,1,200
77,34,34,2,22
77,34,34,3,198
77,34,34,4,2
77,34,34,5,252
77,34,34,6,0
77,34,34,7,0
77,34,34,8,0
77,34,34,9,0
77,34,34,10,1
77,34,34,11,0
77,34,34,12,0
77,34,34,13,0
77,34,34,14,1
77,34,34,0,1
77,35,35,1,148
77,35,35,2,30
77,35,35,3,312
77,35,35,4,1
77,35,35,5,237
77,35,35,6,0
77,35,35,7,0
77,35,35,8,0
77,35,35,9,0
77,35,35,10,2
77,35,35,11,2
77,35,35,12,0
77,35,35,13,2
77,35,35,14,1
77,35,35,0,1
77,36,36,1,209
77,36,36,2,20
77,36,36,3,293
77,36,36,4,2
77,36,36,5,326
77,36,36,6,1
77,36,36,7,0
77,36,36,8,0
77,36,36,9,0
77,36,36,10,1
77,36,36,11,0
77,36,36,12,0
77,36,36,13,0
77,36,36,14,0
77,36,36,0,4
77,37,37,1,278
77,37,37,2,26
77,37,37,3,258
77,37,37,4,1
77,37,37,5,251
77,37,37,6,1
77,37,37,7,0
77,37,37,8,1
77,37,37,9,0
77,37,37,10,0
77,37,37,11,0
77,37,37,12,0
77,37,37,13,1
77,37,37,14,0
77,37,37,0,1
77,38,38,1,41
77,38,38,2,8
77,38,38,3,90
77,38,38,4,1
77,38,38,5,54
77,38,38,6,0
77,38,38,7,0
77,38,38,8,0
77,38,38,9,0
77,38,38,10,0
77,38,38,11,0
77,38,38,12,0
77,38,38,13,1
77,38,38,14,1
77,38,38,0,1
77,39,39,1,182
77,39,39,2,35
77,39,39,3,283
77,39,39,4,3
77,39,39,5,378
77,39,39,6,2
77,39,39,7,0
77,39,39,8,0
77,39,39,9,0
77,39,39,10,0
77,39,39,11,0
77,39,39,12,1
77,39,39,13,0
77,39,39,14,1
77,39,39,0,3
77,40,40,1,196
77,40,40,2,12
77,40,40,3,304
77,40,40,4,1
77,40,40,5,141
77,40,40,6,0
77,40,40,7,0
77,40,40,8,1
77,40,40,9,1
77,40,40,10,0
77,40,40,11,1
77,40,40,12,1
77,40,40,13,1
77,40,40,14,0
77,40,40,0,4
77,41,41,1,386
77,41,41,2,31
77,41,41,3,260
77,41,41,4,1
77,41,41,5,265
77,41,41,6,0
77,41,41,7,0
77,41,41,8,0
77,41,41,9,0
77,41,41,10,0
77,41,41,11,0
77,41,41,12,1
77,41,41,13,2
77,41,41,14,0
77,41,41,0,2
77,42,42,1,201
77,42,42,2,13
77,42,42,3,395
77,42,42,4,1
77,42,42,5,277
77,42,42,6,0
77,42,42,7,0
77,42,42,8,0
77,42,42,9,0
77,42,42,10,1
77,42,42,11,0
77,42,42,12,1
77,42,42,13,3
77,42,42,14,1
77,42,42,0,1
77,42,42,1,0
77,42,42,2,0
77,42,42,3,0
77,42,42,4,0
77,42,42,5,0
77,42,42,6,0
77,42,42,7,0
77,42,42,8,0
77,42,42,9,0
77,42,42,10,0
77,42,42,11,0
77,42,42,12,0
77,42,42,13,0
77,42,42,14,0
77,42,42,0,0
77,43,43,1,254
77,43,43,2,20
77,43,43,3,218
77,43,43,4,1
77,43,43,5,157
77,43,43,6,0
77,43,43,7,0
77,43,43,8,1
77,43,43,9,0
77,43,43,10,0
77,43,43,11,1
77,43,43,12,0
77,43,43,13,0
77,43,43,14,0
77,43,43,0,2
77,43,43,1,0
77,43,43,2,0
77,43,43,3,0
77,43,43,4,0
77,43,43,5,0
77,43,43,6,0
77,43,43,7,0
77,43,43,8,0
77,43,43,9,0
77,43,43,10,0
77,43,43,11,0
77,43,43,12,0
77,43,43,13,0
77,43,43,14,0
77,43,43,0,0
77,44,44,1,176
77,44,44,2,14
77,44,44,3,123
77,44,44,4,0
77,44,44,5,87
77,44,44,6,0
77,44,44,7,0
77,44,44,8,0
77,44,44,9,0
77,44,44,10,0
77,44,44,11,0
77,44,44,12,0
77,44,44,13,0
77,44,44,14,0
77,44,44,0,0
77,44,44,1,0
77,44,44,2,0
77,44,44,3,0
77,44,44,4,0
77,44,44,5,0
77,44,44,6,0
77,44,44,7,0
77,44,44,8,0
77,44,44,9,0
77,44,44,10,0
77,44,44,11,0
77,44,44,12,0
77,44,44,13,0
77,44,44,14,0
77,44,44,0,0
77,45,45,1,183
77,45,45,2,36
77,45,45,3,205
77,45,45,4,2
77,45,45,5,205
77,45,45,6,0
77,45,45,7,0
77,45,45,8,1
77,45,45,9,0
77,45,45,10,0
77,45,45,11,0
77,45,45,12,1
77,45,45,13,1
77,45,45,14,1
77,45,45,0,7
77,46,46,1,75
77,46,46,2,13
77,46,46,3,265
77,46,46,4,1
77,46,46,5,62
77,46,46,6,0
77,46,46,7,0
77,46,46,8,1
77,46,46,9,0
77,46,46,10,0
77,46,46,11,0
77,46,46,12,1
77,46,46,13,0
77,46,46,14,0
77,46,46,0,0
77,47,47,1,351
77,47,47,2,25
77,47,47,3,308
77,47,47,4,4
77,47,47,5,313
77,47,47,6,1
77,47,47,7,1
77,47,47,8,0
77,47,47,9,0
77,47,47,10,0
77,47,47,11,1
77,47,47,12,0
77,47,47,13,2
77,47,47,14,0
77,47,47,0,5
77,48,48,1,133
77,48,48,2,25
77,48,48,3,215
77,48,48,4,4
77,48,48,5,340
77,48,48,6,1
77,48,48,7,0
77,48,48,8,0
77,48,48,9,0
77,48,48,10,1
77,48,48,11,2
77,48,48,12,0
77,48,48,13,0
77,48,48,14,0
77,48,48,0,1
77,49,49,1,184
77,49,49,2,20
77,49,49,3,120
77,49,49,4,2
77,49,49,5,157
77,49,49,6,0
77,49,49,7,0
77,49,49,8,0
77,49,49,9,0
77,49,49,10,0
77,49,49,11,0
77,49,49,12,0
77,49,49,13,0
77,49,49,14,0
77,49,49,0,0
77,50,50,1,76
77,50,50,2,18
77,50,50,3,88
77,50,50,4,3
77,50,50,5,144
77,50,50,6,0
77,50,50,7,0
77,50,50,8,0
77,50,50,9,0
77,50,50,10,0
77,50,50,11,0
77,50,50,12,1
77,50,50,13,0
77,50,50,14,1
77,50,50,0,1
77,51,51,1,210
77,51,51,2,26
77,51,51,3,187
77,51,51,4,3
77,51,51,5,333
77,51,51,6,0
77,51,51,7,1
77,51,51,8,2
77,51,51,9,1
77,51,51,10,0
77,51,51,11,4
77,51,51,12,2
77,51,51,13,10
77,51,51,14,5
77,51,51,0,11
77,52,52,1,368
77,52,52,2,16
77,52,52,3,184
77,52,52,4,0
77,52,52,5,187
77,52,52,6,0
77,52,52,7,1
77,52,52,8,1
77,52,52,9,0
77,52,52,10,0
77,52,52,11,0
77,52,52,12,0
77,52,52,13,1
77,52,52,14,1
77,52,52,0,2
77,53,53,1,268
77,53,53,2,27
77,53,53,3,194
77,53,53,4,4
77,53,53,5,184
77,53,53,6,0
77,53,53,7,0
77,53,53,8,0
77,53,53,9,0
77,53,53,10,0
77,53,53,11,1
77,53,53,12,0
77,53,53,13,3
77,53,53,14,1
77,53,53,0,3
77,53,53,1,0
77,53,53,2,0
77,53,53,3,0
77,53,53,4,0
77,53,53,5,0
77,53,53,6,0
77,53,53,7,0
77,53,53,8,0
77,53,53,9,0
77,53,53,10,0
77,53,53,11,0
77,53,53,12,0
77,53,53,13,0
77,53,53,14,0
77,53,53,0,0
77,54,54,1,295
77,54,54,2,13
77,54,54,3,118
77,54,54,4,2
77,54,54,5,145
77,54,54,6,0
77,54,54,7,2
77,54,54,8,1
77,54,54,9,0
77,54,54,10,0
77,54,54,11,1
77,54,54,12,0
77,54,54,13,3
77,54,54,14,1
77,54,54,0,1
77,54,54,1,0
77,54,54,2,0
77,54,54,3,0
77,54,54,4,0
77,54,54,5,0
77,54,54,6,0
77,54,54,7,0
77,54,54,8,0
77,54,54,9,0
77,54,54,10,0
77,54,54,11,0
77,54,54,12,0
77,54,54,13,0
77,54,54,14,0
77,54,54,0,0
77,55,55,1,230
77,55,55,2,29
77,55,55,3,155
77,55,55,4,2
77,55,55,5,155
77,55,55,6,0
77,55,55,7,0
77,55,55,8,3
77,55,55,9,0
77,55,55,10,0
77,55,55,11,2
77,55,55,12,1
77,55,55,13,3
77,55,55,14,1
77,55,55,0,3
77,55,55,1,0
77,55,55,2,0
77,55,55,3,0
77,55,55,4,0
77,55,55,5,0
77,55,55,6,0
77,55,55,7,0
77,55,55,8,0
77,55,55,9,0
77,55,55,10,0
77,55,55,11,0
77,55,55,12,0
77,55,55,13,0
77,55,55,14,0
77,55,55,0,0
77,56,56,1,168
77,56,56,2,29
77,56,56,3,113
77,56,56,4,1
77,56,56,5,150
77,56,56,6,0
77,56,56,7,0
77,56,56,8,0
77,56,56,9,0
77,56,56,10,0
77,56,56,11,0
77,56,56,12,0
77,56,56,13,1
77,56,56,14,0
77,56,56,0,0
77,57,57,1,242
77,57,57,2,38
77,57,57,3,125
77,57,57,4,2
77,57,57,5,200
77,57,57,6,1
77,57,57,7,0
77,57,57,8,0
77,57,57,9,0
77,57,57,10,0
77,57,57,11,3
77,57,57,12,0
77,57,57,13,1
77,57,57,14,2
77,57,57,0,0
77,58,58,1,261
77,58,58,2,37
77,58,58,3,137
77,58,58,4,3
77,58,58,5,288
77,58,58,6,0
77,58,58,7,1
77,58,58,8,3
77,58,58,9,0
77,58,58,10,0
77,58,58,11,1
77,58,58,12,0
77,58,58,13,3
77,58,58,14,0
77,58,58,0,5
77,59,59,1,355
77,59,59,2,27
77,59,59,3,152
77,59,59,4,4
77,59,59,5,340
77,59,59,6,0
77,59,59,7,0
77,59,59,8,0
77,59,59,9,0
77,59,59,10,0
77,59,59,11,3
77,59,59,12,0
77,59,59,13,4
77,59,59,14,1
77,59,59,0,4
77,60,60,1,181
77,60,60,2,21
77,60,60,3,150
77,60,60,4,2
77,60,60,5,169
77,60,60,6,0
77,60,60,7,0
77,60,60,8,0
77,60,60,9,0
77,60,60,10,0
77,60,60,11,1
77,60,60,12,1
77,60,60,13,2
77,60,60,14,1
77,60,60,0,2
77,61,61,1,302
77,61,61,2,39
77,61,61,3,272
77,61,61,4,0
77,61,61,5,243
77,61,61,6,2
77,61,61,7,4
77,61,61,8,0
77,61,61,9,1
77,61,61,10,1
77,61,61,11,0
77,61,61,12,1
77,61,61,13,1
77,61,61,14,0
77,61,61,0,2
77,62,62,1,213
77,62,62,2,13
77,62,62,3,146
77,62,62,4,0
77,62,62,5,163
77,62,62,6,0
77,62,62,7,0
77,62,62,8,0
77,62,62,9,0
77,62,62,10,0
77,62,62,11,0
77,62,62,12,0
77,62,62,13,1
77,62,62,14,0
77,62,62,0,3
77,63,63,1,384
77,63,63,2,20
77,63,63,3,306
77,63,63,4,4
77,63,63,5,340
77,63,63,6,1
77,63,63,7,1
77,63,63,8,2
77,63,63,9,1
77,63,63,10,0
77,63,63,11,1
77,63,63,12,0
77,63,63,13,4
77,63,63,14,2
77,63,63,0,6
77,64,64,1,232
77,64,64,2,15
77,64,64,3,223
77,64,64,4,0
77,64,64,5,284
77,64,64,6,0
77,64,64,7,0
77,64,64,8,4
77,64,64,9,1
77,64,64,10,0
77,64,64,11,0
77,64,64,12,0
77,64,64,13,1
77,64,64,14,0
77,64,64,0,3
77,64,64,1,0
77,64,64,2,0
77,64,64,3,0
77,64,64,4,0
77,64,64,5,0
77,64,64,6,0
77,64,64,7,0
77,64,64,8,0
77,64,64,9,0
77,64,64,10,0
77,64,64,11,0
77,64,64,12,0
77,64,64,13,0
77,64,64,14,0
77,64,64,0,0
77,65,65,1,205
77,65,65,2,9
77,65,65,3,115
77,65,65,4,1
77,65,65,5,108
77,65,65,6,0
77,65,65,7,0
77,65,65,8,0
77,65,65,9,0
77,65,65,10,0
77,65,65,11,0
77,65,65,12,0
77,65,65,13,1
77,65,65,14,0
77,65,65,0,0
77,65,65,1,0
77,65,65,2,0
77,65,65,3,0
77,65,65,4,0
77,65,65,5,0
77,65,65,6,0
77,65,65,7,0
77,65,65,8,0
77,65,65,9,0
77,65,65,10,0
77,65,65,11,0
77,65,65,12,0
77,65,65,13,0
77,65,65,14,0
77,65,65,0,0
77,66,66,1,55
77,66,66,2,5
77,66,66,3,417
77,66,66,4,1
77,66,66,5,137
77,66,66,6,1
77,66,66,7,0
77,66,66,8,1
77,66,66,9,0
77,66,66,10,0
77,66,66,11,1
77,66,66,12,1
77,66,66,13,0
77,66,66,14,0
77,66,66,0,1
77,66,66,1,0
77,66,66,2,0
77,66,66,3,0
77,66,66,4,0
77,66,66,5,0
77,66,66,6,0
77,66,66,7,0
77,66,66,8,0
77,66,66,9,0
77,66,66,10,0
77,66,66,11,0
77,66,66,12,0
77,66,66,13,0
77,66,66,14,0
77,66,66,0,0
77,67,67,1,166
77,67,67,2,17
77,67,67,3,443
77,67,67,4,0
77,67,67,5,169
77,67,67,6,0
77,67,67,7,0
77,67,67,8,0
77,67,67,9,1
77,67,67,10,0
77,67,67,11,0
77,67,67,12,0
77,67,67,13,0
77,67,67,14,1
77,67,67,0,1
77,68,68,1,85
77,68,68,2,9
77,68,68,3,205
77,68,68,4,0
77,68,68,5,130
77,68,68,6,0
77,68,68,7,0
77,68,68,8,1
77,68,68,9,0
77,68,68,10,0
77,68,68,11,0
77,68,68,12,0
77,68,68,13,2
77,68,68,14,0
77,68,68,0,4
77,69,69,1,85
77,69,69,2,23
77,69,69,3,290
77,69,69,4,0
77,69,69,5,129
77,69,69,6,0
77,69,69,7,1
77,69,69,8,3
77,69,69,9,0
77,69,69,10,1
77,69,69,11,0
77,69,69,12,1
77,69,69,13,1
77,69,69,14,0
77,69,69,0,3
77,70,70,1,192
77,70,70,2,13
77,70,70,3,379
77,70,70,4,2
77,70,70,5,287
77,70,70,6,0
77,70,70,7,1
77,70,70,8,1
77,70,70,9,0
77,70,70,10,0
77,70,70,11,1
77,70,70,12,0
77,70,70,13,1
77,70,70,14,1
77,70,70,0,4
77,71,71,1,186
77,71,71,2,17
77,71,71,3,306
77,71,71,4,2
77,71,71,5,251
77,71,71,6,2
77,71,71,7,0
77,71,71,8,0
77,71,71,9,0
77,71,71,10,0
77,71,71,11,0
77,71,71,12,0
77,71,71,13,0
77,71,71,14,0
77,71,71,0,3
77,72,72,1,194
77,72,72,2,12
77,72,72,3,405
77,72,72,4,0
77,72,72,5,163
77,72,72,6,1
77,72,72,7,0
77,72,72,8,0
77,72,72,9,0
77,72,72,10,0
77,72,72,11,0
77,72,72,12,0
77,72,72,13,0
77,72,72,14,0
77,72,72,0,1
77,73,73,1,390
77,73,73,2,12
77,73,73,3,210
77,73,73,4,1
77,73,73,5,281
77,73,73,6,1
77,73,73,7,0
77,73,73,8,1
77,73,73,9,0
77,73,73,10,0
77,73,73,11,3
77,73,73,12,0
77,73,73,13,3
77,73,73,14,1
77,73,73,0,7
77,74,74,1,427
77,74,74,2,99
77,74,74,3,239
77,74,74,4,2
77,74,74,5,167
77,74,74,6,0
77,74,74,7,0
77,74,74,8,1
77,74,74,9,0
77,74,74,10,0
77,74,74,11,2
77,74,74,12,0
77,74,74,13,4
77,74,74,14,0
77,74,74,0,2
77,75,75,1,153
77,75,75,2,16
77,75,75,3,261
77,75,75,4,3
77,75,75,5,163
77,75,75,6,0
77,75,75,7,0
77,75,75,8,2
77,75,75,9,0
77,75,75,10,0
77,75,75,11,0
77,75,75,12,2
77,75,75,13,5
77,75,75,14,1
77,75,75,0,5
77,75,75,1,0
77,75,75,2,0
77,75,75,3,0
77,75,75,4,0
77,75,75,5,0
77,75,75,6,0
77,75,75,7,0
77,75,75,8,0
77,75,75,9,0
77,75,75,10,0
77,75,75,11,0
77,75,75,12,0
77,75,75,13,0
77,75,75,14,0
77,75,75,0,0
77,76,76,1,188
77,76,76,2,11
77,76,76,3,167
77,76,76,4,2
77,76,76,5,149
77,76,76,6,0
77,76,76,7,0
77,76,76,8,0
77,76,76,9,0
77,76,76,10,0
77,76,76,11,0
77,76,76,12,0
77,76,76,13,4
77,76,76,14,0
77,76,76,0,8
77,76,76,1,0
77,76,76,2,0
77,76,76,3,0
77,76,76,4,0
77,76,76,5,0
77,76,76,6,0
77,76,76,7,0
77,76,76,8,0
77,76,76,9,0
77,76,76,10,0
77,76,76,11,0
77,76,76,12,0
77,76,76,13,0
77,76,76,14,0
77,76,76,0,0
77,77,77,1,0
77,77,77,2,0
77,77,77,3,0
77,77,77,4,0
77,77,77,5,0
77,77,77,6,0
77,77,77,7,0
77,77,77,8,0
77,77,77,9,0
77,77,77,10,0
77,77,77,11,0
77,77,77,12,0
77,77,77,13,0
77,77,77,14,0
77,77,77,0,0
77,77,77,1,191
77,77,77,2,10
77,77,77,3,217
77,77,77,4,1
77,77,77,5,181
77,77,77,6,1
77,77,77,7,0
77,77,77,8,1
77,77,77,9,0
77,77,77,10,0
77,77,77,11,0
77,77,77,12,0
77,77,77,13,1
77,77,77,14,1
77,77,77,0,2
77,78,78,1,283
77,78,78,2,25
77,78,78,3,279
77,78,78,4,1
77,78,78,5,254
77,78,78,6,0
77,78,78,7,0
77,78,78,8,2
77,78,78,9,0
77,78,78,10,0
77,78,78,11,2
77,78,78,12,1
77,78,78,13,2
77,78,78,14,1
77,78,78,0,3
77,79,79,1,158
77,79,79,2,39
77,79,79,3,234
77,79,79,4,3
77,79,79,5,254
77,79,79,6,2
77,79,79,7,1
77,79,79,8,0
77,79,79,9,0
77,79,79,10,0
77,79,79,11,0
77,79,79,12,1
77,79,79,13,3
77,79,79,14,2
77,79,79,0,7
77,80,80,1,196
77,80,80,2,28
77,80,80,3,161
77,80,80,4,2
77,80,80,5,238
77,80,80,6,3
77,80,80,7,0
77,80,80,8,0
77,80,80,9,3
77,80,80,10,0
77,80,80,11,0
77,80,80,12,0
77,80,80,13,2
77,80,80,14,1
77,80,80,0,10
77,81,81,1,146
77,81,81,2,22
77,81,81,3,205
77,81,81,4,0
77,81,81,5,175
77,81,81,6,0
77,81,81,7,1
77,81,81,8,1
77,81,81,9,1
77,81,81,10,0
77,81,81,11,0
77,81,81,12,0
77,81,81,13,1
77,81,81,14,0
77,81,81,0,4
77,82,82,1,206
77,82,82,2,26
77,82,82,3,281
77,82,82,4,1
77,82,82,5,255
77,82,82,6,0
77,82,82,7,2
77,82,82,8,0
77,82,82,9,1
77,82,82,10,0
77,82,82,11,1
77,82,82,12,1
77,82,82,13,3
77,82,82,14,1
77,82,82,0,6
77,83,83,1,258
77,83,83,2,16
77,83,83,3,272
77,83,83,4,3
77,83,83,5,213
77,83,83,6,0
77,83,83,7,0
77,83,83,8,1
77,83,83,9,0
77,83,83,10,0
77,83,83,11,1
77,83,83,12,0
77,83,83,13,5
77,83,83,14,0
77,83,83,0,3
77,84,84,1,282
77,84,84,2,31
77,84,84,3,244
77,84,84,4,0
77,84,84,5,272
77,84,84,6,0
77,84,84,7,0
77,84,84,8,2
77,84,84,9,0
77,84,84,10,0
77,84,84,11,0
77,84,84,12,0
77,84,84,13,3
77,84,84,14,0
77,84,84,0,5
77,85,85,1,216
77,85,85,2,30
77,85,85,3,178
77,85,85,4,3
77,85,85,5,162
77,85,85,6,0
77,85,85,7,1
77,85,85,8,0
77,85,85,9,0
77,85,85,10,0
77,85,85,11,0
77,85,85,12,0
77,85,85,13,0
77,85,85,14,1
77,85,85,0,3
77,86,86,1,0
77,86,86,2,0
77,86,86,3,0
77,86,86,4,0
77,86,86,5,0
77,86,86,6,0
77,86,86,7,0
77,86,86,8,0
77,86,86,9,0
77,86,86,10,0
77,86,86,11,0
77,86,86,12,0
77,86,86,13,0
77,86,86,14,0
77,86,86,0,0
77,86,86,1,239
77,86,86,2,25
77,86,86,3,223
77,86,86,4,1
77,86,86,5,241
77,86,86,6,0
77,86,86,7,0
77,86,86,8,1
77,86,86,9,0
77,86,86,10,0
77,86,86,11,2
77,86,86,12,0
77,86,86,13,5
77,86,86,14,2
77,86,86,0,2
77,87,87,1,0
77,87,87,2,0
77,87,87,3,0
77,87,87,4,0
77,87,87,5,0
77,87,87,6,0
77,87,87,7,0
77,87,87,8,0
77,87,87,9,0
77,87,87,10,0
77,87,87,11,0
77,87,87,12,0
77,87,87,13,0
77,87,87,14,0
77,87,87,0,0
77,87,87,1,106
77,87,87,2,12
77,87,87,3,173
77,87,87,4,1
77,87,87,5,134
77,87,87,6,0
77,87,87,7,0
77,87,87,8,0
77,87,87,9,1
77,87,87,10,0
77,87,87,11,0
77,87,87,12,0
77,87,87,13,0
77,87,87,14,0
77,87,87,0,1
77,88,88,1,0
77,88,88,2,0
77,88,88,3,0
77,88,88,4,0
77,88,88,5,0
77,88,88,6,0
77,88,88,7,0
77,88,88,8,0
77,88,88,9,0
77,88,88,10,0
77,88,88,11,0
77,88,88,12,0
77,88,88,13,0
77,88,88,14,0
77,88,88,0,0
77,88,88,1,135
77,88,88,2,16
77,88,88,3,273
77,88,88,4,2
77,88,88,5,186
77,88,88,6,2
77,88,88,7,0
77,88,88,8,3
77,88,88,9,1
77,88,88,10,0
77,88,88,11,0
77,88,88,12,0
77,88,88,13,3
77,88,88,14,0
77,88,88,0,1
77,89,89,1,342
77,89,89,2,21
77,89,89,3,228
77,89,89,4,7
77,89,89,5,286
77,89,89,6,0
77,89,89,7,0
77,89,89,8,0
77,89,89,9,0
77,89,89,10,0
77,89,89,11,0
77,89,89,12,0
77,89,89,13,1
77,89,89,14,0
77,89,89,0,5
77,90,90,1,413
77,90,90,2,21
77,90,90,3,264
77,90,90,4,6
77,90,90,5,336
77,90,90,6,0
77,90,90,7,0
77,90,90,8,5
77,90,90,9,1
77,90,90,10,1
77,90,90,11,1
77,90,90,12,0
77,90,90,13,4
77,90,90,14,3
77,90,90,0,6
77,91,91,1,146
77,91,91,2,12
77,91,91,3,177
77,91,91,4,3
77,91,91,5,111
77,91,91,6,1
77,91,91,7,0
77,91,91,8,0
77,91,91,9,1
77,91,91,10,0
77,91,91,11,0
77,91,91,12,1
77,91,91,13,1
77,91,91,14,0
77,91,91,0,4
77,92,92,1,402
77,92,92,2,27
77,92,92,3,241
77,92,92,4,3
77,92,92,5,316
77,92,92,6,1
77,92,92,7,2
77,92,92,8,1
77,92,92,9,0
77,92,92,10,0
77,92,92,11,1
77,92,92,12,0
77,92,92,13,3
77,92,92,14,1
77,92,92,0,1
77,93,93,1,271
77,93,93,2,18
77,93,93,3,205
77,93,93,4,5
77,93,93,5,167
77,93,93,6,0
77,93,93,7,0
77,93,93,8,0
77,93,93,9,0
77,93,93,10,0
77,93,93,11,0
77,93,93,12,1
77,93,93,13,2
77,93,93,14,0
77,93,93,0,0
77,94,94,1,203
77,94,94,2,48
77,94,94,3,220
77,94,94,4,1
77,94,94,5,302
77,94,94,6,0
77,94,94,7,0
77,94,94,8,1
77,94,94,9,0
77,94,94,10,0
77,94,94,11,2
77,94,94,12,0
77,94,94,13,2
77,94,94,14,0
77,94,94,0,1
77,95,95,1,159
77,95,95,2,29
77,95,95,3,212
77,95,95,4,1
77,95,95,5,262
77,95,95,6,1
77,95,95,7,0
77,95,95,8,0
77,95,95,9,0
77,95,95,10,0
77,95,95,11,2
77,95,95,12,1
77,95,95,13,3
77,95,95,14,0
77,95,95,0,7
77,96,96,1,301
77,96,96,2,60
77,96,96,3,354
77,96,96,4,1
77,96,96,5,235
77,96,96,6,1
77,96,96,7,0
77,96,96,8,1
77,96,96,9,0
77,96,96,10,1
77,96,96,11,1
77,96,96,12,0
77,96,96,13,2
77,96,96,14,1
77,96,96,0,7
77,97,97,1,0
77,97,97,2,0
77,97,97,3,0
77,97,97,4,0
77,97,97,5,0
77,97,97,6,0
77,97,97,7,0
77,97,97,8,0
77,97,97,9,0
77,97,97,10,0
77,97,97,11,0
77,97,97,12,0
77,97,97,13,0
77,97,97,14,0
77,97,97,0,0
77,97,97,1,280
77,97,97,2,26
77,97,97,3,203
77,97,97,4,1
77,97,97,5,148
77,97,97,6,0
77,97,97,7,1
77,97,97,8,0
77,97,97,9,0
77,97,97,10,1
77,97,97,11,1
77,97,97,12,1
77,97,97,13,0
77,97,97,14,0
77,97,97,0,0
77,98,98,1,0
77,98,98,2,0
77,98,98,3,0
77,98,98,4,0
77,98,98,5,0
77,98,98,6,0
77,98,98,7,0
77,98,98,8,0
77,98,98,9,0
77,98,98,10,0
77,98,98,11,0
77,98,98,12,0
77,98,98,13,0
77,98,98,14,0
77,98,98,0,0
77,98,98,1,142
77,98,98,2,14
77,98,98,3,150
77,98,98,4,0
77,98,98,5,230
77,98,98,6,0
77,98,98,7,0
77,98,98,8,0
77,98,98,9,0
77,98,98,10,1
77,98,98,11,1
77,98,98,12,0
77,98,98,13,4
77,98,98,14,1
77,98,98,0,4
77,99,99,1,0
77,99,99,2,0
77,99,99,3,0
77,99,99,4,0
77,99,99,5,0
77,99,99,6,0
77,99,99,7,0
77,99,99,8,0
77,99,99,9,0
77,99,99,10,0
77,99,99,11,0
77,99,99,12,0
77,99,99,13,0
77,99,99,14,0
77,99,99,0,0
77,99,99,1,277
77,99,99,2,38
77,99,99,3,235
77,99,99,4,2
77,99,99,5,277
77,99,99,6,1
77,99,99,7,0
77,99,99,8,0
77,99,99,9,0
77,99,99,10,0
77,99,99,11,1
77,99,99,12,2
77,99,99,13,1
77,99,99,14,0
77,99,99,0,0
77,100,100,1,149
77,100,100,2,11
77,100,100,3,238
77,100,100,4,1
77,100,100,5,187
77,100,100,6,0
77,100,100,7,0
77,100,100,8,1
77,100,100,9,0
77,100,100,10,0
77,100,100,11,1
77,100,100,12,0
77,100,100,13,1
77,100,100,14,2
77,100,100,0,0
77,101,101,1,211
77,101,101,2,23
77,101,101,3,163
77,101,101,4,1
77,101,101,5,204
77,101,101,6,1
77,101,101,7,0
77,101,101,8,1
77,101,101,9,0
77,101,101,10,0
77,101,101,11,0
77,101,101,12,0
77,101,101,13,3
77,101,101,14,0
77,101,101,0,2
77,102,102,1,209
77,102,102,2,18
77,102,102,3,284
77,102,102,4,1
77,102,102,5,253
77,102,102,6,0
77,102,102,7,0
77,102,102,8,1
77,102,102,9,0
77,102,102,10,0
77,102,102,11,1
77,102,102,12,3
77,102,102,13,0
77,102,102,14,0
77,102,102,0,6
77,103,103,1,1
77,103,103,2,0
77,103,103,3,17
77,103,103,4,0
77,103,103,5,1
77,103,103,6,0
77,103,103,7,0
77,103,103,8,1
77,103,103,9,0
77,103,103,10,0
77,103,103,11,0
77,103,103,12,0
77,103,103,13,0
77,103,103,14,0
77,103,103,0,0
77,104,104,1,106
77,104,104,2,47
77,104,104,3,250
77,104,104,4,2
77,104,104,5,208
77,104,104,6,0
77,104,104,7,0
77,104,104,8,1
77,104,104,9,0
77,104,104,10,0
77,104,104,11,1
77,104,104,12,0
77,104,104,13,0
77,104,104,14,0
77,104,104,0,0
77,105,105,1,56
77,105,105,2,10
77,105,105,3,135
77,105,105,4,4
77,105,105,5,74
77,105,105,6,0
77,105,105,7,0
77,105,105,8,0
77,105,105,9,0
77,105,105,10,0
77,105,105,11,1
77,105,105,12,0
77,105,105,13,0
77,105,105,14,0
77,105,105,0,1
77,106,106,1,91
77,106,106,2,19
77,106,106,3,189
77,106,106,4,2
77,106,106,5,169
77,106,106,6,1
77,106,106,7,0
77,106,106,8,0
77,106,106,9,0
77,106,106,10,1
77,106,106,11,1
77,106,106,12,0
77,106,106,13,1
77,106,106,14,0
77,106,106,0,1
77,107,107,1,259
77,107,107,2,21
77,107,107,3,180
77,107,107,4,1
77,107,107,5,253
77,107,107,6,0
77,107,107,7,0
77,107,107,8,0
77,107,107,9,0
77,107,107,10,0
77,107,107,11,1
77,107,107,12,0
77,107,107,13,2
77,107,107,14,0
77,107,107,0,3
77,108,108,1,0
77,108,108,2,0
77,108,108,3,0
77,108,108,4,0
77,108,108,5,0
77,108,108,6,0
77,108,108,7,0
77,108,108,8,0
77,108,108,9,0
77,108,108,10,0
77,108,108,11,0
77,108,108,12,0
77,108,108,13,0
77,108,108,14,0
77,108,108,0,0
77,108,108,1,436
77,108,108,2,15
77,108,108,3,180
77,108,108,4,1
77,108,108,5,217
77,108,108,6,0
77,108,108,7,0
77,108,108,8,0
77,108,108,9,2
77,108,108,10,0
77,108,108,11,0
77,108,108,12,0
77,108,108,13,5
77,108,108,14,0
77,108,108,0,5
77,109,109,1,0
77,109,109,2,0
77,109,109,3,0
77,109,109,4,0
77,109,109,5,0
77,109,109,6,0
77,109,109,7,0
77,109,109,8,0
77,109,109,9,0
77,109,109,10,0
77,109,109,11,0
77,109,109,12,0
77,109,109,13,0
77,109,109,14,0
77,109,109,0,0
77,109,109,1,189
77,109,109,2,19
77,109,109,3,291
77,109,109,4,0
77,109,109,5,158
77,109,109,6,0
77,109,109,7,0
77,109,109,8,0
77,109,109,9,1
77,109,109,10,0
77,109,109,11,0
77,109,109,12,0
77,109,109,13,2
77,109,109,14,0
77,109,109,0,2
77,110,110,1,0
77,110,110,2,0
77,110,110,3,0
77,110,110,4,0
77,110,110,5,0
77,110,110,6,0
77,110,110,7,0
77,110,110,8,0
77,110,110,9,0
77,110,110,10,0
77,110,110,11,0
77,110,110,12,0
77,110,110,13,0
77,110,110,14,0
77,110,110,0,0
77,110,110,1,201
77,110,110,2,20
77,110,110,3,247
77,110,110,4,0
77,110,110,5,138
77,110,110,6,1
77,110,110,7,0
77,110,110,8,1
77,110,110,9,0
77,110,110,10,0
77,110,110,11,0
77,110,110,12,0
77,110,110,13,1
77,110,110,14,0
77,110,110,0,1
77,111,111,1,132
77,111,111,2,14
77,111,111,3,315
77,111,111,4,1
77,111,111,5,225
77,111,111,6,1
77,111,111,7,0
77,111,111,8,0
77,111,111,9,1
77,111,111,10,0
77,111,111,11,0
77,111,111,12,0
77,111,111,13,0
77,111,111,14,0
77,111,111,0,1
77,112,112,1,194
77,112,112,2,21
77,112,112,3,166
77,112,112,4,0
77,112,112,5,203
77,112,112,6,0
77,112,112,7,0
77,112,112,8,0
77,112,112,9,0
77,112,112,10,1
77,112,112,11,0
77,112,112,12,0
77,112,112,13,0
77,112,112,14,0
77,112,112,0,2
77,113,113,1,292
77,113,113,2,22
77,113,113,3,263
77,113,113,4,1
77,113,113,5,255
77,113,113,6,0
77,113,113,7,1
77,113,113,8,0
77,113,113,9,0
77,113,113,10,0
77,113,113,11,1
77,113,113,12,0
77,113,113,13,3
77,113,113,14,0
77,113,113,0,3
77,114,114,1,238
77,114,114,2,13
77,114,114,3,210
77,114,114,4,0
77,114,114,5,189
77,114,114,6,0
77,114,114,7,0
77,114,114,8,1
77,114,114,9,0
77,114,114,10,0
77,114,114,11,0
77,114,114,12,1
77,114,114,13,0
77,114,114,14,0
77,114,114,0,0
77,115,115,1,441
77,115,115,2,33
77,115,115,3,199
77,115,115,4,4
77,115,115,5,169
77,115,115,6,0
77,115,115,7,1
77,115,115,8,1
77,115,115,9,0
77,115,115,10,0
77,115,115,11,1
77,115,115,12,0
77,115,115,13,0
77,115,115,14,0
77,115,115,0,4
77,116,116,1,138
77,116,116,2,4
77,116,116,3,182
77,116,116,4,0
77,116,116,5,106
77,116,116,6,0
77,116,116,7,0
77,116,116,8,2
77,116,116,9,0
77,116,116,10,0
77,116,116,11,0
77,116,116,12,1
77,116,116,13,0
77,116,116,14,0
77,116,116,0,1
77,117,117,1,337
77,117,117,2,37
77,117,117,3,365
77,117,117,4,2
77,117,117,5,193
77,117,117,6,0
77,117,117,7,0
77,117,117,8,0
77,117,117,9,0
77,117,117,10,0
77,117,117,11,1
77,117,117,12,2
77,117,117,13,2
77,117,117,14,4
77,117,117,0,4
77,118,118,1,304
77,118,118,2,13
77,118,118,3,324
77,118,118,4,4
77,118,118,5,178
77,118,118,6,0
77,118,118,7,0
77,118,118,8,1
77,118,118,9,0
77,118,118,10,0
77,118,118,11,1
77,118,118,12,0
77,118,118,13,2
77,118,118,14,0
77,118,118,0,7
77,119,119,1,0
77,119,119,2,0
77,119,119,3,0
77,119,119,4,0
77,119,119,5,0
77,119,119,6,0
77,119,119,7,0
77,119,119,8,0
77,119,119,9,0
77,119,119,10,0
77,119,119,11,0
77,119,119,12,0
77,119,119,13,0
77,119,119,14,0
77,119,119,0,0
77,119,119,1,293
77,119,119,2,29
77,119,119,3,377
77,119,119,4,0
77,119,119,5,205
77,119,119,6,0
77,119,119,7,0
77,119,119,8,1
77,119,119,9,0
77,119,119,10,0
77,119,119,11,0
77,119,119,12,0
77,119,119,13,6
77,119,119,14,1
77,119,119,0,2
77,120,120,1,0
77,120,120,2,0
77,120,120,3,0
77,120,120,4,0
77,120,120,5,0
77,120,120,6,0
77,120,120,7,0
77,120,120,8,0
77,120,120,9,0
77,120,120,10,0
77,120,120,11,0
77,120,120,12,0
77,120,120,13,0
77,120,120,14,0
77,120,120,0,0
77,120,120,1,426
77,120,120,2,19
77,120,120,3,230
77,120,120,4,0
77,120,120,5,197
77,120,120,6,0
77,120,120,7,1
77,120,120,8,0
77,120,120,9,0
77,120,120,10,0
77,120,120,11,0
77,120,120,12,0
77,120,120,13,2
77,120,120,14,0
77,120,120,0,4
77,121,121,1,228
77,121,121,2,11
77,121,121,3,148
77,121,121,4,0
77,121,121,5,143
77,121,121,6,1
77,121,121,7,0
77,121,121,8,0
77,121,121,9,0
77,121,121,10,0
77,121,121,11,0
77,121,121,12,0
77,121,121,13,1
77,121,121,14,1
77,121,121,0,1
77,121,121,1,0
77,121,121,2,0
77,121,121,3,0
77,121,121,4,0
77,121,121,5,0
77,121,121,6,0
77,121,121,7,0
77,121,121,8,0
77,121,121,9,0
77,121,121,10,0
77,121,121,11,0
77,121,121,12,0
77,121,121,13,0
77,121,121,14,0
77,121,121,0,0
77,122,122,1,191
77,122,122,2,20
77,122,122,3,239
77,122,122,4,4
77,122,122,5,174
77,122,122,6,0
77,122,122,7,0
77,122,122,8,2
77,122,122,9,0
77,122,122,10,0
77,122,122,11,1
77,122,122,12,0
77,122,122,13,2
77,122,122,14,0
77,122,122,0,2
77,123,123,1,140
77,123,123,2,6
77,123,123,3,223
77,123,123,4,0
77,123,123,5,155
77,123,123,6,0
77,123,123,7,0
77,123,123,8,0
77,123,123,9,0
77,123,123,10,1
77,123,123,11,0
77,123,123,12,1
77,123,123,13,0
77,123,123,14,0
77,123,123,0,2
77,124,124,1,216
77,124,124,2,14
77,124,124,3,436
77,124,124,4,1
77,124,124,5,221
77,124,124,6,1
77,124,124,7,0
77,124,124,8,1
77,124,124,9,0
77,124,124,10,0
77,124,124,11,0
77,124,124,12,0
77,124,124,13,2
77,124,124,14,1
77,124,124,0,4
77,125,125,1,121
77,125,125,2,6
77,125,125,3,199
77,125,125,4,1
77,125,125,5,166
77,125,125,6,0
77,125,125,7,0
77,125,125,8,0
77,125,125,9,1
77,125,125,10,0
77,125,125,11,0
77,125,125,12,0
77,125,125,13,0
77,125,125,14,1
77,125,125,0,1
77,126,126,1,134
77,126,126,2,10
77,126,126,3,151
77,126,126,4,0
77,126,126,5,104
77,126,126,6,0
77,126,126,7,0
77,126,126,8,1
77,126,126,9,0
77,126,126,10,0
77,126,126,11,0
77,126,126,12,0
77,126,126,13,0
77,126,126,14,1
77,126,126,0,0
77,127,127,1,280
77,127,127,2,15
77,127,127,3,263
77,127,127,4,1
77,127,127,5,241
77,127,127,6,0
77,127,127,7,0
77,127,127,8,1
77,127,127,9,0
77,127,127,10,0
77,127,127,11,0
77,127,127,12,0
77,127,127,13,2
77,127,127,14,0
77,127,127,0,1
77,128,128,1,36
77,128,128,2,10
77,128,128,3,58
77,128,128,4,0
77,128,128,5,40
77,128,128,6,0
77,128,128,7,0
77,128,128,8,0
77,128,128,9,0
77,128,128,10,0
77,128,128,11,0
77,128,128,12,0
77,128,128,13,0
77,128,128,14,0
77,128,128,0,1
77,129,129,1,160
77,129,129,2,26
77,129,129,3,361
77,129,129,4,3
77,129,129,5,188
77,129,129,6,0
77,129,129,7,0
77,129,129,8,0
77,129,129,9,1
77,129,129,10,0
77,129,129,11,0
77,129,129,12,0
77,129,129,13,3
77,129,129,14,2
77,129,129,0,1
77,130,130,1,188
77,130,130,2,15
77,130,130,3,197
77,130,130,4,0
77,130,130,5,167
77,130,130,6,1
77,130,130,7,0
77,130,130,8,0
77,130,130,9,2
77,130,130,10,0
77,130,130,11,0
77,130,130,12,0
77,130,130,13,3
77,130,130,14,3
77,130,130,0,6
77,130,130,1,0
77,130,130,2,0
77,130,130,3,0
77,130,130,4,0
77,130,130,5,0
77,130,130,6,0
77,130,130,7,0
77,130,130,8,0
77,130,130,9,0
77,130,130,10,0
77,130,130,11,0
77,130,130,12,0
77,130,130,13,0
77,130,130,14,0
77,130,130,0,0
77,131,131,1,149
77,131,131,2,7
77,131,131,3,218
77,131,131,4,2
77,131,131,5,148
77,131,131,6,1
77,131,131,7,0
77,131,131,8,0
77,131,131,9,0
77,131,131,10,1
77,131,131,11,0
77,131,131,12,0
77,131,131,13,2
77,131,131,14,1
77,131,131,0,3
77,131,131,1,0
77,131,131,2,0
77,131,131,3,0
77,131,131,4,0
77,131,131,5,0
77,131,131,6,0
77,131,131,7,0
77,131,131,8,0
77,131,131,9,0
77,131,131,10,0
77,131,131,11,0
77,131,131,12,0
77,131,131,13,0
77,131,131,14,0
77,131,131,0,0
77,132,132,1,334
77,132,132,2,21
77,132,132,3,167
77,132,132,4,1
77,132,132,5,117
77,132,132,6,0
77,132,132,7,0
77,132,132,8,0
77,132,132,9,0
77,132,132,10,0
77,132,132,11,1
77,132,132,12,1
77,132,132,13,1
77,132,132,14,0
77,132,132,0,12
77,132,132,1,0
77,132,132,2,0
77,132,132,3,0
77,132,132,4,0
77,132,132,5,0
77,132,132,6,0
77,132,132,7,0
77,132,132,8,0
77,132,132,9,0
77,132,132,10,0
77,132,132,11,0
77,132,132,12,0
77,132,132,13,0
77,132,132,14,0
77,132,132,0,0
77,133,133,1,315
77,133,133,2,34
77,133,133,3,240
77,133,133,4,3
77,133,133,5,182
77,133,133,6,0
77,133,133,7,3
77,133,133,8,1
77,133,133,9,0
77,133,133,10,1
77,133,133,11,3
77,133,133,12,1
77,133,133,13,5
77,133,133,14,0
77,133,133,0,2
77,134,134,1,240
77,134,134,2,8
77,134,134,3,285
77,134,134,4,0
77,134,134,5,179
77,134,134,6,0
77,134,134,7,1
77,134,134,8,0
77,134,134,9,1
77,134,134,10,0
77,134,134,11,0
77,134,134,12,1
77,134,134,13,0
77,134,134,14,0
77,134,134,0,3
77,135,135,1,230
77,135,135,2,18
77,135,135,3,313
77,135,135,4,3
77,135,135,5,231
77,135,135,6,1
77,135,135,7,0
77,135,135,8,0
77,135,135,9,1
77,135,135,10,0
77,135,135,11,0
77,135,135,12,0
77,135,135,13,0
77,135,135,14,0
77,135,135,0,1
77,136,136,1,230
77,136,136,2,20
77,136,136,3,376
77,136,136,4,3
77,136,136,5,243
77,136,136,6,0
77,136,136,7,0
77,136,136,8,1
77,136,136,9,0
77,136,136,10,0
77,136,136,11,0
77,136,136,12,0
77,136,136,13,0
77,136,136,14,1
77,136,136,0,3
77,137,137,1,153
77,137,137,2,10
77,137,137,3,213
77,137,137,4,0
77,137,137,5,120
77,137,137,6,0
77,137,137,7,0
77,137,137,8,0
77,137,137,9,0
77,137,137,10,0
77,137,137,11,0
77,137,137,12,0
77,137,137,13,0
77,137,137,14,0
77,137,137,0,2
77,138,138,1,111
77,138,138,2,15
77,138,138,3,173
77,138,138,4,2
77,138,138,5,137
77,138,138,6,0
77,138,138,7,0
77,138,138,8,0
77,138,138,9,0
77,138,138,10,0
77,138,138,11,0
77,138,138,12,0
77,138,138,13,1
77,138,138,14,0
77,138,138,0,1
77,139,139,1,124
77,139,139,2,13
77,139,139,3,167
77,139,139,4,2
77,139,139,5,94
77,139,139,6,0
77,139,139,7,1
77,139,139,8,0
77,139,139,9,1
77,139,139,10,0
77,139,139,11,0
77,139,139,12,0
77,139,139,13,0
77,139,139,14,1
77,139,139,0,3
77,140,140,1,133
77,140,140,2,10
77,140,140,3,280
77,140,140,4,1
77,140,140,5,180
77,140,140,6,0
77,140,140,7,0
77,140,140,8,0
77,140,140,9,0
77,140,140,10,0
77,140,140,11,2
77,140,140,12,1
77,140,140,13,0
77,140,140,14,0
77,140,140,0,1
77,141,141,1,418
77,141,141,2,28
77,141,141,3,287
77,141,141,4,2
77,141,141,5,256
77,141,141,6,1
77,141,141,7,0
77,141,141,8,3
77,141,141,9,0
77,141,141,10,0
77,141,141,11,2
77,141,141,12,0
77,141,141,13,1
77,141,141,14,0
77,141,141,0,5
77,141,141,1,0
77,141,141,2,0
77,141,141,3,0
77,141,141,4,0
77,141,141,5,0
77,141,141,6,0
77,141,141,7,0
77,141,141,8,0
77,141,141,9,0
77,141,141,10,0
77,141,141,11,0
77,141,141,12,0
77,141,141,13,0
77,141,141,14,0
77,141,141,0,0
77,142,142,1,0
77,142,142,2,0
77,142,142,3,0
77,142,142,4,0
77,142,142,5,0
77,142,142,6,0
77,142,142,7,0
77,142,142,8,0
77,142,142,9,0
77,142,142,10,0
77,142,142,11,0
77,142,142,12,0
77,142,142,13,0
77,142,142,14,0
77,142,142,0,0
77,142,142,1,252
77,142,142,2,18
77,142,142,3,254
77,142,142,4,2
77,142,142,5,265
77,142,142,6,0
77,142,142,7,0
77,142,142,8,0
77,142,142,9,0
77,142,142,10,1
77,142,142,11,1
77,142,142,12,0
77,142,142,13,2
77,142,142,14,0
77,142,142,0,5
77,143,143,1,0
77,143,143,2,0
77,143,143,3,0
77,143,143,4,0
77,143,143,5,0
77,143,143,6,0
77,143,143,7,0
77,143,143,8,0
77,143,143,9,0
77,143,143,10,0
77,143,143,11,0
77,143,143,12,0
77,143,143,13,0
77,143,143,14,0
77,143,143,0,0
77,143,143,1,141
77,143,143,2,3
77,143,143,3,206
77,143,143,4,3
77,143,143,5,161
77,143,143,6,0
77,143,143,7,0
77,143,143,8,0
77,143,143,9,0
77,143,143,10,0
77,143,143,11,0
77,143,143,12,0
77,143,143,13,0
77,143,143,14,1
77,143,143,0,3
77,144,144,1,202
77,144,144,2,7
77,144,144,3,246
77,144,144,4,1
77,144,144,5,219
77,144,144,6,1
77,144,144,7,0
77,144,144,8,0
77,144,144,9,0
77,144,144,10,1
77,144,144,11,1
77,144,144,12,0
77,144,144,13,1
77,144,144,14,2
77,144,144,0,1
77,145,145,1,373
77,145,145,2,19
77,145,145,3,223
77,145,145,4,0
77,145,145,5,195
77,145,145,6,0
77,145,145,7,0
77,145,145,8,3
77,145,145,9,0
77,145,145,10,0
77,145,145,11,0
77,145,145,12,0
77,145,145,13,0
77,145,145,14,0
77,145,145,0,1
77,146,146,1,123
77,146,146,2,4
77,146,146,3,126
77,146,146,4,0
77,146,146,5,76
77,146,146,6,0
77,146,146,7,0
77,146,146,8,0
77,146,146,9,0
77,146,146,10,0
77,146,146,11,1
77,146,146,12,0
77,146,146,13,0
77,146,146,14,0
77,146,146,0,3
77,147,147,1,164
77,147,147,2,9
77,147,147,3,160
77,147,147,4,1
77,147,147,5,107
77,147,147,6,0
77,147,147,7,0
77,147,147,8,0
77,147,147,9,1
77,147,147,10,0
77,147,147,11,0
77,147,147,12,0
77,147,147,13,1
77,147,147,14,1
77,147,147,0,5
77,148,148,1,238
77,148,148,2,22
77,148,148,3,346
77,148,148,4,2
77,148,148,5,213
77,148,148,6,1
77,148,148,7,0
77,148,148,8,1
77,148,148,9,1
77,148,148,10,0
77,148,148,11,1
77,148,148,12,1
77,148,148,13,3
77,148,148,14,0
77,148,148,0,2
77,149,149,1,355
77,149,149,2,12
77,149,149,3,307
77,149,149,4,3
77,149,149,5,137
77,149,149,6,1
77,149,149,7,0
77,149,149,8,1
77,149,149,9,0
77,149,149,10,0
77,149,149,11,0
77,149,149,12,2
77,149,149,13,2
77,149,149,14,3
77,149,149,0,4
77,150,150,1,124
77,150,150,2,8
77,150,150,3,259
77,150,150,4,0
77,150,150,5,130
77,150,150,6,0
77,150,150,7,0
77,150,150,8,0
77,150,150,9,0
77,150,150,10,0
77,150,150,11,0
77,150,150,12,1
77,150,150,13,1
77,150,150,14,0
77,150,150,0,0
77,151,151,1,189
77,151,151,2,28
77,151,151,3,309
77,151,151,4,2
77,151,151,5,197
77,151,151,6,1
77,151,151,7,1
77,151,151,8,0
77,151,151,9,0
77,151,151,10,0
77,151,151,11,1
77,151,151,12,0
77,151,151,13,2
77,151,151,14,0
77,151,151,0,5
77,152,152,1,0
77,152,152,2,0
77,152,152,3,0
77,152,152,4,0
77,152,152,5,0
77,152,152,6,0
77,152,152,7,0
77,152,152,8,0
77,152,152,9,0
77,152,152,10,0
77,152,152,11,0
77,152,152,12,0
77,152,152,13,0
77,152,152,14,0
77,152,152,0,0
77,152,152,1,334
77,152,152,2,9
77,152,152,3,269
77,152,152,4,2
77,152,152,5,238
77,152,152,6,0
77,152,152,7,0
77,152,152,8,1
77,152,152,9,0
77,152,152,10,0
77,152,152,11,3
77,152,152,12,0
77,152,152,13,1
77,152,152,14,0
77,152,152,0,5
77,153,153,1,146
77,153,153,2,5
77,153,153,3,349
77,153,153,4,2
77,153,153,5,128
77,153,153,6,0
77,153,153,7,0
77,153,153,8,0
77,153,153,9,0
77,153,153,10,0
77,153,153,11,0
77,153,153,12,0
77,153,153,13,0
77,153,153,14,0
77,153,153,0,2
77,153,153,1,0
77,153,153,2,0
77,153,153,3,0
77,153,153,4,0
77,153,153,5,0
77,153,153,6,0
77,153,153,7,0
77,153,153,8,0
77,153,153,9,0
77,153,153,10,0
77,153,153,11,0
77,153,153,12,0
77,153,153,13,0
77,153,153,14,0
77,153,153,0,0
77,154,154,1,183
77,154,154,2,19
77,154,154,3,224
77,154,154,4,3
77,154,154,5,258
77,154,154,6,0
77,154,154,7,0
77,154,154,8,0
77,154,154,9,0
77,154,154,10,1
77,154,154,11,0
77,154,154,12,1
77,154,154,13,1
77,154,154,14,2
77,154,154,0,2
77,154,154,1,0
77,154,154,2,0
77,154,154,3,0
77,154,154,4,0
77,154,154,5,0
77,154,154,6,0
77,154,154,7,0
77,154,154,8,0
77,154,154,9,0
77,154,154,10,0
77,154,154,11,0
77,154,154,12,0
77,154,154,13,0
77,154,154,14,0
77,154,154,0,0
77,155,155,1,140
77,155,155,2,16
77,155,155,3,237
77,155,155,4,2
77,155,155,5,172
77,155,155,6,0
77,155,155,7,0
77,155,155,8,0
77,155,155,9,0
77,155,155,10,0
77,155,155,11,2
77,155,155,12,0
77,155,155,13,0
77,155,155,14,1
77,155,155,0,3
77,156,156,1,152
77,156,156,2,12
77,156,156,3,208
77,156,156,4,0
77,156,156,5,91
77,156,156,6,0
77,156,156,7,0
77,156,156,8,1
77,156,156,9,0
77,156,156,10,1
77,156,156,11,2
77,156,156,12,0
77,156,156,13,2
77,156,156,14,1
77,156,156,0,4
77,157,157,1,55
77,157,157,2,10
77,157,157,3,287
77,157,157,4,2
77,157,157,5,119
77,157,157,6,0
77,157,157,7,0
77,157,157,8,2
77,157,157,9,0
77,157,157,10,0
77,157,157,11,0
77,157,157,12,0
77,157,157,13,0
77,157,157,14,3
77,157,157,0,1
77,158,158,1,242
77,158,158,2,23
77,158,158,3,202
77,158,158,4,0
77,158,158,5,309
77,158,158,6,1
77,158,158,7,0
77,158,158,8,1
77,158,158,9,0
77,158,158,10,0
77,158,158,11,0
77,158,158,12,2
77,158,158,13,4
77,158,158,14,0
77,158,158,0,3
77,159,159,1,199
77,159,159,2,23
77,159,159,3,246
77,159,159,4,1
77,159,159,5,317
77,159,159,6,2
77,159,159,7,0
77,159,159,8,1
77,159,159,9,0
77,159,159,10,1
77,159,159,11,1
77,159,159,12,0
77,159,159,13,1
77,159,159,14,0
77,159,159,0,4
77,160,160,1,203
77,160,160,2,21
77,160,160,3,376
77,160,160,4,5
77,160,160,5,312
77,160,160,6,1
77,160,160,7,0
77,160,160,8,1
77,160,160,9,1
77,160,160,10,1
77,160,160,11,0
77,160,160,12,1
77,160,160,13,7
77,160,160,14,0
77,160,160,0,1
77,161,161,1,304
77,161,161,2,14
77,161,161,3,365
77,161,161,4,5
77,161,161,5,301
77,161,161,6,0
77,161,161,7,0
77,161,161,8,0
77,161,161,9,3
77,161,161,10,0
77,161,161,11,2
77,161,161,12,1
77,161,161,13,5
77,161,161,14,0
77,161,161,0,3
77,162,162,1,204
77,162,162,2,8
77,162,162,3,103
77,162,162,4,1
77,162,162,5,107
77,162,162,6,0
77,162,162,7,0
77,162,162,8,0
77,162,162,9,0
77,162,162,10,0
77,162,162,11,0
77,162,162,12,0
77,162,162,13,0
77,162,162,14,0
77,162,162,0,2
77,163,163,1,0
77,163,163,2,0
77,163,163,3,0
77,163,163,4,0
77,163,163,5,0
77,163,163,6,0
77,163,163,7,0
77,163,163,8,0
77,163,163,9,0
77,163,163,10,0
77,163,163,11,0
77,163,163,12,0
77,163,163,13,0
77,163,163,14,0
77,163,163,0,0
77,163,163,1,270
77,163,163,2,18
77,163,163,3,248
77,163,163,4,2
77,163,163,5,208
77,163,163,6,2
77,163,163,7,0
77,163,163,8,1
77,163,163,9,0
77,163,163,10,1
77,163,163,11,2
77,163,163,12,0
77,163,163,13,1
77,163,163,14,1
77,163,163,0,2
77,164,164,1,314
77,164,164,2,21
77,164,164,3,242
77,164,164,4,1
77,164,164,5,276
77,164,164,6,0
77,164,164,7,0
77,164,164,8,0
77,164,164,9,1
77,164,164,10,1
77,164,164,11,0
77,164,164,12,0
77,164,164,13,4
77,164,164,14,2
77,164,164,0,4
77,164,164,1,0
77,164,164,2,0
77,164,164,3,0
77,164,164,4,0
77,164,164,5,0
77,164,164,6,0
77,164,164,7,0
77,164,164,8,0
77,164,164,9,0
77,164,164,10,0
77,164,164,11,0
77,164,164,12,0
77,164,164,13,0
77,164,164,14,0
77,164,164,0,0
77,165,165,1,0
77,165,165,2,0
77,165,165,3,0
77,165,165,4,0
77,165,165,5,0
77,165,165,6,0
77,165,165,7,0
77,165,165,8,0
77,165,165,9,0
77,165,165,10,0
77,165,165,11,0
77,165,165,12,0
77,165,165,13,0
77,165,165,14,0
77,165,165,0,0
77,165,165,1,24
77,165,165,2,2
77,165,165,3,25
77,165,165,4,0
77,165,165,5,47
77,165,165,6,0
77,165,165,7,0
77,165,165,8,0
77,165,165,9,0
77,165,165,10,1
77,165,165,11,1
77,165,165,12,0
77,165,165,13,1
77,165,165,14,1
77,165,165,0,1
77,166,166,1,234
77,166,166,2,3
77,166,166,3,80
77,166,166,4,0
77,166,166,5,82
77,166,166,6,0
77,166,166,7,0
77,166,166,8,1
77,166,166,9,0
77,166,166,10,0
77,166,166,11,0
77,166,166,12,0
77,166,166,13,0
77,166,166,14,1
77,166,166,0,1
77,167,167,1,320
77,167,167,2,9
77,167,167,3,138
77,167,167,4,1
77,167,167,5,113
77,167,167,6,0
77,167,167,7,0
77,167,167,8,0
77,167,167,9,0
77,167,167,10,0
77,167,167,11,0
77,167,167,12,0
77,167,167,13,1
77,167,167,14,0
77,167,167,0,2
77,168,168,1,103
77,168,168,2,7
77,168,168,3,194
77,168,168,4,1
77,168,168,5,153
77,168,168,6,0
77,168,168,7,1
77,168,168,8,1
77,168,168,9,0
77,168,168,10,1
77,168,168,11,0
77,168,168,12,0
77,168,168,13,2
77,168,168,14,0
77,168,168,0,0
77,169,169,1,285
77,169,169,2,21
77,169,169,3,258
77,169,169,4,2
77,169,169,5,171
77,169,169,6,1
77,169,169,7,1
77,169,169,8,0
77,169,169,9,1
77,169,169,10,0
77,169,169,11,0
77,169,169,12,0
77,169,169,13,1
77,169,169,14,0
77,169,169,0,5
77,170,170,1,277
77,170,170,2,10
77,170,170,3,270
77,170,170,4,1
77,170,170,5,176
77,170,170,6,0
77,170,170,7,0
77,170,170,8,0
77,170,170,9,0
77,170,170,10,0
77,170,170,11,0
77,170,170,12,0
77,170,170,13,6
77,170,170,14,1
77,170,170,0,3
77,171,171,1,257
77,171,171,2,24
77,171,171,3,196
77,171,171,4,0
77,171,171,5,133
77,171,171,6,0
77,171,171,7,0
77,171,171,8,0
77,171,171,9,0
77,171,171,10,0
77,171,171,11,0
77,171,171,12,0
77,171,171,13,1
77,171,171,14,0
77,171,171,0,2
77,172,172,1,103
77,172,172,2,6
77,172,172,3,141
77,172,172,4,1
77,172,172,5,101
77,172,172,6,0
77,172,172,7,2
77,172,172,8,0
77,172,172,9,0
77,172,172,10,0
77,172,172,11,0
77,172,172,12,0
77,172,172,13,1
77,172,172,14,0
77,172,172,0,0
77,173,173,1,371
77,173,173,2,15
77,173,173,3,337
77,173,173,4,4
77,173,173,5,98
77,173,173,6,0
77,173,173,7,0
77,173,173,8,1
77,173,173,9,0
77,173,173,10,0
77,173,173,11,0
77,173,173,12,0
77,173,173,13,2
77,173,173,14,0
77,173,173,0,3
77,174,174,1,0
77,174,174,2,0
77,174,174,3,0
77,174,174,4,0
77,174,174,5,0
77,174,174,6,0
77,174,174,7,0
77,174,174,8,0
77,174,174,9,0
77,174,174,10,0
77,174,174,11,0
77,174,174,12,0
77,174,174,13,0
77,174,174,14,0
77,174,174,0,0
77,174,174,1,332
77,174,174,2,11
77,174,174,3,285
77,174,174,4,3
77,174,174,5,206
77,174,174,6,1
77,174,174,7,0
77,174,174,8,2
77,174,174,9,0
77,174,174,10,0
77,174,174,11,0
77,174,174,12,1
77,174,174,13,1
77,174,174,14,1
77,174,174,0,1
77,175,175,1,0
77,175,175,2,0
77,175,175,3,0
77,175,175,4,0
77,175,175,5,0
77,175,175,6,0
77,175,175,7,0
77,175,175,8,0
77,175,175,9,0
77,175,175,10,0
77,175,175,11,0
77,175,175,12,0
77,175,175,13,0
77,175,175,14,0
77,175,175,0,0
77,175,175,1,358
77,175,175,2,13
77,175,175,3,333
77,175,175,4,0
77,175,175,5,162
77,175,175,6,0
77,175,175,7,0
77,175,175,8,0
77,175,175,9,0
77,175,175,10,0
77,175,175,11,0
77,175,175,12,0
77,175,175,13,1
77,175,175,14,2
77,175,175,0,2
77,176,176,1,199
77,176,176,2,8
77,176,176,3,256
77,176,176,4,0
77,176,176,5,168
77,176,176,6,1
77,176,176,7,0
77,176,176,8,1
77,176,176,9,0
77,176,176,10,0
77,176,176,11,0
77,176,176,12,0
77,176,176,13,3
77,176,176,14,1
77,176,176,0,0
77,176,176,1,0
77,176,176,2,0
77,176,176,3,0
77,176,176,4,0
77,176,176,5,0
77,176,176,6,0
77,176,176,7,0
77,176,176,8,0
77,176,176,9,0
77,176,176,10,0
77,176,176,11,0
77,176,176,12,0
77,176,176,13,0
77,176,176,14,0
77,176,176,0,0
77,177,177,1,323
77,177,177,2,11
77,177,177,3,437
77,177,177,4,1
77,177,177,5,92
77,177,177,6,0
77,177,177,7,0
77,177,177,8,0
77,177,177,9,0
77,177,177,10,0
77,177,177,11,2
77,177,177,12,1
77,177,177,13,3
77,177,177,14,0
77,177,177,0,2
77,178,178,1,354
77,178,178,2,30
77,178,178,3,352
77,178,178,4,1
77,178,178,5,138
77,178,178,6,3
77,178,178,7,0
77,178,178,8,3
77,178,178,9,1
77,178,178,10,0
77,178,178,11,1
77,178,178,12,0
77,178,178,13,3
77,178,178,14,0
77,178,178,0,3
77,179,179,1,268
77,179,179,2,31
77,179,179,3,314
77,179,179,4,1
77,179,179,5,181
77,179,179,6,0
77,179,179,7,0
77,179,179,8,1
77,179,179,9,1
77,179,179,10,0
77,179,179,11,2
77,179,179,12,1
77,179,179,13,3
77,179,179,14,3
77,179,179,0,3
77,180,180,1,51
77,180,180,2,2
77,180,180,3,105
77,180,180,4,0
77,180,180,5,109
77,180,180,6,1
77,180,180,7,0
77,180,180,8,0
77,180,180,9,0
77,180,180,10,0
77,180,180,11,0
77,180,180,12,0
77,180,180,13,1
77,180,180,14,0
77,180,180,0,0
77,181,181,1,332
77,181,181,2,19
77,181,181,3,392
77,181,181,4,3
77,181,181,5,206
77,181,181,6,0
77,181,181,7,0
77,181,181,8,1
77,181,181,9,1
77,181,181,10,0
77,181,181,11,1
77,181,181,12,1
77,181,181,13,4
77,181,181,14,0
77,181,181,0,3
77,182,182,1,329
77,182,182,2,26
77,182,182,3,353
77,182,182,4,2
77,182,182,5,248
77,182,182,6,0
77,182,182,7,1
77,182,182,8,2
77,182,182,9,1
77,182,182,10,1
77,182,182,11,0
77,182,182,12,0
77,182,182,13,4
77,182,182,14,1
77,182,182,0,6
77,183,183,1,178
77,183,183,2,16
77,183,183,3,345
77,183,183,4,3
77,183,183,5,180
77,183,183,6,0
77,183,183,7,0
77,183,183,8,0
77,183,183,9,0
77,183,183,10,2
77,183,183,11,0
77,183,183,12,1
77,183,183,13,0
77,183,183,14,0
77,183,183,0,0
77,184,184,1,159
77,184,184,2,17
77,184,184,3,277
77,184,184,4,1
77,184,184,5,114
77,184,184,6,0
77,184,184,7,0
77,184,184,8,1
77,184,184,9,0
77,184,184,10,0
77,184,184,11,0
77,184,184,12,0
77,184,184,13,0
77,184,184,14,0
77,184,184,0,4
77,185,185,1,0
77,185,185,2,0
77,185,185,3,0
77,185,185,4,0
77,185,185,5,0
77,185,185,6,0
77,185,185,7,0
77,185,185,8,0
77,185,185,9,0
77,185,185,10,0
77,185,185,11,0
77,185,185,12,0
77,185,185,13,0
77,185,185,14,0
77,185,185,0,0
77,185,185,1,138
77,185,185,2,6
77,185,185,3,148
77,185,185,4,4
77,185,185,5,180
77,185,185,6,0
77,185,185,7,0
77,185,185,8,1
77,185,185,9,0
77,185,185,10,0
77,185,185,11,1
77,185,185,12,2
77,185,185,13,1
77,185,185,14,0
77,185,185,0,5
77,186,186,1,0
77,186,186,2,0
77,186,186,3,0
77,186,186,4,0
77,186,186,5,0
77,186,186,6,0
77,186,186,7,0
77,186,186,8,0
77,186,186,9,0
77,186,186,10,0
77,186,186,11,0
77,186,186,12,0
77,186,186,13,0
77,186,186,14,0
77,186,186,0,0
77,186,186,1,181
77,186,186,2,16
77,186,186,3,248
77,186,186,4,2
77,186,186,5,211
77,186,186,6,1
77,186,186,7,0
77,186,186,8,0
77,186,186,9,0
77,186,186,10,0
77,186,186,11,1
77,186,186,12,1
77,186,186,13,5
77,186,186,14,0
77,186,186,0,3
77,187,187,1,0
77,187,187,2,0
77,187,187,3,0
77,187,187,4,0
77,187,187,5,0
77,187,187,6,0
77,187,187,7,0
77,187,187,8,0
77,187,187,9,0
77,187,187,10,0
77,187,187,11,0
77,187,187,12,0
77,187,187,13,0
77,187,187,14,0
77,187,187,0,0
77,187,187,1,396
77,187,187,2,16
77,187,187,3,264
77,187,187,4,1
77,187,187,5,183
77,187,187,6,0
77,187,187,7,1
77,187,187,8,2
77,187,187,9,0
77,187,187,10,0
77,187,187,11,1
77,187,187,12,0
77,187,187,13,1
77,187,187,14,0
77,187,187,0,4
77,188,188,1,197
77,188,188,2,16
77,188,188,3,204
77,188,188,4,1
77,188,188,5,95
77,188,188,6,0
77,188,188,7,1
77,188,188,8,1
77,188,188,9,0
77,188,188,10,1
77,188,188,11,0
77,188,188,12,0
77,188,188,13,2
77,188,188,14,0
77,188,188,0,0
77,189,189,1,300
77,189,189,2,20
77,189,189,3,249
77,189,189,4,2
77,189,189,5,198
77,189,189,6,0
77,189,189,7,0
77,189,189,8,1
77,189,189,9,0
77,189,189,10,1
77,189,189,11,0
77,189,189,12,1
77,189,189,13,1
77,189,189,14,2
77,189,189,0,3
77,190,190,1,269
77,190,190,2,16
77,190,190,3,275
77,190,190,4,2
77,190,190,5,143
77,190,190,6,1
77,190,190,7,1
77,190,190,8,4
77,190,190,9,0
77,190,190,10,0
77,190,190,11,0
77,190,190,12,1
77,190,190,13,3
77,190,190,14,0
77,190,190,0,3
77,191,191,1,320
77,191,191,2,13
77,191,191,3,263
77,191,191,4,1
77,191,191,5,106
77,191,191,6,0
77,191,191,7,0
77,191,191,8,0
77,191,191,9,0
77,191,191,10,0
77,191,191,11,0
77,191,191,12,1
77,191,191,13,1
77,191,191,14,0
77,191,191,0,1
77,192,192,1,329
77,192,192,2,15
77,192,192,3,430
77,192,192,4,0
77,192,192,5,121
77,192,192,6,0
77,192,192,7,0
77,192,192,8,0
77,192,192,9,0
77,192,192,10,0
77,192,192,11,0
77,192,192,12,0
77,192,192,13,0
77,192,192,14,1
77,192,192,0,2
77,193,193,1,274
77,193,193,2,10
77,193,193,3,250
77,193,193,4,1
77,193,193,5,100
77,193,193,6,2
77,193,193,7,0
77,193,193,8,3
77,193,193,9,0
77,193,193,10,1
77,193,193,11,0
77,193,193,12,0
77,193,193,13,1
77,193,193,14,1
77,193,193,0,4
77,194,194,1,248
77,194,194,2,11
77,194,194,3,223
77,194,194,4,1
77,194,194,5,85
77,194,194,6,0
77,194,194,7,0
77,194,194,8,0
77,194,194,9,0
77,194,194,10,1
77,194,194,11,0
77,194,194,12,1
77,194,194,13,2
77,194,194,14,1
77,194,194,0,3
77,195,195,1,217
77,195,195,2,8
77,195,195,3,192
77,195,195,4,0
77,195,195,5,100
77,195,195,6,1
77,195,195,7,0
77,195,195,8,0
77,195,195,9,0
77,195,195,10,0
77,195,195,11,0
77,195,195,12,0
77,195,195,13,2
77,195,195,14,0
77,195,195,0,0
77,196,196,1,244
77,196,196,2,5
77,196,196,3,240
77,196,196,4,0
77,196,196,5,130
77,196,196,6,1
77,196,196,7,0
77,196,196,8,1
77,196,196,9,0
77,196,196,10,0
77,196,196,11,0
77,196,196,12,0
77,196,196,13,1
77,196,196,14,0
77,196,196,0,1
77,196,196,1,0
77,196,196,2,0
77,196,196,3,0
77,196,196,4,0
77,196,196,5,0
77,196,196,6,0
77,196,196,7,0
77,196,196,8,0
77,196,196,9,0
77,196,196,10,0
77,196,196,11,0
77,196,196,12,0
77,196,196,13,0
77,196,196,14,0
77,196,196,0,0
77,197,197,1,374
77,197,197,2,35
77,197,197,3,423
77,197,197,4,3
77,197,197,5,224
77,197,197,6,0
77,197,197,7,0
77,197,197,8,2
77,197,197,9,0
77,197,197,10,1
77,197,197,11,0
77,197,197,12,0
77,197,197,13,1
77,197,197,14,0
77,197,197,0,5
77,197,197,1,0
77,197,197,2,0
77,197,197,3,0
77,197,197,4,0
77,197,197,5,0
77,197,197,6,0
77,197,197,7,0
77,197,197,8,0
77,197,197,9,0
77,197,197,10,0
77,197,197,11,0
77,197,197,12,0
77,197,197,13,0
77,197,197,14,0
77,197,197,0,0
77,198,198,1,314
77,198,198,2,15
77,198,198,3,178
77,198,198,4,1
77,198,198,5,169
77,198,198,6,0
77,198,198,7,0
77,198,198,8,1
77,198,198,9,0
77,198,198,10,0
77,198,198,11,0
77,198,198,12,0
77,198,198,13,0
77,198,198,14,1
77,198,198,0,2
77,198,198,1,0
77,198,198,2,0
77,198,198,3,0
77,198,198,4,0
77,198,198,5,0
77,198,198,6,0
77,198,198,7,0
77,198,198,8,0
77,198,198,9,0
77,198,198,10,0
77,198,198,11,0
77,198,198,12,0
77,198,198,13,0
77,198,198,14,0
77,198,198,0,0
77,199,199,1,294
77,199,199,2,17
77,199,199,3,256
77,199,199,4,1
77,199,199,5,102
77,199,199,6,0
77,199,199,7,0
77,199,199,8,0
77,199,199,9,1
77,199,199,10,0
77,199,199,11,0
77,199,199,12,1
77,199,199,13,0
77,199,199,14,0
77,199,199,0,1
77,200,200,1,343
77,200,200,2,21
77,200,200,3,276
77,200,200,4,0
77,200,200,5,277
77,200,200,6,0
77,200,200,7,0
77,200,200,8,2
77,200,200,9,0
77,200,200,10,0
77,200,200,11,1
77,200,200,12,1
77,200,200,13,2
77,200,200,14,2
77,200,200,0,5
77,201,201,1,411
77,201,201,2,35
77,201,201,3,344
77,201,201,4,2
77,201,201,5,163
77,201,201,6,2
77,201,201,7,0
77,201,201,8,1
77,201,201,9,0
77,201,201,10,0
77,201,201,11,2
77,201,201,12,2
77,201,201,13,1
77,201,201,14,0
77,201,201,0,6
77,202,202,1,299
77,202,202,2,16
77,202,202,3,149
77,202,202,4,0
77,202,202,5,91
77,202,202,6,0
77,202,202,7,0
77,202,202,8,0
77,202,202,9,0
77,202,202,10,0
77,202,202,11,0
77,202,202,12,0
77,202,202,13,3
77,202,202,14,1
77,202,202,0,0
77,203,203,1,258
77,203,203,2,10
77,203,203,3,186
77,203,203,4,0
77,203,203,5,125
77,203,203,6,0
77,203,203,7,0
77,203,203,8,3
77,203,203,9,0
77,203,203,10,0
77,203,203,11,1
77,203,203,12,0
77,203,203,13,2
77,203,203,14,0
77,203,203,0,4
77,204,204,1,450
77,204,204,2,38
77,204,204,3,380
77,204,204,4,5
77,204,204,5,159
77,204,204,6,1
77,204,204,7,0
77,204,204,8,0
77,204,204,9,0
77,204,204,10,1
77,204,204,11,2
77,204,204,12,0
77,204,204,13,1
77,204,204,14,0
77,204,204,0,11
77,205,205,1,218
77,205,205,2,17
77,205,205,3,239
77,205,205,4,7
77,205,205,5,341
77,205,205,6,1
77,205,205,7,0
77,205,205,8,0
77,205,205,9,0
77,205,205,10,1
77,205,205,11,0
77,205,205,12,2
77,205,205,13,0
77,205,205,14,3
77,205,205,0,2
77,206,206,1,290
77,206,206,2,7
77,206,206,3,212
77,206,206,4,0
77,206,206,5,123
77,206,206,6,0
77,206,206,7,0
77,206,206,8,0
77,206,206,9,0
77,206,206,10,1
77,206,206,11,0
77,206,206,12,0
77,206,206,13,2
77,206,206,14,1
77,206,206,0,0
77,207,207,1,0
77,207,207,2,0
77,207,207,3,0
77,207,207,4,0
77,207,207,5,0
77,207,207,6,0
77,207,207,7,0
77,207,207,8,0
77,207,207,9,0
77,207,207,10,0
77,207,207,11,0
77,207,207,12,0
77,207,207,13,0
77,207,207,14,0
77,207,207,0,0
77,207,207,1,326
77,207,207,2,14
77,207,207,3,298
77,207,207,4,2
77,207,207,5,202
77,207,207,6,0
77,207,207,7,2
77,207,207,8,0
77,207,207,9,0
77,207,207,10,0
77,207,207,11,1
77,207,207,12,2
77,207,207,13,1
77,207,207,14,2
77,207,207,0,3
77,208,208,1,294
77,208,208,2,12
77,208,208,3,200
77,208,208,4,2
77,208,208,5,143
77,208,208,6,0
77,208,208,7,0
77,208,208,8,0
77,208,208,9,0
77,208,208,10,1
77,208,208,11,1
77,208,208,12,0
77,208,208,13,2
77,208,208,14,0
77,208,208,0,1
77,208,208,1,0
77,208,208,2,0
77,208,208,3,0
77,208,208,4,0
77,208,208,5,0
77,208,208,6,0
77,208,208,7,0
77,208,208,8,0
77,208,208,9,0
77,208,208,10,0
77,208,208,11,0
77,208,208,12,0
77,208,208,13,0
77,208,208,14,0
77,208,208,0,0
77,209,209,1,0
77,209,209,2,0
77,209,209,3,0
77,209,209,4,0
77,209,209,5,0
77,209,209,6,0
77,209,209,7,0
77,209,209,8,0
77,209,209,9,0
77,209,209,10,0
77,209,209,11,0
77,209,209,12,0
77,209,209,13,0
77,209,209,14,0
77,209,209,0,0
77,209,209,1,324
77,209,209,2,23
77,209,209,3,220
77,209,209,4,4
77,209,209,5,175
77,209,209,6,1
77,209,209,7,0
77,209,209,8,4
77,209,209,9,0
77,209,209,10,0
77,209,209,11,3
77,209,209,12,3
77,209,209,13,6
77,209,209,14,3
77,209,209,0,5
77,210,210,1,225
77,210,210,2,13
77,210,210,3,255
77,210,210,4,4
77,210,210,5,188
77,210,210,6,0
77,210,210,7,0
77,210,210,8,1
77,210,210,9,0
77,210,210,10,0
77,210,210,11,0
77,210,210,12,1
77,210,210,13,6
77,210,210,14,0
77,210,210,0,8
77,211,211,1,208
77,211,211,2,13
77,211,211,3,169
77,211,211,4,0
77,211,211,5,148
77,211,211,6,0
77,211,211,7,0
77,211,211,8,0
77,211,211,9,0
77,211,211,10,0
77,211,211,11,0
77,211,211,12,0
77,211,211,13,3
77,211,211,14,0
77,211,211,0,4
77,212,212,1,299
77,212,212,2,20
77,212,212,3,294
77,212,212,4,5
77,212,212,5,264
77,212,212,6,0
77,212,212,7,0
77,212,212,8,1
77,212,212,9,0
77,212,212,10,1
77,212,212,11,1
77,212,212,12,3
77,212,212,13,3
77,212,212,14,3
77,212,212,0,7
77,213,213,1,196
77,213,213,2,9
77,213,213,3,172
77,213,213,4,1
77,213,213,5,133
77,213,213,6,0
77,213,213,7,1
77,213,213,8,1
77,213,213,9,0
77,213,213,10,0
77,213,213,11,0
77,213,213,12,0
77,213,213,13,3
77,213,213,14,1
77,213,213,0,6
77,214,214,1,225
77,214,214,2,7
77,214,214,3,163
77,214,214,4,1
77,214,214,5,201
77,214,214,6,0
77,214,214,7,1
77,214,214,8,1
77,214,214,9,1
77,214,214,10,0
77,214,214,11,2
77,214,214,12,0
77,214,214,13,2
77,214,214,14,0
77,214,214,0,1
77,215,215,1,264
77,215,215,2,21
77,215,215,3,181
77,215,215,4,2
77,215,215,5,259
77,215,215,6,0
77,215,215,7,0
77,215,215,8,4
77,215,215,9,1
77,215,215,10,0
77,215,215,11,3
77,215,215,12,0
77,215,215,13,3
77,215,215,14,0
77,215,215,0,2
77,216,216,1,195
77,216,216,2,42
77,216,216,3,155
77,216,216,4,4
77,216,216,5,297
77,216,216,6,1
77,216,216,7,0
77,216,216,8,3
77,216,216,9,0
77,216,216,10,0
77,216,216,11,1
77,216,216,12,0
77,216,216,13,1
77,216,216,14,1
77,216,216,0,6
77,217,217,1,407
77,217,217,2,10
77,217,217,3,299
77,217,217,4,3
77,217,217,5,218
77,217,217,6,0
77,217,217,7,1
77,217,217,8,0
77,217,217,9,0
77,217,217,10,1
77,217,217,11,1
77,217,217,12,0
77,217,217,13,2
77,217,217,14,2
77,217,217,0,1
77,218,218,1,0
77,218,218,2,0
77,218,218,3,0
77,218,218,4,0
77,218,218,5,0
77,218,218,6,0
77,218,218,7,0
77,218,218,8,0
77,218,218,9,0
77,218,218,10,0
77,218,218,11,0
77,218,218,12,0
77,218,218,13,0
77,218,218,14,0
77,218,218,0,0
77,218,218,1,385
77,218,218,2,13
77,218,218,3,362
77,218,218,4,2
77,218,218,5,232
77,218,218,6,1
77,218,218,7,0
77,218,218,8,2
77,218,218,9,2
77,218,218,10,0
77,218,218,11,2
77,218,218,12,0
77,218,218,13,3
77,218,218,14,2
77,218,218,0,4
77,219,219,1,349
77,219,219,2,8
77,219,219,3,344
77,219,219,4,1
77,219,219,5,224
77,219,219,6,0
77,219,219,7,0
77,219,219,8,0
77,219,219,9,0
77,219,219,10,2
77,219,219,11,1
77,219,219,12,1
77,219,219,13,2
77,219,219,14,1
77,219,219,0,2
77,219,219,1,0
77,219,219,2,0
77,219,219,3,0
77,219,219,4,0
77,219,219,5,0
77,219,219,6,0
77,219,219,7,0
77,219,219,8,0
77,219,219,9,0
77,219,219,10,0
77,219,219,11,0
77,219,219,12,0
77,219,219,13,0
77,219,219,14,0
77,219,219,0,0
77,220,220,1,0
77,220,220,2,0
77,220,220,3,0
77,220,220,4,0
77,220,220,5,0
77,220,220,6,0
77,220,220,7,0
77,220,220,8,0
77,220,220,9,0
77,220,220,10,0
77,220,220,11,0
77,220,220,12,0
77,220,220,13,0
77,220,220,14,0
77,220,220,0,0
77,220,220,1,271
77,220,220,2,17
77,220,220,3,243
77,220,220,4,1
77,220,220,5,130
77,220,220,6,1
77,220,220,7,0
77,220,220,8,2
77,220,220,9,0
77,220,220,10,1
77,220,220,11,1
77,220,220,12,0
77,220,220,13,1
77,220,220,14,0
77,220,220,0,0
77,221,221,1,255
77,221,221,2,23
77,221,221,3,282
77,221,221,4,3
77,221,221,5,263
77,221,221,6,0
77,221,221,7,0
77,221,221,8,2
77,221,221,9,0
77,221,221,10,0
77,221,221,11,1
77,221,221,12,1
77,221,221,13,4
77,221,221,14,0
77,221,221,0,6
77,222,222,1,291
77,222,222,2,12
77,222,222,3,217
77,222,222,4,1
77,222,222,5,141
77,222,222,6,1
77,222,222,7,0
77,222,222,8,1
77,222,222,9,1
77,222,222,10,0
77,222,222,11,1
77,222,222,12,0
77,222,222,13,4
77,222,222,14,3
77,222,222,0,0
77,223,223,1,242
77,223,223,2,7
77,223,223,3,154
77,223,223,4,1
77,223,223,5,91
77,223,223,6,0
77,223,223,7,0
77,223,223,8,0
77,223,223,9,0
77,223,223,10,0
77,223,223,11,0
77,223,223,12,1
77,223,223,13,2
77,223,223,14,0
77,223,223,0,3
77,224,224,1,318
77,224,224,2,23
77,224,224,3,268
77,224,224,4,3
77,224,224,5,178
77,224,224,6,0
77,224,224,7,0
77,224,224,8,1
77,224,224,9,0
77,224,224,10,0
77,224,224,11,0
77,224,224,12,1
77,224,224,13,2
77,224,224,14,0
77,224,224,0,9
77,225,225,1,254
77,225,225,2,21
77,225,225,3,241
77,225,225,4,1
77,225,225,5,100
77,225,225,6,0
77,225,225,7,0
77,225,225,8,0
77,225,225,9,0
77,225,225,10,0
77,225,225,11,1
77,225,225,12,0
77,225,225,13,0
77,225,225,14,0
77,225,225,0,4
77,226,226,1,389
77,226,226,2,29
77,226,226,3,236
77,226,226,4,0
77,226,226,5,191
77,226,226,6,0
77,226,226,7,0
77,226,226,8,0
77,226,226,9,2
77,226,226,10,0
77,226,226,11,3
77,226,226,12,0
77,226,226,13,1
77,226,226,14,0
77,226,226,0,1
77,227,227,1,312
77,227,227,2,11
77,227,227,3,250
77,227,227,4,1
77,227,227,5,105
77,227,227,6,1
77,227,227,7,0
77,227,227,8,0
77,227,227,9,0
77,227,227,10,0
77,227,227,11,0
77,227,227,12,0
77,227,227,13,0
77,227,227,14,1
77,227,227,0,4
77,228,228,1,249
77,228,228,2,10
77,228,228,3,283
77,228,228,4,3
77,228,228,5,122
77,228,228,6,0
77,228,228,7,0
77,228,228,8,2
77,228,228,9,0
77,228,228,10,0
77,228,228,11,0
77,228,228,12,0
77,228,228,13,0
77,228,228,14,2
77,228,228,0,0
77,229,229,1,0
77,229,229,2,0
77,229,229,3,0
77,229,229,4,0
77,229,229,5,0
77,229,229,6,0
77,229,229,7,0
77,229,229,8,0
77,229,229,9,0
77,229,229,10,0
77,229,229,11,0
77,229,229,12,0
77,229,229,13,0
77,229,229,14,0
77,229,229,0,0
77,229,229,1,342
77,229,229,2,10
77,229,229,3,299
77,229,229,4,1
77,229,229,5,165
77,229,229,6,0
77,229,229,7,0
77,229,229,8,1
77,229,229,9,0
77,229,229,10,3
77,229,229,11,1
77,229,229,12,1
77,229,229,13,1
77,229,229,14,2
77,229,229,0,3
77,230,230,1,347
77,230,230,2,23
77,230,230,3,284
77,230,230,4,4
77,230,230,5,167
77,230,230,6,0
77,230,230,7,0
77,230,230,8,3
77,230,230,9,0
77,230,230,10,0
77,230,230,11,0
77,230,230,12,1
77,230,230,13,0
77,230,230,14,0
77,230,230,0,4
77,230,230,1,0
77,230,230,2,0
77,230,230,3,0
77,230,230,4,0
77,230,230,5,0
77,230,230,6,0
77,230,230,7,0
77,230,230,8,0
77,230,230,9,0
77,230,230,10,0
77,230,230,11,0
77,230,230,12,0
77,230,230,13,0
77,230,230,14,0
77,230,230,0,0
77,231,231,1,0
77,231,231,2,0
77,231,231,3,0
77,231,231,4,0
77,231,231,5,0
77,231,231,6,0
77,231,231,7,0
77,231,231,8,0
77,231,231,9,0
77,231,231,10,0
77,231,231,11,0
77,231,231,12,0
77,231,231,13,0
77,231,231,14,0
77,231,231,0,0
77,231,231,1,232
77,231,231,2,30
77,231,231,3,259
77,231,231,4,4
77,231,231,5,207
77,231,231,6,2
77,231,231,7,0
77,231,231,8,4
77,231,231,9,0
77,231,231,10,2
77,231,231,11,1
77,231,231,12,0
77,231,231,13,5
77,231,231,14,1
77,231,231,0,6
77,232,232,1,215
77,232,232,2,19
77,232,232,3,255
77,232,232,4,0
77,232,232,5,111
77,232,232,6,0
77,232,232,7,0
77,232,232,8,2
77,232,232,9,0
77,232,232,10,0
77,232,232,11,1
77,232,232,12,0
77,232,232,13,2
77,232,232,14,1
77,232,232,0,3
77,233,233,1,275
77,233,233,2,20
77,233,233,3,274
77,233,233,4,1
77,233,233,5,93
77,233,233,6,0
77,233,233,7,0
77,233,233,8,1
77,233,233,9,0
77,233,233,10,0
77,233,233,11,0
77,233,233,12,1
77,233,233,13,1
77,233,233,14,1
77,233,233,0,2
77,234,234,1,426
77,234,234,2,19
77,234,234,3,313
77,234,234,4,0
77,234,234,5,106
77,234,234,6,0
77,234,234,7,1
77,234,234,8,0
77,234,234,9,0
77,234,234,10,0
77,234,234,11,1
77,234,234,12,0
77,234,234,13,6
77,234,234,14,2
77,234,234,0,5
77,235,235,1,362
77,235,235,2,22
77,235,235,3,288
77,235,235,4,3
77,235,235,5,120
77,235,235,6,1
77,235,235,7,0
77,235,235,8,0
77,235,235,9,1
77,235,235,10,1
77,235,235,11,0
77,235,235,12,0
77,235,235,13,0
77,235,235,14,1
77,235,235,0,1
77,236,236,1,213
77,236,236,2,36
77,236,236,3,368
77,236,236,4,0
77,236,236,5,308
77,236,236,6,1
77,236,236,7,0
77,236,236,8,1
77,236,236,9,0
77,236,236,10,2
77,236,236,11,3
77,236,236,12,0
77,236,236,13,6
77,236,236,14,3
77,236,236,0,7
77,237,237,1,280
77,237,237,2,7
77,237,237,3,182
77,237,237,4,0
77,237,237,5,139
77,237,237,6,0
77,237,237,7,1
77,237,237,8,1
77,237,237,9,0
77,237,237,10,2
77,237,237,11,0
77,237,237,12,0
77,237,237,13,0
77,237,237,14,1
77,237,237,0,6
77,238,238,1,382
77,238,238,2,12
77,238,238,3,244
77,238,238,4,0
77,238,238,5,166
77,238,238,6,0
77,238,238,7,0
77,238,238,8,1
77,238,238,9,0
77,238,238,10,6
77,238,238,11,1
77,238,238,12,1
77,238,238,13,1
77,238,238,14,1
77,238,238,0,4
77,239,239,1,311
77,239,239,2,6
77,239,239,3,224
77,239,239,4,1
77,239,239,5,158
77,239,239,6,0
77,239,239,7,0
77,239,239,8,0
77,239,239,9,0
77,239,239,10,1
77,239,239,11,0
77,239,239,12,1
77,239,239,13,2
77,239,239,14,0
77,239,239,0,1
77,240,240,1,349
77,240,240,2,16
77,240,240,3,179
77,240,240,4,0
77,240,240,5,139
77,240,240,6,2
77,240,240,7,0
77,240,240,8,0
77,240,240,9,0
77,240,240,10,1
77,240,240,11,1
77,240,240,12,0
77,240,240,13,2
77,240,240,14,1
77,240,240,0,1
77,241,241,1,0
77,241,241,2,0
77,241,241,3,0
77,241,241,4,0
77,241,241,5,0
77,241,241,6,0
77,241,241,7,0
77,241,241,8,0
77,241,241,9,0
77,241,241,10,0
77,241,241,11,0
77,241,241,12,0
77,241,241,13,0
77,241,241,14,0
77,241,241,0,0
77,241,241,1,249
77,241,241,2,8
77,241,241,3,289
77,241,241,4,2
77,241,241,5,201
77,241,241,6,1
77,241,241,7,0
77,241,241,8,1
77,241,241,9,0
77,241,241,10,0
77,241,241,11,0
77,241,241,12,1
77,241,241,13,0
77,241,241,14,0
77,241,241,0,3
77,242,242,1,0
77,242,242,2,0
77,242,242,3,0
77,242,242,4,0
77,242,242,5,0
77,242,242,6,0
77,242,242,7,0
77,242,242,8,0
77,242,242,9,0
77,242,242,10,0
77,242,242,11,0
77,242,242,12,0
77,242,242,13,0
77,242,242,14,0
77,242,242,0,0
77,242,242,1,182
77,242,242,2,12
77,242,242,3,229
77,242,242,4,1
77,242,242,5,227
77,242,242,6,1
77,242,242,7,0
77,242,242,8,1
77,242,242,9,0
77,242,242,10,0
77,242,242,11,0
77,242,242,12,0
77,242,242,13,3
77,242,242,14,0
77,242,242,0,1
77,243,243,1,0
77,243,243,2,0
77,243,243,3,0
77,243,243,4,0
77,243,243,5,0
77,243,243,6,0
77,243,243,7,0
77,243,243,8,0
77,243,243,9,0
77,243,243,10,0
77,243,243,11,0
77,243,243,12,0
77,243,243,13,0
77,243,243,14,0
77,243,243,0,0
77,243,243,1,111
77,243,243,2,15
77,243,243,3,196
77,243,243,4,0
77,243,243,5,159
77,243,243,6,0
77,243,243,7,0
77,243,243,8,0
77,243,243,9,0
77,243,243,10,0
77,243,243,11,0
77,243,243,12,0
77,243,243,13,0
77,243,243,14,0
77,243,243,0,2
77,244,244,1,181
77,244,244,2,7
77,244,244,3,178
77,244,244,4,0
77,244,244,5,116
77,244,244,6,0
77,244,244,7,0
77,244,244,8,0
77,244,244,9,0
77,244,244,10,0
77,244,244,11,0
77,244,244,12,0
77,244,244,13,1
77,244,244,14,0
77,244,244,0,2
77,245,245,1,279
77,245,245,2,20
77,245,245,3,296
77,245,245,4,3
77,245,245,5,309
77,245,245,6,2
77,245,245,7,0
77,245,245,8,1
77,245,245,9,1
77,245,245,10,1
77,245,245,11,0
77,245,245,12,0
77,245,245,13,1
77,245,245,14,0
77,245,245,0,6
77,246,246,1,119
77,246,246,2,9
77,246,246,3,254
77,246,246,4,2
77,246,246,5,252
77,246,246,6,0
77,246,246,7,0
77,246,246,8,2
77,246,246,9,0
77,246,246,10,0
77,246,246,11,0
77,246,246,12,0
77,246,246,13,3
77,246,246,14,0
77,246,246,0,0
77,247,247,1,227
77,247,247,2,15
77,247,247,3,217
77,247,247,4,1
77,247,247,5,68
77,247,247,6,1
77,247,247,7,0
77,247,247,8,0
77,247,247,9,0
77,247,247,10,0
77,247,247,11,0
77,247,247,12,0
77,247,247,13,0
77,247,247,14,0
77,247,247,0,2
77,248,248,1,267
77,248,248,2,10
77,248,248,3,239
77,248,248,4,0
77,248,248,5,142
77,248,248,6,1
77,248,248,7,0
77,248,248,8,0
77,248,248,9,0
77,248,248,10,0
77,248,248,11,1
77,248,248,12,0
77,248,248,13,0
77,248,248,14,1
77,248,248,0,0
77,249,249,1,445
77,249,249,2,20
77,249,249,3,379
77,249,249,4,1
77,249,249,5,230
77,249,249,6,1
77,249,249,7,1
77,249,249,8,1
77,249,249,9,1
77,249,249,10,0
77,249,249,11,0
77,249,249,12,0
77,249,249,13,4
77,249,249,14,3
77,249,249,0,4
77,250,250,1,220
77,250,250,2,8
77,250,250,3,162
77,250,250,4,1
77,250,250,5,150
77,250,250,6,0
77,250,250,7,0
77,250,250,8,0
77,250,250,9,0
77,250,250,10,0
77,250,250,11,1
77,250,250,12,0
77,250,250,13,4
77,250,250,14,0
77,250,250,0,0
77,251,251,1,259
77,251,251,2,50
77,251,251,3,277
77,251,251,4,3
77,251,251,5,201
77,251,251,6,1
77,251,251,7,0
77,251,251,8,1
77,251,251,9,0
77,251,251,10,0
77,251,251,11,0
77,251,251,12,0
77,251,251,13,1
77,251,251,14,1
77,251,251,0,4
77,252,252,1,308
77,252,252,2,16
77,252,252,3,319
77,252,252,4,1
77,252,252,5,195
77,252,252,6,1
77,252,252,7,0
77,252,252,8,0
77,252,252,9,1
77,252,252,10,1
77,252,252,11,2
77,252,252,12,0
77,252,252,13,2
77,252,252,14,1
77,252,252,0,1
77,252,252,1,0
77,252,252,2,0
77,252,252,3,0
77,252,252,4,0
77,252,252,5,0
77,252,252,6,0
77,252,252,7,0
77,252,252,8,0
77,252,252,9,0
77,252,252,10,0
77,252,252,11,0
77,252,252,12,0
77,252,252,13,0
77,252,252,14,0
77,252,252,0,0
77,253,253,1,0
77,253,253,2,0
77,253,253,3,0
77,253,253,4,0
77,253,253,5,0
77,253,253,6,0
77,253,253,7,0
77,253,253,8,0
77,253,253,9,0
77,253,253,10,0
77,253,253,11,0
77,253,253,12,0
77,253,253,13,0
77,253,253,14,0
77,253,253,0,0
77,253,253,1,334
77,253,253,2,17
77,253,253,3,280
77,253,253,4,1
77,253,253,5,207
77,253,253,6,0
77,253,253,7,0
77,253,253,8,1
77,253,253,9,0
77,253,253,10,0
77,253,253,11,0
77,253,253,12,2
77,253,253,13,0
77,253,253,14,0
77,253,253,0,6
77,254,254,1,0
77,254,254,2,0
77,254,254,3,0
77,254,254,4,0
77,254,254,5,0
77,254,254,6,0
77,254,254,7,0
77,254,254,8,0
77,254,254,9,0
77,254,254,10,0
77,254,254,11,0
77,254,254,12,0
77,254,254,13,0
77,254,254,14,0
77,254,254,0,0
77,254,254,1,330
77,254,254,2,11
77,254,254,3,392
77,254,254,4,2
77,254,254,5,147
77,254,254,6,0
77,254,254,7,0
77,254,254,8,0
77,254,254,9,0
77,254,254,10,0
77,254,254,11,0
77,254,254,12,0
77,254,254,13,3
77,254,254,14,0
77,254,254,0,5
77,255,255,1,343
77,255,255,2,9
77,255,255,3,213
77,255,255,4,0
77,255,255,5,103
77,255,255,6,1
77,255,255,7,0
77,255,255,8,0
77,255,255,9,0
77,255,255,10,0
77,255,255,11,0
77,255,255,12,0
77,255,255,13,2
77,255,255,14,1
77,255,255,0,0
77,256,256,1,347
77,256,256,2,7
77,256,256,3,259
77,256,256,4,2
77,256,256,5,84
77,256,256,6,0
77,256,256,7,0
77,256,256,8,0
77,256,256,9,0
77,256,256,10,0
77,256,256,11,0
77,256,256,12,0
77,256,256,13,2
77,256,256,14,3
77,256,256,0,2
77,257,257,1,355
77,257,257,2,12
77,257,257,3,198
77,257,257,4,3
77,257,257,5,107
77,257,257,6,0
77,257,257,7,0
77,257,257,8,0
77,257,257,9,0
77,257,257,10,0
77,257,257,11,0
77,257,257,12,0
77,257,257,13,1
77,257,257,14,2
77,257,257,0,1
77,258,258,1,269
77,258,258,2,12
77,258,258,3,308
77,258,258,4,1
77,258,258,5,251
77,258,258,6,0
77,258,258,7,0
77,258,258,8,0
77,258,258,9,0
77,258,258,10,0
77,258,258,11,2
77,258,258,12,0
77,258,258,13,3
77,258,258,14,0
77,258,258,0,10
77,259,259,1,457
77,259,259,2,11
77,259,259,3,317
77,259,259,4,1
77,259,259,5,143
77,259,259,6,0
77,259,259,7,0
77,259,259,8,0
77,259,259,9,0
77,259,259,10,0
77,259,259,11,0
77,259,259,12,0
77,259,259,13,1
77,259,259,14,0
77,259,259,0,0
77,260,260,1,334
77,260,260,2,8
77,260,260,3,224
77,260,260,4,0
77,260,260,5,88
77,260,260,6,0
77,260,260,7,1
77,260,260,8,0
77,260,260,9,0
77,260,260,10,0
77,260,260,11,0
77,260,260,12,0
77,260,260,13,0
77,260,260,14,1
77,260,260,0,1
77,261,261,1,426
77,261,261,2,20
77,261,261,3,284
77,261,261,4,0
77,261,261,5,160
77,261,261,6,0
77,261,261,7,0
77,261,261,8,0
77,261,261,9,0
77,261,261,10,0
77,261,261,11,0
77,261,261,12,0
77,261,261,13,1
77,261,261,14,0
77,261,261,0,0
77,262,262,1,321
77,262,262,2,7
77,262,262,3,392
77,262,262,4,2
77,262,262,5,177
77,262,262,6,0
77,262,262,7,2
77,262,262,8,1
77,262,262,9,1
77,262,262,10,0
77,262,262,11,1
77,262,262,12,1
77,262,262,13,1
77,262,262,14,2
77,262,262,0,3
77,263,263,1,0
77,263,263,2,0
77,263,263,3,0
77,263,263,4,0
77,263,263,5,0
77,263,263,6,0
77,263,263,7,0
77,263,263,8,0
77,263,263,9,0
77,263,263,10,0
77,263,263,11,0
77,263,263,12,0
77,263,263,13,0
77,263,263,14,0
77,263,263,0,0
77,263,263,1,405
77,263,263,2,24
77,263,263,3,283
77,263,263,4,1
77,263,263,5,124
77,263,263,6,0
77,263,263,7,0
77,263,263,8,1
77,263,263,9,0
77,263,263,10,0
77,263,263,11,1
77,263,263,12,1
77,263,263,13,2
77,263,263,14,1
77,263,263,0,3
77,264,264,1,0
77,264,264,2,0
77,264,264,3,0
77,264,264,4,0
77,264,264,5,0
77,264,264,6,0
77,264,264,7,0
77,264,264,8,0
77,264,264,9,0
77,264,264,10,0
77,264,264,11,0
77,264,264,12,0
77,264,264,13,0
77,264,264,14,0
77,264,264,0,0
77,264,264,1,401
77,264,264,2,10
77,264,264,3,282
77,264,264,4,1
77,264,264,5,105
77,264,264,6,0
77,264,264,7,0
77,264,264,8,0
77,264,264,9,0
77,264,264,10,0
77,264,264,11,0
77,264,264,12,0
77,264,264,13,1
77,264,264,14,0
77,264,264,0,7
77,265,265,1,0
77,265,265,2,0
77,265,265,3,0
77,265,265,4,0
77,265,265,5,0
77,265,265,6,0
77,265,265,7,0
77,265,265,8,0
77,265,265,9,0
77,265,265,10,0
77,265,265,11,0
77,265,265,12,0
77,265,265,13,0
77,265,265,14,0
77,265,265,0,0
77,265,265,1,428
77,265,265,2,23
77,265,265,3,307
77,265,265,4,2
77,265,265,5,132
77,265,265,6,0
77,265,265,7,0
77,265,265,8,2
77,265,265,9,0
77,265,265,10,0
77,265,265,11,0
77,265,265,12,0
77,265,265,13,2
77,265,265,14,0
77,265,265,0,0
77,266,266,1,203
77,266,266,2,10
77,266,266,3,341
77,266,266,4,1
77,266,266,5,191
77,266,266,6,0
77,266,266,7,0
77,266,266,8,1
77,266,266,9,0
77,266,266,10,0
77,266,266,11,1
77,266,266,12,1
77,266,266,13,2
77,266,266,14,1
77,266,266,0,1
77,267,267,1,264
77,267,267,2,9
77,267,267,3,185
77,267,267,4,0
77,267,267,5,86
77,267,267,6,1
77,267,267,7,0
77,267,267,8,0
77,267,267,9,1
77,267,267,10,0
77,267,267,11,0
77,267,267,12,1
77,267,267,13,0
77,267,267,14,0
77,267,267,0,1
77,268,268,1,256
77,268,268,2,16
77,268,268,3,378
77,268,268,4,1
77,268,268,5,226
77,268,268,6,1
77,268,268,7,0
77,268,268,8,1
77,268,268,9,0
77,268,268,10,0
77,268,268,11,1
77,268,268,12,1
77,268,268,13,2
77,268,268,14,0
77,268,268,0,4
77,269,269,1,248
77,269,269,2,6
77,269,269,3,152
77,269,269,4,0
77,269,269,5,73
77,269,269,6,0
77,269,269,7,0
77,269,269,8,0
77,269,269,9,0
77,269,269,10,0
77,269,269,11,0
77,269,269,12,0
77,269,269,13,1
77,269,269,14,0
77,269,269,0,0
77,270,270,1,286
77,270,270,2,9
77,270,270,3,322
77,270,270,4,4
77,270,270,5,135
77,270,270,6,0
77,270,270,7,0
77,270,270,8,0
77,270,270,9,0
77,270,270,10,0
77,270,270,11,0
77,270,270,12,0
77,270,270,13,0
77,270,270,14,0
77,270,270,0,1
77,271,271,1,202
77,271,271,2,6
77,271,271,3,154
77,271,271,4,3
77,271,271,5,155
77,271,271,6,0
77,271,271,7,0
77,271,271,8,0
77,271,271,9,0
77,271,271,10,1
77,271,271,11,0
77,271,271,12,1
77,271,271,13,2
77,271,271,14,1
77,271,271,0,0
77,272,272,1,322
77,272,272,2,14
77,272,272,3,222
77,272,272,4,2
77,272,272,5,170
77,272,272,6,0
77,272,272,7,0
77,272,272,8,1
77,272,272,9,0
77,272,272,10,1
77,272,272,11,0
77,272,272,12,0
77,272,272,13,2
77,272,272,14,2
77,272,272,0,5
77,273,273,1,370
77,273,273,2,15
77,273,273,3,201
77,273,273,4,0
77,273,273,5,140
77,273,273,6,0
77,273,273,7,0
77,273,273,8,2
77,273,273,9,0
77,273,273,10,0
77,273,273,11,1
77,273,273,12,1
77,273,273,13,3
77,273,273,14,1
77,273,273,0,3
77,274,274,1,0
77,274,274,2,0
77,274,274,3,0
77,274,274,4,0
77,274,274,5,0
77,274,274,6,0
77,274,274,7,0
77,274,274,8,0
77,274,274,9,0
77,274,274,10,0
77,274,274,11,0
77,274,274,12,0
77,274,274,13,0
77,274,274,14,0
77,274,274,0,0
77,274,274,1,245
77,274,274,2,9
77,274,274,3,178
77,274,274,4,1
77,274,274,5,109
77,274,274,6,0
77,274,274,7,0
77,274,274,8,2
77,274,274,9,0
77,274,274,10,0
77,274,274,11,1
77,274,274,12,0
77,274,274,13,1
77,274,274,14,0
77,274,274,0,2
77,275,275,1,327
77,275,275,2,7
77,275,275,3,116
77,275,275,4,0
77,275,275,5,94
77,275,275,6,1
77,275,275,7,0
77,275,275,8,1
77,275,275,9,0
77,275,275,10,0
77,275,275,11,1
77,275,275,12,0
77,275,275,13,0
77,275,275,14,2
77,275,275,0,0
77,275,275,1,0
77,275,275,2,0
77,275,275,3,0
77,275,275,4,0
77,275,275,5,0
77,275,275,6,0
77,275,275,7,0
77,275,275,8,0
77,275,275,9,0
77,275,275,10,0
77,275,275,11,0
77,275,275,12,0
77,275,275,13,0
77,275,275,14,0
77,275,275,0,0
77,276,276,1,0
77,276,276,2,0
77,276,276,3,0
77,276,276,4,0
77,276,276,5,0
77,276,276,6,0
77,276,276,7,0
77,276,276,8,0
77,276,276,9,0
77,276,276,10,0
77,276,276,11,0
77,276,276,12,0
77,276,276,13,0
77,276,276,14,0
77,276,276,0,0
77,276,276,1,400
77,276,276,2,9
77,276,276,3,190
77,276,276,4,0
77,276,276,5,91
77,276,276,6,0
77,276,276,7,0
77,276,276,8,0
77,276,276,9,0
77,276,276,10,0
77,276,276,11,0
77,276,276,12,0
77,276,276,13,3
77,276,276,14,0
77,276,276,0,2
77,277,277,1,140
77,277,277,2,15
77,277,277,3,313
77,277,277,4,0
77,277,277,5,161
77,277,277,6,1
77,277,277,7,1
77,277,277,8,0
77,277,277,9,0
77,277,277,10,0
77,277,277,11,0
77,277,277,12,0
77,277,277,13,0
77,277,277,14,0
77,277,277,0,3
77,278,278,1,303
77,278,278,2,7
77,278,278,3,318
77,278,278,4,1
77,278,278,5,117
77,278,278,6,0
77,278,278,7,1
77,278,278,8,0
77,278,278,9,0
77,278,278,10,1
77,278,278,11,0
77,278,278,12,1
77,278,278,13,2
77,278,278,14,2
77,278,278,0,4
77,279,279,1,372
77,279,279,2,9
77,279,279,3,328
77,279,279,4,1
77,279,279,5,289
77,279,279,6,0
77,279,279,7,1
77,279,279,8,1
77,279,279,9,1
77,279,279,10,2
77,279,279,11,0
77,279,279,12,1
77,279,279,13,1
77,279,279,14,2
77,279,279,0,3
77,280,280,1,281
77,280,280,2,18
77,280,280,3,355
77,280,280,4,0
77,280,280,5,255
77,280,280,6,0
77,280,280,7,0
77,280,280,8,1
77,280,280,9,0
77,280,280,10,0
77,280,280,11,0
77,280,280,12,1
77,280,280,13,4
77,280,280,14,0
77,280,280,0,8
77,281,281,1,314
77,281,281,2,18
77,281,281,3,208
77,281,281,4,3
77,281,281,5,271
77,281,281,6,0
77,281,281,7,0
77,281,281,8,1
77,281,281,9,0
77,281,281,10,0
77,281,281,11,0
77,281,281,12,0
77,281,281,13,0
77,281,281,14,0
77,281,281,0,1
77,282,282,1,251
77,282,282,2,2
77,282,282,3,113
77,282,282,4,0
77,282,282,5,55
77,282,282,6,0
77,282,282,7,0
77,282,282,8,0
77,282,282,9,0
77,282,282,10,0
77,282,282,11,0
77,282,282,12,0
77,282,282,13,0
77,282,282,14,0
77,282,282,0,0
77,283,283,1,386
77,283,283,2,4
77,283,283,3,496
77,283,283,4,2
77,283,283,5,234
77,283,283,6,0
77,283,283,7,0
77,283,283,8,0
77,283,283,9,0
77,283,283,10,0
77,283,283,11,0
77,283,283,12,0
77,283,283,13,2
77,283,283,14,1
77,283,283,0,6
77,284,284,1,351
77,284,284,2,17
77,284,284,3,371
77,284,284,4,2
77,284,284,5,139
77,284,284,6,0
77,284,284,7,0
77,284,284,8,0
77,284,284,9,0
77,284,284,10,1
77,284,284,11,0
77,284,284,12,1
77,284,284,13,2
77,284,284,14,0
77,284,284,0,3
77,285,285,1,514
77,285,285,2,9
77,285,285,3,350
77,285,285,4,1
77,285,285,5,104
77,285,285,6,0
77,285,285,7,0
77,285,285,8,0
77,285,285,9,0
77,285,285,10,0
77,285,285,11,0
77,285,285,12,0
77,285,285,13,2
77,285,285,14,0
77,285,285,0,1
77,285,285,1,0
77,285,285,2,0
77,285,285,3,0
77,285,285,4,0
77,285,285,5,0
77,285,285,6,0
77,285,285,7,0
77,285,285,8,0
77,285,285,9,0
77,285,285,10,0
77,285,285,11,0
77,285,285,12,0
77,285,285,13,0
77,285,285,14,0
77,285,285,0,0
77,286,286,1,381
77,286,286,2,19
77,286,286,3,391
77,286,286,4,2
77,286,286,5,207
77,286,286,6,2
77,286,286,7,0
77,286,286,8,1
77,286,286,9,0
77,286,286,10,1
77,286,286,11,1
77,286,286,12,2
77,286,286,13,2
77,286,286,14,3
77,286,286,0,6
77,286,286,1,0
77,286,286,2,0
77,286,286,3,0
77,286,286,4,0
77,286,286,5,0
77,286,286,6,0
77,286,286,7,0
77,286,286,8,0
77,286,286,9,0
77,286,286,10,0
77,286,286,11,0
77,286,286,12,0
77,286,286,13,0
77,286,286,14,0
77,286,286,0,0
77,287,287,1,254
77,287,287,2,2
77,287,287,3,220
77,287,287,4,0
77,287,287,5,97
77,287,287,6,0
77,287,287,7,0
77,287,287,8,0
77,287,287,9,0
77,287,287,10,0
77,287,287,11,0
77,287,287,12,0
77,287,287,13,0
77,287,287,14,2
77,287,287,0,3
77,287,287,1,0
77,287,287,2,0
77,287,287,3,0
77,287,287,4,0
77,287,287,5,0
77,287,287,6,0
77,287,287,7,0
77,287,287,8,0
77,287,287,9,0
77,287,287,10,0
77,287,287,11,0
77,287,287,12,0
77,287,287,13,0
77,287,287,14,0
77,287,287,0,0
77,288,288,1,210
77,288,288,2,6
77,288,288,3,235
77,288,288,4,0
77,288,288,5,146
77,288,288,6,0
77,288,288,7,1
77,288,288,8,0
77,288,288,9,0
77,288,288,10,0
77,288,288,11,1
77,288,288,12,2
77,288,288,13,0
77,288,288,14,1
77,288,288,0,2
77,289,289,1,131
77,289,289,2,10
77,289,289,3,300
77,289,289,4,0
77,289,289,5,208
77,289,289,6,0
77,289,289,7,0
77,289,289,8,0
77,289,289,9,0
77,289,289,10,1
77,289,289,11,0
77,289,289,12,0
77,289,289,13,2
77,289,289,14,0
77,289,289,0,1
77,290,290,1,398
77,290,290,2,11
77,290,290,3,447
77,290,290,4,5
77,290,290,5,178
77,290,290,6,0
77,290,290,7,1
77,290,290,8,0
77,290,290,9,0
77,290,290,10,0
77,290,290,11,0
77,290,290,12,1
77,290,290,13,1
77,290,290,14,0
77,290,290,0,7
77,291,291,1,283
77,291,291,2,26
77,291,291,3,491
77,291,291,4,1
77,291,291,5,248
77,291,291,6,0
77,291,291,7,0
77,291,291,8,0
77,291,291,9,0
77,291,291,10,0
77,291,291,11,1
77,291,291,12,0
77,291,291,13,1
77,291,291,14,0
77,291,291,0,4
77,292,292,1,268
77,292,292,2,14
77,292,292,3,190
77,292,292,4,1
77,292,292,5,140
77,292,292,6,0
77,292,292,7,0
77,292,292,8,3
77,292,292,9,0
77,292,292,10,0
77,292,292,11,0
77,292,292,12,0
77,292,292,13,0
77,292,292,14,0
77,292,292,0,1
77,293,293,1,141
77,293,293,2,21
77,293,293,3,213
77,293,293,4,1
77,293,293,5,168
77,293,293,6,0
77,293,293,7,0
77,293,293,8,2
77,293,293,9,0
77,293,293,10,1
77,293,293,11,1
77,293,293,12,0
77,293,293,13,2
77,293,293,14,1
77,293,293,0,1
77,294,294,1,123
77,294,294,2,33
77,294,294,3,263
77,294,294,4,0
77,294,294,5,269
77,294,294,6,5
77,294,294,7,0
77,294,294,8,1
77,294,294,9,1
77,294,294,10,1
77,294,294,11,0
77,294,294,12,1
77,294,294,13,0
77,294,294,14,0
77,294,294,0,0
77,295,295,1,307
77,295,295,2,14
77,295,295,3,329
77,295,295,4,0
77,295,295,5,162
77,295,295,6,0
77,295,295,7,1
77,295,295,8,2
77,295,295,9,0
77,295,295,10,1
77,295,295,11,0
77,295,295,12,0
77,295,295,13,1
77,295,295,14,0
77,295,295,0,0
77,296,296,1,187
77,296,296,2,11
77,296,296,3,351
77,296,296,4,3
77,296,296,5,188
77,296,296,6,0
77,296,296,7,0
77,296,296,8,0
77,296,296,9,0
77,296,296,10,0
77,296,296,11,0
77,296,296,12,0
77,296,296,13,2
77,296,296,14,1
77,296,296,0,3
77,296,296,1,0
77,296,296,2,0
77,296,296,3,0
77,296,296,4,0
77,296,296,5,0
77,296,296,6,0
77,296,296,7,0
77,296,296,8,0
77,296,296,9,0
77,296,296,10,0
77,296,296,11,0
77,296,296,12,0
77,296,296,13,0
77,296,296,14,0
77,296,296,0,0
77,297,297,1,157
77,297,297,2,11
77,297,297,3,145
77,297,297,4,1
77,297,297,5,95
77,297,297,6,0
77,297,297,7,0
77,297,297,8,0
77,297,297,9,0
77,297,297,10,0
77,297,297,11,0
77,297,297,12,1
77,297,297,13,0
77,297,297,14,0
77,297,297,0,2
77,297,297,1,0
77,297,297,2,0
77,297,297,3,0
77,297,297,4,0
77,297,297,5,0
77,297,297,6,0
77,297,297,7,0
77,297,297,8,0
77,297,297,9,0
77,297,297,10,0
77,297,297,11,0
77,297,297,12,0
77,297,297,13,0
77,297,297,14,0
77,297,297,0,0
77,298,298,1,293
77,298,298,2,23
77,298,298,3,209
77,298,298,4,3
77,298,298,5,113
77,298,298,6,0
77,298,298,7,0
77,298,298,8,1
77,298,298,9,1
77,298,298,10,0
77,298,298,11,0
77,298,298,12,1
77,298,298,13,5
77,298,298,14,0
77,298,298,0,6
77,298,298,1,0
77,298,298,2,0
77,298,298,3,0
77,298,298,4,0
77,298,298,5,0
77,298,298,6,0
77,298,298,7,0
77,298,298,8,0
77,298,298,9,0
77,298,298,10,0
77,298,298,11,0
77,298,298,12,0
77,298,298,13,0
77,298,298,14,0
77,298,298,0,0
77,299,299,1,175
77,299,299,2,10
77,299,299,3,225
77,299,299,4,2
77,299,299,5,130
77,299,299,6,1
77,299,299,7,0
77,299,299,8,1
77,299,299,9,0
77,299,299,10,0
77,299,299,11,1
77,299,299,12,1
77,299,299,13,2
77,299,299,14,2
77,299,299,0,0
77,300,300,1,310
77,300,300,2,13
77,300,300,3,206
77,300,300,4,0
77,300,300,5,104
77,300,300,6,0
77,300,300,7,1
77,300,300,8,1
77,300,300,9,0
77,300,300,10,0
77,300,300,11,1
77,300,300,12,1
77,300,300,13,0
77,300,300,14,0
77,300,300,0,1
77,301,301,1,196
77,301,301,2,6
77,301,301,3,212
77,301,301,4,0
77,301,301,5,86
77,301,301,6,0
77,301,301,7,0
77,301,301,8,0
77,301,301,9,0
77,301,301,10,0
77,301,301,11,0
77,301,301,12,0
77,301,301,13,0
77,301,301,14,0
77,301,301,0,2
77,302,302,1,489
77,302,302,2,20
77,302,302,3,412
77,302,302,4,3
77,302,302,5,143
77,302,302,6,1
77,302,302,7,0
77,302,302,8,1
77,302,302,9,0
77,302,302,10,0
77,302,302,11,0
77,302,302,12,1
77,302,302,13,2
77,302,302,14,1
77,302,302,0,2
77,303,303,1,261
77,303,303,2,25
77,303,303,3,307
77,303,303,4,0
77,303,303,5,182
77,303,303,6,0
77,303,303,7,0
77,303,303,8,0
77,303,303,9,1
77,303,303,10,0
77,303,303,11,0
77,303,303,12,3
77,303,303,13,0
77,303,303,14,1
77,303,303,0,0
77,304,304,1,263
77,304,304,2,16
77,304,304,3,288
77,304,304,4,2
77,304,304,5,150
77,304,304,6,1
77,304,304,7,0
77,304,304,8,1
77,304,304,9,0
77,304,304,10,0
77,304,304,11,0
77,304,304,12,0
77,304,304,13,3
77,304,304,14,1
77,304,304,0,1
77,305,305,1,517
77,305,305,2,17
77,305,305,3,350
77,305,305,4,1
77,305,305,5,172
77,305,305,6,0
77,305,305,7,1
77,305,305,8,1
77,305,305,9,0
77,305,305,10,0
77,305,305,11,0
77,305,305,12,0
77,305,305,13,0
77,305,305,14,0
77,305,305,0,1
77,306,306,1,153
77,306,306,2,18
77,306,306,3,279
77,306,306,4,1
77,306,306,5,243
77,306,306,6,0
77,306,306,7,0
77,306,306,8,0
77,306,306,9,0
77,306,306,10,0
77,306,306,11,0
77,306,306,12,0
77,306,306,13,1
77,306,306,14,1
77,306,306,0,3
77,307,307,1,127
77,307,307,2,20
77,307,307,3,319
77,307,307,4,3
77,307,307,5,286
77,307,307,6,1
77,307,307,7,0
77,307,307,8,0
77,307,307,9,0
77,307,307,10,1
77,307,307,11,1
77,307,307,12,0
77,307,307,13,1
77,307,307,14,1
77,307,307,0,5
77,307,307,1,0
77,307,307,2,0
77,307,307,3,0
77,307,307,4,0
77,307,307,5,0
77,307,307,6,0
77,307,307,7,0
77,307,307,8,0
77,307,307,9,0
77,307,307,10,0
77,307,307,11,0
77,307,307,12,0
77,307,307,13,0
77,307,307,14,0
77,307,307,0,0
77,308,308,1,0
77,308,308,2,0
77,308,308,3,0
77,308,308,4,0
77,308,308,5,0
77,308,308,6,0
77,308,308,7,0
77,308,308,8,0
77,308,308,9,0
77,308,308,10,0
77,308,308,11,0
77,308,308,12,0
77,308,308,13,0
77,308,308,14,0
77,308,308,0,0
77,308,308,1,274
77,308,308,2,27
77,308,308,3,257
77,308,308,4,2
77,308,308,5,154
77,308,308,6,0
77,308,308,7,1
77,308,308,8,0
77,308,308,9,0
77,308,308,10,0
77,308,308,11,0
77,308,308,12,0
77,308,308,13,2
77,308,308,14,0
77,308,308,0,2
77,309,309,1,0
77,309,309,2,0
77,309,309,3,0
77,309,309,4,0
77,309,309,5,0
77,309,309,6,0
77,309,309,7,0
77,309,309,8,0
77,309,309,9,0
77,309,309,10,0
77,309,309,11,0
77,309,309,12,0
77,309,309,13,0
77,309,309,14,0
77,309,309,0,0
77,309,309,1,196
77,309,309,2,27
77,309,309,3,285
77,309,309,4,1
77,309,309,5,242
77,309,309,6,1
77,309,309,7,0
77,309,309,8,1
77,309,309,9,0
77,309,309,10,0
77,309,309,11,0
77,309,309,12,0
77,309,309,13,1
77,309,309,14,1
77,309,309,0,0
77,310,310,1,120
77,310,310,2,8
77,310,310,3,132
77,310,310,4,1
77,310,310,5,109
77,310,310,6,1
77,310,310,7,0
77,310,310,8,1
77,310,310,9,0
77,310,310,10,0
77,310,310,11,0
77,310,310,12,0
77,310,310,13,2
77,310,310,14,2
77,310,310,0,1
77,311,311,1,343
77,311,311,2,10
77,311,311,3,304
77,311,311,4,3
77,311,311,5,98
77,311,311,6,0
77,311,311,7,0
77,311,311,8,1
77,311,311,9,0
77,311,311,10,0
77,311,311,11,0
77,311,311,12,0
77,311,311,13,2
77,311,311,14,0
77,311,311,0,3
77,312,312,1,340
77,312,312,2,14
77,312,312,3,365
77,312,312,4,3
77,312,312,5,127
77,312,312,6,0
77,312,312,7,0
77,312,312,8,1
77,312,312,9,0
77,312,312,10,0
77,312,312,11,0
77,312,312,12,1
77,312,312,13,3
77,312,312,14,0
77,312,312,0,1
77,313,313,1,326
77,313,313,2,15
77,313,313,3,204
77,313,313,4,3
77,313,313,5,123
77,313,313,6,1
77,313,313,7,0
77,313,313,8,0
77,313,313,9,1
77,313,313,10,0
77,313,313,11,0
77,313,313,12,1
77,313,313,13,3
77,313,313,14,0
77,313,313,0,1
77,314,314,1,197
77,314,314,2,9
77,314,314,3,117
77,314,314,4,0
77,314,314,5,85
77,314,314,6,0
77,314,314,7,0
77,314,314,8,0
77,314,314,9,0
77,314,314,10,0
77,314,314,11,0
77,314,314,12,0
77,314,314,13,2
77,314,314,14,0
77,314,314,0,1
77,315,315,1,163
77,315,315,2,22
77,315,315,3,386
77,315,315,4,0
77,315,315,5,207
77,315,315,6,1
77,315,315,7,0
77,315,315,8,1
77,315,315,9,0
77,315,315,10,0
77,315,315,11,0
77,315,315,12,0
77,315,315,13,0
77,315,315,14,1
77,315,315,0,0
77,316,316,1,286
77,316,316,2,15
77,316,316,3,371
77,316,316,4,0
77,316,316,5,140
77,316,316,6,0
77,316,316,7,0
77,316,316,8,1
77,316,316,9,0
77,316,316,10,4
77,316,316,11,1
77,316,316,12,1
77,316,316,13,1
77,316,316,14,0
77,316,316,0,4
77,317,317,1,197
77,317,317,2,31
77,317,317,3,306
77,317,317,4,1
77,317,317,5,132
77,317,317,6,1
77,317,317,7,1
77,317,317,8,2
77,317,317,9,0
77,317,317,10,0
77,317,317,11,2
77,317,317,12,0
77,317,317,13,0
77,317,317,14,2
77,317,317,0,3
77,318,318,1,0
77,318,318,2,0
77,318,318,3,0
77,318,318,4,0
77,318,318,5,0
77,318,318,6,0
77,318,318,7,0
77,318,318,8,0
77,318,318,9,0
77,318,318,10,0
77,318,318,11,0
77,318,318,12,0
77,318,318,13,0
77,318,318,14,0
77,318,318,0,0
77,318,318,1,134
77,318,318,2,27
77,318,318,3,180
77,318,318,4,1
77,318,318,5,121
77,318,318,6,1
77,318,318,7,1
77,318,318,8,1
77,318,318,9,0
77,318,318,10,0
77,318,318,11,0
77,318,318,12,0
77,318,318,13,1
77,318,318,14,0
77,318,318,0,4
77,319,319,1,0
77,319,319,2,0
77,319,319,3,0
77,319,319,4,0
77,319,319,5,0
77,319,319,6,0
77,319,319,7,0
77,319,319,8,0
77,319,319,9,0
77,319,319,10,0
77,319,319,11,0
77,319,319,12,0
77,319,319,13,0
77,319,319,14,0
77,319,319,0,0
77,319,319,1,346
77,319,319,2,17
77,319,319,3,300
77,319,319,4,1
77,319,319,5,124
77,319,319,6,1
77,319,319,7,1
77,319,319,8,2
77,319,319,9,0
77,319,319,10,0
77,319,319,11,0
77,319,319,12,0
77,319,319,13,4
77,319,319,14,0
77,319,319,0,6
77,320,320,1,284
77,320,320,2,13
77,320,320,3,336
77,320,320,4,2
77,320,320,5,118
77,320,320,6,0
77,320,320,7,0
77,320,320,8,0
77,320,320,9,0
77,320,320,10,0
77,320,320,11,0
77,320,320,12,0
77,320,320,13,1
77,320,320,14,0
77,320,320,0,1
77,320,320,1,0
77,320,320,2,0
77,320,320,3,0
77,320,320,4,0
77,320,320,5,0
77,320,320,6,0
77,320,320,7,0
77,320,320,8,0
77,320,320,9,0
77,320,320,10,0
77,320,320,11,0
77,320,320,12,0
77,320,320,13,0
77,320,320,14,0
77,320,320,0,0
77,321,321,1,339
77,321,321,2,10
77,321,321,3,286
77,321,321,4,1
77,321,321,5,96
77,321,321,6,0
77,321,321,7,0
77,321,321,8,0
77,321,321,9,0
77,321,321,10,0
77,321,321,11,0
77,321,321,12,1
77,321,321,13,1
77,321,321,14,0
77,321,321,0,3
77,322,322,1,305
77,322,322,2,15
77,322,322,3,352
77,322,322,4,0
77,322,322,5,159
77,322,322,6,0
77,322,322,7,1
77,322,322,8,1
77,322,322,9,0
77,322,322,10,0
77,322,322,11,1
77,322,322,12,0
77,322,322,13,6
77,322,322,14,0
77,322,322,0,1
77,323,323,1,361
77,323,323,2,21
77,323,323,3,356
77,323,323,4,1
77,323,323,5,152
77,323,323,6,0
77,323,323,7,0
77,323,323,8,1
77,323,323,9,1
77,323,323,10,1
77,323,323,11,1
77,323,323,12,0
77,323,323,13,6
77,323,323,14,3
77,323,323,0,7
77,324,324,1,438
77,324,324,2,26
77,324,324,3,369
77,324,324,4,2
77,324,324,5,170
77,324,324,6,0
77,324,324,7,0
77,324,324,8,3
77,324,324,9,0
77,324,324,10,0
77,324,324,11,0
77,324,324,12,0
77,324,324,13,5
77,324,324,14,3
77,324,324,0,9
77,325,325,1,248
77,325,325,2,7
77,325,325,3,235
77,325,325,4,1
77,325,325,5,104
77,325,325,6,0
77,325,325,7,0
77,325,325,8,0
77,325,325,9,0
77,325,325,10,0
77,325,325,11,0
77,325,325,12,0
77,325,325,13,0
77,325,325,14,0
77,325,325,0,0
77,326,326,1,174
77,326,326,2,7
77,326,326,3,207
77,326,326,4,3
77,326,326,5,146
77,326,326,6,1
77,326,326,7,1
77,326,326,8,0
77,326,326,9,0
77,326,326,10,0
77,326,326,11,0
77,326,326,12,0
77,326,326,13,1
77,326,326,14,0
77,326,326,0,1
77,327,327,1,253
77,327,327,2,15
77,327,327,3,260
77,327,327,4,2
77,327,327,5,199
77,327,327,6,0
77,327,327,7,0
77,327,327,8,0
77,327,327,9,0
77,327,327,10,1
77,327,327,11,0
77,327,327,12,0
77,327,327,13,1
77,327,327,14,1
77,327,327,0,2
77,328,328,1,256
77,328,328,2,8
77,328,328,3,332
77,328,328,4,3
77,328,328,5,197
77,328,328,6,0
77,328,328,7,0
77,328,328,8,0
77,328,328,9,0
77,328,328,10,1
77,328,328,11,0
77,328,328,12,0
77,328,328,13,0
77,328,328,14,2
77,328,328,0,3
77,329,329,1,344
77,329,329,2,30
77,329,329,3,371
77,329,329,4,3
77,329,329,5,171
77,329,329,6,0
77,329,329,7,1
77,329,329,8,1
77,329,329,9,1
77,329,329,10,0
77,329,329,11,1
77,329,329,12,0
77,329,329,13,0
77,329,329,14,2
77,329,329,0,6
77,330,330,1,300
77,330,330,2,24
77,330,330,3,401
77,330,330,4,1
77,330,330,5,244
77,330,330,6,0
77,330,330,7,0
77,330,330,8,2
77,330,330,9,0
77,330,330,10,0
77,330,330,11,0
77,330,330,12,0
77,330,330,13,2
77,330,330,14,0
77,330,330,0,6
77,330,330,1,0
77,330,330,2,0
77,330,330,3,0
77,330,330,4,0
77,330,330,5,0
77,330,330,6,0
77,330,330,7,0
77,330,330,8,0
77,330,330,9,0
77,330,330,10,0
77,330,330,11,0
77,330,330,12,0
77,330,330,13,0
77,330,330,14,0
77,330,330,0,0
77,331,331,1,0
77,331,331,2,0
77,331,331,3,0
77,331,331,4,0
77,331,331,5,0
77,331,331,6,0
77,331,331,7,0
77,331,331,8,0
77,331,331,9,0
77,331,331,10,0
77,331,331,11,0
77,331,331,12,0
77,331,331,13,0
77,331,331,14,0
77,331,331,0,0
77,331,331,1,146
77,331,331,2,13
77,331,331,3,184
77,331,331,4,0
77,331,331,5,159
77,331,331,6,0
77,331,331,7,0
77,331,331,8,0
77,331,331,9,0
77,331,331,10,0
77,331,331,11,0
77,331,331,12,0
77,331,331,13,0
77,331,331,14,0
77,331,331,0,0
77,332,332,1,0
77,332,332,2,0
77,332,332,3,0
77,332,332,4,0
77,332,332,5,0
77,332,332,6,0
77,332,332,7,0
77,332,332,8,0
77,332,332,9,0
77,332,332,10,0
77,332,332,11,0
77,332,332,12,0
77,332,332,13,0
77,332,332,14,0
77,332,332,0,0
77,332,332,1,221
77,332,332,2,18
77,332,332,3,369
77,332,332,4,2
77,332,332,5,260
77,332,332,6,0
77,332,332,7,0
77,332,332,8,1
77,332,332,9,0
77,332,332,10,0
77,332,332,11,1
77,332,332,12,1
77,332,332,13,3
77,332,332,14,0
77,332,332,0,1
77,333,333,1,410
77,333,333,2,7
77,333,333,3,402
77,333,333,4,0
77,333,333,5,186
77,333,333,6,0
77,333,333,7,1
77,333,333,8,1
77,333,333,9,0
77,333,333,10,0
77,333,333,11,0
77,333,333,12,1
77,333,333,13,1
77,333,333,14,2
77,333,333,0,6
77,334,334,1,195
77,334,334,2,5
77,334,334,3,378
77,334,334,4,0
77,334,334,5,204
77,334,334,6,0
77,334,334,7,0
77,334,334,8,0
77,334,334,9,0
77,334,334,10,1
77,334,334,11,0
77,334,334,12,0
77,334,334,13,2
77,334,334,14,0
77,334,334,0,2
77,335,335,1,245
77,335,335,2,19
77,335,335,3,358
77,335,335,4,1
77,335,335,5,109
77,335,335,6,0
77,335,335,7,0
77,335,335,8,0
77,335,335,9,1
77,335,335,10,1
77,335,335,11,0
77,335,335,12,0
77,335,335,13,3
77,335,335,14,1
77,335,335,0,3
77,336,336,1,234
77,336,336,2,6
77,336,336,3,182
77,336,336,4,1
77,336,336,5,108
77,336,336,6,0
77,336,336,7,0
77,336,336,8,1
77,336,336,9,1
77,336,336,10,0
77,336,336,11,0
77,336,336,12,1
77,336,336,13,0
77,336,336,14,0
77,336,336,0,0
77,337,337,1,218
77,337,337,2,22
77,337,337,3,289
77,337,337,4,1
77,337,337,5,254
77,337,337,6,2
77,337,337,7,0
77,337,337,8,1
77,337,337,9,1
77,337,337,10,0
77,337,337,11,0
77,337,337,12,1
77,337,337,13,4
77,337,337,14,0
77,337,337,0,1
77,338,338,1,250
77,338,338,2,7
77,338,338,3,249
77,338,338,4,1
77,338,338,5,91
77,338,338,6,0
77,338,338,7,0
77,338,338,8,0
77,338,338,9,0
77,338,338,10,0
77,338,338,11,0
77,338,338,12,0
77,338,338,13,2
77,338,338,14,0
77,338,338,0,1
77,339,339,1,169
77,339,339,2,16
77,339,339,3,265
77,339,339,4,0
77,339,339,5,99
77,339,339,6,1
77,339,339,7,0
77,339,339,8,1
77,339,339,9,0
77,339,339,10,0
77,339,339,11,0
77,339,339,12,0
77,339,339,13,2
77,339,339,14,0
77,339,339,0,3
77,340,340,1,241
77,340,340,2,18
77,340,340,3,264
77,340,340,4,1
77,340,340,5,128
77,340,340,6,0
77,340,340,7,0
77,340,340,8,0
77,340,340,9,0
77,340,340,10,0
77,340,340,11,0
77,340,340,12,1
77,340,340,13,1
77,340,340,14,1
77,340,340,0,4
77,341,341,1,137
77,341,341,2,2
77,341,341,3,181
77,341,341,4,2
77,341,341,5,75
77,341,341,6,0
77,341,341,7,0
77,341,341,8,1
77,341,341,9,0
77,341,341,10,0
77,341,341,11,0
77,341,341,12,0
77,341,341,13,2
77,341,341,14,0
77,341,341,0,0
77,342,342,1,0
77,342,342,2,0
77,342,342,3,0
77,342,342,4,0
77,342,342,5,0
77,342,342,6,0
77,342,342,7,0
77,342,342,8,0
77,342,342,9,0
77,342,342,10,0
77,342,342,11,0
77,342,342,12,0
77,342,342,13,0
77,342,342,14,0
77,342,342,0,0
77,342,342,1,385
77,342,342,2,11
77,342,342,3,305
77,342,342,4,1
77,342,342,5,222
77,342,342,6,0
77,342,342,7,0
77,342,342,8,1
77,342,342,9,1
77,342,342,10,1
77,342,342,11,3
77,342,342,12,0
77,342,342,13,2
77,342,342,14,0
77,342,342,0,4
77,343,343,1,237
77,343,343,2,6
77,343,343,3,220
77,343,343,4,3
77,343,343,5,100
77,343,343,6,0
77,343,343,7,0
77,343,343,8,0
77,343,343,9,0
77,343,343,10,0
77,343,343,11,1
77,343,343,12,0
77,343,343,13,1
77,343,343,14,0
77,343,343,0,2
77,343,343,1,0
77,343,343,2,0
77,343,343,3,0
77,343,343,4,0
77,343,343,5,0
77,343,343,6,0
77,343,343,7,0
77,343,343,8,0
77,343,343,9,0
77,343,343,10,0
77,343,343,11,0
77,343,343,12,0
77,343,343,13,0
77,343,343,14,0
77,343,343,0,0
77,344,344,1,170
77,344,344,2,9
77,344,344,3,247
77,344,344,4,0
77,344,344,5,118
77,344,344,6,0
77,344,344,7,0
77,344,344,8,1
77,344,344,9,0
77,344,344,10,0
77,344,344,11,1
77,344,344,12,1
77,344,344,13,2
77,344,344,14,0
77,344,344,0,1
77,344,344,1,0
77,344,344,2,0
77,344,344,3,0
77,344,344,4,0
77,344,344,5,0
77,344,344,6,0
77,344,344,7,0
77,344,344,8,0
77,344,344,9,0
77,344,344,10,0
77,344,344,11,0
77,344,344,12,0
77,344,344,13,0
77,344,344,14,0
77,344,344,0,0
77,345,345,1,282
77,345,345,2,5
77,345,345,3,236
77,345,345,4,0
77,345,345,5,97
77,345,345,6,0
77,345,345,7,0
77,345,345,8,1
77,345,345,9,0
77,345,345,10,0
77,345,345,11,0
77,345,345,12,0
77,345,345,13,0
77,345,345,14,0
77,345,345,0,3
77,346,346,1,257
77,346,346,2,8
77,346,346,3,215
77,346,346,4,0
77,346,346,5,78
77,346,346,6,0
77,346,346,7,0
77,346,346,8,0
77,346,346,9,1
77,346,346,10,0
77,346,346,11,0
77,346,346,12,1
77,346,346,13,3
77,346,346,14,0
77,346,346,0,3
77,347,347,1,264
77,347,347,2,8
77,347,347,3,493
77,347,347,4,5
77,347,347,5,175
77,347,347,6,1
77,347,347,7,0
77,347,347,8,0
77,347,347,9,1
77,347,347,10,0
77,347,347,11,0
77,347,347,12,1
77,347,347,13,2
77,347,347,14,0
77,347,347,0,1
77,348,348,1,208
77,348,348,2,7
77,348,348,3,330
77,348,348,4,1
77,348,348,5,73
77,348,348,6,0
77,348,348,7,0
77,348,348,8,2
77,348,348,9,0
77,348,348,10,1
77,348,348,11,0
77,348,348,12,0
77,348,348,13,2
77,348,348,14,1
77,348,348,0,2
77,349,349,1,261
77,349,349,2,14
77,349,349,3,529
77,349,349,4,1
77,349,349,5,93
77,349,349,6,0
77,349,349,7,0
77,349,349,8,0
77,349,349,9,0
77,349,349,10,0
77,349,349,11,0
77,349,349,12,0
77,349,349,13,1
77,349,349,14,0
77,349,349,0,3
77,350,350,1,280
77,350,350,2,8
77,350,350,3,517
77,350,350,4,1
77,350,350,5,137
77,350,350,6,0
77,350,350,7,0
77,350,350,8,1
77,350,350,9,0
77,350,350,10,0
77,350,350,11,0
77,350,350,12,3
77,350,350,13,1
77,350,350,14,0
77,350,350,0,4
77,351,351,1,177
77,351,351,2,7
77,351,351,3,415
77,351,351,4,2
77,351,351,5,142
77,351,351,6,0
77,351,351,7,0
77,351,351,8,0
77,351,351,9,0
77,351,351,10,0
77,351,351,11,0
77,351,351,12,0
77,351,351,13,0
77,351,351,14,0
77,351,351,0,4
77,352,352,1,200
77,352,352,2,16
77,352,352,3,244
77,352,352,4,1
77,352,352,5,86
77,352,352,6,0
77,352,352,7,0
77,352,352,8,2
77,352,352,9,0
77,352,352,10,0
77,352,352,11,0
77,352,352,12,1
77,352,352,13,0
77,352,352,14,0
77,352,352,0,0
77,353,353,1,0
77,353,353,2,0
77,353,353,3,0
77,353,353,4,0
77,353,353,5,0
77,353,353,6,0
77,353,353,7,0
77,353,353,8,0
77,353,353,9,0
77,353,353,10,0
77,353,353,11,0
77,353,353,12,0
77,353,353,13,0
77,353,353,14,0
77,353,353,0,0
77,353,353,1,360
77,353,353,2,16
77,353,353,3,494
77,353,353,4,2
77,353,353,5,93
77,353,353,6,0
77,353,353,7,0
77,353,353,8,1
77,353,353,9,0
77,353,353,10,1
77,353,353,11,1
77,353,353,12,1
77,353,353,13,5
77,353,353,14,1
77,353,353,0,4
77,354,354,1,0
77,354,354,2,0
77,354,354,3,0
77,354,354,4,0
77,354,354,5,0
77,354,354,6,0
77,354,354,7,0
77,354,354,8,0
77,354,354,9,0
77,354,354,10,0
77,354,354,11,0
77,354,354,12,0
77,354,354,13,0
77,354,354,14,0
77,354,354,0,0
77,354,354,1,177
77,354,354,2,10
77,354,354,3,206
77,354,354,4,2
77,354,354,5,128
77,354,354,6,0
77,354,354,7,1
77,354,354,8,1
77,354,354,9,1
77,354,354,10,0
77,354,354,11,0
77,354,354,12,1
77,354,354,13,4
77,354,354,14,0
77,354,354,0,4
77,355,355,1,0
77,355,355,2,0
77,355,355,3,0
77,355,355,4,0
77,355,355,5,0
77,355,355,6,0
77,355,355,7,0
77,355,355,8,0
77,355,355,9,0
77,355,355,10,0
77,355,355,11,0
77,355,355,12,0
77,355,355,13,0
77,355,355,14,0
77,355,355,0,0
77,355,355,1,306
77,355,355,2,16
77,355,355,3,288
77,355,355,4,2
77,355,355,5,200
77,355,355,6,0
77,355,355,7,0
77,355,355,8,0
77,355,355,9,0
77,355,355,10,0
77,355,355,11,1
77,355,355,12,2
77,355,355,13,3
77,355,355,14,0
77,355,355,0,7
77,356,356,1,263
77,356,356,2,28
77,356,356,3,482
77,356,356,4,1
77,356,356,5,255
77,356,356,6,0
77,356,356,7,0
77,356,356,8,0
77,356,356,9,1
77,356,356,10,1
77,356,356,11,2
77,356,356,12,1
77,356,356,13,1
77,356,356,14,1
77,356,356,0,7
77,357,357,1,329
77,357,357,2,10
77,357,357,3,270
77,357,357,4,1
77,357,357,5,177
77,357,357,6,0
77,357,357,7,0
77,357,357,8,1
77,357,357,9,0
77,357,357,10,0
77,357,357,11,2
77,357,357,12,0
77,357,357,13,0
77,357,357,14,1
77,357,357,0,4
77,358,358,1,415
77,358,358,2,30
77,358,358,3,249
77,358,358,4,1
77,358,358,5,194
77,358,358,6,1
77,358,358,7,0
77,358,358,8,0
77,358,358,9,0
77,358,358,10,0
77,358,358,11,0
77,358,358,12,3
77,358,358,13,1
77,358,358,14,1
77,358,358,0,7
77,359,359,1,419
77,359,359,2,24
77,359,359,3,317
77,359,359,4,5
77,359,359,5,277
77,359,359,6,0
77,359,359,7,0
77,359,359,8,3
77,359,359,9,2
77,359,359,10,0
77,359,359,11,3
77,359,359,12,1
77,359,359,13,6
77,359,359,14,1
77,359,359,0,6
77,360,360,1,187
77,360,360,2,6
77,360,360,3,238
77,360,360,4,0
77,360,360,5,113
77,360,360,6,0
77,360,360,7,0
77,360,360,8,2
77,360,360,9,0
77,360,360,10,0
77,360,360,11,1
77,360,360,12,0
77,360,360,13,1
77,360,360,14,0
77,360,360,0,1
77,361,361,1,165
77,361,361,2,8
77,361,361,3,168
77,361,361,4,0
77,361,361,5,108
77,361,361,6,0
77,361,361,7,0
77,361,361,8,0
77,361,361,9,0
77,361,361,10,1
77,361,361,11,0
77,361,361,12,0
77,361,361,13,1
77,361,361,14,0
77,361,361,0,1
77,362,362,1,244
77,362,362,2,25
77,362,362,3,331
77,362,362,4,4
77,362,362,5,325
77,362,362,6,0
77,362,362,7,0
77,362,362,8,2
77,362,362,9,1
77,362,362,10,0
77,362,362,11,1
77,362,362,12,1
77,362,362,13,7
77,362,362,14,1
77,362,362,0,2
77,363,363,1,229
77,363,363,2,16
77,363,363,3,184
77,363,363,4,0
77,363,363,5,97
77,363,363,6,0
77,363,363,7,0
77,363,363,8,3
77,363,363,9,0
77,363,363,10,0
77,363,363,11,1
77,363,363,12,0
77,363,363,13,2
77,363,363,14,3
77,363,363,0,2
77,364,364,1,174
77,364,364,2,7
77,364,364,3,254
77,364,364,4,1
77,364,364,5,136
77,364,364,6,1
77,364,364,7,1
77,364,364,8,0
77,364,364,9,0
77,364,364,10,0
77,364,364,11,0
77,364,364,12,0
77,364,364,13,3
77,364,364,14,0
77,364,364,0,3
77,365,365,1,163
77,365,365,2,7
77,365,365,3,284
77,365,365,4,1
77,365,365,5,89
77,365,365,6,0
77,365,365,7,0
77,365,365,8,1
77,365,365,9,0
77,365,365,10,0
77,365,365,11,0
77,365,365,12,0
77,365,365,13,2
77,365,365,14,1
77,365,365,0,1
77,366,366,1,202
77,366,366,2,8
77,366,366,3,477
77,366,366,4,2
77,366,366,5,182
77,366,366,6,0
77,366,366,7,0
77,366,366,8,0
77,366,366,9,0
77,366,366,10,0
77,366,366,11,0
77,366,366,12,0
77,366,366,13,2
77,366,366,14,2
77,366,366,0,0
77,366,366,1,0
77,366,366,2,0
77,366,366,3,0
77,366,366,4,0
77,366,366,5,0
77,366,366,6,0
77,366,366,7,0
77,366,366,8,0
77,366,366,9,0
77,366,366,10,0
77,366,366,11,0
77,366,366,12,0
77,366,366,13,0
77,366,366,14,0
77,366,366,0,0
77,367,367,1,0
77,367,367,2,0
77,367,367,3,0
77,367,367,4,0
77,367,367,5,0
77,367,367,6,0
77,367,367,7,0
77,367,367,8,0
77,367,367,9,0
77,367,367,10,0
77,367,367,11,0
77,367,367,12,0
77,367,367,13,0
77,367,367,14,0
77,367,367,0,0
77,367,367,1,275
77,367,367,2,16
77,367,367,3,391
77,367,367,4,3
77,367,367,5,148
77,367,367,6,2
77,367,367,7,1
77,367,367,8,1
77,367,367,9,0
77,367,367,10,0
77,367,367,11,1
77,367,367,12,0
77,367,367,13,4
77,367,367,14,0
77,367,367,0,1
77,368,368,1,0
77,368,368,2,0
77,368,368,3,0
77,368,368,4,0
77,368,368,5,0
77,368,368,6,0
77,368,368,7,0
77,368,368,8,0
77,368,368,9,0
77,368,368,10,0
77,368,368,11,0
77,368,368,12,0
77,368,368,13,0
77,368,368,14,0
77,368,368,0,0
77,368,368,1,425
77,368,368,2,12
77,368,368,3,334
77,368,368,4,1
77,368,368,5,92
77,368,368,6,0
77,368,368,7,0
77,368,368,8,1
77,368,368,9,0
77,368,368,10,0
77,368,368,11,0
77,368,368,12,1
77,368,368,13,1
77,368,368,14,2
77,368,368,0,3
77,369,369,1,174
77,369,369,2,16
77,369,369,3,334
77,369,369,4,0
77,369,369,5,94
77,369,369,6,1
77,369,369,7,0
77,369,369,8,0
77,369,369,9,0
77,369,369,10,0
77,369,369,11,1
77,369,369,12,0
77,369,369,13,3
77,369,369,14,0
77,369,369,0,2
77,370,370,1,109
77,370,370,2,19
77,370,370,3,401
77,370,370,4,1
77,370,370,5,89
77,370,370,6,0
77,370,370,7,0
77,370,370,8,0
77,370,370,9,0
77,370,370,10,0
77,370,370,11,0
77,370,370,12,0
77,370,370,13,2
77,370,370,14,3
77,370,370,0,0
77,371,371,1,331
77,371,371,2,19
77,371,371,3,490
77,371,371,4,3
77,371,371,5,118
77,371,371,6,0
77,371,371,7,0
77,371,371,8,0
77,371,371,9,0
77,371,371,10,0
77,371,371,11,0
77,371,371,12,2
77,371,371,13,1
77,371,371,14,0
77,371,371,0,2
77,372,372,1,273
77,372,372,2,10
77,372,372,3,491
77,372,372,4,6
77,372,372,5,80
77,372,372,6,1
77,372,372,7,0
77,372,372,8,0
77,372,372,9,0
77,372,372,10,0
77,372,372,11,1
77,372,372,12,0
77,372,372,13,4
77,372,372,14,1
77,372,372,0,1
77,373,373,1,146
77,373,373,2,4
77,373,373,3,340
77,373,373,4,1
77,373,373,5,56
77,373,373,6,0
77,373,373,7,0
77,373,373,8,0
77,373,373,9,0
77,373,373,10,0
77,373,373,11,0
77,373,373,12,0
77,373,373,13,0
77,373,373,14,0
77,373,373,0,0
77,374,374,1,318
77,374,374,2,7
77,374,374,3,461
77,374,374,4,0
77,374,374,5,60
77,374,374,6,0
77,374,374,7,0
77,374,374,8,1
77,374,374,9,0
77,374,374,10,0
77,374,374,11,0
77,374,374,12,0
77,374,374,13,1
77,374,374,14,0
77,374,374,0,1
77,375,375,1,347
77,375,375,2,23
77,375,375,3,460
77,375,375,4,0
77,375,375,5,95
77,375,375,6,1
77,375,375,7,1
77,375,375,8,0
77,375,375,9,0
77,375,375,10,0
77,375,375,11,1
77,375,375,12,0
77,375,375,13,1
77,375,375,14,1
77,375,375,0,1
77,376,376,1,0
77,376,376,2,0
77,376,376,3,0
77,376,376,4,590
77,376,376,5,65739
77,376,376,6,138
77,376,376,7,73
77,376,376,8,281
77,376,376,9,78
77,376,376,10,102
77,376,376,11,215
77,376,376,12,166
77,376,376,13,642
77,376,376,14,250
77,376,376,0,1047
77,377,377,1,0
77,377,377,2,0
77,377,377,3,0
77,377,377,4,0
77,377,377,5,0
77,377,377,6,0
77,377,377,7,0
77,377,377,8,0
77,377,377,9,0
77,377,377,10,0
77,377,377,11,0
77,377,377,12,0
77,377,377,13,0
77,377,377,14,0
77,377,377,0,0
77,378,378,1,0
77,378,378,2,0
77,378,378,3,0
77,378,378,4,0
77,378,378,5,0
77,378,378,6,0
77,378,378,7,0
77,378,378,8,0
77,378,378,9,0
77,378,378,10,0
77,378,378,11,0
77,378,378,12,0
77,378,378,13,0
77,378,378,14,0
77,378,378,0,0
77,379,379,1,0
77,379,379,2,0
77,379,379,3,0
77,379,379,4,0
77,379,379,5,0
77,379,379,6,0
77,379,379,7,0
77,379,379,8,0
77,379,379,9,0
77,379,379,10,0
77,379,379,11,0
77,379,379,12,0
77,379,379,13,0
77,379,379,14,0
77,379,379,0,0
