ac_code,ps_serial_number,ps_code,candidate_serial_number,candidate_votes
71,0,0,1,917
71,0,0,2,4
71,0,0,3,42
71,0,0,4,541
71,0,0,5,1
71,0,0,6,1
71,0,0,7,1
71,0,0,8,2
71,0,0,9,0
71,0,0,10,1
71,0,0,11,1
71,0,0,12,0
71,0,0,13,329
71,0,0,14,1
71,0,0,15,0
71,0,0,16,1
71,0,0,17,1
71,0,0,18,0
71,0,0,19,2
71,0,0,20,1
71,0,0,21,0
71,0,0,0,10
71,1,1,1,0
71,1,1,2,0
71,1,1,3,0
71,1,1,4,0
71,1,1,5,0
71,1,1,6,0
71,1,1,7,0
71,1,1,8,0
71,1,1,9,0
71,1,1,10,0
71,1,1,11,0
71,1,1,12,0
71,1,1,13,0
71,1,1,14,0
71,1,1,15,0
71,1,1,16,0
71,1,1,17,0
71,1,1,18,0
71,1,1,19,0
71,1,1,20,0
71,1,1,21,0
71,1,1,0,0
71,1,2,1,5
71,1,2,2,6
71,1,2,3,7
71,1,2,4,8
71,1,2,5,9
71,1,2,6,10
71,1,2,7,11
71,1,2,8,12
71,1,2,9,13
71,1,2,10,14
71,1,2,11,15
71,1,2,12,16
71,1,2,13,17
71,1,2,14,18
71,1,2,15,19
71,1,2,16,20
71,1,2,17,21
71,1,2,18,22
71,1,2,19,23
71,1,2,20,24
71,1,2,21,25
71,1,2,0,28
71,1,2,1,5
71,1,2,2,6
71,1,2,3,7
71,1,2,4,8
71,1,2,5,9
71,1,2,6,10
71,1,2,7,11
71,1,2,8,12
71,1,2,9,13
71,1,2,10,14
71,1,2,11,15
71,1,2,12,16
71,1,2,13,17
71,1,2,14,18
71,1,2,15,19
71,1,2,16,20
71,1,2,17,21
71,1,2,18,22
71,1,2,19,23
71,1,2,20,24
71,1,2,21,25
71,1,2,0,28
71,1,2,1,5
71,1,2,2,6
71,1,2,3,7
71,1,2,4,8
71,1,2,5,9
71,1,2,6,10
71,1,2,7,11
71,1,2,8,12
71,1,2,9,13
71,1,2,10,14
71,1,2,11,15
71,1,2,12,16
71,1,2,13,17
71,1,2,14,18
71,1,2,15,19
71,1,2,16,20
71,1,2,17,21
71,1,2,18,22
71,1,2,19,23
71,1,2,20,24
71,1,2,21,25
71,1,2,0,28
71,1,2,1,5
71,1,2,2,6
71,1,2,3,7
71,1,2,4,8
71,1,2,5,9
71,1,2,6,10
71,1,2,7,11
71,1,2,8,12
71,1,2,9,13
71,1,2,10,14
71,1,2,11,15
71,1,2,12,16
71,1,2,13,17
71,1,2,14,18
71,1,2,15,19
71,1,2,16,20
71,1,2,17,21
71,1,2,18,22
71,1,2,19,23
71,1,2,20,24
71,1,2,21,25
71,1,2,0,28
71,1,2,1,5
71,1,2,2,6
71,1,2,3,7
71,1,2,4,8
71,1,2,5,9
71,1,2,6,10
71,1,2,7,11
71,1,2,8,12
71,1,2,9,13
71,1,2,10,14
71,1,2,11,15
71,1,2,12,16
71,1,2,13,17
71,1,2,14,18
71,1,2,15,19
71,1,2,16,20
71,1,2,17,21
71,1,2,18,22
71,1,2,19,23
71,1,2,20,24
71,1,2,21,25
71,1,2,0,28
71,1,2,1,5
71,1,2,2,6
71,1,2,3,7
71,1,2,4,8
71,1,2,5,9
71,1,2,6,10
71,1,2,7,11
71,1,2,8,12
71,1,2,9,13
71,1,2,10,14
71,1,2,11,15
71,1,2,12,16
71,1,2,13,17
71,1,2,14,18
71,1,2,15,19
71,1,2,16,20
71,1,2,17,21
71,1,2,18,22
71,1,2,19,23
71,1,2,20,24
71,1,2,21,25
71,1,2,0,28
71,1,2,1,5
71,1,2,2,6
71,1,2,3,7
71,1,2,4,8
71,1,2,5,9
71,1,2,6,10
71,1,2,7,11
71,1,2,8,12
71,1,2,9,13
71,1,2,10,14
71,1,2,11,15
71,1,2,12,16
71,1,2,13,17
71,1,2,14,18
71,1,2,15,19
71,1,2,16,20
71,1,2,17,21
71,1,2,18,22
71,1,2,19,23
71,1,2,20,24
71,1,2,21,25
71,1,2,0,28
71,1,2,1,5
71,1,2,2,6
71,1,2,3,7
71,1,2,4,8
71,1,2,5,9
71,1,2,6,10
71,1,2,7,11
71,1,2,8,12
71,1,2,9,13
71,1,2,10,14
71,1,2,11,15
71,1,2,12,16
71,1,2,13,17
71,1,2,14,18
71,1,2,15,19
71,1,2,16,20
71,1,2,17,21
71,1,2,18,22
71,1,2,19,23
71,1,2,20,24
71,1,2,21,25
71,1,2,0,28
71,1,2,1,5
71,1,2,2,6
71,1,2,3,7
71,1,2,4,8
71,1,2,5,9
71,1,2,6,10
71,1,2,7,11
71,1,2,8,12
71,1,2,9,13
71,1,2,10,14
71,1,2,11,15
71,1,2,12,16
71,1,2,13,17
71,1,2,14,18
71,1,2,15,19
71,1,2,16,20
71,1,2,17,21
71,1,2,18,22
71,1,2,19,23
71,1,2,20,24
71,1,2,21,25
71,1,2,0,28
71,1,2,1,5
71,1,2,2,6
71,1,2,3,7
71,1,2,4,8
71,1,2,5,9
71,1,2,6,10
71,1,2,7,11
71,1,2,8,12
71,1,2,9,13
71,1,2,10,14
71,1,2,11,15
71,1,2,12,16
71,1,2,13,17
71,1,2,14,18
71,1,2,15,19
71,1,2,16,20
71,1,2,17,21
71,1,2,18,22
71,1,2,19,23
71,1,2,20,24
71,1,2,21,25
71,1,2,0,28
71,1,2,1,5
71,1,2,2,6
71,1,2,3,7
71,1,2,4,8
71,1,2,5,9
71,1,2,6,10
71,1,2,7,11
71,1,2,8,12
71,1,2,9,13
71,1,2,10,14
71,1,2,11,15
71,1,2,12,16
71,1,2,13,17
71,1,2,14,18
71,1,2,15,19
71,1,2,16,20
71,1,2,17,21
71,1,2,18,22
71,1,2,19,23
71,1,2,20,24
71,1,2,21,25
71,1,2,0,28
71,1,2,1,5
71,1,2,2,6
71,1,2,3,7
71,1,2,4,8
71,1,2,5,9
71,1,2,6,10
71,1,2,7,11
71,1,2,8,12
71,1,2,9,13
71,1,2,10,14
71,1,2,11,15
71,1,2,12,16
71,1,2,13,17
71,1,2,14,18
71,1,2,15,19
71,1,2,16,20
71,1,2,17,21
71,1,2,18,22
71,1,2,19,23
71,1,2,20,24
71,1,2,21,25
71,1,2,0,28
71,1,2,1,5
71,1,2,2,6
71,1,2,3,7
71,1,2,4,8
71,1,2,5,9
71,1,2,6,10
71,1,2,7,11
71,1,2,8,12
71,1,2,9,13
71,1,2,10,14
71,1,2,11,15
71,1,2,12,16
71,1,2,13,17
71,1,2,14,18
71,1,2,15,19
71,1,2,16,20
71,1,2,17,21
71,1,2,18,22
71,1,2,19,23
71,1,2,20,24
71,1,2,21,25
71,1,2,0,28
71,1,2,1,5
71,1,2,2,6
71,1,2,3,7
71,1,2,4,8
71,1,2,5,9
71,1,2,6,10
71,1,2,7,11
71,1,2,8,12
71,1,2,9,13
71,1,2,10,14
71,1,2,11,15
71,1,2,12,16
71,1,2,13,17
71,1,2,14,18
71,1,2,15,19
71,1,2,16,20
71,1,2,17,21
71,1,2,18,22
71,1,2,19,23
71,1,2,20,24
71,1,2,21,25
71,1,2,0,28
71,1,2,1,5
71,1,2,2,6
71,1,2,3,7
71,1,2,4,8
71,1,2,5,9
71,1,2,6,10
71,1,2,7,11
71,1,2,8,12
71,1,2,9,13
71,1,2,10,14
71,1,2,11,15
71,1,2,12,16
71,1,2,13,17
71,1,2,14,18
71,1,2,15,19
71,1,2,16,20
71,1,2,17,21
71,1,2,18,22
71,1,2,19,23
71,1,2,20,24
71,1,2,21,25
71,1,2,0,28
71,1,2,1,5
71,1,2,2,6
71,1,2,3,7
71,1,2,4,8
71,1,2,5,9
71,1,2,6,10
71,1,2,7,11
71,1,2,8,12
71,1,2,9,13
71,1,2,10,14
71,1,2,11,15
71,1,2,12,16
71,1,2,13,17
71,1,2,14,18
71,1,2,15,19
71,1,2,16,20
71,1,2,17,21
71,1,2,18,22
71,1,2,19,23
71,1,2,20,24
71,1,2,21,25
71,1,2,0,28
71,1,2,1,5
71,1,2,2,6
71,1,2,3,7
71,1,2,4,8
71,1,2,5,9
71,1,2,6,10
71,1,2,7,11
71,1,2,8,12
71,1,2,9,13
71,1,2,10,14
71,1,2,11,15
71,1,2,12,16
71,1,2,13,17
71,1,2,14,18
71,1,2,15,19
71,1,2,16,20
71,1,2,17,21
71,1,2,18,22
71,1,2,19,23
71,1,2,20,24
71,1,2,21,25
71,1,2,0,28
71,1,1,1,467
71,1,1,2,5
71,1,1,3,17
71,1,1,4,130
71,1,1,5,0
71,1,1,6,1
71,1,1,7,0
71,1,1,8,2
71,1,1,9,1
71,1,1,10,0
71,1,1,11,0
71,1,1,12,3
71,1,1,13,251
71,1,1,14,1
71,1,1,15,3
71,1,1,16,4
71,1,1,17,4
71,1,1,18,0
71,1,1,19,0
71,1,1,20,0
71,1,1,21,2
71,1,1,0,2
71,1,2,1,5
71,1,2,2,6
71,1,2,3,7
71,1,2,4,8
71,1,2,5,9
71,1,2,6,10
71,1,2,7,11
71,1,2,8,12
71,1,2,9,13
71,1,2,10,14
71,1,2,11,15
71,1,2,12,16
71,1,2,13,17
71,1,2,14,18
71,1,2,15,19
71,1,2,16,20
71,1,2,17,21
71,1,2,18,22
71,1,2,19,23
71,1,2,20,24
71,1,2,21,25
71,1,2,0,28
71,1,2,1,5
71,1,2,2,6
71,1,2,3,7
71,1,2,4,8
71,1,2,5,9
71,1,2,6,10
71,1,2,7,11
71,1,2,8,12
71,1,2,9,13
71,1,2,10,14
71,1,2,11,15
71,1,2,12,16
71,1,2,13,17
71,1,2,14,18
71,1,2,15,19
71,1,2,16,20
71,1,2,17,21
71,1,2,18,22
71,1,2,19,23
71,1,2,20,24
71,1,2,21,25
71,1,2,0,28
71,1,2,1,5
71,1,2,2,6
71,1,2,3,7
71,1,2,4,8
71,1,2,5,9
71,1,2,6,10
71,1,2,7,11
71,1,2,8,12
71,1,2,9,13
71,1,2,10,14
71,1,2,11,15
71,1,2,12,16
71,1,2,13,17
71,1,2,14,18
71,1,2,15,19
71,1,2,16,20
71,1,2,17,21
71,1,2,18,22
71,1,2,19,23
71,1,2,20,24
71,1,2,21,25
71,1,2,0,28
71,1,2,1,5
71,1,2,2,6
71,1,2,3,7
71,1,2,4,8
71,1,2,5,9
71,1,2,6,10
71,1,2,7,11
71,1,2,8,12
71,1,2,9,13
71,1,2,10,14
71,1,2,11,15
71,1,2,12,16
71,1,2,13,17
71,1,2,14,18
71,1,2,15,19
71,1,2,16,20
71,1,2,17,21
71,1,2,18,22
71,1,2,19,23
71,1,2,20,24
71,1,2,21,25
71,1,2,0,28
71,2,2,1,359
71,2,2,2,0
71,2,2,3,11
71,2,2,4,128
71,2,2,5,0
71,2,2,6,0
71,2,2,7,0
71,2,2,8,0
71,2,2,9,0
71,2,2,10,1
71,2,2,11,0
71,2,2,12,0
71,2,2,13,140
71,2,2,14,0
71,2,2,15,0
71,2,2,16,4
71,2,2,17,3
71,2,2,18,0
71,2,2,19,0
71,2,2,20,2
71,2,2,21,0
71,2,2,0,2
71,2,2,1,0
71,2,2,2,0
71,2,2,3,0
71,2,2,4,0
71,2,2,5,0
71,2,2,6,0
71,2,2,7,0
71,2,2,8,0
71,2,2,9,0
71,2,2,10,0
71,2,2,11,0
71,2,2,12,0
71,2,2,13,0
71,2,2,14,0
71,2,2,15,0
71,2,2,16,0
71,2,2,17,0
71,2,2,18,0
71,2,2,19,0
71,2,2,20,0
71,2,2,21,0
71,2,2,0,0
71,3,3,1,290
71,3,3,2,2
71,3,3,3,14
71,3,3,4,100
71,3,3,5,0
71,3,3,6,0
71,3,3,7,0
71,3,3,8,0
71,3,3,9,0
71,3,3,10,0
71,3,3,11,2
71,3,3,12,1
71,3,3,13,147
71,3,3,14,0
71,3,3,15,1
71,3,3,16,2
71,3,3,17,4
71,3,3,18,5
71,3,3,19,3
71,3,3,20,0
71,3,3,21,0
71,3,3,0,2
71,4,4,1,146
71,4,4,2,0
71,4,4,3,29
71,4,4,4,164
71,4,4,5,0
71,4,4,6,0
71,4,4,7,0
71,4,4,8,0
71,4,4,9,1
71,4,4,10,0
71,4,4,11,15
71,4,4,12,3
71,4,4,13,189
71,4,4,14,0
71,4,4,15,0
71,4,4,16,3
71,4,4,17,1
71,4,4,18,0
71,4,4,19,1
71,4,4,20,2
71,4,4,21,0
71,4,4,0,2
71,5,5,1,271
71,5,5,2,0
71,5,5,3,39
71,5,5,4,264
71,5,5,5,3
71,5,5,6,0
71,5,5,7,0
71,5,5,8,0
71,5,5,9,0
71,5,5,10,0
71,5,5,11,0
71,5,5,12,2
71,5,5,13,168
71,5,5,14,0
71,5,5,15,1
71,5,5,16,0
71,5,5,17,0
71,5,5,18,0
71,5,5,19,1
71,5,5,20,0
71,5,5,21,1
71,5,5,0,1
71,6,6,1,363
71,6,6,2,1
71,6,6,3,15
71,6,6,4,219
71,6,6,5,1
71,6,6,6,0
71,6,6,7,0
71,6,6,8,0
71,6,6,9,0
71,6,6,10,0
71,6,6,11,0
71,6,6,12,0
71,6,6,13,175
71,6,6,14,1
71,6,6,15,0
71,6,6,16,3
71,6,6,17,1
71,6,6,18,4
71,6,6,19,0
71,6,6,20,2
71,6,6,21,0
71,6,6,0,1
71,7,7,1,407
71,7,7,2,2
71,7,7,3,8
71,7,7,4,139
71,7,7,5,3
71,7,7,6,1
71,7,7,7,1
71,7,7,8,0
71,7,7,9,0
71,7,7,10,0
71,7,7,11,1
71,7,7,12,3
71,7,7,13,120
71,7,7,14,1
71,7,7,15,1
71,7,7,16,3
71,7,7,17,2
71,7,7,18,0
71,7,7,19,1
71,7,7,20,0
71,7,7,21,0
71,7,7,0,1
71,8,8,1,314
71,8,8,2,5
71,8,8,3,15
71,8,8,4,179
71,8,8,5,1
71,8,8,6,0
71,8,8,7,1
71,8,8,8,0
71,8,8,9,0
71,8,8,10,0
71,8,8,11,0
71,8,8,12,2
71,8,8,13,275
71,8,8,14,2
71,8,8,15,0
71,8,8,16,4
71,8,8,17,3
71,8,8,18,1
71,8,8,19,0
71,8,8,20,2
71,8,8,21,2
71,8,8,0,3
71,9,9,1,308
71,9,9,2,2
71,9,9,3,21
71,9,9,4,95
71,9,9,5,0
71,9,9,6,0
71,9,9,7,0
71,9,9,8,0
71,9,9,9,2
71,9,9,10,0
71,9,9,11,0
71,9,9,12,1
71,9,9,13,121
71,9,9,14,0
71,9,9,15,2
71,9,9,16,0
71,9,9,17,3
71,9,9,18,2
71,9,9,19,0
71,9,9,20,5
71,9,9,21,2
71,9,9,0,1
71,10,10,1,240
71,10,10,2,0
71,10,10,3,16
71,10,10,4,130
71,10,10,5,1
71,10,10,6,0
71,10,10,7,0
71,10,10,8,1
71,10,10,9,0
71,10,10,10,0
71,10,10,11,1
71,10,10,12,0
71,10,10,13,162
71,10,10,14,2
71,10,10,15,0
71,10,10,16,2
71,10,10,17,2
71,10,10,18,2
71,10,10,19,2
71,10,10,20,0
71,10,10,21,0
71,10,10,0,1
71,11,11,1,226
71,11,11,2,1
71,11,11,3,10
71,11,11,4,75
71,11,11,5,0
71,11,11,6,0
71,11,11,7,0
71,11,11,8,0
71,11,11,9,0
71,11,11,10,0
71,11,11,11,0
71,11,11,12,1
71,11,11,13,110
71,11,11,14,0
71,11,11,15,2
71,11,11,16,4
71,11,11,17,0
71,11,11,18,0
71,11,11,19,0
71,11,11,20,2
71,11,11,21,0
71,11,11,0,0
71,12,12,1,0
71,12,12,2,0
71,12,12,3,0
71,12,12,4,0
71,12,12,5,0
71,12,12,6,0
71,12,12,7,0
71,12,12,8,0
71,12,12,9,0
71,12,12,10,0
71,12,12,11,0
71,12,12,12,0
71,12,12,13,0
71,12,12,14,0
71,12,12,15,0
71,12,12,16,0
71,12,12,17,0
71,12,12,18,0
71,12,12,19,0
71,12,12,20,0
71,12,12,21,0
71,12,12,0,0
71,12,12,1,326
71,12,12,2,1
71,12,12,3,14
71,12,12,4,121
71,12,12,5,1
71,12,12,6,1
71,12,12,7,0
71,12,12,8,0
71,12,12,9,0
71,12,12,10,0
71,12,12,11,0
71,12,12,12,0
71,12,12,13,119
71,12,12,14,0
71,12,12,15,1
71,12,12,16,1
71,12,12,17,0
71,12,12,18,0
71,12,12,19,0
71,12,12,20,1
71,12,12,21,0
71,12,12,0,1
71,13,13,1,0
71,13,13,2,0
71,13,13,3,0
71,13,13,4,0
71,13,13,5,0
71,13,13,6,0
71,13,13,7,0
71,13,13,8,0
71,13,13,9,0
71,13,13,10,0
71,13,13,11,0
71,13,13,12,0
71,13,13,13,0
71,13,13,14,0
71,13,13,15,0
71,13,13,16,0
71,13,13,17,0
71,13,13,18,0
71,13,13,19,0
71,13,13,20,0
71,13,13,21,0
71,13,13,0,0
71,13,13,1,263
71,13,13,2,1
71,13,13,3,18
71,13,13,4,188
71,13,13,5,0
71,13,13,6,0
71,13,13,7,0
71,13,13,8,1
71,13,13,9,0
71,13,13,10,0
71,13,13,11,0
71,13,13,12,2
71,13,13,13,143
71,13,13,14,0
71,13,13,15,0
71,13,13,16,2
71,13,13,17,5
71,13,13,18,2
71,13,13,19,0
71,13,13,20,2
71,13,13,21,1
71,13,13,0,1
71,14,14,1,0
71,14,14,2,0
71,14,14,3,0
71,14,14,4,0
71,14,14,5,0
71,14,14,6,0
71,14,14,7,0
71,14,14,8,0
71,14,14,9,0
71,14,14,10,0
71,14,14,11,0
71,14,14,12,0
71,14,14,13,0
71,14,14,14,0
71,14,14,15,0
71,14,14,16,0
71,14,14,17,0
71,14,14,18,0
71,14,14,19,0
71,14,14,20,0
71,14,14,21,0
71,14,14,0,0
71,14,14,1,468
71,14,14,2,3
71,14,14,3,8
71,14,14,4,132
71,14,14,5,0
71,14,14,6,0
71,14,14,7,0
71,14,14,8,0
71,14,14,9,0
71,14,14,10,0
71,14,14,11,1
71,14,14,12,0
71,14,14,13,159
71,14,14,14,0
71,14,14,15,1
71,14,14,16,2
71,14,14,17,0
71,14,14,18,0
71,14,14,19,2
71,14,14,20,1
71,14,14,21,0
71,14,14,0,2
71,15,15,1,161
71,15,15,2,3
71,15,15,3,14
71,15,15,4,139
71,15,15,5,0
71,15,15,6,0
71,15,15,7,0
71,15,15,8,0
71,15,15,9,0
71,15,15,10,0
71,15,15,11,0
71,15,15,12,0
71,15,15,13,141
71,15,15,14,0
71,15,15,15,1
71,15,15,16,1
71,15,15,17,1
71,15,15,18,1
71,15,15,19,1
71,15,15,20,2
71,15,15,21,0
71,15,15,0,0
71,16,16,1,316
71,16,16,2,2
71,16,16,3,10
71,16,16,4,70
71,16,16,5,0
71,16,16,6,1
71,16,16,7,0
71,16,16,8,0
71,16,16,9,0
71,16,16,10,0
71,16,16,11,0
71,16,16,12,0
71,16,16,13,71
71,16,16,14,0
71,16,16,15,0
71,16,16,16,0
71,16,16,17,0
71,16,16,18,0
71,16,16,19,0
71,16,16,20,0
71,16,16,21,0
71,16,16,0,0
71,17,17,1,279
71,17,17,2,3
71,17,17,3,10
71,17,17,4,123
71,17,17,5,1
71,17,17,6,1
71,17,17,7,0
71,17,17,8,0
71,17,17,9,0
71,17,17,10,0
71,17,17,11,0
71,17,17,12,1
71,17,17,13,91
71,17,17,14,1
71,17,17,15,0
71,17,17,16,3
71,17,17,17,2
71,17,17,18,0
71,17,17,19,0
71,17,17,20,0
71,17,17,21,0
71,17,17,0,0
71,18,18,1,251
71,18,18,2,1
71,18,18,3,8
71,18,18,4,138
71,18,18,5,2
71,18,18,6,0
71,18,18,7,0
71,18,18,8,0
71,18,18,9,0
71,18,18,10,0
71,18,18,11,0
71,18,18,12,0
71,18,18,13,178
71,18,18,14,0
71,18,18,15,1
71,18,18,16,1
71,18,18,17,1
71,18,18,18,0
71,18,18,19,1
71,18,18,20,0
71,18,18,21,0
71,18,18,0,1
71,19,19,1,252
71,19,19,2,0
71,19,19,3,13
71,19,19,4,84
71,19,19,5,0
71,19,19,6,0
71,19,19,7,0
71,19,19,8,0
71,19,19,9,0
71,19,19,10,0
71,19,19,11,0
71,19,19,12,1
71,19,19,13,105
71,19,19,14,0
71,19,19,15,1
71,19,19,16,0
71,19,19,17,0
71,19,19,18,0
71,19,19,19,0
71,19,19,20,0
71,19,19,21,2
71,19,19,0,0
71,20,20,1,351
71,20,20,2,0
71,20,20,3,10
71,20,20,4,119
71,20,20,5,0
71,20,20,6,0
71,20,20,7,0
71,20,20,8,0
71,20,20,9,0
71,20,20,10,0
71,20,20,11,0
71,20,20,12,1
71,20,20,13,74
71,20,20,14,0
71,20,20,15,0
71,20,20,16,1
71,20,20,17,0
71,20,20,18,1
71,20,20,19,0
71,20,20,20,1
71,20,20,21,0
71,20,20,0,1
71,21,21,1,129
71,21,21,2,3
71,21,21,3,3
71,21,21,4,115
71,21,21,5,0
71,21,21,6,0
71,21,21,7,0
71,21,21,8,0
71,21,21,9,0
71,21,21,10,0
71,21,21,11,0
71,21,21,12,0
71,21,21,13,61
71,21,21,14,0
71,21,21,15,0
71,21,21,16,1
71,21,21,17,0
71,21,21,18,0
71,21,21,19,0
71,21,21,20,0
71,21,21,21,0
71,21,21,0,0
71,22,22,1,379
71,22,22,2,1
71,22,22,3,12
71,22,22,4,172
71,22,22,5,1
71,22,22,6,1
71,22,22,7,1
71,22,22,8,0
71,22,22,9,0
71,22,22,10,1
71,22,22,11,0
71,22,22,12,1
71,22,22,13,132
71,22,22,14,0
71,22,22,15,1
71,22,22,16,1
71,22,22,17,0
71,22,22,18,0
71,22,22,19,1
71,22,22,20,2
71,22,22,21,0
71,22,22,0,0
71,23,23,1,380
71,23,23,2,3
71,23,23,3,10
71,23,23,4,142
71,23,23,5,0
71,23,23,6,0
71,23,23,7,1
71,23,23,8,0
71,23,23,9,0
71,23,23,10,0
71,23,23,11,0
71,23,23,12,1
71,23,23,13,174
71,23,23,14,1
71,23,23,15,0
71,23,23,16,2
71,23,23,17,2
71,23,23,18,0
71,23,23,19,3
71,23,23,20,4
71,23,23,21,2
71,23,23,0,0
71,24,24,1,270
71,24,24,2,3
71,24,24,3,15
71,24,24,4,287
71,24,24,5,2
71,24,24,6,2
71,24,24,7,0
71,24,24,8,0
71,24,24,9,0
71,24,24,10,1
71,24,24,11,0
71,24,24,12,1
71,24,24,13,258
71,24,24,14,1
71,24,24,15,1
71,24,24,16,4
71,24,24,17,5
71,24,24,18,0
71,24,24,19,0
71,24,24,20,3
71,24,24,21,0
71,24,24,0,1
71,25,25,1,324
71,25,25,2,0
71,25,25,3,21
71,25,25,4,150
71,25,25,5,4
71,25,25,6,0
71,25,25,7,0
71,25,25,8,1
71,25,25,9,0
71,25,25,10,1
71,25,25,11,1
71,25,25,12,1
71,25,25,13,228
71,25,25,14,1
71,25,25,15,0
71,25,25,16,0
71,25,25,17,5
71,25,25,18,0
71,25,25,19,0
71,25,25,20,0
71,25,25,21,0
71,25,25,0,2
71,25,25,1,0
71,25,25,2,0
71,25,25,3,0
71,25,25,4,0
71,25,25,5,0
71,25,25,6,0
71,25,25,7,0
71,25,25,8,0
71,25,25,9,0
71,25,25,10,0
71,25,25,11,0
71,25,25,12,0
71,25,25,13,0
71,25,25,14,0
71,25,25,15,0
71,25,25,16,0
71,25,25,17,0
71,25,25,18,0
71,25,25,19,0
71,25,25,20,0
71,25,25,21,0
71,25,25,0,0
71,26,26,1,0
71,26,26,2,0
71,26,26,3,0
71,26,26,4,0
71,26,26,5,0
71,26,26,6,0
71,26,26,7,0
71,26,26,8,0
71,26,26,9,0
71,26,26,10,0
71,26,26,11,0
71,26,26,12,0
71,26,26,13,0
71,26,26,14,0
71,26,26,15,0
71,26,26,16,0
71,26,26,17,0
71,26,26,18,0
71,26,26,19,0
71,26,26,20,0
71,26,26,21,0
71,26,26,0,0
71,26,26,1,202
71,26,26,2,0
71,26,26,3,9
71,26,26,4,127
71,26,26,5,1
71,26,26,6,1
71,26,26,7,1
71,26,26,8,0
71,26,26,9,0
71,26,26,10,0
71,26,26,11,0
71,26,26,12,1
71,26,26,13,155
71,26,26,14,0
71,26,26,15,0
71,26,26,16,2
71,26,26,17,1
71,26,26,18,0
71,26,26,19,1
71,26,26,20,1
71,26,26,21,1
71,26,26,0,2
71,27,27,1,304
71,27,27,2,1
71,27,27,3,27
71,27,27,4,199
71,27,27,5,1
71,27,27,6,0
71,27,27,7,1
71,27,27,8,0
71,27,27,9,0
71,27,27,10,0
71,27,27,11,1
71,27,27,12,2
71,27,27,13,190
71,27,27,14,0
71,27,27,15,1
71,27,27,16,2
71,27,27,17,4
71,27,27,18,2
71,27,27,19,0
71,27,27,20,1
71,27,27,21,0
71,27,27,0,3
71,27,27,1,0
71,27,27,2,0
71,27,27,3,0
71,27,27,4,0
71,27,27,5,0
71,27,27,6,0
71,27,27,7,0
71,27,27,8,0
71,27,27,9,0
71,27,27,10,0
71,27,27,11,0
71,27,27,12,0
71,27,27,13,0
71,27,27,14,0
71,27,27,15,0
71,27,27,16,0
71,27,27,17,0
71,27,27,18,0
71,27,27,19,0
71,27,27,20,0
71,27,27,21,0
71,27,27,0,0
71,28,28,1,207
71,28,28,2,1
71,28,28,3,11
71,28,28,4,202
71,28,28,5,4
71,28,28,6,1
71,28,28,7,0
71,28,28,8,0
71,28,28,9,0
71,28,28,10,0
71,28,28,11,0
71,28,28,12,1
71,28,28,13,166
71,28,28,14,0
71,28,28,15,0
71,28,28,16,1
71,28,28,17,2
71,28,28,18,1
71,28,28,19,1
71,28,28,20,1
71,28,28,21,0
71,28,28,0,1
71,29,29,1,355
71,29,29,2,2
71,29,29,3,11
71,29,29,4,98
71,29,29,5,0
71,29,29,6,0
71,29,29,7,0
71,29,29,8,1
71,29,29,9,0
71,29,29,10,0
71,29,29,11,0
71,29,29,12,0
71,29,29,13,168
71,29,29,14,0
71,29,29,15,1
71,29,29,16,3
71,29,29,17,5
71,29,29,18,1
71,29,29,19,4
71,29,29,20,0
71,29,29,21,0
71,29,29,0,2
71,30,30,1,269
71,30,30,2,2
71,30,30,3,55
71,30,30,4,216
71,30,30,5,0
71,30,30,6,0
71,30,30,7,1
71,30,30,8,0
71,30,30,9,0
71,30,30,10,0
71,30,30,11,1
71,30,30,12,1
71,30,30,13,170
71,30,30,14,1
71,30,30,15,0
71,30,30,16,3
71,30,30,17,4
71,30,30,18,2
71,30,30,19,1
71,30,30,20,1
71,30,30,21,0
71,30,30,0,1
71,31,31,1,405
71,31,31,2,0
71,31,31,3,14
71,31,31,4,158
71,31,31,5,1
71,31,31,6,0
71,31,31,7,0
71,31,31,8,0
71,31,31,9,0
71,31,31,10,0
71,31,31,11,0
71,31,31,12,1
71,31,31,13,198
71,31,31,14,0
71,31,31,15,1
71,31,31,16,4
71,31,31,17,0
71,31,31,18,0
71,31,31,19,0
71,31,31,20,0
71,31,31,21,0
71,31,31,0,1
71,32,32,1,497
71,32,32,2,0
71,32,32,3,20
71,32,32,4,102
71,32,32,5,0
71,32,32,6,0
71,32,32,7,0
71,32,32,8,0
71,32,32,9,0
71,32,32,10,0
71,32,32,11,1
71,32,32,12,2
71,32,32,13,125
71,32,32,14,1
71,32,32,15,0
71,32,32,16,2
71,32,32,17,2
71,32,32,18,0
71,32,32,19,0
71,32,32,20,0
71,32,32,21,1
71,32,32,0,5
71,33,33,1,434
71,33,33,2,0
71,33,33,3,19
71,33,33,4,154
71,33,33,5,1
71,33,33,6,0
71,33,33,7,0
71,33,33,8,0
71,33,33,9,0
71,33,33,10,0
71,33,33,11,0
71,33,33,12,0
71,33,33,13,233
71,33,33,14,0
71,33,33,15,0
71,33,33,16,0
71,33,33,17,3
71,33,33,18,0
71,33,33,19,1
71,33,33,20,1
71,33,33,21,0
71,33,33,0,2
71,34,34,1,442
71,34,34,2,4
71,34,34,3,12
71,34,34,4,171
71,34,34,5,0
71,34,34,6,0
71,34,34,7,0
71,34,34,8,0
71,34,34,9,1
71,34,34,10,0
71,34,34,11,0
71,34,34,12,0
71,34,34,13,120
71,34,34,14,0
71,34,34,15,0
71,34,34,16,1
71,34,34,17,1
71,34,34,18,0
71,34,34,19,2
71,34,34,20,2
71,34,34,21,0
71,34,34,0,2
71,35,35,1,143
71,35,35,2,0
71,35,35,3,11
71,35,35,4,120
71,35,35,5,1
71,35,35,6,0
71,35,35,7,0
71,35,35,8,0
71,35,35,9,0
71,35,35,10,0
71,35,35,11,0
71,35,35,12,0
71,35,35,13,96
71,35,35,14,0
71,35,35,15,0
71,35,35,16,0
71,35,35,17,1
71,35,35,18,0
71,35,35,19,0
71,35,35,20,2
71,35,35,21,0
71,35,35,0,1
71,36,36,1,261
71,36,36,2,4
71,36,36,3,24
71,36,36,4,267
71,36,36,5,0
71,36,36,6,0
71,36,36,7,0
71,36,36,8,0
71,36,36,9,0
71,36,36,10,0
71,36,36,11,3
71,36,36,12,2
71,36,36,13,209
71,36,36,14,0
71,36,36,15,0
71,36,36,16,3
71,36,36,17,0
71,36,36,18,1
71,36,36,19,0
71,36,36,20,1
71,36,36,21,2
71,36,36,0,4
71,37,37,1,377
71,37,37,2,3
71,37,37,3,17
71,37,37,4,306
71,37,37,5,0
71,37,37,6,6
71,37,37,7,0
71,37,37,8,0
71,37,37,9,0
71,37,37,10,0
71,37,37,11,1
71,37,37,12,0
71,37,37,13,139
71,37,37,14,0
71,37,37,15,0
71,37,37,16,3
71,37,37,17,2
71,37,37,18,0
71,37,37,19,0
71,37,37,20,1
71,37,37,21,0
71,37,37,0,3
71,38,38,1,304
71,38,38,2,2
71,38,38,3,13
71,38,38,4,130
71,38,38,5,0
71,38,38,6,0
71,38,38,7,0
71,38,38,8,0
71,38,38,9,0
71,38,38,10,0
71,38,38,11,0
71,38,38,12,2
71,38,38,13,141
71,38,38,14,0
71,38,38,15,2
71,38,38,16,0
71,38,38,17,3
71,38,38,18,0
71,38,38,19,0
71,38,38,20,1
71,38,38,21,0
71,38,38,0,1
71,38,38,1,0
71,38,38,2,0
71,38,38,3,0
71,38,38,4,0
71,38,38,5,0
71,38,38,6,0
71,38,38,7,0
71,38,38,8,0
71,38,38,9,0
71,38,38,10,0
71,38,38,11,0
71,38,38,12,0
71,38,38,13,0
71,38,38,14,0
71,38,38,15,0
71,38,38,16,0
71,38,38,17,0
71,38,38,18,0
71,38,38,19,0
71,38,38,20,0
71,38,38,21,0
71,38,38,0,0
71,39,39,1,275
71,39,39,2,1
71,39,39,3,15
71,39,39,4,159
71,39,39,5,0
71,39,39,6,1
71,39,39,7,0
71,39,39,8,0
71,39,39,9,0
71,39,39,10,0
71,39,39,11,0
71,39,39,12,0
71,39,39,13,147
71,39,39,14,1
71,39,39,15,1
71,39,39,16,0
71,39,39,17,0
71,39,39,18,0
71,39,39,19,0
71,39,39,20,1
71,39,39,21,0
71,39,39,0,3
71,39,39,1,0
71,39,39,2,0
71,39,39,3,0
71,39,39,4,0
71,39,39,5,0
71,39,39,6,0
71,39,39,7,0
71,39,39,8,0
71,39,39,9,0
71,39,39,10,0
71,39,39,11,0
71,39,39,12,0
71,39,39,13,0
71,39,39,14,0
71,39,39,15,0
71,39,39,16,0
71,39,39,17,0
71,39,39,18,0
71,39,39,19,0
71,39,39,20,0
71,39,39,21,0
71,39,39,0,0
71,40,40,1,201
71,40,40,2,1
71,40,40,3,4
71,40,40,4,135
71,40,40,5,0
71,40,40,6,0
71,40,40,7,0
71,40,40,8,0
71,40,40,9,0
71,40,40,10,0
71,40,40,11,1
71,40,40,12,1
71,40,40,13,99
71,40,40,14,1
71,40,40,15,0
71,40,40,16,2
71,40,40,17,10
71,40,40,18,0
71,40,40,19,1
71,40,40,20,3
71,40,40,21,1
71,40,40,0,0
71,40,40,1,0
71,40,40,2,0
71,40,40,3,0
71,40,40,4,0
71,40,40,5,0
71,40,40,6,0
71,40,40,7,0
71,40,40,8,0
71,40,40,9,0
71,40,40,10,0
71,40,40,11,0
71,40,40,12,0
71,40,40,13,0
71,40,40,14,0
71,40,40,15,0
71,40,40,16,0
71,40,40,17,0
71,40,40,18,0
71,40,40,19,0
71,40,40,20,0
71,40,40,21,0
71,40,40,0,0
71,41,41,1,221
71,41,41,2,3
71,41,41,3,22
71,41,41,4,173
71,41,41,5,1
71,41,41,6,0
71,41,41,7,0
71,41,41,8,0
71,41,41,9,0
71,41,41,10,0
71,41,41,11,0
71,41,41,12,0
71,41,41,13,193
71,41,41,14,0
71,41,41,15,0
71,41,41,16,0
71,41,41,17,5
71,41,41,18,0
71,41,41,19,0
71,41,41,20,5
71,41,41,21,2
71,41,41,0,0
71,42,42,1,423
71,42,42,2,1
71,42,42,3,34
71,42,42,4,304
71,42,42,5,0
71,42,42,6,0
71,42,42,7,0
71,42,42,8,0
71,42,42,9,0
71,42,42,10,0
71,42,42,11,0
71,42,42,12,0
71,42,42,13,183
71,42,42,14,0
71,42,42,15,1
71,42,42,16,2
71,42,42,17,7
71,42,42,18,0
71,42,42,19,3
71,42,42,20,2
71,42,42,21,0
71,42,42,0,0
71,43,43,1,428
71,43,43,2,1
71,43,43,3,9
71,43,43,4,165
71,43,43,5,1
71,43,43,6,0
71,43,43,7,0
71,43,43,8,1
71,43,43,9,0
71,43,43,10,0
71,43,43,11,0
71,43,43,12,3
71,43,43,13,126
71,43,43,14,0
71,43,43,15,0
71,43,43,16,1
71,43,43,17,2
71,43,43,18,0
71,43,43,19,2
71,43,43,20,0
71,43,43,21,1
71,43,43,0,2
71,44,44,1,292
71,44,44,2,1
71,44,44,3,18
71,44,44,4,118
71,44,44,5,1
71,44,44,6,9
71,44,44,7,0
71,44,44,8,0
71,44,44,9,0
71,44,44,10,0
71,44,44,11,0
71,44,44,12,1
71,44,44,13,162
71,44,44,14,0
71,44,44,15,1
71,44,44,16,0
71,44,44,17,1
71,44,44,18,1
71,44,44,19,0
71,44,44,20,0
71,44,44,21,1
71,44,44,0,0
71,45,45,1,282
71,45,45,2,1
71,45,45,3,7
71,45,45,4,169
71,45,45,5,1
71,45,45,6,0
71,45,45,7,0
71,45,45,8,0
71,45,45,9,0
71,45,45,10,1
71,45,45,11,2
71,45,45,12,0
71,45,45,13,171
71,45,45,14,0
71,45,45,15,0
71,45,45,16,4
71,45,45,17,2
71,45,45,18,0
71,45,45,19,2
71,45,45,20,0
71,45,45,21,0
71,45,45,0,2
71,46,46,1,175
71,46,46,2,1
71,46,46,3,17
71,46,46,4,163
71,46,46,5,0
71,46,46,6,0
71,46,46,7,0
71,46,46,8,0
71,46,46,9,0
71,46,46,10,0
71,46,46,11,0
71,46,46,12,2
71,46,46,13,227
71,46,46,14,1
71,46,46,15,1
71,46,46,16,3
71,46,46,17,2
71,46,46,18,1
71,46,46,19,0
71,46,46,20,1
71,46,46,21,0
71,46,46,0,1
71,47,47,1,187
71,47,47,2,0
71,47,47,3,6
71,47,47,4,143
71,47,47,5,0
71,47,47,6,3
71,47,47,7,0
71,47,47,8,0
71,47,47,9,0
71,47,47,10,0
71,47,47,11,0
71,47,47,12,0
71,47,47,13,176
71,47,47,14,0
71,47,47,15,0
71,47,47,16,0
71,47,47,17,1
71,47,47,18,0
71,47,47,19,1
71,47,47,20,0
71,47,47,21,0
71,47,47,0,0
71,48,48,1,329
71,48,48,2,2
71,48,48,3,7
71,48,48,4,83
71,48,48,5,1
71,48,48,6,14
71,48,48,7,0
71,48,48,8,0
71,48,48,9,0
71,48,48,10,0
71,48,48,11,1
71,48,48,12,2
71,48,48,13,131
71,48,48,14,1
71,48,48,15,1
71,48,48,16,1
71,48,48,17,2
71,48,48,18,0
71,48,48,19,0
71,48,48,20,1
71,48,48,21,0
71,48,48,0,0
71,49,49,1,455
71,49,49,2,1
71,49,49,3,17
71,49,49,4,195
71,49,49,5,3
71,49,49,6,0
71,49,49,7,0
71,49,49,8,0
71,49,49,9,0
71,49,49,10,0
71,49,49,11,2
71,49,49,12,0
71,49,49,13,203
71,49,49,14,0
71,49,49,15,1
71,49,49,16,0
71,49,49,17,4
71,49,49,18,2
71,49,49,19,0
71,49,49,20,0
71,49,49,21,0
71,49,49,0,2
71,50,50,1,131
71,50,50,2,1
71,50,50,3,12
71,50,50,4,166
71,50,50,5,2
71,50,50,6,0
71,50,50,7,0
71,50,50,8,0
71,50,50,9,0
71,50,50,10,1
71,50,50,11,0
71,50,50,12,1
71,50,50,13,173
71,50,50,14,0
71,50,50,15,1
71,50,50,16,1
71,50,50,17,2
71,50,50,18,1
71,50,50,19,1
71,50,50,20,1
71,50,50,21,0
71,50,50,0,2
71,51,51,1,0
71,51,51,2,0
71,51,51,3,0
71,51,51,4,0
71,51,51,5,0
71,51,51,6,0
71,51,51,7,0
71,51,51,8,0
71,51,51,9,0
71,51,51,10,0
71,51,51,11,0
71,51,51,12,0
71,51,51,13,0
71,51,51,14,0
71,51,51,15,0
71,51,51,16,0
71,51,51,17,0
71,51,51,18,0
71,51,51,19,0
71,51,51,20,0
71,51,51,21,0
71,51,51,0,0
71,51,51,1,177
71,51,51,2,0
71,51,51,3,11
71,51,51,4,114
71,51,51,5,1
71,51,51,6,1
71,51,51,7,2
71,51,51,8,0
71,51,51,9,0
71,51,51,10,1
71,51,51,11,0
71,51,51,12,0
71,51,51,13,248
71,51,51,14,1
71,51,51,15,0
71,51,51,16,4
71,51,51,17,1
71,51,51,18,0
71,51,51,19,0
71,51,51,20,2
71,51,51,21,0
71,51,51,0,0
71,52,52,1,0
71,52,52,2,0
71,52,52,3,0
71,52,52,4,0
71,52,52,5,0
71,52,52,6,0
71,52,52,7,0
71,52,52,8,0
71,52,52,9,0
71,52,52,10,0
71,52,52,11,0
71,52,52,12,0
71,52,52,13,0
71,52,52,14,0
71,52,52,15,0
71,52,52,16,0
71,52,52,17,0
71,52,52,18,0
71,52,52,19,0
71,52,52,20,0
71,52,52,21,0
71,52,52,0,0
71,52,52,1,275
71,52,52,2,0
71,52,52,3,6
71,52,52,4,104
71,52,52,5,2
71,52,52,6,0
71,52,52,7,0
71,52,52,8,0
71,52,52,9,1
71,52,52,10,0
71,52,52,11,0
71,52,52,12,0
71,52,52,13,123
71,52,52,14,0
71,52,52,15,1
71,52,52,16,1
71,52,52,17,2
71,52,52,18,1
71,52,52,19,0
71,52,52,20,0
71,52,52,21,0
71,52,52,0,1
71,53,53,1,318
71,53,53,2,0
71,53,53,3,7
71,53,53,4,133
71,53,53,5,2
71,53,53,6,2
71,53,53,7,0
71,53,53,8,0
71,53,53,9,0
71,53,53,10,1
71,53,53,11,0
71,53,53,12,0
71,53,53,13,138
71,53,53,14,0
71,53,53,15,2
71,53,53,16,2
71,53,53,17,5
71,53,53,18,0
71,53,53,19,3
71,53,53,20,0
71,53,53,21,0
71,53,53,0,2
71,53,53,1,0
71,53,53,2,0
71,53,53,3,0
71,53,53,4,0
71,53,53,5,0
71,53,53,6,0
71,53,53,7,0
71,53,53,8,0
71,53,53,9,0
71,53,53,10,0
71,53,53,11,0
71,53,53,12,0
71,53,53,13,0
71,53,53,14,0
71,53,53,15,0
71,53,53,16,0
71,53,53,17,0
71,53,53,18,0
71,53,53,19,0
71,53,53,20,0
71,53,53,21,0
71,53,53,0,0
71,54,54,1,329
71,54,54,2,0
71,54,54,3,8
71,54,54,4,119
71,54,54,5,1
71,54,54,6,1
71,54,54,7,0
71,54,54,8,0
71,54,54,9,0
71,54,54,10,0
71,54,54,11,0
71,54,54,12,1
71,54,54,13,132
71,54,54,14,0
71,54,54,15,0
71,54,54,16,2
71,54,54,17,6
71,54,54,18,0
71,54,54,19,0
71,54,54,20,0
71,54,54,21,1
71,54,54,0,2
71,55,55,1,225
71,55,55,2,1
71,55,55,3,18
71,55,55,4,153
71,55,55,5,1
71,55,55,6,1
71,55,55,7,0
71,55,55,8,0
71,55,55,9,0
71,55,55,10,2
71,55,55,11,0
71,55,55,12,2
71,55,55,13,210
71,55,55,14,0
71,55,55,15,1
71,55,55,16,2
71,55,55,17,4
71,55,55,18,1
71,55,55,19,0
71,55,55,20,2
71,55,55,21,2
71,55,55,0,0
71,56,56,1,204
71,56,56,2,0
71,56,56,3,8
71,56,56,4,85
71,56,56,5,2
71,56,56,6,0
71,56,56,7,0
71,56,56,8,0
71,56,56,9,0
71,56,56,10,0
71,56,56,11,0
71,56,56,12,0
71,56,56,13,91
71,56,56,14,0
71,56,56,15,0
71,56,56,16,0
71,56,56,17,1
71,56,56,18,0
71,56,56,19,1
71,56,56,20,2
71,56,56,21,1
71,56,56,0,0
71,57,57,1,309
71,57,57,2,2
71,57,57,3,7
71,57,57,4,68
71,57,57,5,1
71,57,57,6,0
71,57,57,7,0
71,57,57,8,0
71,57,57,9,0
71,57,57,10,0
71,57,57,11,0
71,57,57,12,0
71,57,57,13,100
71,57,57,14,1
71,57,57,15,1
71,57,57,16,1
71,57,57,17,2
71,57,57,18,0
71,57,57,19,0
71,57,57,20,2
71,57,57,21,0
71,57,57,0,0
71,58,58,1,391
71,58,58,2,1
71,58,58,3,15
71,58,58,4,114
71,58,58,5,1
71,58,58,6,1
71,58,58,7,1
71,58,58,8,2
71,58,58,9,0
71,58,58,10,0
71,58,58,11,0
71,58,58,12,1
71,58,58,13,169
71,58,58,14,0
71,58,58,15,3
71,58,58,16,10
71,58,58,17,3
71,58,58,18,2
71,58,58,19,0
71,58,58,20,3
71,58,58,21,0
71,58,58,0,2
71,59,59,1,294
71,59,59,2,0
71,59,59,3,14
71,59,59,4,130
71,59,59,5,0
71,59,59,6,1
71,59,59,7,0
71,59,59,8,0
71,59,59,9,1
71,59,59,10,0
71,59,59,11,0
71,59,59,12,1
71,59,59,13,154
71,59,59,14,1
71,59,59,15,1
71,59,59,16,7
71,59,59,17,0
71,59,59,18,0
71,59,59,19,0
71,59,59,20,0
71,59,59,21,0
71,59,59,0,0
71,60,60,1,261
71,60,60,2,2
71,60,60,3,28
71,60,60,4,218
71,60,60,5,0
71,60,60,6,1
71,60,60,7,1
71,60,60,8,0
71,60,60,9,0
71,60,60,10,0
71,60,60,11,1
71,60,60,12,2
71,60,60,13,329
71,60,60,14,0
71,60,60,15,0
71,60,60,16,0
71,60,60,17,0
71,60,60,18,0
71,60,60,19,0
71,60,60,20,0
71,60,60,21,0
71,60,60,0,0
71,61,61,1,538
71,61,61,2,2
71,61,61,3,34
71,61,61,4,179
71,61,61,5,2
71,61,61,6,0
71,61,61,7,0
71,61,61,8,0
71,61,61,9,0
71,61,61,10,0
71,61,61,11,1
71,61,61,12,2
71,61,61,13,223
71,61,61,14,0
71,61,61,15,1
71,61,61,16,6
71,61,61,17,0
71,61,61,18,2
71,61,61,19,1
71,61,61,20,1
71,61,61,21,0
71,61,61,0,4
71,62,62,1,190
71,62,62,2,3
71,62,62,3,13
71,62,62,4,213
71,62,62,5,0
71,62,62,6,2
71,62,62,7,0
71,62,62,8,0
71,62,62,9,0
71,62,62,10,0
71,62,62,11,0
71,62,62,12,0
71,62,62,13,201
71,62,62,14,0
71,62,62,15,3
71,62,62,16,3
71,62,62,17,1
71,62,62,18,1
71,62,62,19,2
71,62,62,20,2
71,62,62,21,0
71,62,62,0,0
71,63,63,1,179
71,63,63,2,2
71,63,63,3,16
71,63,63,4,187
71,63,63,5,1
71,63,63,6,1
71,63,63,7,1
71,63,63,8,0
71,63,63,9,0
71,63,63,10,0
71,63,63,11,0
71,63,63,12,1
71,63,63,13,180
71,63,63,14,1
71,63,63,15,2
71,63,63,16,4
71,63,63,17,2
71,63,63,18,1
71,63,63,19,1
71,63,63,20,0
71,63,63,21,0
71,63,63,0,1
71,64,64,1,312
71,64,64,2,4
71,64,64,3,22
71,64,64,4,127
71,64,64,5,4
71,64,64,6,0
71,64,64,7,0
71,64,64,8,0
71,64,64,9,0
71,64,64,10,0
71,64,64,11,0
71,64,64,12,2
71,64,64,13,181
71,64,64,14,0
71,64,64,15,0
71,64,64,16,2
71,64,64,17,2
71,64,64,18,0
71,64,64,19,3
71,64,64,20,2
71,64,64,21,4
71,64,64,0,0
71,64,64,1,0
71,64,64,2,0
71,64,64,3,0
71,64,64,4,0
71,64,64,5,0
71,64,64,6,0
71,64,64,7,0
71,64,64,8,0
71,64,64,9,0
71,64,64,10,0
71,64,64,11,0
71,64,64,12,0
71,64,64,13,0
71,64,64,14,0
71,64,64,15,0
71,64,64,16,0
71,64,64,17,0
71,64,64,18,0
71,64,64,19,0
71,64,64,20,0
71,64,64,21,0
71,64,64,0,0
71,65,65,1,342
71,65,65,2,2
71,65,65,3,11
71,65,65,4,127
71,65,65,5,3
71,65,65,6,3
71,65,65,7,0
71,65,65,8,0
71,65,65,9,0
71,65,65,10,0
71,65,65,11,0
71,65,65,12,1
71,65,65,13,147
71,65,65,14,0
71,65,65,15,1
71,65,65,16,1
71,65,65,17,5
71,65,65,18,0
71,65,65,19,1
71,65,65,20,0
71,65,65,21,0
71,65,65,0,2
71,65,65,1,0
71,65,65,2,0
71,65,65,3,0
71,65,65,4,0
71,65,65,5,0
71,65,65,6,0
71,65,65,7,0
71,65,65,8,0
71,65,65,9,0
71,65,65,10,0
71,65,65,11,0
71,65,65,12,0
71,65,65,13,0
71,65,65,14,0
71,65,65,15,0
71,65,65,16,0
71,65,65,17,0
71,65,65,18,0
71,65,65,19,0
71,65,65,20,0
71,65,65,21,0
71,65,65,0,0
71,66,66,1,396
71,66,66,2,2
71,66,66,3,9
71,66,66,4,133
71,66,66,5,0
71,66,66,6,0
71,66,66,7,0
71,66,66,8,0
71,66,66,9,0
71,66,66,10,0
71,66,66,11,0
71,66,66,12,1
71,66,66,13,220
71,66,66,14,0
71,66,66,15,1
71,66,66,16,4
71,66,66,17,9
71,66,66,18,3
71,66,66,19,1
71,66,66,20,6
71,66,66,21,2
71,66,66,0,1
71,66,66,1,0
71,66,66,2,0
71,66,66,3,0
71,66,66,4,0
71,66,66,5,0
71,66,66,6,0
71,66,66,7,0
71,66,66,8,0
71,66,66,9,0
71,66,66,10,0
71,66,66,11,0
71,66,66,12,0
71,66,66,13,0
71,66,66,14,0
71,66,66,15,0
71,66,66,16,0
71,66,66,17,0
71,66,66,18,0
71,66,66,19,0
71,66,66,20,0
71,66,66,21,0
71,66,66,0,0
71,67,67,1,201
71,67,67,2,2
71,67,67,3,10
71,67,67,4,131
71,67,67,5,1
71,67,67,6,0
71,67,67,7,0
71,67,67,8,0
71,67,67,9,0
71,67,67,10,1
71,67,67,11,0
71,67,67,12,0
71,67,67,13,188
71,67,67,14,0
71,67,67,15,0
71,67,67,16,0
71,67,67,17,2
71,67,67,18,0
71,67,67,19,3
71,67,67,20,2
71,67,67,21,1
71,67,67,0,0
71,68,68,1,297
71,68,68,2,2
71,68,68,3,25
71,68,68,4,275
71,68,68,5,1
71,68,68,6,0
71,68,68,7,0
71,68,68,8,0
71,68,68,9,0
71,68,68,10,0
71,68,68,11,0
71,68,68,12,1
71,68,68,13,371
71,68,68,14,0
71,68,68,15,1
71,68,68,16,2
71,68,68,17,0
71,68,68,18,0
71,68,68,19,0
71,68,68,20,1
71,68,68,21,0
71,68,68,0,0
71,69,69,1,350
71,69,69,2,1
71,69,69,3,12
71,69,69,4,172
71,69,69,5,4
71,69,69,6,1
71,69,69,7,0
71,69,69,8,0
71,69,69,9,0
71,69,69,10,0
71,69,69,11,3
71,69,69,12,0
71,69,69,13,161
71,69,69,14,0
71,69,69,15,3
71,69,69,16,0
71,69,69,17,0
71,69,69,18,0
71,69,69,19,1
71,69,69,20,0
71,69,69,21,0
71,69,69,0,2
71,70,70,1,317
71,70,70,2,4
71,70,70,3,18
71,70,70,4,101
71,70,70,5,1
71,70,70,6,0
71,70,70,7,0
71,70,70,8,0
71,70,70,9,0
71,70,70,10,0
71,70,70,11,0
71,70,70,12,1
71,70,70,13,195
71,70,70,14,0
71,70,70,15,2
71,70,70,16,4
71,70,70,17,2
71,70,70,18,2
71,70,70,19,3
71,70,70,20,2
71,70,70,21,1
71,70,70,0,0
71,71,71,1,524
71,71,71,2,3
71,71,71,3,28
71,71,71,4,161
71,71,71,5,0
71,71,71,6,0
71,71,71,7,0
71,71,71,8,0
71,71,71,9,0
71,71,71,10,0
71,71,71,11,0
71,71,71,12,1
71,71,71,13,207
71,71,71,14,0
71,71,71,15,3
71,71,71,16,5
71,71,71,17,2
71,71,71,18,1
71,71,71,19,1
71,71,71,20,1
71,71,71,21,0
71,71,71,0,0
71,72,72,1,221
71,72,72,2,2
71,72,72,3,8
71,72,72,4,103
71,72,72,5,1
71,72,72,6,0
71,72,72,7,1
71,72,72,8,0
71,72,72,9,0
71,72,72,10,0
71,72,72,11,0
71,72,72,12,0
71,72,72,13,137
71,72,72,14,0
71,72,72,15,2
71,72,72,16,1
71,72,72,17,1
71,72,72,18,0
71,72,72,19,0
71,72,72,20,1
71,72,72,21,0
71,72,72,0,3
71,73,73,1,316
71,73,73,2,0
71,73,73,3,22
71,73,73,4,197
71,73,73,5,1
71,73,73,6,0
71,73,73,7,0
71,73,73,8,0
71,73,73,9,0
71,73,73,10,0
71,73,73,11,0
71,73,73,12,0
71,73,73,13,193
71,73,73,14,0
71,73,73,15,1
71,73,73,16,4
71,73,73,17,0
71,73,73,18,0
71,73,73,19,0
71,73,73,20,0
71,73,73,21,0
71,73,73,0,0
71,74,74,1,221
71,74,74,2,1
71,74,74,3,3
71,74,74,4,82
71,74,74,5,2
71,74,74,6,0
71,74,74,7,1
71,74,74,8,0
71,74,74,9,0
71,74,74,10,1
71,74,74,11,0
71,74,74,12,3
71,74,74,13,102
71,74,74,14,0
71,74,74,15,1
71,74,74,16,1
71,74,74,17,2
71,74,74,18,0
71,74,74,19,1
71,74,74,20,1
71,74,74,21,0
71,74,74,0,0
71,75,75,1,156
71,75,75,2,0
71,75,75,3,15
71,75,75,4,206
71,75,75,5,2
71,75,75,6,0
71,75,75,7,0
71,75,75,8,0
71,75,75,9,0
71,75,75,10,0
71,75,75,11,0
71,75,75,12,1
71,75,75,13,234
71,75,75,14,0
71,75,75,15,1
71,75,75,16,2
71,75,75,17,6
71,75,75,18,1
71,75,75,19,0
71,75,75,20,2
71,75,75,21,0
71,75,75,0,1
71,76,76,1,335
71,76,76,2,0
71,76,76,3,10
71,76,76,4,185
71,76,76,5,3
71,76,76,6,1
71,76,76,7,0
71,76,76,8,0
71,76,76,9,0
71,76,76,10,0
71,76,76,11,0
71,76,76,12,4
71,76,76,13,241
71,76,76,14,1
71,76,76,15,1
71,76,76,16,0
71,76,76,17,1
71,76,76,18,0
71,76,76,19,0
71,76,76,20,2
71,76,76,21,0
71,76,76,0,1
71,77,77,1,347
71,77,77,2,1
71,77,77,3,21
71,77,77,4,182
71,77,77,5,0
71,77,77,6,0
71,77,77,7,0
71,77,77,8,0
71,77,77,9,0
71,77,77,10,0
71,77,77,11,0
71,77,77,12,1
71,77,77,13,155
71,77,77,14,0
71,77,77,15,2
71,77,77,16,1
71,77,77,17,0
71,77,77,18,1
71,77,77,19,2
71,77,77,20,3
71,77,77,21,1
71,77,77,0,1
71,78,78,1,175
71,78,78,2,1
71,78,78,3,28
71,78,78,4,237
71,78,78,5,0
71,78,78,6,0
71,78,78,7,0
71,78,78,8,0
71,78,78,9,0
71,78,78,10,0
71,78,78,11,0
71,78,78,12,1
71,78,78,13,315
71,78,78,14,0
71,78,78,15,0
71,78,78,16,2
71,78,78,17,0
71,78,78,18,0
71,78,78,19,0
71,78,78,20,1
71,78,78,21,1
71,78,78,0,3
71,78,78,1,0
71,78,78,2,0
71,78,78,3,0
71,78,78,4,0
71,78,78,5,0
71,78,78,6,0
71,78,78,7,0
71,78,78,8,0
71,78,78,9,0
71,78,78,10,0
71,78,78,11,0
71,78,78,12,0
71,78,78,13,0
71,78,78,14,0
71,78,78,15,0
71,78,78,16,0
71,78,78,17,0
71,78,78,18,0
71,78,78,19,0
71,78,78,20,0
71,78,78,21,0
71,78,78,0,0
71,79,79,1,425
71,79,79,2,1
71,79,79,3,15
71,79,79,4,184
71,79,79,5,1
71,79,79,6,0
71,79,79,7,1
71,79,79,8,0
71,79,79,9,0
71,79,79,10,0
71,79,79,11,1
71,79,79,12,6
71,79,79,13,245
71,79,79,14,0
71,79,79,15,0
71,79,79,16,3
71,79,79,17,1
71,79,79,18,0
71,79,79,19,0
71,79,79,20,1
71,79,79,21,0
71,79,79,0,1
71,79,79,1,0
71,79,79,2,0
71,79,79,3,0
71,79,79,4,0
71,79,79,5,0
71,79,79,6,0
71,79,79,7,0
71,79,79,8,0
71,79,79,9,0
71,79,79,10,0
71,79,79,11,0
71,79,79,12,0
71,79,79,13,0
71,79,79,14,0
71,79,79,15,0
71,79,79,16,0
71,79,79,17,0
71,79,79,18,0
71,79,79,19,0
71,79,79,20,0
71,79,79,21,0
71,79,79,0,0
71,80,80,1,337
71,80,80,2,1
71,80,80,3,17
71,80,80,4,77
71,80,80,5,0
71,80,80,6,0
71,80,80,7,0
71,80,80,8,0
71,80,80,9,0
71,80,80,10,0
71,80,80,11,0
71,80,80,12,1
71,80,80,13,152
71,80,80,14,0
71,80,80,15,0
71,80,80,16,1
71,80,80,17,3
71,80,80,18,1
71,80,80,19,0
71,80,80,20,1
71,80,80,21,0
71,80,80,0,0
71,80,80,1,0
71,80,80,2,0
71,80,80,3,0
71,80,80,4,0
71,80,80,5,0
71,80,80,6,0
71,80,80,7,0
71,80,80,8,0
71,80,80,9,0
71,80,80,10,0
71,80,80,11,0
71,80,80,12,0
71,80,80,13,0
71,80,80,14,0
71,80,80,15,0
71,80,80,16,0
71,80,80,17,0
71,80,80,18,0
71,80,80,19,0
71,80,80,20,0
71,80,80,21,0
71,80,80,0,0
71,81,81,1,252
71,81,81,2,2
71,81,81,3,8
71,81,81,4,97
71,81,81,5,1
71,81,81,6,0
71,81,81,7,0
71,81,81,8,0
71,81,81,9,0
71,81,81,10,0
71,81,81,11,0
71,81,81,12,1
71,81,81,13,130
71,81,81,14,0
71,81,81,15,1
71,81,81,16,2
71,81,81,17,0
71,81,81,18,1
71,81,81,19,0
71,81,81,20,2
71,81,81,21,0
71,81,81,0,0
71,82,82,1,463
71,82,82,2,1
71,82,82,3,11
71,82,82,4,93
71,82,82,5,1
71,82,82,6,1
71,82,82,7,0
71,82,82,8,0
71,82,82,9,0
71,82,82,10,0
71,82,82,11,0
71,82,82,12,1
71,82,82,13,172
71,82,82,14,0
71,82,82,15,0
71,82,82,16,3
71,82,82,17,0
71,82,82,18,0
71,82,82,19,1
71,82,82,20,0
71,82,82,21,0
71,82,82,0,0
71,83,83,1,236
71,83,83,2,2
71,83,83,3,22
71,83,83,4,257
71,83,83,5,3
71,83,83,6,1
71,83,83,7,0
71,83,83,8,0
71,83,83,9,0
71,83,83,10,0
71,83,83,11,0
71,83,83,12,1
71,83,83,13,182
71,83,83,14,2
71,83,83,15,2
71,83,83,16,3
71,83,83,17,6
71,83,83,18,0
71,83,83,19,1
71,83,83,20,3
71,83,83,21,0
71,83,83,0,3
71,84,84,1,187
71,84,84,2,0
71,84,84,3,10
71,84,84,4,89
71,84,84,5,0
71,84,84,6,0
71,84,84,7,0
71,84,84,8,0
71,84,84,9,0
71,84,84,10,0
71,84,84,11,1
71,84,84,12,1
71,84,84,13,222
71,84,84,14,0
71,84,84,15,1
71,84,84,16,1
71,84,84,17,1
71,84,84,18,1
71,84,84,19,0
71,84,84,20,0
71,84,84,21,0
71,84,84,0,0
71,85,85,1,248
71,85,85,2,1
71,85,85,3,24
71,85,85,4,225
71,85,85,5,1
71,85,85,6,0
71,85,85,7,0
71,85,85,8,0
71,85,85,9,0
71,85,85,10,0
71,85,85,11,1
71,85,85,12,4
71,85,85,13,323
71,85,85,14,1
71,85,85,15,0
71,85,85,16,4
71,85,85,17,2
71,85,85,18,0
71,85,85,19,0
71,85,85,20,0
71,85,85,21,0
71,85,85,0,0
71,86,86,1,255
71,86,86,2,2
71,86,86,3,7
71,86,86,4,186
71,86,86,5,0
71,86,86,6,1
71,86,86,7,0
71,86,86,8,0
71,86,86,9,0
71,86,86,10,0
71,86,86,11,1
71,86,86,12,3
71,86,86,13,280
71,86,86,14,0
71,86,86,15,1
71,86,86,16,1
71,86,86,17,4
71,86,86,18,1
71,86,86,19,1
71,86,86,20,1
71,86,86,21,1
71,86,86,0,1
71,87,87,1,293
71,87,87,2,2
71,87,87,3,12
71,87,87,4,124
71,87,87,5,1
71,87,87,6,0
71,87,87,7,0
71,87,87,8,0
71,87,87,9,0
71,87,87,10,0
71,87,87,11,0
71,87,87,12,3
71,87,87,13,191
71,87,87,14,1
71,87,87,15,1
71,87,87,16,2
71,87,87,17,0
71,87,87,18,2
71,87,87,19,3
71,87,87,20,1
71,87,87,21,0
71,87,87,0,3
71,88,88,1,211
71,88,88,2,0
71,88,88,3,29
71,88,88,4,271
71,88,88,5,1
71,88,88,6,1
71,88,88,7,1
71,88,88,8,0
71,88,88,9,0
71,88,88,10,0
71,88,88,11,1
71,88,88,12,3
71,88,88,13,259
71,88,88,14,2
71,88,88,15,1
71,88,88,16,3
71,88,88,17,2
71,88,88,18,1
71,88,88,19,1
71,88,88,20,0
71,88,88,21,0
71,88,88,0,2
71,89,89,1,388
71,89,89,2,0
71,89,89,3,10
71,89,89,4,190
71,89,89,5,2
71,89,89,6,1
71,89,89,7,1
71,89,89,8,0
71,89,89,9,1
71,89,89,10,0
71,89,89,11,0
71,89,89,12,0
71,89,89,13,296
71,89,89,14,0
71,89,89,15,0
71,89,89,16,2
71,89,89,17,3
71,89,89,18,1
71,89,89,19,0
71,89,89,20,0
71,89,89,21,0
71,89,89,0,2
71,90,90,1,300
71,90,90,2,3
71,90,90,3,17
71,90,90,4,130
71,90,90,5,1
71,90,90,6,0
71,90,90,7,0
71,90,90,8,1
71,90,90,9,0
71,90,90,10,0
71,90,90,11,0
71,90,90,12,1
71,90,90,13,258
71,90,90,14,0
71,90,90,15,0
71,90,90,16,3
71,90,90,17,2
71,90,90,18,0
71,90,90,19,2
71,90,90,20,0
71,90,90,21,1
71,90,90,0,0
71,91,91,1,233
71,91,91,2,0
71,91,91,3,14
71,91,91,4,121
71,91,91,5,0
71,91,91,6,0
71,91,91,7,0
71,91,91,8,0
71,91,91,9,0
71,91,91,10,0
71,91,91,11,0
71,91,91,12,1
71,91,91,13,178
71,91,91,14,1
71,91,91,15,1
71,91,91,16,0
71,91,91,17,1
71,91,91,18,0
71,91,91,19,1
71,91,91,20,1
71,91,91,21,0
71,91,91,0,2
71,91,91,1,0
71,91,91,2,0
71,91,91,3,0
71,91,91,4,0
71,91,91,5,0
71,91,91,6,0
71,91,91,7,0
71,91,91,8,0
71,91,91,9,0
71,91,91,10,0
71,91,91,11,0
71,91,91,12,0
71,91,91,13,0
71,91,91,14,0
71,91,91,15,0
71,91,91,16,0
71,91,91,17,0
71,91,91,18,0
71,91,91,19,0
71,91,91,20,0
71,91,91,21,0
71,91,91,0,0
71,92,92,1,0
71,92,92,2,0
71,92,92,3,0
71,92,92,4,0
71,92,92,5,0
71,92,92,6,0
71,92,92,7,0
71,92,92,8,0
71,92,92,9,0
71,92,92,10,0
71,92,92,11,0
71,92,92,12,0
71,92,92,13,0
71,92,92,14,0
71,92,92,15,0
71,92,92,16,0
71,92,92,17,0
71,92,92,18,0
71,92,92,19,0
71,92,92,20,0
71,92,92,21,0
71,92,92,0,0
71,92,92,1,377
71,92,92,2,1
71,92,92,3,3
71,92,92,4,61
71,92,92,5,0
71,92,92,6,0
71,92,92,7,0
71,92,92,8,0
71,92,92,9,0
71,92,92,10,1
71,92,92,11,0
71,92,92,12,1
71,92,92,13,96
71,92,92,14,0
71,92,92,15,0
71,92,92,16,4
71,92,92,17,5
71,92,92,18,0
71,92,92,19,0
71,92,92,20,1
71,92,92,21,0
71,92,92,0,1
71,93,93,1,156
71,93,93,2,2
71,93,93,3,12
71,93,93,4,64
71,93,93,5,1
71,93,93,6,0
71,93,93,7,1
71,93,93,8,0
71,93,93,9,0
71,93,93,10,0
71,93,93,11,1
71,93,93,12,2
71,93,93,13,162
71,93,93,14,1
71,93,93,15,0
71,93,93,16,2
71,93,93,17,1
71,93,93,18,1
71,93,93,19,1
71,93,93,20,0
71,93,93,21,0
71,93,93,0,0
71,93,93,1,0
71,93,93,2,0
71,93,93,3,0
71,93,93,4,0
71,93,93,5,0
71,93,93,6,0
71,93,93,7,0
71,93,93,8,0
71,93,93,9,0
71,93,93,10,0
71,93,93,11,0
71,93,93,12,0
71,93,93,13,0
71,93,93,14,0
71,93,93,15,0
71,93,93,16,0
71,93,93,17,0
71,93,93,18,0
71,93,93,19,0
71,93,93,20,0
71,93,93,21,0
71,93,93,0,0
71,94,94,1,403
71,94,94,2,2
71,94,94,3,23
71,94,94,4,166
71,94,94,5,2
71,94,94,6,1
71,94,94,7,0
71,94,94,8,0
71,94,94,9,0
71,94,94,10,0
71,94,94,11,1
71,94,94,12,1
71,94,94,13,259
71,94,94,14,1
71,94,94,15,0
71,94,94,16,2
71,94,94,17,6
71,94,94,18,3
71,94,94,19,1
71,94,94,20,3
71,94,94,21,1
71,94,94,0,0
71,95,95,1,257
71,95,95,2,1
71,95,95,3,7
71,95,95,4,108
71,95,95,5,1
71,95,95,6,0
71,95,95,7,0
71,95,95,8,0
71,95,95,9,0
71,95,95,10,0
71,95,95,11,0
71,95,95,12,2
71,95,95,13,104
71,95,95,14,0
71,95,95,15,0
71,95,95,16,4
71,95,95,17,4
71,95,95,18,0
71,95,95,19,0
71,95,95,20,0
71,95,95,21,1
71,95,95,0,3
71,96,96,1,294
71,96,96,2,2
71,96,96,3,7
71,96,96,4,65
71,96,96,5,0
71,96,96,6,0
71,96,96,7,0
71,96,96,8,0
71,96,96,9,0
71,96,96,10,0
71,96,96,11,0
71,96,96,12,0
71,96,96,13,107
71,96,96,14,0
71,96,96,15,1
71,96,96,16,1
71,96,96,17,0
71,96,96,18,2
71,96,96,19,1
71,96,96,20,1
71,96,96,21,0
71,96,96,0,0
71,97,97,1,330
71,97,97,2,0
71,97,97,3,24
71,97,97,4,263
71,97,97,5,0
71,97,97,6,0
71,97,97,7,0
71,97,97,8,0
71,97,97,9,1
71,97,97,10,0
71,97,97,11,0
71,97,97,12,0
71,97,97,13,167
71,97,97,14,0
71,97,97,15,0
71,97,97,16,0
71,97,97,17,3
71,97,97,18,1
71,97,97,19,2
71,97,97,20,6
71,97,97,21,0
71,97,97,0,1
71,98,98,1,323
71,98,98,2,3
71,98,98,3,17
71,98,98,4,125
71,98,98,5,0
71,98,98,6,0
71,98,98,7,0
71,98,98,8,0
71,98,98,9,0
71,98,98,10,0
71,98,98,11,0
71,98,98,12,2
71,98,98,13,231
71,98,98,14,1
71,98,98,15,2
71,98,98,16,0
71,98,98,17,6
71,98,98,18,1
71,98,98,19,4
71,98,98,20,0
71,98,98,21,0
71,98,98,0,0
71,99,99,1,261
71,99,99,2,3
71,99,99,3,15
71,99,99,4,142
71,99,99,5,0
71,99,99,6,0
71,99,99,7,0
71,99,99,8,0
71,99,99,9,0
71,99,99,10,0
71,99,99,11,0
71,99,99,12,4
71,99,99,13,159
71,99,99,14,0
71,99,99,15,0
71,99,99,16,0
71,99,99,17,0
71,99,99,18,0
71,99,99,19,1
71,99,99,20,0
71,99,99,21,0
71,99,99,0,3
71,100,100,1,138
71,100,100,2,1
71,100,100,3,4
71,100,100,4,173
71,100,100,5,0
71,100,100,6,0
71,100,100,7,0
71,100,100,8,0
71,100,100,9,1
71,100,100,10,0
71,100,100,11,0
71,100,100,12,1
71,100,100,13,174
71,100,100,14,0
71,100,100,15,1
71,100,100,16,1
71,100,100,17,0
71,100,100,18,0
71,100,100,19,2
71,100,100,20,1
71,100,100,21,0
71,100,100,0,0
71,101,101,1,255
71,101,101,2,2
71,101,101,3,28
71,101,101,4,184
71,101,101,5,1
71,101,101,6,0
71,101,101,7,1
71,101,101,8,0
71,101,101,9,0
71,101,101,10,0
71,101,101,11,0
71,101,101,12,3
71,101,101,13,262
71,101,101,14,0
71,101,101,15,0
71,101,101,16,6
71,101,101,17,0
71,101,101,18,0
71,101,101,19,0
71,101,101,20,1
71,101,101,21,1
71,101,101,0,0
71,102,102,1,267
71,102,102,2,1
71,102,102,3,10
71,102,102,4,159
71,102,102,5,0
71,102,102,6,0
71,102,102,7,0
71,102,102,8,0
71,102,102,9,0
71,102,102,10,0
71,102,102,11,0
71,102,102,12,10
71,102,102,13,230
71,102,102,14,0
71,102,102,15,1
71,102,102,16,1
71,102,102,17,2
71,102,102,18,1
71,102,102,19,0
71,102,102,20,4
71,102,102,21,0
71,102,102,0,1
71,103,103,1,569
71,103,103,2,0
71,103,103,3,16
71,103,103,4,222
71,103,103,5,0
71,103,103,6,0
71,103,103,7,0
71,103,103,8,0
71,103,103,9,0
71,103,103,10,0
71,103,103,11,1
71,103,103,12,0
71,103,103,13,208
71,103,103,14,0
71,103,103,15,2
71,103,103,16,2
71,103,103,17,3
71,103,103,18,0
71,103,103,19,0
71,103,103,20,1
71,103,103,21,0
71,103,103,0,2
71,104,104,1,281
71,104,104,2,0
71,104,104,3,7
71,104,104,4,155
71,104,104,5,2
71,104,104,6,0
71,104,104,7,0
71,104,104,8,0
71,104,104,9,0
71,104,104,10,0
71,104,104,11,0
71,104,104,12,1
71,104,104,13,215
71,104,104,14,1
71,104,104,15,1
71,104,104,16,2
71,104,104,17,3
71,104,104,18,0
71,104,104,19,0
71,104,104,20,0
71,104,104,21,0
71,104,104,0,0
71,104,104,1,0
71,104,104,2,0
71,104,104,3,0
71,104,104,4,0
71,104,104,5,0
71,104,104,6,0
71,104,104,7,0
71,104,104,8,0
71,104,104,9,0
71,104,104,10,0
71,104,104,11,0
71,104,104,12,0
71,104,104,13,0
71,104,104,14,0
71,104,104,15,0
71,104,104,16,0
71,104,104,17,0
71,104,104,18,0
71,104,104,19,0
71,104,104,20,0
71,104,104,21,0
71,104,104,0,0
71,105,105,1,0
71,105,105,2,0
71,105,105,3,0
71,105,105,4,0
71,105,105,5,0
71,105,105,6,0
71,105,105,7,0
71,105,105,8,0
71,105,105,9,0
71,105,105,10,0
71,105,105,11,0
71,105,105,12,0
71,105,105,13,0
71,105,105,14,0
71,105,105,15,0
71,105,105,16,0
71,105,105,17,0
71,105,105,18,0
71,105,105,19,0
71,105,105,20,0
71,105,105,21,0
71,105,105,0,0
71,105,105,1,112
71,105,105,2,1
71,105,105,3,11
71,105,105,4,132
71,105,105,5,0
71,105,105,6,0
71,105,105,7,0
71,105,105,8,0
71,105,105,9,0
71,105,105,10,0
71,105,105,11,0
71,105,105,12,0
71,105,105,13,60
71,105,105,14,1
71,105,105,15,0
71,105,105,16,0
71,105,105,17,0
71,105,105,18,0
71,105,105,19,0
71,105,105,20,2
71,105,105,21,0
71,105,105,0,0
71,106,106,1,0
71,106,106,2,0
71,106,106,3,0
71,106,106,4,0
71,106,106,5,0
71,106,106,6,0
71,106,106,7,0
71,106,106,8,0
71,106,106,9,0
71,106,106,10,0
71,106,106,11,0
71,106,106,12,0
71,106,106,13,0
71,106,106,14,0
71,106,106,15,0
71,106,106,16,0
71,106,106,17,0
71,106,106,18,0
71,106,106,19,0
71,106,106,20,0
71,106,106,21,0
71,106,106,0,0
71,106,106,1,444
71,106,106,2,0
71,106,106,3,20
71,106,106,4,204
71,106,106,5,2
71,106,106,6,0
71,106,106,7,0
71,106,106,8,0
71,106,106,9,0
71,106,106,10,0
71,106,106,11,0
71,106,106,12,2
71,106,106,13,233
71,106,106,14,2
71,106,106,15,0
71,106,106,16,7
71,106,106,17,2
71,106,106,18,1
71,106,106,19,2
71,106,106,20,2
71,106,106,21,1
71,106,106,0,0
71,107,107,1,290
71,107,107,2,2
71,107,107,3,12
71,107,107,4,210
71,107,107,5,0
71,107,107,6,0
71,107,107,7,0
71,107,107,8,1
71,107,107,9,0
71,107,107,10,0
71,107,107,11,1
71,107,107,12,2
71,107,107,13,274
71,107,107,14,1
71,107,107,15,0
71,107,107,16,5
71,107,107,17,1
71,107,107,18,0
71,107,107,19,2
71,107,107,20,3
71,107,107,21,0
71,107,107,0,2
71,108,108,1,173
71,108,108,2,0
71,108,108,3,7
71,108,108,4,179
71,108,108,5,0
71,108,108,6,1
71,108,108,7,0
71,108,108,8,0
71,108,108,9,0
71,108,108,10,0
71,108,108,11,1
71,108,108,12,1
71,108,108,13,155
71,108,108,14,0
71,108,108,15,0
71,108,108,16,1
71,108,108,17,2
71,108,108,18,0
71,108,108,19,0
71,108,108,20,5
71,108,108,21,0
71,108,108,0,0
71,109,109,1,150
71,109,109,2,3
71,109,109,3,4
71,109,109,4,133
71,109,109,5,0
71,109,109,6,0
71,109,109,7,0
71,109,109,8,0
71,109,109,9,0
71,109,109,10,0
71,109,109,11,0
71,109,109,12,1
71,109,109,13,77
71,109,109,14,0
71,109,109,15,0
71,109,109,16,4
71,109,109,17,5
71,109,109,18,1
71,109,109,19,2
71,109,109,20,5
71,109,109,21,0
71,109,109,0,1
71,110,110,1,209
71,110,110,2,4
71,110,110,3,14
71,110,110,4,230
71,110,110,5,2
71,110,110,6,0
71,110,110,7,0
71,110,110,8,1
71,110,110,9,0
71,110,110,10,0
71,110,110,11,0
71,110,110,12,1
71,110,110,13,215
71,110,110,14,0
71,110,110,15,0
71,110,110,16,6
71,110,110,17,0
71,110,110,18,0
71,110,110,19,0
71,110,110,20,1
71,110,110,21,1
71,110,110,0,0
71,111,111,1,339
71,111,111,2,3
71,111,111,3,15
71,111,111,4,170
71,111,111,5,0
71,111,111,6,1
71,111,111,7,1
71,111,111,8,0
71,111,111,9,0
71,111,111,10,0
71,111,111,11,0
71,111,111,12,2
71,111,111,13,255
71,111,111,14,1
71,111,111,15,0
71,111,111,16,2
71,111,111,17,2
71,111,111,18,0
71,111,111,19,1
71,111,111,20,2
71,111,111,21,2
71,111,111,0,0
71,112,112,1,266
71,112,112,2,1
71,112,112,3,27
71,112,112,4,190
71,112,112,5,1
71,112,112,6,1
71,112,112,7,0
71,112,112,8,0
71,112,112,9,0
71,112,112,10,1
71,112,112,11,1
71,112,112,12,1
71,112,112,13,306
71,112,112,14,0
71,112,112,15,0
71,112,112,16,1
71,112,112,17,2
71,112,112,18,0
71,112,112,19,0
71,112,112,20,2
71,112,112,21,1
71,112,112,0,1
71,113,113,1,320
71,113,113,2,1
71,113,113,3,4
71,113,113,4,154
71,113,113,5,0
71,113,113,6,0
71,113,113,7,0
71,113,113,8,0
71,113,113,9,0
71,113,113,10,0
71,113,113,11,0
71,113,113,12,0
71,113,113,13,168
71,113,113,14,0
71,113,113,15,0
71,113,113,16,1
71,113,113,17,1
71,113,113,18,0
71,113,113,19,0
71,113,113,20,0
71,113,113,21,1
71,113,113,0,1
71,114,114,1,262
71,114,114,2,0
71,114,114,3,13
71,114,114,4,125
71,114,114,5,1
71,114,114,6,0
71,114,114,7,0
71,114,114,8,0
71,114,114,9,0
71,114,114,10,0
71,114,114,11,0
71,114,114,12,0
71,114,114,13,239
71,114,114,14,0
71,114,114,15,0
71,114,114,16,1
71,114,114,17,1
71,114,114,18,1
71,114,114,19,0
71,114,114,20,0
71,114,114,21,0
71,114,114,0,0
71,115,115,1,204
71,115,115,2,2
71,115,115,3,22
71,115,115,4,216
71,115,115,5,0
71,115,115,6,0
71,115,115,7,0
71,115,115,8,0
71,115,115,9,0
71,115,115,10,0
71,115,115,11,0
71,115,115,12,0
71,115,115,13,218
71,115,115,14,0
71,115,115,15,2
71,115,115,16,0
71,115,115,17,1
71,115,115,18,0
71,115,115,19,0
71,115,115,20,1
71,115,115,21,0
71,115,115,0,1
71,116,116,1,179
71,116,116,2,1
71,116,116,3,22
71,116,116,4,154
71,116,116,5,0
71,116,116,6,0
71,116,116,7,0
71,116,116,8,0
71,116,116,9,0
71,116,116,10,0
71,116,116,11,0
71,116,116,12,1
71,116,116,13,204
71,116,116,14,1
71,116,116,15,0
71,116,116,16,1
71,116,116,17,2
71,116,116,18,2
71,116,116,19,0
71,116,116,20,0
71,116,116,21,0
71,116,116,0,0
71,117,117,1,0
71,117,117,2,0
71,117,117,3,0
71,117,117,4,0
71,117,117,5,0
71,117,117,6,0
71,117,117,7,0
71,117,117,8,0
71,117,117,9,0
71,117,117,10,0
71,117,117,11,0
71,117,117,12,0
71,117,117,13,0
71,117,117,14,0
71,117,117,15,0
71,117,117,16,0
71,117,117,17,0
71,117,117,18,0
71,117,117,19,0
71,117,117,20,0
71,117,117,21,0
71,117,117,0,0
71,117,117,1,623
71,117,117,2,0
71,117,117,3,14
71,117,117,4,100
71,117,117,5,0
71,117,117,6,0
71,117,117,7,0
71,117,117,8,0
71,117,117,9,0
71,117,117,10,0
71,117,117,11,0
71,117,117,12,0
71,117,117,13,155
71,117,117,14,2
71,117,117,15,3
71,117,117,16,3
71,117,117,17,9
71,117,117,18,0
71,117,117,19,1
71,117,117,20,1
71,117,117,21,1
71,117,117,0,3
71,118,118,1,0
71,118,118,2,0
71,118,118,3,0
71,118,118,4,0
71,118,118,5,0
71,118,118,6,0
71,118,118,7,0
71,118,118,8,0
71,118,118,9,0
71,118,118,10,0
71,118,118,11,0
71,118,118,12,0
71,118,118,13,0
71,118,118,14,0
71,118,118,15,0
71,118,118,16,0
71,118,118,17,0
71,118,118,18,0
71,118,118,19,0
71,118,118,20,0
71,118,118,21,0
71,118,118,0,0
71,118,118,1,636
71,118,118,2,0
71,118,118,3,20
71,118,118,4,132
71,118,118,5,3
71,118,118,6,0
71,118,118,7,0
71,118,118,8,0
71,118,118,9,0
71,118,118,10,0
71,118,118,11,0
71,118,118,12,3
71,118,118,13,250
71,118,118,14,1
71,118,118,15,0
71,118,118,16,2
71,118,118,17,4
71,118,118,18,0
71,118,118,19,1
71,118,118,20,0
71,118,118,21,0
71,118,118,0,2
71,119,119,1,302
71,119,119,2,2
71,119,119,3,10
71,119,119,4,79
71,119,119,5,1
71,119,119,6,0
71,119,119,7,1
71,119,119,8,0
71,119,119,9,0
71,119,119,10,0
71,119,119,11,0
71,119,119,12,1
71,119,119,13,122
71,119,119,14,0
71,119,119,15,0
71,119,119,16,0
71,119,119,17,2
71,119,119,18,0
71,119,119,19,0
71,119,119,20,0
71,119,119,21,0
71,119,119,0,1
71,119,119,1,0
71,119,119,2,0
71,119,119,3,0
71,119,119,4,0
71,119,119,5,0
71,119,119,6,0
71,119,119,7,0
71,119,119,8,0
71,119,119,9,0
71,119,119,10,0
71,119,119,11,0
71,119,119,12,0
71,119,119,13,0
71,119,119,14,0
71,119,119,15,0
71,119,119,16,0
71,119,119,17,0
71,119,119,18,0
71,119,119,19,0
71,119,119,20,0
71,119,119,21,0
71,119,119,0,0
71,120,120,1,334
71,120,120,2,0
71,120,120,3,10
71,120,120,4,63
71,120,120,5,0
71,120,120,6,0
71,120,120,7,0
71,120,120,8,0
71,120,120,9,0
71,120,120,10,0
71,120,120,11,0
71,120,120,12,2
71,120,120,13,167
71,120,120,14,1
71,120,120,15,2
71,120,120,16,7
71,120,120,17,1
71,120,120,18,0
71,120,120,19,1
71,120,120,20,0
71,120,120,21,0
71,120,120,0,1
71,121,121,1,425
71,121,121,2,1
71,121,121,3,21
71,121,121,4,207
71,121,121,5,0
71,121,121,6,0
71,121,121,7,0
71,121,121,8,1
71,121,121,9,0
71,121,121,10,0
71,121,121,11,0
71,121,121,12,4
71,121,121,13,242
71,121,121,14,0
71,121,121,15,0
71,121,121,16,4
71,121,121,17,3
71,121,121,18,1
71,121,121,19,1
71,121,121,20,0
71,121,121,21,0
71,121,121,0,0
71,122,122,1,407
71,122,122,2,1
71,122,122,3,30
71,122,122,4,167
71,122,122,5,0
71,122,122,6,0
71,122,122,7,0
71,122,122,8,1
71,122,122,9,0
71,122,122,10,0
71,122,122,11,0
71,122,122,12,2
71,122,122,13,202
71,122,122,14,0
71,122,122,15,3
71,122,122,16,3
71,122,122,17,1
71,122,122,18,0
71,122,122,19,1
71,122,122,20,0
71,122,122,21,0
71,122,122,0,1
71,123,123,1,359
71,123,123,2,0
71,123,123,3,15
71,123,123,4,142
71,123,123,5,1
71,123,123,6,0
71,123,123,7,0
71,123,123,8,0
71,123,123,9,0
71,123,123,10,0
71,123,123,11,0
71,123,123,12,0
71,123,123,13,126
71,123,123,14,0
71,123,123,15,0
71,123,123,16,3
71,123,123,17,0
71,123,123,18,0
71,123,123,19,1
71,123,123,20,1
71,123,123,21,1
71,123,123,0,0
71,124,124,1,360
71,124,124,2,2
71,124,124,3,15
71,124,124,4,149
71,124,124,5,1
71,124,124,6,1
71,124,124,7,1
71,124,124,8,0
71,124,124,9,0
71,124,124,10,1
71,124,124,11,1
71,124,124,12,2
71,124,124,13,125
71,124,124,14,0
71,124,124,15,0
71,124,124,16,2
71,124,124,17,1
71,124,124,18,0
71,124,124,19,0
71,124,124,20,4
71,124,124,21,0
71,124,124,0,2
71,125,125,1,429
71,125,125,2,2
71,125,125,3,14
71,125,125,4,61
71,125,125,5,1
71,125,125,6,0
71,125,125,7,0
71,125,125,8,0
71,125,125,9,0
71,125,125,10,0
71,125,125,11,0
71,125,125,12,0
71,125,125,13,63
71,125,125,14,0
71,125,125,15,0
71,125,125,16,1
71,125,125,17,3
71,125,125,18,0
71,125,125,19,1
71,125,125,20,0
71,125,125,21,1
71,125,125,0,0
71,126,126,1,350
71,126,126,2,0
71,126,126,3,29
71,126,126,4,138
71,126,126,5,1
71,126,126,6,0
71,126,126,7,0
71,126,126,8,0
71,126,126,9,0
71,126,126,10,0
71,126,126,11,0
71,126,126,12,3
71,126,126,13,164
71,126,126,14,0
71,126,126,15,0
71,126,126,16,2
71,126,126,17,1
71,126,126,18,0
71,126,126,19,0
71,126,126,20,1
71,126,126,21,1
71,126,126,0,1
71,127,127,1,204
71,127,127,2,1
71,127,127,3,18
71,127,127,4,182
71,127,127,5,0
71,127,127,6,0
71,127,127,7,0
71,127,127,8,0
71,127,127,9,0
71,127,127,10,0
71,127,127,11,0
71,127,127,12,0
71,127,127,13,188
71,127,127,14,0
71,127,127,15,0
71,127,127,16,1
71,127,127,17,1
71,127,127,18,0
71,127,127,19,0
71,127,127,20,0
71,127,127,21,0
71,127,127,0,0
71,128,128,1,145
71,128,128,2,0
71,128,128,3,11
71,128,128,4,207
71,128,128,5,3
71,128,128,6,0
71,128,128,7,0
71,128,128,8,0
71,128,128,9,0
71,128,128,10,0
71,128,128,11,0
71,128,128,12,3
71,128,128,13,241
71,128,128,14,1
71,128,128,15,0
71,128,128,16,2
71,128,128,17,1
71,128,128,18,2
71,128,128,19,1
71,128,128,20,1
71,128,128,21,0
71,128,128,0,0
71,129,129,1,177
71,129,129,2,2
71,129,129,3,23
71,129,129,4,336
71,129,129,5,3
71,129,129,6,3
71,129,129,7,0
71,129,129,8,3
71,129,129,9,0
71,129,129,10,0
71,129,129,11,0
71,129,129,12,4
71,129,129,13,257
71,129,129,14,1
71,129,129,15,0
71,129,129,16,1
71,129,129,17,1
71,129,129,18,1
71,129,129,19,1
71,129,129,20,3
71,129,129,21,0
71,129,129,0,1
71,130,130,1,332
71,130,130,2,1
71,130,130,3,16
71,130,130,4,96
71,130,130,5,1
71,130,130,6,0
71,130,130,7,0
71,130,130,8,0
71,130,130,9,0
71,130,130,10,0
71,130,130,11,0
71,130,130,12,0
71,130,130,13,98
71,130,130,14,0
71,130,130,15,0
71,130,130,16,2
71,130,130,17,1
71,130,130,18,1
71,130,130,19,0
71,130,130,20,1
71,130,130,21,0
71,130,130,0,2
71,131,131,1,292
71,131,131,2,2
71,131,131,3,16
71,131,131,4,229
71,131,131,5,1
71,131,131,6,0
71,131,131,7,1
71,131,131,8,0
71,131,131,9,1
71,131,131,10,0
71,131,131,11,0
71,131,131,12,4
71,131,131,13,354
71,131,131,14,0
71,131,131,15,1
71,131,131,16,0
71,131,131,17,1
71,131,131,18,0
71,131,131,19,0
71,131,131,20,1
71,131,131,21,0
71,131,131,0,1
71,131,131,1,0
71,131,131,2,0
71,131,131,3,0
71,131,131,4,0
71,131,131,5,0
71,131,131,6,0
71,131,131,7,0
71,131,131,8,0
71,131,131,9,0
71,131,131,10,0
71,131,131,11,0
71,131,131,12,0
71,131,131,13,0
71,131,131,14,0
71,131,131,15,0
71,131,131,16,0
71,131,131,17,0
71,131,131,18,0
71,131,131,19,0
71,131,131,20,0
71,131,131,21,0
71,131,131,0,0
71,132,132,1,114
71,132,132,2,1
71,132,132,3,9
71,132,132,4,226
71,132,132,5,0
71,132,132,6,0
71,132,132,7,0
71,132,132,8,0
71,132,132,9,0
71,132,132,10,0
71,132,132,11,0
71,132,132,12,0
71,132,132,13,233
71,132,132,14,2
71,132,132,15,1
71,132,132,16,0
71,132,132,17,2
71,132,132,18,0
71,132,132,19,2
71,132,132,20,0
71,132,132,21,0
71,132,132,0,1
71,132,132,1,0
71,132,132,2,0
71,132,132,3,0
71,132,132,4,0
71,132,132,5,0
71,132,132,6,0
71,132,132,7,0
71,132,132,8,0
71,132,132,9,0
71,132,132,10,0
71,132,132,11,0
71,132,132,12,0
71,132,132,13,0
71,132,132,14,0
71,132,132,15,0
71,132,132,16,0
71,132,132,17,0
71,132,132,18,0
71,132,132,19,0
71,132,132,20,0
71,132,132,21,0
71,132,132,0,0
71,133,133,1,128
71,133,133,2,1
71,133,133,3,18
71,133,133,4,200
71,133,133,5,0
71,133,133,6,1
71,133,133,7,0
71,133,133,8,1
71,133,133,9,0
71,133,133,10,0
71,133,133,11,0
71,133,133,12,0
71,133,133,13,226
71,133,133,14,0
71,133,133,15,0
71,133,133,16,0
71,133,133,17,0
71,133,133,18,0
71,133,133,19,0
71,133,133,20,1
71,133,133,21,0
71,133,133,0,1
71,133,133,1,0
71,133,133,2,0
71,133,133,3,0
71,133,133,4,0
71,133,133,5,0
71,133,133,6,0
71,133,133,7,0
71,133,133,8,0
71,133,133,9,0
71,133,133,10,0
71,133,133,11,0
71,133,133,12,0
71,133,133,13,0
71,133,133,14,0
71,133,133,15,0
71,133,133,16,0
71,133,133,17,0
71,133,133,18,0
71,133,133,19,0
71,133,133,20,0
71,133,133,21,0
71,133,133,0,0
71,134,134,1,409
71,134,134,2,0
71,134,134,3,23
71,134,134,4,203
71,134,134,5,2
71,134,134,6,3
71,134,134,7,0
71,134,134,8,0
71,134,134,9,0
71,134,134,10,0
71,134,134,11,0
71,134,134,12,5
71,134,134,13,264
71,134,134,14,0
71,134,134,15,0
71,134,134,16,2
71,134,134,17,1
71,134,134,18,0
71,134,134,19,2
71,134,134,20,3
71,134,134,21,0
71,134,134,0,2
71,135,135,1,350
71,135,135,2,0
71,135,135,3,13
71,135,135,4,254
71,135,135,5,0
71,135,135,6,0
71,135,135,7,0
71,135,135,8,1
71,135,135,9,0
71,135,135,10,0
71,135,135,11,1
71,135,135,12,3
71,135,135,13,278
71,135,135,14,1
71,135,135,15,0
71,135,135,16,0
71,135,135,17,0
71,135,135,18,1
71,135,135,19,0
71,135,135,20,0
71,135,135,21,0
71,135,135,0,1
71,136,136,1,515
71,136,136,2,4
71,136,136,3,29
71,136,136,4,234
71,136,136,5,1
71,136,136,6,1
71,136,136,7,0
71,136,136,8,0
71,136,136,9,0
71,136,136,10,0
71,136,136,11,0
71,136,136,12,1
71,136,136,13,254
71,136,136,14,0
71,136,136,15,2
71,136,136,16,3
71,136,136,17,2
71,136,136,18,1
71,136,136,19,0
71,136,136,20,0
71,136,136,21,1
71,136,136,0,2
71,137,137,1,315
71,137,137,2,0
71,137,137,3,19
71,137,137,4,110
71,137,137,5,0
71,137,137,6,0
71,137,137,7,0
71,137,137,8,0
71,137,137,9,0
71,137,137,10,0
71,137,137,11,0
71,137,137,12,0
71,137,137,13,156
71,137,137,14,0
71,137,137,15,0
71,137,137,16,0
71,137,137,17,1
71,137,137,18,0
71,137,137,19,0
71,137,137,20,2
71,137,137,21,0
71,137,137,0,0
71,138,138,1,220
71,138,138,2,0
71,138,138,3,15
71,138,138,4,217
71,138,138,5,0
71,138,138,6,0
71,138,138,7,0
71,138,138,8,0
71,138,138,9,0
71,138,138,10,0
71,138,138,11,0
71,138,138,12,2
71,138,138,13,172
71,138,138,14,0
71,138,138,15,0
71,138,138,16,0
71,138,138,17,4
71,138,138,18,1
71,138,138,19,0
71,138,138,20,2
71,138,138,21,0
71,138,138,0,1
71,139,139,1,418
71,139,139,2,0
71,139,139,3,21
71,139,139,4,182
71,139,139,5,1
71,139,139,6,0
71,139,139,7,0
71,139,139,8,0
71,139,139,9,0
71,139,139,10,0
71,139,139,11,0
71,139,139,12,0
71,139,139,13,181
71,139,139,14,1
71,139,139,15,1
71,139,139,16,2
71,139,139,17,6
71,139,139,18,2
71,139,139,19,1
71,139,139,20,1
71,139,139,21,0
71,139,139,0,1
71,140,140,1,291
71,140,140,2,1
71,140,140,3,13
71,140,140,4,114
71,140,140,5,0
71,140,140,6,0
71,140,140,7,0
71,140,140,8,0
71,140,140,9,0
71,140,140,10,1
71,140,140,11,0
71,140,140,12,0
71,140,140,13,84
71,140,140,14,0
71,140,140,15,1
71,140,140,16,0
71,140,140,17,0
71,140,140,18,0
71,140,140,19,0
71,140,140,20,1
71,140,140,21,0
71,140,140,0,1
71,141,141,1,262
71,141,141,2,0
71,141,141,3,14
71,141,141,4,137
71,141,141,5,2
71,141,141,6,0
71,141,141,7,0
71,141,141,8,0
71,141,141,9,1
71,141,141,10,0
71,141,141,11,0
71,141,141,12,1
71,141,141,13,122
71,141,141,14,1
71,141,141,15,1
71,141,141,16,2
71,141,141,17,1
71,141,141,18,0
71,141,141,19,1
71,141,141,20,0
71,141,141,21,0
71,141,141,0,1
71,142,142,1,441
71,142,142,2,0
71,142,142,3,15
71,142,142,4,141
71,142,142,5,0
71,142,142,6,0
71,142,142,7,0
71,142,142,8,2
71,142,142,9,0
71,142,142,10,0
71,142,142,11,0
71,142,142,12,3
71,142,142,13,153
71,142,142,14,0
71,142,142,15,3
71,142,142,16,6
71,142,142,17,0
71,142,142,18,1
71,142,142,19,0
71,142,142,20,1
71,142,142,21,1
71,142,142,0,1
71,143,143,1,340
71,143,143,2,3
71,143,143,3,28
71,143,143,4,290
71,143,143,5,1
71,143,143,6,0
71,143,143,7,0
71,143,143,8,0
71,143,143,9,0
71,143,143,10,0
71,143,143,11,1
71,143,143,12,4
71,143,143,13,176
71,143,143,14,0
71,143,143,15,4
71,143,143,16,3
71,143,143,17,4
71,143,143,18,0
71,143,143,19,2
71,143,143,20,1
71,143,143,21,3
71,143,143,0,1
71,144,144,1,191
71,144,144,2,5
71,144,144,3,6
71,144,144,4,161
71,144,144,5,0
71,144,144,6,0
71,144,144,7,0
71,144,144,8,0
71,144,144,9,0
71,144,144,10,0
71,144,144,11,0
71,144,144,12,3
71,144,144,13,225
71,144,144,14,0
71,144,144,15,1
71,144,144,16,1
71,144,144,17,2
71,144,144,18,1
71,144,144,19,0
71,144,144,20,0
71,144,144,21,0
71,144,144,0,0
71,145,145,1,0
71,145,145,2,0
71,145,145,3,0
71,145,145,4,0
71,145,145,5,0
71,145,145,6,0
71,145,145,7,0
71,145,145,8,0
71,145,145,9,0
71,145,145,10,0
71,145,145,11,0
71,145,145,12,0
71,145,145,13,0
71,145,145,14,0
71,145,145,15,0
71,145,145,16,0
71,145,145,17,0
71,145,145,18,0
71,145,145,19,0
71,145,145,20,0
71,145,145,21,0
71,145,145,0,0
71,145,145,1,310
71,145,145,2,1
71,145,145,3,7
71,145,145,4,132
71,145,145,5,1
71,145,145,6,0
71,145,145,7,0
71,145,145,8,0
71,145,145,9,0
71,145,145,10,0
71,145,145,11,1
71,145,145,12,0
71,145,145,13,216
71,145,145,14,0
71,145,145,15,3
71,145,145,16,2
71,145,145,17,6
71,145,145,18,1
71,145,145,19,1
71,145,145,20,2
71,145,145,21,3
71,145,145,0,0
71,146,146,1,0
71,146,146,2,0
71,146,146,3,0
71,146,146,4,0
71,146,146,5,0
71,146,146,6,0
71,146,146,7,0
71,146,146,8,0
71,146,146,9,0
71,146,146,10,0
71,146,146,11,0
71,146,146,12,0
71,146,146,13,0
71,146,146,14,0
71,146,146,15,0
71,146,146,16,0
71,146,146,17,0
71,146,146,18,0
71,146,146,19,0
71,146,146,20,0
71,146,146,21,0
71,146,146,0,0
71,146,146,1,441
71,146,146,2,0
71,146,146,3,21
71,146,146,4,141
71,146,146,5,1
71,146,146,6,0
71,146,146,7,0
71,146,146,8,0
71,146,146,9,0
71,146,146,10,0
71,146,146,11,0
71,146,146,12,1
71,146,146,13,92
71,146,146,14,0
71,146,146,15,0
71,146,146,16,3
71,146,146,17,2
71,146,146,18,0
71,146,146,19,2
71,146,146,20,1
71,146,146,21,1
71,146,146,0,2
71,147,147,1,0
71,147,147,2,0
71,147,147,3,0
71,147,147,4,0
71,147,147,5,0
71,147,147,6,0
71,147,147,7,0
71,147,147,8,0
71,147,147,9,0
71,147,147,10,0
71,147,147,11,0
71,147,147,12,0
71,147,147,13,0
71,147,147,14,0
71,147,147,15,0
71,147,147,16,0
71,147,147,17,0
71,147,147,18,0
71,147,147,19,0
71,147,147,20,0
71,147,147,21,0
71,147,147,0,0
71,147,147,1,283
71,147,147,2,0
71,147,147,3,11
71,147,147,4,121
71,147,147,5,0
71,147,147,6,0
71,147,147,7,0
71,147,147,8,0
71,147,147,9,0
71,147,147,10,0
71,147,147,11,0
71,147,147,12,1
71,147,147,13,146
71,147,147,14,0
71,147,147,15,0
71,147,147,16,0
71,147,147,17,4
71,147,147,18,0
71,147,147,19,1
71,147,147,20,2
71,147,147,21,1
71,147,147,0,1
71,148,148,1,532
71,148,148,2,1
71,148,148,3,24
71,148,148,4,259
71,148,148,5,2
71,148,148,6,9
71,148,148,7,1
71,148,148,8,0
71,148,148,9,0
71,148,148,10,1
71,148,148,11,1
71,148,148,12,0
71,148,148,13,168
71,148,148,14,1
71,148,148,15,0
71,148,148,16,5
71,148,148,17,5
71,148,148,18,1
71,148,148,19,2
71,148,148,20,3
71,148,148,21,0
71,148,148,0,4
71,149,149,1,416
71,149,149,2,0
71,149,149,3,17
71,149,149,4,156
71,149,149,5,0
71,149,149,6,1
71,149,149,7,0
71,149,149,8,1
71,149,149,9,0
71,149,149,10,0
71,149,149,11,0
71,149,149,12,1
71,149,149,13,84
71,149,149,14,0
71,149,149,15,0
71,149,149,16,0
71,149,149,17,2
71,149,149,18,0
71,149,149,19,0
71,149,149,20,0
71,149,149,21,0
71,149,149,0,0
71,150,150,1,279
71,150,150,2,2
71,150,150,3,16
71,150,150,4,177
71,150,150,5,2
71,150,150,6,1
71,150,150,7,0
71,150,150,8,0
71,150,150,9,0
71,150,150,10,0
71,150,150,11,0
71,150,150,12,1
71,150,150,13,174
71,150,150,14,0
71,150,150,15,0
71,150,150,16,5
71,150,150,17,0
71,150,150,18,0
71,150,150,19,0
71,150,150,20,0
71,150,150,21,1
71,150,150,0,3
71,151,151,1,371
71,151,151,2,3
71,151,151,3,26
71,151,151,4,207
71,151,151,5,1
71,151,151,6,1
71,151,151,7,0
71,151,151,8,2
71,151,151,9,0
71,151,151,10,0
71,151,151,11,0
71,151,151,12,1
71,151,151,13,236
71,151,151,14,1
71,151,151,15,1
71,151,151,16,1
71,151,151,17,1
71,151,151,18,0
71,151,151,19,0
71,151,151,20,2
71,151,151,21,0
71,151,151,0,1
71,152,152,1,128
71,152,152,2,1
71,152,152,3,24
71,152,152,4,243
71,152,152,5,1
71,152,152,6,0
71,152,152,7,1
71,152,152,8,0
71,152,152,9,0
71,152,152,10,0
71,152,152,11,0
71,152,152,12,1
71,152,152,13,217
71,152,152,14,0
71,152,152,15,1
71,152,152,16,1
71,152,152,17,3
71,152,152,18,1
71,152,152,19,2
71,152,152,20,0
71,152,152,21,0
71,152,152,0,1
71,153,153,1,154
71,153,153,2,0
71,153,153,3,12
71,153,153,4,360
71,153,153,5,3
71,153,153,6,0
71,153,153,7,0
71,153,153,8,0
71,153,153,9,0
71,153,153,10,0
71,153,153,11,0
71,153,153,12,0
71,153,153,13,165
71,153,153,14,0
71,153,153,15,0
71,153,153,16,1
71,153,153,17,0
71,153,153,18,0
71,153,153,19,0
71,153,153,20,1
71,153,153,21,1
71,153,153,0,1
71,154,154,1,386
71,154,154,2,1
71,154,154,3,11
71,154,154,4,75
71,154,154,5,0
71,154,154,6,0
71,154,154,7,0
71,154,154,8,0
71,154,154,9,0
71,154,154,10,0
71,154,154,11,1
71,154,154,12,0
71,154,154,13,129
71,154,154,14,0
71,154,154,15,2
71,154,154,16,1
71,154,154,17,1
71,154,154,18,0
71,154,154,19,1
71,154,154,20,0
71,154,154,21,0
71,154,154,0,1
71,155,155,1,203
71,155,155,2,1
71,155,155,3,12
71,155,155,4,81
71,155,155,5,0
71,155,155,6,0
71,155,155,7,0
71,155,155,8,0
71,155,155,9,0
71,155,155,10,0
71,155,155,11,0
71,155,155,12,0
71,155,155,13,97
71,155,155,14,0
71,155,155,15,0
71,155,155,16,0
71,155,155,17,0
71,155,155,18,0
71,155,155,19,2
71,155,155,20,2
71,155,155,21,0
71,155,155,0,0
71,156,156,1,442
71,156,156,2,4
71,156,156,3,32
71,156,156,4,182
71,156,156,5,1
71,156,156,6,0
71,156,156,7,2
71,156,156,8,0
71,156,156,9,0
71,156,156,10,0
71,156,156,11,0
71,156,156,12,2
71,156,156,13,260
71,156,156,14,1
71,156,156,15,2
71,156,156,16,3
71,156,156,17,6
71,156,156,18,1
71,156,156,19,1
71,156,156,20,2
71,156,156,21,2
71,156,156,0,4
71,157,157,1,226
71,157,157,2,0
71,157,157,3,22
71,157,157,4,187
71,157,157,5,0
71,157,157,6,0
71,157,157,7,0
71,157,157,8,0
71,157,157,9,0
71,157,157,10,0
71,157,157,11,0
71,157,157,12,3
71,157,157,13,251
71,157,157,14,1
71,157,157,15,2
71,157,157,16,1
71,157,157,17,1
71,157,157,18,0
71,157,157,19,0
71,157,157,20,2
71,157,157,21,0
71,157,157,0,1
71,158,158,1,383
71,158,158,2,1
71,158,158,3,13
71,158,158,4,124
71,158,158,5,0
71,158,158,6,0
71,158,158,7,1
71,158,158,8,0
71,158,158,9,0
71,158,158,10,0
71,158,158,11,0
71,158,158,12,0
71,158,158,13,143
71,158,158,14,0
71,158,158,15,2
71,158,158,16,1
71,158,158,17,3
71,158,158,18,0
71,158,158,19,0
71,158,158,20,1
71,158,158,21,0
71,158,158,0,1
71,159,159,1,0
71,159,159,2,0
71,159,159,3,0
71,159,159,4,0
71,159,159,5,0
71,159,159,6,0
71,159,159,7,0
71,159,159,8,0
71,159,159,9,0
71,159,159,10,0
71,159,159,11,0
71,159,159,12,0
71,159,159,13,0
71,159,159,14,0
71,159,159,15,0
71,159,159,16,0
71,159,159,17,0
71,159,159,18,0
71,159,159,19,0
71,159,159,20,0
71,159,159,21,0
71,159,159,0,0
71,159,159,1,228
71,159,159,2,1
71,159,159,3,11
71,159,159,4,141
71,159,159,5,0
71,159,159,6,0
71,159,159,7,0
71,159,159,8,0
71,159,159,9,0
71,159,159,10,0
71,159,159,11,1
71,159,159,12,3
71,159,159,13,147
71,159,159,14,1
71,159,159,15,0
71,159,159,16,2
71,159,159,17,0
71,159,159,18,1
71,159,159,19,0
71,159,159,20,1
71,159,159,21,0
71,159,159,0,0
71,160,160,1,387
71,160,160,2,3
71,160,160,3,16
71,160,160,4,140
71,160,160,5,0
71,160,160,6,0
71,160,160,7,0
71,160,160,8,0
71,160,160,9,0
71,160,160,10,0
71,160,160,11,0
71,160,160,12,1
71,160,160,13,148
71,160,160,14,0
71,160,160,15,2
71,160,160,16,2
71,160,160,17,0
71,160,160,18,0
71,160,160,19,1
71,160,160,20,0
71,160,160,21,0
71,160,160,0,0
71,160,160,1,0
71,160,160,2,0
71,160,160,3,0
71,160,160,4,0
71,160,160,5,0
71,160,160,6,0
71,160,160,7,0
71,160,160,8,0
71,160,160,9,0
71,160,160,10,0
71,160,160,11,0
71,160,160,12,0
71,160,160,13,0
71,160,160,14,0
71,160,160,15,0
71,160,160,16,0
71,160,160,17,0
71,160,160,18,0
71,160,160,19,0
71,160,160,20,0
71,160,160,21,0
71,160,160,0,0
71,161,161,1,0
71,161,161,2,0
71,161,161,3,0
71,161,161,4,0
71,161,161,5,0
71,161,161,6,0
71,161,161,7,0
71,161,161,8,0
71,161,161,9,0
71,161,161,10,0
71,161,161,11,0
71,161,161,12,0
71,161,161,13,0
71,161,161,14,0
71,161,161,15,0
71,161,161,16,0
71,161,161,17,0
71,161,161,18,0
71,161,161,19,0
71,161,161,20,0
71,161,161,21,0
71,161,161,0,0
71,161,161,1,302
71,161,161,2,2
71,161,161,3,10
71,161,161,4,173
71,161,161,5,1
71,161,161,6,0
71,161,161,7,0
71,161,161,8,0
71,161,161,9,0
71,161,161,10,0
71,161,161,11,0
71,161,161,12,0
71,161,161,13,143
71,161,161,14,0
71,161,161,15,2
71,161,161,16,1
71,161,161,17,0
71,161,161,18,0
71,161,161,19,0
71,161,161,20,0
71,161,161,21,0
71,161,161,0,1
71,162,162,1,152
71,162,162,2,0
71,162,162,3,3
71,162,162,4,139
71,162,162,5,0
71,162,162,6,0
71,162,162,7,0
71,162,162,8,0
71,162,162,9,0
71,162,162,10,0
71,162,162,11,0
71,162,162,12,0
71,162,162,13,98
71,162,162,14,0
71,162,162,15,0
71,162,162,16,1
71,162,162,17,3
71,162,162,18,0
71,162,162,19,1
71,162,162,20,0
71,162,162,21,0
71,162,162,0,0
71,163,163,1,178
71,163,163,2,1
71,163,163,3,15
71,163,163,4,235
71,163,163,5,1
71,163,163,6,1
71,163,163,7,0
71,163,163,8,0
71,163,163,9,0
71,163,163,10,1
71,163,163,11,0
71,163,163,12,0
71,163,163,13,184
71,163,163,14,0
71,163,163,15,1
71,163,163,16,5
71,163,163,17,4
71,163,163,18,0
71,163,163,19,0
71,163,163,20,1
71,163,163,21,0
71,163,163,0,0
71,164,164,1,415
71,164,164,2,2
71,164,164,3,25
71,164,164,4,242
71,164,164,5,1
71,164,164,6,0
71,164,164,7,0
71,164,164,8,0
71,164,164,9,0
71,164,164,10,0
71,164,164,11,0
71,164,164,12,1
71,164,164,13,230
71,164,164,14,0
71,164,164,15,1
71,164,164,16,0
71,164,164,17,0
71,164,164,18,0
71,164,164,19,1
71,164,164,20,0
71,164,164,21,0
71,164,164,0,1
71,165,165,1,314
71,165,165,2,0
71,165,165,3,11
71,165,165,4,164
71,165,165,5,0
71,165,165,6,0
71,165,165,7,0
71,165,165,8,0
71,165,165,9,0
71,165,165,10,0
71,165,165,11,0
71,165,165,12,1
71,165,165,13,154
71,165,165,14,0
71,165,165,15,0
71,165,165,16,1
71,165,165,17,3
71,165,165,18,1
71,165,165,19,2
71,165,165,20,1
71,165,165,21,0
71,165,165,0,3
71,166,166,1,188
71,166,166,2,2
71,166,166,3,21
71,166,166,4,193
71,166,166,5,1
71,166,166,6,0
71,166,166,7,1
71,166,166,8,0
71,166,166,9,2
71,166,166,10,0
71,166,166,11,0
71,166,166,12,1
71,166,166,13,287
71,166,166,14,3
71,166,166,15,0
71,166,166,16,2
71,166,166,17,0
71,166,166,18,0
71,166,166,19,0
71,166,166,20,2
71,166,166,21,0
71,166,166,0,2
71,167,167,1,237
71,167,167,2,0
71,167,167,3,9
71,167,167,4,114
71,167,167,5,1
71,167,167,6,0
71,167,167,7,0
71,167,167,8,0
71,167,167,9,0
71,167,167,10,0
71,167,167,11,0
71,167,167,12,2
71,167,167,13,160
71,167,167,14,0
71,167,167,15,0
71,167,167,16,1
71,167,167,17,3
71,167,167,18,0
71,167,167,19,0
71,167,167,20,0
71,167,167,21,0
71,167,167,0,0
71,168,168,1,307
71,168,168,2,0
71,168,168,3,14
71,168,168,4,205
71,168,168,5,0
71,168,168,6,0
71,168,168,7,0
71,168,168,8,0
71,168,168,9,1
71,168,168,10,0
71,168,168,11,0
71,168,168,12,0
71,168,168,13,141
71,168,168,14,0
71,168,168,15,0
71,168,168,16,0
71,168,168,17,0
71,168,168,18,0
71,168,168,19,0
71,168,168,20,2
71,168,168,21,1
71,168,168,0,2
71,169,169,1,162
71,169,169,2,0
71,169,169,3,8
71,169,169,4,41
71,169,169,5,0
71,169,169,6,0
71,169,169,7,0
71,169,169,8,0
71,169,169,9,0
71,169,169,10,0
71,169,169,11,0
71,169,169,12,1
71,169,169,13,64
71,169,169,14,0
71,169,169,15,1
71,169,169,16,0
71,169,169,17,0
71,169,169,18,0
71,169,169,19,0
71,169,169,20,0
71,169,169,21,0
71,169,169,0,0
71,170,170,1,580
71,170,170,2,2
71,170,170,3,9
71,170,170,4,182
71,170,170,5,1
71,170,170,6,0
71,170,170,7,0
71,170,170,8,0
71,170,170,9,0
71,170,170,10,0
71,170,170,11,0
71,170,170,12,0
71,170,170,13,178
71,170,170,14,0
71,170,170,15,1
71,170,170,16,2
71,170,170,17,1
71,170,170,18,1
71,170,170,19,2
71,170,170,20,2
71,170,170,21,0
71,170,170,0,2
71,171,171,1,309
71,171,171,2,0
71,171,171,3,12
71,171,171,4,214
71,171,171,5,0
71,171,171,6,0
71,171,171,7,0
71,171,171,8,1
71,171,171,9,0
71,171,171,10,0
71,171,171,11,0
71,171,171,12,0
71,171,171,13,183
71,171,171,14,0
71,171,171,15,0
71,171,171,16,1
71,171,171,17,1
71,171,171,18,0
71,171,171,19,0
71,171,171,20,1
71,171,171,21,0
71,171,171,0,0
71,172,172,1,234
71,172,172,2,0
71,172,172,3,11
71,172,172,4,93
71,172,172,5,0
71,172,172,6,1
71,172,172,7,0
71,172,172,8,0
71,172,172,9,0
71,172,172,10,0
71,172,172,11,0
71,172,172,12,0
71,172,172,13,99
71,172,172,14,0
71,172,172,15,1
71,172,172,16,4
71,172,172,17,1
71,172,172,18,0
71,172,172,19,1
71,172,172,20,0
71,172,172,21,0
71,172,172,0,0
71,172,172,1,0
71,172,172,2,0
71,172,172,3,0
71,172,172,4,0
71,172,172,5,0
71,172,172,6,0
71,172,172,7,0
71,172,172,8,0
71,172,172,9,0
71,172,172,10,0
71,172,172,11,0
71,172,172,12,0
71,172,172,13,0
71,172,172,14,0
71,172,172,15,0
71,172,172,16,0
71,172,172,17,0
71,172,172,18,0
71,172,172,19,0
71,172,172,20,0
71,172,172,21,0
71,172,172,0,0
71,173,173,1,108
71,173,173,2,2
71,173,173,3,49
71,173,173,4,194
71,173,173,5,0
71,173,173,6,0
71,173,173,7,1
71,173,173,8,0
71,173,173,9,0
71,173,173,10,0
71,173,173,11,1
71,173,173,12,1
71,173,173,13,207
71,173,173,14,1
71,173,173,15,0
71,173,173,16,0
71,173,173,17,1
71,173,173,18,0
71,173,173,19,0
71,173,173,20,1
71,173,173,21,0
71,173,173,0,3
71,173,173,1,0
71,173,173,2,0
71,173,173,3,0
71,173,173,4,0
71,173,173,5,0
71,173,173,6,0
71,173,173,7,0
71,173,173,8,0
71,173,173,9,0
71,173,173,10,0
71,173,173,11,0
71,173,173,12,0
71,173,173,13,0
71,173,173,14,0
71,173,173,15,0
71,173,173,16,0
71,173,173,17,0
71,173,173,18,0
71,173,173,19,0
71,173,173,20,0
71,173,173,21,0
71,173,173,0,0
71,174,174,1,0
71,174,174,2,0
71,174,174,3,0
71,174,174,4,0
71,174,174,5,0
71,174,174,6,0
71,174,174,7,0
71,174,174,8,0
71,174,174,9,0
71,174,174,10,0
71,174,174,11,0
71,174,174,12,0
71,174,174,13,0
71,174,174,14,0
71,174,174,15,0
71,174,174,16,0
71,174,174,17,0
71,174,174,18,0
71,174,174,19,0
71,174,174,20,0
71,174,174,21,0
71,174,174,0,0
71,174,174,1,263
71,174,174,2,3
71,174,174,3,30
71,174,174,4,170
71,174,174,5,2
71,174,174,6,2
71,174,174,7,0
71,174,174,8,0
71,174,174,9,1
71,174,174,10,1
71,174,174,11,0
71,174,174,12,2
71,174,174,13,231
71,174,174,14,2
71,174,174,15,2
71,174,174,16,3
71,174,174,17,3
71,174,174,18,0
71,174,174,19,0
71,174,174,20,3
71,174,174,21,0
71,174,174,0,1
71,175,175,1,149
71,175,175,2,1
71,175,175,3,9
71,175,175,4,178
71,175,175,5,0
71,175,175,6,0
71,175,175,7,0
71,175,175,8,0
71,175,175,9,0
71,175,175,10,0
71,175,175,11,1
71,175,175,12,1
71,175,175,13,177
71,175,175,14,0
71,175,175,15,1
71,175,175,16,1
71,175,175,17,1
71,175,175,18,0
71,175,175,19,0
71,175,175,20,1
71,175,175,21,0
71,175,175,0,0
71,176,176,1,69
71,176,176,2,0
71,176,176,3,18
71,176,176,4,190
71,176,176,5,0
71,176,176,6,0
71,176,176,7,1
71,176,176,8,0
71,176,176,9,0
71,176,176,10,0
71,176,176,11,0
71,176,176,12,0
71,176,176,13,222
71,176,176,14,0
71,176,176,15,0
71,176,176,16,0
71,176,176,17,0
71,176,176,18,0
71,176,176,19,1
71,176,176,20,1
71,176,176,21,0
71,176,176,0,2
71,177,177,1,402
71,177,177,2,1
71,177,177,3,20
71,177,177,4,167
71,177,177,5,1
71,177,177,6,0
71,177,177,7,0
71,177,177,8,0
71,177,177,9,0
71,177,177,10,2
71,177,177,11,1
71,177,177,12,0
71,177,177,13,126
71,177,177,14,0
71,177,177,15,2
71,177,177,16,3
71,177,177,17,3
71,177,177,18,1
71,177,177,19,0
71,177,177,20,5
71,177,177,21,1
71,177,177,0,0
71,178,178,1,280
71,178,178,2,1
71,178,178,3,19
71,178,178,4,138
71,178,178,5,0
71,178,178,6,0
71,178,178,7,0
71,178,178,8,0
71,178,178,9,0
71,178,178,10,0
71,178,178,11,0
71,178,178,12,0
71,178,178,13,156
71,178,178,14,0
71,178,178,15,1
71,178,178,16,2
71,178,178,17,1
71,178,178,18,0
71,178,178,19,1
71,178,178,20,0
71,178,178,21,0
71,178,178,0,1
71,179,179,1,412
71,179,179,2,0
71,179,179,3,23
71,179,179,4,177
71,179,179,5,0
71,179,179,6,0
71,179,179,7,0
71,179,179,8,0
71,179,179,9,0
71,179,179,10,0
71,179,179,11,0
71,179,179,12,2
71,179,179,13,187
71,179,179,14,0
71,179,179,15,1
71,179,179,16,2
71,179,179,17,3
71,179,179,18,0
71,179,179,19,0
71,179,179,20,6
71,179,179,21,0
71,179,179,0,0
71,180,180,1,295
71,180,180,2,1
71,180,180,3,15
71,180,180,4,109
71,180,180,5,0
71,180,180,6,1
71,180,180,7,0
71,180,180,8,1
71,180,180,9,0
71,180,180,10,0
71,180,180,11,2
71,180,180,12,2
71,180,180,13,141
71,180,180,14,1
71,180,180,15,1
71,180,180,16,2
71,180,180,17,1
71,180,180,18,0
71,180,180,19,0
71,180,180,20,3
71,180,180,21,0
71,180,180,0,0
71,181,181,1,281
71,181,181,2,0
71,181,181,3,21
71,181,181,4,150
71,181,181,5,1
71,181,181,6,0
71,181,181,7,0
71,181,181,8,0
71,181,181,9,0
71,181,181,10,0
71,181,181,11,0
71,181,181,12,1
71,181,181,13,195
71,181,181,14,0
71,181,181,15,0
71,181,181,16,3
71,181,181,17,0
71,181,181,18,0
71,181,181,19,0
71,181,181,20,1
71,181,181,21,0
71,181,181,0,0
71,182,182,1,435
71,182,182,2,6
71,182,182,3,25
71,182,182,4,184
71,182,182,5,1
71,182,182,6,1
71,182,182,7,0
71,182,182,8,0
71,182,182,9,0
71,182,182,10,0
71,182,182,11,1
71,182,182,12,9
71,182,182,13,216
71,182,182,14,0
71,182,182,15,2
71,182,182,16,8
71,182,182,17,9
71,182,182,18,0
71,182,182,19,2
71,182,182,20,0
71,182,182,21,0
71,182,182,0,2
71,183,183,1,258
71,183,183,2,2
71,183,183,3,16
71,183,183,4,250
71,183,183,5,3
71,183,183,6,0
71,183,183,7,0
71,183,183,8,0
71,183,183,9,0
71,183,183,10,0
71,183,183,11,0
71,183,183,12,3
71,183,183,13,259
71,183,183,14,0
71,183,183,15,1
71,183,183,16,6
71,183,183,17,2
71,183,183,18,0
71,183,183,19,0
71,183,183,20,3
71,183,183,21,0
71,183,183,0,0
71,184,184,1,364
71,184,184,2,1
71,184,184,3,52
71,184,184,4,232
71,184,184,5,1
71,184,184,6,0
71,184,184,7,0
71,184,184,8,0
71,184,184,9,0
71,184,184,10,8
71,184,184,11,0
71,184,184,12,1
71,184,184,13,367
71,184,184,14,0
71,184,184,15,1
71,184,184,16,5
71,184,184,17,2
71,184,184,18,0
71,184,184,19,1
71,184,184,20,1
71,184,184,21,0
71,184,184,0,0
71,185,185,1,144
71,185,185,2,3
71,185,185,3,22
71,185,185,4,220
71,185,185,5,3
71,185,185,6,1
71,185,185,7,1
71,185,185,8,0
71,185,185,9,0
71,185,185,10,0
71,185,185,11,1
71,185,185,12,3
71,185,185,13,339
71,185,185,14,2
71,185,185,15,0
71,185,185,16,3
71,185,185,17,2
71,185,185,18,0
71,185,185,19,3
71,185,185,20,1
71,185,185,21,2
71,185,185,0,2
71,185,185,1,0
71,185,185,2,0
71,185,185,3,0
71,185,185,4,0
71,185,185,5,0
71,185,185,6,0
71,185,185,7,0
71,185,185,8,0
71,185,185,9,0
71,185,185,10,0
71,185,185,11,0
71,185,185,12,0
71,185,185,13,0
71,185,185,14,0
71,185,185,15,0
71,185,185,16,0
71,185,185,17,0
71,185,185,18,0
71,185,185,19,0
71,185,185,20,0
71,185,185,21,0
71,185,185,0,0
71,186,186,1,0
71,186,186,2,0
71,186,186,3,0
71,186,186,4,0
71,186,186,5,0
71,186,186,6,0
71,186,186,7,0
71,186,186,8,0
71,186,186,9,0
71,186,186,10,0
71,186,186,11,0
71,186,186,12,0
71,186,186,13,0
71,186,186,14,0
71,186,186,15,0
71,186,186,16,0
71,186,186,17,0
71,186,186,18,0
71,186,186,19,0
71,186,186,20,0
71,186,186,21,0
71,186,186,0,0
71,186,186,1,151
71,186,186,2,2
71,186,186,3,9
71,186,186,4,98
71,186,186,5,0
71,186,186,6,1
71,186,186,7,0
71,186,186,8,0
71,186,186,9,0
71,186,186,10,0
71,186,186,11,0
71,186,186,12,2
71,186,186,13,221
71,186,186,14,1
71,186,186,15,2
71,186,186,16,1
71,186,186,17,1
71,186,186,18,2
71,186,186,19,3
71,186,186,20,6
71,186,186,21,0
71,186,186,0,3
71,187,187,1,0
71,187,187,2,0
71,187,187,3,0
71,187,187,4,0
71,187,187,5,0
71,187,187,6,0
71,187,187,7,0
71,187,187,8,0
71,187,187,9,0
71,187,187,10,0
71,187,187,11,0
71,187,187,12,0
71,187,187,13,0
71,187,187,14,0
71,187,187,15,0
71,187,187,16,0
71,187,187,17,0
71,187,187,18,0
71,187,187,19,0
71,187,187,20,0
71,187,187,21,0
71,187,187,0,0
71,187,187,1,295
71,187,187,2,0
71,187,187,3,11
71,187,187,4,119
71,187,187,5,2
71,187,187,6,0
71,187,187,7,0
71,187,187,8,0
71,187,187,9,0
71,187,187,10,0
71,187,187,11,1
71,187,187,12,2
71,187,187,13,92
71,187,187,14,0
71,187,187,15,2
71,187,187,16,1
71,187,187,17,3
71,187,187,18,0
71,187,187,19,0
71,187,187,20,0
71,187,187,21,0
71,187,187,0,0
71,188,188,1,170
71,188,188,2,1
71,188,188,3,13
71,188,188,4,197
71,188,188,5,1
71,188,188,6,1
71,188,188,7,0
71,188,188,8,1
71,188,188,9,0
71,188,188,10,0
71,188,188,11,0
71,188,188,12,0
71,188,188,13,141
71,188,188,14,2
71,188,188,15,1
71,188,188,16,0
71,188,188,17,3
71,188,188,18,0
71,188,188,19,0
71,188,188,20,3
71,188,188,21,0
71,188,188,0,0
71,189,189,1,421
71,189,189,2,1
71,189,189,3,18
71,189,189,4,192
71,189,189,5,0
71,189,189,6,0
71,189,189,7,0
71,189,189,8,1
71,189,189,9,0
71,189,189,10,0
71,189,189,11,1
71,189,189,12,1
71,189,189,13,135
71,189,189,14,0
71,189,189,15,2
71,189,189,16,1
71,189,189,17,4
71,189,189,18,0
71,189,189,19,1
71,189,189,20,2
71,189,189,21,1
71,189,189,0,1
71,190,190,1,311
71,190,190,2,1
71,190,190,3,8
71,190,190,4,188
71,190,190,5,1
71,190,190,6,1
71,190,190,7,1
71,190,190,8,0
71,190,190,9,1
71,190,190,10,1
71,190,190,11,1
71,190,190,12,1
71,190,190,13,151
71,190,190,14,0
71,190,190,15,1
71,190,190,16,4
71,190,190,17,1
71,190,190,18,0
71,190,190,19,2
71,190,190,20,1
71,190,190,21,0
71,190,190,0,1
71,191,191,1,398
71,191,191,2,0
71,191,191,3,22
71,191,191,4,227
71,191,191,5,1
71,191,191,6,0
71,191,191,7,0
71,191,191,8,0
71,191,191,9,3
71,191,191,10,1
71,191,191,11,2
71,191,191,12,2
71,191,191,13,246
71,191,191,14,1
71,191,191,15,0
71,191,191,16,2
71,191,191,17,4
71,191,191,18,3
71,191,191,19,0
71,191,191,20,2
71,191,191,21,0
71,191,191,0,4
71,192,192,1,320
71,192,192,2,2
71,192,192,3,31
71,192,192,4,178
71,192,192,5,0
71,192,192,6,0
71,192,192,7,1
71,192,192,8,1
71,192,192,9,0
71,192,192,10,0
71,192,192,11,0
71,192,192,12,2
71,192,192,13,209
71,192,192,14,0
71,192,192,15,0
71,192,192,16,3
71,192,192,17,0
71,192,192,18,0
71,192,192,19,1
71,192,192,20,3
71,192,192,21,1
71,192,192,0,2
71,193,193,1,253
71,193,193,2,0
71,193,193,3,8
71,193,193,4,81
71,193,193,5,0
71,193,193,6,0
71,193,193,7,0
71,193,193,8,0
71,193,193,9,0
71,193,193,10,0
71,193,193,11,0
71,193,193,12,0
71,193,193,13,92
71,193,193,14,0
71,193,193,15,0
71,193,193,16,0
71,193,193,17,0
71,193,193,18,0
71,193,193,19,1
71,193,193,20,0
71,193,193,21,0
71,193,193,0,0
71,194,194,1,308
71,194,194,2,0
71,194,194,3,16
71,194,194,4,79
71,194,194,5,2
71,194,194,6,0
71,194,194,7,0
71,194,194,8,0
71,194,194,9,0
71,194,194,10,0
71,194,194,11,0
71,194,194,12,0
71,194,194,13,117
71,194,194,14,0
71,194,194,15,0
71,194,194,16,1
71,194,194,17,0
71,194,194,18,0
71,194,194,19,1
71,194,194,20,0
71,194,194,21,0
71,194,194,0,3
71,195,195,1,404
71,195,195,2,1
71,195,195,3,18
71,195,195,4,154
71,195,195,5,0
71,195,195,6,0
71,195,195,7,0
71,195,195,8,0
71,195,195,9,0
71,195,195,10,0
71,195,195,11,1
71,195,195,12,0
71,195,195,13,228
71,195,195,14,0
71,195,195,15,1
71,195,195,16,5
71,195,195,17,6
71,195,195,18,2
71,195,195,19,0
71,195,195,20,1
71,195,195,21,1
71,195,195,0,0
71,196,196,1,138
71,196,196,2,2
71,196,196,3,11
71,196,196,4,216
71,196,196,5,4
71,196,196,6,0
71,196,196,7,0
71,196,196,8,0
71,196,196,9,0
71,196,196,10,0
71,196,196,11,0
71,196,196,12,1
71,196,196,13,232
71,196,196,14,0
71,196,196,15,1
71,196,196,16,7
71,196,196,17,1
71,196,196,18,2
71,196,196,19,6
71,196,196,20,6
71,196,196,21,0
71,196,196,0,4
71,197,197,1,270
71,197,197,2,2
71,197,197,3,6
71,197,197,4,145
71,197,197,5,0
71,197,197,6,0
71,197,197,7,0
71,197,197,8,1
71,197,197,9,0
71,197,197,10,2
71,197,197,11,0
71,197,197,12,1
71,197,197,13,282
71,197,197,14,0
71,197,197,15,0
71,197,197,16,5
71,197,197,17,1
71,197,197,18,0
71,197,197,19,1
71,197,197,20,1
71,197,197,21,1
71,197,197,0,1
71,198,198,1,397
71,198,198,2,0
71,198,198,3,19
71,198,198,4,64
71,198,198,5,1
71,198,198,6,0
71,198,198,7,0
71,198,198,8,0
71,198,198,9,0
71,198,198,10,0
71,198,198,11,0
71,198,198,12,2
71,198,198,13,119
71,198,198,14,0
71,198,198,15,0
71,198,198,16,3
71,198,198,17,0
71,198,198,18,0
71,198,198,19,0
71,198,198,20,0
71,198,198,21,0
71,198,198,0,0
71,199,199,1,0
71,199,199,2,0
71,199,199,3,0
71,199,199,4,0
71,199,199,5,0
71,199,199,6,0
71,199,199,7,0
71,199,199,8,0
71,199,199,9,0
71,199,199,10,0
71,199,199,11,0
71,199,199,12,0
71,199,199,13,0
71,199,199,14,0
71,199,199,15,0
71,199,199,16,0
71,199,199,17,0
71,199,199,18,0
71,199,199,19,0
71,199,199,20,0
71,199,199,21,0
71,199,199,0,0
71,199,199,1,376
71,199,199,2,1
71,199,199,3,16
71,199,199,4,278
71,199,199,5,3
71,199,199,6,0
71,199,199,7,0
71,199,199,8,0
71,199,199,9,0
71,199,199,10,0
71,199,199,11,0
71,199,199,12,0
71,199,199,13,137
71,199,199,14,0
71,199,199,15,0
71,199,199,16,4
71,199,199,17,0
71,199,199,18,0
71,199,199,19,0
71,199,199,20,3
71,199,199,21,1
71,199,199,0,0
71,200,200,1,452
71,200,200,2,3
71,200,200,3,12
71,200,200,4,173
71,200,200,5,1
71,200,200,6,0
71,200,200,7,0
71,200,200,8,0
71,200,200,9,0
71,200,200,10,0
71,200,200,11,2
71,200,200,12,0
71,200,200,13,136
71,200,200,14,0
71,200,200,15,0
71,200,200,16,0
71,200,200,17,2
71,200,200,18,0
71,200,200,19,0
71,200,200,20,2
71,200,200,21,0
71,200,200,0,0
71,200,200,1,0
71,200,200,2,0
71,200,200,3,0
71,200,200,4,0
71,200,200,5,0
71,200,200,6,0
71,200,200,7,0
71,200,200,8,0
71,200,200,9,0
71,200,200,10,0
71,200,200,11,0
71,200,200,12,0
71,200,200,13,0
71,200,200,14,0
71,200,200,15,0
71,200,200,16,0
71,200,200,17,0
71,200,200,18,0
71,200,200,19,0
71,200,200,20,0
71,200,200,21,0
71,200,200,0,0
71,201,201,1,0
71,201,201,2,0
71,201,201,3,0
71,201,201,4,0
71,201,201,5,0
71,201,201,6,0
71,201,201,7,0
71,201,201,8,0
71,201,201,9,0
71,201,201,10,0
71,201,201,11,0
71,201,201,12,0
71,201,201,13,0
71,201,201,14,0
71,201,201,15,0
71,201,201,16,0
71,201,201,17,0
71,201,201,18,0
71,201,201,19,0
71,201,201,20,0
71,201,201,21,0
71,201,201,0,0
71,201,201,1,189
71,201,201,2,1
71,201,201,3,8
71,201,201,4,205
71,201,201,5,2
71,201,201,6,0
71,201,201,7,0
71,201,201,8,0
71,201,201,9,0
71,201,201,10,0
71,201,201,11,0
71,201,201,12,0
71,201,201,13,241
71,201,201,14,1
71,201,201,15,0
71,201,201,16,1
71,201,201,17,2
71,201,201,18,0
71,201,201,19,1
71,201,201,20,1
71,201,201,21,0
71,201,201,0,2
71,202,202,1,264
71,202,202,2,0
71,202,202,3,3
71,202,202,4,67
71,202,202,5,0
71,202,202,6,0
71,202,202,7,0
71,202,202,8,0
71,202,202,9,0
71,202,202,10,0
71,202,202,11,0
71,202,202,12,1
71,202,202,13,90
71,202,202,14,0
71,202,202,15,0
71,202,202,16,1
71,202,202,17,2
71,202,202,18,1
71,202,202,19,0
71,202,202,20,1
71,202,202,21,1
71,202,202,0,0
71,203,203,1,372
71,203,203,2,4
71,203,203,3,22
71,203,203,4,230
71,203,203,5,3
71,203,203,6,0
71,203,203,7,0
71,203,203,8,0
71,203,203,9,0
71,203,203,10,0
71,203,203,11,0
71,203,203,12,1
71,203,203,13,248
71,203,203,14,0
71,203,203,15,1
71,203,203,16,4
71,203,203,17,4
71,203,203,18,2
71,203,203,19,1
71,203,203,20,1
71,203,203,21,1
71,203,203,0,1
71,204,204,1,184
71,204,204,2,2
71,204,204,3,19
71,204,204,4,202
71,204,204,5,1
71,204,204,6,0
71,204,204,7,0
71,204,204,8,0
71,204,204,9,0
71,204,204,10,0
71,204,204,11,0
71,204,204,12,0
71,204,204,13,233
71,204,204,14,1
71,204,204,15,2
71,204,204,16,0
71,204,204,17,0
71,204,204,18,2
71,204,204,19,1
71,204,204,20,1
71,204,204,21,0
71,204,204,0,0
71,205,205,1,311
71,205,205,2,6
71,205,205,3,35
71,205,205,4,208
71,205,205,5,1
71,205,205,6,2
71,205,205,7,0
71,205,205,8,0
71,205,205,9,0
71,205,205,10,1
71,205,205,11,0
71,205,205,12,2
71,205,205,13,352
71,205,205,14,1
71,205,205,15,2
71,205,205,16,3
71,205,205,17,4
71,205,205,18,0
71,205,205,19,1
71,205,205,20,0
71,205,205,21,0
71,205,205,0,1
71,206,206,1,325
71,206,206,2,1
71,206,206,3,18
71,206,206,4,130
71,206,206,5,1
71,206,206,6,0
71,206,206,7,1
71,206,206,8,0
71,206,206,9,0
71,206,206,10,0
71,206,206,11,0
71,206,206,12,0
71,206,206,13,177
71,206,206,14,3
71,206,206,15,0
71,206,206,16,1
71,206,206,17,2
71,206,206,18,1
71,206,206,19,2
71,206,206,20,5
71,206,206,21,1
71,206,206,0,1
71,207,207,1,269
71,207,207,2,2
71,207,207,3,7
71,207,207,4,113
71,207,207,5,1
71,207,207,6,0
71,207,207,7,0
71,207,207,8,0
71,207,207,9,0
71,207,207,10,0
71,207,207,11,0
71,207,207,12,0
71,207,207,13,150
71,207,207,14,0
71,207,207,15,0
71,207,207,16,0
71,207,207,17,5
71,207,207,18,0
71,207,207,19,1
71,207,207,20,0
71,207,207,21,0
71,207,207,0,1
71,208,208,1,598
71,208,208,2,2
71,208,208,3,9
71,208,208,4,53
71,208,208,5,0
71,208,208,6,0
71,208,208,7,0
71,208,208,8,0
71,208,208,9,0
71,208,208,10,0
71,208,208,11,1
71,208,208,12,1
71,208,208,13,130
71,208,208,14,0
71,208,208,15,0
71,208,208,16,1
71,208,208,17,3
71,208,208,18,0
71,208,208,19,2
71,208,208,20,0
71,208,208,21,0
71,208,208,0,1
71,209,209,1,362
71,209,209,2,1
71,209,209,3,21
71,209,209,4,127
71,209,209,5,1
71,209,209,6,0
71,209,209,7,0
71,209,209,8,0
71,209,209,9,0
71,209,209,10,0
71,209,209,11,0
71,209,209,12,0
71,209,209,13,145
71,209,209,14,0
71,209,209,15,0
71,209,209,16,3
71,209,209,17,5
71,209,209,18,0
71,209,209,19,1
71,209,209,20,1
71,209,209,21,0
71,209,209,0,1
71,210,210,1,254
71,210,210,2,0
71,210,210,3,8
71,210,210,4,52
71,210,210,5,0
71,210,210,6,0
71,210,210,7,0
71,210,210,8,0
71,210,210,9,0
71,210,210,10,0
71,210,210,11,0
71,210,210,12,0
71,210,210,13,88
71,210,210,14,0
71,210,210,15,0
71,210,210,16,0
71,210,210,17,0
71,210,210,18,0
71,210,210,19,0
71,210,210,20,0
71,210,210,21,0
71,210,210,0,1
71,211,211,1,224
71,211,211,2,1
71,211,211,3,16
71,211,211,4,122
71,211,211,5,1
71,211,211,6,0
71,211,211,7,1
71,211,211,8,0
71,211,211,9,1
71,211,211,10,0
71,211,211,11,0
71,211,211,12,1
71,211,211,13,65
71,211,211,14,0
71,211,211,15,0
71,211,211,16,1
71,211,211,17,0
71,211,211,18,0
71,211,211,19,0
71,211,211,20,1
71,211,211,21,1
71,211,211,0,0
71,212,212,1,255
71,212,212,2,0
71,212,212,3,12
71,212,212,4,73
71,212,212,5,0
71,212,212,6,0
71,212,212,7,0
71,212,212,8,0
71,212,212,9,0
71,212,212,10,1
71,212,212,11,0
71,212,212,12,0
71,212,212,13,151
71,212,212,14,0
71,212,212,15,0
71,212,212,16,0
71,212,212,17,1
71,212,212,18,0
71,212,212,19,1
71,212,212,20,1
71,212,212,21,0
71,212,212,0,1
71,213,213,1,170
71,213,213,2,2
71,213,213,3,9
71,213,213,4,161
71,213,213,5,2
71,213,213,6,0
71,213,213,7,0
71,213,213,8,0
71,213,213,9,0
71,213,213,10,0
71,213,213,11,1
71,213,213,12,0
71,213,213,13,179
71,213,213,14,0
71,213,213,15,0
71,213,213,16,0
71,213,213,17,0
71,213,213,18,0
71,213,213,19,0
71,213,213,20,1
71,213,213,21,0
71,213,213,0,2
71,213,213,1,0
71,213,213,2,0
71,213,213,3,0
71,213,213,4,0
71,213,213,5,0
71,213,213,6,0
71,213,213,7,0
71,213,213,8,0
71,213,213,9,0
71,213,213,10,0
71,213,213,11,0
71,213,213,12,0
71,213,213,13,0
71,213,213,14,0
71,213,213,15,0
71,213,213,16,0
71,213,213,17,0
71,213,213,18,0
71,213,213,19,0
71,213,213,20,0
71,213,213,21,0
71,213,213,0,0
71,214,214,1,487
71,214,214,2,2
71,214,214,3,19
71,214,214,4,221
71,214,214,5,1
71,214,214,6,1
71,214,214,7,0
71,214,214,8,4
71,214,214,9,0
71,214,214,10,1
71,214,214,11,1
71,214,214,12,1
71,214,214,13,249
71,214,214,14,1
71,214,214,15,1
71,214,214,16,7
71,214,214,17,3
71,214,214,18,1
71,214,214,19,0
71,214,214,20,3
71,214,214,21,0
71,214,214,0,1
71,214,214,1,0
71,214,214,2,0
71,214,214,3,0
71,214,214,4,0
71,214,214,5,0
71,214,214,6,0
71,214,214,7,0
71,214,214,8,0
71,214,214,9,0
71,214,214,10,0
71,214,214,11,0
71,214,214,12,0
71,214,214,13,0
71,214,214,14,0
71,214,214,15,0
71,214,214,16,0
71,214,214,17,0
71,214,214,18,0
71,214,214,19,0
71,214,214,20,0
71,214,214,21,0
71,214,214,0,0
71,215,215,1,145
71,215,215,2,2
71,215,215,3,14
71,215,215,4,177
71,215,215,5,1
71,215,215,6,1
71,215,215,7,0
71,215,215,8,0
71,215,215,9,0
71,215,215,10,0
71,215,215,11,0
71,215,215,12,0
71,215,215,13,226
71,215,215,14,0
71,215,215,15,0
71,215,215,16,0
71,215,215,17,0
71,215,215,18,0
71,215,215,19,0
71,215,215,20,2
71,215,215,21,0
71,215,215,0,0
71,215,215,1,0
71,215,215,2,0
71,215,215,3,0
71,215,215,4,0
71,215,215,5,0
71,215,215,6,0
71,215,215,7,0
71,215,215,8,0
71,215,215,9,0
71,215,215,10,0
71,215,215,11,0
71,215,215,12,0
71,215,215,13,0
71,215,215,14,0
71,215,215,15,0
71,215,215,16,0
71,215,215,17,0
71,215,215,18,0
71,215,215,19,0
71,215,215,20,0
71,215,215,21,0
71,215,215,0,0
71,216,216,1,192
71,216,216,2,1
71,216,216,3,12
71,216,216,4,191
71,216,216,5,2
71,216,216,6,2
71,216,216,7,0
71,216,216,8,0
71,216,216,9,0
71,216,216,10,0
71,216,216,11,0
71,216,216,12,0
71,216,216,13,177
71,216,216,14,0
71,216,216,15,1
71,216,216,16,0
71,216,216,17,0
71,216,216,18,1
71,216,216,19,0
71,216,216,20,2
71,216,216,21,1
71,216,216,0,2
71,217,217,1,149
71,217,217,2,0
71,217,217,3,26
71,217,217,4,170
71,217,217,5,0
71,217,217,6,0
71,217,217,7,2
71,217,217,8,0
71,217,217,9,0
71,217,217,10,1
71,217,217,11,0
71,217,217,12,0
71,217,217,13,198
71,217,217,14,0
71,217,217,15,1
71,217,217,16,0
71,217,217,17,0
71,217,217,18,0
71,217,217,19,0
71,217,217,20,1
71,217,217,21,0
71,217,217,0,1
71,218,218,1,288
71,218,218,2,1
71,218,218,3,27
71,218,218,4,209
71,218,218,5,1
71,218,218,6,0
71,218,218,7,0
71,218,218,8,0
71,218,218,9,0
71,218,218,10,0
71,218,218,11,0
71,218,218,12,2
71,218,218,13,294
71,218,218,14,1
71,218,218,15,0
71,218,218,16,1
71,218,218,17,1
71,218,218,18,0
71,218,218,19,2
71,218,218,20,1
71,218,218,21,0
71,218,218,0,1
71,219,219,1,321
71,219,219,2,2
71,219,219,3,10
71,219,219,4,115
71,219,219,5,0
71,219,219,6,0
71,219,219,7,0
71,219,219,8,1
71,219,219,9,0
71,219,219,10,0
71,219,219,11,0
71,219,219,12,1
71,219,219,13,98
71,219,219,14,0
71,219,219,15,0
71,219,219,16,2
71,219,219,17,1
71,219,219,18,0
71,219,219,19,1
71,219,219,20,0
71,219,219,21,0
71,219,219,0,0
71,220,220,1,444
71,220,220,2,0
71,220,220,3,13
71,220,220,4,81
71,220,220,5,1
71,220,220,6,0
71,220,220,7,0
71,220,220,8,0
71,220,220,9,0
71,220,220,10,0
71,220,220,11,0
71,220,220,12,1
71,220,220,13,140
71,220,220,14,0
71,220,220,15,2
71,220,220,16,4
71,220,220,17,1
71,220,220,18,0
71,220,220,19,0
71,220,220,20,0
71,220,220,21,2
71,220,220,0,1
71,221,221,1,573
71,221,221,2,5
71,221,221,3,17
71,221,221,4,188
71,221,221,5,0
71,221,221,6,0
71,221,221,7,0
71,221,221,8,7
71,221,221,9,0
71,221,221,10,0
71,221,221,11,0
71,221,221,12,1
71,221,221,13,215
71,221,221,14,1
71,221,221,15,1
71,221,221,16,6
71,221,221,17,2
71,221,221,18,0
71,221,221,19,2
71,221,221,20,1
71,221,221,21,1
71,221,221,0,2
71,222,222,1,176
71,222,222,2,4
71,222,222,3,14
71,222,222,4,179
71,222,222,5,0
71,222,222,6,0
71,222,222,7,0
71,222,222,8,1
71,222,222,9,0
71,222,222,10,1
71,222,222,11,0
71,222,222,12,2
71,222,222,13,201
71,222,222,14,1
71,222,222,15,0
71,222,222,16,1
71,222,222,17,1
71,222,222,18,1
71,222,222,19,0
71,222,222,20,3
71,222,222,21,0
71,222,222,0,2
71,223,223,1,238
71,223,223,2,0
71,223,223,3,17
71,223,223,4,321
71,223,223,5,1
71,223,223,6,1
71,223,223,7,0
71,223,223,8,0
71,223,223,9,0
71,223,223,10,0
71,223,223,11,0
71,223,223,12,1
71,223,223,13,321
71,223,223,14,1
71,223,223,15,2
71,223,223,16,5
71,223,223,17,3
71,223,223,18,0
71,223,223,19,2
71,223,223,20,3
71,223,223,21,0
71,223,223,0,1
71,224,224,1,335
71,224,224,2,0
71,224,224,3,9
71,224,224,4,204
71,224,224,5,0
71,224,224,6,0
71,224,224,7,0
71,224,224,8,0
71,224,224,9,1
71,224,224,10,0
71,224,224,11,0
71,224,224,12,1
71,224,224,13,93
71,224,224,14,0
71,224,224,15,0
71,224,224,16,1
71,224,224,17,1
71,224,224,18,0
71,224,224,19,1
71,224,224,20,1
71,224,224,21,0
71,224,224,0,0
71,225,225,1,287
71,225,225,2,2
71,225,225,3,10
71,225,225,4,233
71,225,225,5,1
71,225,225,6,0
71,225,225,7,0
71,225,225,8,0
71,225,225,9,0
71,225,225,10,0
71,225,225,11,0
71,225,225,12,1
71,225,225,13,177
71,225,225,14,0
71,225,225,15,0
71,225,225,16,1
71,225,225,17,1
71,225,225,18,0
71,225,225,19,3
71,225,225,20,0
71,225,225,21,0
71,225,225,0,0
71,226,226,1,347
71,226,226,2,0
71,226,226,3,14
71,226,226,4,137
71,226,226,5,3
71,226,226,6,0
71,226,226,7,0
71,226,226,8,0
71,226,226,9,0
71,226,226,10,0
71,226,226,11,0
71,226,226,12,2
71,226,226,13,171
71,226,226,14,0
71,226,226,15,0
71,226,226,16,4
71,226,226,17,5
71,226,226,18,1
71,226,226,19,2
71,226,226,20,2
71,226,226,21,0
71,226,226,0,2
71,227,227,1,0
71,227,227,2,0
71,227,227,3,0
71,227,227,4,0
71,227,227,5,0
71,227,227,6,0
71,227,227,7,0
71,227,227,8,0
71,227,227,9,0
71,227,227,10,0
71,227,227,11,0
71,227,227,12,0
71,227,227,13,0
71,227,227,14,0
71,227,227,15,0
71,227,227,16,0
71,227,227,17,0
71,227,227,18,0
71,227,227,19,0
71,227,227,20,0
71,227,227,21,0
71,227,227,0,0
71,227,227,1,326
71,227,227,2,1
71,227,227,3,5
71,227,227,4,117
71,227,227,5,7
71,227,227,6,0
71,227,227,7,0
71,227,227,8,0
71,227,227,9,0
71,227,227,10,1
71,227,227,11,0
71,227,227,12,0
71,227,227,13,116
71,227,227,14,0
71,227,227,15,1
71,227,227,16,1
71,227,227,17,1
71,227,227,18,0
71,227,227,19,1
71,227,227,20,0
71,227,227,21,0
71,227,227,0,0
71,228,228,1,215
71,228,228,2,4
71,228,228,3,61
71,228,228,4,319
71,228,228,5,4
71,228,228,6,0
71,228,228,7,0
71,228,228,8,0
71,228,228,9,0
71,228,228,10,2
71,228,228,11,1
71,228,228,12,4
71,228,228,13,430
71,228,228,14,0
71,228,228,15,0
71,228,228,16,3
71,228,228,17,1
71,228,228,18,0
71,228,228,19,45
71,228,228,20,3
71,228,228,21,0
71,228,228,0,1
71,228,228,1,0
71,228,228,2,0
71,228,228,3,0
71,228,228,4,0
71,228,228,5,0
71,228,228,6,0
71,228,228,7,0
71,228,228,8,0
71,228,228,9,0
71,228,228,10,0
71,228,228,11,0
71,228,228,12,0
71,228,228,13,0
71,228,228,14,0
71,228,228,15,0
71,228,228,16,0
71,228,228,17,0
71,228,228,18,0
71,228,228,19,0
71,228,228,20,0
71,228,228,21,0
71,228,228,0,0
71,229,229,1,189
71,229,229,2,1
71,229,229,3,23
71,229,229,4,259
71,229,229,5,0
71,229,229,6,0
71,229,229,7,0
71,229,229,8,0
71,229,229,9,0
71,229,229,10,0
71,229,229,11,0
71,229,229,12,4
71,229,229,13,296
71,229,229,14,0
71,229,229,15,0
71,229,229,16,1
71,229,229,17,0
71,229,229,18,0
71,229,229,19,1
71,229,229,20,4
71,229,229,21,0
71,229,229,0,0
71,229,229,1,0
71,229,229,2,0
71,229,229,3,0
71,229,229,4,0
71,229,229,5,0
71,229,229,6,0
71,229,229,7,0
71,229,229,8,0
71,229,229,9,0
71,229,229,10,0
71,229,229,11,0
71,229,229,12,0
71,229,229,13,0
71,229,229,14,0
71,229,229,15,0
71,229,229,16,0
71,229,229,17,0
71,229,229,18,0
71,229,229,19,0
71,229,229,20,0
71,229,229,21,0
71,229,229,0,0
71,230,230,1,341
71,230,230,2,5
71,230,230,3,15
71,230,230,4,146
71,230,230,5,1
71,230,230,6,0
71,230,230,7,0
71,230,230,8,0
71,230,230,9,0
71,230,230,10,0
71,230,230,11,1
71,230,230,12,0
71,230,230,13,181
71,230,230,14,0
71,230,230,15,0
71,230,230,16,2
71,230,230,17,0
71,230,230,18,0
71,230,230,19,0
71,230,230,20,1
71,230,230,21,0
71,230,230,0,2
71,231,231,1,374
71,231,231,2,1
71,231,231,3,16
71,231,231,4,138
71,231,231,5,3
71,231,231,6,1
71,231,231,7,0
71,231,231,8,1
71,231,231,9,0
71,231,231,10,0
71,231,231,11,1
71,231,231,12,0
71,231,231,13,168
71,231,231,14,0
71,231,231,15,0
71,231,231,16,2
71,231,231,17,3
71,231,231,18,0
71,231,231,19,0
71,231,231,20,3
71,231,231,21,0
71,231,231,0,2
71,232,232,1,266
71,232,232,2,1
71,232,232,3,9
71,232,232,4,159
71,232,232,5,3
71,232,232,6,0
71,232,232,7,0
71,232,232,8,0
71,232,232,9,0
71,232,232,10,0
71,232,232,11,0
71,232,232,12,1
71,232,232,13,132
71,232,232,14,0
71,232,232,15,1
71,232,232,16,1
71,232,232,17,1
71,232,232,18,1
71,232,232,19,0
71,232,232,20,0
71,232,232,21,0
71,232,232,0,1
71,233,233,1,171
71,233,233,2,4
71,233,233,3,15
71,233,233,4,242
71,233,233,5,2
71,233,233,6,0
71,233,233,7,1
71,233,233,8,0
71,233,233,9,0
71,233,233,10,0
71,233,233,11,0
71,233,233,12,1
71,233,233,13,502
71,233,233,14,0
71,233,233,15,0
71,233,233,16,6
71,233,233,17,2
71,233,233,18,3
71,233,233,19,0
71,233,233,20,0
71,233,233,21,1
71,233,233,0,1
71,234,234,1,154
71,234,234,2,0
71,234,234,3,3
71,234,234,4,63
71,234,234,5,1
71,234,234,6,0
71,234,234,7,0
71,234,234,8,0
71,234,234,9,0
71,234,234,10,0
71,234,234,11,0
71,234,234,12,0
71,234,234,13,80
71,234,234,14,0
71,234,234,15,0
71,234,234,16,0
71,234,234,17,3
71,234,234,18,0
71,234,234,19,2
71,234,234,20,1
71,234,234,21,0
71,234,234,0,0
71,235,235,1,201
71,235,235,2,1
71,235,235,3,6
71,235,235,4,106
71,235,235,5,2
71,235,235,6,1
71,235,235,7,0
71,235,235,8,0
71,235,235,9,0
71,235,235,10,1
71,235,235,11,0
71,235,235,12,2
71,235,235,13,116
71,235,235,14,0
71,235,235,15,0
71,235,235,16,0
71,235,235,17,0
71,235,235,18,0
71,235,235,19,0
71,235,235,20,2
71,235,235,21,1
71,235,235,0,0
71,236,236,1,225
71,236,236,2,1
71,236,236,3,18
71,236,236,4,133
71,236,236,5,0
71,236,236,6,0
71,236,236,7,0
71,236,236,8,0
71,236,236,9,0
71,236,236,10,0
71,236,236,11,0
71,236,236,12,2
71,236,236,13,103
71,236,236,14,0
71,236,236,15,0
71,236,236,16,1
71,236,236,17,1
71,236,236,18,0
71,236,236,19,0
71,236,236,20,3
71,236,236,21,1
71,236,236,0,1
71,237,237,1,215
71,237,237,2,0
71,237,237,3,7
71,237,237,4,197
71,237,237,5,0
71,237,237,6,0
71,237,237,7,0
71,237,237,8,0
71,237,237,9,0
71,237,237,10,0
71,237,237,11,0
71,237,237,12,3
71,237,237,13,96
71,237,237,14,0
71,237,237,15,0
71,237,237,16,0
71,237,237,17,2
71,237,237,18,0
71,237,237,19,1
71,237,237,20,2
71,237,237,21,0
71,237,237,0,0
71,238,238,1,261
71,238,238,2,2
71,238,238,3,15
71,238,238,4,303
71,238,238,5,1
71,238,238,6,0
71,238,238,7,0
71,238,238,8,1
71,238,238,9,0
71,238,238,10,1
71,238,238,11,0
71,238,238,12,3
71,238,238,13,383
71,238,238,14,1
71,238,238,15,1
71,238,238,16,3
71,238,238,17,3
71,238,238,18,0
71,238,238,19,1
71,238,238,20,0
71,238,238,21,0
71,238,238,0,0
71,239,239,1,503
71,239,239,2,1
71,239,239,3,10
71,239,239,4,123
71,239,239,5,1
71,239,239,6,0
71,239,239,7,0
71,239,239,8,2
71,239,239,9,0
71,239,239,10,0
71,239,239,11,0
71,239,239,12,3
71,239,239,13,273
71,239,239,14,0
71,239,239,15,0
71,239,239,16,1
71,239,239,17,9
71,239,239,18,0
71,239,239,19,1
71,239,239,20,2
71,239,239,21,1
71,239,239,0,0
71,240,240,1,247
71,240,240,2,0
71,240,240,3,20
71,240,240,4,234
71,240,240,5,6
71,240,240,6,0
71,240,240,7,0
71,240,240,8,1
71,240,240,9,0
71,240,240,10,0
71,240,240,11,0
71,240,240,12,1
71,240,240,13,246
71,240,240,14,0
71,240,240,15,0
71,240,240,16,1
71,240,240,17,4
71,240,240,18,0
71,240,240,19,1
71,240,240,20,1
71,240,240,21,0
71,240,240,0,1
71,241,241,1,0
71,241,241,2,0
71,241,241,3,0
71,241,241,4,0
71,241,241,5,0
71,241,241,6,0
71,241,241,7,0
71,241,241,8,0
71,241,241,9,0
71,241,241,10,0
71,241,241,11,0
71,241,241,12,0
71,241,241,13,0
71,241,241,14,0
71,241,241,15,0
71,241,241,16,0
71,241,241,17,0
71,241,241,18,0
71,241,241,19,0
71,241,241,20,0
71,241,241,21,0
71,241,241,0,0
71,241,241,1,180
71,241,241,2,2
71,241,241,3,22
71,241,241,4,94
71,241,241,5,1
71,241,241,6,0
71,241,241,7,0
71,241,241,8,1
71,241,241,9,0
71,241,241,10,0
71,241,241,11,0
71,241,241,12,2
71,241,241,13,174
71,241,241,14,0
71,241,241,15,0
71,241,241,16,0
71,241,241,17,1
71,241,241,18,0
71,241,241,19,0
71,241,241,20,0
71,241,241,21,0
71,241,241,0,0
71,242,242,1,127
71,242,242,2,1
71,242,242,3,12
71,242,242,4,103
71,242,242,5,0
71,242,242,6,0
71,242,242,7,0
71,242,242,8,1
71,242,242,9,0
71,242,242,10,0
71,242,242,11,0
71,242,242,12,2
71,242,242,13,211
71,242,242,14,1
71,242,242,15,1
71,242,242,16,0
71,242,242,17,1
71,242,242,18,0
71,242,242,19,1
71,242,242,20,1
71,242,242,21,0
71,242,242,0,0
71,242,242,1,0
71,242,242,2,0
71,242,242,3,0
71,242,242,4,0
71,242,242,5,0
71,242,242,6,0
71,242,242,7,0
71,242,242,8,0
71,242,242,9,0
71,242,242,10,0
71,242,242,11,0
71,242,242,12,0
71,242,242,13,0
71,242,242,14,0
71,242,242,15,0
71,242,242,16,0
71,242,242,17,0
71,242,242,18,0
71,242,242,19,0
71,242,242,20,0
71,242,242,21,0
71,242,242,0,0
71,243,243,1,215
71,243,243,2,6
71,243,243,3,22
71,243,243,4,260
71,243,243,5,1
71,243,243,6,1
71,243,243,7,1
71,243,243,8,0
71,243,243,9,0
71,243,243,10,0
71,243,243,11,1
71,243,243,12,3
71,243,243,13,353
71,243,243,14,3
71,243,243,15,3
71,243,243,16,1
71,243,243,17,5
71,243,243,18,0
71,243,243,19,2
71,243,243,20,4
71,243,243,21,2
71,243,243,0,0
71,243,243,1,0
71,243,243,2,0
71,243,243,3,0
71,243,243,4,0
71,243,243,5,0
71,243,243,6,0
71,243,243,7,0
71,243,243,8,0
71,243,243,9,0
71,243,243,10,0
71,243,243,11,0
71,243,243,12,0
71,243,243,13,0
71,243,243,14,0
71,243,243,15,0
71,243,243,16,0
71,243,243,17,0
71,243,243,18,0
71,243,243,19,0
71,243,243,20,0
71,243,243,21,0
71,243,243,0,0
71,244,244,1,456
71,244,244,2,1
71,244,244,3,16
71,244,244,4,317
71,244,244,5,3
71,244,244,6,0
71,244,244,7,0
71,244,244,8,1
71,244,244,9,0
71,244,244,10,0
71,244,244,11,2
71,244,244,12,0
71,244,244,13,298
71,244,244,14,0
71,244,244,15,1
71,244,244,16,1
71,244,244,17,0
71,244,244,18,0
71,244,244,19,0
71,244,244,20,1
71,244,244,21,0
71,244,244,0,4
71,245,245,1,274
71,245,245,2,0
71,245,245,3,6
71,245,245,4,189
71,245,245,5,1
71,245,245,6,0
71,245,245,7,0
71,245,245,8,2
71,245,245,9,0
71,245,245,10,1
71,245,245,11,0
71,245,245,12,1
71,245,245,13,219
71,245,245,14,0
71,245,245,15,1
71,245,245,16,2
71,245,245,17,0
71,245,245,18,1
71,245,245,19,1
71,245,245,20,0
71,245,245,21,0
71,245,245,0,0
71,246,246,1,270
71,246,246,2,0
71,246,246,3,17
71,246,246,4,253
71,246,246,5,2
71,246,246,6,0
71,246,246,7,0
71,246,246,8,0
71,246,246,9,0
71,246,246,10,0
71,246,246,11,1
71,246,246,12,3
71,246,246,13,211
71,246,246,14,0
71,246,246,15,1
71,246,246,16,2
71,246,246,17,4
71,246,246,18,1
71,246,246,19,1
71,246,246,20,1
71,246,246,21,0
71,246,246,0,1
71,247,247,1,421
71,247,247,2,1
71,247,247,3,56
71,247,247,4,125
71,247,247,5,0
71,247,247,6,1
71,247,247,7,1
71,247,247,8,1
71,247,247,9,0
71,247,247,10,0
71,247,247,11,0
71,247,247,12,0
71,247,247,13,215
71,247,247,14,2
71,247,247,15,1
71,247,247,16,2
71,247,247,17,2
71,247,247,18,1
71,247,247,19,1
71,247,247,20,0
71,247,247,21,1
71,247,247,0,1
71,248,248,1,306
71,248,248,2,1
71,248,248,3,39
71,248,248,4,242
71,248,248,5,1
71,248,248,6,0
71,248,248,7,0
71,248,248,8,0
71,248,248,9,0
71,248,248,10,0
71,248,248,11,0
71,248,248,12,2
71,248,248,13,262
71,248,248,14,0
71,248,248,15,1
71,248,248,16,1
71,248,248,17,4
71,248,248,18,3
71,248,248,19,0
71,248,248,20,3
71,248,248,21,0
71,248,248,0,1
71,249,249,1,527
71,249,249,2,2
71,249,249,3,6
71,249,249,4,213
71,249,249,5,0
71,249,249,6,0
71,249,249,7,0
71,249,249,8,0
71,249,249,9,0
71,249,249,10,0
71,249,249,11,0
71,249,249,12,0
71,249,249,13,157
71,249,249,14,0
71,249,249,15,2
71,249,249,16,1
71,249,249,17,2
71,249,249,18,0
71,249,249,19,1
71,249,249,20,2
71,249,249,21,0
71,249,249,0,3
71,250,250,1,106
71,250,250,2,0
71,250,250,3,9
71,250,250,4,236
71,250,250,5,0
71,250,250,6,0
71,250,250,7,0
71,250,250,8,0
71,250,250,9,0
71,250,250,10,0
71,250,250,11,0
71,250,250,12,1
71,250,250,13,266
71,250,250,14,0
71,250,250,15,2
71,250,250,16,1
71,250,250,17,0
71,250,250,18,0
71,250,250,19,0
71,250,250,20,0
71,250,250,21,1
71,250,250,0,1
71,251,251,1,84
71,251,251,2,0
71,251,251,3,11
71,251,251,4,189
71,251,251,5,0
71,251,251,6,0
71,251,251,7,0
71,251,251,8,0
71,251,251,9,0
71,251,251,10,0
71,251,251,11,1
71,251,251,12,0
71,251,251,13,298
71,251,251,14,0
71,251,251,15,0
71,251,251,16,1
71,251,251,17,1
71,251,251,18,0
71,251,251,19,0
71,251,251,20,0
71,251,251,21,0
71,251,251,0,1
71,252,252,1,345
71,252,252,2,0
71,252,252,3,12
71,252,252,4,121
71,252,252,5,1
71,252,252,6,0
71,252,252,7,0
71,252,252,8,0
71,252,252,9,0
71,252,252,10,0
71,252,252,11,0
71,252,252,12,1
71,252,252,13,121
71,252,252,14,0
71,252,252,15,1
71,252,252,16,1
71,252,252,17,1
71,252,252,18,0
71,252,252,19,2
71,252,252,20,0
71,252,252,21,0
71,252,252,0,1
71,253,253,1,213
71,253,253,2,1
71,253,253,3,9
71,253,253,4,153
71,253,253,5,1
71,253,253,6,0
71,253,253,7,0
71,253,253,8,0
71,253,253,9,0
71,253,253,10,0
71,253,253,11,0
71,253,253,12,0
71,253,253,13,106
71,253,253,14,0
71,253,253,15,1
71,253,253,16,0
71,253,253,17,0
71,253,253,18,0
71,253,253,19,0
71,253,253,20,1
71,253,253,21,0
71,253,253,0,0
71,254,254,1,339
71,254,254,2,1
71,254,254,3,11
71,254,254,4,165
71,254,254,5,0
71,254,254,6,0
71,254,254,7,0
71,254,254,8,0
71,254,254,9,0
71,254,254,10,0
71,254,254,11,0
71,254,254,12,2
71,254,254,13,298
71,254,254,14,0
71,254,254,15,2
71,254,254,16,3
71,254,254,17,1
71,254,254,18,0
71,254,254,19,1
71,254,254,20,1
71,254,254,21,0
71,254,254,0,2
71,255,255,1,142
71,255,255,2,0
71,255,255,3,6
71,255,255,4,87
71,255,255,5,1
71,255,255,6,0
71,255,255,7,0
71,255,255,8,0
71,255,255,9,0
71,255,255,10,0
71,255,255,11,0
71,255,255,12,0
71,255,255,13,167
71,255,255,14,0
71,255,255,15,1
71,255,255,16,2
71,255,255,17,1
71,255,255,18,1
71,255,255,19,0
71,255,255,20,0
71,255,255,21,0
71,255,255,0,0
71,255,255,1,0
71,255,255,2,0
71,255,255,3,0
71,255,255,4,0
71,255,255,5,0
71,255,255,6,0
71,255,255,7,0
71,255,255,8,0
71,255,255,9,0
71,255,255,10,0
71,255,255,11,0
71,255,255,12,0
71,255,255,13,0
71,255,255,14,0
71,255,255,15,0
71,255,255,16,0
71,255,255,17,0
71,255,255,18,0
71,255,255,19,0
71,255,255,20,0
71,255,255,21,0
71,255,255,0,0
71,256,256,1,298
71,256,256,2,1
71,256,256,3,17
71,256,256,4,157
71,256,256,5,1
71,256,256,6,1
71,256,256,7,0
71,256,256,8,0
71,256,256,9,1
71,256,256,10,0
71,256,256,11,0
71,256,256,12,2
71,256,256,13,305
71,256,256,14,0
71,256,256,15,0
71,256,256,16,5
71,256,256,17,0
71,256,256,18,1
71,256,256,19,0
71,256,256,20,0
71,256,256,21,0
71,256,256,0,3
71,256,256,1,0
71,256,256,2,0
71,256,256,3,0
71,256,256,4,0
71,256,256,5,0
71,256,256,6,0
71,256,256,7,0
71,256,256,8,0
71,256,256,9,0
71,256,256,10,0
71,256,256,11,0
71,256,256,12,0
71,256,256,13,0
71,256,256,14,0
71,256,256,15,0
71,256,256,16,0
71,256,256,17,0
71,256,256,18,0
71,256,256,19,0
71,256,256,20,0
71,256,256,21,0
71,256,256,0,0
71,257,257,1,286
71,257,257,2,0
71,257,257,3,17
71,257,257,4,223
71,257,257,5,1
71,257,257,6,2
71,257,257,7,0
71,257,257,8,0
71,257,257,9,0
71,257,257,10,0
71,257,257,11,0
71,257,257,12,2
71,257,257,13,227
71,257,257,14,0
71,257,257,15,0
71,257,257,16,1
71,257,257,17,1
71,257,257,18,0
71,257,257,19,0
71,257,257,20,0
71,257,257,21,1
71,257,257,0,2
71,257,257,1,0
71,257,257,2,0
71,257,257,3,0
71,257,257,4,0
71,257,257,5,0
71,257,257,6,0
71,257,257,7,0
71,257,257,8,0
71,257,257,9,0
71,257,257,10,0
71,257,257,11,0
71,257,257,12,0
71,257,257,13,0
71,257,257,14,0
71,257,257,15,0
71,257,257,16,0
71,257,257,17,0
71,257,257,18,0
71,257,257,19,0
71,257,257,20,0
71,257,257,21,0
71,257,257,0,0
71,258,258,1,379
71,258,258,2,1
71,258,258,3,8
71,258,258,4,110
71,258,258,5,1
71,258,258,6,0
71,258,258,7,0
71,258,258,8,0
71,258,258,9,0
71,258,258,10,0
71,258,258,11,1
71,258,258,12,1
71,258,258,13,193
71,258,258,14,0
71,258,258,15,0
71,258,258,16,6
71,258,258,17,4
71,258,258,18,0
71,258,258,19,0
71,258,258,20,1
71,258,258,21,0
71,258,258,0,2
71,259,259,1,382
71,259,259,2,0
71,259,259,3,22
71,259,259,4,217
71,259,259,5,0
71,259,259,6,0
71,259,259,7,0
71,259,259,8,0
71,259,259,9,0
71,259,259,10,0
71,259,259,11,1
71,259,259,12,2
71,259,259,13,300
71,259,259,14,0
71,259,259,15,2
71,259,259,16,1
71,259,259,17,2
71,259,259,18,1
71,259,259,19,1
71,259,259,20,0
71,259,259,21,0
71,259,259,0,1
71,260,260,1,257
71,260,260,2,2
71,260,260,3,18
71,260,260,4,211
71,260,260,5,2
71,260,260,6,2
71,260,260,7,1
71,260,260,8,0
71,260,260,9,0
71,260,260,10,0
71,260,260,11,1
71,260,260,12,4
71,260,260,13,220
71,260,260,14,0
71,260,260,15,0
71,260,260,16,0
71,260,260,17,1
71,260,260,18,0
71,260,260,19,1
71,260,260,20,2
71,260,260,21,0
71,260,260,0,0
71,261,261,1,324
71,261,261,2,1
71,261,261,3,17
71,261,261,4,172
71,261,261,5,1
71,261,261,6,0
71,261,261,7,2
71,261,261,8,0
71,261,261,9,0
71,261,261,10,1
71,261,261,11,0
71,261,261,12,0
71,261,261,13,163
71,261,261,14,0
71,261,261,15,1
71,261,261,16,1
71,261,261,17,0
71,261,261,18,1
71,261,261,19,1
71,261,261,20,1
71,261,261,21,0
71,261,261,0,2
71,262,262,1,201
71,262,262,2,1
71,262,262,3,6
71,262,262,4,234
71,262,262,5,2
71,262,262,6,0
71,262,262,7,0
71,262,262,8,0
71,262,262,9,0
71,262,262,10,0
71,262,262,11,1
71,262,262,12,0
71,262,262,13,152
71,262,262,14,0
71,262,262,15,0
71,262,262,16,1
71,262,262,17,3
71,262,262,18,1
71,262,262,19,0
71,262,262,20,0
71,262,262,21,0
71,262,262,0,2
71,263,263,1,165
71,263,263,2,2
71,263,263,3,6
71,263,263,4,132
71,263,263,5,2
71,263,263,6,0
71,263,263,7,0
71,263,263,8,0
71,263,263,9,0
71,263,263,10,0
71,263,263,11,0
71,263,263,12,1
71,263,263,13,127
71,263,263,14,0
71,263,263,15,0
71,263,263,16,1
71,263,263,17,0
71,263,263,18,0
71,263,263,19,1
71,263,263,20,3
71,263,263,21,2
71,263,263,0,2
71,264,264,1,158
71,264,264,2,1
71,264,264,3,17
71,264,264,4,192
71,264,264,5,1
71,264,264,6,0
71,264,264,7,0
71,264,264,8,0
71,264,264,9,0
71,264,264,10,0
71,264,264,11,1
71,264,264,12,0
71,264,264,13,210
71,264,264,14,1
71,264,264,15,1
71,264,264,16,0
71,264,264,17,1
71,264,264,18,0
71,264,264,19,3
71,264,264,20,1
71,264,264,21,0
71,264,264,0,2
71,265,265,1,328
71,265,265,2,0
71,265,265,3,5
71,265,265,4,112
71,265,265,5,0
71,265,265,6,1
71,265,265,7,4
71,265,265,8,0
71,265,265,9,0
71,265,265,10,0
71,265,265,11,0
71,265,265,12,0
71,265,265,13,167
71,265,265,14,0
71,265,265,15,0
71,265,265,16,1
71,265,265,17,3
71,265,265,18,0
71,265,265,19,0
71,265,265,20,1
71,265,265,21,0
71,265,265,0,0
71,266,266,1,285
71,266,266,2,3
71,266,266,3,13
71,266,266,4,132
71,266,266,5,0
71,266,266,6,0
71,266,266,7,1
71,266,266,8,0
71,266,266,9,0
71,266,266,10,0
71,266,266,11,0
71,266,266,12,2
71,266,266,13,283
71,266,266,14,1
71,266,266,15,1
71,266,266,16,1
71,266,266,17,7
71,266,266,18,2
71,266,266,19,1
71,266,266,20,2
71,266,266,21,0
71,266,266,0,1
71,267,267,1,162
71,267,267,2,2
71,267,267,3,13
71,267,267,4,330
71,267,267,5,2
71,267,267,6,0
71,267,267,7,32
71,267,267,8,0
71,267,267,9,0
71,267,267,10,0
71,267,267,11,3
71,267,267,12,3
71,267,267,13,322
71,267,267,14,1
71,267,267,15,0
71,267,267,16,0
71,267,267,17,1
71,267,267,18,0
71,267,267,19,1
71,267,267,20,4
71,267,267,21,0
71,267,267,0,0
71,268,268,1,192
71,268,268,2,0
71,268,268,3,8
71,268,268,4,225
71,268,268,5,0
71,268,268,6,1
71,268,268,7,0
71,268,268,8,0
71,268,268,9,1
71,268,268,10,0
71,268,268,11,1
71,268,268,12,0
71,268,268,13,202
71,268,268,14,0
71,268,268,15,0
71,268,268,16,2
71,268,268,17,1
71,268,268,18,0
71,268,268,19,0
71,268,268,20,0
71,268,268,21,0
71,268,268,0,1
71,269,269,1,394
71,269,269,2,2
71,269,269,3,17
71,269,269,4,161
71,269,269,5,2
71,269,269,6,0
71,269,269,7,0
71,269,269,8,0
71,269,269,9,0
71,269,269,10,0
71,269,269,11,0
71,269,269,12,1
71,269,269,13,260
71,269,269,14,1
71,269,269,15,2
71,269,269,16,1
71,269,269,17,2
71,269,269,18,0
71,269,269,19,0
71,269,269,20,1
71,269,269,21,0
71,269,269,0,2
71,270,270,1,366
71,270,270,2,0
71,270,270,3,10
71,270,270,4,160
71,270,270,5,0
71,270,270,6,0
71,270,270,7,0
71,270,270,8,0
71,270,270,9,0
71,270,270,10,0
71,270,270,11,0
71,270,270,12,0
71,270,270,13,138
71,270,270,14,0
71,270,270,15,0
71,270,270,16,1
71,270,270,17,3
71,270,270,18,0
71,270,270,19,0
71,270,270,20,1
71,270,270,21,0
71,270,270,0,1
71,270,270,1,0
71,270,270,2,0
71,270,270,3,0
71,270,270,4,0
71,270,270,5,0
71,270,270,6,0
71,270,270,7,0
71,270,270,8,0
71,270,270,9,0
71,270,270,10,0
71,270,270,11,0
71,270,270,12,0
71,270,270,13,0
71,270,270,14,0
71,270,270,15,0
71,270,270,16,0
71,270,270,17,0
71,270,270,18,0
71,270,270,19,0
71,270,270,20,0
71,270,270,21,0
71,270,270,0,0
71,271,271,1,305
71,271,271,2,1
71,271,271,3,19
71,271,271,4,217
71,271,271,5,4
71,271,271,6,0
71,271,271,7,0
71,271,271,8,0
71,271,271,9,1
71,271,271,10,0
71,271,271,11,0
71,271,271,12,1
71,271,271,13,201
71,271,271,14,0
71,271,271,15,0
71,271,271,16,2
71,271,271,17,2
71,271,271,18,2
71,271,271,19,0
71,271,271,20,1
71,271,271,21,0
71,271,271,0,3
71,271,271,1,0
71,271,271,2,0
71,271,271,3,0
71,271,271,4,0
71,271,271,5,0
71,271,271,6,0
71,271,271,7,0
71,271,271,8,0
71,271,271,9,0
71,271,271,10,0
71,271,271,11,0
71,271,271,12,0
71,271,271,13,0
71,271,271,14,0
71,271,271,15,0
71,271,271,16,0
71,271,271,17,0
71,271,271,18,0
71,271,271,19,0
71,271,271,20,0
71,271,271,21,0
71,271,271,0,0
71,272,272,1,182
71,272,272,2,1
71,272,272,3,14
71,272,272,4,264
71,272,272,5,3
71,272,272,6,1
71,272,272,7,0
71,272,272,8,0
71,272,272,9,0
71,272,272,10,1
71,272,272,11,0
71,272,272,12,2
71,272,272,13,215
71,272,272,14,0
71,272,272,15,0
71,272,272,16,3
71,272,272,17,4
71,272,272,18,2
71,272,272,19,1
71,272,272,20,8
71,272,272,21,2
71,272,272,0,1
71,272,272,1,0
71,272,272,2,0
71,272,272,3,0
71,272,272,4,0
71,272,272,5,0
71,272,272,6,0
71,272,272,7,0
71,272,272,8,0
71,272,272,9,0
71,272,272,10,0
71,272,272,11,0
71,272,272,12,0
71,272,272,13,0
71,272,272,14,0
71,272,272,15,0
71,272,272,16,0
71,272,272,17,0
71,272,272,18,0
71,272,272,19,0
71,272,272,20,0
71,272,272,21,0
71,272,272,0,0
71,273,273,1,256
71,273,273,2,5
71,273,273,3,19
71,273,273,4,315
71,273,273,5,3
71,273,273,6,1
71,273,273,7,0
71,273,273,8,2
71,273,273,9,1
71,273,273,10,0
71,273,273,11,0
71,273,273,12,3
71,273,273,13,454
71,273,273,14,1
71,273,273,15,4
71,273,273,16,6
71,273,273,17,4
71,273,273,18,3
71,273,273,19,1
71,273,273,20,4
71,273,273,21,2
71,273,273,0,0
71,274,274,1,437
71,274,274,2,0
71,274,274,3,10
71,274,274,4,99
71,274,274,5,1
71,274,274,6,0
71,274,274,7,0
71,274,274,8,0
71,274,274,9,0
71,274,274,10,0
71,274,274,11,0
71,274,274,12,0
71,274,274,13,110
71,274,274,14,0
71,274,274,15,1
71,274,274,16,1
71,274,274,17,4
71,274,274,18,0
71,274,274,19,0
71,274,274,20,0
71,274,274,21,0
71,274,274,0,1
71,275,275,1,289
71,275,275,2,0
71,275,275,3,25
71,275,275,4,144
71,275,275,5,0
71,275,275,6,0
71,275,275,7,0
71,275,275,8,0
71,275,275,9,0
71,275,275,10,0
71,275,275,11,0
71,275,275,12,0
71,275,275,13,142
71,275,275,14,0
71,275,275,15,1
71,275,275,16,2
71,275,275,17,2
71,275,275,18,1
71,275,275,19,2
71,275,275,20,3
71,275,275,21,1
71,275,275,0,1
71,276,276,1,173
71,276,276,2,1
71,276,276,3,6
71,276,276,4,65
71,276,276,5,0
71,276,276,6,0
71,276,276,7,0
71,276,276,8,1
71,276,276,9,0
71,276,276,10,0
71,276,276,11,0
71,276,276,12,0
71,276,276,13,80
71,276,276,14,0
71,276,276,15,0
71,276,276,16,1
71,276,276,17,2
71,276,276,18,0
71,276,276,19,0
71,276,276,20,0
71,276,276,21,0
71,276,276,0,2
71,277,277,1,99
71,277,277,2,0
71,277,277,3,4
71,277,277,4,83
71,277,277,5,0
71,277,277,6,1
71,277,277,7,0
71,277,277,8,0
71,277,277,9,0
71,277,277,10,0
71,277,277,11,0
71,277,277,12,0
71,277,277,13,88
71,277,277,14,0
71,277,277,15,3
71,277,277,16,0
71,277,277,17,1
71,277,277,18,1
71,277,277,19,0
71,277,277,20,0
71,277,277,21,0
71,277,277,0,0
71,278,278,1,81436
71,278,278,2,361
71,278,278,3,4341
71,278,278,4,45726
71,278,278,5,263
71,278,278,6,120
71,278,278,7,81
71,278,278,8,57
71,278,278,9,26
71,278,278,10,46
71,278,278,11,92
71,278,278,12,332
71,278,278,13,51983
71,278,278,14,91
71,278,278,15,198
71,278,278,16,536
71,278,278,17,551
71,278,278,18,133
71,278,278,19,250
71,278,278,20,356
71,278,278,21,97
71,278,278,0,289
71,279,279,1,82353
71,279,279,2,365
71,279,279,3,4383
71,279,279,4,46267
71,279,279,5,264
71,279,279,6,121
71,279,279,7,82
71,279,279,8,59
71,279,279,9,26
71,279,279,10,47
71,279,279,11,93
71,279,279,12,332
71,279,279,13,52312
71,279,279,14,92
71,279,279,15,198
71,279,279,16,537
71,279,279,17,552
71,279,279,18,133
71,279,279,19,252
71,279,279,20,357
71,279,279,21,97
71,279,279,0,299
