ac_code,ps_serial_number,ps_code,candidate_serial_number,candidate_votes
115,0,0,1,0
115,0,0,2,821
115,0,0,3,103
115,0,0,4,639
115,0,0,5,4
115,0,0,6,4
115,0,0,7,1
115,0,0,8,594
115,0,0,9,2
115,0,0,10,1
115,0,0,11,0
115,0,0,12,4
115,0,0,13,1
115,0,0,14,0
115,0,0,15,0
115,0,0,16,2
115,0,0,0,15
115,1,1,1,0
115,1,1,2,0
115,1,1,3,0
115,1,1,4,0
115,1,1,5,0
115,1,1,6,0
115,1,1,7,0
115,1,1,8,0
115,1,1,9,0
115,1,1,10,0
115,1,1,11,0
115,1,1,12,0
115,1,1,13,0
115,1,1,14,0
115,1,1,15,0
115,1,1,16,0
115,1,1,0,0
115,1,1,1,1
115,1,1,2,126
115,1,1,3,8
115,1,1,4,96
115,1,1,5,0
115,1,1,6,0
115,1,1,7,1
115,1,1,8,188
115,1,1,9,1
115,1,1,10,0
115,1,1,11,1
115,1,1,12,0
115,1,1,13,0
115,1,1,14,1
115,1,1,15,1
115,1,1,16,1
115,1,1,0,3
115,2,2,1,2
115,2,2,2,147
115,2,2,3,28
115,2,2,4,181
115,2,2,5,0
115,2,2,6,1
115,2,2,7,1
115,2,2,8,240
115,2,2,9,0
115,2,2,10,0
115,2,2,11,0
115,2,2,12,0
115,2,2,13,0
115,2,2,14,1
115,2,2,15,0
115,2,2,16,1
115,2,2,0,7
115,3,3,1,3
115,3,3,2,124
115,3,3,3,28
115,3,3,4,143
115,3,3,5,3
115,3,3,6,0
115,3,3,7,1
115,3,3,8,297
115,3,3,9,0
115,3,3,10,0
115,3,3,11,0
115,3,3,12,0
115,3,3,13,0
115,3,3,14,0
115,3,3,15,0
115,3,3,16,0
115,3,3,0,5
115,4,4,1,4
115,4,4,2,123
115,4,4,3,13
115,4,4,4,224
115,4,4,5,0
115,4,4,6,0
115,4,4,7,2
115,4,4,8,181
115,4,4,9,0
115,4,4,10,0
115,4,4,11,1
115,4,4,12,0
115,4,4,13,0
115,4,4,14,1
115,4,4,15,1
115,4,4,16,1
115,4,4,0,2
115,5,5,1,5
115,5,5,2,82
115,5,5,3,13
115,5,5,4,180
115,5,5,5,0
115,5,5,6,0
115,5,5,7,1
115,5,5,8,215
115,5,5,9,0
115,5,5,10,0
115,5,5,11,0
115,5,5,12,0
115,5,5,13,0
115,5,5,14,0
115,5,5,15,2
115,5,5,16,0
115,5,5,0,2
115,6,6,1,6
115,6,6,2,93
115,6,6,3,5
115,6,6,4,228
115,6,6,5,0
115,6,6,6,0
115,6,6,7,1
115,6,6,8,97
115,6,6,9,1
115,6,6,10,0
115,6,6,11,0
115,6,6,12,0
115,6,6,13,1
115,6,6,14,0
115,6,6,15,3
115,6,6,16,0
115,6,6,0,5
115,7,7,1,7
115,7,7,2,76
115,7,7,3,11
115,7,7,4,135
115,7,7,5,0
115,7,7,6,0
115,7,7,7,1
115,7,7,8,123
115,7,7,9,0
115,7,7,10,0
115,7,7,11,0
115,7,7,12,1
115,7,7,13,0
115,7,7,14,0
115,7,7,15,2
115,7,7,16,0
115,7,7,0,1
115,8,8,1,8
115,8,8,2,250
115,8,8,3,24
115,8,8,4,240
115,8,8,5,7
115,8,8,6,1
115,8,8,7,0
115,8,8,8,370
115,8,8,9,1
115,8,8,10,6
115,8,8,11,2
115,8,8,12,0
115,8,8,13,4
115,8,8,14,1
115,8,8,15,4
115,8,8,16,1
115,8,8,0,7
115,9,9,1,9
115,9,9,2,112
115,9,9,3,18
115,9,9,4,205
115,9,9,5,0
115,9,9,6,0
115,9,9,7,0
115,9,9,8,159
115,9,9,9,0
115,9,9,10,0
115,9,9,11,2
115,9,9,12,0
115,9,9,13,0
115,9,9,14,0
115,9,9,15,0
115,9,9,16,0
115,9,9,0,2
115,10,10,1,10
115,10,10,2,99
115,10,10,3,19
115,10,10,4,141
115,10,10,5,2
115,10,10,6,0
115,10,10,7,0
115,10,10,8,124
115,10,10,9,0
115,10,10,10,0
115,10,10,11,0
115,10,10,12,0
115,10,10,13,0
115,10,10,14,0
115,10,10,15,0
115,10,10,16,0
115,10,10,0,0
115,11,11,1,11
115,11,11,2,120
115,11,11,3,36
115,11,11,4,231
115,11,11,5,2
115,11,11,6,0
115,11,11,7,1
115,11,11,8,234
115,11,11,9,0
115,11,11,10,0
115,11,11,11,0
115,11,11,12,0
115,11,11,13,0
115,11,11,14,0
115,11,11,15,0
115,11,11,16,2
115,11,11,0,2
115,12,12,1,12
115,12,12,2,103
115,12,12,3,14
115,12,12,4,351
115,12,12,5,1
115,12,12,6,0
115,12,12,7,1
115,12,12,8,121
115,12,12,9,0
115,12,12,10,1
115,12,12,11,0
115,12,12,12,0
115,12,12,13,2
115,12,12,14,0
115,12,12,15,3
115,12,12,16,0
115,12,12,0,3
115,13,13,1,13
115,13,13,2,56
115,13,13,3,5
115,13,13,4,177
115,13,13,5,3
115,13,13,6,1
115,13,13,7,0
115,13,13,8,110
115,13,13,9,0
115,13,13,10,0
115,13,13,11,0
115,13,13,12,0
115,13,13,13,1
115,13,13,14,0
115,13,13,15,2
115,13,13,16,0
115,13,13,0,0
115,14,14,1,14
115,14,14,2,215
115,14,14,3,35
115,14,14,4,220
115,14,14,5,1
115,14,14,6,0
115,14,14,7,4
115,14,14,8,344
115,14,14,9,0
115,14,14,10,1
115,14,14,11,1
115,14,14,12,1
115,14,14,13,1
115,14,14,14,1
115,14,14,15,4
115,14,14,16,1
115,14,14,0,6
115,15,15,1,15
115,15,15,2,167
115,15,15,3,41
115,15,15,4,254
115,15,15,5,0
115,15,15,6,0
115,15,15,7,0
115,15,15,8,325
115,15,15,9,0
115,15,15,10,1
115,15,15,11,0
115,15,15,12,0
115,15,15,13,1
115,15,15,14,0
115,15,15,15,1
115,15,15,16,0
115,15,15,0,2
115,16,16,1,16
115,16,16,2,160
115,16,16,3,23
115,16,16,4,180
115,16,16,5,2
115,16,16,6,0
115,16,16,7,1
115,16,16,8,199
115,16,16,9,0
115,16,16,10,1
115,16,16,11,1
115,16,16,12,0
115,16,16,13,0
115,16,16,14,0
115,16,16,15,3
115,16,16,16,0
115,16,16,0,6
115,17,17,1,17
115,17,17,2,124
115,17,17,3,18
115,17,17,4,90
115,17,17,5,1
115,17,17,6,0
115,17,17,7,2
115,17,17,8,260
115,17,17,9,0
115,17,17,10,1
115,17,17,11,2
115,17,17,12,0
115,17,17,13,0
115,17,17,14,1
115,17,17,15,0
115,17,17,16,0
115,17,17,0,0
115,18,18,1,18
115,18,18,2,164
115,18,18,3,20
115,18,18,4,251
115,18,18,5,0
115,18,18,6,1
115,18,18,7,1
115,18,18,8,299
115,18,18,9,2
115,18,18,10,0
115,18,18,11,1
115,18,18,12,0
115,18,18,13,1
115,18,18,14,0
115,18,18,15,0
115,18,18,16,0
115,18,18,0,2
115,19,19,1,19
115,19,19,2,167
115,19,19,3,21
115,19,19,4,184
115,19,19,5,3
115,19,19,6,0
115,19,19,7,1
115,19,19,8,233
115,19,19,9,0
115,19,19,10,1
115,19,19,11,0
115,19,19,12,0
115,19,19,13,0
115,19,19,14,0
115,19,19,15,0
115,19,19,16,0
115,19,19,0,3
115,20,20,1,20
115,20,20,2,144
115,20,20,3,20
115,20,20,4,159
115,20,20,5,2
115,20,20,6,0
115,20,20,7,0
115,20,20,8,170
115,20,20,9,0
115,20,20,10,0
115,20,20,11,0
115,20,20,12,0
115,20,20,13,0
115,20,20,14,0
115,20,20,15,0
115,20,20,16,0
115,20,20,0,2
115,21,21,1,21
115,21,21,2,163
115,21,21,3,40
115,21,21,4,263
115,21,21,5,2
115,21,21,6,1
115,21,21,7,1
115,21,21,8,234
115,21,21,9,1
115,21,21,10,0
115,21,21,11,0
115,21,21,12,1
115,21,21,13,0
115,21,21,14,1
115,21,21,15,0
115,21,21,16,3
115,21,21,0,2
115,22,22,1,22
115,22,22,2,126
115,22,22,3,35
115,22,22,4,244
115,22,22,5,2
115,22,22,6,0
115,22,22,7,0
115,22,22,8,204
115,22,22,9,1
115,22,22,10,0
115,22,22,11,1
115,22,22,12,0
115,22,22,13,1
115,22,22,14,0
115,22,22,15,0
115,22,22,16,0
115,22,22,0,4
115,23,23,1,23
115,23,23,2,233
115,23,23,3,46
115,23,23,4,272
115,23,23,5,4
115,23,23,6,0
115,23,23,7,0
115,23,23,8,347
115,23,23,9,1
115,23,23,10,1
115,23,23,11,1
115,23,23,12,0
115,23,23,13,1
115,23,23,14,0
115,23,23,15,3
115,23,23,16,0
115,23,23,0,3
115,24,24,1,24
115,24,24,2,276
115,24,24,3,51
115,24,24,4,197
115,24,24,5,3
115,24,24,6,0
115,24,24,7,0
115,24,24,8,338
115,24,24,9,3
115,24,24,10,0
115,24,24,11,1
115,24,24,12,2
115,24,24,13,0
115,24,24,14,0
115,24,24,15,2
115,24,24,16,1
115,24,24,0,3
115,25,25,1,25
115,25,25,2,116
115,25,25,3,16
115,25,25,4,215
115,25,25,5,1
115,25,25,6,1
115,25,25,7,0
115,25,25,8,210
115,25,25,9,2
115,25,25,10,0
115,25,25,11,0
115,25,25,12,0
115,25,25,13,1
115,25,25,14,0
115,25,25,15,1
115,25,25,16,0
115,25,25,0,3
115,26,26,1,26
115,26,26,2,138
115,26,26,3,45
115,26,26,4,269
115,26,26,5,3
115,26,26,6,0
115,26,26,7,1
115,26,26,8,270
115,26,26,9,2
115,26,26,10,0
115,26,26,11,1
115,26,26,12,0
115,26,26,13,0
115,26,26,14,1
115,26,26,15,2
115,26,26,16,1
115,26,26,0,1
115,27,27,1,27
115,27,27,2,173
115,27,27,3,48
115,27,27,4,387
115,27,27,5,4
115,27,27,6,1
115,27,27,7,0
115,27,27,8,233
115,27,27,9,2
115,27,27,10,1
115,27,27,11,1
115,27,27,12,0
115,27,27,13,1
115,27,27,14,0
115,27,27,15,4
115,27,27,16,0
115,27,27,0,3
115,28,28,1,28
115,28,28,2,186
115,28,28,3,12
115,28,28,4,201
115,28,28,5,1
115,28,28,6,0
115,28,28,7,1
115,28,28,8,192
115,28,28,9,0
115,28,28,10,0
115,28,28,11,1
115,28,28,12,0
115,28,28,13,1
115,28,28,14,0
115,28,28,15,1
115,28,28,16,1
115,28,28,0,4
115,29,29,1,29
115,29,29,2,204
115,29,29,3,28
115,29,29,4,284
115,29,29,5,1
115,29,29,6,0
115,29,29,7,0
115,29,29,8,295
115,29,29,9,1
115,29,29,10,0
115,29,29,11,1
115,29,29,12,0
115,29,29,13,1
115,29,29,14,0
115,29,29,15,3
115,29,29,16,2
115,29,29,0,7
115,30,30,1,30
115,30,30,2,220
115,30,30,3,27
115,30,30,4,226
115,30,30,5,1
115,30,30,6,0
115,30,30,7,0
115,30,30,8,214
115,30,30,9,0
115,30,30,10,0
115,30,30,11,0
115,30,30,12,0
115,30,30,13,0
115,30,30,14,0
115,30,30,15,0
115,30,30,16,2
115,30,30,0,5
115,31,31,1,31
115,31,31,2,265
115,31,31,3,25
115,31,31,4,236
115,31,31,5,1
115,31,31,6,0
115,31,31,7,2
115,31,31,8,237
115,31,31,9,1
115,31,31,10,0
115,31,31,11,0
115,31,31,12,0
115,31,31,13,0
115,31,31,14,0
115,31,31,15,0
115,31,31,16,0
115,31,31,0,7
115,32,32,1,32
115,32,32,2,176
115,32,32,3,7
115,32,32,4,241
115,32,32,5,1
115,32,32,6,0
115,32,32,7,1
115,32,32,8,160
115,32,32,9,0
115,32,32,10,0
115,32,32,11,0
115,32,32,12,0
115,32,32,13,1
115,32,32,14,0
115,32,32,15,1
115,32,32,16,0
115,32,32,0,11
115,33,33,1,33
115,33,33,2,108
115,33,33,3,32
115,33,33,4,318
115,33,33,5,0
115,33,33,6,0
115,33,33,7,0
115,33,33,8,249
115,33,33,9,0
115,33,33,10,2
115,33,33,11,0
115,33,33,12,1
115,33,33,13,0
115,33,33,14,0
115,33,33,15,0
115,33,33,16,0
115,33,33,0,2
115,34,34,1,34
115,34,34,2,146
115,34,34,3,26
115,34,34,4,186
115,34,34,5,0
115,34,34,6,1
115,34,34,7,0
115,34,34,8,267
115,34,34,9,0
115,34,34,10,10
115,34,34,11,0
115,34,34,12,1
115,34,34,13,0
115,34,34,14,0
115,34,34,15,0
115,34,34,16,1
115,34,34,0,3
115,35,35,1,35
115,35,35,2,179
115,35,35,3,36
115,35,35,4,204
115,35,35,5,1
115,35,35,6,2
115,35,35,7,1
115,35,35,8,275
115,35,35,9,2
115,35,35,10,2
115,35,35,11,0
115,35,35,12,0
115,35,35,13,1
115,35,35,14,0
115,35,35,15,1
115,35,35,16,1
115,35,35,0,3
115,36,36,1,36
115,36,36,2,175
115,36,36,3,38
115,36,36,4,135
115,36,36,5,1
115,36,36,6,0
115,36,36,7,1
115,36,36,8,318
115,36,36,9,0
115,36,36,10,0
115,36,36,11,0
115,36,36,12,0
115,36,36,13,0
115,36,36,14,0
115,36,36,15,1
115,36,36,16,0
115,36,36,0,2
115,37,37,1,37
115,37,37,2,148
115,37,37,3,29
115,37,37,4,93
115,37,37,5,1
115,37,37,6,0
115,37,37,7,0
115,37,37,8,215
115,37,37,9,2
115,37,37,10,0
115,37,37,11,0
115,37,37,12,0
115,37,37,13,1
115,37,37,14,0
115,37,37,15,0
115,37,37,16,0
115,37,37,0,6
115,38,38,1,38
115,38,38,2,109
115,38,38,3,21
115,38,38,4,224
115,38,38,5,1
115,38,38,6,2
115,38,38,7,1
115,38,38,8,181
115,38,38,9,2
115,38,38,10,0
115,38,38,11,0
115,38,38,12,0
115,38,38,13,0
115,38,38,14,1
115,38,38,15,2
115,38,38,16,2
115,38,38,0,4
115,39,39,1,0
115,39,39,2,0
115,39,39,3,0
115,39,39,4,0
115,39,39,5,0
115,39,39,6,0
115,39,39,7,0
115,39,39,8,0
115,39,39,9,0
115,39,39,10,0
115,39,39,11,0
115,39,39,12,0
115,39,39,13,0
115,39,39,14,0
115,39,39,15,0
115,39,39,16,0
115,39,39,0,0
115,39,39,1,39
115,39,39,2,92
115,39,39,3,22
115,39,39,4,157
115,39,39,5,1
115,39,39,6,0
115,39,39,7,2
115,39,39,8,243
115,39,39,9,0
115,39,39,10,1
115,39,39,11,0
115,39,39,12,0
115,39,39,13,0
115,39,39,14,0
115,39,39,15,0
115,39,39,16,2
115,39,39,0,0
115,40,40,1,0
115,40,40,2,0
115,40,40,3,0
115,40,40,4,0
115,40,40,5,0
115,40,40,6,0
115,40,40,7,0
115,40,40,8,0
115,40,40,9,0
115,40,40,10,0
115,40,40,11,0
115,40,40,12,0
115,40,40,13,0
115,40,40,14,0
115,40,40,15,0
115,40,40,16,0
115,40,40,0,0
115,40,40,1,40
115,40,40,2,181
115,40,40,3,31
115,40,40,4,244
115,40,40,5,0
115,40,40,6,0
115,40,40,7,0
115,40,40,8,372
115,40,40,9,1
115,40,40,10,1
115,40,40,11,0
115,40,40,12,0
115,40,40,13,0
115,40,40,14,0
115,40,40,15,1
115,40,40,16,0
115,40,40,0,3
115,41,41,1,41
115,41,41,2,182
115,41,41,3,23
115,41,41,4,248
115,41,41,5,0
115,41,41,6,0
115,41,41,7,0
115,41,41,8,252
115,41,41,9,2
115,41,41,10,1
115,41,41,11,1
115,41,41,12,1
115,41,41,13,0
115,41,41,14,0
115,41,41,15,0
115,41,41,16,0
115,41,41,0,2
115,42,42,1,42
115,42,42,2,167
115,42,42,3,18
115,42,42,4,342
115,42,42,5,3
115,42,42,6,2
115,42,42,7,3
115,42,42,8,413
115,42,42,9,0
115,42,42,10,8
115,42,42,11,1
115,42,42,12,1
115,42,42,13,0
115,42,42,14,0
115,42,42,15,3
115,42,42,16,2
115,42,42,0,2
115,43,43,1,43
115,43,43,2,101
115,43,43,3,52
115,43,43,4,126
115,43,43,5,0
115,43,43,6,0
115,43,43,7,0
115,43,43,8,316
115,43,43,9,0
115,43,43,10,1
115,43,43,11,0
115,43,43,12,0
115,43,43,13,0
115,43,43,14,0
115,43,43,15,0
115,43,43,16,0
115,43,43,0,1
115,44,44,1,44
115,44,44,2,89
115,44,44,3,38
115,44,44,4,125
115,44,44,5,2
115,44,44,6,0
115,44,44,7,1
115,44,44,8,236
115,44,44,9,0
115,44,44,10,0
115,44,44,11,1
115,44,44,12,0
115,44,44,13,0
115,44,44,14,0
115,44,44,15,1
115,44,44,16,1
115,44,44,0,4
115,45,45,1,45
115,45,45,2,155
115,45,45,3,40
115,45,45,4,221
115,45,45,5,2
115,45,45,6,0
115,45,45,7,1
115,45,45,8,288
115,45,45,9,1
115,45,45,10,0
115,45,45,11,0
115,45,45,12,0
115,45,45,13,3
115,45,45,14,0
115,45,45,15,1
115,45,45,16,0
115,45,45,0,3
115,46,46,1,46
115,46,46,2,195
115,46,46,3,25
115,46,46,4,79
115,46,46,5,4
115,46,46,6,0
115,46,46,7,1
115,46,46,8,241
115,46,46,9,1
115,46,46,10,1
115,46,46,11,0
115,46,46,12,0
115,46,46,13,0
115,46,46,14,0
115,46,46,15,3
115,46,46,16,1
115,46,46,0,5
115,47,47,1,47
115,47,47,2,222
115,47,47,3,18
115,47,47,4,53
115,47,47,5,3
115,47,47,6,0
115,47,47,7,2
115,47,47,8,258
115,47,47,9,1
115,47,47,10,0
115,47,47,11,0
115,47,47,12,0
115,47,47,13,0
115,47,47,14,0
115,47,47,15,0
115,47,47,16,1
115,47,47,0,4
115,48,48,1,48
115,48,48,2,225
115,48,48,3,34
115,48,48,4,74
115,48,48,5,1
115,48,48,6,1
115,48,48,7,1
115,48,48,8,397
115,48,48,9,1
115,48,48,10,1
115,48,48,11,0
115,48,48,12,0
115,48,48,13,0
115,48,48,14,0
115,48,48,15,1
115,48,48,16,0
115,48,48,0,6
115,49,49,1,49
115,49,49,2,264
115,49,49,3,16
115,49,49,4,52
115,49,49,5,2
115,49,49,6,0
115,49,49,7,4
115,49,49,8,175
115,49,49,9,0
115,49,49,10,0
115,49,49,11,1
115,49,49,12,0
115,49,49,13,0
115,49,49,14,0
115,49,49,15,2
115,49,49,16,0
115,49,49,0,0
115,50,50,1,50
115,50,50,2,200
115,50,50,3,23
115,50,50,4,68
115,50,50,5,1
115,50,50,6,0
115,50,50,7,1
115,50,50,8,306
115,50,50,9,1
115,50,50,10,4
115,50,50,11,4
115,50,50,12,1
115,50,50,13,2
115,50,50,14,0
115,50,50,15,2
115,50,50,16,2
115,50,50,0,4
115,51,51,1,51
115,51,51,2,232
115,51,51,3,18
115,51,51,4,76
115,51,51,5,2
115,51,51,6,0
115,51,51,7,1
115,51,51,8,213
115,51,51,9,0
115,51,51,10,0
115,51,51,11,0
115,51,51,12,0
115,51,51,13,0
115,51,51,14,1
115,51,51,15,0
115,51,51,16,3
115,51,51,0,1
115,52,52,1,52
115,52,52,2,122
115,52,52,3,27
115,52,52,4,221
115,52,52,5,1
115,52,52,6,0
115,52,52,7,0
115,52,52,8,222
115,52,52,9,0
115,52,52,10,0
115,52,52,11,1
115,52,52,12,0
115,52,52,13,0
115,52,52,14,0
115,52,52,15,0
115,52,52,16,0
115,52,52,0,2
115,53,53,1,53
115,53,53,2,125
115,53,53,3,16
115,53,53,4,142
115,53,53,5,2
115,53,53,6,1
115,53,53,7,2
115,53,53,8,219
115,53,53,9,0
115,53,53,10,0
115,53,53,11,2
115,53,53,12,0
115,53,53,13,1
115,53,53,14,1
115,53,53,15,2
115,53,53,16,1
115,53,53,0,3
115,54,54,1,54
115,54,54,2,230
115,54,54,3,34
115,54,54,4,137
115,54,54,5,2
115,54,54,6,0
115,54,54,7,0
115,54,54,8,336
115,54,54,9,1
115,54,54,10,0
115,54,54,11,0
115,54,54,12,0
115,54,54,13,0
115,54,54,14,0
115,54,54,15,0
115,54,54,16,0
115,54,54,0,2
115,55,55,1,55
115,55,55,2,197
115,55,55,3,52
115,55,55,4,151
115,55,55,5,1
115,55,55,6,1
115,55,55,7,1
115,55,55,8,327
115,55,55,9,0
115,55,55,10,0
115,55,55,11,0
115,55,55,12,0
115,55,55,13,0
115,55,55,14,0
115,55,55,15,1
115,55,55,16,0
115,55,55,0,2
115,56,56,1,56
115,56,56,2,172
115,56,56,3,19
115,56,56,4,135
115,56,56,5,0
115,56,56,6,0
115,56,56,7,0
115,56,56,8,306
115,56,56,9,1
115,56,56,10,0
115,56,56,11,2
115,56,56,12,1
115,56,56,13,0
115,56,56,14,0
115,56,56,15,0
115,56,56,16,0
115,56,56,0,5
115,57,57,1,57
115,57,57,2,227
115,57,57,3,29
115,57,57,4,119
115,57,57,5,1
115,57,57,6,0
115,57,57,7,0
115,57,57,8,360
115,57,57,9,1
115,57,57,10,1
115,57,57,11,1
115,57,57,12,0
115,57,57,13,0
115,57,57,14,0
115,57,57,15,0
115,57,57,16,0
115,57,57,0,2
115,58,58,1,58
115,58,58,2,121
115,58,58,3,23
115,58,58,4,63
115,58,58,5,1
115,58,58,6,0
115,58,58,7,0
115,58,58,8,176
115,58,58,9,1
115,58,58,10,0
115,58,58,11,1
115,58,58,12,0
115,58,58,13,1
115,58,58,14,0
115,58,58,15,1
115,58,58,16,0
115,58,58,0,3
115,59,59,1,59
115,59,59,2,110
115,59,59,3,6
115,59,59,4,50
115,59,59,5,0
115,59,59,6,0
115,59,59,7,1
115,59,59,8,100
115,59,59,9,0
115,59,59,10,0
115,59,59,11,0
115,59,59,12,1
115,59,59,13,0
115,59,59,14,0
115,59,59,15,1
115,59,59,16,0
115,59,59,0,1
115,60,60,1,60
115,60,60,2,151
115,60,60,3,52
115,60,60,4,146
115,60,60,5,0
115,60,60,6,0
115,60,60,7,0
115,60,60,8,336
115,60,60,9,0
115,60,60,10,0
115,60,60,11,0
115,60,60,12,0
115,60,60,13,0
115,60,60,14,0
115,60,60,15,0
115,60,60,16,0
115,60,60,0,7
115,61,61,1,61
115,61,61,2,119
115,61,61,3,37
115,61,61,4,136
115,61,61,5,1
115,61,61,6,1
115,61,61,7,2
115,61,61,8,241
115,61,61,9,0
115,61,61,10,1
115,61,61,11,0
115,61,61,12,0
115,61,61,13,0
115,61,61,14,0
115,61,61,15,0
115,61,61,16,2
115,61,61,0,6
115,62,62,1,62
115,62,62,2,128
115,62,62,3,22
115,62,62,4,136
115,62,62,5,1
115,62,62,6,1
115,62,62,7,1
115,62,62,8,228
115,62,62,9,2
115,62,62,10,0
115,62,62,11,0
115,62,62,12,0
115,62,62,13,0
115,62,62,14,0
115,62,62,15,1
115,62,62,16,2
115,62,62,0,0
115,63,63,1,63
115,63,63,2,154
115,63,63,3,22
115,63,63,4,231
115,63,63,5,0
115,63,63,6,0
115,63,63,7,0
115,63,63,8,305
115,63,63,9,2
115,63,63,10,1
115,63,63,11,0
115,63,63,12,0
115,63,63,13,0
115,63,63,14,0
115,63,63,15,2
115,63,63,16,2
115,63,63,0,4
115,64,64,1,64
115,64,64,2,161
115,64,64,3,34
115,64,64,4,236
115,64,64,5,1
115,64,64,6,0
115,64,64,7,0
115,64,64,8,218
115,64,64,9,0
115,64,64,10,0
115,64,64,11,0
115,64,64,12,1
115,64,64,13,0
115,64,64,14,0
115,64,64,15,1
115,64,64,16,0
115,64,64,0,2
115,65,65,1,65
115,65,65,2,118
115,65,65,3,13
115,65,65,4,117
115,65,65,5,0
115,65,65,6,0
115,65,65,7,0
115,65,65,8,162
115,65,65,9,0
115,65,65,10,0
115,65,65,11,1
115,65,65,12,0
115,65,65,13,0
115,65,65,14,1
115,65,65,15,2
115,65,65,16,2
115,65,65,0,4
115,66,66,1,66
115,66,66,2,165
115,66,66,3,13
115,66,66,4,165
115,66,66,5,0
115,66,66,6,0
115,66,66,7,1
115,66,66,8,196
115,66,66,9,1
115,66,66,10,0
115,66,66,11,0
115,66,66,12,0
115,66,66,13,0
115,66,66,14,0
115,66,66,15,0
115,66,66,16,0
115,66,66,0,7
115,67,67,1,67
115,67,67,2,139
115,67,67,3,27
115,67,67,4,188
115,67,67,5,0
115,67,67,6,1
115,67,67,7,0
115,67,67,8,208
115,67,67,9,0
115,67,67,10,0
115,67,67,11,0
115,67,67,12,0
115,67,67,13,0
115,67,67,14,0
115,67,67,15,0
115,67,67,16,1
115,67,67,0,1
115,68,68,1,68
115,68,68,2,124
115,68,68,3,25
115,68,68,4,68
115,68,68,5,1
115,68,68,6,0
115,68,68,7,1
115,68,68,8,314
115,68,68,9,0
115,68,68,10,0
115,68,68,11,0
115,68,68,12,0
115,68,68,13,0
115,68,68,14,1
115,68,68,15,0
115,68,68,16,4
115,68,68,0,1
115,69,69,1,69
115,69,69,2,182
115,69,69,3,19
115,69,69,4,91
115,69,69,5,0
115,69,69,6,0
115,69,69,7,2
115,69,69,8,200
115,69,69,9,2
115,69,69,10,0
115,69,69,11,0
115,69,69,12,0
115,69,69,13,0
115,69,69,14,1
115,69,69,15,0
115,69,69,16,0
115,69,69,0,0
115,70,70,1,70
115,70,70,2,79
115,70,70,3,18
115,70,70,4,52
115,70,70,5,1
115,70,70,6,0
115,70,70,7,0
115,70,70,8,149
115,70,70,9,0
115,70,70,10,0
115,70,70,11,0
115,70,70,12,0
115,70,70,13,0
115,70,70,14,0
115,70,70,15,0
115,70,70,16,0
115,70,70,0,4
115,71,71,1,71
115,71,71,2,155
115,71,71,3,35
115,71,71,4,82
115,71,71,5,1
115,71,71,6,1
115,71,71,7,1
115,71,71,8,411
115,71,71,9,0
115,71,71,10,1
115,71,71,11,1
115,71,71,12,1
115,71,71,13,0
115,71,71,14,1
115,71,71,15,0
115,71,71,16,1
115,71,71,0,2
115,72,72,1,72
115,72,72,2,130
115,72,72,3,20
115,72,72,4,64
115,72,72,5,0
115,72,72,6,0
115,72,72,7,0
115,72,72,8,203
115,72,72,9,1
115,72,72,10,1
115,72,72,11,2
115,72,72,12,0
115,72,72,13,0
115,72,72,14,0
115,72,72,15,0
115,72,72,16,0
115,72,72,0,3
115,73,73,1,73
115,73,73,2,104
115,73,73,3,16
115,73,73,4,66
115,73,73,5,0
115,73,73,6,0
115,73,73,7,0
115,73,73,8,169
115,73,73,9,0
115,73,73,10,0
115,73,73,11,0
115,73,73,12,0
115,73,73,13,0
115,73,73,14,0
115,73,73,15,1
115,73,73,16,0
115,73,73,0,2
115,74,74,1,74
115,74,74,2,157
115,74,74,3,19
115,74,74,4,113
115,74,74,5,0
115,74,74,6,0
115,74,74,7,0
115,74,74,8,211
115,74,74,9,1
115,74,74,10,0
115,74,74,11,0
115,74,74,12,0
115,74,74,13,0
115,74,74,14,0
115,74,74,15,0
115,74,74,16,0
115,74,74,0,2
115,75,75,1,75
115,75,75,2,145
115,75,75,3,33
115,75,75,4,79
115,75,75,5,0
115,75,75,6,1
115,75,75,7,0
115,75,75,8,197
115,75,75,9,1
115,75,75,10,1
115,75,75,11,0
115,75,75,12,0
115,75,75,13,0
115,75,75,14,0
115,75,75,15,0
115,75,75,16,0
115,75,75,0,1
115,76,76,1,76
115,76,76,2,143
115,76,76,3,41
115,76,76,4,137
115,76,76,5,1
115,76,76,6,0
115,76,76,7,0
115,76,76,8,339
115,76,76,9,0
115,76,76,10,1
115,76,76,11,1
115,76,76,12,0
115,76,76,13,0
115,76,76,14,0
115,76,76,15,1
115,76,76,16,2
115,76,76,0,1
115,77,77,1,77
115,77,77,2,147
115,77,77,3,21
115,77,77,4,157
115,77,77,5,2
115,77,77,6,0
115,77,77,7,2
115,77,77,8,225
115,77,77,9,0
115,77,77,10,2
115,77,77,11,2
115,77,77,12,0
115,77,77,13,0
115,77,77,14,1
115,77,77,15,1
115,77,77,16,1
115,77,77,0,4
115,78,78,1,78
115,78,78,2,191
115,78,78,3,51
115,78,78,4,169
115,78,78,5,1
115,78,78,6,0
115,78,78,7,0
115,78,78,8,359
115,78,78,9,1
115,78,78,10,0
115,78,78,11,0
115,78,78,12,0
115,78,78,13,0
115,78,78,14,0
115,78,78,15,1
115,78,78,16,4
115,78,78,0,6
115,79,79,1,79
115,79,79,2,159
115,79,79,3,37
115,79,79,4,182
115,79,79,5,1
115,79,79,6,0
115,79,79,7,1
115,79,79,8,296
115,79,79,9,1
115,79,79,10,2
115,79,79,11,1
115,79,79,12,0
115,79,79,13,0
115,79,79,14,0
115,79,79,15,0
115,79,79,16,1
115,79,79,0,2
115,80,80,1,80
115,80,80,2,74
115,80,80,3,34
115,80,80,4,121
115,80,80,5,0
115,80,80,6,1
115,80,80,7,0
115,80,80,8,160
115,80,80,9,0
115,80,80,10,0
115,80,80,11,0
115,80,80,12,0
115,80,80,13,1
115,80,80,14,0
115,80,80,15,0
115,80,80,16,0
115,80,80,0,2
115,81,81,1,0
115,81,81,2,0
115,81,81,3,0
115,81,81,4,0
115,81,81,5,0
115,81,81,6,0
115,81,81,7,0
115,81,81,8,0
115,81,81,9,0
115,81,81,10,0
115,81,81,11,0
115,81,81,12,0
115,81,81,13,0
115,81,81,14,0
115,81,81,15,0
115,81,81,16,0
115,81,81,0,0
115,81,81,1,81
115,81,81,2,107
115,81,81,3,31
115,81,81,4,245
115,81,81,5,0
115,81,81,6,0
115,81,81,7,1
115,81,81,8,252
115,81,81,9,1
115,81,81,10,0
115,81,81,11,1
115,81,81,12,2
115,81,81,13,0
115,81,81,14,0
115,81,81,15,0
115,81,81,16,2
115,81,81,0,3
115,82,82,1,0
115,82,82,2,0
115,82,82,3,0
115,82,82,4,0
115,82,82,5,0
115,82,82,6,0
115,82,82,7,0
115,82,82,8,0
115,82,82,9,0
115,82,82,10,0
115,82,82,11,0
115,82,82,12,0
115,82,82,13,0
115,82,82,14,0
115,82,82,15,0
115,82,82,16,0
115,82,82,0,0
115,82,82,1,82
115,82,82,2,91
115,82,82,3,22
115,82,82,4,136
115,82,82,5,2
115,82,82,6,0
115,82,82,7,0
115,82,82,8,206
115,82,82,9,1
115,82,82,10,1
115,82,82,11,2
115,82,82,12,0
115,82,82,13,1
115,82,82,14,0
115,82,82,15,1
115,82,82,16,0
115,82,82,0,2
115,83,83,1,83
115,83,83,2,93
115,83,83,3,22
115,83,83,4,148
115,83,83,5,2
115,83,83,6,0
115,83,83,7,0
115,83,83,8,340
115,83,83,9,0
115,83,83,10,1
115,83,83,11,0
115,83,83,12,0
115,83,83,13,0
115,83,83,14,0
115,83,83,15,0
115,83,83,16,1
115,83,83,0,1
115,84,84,1,84
115,84,84,2,125
115,84,84,3,27
115,84,84,4,177
115,84,84,5,2
115,84,84,6,0
115,84,84,7,0
115,84,84,8,281
115,84,84,9,0
115,84,84,10,2
115,84,84,11,0
115,84,84,12,0
115,84,84,13,0
115,84,84,14,1
115,84,84,15,2
115,84,84,16,0
115,84,84,0,4
115,85,85,1,85
115,85,85,2,118
115,85,85,3,31
115,85,85,4,299
115,85,85,5,2
115,85,85,6,0
115,85,85,7,1
115,85,85,8,225
115,85,85,9,0
115,85,85,10,1
115,85,85,11,0
115,85,85,12,1
115,85,85,13,0
115,85,85,14,2
115,85,85,15,4
115,85,85,16,1
115,85,85,0,2
115,86,86,1,86
115,86,86,2,134
115,86,86,3,33
115,86,86,4,122
115,86,86,5,2
115,86,86,6,0
115,86,86,7,0
115,86,86,8,300
115,86,86,9,0
115,86,86,10,0
115,86,86,11,0
115,86,86,12,0
115,86,86,13,0
115,86,86,14,0
115,86,86,15,1
115,86,86,16,1
115,86,86,0,4
115,87,87,1,87
115,87,87,2,109
115,87,87,3,23
115,87,87,4,180
115,87,87,5,2
115,87,87,6,0
115,87,87,7,1
115,87,87,8,186
115,87,87,9,1
115,87,87,10,0
115,87,87,11,1
115,87,87,12,0
115,87,87,13,0
115,87,87,14,0
115,87,87,15,1
115,87,87,16,2
115,87,87,0,0
115,88,88,1,88
115,88,88,2,54
115,88,88,3,13
115,88,88,4,184
115,88,88,5,1
115,88,88,6,0
115,88,88,7,0
115,88,88,8,80
115,88,88,9,0
115,88,88,10,0
115,88,88,11,0
115,88,88,12,0
115,88,88,13,0
115,88,88,14,0
115,88,88,15,0
115,88,88,16,0
115,88,88,0,3
115,89,89,1,89
115,89,89,2,124
115,89,89,3,35
115,89,89,4,299
115,89,89,5,0
115,89,89,6,0
115,89,89,7,3
115,89,89,8,238
115,89,89,9,2
115,89,89,10,2
115,89,89,11,0
115,89,89,12,1
115,89,89,13,0
115,89,89,14,0
115,89,89,15,0
115,89,89,16,1
115,89,89,0,4
115,90,90,1,90
115,90,90,2,178
115,90,90,3,24
115,90,90,4,204
115,90,90,5,0
115,90,90,6,1
115,90,90,7,0
115,90,90,8,235
115,90,90,9,1
115,90,90,10,0
115,90,90,11,1
115,90,90,12,1
115,90,90,13,0
115,90,90,14,0
115,90,90,15,1
115,90,90,16,1
115,90,90,0,3
115,91,91,1,91
115,91,91,2,90
115,91,91,3,32
115,91,91,4,75
115,91,91,5,0
115,91,91,6,0
115,91,91,7,0
115,91,91,8,238
115,91,91,9,2
115,91,91,10,0
115,91,91,11,0
115,91,91,12,0
115,91,91,13,0
115,91,91,14,0
115,91,91,15,1
115,91,91,16,5
115,91,91,0,2
115,92,92,1,92
115,92,92,2,95
115,92,92,3,31
115,92,92,4,93
115,92,92,5,0
115,92,92,6,0
115,92,92,7,1
115,92,92,8,316
115,92,92,9,0
115,92,92,10,1
115,92,92,11,1
115,92,92,12,0
115,92,92,13,0
115,92,92,14,0
115,92,92,15,0
115,92,92,16,1
115,92,92,0,0
115,93,93,1,93
115,93,93,2,183
115,93,93,3,52
115,93,93,4,166
115,93,93,5,0
115,93,93,6,0
115,93,93,7,0
115,93,93,8,341
115,93,93,9,0
115,93,93,10,1
115,93,93,11,1
115,93,93,12,0
115,93,93,13,0
115,93,93,14,1
115,93,93,15,1
115,93,93,16,1
115,93,93,0,1
115,94,94,1,94
115,94,94,2,161
115,94,94,3,19
115,94,94,4,162
115,94,94,5,0
115,94,94,6,0
115,94,94,7,0
115,94,94,8,246
115,94,94,9,0
115,94,94,10,0
115,94,94,11,0
115,94,94,12,0
115,94,94,13,0
115,94,94,14,1
115,94,94,15,0
115,94,94,16,1
115,94,94,0,1
115,95,95,1,95
115,95,95,2,94
115,95,95,3,16
115,95,95,4,101
115,95,95,5,0
115,95,95,6,0
115,95,95,7,2
115,95,95,8,148
115,95,95,9,1
115,95,95,10,0
115,95,95,11,0
115,95,95,12,0
115,95,95,13,0
115,95,95,14,0
115,95,95,15,0
115,95,95,16,1
115,95,95,0,1
115,96,96,1,96
115,96,96,2,100
115,96,96,3,32
115,96,96,4,132
115,96,96,5,0
115,96,96,6,0
115,96,96,7,1
115,96,96,8,173
115,96,96,9,0
115,96,96,10,0
115,96,96,11,1
115,96,96,12,0
115,96,96,13,1
115,96,96,14,1
115,96,96,15,1
115,96,96,16,0
115,96,96,0,2
115,97,97,1,97
115,97,97,2,175
115,97,97,3,37
115,97,97,4,220
115,97,97,5,0
115,97,97,6,1
115,97,97,7,0
115,97,97,8,315
115,97,97,9,1
115,97,97,10,0
115,97,97,11,0
115,97,97,12,0
115,97,97,13,0
115,97,97,14,0
115,97,97,15,0
115,97,97,16,0
115,97,97,0,4
115,98,98,1,98
115,98,98,2,145
115,98,98,3,38
115,98,98,4,163
115,98,98,5,0
115,98,98,6,0
115,98,98,7,1
115,98,98,8,382
115,98,98,9,0
115,98,98,10,2
115,98,98,11,2
115,98,98,12,0
115,98,98,13,1
115,98,98,14,0
115,98,98,15,0
115,98,98,16,0
115,98,98,0,8
115,99,99,1,99
115,99,99,2,116
115,99,99,3,35
115,99,99,4,183
115,99,99,5,1
115,99,99,6,0
115,99,99,7,1
115,99,99,8,317
115,99,99,9,0
115,99,99,10,0
115,99,99,11,1
115,99,99,12,1
115,99,99,13,2
115,99,99,14,0
115,99,99,15,0
115,99,99,16,0
115,99,99,0,3
115,100,100,1,100
115,100,100,2,288
115,100,100,3,56
115,100,100,4,271
115,100,100,5,0
115,100,100,6,0
115,100,100,7,2
115,100,100,8,388
115,100,100,9,0
115,100,100,10,0
115,100,100,11,0
115,100,100,12,0
115,100,100,13,0
115,100,100,14,0
115,100,100,15,1
115,100,100,16,2
115,100,100,0,2
115,101,101,1,101
115,101,101,2,110
115,101,101,3,15
115,101,101,4,126
115,101,101,5,1
115,101,101,6,0
115,101,101,7,1
115,101,101,8,198
115,101,101,9,0
115,101,101,10,0
115,101,101,11,1
115,101,101,12,0
115,101,101,13,0
115,101,101,14,0
115,101,101,15,2
115,101,101,16,3
115,101,101,0,3
115,102,102,1,102
115,102,102,2,140
115,102,102,3,50
115,102,102,4,252
115,102,102,5,1
115,102,102,6,0
115,102,102,7,2
115,102,102,8,277
115,102,102,9,2
115,102,102,10,0
115,102,102,11,0
115,102,102,12,0
115,102,102,13,1
115,102,102,14,0
115,102,102,15,0
115,102,102,16,0
115,102,102,0,5
115,103,103,1,103
115,103,103,2,109
115,103,103,3,25
115,103,103,4,293
115,103,103,5,3
115,103,103,6,0
115,103,103,7,0
115,103,103,8,151
115,103,103,9,0
115,103,103,10,0
115,103,103,11,1
115,103,103,12,0
115,103,103,13,1
115,103,103,14,1
115,103,103,15,2
115,103,103,16,1
115,103,103,0,0
115,104,104,1,104
115,104,104,2,101
115,104,104,3,15
115,104,104,4,128
115,104,104,5,0
115,104,104,6,0
115,104,104,7,1
115,104,104,8,200
115,104,104,9,0
115,104,104,10,0
115,104,104,11,0
115,104,104,12,1
115,104,104,13,0
115,104,104,14,0
115,104,104,15,2
115,104,104,16,2
115,104,104,0,2
115,105,105,1,105
115,105,105,2,197
115,105,105,3,31
115,105,105,4,172
115,105,105,5,0
115,105,105,6,0
115,105,105,7,0
115,105,105,8,310
115,105,105,9,1
115,105,105,10,0
115,105,105,11,0
115,105,105,12,0
115,105,105,13,0
115,105,105,14,0
115,105,105,15,2
115,105,105,16,1
115,105,105,0,4
115,106,106,1,106
115,106,106,2,220
115,106,106,3,18
115,106,106,4,202
115,106,106,5,0
115,106,106,6,0
115,106,106,7,0
115,106,106,8,255
115,106,106,9,1
115,106,106,10,0
115,106,106,11,1
115,106,106,12,1
115,106,106,13,1
115,106,106,14,0
115,106,106,15,1
115,106,106,16,4
115,106,106,0,3
115,107,107,1,107
115,107,107,2,287
115,107,107,3,22
115,107,107,4,301
115,107,107,5,2
115,107,107,6,0
115,107,107,7,1
115,107,107,8,276
115,107,107,9,2
115,107,107,10,0
115,107,107,11,0
115,107,107,12,1
115,107,107,13,0
115,107,107,14,3
115,107,107,15,3
115,107,107,16,11
115,107,107,0,4
115,108,108,1,108
115,108,108,2,100
115,108,108,3,9
115,108,108,4,196
115,108,108,5,0
115,108,108,6,0
115,108,108,7,0
115,108,108,8,163
115,108,108,9,1
115,108,108,10,0
115,108,108,11,0
115,108,108,12,0
115,108,108,13,0
115,108,108,14,0
115,108,108,15,1
115,108,108,16,0
115,108,108,0,0
115,109,109,1,109
115,109,109,2,199
115,109,109,3,12
115,109,109,4,92
115,109,109,5,2
115,109,109,6,0
115,109,109,7,1
115,109,109,8,370
115,109,109,9,2
115,109,109,10,0
115,109,109,11,1
115,109,109,12,0
115,109,109,13,1
115,109,109,14,0
115,109,109,15,1
115,109,109,16,0
115,109,109,0,5
115,110,110,1,110
115,110,110,2,143
115,110,110,3,27
115,110,110,4,226
115,110,110,5,0
115,110,110,6,0
115,110,110,7,1
115,110,110,8,183
115,110,110,9,4
115,110,110,10,1
115,110,110,11,0
115,110,110,12,0
115,110,110,13,0
115,110,110,14,0
115,110,110,15,1
115,110,110,16,0
115,110,110,0,0
115,111,111,1,111
115,111,111,2,144
115,111,111,3,26
115,111,111,4,145
115,111,111,5,0
115,111,111,6,0
115,111,111,7,1
115,111,111,8,164
115,111,111,9,3
115,111,111,10,0
115,111,111,11,1
115,111,111,12,0
115,111,111,13,0
115,111,111,14,0
115,111,111,15,0
115,111,111,16,0
115,111,111,0,0
115,112,112,1,112
115,112,112,2,81
115,112,112,3,31
115,112,112,4,103
115,112,112,5,2
115,112,112,6,0
115,112,112,7,0
115,112,112,8,171
115,112,112,9,1
115,112,112,10,0
115,112,112,11,0
115,112,112,12,0
115,112,112,13,0
115,112,112,14,0
115,112,112,15,0
115,112,112,16,0
115,112,112,0,3
115,113,113,1,113
115,113,113,2,190
115,113,113,3,21
115,113,113,4,129
115,113,113,5,4
115,113,113,6,0
115,113,113,7,0
115,113,113,8,236
115,113,113,9,4
115,113,113,10,0
115,113,113,11,0
115,113,113,12,0
115,113,113,13,0
115,113,113,14,0
115,113,113,15,1
115,113,113,16,0
115,113,113,0,4
115,114,114,1,114
115,114,114,2,166
115,114,114,3,20
115,114,114,4,108
115,114,114,5,0
115,114,114,6,0
115,114,114,7,1
115,114,114,8,152
115,114,114,9,3
115,114,114,10,0
115,114,114,11,0
115,114,114,12,0
115,114,114,13,0
115,114,114,14,0
115,114,114,15,0
115,114,114,16,0
115,114,114,0,2
115,115,115,1,115
115,115,115,2,163
115,115,115,3,28
115,115,115,4,83
115,115,115,5,0
115,115,115,6,0
115,115,115,7,0
115,115,115,8,282
115,115,115,9,0
115,115,115,10,0
115,115,115,11,1
115,115,115,12,1
115,115,115,13,0
115,115,115,14,0
115,115,115,15,0
115,115,115,16,0
115,115,115,0,4
115,116,116,1,116
115,116,116,2,210
115,116,116,3,26
115,116,116,4,97
115,116,116,5,0
115,116,116,6,0
115,116,116,7,1
115,116,116,8,284
115,116,116,9,2
115,116,116,10,0
115,116,116,11,2
115,116,116,12,1
115,116,116,13,0
115,116,116,14,0
115,116,116,15,0
115,116,116,16,0
115,116,116,0,3
115,117,117,1,117
115,117,117,2,257
115,117,117,3,38
115,117,117,4,99
115,117,117,5,0
115,117,117,6,0
115,117,117,7,0
115,117,117,8,341
115,117,117,9,1
115,117,117,10,0
115,117,117,11,0
115,117,117,12,0
115,117,117,13,1
115,117,117,14,0
115,117,117,15,0
115,117,117,16,0
115,117,117,0,1
115,118,118,1,118
115,118,118,2,189
115,118,118,3,22
115,118,118,4,75
115,118,118,5,0
115,118,118,6,0
115,118,118,7,1
115,118,118,8,244
115,118,118,9,0
115,118,118,10,0
115,118,118,11,1
115,118,118,12,0
115,118,118,13,0
115,118,118,14,0
115,118,118,15,0
115,118,118,16,0
115,118,118,0,3
115,119,119,1,119
115,119,119,2,176
115,119,119,3,25
115,119,119,4,136
115,119,119,5,0
115,119,119,6,0
115,119,119,7,1
115,119,119,8,276
115,119,119,9,0
115,119,119,10,0
115,119,119,11,0
115,119,119,12,0
115,119,119,13,0
115,119,119,14,1
115,119,119,15,1
115,119,119,16,0
115,119,119,0,2
115,120,120,1,120
115,120,120,2,101
115,120,120,3,24
115,120,120,4,124
115,120,120,5,0
115,120,120,6,0
115,120,120,7,0
115,120,120,8,145
115,120,120,9,2
115,120,120,10,0
115,120,120,11,0
115,120,120,12,0
115,120,120,13,0
115,120,120,14,1
115,120,120,15,3
115,120,120,16,0
115,120,120,0,3
115,121,121,1,121
115,121,121,2,149
115,121,121,3,35
115,121,121,4,120
115,121,121,5,2
115,121,121,6,0
115,121,121,7,0
115,121,121,8,269
115,121,121,9,2
115,121,121,10,0
115,121,121,11,0
115,121,121,12,0
115,121,121,13,0
115,121,121,14,0
115,121,121,15,0
115,121,121,16,1
115,121,121,0,4
115,122,122,1,122
115,122,122,2,96
115,122,122,3,12
115,122,122,4,59
115,122,122,5,0
115,122,122,6,0
115,122,122,7,1
115,122,122,8,192
115,122,122,9,1
115,122,122,10,0
115,122,122,11,0
115,122,122,12,0
115,122,122,13,0
115,122,122,14,0
115,122,122,15,0
115,122,122,16,0
115,122,122,0,3
115,123,123,1,0
115,123,123,2,0
115,123,123,3,0
115,123,123,4,0
115,123,123,5,0
115,123,123,6,0
115,123,123,7,0
115,123,123,8,0
115,123,123,9,0
115,123,123,10,0
115,123,123,11,0
115,123,123,12,0
115,123,123,13,0
115,123,123,14,0
115,123,123,15,0
115,123,123,16,0
115,123,123,0,0
115,123,123,1,123
115,123,123,2,101
115,123,123,3,17
115,123,123,4,89
115,123,123,5,0
115,123,123,6,0
115,123,123,7,2
115,123,123,8,205
115,123,123,9,0
115,123,123,10,0
115,123,123,11,1
115,123,123,12,0
115,123,123,13,1
115,123,123,14,0
115,123,123,15,1
115,123,123,16,1
115,123,123,0,1
115,124,124,1,0
115,124,124,2,0
115,124,124,3,0
115,124,124,4,0
115,124,124,5,0
115,124,124,6,0
115,124,124,7,0
115,124,124,8,0
115,124,124,9,0
115,124,124,10,0
115,124,124,11,0
115,124,124,12,0
115,124,124,13,0
115,124,124,14,0
115,124,124,15,0
115,124,124,16,0
115,124,124,0,0
115,124,124,1,124
115,124,124,2,223
115,124,124,3,38
115,124,124,4,124
115,124,124,5,2
115,124,124,6,1
115,124,124,7,3
115,124,124,8,266
115,124,124,9,1
115,124,124,10,1
115,124,124,11,1
115,124,124,12,0
115,124,124,13,0
115,124,124,14,0
115,124,124,15,0
115,124,124,16,1
115,124,124,0,4
115,125,125,1,125
115,125,125,2,166
115,125,125,3,33
115,125,125,4,72
115,125,125,5,0
115,125,125,6,1
115,125,125,7,0
115,125,125,8,270
115,125,125,9,1
115,125,125,10,1
115,125,125,11,0
115,125,125,12,0
115,125,125,13,0
115,125,125,14,0
115,125,125,15,0
115,125,125,16,1
115,125,125,0,1
115,126,126,1,126
115,126,126,2,202
115,126,126,3,37
115,126,126,4,174
115,126,126,5,1
115,126,126,6,1
115,126,126,7,0
115,126,126,8,253
115,126,126,9,1
115,126,126,10,2
115,126,126,11,1
115,126,126,12,0
115,126,126,13,0
115,126,126,14,0
115,126,126,15,1
115,126,126,16,0
115,126,126,0,3
115,127,127,1,127
115,127,127,2,178
115,127,127,3,14
115,127,127,4,88
115,127,127,5,0
115,127,127,6,1
115,127,127,7,0
115,127,127,8,202
115,127,127,9,2
115,127,127,10,0
115,127,127,11,0
115,127,127,12,0
115,127,127,13,0
115,127,127,14,0
115,127,127,15,0
115,127,127,16,0
115,127,127,0,3
115,128,128,1,128
115,128,128,2,267
115,128,128,3,27
115,128,128,4,142
115,128,128,5,0
115,128,128,6,0
115,128,128,7,0
115,128,128,8,234
115,128,128,9,2
115,128,128,10,2
115,128,128,11,1
115,128,128,12,0
115,128,128,13,1
115,128,128,14,0
115,128,128,15,1
115,128,128,16,0
115,128,128,0,6
115,129,129,1,129
115,129,129,2,133
115,129,129,3,17
115,129,129,4,94
115,129,129,5,0
115,129,129,6,0
115,129,129,7,0
115,129,129,8,131
115,129,129,9,1
115,129,129,10,0
115,129,129,11,0
115,129,129,12,0
115,129,129,13,0
115,129,129,14,0
115,129,129,15,0
115,129,129,16,0
115,129,129,0,5
115,130,130,1,130
115,130,130,2,123
115,130,130,3,17
115,130,130,4,115
115,130,130,5,2
115,130,130,6,0
115,130,130,7,0
115,130,130,8,158
115,130,130,9,1
115,130,130,10,0
115,130,130,11,0
115,130,130,12,0
115,130,130,13,0
115,130,130,14,0
115,130,130,15,1
115,130,130,16,0
115,130,130,0,2
115,131,131,1,131
115,131,131,2,245
115,131,131,3,32
115,131,131,4,172
115,131,131,5,3
115,131,131,6,0
115,131,131,7,1
115,131,131,8,385
115,131,131,9,1
115,131,131,10,1
115,131,131,11,1
115,131,131,12,0
115,131,131,13,0
115,131,131,14,1
115,131,131,15,2
115,131,131,16,2
115,131,131,0,3
115,132,132,1,132
115,132,132,2,146
115,132,132,3,26
115,132,132,4,157
115,132,132,5,1
115,132,132,6,1
115,132,132,7,1
115,132,132,8,255
115,132,132,9,2
115,132,132,10,0
115,132,132,11,0
115,132,132,12,0
115,132,132,13,0
115,132,132,14,0
115,132,132,15,0
115,132,132,16,0
115,132,132,0,4
115,133,133,1,133
115,133,133,2,109
115,133,133,3,17
115,133,133,4,137
115,133,133,5,0
115,133,133,6,0
115,133,133,7,1
115,133,133,8,168
115,133,133,9,1
115,133,133,10,0
115,133,133,11,0
115,133,133,12,0
115,133,133,13,0
115,133,133,14,0
115,133,133,15,0
115,133,133,16,1
115,133,133,0,1
115,134,134,1,134
115,134,134,2,214
115,134,134,3,30
115,134,134,4,178
115,134,134,5,0
115,134,134,6,0
115,134,134,7,0
115,134,134,8,345
115,134,134,9,4
115,134,134,10,1
115,134,134,11,1
115,134,134,12,0
115,134,134,13,0
115,134,134,14,0
115,134,134,15,2
115,134,134,16,0
115,134,134,0,1
115,135,135,1,135
115,135,135,2,83
115,135,135,3,19
115,135,135,4,78
115,135,135,5,0
115,135,135,6,1
115,135,135,7,1
115,135,135,8,157
115,135,135,9,1
115,135,135,10,0
115,135,135,11,1
115,135,135,12,0
115,135,135,13,0
115,135,135,14,0
115,135,135,15,0
115,135,135,16,1
115,135,135,0,2
115,136,136,1,136
115,136,136,2,208
115,136,136,3,31
115,136,136,4,147
115,136,136,5,0
115,136,136,6,0
115,136,136,7,0
115,136,136,8,254
115,136,136,9,1
115,136,136,10,1
115,136,136,11,0
115,136,136,12,1
115,136,136,13,0
115,136,136,14,0
115,136,136,15,0
115,136,136,16,0
115,136,136,0,1
115,137,137,1,137
115,137,137,2,76
115,137,137,3,17
115,137,137,4,135
115,137,137,5,0
115,137,137,6,1
115,137,137,7,0
115,137,137,8,188
115,137,137,9,8
115,137,137,10,1
115,137,137,11,0
115,137,137,12,0
115,137,137,13,0
115,137,137,14,1
115,137,137,15,0
115,137,137,16,0
115,137,137,0,1
115,138,138,1,138
115,138,138,2,114
115,138,138,3,17
115,138,138,4,119
115,138,138,5,0
115,138,138,6,0
115,138,138,7,0
115,138,138,8,250
115,138,138,9,4
115,138,138,10,1
115,138,138,11,1
115,138,138,12,0
115,138,138,13,0
115,138,138,14,1
115,138,138,15,0
115,138,138,16,1
115,138,138,0,2
115,139,139,1,139
115,139,139,2,134
115,139,139,3,19
115,139,139,4,174
115,139,139,5,3
115,139,139,6,0
115,139,139,7,0
115,139,139,8,214
115,139,139,9,2
115,139,139,10,0
115,139,139,11,0
115,139,139,12,0
115,139,139,13,0
115,139,139,14,0
115,139,139,15,0
115,139,139,16,1
115,139,139,0,3
115,140,140,1,140
115,140,140,2,180
115,140,140,3,23
115,140,140,4,148
115,140,140,5,0
115,140,140,6,1
115,140,140,7,1
115,140,140,8,163
115,140,140,9,0
115,140,140,10,3
115,140,140,11,0
115,140,140,12,0
115,140,140,13,0
115,140,140,14,0
115,140,140,15,1
115,140,140,16,0
115,140,140,0,4
115,141,141,1,141
115,141,141,2,44
115,141,141,3,5
115,141,141,4,38
115,141,141,5,0
115,141,141,6,0
115,141,141,7,0
115,141,141,8,54
115,141,141,9,0
115,141,141,10,0
115,141,141,11,0
115,141,141,12,0
115,141,141,13,0
115,141,141,14,0
115,141,141,15,0
115,141,141,16,0
115,141,141,0,2
115,142,142,1,142
115,142,142,2,257
115,142,142,3,13
115,142,142,4,54
115,142,142,5,0
115,142,142,6,0
115,142,142,7,0
115,142,142,8,177
115,142,142,9,2
115,142,142,10,1
115,142,142,11,0
115,142,142,12,0
115,142,142,13,0
115,142,142,14,0
115,142,142,15,1
115,142,142,16,1
115,142,142,0,1
115,143,143,1,143
115,143,143,2,210
115,143,143,3,11
115,143,143,4,66
115,143,143,5,0
115,143,143,6,0
115,143,143,7,1
115,143,143,8,200
115,143,143,9,2
115,143,143,10,0
115,143,143,11,0
115,143,143,12,0
115,143,143,13,0
115,143,143,14,0
115,143,143,15,0
115,143,143,16,0
115,143,143,0,1
115,144,144,1,144
115,144,144,2,134
115,144,144,3,24
115,144,144,4,190
115,144,144,5,2
115,144,144,6,0
115,144,144,7,0
115,144,144,8,177
115,144,144,9,1
115,144,144,10,0
115,144,144,11,1
115,144,144,12,0
115,144,144,13,0
115,144,144,14,1
115,144,144,15,1
115,144,144,16,1
115,144,144,0,1
115,145,145,1,145
115,145,145,2,76
115,145,145,3,16
115,145,145,4,116
115,145,145,5,0
115,145,145,6,0
115,145,145,7,0
115,145,145,8,117
115,145,145,9,0
115,145,145,10,0
115,145,145,11,0
115,145,145,12,0
115,145,145,13,0
115,145,145,14,0
115,145,145,15,2
115,145,145,16,0
115,145,145,0,3
115,146,146,1,146
115,146,146,2,131
115,146,146,3,37
115,146,146,4,152
115,146,146,5,0
115,146,146,6,0
115,146,146,7,1
115,146,146,8,265
115,146,146,9,2
115,146,146,10,1
115,146,146,11,1
115,146,146,12,0
115,146,146,13,0
115,146,146,14,2
115,146,146,15,0
115,146,146,16,1
115,146,146,0,1
115,147,147,1,147
115,147,147,2,208
115,147,147,3,29
115,147,147,4,182
115,147,147,5,3
115,147,147,6,0
115,147,147,7,1
115,147,147,8,382
115,147,147,9,1
115,147,147,10,1
115,147,147,11,1
115,147,147,12,0
115,147,147,13,0
115,147,147,14,1
115,147,147,15,0
115,147,147,16,1
115,147,147,0,4
115,148,148,1,148
115,148,148,2,133
115,148,148,3,49
115,148,148,4,175
115,148,148,5,1
115,148,148,6,1
115,148,148,7,1
115,148,148,8,290
115,148,148,9,1
115,148,148,10,0
115,148,148,11,2
115,148,148,12,0
115,148,148,13,1
115,148,148,14,2
115,148,148,15,1
115,148,148,16,0
115,148,148,0,7
115,149,149,1,149
115,149,149,2,84
115,149,149,3,9
115,149,149,4,109
115,149,149,5,0
115,149,149,6,0
115,149,149,7,0
115,149,149,8,97
115,149,149,9,0
115,149,149,10,1
115,149,149,11,0
115,149,149,12,0
115,149,149,13,1
115,149,149,14,0
115,149,149,15,2
115,149,149,16,0
115,149,149,0,0
115,150,150,1,150
115,150,150,2,87
115,150,150,3,20
115,150,150,4,130
115,150,150,5,0
115,150,150,6,1
115,150,150,7,1
115,150,150,8,136
115,150,150,9,0
115,150,150,10,0
115,150,150,11,1
115,150,150,12,0
115,150,150,13,1
115,150,150,14,0
115,150,150,15,0
115,150,150,16,0
115,150,150,0,1
115,151,151,1,151
115,151,151,2,77
115,151,151,3,26
115,151,151,4,98
115,151,151,5,0
115,151,151,6,1
115,151,151,7,1
115,151,151,8,152
115,151,151,9,0
115,151,151,10,0
115,151,151,11,0
115,151,151,12,0
115,151,151,13,0
115,151,151,14,0
115,151,151,15,0
115,151,151,16,0
115,151,151,0,2
115,152,152,1,152
115,152,152,2,193
115,152,152,3,29
115,152,152,4,234
115,152,152,5,0
115,152,152,6,0
115,152,152,7,0
115,152,152,8,240
115,152,152,9,0
115,152,152,10,1
115,152,152,11,1
115,152,152,12,0
115,152,152,13,1
115,152,152,14,0
115,152,152,15,1
115,152,152,16,1
115,152,152,0,4
115,153,153,1,153
115,153,153,2,170
115,153,153,3,17
115,153,153,4,84
115,153,153,5,0
115,153,153,6,0
115,153,153,7,1
115,153,153,8,216
115,153,153,9,0
115,153,153,10,0
115,153,153,11,0
115,153,153,12,0
115,153,153,13,2
115,153,153,14,0
115,153,153,15,0
115,153,153,16,1
115,153,153,0,4
115,154,154,1,154
115,154,154,2,89
115,154,154,3,13
115,154,154,4,70
115,154,154,5,2
115,154,154,6,0
115,154,154,7,0
115,154,154,8,170
115,154,154,9,3
115,154,154,10,0
115,154,154,11,1
115,154,154,12,0
115,154,154,13,1
115,154,154,14,0
115,154,154,15,0
115,154,154,16,1
115,154,154,0,1
115,155,155,1,155
115,155,155,2,126
115,155,155,3,32
115,155,155,4,271
115,155,155,5,0
115,155,155,6,0
115,155,155,7,1
115,155,155,8,335
115,155,155,9,4
115,155,155,10,1
115,155,155,11,0
115,155,155,12,0
115,155,155,13,2
115,155,155,14,1
115,155,155,15,0
115,155,155,16,1
115,155,155,0,3
115,156,156,1,156
115,156,156,2,71
115,156,156,3,19
115,156,156,4,143
115,156,156,5,0
115,156,156,6,0
115,156,156,7,1
115,156,156,8,235
115,156,156,9,2
115,156,156,10,0
115,156,156,11,2
115,156,156,12,0
115,156,156,13,0
115,156,156,14,0
115,156,156,15,0
115,156,156,16,0
115,156,156,0,1
115,157,157,1,157
115,157,157,2,149
115,157,157,3,36
115,157,157,4,257
115,157,157,5,0
115,157,157,6,0
115,157,157,7,0
115,157,157,8,340
115,157,157,9,1
115,157,157,10,1
115,157,157,11,0
115,157,157,12,0
115,157,157,13,1
115,157,157,14,0
115,157,157,15,2
115,157,157,16,0
115,157,157,0,3
115,158,158,1,158
115,158,158,2,131
115,158,158,3,18
115,158,158,4,214
115,158,158,5,1
115,158,158,6,0
115,158,158,7,0
115,158,158,8,186
115,158,158,9,0
115,158,158,10,0
115,158,158,11,1
115,158,158,12,0
115,158,158,13,0
115,158,158,14,1
115,158,158,15,0
115,158,158,16,0
115,158,158,0,5
115,159,159,1,159
115,159,159,2,162
115,159,159,3,37
115,159,159,4,178
115,159,159,5,2
115,159,159,6,0
115,159,159,7,0
115,159,159,8,342
115,159,159,9,0
115,159,159,10,3
115,159,159,11,0
115,159,159,12,0
115,159,159,13,0
115,159,159,14,0
115,159,159,15,2
115,159,159,16,0
115,159,159,0,0
115,160,160,1,160
115,160,160,2,156
115,160,160,3,29
115,160,160,4,274
115,160,160,5,2
115,160,160,6,1
115,160,160,7,3
115,160,160,8,236
115,160,160,9,1
115,160,160,10,0
115,160,160,11,0
115,160,160,12,0
115,160,160,13,2
115,160,160,14,0
115,160,160,15,0
115,160,160,16,1
115,160,160,0,3
115,161,161,1,161
115,161,161,2,120
115,161,161,3,19
115,161,161,4,118
115,161,161,5,1
115,161,161,6,0
115,161,161,7,0
115,161,161,8,245
115,161,161,9,0
115,161,161,10,0
115,161,161,11,0
115,161,161,12,0
115,161,161,13,1
115,161,161,14,0
115,161,161,15,0
115,161,161,16,0
115,161,161,0,2
115,162,162,1,162
115,162,162,2,166
115,162,162,3,12
115,162,162,4,178
115,162,162,5,2
115,162,162,6,0
115,162,162,7,0
115,162,162,8,174
115,162,162,9,2
115,162,162,10,1
115,162,162,11,1
115,162,162,12,1
115,162,162,13,0
115,162,162,14,0
115,162,162,15,3
115,162,162,16,0
115,162,162,0,2
115,163,163,1,163
115,163,163,2,196
115,163,163,3,42
115,163,163,4,296
115,163,163,5,2
115,163,163,6,0
115,163,163,7,3
115,163,163,8,339
115,163,163,9,1
115,163,163,10,1
115,163,163,11,1
115,163,163,12,0
115,163,163,13,1
115,163,163,14,0
115,163,163,15,4
115,163,163,16,1
115,163,163,0,4
115,164,164,1,164
115,164,164,2,139
115,164,164,3,18
115,164,164,4,157
115,164,164,5,0
115,164,164,6,0
115,164,164,7,1
115,164,164,8,221
115,164,164,9,1
115,164,164,10,0
115,164,164,11,0
115,164,164,12,0
115,164,164,13,1
115,164,164,14,0
115,164,164,15,0
115,164,164,16,0
115,164,164,0,3
115,165,165,1,0
115,165,165,2,0
115,165,165,3,0
115,165,165,4,0
115,165,165,5,0
115,165,165,6,0
115,165,165,7,0
115,165,165,8,0
115,165,165,9,0
115,165,165,10,0
115,165,165,11,0
115,165,165,12,0
115,165,165,13,0
115,165,165,14,0
115,165,165,15,0
115,165,165,16,0
115,165,165,0,0
115,165,165,1,165
115,165,165,2,247
115,165,165,3,29
115,165,165,4,202
115,165,165,5,2
115,165,165,6,0
115,165,165,7,0
115,165,165,8,350
115,165,165,9,2
115,165,165,10,3
115,165,165,11,1
115,165,165,12,0
115,165,165,13,0
115,165,165,14,0
115,165,165,15,1
115,165,165,16,2
115,165,165,0,6
115,166,166,1,0
115,166,166,2,0
115,166,166,3,0
115,166,166,4,0
115,166,166,5,0
115,166,166,6,0
115,166,166,7,0
115,166,166,8,0
115,166,166,9,0
115,166,166,10,0
115,166,166,11,0
115,166,166,12,0
115,166,166,13,0
115,166,166,14,0
115,166,166,15,0
115,166,166,16,0
115,166,166,0,0
115,166,166,1,166
115,166,166,2,236
115,166,166,3,34
115,166,166,4,211
115,166,166,5,1
115,166,166,6,0
115,166,166,7,0
115,166,166,8,310
115,166,166,9,0
115,166,166,10,0
115,166,166,11,0
115,166,166,12,1
115,166,166,13,2
115,166,166,14,0
115,166,166,15,0
115,166,166,16,1
115,166,166,0,5
115,167,167,1,167
115,167,167,2,125
115,167,167,3,14
115,167,167,4,211
115,167,167,5,2
115,167,167,6,0
115,167,167,7,0
115,167,167,8,202
115,167,167,9,0
115,167,167,10,3
115,167,167,11,0
115,167,167,12,0
115,167,167,13,0
115,167,167,14,0
115,167,167,15,0
115,167,167,16,0
115,167,167,0,2
115,168,168,1,168
115,168,168,2,115
115,168,168,3,25
115,168,168,4,204
115,168,168,5,0
115,168,168,6,1
115,168,168,7,0
115,168,168,8,224
115,168,168,9,1
115,168,168,10,0
115,168,168,11,1
115,168,168,12,0
115,168,168,13,1
115,168,168,14,0
115,168,168,15,0
115,168,168,16,1
115,168,168,0,1
115,169,169,1,169
115,169,169,2,145
115,169,169,3,39
115,169,169,4,265
115,169,169,5,1
115,169,169,6,0
115,169,169,7,0
115,169,169,8,201
115,169,169,9,3
115,169,169,10,1
115,169,169,11,0
115,169,169,12,1
115,169,169,13,0
115,169,169,14,0
115,169,169,15,0
115,169,169,16,1
115,169,169,0,4
115,170,170,1,170
115,170,170,2,162
115,170,170,3,9
115,170,170,4,201
115,170,170,5,3
115,170,170,6,2
115,170,170,7,1
115,170,170,8,186
115,170,170,9,0
115,170,170,10,0
115,170,170,11,0
115,170,170,12,1
115,170,170,13,0
115,170,170,14,0
115,170,170,15,1
115,170,170,16,0
115,170,170,0,4
115,171,171,1,171
115,171,171,2,169
115,171,171,3,39
115,171,171,4,247
115,171,171,5,0
115,171,171,6,1
115,171,171,7,0
115,171,171,8,264
115,171,171,9,1
115,171,171,10,0
115,171,171,11,1
115,171,171,12,1
115,171,171,13,0
115,171,171,14,0
115,171,171,15,1
115,171,171,16,0
115,171,171,0,5
115,172,172,1,172
115,172,172,2,202
115,172,172,3,30
115,172,172,4,335
115,172,172,5,1
115,172,172,6,0
115,172,172,7,0
115,172,172,8,217
115,172,172,9,0
115,172,172,10,0
115,172,172,11,1
115,172,172,12,1
115,172,172,13,1
115,172,172,14,0
115,172,172,15,0
115,172,172,16,0
115,172,172,0,2
115,173,173,1,173
115,173,173,2,228
115,173,173,3,33
115,173,173,4,266
115,173,173,5,3
115,173,173,6,0
115,173,173,7,1
115,173,173,8,254
115,173,173,9,1
115,173,173,10,0
115,173,173,11,1
115,173,173,12,0
115,173,173,13,1
115,173,173,14,1
115,173,173,15,5
115,173,173,16,0
115,173,173,0,7
115,174,174,1,174
115,174,174,2,150
115,174,174,3,37
115,174,174,4,286
115,174,174,5,0
115,174,174,6,0
115,174,174,7,1
115,174,174,8,220
115,174,174,9,2
115,174,174,10,0
115,174,174,11,0
115,174,174,12,0
115,174,174,13,0
115,174,174,14,0
115,174,174,15,2
115,174,174,16,0
115,174,174,0,2
115,175,175,1,175
115,175,175,2,177
115,175,175,3,23
115,175,175,4,198
115,175,175,5,2
115,175,175,6,0
115,175,175,7,0
115,175,175,8,227
115,175,175,9,5
115,175,175,10,0
115,175,175,11,1
115,175,175,12,0
115,175,175,13,0
115,175,175,14,1
115,175,175,15,0
115,175,175,16,0
115,175,175,0,0
115,176,176,1,176
115,176,176,2,151
115,176,176,3,29
115,176,176,4,269
115,176,176,5,0
115,176,176,6,1
115,176,176,7,1
115,176,176,8,236
115,176,176,9,3
115,176,176,10,1
115,176,176,11,0
115,176,176,12,0
115,176,176,13,0
115,176,176,14,0
115,176,176,15,0
115,176,176,16,0
115,176,176,0,2
115,177,177,1,177
115,177,177,2,105
115,177,177,3,28
115,177,177,4,290
115,177,177,5,3
115,177,177,6,1
115,177,177,7,0
115,177,177,8,194
115,177,177,9,1
115,177,177,10,0
115,177,177,11,0
115,177,177,12,0
115,177,177,13,2
115,177,177,14,0
115,177,177,15,0
115,177,177,16,0
115,177,177,0,3
115,178,178,1,178
115,178,178,2,153
115,178,178,3,42
115,178,178,4,341
115,178,178,5,4
115,178,178,6,1
115,178,178,7,1
115,178,178,8,232
115,178,178,9,1
115,178,178,10,1
115,178,178,11,0
115,178,178,12,0
115,178,178,13,2
115,178,178,14,0
115,178,178,15,2
115,178,178,16,1
115,178,178,0,3
115,179,179,1,179
115,179,179,2,166
115,179,179,3,21
115,179,179,4,203
115,179,179,5,0
115,179,179,6,0
115,179,179,7,1
115,179,179,8,159
115,179,179,9,0
115,179,179,10,1
115,179,179,11,1
115,179,179,12,0
115,179,179,13,0
115,179,179,14,0
115,179,179,15,3
115,179,179,16,0
115,179,179,0,4
115,180,180,1,180
115,180,180,2,155
115,180,180,3,12
115,180,180,4,206
115,180,180,5,1
115,180,180,6,1
115,180,180,7,2
115,180,180,8,167
115,180,180,9,2
115,180,180,10,1
115,180,180,11,1
115,180,180,12,0
115,180,180,13,1
115,180,180,14,1
115,180,180,15,5
115,180,180,16,1
115,180,180,0,5
115,181,181,1,181
115,181,181,2,265
115,181,181,3,37
115,181,181,4,295
115,181,181,5,1
115,181,181,6,0
115,181,181,7,0
115,181,181,8,191
115,181,181,9,2
115,181,181,10,1
115,181,181,11,1
115,181,181,12,0
115,181,181,13,0
115,181,181,14,2
115,181,181,15,3
115,181,181,16,1
115,181,181,0,10
115,182,182,1,182
115,182,182,2,208
115,182,182,3,22
115,182,182,4,190
115,182,182,5,2
115,182,182,6,1
115,182,182,7,0
115,182,182,8,155
115,182,182,9,1
115,182,182,10,1
115,182,182,11,1
115,182,182,12,0
115,182,182,13,1
115,182,182,14,0
115,182,182,15,3
115,182,182,16,1
115,182,182,0,4
115,183,183,1,183
115,183,183,2,146
115,183,183,3,13
115,183,183,4,243
115,183,183,5,2
115,183,183,6,1
115,183,183,7,1
115,183,183,8,140
115,183,183,9,2
115,183,183,10,1
115,183,183,11,1
115,183,183,12,0
115,183,183,13,1
115,183,183,14,1
115,183,183,15,2
115,183,183,16,1
115,183,183,0,5
115,184,184,1,184
115,184,184,2,98
115,184,184,3,14
115,184,184,4,158
115,184,184,5,0
115,184,184,6,0
115,184,184,7,0
115,184,184,8,157
115,184,184,9,0
115,184,184,10,0
115,184,184,11,0
115,184,184,12,0
115,184,184,13,2
115,184,184,14,1
115,184,184,15,0
115,184,184,16,0
115,184,184,0,2
115,185,185,1,185
115,185,185,2,111
115,185,185,3,19
115,185,185,4,192
115,185,185,5,0
115,185,185,6,0
115,185,185,7,0
115,185,185,8,167
115,185,185,9,0
115,185,185,10,0
115,185,185,11,0
115,185,185,12,0
115,185,185,13,0
115,185,185,14,0
115,185,185,15,0
115,185,185,16,0
115,185,185,0,4
115,186,186,1,186
115,186,186,2,215
115,186,186,3,14
115,186,186,4,251
115,186,186,5,0
115,186,186,6,0
115,186,186,7,4
115,186,186,8,256
115,186,186,9,0
115,186,186,10,1
115,186,186,11,1
115,186,186,12,0
115,186,186,13,1
115,186,186,14,1
115,186,186,15,1
115,186,186,16,0
115,186,186,0,3
115,187,187,1,187
115,187,187,2,202
115,187,187,3,20
115,187,187,4,292
115,187,187,5,1
115,187,187,6,0
115,187,187,7,1
115,187,187,8,237
115,187,187,9,7
115,187,187,10,2
115,187,187,11,1
115,187,187,12,0
115,187,187,13,1
115,187,187,14,0
115,187,187,15,2
115,187,187,16,0
115,187,187,0,5
115,188,188,1,188
115,188,188,2,164
115,188,188,3,22
115,188,188,4,213
115,188,188,5,1
115,188,188,6,1
115,188,188,7,1
115,188,188,8,257
115,188,188,9,3
115,188,188,10,2
115,188,188,11,2
115,188,188,12,0
115,188,188,13,1
115,188,188,14,3
115,188,188,15,0
115,188,188,16,1
115,188,188,0,5
115,189,189,1,189
115,189,189,2,185
115,189,189,3,19
115,189,189,4,340
115,189,189,5,1
115,189,189,6,0
115,189,189,7,0
115,189,189,8,259
115,189,189,9,1
115,189,189,10,1
115,189,189,11,0
115,189,189,12,1
115,189,189,13,0
115,189,189,14,0
115,189,189,15,1
115,189,189,16,2
115,189,189,0,2
115,190,190,1,190
115,190,190,2,132
115,190,190,3,16
115,190,190,4,141
115,190,190,5,1
115,190,190,6,0
115,190,190,7,1
115,190,190,8,202
115,190,190,9,0
115,190,190,10,0
115,190,190,11,0
115,190,190,12,0
115,190,190,13,0
115,190,190,14,0
115,190,190,15,0
115,190,190,16,0
115,190,190,0,3
115,191,191,1,191
115,191,191,2,64
115,191,191,3,16
115,191,191,4,246
115,191,191,5,0
115,191,191,6,0
115,191,191,7,0
115,191,191,8,164
115,191,191,9,0
115,191,191,10,1
115,191,191,11,1
115,191,191,12,0
115,191,191,13,0
115,191,191,14,0
115,191,191,15,0
115,191,191,16,1
115,191,191,0,3
115,192,192,1,192
115,192,192,2,177
115,192,192,3,21
115,192,192,4,234
115,192,192,5,2
115,192,192,6,0
115,192,192,7,1
115,192,192,8,294
115,192,192,9,8
115,192,192,10,0
115,192,192,11,1
115,192,192,12,0
115,192,192,13,0
115,192,192,14,0
115,192,192,15,0
115,192,192,16,0
115,192,192,0,2
115,193,193,1,193
115,193,193,2,91
115,193,193,3,9
115,193,193,4,216
115,193,193,5,3
115,193,193,6,0
115,193,193,7,0
115,193,193,8,108
115,193,193,9,0
115,193,193,10,0
115,193,193,11,0
115,193,193,12,0
115,193,193,13,0
115,193,193,14,0
115,193,193,15,3
115,193,193,16,0
115,193,193,0,6
115,194,194,1,194
115,194,194,2,225
115,194,194,3,20
115,194,194,4,287
115,194,194,5,2
115,194,194,6,0
115,194,194,7,0
115,194,194,8,343
115,194,194,9,1
115,194,194,10,1
115,194,194,11,0
115,194,194,12,1
115,194,194,13,0
115,194,194,14,0
115,194,194,15,1
115,194,194,16,1
115,194,194,0,6
115,195,195,1,195
115,195,195,2,173
115,195,195,3,28
115,195,195,4,170
115,195,195,5,0
115,195,195,6,0
115,195,195,7,0
115,195,195,8,272
115,195,195,9,1
115,195,195,10,1
115,195,195,11,1
115,195,195,12,0
115,195,195,13,1
115,195,195,14,0
115,195,195,15,1
115,195,195,16,0
115,195,195,0,6
115,196,196,1,196
115,196,196,2,168
115,196,196,3,20
115,196,196,4,79
115,196,196,5,2
115,196,196,6,0
115,196,196,7,0
115,196,196,8,159
115,196,196,9,0
115,196,196,10,0
115,196,196,11,2
115,196,196,12,0
115,196,196,13,0
115,196,196,14,0
115,196,196,15,1
115,196,196,16,0
115,196,196,0,1
115,197,197,1,197
115,197,197,2,166
115,197,197,3,53
115,197,197,4,245
115,197,197,5,1
115,197,197,6,1
115,197,197,7,1
115,197,197,8,383
115,197,197,9,0
115,197,197,10,3
115,197,197,11,1
115,197,197,12,0
115,197,197,13,0
115,197,197,14,0
115,197,197,15,1
115,197,197,16,0
115,197,197,0,2
115,198,198,1,198
115,198,198,2,128
115,198,198,3,44
115,198,198,4,107
115,198,198,5,0
115,198,198,6,0
115,198,198,7,1
115,198,198,8,242
115,198,198,9,1
115,198,198,10,0
115,198,198,11,0
115,198,198,12,0
115,198,198,13,0
115,198,198,14,0
115,198,198,15,0
115,198,198,16,0
115,198,198,0,2
115,199,199,1,199
115,199,199,2,101
115,199,199,3,20
115,199,199,4,159
115,199,199,5,0
115,199,199,6,0
115,199,199,7,0
115,199,199,8,154
115,199,199,9,0
115,199,199,10,0
115,199,199,11,0
115,199,199,12,0
115,199,199,13,0
115,199,199,14,0
115,199,199,15,0
115,199,199,16,0
115,199,199,0,2
115,200,200,1,200
115,200,200,2,170
115,200,200,3,25
115,200,200,4,191
115,200,200,5,0
115,200,200,6,0
115,200,200,7,0
115,200,200,8,340
115,200,200,9,1
115,200,200,10,0
115,200,200,11,0
115,200,200,12,0
115,200,200,13,0
115,200,200,14,0
115,200,200,15,0
115,200,200,16,1
115,200,200,0,3
115,201,201,1,201
115,201,201,2,193
115,201,201,3,41
115,201,201,4,112
115,201,201,5,1
115,201,201,6,1
115,201,201,7,1
115,201,201,8,231
115,201,201,9,0
115,201,201,10,1
115,201,201,11,1
115,201,201,12,0
115,201,201,13,0
115,201,201,14,0
115,201,201,15,1
115,201,201,16,0
115,201,201,0,2
115,202,202,1,202
115,202,202,2,228
115,202,202,3,17
115,202,202,4,144
115,202,202,5,0
115,202,202,6,0
115,202,202,7,0
115,202,202,8,184
115,202,202,9,0
115,202,202,10,0
115,202,202,11,0
115,202,202,12,0
115,202,202,13,0
115,202,202,14,0
115,202,202,15,0
115,202,202,16,0
115,202,202,0,3
115,203,203,1,203
115,203,203,2,260
115,203,203,3,35
115,203,203,4,191
115,203,203,5,1
115,203,203,6,1
115,203,203,7,0
115,203,203,8,250
115,203,203,9,0
115,203,203,10,0
115,203,203,11,1
115,203,203,12,0
115,203,203,13,0
115,203,203,14,1
115,203,203,15,2
115,203,203,16,1
115,203,203,0,5
115,204,204,1,204
115,204,204,2,192
115,204,204,3,17
115,204,204,4,223
115,204,204,5,1
115,204,204,6,0
115,204,204,7,1
115,204,204,8,141
115,204,204,9,1
115,204,204,10,0
115,204,204,11,0
115,204,204,12,0
115,204,204,13,0
115,204,204,14,0
115,204,204,15,1
115,204,204,16,0
115,204,204,0,4
115,205,205,1,205
115,205,205,2,179
115,205,205,3,37
115,205,205,4,188
115,205,205,5,1
115,205,205,6,0
115,205,205,7,1
115,205,205,8,392
115,205,205,9,0
115,205,205,10,0
115,205,205,11,0
115,205,205,12,0
115,205,205,13,1
115,205,205,14,1
115,205,205,15,0
115,205,205,16,1
115,205,205,0,6
115,206,206,1,206
115,206,206,2,140
115,206,206,3,35
115,206,206,4,175
115,206,206,5,0
115,206,206,6,0
115,206,206,7,1
115,206,206,8,369
115,206,206,9,2
115,206,206,10,1
115,206,206,11,0
115,206,206,12,0
115,206,206,13,0
115,206,206,14,0
115,206,206,15,0
115,206,206,16,0
115,206,206,0,5
115,207,207,1,207
115,207,207,2,96
115,207,207,3,23
115,207,207,4,147
115,207,207,5,1
115,207,207,6,0
115,207,207,7,0
115,207,207,8,285
115,207,207,9,0
115,207,207,10,0
115,207,207,11,0
115,207,207,12,0
115,207,207,13,1
115,207,207,14,0
115,207,207,15,0
115,207,207,16,0
115,207,207,0,1
115,207,207,1,0
115,207,207,2,0
115,207,207,3,0
115,207,207,4,0
115,207,207,5,0
115,207,207,6,0
115,207,207,7,0
115,207,207,8,0
115,207,207,9,0
115,207,207,10,0
115,207,207,11,0
115,207,207,12,0
115,207,207,13,0
115,207,207,14,0
115,207,207,15,0
115,207,207,16,0
115,207,207,0,0
115,208,208,1,208
115,208,208,2,43
115,208,208,3,23
115,208,208,4,64
115,208,208,5,2
115,208,208,6,0
115,208,208,7,0
115,208,208,8,153
115,208,208,9,0
115,208,208,10,0
115,208,208,11,0
115,208,208,12,0
115,208,208,13,0
115,208,208,14,0
115,208,208,15,1
115,208,208,16,1
115,208,208,0,1
115,208,208,1,0
115,208,208,2,0
115,208,208,3,0
115,208,208,4,0
115,208,208,5,0
115,208,208,6,0
115,208,208,7,0
115,208,208,8,0
115,208,208,9,0
115,208,208,10,0
115,208,208,11,0
115,208,208,12,0
115,208,208,13,0
115,208,208,14,0
115,208,208,15,0
115,208,208,16,0
115,208,208,0,0
115,209,209,1,209
115,209,209,2,190
115,209,209,3,49
115,209,209,4,159
115,209,209,5,0
115,209,209,6,0
115,209,209,7,0
115,209,209,8,438
115,209,209,9,0
115,209,209,10,0
115,209,209,11,0
115,209,209,12,0
115,209,209,13,1
115,209,209,14,0
115,209,209,15,0
115,209,209,16,0
115,209,209,0,1
115,210,210,1,210
115,210,210,2,120
115,210,210,3,40
115,210,210,4,111
115,210,210,5,1
115,210,210,6,0
115,210,210,7,1
115,210,210,8,281
115,210,210,9,0
115,210,210,10,1
115,210,210,11,1
115,210,210,12,0
115,210,210,13,0
115,210,210,14,1
115,210,210,15,0
115,210,210,16,3
115,210,210,0,5
115,211,211,1,211
115,211,211,2,106
115,211,211,3,27
115,211,211,4,123
115,211,211,5,0
115,211,211,6,1
115,211,211,7,1
115,211,211,8,232
115,211,211,9,1
115,211,211,10,0
115,211,211,11,0
115,211,211,12,0
115,211,211,13,0
115,211,211,14,0
115,211,211,15,2
115,211,211,16,0
115,211,211,0,2
115,212,212,1,212
115,212,212,2,202
115,212,212,3,31
115,212,212,4,203
115,212,212,5,0
115,212,212,6,0
115,212,212,7,0
115,212,212,8,375
115,212,212,9,1
115,212,212,10,0
115,212,212,11,1
115,212,212,12,0
115,212,212,13,1
115,212,212,14,0
115,212,212,15,0
115,212,212,16,0
115,212,212,0,1
115,213,213,1,213
115,213,213,2,126
115,213,213,3,34
115,213,213,4,169
115,213,213,5,2
115,213,213,6,0
115,213,213,7,1
115,213,213,8,299
115,213,213,9,0
115,213,213,10,1
115,213,213,11,0
115,213,213,12,0
115,213,213,13,1
115,213,213,14,0
115,213,213,15,2
115,213,213,16,0
115,213,213,0,3
115,214,214,1,214
115,214,214,2,121
115,214,214,3,28
115,214,214,4,201
115,214,214,5,0
115,214,214,6,0
115,214,214,7,0
115,214,214,8,252
115,214,214,9,0
115,214,214,10,2
115,214,214,11,0
115,214,214,12,0
115,214,214,13,0
115,214,214,14,0
115,214,214,15,0
115,214,214,16,0
115,214,214,0,3
115,215,215,1,215
115,215,215,2,157
115,215,215,3,37
115,215,215,4,258
115,215,215,5,1
115,215,215,6,0
115,215,215,7,0
115,215,215,8,225
115,215,215,9,0
115,215,215,10,1
115,215,215,11,0
115,215,215,12,0
115,215,215,13,0
115,215,215,14,0
115,215,215,15,0
115,215,215,16,0
115,215,215,0,2
115,216,216,1,216
115,216,216,2,56
115,216,216,3,20
115,216,216,4,67
115,216,216,5,0
115,216,216,6,0
115,216,216,7,0
115,216,216,8,169
115,216,216,9,0
115,216,216,10,1
115,216,216,11,0
115,216,216,12,0
115,216,216,13,0
115,216,216,14,0
115,216,216,15,0
115,216,216,16,2
115,216,216,0,0
115,217,217,1,217
115,217,217,2,131
115,217,217,3,30
115,217,217,4,186
115,217,217,5,0
115,217,217,6,1
115,217,217,7,0
115,217,217,8,226
115,217,217,9,2
115,217,217,10,1
115,217,217,11,1
115,217,217,12,0
115,217,217,13,0
115,217,217,14,0
115,217,217,15,1
115,217,217,16,1
115,217,217,0,3
115,218,218,1,218
115,218,218,2,173
115,218,218,3,49
115,218,218,4,142
115,218,218,5,0
115,218,218,6,1
115,218,218,7,2
115,218,218,8,319
115,218,218,9,1
115,218,218,10,1
115,218,218,11,1
115,218,218,12,0
115,218,218,13,0
115,218,218,14,1
115,218,218,15,0
115,218,218,16,2
115,218,218,0,8
115,219,219,1,219
115,219,219,2,158
115,219,219,3,27
115,219,219,4,127
115,219,219,5,0
115,219,219,6,0
115,219,219,7,0
115,219,219,8,314
115,219,219,9,1
115,219,219,10,0
115,219,219,11,0
115,219,219,12,0
115,219,219,13,0
115,219,219,14,0
115,219,219,15,0
115,219,219,16,0
115,219,219,0,8
115,220,220,1,220
115,220,220,2,128
115,220,220,3,28
115,220,220,4,92
115,220,220,5,0
115,220,220,6,1
115,220,220,7,0
115,220,220,8,213
115,220,220,9,0
115,220,220,10,0
115,220,220,11,1
115,220,220,12,0
115,220,220,13,0
115,220,220,14,0
115,220,220,15,1
115,220,220,16,3
115,220,220,0,2
115,221,221,1,221
115,221,221,2,136
115,221,221,3,28
115,221,221,4,112
115,221,221,5,2
115,221,221,6,0
115,221,221,7,1
115,221,221,8,220
115,221,221,9,1
115,221,221,10,0
115,221,221,11,1
115,221,221,12,0
115,221,221,13,1
115,221,221,14,0
115,221,221,15,0
115,221,221,16,0
115,221,221,0,3
115,222,222,1,222
115,222,222,2,164
115,222,222,3,28
115,222,222,4,125
115,222,222,5,2
115,222,222,6,0
115,222,222,7,7
115,222,222,8,362
115,222,222,9,2
115,222,222,10,2
115,222,222,11,1
115,222,222,12,0
115,222,222,13,0
115,222,222,14,0
115,222,222,15,1
115,222,222,16,2
115,222,222,0,5
115,223,223,1,223
115,223,223,2,111
115,223,223,3,23
115,223,223,4,188
115,223,223,5,0
115,223,223,6,0
115,223,223,7,0
115,223,223,8,301
115,223,223,9,0
115,223,223,10,3
115,223,223,11,1
115,223,223,12,0
115,223,223,13,0
115,223,223,14,0
115,223,223,15,3
115,223,223,16,6
115,223,223,0,1
115,224,224,1,224
115,224,224,2,131
115,224,224,3,50
115,224,224,4,275
115,224,224,5,1
115,224,224,6,1
115,224,224,7,0
115,224,224,8,388
115,224,224,9,2
115,224,224,10,1
115,224,224,11,1
115,224,224,12,0
115,224,224,13,1
115,224,224,14,0
115,224,224,15,0
115,224,224,16,3
115,224,224,0,0
115,225,225,1,225
115,225,225,2,118
115,225,225,3,20
115,225,225,4,325
115,225,225,5,0
115,225,225,6,1
115,225,225,7,2
115,225,225,8,259
115,225,225,9,1
115,225,225,10,1
115,225,225,11,2
115,225,225,12,0
115,225,225,13,0
115,225,225,14,0
115,225,225,15,1
115,225,225,16,0
115,225,225,0,1
115,226,226,1,226
115,226,226,2,641
115,226,226,3,13
115,226,226,4,56
115,226,226,5,0
115,226,226,6,0
115,226,226,7,1
115,226,226,8,181
115,226,226,9,0
115,226,226,10,0
115,226,226,11,0
115,226,226,12,0
115,226,226,13,0
115,226,226,14,0
115,226,226,15,0
115,226,226,16,0
115,226,226,0,1
115,227,227,1,227
115,227,227,2,437
115,227,227,3,15
115,227,227,4,60
115,227,227,5,0
115,227,227,6,0
115,227,227,7,1
115,227,227,8,192
115,227,227,9,0
115,227,227,10,1
115,227,227,11,0
115,227,227,12,0
115,227,227,13,1
115,227,227,14,0
115,227,227,15,0
115,227,227,16,0
115,227,227,0,0
115,228,228,1,228
115,228,228,2,565
115,228,228,3,23
115,228,228,4,48
115,228,228,5,0
115,228,228,6,1
115,228,228,7,1
115,228,228,8,273
115,228,228,9,0
115,228,228,10,1
115,228,228,11,0
115,228,228,12,0
115,228,228,13,3
115,228,228,14,0
115,228,228,15,1
115,228,228,16,0
115,228,228,0,5
115,229,229,1,229
115,229,229,2,458
115,229,229,3,18
115,229,229,4,44
115,229,229,5,1
115,229,229,6,0
115,229,229,7,1
115,229,229,8,142
115,229,229,9,0
115,229,229,10,0
115,229,229,11,0
115,229,229,12,1
115,229,229,13,0
115,229,229,14,0
115,229,229,15,0
115,229,229,16,0
115,229,229,0,3
115,230,230,1,230
115,230,230,2,430
115,230,230,3,13
115,230,230,4,18
115,230,230,5,0
115,230,230,6,0
115,230,230,7,0
115,230,230,8,120
115,230,230,9,0
115,230,230,10,0
115,230,230,11,0
115,230,230,12,0
115,230,230,13,0
115,230,230,14,0
115,230,230,15,0
115,230,230,16,0
115,230,230,0,0
115,231,231,1,231
115,231,231,2,377
115,231,231,3,16
115,231,231,4,40
115,231,231,5,0
115,231,231,6,1
115,231,231,7,0
115,231,231,8,133
115,231,231,9,0
115,231,231,10,0
115,231,231,11,1
115,231,231,12,0
115,231,231,13,0
115,231,231,14,0
115,231,231,15,0
115,231,231,16,0
115,231,231,0,2
115,232,232,1,232
115,232,232,2,426
115,232,232,3,10
115,232,232,4,23
115,232,232,5,0
115,232,232,6,0
115,232,232,7,0
115,232,232,8,97
115,232,232,9,0
115,232,232,10,0
115,232,232,11,0
115,232,232,12,0
115,232,232,13,0
115,232,232,14,0
115,232,232,15,0
115,232,232,16,0
115,232,232,0,1
115,233,233,1,233
115,233,233,2,441
115,233,233,3,14
115,233,233,4,53
115,233,233,5,0
115,233,233,6,0
115,233,233,7,0
115,233,233,8,189
115,233,233,9,1
115,233,233,10,0
115,233,233,11,0
115,233,233,12,1
115,233,233,13,1
115,233,233,14,0
115,233,233,15,0
115,233,233,16,0
115,233,233,0,5
115,234,234,1,234
115,234,234,2,351
115,234,234,3,20
115,234,234,4,141
115,234,234,5,2
115,234,234,6,0
115,234,234,7,1
115,234,234,8,271
115,234,234,9,0
115,234,234,10,1
115,234,234,11,0
115,234,234,12,1
115,234,234,13,0
115,234,234,14,0
115,234,234,15,0
115,234,234,16,1
115,234,234,0,6
115,235,235,1,235
115,235,235,2,237
115,235,235,3,19
115,235,235,4,207
115,235,235,5,0
115,235,235,6,1
115,235,235,7,1
115,235,235,8,199
115,235,235,9,0
115,235,235,10,0
115,235,235,11,0
115,235,235,12,0
115,235,235,13,0
115,235,235,14,0
115,235,235,15,4
115,235,235,16,0
115,235,235,0,3
115,236,236,1,236
115,236,236,2,264
115,236,236,3,29
115,236,236,4,207
115,236,236,5,3
115,236,236,6,0
115,236,236,7,3
115,236,236,8,301
115,236,236,9,0
115,236,236,10,0
115,236,236,11,1
115,236,236,12,0
115,236,236,13,0
115,236,236,14,0
115,236,236,15,2
115,236,236,16,0
115,236,236,0,1
115,237,237,1,237
115,237,237,2,239
115,237,237,3,30
115,237,237,4,194
115,237,237,5,1
115,237,237,6,1
115,237,237,7,2
115,237,237,8,250
115,237,237,9,2
115,237,237,10,1
115,237,237,11,2
115,237,237,12,2
115,237,237,13,3
115,237,237,14,0
115,237,237,15,5
115,237,237,16,1
115,237,237,0,4
115,238,238,1,238
115,238,238,2,277
115,238,238,3,22
115,238,238,4,188
115,238,238,5,4
115,238,238,6,1
115,238,238,7,2
115,238,238,8,240
115,238,238,9,0
115,238,238,10,0
115,238,238,11,0
115,238,238,12,0
115,238,238,13,0
115,238,238,14,1
115,238,238,15,3
115,238,238,16,2
115,238,238,0,7
115,239,239,1,239
115,239,239,2,241
115,239,239,3,37
115,239,239,4,174
115,239,239,5,4
115,239,239,6,0
115,239,239,7,1
115,239,239,8,422
115,239,239,9,1
115,239,239,10,0
115,239,239,11,1
115,239,239,12,0
115,239,239,13,0
115,239,239,14,0
115,239,239,15,3
115,239,239,16,2
115,239,239,0,3
115,240,240,1,240
115,240,240,2,183
115,240,240,3,48
115,240,240,4,178
115,240,240,5,1
115,240,240,6,2
115,240,240,7,2
115,240,240,8,404
115,240,240,9,0
115,240,240,10,0
115,240,240,11,0
115,240,240,12,0
115,240,240,13,0
115,240,240,14,1
115,240,240,15,2
115,240,240,16,1
115,240,240,0,4
115,241,241,1,241
115,241,241,2,233
115,241,241,3,25
115,241,241,4,127
115,241,241,5,3
115,241,241,6,0
115,241,241,7,1
115,241,241,8,330
115,241,241,9,0
115,241,241,10,2
115,241,241,11,1
115,241,241,12,0
115,241,241,13,0
115,241,241,14,1
115,241,241,15,0
115,241,241,16,0
115,241,241,0,3
115,242,242,1,242
115,242,242,2,484
115,242,242,3,19
115,242,242,4,173
115,242,242,5,1
115,242,242,6,1
115,242,242,7,1
115,242,242,8,232
115,242,242,9,0
115,242,242,10,1
115,242,242,11,0
115,242,242,12,0
115,242,242,13,0
115,242,242,14,0
115,242,242,15,1
115,242,242,16,0
115,242,242,0,2
115,243,243,1,243
115,243,243,2,118
115,243,243,3,5
115,243,243,4,175
115,243,243,5,0
115,243,243,6,0
115,243,243,7,0
115,243,243,8,159
115,243,243,9,0
115,243,243,10,0
115,243,243,11,0
115,243,243,12,0
115,243,243,13,0
115,243,243,14,1
115,243,243,15,1
115,243,243,16,1
115,243,243,0,2
115,244,244,1,244
115,244,244,2,141
115,244,244,3,11
115,244,244,4,154
115,244,244,5,1
115,244,244,6,0
115,244,244,7,1
115,244,244,8,120
115,244,244,9,0
115,244,244,10,1
115,244,244,11,1
115,244,244,12,0
115,244,244,13,0
115,244,244,14,0
115,244,244,15,0
115,244,244,16,0
115,244,244,0,2
115,245,245,1,245
115,245,245,2,140
115,245,245,3,26
115,245,245,4,177
115,245,245,5,1
115,245,245,6,0
115,245,245,7,0
115,245,245,8,194
115,245,245,9,1
115,245,245,10,1
115,245,245,11,0
115,245,245,12,0
115,245,245,13,0
115,245,245,14,0
115,245,245,15,3
115,245,245,16,1
115,245,245,0,0
115,246,246,1,246
115,246,246,2,120
115,246,246,3,31
115,246,246,4,139
115,246,246,5,2
115,246,246,6,1
115,246,246,7,0
115,246,246,8,287
115,246,246,9,0
115,246,246,10,0
115,246,246,11,0
115,246,246,12,0
115,246,246,13,0
115,246,246,14,0
115,246,246,15,0
115,246,246,16,0
115,246,246,0,2
115,247,247,1,247
115,247,247,2,69
115,247,247,3,17
115,247,247,4,150
115,247,247,5,1
115,247,247,6,0
115,247,247,7,2
115,247,247,8,174
115,247,247,9,0
115,247,247,10,0
115,247,247,11,0
115,247,247,12,0
115,247,247,13,0
115,247,247,14,0
115,247,247,15,0
115,247,247,16,0
115,247,247,0,1
115,248,248,1,248
115,248,248,2,107
115,248,248,3,56
115,248,248,4,132
115,248,248,5,3
115,248,248,6,0
115,248,248,7,1
115,248,248,8,354
115,248,248,9,1
115,248,248,10,0
115,248,248,11,0
115,248,248,12,0
115,248,248,13,1
115,248,248,14,0
115,248,248,15,0
115,248,248,16,1
115,248,248,0,1
115,249,249,1,249
115,249,249,2,168
115,249,249,3,63
115,249,249,4,122
115,249,249,5,1
115,249,249,6,1
115,249,249,7,1
115,249,249,8,492
115,249,249,9,0
115,249,249,10,0
115,249,249,11,1
115,249,249,12,0
115,249,249,13,0
115,249,249,14,0
115,249,249,15,0
115,249,249,16,0
115,249,249,0,3
115,249,249,1,0
115,249,249,2,0
115,249,249,3,0
115,249,249,4,0
115,249,249,5,0
115,249,249,6,0
115,249,249,7,0
115,249,249,8,0
115,249,249,9,0
115,249,249,10,0
115,249,249,11,0
115,249,249,12,0
115,249,249,13,0
115,249,249,14,0
115,249,249,15,0
115,249,249,16,0
115,249,249,0,0
115,250,250,1,250
115,250,250,2,117
115,250,250,3,30
115,250,250,4,216
115,250,250,5,0
115,250,250,6,0
115,250,250,7,0
115,250,250,8,306
115,250,250,9,0
115,250,250,10,1
115,250,250,11,0
115,250,250,12,0
115,250,250,13,0
115,250,250,14,0
115,250,250,15,2
115,250,250,16,0
115,250,250,0,3
115,250,250,1,0
115,250,250,2,0
115,250,250,3,0
115,250,250,4,0
115,250,250,5,0
115,250,250,6,0
115,250,250,7,0
115,250,250,8,0
115,250,250,9,0
115,250,250,10,0
115,250,250,11,0
115,250,250,12,0
115,250,250,13,0
115,250,250,14,0
115,250,250,15,0
115,250,250,16,0
115,250,250,0,0
115,251,251,1,251
115,251,251,2,235
115,251,251,3,33
115,251,251,4,111
115,251,251,5,2
115,251,251,6,0
115,251,251,7,3
115,251,251,8,468
115,251,251,9,0
115,251,251,10,2
115,251,251,11,2
115,251,251,12,0
115,251,251,13,0
115,251,251,14,0
115,251,251,15,0
115,251,251,16,0
115,251,251,0,3
115,252,252,1,252
115,252,252,2,182
115,252,252,3,65
115,252,252,4,104
115,252,252,5,2
115,252,252,6,1
115,252,252,7,1
115,252,252,8,476
115,252,252,9,0
115,252,252,10,1
115,252,252,11,2
115,252,252,12,0
115,252,252,13,0
115,252,252,14,0
115,252,252,15,0
115,252,252,16,0
115,252,252,0,3
115,253,253,1,253
115,253,253,2,117
115,253,253,3,23
115,253,253,4,155
115,253,253,5,0
115,253,253,6,0
115,253,253,7,1
115,253,253,8,200
115,253,253,9,0
115,253,253,10,1
115,253,253,11,0
115,253,253,12,0
115,253,253,13,1
115,253,253,14,0
115,253,253,15,0
115,253,253,16,1
115,253,253,0,7
115,254,254,1,254
115,254,254,2,126
115,254,254,3,29
115,254,254,4,108
115,254,254,5,3
115,254,254,6,0
115,254,254,7,0
115,254,254,8,279
115,254,254,9,0
115,254,254,10,1
115,254,254,11,0
115,254,254,12,0
115,254,254,13,0
115,254,254,14,0
115,254,254,15,1
115,254,254,16,1
115,254,254,0,3
115,255,255,1,255
115,255,255,2,222
115,255,255,3,41
115,255,255,4,159
115,255,255,5,1
115,255,255,6,0
115,255,255,7,0
115,255,255,8,320
115,255,255,9,0
115,255,255,10,1
115,255,255,11,0
115,255,255,12,0
115,255,255,13,0
115,255,255,14,0
115,255,255,15,0
115,255,255,16,0
115,255,255,0,1
115,256,256,1,256
115,256,256,2,187
115,256,256,3,35
115,256,256,4,262
115,256,256,5,2
115,256,256,6,0
115,256,256,7,1
115,256,256,8,414
115,256,256,9,0
115,256,256,10,1
115,256,256,11,1
115,256,256,12,1
115,256,256,13,0
115,256,256,14,0
115,256,256,15,3
115,256,256,16,1
115,256,256,0,0
115,257,257,1,257
115,257,257,2,143
115,257,257,3,50
115,257,257,4,150
115,257,257,5,0
115,257,257,6,2
115,257,257,7,1
115,257,257,8,475
115,257,257,9,2
115,257,257,10,2
115,257,257,11,1
115,257,257,12,0
115,257,257,13,0
115,257,257,14,0
115,257,257,15,0
115,257,257,16,4
115,257,257,0,2
115,258,258,1,258
115,258,258,2,191
115,258,258,3,46
115,258,258,4,246
115,258,258,5,1
115,258,258,6,1
115,258,258,7,0
115,258,258,8,309
115,258,258,9,0
115,258,258,10,0
115,258,258,11,0
115,258,258,12,0
115,258,258,13,0
115,258,258,14,0
115,258,258,15,2
115,258,258,16,1
115,258,258,0,5
115,259,259,1,259
115,259,259,2,122
115,259,259,3,30
115,259,259,4,136
115,259,259,5,1
115,259,259,6,0
115,259,259,7,1
115,259,259,8,313
115,259,259,9,1
115,259,259,10,0
115,259,259,11,0
115,259,259,12,0
115,259,259,13,0
115,259,259,14,0
115,259,259,15,0
115,259,259,16,2
115,259,259,0,4
115,260,260,1,260
115,260,260,2,185
115,260,260,3,38
115,260,260,4,191
115,260,260,5,1
115,260,260,6,1
115,260,260,7,2
115,260,260,8,357
115,260,260,9,0
115,260,260,10,2
115,260,260,11,0
115,260,260,12,1
115,260,260,13,0
115,260,260,14,0
115,260,260,15,0
115,260,260,16,1
115,260,260,0,6
115,261,261,1,261
115,261,261,2,199
115,261,261,3,39
115,261,261,4,243
115,261,261,5,4
115,261,261,6,0
115,261,261,7,1
115,261,261,8,394
115,261,261,9,1
115,261,261,10,3
115,261,261,11,1
115,261,261,12,0
115,261,261,13,0
115,261,261,14,0
115,261,261,15,1
115,261,261,16,0
115,261,261,0,4
115,262,262,1,262
115,262,262,2,143
115,262,262,3,35
115,262,262,4,204
115,262,262,5,3
115,262,262,6,0
115,262,262,7,0
115,262,262,8,344
115,262,262,9,1
115,262,262,10,0
115,262,262,11,0
115,262,262,12,0
115,262,262,13,0
115,262,262,14,1
115,262,262,15,2
115,262,262,16,0
115,262,262,0,2
115,263,263,1,263
115,263,263,2,124
115,263,263,3,43
115,263,263,4,178
115,263,263,5,0
115,263,263,6,1
115,263,263,7,2
115,263,263,8,316
115,263,263,9,0
115,263,263,10,0
115,263,263,11,0
115,263,263,12,0
115,263,263,13,1
115,263,263,14,0
115,263,263,15,0
115,263,263,16,1
115,263,263,0,4
115,264,264,1,264
115,264,264,2,149
115,264,264,3,29
115,264,264,4,174
115,264,264,5,1
115,264,264,6,2
115,264,264,7,3
115,264,264,8,482
115,264,264,9,0
115,264,264,10,0
115,264,264,11,1
115,264,264,12,0
115,264,264,13,1
115,264,264,14,1
115,264,264,15,0
115,264,264,16,5
115,264,264,0,4
115,265,265,1,265
115,265,265,2,141
115,265,265,3,46
115,265,265,4,101
115,265,265,5,0
115,265,265,6,0
115,265,265,7,1
115,265,265,8,489
115,265,265,9,0
115,265,265,10,1
115,265,265,11,0
115,265,265,12,0
115,265,265,13,0
115,265,265,14,1
115,265,265,15,1
115,265,265,16,1
115,265,265,0,4
115,266,266,1,266
115,266,266,2,161
115,266,266,3,36
115,266,266,4,193
115,266,266,5,1
115,266,266,6,2
115,266,266,7,3
115,266,266,8,399
115,266,266,9,1
115,266,266,10,1
115,266,266,11,2
115,266,266,12,0
115,266,266,13,0
115,266,266,14,1
115,266,266,15,2
115,266,266,16,2
115,266,266,0,5
115,267,267,1,267
115,267,267,2,111
115,267,267,3,27
115,267,267,4,150
115,267,267,5,1
115,267,267,6,0
115,267,267,7,3
115,267,267,8,356
115,267,267,9,1
115,267,267,10,2
115,267,267,11,3
115,267,267,12,1
115,267,267,13,0
115,267,267,14,0
115,267,267,15,1
115,267,267,16,3
115,267,267,0,6
115,268,268,1,268
115,268,268,2,114
115,268,268,3,50
115,268,268,4,142
115,268,268,5,2
115,268,268,6,0
115,268,268,7,2
115,268,268,8,365
115,268,268,9,0
115,268,268,10,1
115,268,268,11,1
115,268,268,12,0
115,268,268,13,0
115,268,268,14,0
115,268,268,15,0
115,268,268,16,3
115,268,268,0,0
115,269,269,1,269
115,269,269,2,160
115,269,269,3,38
115,269,269,4,163
115,269,269,5,2
115,269,269,6,2
115,269,269,7,0
115,269,269,8,358
115,269,269,9,0
115,269,269,10,0
115,269,269,11,0
115,269,269,12,1
115,269,269,13,0
115,269,269,14,3
115,269,269,15,1
115,269,269,16,5
115,269,269,0,2
115,270,270,1,270
115,270,270,2,89
115,270,270,3,24
115,270,270,4,75
115,270,270,5,1
115,270,270,6,0
115,270,270,7,1
115,270,270,8,295
115,270,270,9,0
115,270,270,10,0
115,270,270,11,0
115,270,270,12,0
115,270,270,13,0
115,270,270,14,0
115,270,270,15,0
115,270,270,16,1
115,270,270,0,2
115,271,271,1,271
115,271,271,2,118
115,271,271,3,32
115,271,271,4,151
115,271,271,5,3
115,271,271,6,0
115,271,271,7,2
115,271,271,8,493
115,271,271,9,1
115,271,271,10,0
115,271,271,11,0
115,271,271,12,0
115,271,271,13,0
115,271,271,14,0
115,271,271,15,1
115,271,271,16,0
115,271,271,0,0
115,272,272,1,272
115,272,272,2,129
115,272,272,3,33
115,272,272,4,123
115,272,272,5,1
115,272,272,6,1
115,272,272,7,0
115,272,272,8,356
115,272,272,9,2
115,272,272,10,1
115,272,272,11,3
115,272,272,12,0
115,272,272,13,0
115,272,272,14,0
115,272,272,15,1
115,272,272,16,0
115,272,272,0,2
115,273,273,1,273
115,273,273,2,86
115,273,273,3,30
115,273,273,4,87
115,273,273,5,0
115,273,273,6,0
115,273,273,7,1
115,273,273,8,222
115,273,273,9,1
115,273,273,10,1
115,273,273,11,0
115,273,273,12,0
115,273,273,13,1
115,273,273,14,0
115,273,273,15,1
115,273,273,16,0
115,273,273,0,0
115,274,274,1,274
115,274,274,2,133
115,274,274,3,35
115,274,274,4,91
115,274,274,5,3
115,274,274,6,0
115,274,274,7,0
115,274,274,8,305
115,274,274,9,0
115,274,274,10,1
115,274,274,11,1
115,274,274,12,1
115,274,274,13,0
115,274,274,14,0
115,274,274,15,0
115,274,274,16,0
115,274,274,0,3
115,275,275,1,275
115,275,275,2,133
115,275,275,3,30
115,275,275,4,113
115,275,275,5,2
115,275,275,6,0
115,275,275,7,2
115,275,275,8,380
115,275,275,9,0
115,275,275,10,1
115,275,275,11,5
115,275,275,12,1
115,275,275,13,0
115,275,275,14,0
115,275,275,15,0
115,275,275,16,1
115,275,275,0,3
115,276,276,1,276
115,276,276,2,168
115,276,276,3,24
115,276,276,4,189
115,276,276,5,5
115,276,276,6,0
115,276,276,7,1
115,276,276,8,304
115,276,276,9,0
115,276,276,10,2
115,276,276,11,0
115,276,276,12,1
115,276,276,13,1
115,276,276,14,0
115,276,276,15,0
115,276,276,16,0
115,276,276,0,2
115,277,277,1,277
115,277,277,2,140
115,277,277,3,23
115,277,277,4,87
115,277,277,5,0
115,277,277,6,0
115,277,277,7,1
115,277,277,8,345
115,277,277,9,1
115,277,277,10,0
115,277,277,11,1
115,277,277,12,0
115,277,277,13,0
115,277,277,14,0
115,277,277,15,1
115,277,277,16,1
115,277,277,0,3
115,278,278,1,278
115,278,278,2,73
115,278,278,3,23
115,278,278,4,83
115,278,278,5,0
115,278,278,6,2
115,278,278,7,0
115,278,278,8,188
115,278,278,9,0
115,278,278,10,0
115,278,278,11,0
115,278,278,12,0
115,278,278,13,0
115,278,278,14,0
115,278,278,15,0
115,278,278,16,0
115,278,278,0,0
115,279,279,1,279
115,279,279,2,51
115,279,279,3,6
115,279,279,4,56
115,279,279,5,0
115,279,279,6,0
115,279,279,7,0
115,279,279,8,104
115,279,279,9,0
115,279,279,10,0
115,279,279,11,0
115,279,279,12,0
115,279,279,13,0
115,279,279,14,0
115,279,279,15,0
115,279,279,16,0
115,279,279,0,3
115,280,280,1,280
115,280,280,2,140
115,280,280,3,54
115,280,280,4,102
115,280,280,5,1
115,280,280,6,0
115,280,280,7,0
115,280,280,8,292
115,280,280,9,0
115,280,280,10,0
115,280,280,11,1
115,280,280,12,0
115,280,280,13,0
115,280,280,14,0
115,280,280,15,1
115,280,280,16,0
115,280,280,0,2
115,281,281,1,281
115,281,281,2,140
115,281,281,3,33
115,281,281,4,89
115,281,281,5,1
115,281,281,6,0
115,281,281,7,1
115,281,281,8,252
115,281,281,9,0
115,281,281,10,1
115,281,281,11,2
115,281,281,12,0
115,281,281,13,0
115,281,281,14,0
115,281,281,15,1
115,281,281,16,0
115,281,281,0,2
115,282,282,1,282
115,282,282,2,118
115,282,282,3,41
115,282,282,4,152
115,282,282,5,0
115,282,282,6,0
115,282,282,7,3
115,282,282,8,388
115,282,282,9,2
115,282,282,10,1
115,282,282,11,0
115,282,282,12,0
115,282,282,13,0
115,282,282,14,1
115,282,282,15,1
115,282,282,16,0
115,282,282,0,3
115,283,283,1,283
115,283,283,2,163
115,283,283,3,37
115,283,283,4,112
115,283,283,5,0
115,283,283,6,0
115,283,283,7,0
115,283,283,8,279
115,283,283,9,1
115,283,283,10,0
115,283,283,11,1
115,283,283,12,0
115,283,283,13,0
115,283,283,14,0
115,283,283,15,2
115,283,283,16,0
115,283,283,0,1
115,284,284,1,284
115,284,284,2,149
115,284,284,3,32
115,284,284,4,119
115,284,284,5,3
115,284,284,6,2
115,284,284,7,0
115,284,284,8,347
115,284,284,9,2
115,284,284,10,3
115,284,284,11,3
115,284,284,12,0
115,284,284,13,0
115,284,284,14,0
115,284,284,15,1
115,284,284,16,3
115,284,284,0,2
115,285,285,1,285
115,285,285,2,173
115,285,285,3,37
115,285,285,4,94
115,285,285,5,0
115,285,285,6,0
115,285,285,7,0
115,285,285,8,352
115,285,285,9,0
115,285,285,10,1
115,285,285,11,0
115,285,285,12,0
115,285,285,13,0
115,285,285,14,0
115,285,285,15,0
115,285,285,16,0
115,285,285,0,3
115,286,286,1,286
115,286,286,2,179
115,286,286,3,33
115,286,286,4,95
115,286,286,5,0
115,286,286,6,0
115,286,286,7,0
115,286,286,8,453
115,286,286,9,0
115,286,286,10,1
115,286,286,11,1
115,286,286,12,1
115,286,286,13,0
115,286,286,14,0
115,286,286,15,0
115,286,286,16,2
115,286,286,0,3
115,287,287,1,287
115,287,287,2,90
115,287,287,3,12
115,287,287,4,71
115,287,287,5,2
115,287,287,6,0
115,287,287,7,0
115,287,287,8,182
115,287,287,9,0
115,287,287,10,0
115,287,287,11,1
115,287,287,12,0
115,287,287,13,0
115,287,287,14,1
115,287,287,15,0
115,287,287,16,1
115,287,287,0,2
115,288,288,1,288
115,288,288,2,165
115,288,288,3,53
115,288,288,4,116
115,288,288,5,2
115,288,288,6,3
115,288,288,7,0
115,288,288,8,443
115,288,288,9,2
115,288,288,10,0
115,288,288,11,1
115,288,288,12,0
115,288,288,13,1
115,288,288,14,0
115,288,288,15,0
115,288,288,16,3
115,288,288,0,1
115,289,289,1,289
115,289,289,2,114
115,289,289,3,37
115,289,289,4,68
115,289,289,5,0
115,289,289,6,0
115,289,289,7,3
115,289,289,8,380
115,289,289,9,0
115,289,289,10,0
115,289,289,11,0
115,289,289,12,0
115,289,289,13,0
115,289,289,14,0
115,289,289,15,0
115,289,289,16,2
115,289,289,0,1
115,290,290,1,290
115,290,290,2,100
115,290,290,3,22
115,290,290,4,66
115,290,290,5,1
115,290,290,6,1
115,290,290,7,2
115,290,290,8,226
115,290,290,9,0
115,290,290,10,0
115,290,290,11,2
115,290,290,12,0
115,290,290,13,1
115,290,290,14,0
115,290,290,15,0
115,290,290,16,0
115,290,290,0,0
115,291,291,1,291
115,291,291,2,155
115,291,291,3,31
115,291,291,4,73
115,291,291,5,0
115,291,291,6,0
115,291,291,7,1
115,291,291,8,293
115,291,291,9,0
115,291,291,10,0
115,291,291,11,0
115,291,291,12,0
115,291,291,13,0
115,291,291,14,0
115,291,291,15,0
115,291,291,16,1
115,291,291,0,2
115,291,291,1,0
115,291,291,2,0
115,291,291,3,0
115,291,291,4,0
115,291,291,5,0
115,291,291,6,0
115,291,291,7,0
115,291,291,8,0
115,291,291,9,0
115,291,291,10,0
115,291,291,11,0
115,291,291,12,0
115,291,291,13,0
115,291,291,14,0
115,291,291,15,0
115,291,291,16,0
115,291,291,0,0
115,292,292,1,292
115,292,292,2,160
115,292,292,3,43
115,292,292,4,123
115,292,292,5,2
115,292,292,6,0
115,292,292,7,0
115,292,292,8,389
115,292,292,9,2
115,292,292,10,1
115,292,292,11,0
115,292,292,12,0
115,292,292,13,1
115,292,292,14,1
115,292,292,15,1
115,292,292,16,1
115,292,292,0,4
115,292,292,1,0
115,292,292,2,0
115,292,292,3,0
115,292,292,4,0
115,292,292,5,0
115,292,292,6,0
115,292,292,7,0
115,292,292,8,0
115,292,292,9,0
115,292,292,10,0
115,292,292,11,0
115,292,292,12,0
115,292,292,13,0
115,292,292,14,0
115,292,292,15,0
115,292,292,16,0
115,292,292,0,0
115,293,293,1,293
115,293,293,2,116
115,293,293,3,40
115,293,293,4,136
115,293,293,5,2
115,293,293,6,0
115,293,293,7,0
115,293,293,8,386
115,293,293,9,0
115,293,293,10,0
115,293,293,11,1
115,293,293,12,0
115,293,293,13,0
115,293,293,14,0
115,293,293,15,0
115,293,293,16,0
115,293,293,0,3
115,294,294,1,294
115,294,294,2,166
115,294,294,3,30
115,294,294,4,94
115,294,294,5,1
115,294,294,6,1
115,294,294,7,0
115,294,294,8,325
115,294,294,9,0
115,294,294,10,0
115,294,294,11,1
115,294,294,12,0
115,294,294,13,0
115,294,294,14,0
115,294,294,15,1
115,294,294,16,1
115,294,294,0,6
115,295,295,1,295
115,295,295,2,116
115,295,295,3,28
115,295,295,4,99
115,295,295,5,2
115,295,295,6,0
115,295,295,7,0
115,295,295,8,307
115,295,295,9,0
115,295,295,10,0
115,295,295,11,0
115,295,295,12,0
115,295,295,13,0
115,295,295,14,0
115,295,295,15,0
115,295,295,16,0
115,295,295,0,5
115,296,296,1,296
115,296,296,2,166
115,296,296,3,36
115,296,296,4,146
115,296,296,5,0
115,296,296,6,1
115,296,296,7,0
115,296,296,8,358
115,296,296,9,1
115,296,296,10,1
115,296,296,11,0
115,296,296,12,0
115,296,296,13,0
115,296,296,14,0
115,296,296,15,1
115,296,296,16,2
115,296,296,0,1
115,297,297,1,297
115,297,297,2,120
115,297,297,3,35
115,297,297,4,118
115,297,297,5,0
115,297,297,6,1
115,297,297,7,1
115,297,297,8,292
115,297,297,9,0
115,297,297,10,0
115,297,297,11,2
115,297,297,12,0
115,297,297,13,0
115,297,297,14,0
115,297,297,15,1
115,297,297,16,2
115,297,297,0,1
115,298,298,1,298
115,298,298,2,160
115,298,298,3,45
115,298,298,4,152
115,298,298,5,0
115,298,298,6,0
115,298,298,7,1
115,298,298,8,412
115,298,298,9,1
115,298,298,10,1
115,298,298,11,1
115,298,298,12,0
115,298,298,13,0
115,298,298,14,0
115,298,298,15,0
115,298,298,16,0
115,298,298,0,4
115,299,299,1,299
115,299,299,2,123
115,299,299,3,37
115,299,299,4,147
115,299,299,5,0
115,299,299,6,6
115,299,299,7,2
115,299,299,8,434
115,299,299,9,0
115,299,299,10,1
115,299,299,11,2
115,299,299,12,1
115,299,299,13,0
115,299,299,14,1
115,299,299,15,2
115,299,299,16,1
115,299,299,0,4
115,300,300,1,300
115,300,300,2,79
115,300,300,3,31
115,300,300,4,95
115,300,300,5,1
115,300,300,6,1
115,300,300,7,0
115,300,300,8,327
115,300,300,9,0
115,300,300,10,0
115,300,300,11,2
115,300,300,12,0
115,300,300,13,0
115,300,300,14,0
115,300,300,15,0
115,300,300,16,1
115,300,300,0,1
115,301,301,1,301
115,301,301,2,98
115,301,301,3,20
115,301,301,4,99
115,301,301,5,1
115,301,301,6,2
115,301,301,7,0
115,301,301,8,231
115,301,301,9,0
115,301,301,10,2
115,301,301,11,0
115,301,301,12,0
115,301,301,13,1
115,301,301,14,1
115,301,301,15,1
115,301,301,16,2
115,301,301,0,2
115,302,302,1,302
115,302,302,2,151
115,302,302,3,36
115,302,302,4,131
115,302,302,5,1
115,302,302,6,0
115,302,302,7,0
115,302,302,8,426
115,302,302,9,1
115,302,302,10,1
115,302,302,11,1
115,302,302,12,0
115,302,302,13,0
115,302,302,14,0
115,302,302,15,0
115,302,302,16,1
115,302,302,0,2
115,303,303,1,303
115,303,303,2,119
115,303,303,3,27
115,303,303,4,106
115,303,303,5,1
115,303,303,6,2
115,303,303,7,1
115,303,303,8,310
115,303,303,9,2
115,303,303,10,0
115,303,303,11,1
115,303,303,12,0
115,303,303,13,1
115,303,303,14,0
115,303,303,15,0
115,303,303,16,1
115,303,303,0,1
115,304,304,1,304
115,304,304,2,84
115,304,304,3,21
115,304,304,4,61
115,304,304,5,0
115,304,304,6,0
115,304,304,7,1
115,304,304,8,251
115,304,304,9,0
115,304,304,10,2
115,304,304,11,0
115,304,304,12,0
115,304,304,13,0
115,304,304,14,0
115,304,304,15,1
115,304,304,16,1
115,304,304,0,1
115,305,305,1,305
115,305,305,2,133
115,305,305,3,21
115,305,305,4,129
115,305,305,5,0
115,305,305,6,0
115,305,305,7,0
115,305,305,8,195
115,305,305,9,0
115,305,305,10,0
115,305,305,11,1
115,305,305,12,0
115,305,305,13,0
115,305,305,14,0
115,305,305,15,1
115,305,305,16,0
115,305,305,0,2
115,306,306,1,306
115,306,306,2,161
115,306,306,3,35
115,306,306,4,153
115,306,306,5,4
115,306,306,6,1
115,306,306,7,0
115,306,306,8,359
115,306,306,9,0
115,306,306,10,1
115,306,306,11,0
115,306,306,12,0
115,306,306,13,0
115,306,306,14,0
115,306,306,15,0
115,306,306,16,2
115,306,306,0,4
115,307,307,1,307
115,307,307,2,171
115,307,307,3,32
115,307,307,4,155
115,307,307,5,2
115,307,307,6,0
115,307,307,7,0
115,307,307,8,322
115,307,307,9,1
115,307,307,10,0
115,307,307,11,1
115,307,307,12,0
115,307,307,13,0
115,307,307,14,0
115,307,307,15,0
115,307,307,16,0
115,307,307,0,4
115,308,308,1,308
115,308,308,2,117
115,308,308,3,32
115,308,308,4,66
115,308,308,5,1
115,308,308,6,0
115,308,308,7,1
115,308,308,8,284
115,308,308,9,0
115,308,308,10,0
115,308,308,11,0
115,308,308,12,1
115,308,308,13,0
115,308,308,14,0
115,308,308,15,1
115,308,308,16,2
115,308,308,0,0
115,309,309,1,309
115,309,309,2,88
115,309,309,3,15
115,309,309,4,66
115,309,309,5,0
115,309,309,6,0
115,309,309,7,0
115,309,309,8,189
115,309,309,9,0
115,309,309,10,0
115,309,309,11,0
115,309,309,12,0
115,309,309,13,0
115,309,309,14,0
115,309,309,15,0
115,309,309,16,0
115,309,309,0,4
115,310,310,1,310
115,310,310,2,131
115,310,310,3,35
115,310,310,4,139
115,310,310,5,1
115,310,310,6,0
115,310,310,7,0
115,310,310,8,293
115,310,310,9,1
115,310,310,10,0
115,310,310,11,1
115,310,310,12,1
115,310,310,13,0
115,310,310,14,0
115,310,310,15,0
115,310,310,16,1
115,310,310,0,1
115,311,311,1,311
115,311,311,2,124
115,311,311,3,37
115,311,311,4,178
115,311,311,5,3
115,311,311,6,0
115,311,311,7,0
115,311,311,8,273
115,311,311,9,1
115,311,311,10,0
115,311,311,11,0
115,311,311,12,0
115,311,311,13,0
115,311,311,14,0
115,311,311,15,0
115,311,311,16,0
115,311,311,0,5
115,312,312,1,312
115,312,312,2,166
115,312,312,3,36
115,312,312,4,123
115,312,312,5,1
115,312,312,6,0
115,312,312,7,1
115,312,312,8,300
115,312,312,9,0
115,312,312,10,1
115,312,312,11,0
115,312,312,12,0
115,312,312,13,0
115,312,312,14,0
115,312,312,15,0
115,312,312,16,6
115,312,312,0,1
115,313,313,1,313
115,313,313,2,171
115,313,313,3,28
115,313,313,4,172
115,313,313,5,2
115,313,313,6,0
115,313,313,7,0
115,313,313,8,340
115,313,313,9,0
115,313,313,10,0
115,313,313,11,1
115,313,313,12,0
115,313,313,13,0
115,313,313,14,0
115,313,313,15,2
115,313,313,16,1
115,313,313,0,1
115,314,314,1,314
115,314,314,2,137
115,314,314,3,37
115,314,314,4,167
115,314,314,5,1
115,314,314,6,1
115,314,314,7,1
115,314,314,8,312
115,314,314,9,0
115,314,314,10,0
115,314,314,11,3
115,314,314,12,0
115,314,314,13,0
115,314,314,14,1
115,314,314,15,1
115,314,314,16,1
115,314,314,0,2
115,315,315,1,315
115,315,315,2,149
115,315,315,3,30
115,315,315,4,160
115,315,315,5,0
115,315,315,6,0
115,315,315,7,0
115,315,315,8,259
115,315,315,9,3
115,315,315,10,1
115,315,315,11,1
115,315,315,12,0
115,315,315,13,0
115,315,315,14,0
115,315,315,15,2
115,315,315,16,1
115,315,315,0,4
115,316,316,1,316
115,316,316,2,136
115,316,316,3,30
115,316,316,4,155
115,316,316,5,0
115,316,316,6,0
115,316,316,7,0
115,316,316,8,356
115,316,316,9,0
115,316,316,10,0
115,316,316,11,1
115,316,316,12,0
115,316,316,13,0
115,316,316,14,0
115,316,316,15,1
115,316,316,16,1
115,316,316,0,3
115,317,317,1,317
115,317,317,2,104
115,317,317,3,22
115,317,317,4,136
115,317,317,5,2
115,317,317,6,2
115,317,317,7,0
115,317,317,8,195
115,317,317,9,0
115,317,317,10,0
115,317,317,11,1
115,317,317,12,0
115,317,317,13,1
115,317,317,14,0
115,317,317,15,0
115,317,317,16,0
115,317,317,0,3
115,318,318,1,318
115,318,318,2,143
115,318,318,3,23
115,318,318,4,120
115,318,318,5,0
115,318,318,6,1
115,318,318,7,0
115,318,318,8,275
115,318,318,9,2
115,318,318,10,0
115,318,318,11,1
115,318,318,12,1
115,318,318,13,1
115,318,318,14,0
115,318,318,15,0
115,318,318,16,0
115,318,318,0,3
115,319,319,1,319
115,319,319,2,163
115,319,319,3,29
115,319,319,4,150
115,319,319,5,0
115,319,319,6,1
115,319,319,7,0
115,319,319,8,273
115,319,319,9,1
115,319,319,10,0
115,319,319,11,1
115,319,319,12,1
115,319,319,13,0
115,319,319,14,0
115,319,319,15,0
115,319,319,16,0
115,319,319,0,1
115,320,320,1,320
115,320,320,2,147
115,320,320,3,28
115,320,320,4,88
115,320,320,5,1
115,320,320,6,0
115,320,320,7,0
115,320,320,8,193
115,320,320,9,0
115,320,320,10,1
115,320,320,11,0
115,320,320,12,0
115,320,320,13,0
115,320,320,14,0
115,320,320,15,0
115,320,320,16,0
115,320,320,0,1
115,321,321,1,321
115,321,321,2,142
115,321,321,3,38
115,321,321,4,120
115,321,321,5,0
115,321,321,6,0
115,321,321,7,0
115,321,321,8,251
115,321,321,9,1
115,321,321,10,2
115,321,321,11,1
115,321,321,12,1
115,321,321,13,0
115,321,321,14,0
115,321,321,15,0
115,321,321,16,0
115,321,321,0,3
115,322,322,1,322
115,322,322,2,139
115,322,322,3,24
115,322,322,4,176
115,322,322,5,1
115,322,322,6,1
115,322,322,7,0
115,322,322,8,219
115,322,322,9,1
115,322,322,10,0
115,322,322,11,0
115,322,322,12,0
115,322,322,13,0
115,322,322,14,0
115,322,322,15,0
115,322,322,16,1
115,322,322,0,2
115,323,323,1,323
115,323,323,2,156
115,323,323,3,23
115,323,323,4,133
115,323,323,5,0
115,323,323,6,0
115,323,323,7,0
115,323,323,8,260
115,323,323,9,1
115,323,323,10,1
115,323,323,11,2
115,323,323,12,0
115,323,323,13,0
115,323,323,14,0
115,323,323,15,2
115,323,323,16,0
115,323,323,0,2
115,324,324,1,324
115,324,324,2,167
115,324,324,3,39
115,324,324,4,174
115,324,324,5,3
115,324,324,6,1
115,324,324,7,1
115,324,324,8,407
115,324,324,9,1
115,324,324,10,1
115,324,324,11,2
115,324,324,12,0
115,324,324,13,0
115,324,324,14,0
115,324,324,15,3
115,324,324,16,2
115,324,324,0,1
115,325,325,1,325
115,325,325,2,142
115,325,325,3,46
115,325,325,4,146
115,325,325,5,0
115,325,325,6,0
115,325,325,7,0
115,325,325,8,335
115,325,325,9,0
115,325,325,10,0
115,325,325,11,2
115,325,325,12,0
115,325,325,13,0
115,325,325,14,0
115,325,325,15,0
115,325,325,16,0
115,325,325,0,2
115,326,326,1,326
115,326,326,2,131
115,326,326,3,29
115,326,326,4,186
115,326,326,5,2
115,326,326,6,1
115,326,326,7,0
115,326,326,8,314
115,326,326,9,0
115,326,326,10,0
115,326,326,11,0
115,326,326,12,0
115,326,326,13,0
115,326,326,14,0
115,326,326,15,2
115,326,326,16,0
115,326,326,0,8
115,327,327,1,327
115,327,327,2,163
115,327,327,3,27
115,327,327,4,158
115,327,327,5,0
115,327,327,6,0
115,327,327,7,1
115,327,327,8,348
115,327,327,9,0
115,327,327,10,0
115,327,327,11,2
115,327,327,12,0
115,327,327,13,0
115,327,327,14,0
115,327,327,15,0
115,327,327,16,1
115,327,327,0,2
115,328,328,1,328
115,328,328,2,112
115,328,328,3,29
115,328,328,4,159
115,328,328,5,0
115,328,328,6,1
115,328,328,7,0
115,328,328,8,266
115,328,328,9,1
115,328,328,10,2
115,328,328,11,0
115,328,328,12,0
115,328,328,13,0
115,328,328,14,1
115,328,328,15,0
115,328,328,16,0
115,328,328,0,4
115,329,329,1,329
115,329,329,2,126
115,329,329,3,21
115,329,329,4,138
115,329,329,5,0
115,329,329,6,0
115,329,329,7,0
115,329,329,8,299
115,329,329,9,1
115,329,329,10,0
115,329,329,11,0
115,329,329,12,0
115,329,329,13,0
115,329,329,14,0
115,329,329,15,0
115,329,329,16,0
115,329,329,0,2
115,330,330,1,330
115,330,330,2,134
115,330,330,3,34
115,330,330,4,110
115,330,330,5,1
115,330,330,6,0
115,330,330,7,0
115,330,330,8,366
115,330,330,9,1
115,330,330,10,0
115,330,330,11,0
115,330,330,12,0
115,330,330,13,0
115,330,330,14,0
115,330,330,15,0
115,330,330,16,1
115,330,330,0,0
115,331,331,1,331
115,331,331,2,156
115,331,331,3,48
115,331,331,4,195
115,331,331,5,2
115,331,331,6,1
115,331,331,7,0
115,331,331,8,389
115,331,331,9,0
115,331,331,10,1
115,331,331,11,3
115,331,331,12,0
115,331,331,13,0
115,331,331,14,0
115,331,331,15,0
115,331,331,16,0
115,331,331,0,3
115,332,332,1,332
115,332,332,2,99
115,332,332,3,32
115,332,332,4,170
115,332,332,5,2
115,332,332,6,1
115,332,332,7,0
115,332,332,8,308
115,332,332,9,1
115,332,332,10,1
115,332,332,11,1
115,332,332,12,0
115,332,332,13,0
115,332,332,14,1
115,332,332,15,0
115,332,332,16,2
115,332,332,0,2
115,333,333,1,333
115,333,333,2,138
115,333,333,3,51
115,333,333,4,136
115,333,333,5,1
115,333,333,6,0
115,333,333,7,1
115,333,333,8,389
115,333,333,9,0
115,333,333,10,0
115,333,333,11,0
115,333,333,12,0
115,333,333,13,0
115,333,333,14,0
115,333,333,15,1
115,333,333,16,0
115,333,333,0,4
115,333,333,1,0
115,333,333,2,0
115,333,333,3,0
115,333,333,4,0
115,333,333,5,0
115,333,333,6,0
115,333,333,7,0
115,333,333,8,0
115,333,333,9,0
115,333,333,10,0
115,333,333,11,0
115,333,333,12,0
115,333,333,13,0
115,333,333,14,0
115,333,333,15,0
115,333,333,16,0
115,333,333,0,0
115,334,334,1,334
115,334,334,2,150
115,334,334,3,44
115,334,334,4,181
115,334,334,5,0
115,334,334,6,0
115,334,334,7,3
115,334,334,8,334
115,334,334,9,0
115,334,334,10,1
115,334,334,11,1
115,334,334,12,0
115,334,334,13,0
115,334,334,14,0
115,334,334,15,0
115,334,334,16,0
115,334,334,0,5
115,334,334,1,0
115,334,334,2,0
115,334,334,3,0
115,334,334,4,0
115,334,334,5,0
115,334,334,6,0
115,334,334,7,0
115,334,334,8,0
115,334,334,9,0
115,334,334,10,0
115,334,334,11,0
115,334,334,12,0
115,334,334,13,0
115,334,334,14,0
115,334,334,15,0
115,334,334,16,0
115,334,334,0,0
115,335,335,1,335
115,335,335,2,182
115,335,335,3,61
115,335,335,4,235
115,335,335,5,1
115,335,335,6,2
115,335,335,7,1
115,335,335,8,366
115,335,335,9,0
115,335,335,10,2
115,335,335,11,0
115,335,335,12,0
115,335,335,13,1
115,335,335,14,0
115,335,335,15,3
115,335,335,16,1
115,335,335,0,2
115,336,336,1,336
115,336,336,2,128
115,336,336,3,30
115,336,336,4,168
115,336,336,5,1
115,336,336,6,0
115,336,336,7,0
115,336,336,8,320
115,336,336,9,0
115,336,336,10,1
115,336,336,11,1
115,336,336,12,0
115,336,336,13,1
115,336,336,14,0
115,336,336,15,1
115,336,336,16,1
115,336,336,0,1
115,337,337,1,337
115,337,337,2,158
115,337,337,3,39
115,337,337,4,190
115,337,337,5,2
115,337,337,6,0
115,337,337,7,1
115,337,337,8,330
115,337,337,9,0
115,337,337,10,0
115,337,337,11,0
115,337,337,12,0
115,337,337,13,0
115,337,337,14,1
115,337,337,15,0
115,337,337,16,3
115,337,337,0,0
115,338,338,1,338
115,338,338,2,189
115,338,338,3,37
115,338,338,4,185
115,338,338,5,16
115,338,338,6,0
115,338,338,7,0
115,338,338,8,401
115,338,338,9,0
115,338,338,10,1
115,338,338,11,0
115,338,338,12,1
115,338,338,13,0
115,338,338,14,0
115,338,338,15,0
115,338,338,16,0
115,338,338,0,3
115,339,339,1,339
115,339,339,2,242
115,339,339,3,33
115,339,339,4,199
115,339,339,5,1
115,339,339,6,0
115,339,339,7,2
115,339,339,8,390
115,339,339,9,2
115,339,339,10,0
115,339,339,11,0
115,339,339,12,0
115,339,339,13,3
115,339,339,14,0
115,339,339,15,0
115,339,339,16,0
115,339,339,0,1
115,340,340,1,340
115,340,340,2,185
115,340,340,3,43
115,340,340,4,215
115,340,340,5,1
115,340,340,6,0
115,340,340,7,1
115,340,340,8,304
115,340,340,9,1
115,340,340,10,1
115,340,340,11,2
115,340,340,12,0
115,340,340,13,1
115,340,340,14,0
115,340,340,15,0
115,340,340,16,0
115,340,340,0,2
115,341,341,1,341
115,341,341,2,207
115,341,341,3,45
115,341,341,4,172
115,341,341,5,0
115,341,341,6,2
115,341,341,7,1
115,341,341,8,360
115,341,341,9,1
115,341,341,10,1
115,341,341,11,1
115,341,341,12,0
115,341,341,13,0
115,341,341,14,0
115,341,341,15,0
115,341,341,16,0
115,341,341,0,2
115,342,342,1,342
115,342,342,2,175
115,342,342,3,39
115,342,342,4,179
115,342,342,5,1
115,342,342,6,0
115,342,342,7,1
115,342,342,8,403
115,342,342,9,0
115,342,342,10,1
115,342,342,11,2
115,342,342,12,0
115,342,342,13,1
115,342,342,14,1
115,342,342,15,0
115,342,342,16,1
115,342,342,0,3
115,343,343,1,343
115,343,343,2,204
115,343,343,3,57
115,343,343,4,191
115,343,343,5,2
115,343,343,6,0
115,343,343,7,1
115,343,343,8,391
115,343,343,9,2
115,343,343,10,1
115,343,343,11,0
115,343,343,12,0
115,343,343,13,0
115,343,343,14,0
115,343,343,15,1
115,343,343,16,0
115,343,343,0,4
115,344,344,1,344
115,344,344,2,126
115,344,344,3,24
115,344,344,4,164
115,344,344,5,2
115,344,344,6,1
115,344,344,7,1
115,344,344,8,232
115,344,344,9,0
115,344,344,10,0
115,344,344,11,0
115,344,344,12,0
115,344,344,13,0
115,344,344,14,0
115,344,344,15,1
115,344,344,16,0
115,344,344,0,2
115,345,345,1,345
115,345,345,2,158
115,345,345,3,34
115,345,345,4,186
115,345,345,5,3
115,345,345,6,0
115,345,345,7,0
115,345,345,8,242
115,345,345,9,0
115,345,345,10,0
115,345,345,11,0
115,345,345,12,1
115,345,345,13,0
115,345,345,14,1
115,345,345,15,0
115,345,345,16,1
115,345,345,0,1
115,346,346,1,346
115,346,346,2,101
115,346,346,3,34
115,346,346,4,140
115,346,346,5,0
115,346,346,6,0
115,346,346,7,0
115,346,346,8,262
115,346,346,9,0
115,346,346,10,0
115,346,346,11,0
115,346,346,12,0
115,346,346,13,0
115,346,346,14,0
115,346,346,15,2
115,346,346,16,2
115,346,346,0,1
115,347,347,1,347
115,347,347,2,122
115,347,347,3,22
115,347,347,4,188
115,347,347,5,1
115,347,347,6,0
115,347,347,7,0
115,347,347,8,234
115,347,347,9,1
115,347,347,10,1
115,347,347,11,1
115,347,347,12,0
115,347,347,13,1
115,347,347,14,0
115,347,347,15,0
115,347,347,16,1
115,347,347,0,4
115,348,348,1,348
115,348,348,2,184
115,348,348,3,24
115,348,348,4,139
115,348,348,5,0
115,348,348,6,0
115,348,348,7,0
115,348,348,8,343
115,348,348,9,0
115,348,348,10,0
115,348,348,11,0
115,348,348,12,0
115,348,348,13,0
115,348,348,14,0
115,348,348,15,0
115,348,348,16,1
115,348,348,0,1
115,349,349,1,349
115,349,349,2,211
115,349,349,3,51
115,349,349,4,144
115,349,349,5,1
115,349,349,6,2
115,349,349,7,0
115,349,349,8,475
115,349,349,9,1
115,349,349,10,0
115,349,349,11,3
115,349,349,12,0
115,349,349,13,0
115,349,349,14,1
115,349,349,15,1
115,349,349,16,3
115,349,349,0,2
115,350,350,1,350
115,350,350,2,162
115,350,350,3,27
115,350,350,4,176
115,350,350,5,0
115,350,350,6,1
115,350,350,7,1
115,350,350,8,334
115,350,350,9,0
115,350,350,10,0
115,350,350,11,1
115,350,350,12,0
115,350,350,13,0
115,350,350,14,0
115,350,350,15,1
115,350,350,16,3
115,350,350,0,5
115,351,351,1,351
115,351,351,2,109
115,351,351,3,26
115,351,351,4,160
115,351,351,5,0
115,351,351,6,0
115,351,351,7,0
115,351,351,8,172
115,351,351,9,0
115,351,351,10,0
115,351,351,11,0
115,351,351,12,0
115,351,351,13,1
115,351,351,14,0
115,351,351,15,2
115,351,351,16,1
115,351,351,0,2
115,352,352,1,352
115,352,352,2,189
115,352,352,3,29
115,352,352,4,128
115,352,352,5,2
115,352,352,6,0
115,352,352,7,1
115,352,352,8,312
115,352,352,9,0
115,352,352,10,0
115,352,352,11,1
115,352,352,12,0
115,352,352,13,1
115,352,352,14,0
115,352,352,15,1
115,352,352,16,1
115,352,352,0,1
115,353,353,1,353
115,353,353,2,238
115,353,353,3,21
115,353,353,4,116
115,353,353,5,0
115,353,353,6,0
115,353,353,7,0
115,353,353,8,375
115,353,353,9,0
115,353,353,10,1
115,353,353,11,3
115,353,353,12,1
115,353,353,13,0
115,353,353,14,1
115,353,353,15,0
115,353,353,16,0
115,353,353,0,9
115,354,354,1,354
115,354,354,2,185
115,354,354,3,26
115,354,354,4,64
115,354,354,5,0
115,354,354,6,0
115,354,354,7,0
115,354,354,8,238
115,354,354,9,0
115,354,354,10,0
115,354,354,11,0
115,354,354,12,0
115,354,354,13,0
115,354,354,14,0
115,354,354,15,0
115,354,354,16,1
115,354,354,0,1
115,355,355,1,355
115,355,355,2,140
115,355,355,3,17
115,355,355,4,55
115,355,355,5,0
115,355,355,6,0
115,355,355,7,0
115,355,355,8,239
115,355,355,9,0
115,355,355,10,1
115,355,355,11,1
115,355,355,12,0
115,355,355,13,0
115,355,355,14,0
115,355,355,15,0
115,355,355,16,3
115,355,355,0,2
115,356,356,1,356
115,356,356,2,200
115,356,356,3,31
115,356,356,4,120
115,356,356,5,1
115,356,356,6,0
115,356,356,7,1
115,356,356,8,302
115,356,356,9,1
115,356,356,10,1
115,356,356,11,0
115,356,356,12,0
115,356,356,13,1
115,356,356,14,0
115,356,356,15,0
115,356,356,16,0
115,356,356,0,1
115,357,357,1,357
115,357,357,2,99
115,357,357,3,12
115,357,357,4,36
115,357,357,5,0
115,357,357,6,0
115,357,357,7,0
115,357,357,8,141
115,357,357,9,0
115,357,357,10,0
115,357,357,11,0
115,357,357,12,0
115,357,357,13,0
115,357,357,14,0
115,357,357,15,0
115,357,357,16,1
115,357,357,0,5
115,358,358,1,358
115,358,358,2,94
115,358,358,3,16
115,358,358,4,122
115,358,358,5,0
115,358,358,6,0
115,358,358,7,0
115,358,358,8,156
115,358,358,9,0
115,358,358,10,0
115,358,358,11,0
115,358,358,12,0
115,358,358,13,0
115,358,358,14,1
115,358,358,15,0
115,358,358,16,0
115,358,358,0,3
115,359,359,1,359
115,359,359,2,148
115,359,359,3,13
115,359,359,4,160
115,359,359,5,0
115,359,359,6,0
115,359,359,7,0
115,359,359,8,217
115,359,359,9,0
115,359,359,10,0
115,359,359,11,1
115,359,359,12,0
115,359,359,13,0
115,359,359,14,0
115,359,359,15,1
115,359,359,16,1
115,359,359,0,5
115,360,360,1,360
115,360,360,2,225
115,360,360,3,36
115,360,360,4,147
115,360,360,5,3
115,360,360,6,0
115,360,360,7,0
115,360,360,8,377
115,360,360,9,0
115,360,360,10,0
115,360,360,11,0
115,360,360,12,0
115,360,360,13,0
115,360,360,14,0
115,360,360,15,0
115,360,360,16,0
115,360,360,0,5
115,361,361,1,361
115,361,361,2,243
115,361,361,3,57
115,361,361,4,157
115,361,361,5,1
115,361,361,6,0
115,361,361,7,2
115,361,361,8,509
115,361,361,9,0
115,361,361,10,1
115,361,361,11,0
115,361,361,12,0
115,361,361,13,0
115,361,361,14,0
115,361,361,15,0
115,361,361,16,4
115,361,361,0,6
115,362,362,1,362
115,362,362,2,380
115,362,362,3,39
115,362,362,4,99
115,362,362,5,0
115,362,362,6,1
115,362,362,7,1
115,362,362,8,447
115,362,362,9,0
115,362,362,10,0
115,362,362,11,1
115,362,362,12,0
115,362,362,13,0
115,362,362,14,0
115,362,362,15,0
115,362,362,16,0
115,362,362,0,7
115,363,363,1,363
115,363,363,2,448
115,363,363,3,31
115,363,363,4,97
115,363,363,5,1
115,363,363,6,1
115,363,363,7,0
115,363,363,8,436
115,363,363,9,0
115,363,363,10,1
115,363,363,11,1
115,363,363,12,0
115,363,363,13,0
115,363,363,14,0
115,363,363,15,0
115,363,363,16,1
115,363,363,0,4
115,364,364,1,364
115,364,364,2,452
115,364,364,3,49
115,364,364,4,86
115,364,364,5,0
115,364,364,6,1
115,364,364,7,1
115,364,364,8,352
115,364,364,9,0
115,364,364,10,0
115,364,364,11,0
115,364,364,12,0
115,364,364,13,0
115,364,364,14,1
115,364,364,15,0
115,364,364,16,0
115,364,364,0,6
115,365,365,1,365
115,365,365,2,241
115,365,365,3,24
115,365,365,4,208
115,365,365,5,0
115,365,365,6,0
115,365,365,7,0
115,365,365,8,379
115,365,365,9,0
115,365,365,10,1
115,365,365,11,0
115,365,365,12,0
115,365,365,13,0
115,365,365,14,1
115,365,365,15,0
115,365,365,16,0
115,365,365,0,3
115,366,366,1,366
115,366,366,2,151
115,366,366,3,31
115,366,366,4,208
115,366,366,5,2
115,366,366,6,0
115,366,366,7,3
115,366,366,8,330
115,366,366,9,1
115,366,366,10,2
115,366,366,11,0
115,366,366,12,0
115,366,366,13,0
115,366,366,14,0
115,366,366,15,3
115,366,366,16,1
115,366,366,0,5
115,367,367,1,367
115,367,367,2,169
115,367,367,3,52
115,367,367,4,177
115,367,367,5,0
115,367,367,6,1
115,367,367,7,1
115,367,367,8,271
115,367,367,9,1
115,367,367,10,0
115,367,367,11,1
115,367,367,12,0
115,367,367,13,1
115,367,367,14,0
115,367,367,15,0
115,367,367,16,1
115,367,367,0,3
115,368,368,1,368
115,368,368,2,167
115,368,368,3,22
115,368,368,4,154
115,368,368,5,2
115,368,368,6,1
115,368,368,7,0
115,368,368,8,199
115,368,368,9,0
115,368,368,10,0
115,368,368,11,1
115,368,368,12,0
115,368,368,13,0
115,368,368,14,1
115,368,368,15,0
115,368,368,16,0
115,368,368,0,3
115,369,369,1,369
115,369,369,2,110
115,369,369,3,12
115,369,369,4,120
115,369,369,5,0
115,369,369,6,2
115,369,369,7,0
115,369,369,8,121
115,369,369,9,1
115,369,369,10,0
115,369,369,11,0
115,369,369,12,0
115,369,369,13,0
115,369,369,14,1
115,369,369,15,0
115,369,369,16,1
115,369,369,0,1
115,370,370,1,370
115,370,370,2,155
115,370,370,3,10
115,370,370,4,157
115,370,370,5,1
115,370,370,6,0
115,370,370,7,0
115,370,370,8,184
115,370,370,9,0
115,370,370,10,0
115,370,370,11,0
115,370,370,12,1
115,370,370,13,1
115,370,370,14,0
115,370,370,15,0
115,370,370,16,0
115,370,370,0,7
115,371,371,1,371
115,371,371,2,100
115,371,371,3,14
115,371,371,4,231
115,371,371,5,2
115,371,371,6,0
115,371,371,7,0
115,371,371,8,115
115,371,371,9,0
115,371,371,10,0
115,371,371,11,0
115,371,371,12,0
115,371,371,13,0
115,371,371,14,0
115,371,371,15,0
115,371,371,16,0
115,371,371,0,3
115,372,372,1,372
115,372,372,2,155
115,372,372,3,35
115,372,372,4,212
115,372,372,5,2
115,372,372,6,1
115,372,372,7,1
115,372,372,8,185
115,372,372,9,2
115,372,372,10,1
115,372,372,11,0
115,372,372,12,0
115,372,372,13,0
115,372,372,14,1
115,372,372,15,2
115,372,372,16,1
115,372,372,0,0
115,373,373,1,373
115,373,373,2,338
115,373,373,3,29
115,373,373,4,279
115,373,373,5,3
115,373,373,6,0
115,373,373,7,1
115,373,373,8,246
115,373,373,9,0
115,373,373,10,0
115,373,373,11,1
115,373,373,12,1
115,373,373,13,1
115,373,373,14,0
115,373,373,15,1
115,373,373,16,1
115,373,373,0,9
115,374,374,1,374
115,374,374,2,91
115,374,374,3,25
115,374,374,4,116
115,374,374,5,1
115,374,374,6,1
115,374,374,7,0
115,374,374,8,165
115,374,374,9,1
115,374,374,10,0
115,374,374,11,0
115,374,374,12,0
115,374,374,13,0
115,374,374,14,0
115,374,374,15,0
115,374,374,16,0
115,374,374,0,2
115,375,375,1,375
115,375,375,2,156
115,375,375,3,13
115,375,375,4,121
115,375,375,5,0
115,375,375,6,1
115,375,375,7,1
115,375,375,8,230
115,375,375,9,0
115,375,375,10,1
115,375,375,11,0
115,375,375,12,0
115,375,375,13,0
115,375,375,14,0
115,375,375,15,0
115,375,375,16,2
115,375,375,0,1
115,375,375,1,0
115,375,375,2,0
115,375,375,3,0
115,375,375,4,0
115,375,375,5,0
115,375,375,6,0
115,375,375,7,0
115,375,375,8,0
115,375,375,9,0
115,375,375,10,0
115,375,375,11,0
115,375,375,12,0
115,375,375,13,0
115,375,375,14,0
115,375,375,15,0
115,375,375,16,0
115,375,375,0,0
115,376,376,1,376
115,376,376,2,140
115,376,376,3,36
115,376,376,4,123
115,376,376,5,0
115,376,376,6,0
115,376,376,7,0
115,376,376,8,262
115,376,376,9,0
115,376,376,10,0
115,376,376,11,1
115,376,376,12,0
115,376,376,13,0
115,376,376,14,0
115,376,376,15,0
115,376,376,16,1
115,376,376,0,5
115,376,376,1,0
115,376,376,2,0
115,376,376,3,0
115,376,376,4,0
115,376,376,5,0
115,376,376,6,0
115,376,376,7,0
115,376,376,8,0
115,376,376,9,0
115,376,376,10,0
115,376,376,11,0
115,376,376,12,0
115,376,376,13,0
115,376,376,14,0
115,376,376,15,0
115,376,376,16,0
115,376,376,0,0
115,377,377,1,377
115,377,377,2,111
115,377,377,3,30
115,377,377,4,136
115,377,377,5,0
115,377,377,6,0
115,377,377,7,1
115,377,377,8,190
115,377,377,9,1
115,377,377,10,0
115,377,377,11,0
115,377,377,12,0
115,377,377,13,0
115,377,377,14,0
115,377,377,15,0
115,377,377,16,1
115,377,377,0,2
115,378,378,1,378
115,378,378,2,94
115,378,378,3,11
115,378,378,4,84
115,378,378,5,1
115,378,378,6,0
115,378,378,7,0
115,378,378,8,168
115,378,378,9,0
115,378,378,10,0
115,378,378,11,0
115,378,378,12,0
115,378,378,13,1
115,378,378,14,0
115,378,378,15,1
115,378,378,16,2
115,378,378,0,3
115,379,379,1,379
115,379,379,2,208
115,379,379,3,40
115,379,379,4,219
115,379,379,5,0
115,379,379,6,0
115,379,379,7,3
115,379,379,8,327
115,379,379,9,0
115,379,379,10,1
115,379,379,11,1
115,379,379,12,2
115,379,379,13,1
115,379,379,14,0
115,379,379,15,0
115,379,379,16,1
115,379,379,0,2
115,380,380,1,380
115,380,380,2,133
115,380,380,3,11
115,380,380,4,60
115,380,380,5,1
115,380,380,6,0
115,380,380,7,0
115,380,380,8,152
115,380,380,9,0
115,380,380,10,0
115,380,380,11,0
115,380,380,12,0
115,380,380,13,0
115,380,380,14,0
115,380,380,15,0
115,380,380,16,0
115,380,380,0,0
115,381,381,1,381
115,381,381,2,114
115,381,381,3,9
115,381,381,4,86
115,381,381,5,0
115,381,381,6,0
115,381,381,7,0
115,381,381,8,122
115,381,381,9,1
115,381,381,10,0
115,381,381,11,0
115,381,381,12,0
115,381,381,13,0
115,381,381,14,0
115,381,381,15,1
115,381,381,16,1
115,381,381,0,5
115,382,382,1,382
115,382,382,2,125
115,382,382,3,17
115,382,382,4,96
115,382,382,5,0
115,382,382,6,1
115,382,382,7,0
115,382,382,8,101
115,382,382,9,0
115,382,382,10,0
115,382,382,11,1
115,382,382,12,0
115,382,382,13,0
115,382,382,14,1
115,382,382,15,1
115,382,382,16,0
115,382,382,0,2
115,383,383,1,383
115,383,383,2,198
115,383,383,3,22
115,383,383,4,231
115,383,383,5,1
115,383,383,6,0
115,383,383,7,0
115,383,383,8,359
115,383,383,9,2
115,383,383,10,3
115,383,383,11,1
115,383,383,12,1
115,383,383,13,0
115,383,383,14,0
115,383,383,15,2
115,383,383,16,0
115,383,383,0,2
115,384,384,1,384
115,384,384,2,127
115,384,384,3,29
115,384,384,4,144
115,384,384,5,0
115,384,384,6,1
115,384,384,7,2
115,384,384,8,263
115,384,384,9,0
115,384,384,10,0
115,384,384,11,0
115,384,384,12,0
115,384,384,13,0
115,384,384,14,0
115,384,384,15,0
115,384,384,16,0
115,384,384,0,2
115,385,385,1,385
115,385,385,2,133
115,385,385,3,15
115,385,385,4,105
115,385,385,5,1
115,385,385,6,0
115,385,385,7,1
115,385,385,8,146
115,385,385,9,0
115,385,385,10,0
115,385,385,11,1
115,385,385,12,0
115,385,385,13,0
115,385,385,14,0
115,385,385,15,0
115,385,385,16,1
115,385,385,0,3
115,386,386,1,386
115,386,386,2,151
115,386,386,3,29
115,386,386,4,149
115,386,386,5,0
115,386,386,6,0
115,386,386,7,0
115,386,386,8,224
115,386,386,9,1
115,386,386,10,0
115,386,386,11,0
115,386,386,12,0
115,386,386,13,0
115,386,386,14,0
115,386,386,15,0
115,386,386,16,0
115,386,386,0,0
115,387,387,1,387
115,387,387,2,181
115,387,387,3,27
115,387,387,4,244
115,387,387,5,2
115,387,387,6,2
115,387,387,7,0
115,387,387,8,240
115,387,387,9,0
115,387,387,10,3
115,387,387,11,2
115,387,387,12,0
115,387,387,13,2
115,387,387,14,0
115,387,387,15,0
115,387,387,16,0
115,387,387,0,2
115,388,388,1,388
115,388,388,2,118
115,388,388,3,25
115,388,388,4,202
115,388,388,5,1
115,388,388,6,0
115,388,388,7,2
115,388,388,8,173
115,388,388,9,1
115,388,388,10,0
115,388,388,11,1
115,388,388,12,0
115,388,388,13,0
115,388,388,14,0
115,388,388,15,0
115,388,388,16,0
115,388,388,0,2
115,389,389,1,389
115,389,389,2,208
115,389,389,3,24
115,389,389,4,209
115,389,389,5,1
115,389,389,6,2
115,389,389,7,1
115,389,389,8,216
115,389,389,9,0
115,389,389,10,0
115,389,389,11,0
115,389,389,12,0
115,389,389,13,0
115,389,389,14,0
115,389,389,15,1
115,389,389,16,1
115,389,389,0,2
115,390,390,1,390
115,390,390,2,148
115,390,390,3,26
115,390,390,4,216
115,390,390,5,2
115,390,390,6,0
115,390,390,7,0
115,390,390,8,219
115,390,390,9,1
115,390,390,10,0
115,390,390,11,0
115,390,390,12,0
115,390,390,13,0
115,390,390,14,0
115,390,390,15,2
115,390,390,16,0
115,390,390,0,6
115,391,391,1,391
115,391,391,2,171
115,391,391,3,14
115,391,391,4,246
115,391,391,5,1
115,391,391,6,0
115,391,391,7,0
115,391,391,8,163
115,391,391,9,0
115,391,391,10,0
115,391,391,11,1
115,391,391,12,0
115,391,391,13,1
115,391,391,14,0
115,391,391,15,1
115,391,391,16,2
115,391,391,0,2
115,392,392,1,392
115,392,392,2,219
115,392,392,3,13
115,392,392,4,262
115,392,392,5,2
115,392,392,6,1
115,392,392,7,0
115,392,392,8,176
115,392,392,9,0
115,392,392,10,0
115,392,392,11,0
115,392,392,12,0
115,392,392,13,1
115,392,392,14,0
115,392,392,15,0
115,392,392,16,1
115,392,392,0,2
115,393,393,1,393
115,393,393,2,192
115,393,393,3,30
115,393,393,4,239
115,393,393,5,3
115,393,393,6,0
115,393,393,7,0
115,393,393,8,322
115,393,393,9,1
115,393,393,10,1
115,393,393,11,1
115,393,393,12,0
115,393,393,13,0
115,393,393,14,0
115,393,393,15,0
115,393,393,16,0
115,393,393,0,5
115,394,394,1,394
115,394,394,2,110
115,394,394,3,34
115,394,394,4,156
115,394,394,5,3
115,394,394,6,0
115,394,394,7,1
115,394,394,8,272
115,394,394,9,0
115,394,394,10,0
115,394,394,11,0
115,394,394,12,0
115,394,394,13,0
115,394,394,14,0
115,394,394,15,0
115,394,394,16,0
115,394,394,0,4
115,395,395,1,395
115,395,395,2,197
115,395,395,3,40
115,395,395,4,317
115,395,395,5,1
115,395,395,6,2
115,395,395,7,1
115,395,395,8,236
115,395,395,9,0
115,395,395,10,4
115,395,395,11,0
115,395,395,12,0
115,395,395,13,3
115,395,395,14,0
115,395,395,15,0
115,395,395,16,3
115,395,395,0,8
115,396,396,1,396
115,396,396,2,210
115,396,396,3,57
115,396,396,4,290
115,396,396,5,2
115,396,396,6,0
115,396,396,7,2
115,396,396,8,252
115,396,396,9,0
115,396,396,10,1
115,396,396,11,1
115,396,396,12,0
115,396,396,13,0
115,396,396,14,1
115,396,396,15,1
115,396,396,16,1
115,396,396,0,1
115,397,397,1,397
115,397,397,2,180
115,397,397,3,21
115,397,397,4,286
115,397,397,5,0
115,397,397,6,2
115,397,397,7,2
115,397,397,8,168
115,397,397,9,0
115,397,397,10,0
115,397,397,11,0
115,397,397,12,0
115,397,397,13,0
115,397,397,14,0
115,397,397,15,1
115,397,397,16,0
115,397,397,0,5
115,398,398,1,398
115,398,398,2,159
115,398,398,3,22
115,398,398,4,218
115,398,398,5,0
115,398,398,6,0
115,398,398,7,0
115,398,398,8,158
115,398,398,9,0
115,398,398,10,0
115,398,398,11,0
115,398,398,12,0
115,398,398,13,0
115,398,398,14,1
115,398,398,15,2
115,398,398,16,1
115,398,398,0,5
115,399,399,1,399
115,399,399,2,306
115,399,399,3,37
115,399,399,4,141
115,399,399,5,2
115,399,399,6,0
115,399,399,7,1
115,399,399,8,374
115,399,399,9,0
115,399,399,10,1
115,399,399,11,0
115,399,399,12,1
115,399,399,13,0
115,399,399,14,0
115,399,399,15,0
115,399,399,16,2
115,399,399,0,1
115,400,400,1,400
115,400,400,2,225
115,400,400,3,21
115,400,400,4,149
115,400,400,5,0
115,400,400,6,0
115,400,400,7,1
115,400,400,8,228
115,400,400,9,0
115,400,400,10,0
115,400,400,11,2
115,400,400,12,0
115,400,400,13,1
115,400,400,14,0
115,400,400,15,1
115,400,400,16,1
115,400,400,0,3
115,401,401,1,401
115,401,401,2,206
115,401,401,3,12
115,401,401,4,214
115,401,401,5,1
115,401,401,6,1
115,401,401,7,0
115,401,401,8,188
115,401,401,9,1
115,401,401,10,1
115,401,401,11,1
115,401,401,12,0
115,401,401,13,0
115,401,401,14,0
115,401,401,15,4
115,401,401,16,3
115,401,401,0,4
115,402,402,1,402
115,402,402,2,142
115,402,402,3,29
115,402,402,4,226
115,402,402,5,2
115,402,402,6,2
115,402,402,7,1
115,402,402,8,159
115,402,402,9,1
115,402,402,10,2
115,402,402,11,0
115,402,402,12,0
115,402,402,13,0
115,402,402,14,0
115,402,402,15,1
115,402,402,16,0
115,402,402,0,3
115,403,403,1,403
115,403,403,2,193
115,403,403,3,19
115,403,403,4,199
115,403,403,5,3
115,403,403,6,0
115,403,403,7,0
115,403,403,8,186
115,403,403,9,0
115,403,403,10,1
115,403,403,11,0
115,403,403,12,0
115,403,403,13,0
115,403,403,14,0
115,403,403,15,2
115,403,403,16,0
115,403,403,0,0
115,404,404,1,404
115,404,404,2,196
115,404,404,3,30
115,404,404,4,146
115,404,404,5,2
115,404,404,6,0
115,404,404,7,0
115,404,404,8,205
115,404,404,9,1
115,404,404,10,0
115,404,404,11,1
115,404,404,12,0
115,404,404,13,0
115,404,404,14,1
115,404,404,15,0
115,404,404,16,2
115,404,404,0,4
115,405,405,1,405
115,405,405,2,194
115,405,405,3,17
115,405,405,4,277
115,405,405,5,4
115,405,405,6,0
115,405,405,7,0
115,405,405,8,181
115,405,405,9,1
115,405,405,10,0
115,405,405,11,0
115,405,405,12,0
115,405,405,13,0
115,405,405,14,0
115,405,405,15,0
115,405,405,16,0
115,405,405,0,1
115,406,406,1,406
115,406,406,2,70
115,406,406,3,18
115,406,406,4,172
115,406,406,5,1
115,406,406,6,0
115,406,406,7,1
115,406,406,8,90
115,406,406,9,1
115,406,406,10,1
115,406,406,11,0
115,406,406,12,0
115,406,406,13,1
115,406,406,14,0
115,406,406,15,0
115,406,406,16,0
115,406,406,0,3
115,407,407,1,407
115,407,407,2,191
115,407,407,3,43
115,407,407,4,337
115,407,407,5,0
115,407,407,6,1
115,407,407,7,1
115,407,407,8,262
115,407,407,9,0
115,407,407,10,0
115,407,407,11,0
115,407,407,12,0
115,407,407,13,0
115,407,407,14,0
115,407,407,15,1
115,407,407,16,0
115,407,407,0,2
115,408,408,1,408
115,408,408,2,244
115,408,408,3,31
115,408,408,4,235
115,408,408,5,1
115,408,408,6,1
115,408,408,7,0
115,408,408,8,384
115,408,408,9,1
115,408,408,10,0
115,408,408,11,0
115,408,408,12,1
115,408,408,13,0
115,408,408,14,0
115,408,408,15,0
115,408,408,16,1
115,408,408,0,3
115,409,409,1,409
115,409,409,2,100
115,409,409,3,38
115,409,409,4,151
115,409,409,5,0
115,409,409,6,2
115,409,409,7,3
115,409,409,8,209
115,409,409,9,1
115,409,409,10,0
115,409,409,11,0
115,409,409,12,1
115,409,409,13,1
115,409,409,14,0
115,409,409,15,1
115,409,409,16,3
115,409,409,0,2
115,410,410,1,410
115,410,410,2,102
115,410,410,3,9
115,410,410,4,198
115,410,410,5,1
115,410,410,6,0
115,410,410,7,1
115,410,410,8,96
115,410,410,9,2
115,410,410,10,1
115,410,410,11,2
115,410,410,12,1
115,410,410,13,0
115,410,410,14,1
115,410,410,15,1
115,410,410,16,1
115,410,410,0,3
115,411,411,1,411
115,411,411,2,233
115,411,411,3,23
115,411,411,4,252
115,411,411,5,3
115,411,411,6,0
115,411,411,7,0
115,411,411,8,185
115,411,411,9,0
115,411,411,10,0
115,411,411,11,0
115,411,411,12,0
115,411,411,13,0
115,411,411,14,0
115,411,411,15,2
115,411,411,16,2
115,411,411,0,2
115,412,412,1,412
115,412,412,2,209
115,412,412,3,31
115,412,412,4,249
115,412,412,5,4
115,412,412,6,0
115,412,412,7,0
115,412,412,8,420
115,412,412,9,1
115,412,412,10,0
115,412,412,11,0
115,412,412,12,0
115,412,412,13,0
115,412,412,14,0
115,412,412,15,0
115,412,412,16,0
115,412,412,0,0
115,413,413,1,413
115,413,413,2,162
115,413,413,3,29
115,413,413,4,177
115,413,413,5,2
115,413,413,6,1
115,413,413,7,2
115,413,413,8,428
115,413,413,9,0
115,413,413,10,0
115,413,413,11,0
115,413,413,12,0
115,413,413,13,0
115,413,413,14,0
115,413,413,15,0
115,413,413,16,0
115,413,413,0,2
115,414,414,1,414
115,414,414,2,74
115,414,414,3,8
115,414,414,4,90
115,414,414,5,0
115,414,414,6,1
115,414,414,7,0
115,414,414,8,101
115,414,414,9,0
115,414,414,10,2
115,414,414,11,1
115,414,414,12,0
115,414,414,13,0
115,414,414,14,0
115,414,414,15,0
115,414,414,16,0
115,414,414,0,1
115,415,415,1,415
115,415,415,2,119
115,415,415,3,36
115,415,415,4,125
115,415,415,5,1
115,415,415,6,0
115,415,415,7,0
115,415,415,8,329
115,415,415,9,1
115,415,415,10,1
115,415,415,11,0
115,415,415,12,0
115,415,415,13,0
115,415,415,14,0
115,415,415,15,1
115,415,415,16,0
115,415,415,0,1
115,416,416,1,416
115,416,416,2,177
115,416,416,3,43
115,416,416,4,135
115,416,416,5,0
115,416,416,6,1
115,416,416,7,0
115,416,416,8,229
115,416,416,9,2
115,416,416,10,0
115,416,416,11,0
115,416,416,12,1
115,416,416,13,1
115,416,416,14,1
115,416,416,15,0
115,416,416,16,0
115,416,416,0,2
115,417,417,1,0
115,417,417,2,0
115,417,417,3,0
115,417,417,4,0
115,417,417,5,0
115,417,417,6,0
115,417,417,7,0
115,417,417,8,0
115,417,417,9,0
115,417,417,10,0
115,417,417,11,0
115,417,417,12,0
115,417,417,13,0
115,417,417,14,0
115,417,417,15,0
115,417,417,16,0
115,417,417,0,0
115,417,417,1,417
115,417,417,2,275
115,417,417,3,31
115,417,417,4,188
115,417,417,5,1
115,417,417,6,1
115,417,417,7,2
115,417,417,8,422
115,417,417,9,1
115,417,417,10,1
115,417,417,11,1
115,417,417,12,0
115,417,417,13,2
115,417,417,14,2
115,417,417,15,0
115,417,417,16,4
115,417,417,0,7
115,418,418,1,0
115,418,418,2,0
115,418,418,3,0
115,418,418,4,0
115,418,418,5,0
115,418,418,6,0
115,418,418,7,0
115,418,418,8,0
115,418,418,9,0
115,418,418,10,0
115,418,418,11,0
115,418,418,12,0
115,418,418,13,0
115,418,418,14,0
115,418,418,15,0
115,418,418,16,0
115,418,418,0,0
115,418,418,1,418
115,418,418,2,112
115,418,418,3,10
115,418,418,4,247
115,418,418,5,5
115,418,418,6,0
115,418,418,7,0
115,418,418,8,188
115,418,418,9,2
115,418,418,10,2
115,418,418,11,1
115,418,418,12,0
115,418,418,13,1
115,418,418,14,1
115,418,418,15,1
115,418,418,16,2
115,418,418,0,4
115,419,419,1,419
115,419,419,2,230
115,419,419,3,27
115,419,419,4,229
115,419,419,5,1
115,419,419,6,1
115,419,419,7,0
115,419,419,8,146
115,419,419,9,0
115,419,419,10,1
115,419,419,11,1
115,419,419,12,0
115,419,419,13,0
115,419,419,14,3
115,419,419,15,3
115,419,419,16,2
115,419,419,0,3
115,420,420,1,420
115,420,420,2,148
115,420,420,3,26
115,420,420,4,318
115,420,420,5,0
115,420,420,6,0
115,420,420,7,0
115,420,420,8,139
115,420,420,9,0
115,420,420,10,0
115,420,420,11,0
115,420,420,12,0
115,420,420,13,0
115,420,420,14,1
115,420,420,15,1
115,420,420,16,3
115,420,420,0,3
115,421,421,1,421
115,421,421,2,93
115,421,421,3,16
115,421,421,4,314
115,421,421,5,2
115,421,421,6,0
115,421,421,7,0
115,421,421,8,93
115,421,421,9,2
115,421,421,10,0
115,421,421,11,0
115,421,421,12,0
115,421,421,13,0
115,421,421,14,1
115,421,421,15,1
115,421,421,16,0
115,421,421,0,1
115,422,422,1,422
115,422,422,2,135
115,422,422,3,19
115,422,422,4,173
115,422,422,5,3
115,422,422,6,2
115,422,422,7,1
115,422,422,8,184
115,422,422,9,2
115,422,422,10,0
115,422,422,11,0
115,422,422,12,1
115,422,422,13,0
115,422,422,14,0
115,422,422,15,0
115,422,422,16,0
115,422,422,0,3
115,423,423,1,423
115,423,423,2,162
115,423,423,3,15
115,423,423,4,234
115,423,423,5,2
115,423,423,6,1
115,423,423,7,0
115,423,423,8,134
115,423,423,9,0
115,423,423,10,0
115,423,423,11,2
115,423,423,12,0
115,423,423,13,1
115,423,423,14,0
115,423,423,15,2
115,423,423,16,0
115,423,423,0,2
115,424,424,1,424
115,424,424,2,159
115,424,424,3,8
115,424,424,4,192
115,424,424,5,2
115,424,424,6,0
115,424,424,7,0
115,424,424,8,113
115,424,424,9,0
115,424,424,10,1
115,424,424,11,0
115,424,424,12,0
115,424,424,13,2
115,424,424,14,0
115,424,424,15,0
115,424,424,16,1
115,424,424,0,1
115,425,425,1,425
115,425,425,2,151
115,425,425,3,20
115,425,425,4,269
115,425,425,5,4
115,425,425,6,2
115,425,425,7,0
115,425,425,8,135
115,425,425,9,0
115,425,425,10,0
115,425,425,11,0
115,425,425,12,0
115,425,425,13,0
115,425,425,14,1
115,425,425,15,2
115,425,425,16,1
115,425,425,0,10
115,426,426,1,426
115,426,426,2,121
115,426,426,3,8
115,426,426,4,146
115,426,426,5,0
115,426,426,6,0
115,426,426,7,0
115,426,426,8,105
115,426,426,9,0
115,426,426,10,0
115,426,426,11,0
115,426,426,12,0
115,426,426,13,0
115,426,426,14,1
115,426,426,15,1
115,426,426,16,0
115,426,426,0,2
115,427,427,1,427
115,427,427,2,195
115,427,427,3,7
115,427,427,4,255
115,427,427,5,5
115,427,427,6,0
115,427,427,7,0
115,427,427,8,184
115,427,427,9,1
115,427,427,10,2
115,427,427,11,0
115,427,427,12,0
115,427,427,13,3
115,427,427,14,0
115,427,427,15,0
115,427,427,16,1
115,427,427,0,6
115,428,428,1,428
115,428,428,2,202
115,428,428,3,24
115,428,428,4,342
115,428,428,5,3
115,428,428,6,0
115,428,428,7,0
115,428,428,8,200
115,428,428,9,0
115,428,428,10,0
115,428,428,11,1
115,428,428,12,1
115,428,428,13,0
115,428,428,14,1
115,428,428,15,3
115,428,428,16,1
115,428,428,0,6
115,429,429,1,429
115,429,429,2,221
115,429,429,3,27
115,429,429,4,280
115,429,429,5,1
115,429,429,6,2
115,429,429,7,1
115,429,429,8,169
115,429,429,9,0
115,429,429,10,1
115,429,429,11,1
115,429,429,12,0
115,429,429,13,0
115,429,429,14,1
115,429,429,15,4
115,429,429,16,1
115,429,429,0,10
115,430,430,1,430
115,430,430,2,128
115,430,430,3,9
115,430,430,4,272
115,430,430,5,3
115,430,430,6,1
115,430,430,7,0
115,430,430,8,122
115,430,430,9,1
115,430,430,10,1
115,430,430,11,0
115,430,430,12,0
115,430,430,13,1
115,430,430,14,0
115,430,430,15,1
115,430,430,16,0
115,430,430,0,2
115,431,431,1,431
115,431,431,2,103
115,431,431,3,5
115,431,431,4,209
115,431,431,5,2
115,431,431,6,0
115,431,431,7,0
115,431,431,8,110
115,431,431,9,0
115,431,431,10,0
115,431,431,11,0
115,431,431,12,0
115,431,431,13,1
115,431,431,14,0
115,431,431,15,1
115,431,431,16,0
115,431,431,0,1
115,432,432,1,432
115,432,432,2,204
115,432,432,3,36
115,432,432,4,296
115,432,432,5,1
115,432,432,6,0
115,432,432,7,4
115,432,432,8,225
115,432,432,9,2
115,432,432,10,1
115,432,432,11,1
115,432,432,12,0
115,432,432,13,1
115,432,432,14,1
115,432,432,15,7
115,432,432,16,0
115,432,432,0,4
115,433,433,1,433
115,433,433,2,173
115,433,433,3,16
115,433,433,4,255
115,433,433,5,4
115,433,433,6,0
115,433,433,7,0
115,433,433,8,219
115,433,433,9,1
115,433,433,10,1
115,433,433,11,2
115,433,433,12,0
115,433,433,13,1
115,433,433,14,0
115,433,433,15,3
115,433,433,16,1
115,433,433,0,4
115,434,434,1,434
115,434,434,2,145
115,434,434,3,17
115,434,434,4,227
115,434,434,5,1
115,434,434,6,0
115,434,434,7,1
115,434,434,8,113
115,434,434,9,0
115,434,434,10,0
115,434,434,11,0
115,434,434,12,0
115,434,434,13,1
115,434,434,14,1
115,434,434,15,3
115,434,434,16,2
115,434,434,0,0
115,435,435,1,435
115,435,435,2,257
115,435,435,3,17
115,435,435,4,259
115,435,435,5,2
115,435,435,6,3
115,435,435,7,0
115,435,435,8,246
115,435,435,9,1
115,435,435,10,1
115,435,435,11,3
115,435,435,12,0
115,435,435,13,2
115,435,435,14,1
115,435,435,15,0
115,435,435,16,0
115,435,435,0,1
115,436,436,1,436
115,436,436,2,136
115,436,436,3,13
115,436,436,4,151
115,436,436,5,3
115,436,436,6,1
115,436,436,7,0
115,436,436,8,192
115,436,436,9,0
115,436,436,10,0
115,436,436,11,0
115,436,436,12,2
115,436,436,13,1
115,436,436,14,0
115,436,436,15,1
115,436,436,16,2
115,436,436,0,4
115,437,437,1,437
115,437,437,2,171
115,437,437,3,32
115,437,437,4,353
115,437,437,5,1
115,437,437,6,0
115,437,437,7,1
115,437,437,8,187
115,437,437,9,0
115,437,437,10,0
115,437,437,11,0
115,437,437,12,0
115,437,437,13,0
115,437,437,14,0
115,437,437,15,0
115,437,437,16,0
115,437,437,0,3
115,438,438,1,438
115,438,438,2,132
115,438,438,3,27
115,438,438,4,188
115,438,438,5,2
115,438,438,6,2
115,438,438,7,3
115,438,438,8,184
115,438,438,9,1
115,438,438,10,1
115,438,438,11,0
115,438,438,12,1
115,438,438,13,0
115,438,438,14,0
115,438,438,15,2
115,438,438,16,0
115,438,438,0,2
115,439,439,1,439
115,439,439,2,137
115,439,439,3,20
115,439,439,4,136
115,439,439,5,3
115,439,439,6,2
115,439,439,7,1
115,439,439,8,221
115,439,439,9,0
115,439,439,10,0
115,439,439,11,1
115,439,439,12,0
115,439,439,13,2
115,439,439,14,0
115,439,439,15,0
115,439,439,16,1
115,439,439,0,4
115,440,440,1,440
115,440,440,2,84
115,440,440,3,11
115,440,440,4,106
115,440,440,5,0
115,440,440,6,0
115,440,440,7,1
115,440,440,8,126
115,440,440,9,1
115,440,440,10,0
115,440,440,11,0
115,440,440,12,1
115,440,440,13,1
115,440,440,14,0
115,440,440,15,0
115,440,440,16,0
115,440,440,0,2
115,441,441,1,441
115,441,441,2,173
115,441,441,3,30
115,441,441,4,248
115,441,441,5,0
115,441,441,6,0
115,441,441,7,0
115,441,441,8,248
115,441,441,9,0
115,441,441,10,0
115,441,441,11,0
115,441,441,12,0
115,441,441,13,0
115,441,441,14,0
115,441,441,15,2
115,441,441,16,0
115,441,441,0,1
115,442,442,1,442
115,442,442,2,100
115,442,442,3,22
115,442,442,4,225
115,442,442,5,2
115,442,442,6,0
115,442,442,7,0
115,442,442,8,139
115,442,442,9,0
115,442,442,10,0
115,442,442,11,0
115,442,442,12,0
115,442,442,13,0
115,442,442,14,0
115,442,442,15,0
115,442,442,16,1
115,442,442,0,2
115,443,443,1,443
115,443,443,2,211
115,443,443,3,18
115,443,443,4,215
115,443,443,5,1
115,443,443,6,0
115,443,443,7,1
115,443,443,8,270
115,443,443,9,1
115,443,443,10,1
115,443,443,11,0
115,443,443,12,1
115,443,443,13,0
115,443,443,14,0
115,443,443,15,0
115,443,443,16,0
115,443,443,0,1
115,444,444,1,444
115,444,444,2,261
115,444,444,3,38
115,444,444,4,209
115,444,444,5,1
115,444,444,6,0
115,444,444,7,1
115,444,444,8,349
115,444,444,9,0
115,444,444,10,0
115,444,444,11,0
115,444,444,12,0
115,444,444,13,1
115,444,444,14,0
115,444,444,15,1
115,444,444,16,0
115,444,444,0,2
115,445,445,1,445
115,445,445,2,134
115,445,445,3,15
115,445,445,4,146
115,445,445,5,2
115,445,445,6,0
115,445,445,7,0
115,445,445,8,249
115,445,445,9,0
115,445,445,10,0
115,445,445,11,0
115,445,445,12,0
115,445,445,13,0
115,445,445,14,2
115,445,445,15,1
115,445,445,16,1
115,445,445,0,1
115,446,446,1,446
115,446,446,2,187
115,446,446,3,19
115,446,446,4,322
115,446,446,5,2
115,446,446,6,0
115,446,446,7,0
115,446,446,8,131
115,446,446,9,1
115,446,446,10,0
115,446,446,11,1
115,446,446,12,0
115,446,446,13,0
115,446,446,14,1
115,446,446,15,0
115,446,446,16,0
115,446,446,0,7
115,447,447,1,447
115,447,447,2,210
115,447,447,3,25
115,447,447,4,170
115,447,447,5,0
115,447,447,6,0
115,447,447,7,1
115,447,447,8,165
115,447,447,9,0
115,447,447,10,1
115,447,447,11,2
115,447,447,12,0
115,447,447,13,1
115,447,447,14,2
115,447,447,15,1
115,447,447,16,0
115,447,447,0,2
115,448,448,1,448
115,448,448,2,166
115,448,448,3,15
115,448,448,4,242
115,448,448,5,2
115,448,448,6,0
115,448,448,7,0
115,448,448,8,126
115,448,448,9,0
115,448,448,10,0
115,448,448,11,0
115,448,448,12,0
115,448,448,13,0
115,448,448,14,0
115,448,448,15,1
115,448,448,16,0
115,448,448,0,2
115,449,449,1,449
115,449,449,2,103
115,449,449,3,15
115,449,449,4,255
115,449,449,5,2
115,449,449,6,0
115,449,449,7,1
115,449,449,8,134
115,449,449,9,2
115,449,449,10,0
115,449,449,11,1
115,449,449,12,0
115,449,449,13,0
115,449,449,14,0
115,449,449,15,0
115,449,449,16,0
115,449,449,0,1
115,450,450,1,450
115,450,450,2,146
115,450,450,3,21
115,450,450,4,278
115,450,450,5,1
115,450,450,6,1
115,450,450,7,2
115,450,450,8,177
115,450,450,9,0
115,450,450,10,1
115,450,450,11,0
115,450,450,12,0
115,450,450,13,1
115,450,450,14,3
115,450,450,15,2
115,450,450,16,0
115,450,450,0,0
115,451,451,1,451
115,451,451,2,182
115,451,451,3,35
115,451,451,4,248
115,451,451,5,2
115,451,451,6,1
115,451,451,7,1
115,451,451,8,166
115,451,451,9,0
115,451,451,10,2
115,451,451,11,2
115,451,451,12,0
115,451,451,13,0
115,451,451,14,0
115,451,451,15,0
115,451,451,16,0
115,451,451,0,6
115,452,452,1,452
115,452,452,2,247
115,452,452,3,32
115,452,452,4,265
115,452,452,5,3
115,452,452,6,0
115,452,452,7,0
115,452,452,8,228
115,452,452,9,3
115,452,452,10,0
115,452,452,11,0
115,452,452,12,0
115,452,452,13,0
115,452,452,14,0
115,452,452,15,1
115,452,452,16,1
115,452,452,0,4
115,453,453,1,453
115,453,453,2,79
115,453,453,3,17
115,453,453,4,156
115,453,453,5,0
115,453,453,6,0
115,453,453,7,1
115,453,453,8,83
115,453,453,9,0
115,453,453,10,0
115,453,453,11,1
115,453,453,12,0
115,453,453,13,0
115,453,453,14,0
115,453,453,15,0
115,453,453,16,0
115,453,453,0,0
115,454,454,1,454
115,454,454,2,178
115,454,454,3,41
115,454,454,4,113
115,454,454,5,2
115,454,454,6,1
115,454,454,7,1
115,454,454,8,247
115,454,454,9,1
115,454,454,10,0
115,454,454,11,1
115,454,454,12,0
115,454,454,13,0
115,454,454,14,0
115,454,454,15,4
115,454,454,16,2
115,454,454,0,6
115,455,455,1,455
115,455,455,2,100
115,455,455,3,18
115,455,455,4,117
115,455,455,5,2
115,455,455,6,0
115,455,455,7,2
115,455,455,8,282
115,455,455,9,0
115,455,455,10,1
115,455,455,11,1
115,455,455,12,0
115,455,455,13,0
115,455,455,14,0
115,455,455,15,0
115,455,455,16,0
115,455,455,0,2
115,456,456,1,456
115,456,456,2,80
115,456,456,3,25
115,456,456,4,224
115,456,456,5,6
115,456,456,6,0
115,456,456,7,3
115,456,456,8,242
115,456,456,9,2
115,456,456,10,2
115,456,456,11,2
115,456,456,12,0
115,456,456,13,0
115,456,456,14,0
115,456,456,15,3
115,456,456,16,0
115,456,456,0,3
115,457,457,1,457
115,457,457,2,125
115,457,457,3,36
115,457,457,4,341
115,457,457,5,1
115,457,457,6,1
115,457,457,7,0
115,457,457,8,338
115,457,457,9,3
115,457,457,10,0
115,457,457,11,1
115,457,457,12,0
115,457,457,13,1
115,457,457,14,0
115,457,457,15,4
115,457,457,16,1
115,457,457,0,5
115,458,458,1,458
115,458,458,2,287
115,458,458,3,55
115,458,458,4,283
115,458,458,5,5
115,458,458,6,0
115,458,458,7,2
115,458,458,8,342
115,458,458,9,1
115,458,458,10,0
115,458,458,11,0
115,458,458,12,0
115,458,458,13,0
115,458,458,14,0
115,458,458,15,3
115,458,458,16,1
115,458,458,0,4
115,459,459,1,459
115,459,459,2,184
115,459,459,3,19
115,459,459,4,312
115,459,459,5,3
115,459,459,6,0
115,459,459,7,0
115,459,459,8,177
115,459,459,9,2
115,459,459,10,3
115,459,459,11,1
115,459,459,12,0
115,459,459,13,0
115,459,459,14,1
115,459,459,15,2
115,459,459,16,2
115,459,459,0,7
115,459,459,1,0
115,459,459,2,0
115,459,459,3,0
115,459,459,4,0
115,459,459,5,0
115,459,459,6,0
115,459,459,7,0
115,459,459,8,0
115,459,459,9,0
115,459,459,10,0
115,459,459,11,0
115,459,459,12,0
115,459,459,13,0
115,459,459,14,0
115,459,459,15,0
115,459,459,16,0
115,459,459,0,0
115,460,460,1,460
115,460,460,2,173
115,460,460,3,21
115,460,460,4,131
115,460,460,5,2
115,460,460,6,0
115,460,460,7,2
115,460,460,8,142
115,460,460,9,1
115,460,460,10,0
115,460,460,11,0
115,460,460,12,0
115,460,460,13,0
115,460,460,14,0
115,460,460,15,1
115,460,460,16,1
115,460,460,0,8
115,460,460,1,0
115,460,460,2,0
115,460,460,3,0
115,460,460,4,0
115,460,460,5,0
115,460,460,6,0
115,460,460,7,0
115,460,460,8,0
115,460,460,9,0
115,460,460,10,0
115,460,460,11,0
115,460,460,12,0
115,460,460,13,0
115,460,460,14,0
115,460,460,15,0
115,460,460,16,0
115,460,460,0,0
115,461,461,1,461
115,461,461,2,191
115,461,461,3,25
115,461,461,4,175
115,461,461,5,3
115,461,461,6,0
115,461,461,7,1
115,461,461,8,193
115,461,461,9,1
115,461,461,10,3
115,461,461,11,0
115,461,461,12,0
115,461,461,13,0
115,461,461,14,1
115,461,461,15,0
115,461,461,16,1
115,461,461,0,6
115,462,462,1,462
115,462,462,2,119
115,462,462,3,17
115,462,462,4,278
115,462,462,5,2
115,462,462,6,0
115,462,462,7,1
115,462,462,8,78
115,462,462,9,0
115,462,462,10,1
115,462,462,11,0
115,462,462,12,1
115,462,462,13,0
115,462,462,14,1
115,462,462,15,1
115,462,462,16,1
115,462,462,0,7
115,463,463,1,463
115,463,463,2,101
115,463,463,3,28
115,463,463,4,234
115,463,463,5,1
115,463,463,6,0
115,463,463,7,0
115,463,463,8,156
115,463,463,9,0
115,463,463,10,0
115,463,463,11,1
115,463,463,12,0
115,463,463,13,0
115,463,463,14,0
115,463,463,15,1
115,463,463,16,0
115,463,463,0,4
115,464,464,1,464
115,464,464,2,73
115,464,464,3,28
115,464,464,4,235
115,464,464,5,0
115,464,464,6,1
115,464,464,7,0
115,464,464,8,193
115,464,464,9,0
115,464,464,10,0
115,464,464,11,0
115,464,464,12,0
115,464,464,13,1
115,464,464,14,0
115,464,464,15,1
115,464,464,16,0
115,464,464,0,0
115,465,465,1,465
115,465,465,2,109
115,465,465,3,28
115,465,465,4,337
115,465,465,5,1
115,465,465,6,0
115,465,465,7,0
115,465,465,8,250
115,465,465,9,0
115,465,465,10,0
115,465,465,11,0
115,465,465,12,0
115,465,465,13,0
115,465,465,14,0
115,465,465,15,0
115,465,465,16,0
115,465,465,0,2
115,466,466,1,466
115,466,466,2,103
115,466,466,3,22
115,466,466,4,241
115,466,466,5,1
115,466,466,6,0
115,466,466,7,0
115,466,466,8,154
115,466,466,9,0
115,466,466,10,1
115,466,466,11,3
115,466,466,12,0
115,466,466,13,0
115,466,466,14,0
115,466,466,15,2
115,466,466,16,0
115,466,466,0,1
115,467,467,1,467
115,467,467,2,136
115,467,467,3,21
115,467,467,4,367
115,467,467,5,2
115,467,467,6,0
115,467,467,7,0
115,467,467,8,191
115,467,467,9,1
115,467,467,10,1
115,467,467,11,0
115,467,467,12,1
115,467,467,13,0
115,467,467,14,1
115,467,467,15,2
115,467,467,16,2
115,467,467,0,1
115,468,468,1,468
115,468,468,2,207
115,468,468,3,16
115,468,468,4,248
115,468,468,5,3
115,468,468,6,1
115,468,468,7,0
115,468,468,8,188
115,468,468,9,2
115,468,468,10,0
115,468,468,11,0
115,468,468,12,1
115,468,468,13,0
115,468,468,14,0
115,468,468,15,2
115,468,468,16,2
115,468,468,0,4
115,469,469,1,469
115,469,469,2,192
115,469,469,3,24
115,469,469,4,385
115,469,469,5,1
115,469,469,6,0
115,469,469,7,1
115,469,469,8,145
115,469,469,9,2
115,469,469,10,1
115,469,469,11,1
115,469,469,12,1
115,469,469,13,1
115,469,469,14,0
115,469,469,15,1
115,469,469,16,0
115,469,469,0,7
115,470,470,1,470
115,470,470,2,198
115,470,470,3,20
115,470,470,4,282
115,470,470,5,0
115,470,470,6,0
115,470,470,7,1
115,470,470,8,218
115,470,470,9,0
115,470,470,10,2
115,470,470,11,0
115,470,470,12,0
115,470,470,13,0
115,470,470,14,0
115,470,470,15,1
115,470,470,16,0
115,470,470,0,1
115,471,471,1,471
115,471,471,2,129
115,471,471,3,12
115,471,471,4,218
115,471,471,5,1
115,471,471,6,0
115,471,471,7,0
115,471,471,8,128
115,471,471,9,0
115,471,471,10,1
115,471,471,11,0
115,471,471,12,0
115,471,471,13,0
115,471,471,14,0
115,471,471,15,1
115,471,471,16,0
115,471,471,0,1
115,472,472,1,472
115,472,472,2,185
115,472,472,3,28
115,472,472,4,264
115,472,472,5,2
115,472,472,6,0
115,472,472,7,0
115,472,472,8,202
115,472,472,9,0
115,472,472,10,0
115,472,472,11,1
115,472,472,12,0
115,472,472,13,1
115,472,472,14,0
115,472,472,15,3
115,472,472,16,1
115,472,472,0,2
115,473,473,1,473
115,473,473,2,130
115,473,473,3,12
115,473,473,4,222
115,473,473,5,4
115,473,473,6,2
115,473,473,7,0
115,473,473,8,63
115,473,473,9,0
115,473,473,10,0
115,473,473,11,2
115,473,473,12,0
115,473,473,13,1
115,473,473,14,0
115,473,473,15,2
115,473,473,16,0
115,473,473,0,4
115,474,474,1,474
115,474,474,2,193
115,474,474,3,12
115,474,474,4,338
115,474,474,5,3
115,474,474,6,0
115,474,474,7,1
115,474,474,8,123
115,474,474,9,2
115,474,474,10,0
115,474,474,11,1
115,474,474,12,0
115,474,474,13,2
115,474,474,14,2
115,474,474,15,0
115,474,474,16,0
115,474,474,0,6
115,475,475,1,475
115,475,475,2,185
115,475,475,3,29
115,475,475,4,195
115,475,475,5,1
115,475,475,6,0
115,475,475,7,2
115,475,475,8,182
115,475,475,9,3
115,475,475,10,2
115,475,475,11,0
115,475,475,12,0
115,475,475,13,0
115,475,475,14,0
115,475,475,15,2
115,475,475,16,0
115,475,475,0,2
115,476,476,1,476
115,476,476,2,140
115,476,476,3,19
115,476,476,4,126
115,476,476,5,3
115,476,476,6,0
115,476,476,7,1
115,476,476,8,176
115,476,476,9,0
115,476,476,10,1
115,476,476,11,0
115,476,476,12,0
115,476,476,13,0
115,476,476,14,0
115,476,476,15,1
115,476,476,16,0
115,476,476,0,2
115,477,477,1,477
115,477,477,2,220
115,477,477,3,26
115,477,477,4,227
115,477,477,5,4
115,477,477,6,1
115,477,477,7,3
115,477,477,8,231
115,477,477,9,1
115,477,477,10,1
115,477,477,11,0
115,477,477,12,1
115,477,477,13,2
115,477,477,14,0
115,477,477,15,2
115,477,477,16,1
115,477,477,0,5
115,478,478,1,478
115,478,478,2,116
115,478,478,3,18
115,478,478,4,255
115,478,478,5,4
115,478,478,6,0
115,478,478,7,0
115,478,478,8,101
115,478,478,9,0
115,478,478,10,0
115,478,478,11,0
115,478,478,12,0
115,478,478,13,2
115,478,478,14,0
115,478,478,15,1
115,478,478,16,1
115,478,478,0,4
115,479,479,1,479
115,479,479,2,108
115,479,479,3,19
115,479,479,4,181
115,479,479,5,6
115,479,479,6,0
115,479,479,7,0
115,479,479,8,136
115,479,479,9,2
115,479,479,10,2
115,479,479,11,1
115,479,479,12,1
115,479,479,13,0
115,479,479,14,2
115,479,479,15,5
115,479,479,16,1
115,479,479,0,4
115,480,480,1,480
115,480,480,2,166
115,480,480,3,21
115,480,480,4,270
115,480,480,5,4
115,480,480,6,0
115,480,480,7,0
115,480,480,8,167
115,480,480,9,0
115,480,480,10,0
115,480,480,11,0
115,480,480,12,0
115,480,480,13,0
115,480,480,14,2
115,480,480,15,2
115,480,480,16,2
115,480,480,0,4
115,481,481,1,0
115,481,481,2,77804
115,481,481,3,13038
115,481,481,4,82761
115,481,481,5,574
115,481,481,6,180
115,481,481,7,326
115,481,481,8,120703
115,481,481,9,344
115,481,481,10,284
115,481,481,11,274
115,481,481,12,79
115,481,481,13,162
115,481,481,14,123
115,481,481,15,407
115,481,481,16,362
115,481,481,0,1402
115,482,482,1,0
115,482,482,2,78625
115,482,482,3,13141
115,482,482,4,83400
115,482,482,5,578
115,482,482,6,184
115,482,482,7,327
115,482,482,8,121297
115,482,482,9,346
115,482,482,10,285
115,482,482,11,274
115,482,482,12,83
115,482,482,13,163
115,482,482,14,123
115,482,482,15,407
115,482,482,16,364
115,482,482,0,1417
