ac_code,ps_serial_number,ps_code,candidate_serial_number,candidate_votes
120,0,0,1,0
120,0,0,2,0
120,0,0,3,0
120,0,0,4,453
120,0,0,5,557
120,0,0,6,45
120,0,0,7,3
120,0,0,8,277
120,0,0,9,5
120,0,0,10,1
120,0,0,11,2
120,0,0,12,1
120,0,0,13,1
120,0,0,14,4
120,0,0,15,1
120,0,0,16,2
120,0,0,17,1
120,0,0,18,1
120,0,0,19,1
120,0,0,20,1
120,0,0,21,1
120,0,0,22,2
120,0,0,23,1
120,0,0,24,0
120,0,0,25,0
120,0,0,26,0
120,0,0,27,0
120,0,0,28,0
120,0,0,29,0
120,0,0,30,0
120,0,0,31,0
120,0,0,0,0
120,1,1,1,0
120,1,1,2,0
120,1,1,3,0
120,1,1,4,0
120,1,1,5,0
120,1,1,6,0
120,1,1,7,0
120,1,1,8,0
120,1,1,9,0
120,1,1,10,0
120,1,1,11,0
120,1,1,12,0
120,1,1,13,0
120,1,1,14,0
120,1,1,15,0
120,1,1,16,0
120,1,1,17,0
120,1,1,18,0
120,1,1,19,0
120,1,1,20,0
120,1,1,21,0
120,1,1,22,0
120,1,1,23,0
120,1,1,24,0
120,1,1,25,0
120,1,1,26,0
120,1,1,27,0
120,1,1,28,0
120,1,1,29,0
120,1,1,30,0
120,1,1,31,0
120,1,1,0,0
120,1,1,1,65
120,1,1,2,199
120,1,1,3,27
120,1,1,4,2
120,1,1,5,223
120,1,1,6,1
120,1,1,7,0
120,1,1,8,0
120,1,1,9,0
120,1,1,10,0
120,1,1,11,1
120,1,1,12,0
120,1,1,13,0
120,1,1,14,0
120,1,1,15,0
120,1,1,16,0
120,1,1,17,0
120,1,1,18,0
120,1,1,19,0
120,1,1,20,0
120,1,1,21,0
120,1,1,22,0
120,1,1,23,0
120,1,1,24,0
120,1,1,25,0
120,1,1,26,1
120,1,1,27,0
120,1,1,28,0
120,1,1,29,0
120,1,1,30,0
120,1,1,31,0
120,1,1,0,0
120,2,2,1,52
120,2,2,2,190
120,2,2,3,28
120,2,2,4,0
120,2,2,5,224
120,2,2,6,1
120,2,2,7,0
120,2,2,8,0
120,2,2,9,0
120,2,2,10,0
120,2,2,11,0
120,2,2,12,0
120,2,2,13,0
120,2,2,14,1
120,2,2,15,0
120,2,2,16,0
120,2,2,17,0
120,2,2,18,1
120,2,2,19,1
120,2,2,20,0
120,2,2,21,0
120,2,2,22,0
120,2,2,23,0
120,2,2,24,0
120,2,2,25,0
120,2,2,26,0
120,2,2,27,0
120,2,2,28,0
120,2,2,29,0
120,2,2,30,0
120,2,2,31,0
120,2,2,0,2
120,3,3,1,96
120,3,3,2,313
120,3,3,3,37
120,3,3,4,0
120,3,3,5,266
120,3,3,6,0
120,3,3,7,0
120,3,3,8,1
120,3,3,9,0
120,3,3,10,0
120,3,3,11,0
120,3,3,12,1
120,3,3,13,0
120,3,3,14,2
120,3,3,15,2
120,3,3,16,0
120,3,3,17,1
120,3,3,18,0
120,3,3,19,0
120,3,3,20,0
120,3,3,21,0
120,3,3,22,2
120,3,3,23,0
120,3,3,24,0
120,3,3,25,0
120,3,3,26,1
120,3,3,27,0
120,3,3,28,0
120,3,3,29,0
120,3,3,30,0
120,3,3,31,0
120,3,3,0,4
120,4,4,1,74
120,4,4,2,263
120,4,4,3,25
120,4,4,4,4
120,4,4,5,190
120,4,4,6,0
120,4,4,7,1
120,4,4,8,0
120,4,4,9,0
120,4,4,10,0
120,4,4,11,0
120,4,4,12,0
120,4,4,13,0
120,4,4,14,0
120,4,4,15,0
120,4,4,16,0
120,4,4,17,0
120,4,4,18,1
120,4,4,19,0
120,4,4,20,0
120,4,4,21,0
120,4,4,22,0
120,4,4,23,0
120,4,4,24,0
120,4,4,25,0
120,4,4,26,0
120,4,4,27,0
120,4,4,28,0
120,4,4,29,0
120,4,4,30,0
120,4,4,31,0
120,4,4,0,4
120,5,5,1,57
120,5,5,2,181
120,5,5,3,8
120,5,5,4,0
120,5,5,5,94
120,5,5,6,0
120,5,5,7,0
120,5,5,8,0
120,5,5,9,0
120,5,5,10,0
120,5,5,11,0
120,5,5,12,0
120,5,5,13,0
120,5,5,14,3
120,5,5,15,0
120,5,5,16,0
120,5,5,17,1
120,5,5,18,0
120,5,5,19,1
120,5,5,20,0
120,5,5,21,0
120,5,5,22,0
120,5,5,23,0
120,5,5,24,0
120,5,5,25,0
120,5,5,26,0
120,5,5,27,0
120,5,5,28,0
120,5,5,29,0
120,5,5,30,0
120,5,5,31,0
120,5,5,0,2
120,6,6,1,25
120,6,6,2,172
120,6,6,3,16
120,6,6,4,0
120,6,6,5,199
120,6,6,6,2
120,6,6,7,0
120,6,6,8,0
120,6,6,9,0
120,6,6,10,0
120,6,6,11,0
120,6,6,12,0
120,6,6,13,0
120,6,6,14,1
120,6,6,15,0
120,6,6,16,0
120,6,6,17,0
120,6,6,18,0
120,6,6,19,0
120,6,6,20,0
120,6,6,21,0
120,6,6,22,0
120,6,6,23,0
120,6,6,24,0
120,6,6,25,0
120,6,6,26,0
120,6,6,27,0
120,6,6,28,0
120,6,6,29,0
120,6,6,30,0
120,6,6,31,0
120,6,6,0,2
120,7,7,1,46
120,7,7,2,257
120,7,7,3,25
120,7,7,4,2
120,7,7,5,224
120,7,7,6,1
120,7,7,7,0
120,7,7,8,0
120,7,7,9,0
120,7,7,10,0
120,7,7,11,0
120,7,7,12,0
120,7,7,13,0
120,7,7,14,2
120,7,7,15,0
120,7,7,16,1
120,7,7,17,2
120,7,7,18,1
120,7,7,19,0
120,7,7,20,0
120,7,7,21,0
120,7,7,22,0
120,7,7,23,1
120,7,7,24,0
120,7,7,25,0
120,7,7,26,0
120,7,7,27,0
120,7,7,28,0
120,7,7,29,0
120,7,7,30,0
120,7,7,31,0
120,7,7,0,6
120,8,8,1,94
120,8,8,2,254
120,8,8,3,27
120,8,8,4,1
120,8,8,5,209
120,8,8,6,1
120,8,8,7,0
120,8,8,8,0
120,8,8,9,1
120,8,8,10,0
120,8,8,11,0
120,8,8,12,0
120,8,8,13,0
120,8,8,14,0
120,8,8,15,0
120,8,8,16,0
120,8,8,17,1
120,8,8,18,2
120,8,8,19,0
120,8,8,20,0
120,8,8,21,0
120,8,8,22,0
120,8,8,23,0
120,8,8,24,0
120,8,8,25,0
120,8,8,26,0
120,8,8,27,0
120,8,8,28,0
120,8,8,29,0
120,8,8,30,0
120,8,8,31,0
120,8,8,0,1
120,9,9,1,80
120,9,9,2,320
120,9,9,3,31
120,9,9,4,1
120,9,9,5,255
120,9,9,6,2
120,9,9,7,0
120,9,9,8,1
120,9,9,9,3
120,9,9,10,0
120,9,9,11,0
120,9,9,12,0
120,9,9,13,1
120,9,9,14,1
120,9,9,15,2
120,9,9,16,2
120,9,9,17,0
120,9,9,18,0
120,9,9,19,0
120,9,9,20,1
120,9,9,21,0
120,9,9,22,1
120,9,9,23,0
120,9,9,24,1
120,9,9,25,0
120,9,9,26,0
120,9,9,27,0
120,9,9,28,0
120,9,9,29,1
120,9,9,30,0
120,9,9,31,0
120,9,9,0,0
120,10,10,1,40
120,10,10,2,305
120,10,10,3,36
120,10,10,4,1
120,10,10,5,263
120,10,10,6,1
120,10,10,7,0
120,10,10,8,0
120,10,10,9,0
120,10,10,10,0
120,10,10,11,0
120,10,10,12,0
120,10,10,13,0
120,10,10,14,0
120,10,10,15,0
120,10,10,16,0
120,10,10,17,2
120,10,10,18,1
120,10,10,19,0
120,10,10,20,1
120,10,10,21,2
120,10,10,22,0
120,10,10,23,0
120,10,10,24,0
120,10,10,25,1
120,10,10,26,0
120,10,10,27,0
120,10,10,28,0
120,10,10,29,0
120,10,10,30,0
120,10,10,31,0
120,10,10,0,2
120,11,11,1,96
120,11,11,2,255
120,11,11,3,29
120,11,11,4,9
120,11,11,5,295
120,11,11,6,0
120,11,11,7,0
120,11,11,8,0
120,11,11,9,3
120,11,11,10,0
120,11,11,11,0
120,11,11,12,0
120,11,11,13,0
120,11,11,14,3
120,11,11,15,1
120,11,11,16,3
120,11,11,17,0
120,11,11,18,1
120,11,11,19,1
120,11,11,20,0
120,11,11,21,0
120,11,11,22,1
120,11,11,23,1
120,11,11,24,0
120,11,11,25,0
120,11,11,26,0
120,11,11,27,0
120,11,11,28,0
120,11,11,29,0
120,11,11,30,0
120,11,11,31,1
120,11,11,0,2
120,12,12,1,91
120,12,12,2,211
120,12,12,3,40
120,12,12,4,0
120,12,12,5,206
120,12,12,6,1
120,12,12,7,0
120,12,12,8,0
120,12,12,9,0
120,12,12,10,0
120,12,12,11,0
120,12,12,12,0
120,12,12,13,0
120,12,12,14,1
120,12,12,15,0
120,12,12,16,1
120,12,12,17,0
120,12,12,18,0
120,12,12,19,0
120,12,12,20,0
120,12,12,21,1
120,12,12,22,1
120,12,12,23,0
120,12,12,24,0
120,12,12,25,0
120,12,12,26,1
120,12,12,27,0
120,12,12,28,0
120,12,12,29,0
120,12,12,30,0
120,12,12,31,0
120,12,12,0,1
120,13,13,1,66
120,13,13,2,271
120,13,13,3,24
120,13,13,4,3
120,13,13,5,256
120,13,13,6,1
120,13,13,7,0
120,13,13,8,0
120,13,13,9,0
120,13,13,10,0
120,13,13,11,0
120,13,13,12,0
120,13,13,13,0
120,13,13,14,0
120,13,13,15,1
120,13,13,16,2
120,13,13,17,1
120,13,13,18,1
120,13,13,19,0
120,13,13,20,0
120,13,13,21,0
120,13,13,22,0
120,13,13,23,1
120,13,13,24,0
120,13,13,25,1
120,13,13,26,0
120,13,13,27,0
120,13,13,28,0
120,13,13,29,0
120,13,13,30,0
120,13,13,31,1
120,13,13,0,2
120,14,14,1,54
120,14,14,2,290
120,14,14,3,19
120,14,14,4,0
120,14,14,5,301
120,14,14,6,0
120,14,14,7,1
120,14,14,8,0
120,14,14,9,1
120,14,14,10,0
120,14,14,11,0
120,14,14,12,0
120,14,14,13,0
120,14,14,14,1
120,14,14,15,0
120,14,14,16,1
120,14,14,17,0
120,14,14,18,1
120,14,14,19,0
120,14,14,20,0
120,14,14,21,0
120,14,14,22,0
120,14,14,23,0
120,14,14,24,0
120,14,14,25,0
120,14,14,26,0
120,14,14,27,0
120,14,14,28,0
120,14,14,29,0
120,14,14,30,0
120,14,14,31,0
120,14,14,0,0
120,15,15,1,72
120,15,15,2,291
120,15,15,3,29
120,15,15,4,0
120,15,15,5,243
120,15,15,6,0
120,15,15,7,0
120,15,15,8,1
120,15,15,9,0
120,15,15,10,0
120,15,15,11,0
120,15,15,12,0
120,15,15,13,0
120,15,15,14,0
120,15,15,15,0
120,15,15,16,1
120,15,15,17,0
120,15,15,18,0
120,15,15,19,1
120,15,15,20,0
120,15,15,21,1
120,15,15,22,0
120,15,15,23,0
120,15,15,24,0
120,15,15,25,0
120,15,15,26,0
120,15,15,27,0
120,15,15,28,0
120,15,15,29,0
120,15,15,30,0
120,15,15,31,0
120,15,15,0,3
120,16,16,1,40
120,16,16,2,284
120,16,16,3,12
120,16,16,4,1
120,16,16,5,189
120,16,16,6,0
120,16,16,7,0
120,16,16,8,0
120,16,16,9,1
120,16,16,10,0
120,16,16,11,1
120,16,16,12,0
120,16,16,13,1
120,16,16,14,2
120,16,16,15,2
120,16,16,16,0
120,16,16,17,0
120,16,16,18,2
120,16,16,19,0
120,16,16,20,1
120,16,16,21,0
120,16,16,22,0
120,16,16,23,0
120,16,16,24,0
120,16,16,25,0
120,16,16,26,1
120,16,16,27,0
120,16,16,28,0
120,16,16,29,1
120,16,16,30,0
120,16,16,31,0
120,16,16,0,1
120,17,17,1,50
120,17,17,2,357
120,17,17,3,19
120,17,17,4,1
120,17,17,5,231
120,17,17,6,0
120,17,17,7,0
120,17,17,8,0
120,17,17,9,0
120,17,17,10,0
120,17,17,11,0
120,17,17,12,0
120,17,17,13,0
120,17,17,14,0
120,17,17,15,1
120,17,17,16,0
120,17,17,17,1
120,17,17,18,0
120,17,17,19,0
120,17,17,20,0
120,17,17,21,0
120,17,17,22,0
120,17,17,23,0
120,17,17,24,0
120,17,17,25,0
120,17,17,26,0
120,17,17,27,1
120,17,17,28,0
120,17,17,29,0
120,17,17,30,1
120,17,17,31,0
120,17,17,0,2
120,18,18,1,67
120,18,18,2,279
120,18,18,3,23
120,18,18,4,0
120,18,18,5,159
120,18,18,6,0
120,18,18,7,0
120,18,18,8,0
120,18,18,9,0
120,18,18,10,0
120,18,18,11,0
120,18,18,12,1
120,18,18,13,1
120,18,18,14,2
120,18,18,15,0
120,18,18,16,0
120,18,18,17,0
120,18,18,18,1
120,18,18,19,0
120,18,18,20,0
120,18,18,21,0
120,18,18,22,0
120,18,18,23,0
120,18,18,24,0
120,18,18,25,0
120,18,18,26,0
120,18,18,27,0
120,18,18,28,0
120,18,18,29,0
120,18,18,30,0
120,18,18,31,0
120,18,18,0,1
120,19,19,1,75
120,19,19,2,255
120,19,19,3,23
120,19,19,4,2
120,19,19,5,215
120,19,19,6,0
120,19,19,7,0
120,19,19,8,0
120,19,19,9,0
120,19,19,10,0
120,19,19,11,0
120,19,19,12,1
120,19,19,13,0
120,19,19,14,1
120,19,19,15,0
120,19,19,16,0
120,19,19,17,0
120,19,19,18,1
120,19,19,19,0
120,19,19,20,0
120,19,19,21,0
120,19,19,22,0
120,19,19,23,0
120,19,19,24,0
120,19,19,25,0
120,19,19,26,0
120,19,19,27,0
120,19,19,28,0
120,19,19,29,0
120,19,19,30,0
120,19,19,31,0
120,19,19,0,0
120,20,20,1,47
120,20,20,2,326
120,20,20,3,32
120,20,20,4,2
120,20,20,5,243
120,20,20,6,2
120,20,20,7,0
120,20,20,8,0
120,20,20,9,0
120,20,20,10,0
120,20,20,11,0
120,20,20,12,0
120,20,20,13,0
120,20,20,14,2
120,20,20,15,0
120,20,20,16,1
120,20,20,17,0
120,20,20,18,0
120,20,20,19,1
120,20,20,20,1
120,20,20,21,0
120,20,20,22,0
120,20,20,23,0
120,20,20,24,0
120,20,20,25,0
120,20,20,26,0
120,20,20,27,0
120,20,20,28,0
120,20,20,29,0
120,20,20,30,0
120,20,20,31,0
120,20,20,0,0
120,21,21,1,54
120,21,21,2,272
120,21,21,3,33
120,21,21,4,0
120,21,21,5,232
120,21,21,6,0
120,21,21,7,0
120,21,21,8,0
120,21,21,9,0
120,21,21,10,0
120,21,21,11,0
120,21,21,12,0
120,21,21,13,0
120,21,21,14,1
120,21,21,15,1
120,21,21,16,1
120,21,21,17,0
120,21,21,18,0
120,21,21,19,0
120,21,21,20,0
120,21,21,21,1
120,21,21,22,0
120,21,21,23,0
120,21,21,24,0
120,21,21,25,0
120,21,21,26,0
120,21,21,27,0
120,21,21,28,0
120,21,21,29,0
120,21,21,30,0
120,21,21,31,0
120,21,21,0,1
120,22,22,1,106
120,22,22,2,252
120,22,22,3,21
120,22,22,4,0
120,22,22,5,164
120,22,22,6,2
120,22,22,7,0
120,22,22,8,0
120,22,22,9,0
120,22,22,10,0
120,22,22,11,0
120,22,22,12,0
120,22,22,13,1
120,22,22,14,1
120,22,22,15,0
120,22,22,16,0
120,22,22,17,0
120,22,22,18,0
120,22,22,19,0
120,22,22,20,0
120,22,22,21,0
120,22,22,22,0
120,22,22,23,0
120,22,22,24,0
120,22,22,25,0
120,22,22,26,0
120,22,22,27,0
120,22,22,28,0
120,22,22,29,2
120,22,22,30,2
120,22,22,31,0
120,22,22,0,5
120,23,23,1,75
120,23,23,2,242
120,23,23,3,7
120,23,23,4,1
120,23,23,5,317
120,23,23,6,0
120,23,23,7,0
120,23,23,8,0
120,23,23,9,0
120,23,23,10,0
120,23,23,11,0
120,23,23,12,0
120,23,23,13,0
120,23,23,14,0
120,23,23,15,0
120,23,23,16,0
120,23,23,17,1
120,23,23,18,3
120,23,23,19,0
120,23,23,20,0
120,23,23,21,5
120,23,23,22,0
120,23,23,23,0
120,23,23,24,0
120,23,23,25,0
120,23,23,26,0
120,23,23,27,0
120,23,23,28,0
120,23,23,29,1
120,23,23,30,0
120,23,23,31,0
120,23,23,0,2
120,24,24,1,100
120,24,24,2,301
120,24,24,3,31
120,24,24,4,0
120,24,24,5,307
120,24,24,6,1
120,24,24,7,0
120,24,24,8,0
120,24,24,9,1
120,24,24,10,1
120,24,24,11,0
120,24,24,12,0
120,24,24,13,0
120,24,24,14,1
120,24,24,15,0
120,24,24,16,0
120,24,24,17,0
120,24,24,18,0
120,24,24,19,0
120,24,24,20,0
120,24,24,21,0
120,24,24,22,0
120,24,24,23,0
120,24,24,24,0
120,24,24,25,0
120,24,24,26,0
120,24,24,27,0
120,24,24,28,0
120,24,24,29,1
120,24,24,30,1
120,24,24,31,0
120,24,24,0,2
120,25,25,1,54
120,25,25,2,244
120,25,25,3,25
120,25,25,4,4
120,25,25,5,249
120,25,25,6,1
120,25,25,7,0
120,25,25,8,0
120,25,25,9,0
120,25,25,10,0
120,25,25,11,0
120,25,25,12,0
120,25,25,13,0
120,25,25,14,2
120,25,25,15,0
120,25,25,16,0
120,25,25,17,0
120,25,25,18,0
120,25,25,19,0
120,25,25,20,0
120,25,25,21,1
120,25,25,22,0
120,25,25,23,0
120,25,25,24,0
120,25,25,25,0
120,25,25,26,1
120,25,25,27,0
120,25,25,28,0
120,25,25,29,0
120,25,25,30,1
120,25,25,31,1
120,25,25,0,0
120,26,26,1,73
120,26,26,2,304
120,26,26,3,34
120,26,26,4,1
120,26,26,5,305
120,26,26,6,1
120,26,26,7,0
120,26,26,8,0
120,26,26,9,0
120,26,26,10,0
120,26,26,11,0
120,26,26,12,0
120,26,26,13,0
120,26,26,14,0
120,26,26,15,1
120,26,26,16,0
120,26,26,17,1
120,26,26,18,0
120,26,26,19,0
120,26,26,20,0
120,26,26,21,1
120,26,26,22,0
120,26,26,23,0
120,26,26,24,0
120,26,26,25,0
120,26,26,26,0
120,26,26,27,0
120,26,26,28,2
120,26,26,29,0
120,26,26,30,0
120,26,26,31,0
120,26,26,0,0
120,27,27,1,69
120,27,27,2,199
120,27,27,3,42
120,27,27,4,1
120,27,27,5,249
120,27,27,6,1
120,27,27,7,0
120,27,27,8,0
120,27,27,9,0
120,27,27,10,0
120,27,27,11,0
120,27,27,12,0
120,27,27,13,0
120,27,27,14,0
120,27,27,15,0
120,27,27,16,0
120,27,27,17,0
120,27,27,18,2
120,27,27,19,0
120,27,27,20,0
120,27,27,21,3
120,27,27,22,1
120,27,27,23,0
120,27,27,24,1
120,27,27,25,0
120,27,27,26,0
120,27,27,27,0
120,27,27,28,0
120,27,27,29,0
120,27,27,30,0
120,27,27,31,0
120,27,27,0,5
120,28,28,1,65
120,28,28,2,132
120,28,28,3,13
120,28,28,4,0
120,28,28,5,180
120,28,28,6,0
120,28,28,7,0
120,28,28,8,0
120,28,28,9,1
120,28,28,10,0
120,28,28,11,0
120,28,28,12,0
120,28,28,13,0
120,28,28,14,0
120,28,28,15,0
120,28,28,16,1
120,28,28,17,0
120,28,28,18,1
120,28,28,19,0
120,28,28,20,0
120,28,28,21,1
120,28,28,22,1
120,28,28,23,0
120,28,28,24,0
120,28,28,25,0
120,28,28,26,0
120,28,28,27,0
120,28,28,28,0
120,28,28,29,1
120,28,28,30,0
120,28,28,31,0
120,28,28,0,1
120,29,29,1,60
120,29,29,2,229
120,29,29,3,36
120,29,29,4,0
120,29,29,5,235
120,29,29,6,0
120,29,29,7,0
120,29,29,8,0
120,29,29,9,2
120,29,29,10,0
120,29,29,11,0
120,29,29,12,0
120,29,29,13,1
120,29,29,14,0
120,29,29,15,1
120,29,29,16,2
120,29,29,17,0
120,29,29,18,1
120,29,29,19,1
120,29,29,20,0
120,29,29,21,0
120,29,29,22,0
120,29,29,23,0
120,29,29,24,0
120,29,29,25,1
120,29,29,26,1
120,29,29,27,0
120,29,29,28,3
120,29,29,29,0
120,29,29,30,0
120,29,29,31,0
120,29,29,0,2
120,30,30,1,115
120,30,30,2,164
120,30,30,3,26
120,30,30,4,1
120,30,30,5,207
120,30,30,6,0
120,30,30,7,0
120,30,30,8,0
120,30,30,9,0
120,30,30,10,0
120,30,30,11,0
120,30,30,12,0
120,30,30,13,0
120,30,30,14,0
120,30,30,15,0
120,30,30,16,0
120,30,30,17,0
120,30,30,18,1
120,30,30,19,0
120,30,30,20,0
120,30,30,21,0
120,30,30,22,1
120,30,30,23,0
120,30,30,24,0
120,30,30,25,0
120,30,30,26,0
120,30,30,27,0
120,30,30,28,0
120,30,30,29,0
120,30,30,30,0
120,30,30,31,0
120,30,30,0,3
120,31,31,1,46
120,31,31,2,169
120,31,31,3,14
120,31,31,4,1
120,31,31,5,135
120,31,31,6,0
120,31,31,7,0
120,31,31,8,0
120,31,31,9,0
120,31,31,10,1
120,31,31,11,0
120,31,31,12,0
120,31,31,13,0
120,31,31,14,1
120,31,31,15,0
120,31,31,16,0
120,31,31,17,0
120,31,31,18,0
120,31,31,19,0
120,31,31,20,0
120,31,31,21,0
120,31,31,22,0
120,31,31,23,1
120,31,31,24,0
120,31,31,25,0
120,31,31,26,0
120,31,31,27,0
120,31,31,28,0
120,31,31,29,1
120,31,31,30,0
120,31,31,31,0
120,31,31,0,3
120,32,32,1,70
120,32,32,2,243
120,32,32,3,26
120,32,32,4,0
120,32,32,5,354
120,32,32,6,1
120,32,32,7,0
120,32,32,8,0
120,32,32,9,1
120,32,32,10,0
120,32,32,11,0
120,32,32,12,1
120,32,32,13,1
120,32,32,14,0
120,32,32,15,2
120,32,32,16,1
120,32,32,17,0
120,32,32,18,0
120,32,32,19,1
120,32,32,20,0
120,32,32,21,2
120,32,32,22,0
120,32,32,23,0
120,32,32,24,0
120,32,32,25,1
120,32,32,26,0
120,32,32,27,0
120,32,32,28,1
120,32,32,29,0
120,32,32,30,1
120,32,32,31,0
120,32,32,0,1
120,33,33,1,56
120,33,33,2,288
120,33,33,3,10
120,33,33,4,0
120,33,33,5,316
120,33,33,6,1
120,33,33,7,0
120,33,33,8,0
120,33,33,9,0
120,33,33,10,0
120,33,33,11,0
120,33,33,12,0
120,33,33,13,0
120,33,33,14,0
120,33,33,15,0
120,33,33,16,0
120,33,33,17,2
120,33,33,18,1
120,33,33,19,0
120,33,33,20,1
120,33,33,21,1
120,33,33,22,0
120,33,33,23,0
120,33,33,24,0
120,33,33,25,0
120,33,33,26,0
120,33,33,27,0
120,33,33,28,0
120,33,33,29,0
120,33,33,30,0
120,33,33,31,0
120,33,33,0,2
120,34,34,1,58
120,34,34,2,230
120,34,34,3,24
120,34,34,4,0
120,34,34,5,294
120,34,34,6,0
120,34,34,7,1
120,34,34,8,0
120,34,34,9,0
120,34,34,10,0
120,34,34,11,0
120,34,34,12,0
120,34,34,13,0
120,34,34,14,1
120,34,34,15,0
120,34,34,16,1
120,34,34,17,1
120,34,34,18,3
120,34,34,19,1
120,34,34,20,0
120,34,34,21,1
120,34,34,22,0
120,34,34,23,0
120,34,34,24,0
120,34,34,25,0
120,34,34,26,0
120,34,34,27,0
120,34,34,28,0
120,34,34,29,0
120,34,34,30,0
120,34,34,31,0
120,34,34,0,2
120,35,35,1,28
120,35,35,2,233
120,35,35,3,31
120,35,35,4,0
120,35,35,5,181
120,35,35,6,0
120,35,35,7,0
120,35,35,8,0
120,35,35,9,0
120,35,35,10,0
120,35,35,11,0
120,35,35,12,0
120,35,35,13,0
120,35,35,14,0
120,35,35,15,0
120,35,35,16,0
120,35,35,17,0
120,35,35,18,0
120,35,35,19,0
120,35,35,20,0
120,35,35,21,1
120,35,35,22,0
120,35,35,23,0
120,35,35,24,0
120,35,35,25,0
120,35,35,26,0
120,35,35,27,0
120,35,35,28,0
120,35,35,29,0
120,35,35,30,1
120,35,35,31,0
120,35,35,0,2
120,36,36,1,57
120,36,36,2,165
120,36,36,3,25
120,36,36,4,0
120,36,36,5,184
120,36,36,6,1
120,36,36,7,0
120,36,36,8,0
120,36,36,9,0
120,36,36,10,0
120,36,36,11,0
120,36,36,12,0
120,36,36,13,0
120,36,36,14,0
120,36,36,15,1
120,36,36,16,0
120,36,36,17,0
120,36,36,18,0
120,36,36,19,0
120,36,36,20,0
120,36,36,21,0
120,36,36,22,0
120,36,36,23,0
120,36,36,24,0
120,36,36,25,0
120,36,36,26,0
120,36,36,27,0
120,36,36,28,1
120,36,36,29,0
120,36,36,30,0
120,36,36,31,0
120,36,36,0,2
120,37,37,1,83
120,37,37,2,176
120,37,37,3,32
120,37,37,4,1
120,37,37,5,245
120,37,37,6,0
120,37,37,7,0
120,37,37,8,0
120,37,37,9,1
120,37,37,10,0
120,37,37,11,0
120,37,37,12,0
120,37,37,13,0
120,37,37,14,0
120,37,37,15,0
120,37,37,16,0
120,37,37,17,0
120,37,37,18,0
120,37,37,19,0
120,37,37,20,0
120,37,37,21,0
120,37,37,22,0
120,37,37,23,0
120,37,37,24,0
120,37,37,25,0
120,37,37,26,1
120,37,37,27,0
120,37,37,28,0
120,37,37,29,2
120,37,37,30,0
120,37,37,31,0
120,37,37,0,4
120,38,38,1,101
120,38,38,2,119
120,38,38,3,16
120,38,38,4,0
120,38,38,5,202
120,38,38,6,0
120,38,38,7,0
120,38,38,8,0
120,38,38,9,1
120,38,38,10,0
120,38,38,11,0
120,38,38,12,0
120,38,38,13,0
120,38,38,14,0
120,38,38,15,1
120,38,38,16,0
120,38,38,17,0
120,38,38,18,0
120,38,38,19,0
120,38,38,20,0
120,38,38,21,0
120,38,38,22,0
120,38,38,23,0
120,38,38,24,0
120,38,38,25,0
120,38,38,26,0
120,38,38,27,0
120,38,38,28,0
120,38,38,29,0
120,38,38,30,0
120,38,38,31,0
120,38,38,0,2
120,39,39,1,103
120,39,39,2,151
120,39,39,3,19
120,39,39,4,0
120,39,39,5,202
120,39,39,6,1
120,39,39,7,0
120,39,39,8,0
120,39,39,9,0
120,39,39,10,0
120,39,39,11,0
120,39,39,12,0
120,39,39,13,1
120,39,39,14,0
120,39,39,15,0
120,39,39,16,2
120,39,39,17,2
120,39,39,18,1
120,39,39,19,0
120,39,39,20,0
120,39,39,21,0
120,39,39,22,0
120,39,39,23,1
120,39,39,24,0
120,39,39,25,0
120,39,39,26,0
120,39,39,27,0
120,39,39,28,1
120,39,39,29,0
120,39,39,30,0
120,39,39,31,0
120,39,39,0,1
120,40,40,1,59
120,40,40,2,206
120,40,40,3,23
120,40,40,4,1
120,40,40,5,265
120,40,40,6,0
120,40,40,7,0
120,40,40,8,0
120,40,40,9,0
120,40,40,10,0
120,40,40,11,0
120,40,40,12,0
120,40,40,13,0
120,40,40,14,1
120,40,40,15,0
120,40,40,16,0
120,40,40,17,0
120,40,40,18,0
120,40,40,19,0
120,40,40,20,0
120,40,40,21,1
120,40,40,22,0
120,40,40,23,0
120,40,40,24,0
120,40,40,25,0
120,40,40,26,0
120,40,40,27,2
120,40,40,28,0
120,40,40,29,0
120,40,40,30,0
120,40,40,31,1
120,40,40,0,1
120,41,41,1,78
120,41,41,2,202
120,41,41,3,9
120,41,41,4,0
120,41,41,5,227
120,41,41,6,2
120,41,41,7,0
120,41,41,8,1
120,41,41,9,0
120,41,41,10,0
120,41,41,11,0
120,41,41,12,0
120,41,41,13,0
120,41,41,14,2
120,41,41,15,0
120,41,41,16,0
120,41,41,17,2
120,41,41,18,2
120,41,41,19,0
120,41,41,20,1
120,41,41,21,2
120,41,41,22,0
120,41,41,23,0
120,41,41,24,0
120,41,41,25,0
120,41,41,26,0
120,41,41,27,0
120,41,41,28,0
120,41,41,29,1
120,41,41,30,0
120,41,41,31,0
120,41,41,0,2
120,42,42,1,113
120,42,42,2,219
120,42,42,3,33
120,42,42,4,0
120,42,42,5,230
120,42,42,6,1
120,42,42,7,0
120,42,42,8,0
120,42,42,9,0
120,42,42,10,1
120,42,42,11,0
120,42,42,12,0
120,42,42,13,0
120,42,42,14,0
120,42,42,15,0
120,42,42,16,0
120,42,42,17,3
120,42,42,18,1
120,42,42,19,0
120,42,42,20,0
120,42,42,21,1
120,42,42,22,0
120,42,42,23,0
120,42,42,24,1
120,42,42,25,0
120,42,42,26,0
120,42,42,27,0
120,42,42,28,0
120,42,42,29,0
120,42,42,30,0
120,42,42,31,0
120,42,42,0,3
120,43,43,1,76
120,43,43,2,289
120,43,43,3,30
120,43,43,4,5
120,43,43,5,192
120,43,43,6,0
120,43,43,7,1
120,43,43,8,0
120,43,43,9,0
120,43,43,10,1
120,43,43,11,0
120,43,43,12,0
120,43,43,13,0
120,43,43,14,0
120,43,43,15,1
120,43,43,16,0
120,43,43,17,0
120,43,43,18,1
120,43,43,19,0
120,43,43,20,0
120,43,43,21,2
120,43,43,22,2
120,43,43,23,0
120,43,43,24,0
120,43,43,25,0
120,43,43,26,0
120,43,43,27,0
120,43,43,28,1
120,43,43,29,0
120,43,43,30,0
120,43,43,31,2
120,43,43,0,2
120,44,44,1,105
120,44,44,2,259
120,44,44,3,15
120,44,44,4,0
120,44,44,5,204
120,44,44,6,1
120,44,44,7,0
120,44,44,8,0
120,44,44,9,0
120,44,44,10,0
120,44,44,11,0
120,44,44,12,0
120,44,44,13,0
120,44,44,14,0
120,44,44,15,0
120,44,44,16,1
120,44,44,17,0
120,44,44,18,1
120,44,44,19,0
120,44,44,20,0
120,44,44,21,0
120,44,44,22,0
120,44,44,23,0
120,44,44,24,0
120,44,44,25,0
120,44,44,26,0
120,44,44,27,0
120,44,44,28,0
120,44,44,29,0
120,44,44,30,0
120,44,44,31,0
120,44,44,0,4
120,45,45,1,86
120,45,45,2,171
120,45,45,3,18
120,45,45,4,1
120,45,45,5,261
120,45,45,6,1
120,45,45,7,0
120,45,45,8,0
120,45,45,9,0
120,45,45,10,0
120,45,45,11,0
120,45,45,12,1
120,45,45,13,0
120,45,45,14,4
120,45,45,15,0
120,45,45,16,1
120,45,45,17,1
120,45,45,18,0
120,45,45,19,0
120,45,45,20,1
120,45,45,21,0
120,45,45,22,1
120,45,45,23,0
120,45,45,24,0
120,45,45,25,0
120,45,45,26,0
120,45,45,27,0
120,45,45,28,0
120,45,45,29,1
120,45,45,30,0
120,45,45,31,0
120,45,45,0,2
120,46,46,1,114
120,46,46,2,200
120,46,46,3,21
120,46,46,4,0
120,46,46,5,287
120,46,46,6,2
120,46,46,7,0
120,46,46,8,1
120,46,46,9,1
120,46,46,10,0
120,46,46,11,0
120,46,46,12,0
120,46,46,13,0
120,46,46,14,1
120,46,46,15,0
120,46,46,16,1
120,46,46,17,1
120,46,46,18,0
120,46,46,19,0
120,46,46,20,0
120,46,46,21,0
120,46,46,22,0
120,46,46,23,0
120,46,46,24,0
120,46,46,25,1
120,46,46,26,0
120,46,46,27,0
120,46,46,28,0
120,46,46,29,0
120,46,46,30,0
120,46,46,31,0
120,46,46,0,2
120,47,47,1,158
120,47,47,2,214
120,47,47,3,31
120,47,47,4,0
120,47,47,5,191
120,47,47,6,0
120,47,47,7,0
120,47,47,8,0
120,47,47,9,0
120,47,47,10,0
120,47,47,11,0
120,47,47,12,0
120,47,47,13,0
120,47,47,14,0
120,47,47,15,0
120,47,47,16,1
120,47,47,17,0
120,47,47,18,0
120,47,47,19,0
120,47,47,20,0
120,47,47,21,1
120,47,47,22,0
120,47,47,23,0
120,47,47,24,0
120,47,47,25,0
120,47,47,26,0
120,47,47,27,0
120,47,47,28,0
120,47,47,29,0
120,47,47,30,0
120,47,47,31,0
120,47,47,0,4
120,48,48,1,156
120,48,48,2,250
120,48,48,3,27
120,48,48,4,0
120,48,48,5,253
120,48,48,6,0
120,48,48,7,0
120,48,48,8,0
120,48,48,9,0
120,48,48,10,0
120,48,48,11,0
120,48,48,12,0
120,48,48,13,0
120,48,48,14,0
120,48,48,15,0
120,48,48,16,0
120,48,48,17,0
120,48,48,18,0
120,48,48,19,0
120,48,48,20,0
120,48,48,21,0
120,48,48,22,0
120,48,48,23,0
120,48,48,24,0
120,48,48,25,0
120,48,48,26,0
120,48,48,27,2
120,48,48,28,0
120,48,48,29,0
120,48,48,30,0
120,48,48,31,0
120,48,48,0,5
120,49,49,1,122
120,49,49,2,201
120,49,49,3,19
120,49,49,4,0
120,49,49,5,172
120,49,49,6,1
120,49,49,7,0
120,49,49,8,0
120,49,49,9,0
120,49,49,10,0
120,49,49,11,0
120,49,49,12,0
120,49,49,13,0
120,49,49,14,0
120,49,49,15,1
120,49,49,16,0
120,49,49,17,2
120,49,49,18,1
120,49,49,19,0
120,49,49,20,0
120,49,49,21,0
120,49,49,22,0
120,49,49,23,0
120,49,49,24,0
120,49,49,25,0
120,49,49,26,0
120,49,49,27,0
120,49,49,28,1
120,49,49,29,0
120,49,49,30,0
120,49,49,31,0
120,49,49,0,1
120,50,50,1,119
120,50,50,2,216
120,50,50,3,31
120,50,50,4,0
120,50,50,5,194
120,50,50,6,1
120,50,50,7,0
120,50,50,8,0
120,50,50,9,2
120,50,50,10,0
120,50,50,11,0
120,50,50,12,0
120,50,50,13,0
120,50,50,14,0
120,50,50,15,0
120,50,50,16,0
120,50,50,17,2
120,50,50,18,0
120,50,50,19,0
120,50,50,20,0
120,50,50,21,0
120,50,50,22,0
120,50,50,23,0
120,50,50,24,0
120,50,50,25,0
120,50,50,26,1
120,50,50,27,0
120,50,50,28,0
120,50,50,29,0
120,50,50,30,0
120,50,50,31,0
120,50,50,0,4
120,51,51,1,202
120,51,51,2,142
120,51,51,3,22
120,51,51,4,0
120,51,51,5,131
120,51,51,6,0
120,51,51,7,0
120,51,51,8,0
120,51,51,9,0
120,51,51,10,0
120,51,51,11,0
120,51,51,12,1
120,51,51,13,0
120,51,51,14,0
120,51,51,15,0
120,51,51,16,0
120,51,51,17,0
120,51,51,18,0
120,51,51,19,1
120,51,51,20,0
120,51,51,21,0
120,51,51,22,1
120,51,51,23,1
120,51,51,24,0
120,51,51,25,0
120,51,51,26,0
120,51,51,27,0
120,51,51,28,0
120,51,51,29,0
120,51,51,30,0
120,51,51,31,0
120,51,51,0,8
120,52,52,1,133
120,52,52,2,151
120,52,52,3,10
120,52,52,4,0
120,52,52,5,202
120,52,52,6,1
120,52,52,7,0
120,52,52,8,1
120,52,52,9,0
120,52,52,10,0
120,52,52,11,0
120,52,52,12,2
120,52,52,13,1
120,52,52,14,0
120,52,52,15,0
120,52,52,16,0
120,52,52,17,0
120,52,52,18,0
120,52,52,19,0
120,52,52,20,0
120,52,52,21,0
120,52,52,22,0
120,52,52,23,0
120,52,52,24,0
120,52,52,25,0
120,52,52,26,0
120,52,52,27,0
120,52,52,28,1
120,52,52,29,1
120,52,52,30,0
120,52,52,31,1
120,52,52,0,1
120,53,53,1,107
120,53,53,2,186
120,53,53,3,29
120,53,53,4,0
120,53,53,5,195
120,53,53,6,0
120,53,53,7,0
120,53,53,8,0
120,53,53,9,1
120,53,53,10,1
120,53,53,11,0
120,53,53,12,0
120,53,53,13,0
120,53,53,14,1
120,53,53,15,1
120,53,53,16,0
120,53,53,17,2
120,53,53,18,2
120,53,53,19,0
120,53,53,20,0
120,53,53,21,0
120,53,53,22,0
120,53,53,23,0
120,53,53,24,0
120,53,53,25,0
120,53,53,26,0
120,53,53,27,0
120,53,53,28,0
120,53,53,29,0
120,53,53,30,0
120,53,53,31,2
120,53,53,0,4
120,54,54,1,113
120,54,54,2,184
120,54,54,3,26
120,54,54,4,1
120,54,54,5,195
120,54,54,6,0
120,54,54,7,1
120,54,54,8,0
120,54,54,9,0
120,54,54,10,0
120,54,54,11,0
120,54,54,12,0
120,54,54,13,0
120,54,54,14,0
120,54,54,15,0
120,54,54,16,0
120,54,54,17,0
120,54,54,18,1
120,54,54,19,0
120,54,54,20,0
120,54,54,21,0
120,54,54,22,0
120,54,54,23,1
120,54,54,24,0
120,54,54,25,0
120,54,54,26,0
120,54,54,27,0
120,54,54,28,0
120,54,54,29,0
120,54,54,30,0
120,54,54,31,0
120,54,54,0,4
120,55,55,1,81
120,55,55,2,171
120,55,55,3,24
120,55,55,4,0
120,55,55,5,172
120,55,55,6,0
120,55,55,7,0
120,55,55,8,0
120,55,55,9,0
120,55,55,10,0
120,55,55,11,1
120,55,55,12,1
120,55,55,13,0
120,55,55,14,0
120,55,55,15,0
120,55,55,16,0
120,55,55,17,1
120,55,55,18,1
120,55,55,19,0
120,55,55,20,0
120,55,55,21,0
120,55,55,22,0
120,55,55,23,0
120,55,55,24,0
120,55,55,25,0
120,55,55,26,0
120,55,55,27,1
120,55,55,28,0
120,55,55,29,0
120,55,55,30,0
120,55,55,31,0
120,55,55,0,5
120,56,56,1,127
120,56,56,2,241
120,56,56,3,19
120,56,56,4,0
120,56,56,5,257
120,56,56,6,0
120,56,56,7,0
120,56,56,8,0
120,56,56,9,0
120,56,56,10,0
120,56,56,11,2
120,56,56,12,0
120,56,56,13,0
120,56,56,14,0
120,56,56,15,0
120,56,56,16,2
120,56,56,17,1
120,56,56,18,0
120,56,56,19,0
120,56,56,20,0
120,56,56,21,0
120,56,56,22,1
120,56,56,23,0
120,56,56,24,0
120,56,56,25,0
120,56,56,26,0
120,56,56,27,0
120,56,56,28,0
120,56,56,29,0
120,56,56,30,0
120,56,56,31,0
120,56,56,0,1
120,57,57,1,125
120,57,57,2,257
120,57,57,3,18
120,57,57,4,0
120,57,57,5,315
120,57,57,6,0
120,57,57,7,0
120,57,57,8,0
120,57,57,9,0
120,57,57,10,0
120,57,57,11,0
120,57,57,12,0
120,57,57,13,0
120,57,57,14,0
120,57,57,15,0
120,57,57,16,0
120,57,57,17,2
120,57,57,18,3
120,57,57,19,1
120,57,57,20,0
120,57,57,21,3
120,57,57,22,1
120,57,57,23,0
120,57,57,24,0
120,57,57,25,1
120,57,57,26,1
120,57,57,27,2
120,57,57,28,0
120,57,57,29,0
120,57,57,30,0
120,57,57,31,0
120,57,57,0,2
120,58,58,1,82
120,58,58,2,276
120,58,58,3,30
120,58,58,4,1
120,58,58,5,265
120,58,58,6,0
120,58,58,7,1
120,58,58,8,1
120,58,58,9,0
120,58,58,10,0
120,58,58,11,0
120,58,58,12,0
120,58,58,13,1
120,58,58,14,0
120,58,58,15,0
120,58,58,16,0
120,58,58,17,1
120,58,58,18,2
120,58,58,19,2
120,58,58,20,0
120,58,58,21,0
120,58,58,22,0
120,58,58,23,1
120,58,58,24,0
120,58,58,25,0
120,58,58,26,0
120,58,58,27,0
120,58,58,28,0
120,58,58,29,0
120,58,58,30,1
120,58,58,31,0
120,58,58,0,4
120,59,59,1,51
120,59,59,2,280
120,59,59,3,21
120,59,59,4,1
120,59,59,5,228
120,59,59,6,0
120,59,59,7,0
120,59,59,8,0
120,59,59,9,0
120,59,59,10,0
120,59,59,11,0
120,59,59,12,0
120,59,59,13,0
120,59,59,14,2
120,59,59,15,0
120,59,59,16,0
120,59,59,17,0
120,59,59,18,1
120,59,59,19,0
120,59,59,20,1
120,59,59,21,0
120,59,59,22,2
120,59,59,23,0
120,59,59,24,0
120,59,59,25,1
120,59,59,26,1
120,59,59,27,1
120,59,59,28,0
120,59,59,29,0
120,59,59,30,0
120,59,59,31,0
120,59,59,0,2
120,60,60,1,86
120,60,60,2,226
120,60,60,3,16
120,60,60,4,0
120,60,60,5,212
120,60,60,6,0
120,60,60,7,0
120,60,60,8,0
120,60,60,9,0
120,60,60,10,1
120,60,60,11,0
120,60,60,12,0
120,60,60,13,1
120,60,60,14,1
120,60,60,15,0
120,60,60,16,0
120,60,60,17,2
120,60,60,18,1
120,60,60,19,0
120,60,60,20,0
120,60,60,21,0
120,60,60,22,0
120,60,60,23,0
120,60,60,24,0
120,60,60,25,0
120,60,60,26,0
120,60,60,27,0
120,60,60,28,0
120,60,60,29,0
120,60,60,30,0
120,60,60,31,0
120,60,60,0,2
120,61,61,1,124
120,61,61,2,220
120,61,61,3,31
120,61,61,4,0
120,61,61,5,253
120,61,61,6,0
120,61,61,7,0
120,61,61,8,0
120,61,61,9,0
120,61,61,10,0
120,61,61,11,1
120,61,61,12,0
120,61,61,13,0
120,61,61,14,0
120,61,61,15,0
120,61,61,16,0
120,61,61,17,1
120,61,61,18,1
120,61,61,19,0
120,61,61,20,0
120,61,61,21,0
120,61,61,22,0
120,61,61,23,0
120,61,61,24,0
120,61,61,25,0
120,61,61,26,0
120,61,61,27,0
120,61,61,28,0
120,61,61,29,0
120,61,61,30,0
120,61,61,31,0
120,61,61,0,2
120,62,62,1,114
120,62,62,2,246
120,62,62,3,28
120,62,62,4,0
120,62,62,5,281
120,62,62,6,0
120,62,62,7,0
120,62,62,8,0
120,62,62,9,0
120,62,62,10,0
120,62,62,11,0
120,62,62,12,0
120,62,62,13,0
120,62,62,14,1
120,62,62,15,0
120,62,62,16,0
120,62,62,17,0
120,62,62,18,0
120,62,62,19,0
120,62,62,20,0
120,62,62,21,0
120,62,62,22,0
120,62,62,23,0
120,62,62,24,0
120,62,62,25,0
120,62,62,26,0
120,62,62,27,0
120,62,62,28,0
120,62,62,29,0
120,62,62,30,0
120,62,62,31,0
120,62,62,0,2
120,63,63,1,96
120,63,63,2,194
120,63,63,3,28
120,63,63,4,3
120,63,63,5,253
120,63,63,6,1
120,63,63,7,0
120,63,63,8,0
120,63,63,9,0
120,63,63,10,0
120,63,63,11,1
120,63,63,12,0
120,63,63,13,0
120,63,63,14,0
120,63,63,15,1
120,63,63,16,2
120,63,63,17,1
120,63,63,18,2
120,63,63,19,0
120,63,63,20,0
120,63,63,21,0
120,63,63,22,0
120,63,63,23,0
120,63,63,24,0
120,63,63,25,0
120,63,63,26,0
120,63,63,27,0
120,63,63,28,2
120,63,63,29,0
120,63,63,30,0
120,63,63,31,0
120,63,63,0,1
120,64,64,1,82
120,64,64,2,199
120,64,64,3,35
120,64,64,4,1
120,64,64,5,214
120,64,64,6,0
120,64,64,7,0
120,64,64,8,1
120,64,64,9,0
120,64,64,10,0
120,64,64,11,0
120,64,64,12,0
120,64,64,13,0
120,64,64,14,2
120,64,64,15,0
120,64,64,16,0
120,64,64,17,1
120,64,64,18,1
120,64,64,19,0
120,64,64,20,0
120,64,64,21,0
120,64,64,22,0
120,64,64,23,0
120,64,64,24,0
120,64,64,25,0
120,64,64,26,0
120,64,64,27,0
120,64,64,28,0
120,64,64,29,0
120,64,64,30,0
120,64,64,31,0
120,64,64,0,2
120,65,65,1,181
120,65,65,2,243
120,65,65,3,24
120,65,65,4,1
120,65,65,5,254
120,65,65,6,2
120,65,65,7,1
120,65,65,8,0
120,65,65,9,0
120,65,65,10,0
120,65,65,11,0
120,65,65,12,0
120,65,65,13,0
120,65,65,14,1
120,65,65,15,0
120,65,65,16,1
120,65,65,17,1
120,65,65,18,0
120,65,65,19,0
120,65,65,20,0
120,65,65,21,0
120,65,65,22,0
120,65,65,23,0
120,65,65,24,0
120,65,65,25,0
120,65,65,26,0
120,65,65,27,0
120,65,65,28,0
120,65,65,29,0
120,65,65,30,0
120,65,65,31,1
120,65,65,0,2
120,66,66,1,98
120,66,66,2,250
120,66,66,3,31
120,66,66,4,1
120,66,66,5,247
120,66,66,6,3
120,66,66,7,0
120,66,66,8,0
120,66,66,9,0
120,66,66,10,0
120,66,66,11,0
120,66,66,12,1
120,66,66,13,1
120,66,66,14,2
120,66,66,15,0
120,66,66,16,0
120,66,66,17,0
120,66,66,18,0
120,66,66,19,0
120,66,66,20,0
120,66,66,21,0
120,66,66,22,0
120,66,66,23,0
120,66,66,24,0
120,66,66,25,1
120,66,66,26,0
120,66,66,27,0
120,66,66,28,0
120,66,66,29,0
120,66,66,30,0
120,66,66,31,0
120,66,66,0,6
120,67,67,1,160
120,67,67,2,104
120,67,67,3,17
120,67,67,4,0
120,67,67,5,84
120,67,67,6,0
120,67,67,7,0
120,67,67,8,0
120,67,67,9,0
120,67,67,10,0
120,67,67,11,0
120,67,67,12,0
120,67,67,13,0
120,67,67,14,0
120,67,67,15,0
120,67,67,16,1
120,67,67,17,0
120,67,67,18,0
120,67,67,19,0
120,67,67,20,0
120,67,67,21,0
120,67,67,22,0
120,67,67,23,0
120,67,67,24,0
120,67,67,25,0
120,67,67,26,0
120,67,67,27,0
120,67,67,28,0
120,67,67,29,0
120,67,67,30,0
120,67,67,31,0
120,67,67,0,9
120,68,68,1,77
120,68,68,2,272
120,68,68,3,21
120,68,68,4,0
120,68,68,5,245
120,68,68,6,2
120,68,68,7,0
120,68,68,8,0
120,68,68,9,0
120,68,68,10,0
120,68,68,11,0
120,68,68,12,1
120,68,68,13,0
120,68,68,14,1
120,68,68,15,0
120,68,68,16,1
120,68,68,17,1
120,68,68,18,0
120,68,68,19,0
120,68,68,20,0
120,68,68,21,0
120,68,68,22,0
120,68,68,23,0
120,68,68,24,0
120,68,68,25,0
120,68,68,26,0
120,68,68,27,0
120,68,68,28,0
120,68,68,29,0
120,68,68,30,1
120,68,68,31,0
120,68,68,0,3
120,69,69,1,80
120,69,69,2,125
120,69,69,3,8
120,69,69,4,1
120,69,69,5,145
120,69,69,6,0
120,69,69,7,0
120,69,69,8,0
120,69,69,9,0
120,69,69,10,0
120,69,69,11,0
120,69,69,12,0
120,69,69,13,1
120,69,69,14,0
120,69,69,15,0
120,69,69,16,0
120,69,69,17,0
120,69,69,18,0
120,69,69,19,0
120,69,69,20,0
120,69,69,21,0
120,69,69,22,0
120,69,69,23,0
120,69,69,24,0
120,69,69,25,0
120,69,69,26,0
120,69,69,27,0
120,69,69,28,0
120,69,69,29,0
120,69,69,30,0
120,69,69,31,0
120,69,69,0,1
120,70,70,1,117
120,70,70,2,123
120,70,70,3,10
120,70,70,4,0
120,70,70,5,109
120,70,70,6,0
120,70,70,7,0
120,70,70,8,0
120,70,70,9,0
120,70,70,10,0
120,70,70,11,0
120,70,70,12,0
120,70,70,13,0
120,70,70,14,0
120,70,70,15,0
120,70,70,16,0
120,70,70,17,0
120,70,70,18,0
120,70,70,19,0
120,70,70,20,0
120,70,70,21,0
120,70,70,22,0
120,70,70,23,0
120,70,70,24,0
120,70,70,25,1
120,70,70,26,0
120,70,70,27,1
120,70,70,28,0
120,70,70,29,0
120,70,70,30,0
120,70,70,31,0
120,70,70,0,5
120,71,71,1,62
120,71,71,2,357
120,71,71,3,20
120,71,71,4,0
120,71,71,5,240
120,71,71,6,0
120,71,71,7,1
120,71,71,8,0
120,71,71,9,0
120,71,71,10,0
120,71,71,11,0
120,71,71,12,0
120,71,71,13,0
120,71,71,14,0
120,71,71,15,1
120,71,71,16,1
120,71,71,17,1
120,71,71,18,2
120,71,71,19,0
120,71,71,20,1
120,71,71,21,1
120,71,71,22,1
120,71,71,23,0
120,71,71,24,0
120,71,71,25,0
120,71,71,26,0
120,71,71,27,1
120,71,71,28,1
120,71,71,29,0
120,71,71,30,1
120,71,71,31,0
120,71,71,0,3
120,72,72,1,63
120,72,72,2,157
120,72,72,3,10
120,72,72,4,0
120,72,72,5,135
120,72,72,6,0
120,72,72,7,0
120,72,72,8,0
120,72,72,9,0
120,72,72,10,0
120,72,72,11,0
120,72,72,12,0
120,72,72,13,0
120,72,72,14,0
120,72,72,15,0
120,72,72,16,0
120,72,72,17,0
120,72,72,18,0
120,72,72,19,0
120,72,72,20,0
120,72,72,21,1
120,72,72,22,0
120,72,72,23,0
120,72,72,24,0
120,72,72,25,0
120,72,72,26,0
120,72,72,27,1
120,72,72,28,0
120,72,72,29,0
120,72,72,30,0
120,72,72,31,0
120,72,72,0,2
120,73,73,1,275
120,73,73,2,142
120,73,73,3,10
120,73,73,4,1
120,73,73,5,143
120,73,73,6,0
120,73,73,7,0
120,73,73,8,0
120,73,73,9,0
120,73,73,10,0
120,73,73,11,0
120,73,73,12,0
120,73,73,13,0
120,73,73,14,0
120,73,73,15,0
120,73,73,16,0
120,73,73,17,0
120,73,73,18,0
120,73,73,19,0
120,73,73,20,0
120,73,73,21,0
120,73,73,22,0
120,73,73,23,0
120,73,73,24,0
120,73,73,25,0
120,73,73,26,0
120,73,73,27,0
120,73,73,28,0
120,73,73,29,1
120,73,73,30,0
120,73,73,31,0
120,73,73,0,6
120,74,74,1,133
120,74,74,2,98
120,74,74,3,11
120,74,74,4,1
120,74,74,5,87
120,74,74,6,0
120,74,74,7,0
120,74,74,8,0
120,74,74,9,0
120,74,74,10,0
120,74,74,11,0
120,74,74,12,0
120,74,74,13,0
120,74,74,14,0
120,74,74,15,0
120,74,74,16,1
120,74,74,17,1
120,74,74,18,0
120,74,74,19,0
120,74,74,20,0
120,74,74,21,0
120,74,74,22,0
120,74,74,23,0
120,74,74,24,0
120,74,74,25,0
120,74,74,26,0
120,74,74,27,1
120,74,74,28,0
120,74,74,29,0
120,74,74,30,0
120,74,74,31,0
120,74,74,0,5
120,75,75,1,71
120,75,75,2,131
120,75,75,3,13
120,75,75,4,0
120,75,75,5,106
120,75,75,6,0
120,75,75,7,0
120,75,75,8,0
120,75,75,9,0
120,75,75,10,0
120,75,75,11,0
120,75,75,12,0
120,75,75,13,0
120,75,75,14,0
120,75,75,15,0
120,75,75,16,0
120,75,75,17,0
120,75,75,18,0
120,75,75,19,0
120,75,75,20,0
120,75,75,21,0
120,75,75,22,0
120,75,75,23,0
120,75,75,24,0
120,75,75,25,0
120,75,75,26,0
120,75,75,27,0
120,75,75,28,0
120,75,75,29,0
120,75,75,30,0
120,75,75,31,0
120,75,75,0,7
120,76,76,1,142
120,76,76,2,177
120,76,76,3,23
120,76,76,4,1
120,76,76,5,108
120,76,76,6,0
120,76,76,7,0
120,76,76,8,1
120,76,76,9,0
120,76,76,10,0
120,76,76,11,0
120,76,76,12,0
120,76,76,13,0
120,76,76,14,0
120,76,76,15,0
120,76,76,16,0
120,76,76,17,0
120,76,76,18,0
120,76,76,19,0
120,76,76,20,0
120,76,76,21,0
120,76,76,22,0
120,76,76,23,0
120,76,76,24,0
120,76,76,25,0
120,76,76,26,0
120,76,76,27,0
120,76,76,28,0
120,76,76,29,1
120,76,76,30,0
120,76,76,31,0
120,76,76,0,4
120,77,77,1,102
120,77,77,2,257
120,77,77,3,11
120,77,77,4,0
120,77,77,5,152
120,77,77,6,2
120,77,77,7,0
120,77,77,8,0
120,77,77,9,0
120,77,77,10,0
120,77,77,11,1
120,77,77,12,0
120,77,77,13,0
120,77,77,14,4
120,77,77,15,0
120,77,77,16,0
120,77,77,17,0
120,77,77,18,0
120,77,77,19,0
120,77,77,20,0
120,77,77,21,0
120,77,77,22,0
120,77,77,23,0
120,77,77,24,0
120,77,77,25,0
120,77,77,26,0
120,77,77,27,0
120,77,77,28,0
120,77,77,29,0
120,77,77,30,0
120,77,77,31,0
120,77,77,0,0
120,78,78,1,24
120,78,78,2,114
120,78,78,3,5
120,78,78,4,0
120,78,78,5,87
120,78,78,6,0
120,78,78,7,0
120,78,78,8,1
120,78,78,9,0
120,78,78,10,0
120,78,78,11,0
120,78,78,12,0
120,78,78,13,0
120,78,78,14,0
120,78,78,15,0
120,78,78,16,0
120,78,78,17,0
120,78,78,18,1
120,78,78,19,0
120,78,78,20,0
120,78,78,21,0
120,78,78,22,0
120,78,78,23,0
120,78,78,24,0
120,78,78,25,0
120,78,78,26,0
120,78,78,27,0
120,78,78,28,0
120,78,78,29,0
120,78,78,30,0
120,78,78,31,1
120,78,78,0,1
120,79,79,1,74
120,79,79,2,455
120,79,79,3,23
120,79,79,4,1
120,79,79,5,327
120,79,79,6,0
120,79,79,7,0
120,79,79,8,0
120,79,79,9,0
120,79,79,10,1
120,79,79,11,0
120,79,79,12,0
120,79,79,13,0
120,79,79,14,0
120,79,79,15,1
120,79,79,16,1
120,79,79,17,2
120,79,79,18,0
120,79,79,19,1
120,79,79,20,0
120,79,79,21,3
120,79,79,22,1
120,79,79,23,0
120,79,79,24,0
120,79,79,25,0
120,79,79,26,0
120,79,79,27,0
120,79,79,28,0
120,79,79,29,0
120,79,79,30,0
120,79,79,31,0
120,79,79,0,3
120,81,81,1,92
120,81,81,2,168
120,81,81,3,7
120,81,81,4,0
120,81,81,5,89
120,81,81,6,1
120,81,81,7,0
120,81,81,8,0
120,81,81,9,0
120,81,81,10,0
120,81,81,11,0
120,81,81,12,0
120,81,81,13,0
120,81,81,14,0
120,81,81,15,0
120,81,81,16,1
120,81,81,17,0
120,81,81,18,2
120,81,81,19,0
120,81,81,20,0
120,81,81,21,0
120,81,81,22,1
120,81,81,23,0
120,81,81,24,0
120,81,81,25,0
120,81,81,26,0
120,81,81,27,0
120,81,81,28,0
120,81,81,29,0
120,81,81,30,0
120,81,81,31,0
120,81,81,0,5
120,82,82,1,140
120,82,82,2,151
120,82,82,3,6
120,82,82,4,0
120,82,82,5,178
120,82,82,6,1
120,82,82,7,0
120,82,82,8,0
120,82,82,9,0
120,82,82,10,0
120,82,82,11,0
120,82,82,12,0
120,82,82,13,1
120,82,82,14,0
120,82,82,15,1
120,82,82,16,0
120,82,82,17,4
120,82,82,18,0
120,82,82,19,0
120,82,82,20,0
120,82,82,21,0
120,82,82,22,0
120,82,82,23,0
120,82,82,24,0
120,82,82,25,0
120,82,82,26,1
120,82,82,27,0
120,82,82,28,0
120,82,82,29,0
120,82,82,30,0
120,82,82,31,0
120,82,82,0,6
120,83,83,1,158
120,83,83,2,226
120,83,83,3,9
120,83,83,4,0
120,83,83,5,183
120,83,83,6,0
120,83,83,7,0
120,83,83,8,0
120,83,83,9,0
120,83,83,10,0
120,83,83,11,0
120,83,83,12,0
120,83,83,13,0
120,83,83,14,0
120,83,83,15,0
120,83,83,16,0
120,83,83,17,1
120,83,83,18,0
120,83,83,19,0
120,83,83,20,0
120,83,83,21,0
120,83,83,22,0
120,83,83,23,0
120,83,83,24,0
120,83,83,25,0
120,83,83,26,0
120,83,83,27,0
120,83,83,28,0
120,83,83,29,0
120,83,83,30,0
120,83,83,31,0
120,83,83,0,4
120,84,84,1,133
120,84,84,2,191
120,84,84,3,18
120,84,84,4,0
120,84,84,5,132
120,84,84,6,0
120,84,84,7,0
120,84,84,8,0
120,84,84,9,0
120,84,84,10,0
120,84,84,11,0
120,84,84,12,1
120,84,84,13,0
120,84,84,14,1
120,84,84,15,0
120,84,84,16,0
120,84,84,17,1
120,84,84,18,0
120,84,84,19,1
120,84,84,20,0
120,84,84,21,0
120,84,84,22,0
120,84,84,23,0
120,84,84,24,0
120,84,84,25,0
120,84,84,26,0
120,84,84,27,0
120,84,84,28,0
120,84,84,29,1
120,84,84,30,0
120,84,84,31,0
120,84,84,0,5
120,85,85,1,147
120,85,85,2,158
120,85,85,3,23
120,85,85,4,1
120,85,85,5,139
120,85,85,6,0
120,85,85,7,0
120,85,85,8,0
120,85,85,9,0
120,85,85,10,0
120,85,85,11,1
120,85,85,12,0
120,85,85,13,0
120,85,85,14,0
120,85,85,15,0
120,85,85,16,0
120,85,85,17,1
120,85,85,18,0
120,85,85,19,0
120,85,85,20,0
120,85,85,21,0
120,85,85,22,1
120,85,85,23,1
120,85,85,24,0
120,85,85,25,0
120,85,85,26,0
120,85,85,27,0
120,85,85,28,0
120,85,85,29,0
120,85,85,30,0
120,85,85,31,0
120,85,85,0,1
120,86,86,1,110
120,86,86,2,190
120,86,86,3,12
120,86,86,4,0
120,86,86,5,131
120,86,86,6,0
120,86,86,7,0
120,86,86,8,0
120,86,86,9,0
120,86,86,10,0
120,86,86,11,0
120,86,86,12,0
120,86,86,13,0
120,86,86,14,0
120,86,86,15,0
120,86,86,16,0
120,86,86,17,1
120,86,86,18,1
120,86,86,19,0
120,86,86,20,0
120,86,86,21,0
120,86,86,22,0
120,86,86,23,0
120,86,86,24,0
120,86,86,25,0
120,86,86,26,0
120,86,86,27,0
120,86,86,28,0
120,86,86,29,0
120,86,86,30,0
120,86,86,31,0
120,86,86,0,4
120,87,87,1,39
120,87,87,2,53
120,87,87,3,13
120,87,87,4,0
120,87,87,5,113
120,87,87,6,0
120,87,87,7,0
120,87,87,8,0
120,87,87,9,0
120,87,87,10,0
120,87,87,11,0
120,87,87,12,0
120,87,87,13,0
120,87,87,14,0
120,87,87,15,0
120,87,87,16,0
120,87,87,17,0
120,87,87,18,0
120,87,87,19,0
120,87,87,20,0
120,87,87,21,0
120,87,87,22,0
120,87,87,23,0
120,87,87,24,0
120,87,87,25,0
120,87,87,26,0
120,87,87,27,0
120,87,87,28,0
120,87,87,29,0
120,87,87,30,0
120,87,87,31,0
120,87,87,0,1
120,88,88,1,71
120,88,88,2,302
120,88,88,3,14
120,88,88,4,0
120,88,88,5,148
120,88,88,6,1
120,88,88,7,0
120,88,88,8,1
120,88,88,9,0
120,88,88,10,0
120,88,88,11,0
120,88,88,12,0
120,88,88,13,0
120,88,88,14,0
120,88,88,15,0
120,88,88,16,0
120,88,88,17,0
120,88,88,18,0
120,88,88,19,1
120,88,88,20,0
120,88,88,21,0
120,88,88,22,0
120,88,88,23,0
120,88,88,24,0
120,88,88,25,0
120,88,88,26,0
120,88,88,27,0
120,88,88,28,0
120,88,88,29,0
120,88,88,30,0
120,88,88,31,0
120,88,88,0,2
120,89,89,1,122
120,89,89,2,217
120,89,89,3,20
120,89,89,4,0
120,89,89,5,177
120,89,89,6,0
120,89,89,7,0
120,89,89,8,0
120,89,89,9,1
120,89,89,10,1
120,89,89,11,1
120,89,89,12,0
120,89,89,13,0
120,89,89,14,0
120,89,89,15,0
120,89,89,16,0
120,89,89,17,0
120,89,89,18,0
120,89,89,19,0
120,89,89,20,0
120,89,89,21,0
120,89,89,22,0
120,89,89,23,0
120,89,89,24,1
120,89,89,25,0
120,89,89,26,0
120,89,89,27,0
120,89,89,28,1
120,89,89,29,0
120,89,89,30,0
120,89,89,31,1
120,89,89,0,3
120,90,90,1,103
120,90,90,2,211
120,90,90,3,13
120,90,90,4,0
120,90,90,5,132
120,90,90,6,1
120,90,90,7,0
120,90,90,8,0
120,90,90,9,0
120,90,90,10,0
120,90,90,11,0
120,90,90,12,0
120,90,90,13,1
120,90,90,14,0
120,90,90,15,1
120,90,90,16,0
120,90,90,17,1
120,90,90,18,4
120,90,90,19,0
120,90,90,20,0
120,90,90,21,2
120,90,90,22,0
120,90,90,23,0
120,90,90,24,0
120,90,90,25,0
120,90,90,26,0
120,90,90,27,0
120,90,90,28,0
120,90,90,29,0
120,90,90,30,0
120,90,90,31,1
120,90,90,0,3
120,91,91,1,169
120,91,91,2,158
120,91,91,3,14
120,91,91,4,1
120,91,91,5,130
120,91,91,6,3
120,91,91,7,1
120,91,91,8,0
120,91,91,9,0
120,91,91,10,0
120,91,91,11,0
120,91,91,12,1
120,91,91,13,0
120,91,91,14,1
120,91,91,15,0
120,91,91,16,1
120,91,91,17,1
120,91,91,18,0
120,91,91,19,0
120,91,91,20,0
120,91,91,21,0
120,91,91,22,0
120,91,91,23,0
120,91,91,24,0
120,91,91,25,0
120,91,91,26,0
120,91,91,27,0
120,91,91,28,0
120,91,91,29,0
120,91,91,30,0
120,91,91,31,0
120,91,91,0,6
120,92,92,1,161
120,92,92,2,149
120,92,92,3,13
120,92,92,4,1
120,92,92,5,185
120,92,92,6,1
120,92,92,7,0
120,92,92,8,0
120,92,92,9,0
120,92,92,10,0
120,92,92,11,0
120,92,92,12,0
120,92,92,13,0
120,92,92,14,2
120,92,92,15,1
120,92,92,16,2
120,92,92,17,1
120,92,92,18,0
120,92,92,19,0
120,92,92,20,0
120,92,92,21,0
120,92,92,22,0
120,92,92,23,0
120,92,92,24,0
120,92,92,25,1
120,92,92,26,0
120,92,92,27,0
120,92,92,28,0
120,92,92,29,0
120,92,92,30,0
120,92,92,31,0
120,92,92,0,4
120,93,93,1,276
120,93,93,2,121
120,93,93,3,21
120,93,93,4,0
120,93,93,5,129
120,93,93,6,0
120,93,93,7,0
120,93,93,8,0
120,93,93,9,0
120,93,93,10,0
120,93,93,11,0
120,93,93,12,0
120,93,93,13,0
120,93,93,14,0
120,93,93,15,0
120,93,93,16,1
120,93,93,17,1
120,93,93,18,0
120,93,93,19,0
120,93,93,20,0
120,93,93,21,1
120,93,93,22,0
120,93,93,23,0
120,93,93,24,0
120,93,93,25,0
120,93,93,26,0
120,93,93,27,0
120,93,93,28,0
120,93,93,29,0
120,93,93,30,0
120,93,93,31,0
120,93,93,0,7
120,94,94,1,257
120,94,94,2,123
120,94,94,3,10
120,94,94,4,1
120,94,94,5,147
120,94,94,6,0
120,94,94,7,0
120,94,94,8,0
120,94,94,9,1
120,94,94,10,0
120,94,94,11,0
120,94,94,12,0
120,94,94,13,0
120,94,94,14,0
120,94,94,15,0
120,94,94,16,0
120,94,94,17,2
120,94,94,18,0
120,94,94,19,0
120,94,94,20,0
120,94,94,21,0
120,94,94,22,0
120,94,94,23,0
120,94,94,24,0
120,94,94,25,0
120,94,94,26,0
120,94,94,27,0
120,94,94,28,0
120,94,94,29,0
120,94,94,30,0
120,94,94,31,0
120,94,94,0,1
120,95,95,1,0
120,95,95,2,207
120,95,95,3,18
120,95,95,4,0
120,95,95,5,147
120,95,95,6,1
120,95,95,7,0
120,95,95,8,0
120,95,95,9,0
120,95,95,10,0
120,95,95,11,0
120,95,95,12,0
120,95,95,13,0
120,95,95,14,2
120,95,95,15,0
120,95,95,16,0
120,95,95,17,0
120,95,95,18,2
120,95,95,19,0
120,95,95,20,0
120,95,95,21,0
120,95,95,22,0
120,95,95,23,0
120,95,95,24,0
120,95,95,25,0
120,95,95,26,0
120,95,95,27,0
120,95,95,28,0
120,95,95,29,0
120,95,95,30,1
120,95,95,31,0
120,95,95,0,2
120,96,96,1,0
120,96,96,2,0
120,96,96,3,0
120,96,96,4,0
120,96,96,5,0
120,96,96,6,0
120,96,96,7,0
120,96,96,8,0
120,96,96,9,0
120,96,96,10,0
120,96,96,11,0
120,96,96,12,0
120,96,96,13,0
120,96,96,14,0
120,96,96,15,0
120,96,96,16,0
120,96,96,17,0
120,96,96,18,0
120,96,96,19,0
120,96,96,20,0
120,96,96,21,0
120,96,96,22,0
120,96,96,23,0
120,96,96,24,0
120,96,96,25,0
120,96,96,26,0
120,96,96,27,0
120,96,96,28,0
120,96,96,29,0
120,96,96,30,0
120,96,96,31,0
120,96,96,0,0
120,96,96,1,100
120,96,96,2,129
120,96,96,3,12
120,96,96,4,0
120,96,96,5,99
120,96,96,6,0
120,96,96,7,0
120,96,96,8,0
120,96,96,9,0
120,96,96,10,0
120,96,96,11,0
120,96,96,12,0
120,96,96,13,0
120,96,96,14,0
120,96,96,15,0
120,96,96,16,0
120,96,96,17,3
120,96,96,18,0
120,96,96,19,0
120,96,96,20,0
120,96,96,21,0
120,96,96,22,0
120,96,96,23,0
120,96,96,24,0
120,96,96,25,1
120,96,96,26,0
120,96,96,27,0
120,96,96,28,0
120,96,96,29,0
120,96,96,30,0
120,96,96,31,0
120,96,96,0,4
120,97,97,1,0
120,97,97,2,0
120,97,97,3,0
120,97,97,4,0
120,97,97,5,0
120,97,97,6,0
120,97,97,7,0
120,97,97,8,0
120,97,97,9,0
120,97,97,10,0
120,97,97,11,0
120,97,97,12,0
120,97,97,13,0
120,97,97,14,0
120,97,97,15,0
120,97,97,16,0
120,97,97,17,0
120,97,97,18,0
120,97,97,19,0
120,97,97,20,0
120,97,97,21,0
120,97,97,22,0
120,97,97,23,0
120,97,97,24,0
120,97,97,25,0
120,97,97,26,0
120,97,97,27,0
120,97,97,28,0
120,97,97,29,0
120,97,97,30,0
120,97,97,31,0
120,97,97,0,0
120,97,97,1,109
120,97,97,2,185
120,97,97,3,13
120,97,97,4,1
120,97,97,5,157
120,97,97,6,0
120,97,97,7,0
120,97,97,8,0
120,97,97,9,0
120,97,97,10,0
120,97,97,11,0
120,97,97,12,0
120,97,97,13,0
120,97,97,14,0
120,97,97,15,0
120,97,97,16,0
120,97,97,17,0
120,97,97,18,1
120,97,97,19,0
120,97,97,20,0
120,97,97,21,1
120,97,97,22,0
120,97,97,23,0
120,97,97,24,0
120,97,97,25,0
120,97,97,26,1
120,97,97,27,0
120,97,97,28,0
120,97,97,29,0
120,97,97,30,0
120,97,97,31,0
120,97,97,0,7
120,98,98,1,54
120,98,98,2,94
120,98,98,3,10
120,98,98,4,0
120,98,98,5,145
120,98,98,6,1
120,98,98,7,0
120,98,98,8,0
120,98,98,9,0
120,98,98,10,0
120,98,98,11,0
120,98,98,12,0
120,98,98,13,0
120,98,98,14,0
120,98,98,15,0
120,98,98,16,0
120,98,98,17,0
120,98,98,18,0
120,98,98,19,0
120,98,98,20,0
120,98,98,21,0
120,98,98,22,0
120,98,98,23,0
120,98,98,24,0
120,98,98,25,0
120,98,98,26,0
120,98,98,27,0
120,98,98,28,0
120,98,98,29,0
120,98,98,30,0
120,98,98,31,0
120,98,98,0,1
120,99,99,1,146
120,99,99,2,161
120,99,99,3,11
120,99,99,4,0
120,99,99,5,149
120,99,99,6,0
120,99,99,7,0
120,99,99,8,0
120,99,99,9,0
120,99,99,10,0
120,99,99,11,0
120,99,99,12,0
120,99,99,13,0
120,99,99,14,0
120,99,99,15,1
120,99,99,16,0
120,99,99,17,0
120,99,99,18,0
120,99,99,19,0
120,99,99,20,0
120,99,99,21,0
120,99,99,22,0
120,99,99,23,0
120,99,99,24,0
120,99,99,25,0
120,99,99,26,0
120,99,99,27,0
120,99,99,28,0
120,99,99,29,0
120,99,99,30,0
120,99,99,31,0
120,99,99,0,5
120,100,100,1,118
120,100,100,2,183
120,100,100,3,26
120,100,100,4,0
120,100,100,5,153
120,100,100,6,0
120,100,100,7,0
120,100,100,8,0
120,100,100,9,1
120,100,100,10,0
120,100,100,11,1
120,100,100,12,0
120,100,100,13,0
120,100,100,14,0
120,100,100,15,0
120,100,100,16,2
120,100,100,17,0
120,100,100,18,0
120,100,100,19,0
120,100,100,20,0
120,100,100,21,0
120,100,100,22,0
120,100,100,23,0
120,100,100,24,0
120,100,100,25,0
120,100,100,26,0
120,100,100,27,0
120,100,100,28,0
120,100,100,29,0
120,100,100,30,1
120,100,100,31,0
120,100,100,0,4
120,101,101,1,105
120,101,101,2,128
120,101,101,3,11
120,101,101,4,0
120,101,101,5,105
120,101,101,6,0
120,101,101,7,1
120,101,101,8,0
120,101,101,9,0
120,101,101,10,0
120,101,101,11,0
120,101,101,12,0
120,101,101,13,0
120,101,101,14,0
120,101,101,15,0
120,101,101,16,1
120,101,101,17,0
120,101,101,18,0
120,101,101,19,0
120,101,101,20,0
120,101,101,21,0
120,101,101,22,0
120,101,101,23,0
120,101,101,24,0
120,101,101,25,0
120,101,101,26,0
120,101,101,27,0
120,101,101,28,0
120,101,101,29,0
120,101,101,30,0
120,101,101,31,0
120,101,101,0,2
120,102,102,1,253
120,102,102,2,138
120,102,102,3,13
120,102,102,4,0
120,102,102,5,154
120,102,102,6,0
120,102,102,7,0
120,102,102,8,0
120,102,102,9,0
120,102,102,10,0
120,102,102,11,0
120,102,102,12,0
120,102,102,13,0
120,102,102,14,1
120,102,102,15,0
120,102,102,16,0
120,102,102,17,1
120,102,102,18,1
120,102,102,19,1
120,102,102,20,0
120,102,102,21,0
120,102,102,22,0
120,102,102,23,0
120,102,102,24,0
120,102,102,25,0
120,102,102,26,1
120,102,102,27,0
120,102,102,28,0
120,102,102,29,0
120,102,102,30,1
120,102,102,31,0
120,102,102,0,5
120,103,103,1,98
120,103,103,2,99
120,103,103,3,3
120,103,103,4,0
120,103,103,5,74
120,103,103,6,0
120,103,103,7,0
120,103,103,8,0
120,103,103,9,0
120,103,103,10,0
120,103,103,11,0
120,103,103,12,0
120,103,103,13,0
120,103,103,14,0
120,103,103,15,0
120,103,103,16,0
120,103,103,17,0
120,103,103,18,0
120,103,103,19,0
120,103,103,20,0
120,103,103,21,0
120,103,103,22,0
120,103,103,23,0
120,103,103,24,0
120,103,103,25,0
120,103,103,26,0
120,103,103,27,0
120,103,103,28,0
120,103,103,29,0
120,103,103,30,0
120,103,103,31,0
120,103,103,0,5
120,104,104,1,49
120,104,104,2,138
120,104,104,3,15
120,104,104,4,1
120,104,104,5,119
120,104,104,6,0
120,104,104,7,0
120,104,104,8,0
120,104,104,9,0
120,104,104,10,0
120,104,104,11,1
120,104,104,12,0
120,104,104,13,0
120,104,104,14,2
120,104,104,15,1
120,104,104,16,0
120,104,104,17,1
120,104,104,18,0
120,104,104,19,0
120,104,104,20,0
120,104,104,21,0
120,104,104,22,0
120,104,104,23,0
120,104,104,24,0
120,104,104,25,0
120,104,104,26,0
120,104,104,27,0
120,104,104,28,0
120,104,104,29,0
120,104,104,30,0
120,104,104,31,0
120,104,104,0,3
120,105,105,1,46
120,105,105,2,245
120,105,105,3,24
120,105,105,4,0
120,105,105,5,258
120,105,105,6,0
120,105,105,7,0
120,105,105,8,0
120,105,105,9,0
120,105,105,10,0
120,105,105,11,0
120,105,105,12,0
120,105,105,13,0
120,105,105,14,3
120,105,105,15,1
120,105,105,16,0
120,105,105,17,0
120,105,105,18,2
120,105,105,19,0
120,105,105,20,0
120,105,105,21,0
120,105,105,22,0
120,105,105,23,0
120,105,105,24,1
120,105,105,25,0
120,105,105,26,0
120,105,105,27,0
120,105,105,28,1
120,105,105,29,0
120,105,105,30,1
120,105,105,31,1
120,105,105,0,0
120,106,106,1,123
120,106,106,2,241
120,106,106,3,23
120,106,106,4,0
120,106,106,5,236
120,106,106,6,0
120,106,106,7,0
120,106,106,8,0
120,106,106,9,0
120,106,106,10,0
120,106,106,11,0
120,106,106,12,0
120,106,106,13,0
120,106,106,14,0
120,106,106,15,0
120,106,106,16,0
120,106,106,17,0
120,106,106,18,1
120,106,106,19,1
120,106,106,20,0
120,106,106,21,0
120,106,106,22,0
120,106,106,23,0
120,106,106,24,0
120,106,106,25,0
120,106,106,26,0
120,106,106,27,0
120,106,106,28,0
120,106,106,29,1
120,106,106,30,0
120,106,106,31,1
120,106,106,0,5
120,107,107,1,137
120,107,107,2,249
120,107,107,3,17
120,107,107,4,0
120,107,107,5,229
120,107,107,6,0
120,107,107,7,1
120,107,107,8,0
120,107,107,9,0
120,107,107,10,0
120,107,107,11,0
120,107,107,12,0
120,107,107,13,0
120,107,107,14,0
120,107,107,15,0
120,107,107,16,2
120,107,107,17,0
120,107,107,18,0
120,107,107,19,0
120,107,107,20,0
120,107,107,21,0
120,107,107,22,2
120,107,107,23,0
120,107,107,24,0
120,107,107,25,0
120,107,107,26,0
120,107,107,27,0
120,107,107,28,0
120,107,107,29,1
120,107,107,30,0
120,107,107,31,0
120,107,107,0,3
120,108,108,1,89
120,108,108,2,183
120,108,108,3,14
120,108,108,4,0
120,108,108,5,169
120,108,108,6,0
120,108,108,7,0
120,108,108,8,0
120,108,108,9,1
120,108,108,10,0
120,108,108,11,0
120,108,108,12,0
120,108,108,13,1
120,108,108,14,0
120,108,108,15,0
120,108,108,16,0
120,108,108,17,1
120,108,108,18,0
120,108,108,19,0
120,108,108,20,0
120,108,108,21,1
120,108,108,22,0
120,108,108,23,0
120,108,108,24,0
120,108,108,25,0
120,108,108,26,0
120,108,108,27,1
120,108,108,28,0
120,108,108,29,0
120,108,108,30,0
120,108,108,31,0
120,108,108,0,0
120,109,109,1,43
120,109,109,2,104
120,109,109,3,13
120,109,109,4,0
120,109,109,5,124
120,109,109,6,0
120,109,109,7,0
120,109,109,8,0
120,109,109,9,0
120,109,109,10,0
120,109,109,11,0
120,109,109,12,0
120,109,109,13,0
120,109,109,14,0
120,109,109,15,0
120,109,109,16,0
120,109,109,17,0
120,109,109,18,0
120,109,109,19,0
120,109,109,20,0
120,109,109,21,0
120,109,109,22,0
120,109,109,23,0
120,109,109,24,0
120,109,109,25,0
120,109,109,26,0
120,109,109,27,0
120,109,109,28,0
120,109,109,29,0
120,109,109,30,0
120,109,109,31,0
120,109,109,0,2
120,110,110,1,131
120,110,110,2,254
120,110,110,3,33
120,110,110,4,2
120,110,110,5,220
120,110,110,6,1
120,110,110,7,0
120,110,110,8,1
120,110,110,9,0
120,110,110,10,0
120,110,110,11,0
120,110,110,12,0
120,110,110,13,0
120,110,110,14,1
120,110,110,15,1
120,110,110,16,0
120,110,110,17,0
120,110,110,18,0
120,110,110,19,0
120,110,110,20,0
120,110,110,21,0
120,110,110,22,0
120,110,110,23,0
120,110,110,24,0
120,110,110,25,0
120,110,110,26,0
120,110,110,27,0
120,110,110,28,1
120,110,110,29,0
120,110,110,30,0
120,110,110,31,0
120,110,110,0,3
120,111,111,1,61
120,111,111,2,80
120,111,111,3,18
120,111,111,4,0
120,111,111,5,178
120,111,111,6,0
120,111,111,7,0
120,111,111,8,0
120,111,111,9,0
120,111,111,10,0
120,111,111,11,0
120,111,111,12,0
120,111,111,13,0
120,111,111,14,0
120,111,111,15,0
120,111,111,16,0
120,111,111,17,0
120,111,111,18,0
120,111,111,19,0
120,111,111,20,0
120,111,111,21,1
120,111,111,22,1
120,111,111,23,0
120,111,111,24,0
120,111,111,25,0
120,111,111,26,0
120,111,111,27,0
120,111,111,28,0
120,111,111,29,0
120,111,111,30,0
120,111,111,31,0
120,111,111,0,0
120,112,112,1,101
120,112,112,2,200
120,112,112,3,16
120,112,112,4,1
120,112,112,5,370
120,112,112,6,0
120,112,112,7,0
120,112,112,8,1
120,112,112,9,1
120,112,112,10,0
120,112,112,11,0
120,112,112,12,0
120,112,112,13,0
120,112,112,14,1
120,112,112,15,3
120,112,112,16,4
120,112,112,17,0
120,112,112,18,2
120,112,112,19,0
120,112,112,20,0
120,112,112,21,1
120,112,112,22,0
120,112,112,23,0
120,112,112,24,0
120,112,112,25,0
120,112,112,26,0
120,112,112,27,1
120,112,112,28,0
120,112,112,29,0
120,112,112,30,0
120,112,112,31,0
120,112,112,0,1
120,113,113,1,85
120,113,113,2,159
120,113,113,3,7
120,113,113,4,0
120,113,113,5,305
120,113,113,6,1
120,113,113,7,0
120,113,113,8,0
120,113,113,9,0
120,113,113,10,0
120,113,113,11,0
120,113,113,12,0
120,113,113,13,0
120,113,113,14,0
120,113,113,15,0
120,113,113,16,0
120,113,113,17,1
120,113,113,18,1
120,113,113,19,0
120,113,113,20,0
120,113,113,21,0
120,113,113,22,0
120,113,113,23,0
120,113,113,24,0
120,113,113,25,0
120,113,113,26,1
120,113,113,27,0
120,113,113,28,1
120,113,113,29,0
120,113,113,30,1
120,113,113,31,1
120,113,113,0,1
120,114,114,1,66
120,114,114,2,117
120,114,114,3,18
120,114,114,4,0
120,114,114,5,66
120,114,114,6,0
120,114,114,7,0
120,114,114,8,0
120,114,114,9,0
120,114,114,10,0
120,114,114,11,0
120,114,114,12,0
120,114,114,13,1
120,114,114,14,0
120,114,114,15,2
120,114,114,16,0
120,114,114,17,1
120,114,114,18,0
120,114,114,19,0
120,114,114,20,0
120,114,114,21,0
120,114,114,22,0
120,114,114,23,0
120,114,114,24,0
120,114,114,25,0
120,114,114,26,0
120,114,114,27,0
120,114,114,28,0
120,114,114,29,0
120,114,114,30,0
120,114,114,31,0
120,114,114,0,2
120,115,115,1,114
120,115,115,2,183
120,115,115,3,15
120,115,115,4,1
120,115,115,5,265
120,115,115,6,2
120,115,115,7,1
120,115,115,8,1
120,115,115,9,0
120,115,115,10,0
120,115,115,11,0
120,115,115,12,0
120,115,115,13,0
120,115,115,14,0
120,115,115,15,1
120,115,115,16,0
120,115,115,17,0
120,115,115,18,0
120,115,115,19,0
120,115,115,20,0
120,115,115,21,0
120,115,115,22,0
120,115,115,23,0
120,115,115,24,1
120,115,115,25,0
120,115,115,26,0
120,115,115,27,0
120,115,115,28,1
120,115,115,29,0
120,115,115,30,1
120,115,115,31,0
120,115,115,0,6
120,116,116,1,154
120,116,116,2,282
120,116,116,3,26
120,116,116,4,1
120,116,116,5,277
120,116,116,6,2
120,116,116,7,0
120,116,116,8,0
120,116,116,9,0
120,116,116,10,0
120,116,116,11,0
120,116,116,12,0
120,116,116,13,0
120,116,116,14,0
120,116,116,15,1
120,116,116,16,1
120,116,116,17,0
120,116,116,18,2
120,116,116,19,1
120,116,116,20,0
120,116,116,21,2
120,116,116,22,0
120,116,116,23,0
120,116,116,24,0
120,116,116,25,0
120,116,116,26,0
120,116,116,27,1
120,116,116,28,1
120,116,116,29,0
120,116,116,30,0
120,116,116,31,0
120,116,116,0,3
120,117,117,1,74
120,117,117,2,165
120,117,117,3,13
120,117,117,4,0
120,117,117,5,176
120,117,117,6,0
120,117,117,7,0
120,117,117,8,1
120,117,117,9,0
120,117,117,10,0
120,117,117,11,0
120,117,117,12,0
120,117,117,13,0
120,117,117,14,0
120,117,117,15,0
120,117,117,16,0
120,117,117,17,0
120,117,117,18,0
120,117,117,19,0
120,117,117,20,0
120,117,117,21,0
120,117,117,22,1
120,117,117,23,0
120,117,117,24,0
120,117,117,25,0
120,117,117,26,0
120,117,117,27,1
120,117,117,28,0
120,117,117,29,0
120,117,117,30,0
120,117,117,31,0
120,117,117,0,1
120,118,118,1,69
120,118,118,2,151
120,118,118,3,14
120,118,118,4,0
120,118,118,5,180
120,118,118,6,0
120,118,118,7,0
120,118,118,8,1
120,118,118,9,0
120,118,118,10,0
120,118,118,11,0
120,118,118,12,0
120,118,118,13,0
120,118,118,14,2
120,118,118,15,0
120,118,118,16,0
120,118,118,17,0
120,118,118,18,0
120,118,118,19,1
120,118,118,20,0
120,118,118,21,0
120,118,118,22,0
120,118,118,23,0
120,118,118,24,0
120,118,118,25,0
120,118,118,26,0
120,118,118,27,0
120,118,118,28,0
120,118,118,29,0
120,118,118,30,0
120,118,118,31,0
120,118,118,0,2
120,119,119,1,97
120,119,119,2,262
120,119,119,3,18
120,119,119,4,0
120,119,119,5,191
120,119,119,6,1
120,119,119,7,0
120,119,119,8,0
120,119,119,9,0
120,119,119,10,0
120,119,119,11,0
120,119,119,12,1
120,119,119,13,0
120,119,119,14,0
120,119,119,15,0
120,119,119,16,0
120,119,119,17,0
120,119,119,18,0
120,119,119,19,0
120,119,119,20,1
120,119,119,21,0
120,119,119,22,0
120,119,119,23,0
120,119,119,24,0
120,119,119,25,0
120,119,119,26,0
120,119,119,27,0
120,119,119,28,0
120,119,119,29,0
120,119,119,30,0
120,119,119,31,0
120,119,119,0,4
120,120,120,1,62
120,120,120,2,148
120,120,120,3,12
120,120,120,4,1
120,120,120,5,130
120,120,120,6,0
120,120,120,7,0
120,120,120,8,0
120,120,120,9,0
120,120,120,10,0
120,120,120,11,0
120,120,120,12,0
120,120,120,13,0
120,120,120,14,0
120,120,120,15,1
120,120,120,16,1
120,120,120,17,0
120,120,120,18,0
120,120,120,19,0
120,120,120,20,0
120,120,120,21,0
120,120,120,22,0
120,120,120,23,0
120,120,120,24,0
120,120,120,25,0
120,120,120,26,0
120,120,120,27,0
120,120,120,28,0
120,120,120,29,0
120,120,120,30,1
120,120,120,31,0
120,120,120,0,2
120,121,121,1,68
120,121,121,2,163
120,121,121,3,11
120,121,121,4,0
120,121,121,5,91
120,121,121,6,1
120,121,121,7,0
120,121,121,8,0
120,121,121,9,0
120,121,121,10,0
120,121,121,11,0
120,121,121,12,0
120,121,121,13,0
120,121,121,14,4
120,121,121,15,0
120,121,121,16,0
120,121,121,17,0
120,121,121,18,0
120,121,121,19,0
120,121,121,20,0
120,121,121,21,0
120,121,121,22,0
120,121,121,23,0
120,121,121,24,0
120,121,121,25,0
120,121,121,26,0
120,121,121,27,0
120,121,121,28,0
120,121,121,29,0
120,121,121,30,0
120,121,121,31,0
120,121,121,0,4
120,122,122,1,97
120,122,122,2,238
120,122,122,3,36
120,122,122,4,2
120,122,122,5,207
120,122,122,6,2
120,122,122,7,0
120,122,122,8,0
120,122,122,9,2
120,122,122,10,0
120,122,122,11,0
120,122,122,12,0
120,122,122,13,0
120,122,122,14,0
120,122,122,15,3
120,122,122,16,1
120,122,122,17,0
120,122,122,18,2
120,122,122,19,0
120,122,122,20,0
120,122,122,21,0
120,122,122,22,0
120,122,122,23,0
120,122,122,24,1
120,122,122,25,0
120,122,122,26,0
120,122,122,27,0
120,122,122,28,0
120,122,122,29,0
120,122,122,30,0
120,122,122,31,0
120,122,122,0,0
120,123,123,1,88
120,123,123,2,254
120,123,123,3,12
120,123,123,4,0
120,123,123,5,195
120,123,123,6,2
120,123,123,7,0
120,123,123,8,0
120,123,123,9,0
120,123,123,10,0
120,123,123,11,0
120,123,123,12,0
120,123,123,13,1
120,123,123,14,1
120,123,123,15,0
120,123,123,16,0
120,123,123,17,0
120,123,123,18,1
120,123,123,19,0
120,123,123,20,0
120,123,123,21,0
120,123,123,22,0
120,123,123,23,0
120,123,123,24,0
120,123,123,25,0
120,123,123,26,0
120,123,123,27,0
120,123,123,28,0
120,123,123,29,0
120,123,123,30,0
120,123,123,31,0
120,123,123,0,2
120,124,124,1,106
120,124,124,2,284
120,124,124,3,32
120,124,124,4,1
120,124,124,5,301
120,124,124,6,4
120,124,124,7,0
120,124,124,8,1
120,124,124,9,0
120,124,124,10,0
120,124,124,11,0
120,124,124,12,0
120,124,124,13,0
120,124,124,14,1
120,124,124,15,1
120,124,124,16,1
120,124,124,17,1
120,124,124,18,0
120,124,124,19,0
120,124,124,20,0
120,124,124,21,0
120,124,124,22,0
120,124,124,23,0
120,124,124,24,1
120,124,124,25,0
120,124,124,26,0
120,124,124,27,0
120,124,124,28,0
120,124,124,29,1
120,124,124,30,2
120,124,124,31,0
120,124,124,0,1
120,126,126,1,98
120,126,126,2,232
120,126,126,3,16
120,126,126,4,0
120,126,126,5,144
120,126,126,6,1
120,126,126,7,0
120,126,126,8,0
120,126,126,9,0
120,126,126,10,1
120,126,126,11,0
120,126,126,12,0
120,126,126,13,0
120,126,126,14,2
120,126,126,15,0
120,126,126,16,0
120,126,126,17,0
120,126,126,18,0
120,126,126,19,0
120,126,126,20,0
120,126,126,21,0
120,126,126,22,1
120,126,126,23,0
120,126,126,24,0
120,126,126,25,0
120,126,126,26,0
120,126,126,27,1
120,126,126,28,0
120,126,126,29,0
120,126,126,30,0
120,126,126,31,0
120,126,126,0,3
120,127,127,1,90
120,127,127,2,282
120,127,127,3,24
120,127,127,4,1
120,127,127,5,249
120,127,127,6,1
120,127,127,7,1
120,127,127,8,0
120,127,127,9,0
120,127,127,10,0
120,127,127,11,0
120,127,127,12,0
120,127,127,13,0
120,127,127,14,1
120,127,127,15,0
120,127,127,16,0
120,127,127,17,0
120,127,127,18,1
120,127,127,19,0
120,127,127,20,0
120,127,127,21,1
120,127,127,22,1
120,127,127,23,0
120,127,127,24,0
120,127,127,25,1
120,127,127,26,0
120,127,127,27,0
120,127,127,28,2
120,127,127,29,0
120,127,127,30,0
120,127,127,31,0
120,127,127,0,1
120,128,128,1,93
120,128,128,2,143
120,128,128,3,13
120,128,128,4,1
120,128,128,5,129
120,128,128,6,0
120,128,128,7,0
120,128,128,8,0
120,128,128,9,0
120,128,128,10,0
120,128,128,11,0
120,128,128,12,0
120,128,128,13,0
120,128,128,14,0
120,128,128,15,0
120,128,128,16,0
120,128,128,17,0
120,128,128,18,0
120,128,128,19,0
120,128,128,20,0
120,128,128,21,0
120,128,128,22,0
120,128,128,23,0
120,128,128,24,0
120,128,128,25,0
120,128,128,26,0
120,128,128,27,0
120,128,128,28,0
120,128,128,29,0
120,128,128,30,0
120,128,128,31,0
120,128,128,0,6
120,129,129,1,162
120,129,129,2,177
120,129,129,3,28
120,129,129,4,0
120,129,129,5,295
120,129,129,6,1
120,129,129,7,1
120,129,129,8,0
120,129,129,9,0
120,129,129,10,0
120,129,129,11,0
120,129,129,12,0
120,129,129,13,1
120,129,129,14,0
120,129,129,15,1
120,129,129,16,0
120,129,129,17,0
120,129,129,18,0
120,129,129,19,0
120,129,129,20,0
120,129,129,21,0
120,129,129,22,0
120,129,129,23,0
120,129,129,24,0
120,129,129,25,0
120,129,129,26,0
120,129,129,27,0
120,129,129,28,0
120,129,129,29,0
120,129,129,30,0
120,129,129,31,1
120,129,129,0,7
120,130,130,1,81
120,130,130,2,188
120,130,130,3,17
120,130,130,4,1
120,130,130,5,134
120,130,130,6,0
120,130,130,7,0
120,130,130,8,0
120,130,130,9,0
120,130,130,10,0
120,130,130,11,0
120,130,130,12,0
120,130,130,13,0
120,130,130,14,0
120,130,130,15,0
120,130,130,16,1
120,130,130,17,0
120,130,130,18,0
120,130,130,19,0
120,130,130,20,0
120,130,130,21,0
120,130,130,22,0
120,130,130,23,0
120,130,130,24,0
120,130,130,25,0
120,130,130,26,1
120,130,130,27,0
120,130,130,28,0
120,130,130,29,0
120,130,130,30,0
120,130,130,31,0
120,130,130,0,0
120,131,131,1,115
120,131,131,2,209
120,131,131,3,25
120,131,131,4,0
120,131,131,5,199
120,131,131,6,4
120,131,131,7,0
120,131,131,8,0
120,131,131,9,0
120,131,131,10,0
120,131,131,11,0
120,131,131,12,0
120,131,131,13,0
120,131,131,14,0
120,131,131,15,0
120,131,131,16,0
120,131,131,17,0
120,131,131,18,0
120,131,131,19,0
120,131,131,20,0
120,131,131,21,0
120,131,131,22,1
120,131,131,23,0
120,131,131,24,0
120,131,131,25,0
120,131,131,26,0
120,131,131,27,0
120,131,131,28,0
120,131,131,29,1
120,131,131,30,0
120,131,131,31,0
120,131,131,0,2
120,132,132,1,129
120,132,132,2,140
120,132,132,3,12
120,132,132,4,2
120,132,132,5,98
120,132,132,6,0
120,132,132,7,0
120,132,132,8,0
120,132,132,9,0
120,132,132,10,0
120,132,132,11,0
120,132,132,12,0
120,132,132,13,1
120,132,132,14,0
120,132,132,15,0
120,132,132,16,0
120,132,132,17,0
120,132,132,18,1
120,132,132,19,0
120,132,132,20,0
120,132,132,21,0
120,132,132,22,0
120,132,132,23,0
120,132,132,24,0
120,132,132,25,0
120,132,132,26,0
120,132,132,27,0
120,132,132,28,0
120,132,132,29,0
120,132,132,30,0
120,132,132,31,0
120,132,132,0,4
120,133,133,1,215
120,133,133,2,120
120,133,133,3,20
120,133,133,4,1
120,133,133,5,156
120,133,133,6,0
120,133,133,7,0
120,133,133,8,0
120,133,133,9,1
120,133,133,10,0
120,133,133,11,0
120,133,133,12,0
120,133,133,13,0
120,133,133,14,0
120,133,133,15,0
120,133,133,16,0
120,133,133,17,0
120,133,133,18,1
120,133,133,19,0
120,133,133,20,1
120,133,133,21,1
120,133,133,22,0
120,133,133,23,1
120,133,133,24,0
120,133,133,25,0
120,133,133,26,0
120,133,133,27,0
120,133,133,28,0
120,133,133,29,1
120,133,133,30,0
120,133,133,31,0
120,133,133,0,4
120,134,134,1,187
120,134,134,2,181
120,134,134,3,16
120,134,134,4,2
120,134,134,5,199
120,134,134,6,0
120,134,134,7,0
120,134,134,8,0
120,134,134,9,0
120,134,134,10,0
120,134,134,11,0
120,134,134,12,0
120,134,134,13,0
120,134,134,14,0
120,134,134,15,0
120,134,134,16,0
120,134,134,17,1
120,134,134,18,0
120,134,134,19,0
120,134,134,20,1
120,134,134,21,1
120,134,134,22,0
120,134,134,23,0
120,134,134,24,0
120,134,134,25,0
120,134,134,26,1
120,134,134,27,0
120,134,134,28,0
120,134,134,29,0
120,134,134,30,1
120,134,134,31,0
120,134,134,0,7
120,135,135,1,181
120,135,135,2,149
120,135,135,3,13
120,135,135,4,0
120,135,135,5,133
120,135,135,6,1
120,135,135,7,0
120,135,135,8,0
120,135,135,9,0
120,135,135,10,0
120,135,135,11,0
120,135,135,12,0
120,135,135,13,0
120,135,135,14,0
120,135,135,15,0
120,135,135,16,0
120,135,135,17,1
120,135,135,18,0
120,135,135,19,0
120,135,135,20,0
120,135,135,21,0
120,135,135,22,0
120,135,135,23,0
120,135,135,24,0
120,135,135,25,0
120,135,135,26,0
120,135,135,27,0
120,135,135,28,0
120,135,135,29,1
120,135,135,30,0
120,135,135,31,0
120,135,135,0,6
120,136,136,1,91
120,136,136,2,257
120,136,136,3,14
120,136,136,4,2
120,136,136,5,363
120,136,136,6,1
120,136,136,7,0
120,136,136,8,0
120,136,136,9,2
120,136,136,10,1
120,136,136,11,0
120,136,136,12,1
120,136,136,13,0
120,136,136,14,0
120,136,136,15,1
120,136,136,16,0
120,136,136,17,1
120,136,136,18,1
120,136,136,19,0
120,136,136,20,0
120,136,136,21,2
120,136,136,22,1
120,136,136,23,1
120,136,136,24,0
120,136,136,25,2
120,136,136,26,0
120,136,136,27,0
120,136,136,28,1
120,136,136,29,0
120,136,136,30,0
120,136,136,31,2
120,136,136,0,2
120,137,137,1,125
120,137,137,2,207
120,137,137,3,15
120,137,137,4,1
120,137,137,5,305
120,137,137,6,1
120,137,137,7,1
120,137,137,8,0
120,137,137,9,1
120,137,137,10,0
120,137,137,11,0
120,137,137,12,0
120,137,137,13,1
120,137,137,14,1
120,137,137,15,0
120,137,137,16,1
120,137,137,17,0
120,137,137,18,2
120,137,137,19,0
120,137,137,20,0
120,137,137,21,3
120,137,137,22,0
120,137,137,23,2
120,137,137,24,0
120,137,137,25,0
120,137,137,26,0
120,137,137,27,0
120,137,137,28,0
120,137,137,29,0
120,137,137,30,1
120,137,137,31,2
120,137,137,0,2
120,138,138,1,106
120,138,138,2,247
120,138,138,3,10
120,138,138,4,0
120,138,138,5,199
120,138,138,6,0
120,138,138,7,0
120,138,138,8,0
120,138,138,9,0
120,138,138,10,0
120,138,138,11,0
120,138,138,12,0
120,138,138,13,0
120,138,138,14,2
120,138,138,15,1
120,138,138,16,1
120,138,138,17,0
120,138,138,18,1
120,138,138,19,1
120,138,138,20,0
120,138,138,21,0
120,138,138,22,0
120,138,138,23,0
120,138,138,24,1
120,138,138,25,0
120,138,138,26,0
120,138,138,27,0
120,138,138,28,0
120,138,138,29,0
120,138,138,30,0
120,138,138,31,2
120,138,138,0,7
120,139,139,1,105
120,139,139,2,245
120,139,139,3,23
120,139,139,4,1
120,139,139,5,251
120,139,139,6,1
120,139,139,7,0
120,139,139,8,0
120,139,139,9,0
120,139,139,10,0
120,139,139,11,0
120,139,139,12,1
120,139,139,13,0
120,139,139,14,0
120,139,139,15,0
120,139,139,16,0
120,139,139,17,2
120,139,139,18,0
120,139,139,19,0
120,139,139,20,2
120,139,139,21,0
120,139,139,22,1
120,139,139,23,0
120,139,139,24,1
120,139,139,25,1
120,139,139,26,0
120,139,139,27,1
120,139,139,28,0
120,139,139,29,0
120,139,139,30,0
120,139,139,31,2
120,139,139,0,2
120,140,140,1,92
120,140,140,2,224
120,140,140,3,28
120,140,140,4,0
120,140,140,5,240
120,140,140,6,0
120,140,140,7,0
120,140,140,8,1
120,140,140,9,0
120,140,140,10,0
120,140,140,11,0
120,140,140,12,0
120,140,140,13,2
120,140,140,14,1
120,140,140,15,1
120,140,140,16,1
120,140,140,17,0
120,140,140,18,0
120,140,140,19,2
120,140,140,20,1
120,140,140,21,1
120,140,140,22,1
120,140,140,23,0
120,140,140,24,0
120,140,140,25,0
120,140,140,26,0
120,140,140,27,0
120,140,140,28,0
120,140,140,29,1
120,140,140,30,0
120,140,140,31,0
120,140,140,0,2
120,141,141,1,92
120,141,141,2,329
120,141,141,3,28
120,141,141,4,4
120,141,141,5,359
120,141,141,6,0
120,141,141,7,0
120,141,141,8,1
120,141,141,9,1
120,141,141,10,1
120,141,141,11,0
120,141,141,12,0
120,141,141,13,1
120,141,141,14,0
120,141,141,15,2
120,141,141,16,2
120,141,141,17,0
120,141,141,18,1
120,141,141,19,1
120,141,141,20,0
120,141,141,21,1
120,141,141,22,7
120,141,141,23,1
120,141,141,24,0
120,141,141,25,0
120,141,141,26,0
120,141,141,27,1
120,141,141,28,0
120,141,141,29,1
120,141,141,30,0
120,141,141,31,0
120,141,141,0,3
120,142,142,1,187
120,142,142,2,227
120,142,142,3,33
120,142,142,4,1
120,142,142,5,238
120,142,142,6,1
120,142,142,7,0
120,142,142,8,0
120,142,142,9,1
120,142,142,10,0
120,142,142,11,1
120,142,142,12,0
120,142,142,13,0
120,142,142,14,1
120,142,142,15,0
120,142,142,16,0
120,142,142,17,0
120,142,142,18,1
120,142,142,19,0
120,142,142,20,0
120,142,142,21,1
120,142,142,22,1
120,142,142,23,0
120,142,142,24,0
120,142,142,25,0
120,142,142,26,0
120,142,142,27,0
120,142,142,28,0
120,142,142,29,0
120,142,142,30,0
120,142,142,31,0
120,142,142,0,4
120,143,143,1,69
120,143,143,2,164
120,143,143,3,12
120,143,143,4,0
120,143,143,5,99
120,143,143,6,2
120,143,143,7,0
120,143,143,8,0
120,143,143,9,0
120,143,143,10,0
120,143,143,11,0
120,143,143,12,0
120,143,143,13,0
120,143,143,14,1
120,143,143,15,0
120,143,143,16,0
120,143,143,17,0
120,143,143,18,1
120,143,143,19,0
120,143,143,20,0
120,143,143,21,0
120,143,143,22,0
120,143,143,23,0
120,143,143,24,0
120,143,143,25,0
120,143,143,26,0
120,143,143,27,0
120,143,143,28,0
120,143,143,29,0
120,143,143,30,0
120,143,143,31,0
120,143,143,0,2
120,144,144,1,113
120,144,144,2,213
120,144,144,3,16
120,144,144,4,0
120,144,144,5,205
120,144,144,6,0
120,144,144,7,0
120,144,144,8,0
120,144,144,9,0
120,144,144,10,0
120,144,144,11,0
120,144,144,12,0
120,144,144,13,0
120,144,144,14,1
120,144,144,15,0
120,144,144,16,1
120,144,144,17,0
120,144,144,18,0
120,144,144,19,0
120,144,144,20,0
120,144,144,21,0
120,144,144,22,1
120,144,144,23,0
120,144,144,24,0
120,144,144,25,0
120,144,144,26,0
120,144,144,27,0
120,144,144,28,0
120,144,144,29,0
120,144,144,30,0
120,144,144,31,0
120,144,144,0,1
120,145,145,1,144
120,145,145,2,184
120,145,145,3,11
120,145,145,4,0
120,145,145,5,236
120,145,145,6,1
120,145,145,7,0
120,145,145,8,0
120,145,145,9,1
120,145,145,10,0
120,145,145,11,0
120,145,145,12,0
120,145,145,13,0
120,145,145,14,1
120,145,145,15,0
120,145,145,16,0
120,145,145,17,0
120,145,145,18,0
120,145,145,19,0
120,145,145,20,0
120,145,145,21,0
120,145,145,22,1
120,145,145,23,0
120,145,145,24,0
120,145,145,25,0
120,145,145,26,0
120,145,145,27,0
120,145,145,28,0
120,145,145,29,0
120,145,145,30,1
120,145,145,31,0
120,145,145,0,5
120,146,146,1,82
120,146,146,2,128
120,146,146,3,8
120,146,146,4,0
120,146,146,5,69
120,146,146,6,0
120,146,146,7,0
120,146,146,8,0
120,146,146,9,0
120,146,146,10,0
120,146,146,11,0
120,146,146,12,0
120,146,146,13,0
120,146,146,14,0
120,146,146,15,0
120,146,146,16,0
120,146,146,17,0
120,146,146,18,0
120,146,146,19,0
120,146,146,20,0
120,146,146,21,0
120,146,146,22,0
120,146,146,23,0
120,146,146,24,0
120,146,146,25,0
120,146,146,26,0
120,146,146,27,0
120,146,146,28,0
120,146,146,29,0
120,146,146,30,0
120,146,146,31,0
120,146,146,0,2
120,147,147,1,159
120,147,147,2,169
120,147,147,3,9
120,147,147,4,0
120,147,147,5,170
120,147,147,6,0
120,147,147,7,0
120,147,147,8,0
120,147,147,9,0
120,147,147,10,0
120,147,147,11,0
120,147,147,12,0
120,147,147,13,0
120,147,147,14,0
120,147,147,15,0
120,147,147,16,1
120,147,147,17,1
120,147,147,18,0
120,147,147,19,0
120,147,147,20,0
120,147,147,21,0
120,147,147,22,1
120,147,147,23,0
120,147,147,24,0
120,147,147,25,0
120,147,147,26,0
120,147,147,27,0
120,147,147,28,1
120,147,147,29,0
120,147,147,30,0
120,147,147,31,0
120,147,147,0,7
120,148,148,1,136
120,148,148,2,125
120,148,148,3,13
120,148,148,4,0
120,148,148,5,118
120,148,148,6,0
120,148,148,7,0
120,148,148,8,0
120,148,148,9,0
120,148,148,10,0
120,148,148,11,0
120,148,148,12,1
120,148,148,13,0
120,148,148,14,0
120,148,148,15,0
120,148,148,16,0
120,148,148,17,0
120,148,148,18,0
120,148,148,19,0
120,148,148,20,0
120,148,148,21,0
120,148,148,22,0
120,148,148,23,0
120,148,148,24,0
120,148,148,25,0
120,148,148,26,0
120,148,148,27,0
120,148,148,28,0
120,148,148,29,0
120,148,148,30,0
120,148,148,31,0
120,148,148,0,0
120,149,149,1,125
120,149,149,2,189
120,149,149,3,34
120,149,149,4,0
120,149,149,5,148
120,149,149,6,0
120,149,149,7,0
120,149,149,8,0
120,149,149,9,0
120,149,149,10,0
120,149,149,11,0
120,149,149,12,0
120,149,149,13,0
120,149,149,14,0
120,149,149,15,0
120,149,149,16,0
120,149,149,17,0
120,149,149,18,0
120,149,149,19,0
120,149,149,20,0
120,149,149,21,0
120,149,149,22,0
120,149,149,23,0
120,149,149,24,0
120,149,149,25,0
120,149,149,26,0
120,149,149,27,0
120,149,149,28,0
120,149,149,29,1
120,149,149,30,0
120,149,149,31,0
120,149,149,0,5
120,150,150,1,236
120,150,150,2,135
120,150,150,3,15
120,150,150,4,0
120,150,150,5,106
120,150,150,6,1
120,150,150,7,0
120,150,150,8,0
120,150,150,9,1
120,150,150,10,0
120,150,150,11,0
120,150,150,12,0
120,150,150,13,0
120,150,150,14,0
120,150,150,15,2
120,150,150,16,0
120,150,150,17,3
120,150,150,18,0
120,150,150,19,0
120,150,150,20,0
120,150,150,21,0
120,150,150,22,0
120,150,150,23,0
120,150,150,24,0
120,150,150,25,0
120,150,150,26,0
120,150,150,27,0
120,150,150,28,0
120,150,150,29,0
120,150,150,30,0
120,150,150,31,0
120,150,150,0,4
120,151,151,1,297
120,151,151,2,105
120,151,151,3,16
120,151,151,4,0
120,151,151,5,167
120,151,151,6,1
120,151,151,7,1
120,151,151,8,1
120,151,151,9,1
120,151,151,10,0
120,151,151,11,0
120,151,151,12,0
120,151,151,13,0
120,151,151,14,0
120,151,151,15,0
120,151,151,16,0
120,151,151,17,0
120,151,151,18,0
120,151,151,19,0
120,151,151,20,0
120,151,151,21,0
120,151,151,22,0
120,151,151,23,0
120,151,151,24,0
120,151,151,25,0
120,151,151,26,0
120,151,151,27,0
120,151,151,28,0
120,151,151,29,0
120,151,151,30,0
120,151,151,31,0
120,151,151,0,9
120,152,152,1,168
120,152,152,2,100
120,152,152,3,14
120,152,152,4,0
120,152,152,5,104
120,152,152,6,1
120,152,152,7,0
120,152,152,8,0
120,152,152,9,0
120,152,152,10,0
120,152,152,11,0
120,152,152,12,0
120,152,152,13,0
120,152,152,14,0
120,152,152,15,1
120,152,152,16,2
120,152,152,17,0
120,152,152,18,1
120,152,152,19,0
120,152,152,20,0
120,152,152,21,0
120,152,152,22,0
120,152,152,23,0
120,152,152,24,0
120,152,152,25,0
120,152,152,26,0
120,152,152,27,0
120,152,152,28,0
120,152,152,29,0
120,152,152,30,0
120,152,152,31,0
120,152,152,0,8
120,153,153,1,185
120,153,153,2,142
120,153,153,3,12
120,153,153,4,0
120,153,153,5,101
120,153,153,6,0
120,153,153,7,0
120,153,153,8,0
120,153,153,9,0
120,153,153,10,0
120,153,153,11,0
120,153,153,12,0
120,153,153,13,0
120,153,153,14,0
120,153,153,15,1
120,153,153,16,0
120,153,153,17,0
120,153,153,18,1
120,153,153,19,0
120,153,153,20,0
120,153,153,21,0
120,153,153,22,0
120,153,153,23,1
120,153,153,24,0
120,153,153,25,0
120,153,153,26,0
120,153,153,27,0
120,153,153,28,0
120,153,153,29,0
120,153,153,30,0
120,153,153,31,0
120,153,153,0,2
120,154,154,1,120
120,154,154,2,253
120,154,154,3,25
120,154,154,4,2
120,154,154,5,169
120,154,154,6,0
120,154,154,7,0
120,154,154,8,0
120,154,154,9,0
120,154,154,10,1
120,154,154,11,0
120,154,154,12,0
120,154,154,13,0
120,154,154,14,0
120,154,154,15,0
120,154,154,16,1
120,154,154,17,0
120,154,154,18,0
120,154,154,19,0
120,154,154,20,0
120,154,154,21,0
120,154,154,22,0
120,154,154,23,0
120,154,154,24,0
120,154,154,25,0
120,154,154,26,0
120,154,154,27,0
120,154,154,28,0
120,154,154,29,0
120,154,154,30,0
120,154,154,31,0
120,154,154,0,2
120,155,155,1,77
120,155,155,2,255
120,155,155,3,20
120,155,155,4,0
120,155,155,5,170
120,155,155,6,1
120,155,155,7,0
120,155,155,8,0
120,155,155,9,0
120,155,155,10,0
120,155,155,11,0
120,155,155,12,0
120,155,155,13,0
120,155,155,14,1
120,155,155,15,3
120,155,155,16,1
120,155,155,17,1
120,155,155,18,0
120,155,155,19,0
120,155,155,20,0
120,155,155,21,1
120,155,155,22,0
120,155,155,23,0
120,155,155,24,0
120,155,155,25,0
120,155,155,26,0
120,155,155,27,0
120,155,155,28,0
120,155,155,29,0
120,155,155,30,0
120,155,155,31,1
120,155,155,0,2
120,156,156,1,182
120,156,156,2,173
120,156,156,3,6
120,156,156,4,1
120,156,156,5,130
120,156,156,6,0
120,156,156,7,0
120,156,156,8,0
120,156,156,9,0
120,156,156,10,0
120,156,156,11,0
120,156,156,12,1
120,156,156,13,0
120,156,156,14,1
120,156,156,15,0
120,156,156,16,0
120,156,156,17,0
120,156,156,18,0
120,156,156,19,0
120,156,156,20,0
120,156,156,21,0
120,156,156,22,0
120,156,156,23,0
120,156,156,24,0
120,156,156,25,0
120,156,156,26,0
120,156,156,27,0
120,156,156,28,0
120,156,156,29,0
120,156,156,30,0
120,156,156,31,1
120,156,156,0,2
120,157,157,1,150
120,157,157,2,121
120,157,157,3,18
120,157,157,4,1
120,157,157,5,132
120,157,157,6,0
120,157,157,7,0
120,157,157,8,0
120,157,157,9,0
120,157,157,10,0
120,157,157,11,0
120,157,157,12,0
120,157,157,13,0
120,157,157,14,0
120,157,157,15,0
120,157,157,16,1
120,157,157,17,0
120,157,157,18,0
120,157,157,19,0
120,157,157,20,0
120,157,157,21,0
120,157,157,22,0
120,157,157,23,0
120,157,157,24,0
120,157,157,25,0
120,157,157,26,0
120,157,157,27,2
120,157,157,28,0
120,157,157,29,0
120,157,157,30,0
120,157,157,31,0
120,157,157,0,4
120,158,158,1,125
120,158,158,2,91
120,158,158,3,8
120,158,158,4,0
120,158,158,5,91
120,158,158,6,0
120,158,158,7,0
120,158,158,8,0
120,158,158,9,0
120,158,158,10,0
120,158,158,11,0
120,158,158,12,0
120,158,158,13,0
120,158,158,14,1
120,158,158,15,0
120,158,158,16,0
120,158,158,17,0
120,158,158,18,0
120,158,158,19,0
120,158,158,20,0
120,158,158,21,0
120,158,158,22,0
120,158,158,23,1
120,158,158,24,0
120,158,158,25,0
120,158,158,26,0
120,158,158,27,0
120,158,158,28,0
120,158,158,29,0
120,158,158,30,0
120,158,158,31,0
120,158,158,0,2
120,159,159,1,99
120,159,159,2,228
120,159,159,3,6
120,159,159,4,0
120,159,159,5,144
120,159,159,6,0
120,159,159,7,2
120,159,159,8,0
120,159,159,9,0
120,159,159,10,0
120,159,159,11,0
120,159,159,12,0
120,159,159,13,0
120,159,159,14,0
120,159,159,15,0
120,159,159,16,0
120,159,159,17,0
120,159,159,18,1
120,159,159,19,0
120,159,159,20,0
120,159,159,21,0
120,159,159,22,0
120,159,159,23,0
120,159,159,24,0
120,159,159,25,0
120,159,159,26,0
120,159,159,27,0
120,159,159,28,0
120,159,159,29,0
120,159,159,30,0
120,159,159,31,1
120,159,159,0,0
120,160,160,1,103
120,160,160,2,195
120,160,160,3,17
120,160,160,4,1
120,160,160,5,258
120,160,160,6,0
120,160,160,7,0
120,160,160,8,0
120,160,160,9,0
120,160,160,10,0
120,160,160,11,0
120,160,160,12,0
120,160,160,13,0
120,160,160,14,0
120,160,160,15,0
120,160,160,16,3
120,160,160,17,0
120,160,160,18,1
120,160,160,19,0
120,160,160,20,0
120,160,160,21,1
120,160,160,22,0
120,160,160,23,1
120,160,160,24,0
120,160,160,25,0
120,160,160,26,0
120,160,160,27,0
120,160,160,28,1
120,160,160,29,0
120,160,160,30,0
120,160,160,31,2
120,160,160,0,2
120,161,161,1,75
120,161,161,2,284
120,161,161,3,10
120,161,161,4,0
120,161,161,5,334
120,161,161,6,0
120,161,161,7,1
120,161,161,8,0
120,161,161,9,0
120,161,161,10,0
120,161,161,11,0
120,161,161,12,0
120,161,161,13,1
120,161,161,14,0
120,161,161,15,0
120,161,161,16,0
120,161,161,17,0
120,161,161,18,0
120,161,161,19,0
120,161,161,20,0
120,161,161,21,3
120,161,161,22,0
120,161,161,23,0
120,161,161,24,1
120,161,161,25,0
120,161,161,26,0
120,161,161,27,0
120,161,161,28,1
120,161,161,29,0
120,161,161,30,1
120,161,161,31,0
120,161,161,0,2
120,162,162,1,46
120,162,162,2,332
120,162,162,3,6
120,162,162,4,0
120,162,162,5,334
120,162,162,6,0
120,162,162,7,0
120,162,162,8,0
120,162,162,9,0
120,162,162,10,0
120,162,162,11,0
120,162,162,12,1
120,162,162,13,0
120,162,162,14,3
120,162,162,15,2
120,162,162,16,0
120,162,162,17,0
120,162,162,18,0
120,162,162,19,0
120,162,162,20,2
120,162,162,21,0
120,162,162,22,0
120,162,162,23,0
120,162,162,24,1
120,162,162,25,0
120,162,162,26,0
120,162,162,27,0
120,162,162,28,1
120,162,162,29,1
120,162,162,30,1
120,162,162,31,0
120,162,162,0,1
120,163,163,1,76
120,163,163,2,345
120,163,163,3,4
120,163,163,4,1
120,163,163,5,283
120,163,163,6,0
120,163,163,7,0
120,163,163,8,0
120,163,163,9,0
120,163,163,10,0
120,163,163,11,0
120,163,163,12,0
120,163,163,13,0
120,163,163,14,0
120,163,163,15,3
120,163,163,16,0
120,163,163,17,1
120,163,163,18,0
120,163,163,19,0
120,163,163,20,0
120,163,163,21,0
120,163,163,22,0
120,163,163,23,0
120,163,163,24,0
120,163,163,25,2
120,163,163,26,0
120,163,163,27,0
120,163,163,28,0
120,163,163,29,0
120,163,163,30,0
120,163,163,31,0
120,163,163,0,2
120,164,164,1,124
120,164,164,2,290
120,164,164,3,15
120,164,164,4,0
120,164,164,5,384
120,164,164,6,1
120,164,164,7,0
120,164,164,8,0
120,164,164,9,0
120,164,164,10,1
120,164,164,11,0
120,164,164,12,1
120,164,164,13,1
120,164,164,14,0
120,164,164,15,2
120,164,164,16,1
120,164,164,17,1
120,164,164,18,1
120,164,164,19,0
120,164,164,20,0
120,164,164,21,0
120,164,164,22,0
120,164,164,23,0
120,164,164,24,0
120,164,164,25,1
120,164,164,26,0
120,164,164,27,0
120,164,164,28,0
120,164,164,29,0
120,164,164,30,0
120,164,164,31,0
120,164,164,0,2
120,165,165,1,136
120,165,165,2,143
120,165,165,3,14
120,165,165,4,0
120,165,165,5,140
120,165,165,6,0
120,165,165,7,1
120,165,165,8,1
120,165,165,9,0
120,165,165,10,0
120,165,165,11,0
120,165,165,12,0
120,165,165,13,0
120,165,165,14,0
120,165,165,15,0
120,165,165,16,0
120,165,165,17,0
120,165,165,18,0
120,165,165,19,0
120,165,165,20,1
120,165,165,21,1
120,165,165,22,0
120,165,165,23,0
120,165,165,24,0
120,165,165,25,0
120,165,165,26,0
120,165,165,27,0
120,165,165,28,0
120,165,165,29,0
120,165,165,30,0
120,165,165,31,0
120,165,165,0,3
120,166,166,1,201
120,166,166,2,134
120,166,166,3,12
120,166,166,4,0
120,166,166,5,121
120,166,166,6,0
120,166,166,7,0
120,166,166,8,0
120,166,166,9,0
120,166,166,10,0
120,166,166,11,0
120,166,166,12,0
120,166,166,13,1
120,166,166,14,0
120,166,166,15,0
120,166,166,16,0
120,166,166,17,0
120,166,166,18,0
120,166,166,19,0
120,166,166,20,0
120,166,166,21,0
120,166,166,22,0
120,166,166,23,0
120,166,166,24,1
120,166,166,25,0
120,166,166,26,1
120,166,166,27,0
120,166,166,28,0
120,166,166,29,0
120,166,166,30,0
120,166,166,31,0
120,166,166,0,6
120,167,167,1,78
120,167,167,2,282
120,167,167,3,9
120,167,167,4,0
120,167,167,5,202
120,167,167,6,0
120,167,167,7,0
120,167,167,8,0
120,167,167,9,0
120,167,167,10,0
120,167,167,11,0
120,167,167,12,0
120,167,167,13,1
120,167,167,14,1
120,167,167,15,0
120,167,167,16,0
120,167,167,17,0
120,167,167,18,0
120,167,167,19,2
120,167,167,20,0
120,167,167,21,0
120,167,167,22,1
120,167,167,23,0
120,167,167,24,0
120,167,167,25,0
120,167,167,26,0
120,167,167,27,0
120,167,167,28,0
120,167,167,29,1
120,167,167,30,0
120,167,167,31,0
120,167,167,0,2
120,168,168,1,146
120,168,168,2,181
120,168,168,3,24
120,168,168,4,0
120,168,168,5,171
120,168,168,6,0
120,168,168,7,0
120,168,168,8,0
120,168,168,9,0
120,168,168,10,0
120,168,168,11,0
120,168,168,12,0
120,168,168,13,0
120,168,168,14,0
120,168,168,15,0
120,168,168,16,0
120,168,168,17,1
120,168,168,18,1
120,168,168,19,1
120,168,168,20,0
120,168,168,21,0
120,168,168,22,0
120,168,168,23,0
120,168,168,24,0
120,168,168,25,0
120,168,168,26,0
120,168,168,27,0
120,168,168,28,0
120,168,168,29,0
120,168,168,30,1
120,168,168,31,0
120,168,168,0,4
120,169,169,1,117
120,169,169,2,179
120,169,169,3,10
120,169,169,4,1
120,169,169,5,171
120,169,169,6,1
120,169,169,7,1
120,169,169,8,0
120,169,169,9,0
120,169,169,10,0
120,169,169,11,1
120,169,169,12,0
120,169,169,13,1
120,169,169,14,0
120,169,169,15,0
120,169,169,16,1
120,169,169,17,1
120,169,169,18,1
120,169,169,19,0
120,169,169,20,0
120,169,169,21,0
120,169,169,22,1
120,169,169,23,0
120,169,169,24,0
120,169,169,25,0
120,169,169,26,0
120,169,169,27,0
120,169,169,28,0
120,169,169,29,0
120,169,169,30,0
120,169,169,31,0
120,169,169,0,1
120,170,170,1,94
120,170,170,2,122
120,170,170,3,9
120,170,170,4,1
120,170,170,5,129
120,170,170,6,0
120,170,170,7,1
120,170,170,8,0
120,170,170,9,0
120,170,170,10,0
120,170,170,11,0
120,170,170,12,0
120,170,170,13,1
120,170,170,14,0
120,170,170,15,0
120,170,170,16,0
120,170,170,17,0
120,170,170,18,1
120,170,170,19,0
120,170,170,20,0
120,170,170,21,0
120,170,170,22,0
120,170,170,23,0
120,170,170,24,0
120,170,170,25,0
120,170,170,26,0
120,170,170,27,0
120,170,170,28,0
120,170,170,29,0
120,170,170,30,0
120,170,170,31,0
120,170,170,0,2
120,171,171,1,139
120,171,171,2,150
120,171,171,3,15
120,171,171,4,0
120,171,171,5,237
120,171,171,6,1
120,171,171,7,0
120,171,171,8,0
120,171,171,9,0
120,171,171,10,0
120,171,171,11,0
120,171,171,12,0
120,171,171,13,0
120,171,171,14,1
120,171,171,15,0
120,171,171,16,0
120,171,171,17,0
120,171,171,18,2
120,171,171,19,0
120,171,171,20,0
120,171,171,21,0
120,171,171,22,1
120,171,171,23,0
120,171,171,24,0
120,171,171,25,0
120,171,171,26,0
120,171,171,27,0
120,171,171,28,0
120,171,171,29,0
120,171,171,30,0
120,171,171,31,0
120,171,171,0,3
120,172,172,1,183
120,172,172,2,181
120,172,172,3,21
120,172,172,4,1
120,172,172,5,244
120,172,172,6,0
120,172,172,7,1
120,172,172,8,0
120,172,172,9,0
120,172,172,10,1
120,172,172,11,0
120,172,172,12,0
120,172,172,13,0
120,172,172,14,0
120,172,172,15,0
120,172,172,16,0
120,172,172,17,0
120,172,172,18,0
120,172,172,19,0
120,172,172,20,0
120,172,172,21,1
120,172,172,22,0
120,172,172,23,0
120,172,172,24,0
120,172,172,25,1
120,172,172,26,0
120,172,172,27,0
120,172,172,28,0
120,172,172,29,0
120,172,172,30,0
120,172,172,31,0
120,172,172,0,4
120,173,173,1,148
120,173,173,2,196
120,173,173,3,15
120,173,173,4,1
120,173,173,5,252
120,173,173,6,0
120,173,173,7,0
120,173,173,8,0
120,173,173,9,0
120,173,173,10,0
120,173,173,11,0
120,173,173,12,1
120,173,173,13,0
120,173,173,14,0
120,173,173,15,2
120,173,173,16,0
120,173,173,17,1
120,173,173,18,0
120,173,173,19,0
120,173,173,20,0
120,173,173,21,0
120,173,173,22,0
120,173,173,23,0
120,173,173,24,0
120,173,173,25,0
120,173,173,26,0
120,173,173,27,0
120,173,173,28,0
120,173,173,29,0
120,173,173,30,0
120,173,173,31,1
120,173,173,0,2
120,174,174,1,135
120,174,174,2,224
120,174,174,3,23
120,174,174,4,0
120,174,174,5,248
120,174,174,6,1
120,174,174,7,0
120,174,174,8,0
120,174,174,9,1
120,174,174,10,0
120,174,174,11,0
120,174,174,12,0
120,174,174,13,0
120,174,174,14,0
120,174,174,15,0
120,174,174,16,0
120,174,174,17,1
120,174,174,18,1
120,174,174,19,0
120,174,174,20,0
120,174,174,21,2
120,174,174,22,0
120,174,174,23,0
120,174,174,24,0
120,174,174,25,0
120,174,174,26,0
120,174,174,27,0
120,174,174,28,0
120,174,174,29,0
120,174,174,30,0
120,174,174,31,0
120,174,174,0,0
120,175,175,1,110
120,175,175,2,106
120,175,175,3,13
120,175,175,4,0
120,175,175,5,171
120,175,175,6,0
120,175,175,7,0
120,175,175,8,0
120,175,175,9,0
120,175,175,10,0
120,175,175,11,0
120,175,175,12,0
120,175,175,13,0
120,175,175,14,1
120,175,175,15,0
120,175,175,16,0
120,175,175,17,2
120,175,175,18,0
120,175,175,19,0
120,175,175,20,0
120,175,175,21,1
120,175,175,22,1
120,175,175,23,0
120,175,175,24,0
120,175,175,25,0
120,175,175,26,0
120,175,175,27,0
120,175,175,28,0
120,175,175,29,0
120,175,175,30,0
120,175,175,31,0
120,175,175,0,1
120,176,176,1,156
120,176,176,2,142
120,176,176,3,13
120,176,176,4,2
120,176,176,5,139
120,176,176,6,3
120,176,176,7,0
120,176,176,8,1
120,176,176,9,1
120,176,176,10,0
120,176,176,11,0
120,176,176,12,0
120,176,176,13,0
120,176,176,14,0
120,176,176,15,0
120,176,176,16,1
120,176,176,17,0
120,176,176,18,0
120,176,176,19,0
120,176,176,20,0
120,176,176,21,0
120,176,176,22,0
120,176,176,23,0
120,176,176,24,0
120,176,176,25,0
120,176,176,26,0
120,176,176,27,0
120,176,176,28,0
120,176,176,29,0
120,176,176,30,0
120,176,176,31,0
120,176,176,0,5
120,177,177,1,138
120,177,177,2,140
120,177,177,3,9
120,177,177,4,0
120,177,177,5,169
120,177,177,6,0
120,177,177,7,0
120,177,177,8,0
120,177,177,9,0
120,177,177,10,1
120,177,177,11,0
120,177,177,12,0
120,177,177,13,0
120,177,177,14,0
120,177,177,15,0
120,177,177,16,1
120,177,177,17,0
120,177,177,18,0
120,177,177,19,0
120,177,177,20,0
120,177,177,21,1
120,177,177,22,0
120,177,177,23,0
120,177,177,24,0
120,177,177,25,0
120,177,177,26,0
120,177,177,27,0
120,177,177,28,0
120,177,177,29,0
120,177,177,30,0
120,177,177,31,0
120,177,177,0,2
120,178,178,1,77
120,178,178,2,78
120,178,178,3,9
120,178,178,4,1
120,178,178,5,85
120,178,178,6,0
120,178,178,7,0
120,178,178,8,0
120,178,178,9,0
120,178,178,10,0
120,178,178,11,1
120,178,178,12,0
120,178,178,13,0
120,178,178,14,0
120,178,178,15,0
120,178,178,16,0
120,178,178,17,0
120,178,178,18,0
120,178,178,19,2
120,178,178,20,0
120,178,178,21,0
120,178,178,22,0
120,178,178,23,0
120,178,178,24,0
120,178,178,25,0
120,178,178,26,0
120,178,178,27,0
120,178,178,28,0
120,178,178,29,0
120,178,178,30,0
120,178,178,31,0
120,178,178,0,1
120,179,179,1,19
120,179,179,2,699
120,179,179,3,14
120,179,179,4,0
120,179,179,5,114
120,179,179,6,0
120,179,179,7,0
120,179,179,8,0
120,179,179,9,0
120,179,179,10,0
120,179,179,11,0
120,179,179,12,0
120,179,179,13,0
120,179,179,14,1
120,179,179,15,0
120,179,179,16,0
120,179,179,17,1
120,179,179,18,1
120,179,179,19,0
120,179,179,20,0
120,179,179,21,0
120,179,179,22,0
120,179,179,23,0
120,179,179,24,0
120,179,179,25,0
120,179,179,26,0
120,179,179,27,0
120,179,179,28,0
120,179,179,29,0
120,179,179,30,0
120,179,179,31,0
120,179,179,0,2
120,181,181,1,11
120,181,181,2,600
120,181,181,3,15
120,181,181,4,0
120,181,181,5,74
120,181,181,6,0
120,181,181,7,0
120,181,181,8,0
120,181,181,9,0
120,181,181,10,0
120,181,181,11,0
120,181,181,12,0
120,181,181,13,0
120,181,181,14,1
120,181,181,15,1
120,181,181,16,0
120,181,181,17,1
120,181,181,18,4
120,181,181,19,0
120,181,181,20,0
120,181,181,21,0
120,181,181,22,0
120,181,181,23,0
120,181,181,24,0
120,181,181,25,0
120,181,181,26,0
120,181,181,27,0
120,181,181,28,0
120,181,181,29,0
120,181,181,30,0
120,181,181,31,0
120,181,181,0,2
120,182,182,1,76
120,182,182,2,268
120,182,182,3,14
120,182,182,4,1
120,182,182,5,198
120,182,182,6,0
120,182,182,7,0
120,182,182,8,0
120,182,182,9,0
120,182,182,10,0
120,182,182,11,0
120,182,182,12,0
120,182,182,13,0
120,182,182,14,0
120,182,182,15,1
120,182,182,16,0
120,182,182,17,0
120,182,182,18,0
120,182,182,19,0
120,182,182,20,0
120,182,182,21,0
120,182,182,22,0
120,182,182,23,0
120,182,182,24,0
120,182,182,25,0
120,182,182,26,0
120,182,182,27,0
120,182,182,28,0
120,182,182,29,0
120,182,182,30,0
120,182,182,31,0
120,182,182,0,2
120,183,183,1,73
120,183,183,2,435
120,183,183,3,20
120,183,183,4,0
120,183,183,5,121
120,183,183,6,0
120,183,183,7,0
120,183,183,8,0
120,183,183,9,5
120,183,183,10,0
120,183,183,11,0
120,183,183,12,0
120,183,183,13,0
120,183,183,14,1
120,183,183,15,0
120,183,183,16,1
120,183,183,17,0
120,183,183,18,0
120,183,183,19,0
120,183,183,20,0
120,183,183,21,0
120,183,183,22,0
120,183,183,23,0
120,183,183,24,0
120,183,183,25,1
120,183,183,26,0
120,183,183,27,0
120,183,183,28,0
120,183,183,29,0
120,183,183,30,0
120,183,183,31,0
120,183,183,0,5
120,184,184,1,48
120,184,184,2,412
120,184,184,3,16
120,184,184,4,1
120,184,184,5,134
120,184,184,6,0
120,184,184,7,0
120,184,184,8,0
120,184,184,9,0
120,184,184,10,0
120,184,184,11,0
120,184,184,12,0
120,184,184,13,0
120,184,184,14,0
120,184,184,15,1
120,184,184,16,0
120,184,184,17,1
120,184,184,18,2
120,184,184,19,0
120,184,184,20,0
120,184,184,21,0
120,184,184,22,0
120,184,184,23,0
120,184,184,24,0
120,184,184,25,0
120,184,184,26,0
120,184,184,27,0
120,184,184,28,0
120,184,184,29,0
120,184,184,30,0
120,184,184,31,0
120,184,184,0,0
120,185,185,1,79
120,185,185,2,230
120,185,185,3,3
120,185,185,4,0
120,185,185,5,231
120,185,185,6,0
120,185,185,7,0
120,185,185,8,0
120,185,185,9,0
120,185,185,10,0
120,185,185,11,0
120,185,185,12,0
120,185,185,13,0
120,185,185,14,0
120,185,185,15,0
120,185,185,16,2
120,185,185,17,0
120,185,185,18,1
120,185,185,19,0
120,185,185,20,0
120,185,185,21,0
120,185,185,22,0
120,185,185,23,0
120,185,185,24,0
120,185,185,25,0
120,185,185,26,0
120,185,185,27,1
120,185,185,28,0
120,185,185,29,0
120,185,185,30,0
120,185,185,31,0
120,185,185,0,3
120,186,186,1,68
120,186,186,2,206
120,186,186,3,12
120,186,186,4,0
120,186,186,5,375
120,186,186,6,0
120,186,186,7,0
120,186,186,8,1
120,186,186,9,0
120,186,186,10,0
120,186,186,11,0
120,186,186,12,0
120,186,186,13,0
120,186,186,14,3
120,186,186,15,0
120,186,186,16,1
120,186,186,17,1
120,186,186,18,0
120,186,186,19,0
120,186,186,20,0
120,186,186,21,0
120,186,186,22,0
120,186,186,23,0
120,186,186,24,0
120,186,186,25,0
120,186,186,26,0
120,186,186,27,0
120,186,186,28,0
120,186,186,29,0
120,186,186,30,0
120,186,186,31,0
120,186,186,0,2
120,187,187,1,43
120,187,187,2,123
120,187,187,3,4
120,187,187,4,0
120,187,187,5,205
120,187,187,6,1
120,187,187,7,0
120,187,187,8,0
120,187,187,9,0
120,187,187,10,0
120,187,187,11,0
120,187,187,12,1
120,187,187,13,0
120,187,187,14,0
120,187,187,15,0
120,187,187,16,1
120,187,187,17,2
120,187,187,18,0
120,187,187,19,0
120,187,187,20,0
120,187,187,21,0
120,187,187,22,0
120,187,187,23,0
120,187,187,24,0
120,187,187,25,0
120,187,187,26,0
120,187,187,27,0
120,187,187,28,0
120,187,187,29,1
120,187,187,30,0
120,187,187,31,0
120,187,187,0,3
120,188,188,1,68
120,188,188,2,110
120,188,188,3,16
120,188,188,4,0
120,188,188,5,117
120,188,188,6,1
120,188,188,7,0
120,188,188,8,0
120,188,188,9,0
120,188,188,10,0
120,188,188,11,0
120,188,188,12,0
120,188,188,13,0
120,188,188,14,0
120,188,188,15,0
120,188,188,16,1
120,188,188,17,0
120,188,188,18,0
120,188,188,19,0
120,188,188,20,0
120,188,188,21,0
120,188,188,22,0
120,188,188,23,0
120,188,188,24,0
120,188,188,25,0
120,188,188,26,0
120,188,188,27,0
120,188,188,28,0
120,188,188,29,0
120,188,188,30,0
120,188,188,31,0
120,188,188,0,1
120,189,189,1,189
120,189,189,2,197
120,189,189,3,13
120,189,189,4,1
120,189,189,5,184
120,189,189,6,0
120,189,189,7,0
120,189,189,8,0
120,189,189,9,0
120,189,189,10,0
120,189,189,11,0
120,189,189,12,1
120,189,189,13,0
120,189,189,14,1
120,189,189,15,0
120,189,189,16,3
120,189,189,17,1
120,189,189,18,1
120,189,189,19,0
120,189,189,20,0
120,189,189,21,0
120,189,189,22,0
120,189,189,23,0
120,189,189,24,0
120,189,189,25,0
120,189,189,26,0
120,189,189,27,0
120,189,189,28,0
120,189,189,29,2
120,189,189,30,0
120,189,189,31,0
120,189,189,0,4
120,190,190,1,69
120,190,190,2,337
120,190,190,3,8
120,190,190,4,0
120,190,190,5,107
120,190,190,6,1
120,190,190,7,0
120,190,190,8,0
120,190,190,9,0
120,190,190,10,0
120,190,190,11,0
120,190,190,12,0
120,190,190,13,0
120,190,190,14,1
120,190,190,15,0
120,190,190,16,0
120,190,190,17,0
120,190,190,18,0
120,190,190,19,0
120,190,190,20,0
120,190,190,21,0
120,190,190,22,0
120,190,190,23,0
120,190,190,24,0
120,190,190,25,0
120,190,190,26,0
120,190,190,27,0
120,190,190,28,0
120,190,190,29,0
120,190,190,30,0
120,190,190,31,0
120,190,190,0,0
120,191,191,1,0
120,191,191,2,196
120,191,191,3,5
120,191,191,4,0
120,191,191,5,343
120,191,191,6,0
120,191,191,7,0
120,191,191,8,0
120,191,191,9,0
120,191,191,10,0
120,191,191,11,2
120,191,191,12,1
120,191,191,13,0
120,191,191,14,0
120,191,191,15,1
120,191,191,16,0
120,191,191,17,0
120,191,191,18,2
120,191,191,19,0
120,191,191,20,0
120,191,191,21,1
120,191,191,22,0
120,191,191,23,0
120,191,191,24,0
120,191,191,25,0
120,191,191,26,0
120,191,191,27,0
120,191,191,28,0
120,191,191,29,0
120,191,191,30,0
120,191,191,31,0
120,191,191,0,3
120,192,192,1,0
120,192,192,2,0
120,192,192,3,0
120,192,192,4,0
120,192,192,5,0
120,192,192,6,0
120,192,192,7,0
120,192,192,8,0
120,192,192,9,0
120,192,192,10,0
120,192,192,11,0
120,192,192,12,0
120,192,192,13,0
120,192,192,14,0
120,192,192,15,0
120,192,192,16,0
120,192,192,17,0
120,192,192,18,0
120,192,192,19,0
120,192,192,20,0
120,192,192,21,0
120,192,192,22,0
120,192,192,23,0
120,192,192,24,0
120,192,192,25,0
120,192,192,26,0
120,192,192,27,0
120,192,192,28,0
120,192,192,29,0
120,192,192,30,0
120,192,192,31,0
120,192,192,0,0
120,192,192,1,10
120,192,192,2,604
120,192,192,3,6
120,192,192,4,1
120,192,192,5,83
120,192,192,6,0
120,192,192,7,0
120,192,192,8,0
120,192,192,9,1
120,192,192,10,1
120,192,192,11,0
120,192,192,12,0
120,192,192,13,0
120,192,192,14,0
120,192,192,15,0
120,192,192,16,1
120,192,192,17,1
120,192,192,18,0
120,192,192,19,1
120,192,192,20,0
120,192,192,21,0
120,192,192,22,0
120,192,192,23,0
120,192,192,24,0
120,192,192,25,0
120,192,192,26,0
120,192,192,27,0
120,192,192,28,0
120,192,192,29,0
120,192,192,30,0
120,192,192,31,0
120,192,192,0,1
120,193,193,1,0
120,193,193,2,0
120,193,193,3,0
120,193,193,4,0
120,193,193,5,0
120,193,193,6,0
120,193,193,7,0
120,193,193,8,0
120,193,193,9,0
120,193,193,10,0
120,193,193,11,0
120,193,193,12,0
120,193,193,13,0
120,193,193,14,0
120,193,193,15,0
120,193,193,16,0
120,193,193,17,0
120,193,193,18,0
120,193,193,19,0
120,193,193,20,0
120,193,193,21,0
120,193,193,22,0
120,193,193,23,0
120,193,193,24,0
120,193,193,25,0
120,193,193,26,0
120,193,193,27,0
120,193,193,28,0
120,193,193,29,0
120,193,193,30,0
120,193,193,31,0
120,193,193,0,0
120,193,193,1,3
120,193,193,2,524
120,193,193,3,12
120,193,193,4,1
120,193,193,5,110
120,193,193,6,0
120,193,193,7,0
120,193,193,8,0
120,193,193,9,0
120,193,193,10,0
120,193,193,11,0
120,193,193,12,0
120,193,193,13,0
120,193,193,14,0
120,193,193,15,0
120,193,193,16,0
120,193,193,17,0
120,193,193,18,3
120,193,193,19,0
120,193,193,20,0
120,193,193,21,1
120,193,193,22,1
120,193,193,23,0
120,193,193,24,0
120,193,193,25,0
120,193,193,26,0
120,193,193,27,0
120,193,193,28,0
120,193,193,29,1
120,193,193,30,0
120,193,193,31,0
120,193,193,0,0
120,194,194,1,6
120,194,194,2,618
120,194,194,3,4
120,194,194,4,0
120,194,194,5,72
120,194,194,6,0
120,194,194,7,0
120,194,194,8,0
120,194,194,9,1
120,194,194,10,0
120,194,194,11,0
120,194,194,12,0
120,194,194,13,0
120,194,194,14,0
120,194,194,15,1
120,194,194,16,0
120,194,194,17,0
120,194,194,18,3
120,194,194,19,0
120,194,194,20,0
120,194,194,21,0
120,194,194,22,0
120,194,194,23,0
120,194,194,24,0
120,194,194,25,0
120,194,194,26,0
120,194,194,27,0
120,194,194,28,0
120,194,194,29,0
120,194,194,30,0
120,194,194,31,0
120,194,194,0,1
120,195,195,1,9
120,195,195,2,545
120,195,195,3,10
120,195,195,4,0
120,195,195,5,65
120,195,195,6,2
120,195,195,7,0
120,195,195,8,0
120,195,195,9,0
120,195,195,10,0
120,195,195,11,0
120,195,195,12,0
120,195,195,13,0
120,195,195,14,3
120,195,195,15,0
120,195,195,16,0
120,195,195,17,1
120,195,195,18,0
120,195,195,19,1
120,195,195,20,0
120,195,195,21,0
120,195,195,22,0
120,195,195,23,0
120,195,195,24,0
120,195,195,25,0
120,195,195,26,0
120,195,195,27,0
120,195,195,28,0
120,195,195,29,0
120,195,195,30,0
120,195,195,31,0
120,195,195,0,1
120,196,196,1,13
120,196,196,2,630
120,196,196,3,11
120,196,196,4,0
120,196,196,5,49
120,196,196,6,0
120,196,196,7,0
120,196,196,8,0
120,196,196,9,0
120,196,196,10,0
120,196,196,11,0
120,196,196,12,0
120,196,196,13,0
120,196,196,14,0
120,196,196,15,1
120,196,196,16,0
120,196,196,17,0
120,196,196,18,1
120,196,196,19,0
120,196,196,20,0
120,196,196,21,0
120,196,196,22,0
120,196,196,23,0
120,196,196,24,0
120,196,196,25,0
120,196,196,26,0
120,196,196,27,0
120,196,196,28,0
120,196,196,29,0
120,196,196,30,0
120,196,196,31,0
120,196,196,0,4
120,197,197,1,62
120,197,197,2,544
120,197,197,3,14
120,197,197,4,1
120,197,197,5,190
120,197,197,6,0
120,197,197,7,0
120,197,197,8,0
120,197,197,9,0
120,197,197,10,0
120,197,197,11,0
120,197,197,12,0
120,197,197,13,0
120,197,197,14,2
120,197,197,15,0
120,197,197,16,0
120,197,197,17,1
120,197,197,18,1
120,197,197,19,1
120,197,197,20,0
120,197,197,21,0
120,197,197,22,0
120,197,197,23,0
120,197,197,24,0
120,197,197,25,0
120,197,197,26,0
120,197,197,27,0
120,197,197,28,2
120,197,197,29,0
120,197,197,30,0
120,197,197,31,0
120,197,197,0,2
120,199,199,1,44
120,199,199,2,418
120,199,199,3,11
120,199,199,4,0
120,199,199,5,201
120,199,199,6,0
120,199,199,7,0
120,199,199,8,0
120,199,199,9,0
120,199,199,10,0
120,199,199,11,0
120,199,199,12,0
120,199,199,13,0
120,199,199,14,1
120,199,199,15,0
120,199,199,16,0
120,199,199,17,0
120,199,199,18,1
120,199,199,19,0
120,199,199,20,0
120,199,199,21,0
120,199,199,22,0
120,199,199,23,0
120,199,199,24,0
120,199,199,25,0
120,199,199,26,0
120,199,199,27,0
120,199,199,28,0
120,199,199,29,0
120,199,199,30,0
120,199,199,31,2
120,199,199,0,2
120,200,200,1,14
120,200,200,2,591
120,200,200,3,3
120,200,200,4,1
120,200,200,5,50
120,200,200,6,0
120,200,200,7,0
120,200,200,8,0
120,200,200,9,1
120,200,200,10,0
120,200,200,11,1
120,200,200,12,0
120,200,200,13,0
120,200,200,14,3
120,200,200,15,0
120,200,200,16,1
120,200,200,17,0
120,200,200,18,4
120,200,200,19,0
120,200,200,20,0
120,200,200,21,0
120,200,200,22,0
120,200,200,23,0
120,200,200,24,0
120,200,200,25,0
120,200,200,26,0
120,200,200,27,0
120,200,200,28,0
120,200,200,29,0
120,200,200,30,0
120,200,200,31,0
120,200,200,0,4
120,201,201,1,72
120,201,201,2,225
120,201,201,3,9
120,201,201,4,0
120,201,201,5,94
120,201,201,6,0
120,201,201,7,0
120,201,201,8,0
120,201,201,9,0
120,201,201,10,0
120,201,201,11,0
120,201,201,12,0
120,201,201,13,0
120,201,201,14,0
120,201,201,15,0
120,201,201,16,0
120,201,201,17,0
120,201,201,18,0
120,201,201,19,0
120,201,201,20,0
120,201,201,21,0
120,201,201,22,0
120,201,201,23,0
120,201,201,24,0
120,201,201,25,1
120,201,201,26,0
120,201,201,27,0
120,201,201,28,0
120,201,201,29,0
120,201,201,30,0
120,201,201,31,0
120,201,201,0,1
120,202,202,1,22
120,202,202,2,336
120,202,202,3,7
120,202,202,4,0
120,202,202,5,127
120,202,202,6,0
120,202,202,7,0
120,202,202,8,0
120,202,202,9,1
120,202,202,10,0
120,202,202,11,0
120,202,202,12,0
120,202,202,13,0
120,202,202,14,2
120,202,202,15,1
120,202,202,16,0
120,202,202,17,1
120,202,202,18,3
120,202,202,19,0
120,202,202,20,1
120,202,202,21,1
120,202,202,22,0
120,202,202,23,0
120,202,202,24,0
120,202,202,25,0
120,202,202,26,1
120,202,202,27,0
120,202,202,28,0
120,202,202,29,0
120,202,202,30,0
120,202,202,31,0
120,202,202,0,2
120,203,203,1,62
120,203,203,2,416
120,203,203,3,12
120,203,203,4,0
120,203,203,5,78
120,203,203,6,0
120,203,203,7,0
120,203,203,8,0
120,203,203,9,0
120,203,203,10,0
120,203,203,11,0
120,203,203,12,0
120,203,203,13,0
120,203,203,14,1
120,203,203,15,0
120,203,203,16,0
120,203,203,17,0
120,203,203,18,0
120,203,203,19,0
120,203,203,20,0
120,203,203,21,1
120,203,203,22,0
120,203,203,23,0
120,203,203,24,0
120,203,203,25,0
120,203,203,26,0
120,203,203,27,0
120,203,203,28,0
120,203,203,29,0
120,203,203,30,0
120,203,203,31,0
120,203,203,0,1
120,204,204,1,80
120,204,204,2,430
120,204,204,3,10
120,204,204,4,0
120,204,204,5,127
120,204,204,6,0
120,204,204,7,0
120,204,204,8,2
120,204,204,9,1
120,204,204,10,0
120,204,204,11,0
120,204,204,12,0
120,204,204,13,0
120,204,204,14,0
120,204,204,15,0
120,204,204,16,0
120,204,204,17,0
120,204,204,18,1
120,204,204,19,0
120,204,204,20,0
120,204,204,21,0
120,204,204,22,0
120,204,204,23,0
120,204,204,24,0
120,204,204,25,0
120,204,204,26,0
120,204,204,27,0
120,204,204,28,0
120,204,204,29,0
120,204,204,30,0
120,204,204,31,0
120,204,204,0,1
120,205,205,1,72
120,205,205,2,426
120,205,205,3,10
120,205,205,4,0
120,205,205,5,182
120,205,205,6,0
120,205,205,7,0
120,205,205,8,0
120,205,205,9,0
120,205,205,10,0
120,205,205,11,0
120,205,205,12,0
120,205,205,13,0
120,205,205,14,1
120,205,205,15,0
120,205,205,16,0
120,205,205,17,0
120,205,205,18,0
120,205,205,19,0
120,205,205,20,0
120,205,205,21,0
120,205,205,22,0
120,205,205,23,0
120,205,205,24,0
120,205,205,25,0
120,205,205,26,0
120,205,205,27,0
120,205,205,28,0
120,205,205,29,0
120,205,205,30,0
120,205,205,31,0
120,205,205,0,2
120,206,206,1,47
120,206,206,2,343
120,206,206,3,7
120,206,206,4,1
120,206,206,5,143
120,206,206,6,0
120,206,206,7,0
120,206,206,8,0
120,206,206,9,0
120,206,206,10,0
120,206,206,11,0
120,206,206,12,0
120,206,206,13,0
120,206,206,14,2
120,206,206,15,0
120,206,206,16,0
120,206,206,17,1
120,206,206,18,3
120,206,206,19,1
120,206,206,20,0
120,206,206,21,0
120,206,206,22,0
120,206,206,23,0
120,206,206,24,0
120,206,206,25,0
120,206,206,26,0
120,206,206,27,0
120,206,206,28,0
120,206,206,29,1
120,206,206,30,0
120,206,206,31,0
120,206,206,0,1
120,207,207,1,166
120,207,207,2,273
120,207,207,3,36
120,207,207,4,0
120,207,207,5,390
120,207,207,6,1
120,207,207,7,0
120,207,207,8,0
120,207,207,9,1
120,207,207,10,0
120,207,207,11,0
120,207,207,12,0
120,207,207,13,1
120,207,207,14,3
120,207,207,15,2
120,207,207,16,1
120,207,207,17,0
120,207,207,18,1
120,207,207,19,0
120,207,207,20,0
120,207,207,21,1
120,207,207,22,1
120,207,207,23,0
120,207,207,24,0
120,207,207,25,0
120,207,207,26,0
120,207,207,27,0
120,207,207,28,0
120,207,207,29,0
120,207,207,30,0
120,207,207,31,0
120,207,207,0,5
120,208,208,1,114
120,208,208,2,212
120,208,208,3,12
120,208,208,4,0
120,208,208,5,281
120,208,208,6,1
120,208,208,7,0
120,208,208,8,0
120,208,208,9,0
120,208,208,10,0
120,208,208,11,0
120,208,208,12,0
120,208,208,13,0
120,208,208,14,1
120,208,208,15,1
120,208,208,16,0
120,208,208,17,1
120,208,208,18,0
120,208,208,19,0
120,208,208,20,0
120,208,208,21,1
120,208,208,22,0
120,208,208,23,0
120,208,208,24,0
120,208,208,25,0
120,208,208,26,0
120,208,208,27,1
120,208,208,28,0
120,208,208,29,0
120,208,208,30,0
120,208,208,31,0
120,208,208,0,1
120,209,209,1,132
120,209,209,2,323
120,209,209,3,10
120,209,209,4,0
120,209,209,5,267
120,209,209,6,1
120,209,209,7,0
120,209,209,8,0
120,209,209,9,0
120,209,209,10,0
120,209,209,11,0
120,209,209,12,0
120,209,209,13,0
120,209,209,14,0
120,209,209,15,0
120,209,209,16,0
120,209,209,17,0
120,209,209,18,1
120,209,209,19,0
120,209,209,20,1
120,209,209,21,1
120,209,209,22,3
120,209,209,23,0
120,209,209,24,0
120,209,209,25,0
120,209,209,26,3
120,209,209,27,0
120,209,209,28,0
120,209,209,29,1
120,209,209,30,0
120,209,209,31,0
120,209,209,0,3
120,210,210,1,105
120,210,210,2,264
120,210,210,3,21
120,210,210,4,3
120,210,210,5,421
120,210,210,6,2
120,210,210,7,1
120,210,210,8,0
120,210,210,9,0
120,210,210,10,0
120,210,210,11,1
120,210,210,12,0
120,210,210,13,0
120,210,210,14,0
120,210,210,15,0
120,210,210,16,1
120,210,210,17,0
120,210,210,18,1
120,210,210,19,0
120,210,210,20,0
120,210,210,21,0
120,210,210,22,0
120,210,210,23,0
120,210,210,24,0
120,210,210,25,0
120,210,210,26,0
120,210,210,27,0
120,210,210,28,0
120,210,210,29,0
120,210,210,30,0
120,210,210,31,0
120,210,210,0,2
120,211,211,1,118
120,211,211,2,272
120,211,211,3,14
120,211,211,4,3
120,211,211,5,397
120,211,211,6,0
120,211,211,7,0
120,211,211,8,0
120,211,211,9,0
120,211,211,10,0
120,211,211,11,0
120,211,211,12,0
120,211,211,13,0
120,211,211,14,0
120,211,211,15,2
120,211,211,16,0
120,211,211,17,1
120,211,211,18,2
120,211,211,19,0
120,211,211,20,0
120,211,211,21,1
120,211,211,22,0
120,211,211,23,0
120,211,211,24,0
120,211,211,25,1
120,211,211,26,0
120,211,211,27,1
120,211,211,28,1
120,211,211,29,0
120,211,211,30,0
120,211,211,31,0
120,211,211,0,0
120,212,212,1,47
120,212,212,2,107
120,212,212,3,7
120,212,212,4,0
120,212,212,5,225
120,212,212,6,0
120,212,212,7,0
120,212,212,8,0
120,212,212,9,0
120,212,212,10,0
120,212,212,11,0
120,212,212,12,0
120,212,212,13,0
120,212,212,14,0
120,212,212,15,0
120,212,212,16,0
120,212,212,17,0
120,212,212,18,0
120,212,212,19,0
120,212,212,20,0
120,212,212,21,2
120,212,212,22,0
120,212,212,23,0
120,212,212,24,0
120,212,212,25,0
120,212,212,26,0
120,212,212,27,0
120,212,212,28,0
120,212,212,29,0
120,212,212,30,0
120,212,212,31,0
120,212,212,0,2
120,213,213,1,84
120,213,213,2,201
120,213,213,3,8
120,213,213,4,0
120,213,213,5,337
120,213,213,6,0
120,213,213,7,1
120,213,213,8,0
120,213,213,9,1
120,213,213,10,0
120,213,213,11,0
120,213,213,12,0
120,213,213,13,0
120,213,213,14,0
120,213,213,15,1
120,213,213,16,0
120,213,213,17,1
120,213,213,18,1
120,213,213,19,0
120,213,213,20,0
120,213,213,21,2
120,213,213,22,0
120,213,213,23,0
120,213,213,24,0
120,213,213,25,0
120,213,213,26,0
120,213,213,27,0
120,213,213,28,0
120,213,213,29,0
120,213,213,30,1
120,213,213,31,0
120,213,213,0,1
120,214,214,1,110
120,214,214,2,259
120,214,214,3,5
120,214,214,4,3
120,214,214,5,301
120,214,214,6,1
120,214,214,7,0
120,214,214,8,0
120,214,214,9,0
120,214,214,10,0
120,214,214,11,0
120,214,214,12,0
120,214,214,13,0
120,214,214,14,1
120,214,214,15,1
120,214,214,16,2
120,214,214,17,3
120,214,214,18,2
120,214,214,19,0
120,214,214,20,0
120,214,214,21,1
120,214,214,22,0
120,214,214,23,0
120,214,214,24,0
120,214,214,25,0
120,214,214,26,1
120,214,214,27,1
120,214,214,28,1
120,214,214,29,0
120,214,214,30,0
120,214,214,31,0
120,214,214,0,1
120,215,215,1,138
120,215,215,2,215
120,215,215,3,21
120,215,215,4,0
120,215,215,5,430
120,215,215,6,0
120,215,215,7,1
120,215,215,8,0
120,215,215,9,0
120,215,215,10,0
120,215,215,11,0
120,215,215,12,0
120,215,215,13,1
120,215,215,14,1
120,215,215,15,0
120,215,215,16,2
120,215,215,17,0
120,215,215,18,1
120,215,215,19,0
120,215,215,20,0
120,215,215,21,1
120,215,215,22,1
120,215,215,23,0
120,215,215,24,0
120,215,215,25,0
120,215,215,26,1
120,215,215,27,0
120,215,215,28,0
120,215,215,29,0
120,215,215,30,0
120,215,215,31,0
120,215,215,0,1
120,216,216,1,153
120,216,216,2,213
120,216,216,3,16
120,216,216,4,0
120,216,216,5,361
120,216,216,6,2
120,216,216,7,0
120,216,216,8,0
120,216,216,9,0
120,216,216,10,1
120,216,216,11,0
120,216,216,12,2
120,216,216,13,0
120,216,216,14,1
120,216,216,15,0
120,216,216,16,0
120,216,216,17,0
120,216,216,18,0
120,216,216,19,0
120,216,216,20,0
120,216,216,21,0
120,216,216,22,0
120,216,216,23,0
120,216,216,24,0
120,216,216,25,0
120,216,216,26,0
120,216,216,27,0
120,216,216,28,0
120,216,216,29,1
120,216,216,30,1
120,216,216,31,0
120,216,216,0,4
120,217,217,1,188
120,217,217,2,140
120,217,217,3,14
120,217,217,4,1
120,217,217,5,381
120,217,217,6,0
120,217,217,7,0
120,217,217,8,1
120,217,217,9,0
120,217,217,10,1
120,217,217,11,0
120,217,217,12,0
120,217,217,13,0
120,217,217,14,0
120,217,217,15,1
120,217,217,16,1
120,217,217,17,0
120,217,217,18,0
120,217,217,19,0
120,217,217,20,0
120,217,217,21,0
120,217,217,22,1
120,217,217,23,0
120,217,217,24,0
120,217,217,25,0
120,217,217,26,0
120,217,217,27,0
120,217,217,28,0
120,217,217,29,0
120,217,217,30,0
120,217,217,31,0
120,217,217,0,3
120,218,218,1,166
120,218,218,2,150
120,218,218,3,20
120,218,218,4,0
120,218,218,5,524
120,218,218,6,0
120,218,218,7,0
120,218,218,8,0
120,218,218,9,0
120,218,218,10,0
120,218,218,11,0
120,218,218,12,0
120,218,218,13,1
120,218,218,14,3
120,218,218,15,1
120,218,218,16,0
120,218,218,17,2
120,218,218,18,2
120,218,218,19,0
120,218,218,20,1
120,218,218,21,0
120,218,218,22,1
120,218,218,23,0
120,218,218,24,1
120,218,218,25,1
120,218,218,26,0
120,218,218,27,0
120,218,218,28,0
120,218,218,29,0
120,218,218,30,0
120,218,218,31,0
120,218,218,0,3
120,219,219,1,129
120,219,219,2,151
120,219,219,3,6
120,219,219,4,1
120,219,219,5,356
120,219,219,6,2
120,219,219,7,1
120,219,219,8,0
120,219,219,9,0
120,219,219,10,0
120,219,219,11,1
120,219,219,12,0
120,219,219,13,0
120,219,219,14,2
120,219,219,15,0
120,219,219,16,2
120,219,219,17,0
120,219,219,18,1
120,219,219,19,0
120,219,219,20,1
120,219,219,21,1
120,219,219,22,1
120,219,219,23,0
120,219,219,24,0
120,219,219,25,3
120,219,219,26,0
120,219,219,27,0
120,219,219,28,0
120,219,219,29,1
120,219,219,30,0
120,219,219,31,0
120,219,219,0,5
120,220,220,1,109
120,220,220,2,257
120,220,220,3,20
120,220,220,4,1
120,220,220,5,419
120,220,220,6,1
120,220,220,7,0
120,220,220,8,0
120,220,220,9,0
120,220,220,10,0
120,220,220,11,0
120,220,220,12,0
120,220,220,13,0
120,220,220,14,1
120,220,220,15,0
120,220,220,16,0
120,220,220,17,0
120,220,220,18,2
120,220,220,19,0
120,220,220,20,0
120,220,220,21,1
120,220,220,22,0
120,220,220,23,0
120,220,220,24,0
120,220,220,25,1
120,220,220,26,1
120,220,220,27,0
120,220,220,28,1
120,220,220,29,0
120,220,220,30,0
120,220,220,31,0
120,220,220,0,0
120,221,221,1,141
120,221,221,2,356
120,221,221,3,15
120,221,221,4,0
120,221,221,5,327
120,221,221,6,0
120,221,221,7,0
120,221,221,8,0
120,221,221,9,0
120,221,221,10,0
120,221,221,11,0
120,221,221,12,0
120,221,221,13,0
120,221,221,14,1
120,221,221,15,0
120,221,221,16,2
120,221,221,17,1
120,221,221,18,1
120,221,221,19,0
120,221,221,20,0
120,221,221,21,0
120,221,221,22,1
120,221,221,23,0
120,221,221,24,0
120,221,221,25,0
120,221,221,26,0
120,221,221,27,1
120,221,221,28,0
120,221,221,29,0
120,221,221,30,1
120,221,221,31,2
120,221,221,0,4
120,222,222,1,137
120,222,222,2,99
120,222,222,3,13
120,222,222,4,0
120,222,222,5,122
120,222,222,6,0
120,222,222,7,0
120,222,222,8,0
120,222,222,9,1
120,222,222,10,1
120,222,222,11,0
120,222,222,12,0
120,222,222,13,0
120,222,222,14,1
120,222,222,15,1
120,222,222,16,0
120,222,222,17,0
120,222,222,18,0
120,222,222,19,0
120,222,222,20,0
120,222,222,21,0
120,222,222,22,0
120,222,222,23,0
120,222,222,24,0
120,222,222,25,0
120,222,222,26,0
120,222,222,27,0
120,222,222,28,0
120,222,222,29,0
120,222,222,30,0
120,222,222,31,0
120,222,222,0,2
120,223,223,1,112
120,223,223,2,127
120,223,223,3,15
120,223,223,4,0
120,223,223,5,149
120,223,223,6,1
120,223,223,7,0
120,223,223,8,0
120,223,223,9,0
120,223,223,10,0
120,223,223,11,0
120,223,223,12,1
120,223,223,13,0
120,223,223,14,1
120,223,223,15,0
120,223,223,16,0
120,223,223,17,0
120,223,223,18,2
120,223,223,19,0
120,223,223,20,0
120,223,223,21,0
120,223,223,22,0
120,223,223,23,0
120,223,223,24,0
120,223,223,25,0
120,223,223,26,0
120,223,223,27,0
120,223,223,28,1
120,223,223,29,1
120,223,223,30,0
120,223,223,31,0
120,223,223,0,1
120,224,224,1,184
120,224,224,2,99
120,224,224,3,12
120,224,224,4,0
120,224,224,5,164
120,224,224,6,0
120,224,224,7,0
120,224,224,8,0
120,224,224,9,0
120,224,224,10,0
120,224,224,11,0
120,224,224,12,0
120,224,224,13,0
120,224,224,14,0
120,224,224,15,0
120,224,224,16,0
120,224,224,17,0
120,224,224,18,0
120,224,224,19,0
120,224,224,20,0
120,224,224,21,1
120,224,224,22,0
120,224,224,23,0
120,224,224,24,0
120,224,224,25,0
120,224,224,26,0
120,224,224,27,0
120,224,224,28,0
120,224,224,29,2
120,224,224,30,0
120,224,224,31,0
120,224,224,0,3
120,225,225,1,73
120,225,225,2,168
120,225,225,3,16
120,225,225,4,0
120,225,225,5,228
120,225,225,6,1
120,225,225,7,0
120,225,225,8,0
120,225,225,9,0
120,225,225,10,0
120,225,225,11,0
120,225,225,12,0
120,225,225,13,0
120,225,225,14,0
120,225,225,15,0
120,225,225,16,0
120,225,225,17,1
120,225,225,18,0
120,225,225,19,1
120,225,225,20,0
120,225,225,21,0
120,225,225,22,0
120,225,225,23,0
120,225,225,24,0
120,225,225,25,0
120,225,225,26,0
120,225,225,27,1
120,225,225,28,0
120,225,225,29,0
120,225,225,30,0
120,225,225,31,0
120,225,225,0,4
120,226,226,1,169
120,226,226,2,158
120,226,226,3,21
120,226,226,4,0
120,226,226,5,254
120,226,226,6,1
120,226,226,7,0
120,226,226,8,0
120,226,226,9,0
120,226,226,10,0
120,226,226,11,0
120,226,226,12,0
120,226,226,13,0
120,226,226,14,0
120,226,226,15,0
120,226,226,16,0
120,226,226,17,2
120,226,226,18,1
120,226,226,19,0
120,226,226,20,0
120,226,226,21,0
120,226,226,22,0
120,226,226,23,0
120,226,226,24,1
120,226,226,25,0
120,226,226,26,0
120,226,226,27,0
120,226,226,28,0
120,226,226,29,0
120,226,226,30,0
120,226,226,31,0
120,226,226,0,4
120,227,227,1,114
120,227,227,2,149
120,227,227,3,19
120,227,227,4,0
120,227,227,5,183
120,227,227,6,0
120,227,227,7,1
120,227,227,8,0
120,227,227,9,0
120,227,227,10,1
120,227,227,11,0
120,227,227,12,0
120,227,227,13,0
120,227,227,14,1
120,227,227,15,0
120,227,227,16,0
120,227,227,17,0
120,227,227,18,1
120,227,227,19,0
120,227,227,20,0
120,227,227,21,0
120,227,227,22,0
120,227,227,23,0
120,227,227,24,0
120,227,227,25,0
120,227,227,26,0
120,227,227,27,0
120,227,227,28,1
120,227,227,29,0
120,227,227,30,0
120,227,227,31,0
120,227,227,0,3
120,228,228,1,187
120,228,228,2,182
120,228,228,3,27
120,228,228,4,1
120,228,228,5,292
120,228,228,6,2
120,228,228,7,0
120,228,228,8,0
120,228,228,9,0
120,228,228,10,0
120,228,228,11,0
120,228,228,12,0
120,228,228,13,0
120,228,228,14,0
120,228,228,15,0
120,228,228,16,0
120,228,228,17,2
120,228,228,18,1
120,228,228,19,0
120,228,228,20,0
120,228,228,21,0
120,228,228,22,0
120,228,228,23,0
120,228,228,24,0
120,228,228,25,1
120,228,228,26,0
120,228,228,27,1
120,228,228,28,0
120,228,228,29,0
120,228,228,30,0
120,228,228,31,0
120,228,228,0,1
120,229,229,1,194
120,229,229,2,138
120,229,229,3,20
120,229,229,4,0
120,229,229,5,180
120,229,229,6,0
120,229,229,7,0
120,229,229,8,0
120,229,229,9,0
120,229,229,10,0
120,229,229,11,0
120,229,229,12,0
120,229,229,13,0
120,229,229,14,0
120,229,229,15,0
120,229,229,16,0
120,229,229,17,0
120,229,229,18,0
120,229,229,19,0
120,229,229,20,0
120,229,229,21,0
120,229,229,22,1
120,229,229,23,0
120,229,229,24,0
120,229,229,25,0
120,229,229,26,0
120,229,229,27,0
120,229,229,28,0
120,229,229,29,0
120,229,229,30,1
120,229,229,31,0
120,229,229,0,4
120,230,230,1,147
120,230,230,2,127
120,230,230,3,16
120,230,230,4,1
120,230,230,5,171
120,230,230,6,1
120,230,230,7,0
120,230,230,8,0
120,230,230,9,0
120,230,230,10,0
120,230,230,11,0
120,230,230,12,0
120,230,230,13,0
120,230,230,14,1
120,230,230,15,0
120,230,230,16,0
120,230,230,17,2
120,230,230,18,0
120,230,230,19,0
120,230,230,20,0
120,230,230,21,1
120,230,230,22,0
120,230,230,23,0
120,230,230,24,0
120,230,230,25,1
120,230,230,26,0
120,230,230,27,0
120,230,230,28,1
120,230,230,29,0
120,230,230,30,0
120,230,230,31,0
120,230,230,0,3
120,231,231,1,97
120,231,231,2,141
120,231,231,3,13
120,231,231,4,0
120,231,231,5,148
120,231,231,6,1
120,231,231,7,0
120,231,231,8,0
120,231,231,9,0
120,231,231,10,0
120,231,231,11,0
120,231,231,12,0
120,231,231,13,0
120,231,231,14,0
120,231,231,15,0
120,231,231,16,1
120,231,231,17,0
120,231,231,18,1
120,231,231,19,0
120,231,231,20,0
120,231,231,21,2
120,231,231,22,0
120,231,231,23,0
120,231,231,24,0
120,231,231,25,1
120,231,231,26,0
120,231,231,27,0
120,231,231,28,0
120,231,231,29,0
120,231,231,30,0
120,231,231,31,0
120,231,231,0,0
120,232,232,1,164
120,232,232,2,136
120,232,232,3,29
120,232,232,4,0
120,232,232,5,230
120,232,232,6,0
120,232,232,7,0
120,232,232,8,0
120,232,232,9,0
120,232,232,10,0
120,232,232,11,1
120,232,232,12,0
120,232,232,13,0
120,232,232,14,0
120,232,232,15,0
120,232,232,16,0
120,232,232,17,0
120,232,232,18,1
120,232,232,19,0
120,232,232,20,0
120,232,232,21,0
120,232,232,22,0
120,232,232,23,0
120,232,232,24,0
120,232,232,25,0
120,232,232,26,0
120,232,232,27,0
120,232,232,28,0
120,232,232,29,0
120,232,232,30,0
120,232,232,31,0
120,232,232,0,2
120,233,233,1,125
120,233,233,2,151
120,233,233,3,20
120,233,233,4,1
120,233,233,5,185
120,233,233,6,0
120,233,233,7,0
120,233,233,8,0
120,233,233,9,0
120,233,233,10,0
120,233,233,11,0
120,233,233,12,0
120,233,233,13,0
120,233,233,14,0
120,233,233,15,0
120,233,233,16,0
120,233,233,17,0
120,233,233,18,0
120,233,233,19,0
120,233,233,20,0
120,233,233,21,0
120,233,233,22,0
120,233,233,23,0
120,233,233,24,0
120,233,233,25,0
120,233,233,26,0
120,233,233,27,0
120,233,233,28,0
120,233,233,29,0
120,233,233,30,0
120,233,233,31,0
120,233,233,0,2
120,234,234,1,124
120,234,234,2,282
120,234,234,3,15
120,234,234,4,1
120,234,234,5,218
120,234,234,6,0
120,234,234,7,0
120,234,234,8,0
120,234,234,9,0
120,234,234,10,0
120,234,234,11,0
120,234,234,12,0
120,234,234,13,0
120,234,234,14,0
120,234,234,15,1
120,234,234,16,2
120,234,234,17,1
120,234,234,18,0
120,234,234,19,0
120,234,234,20,0
120,234,234,21,0
120,234,234,22,0
120,234,234,23,0
120,234,234,24,0
120,234,234,25,1
120,234,234,26,0
120,234,234,27,0
120,234,234,28,0
120,234,234,29,1
120,234,234,30,0
120,234,234,31,0
120,234,234,0,4
120,235,235,1,117
120,235,235,2,195
120,235,235,3,29
120,235,235,4,0
120,235,235,5,216
120,235,235,6,1
120,235,235,7,0
120,235,235,8,0
120,235,235,9,0
120,235,235,10,0
120,235,235,11,0
120,235,235,12,0
120,235,235,13,0
120,235,235,14,0
120,235,235,15,0
120,235,235,16,0
120,235,235,17,1
120,235,235,18,0
120,235,235,19,0
120,235,235,20,0
120,235,235,21,0
120,235,235,22,0
120,235,235,23,0
120,235,235,24,0
120,235,235,25,0
120,235,235,26,0
120,235,235,27,0
120,235,235,28,0
120,235,235,29,0
120,235,235,30,0
120,235,235,31,0
120,235,235,0,2
120,236,236,1,130
120,236,236,2,136
120,236,236,3,16
120,236,236,4,1
120,236,236,5,229
120,236,236,6,1
120,236,236,7,0
120,236,236,8,0
120,236,236,9,0
120,236,236,10,0
120,236,236,11,1
120,236,236,12,0
120,236,236,13,0
120,236,236,14,1
120,236,236,15,0
120,236,236,16,0
120,236,236,17,0
120,236,236,18,0
120,236,236,19,0
120,236,236,20,1
120,236,236,21,1
120,236,236,22,0
120,236,236,23,0
120,236,236,24,0
120,236,236,25,0
120,236,236,26,0
120,236,236,27,0
120,236,236,28,0
120,236,236,29,0
120,236,236,30,0
120,236,236,31,0
120,236,236,0,0
120,237,237,1,145
120,237,237,2,90
120,237,237,3,18
120,237,237,4,0
120,237,237,5,184
120,237,237,6,0
120,237,237,7,0
120,237,237,8,0
120,237,237,9,0
120,237,237,10,0
120,237,237,11,0
120,237,237,12,0
120,237,237,13,0
120,237,237,14,0
120,237,237,15,0
120,237,237,16,0
120,237,237,17,0
120,237,237,18,0
120,237,237,19,0
120,237,237,20,0
120,237,237,21,0
120,237,237,22,0
120,237,237,23,0
120,237,237,24,0
120,237,237,25,0
120,237,237,26,1
120,237,237,27,0
120,237,237,28,0
120,237,237,29,0
120,237,237,30,0
120,237,237,31,0
120,237,237,0,1
120,238,238,1,96
120,238,238,2,77
120,238,238,3,13
120,238,238,4,0
120,238,238,5,110
120,238,238,6,1
120,238,238,7,0
120,238,238,8,0
120,238,238,9,0
120,238,238,10,0
120,238,238,11,0
120,238,238,12,0
120,238,238,13,0
120,238,238,14,0
120,238,238,15,1
120,238,238,16,1
120,238,238,17,1
120,238,238,18,1
120,238,238,19,0
120,238,238,20,0
120,238,238,21,0
120,238,238,22,0
120,238,238,23,0
120,238,238,24,0
120,238,238,25,0
120,238,238,26,0
120,238,238,27,0
120,238,238,28,0
120,238,238,29,0
120,238,238,30,0
120,238,238,31,0
120,238,238,0,0
120,239,239,1,185
120,239,239,2,101
120,239,239,3,9
120,239,239,4,0
120,239,239,5,103
120,239,239,6,0
120,239,239,7,0
120,239,239,8,0
120,239,239,9,0
120,239,239,10,0
120,239,239,11,0
120,239,239,12,0
120,239,239,13,0
120,239,239,14,0
120,239,239,15,1
120,239,239,16,2
120,239,239,17,1
120,239,239,18,0
120,239,239,19,0
120,239,239,20,0
120,239,239,21,0
120,239,239,22,0
120,239,239,23,0
120,239,239,24,0
120,239,239,25,0
120,239,239,26,0
120,239,239,27,0
120,239,239,28,0
120,239,239,29,0
120,239,239,30,0
120,239,239,31,0
120,239,239,0,1
120,240,240,1,156
120,240,240,2,162
120,240,240,3,13
120,240,240,4,0
120,240,240,5,171
120,240,240,6,0
120,240,240,7,0
120,240,240,8,0
120,240,240,9,2
120,240,240,10,0
120,240,240,11,0
120,240,240,12,0
120,240,240,13,1
120,240,240,14,0
120,240,240,15,0
120,240,240,16,1
120,240,240,17,0
120,240,240,18,0
120,240,240,19,0
120,240,240,20,0
120,240,240,21,0
120,240,240,22,0
120,240,240,23,0
120,240,240,24,0
120,240,240,25,0
120,240,240,26,0
120,240,240,27,0
120,240,240,28,0
120,240,240,29,0
120,240,240,30,0
120,240,240,31,0
120,240,240,0,1
120,241,241,1,128
120,241,241,2,183
120,241,241,3,6
120,241,241,4,2
120,241,241,5,171
120,241,241,6,0
120,241,241,7,1
120,241,241,8,0
120,241,241,9,0
120,241,241,10,0
120,241,241,11,0
120,241,241,12,0
120,241,241,13,0
120,241,241,14,1
120,241,241,15,0
120,241,241,16,1
120,241,241,17,0
120,241,241,18,1
120,241,241,19,0
120,241,241,20,0
120,241,241,21,0
120,241,241,22,1
120,241,241,23,0
120,241,241,24,0
120,241,241,25,0
120,241,241,26,0
120,241,241,27,0
120,241,241,28,0
120,241,241,29,0
120,241,241,30,1
120,241,241,31,0
120,241,241,0,0
120,242,242,1,221
120,242,242,2,182
120,242,242,3,19
120,242,242,4,0
120,242,242,5,233
120,242,242,6,2
120,242,242,7,0
120,242,242,8,0
120,242,242,9,1
120,242,242,10,1
120,242,242,11,0
120,242,242,12,0
120,242,242,13,0
120,242,242,14,0
120,242,242,15,0
120,242,242,16,0
120,242,242,17,2
120,242,242,18,0
120,242,242,19,0
120,242,242,20,0
120,242,242,21,0
120,242,242,22,0
120,242,242,23,0
120,242,242,24,0
120,242,242,25,0
120,242,242,26,0
120,242,242,27,0
120,242,242,28,0
120,242,242,29,0
120,242,242,30,0
120,242,242,31,0
120,242,242,0,2
120,243,243,1,132
120,243,243,2,106
120,243,243,3,24
120,243,243,4,1
120,243,243,5,227
120,243,243,6,4
120,243,243,7,0
120,243,243,8,0
120,243,243,9,0
120,243,243,10,0
120,243,243,11,0
120,243,243,12,0
120,243,243,13,1
120,243,243,14,0
120,243,243,15,1
120,243,243,16,0
120,243,243,17,2
120,243,243,18,0
120,243,243,19,1
120,243,243,20,0
120,243,243,21,1
120,243,243,22,0
120,243,243,23,0
120,243,243,24,1
120,243,243,25,1
120,243,243,26,0
120,243,243,27,0
120,243,243,28,0
120,243,243,29,0
120,243,243,30,0
120,243,243,31,0
120,243,243,0,4
120,244,244,1,79
120,244,244,2,165
120,244,244,3,22
120,244,244,4,0
120,244,244,5,190
120,244,244,6,1
120,244,244,7,1
120,244,244,8,1
120,244,244,9,0
120,244,244,10,0
120,244,244,11,0
120,244,244,12,0
120,244,244,13,0
120,244,244,14,0
120,244,244,15,1
120,244,244,16,0
120,244,244,17,0
120,244,244,18,1
120,244,244,19,0
120,244,244,20,0
120,244,244,21,0
120,244,244,22,0
120,244,244,23,0
120,244,244,24,1
120,244,244,25,0
120,244,244,26,0
120,244,244,27,0
120,244,244,28,0
120,244,244,29,1
120,244,244,30,0
120,244,244,31,0
120,244,244,0,3
120,245,245,1,135
120,245,245,2,161
120,245,245,3,22
120,245,245,4,0
120,245,245,5,198
120,245,245,6,1
120,245,245,7,0
120,245,245,8,0
120,245,245,9,0
120,245,245,10,0
120,245,245,11,0
120,245,245,12,0
120,245,245,13,0
120,245,245,14,1
120,245,245,15,0
120,245,245,16,0
120,245,245,17,0
120,245,245,18,1
120,245,245,19,0
120,245,245,20,0
120,245,245,21,0
120,245,245,22,1
120,245,245,23,0
120,245,245,24,0
120,245,245,25,0
120,245,245,26,0
120,245,245,27,0
120,245,245,28,0
120,245,245,29,1
120,245,245,30,0
120,245,245,31,0
120,245,245,0,1
120,246,246,1,159
120,246,246,2,168
120,246,246,3,25
120,246,246,4,0
120,246,246,5,238
120,246,246,6,0
120,246,246,7,0
120,246,246,8,0
120,246,246,9,1
120,246,246,10,0
120,246,246,11,0
120,246,246,12,0
120,246,246,13,0
120,246,246,14,0
120,246,246,15,0
120,246,246,16,0
120,246,246,17,1
120,246,246,18,0
120,246,246,19,0
120,246,246,20,0
120,246,246,21,0
120,246,246,22,0
120,246,246,23,0
120,246,246,24,0
120,246,246,25,1
120,246,246,26,0
120,246,246,27,0
120,246,246,28,0
120,246,246,29,0
120,246,246,30,0
120,246,246,31,0
120,246,246,0,3
120,247,247,1,43
120,247,247,2,396
120,247,247,3,9
120,247,247,4,1
120,247,247,5,137
120,247,247,6,0
120,247,247,7,0
120,247,247,8,0
120,247,247,9,0
120,247,247,10,0
120,247,247,11,0
120,247,247,12,0
120,247,247,13,0
120,247,247,14,1
120,247,247,15,0
120,247,247,16,0
120,247,247,17,0
120,247,247,18,0
120,247,247,19,0
120,247,247,20,0
120,247,247,21,0
120,247,247,22,0
120,247,247,23,0
120,247,247,24,0
120,247,247,25,0
120,247,247,26,0
120,247,247,27,0
120,247,247,28,0
120,247,247,29,0
120,247,247,30,0
120,247,247,31,0
120,247,247,0,1
120,248,248,1,159
120,248,248,2,149
120,248,248,3,13
120,248,248,4,1
120,248,248,5,147
120,248,248,6,0
120,248,248,7,0
120,248,248,8,0
120,248,248,9,0
120,248,248,10,0
120,248,248,11,0
120,248,248,12,1
120,248,248,13,0
120,248,248,14,1
120,248,248,15,0
120,248,248,16,4
120,248,248,17,5
120,248,248,18,0
120,248,248,19,1
120,248,248,20,0
120,248,248,21,1
120,248,248,22,0
120,248,248,23,0
120,248,248,24,0
120,248,248,25,1
120,248,248,26,1
120,248,248,27,0
120,248,248,28,0
120,248,248,29,0
120,248,248,30,0
120,248,248,31,1
120,248,248,0,2
120,249,249,1,225
120,249,249,2,79
120,249,249,3,8
120,249,249,4,1
120,249,249,5,93
120,249,249,6,1
120,249,249,7,1
120,249,249,8,0
120,249,249,9,0
120,249,249,10,0
120,249,249,11,0
120,249,249,12,0
120,249,249,13,0
120,249,249,14,0
120,249,249,15,0
120,249,249,16,0
120,249,249,17,2
120,249,249,18,0
120,249,249,19,0
120,249,249,20,0
120,249,249,21,0
120,249,249,22,0
120,249,249,23,1
120,249,249,24,0
120,249,249,25,0
120,249,249,26,0
120,249,249,27,0
120,249,249,28,0
120,249,249,29,0
120,249,249,30,0
120,249,249,31,0
120,249,249,0,12
120,250,250,1,130
120,250,250,2,219
120,250,250,3,12
120,250,250,4,0
120,250,250,5,137
120,250,250,6,2
120,250,250,7,0
120,250,250,8,0
120,250,250,9,2
120,250,250,10,0
120,250,250,11,0
120,250,250,12,1
120,250,250,13,0
120,250,250,14,0
120,250,250,15,1
120,250,250,16,0
120,250,250,17,1
120,250,250,18,0
120,250,250,19,0
120,250,250,20,0
120,250,250,21,0
120,250,250,22,0
120,250,250,23,0
120,250,250,24,0
120,250,250,25,0
120,250,250,26,0
120,250,250,27,0
120,250,250,28,0
120,250,250,29,0
120,250,250,30,0
120,250,250,31,0
120,250,250,0,3
120,251,251,1,130
120,251,251,2,199
120,251,251,3,13
120,251,251,4,0
120,251,251,5,151
120,251,251,6,0
120,251,251,7,0
120,251,251,8,1
120,251,251,9,1
120,251,251,10,0
120,251,251,11,0
120,251,251,12,0
120,251,251,13,1
120,251,251,14,1
120,251,251,15,0
120,251,251,16,0
120,251,251,17,1
120,251,251,18,1
120,251,251,19,0
120,251,251,20,0
120,251,251,21,0
120,251,251,22,1
120,251,251,23,0
120,251,251,24,0
120,251,251,25,0
120,251,251,26,1
120,251,251,27,0
120,251,251,28,0
120,251,251,29,0
120,251,251,30,0
120,251,251,31,0
120,251,251,0,3
120,252,252,1,114
120,252,252,2,89
120,252,252,3,9
120,252,252,4,0
120,252,252,5,122
120,252,252,6,1
120,252,252,7,0
120,252,252,8,0
120,252,252,9,1
120,252,252,10,0
120,252,252,11,0
120,252,252,12,0
120,252,252,13,0
120,252,252,14,0
120,252,252,15,0
120,252,252,16,0
120,252,252,17,0
120,252,252,18,0
120,252,252,19,0
120,252,252,20,0
120,252,252,21,0
120,252,252,22,0
120,252,252,23,0
120,252,252,24,0
120,252,252,25,0
120,252,252,26,0
120,252,252,27,0
120,252,252,28,0
120,252,252,29,0
120,252,252,30,0
120,252,252,31,0
120,252,252,0,0
120,253,253,1,104
120,253,253,2,159
120,253,253,3,15
120,253,253,4,1
120,253,253,5,271
120,253,253,6,0
120,253,253,7,0
120,253,253,8,0
120,253,253,9,0
120,253,253,10,0
120,253,253,11,0
120,253,253,12,0
120,253,253,13,0
120,253,253,14,0
120,253,253,15,0
120,253,253,16,0
120,253,253,17,0
120,253,253,18,0
120,253,253,19,0
120,253,253,20,0
120,253,253,21,0
120,253,253,22,0
120,253,253,23,0
120,253,253,24,0
120,253,253,25,0
120,253,253,26,0
120,253,253,27,0
120,253,253,28,0
120,253,253,29,0
120,253,253,30,0
120,253,253,31,0
120,253,253,0,5
120,254,254,1,204
120,254,254,2,97
120,254,254,3,15
120,254,254,4,0
120,254,254,5,137
120,254,254,6,0
120,254,254,7,0
120,254,254,8,0
120,254,254,9,0
120,254,254,10,0
120,254,254,11,0
120,254,254,12,0
120,254,254,13,0
120,254,254,14,1
120,254,254,15,0
120,254,254,16,0
120,254,254,17,0
120,254,254,18,1
120,254,254,19,0
120,254,254,20,0
120,254,254,21,0
120,254,254,22,1
120,254,254,23,0
120,254,254,24,0
120,254,254,25,0
120,254,254,26,0
120,254,254,27,0
120,254,254,28,0
120,254,254,29,0
120,254,254,30,0
120,254,254,31,0
120,254,254,0,5
120,255,255,1,167
120,255,255,2,299
120,255,255,3,27
120,255,255,4,1
120,255,255,5,362
120,255,255,6,2
120,255,255,7,0
120,255,255,8,0
120,255,255,9,0
120,255,255,10,0
120,255,255,11,0
120,255,255,12,0
120,255,255,13,0
120,255,255,14,2
120,255,255,15,1
120,255,255,16,0
120,255,255,17,1
120,255,255,18,1
120,255,255,19,1
120,255,255,20,0
120,255,255,21,0
120,255,255,22,0
120,255,255,23,0
120,255,255,24,0
120,255,255,25,0
120,255,255,26,0
120,255,255,27,1
120,255,255,28,0
120,255,255,29,0
120,255,255,30,0
120,255,255,31,0
120,255,255,0,7
120,257,257,1,124
120,257,257,2,155
120,257,257,3,12
120,257,257,4,0
120,257,257,5,248
120,257,257,6,1
120,257,257,7,0
120,257,257,8,0
120,257,257,9,0
120,257,257,10,0
120,257,257,11,0
120,257,257,12,0
120,257,257,13,0
120,257,257,14,0
120,257,257,15,0
120,257,257,16,0
120,257,257,17,1
120,257,257,18,2
120,257,257,19,0
120,257,257,20,0
120,257,257,21,2
120,257,257,22,0
120,257,257,23,0
120,257,257,24,1
120,257,257,25,1
120,257,257,26,1
120,257,257,27,0
120,257,257,28,0
120,257,257,29,0
120,257,257,30,0
120,257,257,31,0
120,257,257,0,2
120,258,258,1,149
120,258,258,2,189
120,258,258,3,22
120,258,258,4,1
120,258,258,5,218
120,258,258,6,0
120,258,258,7,0
120,258,258,8,0
120,258,258,9,0
120,258,258,10,0
120,258,258,11,0
120,258,258,12,0
120,258,258,13,0
120,258,258,14,0
120,258,258,15,0
120,258,258,16,0
120,258,258,17,1
120,258,258,18,0
120,258,258,19,0
120,258,258,20,0
120,258,258,21,0
120,258,258,22,0
120,258,258,23,0
120,258,258,24,1
120,258,258,25,0
120,258,258,26,0
120,258,258,27,0
120,258,258,28,0
120,258,258,29,1
120,258,258,30,0
120,258,258,31,0
120,258,258,0,2
120,259,259,1,220
120,259,259,2,142
120,259,259,3,32
120,259,259,4,1
120,259,259,5,298
120,259,259,6,0
120,259,259,7,1
120,259,259,8,0
120,259,259,9,1
120,259,259,10,0
120,259,259,11,0
120,259,259,12,0
120,259,259,13,0
120,259,259,14,0
120,259,259,15,1
120,259,259,16,0
120,259,259,17,2
120,259,259,18,1
120,259,259,19,1
120,259,259,20,0
120,259,259,21,0
120,259,259,22,0
120,259,259,23,1
120,259,259,24,1
120,259,259,25,1
120,259,259,26,0
120,259,259,27,0
120,259,259,28,0
120,259,259,29,0
120,259,259,30,0
120,259,259,31,1
120,259,259,0,3
120,260,260,1,138
120,260,260,2,146
120,260,260,3,18
120,260,260,4,0
120,260,260,5,220
120,260,260,6,0
120,260,260,7,0
120,260,260,8,0
120,260,260,9,0
120,260,260,10,0
120,260,260,11,0
120,260,260,12,0
120,260,260,13,0
120,260,260,14,1
120,260,260,15,0
120,260,260,16,2
120,260,260,17,0
120,260,260,18,0
120,260,260,19,0
120,260,260,20,0
120,260,260,21,0
120,260,260,22,0
120,260,260,23,0
120,260,260,24,0
120,260,260,25,2
120,260,260,26,0
120,260,260,27,0
120,260,260,28,1
120,260,260,29,1
120,260,260,30,0
120,260,260,31,0
120,260,260,0,3
120,261,261,1,140
120,261,261,2,180
120,261,261,3,30
120,261,261,4,0
120,261,261,5,276
120,261,261,6,1
120,261,261,7,0
120,261,261,8,0
120,261,261,9,1
120,261,261,10,0
120,261,261,11,0
120,261,261,12,1
120,261,261,13,0
120,261,261,14,0
120,261,261,15,1
120,261,261,16,0
120,261,261,17,1
120,261,261,18,1
120,261,261,19,0
120,261,261,20,0
120,261,261,21,1
120,261,261,22,1
120,261,261,23,0
120,261,261,24,0
120,261,261,25,0
120,261,261,26,0
120,261,261,27,0
120,261,261,28,0
120,261,261,29,0
120,261,261,30,0
120,261,261,31,0
120,261,261,0,6
120,262,262,1,128
120,262,262,2,137
120,262,262,3,25
120,262,262,4,0
120,262,262,5,211
120,262,262,6,0
120,262,262,7,0
120,262,262,8,0
120,262,262,9,0
120,262,262,10,0
120,262,262,11,0
120,262,262,12,0
120,262,262,13,0
120,262,262,14,0
120,262,262,15,0
120,262,262,16,0
120,262,262,17,0
120,262,262,18,0
120,262,262,19,0
120,262,262,20,0
120,262,262,21,0
120,262,262,22,0
120,262,262,23,0
120,262,262,24,1
120,262,262,25,0
120,262,262,26,0
120,262,262,27,0
120,262,262,28,0
120,262,262,29,0
120,262,262,30,0
120,262,262,31,0
120,262,262,0,2
120,263,263,1,160
120,263,263,2,180
120,263,263,3,44
120,263,263,4,2
120,263,263,5,302
120,263,263,6,0
120,263,263,7,1
120,263,263,8,1
120,263,263,9,0
120,263,263,10,0
120,263,263,11,0
120,263,263,12,0
120,263,263,13,0
120,263,263,14,0
120,263,263,15,0
120,263,263,16,0
120,263,263,17,1
120,263,263,18,0
120,263,263,19,0
120,263,263,20,0
120,263,263,21,1
120,263,263,22,1
120,263,263,23,0
120,263,263,24,0
120,263,263,25,0
120,263,263,26,0
120,263,263,27,0
120,263,263,28,0
120,263,263,29,0
120,263,263,30,0
120,263,263,31,0
120,263,263,0,2
120,264,264,1,120
120,264,264,2,190
120,264,264,3,30
120,264,264,4,0
120,264,264,5,248
120,264,264,6,0
120,264,264,7,0
120,264,264,8,0
120,264,264,9,0
120,264,264,10,0
120,264,264,11,0
120,264,264,12,0
120,264,264,13,0
120,264,264,14,0
120,264,264,15,0
120,264,264,16,0
120,264,264,17,2
120,264,264,18,1
120,264,264,19,0
120,264,264,20,0
120,264,264,21,0
120,264,264,22,0
120,264,264,23,0
120,264,264,24,2
120,264,264,25,0
120,264,264,26,2
120,264,264,27,1
120,264,264,28,1
120,264,264,29,0
120,264,264,30,0
120,264,264,31,0
120,264,264,0,4
120,265,265,1,162
120,265,265,2,114
120,265,265,3,9
120,265,265,4,0
120,265,265,5,273
120,265,265,6,1
120,265,265,7,1
120,265,265,8,0
120,265,265,9,0
120,265,265,10,0
120,265,265,11,0
120,265,265,12,1
120,265,265,13,0
120,265,265,14,0
120,265,265,15,0
120,265,265,16,1
120,265,265,17,0
120,265,265,18,1
120,265,265,19,0
120,265,265,20,0
120,265,265,21,1
120,265,265,22,0
120,265,265,23,0
120,265,265,24,0
120,265,265,25,0
120,265,265,26,0
120,265,265,27,0
120,265,265,28,0
120,265,265,29,0
120,265,265,30,0
120,265,265,31,0
120,265,265,0,4
120,266,266,1,201
120,266,266,2,190
120,266,266,3,21
120,266,266,4,0
120,266,266,5,258
120,266,266,6,1
120,266,266,7,0
120,266,266,8,0
120,266,266,9,0
120,266,266,10,1
120,266,266,11,1
120,266,266,12,1
120,266,266,13,0
120,266,266,14,0
120,266,266,15,0
120,266,266,16,0
120,266,266,17,0
120,266,266,18,0
120,266,266,19,1
120,266,266,20,0
120,266,266,21,0
120,266,266,22,0
120,266,266,23,0
120,266,266,24,0
120,266,266,25,0
120,266,266,26,0
120,266,266,27,0
120,266,266,28,0
120,266,266,29,0
120,266,266,30,0
120,266,266,31,0
120,266,266,0,3
120,267,267,1,101
120,267,267,2,130
120,267,267,3,19
120,267,267,4,1
120,267,267,5,138
120,267,267,6,2
120,267,267,7,0
120,267,267,8,0
120,267,267,9,0
120,267,267,10,0
120,267,267,11,1
120,267,267,12,0
120,267,267,13,0
120,267,267,14,0
120,267,267,15,0
120,267,267,16,0
120,267,267,17,0
120,267,267,18,0
120,267,267,19,0
120,267,267,20,0
120,267,267,21,0
120,267,267,22,0
120,267,267,23,0
120,267,267,24,0
120,267,267,25,0
120,267,267,26,0
120,267,267,27,0
120,267,267,28,0
120,267,267,29,0
120,267,267,30,0
120,267,267,31,0
120,267,267,0,2
120,268,268,1,171
120,268,268,2,199
120,268,268,3,30
120,268,268,4,2
120,268,268,5,457
120,268,268,6,3
120,268,268,7,0
120,268,268,8,0
120,268,268,9,0
120,268,268,10,0
120,268,268,11,0
120,268,268,12,0
120,268,268,13,0
120,268,268,14,2
120,268,268,15,0
120,268,268,16,0
120,268,268,17,2
120,268,268,18,0
120,268,268,19,1
120,268,268,20,1
120,268,268,21,1
120,268,268,22,0
120,268,268,23,0
120,268,268,24,0
120,268,268,25,0
120,268,268,26,0
120,268,268,27,0
120,268,268,28,1
120,268,268,29,0
120,268,268,30,0
120,268,268,31,0
120,268,268,0,3
120,270,270,1,108
120,270,270,2,207
120,270,270,3,25
120,270,270,4,0
120,270,270,5,240
120,270,270,6,2
120,270,270,7,1
120,270,270,8,0
120,270,270,9,0
120,270,270,10,0
120,270,270,11,0
120,270,270,12,0
120,270,270,13,0
120,270,270,14,0
120,270,270,15,0
120,270,270,16,1
120,270,270,17,0
120,270,270,18,1
120,270,270,19,0
120,270,270,20,0
120,270,270,21,2
120,270,270,22,0
120,270,270,23,0
120,270,270,24,1
120,270,270,25,0
120,270,270,26,0
120,270,270,27,0
120,270,270,28,1
120,270,270,29,0
120,270,270,30,0
120,270,270,31,0
120,270,270,0,3
120,271,271,1,88
120,271,271,2,124
120,271,271,3,22
120,271,271,4,1
120,271,271,5,256
120,271,271,6,0
120,271,271,7,0
120,271,271,8,0
120,271,271,9,0
120,271,271,10,0
120,271,271,11,0
120,271,271,12,0
120,271,271,13,0
120,271,271,14,1
120,271,271,15,0
120,271,271,16,1
120,271,271,17,0
120,271,271,18,1
120,271,271,19,0
120,271,271,20,0
120,271,271,21,0
120,271,271,22,0
120,271,271,23,0
120,271,271,24,0
120,271,271,25,0
120,271,271,26,0
120,271,271,27,0
120,271,271,28,0
120,271,271,29,0
120,271,271,30,1
120,271,271,31,0
120,271,271,0,2
120,272,272,1,160
120,272,272,2,187
120,272,272,3,22
120,272,272,4,1
120,272,272,5,328
120,272,272,6,0
120,272,272,7,0
120,272,272,8,1
120,272,272,9,0
120,272,272,10,0
120,272,272,11,0
120,272,272,12,0
120,272,272,13,0
120,272,272,14,0
120,272,272,15,0
120,272,272,16,0
120,272,272,17,2
120,272,272,18,2
120,272,272,19,0
120,272,272,20,1
120,272,272,21,1
120,272,272,22,0
120,272,272,23,0
120,272,272,24,0
120,272,272,25,0
120,272,272,26,0
120,272,272,27,0
120,272,272,28,0
120,272,272,29,0
120,272,272,30,0
120,272,272,31,1
120,272,272,0,3
120,273,273,1,75
120,273,273,2,120
120,273,273,3,17
120,273,273,4,1
120,273,273,5,208
120,273,273,6,0
120,273,273,7,0
120,273,273,8,0
120,273,273,9,0
120,273,273,10,0
120,273,273,11,0
120,273,273,12,0
120,273,273,13,1
120,273,273,14,0
120,273,273,15,0
120,273,273,16,0
120,273,273,17,0
120,273,273,18,0
120,273,273,19,0
120,273,273,20,0
120,273,273,21,0
120,273,273,22,0
120,273,273,23,0
120,273,273,24,0
120,273,273,25,0
120,273,273,26,0
120,273,273,27,0
120,273,273,28,0
120,273,273,29,0
120,273,273,30,0
120,273,273,31,0
120,273,273,0,1
120,274,274,1,112
120,274,274,2,109
120,274,274,3,10
120,274,274,4,2
120,274,274,5,225
120,274,274,6,1
120,274,274,7,0
120,274,274,8,0
120,274,274,9,0
120,274,274,10,0
120,274,274,11,0
120,274,274,12,1
120,274,274,13,0
120,274,274,14,0
120,274,274,15,0
120,274,274,16,0
120,274,274,17,1
120,274,274,18,4
120,274,274,19,0
120,274,274,20,0
120,274,274,21,1
120,274,274,22,2
120,274,274,23,1
120,274,274,24,0
120,274,274,25,0
120,274,274,26,1
120,274,274,27,0
120,274,274,28,0
120,274,274,29,0
120,274,274,30,1
120,274,274,31,0
120,274,274,0,1
120,275,275,1,116
120,275,275,2,152
120,275,275,3,9
120,275,275,4,1
120,275,275,5,239
120,275,275,6,0
120,275,275,7,0
120,275,275,8,0
120,275,275,9,0
120,275,275,10,0
120,275,275,11,0
120,275,275,12,1
120,275,275,13,0
120,275,275,14,0
120,275,275,15,0
120,275,275,16,0
120,275,275,17,0
120,275,275,18,0
120,275,275,19,0
120,275,275,20,0
120,275,275,21,1
120,275,275,22,0
120,275,275,23,0
120,275,275,24,0
120,275,275,25,0
120,275,275,26,0
120,275,275,27,0
120,275,275,28,0
120,275,275,29,0
120,275,275,30,0
120,275,275,31,0
120,275,275,0,1
120,276,276,1,207
120,276,276,2,153
120,276,276,3,36
120,276,276,4,0
120,276,276,5,317
120,276,276,6,1
120,276,276,7,0
120,276,276,8,0
120,276,276,9,0
120,276,276,10,0
120,276,276,11,0
120,276,276,12,0
120,276,276,13,0
120,276,276,14,0
120,276,276,15,0
120,276,276,16,0
120,276,276,17,0
120,276,276,18,0
120,276,276,19,0
120,276,276,20,0
120,276,276,21,0
120,276,276,22,0
120,276,276,23,0
120,276,276,24,0
120,276,276,25,1
120,276,276,26,0
120,276,276,27,0
120,276,276,28,0
120,276,276,29,0
120,276,276,30,0
120,276,276,31,0
120,276,276,0,0
120,277,277,1,170
120,277,277,2,185
120,277,277,3,38
120,277,277,4,0
120,277,277,5,287
120,277,277,6,0
120,277,277,7,0
120,277,277,8,1
120,277,277,9,0
120,277,277,10,0
120,277,277,11,0
120,277,277,12,0
120,277,277,13,0
120,277,277,14,1
120,277,277,15,1
120,277,277,16,0
120,277,277,17,0
120,277,277,18,0
120,277,277,19,1
120,277,277,20,0
120,277,277,21,0
120,277,277,22,0
120,277,277,23,0
120,277,277,24,0
120,277,277,25,0
120,277,277,26,0
120,277,277,27,1
120,277,277,28,1
120,277,277,29,0
120,277,277,30,0
120,277,277,31,0
120,277,277,0,5
120,278,278,1,261
120,278,278,2,185
120,278,278,3,35
120,278,278,4,1
120,278,278,5,372
120,278,278,6,1
120,278,278,7,0
120,278,278,8,0
120,278,278,9,1
120,278,278,10,0
120,278,278,11,0
120,278,278,12,0
120,278,278,13,1
120,278,278,14,0
120,278,278,15,0
120,278,278,16,1
120,278,278,17,3
120,278,278,18,1
120,278,278,19,0
120,278,278,20,0
120,278,278,21,1
120,278,278,22,1
120,278,278,23,0
120,278,278,24,0
120,278,278,25,0
120,278,278,26,0
120,278,278,27,0
120,278,278,28,1
120,278,278,29,1
120,278,278,30,0
120,278,278,31,0
120,278,278,0,3
120,279,279,1,194
120,279,279,2,162
120,279,279,3,18
120,279,279,4,0
120,279,279,5,245
120,279,279,6,0
120,279,279,7,0
120,279,279,8,0
120,279,279,9,0
120,279,279,10,0
120,279,279,11,0
120,279,279,12,0
120,279,279,13,0
120,279,279,14,1
120,279,279,15,0
120,279,279,16,0
120,279,279,17,0
120,279,279,18,1
120,279,279,19,0
120,279,279,20,0
120,279,279,21,0
120,279,279,22,0
120,279,279,23,0
120,279,279,24,1
120,279,279,25,0
120,279,279,26,0
120,279,279,27,0
120,279,279,28,0
120,279,279,29,0
120,279,279,30,0
120,279,279,31,0
120,279,279,0,1
120,280,280,1,243
120,280,280,2,174
120,280,280,3,19
120,280,280,4,2
120,280,280,5,323
120,280,280,6,0
120,280,280,7,0
120,280,280,8,0
120,280,280,9,0
120,280,280,10,0
120,280,280,11,0
120,280,280,12,1
120,280,280,13,0
120,280,280,14,0
120,280,280,15,0
120,280,280,16,1
120,280,280,17,0
120,280,280,18,0
120,280,280,19,0
120,280,280,20,0
120,280,280,21,0
120,280,280,22,0
120,280,280,23,0
120,280,280,24,0
120,280,280,25,0
120,280,280,26,0
120,280,280,27,0
120,280,280,28,0
120,280,280,29,1
120,280,280,30,0
120,280,280,31,0
120,280,280,0,6
120,281,281,1,211
120,281,281,2,247
120,281,281,3,22
120,281,281,4,0
120,281,281,5,232
120,281,281,6,1
120,281,281,7,0
120,281,281,8,0
120,281,281,9,1
120,281,281,10,0
120,281,281,11,0
120,281,281,12,0
120,281,281,13,0
120,281,281,14,2
120,281,281,15,1
120,281,281,16,1
120,281,281,17,1
120,281,281,18,0
120,281,281,19,0
120,281,281,20,0
120,281,281,21,0
120,281,281,22,1
120,281,281,23,1
120,281,281,24,0
120,281,281,25,0
120,281,281,26,1
120,281,281,27,0
120,281,281,28,1
120,281,281,29,0
120,281,281,30,0
120,281,281,31,0
120,281,281,0,6
120,282,282,1,183
120,282,282,2,207
120,282,282,3,39
120,282,282,4,1
120,282,282,5,260
120,282,282,6,0
120,282,282,7,0
120,282,282,8,0
120,282,282,9,0
120,282,282,10,0
120,282,282,11,0
120,282,282,12,0
120,282,282,13,0
120,282,282,14,1
120,282,282,15,0
120,282,282,16,1
120,282,282,17,2
120,282,282,18,0
120,282,282,19,0
120,282,282,20,2
120,282,282,21,1
120,282,282,22,0
120,282,282,23,0
120,282,282,24,1
120,282,282,25,0
120,282,282,26,0
120,282,282,27,0
120,282,282,28,0
120,282,282,29,0
120,282,282,30,0
120,282,282,31,0
120,282,282,0,4
120,283,283,1,149
120,283,283,2,109
120,283,283,3,20
120,283,283,4,0
120,283,283,5,189
120,283,283,6,2
120,283,283,7,0
120,283,283,8,0
120,283,283,9,0
120,283,283,10,0
120,283,283,11,0
120,283,283,12,0
120,283,283,13,0
120,283,283,14,1
120,283,283,15,0
120,283,283,16,0
120,283,283,17,1
120,283,283,18,1
120,283,283,19,0
120,283,283,20,0
120,283,283,21,2
120,283,283,22,0
120,283,283,23,0
120,283,283,24,0
120,283,283,25,1
120,283,283,26,0
120,283,283,27,0
120,283,283,28,0
120,283,283,29,1
120,283,283,30,0
120,283,283,31,0
120,283,283,0,3
120,284,284,1,31236
120,284,284,2,59167
120,284,284,3,5017
120,284,284,4,155
120,284,284,5,57176
120,284,284,6,152
120,284,284,7,35
120,284,284,8,31
120,284,284,9,63
120,284,284,10,22
120,284,284,11,24
120,284,284,12,35
120,284,284,13,37
120,284,284,14,154
120,284,284,15,91
120,284,284,16,115
120,284,284,17,153
120,284,284,18,170
120,284,284,19,40
120,284,284,20,27
120,284,284,21,105
120,284,284,22,66
120,284,284,23,21
120,284,284,24,26
120,284,284,25,40
120,284,284,26,32
120,284,284,27,32
120,284,284,28,42
120,284,284,29,46
120,284,284,30,32
120,284,284,31,38
120,284,284,0,747
120,285,285,1,0
120,285,285,2,0
120,285,285,3,0
120,285,285,4,0
120,285,285,5,0
120,285,285,6,0
120,285,285,7,0
120,285,285,8,0
120,285,285,9,0
120,285,285,10,0
120,285,285,11,0
120,285,285,12,0
120,285,285,13,0
120,285,285,14,0
120,285,285,15,0
120,285,285,16,0
120,285,285,17,0
120,285,285,18,0
120,285,285,19,0
120,285,285,20,0
120,285,285,21,0
120,285,285,22,0
120,285,285,23,0
120,285,285,24,0
120,285,285,25,0
120,285,285,26,0
120,285,285,27,0
120,285,285,28,0
120,285,285,29,0
120,285,285,30,0
120,285,285,31,0
120,285,285,0,0
120,286,286,1,0
120,286,286,2,0
120,286,286,3,0
120,286,286,4,0
120,286,286,5,0
120,286,286,6,0
120,286,286,7,0
120,286,286,8,0
120,286,286,9,0
120,286,286,10,0
120,286,286,11,0
120,286,286,12,0
120,286,286,13,0
120,286,286,14,0
120,286,286,15,0
120,286,286,16,0
120,286,286,17,0
120,286,286,18,0
120,286,286,19,0
120,286,286,20,0
120,286,286,21,0
120,286,286,22,0
120,286,286,23,0
120,286,286,24,0
120,286,286,25,0
120,286,286,26,0
120,286,286,27,0
120,286,286,28,0
120,286,286,29,0
120,286,286,30,0
120,286,286,31,0
120,286,286,0,0
120,287,287,1,0
120,287,287,2,0
120,287,287,3,31689
120,287,287,4,59724
120,287,287,5,5062
120,287,287,6,158
120,287,287,7,57453
120,287,287,8,157
120,287,287,9,36
120,287,287,10,31
120,287,287,11,65
120,287,287,12,23
120,287,287,13,24
120,287,287,14,36
120,287,287,15,37
120,287,287,16,158
120,287,287,17,92
120,287,287,18,117
120,287,287,19,154
120,287,287,20,170
120,287,287,21,40
120,287,287,22,28
120,287,287,23,105
120,287,287,24,67
120,287,287,25,21
120,287,287,26,27
120,287,287,27,40
120,287,287,28,32
120,287,287,29,32
120,287,287,30,43
120,287,287,31,48
120,287,287,0,155740
