ac_code,ps_serial_number,ps_code,candidate_serial_number,candidate_votes
131,0,0,1,107
131,0,0,2,503
131,0,0,3,493
131,0,0,4,0
131,0,0,5,394
131,0,0,6,1
131,0,0,7,0
131,0,0,8,0
131,0,0,9,1
131,0,0,10,0
131,0,0,11,2
131,0,0,12,3
131,0,0,13,1
131,0,0,14,0
131,0,0,15,0
131,0,0,16,0
131,0,0,17,0
131,0,0,18,0
131,0,0,19,0
131,0,0,20,1
131,0,0,21,0
131,0,0,0,11
131,1,1,1,0
131,1,1,2,0
131,1,1,3,0
131,1,1,4,0
131,1,1,5,0
131,1,1,6,0
131,1,1,7,0
131,1,1,8,0
131,1,1,9,0
131,1,1,10,0
131,1,1,11,0
131,1,1,12,0
131,1,1,13,0
131,1,1,14,0
131,1,1,15,0
131,1,1,16,0
131,1,1,17,0
131,1,1,18,0
131,1,1,19,0
131,1,1,20,0
131,1,1,21,0
131,1,1,0,0
131,1,1,1,39
131,1,1,2,218
131,1,1,3,163
131,1,1,4,4
131,1,1,5,304
131,1,1,6,5
131,1,1,7,0
131,1,1,8,0
131,1,1,9,0
131,1,1,10,0
131,1,1,11,0
131,1,1,12,2
131,1,1,13,0
131,1,1,14,3
131,1,1,15,3
131,1,1,16,3
131,1,1,17,0
131,1,1,18,0
131,1,1,19,0
131,1,1,20,0
131,1,1,21,0
131,1,1,0,2
131,2,2,1,0
131,2,2,2,0
131,2,2,3,0
131,2,2,4,0
131,2,2,5,0
131,2,2,6,0
131,2,2,7,0
131,2,2,8,0
131,2,2,9,0
131,2,2,10,0
131,2,2,11,0
131,2,2,12,0
131,2,2,13,0
131,2,2,14,0
131,2,2,15,0
131,2,2,16,0
131,2,2,17,0
131,2,2,18,0
131,2,2,19,0
131,2,2,20,0
131,2,2,21,0
131,2,2,0,0
131,2,2,1,33
131,2,2,2,168
131,2,2,3,179
131,2,2,4,2
131,2,2,5,293
131,2,2,6,0
131,2,2,7,1
131,2,2,8,1
131,2,2,9,1
131,2,2,10,0
131,2,2,11,0
131,2,2,12,0
131,2,2,13,0
131,2,2,14,2
131,2,2,15,2
131,2,2,16,0
131,2,2,17,0
131,2,2,18,1
131,2,2,19,4
131,2,2,20,1
131,2,2,21,1
131,2,2,0,2
131,3,3,1,23
131,3,3,2,174
131,3,3,3,161
131,3,3,4,4
131,3,3,5,161
131,3,3,6,1
131,3,3,7,1
131,3,3,8,3
131,3,3,9,0
131,3,3,10,0
131,3,3,11,0
131,3,3,12,0
131,3,3,13,0
131,3,3,14,1
131,3,3,15,2
131,3,3,16,2
131,3,3,17,1
131,3,3,18,0
131,3,3,19,0
131,3,3,20,1
131,3,3,21,1
131,3,3,0,3
131,4,4,1,25
131,4,4,2,114
131,4,4,3,111
131,4,4,4,2
131,4,4,5,299
131,4,4,6,1
131,4,4,7,0
131,4,4,8,0
131,4,4,9,0
131,4,4,10,0
131,4,4,11,0
131,4,4,12,0
131,4,4,13,0
131,4,4,14,1
131,4,4,15,0
131,4,4,16,1
131,4,4,17,0
131,4,4,18,0
131,4,4,19,1
131,4,4,20,0
131,4,4,21,0
131,4,4,0,2
131,5,5,1,41
131,5,5,2,167
131,5,5,3,233
131,5,5,4,1
131,5,5,5,204
131,5,5,6,0
131,5,5,7,1
131,5,5,8,0
131,5,5,9,0
131,5,5,10,0
131,5,5,11,1
131,5,5,12,1
131,5,5,13,1
131,5,5,14,0
131,5,5,15,2
131,5,5,16,0
131,5,5,17,1
131,5,5,18,1
131,5,5,19,0
131,5,5,20,0
131,5,5,21,1
131,5,5,0,2
131,6,6,1,17
131,6,6,2,91
131,6,6,3,100
131,6,6,4,3
131,6,6,5,101
131,6,6,6,1
131,6,6,7,0
131,6,6,8,0
131,6,6,9,1
131,6,6,10,0
131,6,6,11,0
131,6,6,12,0
131,6,6,13,1
131,6,6,14,1
131,6,6,15,1
131,6,6,16,3
131,6,6,17,0
131,6,6,18,0
131,6,6,19,0
131,6,6,20,0
131,6,6,21,1
131,6,6,0,0
131,7,7,1,38
131,7,7,2,221
131,7,7,3,230
131,7,7,4,0
131,7,7,5,238
131,7,7,6,4
131,7,7,7,0
131,7,7,8,3
131,7,7,9,0
131,7,7,10,0
131,7,7,11,2
131,7,7,12,2
131,7,7,13,0
131,7,7,14,0
131,7,7,15,0
131,7,7,16,0
131,7,7,17,1
131,7,7,18,1
131,7,7,19,3
131,7,7,20,1
131,7,7,21,0
131,7,7,0,2
131,8,8,1,12
131,8,8,2,88
131,8,8,3,101
131,8,8,4,1
131,8,8,5,74
131,8,8,6,1
131,8,8,7,0
131,8,8,8,0
131,8,8,9,0
131,8,8,10,0
131,8,8,11,0
131,8,8,12,0
131,8,8,13,0
131,8,8,14,0
131,8,8,15,0
131,8,8,16,0
131,8,8,17,0
131,8,8,18,0
131,8,8,19,1
131,8,8,20,0
131,8,8,21,1
131,8,8,0,2
131,9,9,1,14
131,9,9,2,190
131,9,9,3,284
131,9,9,4,8
131,9,9,5,200
131,9,9,6,0
131,9,9,7,0
131,9,9,8,0
131,9,9,9,3
131,9,9,10,0
131,9,9,11,1
131,9,9,12,1
131,9,9,13,3
131,9,9,14,0
131,9,9,15,1
131,9,9,16,2
131,9,9,17,0
131,9,9,18,6
131,9,9,19,6
131,9,9,20,0
131,9,9,21,1
131,9,9,0,0
131,10,10,1,11
131,10,10,2,145
131,10,10,3,285
131,10,10,4,3
131,10,10,5,141
131,10,10,6,0
131,10,10,7,0
131,10,10,8,0
131,10,10,9,0
131,10,10,10,0
131,10,10,11,0
131,10,10,12,0
131,10,10,13,1
131,10,10,14,0
131,10,10,15,0
131,10,10,16,0
131,10,10,17,1
131,10,10,18,0
131,10,10,19,2
131,10,10,20,0
131,10,10,21,0
131,10,10,0,0
131,11,11,1,32
131,11,11,2,128
131,11,11,3,214
131,11,11,4,3
131,11,11,5,156
131,11,11,6,3
131,11,11,7,0
131,11,11,8,1
131,11,11,9,0
131,11,11,10,1
131,11,11,11,0
131,11,11,12,0
131,11,11,13,0
131,11,11,14,0
131,11,11,15,0
131,11,11,16,1
131,11,11,17,0
131,11,11,18,0
131,11,11,19,1
131,11,11,20,0
131,11,11,21,0
131,11,11,0,3
131,12,12,1,29
131,12,12,2,148
131,12,12,3,243
131,12,12,4,2
131,12,12,5,249
131,12,12,6,0
131,12,12,7,1
131,12,12,8,1
131,12,12,9,0
131,12,12,10,0
131,12,12,11,1
131,12,12,12,1
131,12,12,13,0
131,12,12,14,0
131,12,12,15,0
131,12,12,16,0
131,12,12,17,1
131,12,12,18,1
131,12,12,19,0
131,12,12,20,0
131,12,12,21,1
131,12,12,0,0
131,13,13,1,23
131,13,13,2,127
131,13,13,3,168
131,13,13,4,2
131,13,13,5,190
131,13,13,6,1
131,13,13,7,0
131,13,13,8,0
131,13,13,9,0
131,13,13,10,1
131,13,13,11,0
131,13,13,12,0
131,13,13,13,0
131,13,13,14,0
131,13,13,15,1
131,13,13,16,1
131,13,13,17,0
131,13,13,18,2
131,13,13,19,1
131,13,13,20,0
131,13,13,21,0
131,13,13,0,4
131,14,14,1,21
131,14,14,2,172
131,14,14,3,171
131,14,14,4,2
131,14,14,5,204
131,14,14,6,1
131,14,14,7,0
131,14,14,8,0
131,14,14,9,0
131,14,14,10,0
131,14,14,11,0
131,14,14,12,0
131,14,14,13,1
131,14,14,14,0
131,14,14,15,0
131,14,14,16,1
131,14,14,17,0
131,14,14,18,1
131,14,14,19,0
131,14,14,20,0
131,14,14,21,2
131,14,14,0,2
131,15,15,1,28
131,15,15,2,174
131,15,15,3,268
131,15,15,4,2
131,15,15,5,189
131,15,15,6,0
131,15,15,7,0
131,15,15,8,1
131,15,15,9,0
131,15,15,10,1
131,15,15,11,0
131,15,15,12,1
131,15,15,13,2
131,15,15,14,1
131,15,15,15,1
131,15,15,16,0
131,15,15,17,0
131,15,15,18,3
131,15,15,19,0
131,15,15,20,0
131,15,15,21,1
131,15,15,0,1
131,16,16,1,24
131,16,16,2,181
131,16,16,3,298
131,16,16,4,6
131,16,16,5,205
131,16,16,6,2
131,16,16,7,2
131,16,16,8,2
131,16,16,9,0
131,16,16,10,0
131,16,16,11,0
131,16,16,12,0
131,16,16,13,0
131,16,16,14,0
131,16,16,15,0
131,16,16,16,2
131,16,16,17,0
131,16,16,18,0
131,16,16,19,3
131,16,16,20,0
131,16,16,21,0
131,16,16,0,1
131,17,17,1,15
131,17,17,2,43
131,17,17,3,166
131,17,17,4,0
131,17,17,5,86
131,17,17,6,1
131,17,17,7,0
131,17,17,8,0
131,17,17,9,0
131,17,17,10,0
131,17,17,11,0
131,17,17,12,0
131,17,17,13,1
131,17,17,14,0
131,17,17,15,0
131,17,17,16,0
131,17,17,17,0
131,17,17,18,0
131,17,17,19,1
131,17,17,20,1
131,17,17,21,0
131,17,17,0,2
131,18,18,1,13
131,18,18,2,238
131,18,18,3,227
131,18,18,4,1
131,18,18,5,206
131,18,18,6,0
131,18,18,7,0
131,18,18,8,1
131,18,18,9,0
131,18,18,10,0
131,18,18,11,0
131,18,18,12,0
131,18,18,13,0
131,18,18,14,0
131,18,18,15,0
131,18,18,16,0
131,18,18,17,2
131,18,18,18,3
131,18,18,19,0
131,18,18,20,0
131,18,18,21,1
131,18,18,0,3
131,19,19,1,0
131,19,19,2,0
131,19,19,3,0
131,19,19,4,0
131,19,19,5,0
131,19,19,6,0
131,19,19,7,0
131,19,19,8,0
131,19,19,9,0
131,19,19,10,0
131,19,19,11,0
131,19,19,12,0
131,19,19,13,0
131,19,19,14,0
131,19,19,15,0
131,19,19,16,0
131,19,19,17,0
131,19,19,18,0
131,19,19,19,0
131,19,19,20,0
131,19,19,21,0
131,19,19,0,0
131,19,19,1,14
131,19,19,2,284
131,19,19,3,251
131,19,19,4,1
131,19,19,5,177
131,19,19,6,0
131,19,19,7,0
131,19,19,8,1
131,19,19,9,0
131,19,19,10,0
131,19,19,11,1
131,19,19,12,1
131,19,19,13,4
131,19,19,14,1
131,19,19,15,2
131,19,19,16,1
131,19,19,17,0
131,19,19,18,4
131,19,19,19,0
131,19,19,20,0
131,19,19,21,0
131,19,19,0,1
131,20,20,1,0
131,20,20,2,0
131,20,20,3,0
131,20,20,4,0
131,20,20,5,0
131,20,20,6,0
131,20,20,7,0
131,20,20,8,0
131,20,20,9,0
131,20,20,10,0
131,20,20,11,0
131,20,20,12,0
131,20,20,13,0
131,20,20,14,0
131,20,20,15,0
131,20,20,16,0
131,20,20,17,0
131,20,20,18,0
131,20,20,19,0
131,20,20,20,0
131,20,20,21,0
131,20,20,0,0
131,20,20,1,11
131,20,20,2,94
131,20,20,3,67
131,20,20,4,3
131,20,20,5,84
131,20,20,6,0
131,20,20,7,0
131,20,20,8,2
131,20,20,9,0
131,20,20,10,0
131,20,20,11,0
131,20,20,12,0
131,20,20,13,0
131,20,20,14,0
131,20,20,15,0
131,20,20,16,0
131,20,20,17,1
131,20,20,18,0
131,20,20,19,0
131,20,20,20,0
131,20,20,21,0
131,20,20,0,0
131,21,21,1,0
131,21,21,2,0
131,21,21,3,0
131,21,21,4,0
131,21,21,5,0
131,21,21,6,0
131,21,21,7,0
131,21,21,8,0
131,21,21,9,0
131,21,21,10,0
131,21,21,11,0
131,21,21,12,0
131,21,21,13,0
131,21,21,14,0
131,21,21,15,0
131,21,21,16,0
131,21,21,17,0
131,21,21,18,0
131,21,21,19,0
131,21,21,20,0
131,21,21,21,0
131,21,21,0,0
131,21,21,1,36
131,21,21,2,261
131,21,21,3,372
131,21,21,4,3
131,21,21,5,173
131,21,21,6,2
131,21,21,7,0
131,21,21,8,0
131,21,21,9,0
131,21,21,10,0
131,21,21,11,0
131,21,21,12,1
131,21,21,13,1
131,21,21,14,0
131,21,21,15,2
131,21,21,16,1
131,21,21,17,1
131,21,21,18,0
131,21,21,19,1
131,21,21,20,0
131,21,21,21,0
131,21,21,0,2
131,22,22,1,12
131,22,22,2,290
131,22,22,3,193
131,22,22,4,3
131,22,22,5,160
131,22,22,6,1
131,22,22,7,1
131,22,22,8,2
131,22,22,9,1
131,22,22,10,1
131,22,22,11,0
131,22,22,12,1
131,22,22,13,2
131,22,22,14,0
131,22,22,15,2
131,22,22,16,2
131,22,22,17,0
131,22,22,18,1
131,22,22,19,0
131,22,22,20,2
131,22,22,21,0
131,22,22,0,1
131,23,23,1,18
131,23,23,2,218
131,23,23,3,208
131,23,23,4,2
131,23,23,5,165
131,23,23,6,3
131,23,23,7,0
131,23,23,8,2
131,23,23,9,0
131,23,23,10,0
131,23,23,11,0
131,23,23,12,0
131,23,23,13,0
131,23,23,14,2
131,23,23,15,1
131,23,23,16,2
131,23,23,17,0
131,23,23,18,4
131,23,23,19,0
131,23,23,20,0
131,23,23,21,0
131,23,23,0,0
131,24,24,1,15
131,24,24,2,238
131,24,24,3,315
131,24,24,4,3
131,24,24,5,146
131,24,24,6,1
131,24,24,7,0
131,24,24,8,1
131,24,24,9,0
131,24,24,10,0
131,24,24,11,0
131,24,24,12,1
131,24,24,13,0
131,24,24,14,4
131,24,24,15,0
131,24,24,16,0
131,24,24,17,0
131,24,24,18,0
131,24,24,19,1
131,24,24,20,0
131,24,24,21,1
131,24,24,0,0
131,25,25,1,13
131,25,25,2,349
131,25,25,3,232
131,25,25,4,6
131,25,25,5,89
131,25,25,6,1
131,25,25,7,0
131,25,25,8,4
131,25,25,9,0
131,25,25,10,0
131,25,25,11,0
131,25,25,12,1
131,25,25,13,1
131,25,25,14,2
131,25,25,15,2
131,25,25,16,2
131,25,25,17,1
131,25,25,18,12
131,25,25,19,9
131,25,25,20,0
131,25,25,21,1
131,25,25,0,0
131,26,26,1,26
131,26,26,2,373
131,26,26,3,247
131,26,26,4,3
131,26,26,5,166
131,26,26,6,0
131,26,26,7,0
131,26,26,8,3
131,26,26,9,0
131,26,26,10,2
131,26,26,11,1
131,26,26,12,1
131,26,26,13,0
131,26,26,14,2
131,26,26,15,1
131,26,26,16,3
131,26,26,17,1
131,26,26,18,2
131,26,26,19,2
131,26,26,20,0
131,26,26,21,0
131,26,26,0,1
131,27,27,1,21
131,27,27,2,160
131,27,27,3,304
131,27,27,4,0
131,27,27,5,136
131,27,27,6,0
131,27,27,7,0
131,27,27,8,3
131,27,27,9,0
131,27,27,10,1
131,27,27,11,0
131,27,27,12,1
131,27,27,13,0
131,27,27,14,2
131,27,27,15,0
131,27,27,16,0
131,27,27,17,3
131,27,27,18,0
131,27,27,19,0
131,27,27,20,1
131,27,27,21,1
131,27,27,0,0
131,28,28,1,28
131,28,28,2,230
131,28,28,3,390
131,28,28,4,7
131,28,28,5,192
131,28,28,6,2
131,28,28,7,1
131,28,28,8,2
131,28,28,9,1
131,28,28,10,2
131,28,28,11,1
131,28,28,12,0
131,28,28,13,2
131,28,28,14,4
131,28,28,15,4
131,28,28,16,1
131,28,28,17,1
131,28,28,18,4
131,28,28,19,2
131,28,28,20,0
131,28,28,21,1
131,28,28,0,1
131,29,29,1,12
131,29,29,2,44
131,29,29,3,99
131,29,29,4,0
131,29,29,5,56
131,29,29,6,1
131,29,29,7,0
131,29,29,8,1
131,29,29,9,0
131,29,29,10,0
131,29,29,11,0
131,29,29,12,0
131,29,29,13,0
131,29,29,14,0
131,29,29,15,0
131,29,29,16,0
131,29,29,17,1
131,29,29,18,0
131,29,29,19,0
131,29,29,20,1
131,29,29,21,0
131,29,29,0,1
131,30,30,1,28
131,30,30,2,273
131,30,30,3,327
131,30,30,4,6
131,30,30,5,271
131,30,30,6,0
131,30,30,7,0
131,30,30,8,1
131,30,30,9,2
131,30,30,10,0
131,30,30,11,0
131,30,30,12,1
131,30,30,13,0
131,30,30,14,0
131,30,30,15,2
131,30,30,16,3
131,30,30,17,0
131,30,30,18,4
131,30,30,19,2
131,30,30,20,0
131,30,30,21,2
131,30,30,0,3
131,31,31,1,15
131,31,31,2,221
131,31,31,3,175
131,31,31,4,0
131,31,31,5,83
131,31,31,6,1
131,31,31,7,0
131,31,31,8,2
131,31,31,9,0
131,31,31,10,0
131,31,31,11,0
131,31,31,12,2
131,31,31,13,1
131,31,31,14,3
131,31,31,15,0
131,31,31,16,0
131,31,31,17,0
131,31,31,18,1
131,31,31,19,1
131,31,31,20,1
131,31,31,21,0
131,31,31,0,3
131,32,32,1,32
131,32,32,2,272
131,32,32,3,367
131,32,32,4,3
131,32,32,5,258
131,32,32,6,2
131,32,32,7,2
131,32,32,8,0
131,32,32,9,0
131,32,32,10,1
131,32,32,11,0
131,32,32,12,0
131,32,32,13,3
131,32,32,14,2
131,32,32,15,2
131,32,32,16,4
131,32,32,17,0
131,32,32,18,4
131,32,32,19,8
131,32,32,20,0
131,32,32,21,0
131,32,32,0,8
131,33,33,1,18
131,33,33,2,277
131,33,33,3,280
131,33,33,4,3
131,33,33,5,219
131,33,33,6,1
131,33,33,7,1
131,33,33,8,1
131,33,33,9,0
131,33,33,10,1
131,33,33,11,0
131,33,33,12,0
131,33,33,13,0
131,33,33,14,0
131,33,33,15,1
131,33,33,16,0
131,33,33,17,2
131,33,33,18,2
131,33,33,19,0
131,33,33,20,0
131,33,33,21,0
131,33,33,0,1
131,34,34,1,23
131,34,34,2,211
131,34,34,3,317
131,34,34,4,0
131,34,34,5,149
131,34,34,6,0
131,34,34,7,0
131,34,34,8,0
131,34,34,9,0
131,34,34,10,0
131,34,34,11,1
131,34,34,12,1
131,34,34,13,1
131,34,34,14,0
131,34,34,15,0
131,34,34,16,2
131,34,34,17,2
131,34,34,18,2
131,34,34,19,1
131,34,34,20,2
131,34,34,21,1
131,34,34,0,1
131,35,35,1,16
131,35,35,2,102
131,35,35,3,208
131,35,35,4,1
131,35,35,5,107
131,35,35,6,0
131,35,35,7,2
131,35,35,8,0
131,35,35,9,0
131,35,35,10,0
131,35,35,11,0
131,35,35,12,0
131,35,35,13,0
131,35,35,14,0
131,35,35,15,0
131,35,35,16,0
131,35,35,17,0
131,35,35,18,0
131,35,35,19,0
131,35,35,20,0
131,35,35,21,0
131,35,35,0,1
131,36,36,1,25
131,36,36,2,209
131,36,36,3,235
131,36,36,4,2
131,36,36,5,173
131,36,36,6,1
131,36,36,7,0
131,36,36,8,5
131,36,36,9,1
131,36,36,10,0
131,36,36,11,0
131,36,36,12,2
131,36,36,13,2
131,36,36,14,1
131,36,36,15,0
131,36,36,16,1
131,36,36,17,1
131,36,36,18,5
131,36,36,19,1
131,36,36,20,0
131,36,36,21,0
131,36,36,0,1
131,37,37,1,7
131,37,37,2,167
131,37,37,3,188
131,37,37,4,0
131,37,37,5,122
131,37,37,6,0
131,37,37,7,1
131,37,37,8,0
131,37,37,9,0
131,37,37,10,0
131,37,37,11,0
131,37,37,12,0
131,37,37,13,1
131,37,37,14,0
131,37,37,15,0
131,37,37,16,0
131,37,37,17,1
131,37,37,18,0
131,37,37,19,1
131,37,37,20,0
131,37,37,21,0
131,37,37,0,1
131,38,38,1,28
131,38,38,2,247
131,38,38,3,194
131,38,38,4,4
131,38,38,5,200
131,38,38,6,0
131,38,38,7,1
131,38,38,8,3
131,38,38,9,0
131,38,38,10,0
131,38,38,11,0
131,38,38,12,1
131,38,38,13,0
131,38,38,14,0
131,38,38,15,0
131,38,38,16,1
131,38,38,17,4
131,38,38,18,2
131,38,38,19,1
131,38,38,20,1
131,38,38,21,0
131,38,38,0,2
131,39,39,1,75
131,39,39,2,376
131,39,39,3,294
131,39,39,4,3
131,39,39,5,235
131,39,39,6,0
131,39,39,7,6
131,39,39,8,1
131,39,39,9,0
131,39,39,10,0
131,39,39,11,0
131,39,39,12,1
131,39,39,13,0
131,39,39,14,0
131,39,39,15,1
131,39,39,16,0
131,39,39,17,0
131,39,39,18,6
131,39,39,19,3
131,39,39,20,0
131,39,39,21,0
131,39,39,0,1
131,40,40,1,0
131,40,40,2,0
131,40,40,3,0
131,40,40,4,0
131,40,40,5,0
131,40,40,6,0
131,40,40,7,0
131,40,40,8,0
131,40,40,9,0
131,40,40,10,0
131,40,40,11,0
131,40,40,12,0
131,40,40,13,0
131,40,40,14,0
131,40,40,15,0
131,40,40,16,0
131,40,40,17,0
131,40,40,18,0
131,40,40,19,0
131,40,40,20,0
131,40,40,21,0
131,40,40,0,0
131,40,40,1,23
131,40,40,2,186
131,40,40,3,239
131,40,40,4,0
131,40,40,5,134
131,40,40,6,1
131,40,40,7,0
131,40,40,8,2
131,40,40,9,0
131,40,40,10,0
131,40,40,11,0
131,40,40,12,0
131,40,40,13,0
131,40,40,14,1
131,40,40,15,2
131,40,40,16,0
131,40,40,17,1
131,40,40,18,0
131,40,40,19,2
131,40,40,20,0
131,40,40,21,1
131,40,40,0,1
131,41,41,1,0
131,41,41,2,0
131,41,41,3,0
131,41,41,4,0
131,41,41,5,0
131,41,41,6,0
131,41,41,7,0
131,41,41,8,0
131,41,41,9,0
131,41,41,10,0
131,41,41,11,0
131,41,41,12,0
131,41,41,13,0
131,41,41,14,0
131,41,41,15,0
131,41,41,16,0
131,41,41,17,0
131,41,41,18,0
131,41,41,19,0
131,41,41,20,0
131,41,41,21,0
131,41,41,0,0
131,41,41,1,12
131,41,41,2,171
131,41,41,3,216
131,41,41,4,3
131,41,41,5,115
131,41,41,6,1
131,41,41,7,0
131,41,41,8,1
131,41,41,9,0
131,41,41,10,0
131,41,41,11,0
131,41,41,12,1
131,41,41,13,0
131,41,41,14,1
131,41,41,15,0
131,41,41,16,2
131,41,41,17,0
131,41,41,18,0
131,41,41,19,1
131,41,41,20,0
131,41,41,21,0
131,41,41,0,0
131,42,42,1,0
131,42,42,2,0
131,42,42,3,0
131,42,42,4,0
131,42,42,5,0
131,42,42,6,0
131,42,42,7,0
131,42,42,8,0
131,42,42,9,0
131,42,42,10,0
131,42,42,11,0
131,42,42,12,0
131,42,42,13,0
131,42,42,14,0
131,42,42,15,0
131,42,42,16,0
131,42,42,17,0
131,42,42,18,0
131,42,42,19,0
131,42,42,20,0
131,42,42,21,0
131,42,42,0,0
131,42,42,1,31
131,42,42,2,159
131,42,42,3,303
131,42,42,4,6
131,42,42,5,299
131,42,42,6,1
131,42,42,7,0
131,42,42,8,0
131,42,42,9,0
131,42,42,10,0
131,42,42,11,0
131,42,42,12,0
131,42,42,13,0
131,42,42,14,0
131,42,42,15,1
131,42,42,16,2
131,42,42,17,0
131,42,42,18,0
131,42,42,19,0
131,42,42,20,0
131,42,42,21,0
131,42,42,0,3
131,43,43,1,19
131,43,43,2,72
131,43,43,3,178
131,43,43,4,1
131,43,43,5,93
131,43,43,6,0
131,43,43,7,0
131,43,43,8,0
131,43,43,9,0
131,43,43,10,0
131,43,43,11,0
131,43,43,12,0
131,43,43,13,0
131,43,43,14,0
131,43,43,15,0
131,43,43,16,0
131,43,43,17,0
131,43,43,18,0
131,43,43,19,0
131,43,43,20,0
131,43,43,21,0
131,43,43,0,2
131,44,44,1,10
131,44,44,2,95
131,44,44,3,195
131,44,44,4,1
131,44,44,5,81
131,44,44,6,0
131,44,44,7,0
131,44,44,8,0
131,44,44,9,1
131,44,44,10,0
131,44,44,11,0
131,44,44,12,0
131,44,44,13,0
131,44,44,14,0
131,44,44,15,0
131,44,44,16,1
131,44,44,17,2
131,44,44,18,0
131,44,44,19,1
131,44,44,20,0
131,44,44,21,0
131,44,44,0,1
131,45,45,1,39
131,45,45,2,151
131,45,45,3,325
131,45,45,4,1
131,45,45,5,155
131,45,45,6,0
131,45,45,7,0
131,45,45,8,0
131,45,45,9,0
131,45,45,10,0
131,45,45,11,0
131,45,45,12,0
131,45,45,13,0
131,45,45,14,0
131,45,45,15,2
131,45,45,16,0
131,45,45,17,2
131,45,45,18,1
131,45,45,19,0
131,45,45,20,0
131,45,45,21,2
131,45,45,0,0
131,46,46,1,34
131,46,46,2,194
131,46,46,3,265
131,46,46,4,3
131,46,46,5,253
131,46,46,6,0
131,46,46,7,1
131,46,46,8,3
131,46,46,9,1
131,46,46,10,0
131,46,46,11,1
131,46,46,12,0
131,46,46,13,1
131,46,46,14,1
131,46,46,15,0
131,46,46,16,1
131,46,46,17,1
131,46,46,18,2
131,46,46,19,0
131,46,46,20,2
131,46,46,21,0
131,46,46,0,2
131,47,47,1,38
131,47,47,2,177
131,47,47,3,354
131,47,47,4,1
131,47,47,5,151
131,47,47,6,1
131,47,47,7,0
131,47,47,8,1
131,47,47,9,0
131,47,47,10,0
131,47,47,11,0
131,47,47,12,0
131,47,47,13,0
131,47,47,14,3
131,47,47,15,1
131,47,47,16,1
131,47,47,17,1
131,47,47,18,0
131,47,47,19,1
131,47,47,20,0
131,47,47,21,0
131,47,47,0,0
131,48,48,1,23
131,48,48,2,263
131,48,48,3,248
131,48,48,4,8
131,48,48,5,206
131,48,48,6,0
131,48,48,7,0
131,48,48,8,3
131,48,48,9,0
131,48,48,10,1
131,48,48,11,0
131,48,48,12,0
131,48,48,13,0
131,48,48,14,3
131,48,48,15,8
131,48,48,16,1
131,48,48,17,2
131,48,48,18,1
131,48,48,19,2
131,48,48,20,1
131,48,48,21,1
131,48,48,0,2
131,49,49,1,17
131,49,49,2,219
131,49,49,3,351
131,49,49,4,0
131,49,49,5,222
131,49,49,6,1
131,49,49,7,0
131,49,49,8,2
131,49,49,9,0
131,49,49,10,0
131,49,49,11,1
131,49,49,12,1
131,49,49,13,0
131,49,49,14,2
131,49,49,15,0
131,49,49,16,0
131,49,49,17,0
131,49,49,18,2
131,49,49,19,3
131,49,49,20,0
131,49,49,21,0
131,49,49,0,1
131,50,50,1,58
131,50,50,2,247
131,50,50,3,288
131,50,50,4,3
131,50,50,5,287
131,50,50,6,2
131,50,50,7,0
131,50,50,8,4
131,50,50,9,0
131,50,50,10,2
131,50,50,11,2
131,50,50,12,1
131,50,50,13,1
131,50,50,14,4
131,50,50,15,1
131,50,50,16,4
131,50,50,17,2
131,50,50,18,1
131,50,50,19,1
131,50,50,20,1
131,50,50,21,0
131,50,50,0,4
131,51,51,1,26
131,51,51,2,368
131,51,51,3,250
131,51,51,4,1
131,51,51,5,222
131,51,51,6,2
131,51,51,7,1
131,51,51,8,1
131,51,51,9,0
131,51,51,10,0
131,51,51,11,0
131,51,51,12,0
131,51,51,13,1
131,51,51,14,1
131,51,51,15,2
131,51,51,16,2
131,51,51,17,1
131,51,51,18,1
131,51,51,19,0
131,51,51,20,2
131,51,51,21,1
131,51,51,0,2
131,52,52,1,21
131,52,52,2,187
131,52,52,3,189
131,52,52,4,1
131,52,52,5,182
131,52,52,6,0
131,52,52,7,0
131,52,52,8,1
131,52,52,9,0
131,52,52,10,0
131,52,52,11,0
131,52,52,12,1
131,52,52,13,0
131,52,52,14,0
131,52,52,15,1
131,52,52,16,0
131,52,52,17,0
131,52,52,18,0
131,52,52,19,1
131,52,52,20,0
131,52,52,21,0
131,52,52,0,1
131,53,53,1,29
131,53,53,2,96
131,53,53,3,195
131,53,53,4,2
131,53,53,5,172
131,53,53,6,2
131,53,53,7,0
131,53,53,8,0
131,53,53,9,0
131,53,53,10,0
131,53,53,11,0
131,53,53,12,0
131,53,53,13,1
131,53,53,14,2
131,53,53,15,0
131,53,53,16,0
131,53,53,17,0
131,53,53,18,0
131,53,53,19,0
131,53,53,20,0
131,53,53,21,0
131,53,53,0,0
131,54,54,1,19
131,54,54,2,137
131,54,54,3,296
131,54,54,4,6
131,54,54,5,107
131,54,54,6,0
131,54,54,7,0
131,54,54,8,2
131,54,54,9,0
131,54,54,10,0
131,54,54,11,1
131,54,54,12,0
131,54,54,13,0
131,54,54,14,2
131,54,54,15,0
131,54,54,16,3
131,54,54,17,0
131,54,54,18,2
131,54,54,19,2
131,54,54,20,2
131,54,54,21,0
131,54,54,0,2
131,55,55,1,20
131,55,55,2,226
131,55,55,3,295
131,55,55,4,4
131,55,55,5,227
131,55,55,6,0
131,55,55,7,3
131,55,55,8,2
131,55,55,9,0
131,55,55,10,0
131,55,55,11,1
131,55,55,12,1
131,55,55,13,1
131,55,55,14,1
131,55,55,15,0
131,55,55,16,1
131,55,55,17,2
131,55,55,18,2
131,55,55,19,0
131,55,55,20,0
131,55,55,21,0
131,55,55,0,2
131,56,56,1,15
131,56,56,2,213
131,56,56,3,243
131,56,56,4,3
131,56,56,5,266
131,56,56,6,2
131,56,56,7,0
131,56,56,8,0
131,56,56,9,0
131,56,56,10,0
131,56,56,11,0
131,56,56,12,0
131,56,56,13,1
131,56,56,14,2
131,56,56,15,1
131,56,56,16,1
131,56,56,17,1
131,56,56,18,2
131,56,56,19,4
131,56,56,20,1
131,56,56,21,3
131,56,56,0,3
131,57,57,1,11
131,57,57,2,82
131,57,57,3,109
131,57,57,4,0
131,57,57,5,87
131,57,57,6,0
131,57,57,7,0
131,57,57,8,0
131,57,57,9,0
131,57,57,10,0
131,57,57,11,0
131,57,57,12,1
131,57,57,13,0
131,57,57,14,0
131,57,57,15,0
131,57,57,16,1
131,57,57,17,0
131,57,57,18,1
131,57,57,19,0
131,57,57,20,0
131,57,57,21,0
131,57,57,0,0
131,58,58,1,24
131,58,58,2,94
131,58,58,3,199
131,58,58,4,0
131,58,58,5,219
131,58,58,6,2
131,58,58,7,0
131,58,58,8,0
131,58,58,9,0
131,58,58,10,1
131,58,58,11,0
131,58,58,12,0
131,58,58,13,0
131,58,58,14,3
131,58,58,15,1
131,58,58,16,0
131,58,58,17,0
131,58,58,18,1
131,58,58,19,0
131,58,58,20,0
131,58,58,21,1
131,58,58,0,0
131,59,59,1,11
131,59,59,2,152
131,59,59,3,289
131,59,59,4,3
131,59,59,5,87
131,59,59,6,0
131,59,59,7,0
131,59,59,8,0
131,59,59,9,0
131,59,59,10,0
131,59,59,11,0
131,59,59,12,0
131,59,59,13,0
131,59,59,14,0
131,59,59,15,1
131,59,59,16,0
131,59,59,17,1
131,59,59,18,1
131,59,59,19,2
131,59,59,20,0
131,59,59,21,0
131,59,59,0,0
131,60,60,1,16
131,60,60,2,128
131,60,60,3,165
131,60,60,4,1
131,60,60,5,105
131,60,60,6,0
131,60,60,7,0
131,60,60,8,0
131,60,60,9,0
131,60,60,10,0
131,60,60,11,0
131,60,60,12,0
131,60,60,13,0
131,60,60,14,0
131,60,60,15,1
131,60,60,16,3
131,60,60,17,0
131,60,60,18,1
131,60,60,19,0
131,60,60,20,1
131,60,60,21,0
131,60,60,0,0
131,61,61,1,0
131,61,61,2,0
131,61,61,3,0
131,61,61,4,0
131,61,61,5,0
131,61,61,6,0
131,61,61,7,0
131,61,61,8,0
131,61,61,9,0
131,61,61,10,0
131,61,61,11,0
131,61,61,12,0
131,61,61,13,0
131,61,61,14,0
131,61,61,15,0
131,61,61,16,0
131,61,61,17,0
131,61,61,18,0
131,61,61,19,0
131,61,61,20,0
131,61,61,21,0
131,61,61,0,0
131,61,61,1,19
131,61,61,2,133
131,61,61,3,108
131,61,61,4,0
131,61,61,5,127
131,61,61,6,1
131,61,61,7,0
131,61,61,8,0
131,61,61,9,0
131,61,61,10,0
131,61,61,11,0
131,61,61,12,0
131,61,61,13,0
131,61,61,14,1
131,61,61,15,0
131,61,61,16,0
131,61,61,17,0
131,61,61,18,0
131,61,61,19,0
131,61,61,20,0
131,61,61,21,0
131,61,61,0,0
131,62,62,1,0
131,62,62,2,0
131,62,62,3,0
131,62,62,4,0
131,62,62,5,0
131,62,62,6,0
131,62,62,7,0
131,62,62,8,0
131,62,62,9,0
131,62,62,10,0
131,62,62,11,0
131,62,62,12,0
131,62,62,13,0
131,62,62,14,0
131,62,62,15,0
131,62,62,16,0
131,62,62,17,0
131,62,62,18,0
131,62,62,19,0
131,62,62,20,0
131,62,62,21,0
131,62,62,0,0
131,62,62,1,31
131,62,62,2,259
131,62,62,3,219
131,62,62,4,3
131,62,62,5,251
131,62,62,6,2
131,62,62,7,1
131,62,62,8,1
131,62,62,9,0
131,62,62,10,0
131,62,62,11,0
131,62,62,12,0
131,62,62,13,0
131,62,62,14,1
131,62,62,15,0
131,62,62,16,1
131,62,62,17,0
131,62,62,18,1
131,62,62,19,1
131,62,62,20,0
131,62,62,21,0
131,62,62,0,3
131,63,63,1,0
131,63,63,2,0
131,63,63,3,0
131,63,63,4,0
131,63,63,5,0
131,63,63,6,0
131,63,63,7,0
131,63,63,8,0
131,63,63,9,0
131,63,63,10,0
131,63,63,11,0
131,63,63,12,0
131,63,63,13,0
131,63,63,14,0
131,63,63,15,0
131,63,63,16,0
131,63,63,17,0
131,63,63,18,0
131,63,63,19,0
131,63,63,20,0
131,63,63,21,0
131,63,63,0,0
131,63,63,1,13
131,63,63,2,194
131,63,63,3,165
131,63,63,4,2
131,63,63,5,210
131,63,63,6,2
131,63,63,7,0
131,63,63,8,0
131,63,63,9,0
131,63,63,10,0
131,63,63,11,0
131,63,63,12,0
131,63,63,13,1
131,63,63,14,1
131,63,63,15,0
131,63,63,16,0
131,63,63,17,0
131,63,63,18,0
131,63,63,19,0
131,63,63,20,0
131,63,63,21,0
131,63,63,0,4
131,64,64,1,27
131,64,64,2,80
131,64,64,3,141
131,64,64,4,0
131,64,64,5,106
131,64,64,6,0
131,64,64,7,0
131,64,64,8,0
131,64,64,9,0
131,64,64,10,0
131,64,64,11,0
131,64,64,12,0
131,64,64,13,2
131,64,64,14,1
131,64,64,15,0
131,64,64,16,0
131,64,64,17,0
131,64,64,18,0
131,64,64,19,1
131,64,64,20,0
131,64,64,21,0
131,64,64,0,0
131,65,65,1,35
131,65,65,2,93
131,65,65,3,151
131,65,65,4,0
131,65,65,5,265
131,65,65,6,2
131,65,65,7,0
131,65,65,8,1
131,65,65,9,0
131,65,65,10,0
131,65,65,11,0
131,65,65,12,0
131,65,65,13,0
131,65,65,14,0
131,65,65,15,1
131,65,65,16,0
131,65,65,17,0
131,65,65,18,1
131,65,65,19,0
131,65,65,20,0
131,65,65,21,0
131,65,65,0,1
131,66,66,1,32
131,66,66,2,112
131,66,66,3,208
131,66,66,4,1
131,66,66,5,187
131,66,66,6,0
131,66,66,7,0
131,66,66,8,1
131,66,66,9,0
131,66,66,10,0
131,66,66,11,0
131,66,66,12,1
131,66,66,13,1
131,66,66,14,2
131,66,66,15,0
131,66,66,16,1
131,66,66,17,0
131,66,66,18,0
131,66,66,19,1
131,66,66,20,0
131,66,66,21,1
131,66,66,0,0
131,67,67,1,21
131,67,67,2,98
131,67,67,3,232
131,67,67,4,3
131,67,67,5,215
131,67,67,6,1
131,67,67,7,0
131,67,67,8,0
131,67,67,9,0
131,67,67,10,0
131,67,67,11,0
131,67,67,12,0
131,67,67,13,1
131,67,67,14,2
131,67,67,15,0
131,67,67,16,1
131,67,67,17,0
131,67,67,18,0
131,67,67,19,1
131,67,67,20,1
131,67,67,21,1
131,67,67,0,2
131,68,68,1,13
131,68,68,2,106
131,68,68,3,182
131,68,68,4,0
131,68,68,5,160
131,68,68,6,0
131,68,68,7,0
131,68,68,8,3
131,68,68,9,0
131,68,68,10,0
131,68,68,11,1
131,68,68,12,1
131,68,68,13,1
131,68,68,14,0
131,68,68,15,2
131,68,68,16,1
131,68,68,17,2
131,68,68,18,3
131,68,68,19,3
131,68,68,20,2
131,68,68,21,0
131,68,68,0,2
131,69,69,1,53
131,69,69,2,332
131,69,69,3,156
131,69,69,4,2
131,69,69,5,425
131,69,69,6,1
131,69,69,7,0
131,69,69,8,3
131,69,69,9,1
131,69,69,10,0
131,69,69,11,1
131,69,69,12,2
131,69,69,13,2
131,69,69,14,1
131,69,69,15,2
131,69,69,16,1
131,69,69,17,1
131,69,69,18,3
131,69,69,19,2
131,69,69,20,0
131,69,69,21,0
131,69,69,0,0
131,70,70,1,30
131,70,70,2,104
131,70,70,3,62
131,70,70,4,2
131,70,70,5,195
131,70,70,6,0
131,70,70,7,1
131,70,70,8,0
131,70,70,9,0
131,70,70,10,0
131,70,70,11,0
131,70,70,12,0
131,70,70,13,0
131,70,70,14,0
131,70,70,15,0
131,70,70,16,1
131,70,70,17,0
131,70,70,18,0
131,70,70,19,0
131,70,70,20,0
131,70,70,21,0
131,70,70,0,1
131,71,71,1,52
131,71,71,2,326
131,71,71,3,193
131,71,71,4,2
131,71,71,5,379
131,71,71,6,1
131,71,71,7,0
131,71,71,8,0
131,71,71,9,0
131,71,71,10,0
131,71,71,11,0
131,71,71,12,0
131,71,71,13,0
131,71,71,14,0
131,71,71,15,0
131,71,71,16,0
131,71,71,17,3
131,71,71,18,2
131,71,71,19,0
131,71,71,20,0
131,71,71,21,3
131,71,71,0,2
131,72,72,1,39
131,72,72,2,274
131,72,72,3,207
131,72,72,4,1
131,72,72,5,340
131,72,72,6,0
131,72,72,7,0
131,72,72,8,0
131,72,72,9,0
131,72,72,10,0
131,72,72,11,0
131,72,72,12,0
131,72,72,13,0
131,72,72,14,0
131,72,72,15,1
131,72,72,16,0
131,72,72,17,0
131,72,72,18,0
131,72,72,19,0
131,72,72,20,0
131,72,72,21,0
131,72,72,0,3
131,73,73,1,50
131,73,73,2,206
131,73,73,3,161
131,73,73,4,1
131,73,73,5,298
131,73,73,6,5
131,73,73,7,1
131,73,73,8,0
131,73,73,9,0
131,73,73,10,0
131,73,73,11,1
131,73,73,12,0
131,73,73,13,0
131,73,73,14,0
131,73,73,15,1
131,73,73,16,1
131,73,73,17,1
131,73,73,18,0
131,73,73,19,0
131,73,73,20,0
131,73,73,21,0
131,73,73,0,4
131,74,74,1,25
131,74,74,2,145
131,74,74,3,118
131,74,74,4,0
131,74,74,5,235
131,74,74,6,1
131,74,74,7,0
131,74,74,8,0
131,74,74,9,0
131,74,74,10,0
131,74,74,11,0
131,74,74,12,0
131,74,74,13,0
131,74,74,14,0
131,74,74,15,0
131,74,74,16,0
131,74,74,17,1
131,74,74,18,1
131,74,74,19,1
131,74,74,20,0
131,74,74,21,0
131,74,74,0,7
131,75,75,1,34
131,75,75,2,186
131,75,75,3,144
131,75,75,4,3
131,75,75,5,251
131,75,75,6,2
131,75,75,7,0
131,75,75,8,0
131,75,75,9,0
131,75,75,10,0
131,75,75,11,0
131,75,75,12,0
131,75,75,13,0
131,75,75,14,0
131,75,75,15,0
131,75,75,16,0
131,75,75,17,0
131,75,75,18,1
131,75,75,19,0
131,75,75,20,1
131,75,75,21,0
131,75,75,0,7
131,76,76,1,49
131,76,76,2,171
131,76,76,3,169
131,76,76,4,0
131,76,76,5,261
131,76,76,6,1
131,76,76,7,0
131,76,76,8,1
131,76,76,9,0
131,76,76,10,1
131,76,76,11,0
131,76,76,12,0
131,76,76,13,0
131,76,76,14,1
131,76,76,15,1
131,76,76,16,0
131,76,76,17,0
131,76,76,18,1
131,76,76,19,2
131,76,76,20,1
131,76,76,21,0
131,76,76,0,3
131,77,77,1,33
131,77,77,2,203
131,77,77,3,215
131,77,77,4,3
131,77,77,5,297
131,77,77,6,0
131,77,77,7,0
131,77,77,8,0
131,77,77,9,0
131,77,77,10,0
131,77,77,11,0
131,77,77,12,0
131,77,77,13,1
131,77,77,14,0
131,77,77,15,0
131,77,77,16,2
131,77,77,17,0
131,77,77,18,1
131,77,77,19,1
131,77,77,20,0
131,77,77,21,0
131,77,77,0,5
131,78,78,1,12
131,78,78,2,119
131,78,78,3,72
131,78,78,4,1
131,78,78,5,133
131,78,78,6,1
131,78,78,7,0
131,78,78,8,0
131,78,78,9,0
131,78,78,10,0
131,78,78,11,0
131,78,78,12,0
131,78,78,13,0
131,78,78,14,1
131,78,78,15,1
131,78,78,16,0
131,78,78,17,1
131,78,78,18,0
131,78,78,19,0
131,78,78,20,0
131,78,78,21,0
131,78,78,0,0
131,79,79,1,27
131,79,79,2,205
131,79,79,3,245
131,79,79,4,1
131,79,79,5,239
131,79,79,6,1
131,79,79,7,0
131,79,79,8,0
131,79,79,9,1
131,79,79,10,0
131,79,79,11,0
131,79,79,12,1
131,79,79,13,0
131,79,79,14,1
131,79,79,15,1
131,79,79,16,0
131,79,79,17,0
131,79,79,18,1
131,79,79,19,2
131,79,79,20,0
131,79,79,21,2
131,79,79,0,2
131,80,80,1,18
131,80,80,2,88
131,80,80,3,238
131,80,80,4,1
131,80,80,5,220
131,80,80,6,0
131,80,80,7,0
131,80,80,8,0
131,80,80,9,0
131,80,80,10,0
131,80,80,11,0
131,80,80,12,0
131,80,80,13,0
131,80,80,14,0
131,80,80,15,1
131,80,80,16,0
131,80,80,17,0
131,80,80,18,1
131,80,80,19,2
131,80,80,20,0
131,80,80,21,0
131,80,80,0,1
131,81,81,1,3
131,81,81,2,107
131,81,81,3,127
131,81,81,4,1
131,81,81,5,227
131,81,81,6,1
131,81,81,7,1
131,81,81,8,0
131,81,81,9,0
131,81,81,10,0
131,81,81,11,0
131,81,81,12,1
131,81,81,13,0
131,81,81,14,1
131,81,81,15,2
131,81,81,16,1
131,81,81,17,1
131,81,81,18,1
131,81,81,19,2
131,81,81,20,0
131,81,81,21,1
131,81,81,0,1
131,82,82,1,0
131,82,82,2,0
131,82,82,3,0
131,82,82,4,0
131,82,82,5,0
131,82,82,6,0
131,82,82,7,0
131,82,82,8,0
131,82,82,9,0
131,82,82,10,0
131,82,82,11,0
131,82,82,12,0
131,82,82,13,0
131,82,82,14,0
131,82,82,15,0
131,82,82,16,0
131,82,82,17,0
131,82,82,18,0
131,82,82,19,0
131,82,82,20,0
131,82,82,21,0
131,82,82,0,0
131,82,82,1,35
131,82,82,2,188
131,82,82,3,271
131,82,82,4,4
131,82,82,5,327
131,82,82,6,1
131,82,82,7,0
131,82,82,8,0
131,82,82,9,1
131,82,82,10,0
131,82,82,11,0
131,82,82,12,0
131,82,82,13,0
131,82,82,14,0
131,82,82,15,1
131,82,82,16,0
131,82,82,17,0
131,82,82,18,3
131,82,82,19,0
131,82,82,20,0
131,82,82,21,0
131,82,82,0,2
131,83,83,1,0
131,83,83,2,0
131,83,83,3,0
131,83,83,4,0
131,83,83,5,0
131,83,83,6,0
131,83,83,7,0
131,83,83,8,0
131,83,83,9,0
131,83,83,10,0
131,83,83,11,0
131,83,83,12,0
131,83,83,13,0
131,83,83,14,0
131,83,83,15,0
131,83,83,16,0
131,83,83,17,0
131,83,83,18,0
131,83,83,19,0
131,83,83,20,0
131,83,83,21,0
131,83,83,0,0
131,83,83,1,20
131,83,83,2,137
131,83,83,3,192
131,83,83,4,5
131,83,83,5,285
131,83,83,6,5
131,83,83,7,0
131,83,83,8,0
131,83,83,9,0
131,83,83,10,0
131,83,83,11,0
131,83,83,12,0
131,83,83,13,1
131,83,83,14,0
131,83,83,15,0
131,83,83,16,2
131,83,83,17,0
131,83,83,18,0
131,83,83,19,1
131,83,83,20,0
131,83,83,21,0
131,83,83,0,3
131,84,84,1,0
131,84,84,2,0
131,84,84,3,0
131,84,84,4,0
131,84,84,5,0
131,84,84,6,0
131,84,84,7,0
131,84,84,8,0
131,84,84,9,0
131,84,84,10,0
131,84,84,11,0
131,84,84,12,0
131,84,84,13,0
131,84,84,14,0
131,84,84,15,0
131,84,84,16,0
131,84,84,17,0
131,84,84,18,0
131,84,84,19,0
131,84,84,20,0
131,84,84,21,0
131,84,84,0,0
131,84,84,1,4
131,84,84,2,55
131,84,84,3,110
131,84,84,4,2
131,84,84,5,102
131,84,84,6,3
131,84,84,7,0
131,84,84,8,1
131,84,84,9,0
131,84,84,10,0
131,84,84,11,0
131,84,84,12,0
131,84,84,13,0
131,84,84,14,0
131,84,84,15,0
131,84,84,16,0
131,84,84,17,0
131,84,84,18,1
131,84,84,19,1
131,84,84,20,0
131,84,84,21,0
131,84,84,0,1
131,85,85,1,23
131,85,85,2,84
131,85,85,3,136
131,85,85,4,3
131,85,85,5,252
131,85,85,6,0
131,85,85,7,0
131,85,85,8,0
131,85,85,9,0
131,85,85,10,1
131,85,85,11,0
131,85,85,12,0
131,85,85,13,0
131,85,85,14,0
131,85,85,15,0
131,85,85,16,0
131,85,85,17,0
131,85,85,18,0
131,85,85,19,0
131,85,85,20,0
131,85,85,21,0
131,85,85,0,2
131,86,86,1,38
131,86,86,2,103
131,86,86,3,243
131,86,86,4,3
131,86,86,5,341
131,86,86,6,1
131,86,86,7,0
131,86,86,8,0
131,86,86,9,1
131,86,86,10,0
131,86,86,11,0
131,86,86,12,2
131,86,86,13,0
131,86,86,14,3
131,86,86,15,0
131,86,86,16,3
131,86,86,17,0
131,86,86,18,3
131,86,86,19,5
131,86,86,20,1
131,86,86,21,3
131,86,86,0,1
131,87,87,1,12
131,87,87,2,76
131,87,87,3,208
131,87,87,4,0
131,87,87,5,208
131,87,87,6,2
131,87,87,7,0
131,87,87,8,0
131,87,87,9,1
131,87,87,10,0
131,87,87,11,0
131,87,87,12,0
131,87,87,13,1
131,87,87,14,0
131,87,87,15,0
131,87,87,16,0
131,87,87,17,1
131,87,87,18,0
131,87,87,19,1
131,87,87,20,0
131,87,87,21,0
131,87,87,0,4
131,88,88,1,19
131,88,88,2,119
131,88,88,3,178
131,88,88,4,1
131,88,88,5,183
131,88,88,6,7
131,88,88,7,0
131,88,88,8,0
131,88,88,9,0
131,88,88,10,0
131,88,88,11,0
131,88,88,12,0
131,88,88,13,0
131,88,88,14,0
131,88,88,15,0
131,88,88,16,0
131,88,88,17,0
131,88,88,18,0
131,88,88,19,1
131,88,88,20,0
131,88,88,21,0
131,88,88,0,1
131,89,89,1,34
131,89,89,2,155
131,89,89,3,440
131,89,89,4,4
131,89,89,5,310
131,89,89,6,8
131,89,89,7,0
131,89,89,8,0
131,89,89,9,1
131,89,89,10,0
131,89,89,11,0
131,89,89,12,0
131,89,89,13,0
131,89,89,14,4
131,89,89,15,2
131,89,89,16,1
131,89,89,17,0
131,89,89,18,1
131,89,89,19,2
131,89,89,20,0
131,89,89,21,1
131,89,89,0,2
131,90,90,1,27
131,90,90,2,90
131,90,90,3,173
131,90,90,4,3
131,90,90,5,304
131,90,90,6,1
131,90,90,7,0
131,90,90,8,0
131,90,90,9,0
131,90,90,10,0
131,90,90,11,0
131,90,90,12,1
131,90,90,13,0
131,90,90,14,0
131,90,90,15,2
131,90,90,16,0
131,90,90,17,0
131,90,90,18,0
131,90,90,19,0
131,90,90,20,0
131,90,90,21,0
131,90,90,0,2
131,91,91,1,15
131,91,91,2,78
131,91,91,3,163
131,91,91,4,1
131,91,91,5,205
131,91,91,6,0
131,91,91,7,0
131,91,91,8,1
131,91,91,9,0
131,91,91,10,0
131,91,91,11,0
131,91,91,12,0
131,91,91,13,0
131,91,91,14,0
131,91,91,15,0
131,91,91,16,1
131,91,91,17,0
131,91,91,18,1
131,91,91,19,0
131,91,91,20,0
131,91,91,21,0
131,91,91,0,1
131,92,92,1,24
131,92,92,2,100
131,92,92,3,347
131,92,92,4,3
131,92,92,5,229
131,92,92,6,1
131,92,92,7,0
131,92,92,8,0
131,92,92,9,0
131,92,92,10,0
131,92,92,11,0
131,92,92,12,0
131,92,92,13,0
131,92,92,14,0
131,92,92,15,0
131,92,92,16,1
131,92,92,17,0
131,92,92,18,1
131,92,92,19,1
131,92,92,20,2
131,92,92,21,1
131,92,92,0,2
131,93,93,1,29
131,93,93,2,113
131,93,93,3,198
131,93,93,4,0
131,93,93,5,255
131,93,93,6,2
131,93,93,7,1
131,93,93,8,0
131,93,93,9,0
131,93,93,10,0
131,93,93,11,0
131,93,93,12,0
131,93,93,13,0
131,93,93,14,0
131,93,93,15,0
131,93,93,16,1
131,93,93,17,0
131,93,93,18,0
131,93,93,19,2
131,93,93,20,0
131,93,93,21,1
131,93,93,0,2
131,94,94,1,29
131,94,94,2,212
131,94,94,3,371
131,94,94,4,4
131,94,94,5,320
131,94,94,6,2
131,94,94,7,0
131,94,94,8,0
131,94,94,9,0
131,94,94,10,0
131,94,94,11,0
131,94,94,12,0
131,94,94,13,0
131,94,94,14,1
131,94,94,15,1
131,94,94,16,3
131,94,94,17,1
131,94,94,18,2
131,94,94,19,2
131,94,94,20,3
131,94,94,21,0
131,94,94,0,3
131,95,95,1,13
131,95,95,2,126
131,95,95,3,253
131,95,95,4,0
131,95,95,5,192
131,95,95,6,0
131,95,95,7,0
131,95,95,8,0
131,95,95,9,0
131,95,95,10,0
131,95,95,11,0
131,95,95,12,0
131,95,95,13,0
131,95,95,14,4
131,95,95,15,0
131,95,95,16,0
131,95,95,17,0
131,95,95,18,0
131,95,95,19,0
131,95,95,20,2
131,95,95,21,0
131,95,95,0,1
131,96,96,1,33
131,96,96,2,89
131,96,96,3,117
131,96,96,4,1
131,96,96,5,238
131,96,96,6,0
131,96,96,7,1
131,96,96,8,0
131,96,96,9,0
131,96,96,10,0
131,96,96,11,0
131,96,96,12,0
131,96,96,13,0
131,96,96,14,0
131,96,96,15,1
131,96,96,16,0
131,96,96,17,0
131,96,96,18,2
131,96,96,19,0
131,96,96,20,0
131,96,96,21,0
131,96,96,0,0
131,97,97,1,26
131,97,97,2,132
131,97,97,3,198
131,97,97,4,0
131,97,97,5,148
131,97,97,6,0
131,97,97,7,0
131,97,97,8,2
131,97,97,9,1
131,97,97,10,1
131,97,97,11,0
131,97,97,12,0
131,97,97,13,1
131,97,97,14,2
131,97,97,15,0
131,97,97,16,0
131,97,97,17,0
131,97,97,18,1
131,97,97,19,1
131,97,97,20,0
131,97,97,21,0
131,97,97,0,2
131,98,98,1,22
131,98,98,2,82
131,98,98,3,196
131,98,98,4,0
131,98,98,5,97
131,98,98,6,0
131,98,98,7,0
131,98,98,8,0
131,98,98,9,0
131,98,98,10,0
131,98,98,11,0
131,98,98,12,0
131,98,98,13,0
131,98,98,14,0
131,98,98,15,0
131,98,98,16,0
131,98,98,17,0
131,98,98,18,0
131,98,98,19,0
131,98,98,20,0
131,98,98,21,1
131,98,98,0,2
131,99,99,1,7
131,99,99,2,101
131,99,99,3,119
131,99,99,4,1
131,99,99,5,164
131,99,99,6,0
131,99,99,7,0
131,99,99,8,0
131,99,99,9,0
131,99,99,10,0
131,99,99,11,0
131,99,99,12,0
131,99,99,13,0
131,99,99,14,0
131,99,99,15,0
131,99,99,16,0
131,99,99,17,0
131,99,99,18,0
131,99,99,19,0
131,99,99,20,1
131,99,99,21,0
131,99,99,0,0
131,100,100,1,60
131,100,100,2,215
131,100,100,3,307
131,100,100,4,2
131,100,100,5,327
131,100,100,6,0
131,100,100,7,2
131,100,100,8,0
131,100,100,9,1
131,100,100,10,0
131,100,100,11,0
131,100,100,12,0
131,100,100,13,0
131,100,100,14,2
131,100,100,15,0
131,100,100,16,1
131,100,100,17,0
131,100,100,18,1
131,100,100,19,1
131,100,100,20,1
131,100,100,21,1
131,100,100,0,1
131,101,101,1,42
131,101,101,2,135
131,101,101,3,146
131,101,101,4,3
131,101,101,5,201
131,101,101,6,1
131,101,101,7,0
131,101,101,8,0
131,101,101,9,0
131,101,101,10,0
131,101,101,11,0
131,101,101,12,0
131,101,101,13,0
131,101,101,14,1
131,101,101,15,0
131,101,101,16,0
131,101,101,17,0
131,101,101,18,0
131,101,101,19,0
131,101,101,20,1
131,101,101,21,0
131,101,101,0,3
131,102,102,1,28
131,102,102,2,175
131,102,102,3,205
131,102,102,4,2
131,102,102,5,134
131,102,102,6,0
131,102,102,7,0
131,102,102,8,0
131,102,102,9,0
131,102,102,10,0
131,102,102,11,0
131,102,102,12,0
131,102,102,13,0
131,102,102,14,0
131,102,102,15,0
131,102,102,16,1
131,102,102,17,0
131,102,102,18,0
131,102,102,19,2
131,102,102,20,1
131,102,102,21,0
131,102,102,0,3
131,103,103,1,0
131,103,103,2,0
131,103,103,3,0
131,103,103,4,0
131,103,103,5,0
131,103,103,6,0
131,103,103,7,0
131,103,103,8,0
131,103,103,9,0
131,103,103,10,0
131,103,103,11,0
131,103,103,12,0
131,103,103,13,0
131,103,103,14,0
131,103,103,15,0
131,103,103,16,0
131,103,103,17,0
131,103,103,18,0
131,103,103,19,0
131,103,103,20,0
131,103,103,21,0
131,103,103,0,0
131,103,103,1,68
131,103,103,2,235
131,103,103,3,247
131,103,103,4,5
131,103,103,5,335
131,103,103,6,1
131,103,103,7,1
131,103,103,8,0
131,103,103,9,0
131,103,103,10,0
131,103,103,11,0
131,103,103,12,1
131,103,103,13,0
131,103,103,14,0
131,103,103,15,5
131,103,103,16,4
131,103,103,17,1
131,103,103,18,0
131,103,103,19,1
131,103,103,20,0
131,103,103,21,1
131,103,103,0,6
131,104,104,1,0
131,104,104,2,0
131,104,104,3,0
131,104,104,4,0
131,104,104,5,0
131,104,104,6,0
131,104,104,7,0
131,104,104,8,0
131,104,104,9,0
131,104,104,10,0
131,104,104,11,0
131,104,104,12,0
131,104,104,13,0
131,104,104,14,0
131,104,104,15,0
131,104,104,16,0
131,104,104,17,0
131,104,104,18,0
131,104,104,19,0
131,104,104,20,0
131,104,104,21,0
131,104,104,0,0
131,104,104,1,50
131,104,104,2,97
131,104,104,3,122
131,104,104,4,3
131,104,104,5,180
131,104,104,6,0
131,104,104,7,0
131,104,104,8,0
131,104,104,9,0
131,104,104,10,0
131,104,104,11,0
131,104,104,12,0
131,104,104,13,0
131,104,104,14,0
131,104,104,15,0
131,104,104,16,0
131,104,104,17,0
131,104,104,18,1
131,104,104,19,0
131,104,104,20,0
131,104,104,21,0
131,104,104,0,0
131,105,105,1,0
131,105,105,2,0
131,105,105,3,0
131,105,105,4,0
131,105,105,5,0
131,105,105,6,0
131,105,105,7,0
131,105,105,8,0
131,105,105,9,0
131,105,105,10,0
131,105,105,11,0
131,105,105,12,0
131,105,105,13,0
131,105,105,14,0
131,105,105,15,0
131,105,105,16,0
131,105,105,17,0
131,105,105,18,0
131,105,105,19,0
131,105,105,20,0
131,105,105,21,0
131,105,105,0,0
131,105,105,1,37
131,105,105,2,241
131,105,105,3,161
131,105,105,4,3
131,105,105,5,277
131,105,105,6,0
131,105,105,7,0
131,105,105,8,0
131,105,105,9,0
131,105,105,10,0
131,105,105,11,1
131,105,105,12,0
131,105,105,13,1
131,105,105,14,0
131,105,105,15,1
131,105,105,16,0
131,105,105,17,2
131,105,105,18,3
131,105,105,19,1
131,105,105,20,0
131,105,105,21,0
131,105,105,0,1
131,106,106,1,40
131,106,106,2,266
131,106,106,3,194
131,106,106,4,3
131,106,106,5,283
131,106,106,6,1
131,106,106,7,1
131,106,106,8,0
131,106,106,9,0
131,106,106,10,0
131,106,106,11,0
131,106,106,12,0
131,106,106,13,0
131,106,106,14,0
131,106,106,15,0
131,106,106,16,1
131,106,106,17,0
131,106,106,18,2
131,106,106,19,2
131,106,106,20,0
131,106,106,21,0
131,106,106,0,0
131,107,107,1,35
131,107,107,2,205
131,107,107,3,183
131,107,107,4,1
131,107,107,5,228
131,107,107,6,0
131,107,107,7,1
131,107,107,8,0
131,107,107,9,0
131,107,107,10,0
131,107,107,11,0
131,107,107,12,0
131,107,107,13,0
131,107,107,14,0
131,107,107,15,0
131,107,107,16,0
131,107,107,17,0
131,107,107,18,0
131,107,107,19,0
131,107,107,20,1
131,107,107,21,2
131,107,107,0,0
131,108,108,1,20
131,108,108,2,171
131,108,108,3,246
131,108,108,4,1
131,108,108,5,179
131,108,108,6,0
131,108,108,7,0
131,108,108,8,1
131,108,108,9,0
131,108,108,10,0
131,108,108,11,1
131,108,108,12,0
131,108,108,13,0
131,108,108,14,1
131,108,108,15,0
131,108,108,16,0
131,108,108,17,0
131,108,108,18,1
131,108,108,19,1
131,108,108,20,0
131,108,108,21,0
131,108,108,0,0
131,109,109,1,18
131,109,109,2,129
131,109,109,3,141
131,109,109,4,0
131,109,109,5,212
131,109,109,6,0
131,109,109,7,0
131,109,109,8,0
131,109,109,9,0
131,109,109,10,0
131,109,109,11,0
131,109,109,12,0
131,109,109,13,0
131,109,109,14,1
131,109,109,15,0
131,109,109,16,0
131,109,109,17,0
131,109,109,18,1
131,109,109,19,0
131,109,109,20,0
131,109,109,21,0
131,109,109,0,1
131,110,110,1,6
131,110,110,2,171
131,110,110,3,197
131,110,110,4,2
131,110,110,5,119
131,110,110,6,0
131,110,110,7,0
131,110,110,8,0
131,110,110,9,0
131,110,110,10,0
131,110,110,11,0
131,110,110,12,0
131,110,110,13,0
131,110,110,14,1
131,110,110,15,1
131,110,110,16,0
131,110,110,17,2
131,110,110,18,2
131,110,110,19,0
131,110,110,20,0
131,110,110,21,1
131,110,110,0,0
131,111,111,1,30
131,111,111,2,113
131,111,111,3,271
131,111,111,4,0
131,111,111,5,238
131,111,111,6,2
131,111,111,7,2
131,111,111,8,0
131,111,111,9,0
131,111,111,10,0
131,111,111,11,0
131,111,111,12,0
131,111,111,13,0
131,111,111,14,0
131,111,111,15,0
131,111,111,16,4
131,111,111,17,0
131,111,111,18,0
131,111,111,19,2
131,111,111,20,0
131,111,111,21,0
131,111,111,0,3
131,112,112,1,14
131,112,112,2,102
131,112,112,3,150
131,112,112,4,2
131,112,112,5,208
131,112,112,6,1
131,112,112,7,1
131,112,112,8,0
131,112,112,9,0
131,112,112,10,0
131,112,112,11,1
131,112,112,12,1
131,112,112,13,0
131,112,112,14,1
131,112,112,15,0
131,112,112,16,1
131,112,112,17,0
131,112,112,18,2
131,112,112,19,1
131,112,112,20,0
131,112,112,21,1
131,112,112,0,1
131,113,113,1,25
131,113,113,2,206
131,113,113,3,255
131,113,113,4,1
131,113,113,5,277
131,113,113,6,1
131,113,113,7,1
131,113,113,8,0
131,113,113,9,0
131,113,113,10,0
131,113,113,11,0
131,113,113,12,0
131,113,113,13,1
131,113,113,14,1
131,113,113,15,1
131,113,113,16,0
131,113,113,17,0
131,113,113,18,1
131,113,113,19,0
131,113,113,20,1
131,113,113,21,3
131,113,113,0,4
131,114,114,1,6
131,114,114,2,98
131,114,114,3,97
131,114,114,4,5
131,114,114,5,131
131,114,114,6,0
131,114,114,7,0
131,114,114,8,2
131,114,114,9,0
131,114,114,10,0
131,114,114,11,0
131,114,114,12,0
131,114,114,13,0
131,114,114,14,0
131,114,114,15,1
131,114,114,16,0
131,114,114,17,1
131,114,114,18,0
131,114,114,19,0
131,114,114,20,1
131,114,114,21,1
131,114,114,0,1
131,115,115,1,9
131,115,115,2,110
131,115,115,3,158
131,115,115,4,1
131,115,115,5,119
131,115,115,6,1
131,115,115,7,0
131,115,115,8,0
131,115,115,9,0
131,115,115,10,0
131,115,115,11,1
131,115,115,12,0
131,115,115,13,0
131,115,115,14,1
131,115,115,15,0
131,115,115,16,1
131,115,115,17,0
131,115,115,18,0
131,115,115,19,0
131,115,115,20,1
131,115,115,21,0
131,115,115,0,1
131,116,116,1,18
131,116,116,2,226
131,116,116,3,235
131,116,116,4,1
131,116,116,5,247
131,116,116,6,1
131,116,116,7,0
131,116,116,8,3
131,116,116,9,1
131,116,116,10,0
131,116,116,11,1
131,116,116,12,0
131,116,116,13,1
131,116,116,14,1
131,116,116,15,1
131,116,116,16,2
131,116,116,17,0
131,116,116,18,1
131,116,116,19,1
131,116,116,20,0
131,116,116,21,3
131,116,116,0,1
131,117,117,1,27
131,117,117,2,116
131,117,117,3,131
131,117,117,4,2
131,117,117,5,124
131,117,117,6,0
131,117,117,7,0
131,117,117,8,0
131,117,117,9,2
131,117,117,10,0
131,117,117,11,0
131,117,117,12,2
131,117,117,13,0
131,117,117,14,2
131,117,117,15,0
131,117,117,16,0
131,117,117,17,0
131,117,117,18,1
131,117,117,19,4
131,117,117,20,0
131,117,117,21,2
131,117,117,0,0
131,118,118,1,13
131,118,118,2,158
131,118,118,3,191
131,118,118,4,1
131,118,118,5,110
131,118,118,6,0
131,118,118,7,0
131,118,118,8,1
131,118,118,9,1
131,118,118,10,0
131,118,118,11,0
131,118,118,12,0
131,118,118,13,2
131,118,118,14,0
131,118,118,15,0
131,118,118,16,2
131,118,118,17,0
131,118,118,18,1
131,118,118,19,0
131,118,118,20,1
131,118,118,21,0
131,118,118,0,2
131,119,119,1,16
131,119,119,2,225
131,119,119,3,170
131,119,119,4,2
131,119,119,5,146
131,119,119,6,0
131,119,119,7,0
131,119,119,8,2
131,119,119,9,0
131,119,119,10,0
131,119,119,11,0
131,119,119,12,0
131,119,119,13,0
131,119,119,14,0
131,119,119,15,2
131,119,119,16,0
131,119,119,17,0
131,119,119,18,3
131,119,119,19,0
131,119,119,20,1
131,119,119,21,0
131,119,119,0,0
131,120,120,1,58
131,120,120,2,262
131,120,120,3,274
131,120,120,4,2
131,120,120,5,372
131,120,120,6,2
131,120,120,7,0
131,120,120,8,1
131,120,120,9,0
131,120,120,10,0
131,120,120,11,1
131,120,120,12,1
131,120,120,13,0
131,120,120,14,0
131,120,120,15,0
131,120,120,16,0
131,120,120,17,0
131,120,120,18,1
131,120,120,19,0
131,120,120,20,0
131,120,120,21,0
131,120,120,0,2
131,121,121,1,46
131,121,121,2,216
131,121,121,3,163
131,121,121,4,1
131,121,121,5,173
131,121,121,6,2
131,121,121,7,0
131,121,121,8,1
131,121,121,9,0
131,121,121,10,1
131,121,121,11,0
131,121,121,12,0
131,121,121,13,0
131,121,121,14,0
131,121,121,15,0
131,121,121,16,2
131,121,121,17,1
131,121,121,18,1
131,121,121,19,0
131,121,121,20,0
131,121,121,21,0
131,121,121,0,2
131,122,122,1,50
131,122,122,2,268
131,122,122,3,373
131,122,122,4,2
131,122,122,5,274
131,122,122,6,1
131,122,122,7,0
131,122,122,8,1
131,122,122,9,0
131,122,122,10,0
131,122,122,11,1
131,122,122,12,0
131,122,122,13,0
131,122,122,14,1
131,122,122,15,0
131,122,122,16,0
131,122,122,17,0
131,122,122,18,2
131,122,122,19,1
131,122,122,20,0
131,122,122,21,0
131,122,122,0,1
131,123,123,1,27
131,123,123,2,144
131,123,123,3,235
131,123,123,4,1
131,123,123,5,181
131,123,123,6,2
131,123,123,7,0
131,123,123,8,2
131,123,123,9,0
131,123,123,10,0
131,123,123,11,1
131,123,123,12,1
131,123,123,13,0
131,123,123,14,0
131,123,123,15,0
131,123,123,16,0
131,123,123,17,0
131,123,123,18,1
131,123,123,19,1
131,123,123,20,0
131,123,123,21,0
131,123,123,0,1
131,124,124,1,24
131,124,124,2,165
131,124,124,3,174
131,124,124,4,0
131,124,124,5,122
131,124,124,6,2
131,124,124,7,0
131,124,124,8,2
131,124,124,9,0
131,124,124,10,0
131,124,124,11,0
131,124,124,12,0
131,124,124,13,0
131,124,124,14,1
131,124,124,15,0
131,124,124,16,3
131,124,124,17,2
131,124,124,18,0
131,124,124,19,2
131,124,124,20,2
131,124,124,21,0
131,124,124,0,1
131,124,124,1,0
131,124,124,2,0
131,124,124,3,0
131,124,124,4,0
131,124,124,5,0
131,124,124,6,0
131,124,124,7,0
131,124,124,8,0
131,124,124,9,0
131,124,124,10,0
131,124,124,11,0
131,124,124,12,0
131,124,124,13,0
131,124,124,14,0
131,124,124,15,0
131,124,124,16,0
131,124,124,17,0
131,124,124,18,0
131,124,124,19,0
131,124,124,20,0
131,124,124,21,0
131,124,124,0,0
131,125,125,1,42
131,125,125,2,103
131,125,125,3,207
131,125,125,4,2
131,125,125,5,157
131,125,125,6,0
131,125,125,7,1
131,125,125,8,0
131,125,125,9,0
131,125,125,10,1
131,125,125,11,0
131,125,125,12,1
131,125,125,13,1
131,125,125,14,1
131,125,125,15,1
131,125,125,16,0
131,125,125,17,0
131,125,125,18,0
131,125,125,19,0
131,125,125,20,0
131,125,125,21,0
131,125,125,0,0
131,125,125,1,0
131,125,125,2,0
131,125,125,3,0
131,125,125,4,0
131,125,125,5,0
131,125,125,6,0
131,125,125,7,0
131,125,125,8,0
131,125,125,9,0
131,125,125,10,0
131,125,125,11,0
131,125,125,12,0
131,125,125,13,0
131,125,125,14,0
131,125,125,15,0
131,125,125,16,0
131,125,125,17,0
131,125,125,18,0
131,125,125,19,0
131,125,125,20,0
131,125,125,21,0
131,125,125,0,0
131,126,126,1,44
131,126,126,2,228
131,126,126,3,192
131,126,126,4,4
131,126,126,5,272
131,126,126,6,2
131,126,126,7,1
131,126,126,8,4
131,126,126,9,0
131,126,126,10,0
131,126,126,11,0
131,126,126,12,0
131,126,126,13,0
131,126,126,14,0
131,126,126,15,0
131,126,126,16,0
131,126,126,17,2
131,126,126,18,1
131,126,126,19,1
131,126,126,20,0
131,126,126,21,1
131,126,126,0,2
131,126,126,1,0
131,126,126,2,0
131,126,126,3,0
131,126,126,4,0
131,126,126,5,0
131,126,126,6,0
131,126,126,7,0
131,126,126,8,0
131,126,126,9,0
131,126,126,10,0
131,126,126,11,0
131,126,126,12,0
131,126,126,13,0
131,126,126,14,0
131,126,126,15,0
131,126,126,16,0
131,126,126,17,0
131,126,126,18,0
131,126,126,19,0
131,126,126,20,0
131,126,126,21,0
131,126,126,0,0
131,127,127,1,35
131,127,127,2,194
131,127,127,3,129
131,127,127,4,0
131,127,127,5,176
131,127,127,6,0
131,127,127,7,0
131,127,127,8,0
131,127,127,9,0
131,127,127,10,0
131,127,127,11,0
131,127,127,12,0
131,127,127,13,0
131,127,127,14,0
131,127,127,15,0
131,127,127,16,0
131,127,127,17,0
131,127,127,18,2
131,127,127,19,0
131,127,127,20,0
131,127,127,21,0
131,127,127,0,0
131,128,128,1,76
131,128,128,2,257
131,128,128,3,262
131,128,128,4,3
131,128,128,5,308
131,128,128,6,2
131,128,128,7,0
131,128,128,8,0
131,128,128,9,0
131,128,128,10,0
131,128,128,11,0
131,128,128,12,0
131,128,128,13,1
131,128,128,14,1
131,128,128,15,0
131,128,128,16,0
131,128,128,17,3
131,128,128,18,4
131,128,128,19,1
131,128,128,20,1
131,128,128,21,2
131,128,128,0,2
131,129,129,1,40
131,129,129,2,248
131,129,129,3,256
131,129,129,4,2
131,129,129,5,240
131,129,129,6,0
131,129,129,7,0
131,129,129,8,2
131,129,129,9,0
131,129,129,10,0
131,129,129,11,0
131,129,129,12,0
131,129,129,13,0
131,129,129,14,0
131,129,129,15,0
131,129,129,16,2
131,129,129,17,1
131,129,129,18,4
131,129,129,19,1
131,129,129,20,1
131,129,129,21,0
131,129,129,0,1
131,130,130,1,33
131,130,130,2,309
131,130,130,3,273
131,130,130,4,2
131,130,130,5,210
131,130,130,6,0
131,130,130,7,0
131,130,130,8,1
131,130,130,9,0
131,130,130,10,1
131,130,130,11,0
131,130,130,12,1
131,130,130,13,1
131,130,130,14,0
131,130,130,15,0
131,130,130,16,1
131,130,130,17,2
131,130,130,18,2
131,130,130,19,0
131,130,130,20,0
131,130,130,21,1
131,130,130,0,2
131,131,131,1,39
131,131,131,2,158
131,131,131,3,255
131,131,131,4,2
131,131,131,5,271
131,131,131,6,0
131,131,131,7,0
131,131,131,8,1
131,131,131,9,0
131,131,131,10,0
131,131,131,11,0
131,131,131,12,1
131,131,131,13,1
131,131,131,14,0
131,131,131,15,0
131,131,131,16,1
131,131,131,17,0
131,131,131,18,0
131,131,131,19,1
131,131,131,20,1
131,131,131,21,0
131,131,131,0,5
131,132,132,1,30
131,132,132,2,182
131,132,132,3,350
131,132,132,4,1
131,132,132,5,212
131,132,132,6,0
131,132,132,7,0
131,132,132,8,0
131,132,132,9,0
131,132,132,10,0
131,132,132,11,0
131,132,132,12,0
131,132,132,13,0
131,132,132,14,0
131,132,132,15,0
131,132,132,16,2
131,132,132,17,0
131,132,132,18,0
131,132,132,19,1
131,132,132,20,0
131,132,132,21,0
131,132,132,0,2
131,133,133,1,32
131,133,133,2,169
131,133,133,3,142
131,133,133,4,0
131,133,133,5,181
131,133,133,6,0
131,133,133,7,0
131,133,133,8,1
131,133,133,9,0
131,133,133,10,0
131,133,133,11,0
131,133,133,12,0
131,133,133,13,0
131,133,133,14,0
131,133,133,15,1
131,133,133,16,0
131,133,133,17,0
131,133,133,18,4
131,133,133,19,5
131,133,133,20,1
131,133,133,21,1
131,133,133,0,2
131,134,134,1,19
131,134,134,2,131
131,134,134,3,115
131,134,134,4,0
131,134,134,5,141
131,134,134,6,1
131,134,134,7,0
131,134,134,8,1
131,134,134,9,0
131,134,134,10,0
131,134,134,11,0
131,134,134,12,0
131,134,134,13,1
131,134,134,14,2
131,134,134,15,1
131,134,134,16,0
131,134,134,17,0
131,134,134,18,2
131,134,134,19,0
131,134,134,20,0
131,134,134,21,0
131,134,134,0,1
131,135,135,1,55
131,135,135,2,173
131,135,135,3,312
131,135,135,4,3
131,135,135,5,181
131,135,135,6,2
131,135,135,7,0
131,135,135,8,0
131,135,135,9,0
131,135,135,10,0
131,135,135,11,0
131,135,135,12,1
131,135,135,13,2
131,135,135,14,2
131,135,135,15,0
131,135,135,16,2
131,135,135,17,0
131,135,135,18,2
131,135,135,19,6
131,135,135,20,0
131,135,135,21,1
131,135,135,0,2
131,136,136,1,30
131,136,136,2,142
131,136,136,3,306
131,136,136,4,2
131,136,136,5,178
131,136,136,6,1
131,136,136,7,0
131,136,136,8,0
131,136,136,9,0
131,136,136,10,0
131,136,136,11,0
131,136,136,12,0
131,136,136,13,0
131,136,136,14,0
131,136,136,15,0
131,136,136,16,0
131,136,136,17,0
131,136,136,18,0
131,136,136,19,2
131,136,136,20,1
131,136,136,21,0
131,136,136,0,2
131,137,137,1,60
131,137,137,2,184
131,137,137,3,321
131,137,137,4,1
131,137,137,5,153
131,137,137,6,1
131,137,137,7,1
131,137,137,8,0
131,137,137,9,0
131,137,137,10,1
131,137,137,11,0
131,137,137,12,0
131,137,137,13,0
131,137,137,14,1
131,137,137,15,0
131,137,137,16,0
131,137,137,17,2
131,137,137,18,2
131,137,137,19,7
131,137,137,20,0
131,137,137,21,0
131,137,137,0,4
131,138,138,1,33
131,138,138,2,160
131,138,138,3,126
131,138,138,4,0
131,138,138,5,199
131,138,138,6,2
131,138,138,7,2
131,138,138,8,0
131,138,138,9,0
131,138,138,10,0
131,138,138,11,0
131,138,138,12,0
131,138,138,13,0
131,138,138,14,0
131,138,138,15,0
131,138,138,16,0
131,138,138,17,0
131,138,138,18,1
131,138,138,19,6
131,138,138,20,0
131,138,138,21,1
131,138,138,0,3
131,139,139,1,47
131,139,139,2,279
131,139,139,3,213
131,139,139,4,7
131,139,139,5,285
131,139,139,6,1
131,139,139,7,0
131,139,139,8,3
131,139,139,9,0
131,139,139,10,0
131,139,139,11,1
131,139,139,12,0
131,139,139,13,0
131,139,139,14,1
131,139,139,15,0
131,139,139,16,3
131,139,139,17,2
131,139,139,18,3
131,139,139,19,1
131,139,139,20,0
131,139,139,21,0
131,139,139,0,5
131,140,140,1,39
131,140,140,2,125
131,140,140,3,89
131,140,140,4,2
131,140,140,5,184
131,140,140,6,1
131,140,140,7,0
131,140,140,8,0
131,140,140,9,0
131,140,140,10,0
131,140,140,11,0
131,140,140,12,0
131,140,140,13,0
131,140,140,14,0
131,140,140,15,0
131,140,140,16,1
131,140,140,17,0
131,140,140,18,1
131,140,140,19,0
131,140,140,20,0
131,140,140,21,0
131,140,140,0,2
131,141,141,1,60
131,141,141,2,211
131,141,141,3,213
131,141,141,4,3
131,141,141,5,225
131,141,141,6,4
131,141,141,7,0
131,141,141,8,0
131,141,141,9,0
131,141,141,10,0
131,141,141,11,0
131,141,141,12,1
131,141,141,13,0
131,141,141,14,2
131,141,141,15,1
131,141,141,16,1
131,141,141,17,1
131,141,141,18,2
131,141,141,19,0
131,141,141,20,0
131,141,141,21,0
131,141,141,0,1
131,142,142,1,66
131,142,142,2,288
131,142,142,3,220
131,142,142,4,0
131,142,142,5,232
131,142,142,6,1
131,142,142,7,0
131,142,142,8,0
131,142,142,9,0
131,142,142,10,0
131,142,142,11,0
131,142,142,12,0
131,142,142,13,0
131,142,142,14,0
131,142,142,15,1
131,142,142,16,1
131,142,142,17,1
131,142,142,18,1
131,142,142,19,1
131,142,142,20,0
131,142,142,21,1
131,142,142,0,4
131,143,143,1,73
131,143,143,2,219
131,143,143,3,303
131,143,143,4,3
131,143,143,5,151
131,143,143,6,0
131,143,143,7,0
131,143,143,8,2
131,143,143,9,0
131,143,143,10,0
131,143,143,11,0
131,143,143,12,0
131,143,143,13,0
131,143,143,14,0
131,143,143,15,1
131,143,143,16,1
131,143,143,17,1
131,143,143,18,3
131,143,143,19,2
131,143,143,20,1
131,143,143,21,2
131,143,143,0,5
131,144,144,1,43
131,144,144,2,167
131,144,144,3,284
131,144,144,4,1
131,144,144,5,174
131,144,144,6,0
131,144,144,7,0
131,144,144,8,0
131,144,144,9,0
131,144,144,10,0
131,144,144,11,0
131,144,144,12,0
131,144,144,13,1
131,144,144,14,0
131,144,144,15,1
131,144,144,16,1
131,144,144,17,0
131,144,144,18,4
131,144,144,19,3
131,144,144,20,0
131,144,144,21,2
131,144,144,0,4
131,145,145,1,13
131,145,145,2,225
131,145,145,3,122
131,145,145,4,2
131,145,145,5,93
131,145,145,6,2
131,145,145,7,1
131,145,145,8,1
131,145,145,9,0
131,145,145,10,0
131,145,145,11,1
131,145,145,12,1
131,145,145,13,0
131,145,145,14,1
131,145,145,15,0
131,145,145,16,3
131,145,145,17,3
131,145,145,18,2
131,145,145,19,0
131,145,145,20,1
131,145,145,21,2
131,145,145,0,2
131,145,145,1,0
131,145,145,2,0
131,145,145,3,0
131,145,145,4,0
131,145,145,5,0
131,145,145,6,0
131,145,145,7,0
131,145,145,8,0
131,145,145,9,0
131,145,145,10,0
131,145,145,11,0
131,145,145,12,0
131,145,145,13,0
131,145,145,14,0
131,145,145,15,0
131,145,145,16,0
131,145,145,17,0
131,145,145,18,0
131,145,145,19,0
131,145,145,20,0
131,145,145,21,0
131,145,145,0,0
131,146,146,1,18
131,146,146,2,99
131,146,146,3,190
131,146,146,4,1
131,146,146,5,171
131,146,146,6,0
131,146,146,7,0
131,146,146,8,0
131,146,146,9,0
131,146,146,10,0
131,146,146,11,0
131,146,146,12,0
131,146,146,13,0
131,146,146,14,1
131,146,146,15,0
131,146,146,16,1
131,146,146,17,1
131,146,146,18,2
131,146,146,19,5
131,146,146,20,2
131,146,146,21,2
131,146,146,0,2
131,146,146,1,0
131,146,146,2,0
131,146,146,3,0
131,146,146,4,0
131,146,146,5,0
131,146,146,6,0
131,146,146,7,0
131,146,146,8,0
131,146,146,9,0
131,146,146,10,0
131,146,146,11,0
131,146,146,12,0
131,146,146,13,0
131,146,146,14,0
131,146,146,15,0
131,146,146,16,0
131,146,146,17,0
131,146,146,18,0
131,146,146,19,0
131,146,146,20,0
131,146,146,21,0
131,146,146,0,0
131,147,147,1,0
131,147,147,2,0
131,147,147,3,0
131,147,147,4,0
131,147,147,5,0
131,147,147,6,0
131,147,147,7,0
131,147,147,8,0
131,147,147,9,0
131,147,147,10,0
131,147,147,11,0
131,147,147,12,0
131,147,147,13,0
131,147,147,14,0
131,147,147,15,0
131,147,147,16,0
131,147,147,17,0
131,147,147,18,0
131,147,147,19,0
131,147,147,20,0
131,147,147,21,0
131,147,147,0,0
131,147,147,1,22
131,147,147,2,172
131,147,147,3,313
131,147,147,4,1
131,147,147,5,125
131,147,147,6,1
131,147,147,7,0
131,147,147,8,1
131,147,147,9,0
131,147,147,10,0
131,147,147,11,0
131,147,147,12,0
131,147,147,13,1
131,147,147,14,1
131,147,147,15,1
131,147,147,16,1
131,147,147,17,0
131,147,147,18,1
131,147,147,19,0
131,147,147,20,0
131,147,147,21,0
131,147,147,0,1
131,148,148,1,16
131,148,148,2,109
131,148,148,3,162
131,148,148,4,1
131,148,148,5,105
131,148,148,6,0
131,148,148,7,0
131,148,148,8,1
131,148,148,9,0
131,148,148,10,1
131,148,148,11,0
131,148,148,12,0
131,148,148,13,0
131,148,148,14,2
131,148,148,15,3
131,148,148,16,2
131,148,148,17,0
131,148,148,18,4
131,148,148,19,4
131,148,148,20,1
131,148,148,21,0
131,148,148,0,3
131,149,149,1,38
131,149,149,2,288
131,149,149,3,407
131,149,149,4,2
131,149,149,5,258
131,149,149,6,0
131,149,149,7,0
131,149,149,8,1
131,149,149,9,0
131,149,149,10,0
131,149,149,11,0
131,149,149,12,0
131,149,149,13,2
131,149,149,14,0
131,149,149,15,0
131,149,149,16,0
131,149,149,17,0
131,149,149,18,1
131,149,149,19,0
131,149,149,20,1
131,149,149,21,0
131,149,149,0,2
131,150,150,1,22
131,150,150,2,381
131,150,150,3,274
131,150,150,4,7
131,150,150,5,146
131,150,150,6,0
131,150,150,7,0
131,150,150,8,1
131,150,150,9,2
131,150,150,10,0
131,150,150,11,0
131,150,150,12,1
131,150,150,13,0
131,150,150,14,1
131,150,150,15,2
131,150,150,16,1
131,150,150,17,1
131,150,150,18,4
131,150,150,19,2
131,150,150,20,0
131,150,150,21,0
131,150,150,0,2
131,151,151,1,21
131,151,151,2,132
131,151,151,3,237
131,151,151,4,1
131,151,151,5,129
131,151,151,6,0
131,151,151,7,0
131,151,151,8,0
131,151,151,9,0
131,151,151,10,0
131,151,151,11,0
131,151,151,12,0
131,151,151,13,1
131,151,151,14,0
131,151,151,15,1
131,151,151,16,0
131,151,151,17,1
131,151,151,18,1
131,151,151,19,1
131,151,151,20,0
131,151,151,21,0
131,151,151,0,0
131,152,152,1,17
131,152,152,2,376
131,152,152,3,271
131,152,152,4,0
131,152,152,5,208
131,152,152,6,2
131,152,152,7,0
131,152,152,8,1
131,152,152,9,1
131,152,152,10,0
131,152,152,11,1
131,152,152,12,1
131,152,152,13,2
131,152,152,14,2
131,152,152,15,6
131,152,152,16,6
131,152,152,17,4
131,152,152,18,3
131,152,152,19,4
131,152,152,20,0
131,152,152,21,2
131,152,152,0,2
131,153,153,1,20
131,153,153,2,188
131,153,153,3,318
131,153,153,4,0
131,153,153,5,243
131,153,153,6,0
131,153,153,7,0
131,153,153,8,0
131,153,153,9,0
131,153,153,10,0
131,153,153,11,1
131,153,153,12,0
131,153,153,13,0
131,153,153,14,2
131,153,153,15,0
131,153,153,16,1
131,153,153,17,0
131,153,153,18,0
131,153,153,19,4
131,153,153,20,0
131,153,153,21,2
131,153,153,0,1
131,154,154,1,31
131,154,154,2,238
131,154,154,3,238
131,154,154,4,1
131,154,154,5,177
131,154,154,6,0
131,154,154,7,0
131,154,154,8,0
131,154,154,9,0
131,154,154,10,0
131,154,154,11,0
131,154,154,12,0
131,154,154,13,0
131,154,154,14,0
131,154,154,15,0
131,154,154,16,0
131,154,154,17,0
131,154,154,18,1
131,154,154,19,2
131,154,154,20,0
131,154,154,21,0
131,154,154,0,1
131,155,155,1,31
131,155,155,2,188
131,155,155,3,298
131,155,155,4,2
131,155,155,5,152
131,155,155,6,0
131,155,155,7,3
131,155,155,8,0
131,155,155,9,0
131,155,155,10,0
131,155,155,11,0
131,155,155,12,0
131,155,155,13,0
131,155,155,14,0
131,155,155,15,0
131,155,155,16,1
131,155,155,17,0
131,155,155,18,0
131,155,155,19,0
131,155,155,20,0
131,155,155,21,0
131,155,155,0,0
131,156,156,1,15
131,156,156,2,226
131,156,156,3,187
131,156,156,4,5
131,156,156,5,177
131,156,156,6,0
131,156,156,7,1
131,156,156,8,0
131,156,156,9,0
131,156,156,10,0
131,156,156,11,0
131,156,156,12,1
131,156,156,13,0
131,156,156,14,1
131,156,156,15,1
131,156,156,16,0
131,156,156,17,0
131,156,156,18,1
131,156,156,19,0
131,156,156,20,2
131,156,156,21,1
131,156,156,0,1
131,157,157,1,29
131,157,157,2,268
131,157,157,3,289
131,157,157,4,3
131,157,157,5,174
131,157,157,6,0
131,157,157,7,0
131,157,157,8,0
131,157,157,9,1
131,157,157,10,0
131,157,157,11,0
131,157,157,12,0
131,157,157,13,0
131,157,157,14,2
131,157,157,15,3
131,157,157,16,0
131,157,157,17,0
131,157,157,18,3
131,157,157,19,0
131,157,157,20,1
131,157,157,21,0
131,157,157,0,2
131,158,158,1,33
131,158,158,2,207
131,158,158,3,357
131,158,158,4,2
131,158,158,5,243
131,158,158,6,1
131,158,158,7,0
131,158,158,8,0
131,158,158,9,0
131,158,158,10,0
131,158,158,11,1
131,158,158,12,0
131,158,158,13,0
131,158,158,14,0
131,158,158,15,0
131,158,158,16,0
131,158,158,17,1
131,158,158,18,4
131,158,158,19,2
131,158,158,20,1
131,158,158,21,0
131,158,158,0,3
131,159,159,1,25
131,159,159,2,155
131,159,159,3,295
131,159,159,4,3
131,159,159,5,121
131,159,159,6,0
131,159,159,7,0
131,159,159,8,0
131,159,159,9,0
131,159,159,10,0
131,159,159,11,0
131,159,159,12,0
131,159,159,13,0
131,159,159,14,0
131,159,159,15,0
131,159,159,16,0
131,159,159,17,1
131,159,159,18,1
131,159,159,19,0
131,159,159,20,1
131,159,159,21,0
131,159,159,0,2
131,160,160,1,40
131,160,160,2,165
131,160,160,3,261
131,160,160,4,2
131,160,160,5,142
131,160,160,6,1
131,160,160,7,1
131,160,160,8,0
131,160,160,9,0
131,160,160,10,0
131,160,160,11,0
131,160,160,12,0
131,160,160,13,1
131,160,160,14,1
131,160,160,15,0
131,160,160,16,0
131,160,160,17,1
131,160,160,18,0
131,160,160,19,1
131,160,160,20,0
131,160,160,21,0
131,160,160,0,0
131,161,161,1,31
131,161,161,2,164
131,161,161,3,271
131,161,161,4,2
131,161,161,5,153
131,161,161,6,0
131,161,161,7,0
131,161,161,8,1
131,161,161,9,0
131,161,161,10,0
131,161,161,11,1
131,161,161,12,1
131,161,161,13,0
131,161,161,14,2
131,161,161,15,0
131,161,161,16,2
131,161,161,17,0
131,161,161,18,1
131,161,161,19,2
131,161,161,20,0
131,161,161,21,0
131,161,161,0,3
131,162,162,1,16
131,162,162,2,281
131,162,162,3,182
131,162,162,4,1
131,162,162,5,154
131,162,162,6,1
131,162,162,7,0
131,162,162,8,1
131,162,162,9,0
131,162,162,10,0
131,162,162,11,1
131,162,162,12,0
131,162,162,13,0
131,162,162,14,0
131,162,162,15,0
131,162,162,16,0
131,162,162,17,0
131,162,162,18,0
131,162,162,19,1
131,162,162,20,0
131,162,162,21,0
131,162,162,0,2
131,163,163,1,27
131,163,163,2,206
131,163,163,3,260
131,163,163,4,1
131,163,163,5,209
131,163,163,6,0
131,163,163,7,0
131,163,163,8,1
131,163,163,9,0
131,163,163,10,0
131,163,163,11,0
131,163,163,12,0
131,163,163,13,1
131,163,163,14,0
131,163,163,15,0
131,163,163,16,0
131,163,163,17,0
131,163,163,18,0
131,163,163,19,0
131,163,163,20,0
131,163,163,21,0
131,163,163,0,2
131,164,164,1,32
131,164,164,2,296
131,164,164,3,349
131,164,164,4,4
131,164,164,5,143
131,164,164,6,0
131,164,164,7,0
131,164,164,8,2
131,164,164,9,1
131,164,164,10,0
131,164,164,11,2
131,164,164,12,1
131,164,164,13,1
131,164,164,14,4
131,164,164,15,2
131,164,164,16,2
131,164,164,17,2
131,164,164,18,3
131,164,164,19,0
131,164,164,20,0
131,164,164,21,0
131,164,164,0,0
131,165,165,1,61
131,165,165,2,181
131,165,165,3,291
131,165,165,4,1
131,165,165,5,127
131,165,165,6,0
131,165,165,7,0
131,165,165,8,0
131,165,165,9,0
131,165,165,10,0
131,165,165,11,0
131,165,165,12,0
131,165,165,13,0
131,165,165,14,3
131,165,165,15,0
131,165,165,16,0
131,165,165,17,3
131,165,165,18,3
131,165,165,19,4
131,165,165,20,1
131,165,165,21,1
131,165,165,0,0
131,166,166,1,28
131,166,166,2,419
131,166,166,3,198
131,166,166,4,2
131,166,166,5,192
131,166,166,6,0
131,166,166,7,0
131,166,166,8,0
131,166,166,9,0
131,166,166,10,0
131,166,166,11,1
131,166,166,12,0
131,166,166,13,0
131,166,166,14,1
131,166,166,15,0
131,166,166,16,0
131,166,166,17,1
131,166,166,18,0
131,166,166,19,1
131,166,166,20,0
131,166,166,21,0
131,166,166,0,1
131,166,166,1,0
131,166,166,2,0
131,166,166,3,0
131,166,166,4,0
131,166,166,5,0
131,166,166,6,0
131,166,166,7,0
131,166,166,8,0
131,166,166,9,0
131,166,166,10,0
131,166,166,11,0
131,166,166,12,0
131,166,166,13,0
131,166,166,14,0
131,166,166,15,0
131,166,166,16,0
131,166,166,17,0
131,166,166,18,0
131,166,166,19,0
131,166,166,20,0
131,166,166,21,0
131,166,166,0,0
131,167,167,1,42
131,167,167,2,200
131,167,167,3,374
131,167,167,4,2
131,167,167,5,228
131,167,167,6,1
131,167,167,7,7
131,167,167,8,1
131,167,167,9,3
131,167,167,10,0
131,167,167,11,0
131,167,167,12,0
131,167,167,13,0
131,167,167,14,0
131,167,167,15,2
131,167,167,16,1
131,167,167,17,1
131,167,167,18,4
131,167,167,19,1
131,167,167,20,0
131,167,167,21,0
131,167,167,0,3
131,167,167,1,0
131,167,167,2,0
131,167,167,3,0
131,167,167,4,0
131,167,167,5,0
131,167,167,6,0
131,167,167,7,0
131,167,167,8,0
131,167,167,9,0
131,167,167,10,0
131,167,167,11,0
131,167,167,12,0
131,167,167,13,0
131,167,167,14,0
131,167,167,15,0
131,167,167,16,0
131,167,167,17,0
131,167,167,18,0
131,167,167,19,0
131,167,167,20,0
131,167,167,21,0
131,167,167,0,0
131,168,168,1,32
131,168,168,2,329
131,168,168,3,247
131,168,168,4,2
131,168,168,5,236
131,168,168,6,2
131,168,168,7,0
131,168,168,8,1
131,168,168,9,0
131,168,168,10,2
131,168,168,11,1
131,168,168,12,1
131,168,168,13,0
131,168,168,14,1
131,168,168,15,3
131,168,168,16,1
131,168,168,17,0
131,168,168,18,6
131,168,168,19,0
131,168,168,20,1
131,168,168,21,0
131,168,168,0,0
131,168,168,1,0
131,168,168,2,0
131,168,168,3,0
131,168,168,4,0
131,168,168,5,0
131,168,168,6,0
131,168,168,7,0
131,168,168,8,0
131,168,168,9,0
131,168,168,10,0
131,168,168,11,0
131,168,168,12,0
131,168,168,13,0
131,168,168,14,0
131,168,168,15,0
131,168,168,16,0
131,168,168,17,0
131,168,168,18,0
131,168,168,19,0
131,168,168,20,0
131,168,168,21,0
131,168,168,0,0
131,169,169,1,56
131,169,169,2,213
131,169,169,3,318
131,169,169,4,1
131,169,169,5,188
131,169,169,6,0
131,169,169,7,0
131,169,169,8,1
131,169,169,9,0
131,169,169,10,0
131,169,169,11,0
131,169,169,12,1
131,169,169,13,2
131,169,169,14,2
131,169,169,15,3
131,169,169,16,4
131,169,169,17,1
131,169,169,18,3
131,169,169,19,0
131,169,169,20,0
131,169,169,21,0
131,169,169,0,1
131,170,170,1,22
131,170,170,2,105
131,170,170,3,331
131,170,170,4,2
131,170,170,5,165
131,170,170,6,0
131,170,170,7,0
131,170,170,8,3
131,170,170,9,0
131,170,170,10,0
131,170,170,11,0
131,170,170,12,2
131,170,170,13,1
131,170,170,14,0
131,170,170,15,0
131,170,170,16,2
131,170,170,17,1
131,170,170,18,2
131,170,170,19,1
131,170,170,20,0
131,170,170,21,0
131,170,170,0,4
131,171,171,1,15
131,171,171,2,165
131,171,171,3,224
131,171,171,4,1
131,171,171,5,106
131,171,171,6,0
131,171,171,7,0
131,171,171,8,2
131,171,171,9,0
131,171,171,10,1
131,171,171,11,0
131,171,171,12,0
131,171,171,13,2
131,171,171,14,0
131,171,171,15,2
131,171,171,16,0
131,171,171,17,0
131,171,171,18,0
131,171,171,19,1
131,171,171,20,0
131,171,171,21,0
131,171,171,0,1
131,172,172,1,16
131,172,172,2,129
131,172,172,3,177
131,172,172,4,0
131,172,172,5,122
131,172,172,6,0
131,172,172,7,0
131,172,172,8,1
131,172,172,9,0
131,172,172,10,1
131,172,172,11,0
131,172,172,12,0
131,172,172,13,0
131,172,172,14,0
131,172,172,15,1
131,172,172,16,0
131,172,172,17,0
131,172,172,18,0
131,172,172,19,0
131,172,172,20,0
131,172,172,21,0
131,172,172,0,0
131,173,173,1,50
131,173,173,2,201
131,173,173,3,340
131,173,173,4,4
131,173,173,5,266
131,173,173,6,0
131,173,173,7,0
131,173,173,8,1
131,173,173,9,0
131,173,173,10,0
131,173,173,11,0
131,173,173,12,0
131,173,173,13,0
131,173,173,14,2
131,173,173,15,0
131,173,173,16,0
131,173,173,17,1
131,173,173,18,2
131,173,173,19,4
131,173,173,20,1
131,173,173,21,0
131,173,173,0,2
131,174,174,1,23
131,174,174,2,182
131,174,174,3,150
131,174,174,4,0
131,174,174,5,91
131,174,174,6,1
131,174,174,7,0
131,174,174,8,0
131,174,174,9,0
131,174,174,10,1
131,174,174,11,0
131,174,174,12,0
131,174,174,13,1
131,174,174,14,1
131,174,174,15,0
131,174,174,16,0
131,174,174,17,1
131,174,174,18,2
131,174,174,19,0
131,174,174,20,0
131,174,174,21,0
131,174,174,0,2
131,175,175,1,15
131,175,175,2,118
131,175,175,3,277
131,175,175,4,2
131,175,175,5,210
131,175,175,6,0
131,175,175,7,0
131,175,175,8,1
131,175,175,9,1
131,175,175,10,0
131,175,175,11,1
131,175,175,12,0
131,175,175,13,0
131,175,175,14,1
131,175,175,15,0
131,175,175,16,3
131,175,175,17,0
131,175,175,18,0
131,175,175,19,0
131,175,175,20,1
131,175,175,21,1
131,175,175,0,1
131,176,176,1,32
131,176,176,2,232
131,176,176,3,197
131,176,176,4,1
131,176,176,5,289
131,176,176,6,1
131,176,176,7,1
131,176,176,8,2
131,176,176,9,0
131,176,176,10,0
131,176,176,11,0
131,176,176,12,0
131,176,176,13,0
131,176,176,14,0
131,176,176,15,0
131,176,176,16,2
131,176,176,17,0
131,176,176,18,2
131,176,176,19,1
131,176,176,20,1
131,176,176,21,1
131,176,176,0,7
131,177,177,1,25
131,177,177,2,159
131,177,177,3,252
131,177,177,4,1
131,177,177,5,173
131,177,177,6,0
131,177,177,7,0
131,177,177,8,0
131,177,177,9,0
131,177,177,10,0
131,177,177,11,0
131,177,177,12,0
131,177,177,13,1
131,177,177,14,0
131,177,177,15,0
131,177,177,16,4
131,177,177,17,0
131,177,177,18,0
131,177,177,19,1
131,177,177,20,0
131,177,177,21,0
131,177,177,0,3
131,178,178,1,20
131,178,178,2,159
131,178,178,3,156
131,178,178,4,1
131,178,178,5,173
131,178,178,6,0
131,178,178,7,0
131,178,178,8,0
131,178,178,9,0
131,178,178,10,0
131,178,178,11,0
131,178,178,12,0
131,178,178,13,0
131,178,178,14,0
131,178,178,15,0
131,178,178,16,1
131,178,178,17,0
131,178,178,18,2
131,178,178,19,2
131,178,178,20,0
131,178,178,21,1
131,178,178,0,4
131,179,179,1,24
131,179,179,2,180
131,179,179,3,278
131,179,179,4,0
131,179,179,5,168
131,179,179,6,0
131,179,179,7,0
131,179,179,8,1
131,179,179,9,0
131,179,179,10,1
131,179,179,11,0
131,179,179,12,0
131,179,179,13,0
131,179,179,14,2
131,179,179,15,0
131,179,179,16,0
131,179,179,17,0
131,179,179,18,0
131,179,179,19,3
131,179,179,20,5
131,179,179,21,2
131,179,179,0,2
131,180,180,1,37
131,180,180,2,434
131,180,180,3,278
131,180,180,4,3
131,180,180,5,211
131,180,180,6,0
131,180,180,7,0
131,180,180,8,1
131,180,180,9,0
131,180,180,10,0
131,180,180,11,0
131,180,180,12,1
131,180,180,13,1
131,180,180,14,1
131,180,180,15,1
131,180,180,16,2
131,180,180,17,3
131,180,180,18,1
131,180,180,19,3
131,180,180,20,1
131,180,180,21,3
131,180,180,0,2
131,181,181,1,17
131,181,181,2,128
131,181,181,3,248
131,181,181,4,1
131,181,181,5,233
131,181,181,6,0
131,181,181,7,0
131,181,181,8,0
131,181,181,9,1
131,181,181,10,1
131,181,181,11,0
131,181,181,12,0
131,181,181,13,1
131,181,181,14,1
131,181,181,15,2
131,181,181,16,2
131,181,181,17,1
131,181,181,18,3
131,181,181,19,2
131,181,181,20,2
131,181,181,21,1
131,181,181,0,1
131,182,182,1,28
131,182,182,2,172
131,182,182,3,293
131,182,182,4,2
131,182,182,5,215
131,182,182,6,0
131,182,182,7,1
131,182,182,8,1
131,182,182,9,0
131,182,182,10,0
131,182,182,11,0
131,182,182,12,0
131,182,182,13,1
131,182,182,14,1
131,182,182,15,0
131,182,182,16,3
131,182,182,17,0
131,182,182,18,2
131,182,182,19,4
131,182,182,20,0
131,182,182,21,1
131,182,182,0,1
131,183,183,1,18
131,183,183,2,101
131,183,183,3,162
131,183,183,4,1
131,183,183,5,212
131,183,183,6,0
131,183,183,7,1
131,183,183,8,0
131,183,183,9,0
131,183,183,10,0
131,183,183,11,1
131,183,183,12,0
131,183,183,13,0
131,183,183,14,0
131,183,183,15,0
131,183,183,16,0
131,183,183,17,0
131,183,183,18,0
131,183,183,19,0
131,183,183,20,0
131,183,183,21,0
131,183,183,0,1
131,184,184,1,17
131,184,184,2,108
131,184,184,3,172
131,184,184,4,3
131,184,184,5,174
131,184,184,6,0
131,184,184,7,0
131,184,184,8,0
131,184,184,9,0
131,184,184,10,0
131,184,184,11,0
131,184,184,12,0
131,184,184,13,0
131,184,184,14,1
131,184,184,15,1
131,184,184,16,0
131,184,184,17,0
131,184,184,18,0
131,184,184,19,4
131,184,184,20,1
131,184,184,21,0
131,184,184,0,3
131,185,185,1,16
131,185,185,2,130
131,185,185,3,179
131,185,185,4,3
131,185,185,5,209
131,185,185,6,0
131,185,185,7,0
131,185,185,8,0
131,185,185,9,1
131,185,185,10,0
131,185,185,11,0
131,185,185,12,0
131,185,185,13,0
131,185,185,14,0
131,185,185,15,0
131,185,185,16,0
131,185,185,17,0
131,185,185,18,0
131,185,185,19,0
131,185,185,20,0
131,185,185,21,0
131,185,185,0,1
131,186,186,1,16
131,186,186,2,117
131,186,186,3,145
131,186,186,4,0
131,186,186,5,190
131,186,186,6,1
131,186,186,7,0
131,186,186,8,0
131,186,186,9,0
131,186,186,10,0
131,186,186,11,0
131,186,186,12,0
131,186,186,13,0
131,186,186,14,0
131,186,186,15,0
131,186,186,16,0
131,186,186,17,0
131,186,186,18,0
131,186,186,19,1
131,186,186,20,0
131,186,186,21,0
131,186,186,0,3
131,187,187,1,0
131,187,187,2,0
131,187,187,3,0
131,187,187,4,0
131,187,187,5,0
131,187,187,6,0
131,187,187,7,0
131,187,187,8,0
131,187,187,9,0
131,187,187,10,0
131,187,187,11,0
131,187,187,12,0
131,187,187,13,0
131,187,187,14,0
131,187,187,15,0
131,187,187,16,0
131,187,187,17,0
131,187,187,18,0
131,187,187,19,0
131,187,187,20,0
131,187,187,21,0
131,187,187,0,0
131,187,187,1,17
131,187,187,2,54
131,187,187,3,97
131,187,187,4,0
131,187,187,5,174
131,187,187,6,0
131,187,187,7,0
131,187,187,8,0
131,187,187,9,0
131,187,187,10,0
131,187,187,11,0
131,187,187,12,0
131,187,187,13,0
131,187,187,14,0
131,187,187,15,0
131,187,187,16,0
131,187,187,17,0
131,187,187,18,0
131,187,187,19,0
131,187,187,20,0
131,187,187,21,0
131,187,187,0,0
131,188,188,1,0
131,188,188,2,0
131,188,188,3,0
131,188,188,4,0
131,188,188,5,0
131,188,188,6,0
131,188,188,7,0
131,188,188,8,0
131,188,188,9,0
131,188,188,10,0
131,188,188,11,0
131,188,188,12,0
131,188,188,13,0
131,188,188,14,0
131,188,188,15,0
131,188,188,16,0
131,188,188,17,0
131,188,188,18,0
131,188,188,19,0
131,188,188,20,0
131,188,188,21,0
131,188,188,0,0
131,188,188,1,15
131,188,188,2,194
131,188,188,3,177
131,188,188,4,1
131,188,188,5,113
131,188,188,6,0
131,188,188,7,1
131,188,188,8,1
131,188,188,9,1
131,188,188,10,0
131,188,188,11,0
131,188,188,12,0
131,188,188,13,1
131,188,188,14,1
131,188,188,15,1
131,188,188,16,0
131,188,188,17,0
131,188,188,18,0
131,188,188,19,1
131,188,188,20,1
131,188,188,21,0
131,188,188,0,1
131,189,189,1,4
131,189,189,2,209
131,189,189,3,166
131,189,189,4,5
131,189,189,5,74
131,189,189,6,1
131,189,189,7,0
131,189,189,8,3
131,189,189,9,0
131,189,189,10,0
131,189,189,11,1
131,189,189,12,1
131,189,189,13,1
131,189,189,14,4
131,189,189,15,3
131,189,189,16,2
131,189,189,17,0
131,189,189,18,2
131,189,189,19,0
131,189,189,20,0
131,189,189,21,2
131,189,189,0,2
131,189,189,1,0
131,189,189,2,0
131,189,189,3,0
131,189,189,4,0
131,189,189,5,0
131,189,189,6,0
131,189,189,7,0
131,189,189,8,0
131,189,189,9,0
131,189,189,10,0
131,189,189,11,0
131,189,189,12,0
131,189,189,13,0
131,189,189,14,0
131,189,189,15,0
131,189,189,16,0
131,189,189,17,0
131,189,189,18,0
131,189,189,19,0
131,189,189,20,0
131,189,189,21,0
131,189,189,0,0
131,190,190,1,21
131,190,190,2,129
131,190,190,3,178
131,190,190,4,1
131,190,190,5,140
131,190,190,6,0
131,190,190,7,1
131,190,190,8,0
131,190,190,9,0
131,190,190,10,0
131,190,190,11,0
131,190,190,12,0
131,190,190,13,0
131,190,190,14,0
131,190,190,15,0
131,190,190,16,0
131,190,190,17,0
131,190,190,18,2
131,190,190,19,0
131,190,190,20,1
131,190,190,21,0
131,190,190,0,0
131,191,191,1,22
131,191,191,2,215
131,191,191,3,294
131,191,191,4,1
131,191,191,5,114
131,191,191,6,0
131,191,191,7,0
131,191,191,8,3
131,191,191,9,1
131,191,191,10,0
131,191,191,11,0
131,191,191,12,0
131,191,191,13,0
131,191,191,14,0
131,191,191,15,2
131,191,191,16,1
131,191,191,17,0
131,191,191,18,1
131,191,191,19,2
131,191,191,20,0
131,191,191,21,0
131,191,191,0,2
131,192,192,1,27
131,192,192,2,369
131,192,192,3,311
131,192,192,4,4
131,192,192,5,232
131,192,192,6,2
131,192,192,7,0
131,192,192,8,0
131,192,192,9,0
131,192,192,10,0
131,192,192,11,1
131,192,192,12,0
131,192,192,13,0
131,192,192,14,1
131,192,192,15,1
131,192,192,16,0
131,192,192,17,0
131,192,192,18,2
131,192,192,19,0
131,192,192,20,0
131,192,192,21,1
131,192,192,0,0
131,193,193,1,29
131,193,193,2,149
131,193,193,3,139
131,193,193,4,1
131,193,193,5,155
131,193,193,6,0
131,193,193,7,1
131,193,193,8,0
131,193,193,9,0
131,193,193,10,0
131,193,193,11,0
131,193,193,12,0
131,193,193,13,1
131,193,193,14,0
131,193,193,15,0
131,193,193,16,0
131,193,193,17,1
131,193,193,18,0
131,193,193,19,1
131,193,193,20,2
131,193,193,21,0
131,193,193,0,0
131,194,194,1,57
131,194,194,2,147
131,194,194,3,160
131,194,194,4,3
131,194,194,5,231
131,194,194,6,0
131,194,194,7,0
131,194,194,8,0
131,194,194,9,0
131,194,194,10,0
131,194,194,11,0
131,194,194,12,1
131,194,194,13,0
131,194,194,14,0
131,194,194,15,0
131,194,194,16,0
131,194,194,17,0
131,194,194,18,0
131,194,194,19,2
131,194,194,20,0
131,194,194,21,0
131,194,194,0,3
131,195,195,1,14
131,195,195,2,147
131,195,195,3,162
131,195,195,4,1
131,195,195,5,107
131,195,195,6,0
131,195,195,7,0
131,195,195,8,1
131,195,195,9,0
131,195,195,10,1
131,195,195,11,0
131,195,195,12,0
131,195,195,13,0
131,195,195,14,1
131,195,195,15,0
131,195,195,16,0
131,195,195,17,0
131,195,195,18,1
131,195,195,19,0
131,195,195,20,1
131,195,195,21,1
131,195,195,0,2
131,196,196,1,4
131,196,196,2,212
131,196,196,3,196
131,196,196,4,0
131,196,196,5,78
131,196,196,6,0
131,196,196,7,0
131,196,196,8,0
131,196,196,9,0
131,196,196,10,0
131,196,196,11,0
131,196,196,12,0
131,196,196,13,0
131,196,196,14,0
131,196,196,15,0
131,196,196,16,0
131,196,196,17,0
131,196,196,18,1
131,196,196,19,1
131,196,196,20,0
131,196,196,21,2
131,196,196,0,1
131,197,197,1,9
131,197,197,2,280
131,197,197,3,210
131,197,197,4,1
131,197,197,5,127
131,197,197,6,0
131,197,197,7,0
131,197,197,8,3
131,197,197,9,0
131,197,197,10,0
131,197,197,11,0
131,197,197,12,0
131,197,197,13,0
131,197,197,14,0
131,197,197,15,1
131,197,197,16,2
131,197,197,17,1
131,197,197,18,3
131,197,197,19,2
131,197,197,20,0
131,197,197,21,1
131,197,197,0,1
131,198,198,1,13
131,198,198,2,557
131,198,198,3,138
131,198,198,4,1
131,198,198,5,91
131,198,198,6,1
131,198,198,7,1
131,198,198,8,3
131,198,198,9,0
131,198,198,10,0
131,198,198,11,0
131,198,198,12,1
131,198,198,13,0
131,198,198,14,0
131,198,198,15,2
131,198,198,16,1
131,198,198,17,0
131,198,198,18,4
131,198,198,19,2
131,198,198,20,1
131,198,198,21,0
131,198,198,0,0
131,199,199,1,12
131,199,199,2,320
131,199,199,3,218
131,199,199,4,5
131,199,199,5,117
131,199,199,6,0
131,199,199,7,0
131,199,199,8,2
131,199,199,9,1
131,199,199,10,2
131,199,199,11,0
131,199,199,12,0
131,199,199,13,0
131,199,199,14,0
131,199,199,15,0
131,199,199,16,2
131,199,199,17,2
131,199,199,18,1
131,199,199,19,0
131,199,199,20,1
131,199,199,21,0
131,199,199,0,2
131,200,200,1,12
131,200,200,2,301
131,200,200,3,384
131,200,200,4,6
131,200,200,5,148
131,200,200,6,0
131,200,200,7,0
131,200,200,8,2
131,200,200,9,0
131,200,200,10,0
131,200,200,11,1
131,200,200,12,1
131,200,200,13,3
131,200,200,14,4
131,200,200,15,3
131,200,200,16,0
131,200,200,17,1
131,200,200,18,9
131,200,200,19,0
131,200,200,20,1
131,200,200,21,0
131,200,200,0,2
131,201,201,1,24
131,201,201,2,173
131,201,201,3,263
131,201,201,4,2
131,201,201,5,125
131,201,201,6,0
131,201,201,7,0
131,201,201,8,2
131,201,201,9,0
131,201,201,10,0
131,201,201,11,0
131,201,201,12,0
131,201,201,13,0
131,201,201,14,1
131,201,201,15,2
131,201,201,16,0
131,201,201,17,2
131,201,201,18,1
131,201,201,19,2
131,201,201,20,1
131,201,201,21,1
131,201,201,0,1
131,202,202,1,35
131,202,202,2,194
131,202,202,3,340
131,202,202,4,4
131,202,202,5,144
131,202,202,6,0
131,202,202,7,0
131,202,202,8,0
131,202,202,9,0
131,202,202,10,0
131,202,202,11,0
131,202,202,12,0
131,202,202,13,1
131,202,202,14,2
131,202,202,15,2
131,202,202,16,0
131,202,202,17,1
131,202,202,18,2
131,202,202,19,2
131,202,202,20,1
131,202,202,21,0
131,202,202,0,1
131,203,203,1,57
131,203,203,2,300
131,203,203,3,410
131,203,203,4,2
131,203,203,5,144
131,203,203,6,0
131,203,203,7,0
131,203,203,8,1
131,203,203,9,1
131,203,203,10,0
131,203,203,11,0
131,203,203,12,2
131,203,203,13,1
131,203,203,14,2
131,203,203,15,0
131,203,203,16,1
131,203,203,17,0
131,203,203,18,5
131,203,203,19,2
131,203,203,20,0
131,203,203,21,1
131,203,203,0,2
131,204,204,1,41
131,204,204,2,225
131,204,204,3,294
131,204,204,4,2
131,204,204,5,282
131,204,204,6,0
131,204,204,7,0
131,204,204,8,2
131,204,204,9,0
131,204,204,10,0
131,204,204,11,0
131,204,204,12,0
131,204,204,13,1
131,204,204,14,0
131,204,204,15,0
131,204,204,16,1
131,204,204,17,0
131,204,204,18,2
131,204,204,19,1
131,204,204,20,0
131,204,204,21,2
131,204,204,0,3
131,205,205,1,27
131,205,205,2,220
131,205,205,3,285
131,205,205,4,2
131,205,205,5,291
131,205,205,6,0
131,205,205,7,0
131,205,205,8,0
131,205,205,9,0
131,205,205,10,0
131,205,205,11,0
131,205,205,12,0
131,205,205,13,0
131,205,205,14,0
131,205,205,15,1
131,205,205,16,0
131,205,205,17,2
131,205,205,18,2
131,205,205,19,1
131,205,205,20,1
131,205,205,21,0
131,205,205,0,4
131,206,206,1,18
131,206,206,2,179
131,206,206,3,290
131,206,206,4,1
131,206,206,5,102
131,206,206,6,0
131,206,206,7,0
131,206,206,8,1
131,206,206,9,0
131,206,206,10,0
131,206,206,11,0
131,206,206,12,0
131,206,206,13,0
131,206,206,14,1
131,206,206,15,0
131,206,206,16,0
131,206,206,17,0
131,206,206,18,1
131,206,206,19,1
131,206,206,20,0
131,206,206,21,0
131,206,206,0,1
131,207,207,1,8
131,207,207,2,46
131,207,207,3,117
131,207,207,4,0
131,207,207,5,72
131,207,207,6,0
131,207,207,7,0
131,207,207,8,0
131,207,207,9,0
131,207,207,10,0
131,207,207,11,0
131,207,207,12,0
131,207,207,13,0
131,207,207,14,0
131,207,207,15,0
131,207,207,16,0
131,207,207,17,0
131,207,207,18,1
131,207,207,19,1
131,207,207,20,0
131,207,207,21,0
131,207,207,0,1
131,208,208,1,11
131,208,208,2,259
131,208,208,3,268
131,208,208,4,5
131,208,208,5,172
131,208,208,6,1
131,208,208,7,0
131,208,208,8,3
131,208,208,9,0
131,208,208,10,0
131,208,208,11,0
131,208,208,12,1
131,208,208,13,0
131,208,208,14,0
131,208,208,15,0
131,208,208,16,1
131,208,208,17,1
131,208,208,18,1
131,208,208,19,5
131,208,208,20,1
131,208,208,21,1
131,208,208,0,1
131,208,208,1,0
131,208,208,2,0
131,208,208,3,0
131,208,208,4,0
131,208,208,5,0
131,208,208,6,0
131,208,208,7,0
131,208,208,8,0
131,208,208,9,0
131,208,208,10,0
131,208,208,11,0
131,208,208,12,0
131,208,208,13,0
131,208,208,14,0
131,208,208,15,0
131,208,208,16,0
131,208,208,17,0
131,208,208,18,0
131,208,208,19,0
131,208,208,20,0
131,208,208,21,0
131,208,208,0,0
131,209,209,1,53
131,209,209,2,248
131,209,209,3,436
131,209,209,4,2
131,209,209,5,146
131,209,209,6,0
131,209,209,7,0
131,209,209,8,2
131,209,209,9,0
131,209,209,10,0
131,209,209,11,0
131,209,209,12,1
131,209,209,13,1
131,209,209,14,0
131,209,209,15,2
131,209,209,16,0
131,209,209,17,1
131,209,209,18,2
131,209,209,19,3
131,209,209,20,0
131,209,209,21,3
131,209,209,0,1
131,209,209,1,0
131,209,209,2,0
131,209,209,3,0
131,209,209,4,0
131,209,209,5,0
131,209,209,6,0
131,209,209,7,0
131,209,209,8,0
131,209,209,9,0
131,209,209,10,0
131,209,209,11,0
131,209,209,12,0
131,209,209,13,0
131,209,209,14,0
131,209,209,15,0
131,209,209,16,0
131,209,209,17,0
131,209,209,18,0
131,209,209,19,0
131,209,209,20,0
131,209,209,21,0
131,209,209,0,0
131,210,210,1,36
131,210,210,2,241
131,210,210,3,446
131,210,210,4,1
131,210,210,5,214
131,210,210,6,1
131,210,210,7,0
131,210,210,8,2
131,210,210,9,0
131,210,210,10,0
131,210,210,11,0
131,210,210,12,0
131,210,210,13,0
131,210,210,14,0
131,210,210,15,1
131,210,210,16,0
131,210,210,17,3
131,210,210,18,0
131,210,210,19,4
131,210,210,20,2
131,210,210,21,0
131,210,210,0,0
131,210,210,1,0
131,210,210,2,0
131,210,210,3,0
131,210,210,4,0
131,210,210,5,0
131,210,210,6,0
131,210,210,7,0
131,210,210,8,0
131,210,210,9,0
131,210,210,10,0
131,210,210,11,0
131,210,210,12,0
131,210,210,13,0
131,210,210,14,0
131,210,210,15,0
131,210,210,16,0
131,210,210,17,0
131,210,210,18,0
131,210,210,19,0
131,210,210,20,0
131,210,210,21,0
131,210,210,0,0
131,211,211,1,28
131,211,211,2,324
131,211,211,3,361
131,211,211,4,4
131,211,211,5,199
131,211,211,6,1
131,211,211,7,0
131,211,211,8,1
131,211,211,9,0
131,211,211,10,0
131,211,211,11,2
131,211,211,12,1
131,211,211,13,2
131,211,211,14,0
131,211,211,15,0
131,211,211,16,1
131,211,211,17,0
131,211,211,18,0
131,211,211,19,2
131,211,211,20,1
131,211,211,21,0
131,211,211,0,2
131,212,212,1,28
131,212,212,2,141
131,212,212,3,270
131,212,212,4,5
131,212,212,5,174
131,212,212,6,0
131,212,212,7,0
131,212,212,8,0
131,212,212,9,0
131,212,212,10,0
131,212,212,11,1
131,212,212,12,1
131,212,212,13,0
131,212,212,14,0
131,212,212,15,0
131,212,212,16,0
131,212,212,17,0
131,212,212,18,1
131,212,212,19,2
131,212,212,20,1
131,212,212,21,0
131,212,212,0,0
131,213,213,1,27
131,213,213,2,145
131,213,213,3,317
131,213,213,4,3
131,213,213,5,155
131,213,213,6,1
131,213,213,7,0
131,213,213,8,2
131,213,213,9,0
131,213,213,10,0
131,213,213,11,0
131,213,213,12,0
131,213,213,13,0
131,213,213,14,0
131,213,213,15,0
131,213,213,16,0
131,213,213,17,0
131,213,213,18,0
131,213,213,19,0
131,213,213,20,0
131,213,213,21,0
131,213,213,0,1
131,214,214,1,55
131,214,214,2,193
131,214,214,3,301
131,214,214,4,2
131,214,214,5,178
131,214,214,6,0
131,214,214,7,0
131,214,214,8,0
131,214,214,9,1
131,214,214,10,0
131,214,214,11,0
131,214,214,12,1
131,214,214,13,0
131,214,214,14,1
131,214,214,15,0
131,214,214,16,1
131,214,214,17,1
131,214,214,18,0
131,214,214,19,0
131,214,214,20,0
131,214,214,21,0
131,214,214,0,1
131,215,215,1,18
131,215,215,2,279
131,215,215,3,425
131,215,215,4,4
131,215,215,5,126
131,215,215,6,2
131,215,215,7,1
131,215,215,8,2
131,215,215,9,0
131,215,215,10,0
131,215,215,11,1
131,215,215,12,0
131,215,215,13,2
131,215,215,14,0
131,215,215,15,1
131,215,215,16,3
131,215,215,17,2
131,215,215,18,8
131,215,215,19,5
131,215,215,20,3
131,215,215,21,1
131,215,215,0,0
131,216,216,1,14
131,216,216,2,127
131,216,216,3,254
131,216,216,4,2
131,216,216,5,136
131,216,216,6,0
131,216,216,7,0
131,216,216,8,0
131,216,216,9,0
131,216,216,10,0
131,216,216,11,0
131,216,216,12,0
131,216,216,13,0
131,216,216,14,0
131,216,216,15,2
131,216,216,16,0
131,216,216,17,0
131,216,216,18,2
131,216,216,19,0
131,216,216,20,0
131,216,216,21,0
131,216,216,0,0
131,217,217,1,39
131,217,217,2,112
131,217,217,3,341
131,217,217,4,3
131,217,217,5,174
131,217,217,6,0
131,217,217,7,1
131,217,217,8,2
131,217,217,9,0
131,217,217,10,0
131,217,217,11,1
131,217,217,12,0
131,217,217,13,1
131,217,217,14,1
131,217,217,15,1
131,217,217,16,1
131,217,217,17,0
131,217,217,18,3
131,217,217,19,2
131,217,217,20,1
131,217,217,21,1
131,217,217,0,2
131,218,218,1,22
131,218,218,2,187
131,218,218,3,391
131,218,218,4,1
131,218,218,5,166
131,218,218,6,0
131,218,218,7,0
131,218,218,8,3
131,218,218,9,0
131,218,218,10,0
131,218,218,11,0
131,218,218,12,0
131,218,218,13,1
131,218,218,14,0
131,218,218,15,1
131,218,218,16,0
131,218,218,17,0
131,218,218,18,0
131,218,218,19,1
131,218,218,20,0
131,218,218,21,0
131,218,218,0,0
131,219,219,1,5
131,219,219,2,138
131,219,219,3,218
131,219,219,4,5
131,219,219,5,123
131,219,219,6,0
131,219,219,7,0
131,219,219,8,0
131,219,219,9,1
131,219,219,10,0
131,219,219,11,0
131,219,219,12,0
131,219,219,13,1
131,219,219,14,1
131,219,219,15,0
131,219,219,16,1
131,219,219,17,1
131,219,219,18,0
131,219,219,19,1
131,219,219,20,0
131,219,219,21,3
131,219,219,0,1
131,220,220,1,30
131,220,220,2,220
131,220,220,3,299
131,220,220,4,4
131,220,220,5,167
131,220,220,6,2
131,220,220,7,0
131,220,220,8,3
131,220,220,9,1
131,220,220,10,1
131,220,220,11,1
131,220,220,12,0
131,220,220,13,0
131,220,220,14,1
131,220,220,15,1
131,220,220,16,2
131,220,220,17,2
131,220,220,18,3
131,220,220,19,0
131,220,220,20,1
131,220,220,21,0
131,220,220,0,1
131,221,221,1,24
131,221,221,2,312
131,221,221,3,311
131,221,221,4,5
131,221,221,5,162
131,221,221,6,0
131,221,221,7,0
131,221,221,8,1
131,221,221,9,0
131,221,221,10,0
131,221,221,11,0
131,221,221,12,0
131,221,221,13,0
131,221,221,14,1
131,221,221,15,2
131,221,221,16,0
131,221,221,17,1
131,221,221,18,6
131,221,221,19,1
131,221,221,20,0
131,221,221,21,1
131,221,221,0,0
131,222,222,1,32
131,222,222,2,254
131,222,222,3,268
131,222,222,4,6
131,222,222,5,309
131,222,222,6,0
131,222,222,7,0
131,222,222,8,2
131,222,222,9,0
131,222,222,10,0
131,222,222,11,1
131,222,222,12,1
131,222,222,13,0
131,222,222,14,1
131,222,222,15,2
131,222,222,16,3
131,222,222,17,0
131,222,222,18,5
131,222,222,19,2
131,222,222,20,0
131,222,222,21,1
131,222,222,0,4
131,223,223,1,12
131,223,223,2,237
131,223,223,3,112
131,223,223,4,5
131,223,223,5,164
131,223,223,6,1
131,223,223,7,0
131,223,223,8,3
131,223,223,9,3
131,223,223,10,0
131,223,223,11,2
131,223,223,12,0
131,223,223,13,0
131,223,223,14,0
131,223,223,15,1
131,223,223,16,2
131,223,223,17,0
131,223,223,18,3
131,223,223,19,3
131,223,223,20,0
131,223,223,21,2
131,223,223,0,3
131,224,224,1,18
131,224,224,2,204
131,224,224,3,93
131,224,224,4,1
131,224,224,5,186
131,224,224,6,0
131,224,224,7,0
131,224,224,8,0
131,224,224,9,1
131,224,224,10,0
131,224,224,11,1
131,224,224,12,0
131,224,224,13,0
131,224,224,14,0
131,224,224,15,0
131,224,224,16,0
131,224,224,17,1
131,224,224,18,1
131,224,224,19,1
131,224,224,20,0
131,224,224,21,0
131,224,224,0,1
131,225,225,1,15
131,225,225,2,268
131,225,225,3,311
131,225,225,4,1
131,225,225,5,191
131,225,225,6,0
131,225,225,7,1
131,225,225,8,0
131,225,225,9,1
131,225,225,10,0
131,225,225,11,0
131,225,225,12,0
131,225,225,13,1
131,225,225,14,2
131,225,225,15,2
131,225,225,16,0
131,225,225,17,0
131,225,225,18,3
131,225,225,19,1
131,225,225,20,0
131,225,225,21,0
131,225,225,0,0
131,226,226,1,15
131,226,226,2,149
131,226,226,3,328
131,226,226,4,2
131,226,226,5,133
131,226,226,6,0
131,226,226,7,0
131,226,226,8,0
131,226,226,9,0
131,226,226,10,0
131,226,226,11,0
131,226,226,12,0
131,226,226,13,2
131,226,226,14,1
131,226,226,15,0
131,226,226,16,0
131,226,226,17,0
131,226,226,18,0
131,226,226,19,3
131,226,226,20,1
131,226,226,21,0
131,226,226,0,1
131,227,227,1,20
131,227,227,2,195
131,227,227,3,244
131,227,227,4,2
131,227,227,5,109
131,227,227,6,0
131,227,227,7,0
131,227,227,8,1
131,227,227,9,0
131,227,227,10,1
131,227,227,11,0
131,227,227,12,2
131,227,227,13,1
131,227,227,14,0
131,227,227,15,0
131,227,227,16,0
131,227,227,17,1
131,227,227,18,0
131,227,227,19,2
131,227,227,20,0
131,227,227,21,0
131,227,227,0,1
131,228,228,1,5
131,228,228,2,188
131,228,228,3,115
131,228,228,4,0
131,228,228,5,49
131,228,228,6,1
131,228,228,7,0
131,228,228,8,0
131,228,228,9,0
131,228,228,10,0
131,228,228,11,0
131,228,228,12,0
131,228,228,13,0
131,228,228,14,0
131,228,228,15,0
131,228,228,16,0
131,228,228,17,0
131,228,228,18,1
131,228,228,19,1
131,228,228,20,1
131,228,228,21,0
131,228,228,0,1
131,229,229,1,0
131,229,229,2,0
131,229,229,3,0
131,229,229,4,0
131,229,229,5,0
131,229,229,6,0
131,229,229,7,0
131,229,229,8,0
131,229,229,9,0
131,229,229,10,0
131,229,229,11,0
131,229,229,12,0
131,229,229,13,0
131,229,229,14,0
131,229,229,15,0
131,229,229,16,0
131,229,229,17,0
131,229,229,18,0
131,229,229,19,0
131,229,229,20,0
131,229,229,21,0
131,229,229,0,0
131,229,229,1,17
131,229,229,2,160
131,229,229,3,321
131,229,229,4,0
131,229,229,5,132
131,229,229,6,0
131,229,229,7,0
131,229,229,8,0
131,229,229,9,0
131,229,229,10,1
131,229,229,11,0
131,229,229,12,1
131,229,229,13,1
131,229,229,14,0
131,229,229,15,2
131,229,229,16,0
131,229,229,17,0
131,229,229,18,5
131,229,229,19,0
131,229,229,20,0
131,229,229,21,1
131,229,229,0,1
131,230,230,1,0
131,230,230,2,0
131,230,230,3,0
131,230,230,4,0
131,230,230,5,0
131,230,230,6,0
131,230,230,7,0
131,230,230,8,0
131,230,230,9,0
131,230,230,10,0
131,230,230,11,0
131,230,230,12,0
131,230,230,13,0
131,230,230,14,0
131,230,230,15,0
131,230,230,16,0
131,230,230,17,0
131,230,230,18,0
131,230,230,19,0
131,230,230,20,0
131,230,230,21,0
131,230,230,0,0
131,230,230,1,8
131,230,230,2,352
131,230,230,3,252
131,230,230,4,3
131,230,230,5,92
131,230,230,6,0
131,230,230,7,0
131,230,230,8,0
131,230,230,9,1
131,230,230,10,0
131,230,230,11,0
131,230,230,12,0
131,230,230,13,0
131,230,230,14,1
131,230,230,15,0
131,230,230,16,2
131,230,230,17,1
131,230,230,18,1
131,230,230,19,0
131,230,230,20,0
131,230,230,21,0
131,230,230,0,4
131,231,231,1,21
131,231,231,2,135
131,231,231,3,291
131,231,231,4,1
131,231,231,5,134
131,231,231,6,2
131,231,231,7,1
131,231,231,8,2
131,231,231,9,0
131,231,231,10,0
131,231,231,11,0
131,231,231,12,1
131,231,231,13,0
131,231,231,14,1
131,231,231,15,1
131,231,231,16,1
131,231,231,17,0
131,231,231,18,2
131,231,231,19,2
131,231,231,20,0
131,231,231,21,0
131,231,231,0,4
131,231,231,1,0
131,231,231,2,0
131,231,231,3,0
131,231,231,4,0
131,231,231,5,0
131,231,231,6,0
131,231,231,7,0
131,231,231,8,0
131,231,231,9,0
131,231,231,10,0
131,231,231,11,0
131,231,231,12,0
131,231,231,13,0
131,231,231,14,0
131,231,231,15,0
131,231,231,16,0
131,231,231,17,0
131,231,231,18,0
131,231,231,19,0
131,231,231,20,0
131,231,231,21,0
131,231,231,0,0
131,232,232,1,21
131,232,232,2,167
131,232,232,3,262
131,232,232,4,1
131,232,232,5,132
131,232,232,6,0
131,232,232,7,0
131,232,232,8,0
131,232,232,9,0
131,232,232,10,0
131,232,232,11,0
131,232,232,12,0
131,232,232,13,0
131,232,232,14,0
131,232,232,15,0
131,232,232,16,1
131,232,232,17,0
131,232,232,18,1
131,232,232,19,0
131,232,232,20,1
131,232,232,21,0
131,232,232,0,0
131,233,233,1,17
131,233,233,2,227
131,233,233,3,179
131,233,233,4,1
131,233,233,5,139
131,233,233,6,1
131,233,233,7,0
131,233,233,8,1
131,233,233,9,0
131,233,233,10,0
131,233,233,11,0
131,233,233,12,0
131,233,233,13,0
131,233,233,14,1
131,233,233,15,1
131,233,233,16,2
131,233,233,17,0
131,233,233,18,2
131,233,233,19,2
131,233,233,20,0
131,233,233,21,2
131,233,233,0,0
131,234,234,1,14
131,234,234,2,201
131,234,234,3,114
131,234,234,4,1
131,234,234,5,168
131,234,234,6,0
131,234,234,7,2
131,234,234,8,3
131,234,234,9,0
131,234,234,10,0
131,234,234,11,1
131,234,234,12,0
131,234,234,13,1
131,234,234,14,0
131,234,234,15,3
131,234,234,16,1
131,234,234,17,0
131,234,234,18,3
131,234,234,19,0
131,234,234,20,0
131,234,234,21,1
131,234,234,0,0
131,235,235,1,28
131,235,235,2,306
131,235,235,3,449
131,235,235,4,6
131,235,235,5,153
131,235,235,6,0
131,235,235,7,0
131,235,235,8,0
131,235,235,9,0
131,235,235,10,0
131,235,235,11,0
131,235,235,12,0
131,235,235,13,0
131,235,235,14,1
131,235,235,15,1
131,235,235,16,0
131,235,235,17,1
131,235,235,18,4
131,235,235,19,6
131,235,235,20,1
131,235,235,21,0
131,235,235,0,0
131,236,236,1,52
131,236,236,2,135
131,236,236,3,361
131,236,236,4,1
131,236,236,5,147
131,236,236,6,1
131,236,236,7,0
131,236,236,8,0
131,236,236,9,0
131,236,236,10,0
131,236,236,11,0
131,236,236,12,1
131,236,236,13,0
131,236,236,14,2
131,236,236,15,2
131,236,236,16,1
131,236,236,17,1
131,236,236,18,3
131,236,236,19,4
131,236,236,20,1
131,236,236,21,2
131,236,236,0,1
131,237,237,1,42
131,237,237,2,230
131,237,237,3,362
131,237,237,4,2
131,237,237,5,201
131,237,237,6,0
131,237,237,7,0
131,237,237,8,0
131,237,237,9,0
131,237,237,10,1
131,237,237,11,0
131,237,237,12,0
131,237,237,13,1
131,237,237,14,0
131,237,237,15,3
131,237,237,16,3
131,237,237,17,0
131,237,237,18,2
131,237,237,19,2
131,237,237,20,2
131,237,237,21,1
131,237,237,0,6
131,238,238,1,40
131,238,238,2,376
131,238,238,3,450
131,238,238,4,2
131,238,238,5,189
131,238,238,6,1
131,238,238,7,0
131,238,238,8,2
131,238,238,9,1
131,238,238,10,0
131,238,238,11,0
131,238,238,12,1
131,238,238,13,2
131,238,238,14,2
131,238,238,15,2
131,238,238,16,1
131,238,238,17,0
131,238,238,18,0
131,238,238,19,1
131,238,238,20,1
131,238,238,21,1
131,238,238,0,0
131,239,239,1,28
131,239,239,2,316
131,239,239,3,247
131,239,239,4,1
131,239,239,5,202
131,239,239,6,1
131,239,239,7,0
131,239,239,8,3
131,239,239,9,0
131,239,239,10,0
131,239,239,11,0
131,239,239,12,0
131,239,239,13,2
131,239,239,14,1
131,239,239,15,1
131,239,239,16,1
131,239,239,17,0
131,239,239,18,6
131,239,239,19,0
131,239,239,20,0
131,239,239,21,0
131,239,239,0,1
131,240,240,1,17
131,240,240,2,170
131,240,240,3,163
131,240,240,4,3
131,240,240,5,97
131,240,240,6,0
131,240,240,7,0
131,240,240,8,0
131,240,240,9,0
131,240,240,10,0
131,240,240,11,0
131,240,240,12,0
131,240,240,13,1
131,240,240,14,1
131,240,240,15,0
131,240,240,16,0
131,240,240,17,0
131,240,240,18,0
131,240,240,19,1
131,240,240,20,0
131,240,240,21,0
131,240,240,0,1
131,241,241,1,15
131,241,241,2,242
131,241,241,3,129
131,241,241,4,2
131,241,241,5,96
131,241,241,6,1
131,241,241,7,0
131,241,241,8,1
131,241,241,9,0
131,241,241,10,0
131,241,241,11,0
131,241,241,12,0
131,241,241,13,0
131,241,241,14,0
131,241,241,15,0
131,241,241,16,0
131,241,241,17,0
131,241,241,18,5
131,241,241,19,3
131,241,241,20,0
131,241,241,21,1
131,241,241,0,1
131,242,242,1,13
131,242,242,2,264
131,242,242,3,354
131,242,242,4,7
131,242,242,5,142
131,242,242,6,0
131,242,242,7,0
131,242,242,8,0
131,242,242,9,0
131,242,242,10,0
131,242,242,11,0
131,242,242,12,0
131,242,242,13,0
131,242,242,14,1
131,242,242,15,0
131,242,242,16,0
131,242,242,17,0
131,242,242,18,0
131,242,242,19,2
131,242,242,20,1
131,242,242,21,0
131,242,242,0,4
131,243,243,1,32
131,243,243,2,202
131,243,243,3,201
131,243,243,4,0
131,243,243,5,103
131,243,243,6,0
131,243,243,7,0
131,243,243,8,1
131,243,243,9,0
131,243,243,10,0
131,243,243,11,0
131,243,243,12,1
131,243,243,13,0
131,243,243,14,0
131,243,243,15,2
131,243,243,16,1
131,243,243,17,0
131,243,243,18,0
131,243,243,19,0
131,243,243,20,0
131,243,243,21,0
131,243,243,0,0
131,244,244,1,28
131,244,244,2,316
131,244,244,3,383
131,244,244,4,3
131,244,244,5,196
131,244,244,6,2
131,244,244,7,0
131,244,244,8,1
131,244,244,9,0
131,244,244,10,0
131,244,244,11,0
131,244,244,12,0
131,244,244,13,0
131,244,244,14,2
131,244,244,15,0
131,244,244,16,0
131,244,244,17,1
131,244,244,18,1
131,244,244,19,1
131,244,244,20,1
131,244,244,21,0
131,244,244,0,0
131,245,245,1,29
131,245,245,2,197
131,245,245,3,258
131,245,245,4,3
131,245,245,5,147
131,245,245,6,0
131,245,245,7,0
131,245,245,8,1
131,245,245,9,1
131,245,245,10,0
131,245,245,11,0
131,245,245,12,2
131,245,245,13,0
131,245,245,14,0
131,245,245,15,0
131,245,245,16,1
131,245,245,17,1
131,245,245,18,4
131,245,245,19,1
131,245,245,20,0
131,245,245,21,0
131,245,245,0,1
131,246,246,1,25
131,246,246,2,159
131,246,246,3,172
131,246,246,4,1
131,246,246,5,106
131,246,246,6,0
131,246,246,7,1
131,246,246,8,0
131,246,246,9,0
131,246,246,10,0
131,246,246,11,1
131,246,246,12,0
131,246,246,13,0
131,246,246,14,2
131,246,246,15,0
131,246,246,16,2
131,246,246,17,1
131,246,246,18,0
131,246,246,19,0
131,246,246,20,0
131,246,246,21,0
131,246,246,0,0
131,247,247,1,32
131,247,247,2,201
131,247,247,3,199
131,247,247,4,0
131,247,247,5,180
131,247,247,6,0
131,247,247,7,2
131,247,247,8,1
131,247,247,9,1
131,247,247,10,0
131,247,247,11,0
131,247,247,12,1
131,247,247,13,0
131,247,247,14,0
131,247,247,15,0
131,247,247,16,0
131,247,247,17,0
131,247,247,18,3
131,247,247,19,2
131,247,247,20,0
131,247,247,21,0
131,247,247,0,2
131,248,248,1,22
131,248,248,2,121
131,248,248,3,162
131,248,248,4,0
131,248,248,5,139
131,248,248,6,1
131,248,248,7,0
131,248,248,8,0
131,248,248,9,0
131,248,248,10,0
131,248,248,11,0
131,248,248,12,0
131,248,248,13,0
131,248,248,14,0
131,248,248,15,0
131,248,248,16,0
131,248,248,17,0
131,248,248,18,0
131,248,248,19,0
131,248,248,20,0
131,248,248,21,1
131,248,248,0,3
131,249,249,1,15
131,249,249,2,236
131,249,249,3,231
131,249,249,4,1
131,249,249,5,130
131,249,249,6,0
131,249,249,7,0
131,249,249,8,1
131,249,249,9,0
131,249,249,10,1
131,249,249,11,1
131,249,249,12,0
131,249,249,13,0
131,249,249,14,0
131,249,249,15,1
131,249,249,16,2
131,249,249,17,1
131,249,249,18,1
131,249,249,19,4
131,249,249,20,0
131,249,249,21,0
131,249,249,0,1
131,250,250,1,14
131,250,250,2,130
131,250,250,3,127
131,250,250,4,2
131,250,250,5,92
131,250,250,6,0
131,250,250,7,0
131,250,250,8,1
131,250,250,9,0
131,250,250,10,0
131,250,250,11,1
131,250,250,12,0
131,250,250,13,0
131,250,250,14,0
131,250,250,15,0
131,250,250,16,0
131,250,250,17,2
131,250,250,18,3
131,250,250,19,2
131,250,250,20,1
131,250,250,21,1
131,250,250,0,1
131,250,250,1,0
131,250,250,2,0
131,250,250,3,0
131,250,250,4,0
131,250,250,5,0
131,250,250,6,0
131,250,250,7,0
131,250,250,8,0
131,250,250,9,0
131,250,250,10,0
131,250,250,11,0
131,250,250,12,0
131,250,250,13,0
131,250,250,14,0
131,250,250,15,0
131,250,250,16,0
131,250,250,17,0
131,250,250,18,0
131,250,250,19,0
131,250,250,20,0
131,250,250,21,0
131,250,250,0,0
131,251,251,1,34
131,251,251,2,280
131,251,251,3,284
131,251,251,4,4
131,251,251,5,208
131,251,251,6,0
131,251,251,7,0
131,251,251,8,1
131,251,251,9,2
131,251,251,10,0
131,251,251,11,0
131,251,251,12,0
131,251,251,13,0
131,251,251,14,0
131,251,251,15,0
131,251,251,16,0
131,251,251,17,0
131,251,251,18,2
131,251,251,19,2
131,251,251,20,0
131,251,251,21,0
131,251,251,0,1
131,251,251,1,0
131,251,251,2,0
131,251,251,3,0
131,251,251,4,0
131,251,251,5,0
131,251,251,6,0
131,251,251,7,0
131,251,251,8,0
131,251,251,9,0
131,251,251,10,0
131,251,251,11,0
131,251,251,12,0
131,251,251,13,0
131,251,251,14,0
131,251,251,15,0
131,251,251,16,0
131,251,251,17,0
131,251,251,18,0
131,251,251,19,0
131,251,251,20,0
131,251,251,21,0
131,251,251,0,0
131,252,252,1,28
131,252,252,2,199
131,252,252,3,141
131,252,252,4,1
131,252,252,5,182
131,252,252,6,1
131,252,252,7,0
131,252,252,8,0
131,252,252,9,1
131,252,252,10,0
131,252,252,11,0
131,252,252,12,0
131,252,252,13,0
131,252,252,14,2
131,252,252,15,1
131,252,252,16,0
131,252,252,17,0
131,252,252,18,1
131,252,252,19,0
131,252,252,20,0
131,252,252,21,1
131,252,252,0,1
131,252,252,1,0
131,252,252,2,0
131,252,252,3,0
131,252,252,4,0
131,252,252,5,0
131,252,252,6,0
131,252,252,7,0
131,252,252,8,0
131,252,252,9,0
131,252,252,10,0
131,252,252,11,0
131,252,252,12,0
131,252,252,13,0
131,252,252,14,0
131,252,252,15,0
131,252,252,16,0
131,252,252,17,0
131,252,252,18,0
131,252,252,19,0
131,252,252,20,0
131,252,252,21,0
131,252,252,0,0
131,253,253,1,12
131,253,253,2,217
131,253,253,3,143
131,253,253,4,5
131,253,253,5,104
131,253,253,6,0
131,253,253,7,0
131,253,253,8,2
131,253,253,9,2
131,253,253,10,0
131,253,253,11,0
131,253,253,12,2
131,253,253,13,1
131,253,253,14,1
131,253,253,15,2
131,253,253,16,3
131,253,253,17,0
131,253,253,18,1
131,253,253,19,0
131,253,253,20,0
131,253,253,21,0
131,253,253,0,0
131,254,254,1,15
131,254,254,2,297
131,254,254,3,236
131,254,254,4,0
131,254,254,5,105
131,254,254,6,0
131,254,254,7,0
131,254,254,8,0
131,254,254,9,0
131,254,254,10,0
131,254,254,11,1
131,254,254,12,0
131,254,254,13,2
131,254,254,14,1
131,254,254,15,3
131,254,254,16,0
131,254,254,17,0
131,254,254,18,2
131,254,254,19,1
131,254,254,20,0
131,254,254,21,1
131,254,254,0,0
131,255,255,1,34
131,255,255,2,421
131,255,255,3,255
131,255,255,4,1
131,255,255,5,202
131,255,255,6,0
131,255,255,7,1
131,255,255,8,3
131,255,255,9,4
131,255,255,10,1
131,255,255,11,0
131,255,255,12,0
131,255,255,13,1
131,255,255,14,1
131,255,255,15,1
131,255,255,16,1
131,255,255,17,0
131,255,255,18,3
131,255,255,19,6
131,255,255,20,2
131,255,255,21,0
131,255,255,0,1
131,256,256,1,23
131,256,256,2,195
131,256,256,3,275
131,256,256,4,4
131,256,256,5,166
131,256,256,6,0
131,256,256,7,1
131,256,256,8,1
131,256,256,9,0
131,256,256,10,0
131,256,256,11,0
131,256,256,12,0
131,256,256,13,0
131,256,256,14,3
131,256,256,15,0
131,256,256,16,1
131,256,256,17,1
131,256,256,18,1
131,256,256,19,0
131,256,256,20,0
131,256,256,21,1
131,256,256,0,0
131,257,257,1,12
131,257,257,2,273
131,257,257,3,116
131,257,257,4,4
131,257,257,5,125
131,257,257,6,0
131,257,257,7,1
131,257,257,8,0
131,257,257,9,0
131,257,257,10,1
131,257,257,11,1
131,257,257,12,0
131,257,257,13,0
131,257,257,14,0
131,257,257,15,4
131,257,257,16,0
131,257,257,17,0
131,257,257,18,3
131,257,257,19,1
131,257,257,20,1
131,257,257,21,0
131,257,257,0,0
131,258,258,1,28
131,258,258,2,219
131,258,258,3,383
131,258,258,4,2
131,258,258,5,184
131,258,258,6,1
131,258,258,7,0
131,258,258,8,3
131,258,258,9,2
131,258,258,10,0
131,258,258,11,0
131,258,258,12,0
131,258,258,13,0
131,258,258,14,0
131,258,258,15,0
131,258,258,16,1
131,258,258,17,2
131,258,258,18,0
131,258,258,19,2
131,258,258,20,0
131,258,258,21,0
131,258,258,0,2
131,259,259,1,10
131,259,259,2,134
131,259,259,3,143
131,259,259,4,0
131,259,259,5,95
131,259,259,6,0
131,259,259,7,0
131,259,259,8,2
131,259,259,9,0
131,259,259,10,0
131,259,259,11,0
131,259,259,12,0
131,259,259,13,0
131,259,259,14,0
131,259,259,15,0
131,259,259,16,0
131,259,259,17,0
131,259,259,18,2
131,259,259,19,2
131,259,259,20,0
131,259,259,21,0
131,259,259,0,0
131,260,260,1,11
131,260,260,2,310
131,260,260,3,290
131,260,260,4,6
131,260,260,5,60
131,260,260,6,0
131,260,260,7,0
131,260,260,8,1
131,260,260,9,1
131,260,260,10,0
131,260,260,11,0
131,260,260,12,0
131,260,260,13,0
131,260,260,14,5
131,260,260,15,1
131,260,260,16,1
131,260,260,17,1
131,260,260,18,6
131,260,260,19,9
131,260,260,20,1
131,260,260,21,0
131,260,260,0,2
131,261,261,1,2
131,261,261,2,136
131,261,261,3,194
131,261,261,4,2
131,261,261,5,34
131,261,261,6,0
131,261,261,7,0
131,261,261,8,0
131,261,261,9,0
131,261,261,10,0
131,261,261,11,0
131,261,261,12,1
131,261,261,13,1
131,261,261,14,0
131,261,261,15,0
131,261,261,16,0
131,261,261,17,1
131,261,261,18,2
131,261,261,19,3
131,261,261,20,0
131,261,261,21,0
131,261,261,0,3
131,262,262,1,2
131,262,262,2,83
131,262,262,3,117
131,262,262,4,2
131,262,262,5,27
131,262,262,6,0
131,262,262,7,1
131,262,262,8,1
131,262,262,9,0
131,262,262,10,0
131,262,262,11,0
131,262,262,12,1
131,262,262,13,0
131,262,262,14,2
131,262,262,15,0
131,262,262,16,0
131,262,262,17,1
131,262,262,18,1
131,262,262,19,2
131,262,262,20,0
131,262,262,21,0
131,262,262,0,2
131,263,263,1,49
131,263,263,2,152
131,263,263,3,491
131,263,263,4,3
131,263,263,5,243
131,263,263,6,1
131,263,263,7,0
131,263,263,8,3
131,263,263,9,3
131,263,263,10,0
131,263,263,11,0
131,263,263,12,0
131,263,263,13,0
131,263,263,14,0
131,263,263,15,3
131,263,263,16,1
131,263,263,17,1
131,263,263,18,0
131,263,263,19,3
131,263,263,20,0
131,263,263,21,0
131,263,263,0,1
131,264,264,1,27
131,264,264,2,255
131,264,264,3,350
131,264,264,4,1
131,264,264,5,184
131,264,264,6,2
131,264,264,7,0
131,264,264,8,2
131,264,264,9,1
131,264,264,10,0
131,264,264,11,1
131,264,264,12,0
131,264,264,13,1
131,264,264,14,2
131,264,264,15,2
131,264,264,16,3
131,264,264,17,2
131,264,264,18,1
131,264,264,19,0
131,264,264,20,0
131,264,264,21,1
131,264,264,0,1
131,265,265,1,39
131,265,265,2,145
131,265,265,3,247
131,265,265,4,4
131,265,265,5,156
131,265,265,6,2
131,265,265,7,2
131,265,265,8,0
131,265,265,9,0
131,265,265,10,0
131,265,265,11,0
131,265,265,12,0
131,265,265,13,0
131,265,265,14,1
131,265,265,15,0
131,265,265,16,1
131,265,265,17,2
131,265,265,18,2
131,265,265,19,2
131,265,265,20,0
131,265,265,21,1
131,265,265,0,2
131,266,266,1,27
131,266,266,2,157
131,266,266,3,362
131,266,266,4,1
131,266,266,5,101
131,266,266,6,0
131,266,266,7,0
131,266,266,8,0
131,266,266,9,2
131,266,266,10,1
131,266,266,11,0
131,266,266,12,0
131,266,266,13,0
131,266,266,14,1
131,266,266,15,2
131,266,266,16,2
131,266,266,17,2
131,266,266,18,1
131,266,266,19,2
131,266,266,20,1
131,266,266,21,0
131,266,266,0,2
131,267,267,1,46
131,267,267,2,172
131,267,267,3,291
131,267,267,4,2
131,267,267,5,235
131,267,267,6,1
131,267,267,7,0
131,267,267,8,1
131,267,267,9,0
131,267,267,10,0
131,267,267,11,1
131,267,267,12,0
131,267,267,13,0
131,267,267,14,0
131,267,267,15,1
131,267,267,16,0
131,267,267,17,4
131,267,267,18,1
131,267,267,19,0
131,267,267,20,0
131,267,267,21,1
131,267,267,0,5
131,268,268,1,23
131,268,268,2,333
131,268,268,3,250
131,268,268,4,7
131,268,268,5,170
131,268,268,6,4
131,268,268,7,0
131,268,268,8,1
131,268,268,9,0
131,268,268,10,0
131,268,268,11,1
131,268,268,12,0
131,268,268,13,1
131,268,268,14,0
131,268,268,15,1
131,268,268,16,0
131,268,268,17,1
131,268,268,18,9
131,268,268,19,7
131,268,268,20,1
131,268,268,21,1
131,268,268,0,1
131,269,269,1,28
131,269,269,2,165
131,269,269,3,109
131,269,269,4,0
131,269,269,5,175
131,269,269,6,1
131,269,269,7,0
131,269,269,8,0
131,269,269,9,1
131,269,269,10,0
131,269,269,11,0
131,269,269,12,0
131,269,269,13,0
131,269,269,14,0
131,269,269,15,0
131,269,269,16,0
131,269,269,17,3
131,269,269,18,2
131,269,269,19,0
131,269,269,20,2
131,269,269,21,1
131,269,269,0,2
131,270,270,1,49
131,270,270,2,323
131,270,270,3,264
131,270,270,4,3
131,270,270,5,161
131,270,270,6,0
131,270,270,7,1
131,270,270,8,2
131,270,270,9,0
131,270,270,10,1
131,270,270,11,0
131,270,270,12,0
131,270,270,13,0
131,270,270,14,1
131,270,270,15,2
131,270,270,16,0
131,270,270,17,0
131,270,270,18,0
131,270,270,19,2
131,270,270,20,0
131,270,270,21,1
131,270,270,0,2
131,271,271,1,37
131,271,271,2,312
131,271,271,3,224
131,271,271,4,0
131,271,271,5,178
131,271,271,6,3
131,271,271,7,0
131,271,271,8,2
131,271,271,9,0
131,271,271,10,1
131,271,271,11,0
131,271,271,12,1
131,271,271,13,0
131,271,271,14,1
131,271,271,15,6
131,271,271,16,2
131,271,271,17,3
131,271,271,18,0
131,271,271,19,0
131,271,271,20,0
131,271,271,21,0
131,271,271,0,2
131,271,271,1,0
131,271,271,2,0
131,271,271,3,0
131,271,271,4,0
131,271,271,5,0
131,271,271,6,0
131,271,271,7,0
131,271,271,8,0
131,271,271,9,0
131,271,271,10,0
131,271,271,11,0
131,271,271,12,0
131,271,271,13,0
131,271,271,14,0
131,271,271,15,0
131,271,271,16,0
131,271,271,17,0
131,271,271,18,0
131,271,271,19,0
131,271,271,20,0
131,271,271,21,0
131,271,271,0,0
131,272,272,1,0
131,272,272,2,0
131,272,272,3,0
131,272,272,4,0
131,272,272,5,0
131,272,272,6,0
131,272,272,7,0
131,272,272,8,0
131,272,272,9,0
131,272,272,10,0
131,272,272,11,0
131,272,272,12,0
131,272,272,13,0
131,272,272,14,0
131,272,272,15,0
131,272,272,16,0
131,272,272,17,0
131,272,272,18,0
131,272,272,19,0
131,272,272,20,0
131,272,272,21,0
131,272,272,0,0
131,272,272,1,27
131,272,272,2,385
131,272,272,3,315
131,272,272,4,0
131,272,272,5,167
131,272,272,6,0
131,272,272,7,0
131,272,272,8,0
131,272,272,9,0
131,272,272,10,0
131,272,272,11,0
131,272,272,12,0
131,272,272,13,0
131,272,272,14,1
131,272,272,15,0
131,272,272,16,0
131,272,272,17,0
131,272,272,18,2
131,272,272,19,4
131,272,272,20,0
131,272,272,21,1
131,272,272,0,0
131,273,273,1,0
131,273,273,2,0
131,273,273,3,0
131,273,273,4,0
131,273,273,5,0
131,273,273,6,0
131,273,273,7,0
131,273,273,8,0
131,273,273,9,0
131,273,273,10,0
131,273,273,11,0
131,273,273,12,0
131,273,273,13,0
131,273,273,14,0
131,273,273,15,0
131,273,273,16,0
131,273,273,17,0
131,273,273,18,0
131,273,273,19,0
131,273,273,20,0
131,273,273,21,0
131,273,273,0,0
131,273,273,1,46
131,273,273,2,298
131,273,273,3,334
131,273,273,4,0
131,273,273,5,186
131,273,273,6,1
131,273,273,7,0
131,273,273,8,2
131,273,273,9,0
131,273,273,10,0
131,273,273,11,0
131,273,273,12,0
131,273,273,13,0
131,273,273,14,0
131,273,273,15,0
131,273,273,16,2
131,273,273,17,1
131,273,273,18,4
131,273,273,19,0
131,273,273,20,2
131,273,273,21,1
131,273,273,0,2
131,274,274,1,34
131,274,274,2,347
131,274,274,3,332
131,274,274,4,2
131,274,274,5,135
131,274,274,6,0
131,274,274,7,0
131,274,274,8,2
131,274,274,9,1
131,274,274,10,2
131,274,274,11,3
131,274,274,12,3
131,274,274,13,0
131,274,274,14,0
131,274,274,15,1
131,274,274,16,0
131,274,274,17,0
131,274,274,18,1
131,274,274,19,1
131,274,274,20,0
131,274,274,21,0
131,274,274,0,3
131,275,275,1,41
131,275,275,2,319
131,275,275,3,271
131,275,275,4,1
131,275,275,5,138
131,275,275,6,0
131,275,275,7,1
131,275,275,8,0
131,275,275,9,0
131,275,275,10,0
131,275,275,11,0
131,275,275,12,0
131,275,275,13,0
131,275,275,14,0
131,275,275,15,0
131,275,275,16,1
131,275,275,17,1
131,275,275,18,5
131,275,275,19,1
131,275,275,20,2
131,275,275,21,0
131,275,275,0,2
131,276,276,1,8
131,276,276,2,279
131,276,276,3,204
131,276,276,4,2
131,276,276,5,145
131,276,276,6,0
131,276,276,7,0
131,276,276,8,0
131,276,276,9,0
131,276,276,10,0
131,276,276,11,0
131,276,276,12,1
131,276,276,13,0
131,276,276,14,0
131,276,276,15,0
131,276,276,16,0
131,276,276,17,0
131,276,276,18,1
131,276,276,19,1
131,276,276,20,0
131,276,276,21,0
131,276,276,0,1
131,277,277,1,40
131,277,277,2,304
131,277,277,3,316
131,277,277,4,1
131,277,277,5,172
131,277,277,6,0
131,277,277,7,1
131,277,277,8,0
131,277,277,9,1
131,277,277,10,1
131,277,277,11,0
131,277,277,12,0
131,277,277,13,1
131,277,277,14,0
131,277,277,15,0
131,277,277,16,1
131,277,277,17,1
131,277,277,18,0
131,277,277,19,2
131,277,277,20,1
131,277,277,21,0
131,277,277,0,3
131,278,278,1,32
131,278,278,2,194
131,278,278,3,333
131,278,278,4,2
131,278,278,5,169
131,278,278,6,1
131,278,278,7,0
131,278,278,8,2
131,278,278,9,0
131,278,278,10,0
131,278,278,11,1
131,278,278,12,1
131,278,278,13,0
131,278,278,14,0
131,278,278,15,0
131,278,278,16,3
131,278,278,17,3
131,278,278,18,1
131,278,278,19,0
131,278,278,20,0
131,278,278,21,0
131,278,278,0,3
131,279,279,1,41
131,279,279,2,455
131,279,279,3,227
131,279,279,4,2
131,279,279,5,198
131,279,279,6,0
131,279,279,7,0
131,279,279,8,0
131,279,279,9,0
131,279,279,10,0
131,279,279,11,0
131,279,279,12,0
131,279,279,13,0
131,279,279,14,1
131,279,279,15,1
131,279,279,16,0
131,279,279,17,0
131,279,279,18,0
131,279,279,19,1
131,279,279,20,0
131,279,279,21,2
131,279,279,0,5
131,280,280,1,45
131,280,280,2,198
131,280,280,3,325
131,280,280,4,2
131,280,280,5,239
131,280,280,6,1
131,280,280,7,0
131,280,280,8,0
131,280,280,9,1
131,280,280,10,1
131,280,280,11,0
131,280,280,12,0
131,280,280,13,0
131,280,280,14,0
131,280,280,15,1
131,280,280,16,0
131,280,280,17,0
131,280,280,18,1
131,280,280,19,1
131,280,280,20,0
131,280,280,21,1
131,280,280,0,0
131,281,281,1,39
131,281,281,2,74
131,281,281,3,304
131,281,281,4,2
131,281,281,5,168
131,281,281,6,3
131,281,281,7,0
131,281,281,8,1
131,281,281,9,0
131,281,281,10,0
131,281,281,11,0
131,281,281,12,0
131,281,281,13,1
131,281,281,14,1
131,281,281,15,1
131,281,281,16,1
131,281,281,17,1
131,281,281,18,1
131,281,281,19,5
131,281,281,20,1
131,281,281,21,0
131,281,281,0,1
131,282,282,1,19
131,282,282,2,113
131,282,282,3,353
131,282,282,4,2
131,282,282,5,262
131,282,282,6,0
131,282,282,7,1
131,282,282,8,2
131,282,282,9,0
131,282,282,10,0
131,282,282,11,0
131,282,282,12,0
131,282,282,13,0
131,282,282,14,0
131,282,282,15,0
131,282,282,16,0
131,282,282,17,0
131,282,282,18,0
131,282,282,19,2
131,282,282,20,0
131,282,282,21,2
131,282,282,0,2
131,283,283,1,21
131,283,283,2,220
131,283,283,3,321
131,283,283,4,2
131,283,283,5,318
131,283,283,6,0
131,283,283,7,0
131,283,283,8,1
131,283,283,9,0
131,283,283,10,0
131,283,283,11,1
131,283,283,12,1
131,283,283,13,0
131,283,283,14,0
131,283,283,15,0
131,283,283,16,0
131,283,283,17,0
131,283,283,18,0
131,283,283,19,2
131,283,283,20,0
131,283,283,21,1
131,283,283,0,3
131,284,284,1,27
131,284,284,2,122
131,284,284,3,248
131,284,284,4,1
131,284,284,5,234
131,284,284,6,0
131,284,284,7,0
131,284,284,8,0
131,284,284,9,0
131,284,284,10,0
131,284,284,11,0
131,284,284,12,1
131,284,284,13,0
131,284,284,14,1
131,284,284,15,2
131,284,284,16,1
131,284,284,17,4
131,284,284,18,0
131,284,284,19,0
131,284,284,20,0
131,284,284,21,1
131,284,284,0,2
131,285,285,1,52
131,285,285,2,126
131,285,285,3,329
131,285,285,4,6
131,285,285,5,278
131,285,285,6,1
131,285,285,7,0
131,285,285,8,1
131,285,285,9,1
131,285,285,10,0
131,285,285,11,0
131,285,285,12,2
131,285,285,13,1
131,285,285,14,1
131,285,285,15,1
131,285,285,16,2
131,285,285,17,4
131,285,285,18,0
131,285,285,19,2
131,285,285,20,0
131,285,285,21,0
131,285,285,0,4
131,286,286,1,35
131,286,286,2,178
131,286,286,3,268
131,286,286,4,1
131,286,286,5,275
131,286,286,6,1
131,286,286,7,1
131,286,286,8,0
131,286,286,9,1
131,286,286,10,0
131,286,286,11,0
131,286,286,12,0
131,286,286,13,0
131,286,286,14,0
131,286,286,15,0
131,286,286,16,0
131,286,286,17,0
131,286,286,18,1
131,286,286,19,1
131,286,286,20,1
131,286,286,21,0
131,286,286,0,3
131,287,287,1,32
131,287,287,2,184
131,287,287,3,337
131,287,287,4,1
131,287,287,5,216
131,287,287,6,0
131,287,287,7,0
131,287,287,8,0
131,287,287,9,0
131,287,287,10,0
131,287,287,11,0
131,287,287,12,0
131,287,287,13,0
131,287,287,14,2
131,287,287,15,0
131,287,287,16,0
131,287,287,17,1
131,287,287,18,0
131,287,287,19,0
131,287,287,20,0
131,287,287,21,0
131,287,287,0,1
131,288,288,1,24
131,288,288,2,187
131,288,288,3,328
131,288,288,4,4
131,288,288,5,285
131,288,288,6,0
131,288,288,7,0
131,288,288,8,0
131,288,288,9,0
131,288,288,10,0
131,288,288,11,0
131,288,288,12,0
131,288,288,13,0
131,288,288,14,0
131,288,288,15,0
131,288,288,16,0
131,288,288,17,0
131,288,288,18,3
131,288,288,19,1
131,288,288,20,0
131,288,288,21,2
131,288,288,0,4
131,289,289,1,6
131,289,289,2,70
131,289,289,3,125
131,289,289,4,0
131,289,289,5,129
131,289,289,6,0
131,289,289,7,0
131,289,289,8,1
131,289,289,9,1
131,289,289,10,0
131,289,289,11,0
131,289,289,12,0
131,289,289,13,0
131,289,289,14,0
131,289,289,15,0
131,289,289,16,0
131,289,289,17,0
131,289,289,18,0
131,289,289,19,0
131,289,289,20,0
131,289,289,21,2
131,289,289,0,3
131,290,290,1,22
131,290,290,2,171
131,290,290,3,288
131,290,290,4,0
131,290,290,5,230
131,290,290,6,0
131,290,290,7,0
131,290,290,8,0
131,290,290,9,0
131,290,290,10,0
131,290,290,11,0
131,290,290,12,0
131,290,290,13,0
131,290,290,14,0
131,290,290,15,0
131,290,290,16,0
131,290,290,17,0
131,290,290,18,0
131,290,290,19,1
131,290,290,20,0
131,290,290,21,1
131,290,290,0,2
131,291,291,1,11
131,291,291,2,84
131,291,291,3,134
131,291,291,4,0
131,291,291,5,101
131,291,291,6,0
131,291,291,7,0
131,291,291,8,1
131,291,291,9,1
131,291,291,10,0
131,291,291,11,0
131,291,291,12,0
131,291,291,13,0
131,291,291,14,0
131,291,291,15,0
131,291,291,16,0
131,291,291,17,0
131,291,291,18,0
131,291,291,19,2
131,291,291,20,0
131,291,291,21,0
131,291,291,0,1
131,292,292,1,0
131,292,292,2,0
131,292,292,3,0
131,292,292,4,0
131,292,292,5,0
131,292,292,6,0
131,292,292,7,0
131,292,292,8,0
131,292,292,9,0
131,292,292,10,0
131,292,292,11,0
131,292,292,12,0
131,292,292,13,0
131,292,292,14,0
131,292,292,15,0
131,292,292,16,0
131,292,292,17,0
131,292,292,18,0
131,292,292,19,0
131,292,292,20,0
131,292,292,21,0
131,292,292,0,0
131,292,292,1,17
131,292,292,2,381
131,292,292,3,113
131,292,292,4,0
131,292,292,5,128
131,292,292,6,1
131,292,292,7,0
131,292,292,8,0
131,292,292,9,2
131,292,292,10,0
131,292,292,11,0
131,292,292,12,0
131,292,292,13,0
131,292,292,14,0
131,292,292,15,1
131,292,292,16,0
131,292,292,17,1
131,292,292,18,4
131,292,292,19,2
131,292,292,20,0
131,292,292,21,0
131,292,292,0,4
131,293,293,1,9
131,293,293,2,278
131,293,293,3,72
131,293,293,4,0
131,293,293,5,116
131,293,293,6,0
131,293,293,7,0
131,293,293,8,1
131,293,293,9,14
131,293,293,10,0
131,293,293,11,0
131,293,293,12,0
131,293,293,13,0
131,293,293,14,1
131,293,293,15,0
131,293,293,16,0
131,293,293,17,0
131,293,293,18,1
131,293,293,19,0
131,293,293,20,0
131,293,293,21,0
131,293,293,0,3
131,293,293,1,0
131,293,293,2,0
131,293,293,3,0
131,293,293,4,0
131,293,293,5,0
131,293,293,6,0
131,293,293,7,0
131,293,293,8,0
131,293,293,9,0
131,293,293,10,0
131,293,293,11,0
131,293,293,12,0
131,293,293,13,0
131,293,293,14,0
131,293,293,15,0
131,293,293,16,0
131,293,293,17,0
131,293,293,18,0
131,293,293,19,0
131,293,293,20,0
131,293,293,21,0
131,293,293,0,0
131,294,294,1,0
131,294,294,2,0
131,294,294,3,0
131,294,294,4,0
131,294,294,5,0
131,294,294,6,0
131,294,294,7,0
131,294,294,8,0
131,294,294,9,0
131,294,294,10,0
131,294,294,11,0
131,294,294,12,0
131,294,294,13,0
131,294,294,14,0
131,294,294,15,0
131,294,294,16,0
131,294,294,17,0
131,294,294,18,0
131,294,294,19,0
131,294,294,20,0
131,294,294,21,0
131,294,294,0,0
131,294,294,1,11
131,294,294,2,457
131,294,294,3,121
131,294,294,4,1
131,294,294,5,141
131,294,294,6,1
131,294,294,7,0
131,294,294,8,1
131,294,294,9,11
131,294,294,10,0
131,294,294,11,0
131,294,294,12,0
131,294,294,13,0
131,294,294,14,1
131,294,294,15,0
131,294,294,16,0
131,294,294,17,0
131,294,294,18,4
131,294,294,19,0
131,294,294,20,0
131,294,294,21,0
131,294,294,0,2
131,295,295,1,7
131,295,295,2,56
131,295,295,3,137
131,295,295,4,1
131,295,295,5,88
131,295,295,6,0
131,295,295,7,0
131,295,295,8,0
131,295,295,9,0
131,295,295,10,0
131,295,295,11,0
131,295,295,12,0
131,295,295,13,0
131,295,295,14,0
131,295,295,15,0
131,295,295,16,0
131,295,295,17,0
131,295,295,18,0
131,295,295,19,0
131,295,295,20,0
131,295,295,21,0
131,295,295,0,0
131,296,296,1,26
131,296,296,2,189
131,296,296,3,260
131,296,296,4,1
131,296,296,5,141
131,296,296,6,0
131,296,296,7,1
131,296,296,8,0
131,296,296,9,0
131,296,296,10,0
131,296,296,11,0
131,296,296,12,0
131,296,296,13,0
131,296,296,14,0
131,296,296,15,1
131,296,296,16,1
131,296,296,17,1
131,296,296,18,3
131,296,296,19,1
131,296,296,20,1
131,296,296,21,0
131,296,296,0,3
131,297,297,1,28
131,297,297,2,208
131,297,297,3,167
131,297,297,4,1
131,297,297,5,184
131,297,297,6,1
131,297,297,7,1
131,297,297,8,2
131,297,297,9,0
131,297,297,10,0
131,297,297,11,0
131,297,297,12,0
131,297,297,13,2
131,297,297,14,0
131,297,297,15,0
131,297,297,16,0
131,297,297,17,1
131,297,297,18,0
131,297,297,19,0
131,297,297,20,0
131,297,297,21,0
131,297,297,0,1
131,298,298,1,40
131,298,298,2,185
131,298,298,3,390
131,298,298,4,2
131,298,298,5,238
131,298,298,6,2
131,298,298,7,0
131,298,298,8,0
131,298,298,9,0
131,298,298,10,0
131,298,298,11,1
131,298,298,12,0
131,298,298,13,0
131,298,298,14,0
131,298,298,15,0
131,298,298,16,0
131,298,298,17,1
131,298,298,18,2
131,298,298,19,0
131,298,298,20,1
131,298,298,21,0
131,298,298,0,2
131,299,299,1,22
131,299,299,2,104
131,299,299,3,228
131,299,299,4,0
131,299,299,5,163
131,299,299,6,4
131,299,299,7,0
131,299,299,8,0
131,299,299,9,0
131,299,299,10,0
131,299,299,11,0
131,299,299,12,0
131,299,299,13,0
131,299,299,14,0
131,299,299,15,0
131,299,299,16,1
131,299,299,17,3
131,299,299,18,1
131,299,299,19,1
131,299,299,20,1
131,299,299,21,2
131,299,299,0,0
131,300,300,1,13
131,300,300,2,74
131,300,300,3,304
131,300,300,4,2
131,300,300,5,210
131,300,300,6,0
131,300,300,7,0
131,300,300,8,0
131,300,300,9,0
131,300,300,10,1
131,300,300,11,0
131,300,300,12,0
131,300,300,13,0
131,300,300,14,0
131,300,300,15,0
131,300,300,16,0
131,300,300,17,0
131,300,300,18,0
131,300,300,19,0
131,300,300,20,1
131,300,300,21,0
131,300,300,0,2
131,301,301,1,14
131,301,301,2,250
131,301,301,3,177
131,301,301,4,1
131,301,301,5,130
131,301,301,6,0
131,301,301,7,3
131,301,301,8,1
131,301,301,9,13
131,301,301,10,0
131,301,301,11,0
131,301,301,12,0
131,301,301,13,0
131,301,301,14,0
131,301,301,15,0
131,301,301,16,0
131,301,301,17,0
131,301,301,18,2
131,301,301,19,1
131,301,301,20,0
131,301,301,21,0
131,301,301,0,1
131,302,302,1,3
131,302,302,2,328
131,302,302,3,88
131,302,302,4,1
131,302,302,5,114
131,302,302,6,0
131,302,302,7,0
131,302,302,8,1
131,302,302,9,10
131,302,302,10,0
131,302,302,11,0
131,302,302,12,1
131,302,302,13,0
131,302,302,14,0
131,302,302,15,0
131,302,302,16,0
131,302,302,17,0
131,302,302,18,2
131,302,302,19,0
131,302,302,20,1
131,302,302,21,1
131,302,302,0,1
131,303,303,1,42
131,303,303,2,222
131,303,303,3,338
131,303,303,4,2
131,303,303,5,232
131,303,303,6,1
131,303,303,7,0
131,303,303,8,0
131,303,303,9,1
131,303,303,10,0
131,303,303,11,0
131,303,303,12,1
131,303,303,13,0
131,303,303,14,0
131,303,303,15,0
131,303,303,16,0
131,303,303,17,0
131,303,303,18,1
131,303,303,19,0
131,303,303,20,0
131,303,303,21,0
131,303,303,0,2
131,304,304,1,27
131,304,304,2,79
131,304,304,3,164
131,304,304,4,3
131,304,304,5,144
131,304,304,6,0
131,304,304,7,0
131,304,304,8,0
131,304,304,9,0
131,304,304,10,1
131,304,304,11,1
131,304,304,12,0
131,304,304,13,0
131,304,304,14,1
131,304,304,15,0
131,304,304,16,0
131,304,304,17,0
131,304,304,18,1
131,304,304,19,0
131,304,304,20,0
131,304,304,21,0
131,304,304,0,0
131,305,305,1,27
131,305,305,2,211
131,305,305,3,181
131,305,305,4,0
131,305,305,5,228
131,305,305,6,0
131,305,305,7,1
131,305,305,8,1
131,305,305,9,2
131,305,305,10,0
131,305,305,11,0
131,305,305,12,0
131,305,305,13,0
131,305,305,14,0
131,305,305,15,0
131,305,305,16,0
131,305,305,17,2
131,305,305,18,0
131,305,305,19,0
131,305,305,20,0
131,305,305,21,0
131,305,305,0,1
131,306,306,1,30
131,306,306,2,117
131,306,306,3,148
131,306,306,4,1
131,306,306,5,126
131,306,306,6,0
131,306,306,7,0
131,306,306,8,1
131,306,306,9,1
131,306,306,10,0
131,306,306,11,0
131,306,306,12,0
131,306,306,13,0
131,306,306,14,0
131,306,306,15,0
131,306,306,16,0
131,306,306,17,0
131,306,306,18,0
131,306,306,19,0
131,306,306,20,1
131,306,306,21,0
131,306,306,0,6
131,307,307,1,26
131,307,307,2,82
131,307,307,3,182
131,307,307,4,0
131,307,307,5,127
131,307,307,6,0
131,307,307,7,0
131,307,307,8,0
131,307,307,9,0
131,307,307,10,0
131,307,307,11,0
131,307,307,12,0
131,307,307,13,0
131,307,307,14,1
131,307,307,15,1
131,307,307,16,3
131,307,307,17,0
131,307,307,18,0
131,307,307,19,0
131,307,307,20,0
131,307,307,21,0
131,307,307,0,2
131,308,308,1,43
131,308,308,2,150
131,308,308,3,301
131,308,308,4,2
131,308,308,5,283
131,308,308,6,4
131,308,308,7,2
131,308,308,8,0
131,308,308,9,2
131,308,308,10,0
131,308,308,11,0
131,308,308,12,0
131,308,308,13,0
131,308,308,14,0
131,308,308,15,0
131,308,308,16,1
131,308,308,17,4
131,308,308,18,2
131,308,308,19,2
131,308,308,20,0
131,308,308,21,1
131,308,308,0,3
131,309,309,1,28
131,309,309,2,143
131,309,309,3,206
131,309,309,4,2
131,309,309,5,243
131,309,309,6,2
131,309,309,7,0
131,309,309,8,1
131,309,309,9,0
131,309,309,10,0
131,309,309,11,0
131,309,309,12,0
131,309,309,13,1
131,309,309,14,0
131,309,309,15,1
131,309,309,16,0
131,309,309,17,0
131,309,309,18,1
131,309,309,19,0
131,309,309,20,0
131,309,309,21,0
131,309,309,0,5
131,310,310,1,47
131,310,310,2,196
131,310,310,3,263
131,310,310,4,1
131,310,310,5,329
131,310,310,6,1
131,310,310,7,0
131,310,310,8,0
131,310,310,9,0
131,310,310,10,0
131,310,310,11,1
131,310,310,12,0
131,310,310,13,0
131,310,310,14,0
131,310,310,15,1
131,310,310,16,0
131,310,310,17,0
131,310,310,18,0
131,310,310,19,0
131,310,310,20,0
131,310,310,21,1
131,310,310,0,3
131,311,311,1,19
131,311,311,2,320
131,311,311,3,180
131,311,311,4,1
131,311,311,5,199
131,311,311,6,0
131,311,311,7,0
131,311,311,8,2
131,311,311,9,0
131,311,311,10,0
131,311,311,11,1
131,311,311,12,1
131,311,311,13,0
131,311,311,14,0
131,311,311,15,2
131,311,311,16,1
131,311,311,17,2
131,311,311,18,3
131,311,311,19,2
131,311,311,20,0
131,311,311,21,0
131,311,311,0,1
131,312,312,1,13
131,312,312,2,238
131,312,312,3,201
131,312,312,4,3
131,312,312,5,97
131,312,312,6,1
131,312,312,7,0
131,312,312,8,0
131,312,312,9,0
131,312,312,10,0
131,312,312,11,0
131,312,312,12,0
131,312,312,13,0
131,312,312,14,0
131,312,312,15,1
131,312,312,16,0
131,312,312,17,2
131,312,312,18,3
131,312,312,19,1
131,312,312,20,0
131,312,312,21,0
131,312,312,0,0
131,313,313,1,32
131,313,313,2,300
131,313,313,3,290
131,313,313,4,3
131,313,313,5,151
131,313,313,6,1
131,313,313,7,0
131,313,313,8,2
131,313,313,9,0
131,313,313,10,0
131,313,313,11,0
131,313,313,12,0
131,313,313,13,0
131,313,313,14,0
131,313,313,15,2
131,313,313,16,1
131,313,313,17,0
131,313,313,18,2
131,313,313,19,1
131,313,313,20,0
131,313,313,21,0
131,313,313,0,1
131,313,313,1,0
131,313,313,2,0
131,313,313,3,0
131,313,313,4,0
131,313,313,5,0
131,313,313,6,0
131,313,313,7,0
131,313,313,8,0
131,313,313,9,0
131,313,313,10,0
131,313,313,11,0
131,313,313,12,0
131,313,313,13,0
131,313,313,14,0
131,313,313,15,0
131,313,313,16,0
131,313,313,17,0
131,313,313,18,0
131,313,313,19,0
131,313,313,20,0
131,313,313,21,0
131,313,313,0,0
131,314,314,1,50
131,314,314,2,148
131,314,314,3,553
131,314,314,4,0
131,314,314,5,148
131,314,314,6,0
131,314,314,7,0
131,314,314,8,0
131,314,314,9,0
131,314,314,10,0
131,314,314,11,0
131,314,314,12,0
131,314,314,13,0
131,314,314,14,0
131,314,314,15,0
131,314,314,16,1
131,314,314,17,2
131,314,314,18,0
131,314,314,19,0
131,314,314,20,0
131,314,314,21,1
131,314,314,0,0
131,314,314,1,0
131,314,314,2,0
131,314,314,3,0
131,314,314,4,0
131,314,314,5,0
131,314,314,6,0
131,314,314,7,0
131,314,314,8,0
131,314,314,9,0
131,314,314,10,0
131,314,314,11,0
131,314,314,12,0
131,314,314,13,0
131,314,314,14,0
131,314,314,15,0
131,314,314,16,0
131,314,314,17,0
131,314,314,18,0
131,314,314,19,0
131,314,314,20,0
131,314,314,21,0
131,314,314,0,0
131,315,315,1,46
131,315,315,2,114
131,315,315,3,586
131,315,315,4,2
131,315,315,5,152
131,315,315,6,1
131,315,315,7,0
131,315,315,8,2
131,315,315,9,0
131,315,315,10,0
131,315,315,11,0
131,315,315,12,0
131,315,315,13,0
131,315,315,14,0
131,315,315,15,0
131,315,315,16,1
131,315,315,17,1
131,315,315,18,0
131,315,315,19,1
131,315,315,20,0
131,315,315,21,0
131,315,315,0,2
131,315,315,1,0
131,315,315,2,0
131,315,315,3,0
131,315,315,4,0
131,315,315,5,0
131,315,315,6,0
131,315,315,7,0
131,315,315,8,0
131,315,315,9,0
131,315,315,10,0
131,315,315,11,0
131,315,315,12,0
131,315,315,13,0
131,315,315,14,0
131,315,315,15,0
131,315,315,16,0
131,315,315,17,0
131,315,315,18,0
131,315,315,19,0
131,315,315,20,0
131,315,315,21,0
131,315,315,0,0
131,316,316,1,22
131,316,316,2,123
131,316,316,3,219
131,316,316,4,2
131,316,316,5,99
131,316,316,6,0
131,316,316,7,0
131,316,316,8,0
131,316,316,9,0
131,316,316,10,0
131,316,316,11,0
131,316,316,12,0
131,316,316,13,1
131,316,316,14,0
131,316,316,15,0
131,316,316,16,0
131,316,316,17,1
131,316,316,18,2
131,316,316,19,2
131,316,316,20,1
131,316,316,21,0
131,316,316,0,1
131,317,317,1,36
131,317,317,2,117
131,317,317,3,210
131,317,317,4,2
131,317,317,5,146
131,317,317,6,0
131,317,317,7,0
131,317,317,8,0
131,317,317,9,0
131,317,317,10,0
131,317,317,11,0
131,317,317,12,0
131,317,317,13,0
131,317,317,14,0
131,317,317,15,0
131,317,317,16,2
131,317,317,17,0
131,317,317,18,0
131,317,317,19,2
131,317,317,20,0
131,317,317,21,0
131,317,317,0,0
131,318,318,1,25
131,318,318,2,154
131,318,318,3,362
131,318,318,4,4
131,318,318,5,283
131,318,318,6,0
131,318,318,7,0
131,318,318,8,0
131,318,318,9,0
131,318,318,10,0
131,318,318,11,0
131,318,318,12,0
131,318,318,13,0
131,318,318,14,0
131,318,318,15,0
131,318,318,16,0
131,318,318,17,1
131,318,318,18,0
131,318,318,19,1
131,318,318,20,2
131,318,318,21,0
131,318,318,0,3
131,319,319,1,12
131,319,319,2,108
131,319,319,3,238
131,319,319,4,2
131,319,319,5,141
131,319,319,6,2
131,319,319,7,0
131,319,319,8,0
131,319,319,9,0
131,319,319,10,0
131,319,319,11,0
131,319,319,12,0
131,319,319,13,2
131,319,319,14,2
131,319,319,15,0
131,319,319,16,0
131,319,319,17,0
131,319,319,18,0
131,319,319,19,2
131,319,319,20,1
131,319,319,21,2
131,319,319,0,3
131,320,320,1,13
131,320,320,2,345
131,320,320,3,138
131,320,320,4,0
131,320,320,5,150
131,320,320,6,0
131,320,320,7,1
131,320,320,8,0
131,320,320,9,0
131,320,320,10,0
131,320,320,11,0
131,320,320,12,0
131,320,320,13,0
131,320,320,14,0
131,320,320,15,3
131,320,320,16,1
131,320,320,17,0
131,320,320,18,2
131,320,320,19,0
131,320,320,20,0
131,320,320,21,0
131,320,320,0,0
131,321,321,1,17
131,321,321,2,339
131,321,321,3,169
131,321,321,4,2
131,321,321,5,106
131,321,321,6,0
131,321,321,7,1
131,321,321,8,1
131,321,321,9,0
131,321,321,10,0
131,321,321,11,0
131,321,321,12,0
131,321,321,13,0
131,321,321,14,2
131,321,321,15,1
131,321,321,16,0
131,321,321,17,1
131,321,321,18,6
131,321,321,19,4
131,321,321,20,1
131,321,321,21,1
131,321,321,0,2
131,322,322,1,43
131,322,322,2,319
131,322,322,3,291
131,322,322,4,3
131,322,322,5,219
131,322,322,6,0
131,322,322,7,0
131,322,322,8,2
131,322,322,9,0
131,322,322,10,0
131,322,322,11,1
131,322,322,12,0
131,322,322,13,0
131,322,322,14,1
131,322,322,15,2
131,322,322,16,3
131,322,322,17,0
131,322,322,18,5
131,322,322,19,1
131,322,322,20,1
131,322,322,21,0
131,322,322,0,3
131,323,323,1,37
131,323,323,2,261
131,323,323,3,324
131,323,323,4,1
131,323,323,5,225
131,323,323,6,1
131,323,323,7,0
131,323,323,8,2
131,323,323,9,0
131,323,323,10,0
131,323,323,11,0
131,323,323,12,0
131,323,323,13,0
131,323,323,14,0
131,323,323,15,0
131,323,323,16,3
131,323,323,17,2
131,323,323,18,4
131,323,323,19,0
131,323,323,20,0
131,323,323,21,0
131,323,323,0,1
131,324,324,1,18
131,324,324,2,172
131,324,324,3,114
131,324,324,4,0
131,324,324,5,120
131,324,324,6,0
131,324,324,7,0
131,324,324,8,0
131,324,324,9,0
131,324,324,10,0
131,324,324,11,0
131,324,324,12,1
131,324,324,13,0
131,324,324,14,0
131,324,324,15,1
131,324,324,16,0
131,324,324,17,0
131,324,324,18,0
131,324,324,19,0
131,324,324,20,0
131,324,324,21,1
131,324,324,0,0
131,325,325,1,22
131,325,325,2,493
131,325,325,3,215
131,325,325,4,3
131,325,325,5,238
131,325,325,6,3
131,325,325,7,0
131,325,325,8,3
131,325,325,9,1
131,325,325,10,0
131,325,325,11,1
131,325,325,12,2
131,325,325,13,0
131,325,325,14,3
131,325,325,15,7
131,325,325,16,3
131,325,325,17,3
131,325,325,18,7
131,325,325,19,0
131,325,325,20,1
131,325,325,21,1
131,325,325,0,3
131,326,326,1,21
131,326,326,2,336
131,326,326,3,242
131,326,326,4,2
131,326,326,5,164
131,326,326,6,0
131,326,326,7,0
131,326,326,8,1
131,326,326,9,1
131,326,326,10,0
131,326,326,11,0
131,326,326,12,0
131,326,326,13,4
131,326,326,14,1
131,326,326,15,2
131,326,326,16,0
131,326,326,17,0
131,326,326,18,1
131,326,326,19,2
131,326,326,20,0
131,326,326,21,1
131,326,326,0,1
131,327,327,1,14
131,327,327,2,169
131,327,327,3,215
131,327,327,4,2
131,327,327,5,142
131,327,327,6,0
131,327,327,7,0
131,327,327,8,0
131,327,327,9,0
131,327,327,10,0
131,327,327,11,0
131,327,327,12,0
131,327,327,13,0
131,327,327,14,0
131,327,327,15,0
131,327,327,16,1
131,327,327,17,0
131,327,327,18,1
131,327,327,19,1
131,327,327,20,0
131,327,327,21,0
131,327,327,0,0
131,328,328,1,25
131,328,328,2,262
131,328,328,3,253
131,328,328,4,2
131,328,328,5,161
131,328,328,6,0
131,328,328,7,0
131,328,328,8,0
131,328,328,9,0
131,328,328,10,0
131,328,328,11,0
131,328,328,12,0
131,328,328,13,0
131,328,328,14,1
131,328,328,15,2
131,328,328,16,1
131,328,328,17,0
131,328,328,18,1
131,328,328,19,0
131,328,328,20,0
131,328,328,21,1
131,328,328,0,3
131,329,329,1,11
131,329,329,2,174
131,329,329,3,308
131,329,329,4,4
131,329,329,5,124
131,329,329,6,0
131,329,329,7,0
131,329,329,8,0
131,329,329,9,1
131,329,329,10,0
131,329,329,11,0
131,329,329,12,0
131,329,329,13,0
131,329,329,14,0
131,329,329,15,0
131,329,329,16,0
131,329,329,17,1
131,329,329,18,1
131,329,329,19,0
131,329,329,20,0
131,329,329,21,0
131,329,329,0,1
131,330,330,1,20
131,330,330,2,276
131,330,330,3,173
131,330,330,4,3
131,330,330,5,107
131,330,330,6,0
131,330,330,7,0
131,330,330,8,1
131,330,330,9,0
131,330,330,10,0
131,330,330,11,0
131,330,330,12,0
131,330,330,13,0
131,330,330,14,0
131,330,330,15,2
131,330,330,16,0
131,330,330,17,1
131,330,330,18,4
131,330,330,19,3
131,330,330,20,0
131,330,330,21,0
131,330,330,0,1
131,331,331,1,23
131,331,331,2,336
131,331,331,3,150
131,331,331,4,2
131,331,331,5,94
131,331,331,6,0
131,331,331,7,1
131,331,331,8,2
131,331,331,9,1
131,331,331,10,0
131,331,331,11,0
131,331,331,12,0
131,331,331,13,0
131,331,331,14,1
131,331,331,15,1
131,331,331,16,0
131,331,331,17,0
131,331,331,18,3
131,331,331,19,1
131,331,331,20,0
131,331,331,21,0
131,331,331,0,2
131,332,332,1,12
131,332,332,2,290
131,332,332,3,101
131,332,332,4,2
131,332,332,5,99
131,332,332,6,0
131,332,332,7,0
131,332,332,8,0
131,332,332,9,0
131,332,332,10,0
131,332,332,11,0
131,332,332,12,0
131,332,332,13,0
131,332,332,14,1
131,332,332,15,0
131,332,332,16,0
131,332,332,17,0
131,332,332,18,6
131,332,332,19,1
131,332,332,20,1
131,332,332,21,0
131,332,332,0,3
131,333,333,1,25
131,333,333,2,174
131,333,333,3,457
131,333,333,4,1
131,333,333,5,98
131,333,333,6,0
131,333,333,7,1
131,333,333,8,1
131,333,333,9,0
131,333,333,10,0
131,333,333,11,0
131,333,333,12,0
131,333,333,13,0
131,333,333,14,0
131,333,333,15,0
131,333,333,16,0
131,333,333,17,2
131,333,333,18,1
131,333,333,19,1
131,333,333,20,0
131,333,333,21,0
131,333,333,0,3
131,334,334,1,0
131,334,334,2,0
131,334,334,3,0
131,334,334,4,0
131,334,334,5,0
131,334,334,6,0
131,334,334,7,0
131,334,334,8,0
131,334,334,9,0
131,334,334,10,0
131,334,334,11,0
131,334,334,12,0
131,334,334,13,0
131,334,334,14,0
131,334,334,15,0
131,334,334,16,0
131,334,334,17,0
131,334,334,18,0
131,334,334,19,0
131,334,334,20,0
131,334,334,21,0
131,334,334,0,0
131,334,334,1,57
131,334,334,2,97
131,334,334,3,318
131,334,334,4,2
131,334,334,5,155
131,334,334,6,1
131,334,334,7,0
131,334,334,8,0
131,334,334,9,1
131,334,334,10,0
131,334,334,11,0
131,334,334,12,0
131,334,334,13,1
131,334,334,14,0
131,334,334,15,0
131,334,334,16,2
131,334,334,17,1
131,334,334,18,1
131,334,334,19,4
131,334,334,20,0
131,334,334,21,0
131,334,334,0,0
131,335,335,1,0
131,335,335,2,0
131,335,335,3,0
131,335,335,4,0
131,335,335,5,0
131,335,335,6,0
131,335,335,7,0
131,335,335,8,0
131,335,335,9,0
131,335,335,10,0
131,335,335,11,0
131,335,335,12,0
131,335,335,13,0
131,335,335,14,0
131,335,335,15,0
131,335,335,16,0
131,335,335,17,0
131,335,335,18,0
131,335,335,19,0
131,335,335,20,0
131,335,335,21,0
131,335,335,0,0
131,335,335,1,55
131,335,335,2,327
131,335,335,3,277
131,335,335,4,4
131,335,335,5,155
131,335,335,6,0
131,335,335,7,0
131,335,335,8,2
131,335,335,9,0
131,335,335,10,0
131,335,335,11,0
131,335,335,12,1
131,335,335,13,0
131,335,335,14,2
131,335,335,15,0
131,335,335,16,1
131,335,335,17,1
131,335,335,18,6
131,335,335,19,2
131,335,335,20,0
131,335,335,21,1
131,335,335,0,0
131,336,336,1,30
131,336,336,2,326
131,336,336,3,153
131,336,336,4,2
131,336,336,5,113
131,336,336,6,1
131,336,336,7,0
131,336,336,8,0
131,336,336,9,2
131,336,336,10,0
131,336,336,11,0
131,336,336,12,0
131,336,336,13,0
131,336,336,14,0
131,336,336,15,1
131,336,336,16,0
131,336,336,17,0
131,336,336,18,1
131,336,336,19,0
131,336,336,20,0
131,336,336,21,0
131,336,336,0,0
131,336,336,1,0
131,336,336,2,0
131,336,336,3,0
131,336,336,4,0
131,336,336,5,0
131,336,336,6,0
131,336,336,7,0
131,336,336,8,0
131,336,336,9,0
131,336,336,10,0
131,336,336,11,0
131,336,336,12,0
131,336,336,13,0
131,336,336,14,0
131,336,336,15,0
131,336,336,16,0
131,336,336,17,0
131,336,336,18,0
131,336,336,19,0
131,336,336,20,0
131,336,336,21,0
131,336,336,0,0
131,337,337,1,31
131,337,337,2,163
131,337,337,3,494
131,337,337,4,4
131,337,337,5,172
131,337,337,6,3
131,337,337,7,1
131,337,337,8,1
131,337,337,9,0
131,337,337,10,0
131,337,337,11,1
131,337,337,12,1
131,337,337,13,0
131,337,337,14,1
131,337,337,15,0
131,337,337,16,1
131,337,337,17,3
131,337,337,18,4
131,337,337,19,4
131,337,337,20,0
131,337,337,21,1
131,337,337,0,1
131,338,338,1,37
131,338,338,2,168
131,338,338,3,407
131,338,338,4,3
131,338,338,5,151
131,338,338,6,1
131,338,338,7,0
131,338,338,8,0
131,338,338,9,1
131,338,338,10,0
131,338,338,11,0
131,338,338,12,1
131,338,338,13,1
131,338,338,14,2
131,338,338,15,0
131,338,338,16,1
131,338,338,17,1
131,338,338,18,3
131,338,338,19,2
131,338,338,20,1
131,338,338,21,1
131,338,338,0,0
131,339,339,1,28
131,339,339,2,443
131,339,339,3,235
131,339,339,4,2
131,339,339,5,196
131,339,339,6,0
131,339,339,7,1
131,339,339,8,2
131,339,339,9,0
131,339,339,10,0
131,339,339,11,1
131,339,339,12,0
131,339,339,13,1
131,339,339,14,0
131,339,339,15,2
131,339,339,16,3
131,339,339,17,2
131,339,339,18,4
131,339,339,19,6
131,339,339,20,0
131,339,339,21,3
131,339,339,0,0
131,340,340,1,25
131,340,340,2,340
131,340,340,3,168
131,340,340,4,2
131,340,340,5,188
131,340,340,6,0
131,340,340,7,0
131,340,340,8,2
131,340,340,9,0
131,340,340,10,1
131,340,340,11,0
131,340,340,12,0
131,340,340,13,0
131,340,340,14,1
131,340,340,15,2
131,340,340,16,2
131,340,340,17,0
131,340,340,18,1
131,340,340,19,0
131,340,340,20,0
131,340,340,21,0
131,340,340,0,2
131,341,341,1,8
131,341,341,2,299
131,341,341,3,88
131,341,341,4,3
131,341,341,5,97
131,341,341,6,0
131,341,341,7,0
131,341,341,8,2
131,341,341,9,0
131,341,341,10,0
131,341,341,11,0
131,341,341,12,0
131,341,341,13,0
131,341,341,14,0
131,341,341,15,0
131,341,341,16,1
131,341,341,17,1
131,341,341,18,4
131,341,341,19,1
131,341,341,20,1
131,341,341,21,0
131,341,341,0,0
131,342,342,1,13
131,342,342,2,165
131,342,342,3,61
131,342,342,4,1
131,342,342,5,65
131,342,342,6,0
131,342,342,7,0
131,342,342,8,1
131,342,342,9,0
131,342,342,10,0
131,342,342,11,1
131,342,342,12,0
131,342,342,13,0
131,342,342,14,0
131,342,342,15,0
131,342,342,16,1
131,342,342,17,0
131,342,342,18,0
131,342,342,19,0
131,342,342,20,0
131,342,342,21,2
131,342,342,0,0
131,343,343,1,16
131,343,343,2,213
131,343,343,3,181
131,343,343,4,1
131,343,343,5,110
131,343,343,6,0
131,343,343,7,0
131,343,343,8,0
131,343,343,9,2
131,343,343,10,0
131,343,343,11,0
131,343,343,12,1
131,343,343,13,0
131,343,343,14,0
131,343,343,15,1
131,343,343,16,1
131,343,343,17,1
131,343,343,18,4
131,343,343,19,2
131,343,343,20,1
131,343,343,21,0
131,343,343,0,2
131,344,344,1,27
131,344,344,2,498
131,344,344,3,184
131,344,344,4,1
131,344,344,5,142
131,344,344,6,0
131,344,344,7,0
131,344,344,8,1
131,344,344,9,0
131,344,344,10,0
131,344,344,11,0
131,344,344,12,0
131,344,344,13,0
131,344,344,14,0
131,344,344,15,4
131,344,344,16,1
131,344,344,17,2
131,344,344,18,7
131,344,344,19,0
131,344,344,20,0
131,344,344,21,0
131,344,344,0,3
131,345,345,1,19
131,345,345,2,435
131,345,345,3,288
131,345,345,4,1
131,345,345,5,202
131,345,345,6,0
131,345,345,7,0
131,345,345,8,1
131,345,345,9,0
131,345,345,10,0
131,345,345,11,0
131,345,345,12,0
131,345,345,13,1
131,345,345,14,0
131,345,345,15,0
131,345,345,16,0
131,345,345,17,1
131,345,345,18,4
131,345,345,19,2
131,345,345,20,1
131,345,345,21,0
131,345,345,0,0
131,346,346,1,18
131,346,346,2,301
131,346,346,3,237
131,346,346,4,0
131,346,346,5,103
131,346,346,6,0
131,346,346,7,0
131,346,346,8,1
131,346,346,9,0
131,346,346,10,0
131,346,346,11,0
131,346,346,12,0
131,346,346,13,0
131,346,346,14,0
131,346,346,15,1
131,346,346,16,0
131,346,346,17,0
131,346,346,18,5
131,346,346,19,1
131,346,346,20,1
131,346,346,21,0
131,346,346,0,1
131,347,347,1,22
131,347,347,2,333
131,347,347,3,309
131,347,347,4,3
131,347,347,5,254
131,347,347,6,2
131,347,347,7,1
131,347,347,8,3
131,347,347,9,4
131,347,347,10,2
131,347,347,11,0
131,347,347,12,0
131,347,347,13,0
131,347,347,14,1
131,347,347,15,1
131,347,347,16,1
131,347,347,17,1
131,347,347,18,0
131,347,347,19,0
131,347,347,20,0
131,347,347,21,0
131,347,347,0,1
131,348,348,1,44
131,348,348,2,198
131,348,348,3,435
131,348,348,4,0
131,348,348,5,213
131,348,348,6,1
131,348,348,7,0
131,348,348,8,1
131,348,348,9,0
131,348,348,10,0
131,348,348,11,0
131,348,348,12,1
131,348,348,13,1
131,348,348,14,0
131,348,348,15,1
131,348,348,16,1
131,348,348,17,0
131,348,348,18,3
131,348,348,19,1
131,348,348,20,0
131,348,348,21,1
131,348,348,0,5
131,349,349,1,34
131,349,349,2,505
131,349,349,3,235
131,349,349,4,7
131,349,349,5,245
131,349,349,6,0
131,349,349,7,0
131,349,349,8,2
131,349,349,9,1
131,349,349,10,0
131,349,349,11,0
131,349,349,12,0
131,349,349,13,2
131,349,349,14,1
131,349,349,15,3
131,349,349,16,3
131,349,349,17,0
131,349,349,18,3
131,349,349,19,1
131,349,349,20,1
131,349,349,21,0
131,349,349,0,5
131,350,350,1,11
131,350,350,2,321
131,350,350,3,109
131,350,350,4,1
131,350,350,5,45
131,350,350,6,0
131,350,350,7,0
131,350,350,8,0
131,350,350,9,0
131,350,350,10,0
131,350,350,11,0
131,350,350,12,0
131,350,350,13,0
131,350,350,14,0
131,350,350,15,2
131,350,350,16,0
131,350,350,17,0
131,350,350,18,2
131,350,350,19,0
131,350,350,20,0
131,350,350,21,0
131,350,350,0,0
131,351,351,1,36
131,351,351,2,256
131,351,351,3,451
131,351,351,4,1
131,351,351,5,207
131,351,351,6,1
131,351,351,7,1
131,351,351,8,0
131,351,351,9,1
131,351,351,10,0
131,351,351,11,0
131,351,351,12,0
131,351,351,13,1
131,351,351,14,1
131,351,351,15,0
131,351,351,16,2
131,351,351,17,0
131,351,351,18,0
131,351,351,19,2
131,351,351,20,0
131,351,351,21,0
131,351,351,0,0
131,352,352,1,17
131,352,352,2,205
131,352,352,3,217
131,352,352,4,4
131,352,352,5,162
131,352,352,6,0
131,352,352,7,0
131,352,352,8,3
131,352,352,9,0
131,352,352,10,0
131,352,352,11,0
131,352,352,12,0
131,352,352,13,1
131,352,352,14,2
131,352,352,15,0
131,352,352,16,0
131,352,352,17,2
131,352,352,18,2
131,352,352,19,0
131,352,352,20,0
131,352,352,21,2
131,352,352,0,0
131,353,353,1,30
131,353,353,2,268
131,353,353,3,238
131,353,353,4,2
131,353,353,5,192
131,353,353,6,2
131,353,353,7,0
131,353,353,8,1
131,353,353,9,0
131,353,353,10,0
131,353,353,11,0
131,353,353,12,0
131,353,353,13,0
131,353,353,14,0
131,353,353,15,2
131,353,353,16,0
131,353,353,17,1
131,353,353,18,0
131,353,353,19,1
131,353,353,20,0
131,353,353,21,1
131,353,353,0,0
131,354,354,1,18
131,354,354,2,204
131,354,354,3,106
131,354,354,4,1
131,354,354,5,99
131,354,354,6,0
131,354,354,7,0
131,354,354,8,0
131,354,354,9,0
131,354,354,10,0
131,354,354,11,0
131,354,354,12,0
131,354,354,13,0
131,354,354,14,0
131,354,354,15,0
131,354,354,16,1
131,354,354,17,0
131,354,354,18,0
131,354,354,19,0
131,354,354,20,0
131,354,354,21,0
131,354,354,0,2
131,355,355,1,0
131,355,355,2,0
131,355,355,3,0
131,355,355,4,0
131,355,355,5,0
131,355,355,6,0
131,355,355,7,0
131,355,355,8,0
131,355,355,9,0
131,355,355,10,0
131,355,355,11,0
131,355,355,12,0
131,355,355,13,0
131,355,355,14,0
131,355,355,15,0
131,355,355,16,0
131,355,355,17,0
131,355,355,18,0
131,355,355,19,0
131,355,355,20,0
131,355,355,21,0
131,355,355,0,0
131,355,355,1,37
131,355,355,2,306
131,355,355,3,305
131,355,355,4,0
131,355,355,5,256
131,355,355,6,0
131,355,355,7,1
131,355,355,8,0
131,355,355,9,1
131,355,355,10,0
131,355,355,11,1
131,355,355,12,1
131,355,355,13,0
131,355,355,14,0
131,355,355,15,0
131,355,355,16,0
131,355,355,17,1
131,355,355,18,1
131,355,355,19,1
131,355,355,20,1
131,355,355,21,0
131,355,355,0,4
131,356,356,1,0
131,356,356,2,0
131,356,356,3,0
131,356,356,4,0
131,356,356,5,0
131,356,356,6,0
131,356,356,7,0
131,356,356,8,0
131,356,356,9,0
131,356,356,10,0
131,356,356,11,0
131,356,356,12,0
131,356,356,13,0
131,356,356,14,0
131,356,356,15,0
131,356,356,16,0
131,356,356,17,0
131,356,356,18,0
131,356,356,19,0
131,356,356,20,0
131,356,356,21,0
131,356,356,0,0
131,356,356,1,35
131,356,356,2,312
131,356,356,3,219
131,356,356,4,3
131,356,356,5,259
131,356,356,6,0
131,356,356,7,0
131,356,356,8,2
131,356,356,9,1
131,356,356,10,1
131,356,356,11,0
131,356,356,12,0
131,356,356,13,1
131,356,356,14,0
131,356,356,15,3
131,356,356,16,2
131,356,356,17,3
131,356,356,18,5
131,356,356,19,4
131,356,356,20,0
131,356,356,21,3
131,356,356,0,2
131,357,357,1,0
131,357,357,2,0
131,357,357,3,0
131,357,357,4,0
131,357,357,5,0
131,357,357,6,0
131,357,357,7,0
131,357,357,8,0
131,357,357,9,0
131,357,357,10,0
131,357,357,11,0
131,357,357,12,0
131,357,357,13,0
131,357,357,14,0
131,357,357,15,0
131,357,357,16,0
131,357,357,17,0
131,357,357,18,0
131,357,357,19,0
131,357,357,20,0
131,357,357,21,0
131,357,357,0,0
131,357,357,1,26
131,357,357,2,304
131,357,357,3,196
131,357,357,4,2
131,357,357,5,237
131,357,357,6,0
131,357,357,7,0
131,357,357,8,5
131,357,357,9,2
131,357,357,10,0
131,357,357,11,3
131,357,357,12,0
131,357,357,13,0
131,357,357,14,3
131,357,357,15,1
131,357,357,16,1
131,357,357,17,1
131,357,357,18,5
131,357,357,19,2
131,357,357,20,0
131,357,357,21,0
131,357,357,0,2
131,358,358,1,17
131,358,358,2,126
131,358,358,3,146
131,358,358,4,0
131,358,358,5,173
131,358,358,6,0
131,358,358,7,0
131,358,358,8,0
131,358,358,9,0
131,358,358,10,0
131,358,358,11,0
131,358,358,12,0
131,358,358,13,0
131,358,358,14,0
131,358,358,15,1
131,358,358,16,1
131,358,358,17,0
131,358,358,18,0
131,358,358,19,1
131,358,358,20,0
131,358,358,21,0
131,358,358,0,0
131,359,359,1,19
131,359,359,2,192
131,359,359,3,222
131,359,359,4,1
131,359,359,5,293
131,359,359,6,3
131,359,359,7,0
131,359,359,8,1
131,359,359,9,1
131,359,359,10,0
131,359,359,11,0
131,359,359,12,0
131,359,359,13,0
131,359,359,14,0
131,359,359,15,0
131,359,359,16,1
131,359,359,17,0
131,359,359,18,9
131,359,359,19,0
131,359,359,20,3
131,359,359,21,0
131,359,359,0,1
131,360,360,1,9570
131,360,360,2,73336
131,360,360,3,85215
131,360,360,4,715
131,360,360,5,64603
131,360,360,6,246
131,360,360,7,103
131,360,360,8,307
131,360,360,9,154
131,360,360,10,53
131,360,360,11,79
131,360,360,12,108
131,360,360,13,137
131,360,360,14,245
131,360,360,15,273
131,360,360,16,289
131,360,360,17,233
131,360,360,18,584
131,360,360,19,465
131,360,360,20,148
131,360,360,21,175
131,360,360,0,585
131,361,361,1,9677
131,361,361,2,73839
131,361,361,3,85708
131,361,361,4,715
131,361,361,5,64997
131,361,361,6,247
131,361,361,7,103
131,361,361,8,307
131,361,361,9,155
131,361,361,10,53
131,361,361,11,81
131,361,361,12,111
131,361,361,13,138
131,361,361,14,245
131,361,361,15,273
131,361,361,16,289
131,361,361,17,233
131,361,361,18,584
131,361,361,19,465
131,361,361,20,149
131,361,361,21,175
131,361,361,0,596
