ac_code,ps_serial_number,ps_code,candidate_serial_number,candidate_votes
143,0,0,1,0
143,0,0,2,769
143,0,0,3,2
143,0,0,4,85
143,0,0,5,466
143,0,0,6,1
143,0,0,7,1
143,0,0,8,1
143,0,0,9,461
143,0,0,10,0
143,0,0,11,2
143,0,0,12,1
143,0,0,13,0
143,0,0,14,1
143,0,0,15,3
143,0,0,16,1
143,0,0,17,1
143,0,0,18,2
143,0,0,19,5
143,0,0,20,3
143,0,0,21,0
143,0,0,22,0
143,0,0,23,1
143,0,0,24,1
143,0,0,25,0
143,0,0,0,6
143,1,1,1,0
143,1,1,2,0
143,1,1,3,0
143,1,1,4,0
143,1,1,5,0
143,1,1,6,0
143,1,1,7,0
143,1,1,8,0
143,1,1,9,0
143,1,1,10,0
143,1,1,11,0
143,1,1,12,0
143,1,1,13,0
143,1,1,14,0
143,1,1,15,0
143,1,1,16,0
143,1,1,17,0
143,1,1,18,0
143,1,1,19,0
143,1,1,20,0
143,1,1,21,0
143,1,1,22,0
143,1,1,23,0
143,1,1,24,0
143,1,1,25,0
143,1,1,0,0
143,1,1,1,1
143,1,1,2,121
143,1,1,3,1
143,1,1,4,8
143,1,1,5,220
143,1,1,6,1
143,1,1,7,0
143,1,1,8,0
143,1,1,9,120
143,1,1,10,0
143,1,1,11,0
143,1,1,12,0
143,1,1,13,0
143,1,1,14,0
143,1,1,15,0
143,1,1,16,0
143,1,1,17,0
143,1,1,18,1
143,1,1,19,0
143,1,1,20,0
143,1,1,21,0
143,1,1,22,0
143,1,1,23,1
143,1,1,24,1
143,1,1,25,1
143,1,1,0,0
143,2,2,1,2
143,2,2,2,160
143,2,2,3,3
143,2,2,4,19
143,2,2,5,281
143,2,2,6,5
143,2,2,7,1
143,2,2,8,2
143,2,2,9,130
143,2,2,10,0
143,2,2,11,3
143,2,2,12,0
143,2,2,13,2
143,2,2,14,1
143,2,2,15,0
143,2,2,16,0
143,2,2,17,2
143,2,2,18,0
143,2,2,19,0
143,2,2,20,0
143,2,2,21,0
143,2,2,22,0
143,2,2,23,0
143,2,2,24,1
143,2,2,25,1
143,2,2,0,3
143,3,3,1,3
143,3,3,2,236
143,3,3,3,1
143,3,3,4,64
143,3,3,5,349
143,3,3,6,1
143,3,3,7,0
143,3,3,8,1
143,3,3,9,157
143,3,3,10,0
143,3,3,11,1
143,3,3,12,0
143,3,3,13,0
143,3,3,14,1
143,3,3,15,4
143,3,3,16,0
143,3,3,17,1
143,3,3,18,0
143,3,3,19,0
143,3,3,20,1
143,3,3,21,1
143,3,3,22,1
143,3,3,23,0
143,3,3,24,0
143,3,3,25,0
143,3,3,0,0
143,4,4,1,4
143,4,4,2,248
143,4,4,3,5
143,4,4,4,26
143,4,4,5,274
143,4,4,6,3
143,4,4,7,0
143,4,4,8,1
143,4,4,9,276
143,4,4,10,0
143,4,4,11,0
143,4,4,12,0
143,4,4,13,0
143,4,4,14,2
143,4,4,15,0
143,4,4,16,0
143,4,4,17,3
143,4,4,18,0
143,4,4,19,1
143,4,4,20,0
143,4,4,21,0
143,4,4,22,0
143,4,4,23,0
143,4,4,24,0
143,4,4,25,1
143,4,4,0,1
143,5,5,1,5
143,5,5,2,238
143,5,5,3,2
143,5,5,4,17
143,5,5,5,290
143,5,5,6,2
143,5,5,7,0
143,5,5,8,0
143,5,5,9,238
143,5,5,10,1
143,5,5,11,0
143,5,5,12,0
143,5,5,13,2
143,5,5,14,1
143,5,5,15,1
143,5,5,16,0
143,5,5,17,0
143,5,5,18,5
143,5,5,19,2
143,5,5,20,1
143,5,5,21,1
143,5,5,22,1
143,5,5,23,1
143,5,5,24,2
143,5,5,25,1
143,5,5,0,3
143,6,6,1,6
143,6,6,2,180
143,6,6,3,2
143,6,6,4,10
143,6,6,5,184
143,6,6,6,4
143,6,6,7,1
143,6,6,8,0
143,6,6,9,140
143,6,6,10,0
143,6,6,11,0
143,6,6,12,0
143,6,6,13,1
143,6,6,14,0
143,6,6,15,0
143,6,6,16,0
143,6,6,17,2
143,6,6,18,1
143,6,6,19,1
143,6,6,20,0
143,6,6,21,0
143,6,6,22,0
143,6,6,23,0
143,6,6,24,0
143,6,6,25,0
143,6,6,0,1
143,7,7,1,7
143,7,7,2,216
143,7,7,3,1
143,7,7,4,21
143,7,7,5,287
143,7,7,6,0
143,7,7,7,0
143,7,7,8,0
143,7,7,9,184
143,7,7,10,0
143,7,7,11,0
143,7,7,12,0
143,7,7,13,0
143,7,7,14,2
143,7,7,15,0
143,7,7,16,0
143,7,7,17,0
143,7,7,18,0
143,7,7,19,1
143,7,7,20,0
143,7,7,21,0
143,7,7,22,0
143,7,7,23,0
143,7,7,24,0
143,7,7,25,0
143,7,7,0,0
143,8,8,1,8
143,8,8,2,234
143,8,8,3,0
143,8,8,4,25
143,8,8,5,274
143,8,8,6,1
143,8,8,7,1
143,8,8,8,0
143,8,8,9,200
143,8,8,10,0
143,8,8,11,0
143,8,8,12,0
143,8,8,13,0
143,8,8,14,0
143,8,8,15,0
143,8,8,16,1
143,8,8,17,0
143,8,8,18,2
143,8,8,19,1
143,8,8,20,0
143,8,8,21,2
143,8,8,22,0
143,8,8,23,2
143,8,8,24,1
143,8,8,25,1
143,8,8,0,1
143,9,9,1,9
143,9,9,2,106
143,9,9,3,2
143,9,9,4,23
143,9,9,5,235
143,9,9,6,1
143,9,9,7,0
143,9,9,8,0
143,9,9,9,72
143,9,9,10,0
143,9,9,11,0
143,9,9,12,0
143,9,9,13,0
143,9,9,14,2
143,9,9,15,0
143,9,9,16,0
143,9,9,17,0
143,9,9,18,2
143,9,9,19,1
143,9,9,20,0
143,9,9,21,0
143,9,9,22,1
143,9,9,23,0
143,9,9,24,1
143,9,9,25,0
143,9,9,0,1
143,10,10,1,10
143,10,10,2,258
143,10,10,3,1
143,10,10,4,46
143,10,10,5,432
143,10,10,6,5
143,10,10,7,1
143,10,10,8,3
143,10,10,9,273
143,10,10,10,3
143,10,10,11,0
143,10,10,12,0
143,10,10,13,1
143,10,10,14,2
143,10,10,15,0
143,10,10,16,1
143,10,10,17,1
143,10,10,18,4
143,10,10,19,3
143,10,10,20,0
143,10,10,21,3
143,10,10,22,1
143,10,10,23,5
143,10,10,24,2
143,10,10,25,0
143,10,10,0,1
143,11,11,1,11
143,11,11,2,236
143,11,11,3,2
143,11,11,4,31
143,11,11,5,219
143,11,11,6,1
143,11,11,7,0
143,11,11,8,1
143,11,11,9,266
143,11,11,10,1
143,11,11,11,2
143,11,11,12,0
143,11,11,13,0
143,11,11,14,0
143,11,11,15,0
143,11,11,16,2
143,11,11,17,2
143,11,11,18,4
143,11,11,19,3
143,11,11,20,1
143,11,11,21,1
143,11,11,22,0
143,11,11,23,0
143,11,11,24,1
143,11,11,25,1
143,11,11,0,5
143,12,12,1,12
143,12,12,2,231
143,12,12,3,1
143,12,12,4,28
143,12,12,5,411
143,12,12,6,4
143,12,12,7,0
143,12,12,8,0
143,12,12,9,192
143,12,12,10,1
143,12,12,11,0
143,12,12,12,0
143,12,12,13,0
143,12,12,14,2
143,12,12,15,0
143,12,12,16,1
143,12,12,17,1
143,12,12,18,3
143,12,12,19,1
143,12,12,20,0
143,12,12,21,4
143,12,12,22,0
143,12,12,23,4
143,12,12,24,1
143,12,12,25,1
143,12,12,0,2
143,13,13,1,13
143,13,13,2,162
143,13,13,3,3
143,13,13,4,26
143,13,13,5,220
143,13,13,6,1
143,13,13,7,1
143,13,13,8,0
143,13,13,9,158
143,13,13,10,1
143,13,13,11,0
143,13,13,12,1
143,13,13,13,1
143,13,13,14,0
143,13,13,15,0
143,13,13,16,1
143,13,13,17,1
143,13,13,18,1
143,13,13,19,1
143,13,13,20,0
143,13,13,21,0
143,13,13,22,0
143,13,13,23,0
143,13,13,24,2
143,13,13,25,0
143,13,13,0,3
143,14,14,1,14
143,14,14,2,158
143,14,14,3,3
143,14,14,4,7
143,14,14,5,175
143,14,14,6,2
143,14,14,7,0
143,14,14,8,2
143,14,14,9,122
143,14,14,10,1
143,14,14,11,0
143,14,14,12,0
143,14,14,13,1
143,14,14,14,2
143,14,14,15,0
143,14,14,16,1
143,14,14,17,4
143,14,14,18,4
143,14,14,19,1
143,14,14,20,0
143,14,14,21,0
143,14,14,22,0
143,14,14,23,0
143,14,14,24,2
143,14,14,25,0
143,14,14,0,0
143,15,15,1,15
143,15,15,2,113
143,15,15,3,4
143,15,15,4,21
143,15,15,5,290
143,15,15,6,2
143,15,15,7,0
143,15,15,8,0
143,15,15,9,170
143,15,15,10,0
143,15,15,11,0
143,15,15,12,0
143,15,15,13,0
143,15,15,14,0
143,15,15,15,2
143,15,15,16,0
143,15,15,17,2
143,15,15,18,2
143,15,15,19,2
143,15,15,20,0
143,15,15,21,4
143,15,15,22,0
143,15,15,23,2
143,15,15,24,0
143,15,15,25,0
143,15,15,0,2
143,16,16,1,16
143,16,16,2,114
143,16,16,3,0
143,16,16,4,12
143,16,16,5,237
143,16,16,6,2
143,16,16,7,0
143,16,16,8,1
143,16,16,9,129
143,16,16,10,0
143,16,16,11,0
143,16,16,12,1
143,16,16,13,0
143,16,16,14,1
143,16,16,15,1
143,16,16,16,1
143,16,16,17,0
143,16,16,18,2
143,16,16,19,2
143,16,16,20,0
143,16,16,21,4
143,16,16,22,1
143,16,16,23,0
143,16,16,24,0
143,16,16,25,0
143,16,16,0,1
143,17,17,1,17
143,17,17,2,196
143,17,17,3,1
143,17,17,4,21
143,17,17,5,282
143,17,17,6,3
143,17,17,7,2
143,17,17,8,1
143,17,17,9,236
143,17,17,10,1
143,17,17,11,1
143,17,17,12,1
143,17,17,13,0
143,17,17,14,0
143,17,17,15,0
143,17,17,16,1
143,17,17,17,0
143,17,17,18,1
143,17,17,19,0
143,17,17,20,0
143,17,17,21,0
143,17,17,22,0
143,17,17,23,1
143,17,17,24,1
143,17,17,25,0
143,17,17,0,1
143,18,18,1,0
143,18,18,2,0
143,18,18,3,0
143,18,18,4,0
143,18,18,5,0
143,18,18,6,0
143,18,18,7,0
143,18,18,8,0
143,18,18,9,0
143,18,18,10,0
143,18,18,11,0
143,18,18,12,0
143,18,18,13,0
143,18,18,14,0
143,18,18,15,0
143,18,18,16,0
143,18,18,17,0
143,18,18,18,0
143,18,18,19,0
143,18,18,20,0
143,18,18,21,0
143,18,18,22,0
143,18,18,23,0
143,18,18,24,0
143,18,18,25,0
143,18,18,0,0
143,18,18,1,18
143,18,18,2,188
143,18,18,3,0
143,18,18,4,30
143,18,18,5,352
143,18,18,6,7
143,18,18,7,1
143,18,18,8,0
143,18,18,9,187
143,18,18,10,0
143,18,18,11,0
143,18,18,12,1
143,18,18,13,1
143,18,18,14,1
143,18,18,15,0
143,18,18,16,1
143,18,18,17,2
143,18,18,18,3
143,18,18,19,1
143,18,18,20,2
143,18,18,21,0
143,18,18,22,1
143,18,18,23,2
143,18,18,24,2
143,18,18,25,0
143,18,18,0,2
143,19,19,1,0
143,19,19,2,0
143,19,19,3,0
143,19,19,4,0
143,19,19,5,0
143,19,19,6,0
143,19,19,7,0
143,19,19,8,0
143,19,19,9,0
143,19,19,10,0
143,19,19,11,0
143,19,19,12,0
143,19,19,13,0
143,19,19,14,0
143,19,19,15,0
143,19,19,16,0
143,19,19,17,0
143,19,19,18,0
143,19,19,19,0
143,19,19,20,0
143,19,19,21,0
143,19,19,22,0
143,19,19,23,0
143,19,19,24,0
143,19,19,25,0
143,19,19,0,0
143,19,19,1,19
143,19,19,2,224
143,19,19,3,2
143,19,19,4,39
143,19,19,5,320
143,19,19,6,6
143,19,19,7,0
143,19,19,8,0
143,19,19,9,197
143,19,19,10,0
143,19,19,11,2
143,19,19,12,0
143,19,19,13,0
143,19,19,14,0
143,19,19,15,2
143,19,19,16,1
143,19,19,17,3
143,19,19,18,0
143,19,19,19,0
143,19,19,20,2
143,19,19,21,1
143,19,19,22,0
143,19,19,23,3
143,19,19,24,2
143,19,19,25,1
143,19,19,0,3
143,20,20,1,20
143,20,20,2,226
143,20,20,3,0
143,20,20,4,23
143,20,20,5,173
143,20,20,6,1
143,20,20,7,0
143,20,20,8,0
143,20,20,9,193
143,20,20,10,2
143,20,20,11,0
143,20,20,12,0
143,20,20,13,1
143,20,20,14,1
143,20,20,15,0
143,20,20,16,0
143,20,20,17,0
143,20,20,18,2
143,20,20,19,2
143,20,20,20,0
143,20,20,21,0
143,20,20,22,0
143,20,20,23,0
143,20,20,24,1
143,20,20,25,0
143,20,20,0,2
143,21,21,1,21
143,21,21,2,147
143,21,21,3,0
143,21,21,4,23
143,21,21,5,272
143,21,21,6,0
143,21,21,7,0
143,21,21,8,0
143,21,21,9,172
143,21,21,10,0
143,21,21,11,0
143,21,21,12,0
143,21,21,13,0
143,21,21,14,0
143,21,21,15,0
143,21,21,16,0
143,21,21,17,3
143,21,21,18,0
143,21,21,19,2
143,21,21,20,0
143,21,21,21,3
143,21,21,22,0
143,21,21,23,1
143,21,21,24,1
143,21,21,25,1
143,21,21,0,2
143,22,22,1,22
143,22,22,2,130
143,22,22,3,2
143,22,22,4,36
143,22,22,5,386
143,22,22,6,5
143,22,22,7,1
143,22,22,8,0
143,22,22,9,169
143,22,22,10,0
143,22,22,11,0
143,22,22,12,1
143,22,22,13,2
143,22,22,14,0
143,22,22,15,1
143,22,22,16,1
143,22,22,17,1
143,22,22,18,0
143,22,22,19,2
143,22,22,20,2
143,22,22,21,6
143,22,22,22,1
143,22,22,23,0
143,22,22,24,0
143,22,22,25,0
143,22,22,0,2
143,23,23,1,23
143,23,23,2,266
143,23,23,3,3
143,23,23,4,64
143,23,23,5,303
143,23,23,6,5
143,23,23,7,1
143,23,23,8,1
143,23,23,9,194
143,23,23,10,1
143,23,23,11,0
143,23,23,12,0
143,23,23,13,1
143,23,23,14,0
143,23,23,15,0
143,23,23,16,2
143,23,23,17,0
143,23,23,18,2
143,23,23,19,1
143,23,23,20,0
143,23,23,21,0
143,23,23,22,0
143,23,23,23,0
143,23,23,24,0
143,23,23,25,0
143,23,23,0,3
143,24,24,1,24
143,24,24,2,283
143,24,24,3,3
143,24,24,4,81
143,24,24,5,318
143,24,24,6,7
143,24,24,7,1
143,24,24,8,1
143,24,24,9,307
143,24,24,10,1
143,24,24,11,1
143,24,24,12,0
143,24,24,13,0
143,24,24,14,0
143,24,24,15,0
143,24,24,16,0
143,24,24,17,0
143,24,24,18,1
143,24,24,19,2
143,24,24,20,0
143,24,24,21,0
143,24,24,22,2
143,24,24,23,0
143,24,24,24,1
143,24,24,25,1
143,24,24,0,0
143,25,25,1,25
143,25,25,2,205
143,25,25,3,3
143,25,25,4,39
143,25,25,5,298
143,25,25,6,1
143,25,25,7,0
143,25,25,8,0
143,25,25,9,140
143,25,25,10,0
143,25,25,11,2
143,25,25,12,0
143,25,25,13,0
143,25,25,14,0
143,25,25,15,0
143,25,25,16,0
143,25,25,17,0
143,25,25,18,1
143,25,25,19,0
143,25,25,20,0
143,25,25,21,0
143,25,25,22,0
143,25,25,23,0
143,25,25,24,0
143,25,25,25,0
143,25,25,0,1
143,26,26,1,26
143,26,26,2,113
143,26,26,3,0
143,26,26,4,35
143,26,26,5,234
143,26,26,6,0
143,26,26,7,0
143,26,26,8,0
143,26,26,9,169
143,26,26,10,0
143,26,26,11,0
143,26,26,12,0
143,26,26,13,0
143,26,26,14,0
143,26,26,15,0
143,26,26,16,0
143,26,26,17,0
143,26,26,18,2
143,26,26,19,2
143,26,26,20,0
143,26,26,21,2
143,26,26,22,0
143,26,26,23,0
143,26,26,24,0
143,26,26,25,0
143,26,26,0,0
143,27,27,1,27
143,27,27,2,147
143,27,27,3,0
143,27,27,4,22
143,27,27,5,167
143,27,27,6,4
143,27,27,7,1
143,27,27,8,1
143,27,27,9,128
143,27,27,10,1
143,27,27,11,1
143,27,27,12,0
143,27,27,13,0
143,27,27,14,0
143,27,27,15,0
143,27,27,16,0
143,27,27,17,0
143,27,27,18,0
143,27,27,19,1
143,27,27,20,0
143,27,27,21,0
143,27,27,22,0
143,27,27,23,0
143,27,27,24,1
143,27,27,25,0
143,27,27,0,2
143,28,28,1,28
143,28,28,2,109
143,28,28,3,2
143,28,28,4,24
143,28,28,5,345
143,28,28,6,1
143,28,28,7,0
143,28,28,8,0
143,28,28,9,193
143,28,28,10,0
143,28,28,11,1
143,28,28,12,0
143,28,28,13,0
143,28,28,14,1
143,28,28,15,0
143,28,28,16,0
143,28,28,17,1
143,28,28,18,1
143,28,28,19,4
143,28,28,20,0
143,28,28,21,6
143,28,28,22,0
143,28,28,23,2
143,28,28,24,1
143,28,28,25,1
143,28,28,0,0
143,29,29,1,29
143,29,29,2,126
143,29,29,3,3
143,29,29,4,27
143,29,29,5,371
143,29,29,6,4
143,29,29,7,1
143,29,29,8,0
143,29,29,9,196
143,29,29,10,1
143,29,29,11,0
143,29,29,12,0
143,29,29,13,0
143,29,29,14,2
143,29,29,15,0
143,29,29,16,1
143,29,29,17,4
143,29,29,18,4
143,29,29,19,0
143,29,29,20,1
143,29,29,21,0
143,29,29,22,0
143,29,29,23,0
143,29,29,24,1
143,29,29,25,1
143,29,29,0,3
143,30,30,1,30
143,30,30,2,200
143,30,30,3,2
143,30,30,4,18
143,30,30,5,226
143,30,30,6,3
143,30,30,7,0
143,30,30,8,2
143,30,30,9,181
143,30,30,10,1
143,30,30,11,0
143,30,30,12,0
143,30,30,13,1
143,30,30,14,1
143,30,30,15,0
143,30,30,16,2
143,30,30,17,3
143,30,30,18,2
143,30,30,19,0
143,30,30,20,0
143,30,30,21,0
143,30,30,22,0
143,30,30,23,1
143,30,30,24,0
143,30,30,25,1
143,30,30,0,1
143,31,31,1,31
143,31,31,2,289
143,31,31,3,2
143,31,31,4,24
143,31,31,5,385
143,31,31,6,1
143,31,31,7,0
143,31,31,8,0
143,31,31,9,209
143,31,31,10,1
143,31,31,11,0
143,31,31,12,0
143,31,31,13,0
143,31,31,14,0
143,31,31,15,0
143,31,31,16,1
143,31,31,17,2
143,31,31,18,2
143,31,31,19,5
143,31,31,20,0
143,31,31,21,1
143,31,31,22,1
143,31,31,23,1
143,31,31,24,0
143,31,31,25,0
143,31,31,0,1
143,32,32,1,32
143,32,32,2,187
143,32,32,3,1
143,32,32,4,32
143,32,32,5,302
143,32,32,6,0
143,32,32,7,0
143,32,32,8,0
143,32,32,9,85
143,32,32,10,1
143,32,32,11,0
143,32,32,12,0
143,32,32,13,0
143,32,32,14,0
143,32,32,15,0
143,32,32,16,0
143,32,32,17,0
143,32,32,18,3
143,32,32,19,2
143,32,32,20,0
143,32,32,21,0
143,32,32,22,0
143,32,32,23,0
143,32,32,24,1
143,32,32,25,0
143,32,32,0,0
143,33,33,1,33
143,33,33,2,220
143,33,33,3,1
143,33,33,4,22
143,33,33,5,309
143,33,33,6,0
143,33,33,7,1
143,33,33,8,0
143,33,33,9,155
143,33,33,10,0
143,33,33,11,0
143,33,33,12,0
143,33,33,13,0
143,33,33,14,0
143,33,33,15,0
143,33,33,16,1
143,33,33,17,1
143,33,33,18,2
143,33,33,19,2
143,33,33,20,1
143,33,33,21,0
143,33,33,22,1
143,33,33,23,0
143,33,33,24,0
143,33,33,25,0
143,33,33,0,0
143,34,34,1,34
143,34,34,2,255
143,34,34,3,0
143,34,34,4,22
143,34,34,5,326
143,34,34,6,1
143,34,34,7,0
143,34,34,8,1
143,34,34,9,150
143,34,34,10,1
143,34,34,11,0
143,34,34,12,0
143,34,34,13,0
143,34,34,14,0
143,34,34,15,4
143,34,34,16,0
143,34,34,17,3
143,34,34,18,6
143,34,34,19,1
143,34,34,20,0
143,34,34,21,0
143,34,34,22,1
143,34,34,23,0
143,34,34,24,1
143,34,34,25,1
143,34,34,0,3
143,35,35,1,35
143,35,35,2,115
143,35,35,3,2
143,35,35,4,18
143,35,35,5,227
143,35,35,6,2
143,35,35,7,0
143,35,35,8,0
143,35,35,9,87
143,35,35,10,0
143,35,35,11,0
143,35,35,12,0
143,35,35,13,1
143,35,35,14,0
143,35,35,15,0
143,35,35,16,1
143,35,35,17,1
143,35,35,18,1
143,35,35,19,4
143,35,35,20,0
143,35,35,21,1
143,35,35,22,0
143,35,35,23,0
143,35,35,24,0
143,35,35,25,0
143,35,35,0,1
143,36,36,1,36
143,36,36,2,128
143,36,36,3,1
143,36,36,4,13
143,36,36,5,139
143,36,36,6,0
143,36,36,7,0
143,36,36,8,0
143,36,36,9,86
143,36,36,10,0
143,36,36,11,0
143,36,36,12,0
143,36,36,13,1
143,36,36,14,0
143,36,36,15,0
143,36,36,16,0
143,36,36,17,0
143,36,36,18,1
143,36,36,19,0
143,36,36,20,0
143,36,36,21,0
143,36,36,22,0
143,36,36,23,0
143,36,36,24,0
143,36,36,25,0
143,36,36,0,1
143,37,37,1,37
143,37,37,2,225
143,37,37,3,3
143,37,37,4,27
143,37,37,5,234
143,37,37,6,2
143,37,37,7,0
143,37,37,8,0
143,37,37,9,198
143,37,37,10,0
143,37,37,11,0
143,37,37,12,0
143,37,37,13,1
143,37,37,14,0
143,37,37,15,0
143,37,37,16,0
143,37,37,17,2
143,37,37,18,1
143,37,37,19,0
143,37,37,20,1
143,37,37,21,0
143,37,37,22,0
143,37,37,23,0
143,37,37,24,0
143,37,37,25,1
143,37,37,0,0
143,38,38,1,38
143,38,38,2,209
143,38,38,3,2
143,38,38,4,19
143,38,38,5,468
143,38,38,6,2
143,38,38,7,0
143,38,38,8,0
143,38,38,9,125
143,38,38,10,0
143,38,38,11,0
143,38,38,12,1
143,38,38,13,2
143,38,38,14,0
143,38,38,15,0
143,38,38,16,0
143,38,38,17,0
143,38,38,18,3
143,38,38,19,0
143,38,38,20,0
143,38,38,21,4
143,38,38,22,0
143,38,38,23,0
143,38,38,24,0
143,38,38,25,0
143,38,38,0,1
143,39,39,1,39
143,39,39,2,207
143,39,39,3,0
143,39,39,4,29
143,39,39,5,325
143,39,39,6,1
143,39,39,7,0
143,39,39,8,3
143,39,39,9,159
143,39,39,10,0
143,39,39,11,0
143,39,39,12,0
143,39,39,13,0
143,39,39,14,1
143,39,39,15,1
143,39,39,16,0
143,39,39,17,0
143,39,39,18,1
143,39,39,19,0
143,39,39,20,0
143,39,39,21,0
143,39,39,22,0
143,39,39,23,1
143,39,39,24,0
143,39,39,25,0
143,39,39,0,0
143,40,40,1,0
143,40,40,2,0
143,40,40,3,0
143,40,40,4,0
143,40,40,5,0
143,40,40,6,0
143,40,40,7,0
143,40,40,8,0
143,40,40,9,0
143,40,40,10,0
143,40,40,11,0
143,40,40,12,0
143,40,40,13,0
143,40,40,14,0
143,40,40,15,0
143,40,40,16,0
143,40,40,17,0
143,40,40,18,0
143,40,40,19,0
143,40,40,20,0
143,40,40,21,0
143,40,40,22,0
143,40,40,23,0
143,40,40,24,0
143,40,40,25,0
143,40,40,0,0
143,40,40,1,40
143,40,40,2,209
143,40,40,3,1
143,40,40,4,21
143,40,40,5,388
143,40,40,6,2
143,40,40,7,0
143,40,40,8,0
143,40,40,9,287
143,40,40,10,0
143,40,40,11,0
143,40,40,12,2
143,40,40,13,0
143,40,40,14,1
143,40,40,15,0
143,40,40,16,1
143,40,40,17,0
143,40,40,18,1
143,40,40,19,4
143,40,40,20,0
143,40,40,21,0
143,40,40,22,1
143,40,40,23,0
143,40,40,24,1
143,40,40,25,0
143,40,40,0,2
143,41,41,1,0
143,41,41,2,0
143,41,41,3,0
143,41,41,4,0
143,41,41,5,0
143,41,41,6,0
143,41,41,7,0
143,41,41,8,0
143,41,41,9,0
143,41,41,10,0
143,41,41,11,0
143,41,41,12,0
143,41,41,13,0
143,41,41,14,0
143,41,41,15,0
143,41,41,16,0
143,41,41,17,0
143,41,41,18,0
143,41,41,19,0
143,41,41,20,0
143,41,41,21,0
143,41,41,22,0
143,41,41,23,0
143,41,41,24,0
143,41,41,25,0
143,41,41,0,0
143,41,41,1,41
143,41,41,2,105
143,41,41,3,1
143,41,41,4,24
143,41,41,5,268
143,41,41,6,0
143,41,41,7,1
143,41,41,8,0
143,41,41,9,156
143,41,41,10,0
143,41,41,11,0
143,41,41,12,0
143,41,41,13,0
143,41,41,14,2
143,41,41,15,0
143,41,41,16,0
143,41,41,17,1
143,41,41,18,3
143,41,41,19,3
143,41,41,20,2
143,41,41,21,1
143,41,41,22,0
143,41,41,23,1
143,41,41,24,2
143,41,41,25,0
143,41,41,0,2
143,42,42,1,42
143,42,42,2,254
143,42,42,3,2
143,42,42,4,12
143,42,42,5,76
143,42,42,6,0
143,42,42,7,0
143,42,42,8,1
143,42,42,9,137
143,42,42,10,0
143,42,42,11,0
143,42,42,12,0
143,42,42,13,0
143,42,42,14,0
143,42,42,15,0
143,42,42,16,1
143,42,42,17,2
143,42,42,18,6
143,42,42,19,3
143,42,42,20,0
143,42,42,21,0
143,42,42,22,2
143,42,42,23,0
143,42,42,24,0
143,42,42,25,1
143,42,42,0,0
143,43,43,1,43
143,43,43,2,149
143,43,43,3,6
143,43,43,4,42
143,43,43,5,280
143,43,43,6,3
143,43,43,7,0
143,43,43,8,0
143,43,43,9,202
143,43,43,10,0
143,43,43,11,1
143,43,43,12,0
143,43,43,13,0
143,43,43,14,0
143,43,43,15,0
143,43,43,16,0
143,43,43,17,0
143,43,43,18,5
143,43,43,19,0
143,43,43,20,1
143,43,43,21,1
143,43,43,22,1
143,43,43,23,0
143,43,43,24,0
143,43,43,25,1
143,43,43,0,0
143,44,44,1,44
143,44,44,2,155
143,44,44,3,1
143,44,44,4,15
143,44,44,5,205
143,44,44,6,1
143,44,44,7,2
143,44,44,8,1
143,44,44,9,190
143,44,44,10,2
143,44,44,11,0
143,44,44,12,0
143,44,44,13,0
143,44,44,14,0
143,44,44,15,0
143,44,44,16,0
143,44,44,17,0
143,44,44,18,0
143,44,44,19,1
143,44,44,20,0
143,44,44,21,0
143,44,44,22,0
143,44,44,23,1
143,44,44,24,0
143,44,44,25,1
143,44,44,0,2
143,45,45,1,45
143,45,45,2,178
143,45,45,3,7
143,45,45,4,14
143,45,45,5,192
143,45,45,6,0
143,45,45,7,0
143,45,45,8,2
143,45,45,9,214
143,45,45,10,0
143,45,45,11,0
143,45,45,12,0
143,45,45,13,0
143,45,45,14,0
143,45,45,15,0
143,45,45,16,0
143,45,45,17,0
143,45,45,18,0
143,45,45,19,1
143,45,45,20,0
143,45,45,21,0
143,45,45,22,1
143,45,45,23,0
143,45,45,24,2
143,45,45,25,0
143,45,45,0,0
143,46,46,1,46
143,46,46,2,227
143,46,46,3,2
143,46,46,4,46
143,46,46,5,293
143,46,46,6,3
143,46,46,7,2
143,46,46,8,1
143,46,46,9,167
143,46,46,10,0
143,46,46,11,1
143,46,46,12,0
143,46,46,13,0
143,46,46,14,3
143,46,46,15,0
143,46,46,16,0
143,46,46,17,1
143,46,46,18,0
143,46,46,19,2
143,46,46,20,0
143,46,46,21,3
143,46,46,22,0
143,46,46,23,0
143,46,46,24,1
143,46,46,25,0
143,46,46,0,0
143,47,47,1,47
143,47,47,2,182
143,47,47,3,2
143,47,47,4,24
143,47,47,5,403
143,47,47,6,3
143,47,47,7,1
143,47,47,8,1
143,47,47,9,179
143,47,47,10,1
143,47,47,11,0
143,47,47,12,0
143,47,47,13,0
143,47,47,14,1
143,47,47,15,0
143,47,47,16,0
143,47,47,17,5
143,47,47,18,0
143,47,47,19,0
143,47,47,20,0
143,47,47,21,0
143,47,47,22,0
143,47,47,23,0
143,47,47,24,2
143,47,47,25,2
143,47,47,0,2
143,48,48,1,48
143,48,48,2,236
143,48,48,3,3
143,48,48,4,27
143,48,48,5,251
143,48,48,6,2
143,48,48,7,0
143,48,48,8,1
143,48,48,9,204
143,48,48,10,3
143,48,48,11,1
143,48,48,12,0
143,48,48,13,1
143,48,48,14,0
143,48,48,15,0
143,48,48,16,0
143,48,48,17,3
143,48,48,18,3
143,48,48,19,5
143,48,48,20,2
143,48,48,21,1
143,48,48,22,0
143,48,48,23,0
143,48,48,24,0
143,48,48,25,1
143,48,48,0,3
143,49,49,1,49
143,49,49,2,237
143,49,49,3,4
143,49,49,4,18
143,49,49,5,381
143,49,49,6,5
143,49,49,7,1
143,49,49,8,0
143,49,49,9,193
143,49,49,10,0
143,49,49,11,0
143,49,49,12,1
143,49,49,13,3
143,49,49,14,2
143,49,49,15,0
143,49,49,16,2
143,49,49,17,3
143,49,49,18,5
143,49,49,19,2
143,49,49,20,0
143,49,49,21,1
143,49,49,22,3
143,49,49,23,0
143,49,49,24,0
143,49,49,25,0
143,49,49,0,1
143,50,50,1,50
143,50,50,2,202
143,50,50,3,1
143,50,50,4,15
143,50,50,5,150
143,50,50,6,0
143,50,50,7,1
143,50,50,8,0
143,50,50,9,146
143,50,50,10,0
143,50,50,11,1
143,50,50,12,0
143,50,50,13,0
143,50,50,14,0
143,50,50,15,0
143,50,50,16,0
143,50,50,17,0
143,50,50,18,1
143,50,50,19,0
143,50,50,20,1
143,50,50,21,1
143,50,50,22,0
143,50,50,23,0
143,50,50,24,1
143,50,50,25,1
143,50,50,0,2
143,51,51,1,51
143,51,51,2,329
143,51,51,3,1
143,51,51,4,18
143,51,51,5,102
143,51,51,6,1
143,51,51,7,0
143,51,51,8,0
143,51,51,9,132
143,51,51,10,1
143,51,51,11,0
143,51,51,12,0
143,51,51,13,1
143,51,51,14,0
143,51,51,15,0
143,51,51,16,0
143,51,51,17,1
143,51,51,18,2
143,51,51,19,1
143,51,51,20,0
143,51,51,21,0
143,51,51,22,1
143,51,51,23,0
143,51,51,24,2
143,51,51,25,0
143,51,51,0,0
143,52,52,1,52
143,52,52,2,136
143,52,52,3,4
143,52,52,4,20
143,52,52,5,164
143,52,52,6,1
143,52,52,7,0
143,52,52,8,0
143,52,52,9,99
143,52,52,10,1
143,52,52,11,0
143,52,52,12,0
143,52,52,13,0
143,52,52,14,0
143,52,52,15,0
143,52,52,16,0
143,52,52,17,0
143,52,52,18,1
143,52,52,19,0
143,52,52,20,0
143,52,52,21,0
143,52,52,22,0
143,52,52,23,0
143,52,52,24,0
143,52,52,25,0
143,52,52,0,2
143,53,53,1,53
143,53,53,2,242
143,53,53,3,0
143,53,53,4,27
143,53,53,5,301
143,53,53,6,1
143,53,53,7,0
143,53,53,8,0
143,53,53,9,211
143,53,53,10,1
143,53,53,11,0
143,53,53,12,1
143,53,53,13,0
143,53,53,14,1
143,53,53,15,1
143,53,53,16,1
143,53,53,17,4
143,53,53,18,1
143,53,53,19,4
143,53,53,20,0
143,53,53,21,2
143,53,53,22,0
143,53,53,23,1
143,53,53,24,0
143,53,53,25,0
143,53,53,0,1
143,54,54,1,54
143,54,54,2,163
143,54,54,3,1
143,54,54,4,39
143,54,54,5,212
143,54,54,6,1
143,54,54,7,2
143,54,54,8,0
143,54,54,9,176
143,54,54,10,1
143,54,54,11,0
143,54,54,12,0
143,54,54,13,0
143,54,54,14,0
143,54,54,15,0
143,54,54,16,0
143,54,54,17,0
143,54,54,18,2
143,54,54,19,2
143,54,54,20,0
143,54,54,21,2
143,54,54,22,0
143,54,54,23,0
143,54,54,24,0
143,54,54,25,0
143,54,54,0,1
143,55,55,1,55
143,55,55,2,180
143,55,55,3,2
143,55,55,4,30
143,55,55,5,173
143,55,55,6,2
143,55,55,7,0
143,55,55,8,1
143,55,55,9,153
143,55,55,10,0
143,55,55,11,0
143,55,55,12,1
143,55,55,13,0
143,55,55,14,0
143,55,55,15,0
143,55,55,16,0
143,55,55,17,1
143,55,55,18,3
143,55,55,19,1
143,55,55,20,1
143,55,55,21,1
143,55,55,22,0
143,55,55,23,0
143,55,55,24,0
143,55,55,25,0
143,55,55,0,1
143,56,56,1,56
143,56,56,2,138
143,56,56,3,1
143,56,56,4,25
143,56,56,5,284
143,56,56,6,0
143,56,56,7,0
143,56,56,8,2
143,56,56,9,179
143,56,56,10,0
143,56,56,11,0
143,56,56,12,0
143,56,56,13,0
143,56,56,14,0
143,56,56,15,0
143,56,56,16,0
143,56,56,17,2
143,56,56,18,1
143,56,56,19,1
143,56,56,20,1
143,56,56,21,0
143,56,56,22,0
143,56,56,23,0
143,56,56,24,0
143,56,56,25,0
143,56,56,0,0
143,57,57,1,57
143,57,57,2,214
143,57,57,3,2
143,57,57,4,36
143,57,57,5,162
143,57,57,6,1
143,57,57,7,0
143,57,57,8,1
143,57,57,9,285
143,57,57,10,3
143,57,57,11,1
143,57,57,12,0
143,57,57,13,0
143,57,57,14,1
143,57,57,15,1
143,57,57,16,0
143,57,57,17,1
143,57,57,18,1
143,57,57,19,5
143,57,57,20,1
143,57,57,21,3
143,57,57,22,1
143,57,57,23,1
143,57,57,24,1
143,57,57,25,0
143,57,57,0,0
143,58,58,1,58
143,58,58,2,209
143,58,58,3,0
143,58,58,4,36
143,58,58,5,203
143,58,58,6,0
143,58,58,7,1
143,58,58,8,2
143,58,58,9,299
143,58,58,10,0
143,58,58,11,0
143,58,58,12,1
143,58,58,13,0
143,58,58,14,1
143,58,58,15,0
143,58,58,16,0
143,58,58,17,1
143,58,58,18,2
143,58,58,19,0
143,58,58,20,0
143,58,58,21,1
143,58,58,22,0
143,58,58,23,2
143,58,58,24,1
143,58,58,25,1
143,58,58,0,0
143,59,59,1,59
143,59,59,2,205
143,59,59,3,1
143,59,59,4,30
143,59,59,5,273
143,59,59,6,2
143,59,59,7,0
143,59,59,8,1
143,59,59,9,305
143,59,59,10,1
143,59,59,11,0
143,59,59,12,1
143,59,59,13,0
143,59,59,14,0
143,59,59,15,0
143,59,59,16,0
143,59,59,17,1
143,59,59,18,4
143,59,59,19,1
143,59,59,20,0
143,59,59,21,0
143,59,59,22,0
143,59,59,23,1
143,59,59,24,0
143,59,59,25,0
143,59,59,0,1
143,60,60,1,60
143,60,60,2,110
143,60,60,3,0
143,60,60,4,24
143,60,60,5,87
143,60,60,6,0
143,60,60,7,0
143,60,60,8,0
143,60,60,9,157
143,60,60,10,0
143,60,60,11,0
143,60,60,12,1
143,60,60,13,0
143,60,60,14,2
143,60,60,15,0
143,60,60,16,0
143,60,60,17,1
143,60,60,18,1
143,60,60,19,1
143,60,60,20,0
143,60,60,21,0
143,60,60,22,0
143,60,60,23,0
143,60,60,24,0
143,60,60,25,0
143,60,60,0,1
143,61,61,1,61
143,61,61,2,140
143,61,61,3,1
143,61,61,4,16
143,61,61,5,153
143,61,61,6,1
143,61,61,7,0
143,61,61,8,1
143,61,61,9,158
143,61,61,10,0
143,61,61,11,0
143,61,61,12,1
143,61,61,13,0
143,61,61,14,0
143,61,61,15,0
143,61,61,16,2
143,61,61,17,0
143,61,61,18,1
143,61,61,19,3
143,61,61,20,1
143,61,61,21,0
143,61,61,22,0
143,61,61,23,0
143,61,61,24,0
143,61,61,25,0
143,61,61,0,1
143,62,62,1,0
143,62,62,2,0
143,62,62,3,0
143,62,62,4,0
143,62,62,5,0
143,62,62,6,0
143,62,62,7,0
143,62,62,8,0
143,62,62,9,0
143,62,62,10,0
143,62,62,11,0
143,62,62,12,0
143,62,62,13,0
143,62,62,14,0
143,62,62,15,0
143,62,62,16,0
143,62,62,17,0
143,62,62,18,0
143,62,62,19,0
143,62,62,20,0
143,62,62,21,0
143,62,62,22,0
143,62,62,23,0
143,62,62,24,0
143,62,62,25,0
143,62,62,0,0
143,62,62,1,62
143,62,62,2,169
143,62,62,3,0
143,62,62,4,15
143,62,62,5,132
143,62,62,6,1
143,62,62,7,1
143,62,62,8,2
143,62,62,9,146
143,62,62,10,0
143,62,62,11,1
143,62,62,12,0
143,62,62,13,0
143,62,62,14,0
143,62,62,15,0
143,62,62,16,0
143,62,62,17,0
143,62,62,18,0
143,62,62,19,0
143,62,62,20,0
143,62,62,21,0
143,62,62,22,0
143,62,62,23,0
143,62,62,24,0
143,62,62,25,0
143,62,62,0,1
143,63,63,1,0
143,63,63,2,0
143,63,63,3,0
143,63,63,4,0
143,63,63,5,0
143,63,63,6,0
143,63,63,7,0
143,63,63,8,0
143,63,63,9,0
143,63,63,10,0
143,63,63,11,0
143,63,63,12,0
143,63,63,13,0
143,63,63,14,0
143,63,63,15,0
143,63,63,16,0
143,63,63,17,0
143,63,63,18,0
143,63,63,19,0
143,63,63,20,0
143,63,63,21,0
143,63,63,22,0
143,63,63,23,0
143,63,63,24,0
143,63,63,25,0
143,63,63,0,0
143,63,63,1,63
143,63,63,2,139
143,63,63,3,2
143,63,63,4,36
143,63,63,5,126
143,63,63,6,1
143,63,63,7,1
143,63,63,8,0
143,63,63,9,213
143,63,63,10,0
143,63,63,11,1
143,63,63,12,0
143,63,63,13,0
143,63,63,14,0
143,63,63,15,0
143,63,63,16,1
143,63,63,17,0
143,63,63,18,0
143,63,63,19,0
143,63,63,20,0
143,63,63,21,0
143,63,63,22,0
143,63,63,23,0
143,63,63,24,0
143,63,63,25,0
143,63,63,0,2
143,64,64,1,64
143,64,64,2,222
143,64,64,3,2
143,64,64,4,8
143,64,64,5,108
143,64,64,6,0
143,64,64,7,0
143,64,64,8,0
143,64,64,9,105
143,64,64,10,0
143,64,64,11,3
143,64,64,12,0
143,64,64,13,0
143,64,64,14,0
143,64,64,15,0
143,64,64,16,1
143,64,64,17,1
143,64,64,18,2
143,64,64,19,0
143,64,64,20,0
143,64,64,21,0
143,64,64,22,0
143,64,64,23,0
143,64,64,24,2
143,64,64,25,0
143,64,64,0,4
143,65,65,1,65
143,65,65,2,154
143,65,65,3,1
143,65,65,4,27
143,65,65,5,115
143,65,65,6,0
143,65,65,7,0
143,65,65,8,0
143,65,65,9,167
143,65,65,10,0
143,65,65,11,2
143,65,65,12,0
143,65,65,13,0
143,65,65,14,0
143,65,65,15,0
143,65,65,16,0
143,65,65,17,0
143,65,65,18,0
143,65,65,19,1
143,65,65,20,0
143,65,65,21,0
143,65,65,22,0
143,65,65,23,0
143,65,65,24,0
143,65,65,25,0
143,65,65,0,1
143,66,66,1,66
143,66,66,2,162
143,66,66,3,3
143,66,66,4,18
143,66,66,5,308
143,66,66,6,0
143,66,66,7,1
143,66,66,8,0
143,66,66,9,112
143,66,66,10,0
143,66,66,11,0
143,66,66,12,0
143,66,66,13,0
143,66,66,14,0
143,66,66,15,0
143,66,66,16,0
143,66,66,17,1
143,66,66,18,1
143,66,66,19,2
143,66,66,20,0
143,66,66,21,0
143,66,66,22,1
143,66,66,23,0
143,66,66,24,0
143,66,66,25,0
143,66,66,0,0
143,67,67,1,67
143,67,67,2,149
143,67,67,3,0
143,67,67,4,9
143,67,67,5,232
143,67,67,6,2
143,67,67,7,0
143,67,67,8,2
143,67,67,9,131
143,67,67,10,0
143,67,67,11,1
143,67,67,12,1
143,67,67,13,0
143,67,67,14,1
143,67,67,15,0
143,67,67,16,0
143,67,67,17,0
143,67,67,18,1
143,67,67,19,1
143,67,67,20,0
143,67,67,21,1
143,67,67,22,1
143,67,67,23,0
143,67,67,24,0
143,67,67,25,0
143,67,67,0,1
143,68,68,1,68
143,68,68,2,176
143,68,68,3,1
143,68,68,4,14
143,68,68,5,170
143,68,68,6,1
143,68,68,7,1
143,68,68,8,1
143,68,68,9,186
143,68,68,10,0
143,68,68,11,4
143,68,68,12,0
143,68,68,13,0
143,68,68,14,0
143,68,68,15,0
143,68,68,16,0
143,68,68,17,2
143,68,68,18,4
143,68,68,19,2
143,68,68,20,0
143,68,68,21,0
143,68,68,22,0
143,68,68,23,0
143,68,68,24,0
143,68,68,25,1
143,68,68,0,2
143,69,69,1,69
143,69,69,2,116
143,69,69,3,2
143,69,69,4,33
143,69,69,5,123
143,69,69,6,1
143,69,69,7,1
143,69,69,8,1
143,69,69,9,206
143,69,69,10,0
143,69,69,11,3
143,69,69,12,2
143,69,69,13,0
143,69,69,14,0
143,69,69,15,0
143,69,69,16,0
143,69,69,17,0
143,69,69,18,1
143,69,69,19,0
143,69,69,20,0
143,69,69,21,0
143,69,69,22,1
143,69,69,23,0
143,69,69,24,0
143,69,69,25,0
143,69,69,0,1
143,70,70,1,70
143,70,70,2,203
143,70,70,3,1
143,70,70,4,37
143,70,70,5,211
143,70,70,6,3
143,70,70,7,1
143,70,70,8,0
143,70,70,9,299
143,70,70,10,1
143,70,70,11,0
143,70,70,12,0
143,70,70,13,0
143,70,70,14,0
143,70,70,15,0
143,70,70,16,1
143,70,70,17,1
143,70,70,18,0
143,70,70,19,0
143,70,70,20,1
143,70,70,21,0
143,70,70,22,0
143,70,70,23,0
143,70,70,24,0
143,70,70,25,0
143,70,70,0,2
143,71,71,1,71
143,71,71,2,196
143,71,71,3,1
143,71,71,4,25
143,71,71,5,210
143,71,71,6,4
143,71,71,7,0
143,71,71,8,1
143,71,71,9,186
143,71,71,10,2
143,71,71,11,1
143,71,71,12,0
143,71,71,13,0
143,71,71,14,0
143,71,71,15,1
143,71,71,16,0
143,71,71,17,0
143,71,71,18,2
143,71,71,19,0
143,71,71,20,1
143,71,71,21,0
143,71,71,22,1
143,71,71,23,0
143,71,71,24,0
143,71,71,25,0
143,71,71,0,0
143,72,72,1,72
143,72,72,2,150
143,72,72,3,0
143,72,72,4,26
143,72,72,5,209
143,72,72,6,3
143,72,72,7,0
143,72,72,8,1
143,72,72,9,144
143,72,72,10,1
143,72,72,11,0
143,72,72,12,0
143,72,72,13,0
143,72,72,14,0
143,72,72,15,0
143,72,72,16,0
143,72,72,17,0
143,72,72,18,2
143,72,72,19,2
143,72,72,20,0
143,72,72,21,0
143,72,72,22,0
143,72,72,23,1
143,72,72,24,0
143,72,72,25,0
143,72,72,0,1
143,73,73,1,73
143,73,73,2,178
143,73,73,3,2
143,73,73,4,31
143,73,73,5,241
143,73,73,6,5
143,73,73,7,0
143,73,73,8,1
143,73,73,9,296
143,73,73,10,0
143,73,73,11,0
143,73,73,12,0
143,73,73,13,0
143,73,73,14,0
143,73,73,15,0
143,73,73,16,1
143,73,73,17,1
143,73,73,18,4
143,73,73,19,3
143,73,73,20,1
143,73,73,21,1
143,73,73,22,1
143,73,73,23,2
143,73,73,24,1
143,73,73,25,0
143,73,73,0,2
143,74,74,1,74
143,74,74,2,204
143,74,74,3,0
143,74,74,4,40
143,74,74,5,313
143,74,74,6,2
143,74,74,7,0
143,74,74,8,0
143,74,74,9,364
143,74,74,10,2
143,74,74,11,2
143,74,74,12,0
143,74,74,13,0
143,74,74,14,0
143,74,74,15,1
143,74,74,16,0
143,74,74,17,1
143,74,74,18,3
143,74,74,19,4
143,74,74,20,0
143,74,74,21,2
143,74,74,22,0
143,74,74,23,1
143,74,74,24,0
143,74,74,25,1
143,74,74,0,1
143,75,75,1,75
143,75,75,2,166
143,75,75,3,1
143,75,75,4,21
143,75,75,5,288
143,75,75,6,3
143,75,75,7,0
143,75,75,8,0
143,75,75,9,200
143,75,75,10,0
143,75,75,11,0
143,75,75,12,0
143,75,75,13,0
143,75,75,14,0
143,75,75,15,1
143,75,75,16,0
143,75,75,17,1
143,75,75,18,1
143,75,75,19,2
143,75,75,20,3
143,75,75,21,0
143,75,75,22,1
143,75,75,23,0
143,75,75,24,2
143,75,75,25,0
143,75,75,0,1
143,76,76,1,76
143,76,76,2,215
143,76,76,3,0
143,76,76,4,30
143,76,76,5,259
143,76,76,6,4
143,76,76,7,0
143,76,76,8,0
143,76,76,9,166
143,76,76,10,0
143,76,76,11,0
143,76,76,12,0
143,76,76,13,0
143,76,76,14,0
143,76,76,15,0
143,76,76,16,1
143,76,76,17,0
143,76,76,18,3
143,76,76,19,1
143,76,76,20,1
143,76,76,21,0
143,76,76,22,0
143,76,76,23,0
143,76,76,24,1
143,76,76,25,0
143,76,76,0,1
143,77,77,1,77
143,77,77,2,180
143,77,77,3,0
143,77,77,4,18
143,77,77,5,201
143,77,77,6,2
143,77,77,7,1
143,77,77,8,0
143,77,77,9,235
143,77,77,10,0
143,77,77,11,0
143,77,77,12,0
143,77,77,13,0
143,77,77,14,0
143,77,77,15,0
143,77,77,16,0
143,77,77,17,0
143,77,77,18,1
143,77,77,19,1
143,77,77,20,2
143,77,77,21,0
143,77,77,22,0
143,77,77,23,0
143,77,77,24,0
143,77,77,25,0
143,77,77,0,1
143,78,78,1,78
143,78,78,2,151
143,78,78,3,3
143,78,78,4,11
143,78,78,5,270
143,78,78,6,1
143,78,78,7,0
143,78,78,8,1
143,78,78,9,146
143,78,78,10,0
143,78,78,11,0
143,78,78,12,0
143,78,78,13,0
143,78,78,14,0
143,78,78,15,1
143,78,78,16,0
143,78,78,17,0
143,78,78,18,0
143,78,78,19,1
143,78,78,20,0
143,78,78,21,2
143,78,78,22,0
143,78,78,23,0
143,78,78,24,1
143,78,78,25,2
143,78,78,0,1
143,79,79,1,79
143,79,79,2,241
143,79,79,3,2
143,79,79,4,28
143,79,79,5,213
143,79,79,6,0
143,79,79,7,0
143,79,79,8,2
143,79,79,9,275
143,79,79,10,0
143,79,79,11,1
143,79,79,12,0
143,79,79,13,1
143,79,79,14,0
143,79,79,15,0
143,79,79,16,0
143,79,79,17,1
143,79,79,18,2
143,79,79,19,2
143,79,79,20,1
143,79,79,21,1
143,79,79,22,0
143,79,79,23,1
143,79,79,24,1
143,79,79,25,1
143,79,79,0,2
143,80,80,1,80
143,80,80,2,126
143,80,80,3,1
143,80,80,4,22
143,80,80,5,210
143,80,80,6,0
143,80,80,7,0
143,80,80,8,2
143,80,80,9,238
143,80,80,10,1
143,80,80,11,0
143,80,80,12,1
143,80,80,13,0
143,80,80,14,0
143,80,80,15,0
143,80,80,16,0
143,80,80,17,0
143,80,80,18,0
143,80,80,19,1
143,80,80,20,1
143,80,80,21,1
143,80,80,22,0
143,80,80,23,0
143,80,80,24,0
143,80,80,25,1
143,80,80,0,1
143,81,81,1,81
143,81,81,2,179
143,81,81,3,1
143,81,81,4,24
143,81,81,5,336
143,81,81,6,0
143,81,81,7,1
143,81,81,8,0
143,81,81,9,170
143,81,81,10,0
143,81,81,11,0
143,81,81,12,0
143,81,81,13,0
143,81,81,14,1
143,81,81,15,1
143,81,81,16,0
143,81,81,17,1
143,81,81,18,1
143,81,81,19,0
143,81,81,20,1
143,81,81,21,1
143,81,81,22,0
143,81,81,23,1
143,81,81,24,0
143,81,81,25,0
143,81,81,0,2
143,82,82,1,82
143,82,82,2,108
143,82,82,3,0
143,82,82,4,39
143,82,82,5,267
143,82,82,6,1
143,82,82,7,1
143,82,82,8,1
143,82,82,9,190
143,82,82,10,0
143,82,82,11,0
143,82,82,12,1
143,82,82,13,1
143,82,82,14,0
143,82,82,15,0
143,82,82,16,0
143,82,82,17,0
143,82,82,18,0
143,82,82,19,1
143,82,82,20,0
143,82,82,21,1
143,82,82,22,0
143,82,82,23,1
143,82,82,24,0
143,82,82,25,0
143,82,82,0,1
143,83,83,1,83
143,83,83,2,135
143,83,83,3,1
143,83,83,4,27
143,83,83,5,238
143,83,83,6,2
143,83,83,7,1
143,83,83,8,0
143,83,83,9,153
143,83,83,10,0
143,83,83,11,0
143,83,83,12,0
143,83,83,13,0
143,83,83,14,2
143,83,83,15,0
143,83,83,16,0
143,83,83,17,2
143,83,83,18,2
143,83,83,19,1
143,83,83,20,1
143,83,83,21,1
143,83,83,22,0
143,83,83,23,0
143,83,83,24,0
143,83,83,25,0
143,83,83,0,1
143,84,84,1,0
143,84,84,2,0
143,84,84,3,0
143,84,84,4,0
143,84,84,5,0
143,84,84,6,0
143,84,84,7,0
143,84,84,8,0
143,84,84,9,0
143,84,84,10,0
143,84,84,11,0
143,84,84,12,0
143,84,84,13,0
143,84,84,14,0
143,84,84,15,0
143,84,84,16,0
143,84,84,17,0
143,84,84,18,0
143,84,84,19,0
143,84,84,20,0
143,84,84,21,0
143,84,84,22,0
143,84,84,23,0
143,84,84,24,0
143,84,84,25,0
143,84,84,0,0
143,84,84,1,84
143,84,84,2,93
143,84,84,3,0
143,84,84,4,19
143,84,84,5,207
143,84,84,6,0
143,84,84,7,0
143,84,84,8,0
143,84,84,9,133
143,84,84,10,1
143,84,84,11,0
143,84,84,12,1
143,84,84,13,0
143,84,84,14,0
143,84,84,15,0
143,84,84,16,0
143,84,84,17,1
143,84,84,18,0
143,84,84,19,0
143,84,84,20,0
143,84,84,21,1
143,84,84,22,0
143,84,84,23,0
143,84,84,24,0
143,84,84,25,0
143,84,84,0,0
143,85,85,1,0
143,85,85,2,0
143,85,85,3,0
143,85,85,4,0
143,85,85,5,0
143,85,85,6,0
143,85,85,7,0
143,85,85,8,0
143,85,85,9,0
143,85,85,10,0
143,85,85,11,0
143,85,85,12,0
143,85,85,13,0
143,85,85,14,0
143,85,85,15,0
143,85,85,16,0
143,85,85,17,0
143,85,85,18,0
143,85,85,19,0
143,85,85,20,0
143,85,85,21,0
143,85,85,22,0
143,85,85,23,0
143,85,85,24,0
143,85,85,25,0
143,85,85,0,0
143,85,85,1,85
143,85,85,2,121
143,85,85,3,0
143,85,85,4,17
143,85,85,5,227
143,85,85,6,1
143,85,85,7,0
143,85,85,8,0
143,85,85,9,165
143,85,85,10,0
143,85,85,11,0
143,85,85,12,0
143,85,85,13,1
143,85,85,14,1
143,85,85,15,0
143,85,85,16,0
143,85,85,17,0
143,85,85,18,3
143,85,85,19,0
143,85,85,20,1
143,85,85,21,0
143,85,85,22,0
143,85,85,23,2
143,85,85,24,0
143,85,85,25,0
143,85,85,0,3
143,86,86,1,86
143,86,86,2,235
143,86,86,3,4
143,86,86,4,40
143,86,86,5,143
143,86,86,6,0
143,86,86,7,0
143,86,86,8,3
143,86,86,9,235
143,86,86,10,0
143,86,86,11,0
143,86,86,12,0
143,86,86,13,0
143,86,86,14,2
143,86,86,15,0
143,86,86,16,0
143,86,86,17,2
143,86,86,18,2
143,86,86,19,0
143,86,86,20,0
143,86,86,21,0
143,86,86,22,0
143,86,86,23,1
143,86,86,24,1
143,86,86,25,0
143,86,86,0,0
143,87,87,1,87
143,87,87,2,183
143,87,87,3,2
143,87,87,4,30
143,87,87,5,186
143,87,87,6,1
143,87,87,7,0
143,87,87,8,2
143,87,87,9,259
143,87,87,10,0
143,87,87,11,1
143,87,87,12,0
143,87,87,13,0
143,87,87,14,1
143,87,87,15,0
143,87,87,16,0
143,87,87,17,2
143,87,87,18,0
143,87,87,19,4
143,87,87,20,1
143,87,87,21,0
143,87,87,22,0
143,87,87,23,0
143,87,87,24,1
143,87,87,25,1
143,87,87,0,2
143,88,88,1,88
143,88,88,2,250
143,88,88,3,2
143,88,88,4,14
143,88,88,5,200
143,88,88,6,0
143,88,88,7,0
143,88,88,8,1
143,88,88,9,209
143,88,88,10,0
143,88,88,11,0
143,88,88,12,0
143,88,88,13,1
143,88,88,14,1
143,88,88,15,0
143,88,88,16,0
143,88,88,17,1
143,88,88,18,6
143,88,88,19,2
143,88,88,20,0
143,88,88,21,2
143,88,88,22,0
143,88,88,23,4
143,88,88,24,0
143,88,88,25,1
143,88,88,0,4
143,89,89,1,89
143,89,89,2,207
143,89,89,3,1
143,89,89,4,8
143,89,89,5,189
143,89,89,6,1
143,89,89,7,1
143,89,89,8,0
143,89,89,9,204
143,89,89,10,0
143,89,89,11,0
143,89,89,12,0
143,89,89,13,1
143,89,89,14,0
143,89,89,15,1
143,89,89,16,0
143,89,89,17,1
143,89,89,18,1
143,89,89,19,2
143,89,89,20,0
143,89,89,21,0
143,89,89,22,0
143,89,89,23,0
143,89,89,24,1
143,89,89,25,0
143,89,89,0,2
143,90,90,1,90
143,90,90,2,305
143,90,90,3,1
143,90,90,4,31
143,90,90,5,276
143,90,90,6,0
143,90,90,7,2
143,90,90,8,2
143,90,90,9,340
143,90,90,10,1
143,90,90,11,0
143,90,90,12,1
143,90,90,13,1
143,90,90,14,0
143,90,90,15,0
143,90,90,16,0
143,90,90,17,3
143,90,90,18,2
143,90,90,19,3
143,90,90,20,0
143,90,90,21,0
143,90,90,22,0
143,90,90,23,0
143,90,90,24,1
143,90,90,25,1
143,90,90,0,4
143,91,91,1,91
143,91,91,2,248
143,91,91,3,3
143,91,91,4,37
143,91,91,5,178
143,91,91,6,2
143,91,91,7,0
143,91,91,8,0
143,91,91,9,230
143,91,91,10,1
143,91,91,11,0
143,91,91,12,1
143,91,91,13,0
143,91,91,14,1
143,91,91,15,1
143,91,91,16,0
143,91,91,17,0
143,91,91,18,5
143,91,91,19,0
143,91,91,20,0
143,91,91,21,0
143,91,91,22,0
143,91,91,23,0
143,91,91,24,0
143,91,91,25,0
143,91,91,0,0
143,92,92,1,92
143,92,92,2,271
143,92,92,3,2
143,92,92,4,21
143,92,92,5,211
143,92,92,6,1
143,92,92,7,0
143,92,92,8,0
143,92,92,9,120
143,92,92,10,0
143,92,92,11,1
143,92,92,12,2
143,92,92,13,0
143,92,92,14,0
143,92,92,15,0
143,92,92,16,0
143,92,92,17,0
143,92,92,18,2
143,92,92,19,1
143,92,92,20,0
143,92,92,21,1
143,92,92,22,1
143,92,92,23,0
143,92,92,24,0
143,92,92,25,0
143,92,92,0,2
143,93,93,1,93
143,93,93,2,259
143,93,93,3,2
143,93,93,4,47
143,93,93,5,144
143,93,93,6,4
143,93,93,7,1
143,93,93,8,2
143,93,93,9,289
143,93,93,10,0
143,93,93,11,0
143,93,93,12,1
143,93,93,13,0
143,93,93,14,1
143,93,93,15,1
143,93,93,16,0
143,93,93,17,1
143,93,93,18,0
143,93,93,19,1
143,93,93,20,1
143,93,93,21,0
143,93,93,22,0
143,93,93,23,2
143,93,93,24,0
143,93,93,25,0
143,93,93,0,2
143,94,94,1,94
143,94,94,2,311
143,94,94,3,0
143,94,94,4,26
143,94,94,5,257
143,94,94,6,1
143,94,94,7,0
143,94,94,8,0
143,94,94,9,271
143,94,94,10,0
143,94,94,11,1
143,94,94,12,1
143,94,94,13,0
143,94,94,14,0
143,94,94,15,0
143,94,94,16,1
143,94,94,17,3
143,94,94,18,0
143,94,94,19,2
143,94,94,20,1
143,94,94,21,2
143,94,94,22,0
143,94,94,23,0
143,94,94,24,1
143,94,94,25,0
143,94,94,0,2
143,95,95,1,95
143,95,95,2,362
143,95,95,3,6
143,95,95,4,35
143,95,95,5,156
143,95,95,6,3
143,95,95,7,0
143,95,95,8,0
143,95,95,9,352
143,95,95,10,3
143,95,95,11,3
143,95,95,12,0
143,95,95,13,0
143,95,95,14,0
143,95,95,15,0
143,95,95,16,1
143,95,95,17,2
143,95,95,18,1
143,95,95,19,0
143,95,95,20,2
143,95,95,21,0
143,95,95,22,0
143,95,95,23,0
143,95,95,24,1
143,95,95,25,0
143,95,95,0,3
143,96,96,1,96
143,96,96,2,329
143,96,96,3,2
143,96,96,4,34
143,96,96,5,257
143,96,96,6,2
143,96,96,7,1
143,96,96,8,2
143,96,96,9,259
143,96,96,10,0
143,96,96,11,2
143,96,96,12,1
143,96,96,13,0
143,96,96,14,1
143,96,96,15,0
143,96,96,16,1
143,96,96,17,0
143,96,96,18,3
143,96,96,19,1
143,96,96,20,0
143,96,96,21,0
143,96,96,22,0
143,96,96,23,0
143,96,96,24,0
143,96,96,25,0
143,96,96,0,1
143,97,97,1,97
143,97,97,2,153
143,97,97,3,0
143,97,97,4,27
143,97,97,5,269
143,97,97,6,0
143,97,97,7,0
143,97,97,8,1
143,97,97,9,212
143,97,97,10,2
143,97,97,11,0
143,97,97,12,0
143,97,97,13,0
143,97,97,14,0
143,97,97,15,0
143,97,97,16,0
143,97,97,17,2
143,97,97,18,1
143,97,97,19,2
143,97,97,20,0
143,97,97,21,1
143,97,97,22,1
143,97,97,23,0
143,97,97,24,0
143,97,97,25,0
143,97,97,0,1
143,98,98,1,98
143,98,98,2,183
143,98,98,3,0
143,98,98,4,21
143,98,98,5,119
143,98,98,6,2
143,98,98,7,1
143,98,98,8,1
143,98,98,9,232
143,98,98,10,0
143,98,98,11,0
143,98,98,12,0
143,98,98,13,1
143,98,98,14,0
143,98,98,15,0
143,98,98,16,0
143,98,98,17,5
143,98,98,18,3
143,98,98,19,2
143,98,98,20,0
143,98,98,21,0
143,98,98,22,0
143,98,98,23,1
143,98,98,24,2
143,98,98,25,0
143,98,98,0,1
143,99,99,1,99
143,99,99,2,119
143,99,99,3,0
143,99,99,4,14
143,99,99,5,171
143,99,99,6,0
143,99,99,7,0
143,99,99,8,0
143,99,99,9,157
143,99,99,10,2
143,99,99,11,0
143,99,99,12,1
143,99,99,13,0
143,99,99,14,0
143,99,99,15,0
143,99,99,16,0
143,99,99,17,0
143,99,99,18,2
143,99,99,19,0
143,99,99,20,0
143,99,99,21,0
143,99,99,22,0
143,99,99,23,0
143,99,99,24,0
143,99,99,25,0
143,99,99,0,1
143,100,100,1,100
143,100,100,2,210
143,100,100,3,1
143,100,100,4,17
143,100,100,5,206
143,100,100,6,3
143,100,100,7,2
143,100,100,8,0
143,100,100,9,209
143,100,100,10,0
143,100,100,11,0
143,100,100,12,0
143,100,100,13,1
143,100,100,14,0
143,100,100,15,0
143,100,100,16,0
143,100,100,17,0
143,100,100,18,1
143,100,100,19,3
143,100,100,20,0
143,100,100,21,1
143,100,100,22,1
143,100,100,23,0
143,100,100,24,0
143,100,100,25,0
143,100,100,0,0
143,101,101,1,101
143,101,101,2,174
143,101,101,3,0
143,101,101,4,22
143,101,101,5,267
143,101,101,6,1
143,101,101,7,0
143,101,101,8,0
143,101,101,9,173
143,101,101,10,0
143,101,101,11,0
143,101,101,12,0
143,101,101,13,0
143,101,101,14,2
143,101,101,15,0
143,101,101,16,1
143,101,101,17,2
143,101,101,18,0
143,101,101,19,1
143,101,101,20,1
143,101,101,21,1
143,101,101,22,0
143,101,101,23,0
143,101,101,24,0
143,101,101,25,1
143,101,101,0,1
143,102,102,1,102
143,102,102,2,114
143,102,102,3,2
143,102,102,4,14
143,102,102,5,224
143,102,102,6,2
143,102,102,7,1
143,102,102,8,1
143,102,102,9,208
143,102,102,10,0
143,102,102,11,0
143,102,102,12,0
143,102,102,13,0
143,102,102,14,0
143,102,102,15,0
143,102,102,16,1
143,102,102,17,1
143,102,102,18,1
143,102,102,19,3
143,102,102,20,0
143,102,102,21,0
143,102,102,22,0
143,102,102,23,0
143,102,102,24,1
143,102,102,25,1
143,102,102,0,1
143,103,103,1,103
143,103,103,2,159
143,103,103,3,0
143,103,103,4,28
143,103,103,5,222
143,103,103,6,1
143,103,103,7,1
143,103,103,8,1
143,103,103,9,181
143,103,103,10,0
143,103,103,11,1
143,103,103,12,0
143,103,103,13,1
143,103,103,14,0
143,103,103,15,0
143,103,103,16,1
143,103,103,17,0
143,103,103,18,1
143,103,103,19,1
143,103,103,20,0
143,103,103,21,1
143,103,103,22,0
143,103,103,23,1
143,103,103,24,0
143,103,103,25,0
143,103,103,0,0
143,104,104,1,104
143,104,104,2,121
143,104,104,3,0
143,104,104,4,2
143,104,104,5,185
143,104,104,6,0
143,104,104,7,0
143,104,104,8,4
143,104,104,9,99
143,104,104,10,0
143,104,104,11,0
143,104,104,12,0
143,104,104,13,0
143,104,104,14,1
143,104,104,15,0
143,104,104,16,0
143,104,104,17,0
143,104,104,18,0
143,104,104,19,0
143,104,104,20,0
143,104,104,21,0
143,104,104,22,0
143,104,104,23,0
143,104,104,24,0
143,104,104,25,0
143,104,104,0,1
143,105,105,1,105
143,105,105,2,131
143,105,105,3,1
143,105,105,4,24
143,105,105,5,157
143,105,105,6,0
143,105,105,7,0
143,105,105,8,0
143,105,105,9,124
143,105,105,10,0
143,105,105,11,0
143,105,105,12,0
143,105,105,13,0
143,105,105,14,0
143,105,105,15,0
143,105,105,16,0
143,105,105,17,0
143,105,105,18,2
143,105,105,19,0
143,105,105,20,0
143,105,105,21,0
143,105,105,22,0
143,105,105,23,0
143,105,105,24,0
143,105,105,25,0
143,105,105,0,1
143,106,106,1,0
143,106,106,2,0
143,106,106,3,0
143,106,106,4,0
143,106,106,5,0
143,106,106,6,0
143,106,106,7,0
143,106,106,8,0
143,106,106,9,0
143,106,106,10,0
143,106,106,11,0
143,106,106,12,0
143,106,106,13,0
143,106,106,14,0
143,106,106,15,0
143,106,106,16,0
143,106,106,17,0
143,106,106,18,0
143,106,106,19,0
143,106,106,20,0
143,106,106,21,0
143,106,106,22,0
143,106,106,23,0
143,106,106,24,0
143,106,106,25,0
143,106,106,0,0
143,106,106,1,106
143,106,106,2,260
143,106,106,3,3
143,106,106,4,35
143,106,106,5,269
143,106,106,6,2
143,106,106,7,0
143,106,106,8,2
143,106,106,9,252
143,106,106,10,1
143,106,106,11,3
143,106,106,12,0
143,106,106,13,1
143,106,106,14,2
143,106,106,15,0
143,106,106,16,0
143,106,106,17,0
143,106,106,18,0
143,106,106,19,3
143,106,106,20,0
143,106,106,21,0
143,106,106,22,0
143,106,106,23,0
143,106,106,24,0
143,106,106,25,2
143,106,106,0,1
143,107,107,1,0
143,107,107,2,0
143,107,107,3,0
143,107,107,4,0
143,107,107,5,0
143,107,107,6,0
143,107,107,7,0
143,107,107,8,0
143,107,107,9,0
143,107,107,10,0
143,107,107,11,0
143,107,107,12,0
143,107,107,13,0
143,107,107,14,0
143,107,107,15,0
143,107,107,16,0
143,107,107,17,0
143,107,107,18,0
143,107,107,19,0
143,107,107,20,0
143,107,107,21,0
143,107,107,22,0
143,107,107,23,0
143,107,107,24,0
143,107,107,25,0
143,107,107,0,0
143,107,107,1,107
143,107,107,2,206
143,107,107,3,2
143,107,107,4,25
143,107,107,5,379
143,107,107,6,4
143,107,107,7,1
143,107,107,8,1
143,107,107,9,206
143,107,107,10,0
143,107,107,11,0
143,107,107,12,0
143,107,107,13,1
143,107,107,14,3
143,107,107,15,1
143,107,107,16,0
143,107,107,17,3
143,107,107,18,3
143,107,107,19,2
143,107,107,20,3
143,107,107,21,0
143,107,107,22,1
143,107,107,23,1
143,107,107,24,1
143,107,107,25,0
143,107,107,0,3
143,108,108,1,108
143,108,108,2,242
143,108,108,3,2
143,108,108,4,28
143,108,108,5,402
143,108,108,6,2
143,108,108,7,0
143,108,108,8,0
143,108,108,9,294
143,108,108,10,2
143,108,108,11,0
143,108,108,12,0
143,108,108,13,0
143,108,108,14,0
143,108,108,15,1
143,108,108,16,2
143,108,108,17,1
143,108,108,18,0
143,108,108,19,2
143,108,108,20,1
143,108,108,21,0
143,108,108,22,0
143,108,108,23,1
143,108,108,24,0
143,108,108,25,0
143,108,108,0,0
143,109,109,1,109
143,109,109,2,235
143,109,109,3,1
143,109,109,4,30
143,109,109,5,211
143,109,109,6,1
143,109,109,7,0
143,109,109,8,0
143,109,109,9,226
143,109,109,10,0
143,109,109,11,0
143,109,109,12,1
143,109,109,13,0
143,109,109,14,0
143,109,109,15,0
143,109,109,16,1
143,109,109,17,2
143,109,109,18,1
143,109,109,19,0
143,109,109,20,0
143,109,109,21,0
143,109,109,22,0
143,109,109,23,1
143,109,109,24,0
143,109,109,25,0
143,109,109,0,4
143,110,110,1,110
143,110,110,2,310
143,110,110,3,0
143,110,110,4,33
143,110,110,5,267
143,110,110,6,0
143,110,110,7,3
143,110,110,8,0
143,110,110,9,325
143,110,110,10,1
143,110,110,11,6
143,110,110,12,0
143,110,110,13,0
143,110,110,14,0
143,110,110,15,0
143,110,110,16,1
143,110,110,17,1
143,110,110,18,1
143,110,110,19,1
143,110,110,20,0
143,110,110,21,1
143,110,110,22,1
143,110,110,23,0
143,110,110,24,0
143,110,110,25,0
143,110,110,0,1
143,111,111,1,111
143,111,111,2,239
143,111,111,3,0
143,111,111,4,27
143,111,111,5,163
143,111,111,6,0
143,111,111,7,2
143,111,111,8,1
143,111,111,9,243
143,111,111,10,1
143,111,111,11,0
143,111,111,12,0
143,111,111,13,0
143,111,111,14,0
143,111,111,15,1
143,111,111,16,1
143,111,111,17,1
143,111,111,18,0
143,111,111,19,0
143,111,111,20,0
143,111,111,21,0
143,111,111,22,1
143,111,111,23,1
143,111,111,24,1
143,111,111,25,0
143,111,111,0,0
143,112,112,1,112
143,112,112,2,136
143,112,112,3,0
143,112,112,4,12
143,112,112,5,190
143,112,112,6,1
143,112,112,7,7
143,112,112,8,0
143,112,112,9,191
143,112,112,10,2
143,112,112,11,0
143,112,112,12,0
143,112,112,13,0
143,112,112,14,0
143,112,112,15,0
143,112,112,16,0
143,112,112,17,1
143,112,112,18,3
143,112,112,19,1
143,112,112,20,0
143,112,112,21,2
143,112,112,22,0
143,112,112,23,1
143,112,112,24,0
143,112,112,25,1
143,112,112,0,1
143,113,113,1,113
143,113,113,2,140
143,113,113,3,0
143,113,113,4,35
143,113,113,5,160
143,113,113,6,1
143,113,113,7,0
143,113,113,8,0
143,113,113,9,277
143,113,113,10,0
143,113,113,11,0
143,113,113,12,0
143,113,113,13,1
143,113,113,14,0
143,113,113,15,0
143,113,113,16,0
143,113,113,17,0
143,113,113,18,2
143,113,113,19,1
143,113,113,20,0
143,113,113,21,0
143,113,113,22,0
143,113,113,23,0
143,113,113,24,0
143,113,113,25,0
143,113,113,0,1
143,114,114,1,114
143,114,114,2,118
143,114,114,3,1
143,114,114,4,16
143,114,114,5,100
143,114,114,6,1
143,114,114,7,0
143,114,114,8,1
143,114,114,9,187
143,114,114,10,0
143,114,114,11,0
143,114,114,12,0
143,114,114,13,0
143,114,114,14,0
143,114,114,15,2
143,114,114,16,0
143,114,114,17,0
143,114,114,18,0
143,114,114,19,0
143,114,114,20,0
143,114,114,21,1
143,114,114,22,0
143,114,114,23,0
143,114,114,24,1
143,114,114,25,0
143,114,114,0,0
143,115,115,1,115
143,115,115,2,211
143,115,115,3,2
143,115,115,4,42
143,115,115,5,158
143,115,115,6,0
143,115,115,7,1
143,115,115,8,0
143,115,115,9,450
143,115,115,10,0
143,115,115,11,1
143,115,115,12,1
143,115,115,13,0
143,115,115,14,0
143,115,115,15,0
143,115,115,16,0
143,115,115,17,0
143,115,115,18,1
143,115,115,19,1
143,115,115,20,0
143,115,115,21,0
143,115,115,22,0
143,115,115,23,1
143,115,115,24,0
143,115,115,25,0
143,115,115,0,3
143,116,116,1,116
143,116,116,2,140
143,116,116,3,1
143,116,116,4,26
143,116,116,5,115
143,116,116,6,1
143,116,116,7,2
143,116,116,8,0
143,116,116,9,179
143,116,116,10,1
143,116,116,11,3
143,116,116,12,0
143,116,116,13,0
143,116,116,14,0
143,116,116,15,0
143,116,116,16,0
143,116,116,17,1
143,116,116,18,0
143,116,116,19,1
143,116,116,20,0
143,116,116,21,1
143,116,116,22,0
143,116,116,23,0
143,116,116,24,0
143,116,116,25,0
143,116,116,0,1
143,117,117,1,117
143,117,117,2,101
143,117,117,3,0
143,117,117,4,22
143,117,117,5,145
143,117,117,6,1
143,117,117,7,0
143,117,117,8,0
143,117,117,9,193
143,117,117,10,0
143,117,117,11,0
143,117,117,12,0
143,117,117,13,1
143,117,117,14,0
143,117,117,15,0
143,117,117,16,0
143,117,117,17,2
143,117,117,18,1
143,117,117,19,1
143,117,117,20,0
143,117,117,21,1
143,117,117,22,0
143,117,117,23,0
143,117,117,24,0
143,117,117,25,0
143,117,117,0,1
143,118,118,1,118
143,118,118,2,211
143,118,118,3,1
143,118,118,4,51
143,118,118,5,240
143,118,118,6,1
143,118,118,7,16
143,118,118,8,1
143,118,118,9,407
143,118,118,10,0
143,118,118,11,0
143,118,118,12,0
143,118,118,13,3
143,118,118,14,2
143,118,118,15,0
143,118,118,16,2
143,118,118,17,0
143,118,118,18,2
143,118,118,19,2
143,118,118,20,0
143,118,118,21,0
143,118,118,22,0
143,118,118,23,0
143,118,118,24,0
143,118,118,25,1
143,118,118,0,2
143,119,119,1,119
143,119,119,2,238
143,119,119,3,2
143,119,119,4,25
143,119,119,5,156
143,119,119,6,0
143,119,119,7,0
143,119,119,8,2
143,119,119,9,317
143,119,119,10,0
143,119,119,11,1
143,119,119,12,0
143,119,119,13,0
143,119,119,14,0
143,119,119,15,0
143,119,119,16,0
143,119,119,17,2
143,119,119,18,1
143,119,119,19,1
143,119,119,20,0
143,119,119,21,2
143,119,119,22,0
143,119,119,23,0
143,119,119,24,0
143,119,119,25,0
143,119,119,0,3
143,120,120,1,120
143,120,120,2,93
143,120,120,3,1
143,120,120,4,15
143,120,120,5,59
143,120,120,6,1
143,120,120,7,0
143,120,120,8,1
143,120,120,9,144
143,120,120,10,0
143,120,120,11,0
143,120,120,12,0
143,120,120,13,0
143,120,120,14,0
143,120,120,15,0
143,120,120,16,0
143,120,120,17,0
143,120,120,18,0
143,120,120,19,0
143,120,120,20,0
143,120,120,21,0
143,120,120,22,0
143,120,120,23,0
143,120,120,24,0
143,120,120,25,0
143,120,120,0,1
143,121,121,1,121
143,121,121,2,275
143,121,121,3,0
143,121,121,4,30
143,121,121,5,117
143,121,121,6,1
143,121,121,7,0
143,121,121,8,1
143,121,121,9,297
143,121,121,10,2
143,121,121,11,0
143,121,121,12,0
143,121,121,13,0
143,121,121,14,0
143,121,121,15,0
143,121,121,16,0
143,121,121,17,2
143,121,121,18,1
143,121,121,19,1
143,121,121,20,1
143,121,121,21,0
143,121,121,22,0
143,121,121,23,0
143,121,121,24,1
143,121,121,25,0
143,121,121,0,1
143,122,122,1,122
143,122,122,2,136
143,122,122,3,0
143,122,122,4,14
143,122,122,5,49
143,122,122,6,1
143,122,122,7,0
143,122,122,8,0
143,122,122,9,113
143,122,122,10,0
143,122,122,11,0
143,122,122,12,0
143,122,122,13,0
143,122,122,14,1
143,122,122,15,0
143,122,122,16,0
143,122,122,17,0
143,122,122,18,0
143,122,122,19,0
143,122,122,20,0
143,122,122,21,0
143,122,122,22,0
143,122,122,23,0
143,122,122,24,1
143,122,122,25,0
143,122,122,0,5
143,123,123,1,123
143,123,123,2,236
143,123,123,3,5
143,123,123,4,41
143,123,123,5,218
143,123,123,6,2
143,123,123,7,0
143,123,123,8,1
143,123,123,9,273
143,123,123,10,0
143,123,123,11,0
143,123,123,12,0
143,123,123,13,0
143,123,123,14,2
143,123,123,15,1
143,123,123,16,1
143,123,123,17,0
143,123,123,18,1
143,123,123,19,0
143,123,123,20,0
143,123,123,21,0
143,123,123,22,0
143,123,123,23,0
143,123,123,24,0
143,123,123,25,0
143,123,123,0,4
143,124,124,1,124
143,124,124,2,150
143,124,124,3,0
143,124,124,4,26
143,124,124,5,262
143,124,124,6,0
143,124,124,7,0
143,124,124,8,1
143,124,124,9,262
143,124,124,10,0
143,124,124,11,2
143,124,124,12,0
143,124,124,13,0
143,124,124,14,0
143,124,124,15,0
143,124,124,16,0
143,124,124,17,0
143,124,124,18,2
143,124,124,19,1
143,124,124,20,0
143,124,124,21,0
143,124,124,22,0
143,124,124,23,0
143,124,124,24,0
143,124,124,25,0
143,124,124,0,0
143,125,125,1,125
143,125,125,2,277
143,125,125,3,2
143,125,125,4,33
143,125,125,5,211
143,125,125,6,3
143,125,125,7,1
143,125,125,8,0
143,125,125,9,314
143,125,125,10,1
143,125,125,11,1
143,125,125,12,1
143,125,125,13,0
143,125,125,14,0
143,125,125,15,0
143,125,125,16,0
143,125,125,17,0
143,125,125,18,0
143,125,125,19,1
143,125,125,20,0
143,125,125,21,1
143,125,125,22,0
143,125,125,23,0
143,125,125,24,0
143,125,125,25,0
143,125,125,0,1
143,126,126,1,126
143,126,126,2,259
143,126,126,3,2
143,126,126,4,45
143,126,126,5,164
143,126,126,6,0
143,126,126,7,2
143,126,126,8,2
143,126,126,9,280
143,126,126,10,1
143,126,126,11,1
143,126,126,12,0
143,126,126,13,0
143,126,126,14,0
143,126,126,15,0
143,126,126,16,0
143,126,126,17,3
143,126,126,18,3
143,126,126,19,0
143,126,126,20,1
143,126,126,21,1
143,126,126,22,0
143,126,126,23,0
143,126,126,24,0
143,126,126,25,0
143,126,126,0,3
143,127,127,1,127
143,127,127,2,352
143,127,127,3,1
143,127,127,4,43
143,127,127,5,143
143,127,127,6,0
143,127,127,7,0
143,127,127,8,0
143,127,127,9,374
143,127,127,10,1
143,127,127,11,1
143,127,127,12,0
143,127,127,13,0
143,127,127,14,0
143,127,127,15,0
143,127,127,16,0
143,127,127,17,1
143,127,127,18,0
143,127,127,19,1
143,127,127,20,0
143,127,127,21,0
143,127,127,22,0
143,127,127,23,0
143,127,127,24,0
143,127,127,25,0
143,127,127,0,6
143,128,128,1,128
143,128,128,2,344
143,128,128,3,3
143,128,128,4,27
143,128,128,5,151
143,128,128,6,2
143,128,128,7,2
143,128,128,8,1
143,128,128,9,285
143,128,128,10,0
143,128,128,11,2
143,128,128,12,0
143,128,128,13,0
143,128,128,14,0
143,128,128,15,0
143,128,128,16,0
143,128,128,17,2
143,128,128,18,2
143,128,128,19,0
143,128,128,20,0
143,128,128,21,0
143,128,128,22,1
143,128,128,23,0
143,128,128,24,0
143,128,128,25,0
143,128,128,0,1
143,128,128,1,0
143,128,128,2,0
143,128,128,3,0
143,128,128,4,0
143,128,128,5,0
143,128,128,6,0
143,128,128,7,0
143,128,128,8,0
143,128,128,9,0
143,128,128,10,0
143,128,128,11,0
143,128,128,12,0
143,128,128,13,0
143,128,128,14,0
143,128,128,15,0
143,128,128,16,0
143,128,128,17,0
143,128,128,18,0
143,128,128,19,0
143,128,128,20,0
143,128,128,21,0
143,128,128,22,0
143,128,128,23,0
143,128,128,24,0
143,128,128,25,0
143,128,128,0,0
143,129,129,1,129
143,129,129,2,270
143,129,129,3,1
143,129,129,4,37
143,129,129,5,206
143,129,129,6,0
143,129,129,7,0
143,129,129,8,1
143,129,129,9,316
143,129,129,10,2
143,129,129,11,0
143,129,129,12,0
143,129,129,13,0
143,129,129,14,0
143,129,129,15,0
143,129,129,16,0
143,129,129,17,1
143,129,129,18,1
143,129,129,19,2
143,129,129,20,1
143,129,129,21,0
143,129,129,22,0
143,129,129,23,0
143,129,129,24,0
143,129,129,25,0
143,129,129,0,2
143,129,129,1,0
143,129,129,2,0
143,129,129,3,0
143,129,129,4,0
143,129,129,5,0
143,129,129,6,0
143,129,129,7,0
143,129,129,8,0
143,129,129,9,0
143,129,129,10,0
143,129,129,11,0
143,129,129,12,0
143,129,129,13,0
143,129,129,14,0
143,129,129,15,0
143,129,129,16,0
143,129,129,17,0
143,129,129,18,0
143,129,129,19,0
143,129,129,20,0
143,129,129,21,0
143,129,129,22,0
143,129,129,23,0
143,129,129,24,0
143,129,129,25,0
143,129,129,0,0
143,130,130,1,130
143,130,130,2,190
143,130,130,3,1
143,130,130,4,34
143,130,130,5,215
143,130,130,6,0
143,130,130,7,0
143,130,130,8,0
143,130,130,9,273
143,130,130,10,0
143,130,130,11,1
143,130,130,12,0
143,130,130,13,0
143,130,130,14,0
143,130,130,15,0
143,130,130,16,0
143,130,130,17,1
143,130,130,18,1
143,130,130,19,0
143,130,130,20,0
143,130,130,21,0
143,130,130,22,0
143,130,130,23,1
143,130,130,24,0
143,130,130,25,0
143,130,130,0,2
143,131,131,1,131
143,131,131,2,208
143,131,131,3,0
143,131,131,4,47
143,131,131,5,267
143,131,131,6,1
143,131,131,7,0
143,131,131,8,4
143,131,131,9,319
143,131,131,10,1
143,131,131,11,1
143,131,131,12,0
143,131,131,13,0
143,131,131,14,0
143,131,131,15,0
143,131,131,16,1
143,131,131,17,1
143,131,131,18,1
143,131,131,19,0
143,131,131,20,0
143,131,131,21,0
143,131,131,22,0
143,131,131,23,0
143,131,131,24,1
143,131,131,25,0
143,131,131,0,0
143,132,132,1,132
143,132,132,2,241
143,132,132,3,1
143,132,132,4,25
143,132,132,5,263
143,132,132,6,1
143,132,132,7,0
143,132,132,8,0
143,132,132,9,263
143,132,132,10,0
143,132,132,11,0
143,132,132,12,0
143,132,132,13,0
143,132,132,14,0
143,132,132,15,0
143,132,132,16,0
143,132,132,17,0
143,132,132,18,3
143,132,132,19,2
143,132,132,20,1
143,132,132,21,0
143,132,132,22,0
143,132,132,23,0
143,132,132,24,0
143,132,132,25,0
143,132,132,0,6
143,133,133,1,133
143,133,133,2,178
143,133,133,3,0
143,133,133,4,22
143,133,133,5,201
143,133,133,6,3
143,133,133,7,0
143,133,133,8,3
143,133,133,9,232
143,133,133,10,0
143,133,133,11,0
143,133,133,12,1
143,133,133,13,0
143,133,133,14,0
143,133,133,15,0
143,133,133,16,0
143,133,133,17,0
143,133,133,18,2
143,133,133,19,0
143,133,133,20,1
143,133,133,21,2
143,133,133,22,0
143,133,133,23,1
143,133,133,24,0
143,133,133,25,1
143,133,133,0,1
143,134,134,1,134
143,134,134,2,124
143,134,134,3,1
143,134,134,4,20
143,134,134,5,169
143,134,134,6,3
143,134,134,7,0
143,134,134,8,0
143,134,134,9,188
143,134,134,10,0
143,134,134,11,0
143,134,134,12,0
143,134,134,13,0
143,134,134,14,3
143,134,134,15,0
143,134,134,16,1
143,134,134,17,2
143,134,134,18,2
143,134,134,19,4
143,134,134,20,0
143,134,134,21,0
143,134,134,22,0
143,134,134,23,0
143,134,134,24,0
143,134,134,25,0
143,134,134,0,0
143,135,135,1,135
143,135,135,2,269
143,135,135,3,2
143,135,135,4,34
143,135,135,5,147
143,135,135,6,2
143,135,135,7,1
143,135,135,8,1
143,135,135,9,272
143,135,135,10,0
143,135,135,11,1
143,135,135,12,0
143,135,135,13,1
143,135,135,14,0
143,135,135,15,0
143,135,135,16,0
143,135,135,17,1
143,135,135,18,0
143,135,135,19,0
143,135,135,20,0
143,135,135,21,0
143,135,135,22,1
143,135,135,23,0
143,135,135,24,1
143,135,135,25,0
143,135,135,0,1
143,136,136,1,136
143,136,136,2,109
143,136,136,3,1
143,136,136,4,9
143,136,136,5,103
143,136,136,6,1
143,136,136,7,0
143,136,136,8,1
143,136,136,9,107
143,136,136,10,0
143,136,136,11,1
143,136,136,12,1
143,136,136,13,0
143,136,136,14,0
143,136,136,15,0
143,136,136,16,0
143,136,136,17,0
143,136,136,18,2
143,136,136,19,1
143,136,136,20,0
143,136,136,21,0
143,136,136,22,0
143,136,136,23,0
143,136,136,24,2
143,136,136,25,0
143,136,136,0,2
143,137,137,1,137
143,137,137,2,157
143,137,137,3,0
143,137,137,4,11
143,137,137,5,106
143,137,137,6,0
143,137,137,7,1
143,137,137,8,0
143,137,137,9,131
143,137,137,10,0
143,137,137,11,5
143,137,137,12,0
143,137,137,13,0
143,137,137,14,0
143,137,137,15,0
143,137,137,16,1
143,137,137,17,1
143,137,137,18,2
143,137,137,19,1
143,137,137,20,1
143,137,137,21,1
143,137,137,22,0
143,137,137,23,1
143,137,137,24,0
143,137,137,25,0
143,137,137,0,2
143,138,138,1,138
143,138,138,2,239
143,138,138,3,3
143,138,138,4,26
143,138,138,5,131
143,138,138,6,0
143,138,138,7,0
143,138,138,8,0
143,138,138,9,312
143,138,138,10,0
143,138,138,11,0
143,138,138,12,0
143,138,138,13,0
143,138,138,14,1
143,138,138,15,1
143,138,138,16,0
143,138,138,17,1
143,138,138,18,0
143,138,138,19,1
143,138,138,20,0
143,138,138,21,0
143,138,138,22,0
143,138,138,23,1
143,138,138,24,0
143,138,138,25,0
143,138,138,0,1
143,139,139,1,139
143,139,139,2,195
143,139,139,3,1
143,139,139,4,42
143,139,139,5,233
143,139,139,6,2
143,139,139,7,0
143,139,139,8,3
143,139,139,9,336
143,139,139,10,1
143,139,139,11,1
143,139,139,12,0
143,139,139,13,0
143,139,139,14,0
143,139,139,15,0
143,139,139,16,0
143,139,139,17,0
143,139,139,18,0
143,139,139,19,1
143,139,139,20,0
143,139,139,21,0
143,139,139,22,0
143,139,139,23,0
143,139,139,24,1
143,139,139,25,1
143,139,139,0,3
143,140,140,1,140
143,140,140,2,332
143,140,140,3,1
143,140,140,4,22
143,140,140,5,144
143,140,140,6,0
143,140,140,7,4
143,140,140,8,1
143,140,140,9,229
143,140,140,10,0
143,140,140,11,0
143,140,140,12,0
143,140,140,13,0
143,140,140,14,0
143,140,140,15,0
143,140,140,16,0
143,140,140,17,0
143,140,140,18,0
143,140,140,19,1
143,140,140,20,1
143,140,140,21,1
143,140,140,22,0
143,140,140,23,0
143,140,140,24,1
143,140,140,25,1
143,140,140,0,0
143,141,141,1,141
143,141,141,2,260
143,141,141,3,0
143,141,141,4,32
143,141,141,5,168
143,141,141,6,1
143,141,141,7,0
143,141,141,8,1
143,141,141,9,215
143,141,141,10,1
143,141,141,11,0
143,141,141,12,0
143,141,141,13,0
143,141,141,14,0
143,141,141,15,0
143,141,141,16,0
143,141,141,17,0
143,141,141,18,1
143,141,141,19,0
143,141,141,20,0
143,141,141,21,0
143,141,141,22,1
143,141,141,23,0
143,141,141,24,0
143,141,141,25,1
143,141,141,0,3
143,142,142,1,142
143,142,142,2,185
143,142,142,3,1
143,142,142,4,38
143,142,142,5,186
143,142,142,6,2
143,142,142,7,0
143,142,142,8,0
143,142,142,9,261
143,142,142,10,1
143,142,142,11,1
143,142,142,12,1
143,142,142,13,0
143,142,142,14,0
143,142,142,15,0
143,142,142,16,0
143,142,142,17,0
143,142,142,18,3
143,142,142,19,3
143,142,142,20,3
143,142,142,21,0
143,142,142,22,1
143,142,142,23,2
143,142,142,24,0
143,142,142,25,2
143,142,142,0,0
143,143,143,1,143
143,143,143,2,282
143,143,143,3,2
143,143,143,4,24
143,143,143,5,152
143,143,143,6,0
143,143,143,7,1
143,143,143,8,0
143,143,143,9,282
143,143,143,10,1
143,143,143,11,0
143,143,143,12,0
143,143,143,13,0
143,143,143,14,0
143,143,143,15,0
143,143,143,16,0
143,143,143,17,3
143,143,143,18,2
143,143,143,19,2
143,143,143,20,1
143,143,143,21,0
143,143,143,22,0
143,143,143,23,0
143,143,143,24,0
143,143,143,25,1
143,143,143,0,0
143,144,144,1,144
143,144,144,2,173
143,144,144,3,0
143,144,144,4,25
143,144,144,5,113
143,144,144,6,0
143,144,144,7,0
143,144,144,8,1
143,144,144,9,204
143,144,144,10,0
143,144,144,11,0
143,144,144,12,0
143,144,144,13,0
143,144,144,14,0
143,144,144,15,0
143,144,144,16,1
143,144,144,17,4
143,144,144,18,1
143,144,144,19,2
143,144,144,20,0
143,144,144,21,0
143,144,144,22,0
143,144,144,23,1
143,144,144,24,1
143,144,144,25,0
143,144,144,0,1
143,145,145,1,145
143,145,145,2,220
143,145,145,3,1
143,145,145,4,17
143,145,145,5,274
143,145,145,6,1
143,145,145,7,0
143,145,145,8,0
143,145,145,9,257
143,145,145,10,2
143,145,145,11,0
143,145,145,12,0
143,145,145,13,0
143,145,145,14,0
143,145,145,15,0
143,145,145,16,1
143,145,145,17,0
143,145,145,18,2
143,145,145,19,2
143,145,145,20,0
143,145,145,21,2
143,145,145,22,0
143,145,145,23,2
143,145,145,24,1
143,145,145,25,0
143,145,145,0,3
143,146,146,1,146
143,146,146,2,219
143,146,146,3,0
143,146,146,4,28
143,146,146,5,211
143,146,146,6,1
143,146,146,7,0
143,146,146,8,0
143,146,146,9,201
143,146,146,10,0
143,146,146,11,1
143,146,146,12,0
143,146,146,13,2
143,146,146,14,0
143,146,146,15,0
143,146,146,16,0
143,146,146,17,1
143,146,146,18,0
143,146,146,19,0
143,146,146,20,0
143,146,146,21,0
143,146,146,22,0
143,146,146,23,1
143,146,146,24,0
143,146,146,25,0
143,146,146,0,2
143,147,147,1,147
143,147,147,2,199
143,147,147,3,1
143,147,147,4,25
143,147,147,5,265
143,147,147,6,2
143,147,147,7,0
143,147,147,8,0
143,147,147,9,182
143,147,147,10,0
143,147,147,11,0
143,147,147,12,0
143,147,147,13,0
143,147,147,14,0
143,147,147,15,0
143,147,147,16,0
143,147,147,17,1
143,147,147,18,3
143,147,147,19,1
143,147,147,20,0
143,147,147,21,2
143,147,147,22,0
143,147,147,23,2
143,147,147,24,0
143,147,147,25,0
143,147,147,0,0
143,148,148,1,148
143,148,148,2,159
143,148,148,3,1
143,148,148,4,14
143,148,148,5,285
143,148,148,6,2
143,148,148,7,0
143,148,148,8,0
143,148,148,9,183
143,148,148,10,0
143,148,148,11,0
143,148,148,12,0
143,148,148,13,0
143,148,148,14,2
143,148,148,15,1
143,148,148,16,0
143,148,148,17,0
143,148,148,18,5
143,148,148,19,1
143,148,148,20,1
143,148,148,21,1
143,148,148,22,0
143,148,148,23,0
143,148,148,24,0
143,148,148,25,0
143,148,148,0,1
143,149,149,1,149
143,149,149,2,174
143,149,149,3,0
143,149,149,4,27
143,149,149,5,94
143,149,149,6,0
143,149,149,7,0
143,149,149,8,1
143,149,149,9,178
143,149,149,10,0
143,149,149,11,0
143,149,149,12,0
143,149,149,13,1
143,149,149,14,1
143,149,149,15,0
143,149,149,16,0
143,149,149,17,1
143,149,149,18,3
143,149,149,19,1
143,149,149,20,1
143,149,149,21,0
143,149,149,22,1
143,149,149,23,0
143,149,149,24,0
143,149,149,25,1
143,149,149,0,1
143,150,150,1,0
143,150,150,2,0
143,150,150,3,0
143,150,150,4,0
143,150,150,5,0
143,150,150,6,0
143,150,150,7,0
143,150,150,8,0
143,150,150,9,0
143,150,150,10,0
143,150,150,11,0
143,150,150,12,0
143,150,150,13,0
143,150,150,14,0
143,150,150,15,0
143,150,150,16,0
143,150,150,17,0
143,150,150,18,0
143,150,150,19,0
143,150,150,20,0
143,150,150,21,0
143,150,150,22,0
143,150,150,23,0
143,150,150,24,0
143,150,150,25,0
143,150,150,0,0
143,150,150,1,150
143,150,150,2,174
143,150,150,3,2
143,150,150,4,14
143,150,150,5,141
143,150,150,6,0
143,150,150,7,0
143,150,150,8,0
143,150,150,9,161
143,150,150,10,0
143,150,150,11,2
143,150,150,12,1
143,150,150,13,0
143,150,150,14,0
143,150,150,15,0
143,150,150,16,0
143,150,150,17,0
143,150,150,18,1
143,150,150,19,1
143,150,150,20,0
143,150,150,21,0
143,150,150,22,0
143,150,150,23,0
143,150,150,24,0
143,150,150,25,1
143,150,150,0,1
143,151,151,1,0
143,151,151,2,0
143,151,151,3,0
143,151,151,4,0
143,151,151,5,0
143,151,151,6,0
143,151,151,7,0
143,151,151,8,0
143,151,151,9,0
143,151,151,10,0
143,151,151,11,0
143,151,151,12,0
143,151,151,13,0
143,151,151,14,0
143,151,151,15,0
143,151,151,16,0
143,151,151,17,0
143,151,151,18,0
143,151,151,19,0
143,151,151,20,0
143,151,151,21,0
143,151,151,22,0
143,151,151,23,0
143,151,151,24,0
143,151,151,25,0
143,151,151,0,0
143,151,151,1,151
143,151,151,2,198
143,151,151,3,2
143,151,151,4,22
143,151,151,5,110
143,151,151,6,0
143,151,151,7,0
143,151,151,8,0
143,151,151,9,160
143,151,151,10,0
143,151,151,11,0
143,151,151,12,0
143,151,151,13,0
143,151,151,14,0
143,151,151,15,0
143,151,151,16,0
143,151,151,17,0
143,151,151,18,3
143,151,151,19,2
143,151,151,20,0
143,151,151,21,0
143,151,151,22,0
143,151,151,23,0
143,151,151,24,0
143,151,151,25,0
143,151,151,0,0
143,152,152,1,152
143,152,152,2,176
143,152,152,3,1
143,152,152,4,14
143,152,152,5,341
143,152,152,6,4
143,152,152,7,0
143,152,152,8,0
143,152,152,9,218
143,152,152,10,0
143,152,152,11,0
143,152,152,12,0
143,152,152,13,0
143,152,152,14,3
143,152,152,15,0
143,152,152,16,0
143,152,152,17,1
143,152,152,18,0
143,152,152,19,0
143,152,152,20,0
143,152,152,21,1
143,152,152,22,1
143,152,152,23,0
143,152,152,24,0
143,152,152,25,0
143,152,152,0,0
143,153,153,1,153
143,153,153,2,268
143,153,153,3,1
143,153,153,4,32
143,153,153,5,231
143,153,153,6,0
143,153,153,7,3
143,153,153,8,0
143,153,153,9,284
143,153,153,10,0
143,153,153,11,0
143,153,153,12,0
143,153,153,13,0
143,153,153,14,1
143,153,153,15,0
143,153,153,16,0
143,153,153,17,1
143,153,153,18,2
143,153,153,19,1
143,153,153,20,0
143,153,153,21,0
143,153,153,22,1
143,153,153,23,0
143,153,153,24,0
143,153,153,25,0
143,153,153,0,2
143,154,154,1,154
143,154,154,2,215
143,154,154,3,1
143,154,154,4,9
143,154,154,5,206
143,154,154,6,0
143,154,154,7,0
143,154,154,8,0
143,154,154,9,295
143,154,154,10,0
143,154,154,11,0
143,154,154,12,0
143,154,154,13,0
143,154,154,14,2
143,154,154,15,0
143,154,154,16,0
143,154,154,17,0
143,154,154,18,0
143,154,154,19,0
143,154,154,20,1
143,154,154,21,0
143,154,154,22,0
143,154,154,23,0
143,154,154,24,0
143,154,154,25,0
143,154,154,0,1
143,155,155,1,155
143,155,155,2,142
143,155,155,3,0
143,155,155,4,21
143,155,155,5,114
143,155,155,6,0
143,155,155,7,1
143,155,155,8,0
143,155,155,9,253
143,155,155,10,1
143,155,155,11,0
143,155,155,12,0
143,155,155,13,0
143,155,155,14,0
143,155,155,15,1
143,155,155,16,1
143,155,155,17,0
143,155,155,18,1
143,155,155,19,0
143,155,155,20,0
143,155,155,21,0
143,155,155,22,0
143,155,155,23,0
143,155,155,24,0
143,155,155,25,0
143,155,155,0,1
143,156,156,1,156
143,156,156,2,185
143,156,156,3,0
143,156,156,4,18
143,156,156,5,253
143,156,156,6,2
143,156,156,7,1
143,156,156,8,0
143,156,156,9,343
143,156,156,10,0
143,156,156,11,5
143,156,156,12,1
143,156,156,13,0
143,156,156,14,0
143,156,156,15,0
143,156,156,16,1
143,156,156,17,0
143,156,156,18,0
143,156,156,19,1
143,156,156,20,0
143,156,156,21,0
143,156,156,22,0
143,156,156,23,1
143,156,156,24,3
143,156,156,25,0
143,156,156,0,5
143,157,157,1,157
143,157,157,2,290
143,157,157,3,0
143,157,157,4,20
143,157,157,5,218
143,157,157,6,0
143,157,157,7,2
143,157,157,8,1
143,157,157,9,254
143,157,157,10,1
143,157,157,11,1
143,157,157,12,0
143,157,157,13,1
143,157,157,14,1
143,157,157,15,0
143,157,157,16,3
143,157,157,17,0
143,157,157,18,2
143,157,157,19,0
143,157,157,20,1
143,157,157,21,1
143,157,157,22,0
143,157,157,23,0
143,157,157,24,1
143,157,157,25,0
143,157,157,0,1
143,158,158,1,158
143,158,158,2,261
143,158,158,3,2
143,158,158,4,24
143,158,158,5,151
143,158,158,6,0
143,158,158,7,1
143,158,158,8,1
143,158,158,9,295
143,158,158,10,1
143,158,158,11,0
143,158,158,12,1
143,158,158,13,1
143,158,158,14,0
143,158,158,15,0
143,158,158,16,0
143,158,158,17,1
143,158,158,18,1
143,158,158,19,1
143,158,158,20,0
143,158,158,21,0
143,158,158,22,0
143,158,158,23,0
143,158,158,24,0
143,158,158,25,1
143,158,158,0,3
143,159,159,1,159
143,159,159,2,283
143,159,159,3,0
143,159,159,4,37
143,159,159,5,140
143,159,159,6,1
143,159,159,7,0
143,159,159,8,1
143,159,159,9,242
143,159,159,10,0
143,159,159,11,0
143,159,159,12,0
143,159,159,13,1
143,159,159,14,0
143,159,159,15,2
143,159,159,16,0
143,159,159,17,0
143,159,159,18,2
143,159,159,19,2
143,159,159,20,0
143,159,159,21,0
143,159,159,22,0
143,159,159,23,0
143,159,159,24,0
143,159,159,25,0
143,159,159,0,2
143,160,160,1,160
143,160,160,2,213
143,160,160,3,0
143,160,160,4,37
143,160,160,5,163
143,160,160,6,2
143,160,160,7,0
143,160,160,8,1
143,160,160,9,284
143,160,160,10,2
143,160,160,11,0
143,160,160,12,1
143,160,160,13,0
143,160,160,14,1
143,160,160,15,0
143,160,160,16,0
143,160,160,17,3
143,160,160,18,3
143,160,160,19,0
143,160,160,20,1
143,160,160,21,0
143,160,160,22,0
143,160,160,23,0
143,160,160,24,1
143,160,160,25,0
143,160,160,0,4
143,161,161,1,161
143,161,161,2,225
143,161,161,3,1
143,161,161,4,37
143,161,161,5,322
143,161,161,6,0
143,161,161,7,0
143,161,161,8,1
143,161,161,9,294
143,161,161,10,1
143,161,161,11,1
143,161,161,12,0
143,161,161,13,1
143,161,161,14,0
143,161,161,15,0
143,161,161,16,0
143,161,161,17,1
143,161,161,18,0
143,161,161,19,2
143,161,161,20,0
143,161,161,21,1
143,161,161,22,0
143,161,161,23,1
143,161,161,24,0
143,161,161,25,0
143,161,161,0,4
143,162,162,1,162
143,162,162,2,96
143,162,162,3,0
143,162,162,4,17
143,162,162,5,224
143,162,162,6,0
143,162,162,7,0
143,162,162,8,1
143,162,162,9,169
143,162,162,10,0
143,162,162,11,1
143,162,162,12,0
143,162,162,13,0
143,162,162,14,1
143,162,162,15,0
143,162,162,16,0
143,162,162,17,1
143,162,162,18,0
143,162,162,19,1
143,162,162,20,0
143,162,162,21,0
143,162,162,22,0
143,162,162,23,1
143,162,162,24,0
143,162,162,25,0
143,162,162,0,0
143,163,163,1,163
143,163,163,2,229
143,163,163,3,0
143,163,163,4,15
143,163,163,5,129
143,163,163,6,0
143,163,163,7,0
143,163,163,8,1
143,163,163,9,242
143,163,163,10,0
143,163,163,11,0
143,163,163,12,0
143,163,163,13,0
143,163,163,14,0
143,163,163,15,0
143,163,163,16,0
143,163,163,17,1
143,163,163,18,1
143,163,163,19,1
143,163,163,20,1
143,163,163,21,1
143,163,163,22,0
143,163,163,23,0
143,163,163,24,0
143,163,163,25,0
143,163,163,0,1
143,164,164,1,164
143,164,164,2,254
143,164,164,3,1
143,164,164,4,24
143,164,164,5,164
143,164,164,6,2
143,164,164,7,1
143,164,164,8,0
143,164,164,9,244
143,164,164,10,1
143,164,164,11,3
143,164,164,12,0
143,164,164,13,0
143,164,164,14,1
143,164,164,15,0
143,164,164,16,0
143,164,164,17,1
143,164,164,18,0
143,164,164,19,2
143,164,164,20,0
143,164,164,21,0
143,164,164,22,0
143,164,164,23,1
143,164,164,24,1
143,164,164,25,0
143,164,164,0,2
143,165,165,1,165
143,165,165,2,272
143,165,165,3,0
143,165,165,4,36
143,165,165,5,306
143,165,165,6,2
143,165,165,7,1
143,165,165,8,0
143,165,165,9,365
143,165,165,10,0
143,165,165,11,9
143,165,165,12,0
143,165,165,13,0
143,165,165,14,1
143,165,165,15,0
143,165,165,16,1
143,165,165,17,0
143,165,165,18,4
143,165,165,19,1
143,165,165,20,0
143,165,165,21,0
143,165,165,22,0
143,165,165,23,0
143,165,165,24,1
143,165,165,25,1
143,165,165,0,2
143,166,166,1,166
143,166,166,2,318
143,166,166,3,0
143,166,166,4,22
143,166,166,5,252
143,166,166,6,2
143,166,166,7,1
143,166,166,8,0
143,166,166,9,290
143,166,166,10,0
143,166,166,11,0
143,166,166,12,1
143,166,166,13,0
143,166,166,14,1
143,166,166,15,0
143,166,166,16,1
143,166,166,17,0
143,166,166,18,1
143,166,166,19,1
143,166,166,20,0
143,166,166,21,0
143,166,166,22,1
143,166,166,23,1
143,166,166,24,2
143,166,166,25,1
143,166,166,0,1
143,167,167,1,167
143,167,167,2,219
143,167,167,3,1
143,167,167,4,12
143,167,167,5,218
143,167,167,6,3
143,167,167,7,0
143,167,167,8,0
143,167,167,9,233
143,167,167,10,0
143,167,167,11,0
143,167,167,12,0
143,167,167,13,0
143,167,167,14,1
143,167,167,15,0
143,167,167,16,1
143,167,167,17,0
143,167,167,18,0
143,167,167,19,0
143,167,167,20,0
143,167,167,21,0
143,167,167,22,0
143,167,167,23,0
143,167,167,24,0
143,167,167,25,1
143,167,167,0,1
143,168,168,1,168
143,168,168,2,288
143,168,168,3,3
143,168,168,4,48
143,168,168,5,236
143,168,168,6,3
143,168,168,7,1
143,168,168,8,0
143,168,168,9,221
143,168,168,10,1
143,168,168,11,0
143,168,168,12,0
143,168,168,13,0
143,168,168,14,0
143,168,168,15,0
143,168,168,16,1
143,168,168,17,1
143,168,168,18,2
143,168,168,19,3
143,168,168,20,0
143,168,168,21,0
143,168,168,22,2
143,168,168,23,2
143,168,168,24,0
143,168,168,25,0
143,168,168,0,3
143,169,169,1,169
143,169,169,2,194
143,169,169,3,1
143,169,169,4,18
143,169,169,5,288
143,169,169,6,0
143,169,169,7,0
143,169,169,8,1
143,169,169,9,192
143,169,169,10,1
143,169,169,11,0
143,169,169,12,1
143,169,169,13,0
143,169,169,14,1
143,169,169,15,0
143,169,169,16,0
143,169,169,17,0
143,169,169,18,1
143,169,169,19,0
143,169,169,20,0
143,169,169,21,0
143,169,169,22,0
143,169,169,23,0
143,169,169,24,0
143,169,169,25,0
143,169,169,0,0
143,170,170,1,170
143,170,170,2,201
143,170,170,3,1
143,170,170,4,15
143,170,170,5,140
143,170,170,6,1
143,170,170,7,0
143,170,170,8,1
143,170,170,9,264
143,170,170,10,1
143,170,170,11,0
143,170,170,12,2
143,170,170,13,0
143,170,170,14,0
143,170,170,15,0
143,170,170,16,1
143,170,170,17,0
143,170,170,18,0
143,170,170,19,0
143,170,170,20,0
143,170,170,21,0
143,170,170,22,0
143,170,170,23,0
143,170,170,24,0
143,170,170,25,0
143,170,170,0,1
143,171,171,1,171
143,171,171,2,221
143,171,171,3,1
143,171,171,4,11
143,171,171,5,154
143,171,171,6,1
143,171,171,7,0
143,171,171,8,0
143,171,171,9,197
143,171,171,10,0
143,171,171,11,0
143,171,171,12,1
143,171,171,13,0
143,171,171,14,0
143,171,171,15,0
143,171,171,16,0
143,171,171,17,0
143,171,171,18,1
143,171,171,19,0
143,171,171,20,0
143,171,171,21,0
143,171,171,22,0
143,171,171,23,1
143,171,171,24,4
143,171,171,25,0
143,171,171,0,1
143,172,172,1,0
143,172,172,2,0
143,172,172,3,0
143,172,172,4,0
143,172,172,5,0
143,172,172,6,0
143,172,172,7,0
143,172,172,8,0
143,172,172,9,0
143,172,172,10,0
143,172,172,11,0
143,172,172,12,0
143,172,172,13,0
143,172,172,14,0
143,172,172,15,0
143,172,172,16,0
143,172,172,17,0
143,172,172,18,0
143,172,172,19,0
143,172,172,20,0
143,172,172,21,0
143,172,172,22,0
143,172,172,23,0
143,172,172,24,0
143,172,172,25,0
143,172,172,0,0
143,172,172,1,172
143,172,172,2,203
143,172,172,3,2
143,172,172,4,14
143,172,172,5,244
143,172,172,6,0
143,172,172,7,0
143,172,172,8,1
143,172,172,9,255
143,172,172,10,0
143,172,172,11,0
143,172,172,12,0
143,172,172,13,0
143,172,172,14,1
143,172,172,15,0
143,172,172,16,0
143,172,172,17,1
143,172,172,18,0
143,172,172,19,1
143,172,172,20,1
143,172,172,21,0
143,172,172,22,0
143,172,172,23,0
143,172,172,24,2
143,172,172,25,0
143,172,172,0,3
143,173,173,1,0
143,173,173,2,0
143,173,173,3,0
143,173,173,4,0
143,173,173,5,0
143,173,173,6,0
143,173,173,7,0
143,173,173,8,0
143,173,173,9,0
143,173,173,10,0
143,173,173,11,0
143,173,173,12,0
143,173,173,13,0
143,173,173,14,0
143,173,173,15,0
143,173,173,16,0
143,173,173,17,0
143,173,173,18,0
143,173,173,19,0
143,173,173,20,0
143,173,173,21,0
143,173,173,22,0
143,173,173,23,0
143,173,173,24,0
143,173,173,25,0
143,173,173,0,0
143,173,173,1,173
143,173,173,2,324
143,173,173,3,1
143,173,173,4,15
143,173,173,5,63
143,173,173,6,0
143,173,173,7,0
143,173,173,8,0
143,173,173,9,157
143,173,173,10,0
143,173,173,11,0
143,173,173,12,0
143,173,173,13,0
143,173,173,14,0
143,173,173,15,0
143,173,173,16,1
143,173,173,17,0
143,173,173,18,1
143,173,173,19,2
143,173,173,20,0
143,173,173,21,0
143,173,173,22,0
143,173,173,23,0
143,173,173,24,2
143,173,173,25,0
143,173,173,0,1
143,174,174,1,174
143,174,174,2,132
143,174,174,3,0
143,174,174,4,12
143,174,174,5,129
143,174,174,6,0
143,174,174,7,0
143,174,174,8,2
143,174,174,9,177
143,174,174,10,0
143,174,174,11,0
143,174,174,12,1
143,174,174,13,0
143,174,174,14,0
143,174,174,15,0
143,174,174,16,0
143,174,174,17,0
143,174,174,18,0
143,174,174,19,1
143,174,174,20,0
143,174,174,21,0
143,174,174,22,0
143,174,174,23,0
143,174,174,24,0
143,174,174,25,0
143,174,174,0,1
143,175,175,1,175
143,175,175,2,113
143,175,175,3,1
143,175,175,4,12
143,175,175,5,151
143,175,175,6,1
143,175,175,7,0
143,175,175,8,0
143,175,175,9,170
143,175,175,10,0
143,175,175,11,0
143,175,175,12,0
143,175,175,13,0
143,175,175,14,0
143,175,175,15,0
143,175,175,16,0
143,175,175,17,1
143,175,175,18,1
143,175,175,19,0
143,175,175,20,0
143,175,175,21,1
143,175,175,22,0
143,175,175,23,1
143,175,175,24,3
143,175,175,25,0
143,175,175,0,1
143,176,176,1,176
143,176,176,2,143
143,176,176,3,1
143,176,176,4,20
143,176,176,5,128
143,176,176,6,2
143,176,176,7,0
143,176,176,8,3
143,176,176,9,252
143,176,176,10,0
143,176,176,11,0
143,176,176,12,0
143,176,176,13,1
143,176,176,14,0
143,176,176,15,1
143,176,176,16,0
143,176,176,17,1
143,176,176,18,0
143,176,176,19,0
143,176,176,20,0
143,176,176,21,0
143,176,176,22,0
143,176,176,23,2
143,176,176,24,0
143,176,176,25,0
143,176,176,0,3
143,177,177,1,177
143,177,177,2,196
143,177,177,3,1
143,177,177,4,19
143,177,177,5,130
143,177,177,6,0
143,177,177,7,0
143,177,177,8,0
143,177,177,9,222
143,177,177,10,0
143,177,177,11,0
143,177,177,12,1
143,177,177,13,0
143,177,177,14,0
143,177,177,15,0
143,177,177,16,0
143,177,177,17,1
143,177,177,18,1
143,177,177,19,0
143,177,177,20,0
143,177,177,21,0
143,177,177,22,1
143,177,177,23,0
143,177,177,24,0
143,177,177,25,0
143,177,177,0,2
143,178,178,1,178
143,178,178,2,272
143,178,178,3,2
143,178,178,4,27
143,178,178,5,221
143,178,178,6,0
143,178,178,7,0
143,178,178,8,1
143,178,178,9,262
143,178,178,10,0
143,178,178,11,1
143,178,178,12,0
143,178,178,13,0
143,178,178,14,0
143,178,178,15,1
143,178,178,16,0
143,178,178,17,0
143,178,178,18,0
143,178,178,19,1
143,178,178,20,0
143,178,178,21,2
143,178,178,22,0
143,178,178,23,0
143,178,178,24,0
143,178,178,25,0
143,178,178,0,4
143,179,179,1,179
143,179,179,2,264
143,179,179,3,3
143,179,179,4,2
143,179,179,5,74
143,179,179,6,0
143,179,179,7,0
143,179,179,8,0
143,179,179,9,193
143,179,179,10,0
143,179,179,11,2
143,179,179,12,0
143,179,179,13,0
143,179,179,14,0
143,179,179,15,0
143,179,179,16,0
143,179,179,17,0
143,179,179,18,0
143,179,179,19,1
143,179,179,20,1
143,179,179,21,0
143,179,179,22,1
143,179,179,23,0
143,179,179,24,0
143,179,179,25,0
143,179,179,0,2
143,180,180,1,180
143,180,180,2,160
143,180,180,3,0
143,180,180,4,16
143,180,180,5,146
143,180,180,6,1
143,180,180,7,1
143,180,180,8,0
143,180,180,9,169
143,180,180,10,0
143,180,180,11,0
143,180,180,12,0
143,180,180,13,0
143,180,180,14,0
143,180,180,15,0
143,180,180,16,0
143,180,180,17,0
143,180,180,18,2
143,180,180,19,0
143,180,180,20,0
143,180,180,21,0
143,180,180,22,0
143,180,180,23,0
143,180,180,24,1
143,180,180,25,0
143,180,180,0,0
143,181,181,1,181
143,181,181,2,163
143,181,181,3,1
143,181,181,4,22
143,181,181,5,192
143,181,181,6,1
143,181,181,7,0
143,181,181,8,2
143,181,181,9,218
143,181,181,10,1
143,181,181,11,0
143,181,181,12,0
143,181,181,13,0
143,181,181,14,0
143,181,181,15,0
143,181,181,16,0
143,181,181,17,0
143,181,181,18,0
143,181,181,19,0
143,181,181,20,0
143,181,181,21,0
143,181,181,22,0
143,181,181,23,0
143,181,181,24,0
143,181,181,25,0
143,181,181,0,3
143,182,182,1,182
143,182,182,2,207
143,182,182,3,2
143,182,182,4,17
143,182,182,5,170
143,182,182,6,0
143,182,182,7,0
143,182,182,8,2
143,182,182,9,191
143,182,182,10,2
143,182,182,11,0
143,182,182,12,0
143,182,182,13,0
143,182,182,14,0
143,182,182,15,0
143,182,182,16,0
143,182,182,17,0
143,182,182,18,2
143,182,182,19,2
143,182,182,20,0
143,182,182,21,0
143,182,182,22,0
143,182,182,23,0
143,182,182,24,0
143,182,182,25,0
143,182,182,0,2
143,183,183,1,183
143,183,183,2,214
143,183,183,3,1
143,183,183,4,22
143,183,183,5,150
143,183,183,6,1
143,183,183,7,0
143,183,183,8,1
143,183,183,9,174
143,183,183,10,1
143,183,183,11,0
143,183,183,12,0
143,183,183,13,0
143,183,183,14,1
143,183,183,15,0
143,183,183,16,0
143,183,183,17,1
143,183,183,18,1
143,183,183,19,0
143,183,183,20,0
143,183,183,21,0
143,183,183,22,0
143,183,183,23,0
143,183,183,24,0
143,183,183,25,0
143,183,183,0,3
143,184,184,1,184
143,184,184,2,296
143,184,184,3,0
143,184,184,4,11
143,184,184,5,132
143,184,184,6,1
143,184,184,7,0
143,184,184,8,0
143,184,184,9,223
143,184,184,10,0
143,184,184,11,0
143,184,184,12,0
143,184,184,13,0
143,184,184,14,0
143,184,184,15,0
143,184,184,16,0
143,184,184,17,1
143,184,184,18,0
143,184,184,19,0
143,184,184,20,0
143,184,184,21,0
143,184,184,22,1
143,184,184,23,0
143,184,184,24,0
143,184,184,25,0
143,184,184,0,0
143,185,185,1,185
143,185,185,2,183
143,185,185,3,1
143,185,185,4,21
143,185,185,5,85
143,185,185,6,0
143,185,185,7,0
143,185,185,8,1
143,185,185,9,178
143,185,185,10,0
143,185,185,11,1
143,185,185,12,0
143,185,185,13,0
143,185,185,14,0
143,185,185,15,0
143,185,185,16,0
143,185,185,17,0
143,185,185,18,1
143,185,185,19,0
143,185,185,20,0
143,185,185,21,0
143,185,185,22,0
143,185,185,23,0
143,185,185,24,6
143,185,185,25,0
143,185,185,0,1
143,186,186,1,186
143,186,186,2,161
143,186,186,3,1
143,186,186,4,22
143,186,186,5,146
143,186,186,6,0
143,186,186,7,0
143,186,186,8,1
143,186,186,9,123
143,186,186,10,0
143,186,186,11,0
143,186,186,12,0
143,186,186,13,0
143,186,186,14,0
143,186,186,15,0
143,186,186,16,0
143,186,186,17,0
143,186,186,18,0
143,186,186,19,1
143,186,186,20,0
143,186,186,21,0
143,186,186,22,0
143,186,186,23,0
143,186,186,24,2
143,186,186,25,0
143,186,186,0,0
143,187,187,1,187
143,187,187,2,109
143,187,187,3,1
143,187,187,4,12
143,187,187,5,198
143,187,187,6,1
143,187,187,7,0
143,187,187,8,0
143,187,187,9,143
143,187,187,10,2
143,187,187,11,0
143,187,187,12,0
143,187,187,13,0
143,187,187,14,0
143,187,187,15,0
143,187,187,16,0
143,187,187,17,1
143,187,187,18,2
143,187,187,19,0
143,187,187,20,0
143,187,187,21,0
143,187,187,22,1
143,187,187,23,0
143,187,187,24,0
143,187,187,25,0
143,187,187,0,0
143,188,188,1,188
143,188,188,2,109
143,188,188,3,2
143,188,188,4,8
143,188,188,5,185
143,188,188,6,2
143,188,188,7,0
143,188,188,8,1
143,188,188,9,118
143,188,188,10,0
143,188,188,11,0
143,188,188,12,0
143,188,188,13,0
143,188,188,14,0
143,188,188,15,0
143,188,188,16,0
143,188,188,17,2
143,188,188,18,1
143,188,188,19,0
143,188,188,20,0
143,188,188,21,0
143,188,188,22,0
143,188,188,23,0
143,188,188,24,0
143,188,188,25,0
143,188,188,0,3
143,189,189,1,189
143,189,189,2,124
143,189,189,3,3
143,189,189,4,15
143,189,189,5,183
143,189,189,6,0
143,189,189,7,1
143,189,189,8,0
143,189,189,9,140
143,189,189,10,0
143,189,189,11,0
143,189,189,12,0
143,189,189,13,0
143,189,189,14,0
143,189,189,15,0
143,189,189,16,0
143,189,189,17,0
143,189,189,18,2
143,189,189,19,6
143,189,189,20,0
143,189,189,21,1
143,189,189,22,0
143,189,189,23,1
143,189,189,24,2
143,189,189,25,1
143,189,189,0,0
143,190,190,1,190
143,190,190,2,156
143,190,190,3,1
143,190,190,4,13
143,190,190,5,139
143,190,190,6,0
143,190,190,7,0
143,190,190,8,0
143,190,190,9,137
143,190,190,10,1
143,190,190,11,0
143,190,190,12,0
143,190,190,13,0
143,190,190,14,0
143,190,190,15,0
143,190,190,16,0
143,190,190,17,2
143,190,190,18,0
143,190,190,19,0
143,190,190,20,0
143,190,190,21,0
143,190,190,22,1
143,190,190,23,0
143,190,190,24,5
143,190,190,25,0
143,190,190,0,0
143,191,191,1,191
143,191,191,2,216
143,191,191,3,2
143,191,191,4,11
143,191,191,5,254
143,191,191,6,3
143,191,191,7,0
143,191,191,8,0
143,191,191,9,181
143,191,191,10,0
143,191,191,11,0
143,191,191,12,0
143,191,191,13,0
143,191,191,14,0
143,191,191,15,0
143,191,191,16,0
143,191,191,17,1
143,191,191,18,1
143,191,191,19,1
143,191,191,20,0
143,191,191,21,0
143,191,191,22,0
143,191,191,23,1
143,191,191,24,0
143,191,191,25,0
143,191,191,0,1
143,192,192,1,192
143,192,192,2,226
143,192,192,3,2
143,192,192,4,19
143,192,192,5,293
143,192,192,6,2
143,192,192,7,1
143,192,192,8,2
143,192,192,9,182
143,192,192,10,1
143,192,192,11,0
143,192,192,12,0
143,192,192,13,1
143,192,192,14,0
143,192,192,15,0
143,192,192,16,0
143,192,192,17,0
143,192,192,18,1
143,192,192,19,0
143,192,192,20,1
143,192,192,21,2
143,192,192,22,0
143,192,192,23,1
143,192,192,24,1
143,192,192,25,0
143,192,192,0,0
143,193,193,1,193
143,193,193,2,304
143,193,193,3,1
143,193,193,4,25
143,193,193,5,168
143,193,193,6,0
143,193,193,7,3
143,193,193,8,0
143,193,193,9,239
143,193,193,10,0
143,193,193,11,0
143,193,193,12,0
143,193,193,13,0
143,193,193,14,0
143,193,193,15,0
143,193,193,16,0
143,193,193,17,0
143,193,193,18,3
143,193,193,19,1
143,193,193,20,0
143,193,193,21,0
143,193,193,22,0
143,193,193,23,2
143,193,193,24,0
143,193,193,25,1
143,193,193,0,0
143,194,194,1,194
143,194,194,2,229
143,194,194,3,0
143,194,194,4,22
143,194,194,5,196
143,194,194,6,1
143,194,194,7,0
143,194,194,8,1
143,194,194,9,197
143,194,194,10,0
143,194,194,11,0
143,194,194,12,0
143,194,194,13,0
143,194,194,14,1
143,194,194,15,0
143,194,194,16,0
143,194,194,17,1
143,194,194,18,2
143,194,194,19,2
143,194,194,20,0
143,194,194,21,1
143,194,194,22,0
143,194,194,23,0
143,194,194,24,0
143,194,194,25,0
143,194,194,0,2
143,194,194,1,0
143,194,194,2,0
143,194,194,3,0
143,194,194,4,0
143,194,194,5,0
143,194,194,6,0
143,194,194,7,0
143,194,194,8,0
143,194,194,9,0
143,194,194,10,0
143,194,194,11,0
143,194,194,12,0
143,194,194,13,0
143,194,194,14,0
143,194,194,15,0
143,194,194,16,0
143,194,194,17,0
143,194,194,18,0
143,194,194,19,0
143,194,194,20,0
143,194,194,21,0
143,194,194,22,0
143,194,194,23,0
143,194,194,24,0
143,194,194,25,0
143,194,194,0,0
143,195,195,1,195
143,195,195,2,270
143,195,195,3,2
143,195,195,4,34
143,195,195,5,329
143,195,195,6,0
143,195,195,7,0
143,195,195,8,1
143,195,195,9,266
143,195,195,10,0
143,195,195,11,0
143,195,195,12,0
143,195,195,13,1
143,195,195,14,3
143,195,195,15,0
143,195,195,16,0
143,195,195,17,0
143,195,195,18,0
143,195,195,19,1
143,195,195,20,0
143,195,195,21,0
143,195,195,22,0
143,195,195,23,0
143,195,195,24,0
143,195,195,25,0
143,195,195,0,3
143,195,195,1,0
143,195,195,2,0
143,195,195,3,0
143,195,195,4,0
143,195,195,5,0
143,195,195,6,0
143,195,195,7,0
143,195,195,8,0
143,195,195,9,0
143,195,195,10,0
143,195,195,11,0
143,195,195,12,0
143,195,195,13,0
143,195,195,14,0
143,195,195,15,0
143,195,195,16,0
143,195,195,17,0
143,195,195,18,0
143,195,195,19,0
143,195,195,20,0
143,195,195,21,0
143,195,195,22,0
143,195,195,23,0
143,195,195,24,0
143,195,195,25,0
143,195,195,0,0
143,196,196,1,196
143,196,196,2,95
143,196,196,3,0
143,196,196,4,14
143,196,196,5,123
143,196,196,6,1
143,196,196,7,0
143,196,196,8,0
143,196,196,9,80
143,196,196,10,0
143,196,196,11,0
143,196,196,12,0
143,196,196,13,1
143,196,196,14,0
143,196,196,15,0
143,196,196,16,0
143,196,196,17,0
143,196,196,18,1
143,196,196,19,3
143,196,196,20,0
143,196,196,21,0
143,196,196,22,0
143,196,196,23,0
143,196,196,24,0
143,196,196,25,0
143,196,196,0,0
143,197,197,1,197
143,197,197,2,252
143,197,197,3,2
143,197,197,4,22
143,197,197,5,289
143,197,197,6,1
143,197,197,7,0
143,197,197,8,0
143,197,197,9,259
143,197,197,10,1
143,197,197,11,0
143,197,197,12,1
143,197,197,13,0
143,197,197,14,1
143,197,197,15,0
143,197,197,16,0
143,197,197,17,0
143,197,197,18,1
143,197,197,19,2
143,197,197,20,0
143,197,197,21,3
143,197,197,22,0
143,197,197,23,1
143,197,197,24,0
143,197,197,25,0
143,197,197,0,1
143,198,198,1,198
143,198,198,2,264
143,198,198,3,0
143,198,198,4,26
143,198,198,5,143
143,198,198,6,2
143,198,198,7,0
143,198,198,8,0
143,198,198,9,247
143,198,198,10,0
143,198,198,11,0
143,198,198,12,0
143,198,198,13,0
143,198,198,14,0
143,198,198,15,0
143,198,198,16,0
143,198,198,17,1
143,198,198,18,1
143,198,198,19,1
143,198,198,20,0
143,198,198,21,1
143,198,198,22,0
143,198,198,23,0
143,198,198,24,0
143,198,198,25,0
143,198,198,0,1
143,199,199,1,199
143,199,199,2,217
143,199,199,3,1
143,199,199,4,22
143,199,199,5,235
143,199,199,6,1
143,199,199,7,0
143,199,199,8,2
143,199,199,9,242
143,199,199,10,0
143,199,199,11,1
143,199,199,12,0
143,199,199,13,0
143,199,199,14,0
143,199,199,15,0
143,199,199,16,1
143,199,199,17,1
143,199,199,18,3
143,199,199,19,4
143,199,199,20,0
143,199,199,21,0
143,199,199,22,0
143,199,199,23,1
143,199,199,24,2
143,199,199,25,0
143,199,199,0,1
143,200,200,1,200
143,200,200,2,152
143,200,200,3,2
143,200,200,4,13
143,200,200,5,216
143,200,200,6,0
143,200,200,7,1
143,200,200,8,1
143,200,200,9,213
143,200,200,10,1
143,200,200,11,0
143,200,200,12,1
143,200,200,13,0
143,200,200,14,1
143,200,200,15,0
143,200,200,16,0
143,200,200,17,0
143,200,200,18,3
143,200,200,19,0
143,200,200,20,0
143,200,200,21,0
143,200,200,22,0
143,200,200,23,0
143,200,200,24,0
143,200,200,25,0
143,200,200,0,3
143,201,201,1,201
143,201,201,2,175
143,201,201,3,1
143,201,201,4,25
143,201,201,5,339
143,201,201,6,4
143,201,201,7,0
143,201,201,8,0
143,201,201,9,345
143,201,201,10,0
143,201,201,11,0
143,201,201,12,0
143,201,201,13,2
143,201,201,14,0
143,201,201,15,1
143,201,201,16,1
143,201,201,17,0
143,201,201,18,3
143,201,201,19,1
143,201,201,20,0
143,201,201,21,2
143,201,201,22,0
143,201,201,23,0
143,201,201,24,0
143,201,201,25,1
143,201,201,0,1
143,202,202,1,202
143,202,202,2,181
143,202,202,3,1
143,202,202,4,25
143,202,202,5,355
143,202,202,6,1
143,202,202,7,0
143,202,202,8,0
143,202,202,9,288
143,202,202,10,0
143,202,202,11,0
143,202,202,12,0
143,202,202,13,0
143,202,202,14,0
143,202,202,15,0
143,202,202,16,0
143,202,202,17,0
143,202,202,18,1
143,202,202,19,4
143,202,202,20,0
143,202,202,21,4
143,202,202,22,0
143,202,202,23,0
143,202,202,24,4
143,202,202,25,1
143,202,202,0,1
143,203,203,1,203
143,203,203,2,164
143,203,203,3,0
143,203,203,4,10
143,203,203,5,168
143,203,203,6,1
143,203,203,7,1
143,203,203,8,0
143,203,203,9,195
143,203,203,10,0
143,203,203,11,4
143,203,203,12,0
143,203,203,13,0
143,203,203,14,0
143,203,203,15,0
143,203,203,16,1
143,203,203,17,0
143,203,203,18,1
143,203,203,19,3
143,203,203,20,1
143,203,203,21,0
143,203,203,22,0
143,203,203,23,0
143,203,203,24,2
143,203,203,25,0
143,203,203,0,0
143,204,204,1,204
143,204,204,2,107
143,204,204,3,0
143,204,204,4,19
143,204,204,5,138
143,204,204,6,1
143,204,204,7,0
143,204,204,8,0
143,204,204,9,140
143,204,204,10,0
143,204,204,11,0
143,204,204,12,0
143,204,204,13,0
143,204,204,14,0
143,204,204,15,0
143,204,204,16,0
143,204,204,17,1
143,204,204,18,1
143,204,204,19,1
143,204,204,20,0
143,204,204,21,0
143,204,204,22,0
143,204,204,23,1
143,204,204,24,1
143,204,204,25,0
143,204,204,0,4
143,205,205,1,205
143,205,205,2,119
143,205,205,3,0
143,205,205,4,13
143,205,205,5,76
143,205,205,6,0
143,205,205,7,0
143,205,205,8,1
143,205,205,9,104
143,205,205,10,0
143,205,205,11,0
143,205,205,12,1
143,205,205,13,0
143,205,205,14,0
143,205,205,15,0
143,205,205,16,0
143,205,205,17,2
143,205,205,18,1
143,205,205,19,0
143,205,205,20,0
143,205,205,21,0
143,205,205,22,0
143,205,205,23,0
143,205,205,24,0
143,205,205,25,0
143,205,205,0,0
143,206,206,1,206
143,206,206,2,255
143,206,206,3,1
143,206,206,4,12
143,206,206,5,139
143,206,206,6,1
143,206,206,7,0
143,206,206,8,3
143,206,206,9,194
143,206,206,10,3
143,206,206,11,1
143,206,206,12,1
143,206,206,13,0
143,206,206,14,1
143,206,206,15,0
143,206,206,16,1
143,206,206,17,0
143,206,206,18,1
143,206,206,19,1
143,206,206,20,0
143,206,206,21,1
143,206,206,22,0
143,206,206,23,1
143,206,206,24,0
143,206,206,25,0
143,206,206,0,1
143,207,207,1,207
143,207,207,2,112
143,207,207,3,0
143,207,207,4,6
143,207,207,5,140
143,207,207,6,1
143,207,207,7,0
143,207,207,8,0
143,207,207,9,141
143,207,207,10,1
143,207,207,11,0
143,207,207,12,0
143,207,207,13,0
143,207,207,14,0
143,207,207,15,0
143,207,207,16,1
143,207,207,17,1
143,207,207,18,3
143,207,207,19,2
143,207,207,20,0
143,207,207,21,0
143,207,207,22,0
143,207,207,23,2
143,207,207,24,0
143,207,207,25,0
143,207,207,0,0
143,208,208,1,208
143,208,208,2,143
143,208,208,3,3
143,208,208,4,23
143,208,208,5,325
143,208,208,6,3
143,208,208,7,0
143,208,208,8,0
143,208,208,9,228
143,208,208,10,0
143,208,208,11,1
143,208,208,12,0
143,208,208,13,0
143,208,208,14,2
143,208,208,15,0
143,208,208,16,0
143,208,208,17,0
143,208,208,18,3
143,208,208,19,0
143,208,208,20,1
143,208,208,21,2
143,208,208,22,0
143,208,208,23,1
143,208,208,24,0
143,208,208,25,1
143,208,208,0,2
143,209,209,1,209
143,209,209,2,162
143,209,209,3,2
143,209,209,4,9
143,209,209,5,135
143,209,209,6,0
143,209,209,7,0
143,209,209,8,0
143,209,209,9,145
143,209,209,10,2
143,209,209,11,0
143,209,209,12,1
143,209,209,13,1
143,209,209,14,1
143,209,209,15,0
143,209,209,16,0
143,209,209,17,3
143,209,209,18,1
143,209,209,19,0
143,209,209,20,0
143,209,209,21,0
143,209,209,22,0
143,209,209,23,0
143,209,209,24,0
143,209,209,25,0
143,209,209,0,2
143,210,210,1,210
143,210,210,2,169
143,210,210,3,0
143,210,210,4,20
143,210,210,5,237
143,210,210,6,2
143,210,210,7,0
143,210,210,8,0
143,210,210,9,187
143,210,210,10,0
143,210,210,11,0
143,210,210,12,0
143,210,210,13,0
143,210,210,14,2
143,210,210,15,0
143,210,210,16,0
143,210,210,17,0
143,210,210,18,2
143,210,210,19,0
143,210,210,20,0
143,210,210,21,2
143,210,210,22,0
143,210,210,23,0
143,210,210,24,0
143,210,210,25,1
143,210,210,0,0
143,211,211,1,211
143,211,211,2,230
143,211,211,3,0
143,211,211,4,24
143,211,211,5,326
143,211,211,6,1
143,211,211,7,0
143,211,211,8,1
143,211,211,9,277
143,211,211,10,1
143,211,211,11,0
143,211,211,12,0
143,211,211,13,0
143,211,211,14,0
143,211,211,15,0
143,211,211,16,0
143,211,211,17,0
143,211,211,18,1
143,211,211,19,0
143,211,211,20,0
143,211,211,21,0
143,211,211,22,0
143,211,211,23,0
143,211,211,24,0
143,211,211,25,0
143,211,211,0,5
143,212,212,1,212
143,212,212,2,196
143,212,212,3,0
143,212,212,4,21
143,212,212,5,221
143,212,212,6,0
143,212,212,7,0
143,212,212,8,1
143,212,212,9,214
143,212,212,10,0
143,212,212,11,0
143,212,212,12,0
143,212,212,13,0
143,212,212,14,0
143,212,212,15,0
143,212,212,16,0
143,212,212,17,1
143,212,212,18,0
143,212,212,19,0
143,212,212,20,0
143,212,212,21,0
143,212,212,22,0
143,212,212,23,0
143,212,212,24,0
143,212,212,25,0
143,212,212,0,0
143,213,213,1,213
143,213,213,2,176
143,213,213,3,0
143,213,213,4,34
143,213,213,5,178
143,213,213,6,1
143,213,213,7,0
143,213,213,8,2
143,213,213,9,234
143,213,213,10,0
143,213,213,11,0
143,213,213,12,0
143,213,213,13,0
143,213,213,14,0
143,213,213,15,0
143,213,213,16,0
143,213,213,17,1
143,213,213,18,2
143,213,213,19,0
143,213,213,20,0
143,213,213,21,0
143,213,213,22,0
143,213,213,23,1
143,213,213,24,0
143,213,213,25,0
143,213,213,0,1
143,214,214,1,214
143,214,214,2,146
143,214,214,3,0
143,214,214,4,7
143,214,214,5,169
143,214,214,6,1
143,214,214,7,1
143,214,214,8,0
143,214,214,9,156
143,214,214,10,0
143,214,214,11,0
143,214,214,12,0
143,214,214,13,0
143,214,214,14,0
143,214,214,15,1
143,214,214,16,0
143,214,214,17,0
143,214,214,18,0
143,214,214,19,1
143,214,214,20,0
143,214,214,21,0
143,214,214,22,0
143,214,214,23,0
143,214,214,24,0
143,214,214,25,0
143,214,214,0,1
143,215,215,1,215
143,215,215,2,285
143,215,215,3,0
143,215,215,4,10
143,215,215,5,198
143,215,215,6,0
143,215,215,7,0
143,215,215,8,0
143,215,215,9,135
143,215,215,10,0
143,215,215,11,0
143,215,215,12,0
143,215,215,13,1
143,215,215,14,0
143,215,215,15,0
143,215,215,16,0
143,215,215,17,1
143,215,215,18,3
143,215,215,19,0
143,215,215,20,0
143,215,215,21,0
143,215,215,22,0
143,215,215,23,0
143,215,215,24,1
143,215,215,25,0
143,215,215,0,1
143,216,216,1,216
143,216,216,2,286
143,216,216,3,1
143,216,216,4,41
143,216,216,5,287
143,216,216,6,3
143,216,216,7,0
143,216,216,8,1
143,216,216,9,251
143,216,216,10,2
143,216,216,11,0
143,216,216,12,0
143,216,216,13,0
143,216,216,14,0
143,216,216,15,0
143,216,216,16,0
143,216,216,17,1
143,216,216,18,0
143,216,216,19,2
143,216,216,20,0
143,216,216,21,1
143,216,216,22,1
143,216,216,23,1
143,216,216,24,0
143,216,216,25,0
143,216,216,0,2
143,216,216,1,0
143,216,216,2,0
143,216,216,3,0
143,216,216,4,0
143,216,216,5,0
143,216,216,6,0
143,216,216,7,0
143,216,216,8,0
143,216,216,9,0
143,216,216,10,0
143,216,216,11,0
143,216,216,12,0
143,216,216,13,0
143,216,216,14,0
143,216,216,15,0
143,216,216,16,0
143,216,216,17,0
143,216,216,18,0
143,216,216,19,0
143,216,216,20,0
143,216,216,21,0
143,216,216,22,0
143,216,216,23,0
143,216,216,24,0
143,216,216,25,0
143,216,216,0,0
143,217,217,1,217
143,217,217,2,169
143,217,217,3,2
143,217,217,4,26
143,217,217,5,244
143,217,217,6,1
143,217,217,7,0
143,217,217,8,0
143,217,217,9,268
143,217,217,10,1
143,217,217,11,0
143,217,217,12,1
143,217,217,13,0
143,217,217,14,1
143,217,217,15,0
143,217,217,16,3
143,217,217,17,0
143,217,217,18,2
143,217,217,19,4
143,217,217,20,1
143,217,217,21,0
143,217,217,22,1
143,217,217,23,0
143,217,217,24,1
143,217,217,25,1
143,217,217,0,1
143,217,217,1,0
143,217,217,2,0
143,217,217,3,0
143,217,217,4,0
143,217,217,5,0
143,217,217,6,0
143,217,217,7,0
143,217,217,8,0
143,217,217,9,0
143,217,217,10,0
143,217,217,11,0
143,217,217,12,0
143,217,217,13,0
143,217,217,14,0
143,217,217,15,0
143,217,217,16,0
143,217,217,17,0
143,217,217,18,0
143,217,217,19,0
143,217,217,20,0
143,217,217,21,0
143,217,217,22,0
143,217,217,23,0
143,217,217,24,0
143,217,217,25,0
143,217,217,0,0
143,218,218,1,218
143,218,218,2,182
143,218,218,3,2
143,218,218,4,19
143,218,218,5,317
143,218,218,6,7
143,218,218,7,0
143,218,218,8,0
143,218,218,9,198
143,218,218,10,0
143,218,218,11,0
143,218,218,12,0
143,218,218,13,0
143,218,218,14,1
143,218,218,15,0
143,218,218,16,0
143,218,218,17,1
143,218,218,18,0
143,218,218,19,0
143,218,218,20,1
143,218,218,21,0
143,218,218,22,0
143,218,218,23,1
143,218,218,24,0
143,218,218,25,0
143,218,218,0,0
143,219,219,1,219
143,219,219,2,345
143,219,219,3,3
143,219,219,4,43
143,219,219,5,286
143,219,219,6,8
143,219,219,7,1
143,219,219,8,2
143,219,219,9,308
143,219,219,10,1
143,219,219,11,1
143,219,219,12,0
143,219,219,13,1
143,219,219,14,2
143,219,219,15,0
143,219,219,16,0
143,219,219,17,2
143,219,219,18,2
143,219,219,19,4
143,219,219,20,0
143,219,219,21,0
143,219,219,22,0
143,219,219,23,1
143,219,219,24,0
143,219,219,25,2
143,219,219,0,0
143,220,220,1,220
143,220,220,2,225
143,220,220,3,0
143,220,220,4,24
143,220,220,5,274
143,220,220,6,3
143,220,220,7,0
143,220,220,8,0
143,220,220,9,194
143,220,220,10,0
143,220,220,11,0
143,220,220,12,0
143,220,220,13,0
143,220,220,14,0
143,220,220,15,0
143,220,220,16,0
143,220,220,17,0
143,220,220,18,0
143,220,220,19,1
143,220,220,20,0
143,220,220,21,1
143,220,220,22,0
143,220,220,23,0
143,220,220,24,1
143,220,220,25,0
143,220,220,0,1
143,221,221,1,221
143,221,221,2,251
143,221,221,3,4
143,221,221,4,48
143,221,221,5,190
143,221,221,6,1
143,221,221,7,0
143,221,221,8,1
143,221,221,9,282
143,221,221,10,0
143,221,221,11,0
143,221,221,12,0
143,221,221,13,0
143,221,221,14,2
143,221,221,15,0
143,221,221,16,0
143,221,221,17,0
143,221,221,18,0
143,221,221,19,0
143,221,221,20,0
143,221,221,21,0
143,221,221,22,0
143,221,221,23,0
143,221,221,24,1
143,221,221,25,0
143,221,221,0,0
143,222,222,1,222
143,222,222,2,139
143,222,222,3,0
143,222,222,4,10
143,222,222,5,211
143,222,222,6,1
143,222,222,7,0
143,222,222,8,0
143,222,222,9,100
143,222,222,10,1
143,222,222,11,1
143,222,222,12,0
143,222,222,13,0
143,222,222,14,0
143,222,222,15,0
143,222,222,16,0
143,222,222,17,0
143,222,222,18,1
143,222,222,19,0
143,222,222,20,0
143,222,222,21,1
143,222,222,22,0
143,222,222,23,0
143,222,222,24,0
143,222,222,25,0
143,222,222,0,2
143,223,223,1,223
143,223,223,2,308
143,223,223,3,0
143,223,223,4,27
143,223,223,5,251
143,223,223,6,0
143,223,223,7,1
143,223,223,8,1
143,223,223,9,309
143,223,223,10,0
143,223,223,11,0
143,223,223,12,0
143,223,223,13,0
143,223,223,14,1
143,223,223,15,0
143,223,223,16,0
143,223,223,17,1
143,223,223,18,2
143,223,223,19,2
143,223,223,20,1
143,223,223,21,0
143,223,223,22,0
143,223,223,23,0
143,223,223,24,0
143,223,223,25,0
143,223,223,0,0
143,224,224,1,224
143,224,224,2,171
143,224,224,3,0
143,224,224,4,18
143,224,224,5,149
143,224,224,6,2
143,224,224,7,0
143,224,224,8,0
143,224,224,9,188
143,224,224,10,0
143,224,224,11,0
143,224,224,12,0
143,224,224,13,0
143,224,224,14,0
143,224,224,15,0
143,224,224,16,0
143,224,224,17,0
143,224,224,18,0
143,224,224,19,0
143,224,224,20,0
143,224,224,21,1
143,224,224,22,0
143,224,224,23,2
143,224,224,24,0
143,224,224,25,0
143,224,224,0,3
143,225,225,1,225
143,225,225,2,216
143,225,225,3,1
143,225,225,4,19
143,225,225,5,184
143,225,225,6,2
143,225,225,7,0
143,225,225,8,0
143,225,225,9,176
143,225,225,10,1
143,225,225,11,0
143,225,225,12,0
143,225,225,13,0
143,225,225,14,1
143,225,225,15,0
143,225,225,16,0
143,225,225,17,0
143,225,225,18,0
143,225,225,19,1
143,225,225,20,0
143,225,225,21,0
143,225,225,22,0
143,225,225,23,0
143,225,225,24,0
143,225,225,25,0
143,225,225,0,0
143,226,226,1,226
143,226,226,2,124
143,226,226,3,1
143,226,226,4,26
143,226,226,5,218
143,226,226,6,4
143,226,226,7,1
143,226,226,8,0
143,226,226,9,160
143,226,226,10,1
143,226,226,11,0
143,226,226,12,0
143,226,226,13,0
143,226,226,14,0
143,226,226,15,0
143,226,226,16,1
143,226,226,17,1
143,226,226,18,2
143,226,226,19,3
143,226,226,20,0
143,226,226,21,1
143,226,226,22,1
143,226,226,23,0
143,226,226,24,2
143,226,226,25,0
143,226,226,0,1
143,227,227,1,227
143,227,227,2,207
143,227,227,3,3
143,227,227,4,32
143,227,227,5,211
143,227,227,6,2
143,227,227,7,1
143,227,227,8,1
143,227,227,9,281
143,227,227,10,0
143,227,227,11,2
143,227,227,12,1
143,227,227,13,0
143,227,227,14,0
143,227,227,15,0
143,227,227,16,1
143,227,227,17,1
143,227,227,18,0
143,227,227,19,0
143,227,227,20,2
143,227,227,21,0
143,227,227,22,0
143,227,227,23,2
143,227,227,24,1
143,227,227,25,0
143,227,227,0,0
143,228,228,1,228
143,228,228,2,253
143,228,228,3,7
143,228,228,4,37
143,228,228,5,161
143,228,228,6,0
143,228,228,7,0
143,228,228,8,1
143,228,228,9,242
143,228,228,10,3
143,228,228,11,0
143,228,228,12,1
143,228,228,13,0
143,228,228,14,0
143,228,228,15,0
143,228,228,16,1
143,228,228,17,1
143,228,228,18,0
143,228,228,19,2
143,228,228,20,0
143,228,228,21,0
143,228,228,22,1
143,228,228,23,0
143,228,228,24,0
143,228,228,25,0
143,228,228,0,1
143,229,229,1,229
143,229,229,2,264
143,229,229,3,0
143,229,229,4,28
143,229,229,5,257
143,229,229,6,1
143,229,229,7,0
143,229,229,8,0
143,229,229,9,226
143,229,229,10,0
143,229,229,11,0
143,229,229,12,0
143,229,229,13,0
143,229,229,14,0
143,229,229,15,0
143,229,229,16,0
143,229,229,17,2
143,229,229,18,4
143,229,229,19,0
143,229,229,20,0
143,229,229,21,1
143,229,229,22,0
143,229,229,23,0
143,229,229,24,0
143,229,229,25,0
143,229,229,0,3
143,230,230,1,230
143,230,230,2,226
143,230,230,3,1
143,230,230,4,39
143,230,230,5,310
143,230,230,6,2
143,230,230,7,1
143,230,230,8,0
143,230,230,9,162
143,230,230,10,3
143,230,230,11,0
143,230,230,12,1
143,230,230,13,0
143,230,230,14,1
143,230,230,15,0
143,230,230,16,3
143,230,230,17,1
143,230,230,18,2
143,230,230,19,0
143,230,230,20,0
143,230,230,21,0
143,230,230,22,1
143,230,230,23,0
143,230,230,24,1
143,230,230,25,0
143,230,230,0,3
143,231,231,1,231
143,231,231,2,209
143,231,231,3,2
143,231,231,4,22
143,231,231,5,262
143,231,231,6,1
143,231,231,7,0
143,231,231,8,0
143,231,231,9,220
143,231,231,10,1
143,231,231,11,0
143,231,231,12,0
143,231,231,13,0
143,231,231,14,0
143,231,231,15,0
143,231,231,16,0
143,231,231,17,0
143,231,231,18,0
143,231,231,19,1
143,231,231,20,0
143,231,231,21,3
143,231,231,22,0
143,231,231,23,0
143,231,231,24,0
143,231,231,25,0
143,231,231,0,1
143,232,232,1,232
143,232,232,2,320
143,232,232,3,1
143,232,232,4,25
143,232,232,5,354
143,232,232,6,5
143,232,232,7,2
143,232,232,8,4
143,232,232,9,261
143,232,232,10,0
143,232,232,11,0
143,232,232,12,1
143,232,232,13,0
143,232,232,14,0
143,232,232,15,0
143,232,232,16,1
143,232,232,17,1
143,232,232,18,3
143,232,232,19,3
143,232,232,20,0
143,232,232,21,1
143,232,232,22,0
143,232,232,23,3
143,232,232,24,0
143,232,232,25,0
143,232,232,0,1
143,233,233,1,233
143,233,233,2,202
143,233,233,3,0
143,233,233,4,9
143,233,233,5,147
143,233,233,6,1
143,233,233,7,0
143,233,233,8,1
143,233,233,9,173
143,233,233,10,0
143,233,233,11,1
143,233,233,12,0
143,233,233,13,1
143,233,233,14,1
143,233,233,15,0
143,233,233,16,0
143,233,233,17,1
143,233,233,18,1
143,233,233,19,0
143,233,233,20,1
143,233,233,21,1
143,233,233,22,0
143,233,233,23,0
143,233,233,24,1
143,233,233,25,0
143,233,233,0,4
143,234,234,1,234
143,234,234,2,213
143,234,234,3,4
143,234,234,4,37
143,234,234,5,153
143,234,234,6,1
143,234,234,7,0
143,234,234,8,0
143,234,234,9,219
143,234,234,10,0
143,234,234,11,5
143,234,234,12,2
143,234,234,13,0
143,234,234,14,1
143,234,234,15,0
143,234,234,16,0
143,234,234,17,0
143,234,234,18,3
143,234,234,19,1
143,234,234,20,0
143,234,234,21,1
143,234,234,22,0
143,234,234,23,1
143,234,234,24,2
143,234,234,25,0
143,234,234,0,0
143,235,235,1,235
143,235,235,2,69
143,235,235,3,1
143,235,235,4,10
143,235,235,5,45
143,235,235,6,1
143,235,235,7,0
143,235,235,8,0
143,235,235,9,89
143,235,235,10,0
143,235,235,11,0
143,235,235,12,0
143,235,235,13,0
143,235,235,14,0
143,235,235,15,0
143,235,235,16,0
143,235,235,17,0
143,235,235,18,0
143,235,235,19,0
143,235,235,20,0
143,235,235,21,0
143,235,235,22,0
143,235,235,23,0
143,235,235,24,0
143,235,235,25,0
143,235,235,0,0
143,236,236,1,236
143,236,236,2,409
143,236,236,3,2
143,236,236,4,32
143,236,236,5,135
143,236,236,6,2
143,236,236,7,1
143,236,236,8,2
143,236,236,9,287
143,236,236,10,1
143,236,236,11,18
143,236,236,12,0
143,236,236,13,1
143,236,236,14,0
143,236,236,15,0
143,236,236,16,1
143,236,236,17,1
143,236,236,18,1
143,236,236,19,1
143,236,236,20,1
143,236,236,21,0
143,236,236,22,0
143,236,236,23,0
143,236,236,24,0
143,236,236,25,2
143,236,236,0,4
143,237,237,1,237
143,237,237,2,122
143,237,237,3,0
143,237,237,4,21
143,237,237,5,224
143,237,237,6,1
143,237,237,7,0
143,237,237,8,1
143,237,237,9,282
143,237,237,10,1
143,237,237,11,4
143,237,237,12,1
143,237,237,13,0
143,237,237,14,0
143,237,237,15,0
143,237,237,16,0
143,237,237,17,0
143,237,237,18,3
143,237,237,19,0
143,237,237,20,0
143,237,237,21,0
143,237,237,22,0
143,237,237,23,0
143,237,237,24,0
143,237,237,25,1
143,237,237,0,0
143,238,238,1,238
143,238,238,2,139
143,238,238,3,0
143,238,238,4,13
143,238,238,5,166
143,238,238,6,2
143,238,238,7,0
143,238,238,8,2
143,238,238,9,301
143,238,238,10,0
143,238,238,11,1
143,238,238,12,0
143,238,238,13,0
143,238,238,14,0
143,238,238,15,1
143,238,238,16,0
143,238,238,17,0
143,238,238,18,0
143,238,238,19,0
143,238,238,20,0
143,238,238,21,0
143,238,238,22,0
143,238,238,23,0
143,238,238,24,0
143,238,238,25,0
143,238,238,0,0
143,238,238,1,0
143,238,238,2,0
143,238,238,3,0
143,238,238,4,0
143,238,238,5,0
143,238,238,6,0
143,238,238,7,0
143,238,238,8,0
143,238,238,9,0
143,238,238,10,0
143,238,238,11,0
143,238,238,12,0
143,238,238,13,0
143,238,238,14,0
143,238,238,15,0
143,238,238,16,0
143,238,238,17,0
143,238,238,18,0
143,238,238,19,0
143,238,238,20,0
143,238,238,21,0
143,238,238,22,0
143,238,238,23,0
143,238,238,24,0
143,238,238,25,0
143,238,238,0,0
143,239,239,1,239
143,239,239,2,184
143,239,239,3,2
143,239,239,4,14
143,239,239,5,160
143,239,239,6,0
143,239,239,7,0
143,239,239,8,0
143,239,239,9,220
143,239,239,10,1
143,239,239,11,3
143,239,239,12,0
143,239,239,13,0
143,239,239,14,2
143,239,239,15,0
143,239,239,16,0
143,239,239,17,0
143,239,239,18,0
143,239,239,19,4
143,239,239,20,0
143,239,239,21,0
143,239,239,22,0
143,239,239,23,1
143,239,239,24,2
143,239,239,25,2
143,239,239,0,2
143,239,239,1,0
143,239,239,2,0
143,239,239,3,0
143,239,239,4,0
143,239,239,5,0
143,239,239,6,0
143,239,239,7,0
143,239,239,8,0
143,239,239,9,0
143,239,239,10,0
143,239,239,11,0
143,239,239,12,0
143,239,239,13,0
143,239,239,14,0
143,239,239,15,0
143,239,239,16,0
143,239,239,17,0
143,239,239,18,0
143,239,239,19,0
143,239,239,20,0
143,239,239,21,0
143,239,239,22,0
143,239,239,23,0
143,239,239,24,0
143,239,239,25,0
143,239,239,0,0
143,240,240,1,240
143,240,240,2,211
143,240,240,3,0
143,240,240,4,28
143,240,240,5,159
143,240,240,6,2
143,240,240,7,0
143,240,240,8,0
143,240,240,9,260
143,240,240,10,0
143,240,240,11,0
143,240,240,12,1
143,240,240,13,0
143,240,240,14,1
143,240,240,15,1
143,240,240,16,0
143,240,240,17,1
143,240,240,18,0
143,240,240,19,1
143,240,240,20,0
143,240,240,21,0
143,240,240,22,0
143,240,240,23,0
143,240,240,24,0
143,240,240,25,0
143,240,240,0,1
143,241,241,1,241
143,241,241,2,224
143,241,241,3,1
143,241,241,4,29
143,241,241,5,216
143,241,241,6,1
143,241,241,7,0
143,241,241,8,0
143,241,241,9,158
143,241,241,10,0
143,241,241,11,7
143,241,241,12,0
143,241,241,13,0
143,241,241,14,1
143,241,241,15,0
143,241,241,16,0
143,241,241,17,0
143,241,241,18,2
143,241,241,19,3
143,241,241,20,3
143,241,241,21,1
143,241,241,22,0
143,241,241,23,0
143,241,241,24,0
143,241,241,25,0
143,241,241,0,2
143,242,242,1,242
143,242,242,2,199
143,242,242,3,2
143,242,242,4,25
143,242,242,5,204
143,242,242,6,3
143,242,242,7,0
143,242,242,8,0
143,242,242,9,311
143,242,242,10,0
143,242,242,11,1
143,242,242,12,0
143,242,242,13,0
143,242,242,14,0
143,242,242,15,1
143,242,242,16,0
143,242,242,17,0
143,242,242,18,4
143,242,242,19,1
143,242,242,20,2
143,242,242,21,1
143,242,242,22,1
143,242,242,23,0
143,242,242,24,0
143,242,242,25,0
143,242,242,0,5
143,243,243,1,243
143,243,243,2,171
143,243,243,3,2
143,243,243,4,33
143,243,243,5,341
143,243,243,6,3
143,243,243,7,0
143,243,243,8,1
143,243,243,9,219
143,243,243,10,0
143,243,243,11,1
143,243,243,12,0
143,243,243,13,1
143,243,243,14,0
143,243,243,15,0
143,243,243,16,0
143,243,243,17,0
143,243,243,18,2
143,243,243,19,4
143,243,243,20,0
143,243,243,21,1
143,243,243,22,0
143,243,243,23,1
143,243,243,24,1
143,243,243,25,0
143,243,243,0,3
143,244,244,1,244
143,244,244,2,264
143,244,244,3,0
143,244,244,4,51
143,244,244,5,304
143,244,244,6,1
143,244,244,7,1
143,244,244,8,1
143,244,244,9,336
143,244,244,10,0
143,244,244,11,2
143,244,244,12,0
143,244,244,13,0
143,244,244,14,2
143,244,244,15,0
143,244,244,16,1
143,244,244,17,0
143,244,244,18,1
143,244,244,19,5
143,244,244,20,1
143,244,244,21,2
143,244,244,22,1
143,244,244,23,0
143,244,244,24,0
143,244,244,25,0
143,244,244,0,0
143,245,245,1,245
143,245,245,2,140
143,245,245,3,0
143,245,245,4,23
143,245,245,5,246
143,245,245,6,1
143,245,245,7,0
143,245,245,8,2
143,245,245,9,158
143,245,245,10,0
143,245,245,11,0
143,245,245,12,0
143,245,245,13,0
143,245,245,14,0
143,245,245,15,0
143,245,245,16,0
143,245,245,17,0
143,245,245,18,1
143,245,245,19,0
143,245,245,20,1
143,245,245,21,0
143,245,245,22,0
143,245,245,23,1
143,245,245,24,0
143,245,245,25,0
143,245,245,0,2
143,246,246,1,246
143,246,246,2,204
143,246,246,3,3
143,246,246,4,17
143,246,246,5,151
143,246,246,6,2
143,246,246,7,1
143,246,246,8,0
143,246,246,9,238
143,246,246,10,1
143,246,246,11,0
143,246,246,12,1
143,246,246,13,0
143,246,246,14,0
143,246,246,15,0
143,246,246,16,0
143,246,246,17,0
143,246,246,18,1
143,246,246,19,0
143,246,246,20,0
143,246,246,21,0
143,246,246,22,0
143,246,246,23,0
143,246,246,24,0
143,246,246,25,0
143,246,246,0,1
143,247,247,1,247
143,247,247,2,154
143,247,247,3,2
143,247,247,4,19
143,247,247,5,610
143,247,247,6,2
143,247,247,7,0
143,247,247,8,2
143,247,247,9,231
143,247,247,10,1
143,247,247,11,0
143,247,247,12,0
143,247,247,13,0
143,247,247,14,0
143,247,247,15,1
143,247,247,16,0
143,247,247,17,1
143,247,247,18,0
143,247,247,19,0
143,247,247,20,0
143,247,247,21,2
143,247,247,22,0
143,247,247,23,0
143,247,247,24,0
143,247,247,25,0
143,247,247,0,2
143,248,248,1,248
143,248,248,2,206
143,248,248,3,0
143,248,248,4,8
143,248,248,5,119
143,248,248,6,6
143,248,248,7,0
143,248,248,8,1
143,248,248,9,294
143,248,248,10,1
143,248,248,11,0
143,248,248,12,0
143,248,248,13,0
143,248,248,14,0
143,248,248,15,0
143,248,248,16,0
143,248,248,17,1
143,248,248,18,2
143,248,248,19,0
143,248,248,20,1
143,248,248,21,0
143,248,248,22,0
143,248,248,23,0
143,248,248,24,1
143,248,248,25,0
143,248,248,0,3
143,249,249,1,249
143,249,249,2,210
143,249,249,3,2
143,249,249,4,36
143,249,249,5,232
143,249,249,6,2
143,249,249,7,0
143,249,249,8,2
143,249,249,9,283
143,249,249,10,2
143,249,249,11,2
143,249,249,12,1
143,249,249,13,0
143,249,249,14,2
143,249,249,15,0
143,249,249,16,0
143,249,249,17,0
143,249,249,18,4
143,249,249,19,3
143,249,249,20,0
143,249,249,21,1
143,249,249,22,1
143,249,249,23,2
143,249,249,24,0
143,249,249,25,2
143,249,249,0,1
143,250,250,1,250
143,250,250,2,195
143,250,250,3,1
143,250,250,4,21
143,250,250,5,207
143,250,250,6,2
143,250,250,7,0
143,250,250,8,1
143,250,250,9,158
143,250,250,10,2
143,250,250,11,10
143,250,250,12,0
143,250,250,13,0
143,250,250,14,1
143,250,250,15,0
143,250,250,16,0
143,250,250,17,0
143,250,250,18,2
143,250,250,19,0
143,250,250,20,1
143,250,250,21,2
143,250,250,22,0
143,250,250,23,0
143,250,250,24,1
143,250,250,25,0
143,250,250,0,4
143,251,251,1,251
143,251,251,2,175
143,251,251,3,1
143,251,251,4,21
143,251,251,5,110
143,251,251,6,1
143,251,251,7,1
143,251,251,8,1
143,251,251,9,181
143,251,251,10,2
143,251,251,11,0
143,251,251,12,0
143,251,251,13,0
143,251,251,14,0
143,251,251,15,0
143,251,251,16,0
143,251,251,17,2
143,251,251,18,2
143,251,251,19,1
143,251,251,20,0
143,251,251,21,0
143,251,251,22,0
143,251,251,23,1
143,251,251,24,1
143,251,251,25,1
143,251,251,0,1
143,252,252,1,252
143,252,252,2,214
143,252,252,3,2
143,252,252,4,37
143,252,252,5,197
143,252,252,6,0
143,252,252,7,0
143,252,252,8,0
143,252,252,9,268
143,252,252,10,2
143,252,252,11,1
143,252,252,12,0
143,252,252,13,0
143,252,252,14,1
143,252,252,15,0
143,252,252,16,0
143,252,252,17,0
143,252,252,18,2
143,252,252,19,2
143,252,252,20,1
143,252,252,21,0
143,252,252,22,0
143,252,252,23,0
143,252,252,24,0
143,252,252,25,0
143,252,252,0,2
143,253,253,1,253
143,253,253,2,208
143,253,253,3,3
143,253,253,4,35
143,253,253,5,177
143,253,253,6,1
143,253,253,7,1
143,253,253,8,1
143,253,253,9,170
143,253,253,10,0
143,253,253,11,0
143,253,253,12,0
143,253,253,13,0
143,253,253,14,0
143,253,253,15,0
143,253,253,16,0
143,253,253,17,0
143,253,253,18,0
143,253,253,19,0
143,253,253,20,0
143,253,253,21,0
143,253,253,22,0
143,253,253,23,0
143,253,253,24,0
143,253,253,25,0
143,253,253,0,0
143,254,254,1,254
143,254,254,2,147
143,254,254,3,0
143,254,254,4,27
143,254,254,5,134
143,254,254,6,1
143,254,254,7,0
143,254,254,8,2
143,254,254,9,145
143,254,254,10,0
143,254,254,11,1
143,254,254,12,0
143,254,254,13,0
143,254,254,14,0
143,254,254,15,0
143,254,254,16,0
143,254,254,17,0
143,254,254,18,3
143,254,254,19,0
143,254,254,20,0
143,254,254,21,2
143,254,254,22,0
143,254,254,23,1
143,254,254,24,0
143,254,254,25,0
143,254,254,0,1
143,255,255,1,255
143,255,255,2,324
143,255,255,3,4
143,255,255,4,25
143,255,255,5,272
143,255,255,6,1
143,255,255,7,0
143,255,255,8,1
143,255,255,9,170
143,255,255,10,0
143,255,255,11,0
143,255,255,12,0
143,255,255,13,0
143,255,255,14,0
143,255,255,15,0
143,255,255,16,0
143,255,255,17,0
143,255,255,18,4
143,255,255,19,2
143,255,255,20,0
143,255,255,21,0
143,255,255,22,0
143,255,255,23,1
143,255,255,24,0
143,255,255,25,0
143,255,255,0,1
143,256,256,1,256
143,256,256,2,252
143,256,256,3,1
143,256,256,4,35
143,256,256,5,345
143,256,256,6,0
143,256,256,7,0
143,256,256,8,0
143,256,256,9,174
143,256,256,10,0
143,256,256,11,6
143,256,256,12,0
143,256,256,13,1
143,256,256,14,0
143,256,256,15,0
143,256,256,16,0
143,256,256,17,0
143,256,256,18,0
143,256,256,19,3
143,256,256,20,1
143,256,256,21,1
143,256,256,22,0
143,256,256,23,0
143,256,256,24,0
143,256,256,25,0
143,256,256,0,2
143,257,257,1,257
143,257,257,2,155
143,257,257,3,0
143,257,257,4,41
143,257,257,5,183
143,257,257,6,1
143,257,257,7,0
143,257,257,8,0
143,257,257,9,189
143,257,257,10,0
143,257,257,11,0
143,257,257,12,0
143,257,257,13,0
143,257,257,14,1
143,257,257,15,0
143,257,257,16,0
143,257,257,17,0
143,257,257,18,2
143,257,257,19,2
143,257,257,20,0
143,257,257,21,0
143,257,257,22,0
143,257,257,23,0
143,257,257,24,0
143,257,257,25,0
143,257,257,0,0
143,258,258,1,258
143,258,258,2,132
143,258,258,3,1
143,258,258,4,20
143,258,258,5,222
143,258,258,6,3
143,258,258,7,0
143,258,258,8,0
143,258,258,9,122
143,258,258,10,1
143,258,258,11,0
143,258,258,12,0
143,258,258,13,1
143,258,258,14,0
143,258,258,15,0
143,258,258,16,0
143,258,258,17,0
143,258,258,18,4
143,258,258,19,2
143,258,258,20,1
143,258,258,21,1
143,258,258,22,0
143,258,258,23,1
143,258,258,24,2
143,258,258,25,0
143,258,258,0,0
143,259,259,1,259
143,259,259,2,161
143,259,259,3,0
143,259,259,4,23
143,259,259,5,295
143,259,259,6,2
143,259,259,7,1
143,259,259,8,0
143,259,259,9,162
143,259,259,10,0
143,259,259,11,0
143,259,259,12,0
143,259,259,13,0
143,259,259,14,0
143,259,259,15,0
143,259,259,16,0
143,259,259,17,1
143,259,259,18,0
143,259,259,19,0
143,259,259,20,1
143,259,259,21,0
143,259,259,22,0
143,259,259,23,0
143,259,259,24,0
143,259,259,25,0
143,259,259,0,0
143,260,260,1,260
143,260,260,2,269
143,260,260,3,2
143,260,260,4,32
143,260,260,5,279
143,260,260,6,3
143,260,260,7,1
143,260,260,8,1
143,260,260,9,299
143,260,260,10,0
143,260,260,11,3
143,260,260,12,0
143,260,260,13,0
143,260,260,14,1
143,260,260,15,0
143,260,260,16,1
143,260,260,17,1
143,260,260,18,3
143,260,260,19,4
143,260,260,20,0
143,260,260,21,0
143,260,260,22,0
143,260,260,23,2
143,260,260,24,1
143,260,260,25,2
143,260,260,0,2
143,260,260,1,0
143,260,260,2,0
143,260,260,3,0
143,260,260,4,0
143,260,260,5,0
143,260,260,6,0
143,260,260,7,0
143,260,260,8,0
143,260,260,9,0
143,260,260,10,0
143,260,260,11,0
143,260,260,12,0
143,260,260,13,0
143,260,260,14,0
143,260,260,15,0
143,260,260,16,0
143,260,260,17,0
143,260,260,18,0
143,260,260,19,0
143,260,260,20,0
143,260,260,21,0
143,260,260,22,0
143,260,260,23,0
143,260,260,24,0
143,260,260,25,0
143,260,260,0,0
143,261,261,1,261
143,261,261,2,147
143,261,261,3,2
143,261,261,4,24
143,261,261,5,201
143,261,261,6,1
143,261,261,7,0
143,261,261,8,2
143,261,261,9,195
143,261,261,10,0
143,261,261,11,1
143,261,261,12,0
143,261,261,13,0
143,261,261,14,0
143,261,261,15,0
143,261,261,16,0
143,261,261,17,1
143,261,261,18,1
143,261,261,19,2
143,261,261,20,0
143,261,261,21,0
143,261,261,22,0
143,261,261,23,0
143,261,261,24,0
143,261,261,25,0
143,261,261,0,2
143,261,261,1,0
143,261,261,2,0
143,261,261,3,0
143,261,261,4,0
143,261,261,5,0
143,261,261,6,0
143,261,261,7,0
143,261,261,8,0
143,261,261,9,0
143,261,261,10,0
143,261,261,11,0
143,261,261,12,0
143,261,261,13,0
143,261,261,14,0
143,261,261,15,0
143,261,261,16,0
143,261,261,17,0
143,261,261,18,0
143,261,261,19,0
143,261,261,20,0
143,261,261,21,0
143,261,261,22,0
143,261,261,23,0
143,261,261,24,0
143,261,261,25,0
143,261,261,0,0
143,262,262,1,262
143,262,262,2,181
143,262,262,3,1
143,262,262,4,25
143,262,262,5,246
143,262,262,6,2
143,262,262,7,0
143,262,262,8,0
143,262,262,9,177
143,262,262,10,0
143,262,262,11,0
143,262,262,12,1
143,262,262,13,0
143,262,262,14,0
143,262,262,15,0
143,262,262,16,0
143,262,262,17,0
143,262,262,18,0
143,262,262,19,2
143,262,262,20,1
143,262,262,21,2
143,262,262,22,0
143,262,262,23,0
143,262,262,24,0
143,262,262,25,0
143,262,262,0,1
143,263,263,1,263
143,263,263,2,219
143,263,263,3,0
143,263,263,4,10
143,263,263,5,138
143,263,263,6,0
143,263,263,7,0
143,263,263,8,0
143,263,263,9,108
143,263,263,10,0
143,263,263,11,0
143,263,263,12,0
143,263,263,13,2
143,263,263,14,0
143,263,263,15,0
143,263,263,16,0
143,263,263,17,0
143,263,263,18,0
143,263,263,19,2
143,263,263,20,0
143,263,263,21,0
143,263,263,22,0
143,263,263,23,0
143,263,263,24,0
143,263,263,25,0
143,263,263,0,0
143,264,264,1,264
143,264,264,2,238
143,264,264,3,0
143,264,264,4,23
143,264,264,5,265
143,264,264,6,3
143,264,264,7,3
143,264,264,8,0
143,264,264,9,163
143,264,264,10,0
143,264,264,11,0
143,264,264,12,2
143,264,264,13,0
143,264,264,14,0
143,264,264,15,2
143,264,264,16,0
143,264,264,17,0
143,264,264,18,3
143,264,264,19,3
143,264,264,20,0
143,264,264,21,2
143,264,264,22,3
143,264,264,23,0
143,264,264,24,0
143,264,264,25,1
143,264,264,0,0
143,265,265,1,265
143,265,265,2,173
143,265,265,3,3
143,265,265,4,67
143,265,265,5,444
143,265,265,6,4
143,265,265,7,0
143,265,265,8,0
143,265,265,9,191
143,265,265,10,0
143,265,265,11,0
143,265,265,12,0
143,265,265,13,0
143,265,265,14,0
143,265,265,15,0
143,265,265,16,0
143,265,265,17,1
143,265,265,18,0
143,265,265,19,4
143,265,265,20,1
143,265,265,21,0
143,265,265,22,0
143,265,265,23,0
143,265,265,24,1
143,265,265,25,0
143,265,265,0,1
143,266,266,1,266
143,266,266,2,185
143,266,266,3,1
143,266,266,4,52
143,266,266,5,255
143,266,266,6,1
143,266,266,7,0
143,266,266,8,0
143,266,266,9,211
143,266,266,10,1
143,266,266,11,2
143,266,266,12,0
143,266,266,13,1
143,266,266,14,0
143,266,266,15,1
143,266,266,16,0
143,266,266,17,3
143,266,266,18,2
143,266,266,19,1
143,266,266,20,0
143,266,266,21,1
143,266,266,22,0
143,266,266,23,0
143,266,266,24,0
143,266,266,25,0
143,266,266,0,2
143,267,267,1,267
143,267,267,2,128
143,267,267,3,1
143,267,267,4,32
143,267,267,5,184
143,267,267,6,0
143,267,267,7,0
143,267,267,8,0
143,267,267,9,133
143,267,267,10,0
143,267,267,11,0
143,267,267,12,0
143,267,267,13,1
143,267,267,14,1
143,267,267,15,1
143,267,267,16,0
143,267,267,17,0
143,267,267,18,0
143,267,267,19,0
143,267,267,20,1
143,267,267,21,1
143,267,267,22,0
143,267,267,23,0
143,267,267,24,0
143,267,267,25,0
143,267,267,0,1
143,268,268,1,268
143,268,268,2,147
143,268,268,3,0
143,268,268,4,43
143,268,268,5,201
143,268,268,6,3
143,268,268,7,1
143,268,268,8,0
143,268,268,9,151
143,268,268,10,1
143,268,268,11,2
143,268,268,12,1
143,268,268,13,0
143,268,268,14,1
143,268,268,15,0
143,268,268,16,2
143,268,268,17,2
143,268,268,18,5
143,268,268,19,0
143,268,268,20,1
143,268,268,21,1
143,268,268,22,0
143,268,268,23,1
143,268,268,24,0
143,268,268,25,0
143,268,268,0,0
143,269,269,1,269
143,269,269,2,173
143,269,269,3,1
143,269,269,4,24
143,269,269,5,231
143,269,269,6,1
143,269,269,7,0
143,269,269,8,1
143,269,269,9,173
143,269,269,10,1
143,269,269,11,0
143,269,269,12,0
143,269,269,13,0
143,269,269,14,1
143,269,269,15,0
143,269,269,16,0
143,269,269,17,1
143,269,269,18,1
143,269,269,19,4
143,269,269,20,1
143,269,269,21,2
143,269,269,22,0
143,269,269,23,0
143,269,269,24,0
143,269,269,25,0
143,269,269,0,3
143,270,270,1,270
143,270,270,2,299
143,270,270,3,0
143,270,270,4,49
143,270,270,5,354
143,270,270,6,0
143,270,270,7,0
143,270,270,8,1
143,270,270,9,177
143,270,270,10,0
143,270,270,11,2
143,270,270,12,0
143,270,270,13,0
143,270,270,14,0
143,270,270,15,0
143,270,270,16,0
143,270,270,17,0
143,270,270,18,3
143,270,270,19,3
143,270,270,20,0
143,270,270,21,2
143,270,270,22,0
143,270,270,23,0
143,270,270,24,0
143,270,270,25,1
143,270,270,0,0
143,271,271,1,271
143,271,271,2,89
143,271,271,3,0
143,271,271,4,18
143,271,271,5,111
143,271,271,6,0
143,271,271,7,0
143,271,271,8,0
143,271,271,9,76
143,271,271,10,0
143,271,271,11,0
143,271,271,12,0
143,271,271,13,0
143,271,271,14,1
143,271,271,15,0
143,271,271,16,0
143,271,271,17,0
143,271,271,18,1
143,271,271,19,0
143,271,271,20,1
143,271,271,21,2
143,271,271,22,0
143,271,271,23,0
143,271,271,24,0
143,271,271,25,0
143,271,271,0,2
143,272,272,1,272
143,272,272,2,248
143,272,272,3,1
143,272,272,4,37
143,272,272,5,252
143,272,272,6,2
143,272,272,7,0
143,272,272,8,1
143,272,272,9,220
143,272,272,10,3
143,272,272,11,0
143,272,272,12,1
143,272,272,13,0
143,272,272,14,3
143,272,272,15,0
143,272,272,16,0
143,272,272,17,0
143,272,272,18,1
143,272,272,19,0
143,272,272,20,0
143,272,272,21,1
143,272,272,22,0
143,272,272,23,1
143,272,272,24,0
143,272,272,25,0
143,272,272,0,1
143,273,273,1,273
143,273,273,2,123
143,273,273,3,0
143,273,273,4,23
143,273,273,5,205
143,273,273,6,1
143,273,273,7,0
143,273,273,8,1
143,273,273,9,158
143,273,273,10,0
143,273,273,11,0
143,273,273,12,0
143,273,273,13,0
143,273,273,14,1
143,273,273,15,0
143,273,273,16,0
143,273,273,17,0
143,273,273,18,1
143,273,273,19,1
143,273,273,20,1
143,273,273,21,0
143,273,273,22,0
143,273,273,23,1
143,273,273,24,0
143,273,273,25,0
143,273,273,0,2
143,274,274,1,274
143,274,274,2,221
143,274,274,3,1
143,274,274,4,23
143,274,274,5,139
143,274,274,6,0
143,274,274,7,1
143,274,274,8,1
143,274,274,9,144
143,274,274,10,0
143,274,274,11,0
143,274,274,12,0
143,274,274,13,0
143,274,274,14,0
143,274,274,15,0
143,274,274,16,1
143,274,274,17,2
143,274,274,18,0
143,274,274,19,0
143,274,274,20,0
143,274,274,21,0
143,274,274,22,0
143,274,274,23,0
143,274,274,24,0
143,274,274,25,0
143,274,274,0,0
143,275,275,1,275
143,275,275,2,174
143,275,275,3,0
143,275,275,4,9
143,275,275,5,235
143,275,275,6,2
143,275,275,7,0
143,275,275,8,0
143,275,275,9,128
143,275,275,10,1
143,275,275,11,0
143,275,275,12,0
143,275,275,13,0
143,275,275,14,1
143,275,275,15,0
143,275,275,16,1
143,275,275,17,0
143,275,275,18,2
143,275,275,19,0
143,275,275,20,0
143,275,275,21,0
143,275,275,22,0
143,275,275,23,0
143,275,275,24,0
143,275,275,25,0
143,275,275,0,1
143,276,276,1,276
143,276,276,2,152
143,276,276,3,2
143,276,276,4,35
143,276,276,5,278
143,276,276,6,0
143,276,276,7,1
143,276,276,8,0
143,276,276,9,185
143,276,276,10,0
143,276,276,11,0
143,276,276,12,0
143,276,276,13,0
143,276,276,14,0
143,276,276,15,0
143,276,276,16,1
143,276,276,17,2
143,276,276,18,1
143,276,276,19,0
143,276,276,20,3
143,276,276,21,3
143,276,276,22,0
143,276,276,23,0
143,276,276,24,1
143,276,276,25,0
143,276,276,0,0
143,277,277,1,0
143,277,277,2,54796
143,277,277,3,346
143,277,277,4,6907
143,277,277,5,60329
143,277,277,6,398
143,277,277,7,130
143,277,277,8,182
143,277,277,9,57595
143,277,277,10,135
143,277,277,11,190
143,277,277,12,67
143,277,277,13,66
143,277,277,14,129
143,277,277,15,49
143,277,277,16,85
143,277,277,17,219
143,277,277,18,401
143,277,277,19,335
143,277,277,20,98
143,277,277,21,170
143,277,277,22,60
143,277,277,23,119
143,277,277,24,138
143,277,277,25,72
143,277,277,0,384
143,278,278,1,0
143,278,278,2,55565
143,278,278,3,348
143,278,278,4,6992
143,278,278,5,60795
143,278,278,6,399
143,278,278,7,131
143,278,278,8,183
143,278,278,9,58056
143,278,278,10,135
143,278,278,11,192
143,278,278,12,68
143,278,278,13,66
143,278,278,14,130
143,278,278,15,52
143,278,278,16,86
143,278,278,17,220
143,278,278,18,403
143,278,278,19,340
143,278,278,20,101
143,278,278,21,170
143,278,278,22,60
143,278,278,23,120
143,278,278,24,139
143,278,278,25,72
143,278,278,0,390
