ac_code,ps_serial_number,ps_code,candidate_serial_number,candidate_votes
201,0,0,1,232
201,0,0,2,1049
201,0,0,3,454
201,0,0,4,2
201,0,0,5,4
201,0,0,6,1054
201,0,0,7,3
201,0,0,8,0
201,0,0,9,1
201,0,0,10,1
201,0,0,11,6
201,0,0,12,2
201,0,0,13,3
201,0,0,14,1
201,0,0,15,4
201,0,0,16,1
201,0,0,17,2
201,0,0,18,1
201,0,0,19,0
201,0,0,20,2820
201,0,0,21,503
201,0,0,22,23
201,0,0,23,3346
201,0,0,24,0
201,0,0,0,0
201,1,1,1,0
201,1,1,2,0
201,1,1,3,0
201,1,1,4,0
201,1,1,5,0
201,1,1,6,0
201,1,1,7,0
201,1,1,8,0
201,1,1,9,0
201,1,1,10,0
201,1,1,11,0
201,1,1,12,0
201,1,1,13,0
201,1,1,14,0
201,1,1,15,0
201,1,1,16,0
201,1,1,17,0
201,1,1,18,0
201,1,1,19,0
201,1,1,20,0
201,1,1,21,0
201,1,1,22,0
201,1,1,23,0
201,1,1,24,0
201,1,1,0,0
201,1,1,1,25
201,1,1,2,287
201,1,1,3,82
201,1,1,4,0
201,1,1,5,1
201,1,1,6,302
201,1,1,7,3
201,1,1,8,1
201,1,1,9,1
201,1,1,10,0
201,1,1,11,1
201,1,1,12,0
201,1,1,13,1
201,1,1,14,0
201,1,1,15,0
201,1,1,16,1
201,1,1,17,1
201,1,1,18,7
201,1,1,19,2
201,1,1,20,715
201,1,1,21,0
201,1,1,22,5
201,1,1,23,720
201,1,1,24,0
201,1,1,0,0
201,2,2,1,0
201,2,2,2,0
201,2,2,3,0
201,2,2,4,0
201,2,2,5,0
201,2,2,6,0
201,2,2,7,0
201,2,2,8,0
201,2,2,9,0
201,2,2,10,0
201,2,2,11,0
201,2,2,12,0
201,2,2,13,0
201,2,2,14,0
201,2,2,15,0
201,2,2,16,0
201,2,2,17,0
201,2,2,18,0
201,2,2,19,0
201,2,2,20,0
201,2,2,21,0
201,2,2,22,0
201,2,2,23,0
201,2,2,24,0
201,2,2,0,0
201,2,2,1,11
201,2,2,2,134
201,2,2,3,45
201,2,2,4,0
201,2,2,5,0
201,2,2,6,186
201,2,2,7,0
201,2,2,8,0
201,2,2,9,0
201,2,2,10,0
201,2,2,11,1
201,2,2,12,0
201,2,2,13,0
201,2,2,14,0
201,2,2,15,0
201,2,2,16,0
201,2,2,17,0
201,2,2,18,0
201,2,2,19,0
201,2,2,20,377
201,2,2,21,0
201,2,2,22,0
201,2,2,23,377
201,2,2,24,0
201,2,2,0,0
201,3,3,1,0
201,3,3,2,0
201,3,3,3,0
201,3,3,4,0
201,3,3,5,0
201,3,3,6,0
201,3,3,7,0
201,3,3,8,0
201,3,3,9,0
201,3,3,10,0
201,3,3,11,0
201,3,3,12,0
201,3,3,13,0
201,3,3,14,0
201,3,3,15,0
201,3,3,16,0
201,3,3,17,0
201,3,3,18,0
201,3,3,19,0
201,3,3,20,0
201,3,3,21,0
201,3,3,22,0
201,3,3,23,0
201,3,3,24,0
201,3,3,0,0
201,3,3,1,23
201,3,3,2,185
201,3,3,3,37
201,3,3,4,0
201,3,3,5,2
201,3,3,6,215
201,3,3,7,0
201,3,3,8,0
201,3,3,9,0
201,3,3,10,0
201,3,3,11,0
201,3,3,12,0
201,3,3,13,0
201,3,3,14,1
201,3,3,15,0
201,3,3,16,0
201,3,3,17,1
201,3,3,18,0
201,3,3,19,0
201,3,3,20,464
201,3,3,21,0
201,3,3,22,0
201,3,3,23,464
201,3,3,24,0
201,3,3,0,0
201,4,4,1,30
201,4,4,2,182
201,4,4,3,45
201,4,4,4,1
201,4,4,5,3
201,4,4,6,202
201,4,4,7,0
201,4,4,8,0
201,4,4,9,0
201,4,4,10,0
201,4,4,11,0
201,4,4,12,0
201,4,4,13,1
201,4,4,14,0
201,4,4,15,0
201,4,4,16,1
201,4,4,17,0
201,4,4,18,4
201,4,4,19,2
201,4,4,20,471
201,4,4,21,0
201,4,4,22,0
201,4,4,23,471
201,4,4,24,0
201,4,4,0,0
201,5,5,1,58
201,5,5,2,137
201,5,5,3,58
201,5,5,4,0
201,5,5,5,1
201,5,5,6,269
201,5,5,7,0
201,5,5,8,0
201,5,5,9,0
201,5,5,10,0
201,5,5,11,0
201,5,5,12,0
201,5,5,13,0
201,5,5,14,0
201,5,5,15,0
201,5,5,16,0
201,5,5,17,0
201,5,5,18,5
201,5,5,19,0
201,5,5,20,528
201,5,5,21,0
201,5,5,22,1
201,5,5,23,529
201,5,5,24,0
201,5,5,0,0
201,6,6,1,64
201,6,6,2,134
201,6,6,3,70
201,6,6,4,2
201,6,6,5,0
201,6,6,6,370
201,6,6,7,2
201,6,6,8,0
201,6,6,9,0
201,6,6,10,0
201,6,6,11,0
201,6,6,12,1
201,6,6,13,1
201,6,6,14,1
201,6,6,15,0
201,6,6,16,0
201,6,6,17,1
201,6,6,18,3
201,6,6,19,3
201,6,6,20,652
201,6,6,21,0
201,6,6,22,2
201,6,6,23,654
201,6,6,24,0
201,6,6,0,0
201,7,7,1,30
201,7,7,2,91
201,7,7,3,47
201,7,7,4,1
201,7,7,5,1
201,7,7,6,161
201,7,7,7,0
201,7,7,8,0
201,7,7,9,0
201,7,7,10,0
201,7,7,11,1
201,7,7,12,0
201,7,7,13,0
201,7,7,14,1
201,7,7,15,0
201,7,7,16,0
201,7,7,17,1
201,7,7,18,0
201,7,7,19,0
201,7,7,20,334
201,7,7,21,0
201,7,7,22,0
201,7,7,23,334
201,7,7,24,0
201,7,7,0,0
201,8,8,1,17
201,8,8,2,117
201,8,8,3,52
201,8,8,4,0
201,8,8,5,0
201,8,8,6,189
201,8,8,7,1
201,8,8,8,1
201,8,8,9,0
201,8,8,10,0
201,8,8,11,1
201,8,8,12,0
201,8,8,13,0
201,8,8,14,0
201,8,8,15,0
201,8,8,16,0
201,8,8,17,0
201,8,8,18,0
201,8,8,19,0
201,8,8,20,378
201,8,8,21,0
201,8,8,22,2
201,8,8,23,380
201,8,8,24,0
201,8,8,0,0
201,9,9,1,14
201,9,9,2,239
201,9,9,3,49
201,9,9,4,1
201,9,9,5,2
201,9,9,6,169
201,9,9,7,1
201,9,9,8,0
201,9,9,9,0
201,9,9,10,0
201,9,9,11,0
201,9,9,12,0
201,9,9,13,0
201,9,9,14,1
201,9,9,15,0
201,9,9,16,0
201,9,9,17,0
201,9,9,18,2
201,9,9,19,0
201,9,9,20,478
201,9,9,21,0
201,9,9,22,4
201,9,9,23,482
201,9,9,24,0
201,9,9,0,0
201,10,10,1,69
201,10,10,2,268
201,10,10,3,39
201,10,10,4,5
201,10,10,5,4
201,10,10,6,263
201,10,10,7,2
201,10,10,8,0
201,10,10,9,0
201,10,10,10,2
201,10,10,11,0
201,10,10,12,0
201,10,10,13,0
201,10,10,14,1
201,10,10,15,1
201,10,10,16,1
201,10,10,17,0
201,10,10,18,1
201,10,10,19,0
201,10,10,20,656
201,10,10,21,0
201,10,10,22,1
201,10,10,23,657
201,10,10,24,0
201,10,10,0,0
201,11,11,1,40
201,11,11,2,223
201,11,11,3,47
201,11,11,4,0
201,11,11,5,4
201,11,11,6,216
201,11,11,7,1
201,11,11,8,0
201,11,11,9,0
201,11,11,10,0
201,11,11,11,1
201,11,11,12,1
201,11,11,13,0
201,11,11,14,0
201,11,11,15,0
201,11,11,16,0
201,11,11,17,0
201,11,11,18,0
201,11,11,19,0
201,11,11,20,533
201,11,11,21,0
201,11,11,22,4
201,11,11,23,537
201,11,11,24,0
201,11,11,0,0
201,12,12,1,58
201,12,12,2,219
201,12,12,3,87
201,12,12,4,1
201,12,12,5,1
201,12,12,6,334
201,12,12,7,0
201,12,12,8,0
201,12,12,9,0
201,12,12,10,0
201,12,12,11,2
201,12,12,12,0
201,12,12,13,1
201,12,12,14,2
201,12,12,15,1
201,12,12,16,3
201,12,12,17,1
201,12,12,18,0
201,12,12,19,1
201,12,12,20,711
201,12,12,21,0
201,12,12,22,0
201,12,12,23,711
201,12,12,24,0
201,12,12,0,0
201,13,13,1,11
201,13,13,2,396
201,13,13,3,50
201,13,13,4,2
201,13,13,5,1
201,13,13,6,342
201,13,13,7,1
201,13,13,8,0
201,13,13,9,0
201,13,13,10,1
201,13,13,11,2
201,13,13,12,0
201,13,13,13,1
201,13,13,14,9
201,13,13,15,0
201,13,13,16,3
201,13,13,17,1
201,13,13,18,3
201,13,13,19,1
201,13,13,20,824
201,13,13,21,0
201,13,13,22,0
201,13,13,23,824
201,13,13,24,0
201,13,13,0,0
201,14,14,1,41
201,14,14,2,289
201,14,14,3,102
201,14,14,4,2
201,14,14,5,2
201,14,14,6,432
201,14,14,7,2
201,14,14,8,2
201,14,14,9,0
201,14,14,10,0
201,14,14,11,1
201,14,14,12,2
201,14,14,13,0
201,14,14,14,0
201,14,14,15,1
201,14,14,16,2
201,14,14,17,2
201,14,14,18,4
201,14,14,19,1
201,14,14,20,885
201,14,14,21,0
201,14,14,22,5
201,14,14,23,890
201,14,14,24,0
201,14,14,0,0
201,15,15,1,40
201,15,15,2,336
201,15,15,3,53
201,15,15,4,0
201,15,15,5,1
201,15,15,6,347
201,15,15,7,0
201,15,15,8,1
201,15,15,9,0
201,15,15,10,0
201,15,15,11,1
201,15,15,12,0
201,15,15,13,0
201,15,15,14,0
201,15,15,15,0
201,15,15,16,0
201,15,15,17,0
201,15,15,18,1
201,15,15,19,0
201,15,15,20,780
201,15,15,21,0
201,15,15,22,0
201,15,15,23,780
201,15,15,24,0
201,15,15,0,0
201,16,16,1,81
201,16,16,2,321
201,16,16,3,40
201,16,16,4,2
201,16,16,5,2
201,16,16,6,320
201,16,16,7,0
201,16,16,8,0
201,16,16,9,0
201,16,16,10,0
201,16,16,11,3
201,16,16,12,0
201,16,16,13,0
201,16,16,14,1
201,16,16,15,1
201,16,16,16,1
201,16,16,17,0
201,16,16,18,1
201,16,16,19,0
201,16,16,20,773
201,16,16,21,0
201,16,16,22,2
201,16,16,23,775
201,16,16,24,0
201,16,16,0,0
201,17,17,1,17
201,17,17,2,233
201,17,17,3,19
201,17,17,4,1
201,17,17,5,0
201,17,17,6,195
201,17,17,7,0
201,17,17,8,0
201,17,17,9,0
201,17,17,10,0
201,17,17,11,0
201,17,17,12,0
201,17,17,13,1
201,17,17,14,0
201,17,17,15,0
201,17,17,16,1
201,17,17,17,1
201,17,17,18,0
201,17,17,19,1
201,17,17,20,469
201,17,17,21,0
201,17,17,22,2
201,17,17,23,471
201,17,17,24,0
201,17,17,0,0
201,18,18,1,28
201,18,18,2,188
201,18,18,3,38
201,18,18,4,0
201,18,18,5,7
201,18,18,6,226
201,18,18,7,0
201,18,18,8,0
201,18,18,9,0
201,18,18,10,0
201,18,18,11,0
201,18,18,12,0
201,18,18,13,0
201,18,18,14,0
201,18,18,15,0
201,18,18,16,2
201,18,18,17,1
201,18,18,18,1
201,18,18,19,0
201,18,18,20,491
201,18,18,21,0
201,18,18,22,2
201,18,18,23,493
201,18,18,24,0
201,18,18,0,0
201,19,19,1,19
201,19,19,2,246
201,19,19,3,72
201,19,19,4,2
201,19,19,5,3
201,19,19,6,225
201,19,19,7,1
201,19,19,8,0
201,19,19,9,0
201,19,19,10,0
201,19,19,11,0
201,19,19,12,0
201,19,19,13,1
201,19,19,14,2
201,19,19,15,0
201,19,19,16,0
201,19,19,17,0
201,19,19,18,0
201,19,19,19,0
201,19,19,20,571
201,19,19,21,0
201,19,19,22,1
201,19,19,23,572
201,19,19,24,0
201,19,19,0,0
201,20,20,1,0
201,20,20,2,0
201,20,20,3,0
201,20,20,4,0
201,20,20,5,0
201,20,20,6,0
201,20,20,7,0
201,20,20,8,0
201,20,20,9,0
201,20,20,10,0
201,20,20,11,0
201,20,20,12,0
201,20,20,13,0
201,20,20,14,0
201,20,20,15,0
201,20,20,16,0
201,20,20,17,0
201,20,20,18,0
201,20,20,19,0
201,20,20,20,0
201,20,20,21,0
201,20,20,22,0
201,20,20,23,0
201,20,20,24,0
201,20,20,0,0
201,20,20,1,22
201,20,20,2,229
201,20,20,3,54
201,20,20,4,0
201,20,20,5,0
201,20,20,6,272
201,20,20,7,0
201,20,20,8,0
201,20,20,9,1
201,20,20,10,0
201,20,20,11,0
201,20,20,12,0
201,20,20,13,0
201,20,20,14,3
201,20,20,15,0
201,20,20,16,1
201,20,20,17,0
201,20,20,18,4
201,20,20,19,0
201,20,20,20,586
201,20,20,21,0
201,20,20,22,2
201,20,20,23,588
201,20,20,24,0
201,20,20,0,0
201,21,21,1,0
201,21,21,2,0
201,21,21,3,0
201,21,21,4,0
201,21,21,5,0
201,21,21,6,0
201,21,21,7,0
201,21,21,8,0
201,21,21,9,0
201,21,21,10,0
201,21,21,11,0
201,21,21,12,0
201,21,21,13,0
201,21,21,14,0
201,21,21,15,0
201,21,21,16,0
201,21,21,17,0
201,21,21,18,0
201,21,21,19,0
201,21,21,20,0
201,21,21,21,0
201,21,21,22,0
201,21,21,23,0
201,21,21,24,0
201,21,21,0,0
201,21,21,1,29
201,21,21,2,286
201,21,21,3,94
201,21,21,4,1
201,21,21,5,1
201,21,21,6,238
201,21,21,7,0
201,21,21,8,0
201,21,21,9,1
201,21,21,10,0
201,21,21,11,0
201,21,21,12,0
201,21,21,13,0
201,21,21,14,1
201,21,21,15,1
201,21,21,16,1
201,21,21,17,0
201,21,21,18,1
201,21,21,19,0
201,21,21,20,654
201,21,21,21,0
201,21,21,22,0
201,21,21,23,654
201,21,21,24,0
201,21,21,0,0
201,22,22,1,45
201,22,22,2,331
201,22,22,3,67
201,22,22,4,1
201,22,22,5,1
201,22,22,6,152
201,22,22,7,0
201,22,22,8,0
201,22,22,9,0
201,22,22,10,0
201,22,22,11,0
201,22,22,12,0
201,22,22,13,0
201,22,22,14,0
201,22,22,15,0
201,22,22,16,0
201,22,22,17,3
201,22,22,18,11
201,22,22,19,1
201,22,22,20,612
201,22,22,21,0
201,22,22,22,1
201,22,22,23,613
201,22,22,24,0
201,22,22,0,0
201,23,23,1,15
201,23,23,2,228
201,23,23,3,70
201,23,23,4,1
201,23,23,5,2
201,23,23,6,229
201,23,23,7,0
201,23,23,8,1
201,23,23,9,0
201,23,23,10,0
201,23,23,11,0
201,23,23,12,0
201,23,23,13,0
201,23,23,14,0
201,23,23,15,1
201,23,23,16,0
201,23,23,17,0
201,23,23,18,1
201,23,23,19,1
201,23,23,20,549
201,23,23,21,0
201,23,23,22,0
201,23,23,23,549
201,23,23,24,0
201,23,23,0,0
201,24,24,1,35
201,24,24,2,313
201,24,24,3,122
201,24,24,4,2
201,24,24,5,2
201,24,24,6,352
201,24,24,7,1
201,24,24,8,2
201,24,24,9,2
201,24,24,10,1
201,24,24,11,3
201,24,24,12,0
201,24,24,13,1
201,24,24,14,1
201,24,24,15,4
201,24,24,16,7
201,24,24,17,2
201,24,24,18,1
201,24,24,19,0
201,24,24,20,851
201,24,24,21,0
201,24,24,22,1
201,24,24,23,852
201,24,24,24,0
201,24,24,0,0
201,25,25,1,11
201,25,25,2,178
201,25,25,3,25
201,25,25,4,1
201,25,25,5,1
201,25,25,6,152
201,25,25,7,0
201,25,25,8,0
201,25,25,9,1
201,25,25,10,1
201,25,25,11,0
201,25,25,12,0
201,25,25,13,0
201,25,25,14,1
201,25,25,15,1
201,25,25,16,0
201,25,25,17,2
201,25,25,18,1
201,25,25,19,0
201,25,25,20,375
201,25,25,21,0
201,25,25,22,3
201,25,25,23,378
201,25,25,24,0
201,25,25,0,0
201,26,26,1,8
201,26,26,2,195
201,26,26,3,64
201,26,26,4,1
201,26,26,5,1
201,26,26,6,208
201,26,26,7,0
201,26,26,8,3
201,26,26,9,1
201,26,26,10,1
201,26,26,11,2
201,26,26,12,2
201,26,26,13,0
201,26,26,14,1
201,26,26,15,1
201,26,26,16,0
201,26,26,17,0
201,26,26,18,3
201,26,26,19,1
201,26,26,20,492
201,26,26,21,0
201,26,26,22,3
201,26,26,23,495
201,26,26,24,0
201,26,26,0,0
201,27,27,1,15
201,27,27,2,230
201,27,27,3,45
201,27,27,4,0
201,27,27,5,1
201,27,27,6,274
201,27,27,7,1
201,27,27,8,0
201,27,27,9,1
201,27,27,10,1
201,27,27,11,1
201,27,27,12,0
201,27,27,13,0
201,27,27,14,1
201,27,27,15,0
201,27,27,16,2
201,27,27,17,0
201,27,27,18,0
201,27,27,19,0
201,27,27,20,572
201,27,27,21,0
201,27,27,22,0
201,27,27,23,572
201,27,27,24,0
201,27,27,0,0
201,28,28,1,40
201,28,28,2,177
201,28,28,3,24
201,28,28,4,2
201,28,28,5,2
201,28,28,6,149
201,28,28,7,1
201,28,28,8,1
201,28,28,9,3
201,28,28,10,0
201,28,28,11,1
201,28,28,12,0
201,28,28,13,0
201,28,28,14,0
201,28,28,15,0
201,28,28,16,0
201,28,28,17,0
201,28,28,18,0
201,28,28,19,0
201,28,28,20,400
201,28,28,21,0
201,28,28,22,0
201,28,28,23,400
201,28,28,24,0
201,28,28,0,0
201,29,29,1,60
201,29,29,2,284
201,29,29,3,34
201,29,29,4,1
201,29,29,5,0
201,29,29,6,145
201,29,29,7,1
201,29,29,8,1
201,29,29,9,0
201,29,29,10,0
201,29,29,11,1
201,29,29,12,0
201,29,29,13,1
201,29,29,14,1
201,29,29,15,0
201,29,29,16,0
201,29,29,17,0
201,29,29,18,0
201,29,29,19,1
201,29,29,20,530
201,29,29,21,0
201,29,29,22,1
201,29,29,23,531
201,29,29,24,0
201,29,29,0,0
201,30,30,1,40
201,30,30,2,256
201,30,30,3,30
201,30,30,4,0
201,30,30,5,3
201,30,30,6,273
201,30,30,7,0
201,30,30,8,0
201,30,30,9,0
201,30,30,10,0
201,30,30,11,0
201,30,30,12,0
201,30,30,13,0
201,30,30,14,0
201,30,30,15,0
201,30,30,16,0
201,30,30,17,1
201,30,30,18,1
201,30,30,19,0
201,30,30,20,604
201,30,30,21,0
201,30,30,22,1
201,30,30,23,605
201,30,30,24,0
201,30,30,0,0
201,31,31,1,32
201,31,31,2,243
201,31,31,3,34
201,31,31,4,0
201,31,31,5,0
201,31,31,6,204
201,31,31,7,1
201,31,31,8,0
201,31,31,9,0
201,31,31,10,0
201,31,31,11,1
201,31,31,12,0
201,31,31,13,1
201,31,31,14,1
201,31,31,15,0
201,31,31,16,1
201,31,31,17,0
201,31,31,18,2
201,31,31,19,0
201,31,31,20,520
201,31,31,21,0
201,31,31,22,0
201,31,31,23,520
201,31,31,24,0
201,31,31,0,0
201,32,32,1,28
201,32,32,2,179
201,32,32,3,15
201,32,32,4,0
201,32,32,5,1
201,32,32,6,184
201,32,32,7,0
201,32,32,8,0
201,32,32,9,0
201,32,32,10,0
201,32,32,11,0
201,32,32,12,0
201,32,32,13,0
201,32,32,14,1
201,32,32,15,1
201,32,32,16,0
201,32,32,17,0
201,32,32,18,0
201,32,32,19,0
201,32,32,20,409
201,32,32,21,0
201,32,32,22,1
201,32,32,23,410
201,32,32,24,0
201,32,32,0,0
201,33,33,1,33
201,33,33,2,298
201,33,33,3,24
201,33,33,4,1
201,33,33,5,2
201,33,33,6,233
201,33,33,7,1
201,33,33,8,0
201,33,33,9,2
201,33,33,10,0
201,33,33,11,1
201,33,33,12,0
201,33,33,13,0
201,33,33,14,0
201,33,33,15,0
201,33,33,16,1
201,33,33,17,0
201,33,33,18,2
201,33,33,19,2
201,33,33,20,600
201,33,33,21,0
201,33,33,22,3
201,33,33,23,603
201,33,33,24,0
201,33,33,0,0
201,34,34,1,56
201,34,34,2,336
201,34,34,3,60
201,34,34,4,0
201,34,34,5,2
201,34,34,6,304
201,34,34,7,0
201,34,34,8,0
201,34,34,9,2
201,34,34,10,1
201,34,34,11,1
201,34,34,12,0
201,34,34,13,0
201,34,34,14,2
201,34,34,15,0
201,34,34,16,0
201,34,34,17,0
201,34,34,18,1
201,34,34,19,1
201,34,34,20,766
201,34,34,21,0
201,34,34,22,1
201,34,34,23,767
201,34,34,24,0
201,34,34,0,0
201,35,35,1,30
201,35,35,2,229
201,35,35,3,99
201,35,35,4,0
201,35,35,5,3
201,35,35,6,252
201,35,35,7,0
201,35,35,8,0
201,35,35,9,0
201,35,35,10,0
201,35,35,11,1
201,35,35,12,0
201,35,35,13,1
201,35,35,14,3
201,35,35,15,0
201,35,35,16,1
201,35,35,17,1
201,35,35,18,2
201,35,35,19,1
201,35,35,20,623
201,35,35,21,0
201,35,35,22,0
201,35,35,23,623
201,35,35,24,0
201,35,35,0,0
201,36,36,1,22
201,36,36,2,230
201,36,36,3,63
201,36,36,4,3
201,36,36,5,2
201,36,36,6,214
201,36,36,7,1
201,36,36,8,2
201,36,36,9,0
201,36,36,10,0
201,36,36,11,1
201,36,36,12,0
201,36,36,13,0
201,36,36,14,1
201,36,36,15,0
201,36,36,16,1
201,36,36,17,0
201,36,36,18,1
201,36,36,19,0
201,36,36,20,541
201,36,36,21,0
201,36,36,22,0
201,36,36,23,541
201,36,36,24,0
201,36,36,0,0
201,37,37,1,4
201,37,37,2,338
201,37,37,3,68
201,37,37,4,0
201,37,37,5,0
201,37,37,6,311
201,37,37,7,4
201,37,37,8,2
201,37,37,9,1
201,37,37,10,2
201,37,37,11,3
201,37,37,12,1
201,37,37,13,0
201,37,37,14,2
201,37,37,15,1
201,37,37,16,5
201,37,37,17,0
201,37,37,18,1
201,37,37,19,0
201,37,37,20,743
201,37,37,21,0
201,37,37,22,0
201,37,37,23,743
201,37,37,24,0
201,37,37,0,0
201,38,38,1,21
201,38,38,2,244
201,38,38,3,39
201,38,38,4,1
201,38,38,5,2
201,38,38,6,226
201,38,38,7,0
201,38,38,8,0
201,38,38,9,1
201,38,38,10,0
201,38,38,11,2
201,38,38,12,1
201,38,38,13,0
201,38,38,14,2
201,38,38,15,1
201,38,38,16,0
201,38,38,17,0
201,38,38,18,0
201,38,38,19,0
201,38,38,20,540
201,38,38,21,0
201,38,38,22,1
201,38,38,23,541
201,38,38,24,0
201,38,38,0,0
201,39,39,1,33
201,39,39,2,261
201,39,39,3,175
201,39,39,4,0
201,39,39,5,5
201,39,39,6,321
201,39,39,7,0
201,39,39,8,0
201,39,39,9,0
201,39,39,10,0
201,39,39,11,0
201,39,39,12,0
201,39,39,13,0
201,39,39,14,4
201,39,39,15,0
201,39,39,16,0
201,39,39,17,0
201,39,39,18,2
201,39,39,19,1
201,39,39,20,802
201,39,39,21,0
201,39,39,22,1
201,39,39,23,803
201,39,39,24,0
201,39,39,0,0
201,40,40,1,36
201,40,40,2,242
201,40,40,3,19
201,40,40,4,1
201,40,40,5,1
201,40,40,6,204
201,40,40,7,0
201,40,40,8,0
201,40,40,9,0
201,40,40,10,1
201,40,40,11,1
201,40,40,12,0
201,40,40,13,0
201,40,40,14,0
201,40,40,15,0
201,40,40,16,0
201,40,40,17,0
201,40,40,18,1
201,40,40,19,0
201,40,40,20,506
201,40,40,21,0
201,40,40,22,2
201,40,40,23,508
201,40,40,24,0
201,40,40,0,0
201,41,41,1,56
201,41,41,2,245
201,41,41,3,27
201,41,41,4,1
201,41,41,5,0
201,41,41,6,217
201,41,41,7,0
201,41,41,8,0
201,41,41,9,0
201,41,41,10,0
201,41,41,11,1
201,41,41,12,1
201,41,41,13,0
201,41,41,14,0
201,41,41,15,0
201,41,41,16,1
201,41,41,17,0
201,41,41,18,0
201,41,41,19,0
201,41,41,20,549
201,41,41,21,0
201,41,41,22,2
201,41,41,23,551
201,41,41,24,0
201,41,41,0,0
201,42,42,1,15
201,42,42,2,370
201,42,42,3,62
201,42,42,4,0
201,42,42,5,2
201,42,42,6,312
201,42,42,7,0
201,42,42,8,0
201,42,42,9,0
201,42,42,10,0
201,42,42,11,1
201,42,42,12,0
201,42,42,13,0
201,42,42,14,0
201,42,42,15,1
201,42,42,16,0
201,42,42,17,1
201,42,42,18,2
201,42,42,19,2
201,42,42,20,768
201,42,42,21,0
201,42,42,22,4
201,42,42,23,772
201,42,42,24,0
201,42,42,0,0
201,43,43,1,27
201,43,43,2,115
201,43,43,3,141
201,43,43,4,0
201,43,43,5,0
201,43,43,6,196
201,43,43,7,0
201,43,43,8,0
201,43,43,9,0
201,43,43,10,0
201,43,43,11,0
201,43,43,12,1
201,43,43,13,0
201,43,43,14,0
201,43,43,15,1
201,43,43,16,1
201,43,43,17,0
201,43,43,18,2
201,43,43,19,0
201,43,43,20,484
201,43,43,21,0
201,43,43,22,5
201,43,43,23,489
201,43,43,24,0
201,43,43,0,0
201,44,44,1,14
201,44,44,2,167
201,44,44,3,58
201,44,44,4,1
201,44,44,5,2
201,44,44,6,166
201,44,44,7,1
201,44,44,8,0
201,44,44,9,0
201,44,44,10,0
201,44,44,11,0
201,44,44,12,0
201,44,44,13,0
201,44,44,14,1
201,44,44,15,0
201,44,44,16,1
201,44,44,17,0
201,44,44,18,5
201,44,44,19,0
201,44,44,20,416
201,44,44,21,0
201,44,44,22,2
201,44,44,23,418
201,44,44,24,0
201,44,44,0,0
201,45,45,1,0
201,45,45,2,0
201,45,45,3,0
201,45,45,4,0
201,45,45,5,0
201,45,45,6,0
201,45,45,7,0
201,45,45,8,0
201,45,45,9,0
201,45,45,10,0
201,45,45,11,0
201,45,45,12,0
201,45,45,13,0
201,45,45,14,0
201,45,45,15,0
201,45,45,16,0
201,45,45,17,0
201,45,45,18,0
201,45,45,19,0
201,45,45,20,0
201,45,45,21,0
201,45,45,22,0
201,45,45,23,0
201,45,45,24,0
201,45,45,0,0
201,45,45,1,32
201,45,45,2,236
201,45,45,3,94
201,45,45,4,2
201,45,45,5,3
201,45,45,6,334
201,45,45,7,0
201,45,45,8,1
201,45,45,9,1
201,45,45,10,1
201,45,45,11,4
201,45,45,12,0
201,45,45,13,0
201,45,45,14,3
201,45,45,15,0
201,45,45,16,1
201,45,45,17,2
201,45,45,18,2
201,45,45,19,0
201,45,45,20,716
201,45,45,21,0
201,45,45,22,5
201,45,45,23,721
201,45,45,24,0
201,45,45,0,0
201,46,46,1,0
201,46,46,2,0
201,46,46,3,0
201,46,46,4,0
201,46,46,5,0
201,46,46,6,0
201,46,46,7,0
201,46,46,8,0
201,46,46,9,0
201,46,46,10,0
201,46,46,11,0
201,46,46,12,0
201,46,46,13,0
201,46,46,14,0
201,46,46,15,0
201,46,46,16,0
201,46,46,17,0
201,46,46,18,0
201,46,46,19,0
201,46,46,20,0
201,46,46,21,0
201,46,46,22,0
201,46,46,23,0
201,46,46,24,0
201,46,46,0,0
201,46,46,1,20
201,46,46,2,290
201,46,46,3,130
201,46,46,4,0
201,46,46,5,3
201,46,46,6,250
201,46,46,7,2
201,46,46,8,1
201,46,46,9,1
201,46,46,10,0
201,46,46,11,1
201,46,46,12,0
201,46,46,13,1
201,46,46,14,0
201,46,46,15,1
201,46,46,16,0
201,46,46,17,0
201,46,46,18,0
201,46,46,19,1
201,46,46,20,701
201,46,46,21,0
201,46,46,22,3
201,46,46,23,704
201,46,46,24,0
201,46,46,0,0
201,47,47,1,17
201,47,47,2,143
201,47,47,3,181
201,47,47,4,1
201,47,47,5,1
201,47,47,6,237
201,47,47,7,1
201,47,47,8,1
201,47,47,9,0
201,47,47,10,1
201,47,47,11,1
201,47,47,12,0
201,47,47,13,0
201,47,47,14,3
201,47,47,15,0
201,47,47,16,0
201,47,47,17,2
201,47,47,18,3
201,47,47,19,2
201,47,47,20,594
201,47,47,21,0
201,47,47,22,7
201,47,47,23,601
201,47,47,24,0
201,47,47,0,0
201,48,48,1,18
201,48,48,2,100
201,48,48,3,74
201,48,48,4,0
201,48,48,5,0
201,48,48,6,140
201,48,48,7,1
201,48,48,8,2
201,48,48,9,0
201,48,48,10,1
201,48,48,11,0
201,48,48,12,1
201,48,48,13,0
201,48,48,14,1
201,48,48,15,0
201,48,48,16,0
201,48,48,17,1
201,48,48,18,1
201,48,48,19,0
201,48,48,20,340
201,48,48,21,0
201,48,48,22,5
201,48,48,23,345
201,48,48,24,0
201,48,48,0,0
201,49,49,1,29
201,49,49,2,295
201,49,49,3,60
201,49,49,4,1
201,49,49,5,0
201,49,49,6,235
201,49,49,7,0
201,49,49,8,0
201,49,49,9,0
201,49,49,10,0
201,49,49,11,0
201,49,49,12,0
201,49,49,13,1
201,49,49,14,0
201,49,49,15,0
201,49,49,16,0
201,49,49,17,1
201,49,49,18,4
201,49,49,19,1
201,49,49,20,627
201,49,49,21,0
201,49,49,22,1
201,49,49,23,628
201,49,49,24,0
201,49,49,0,0
201,50,50,1,31
201,50,50,2,355
201,50,50,3,145
201,50,50,4,1
201,50,50,5,1
201,50,50,6,374
201,50,50,7,0
201,50,50,8,0
201,50,50,9,0
201,50,50,10,1
201,50,50,11,2
201,50,50,12,1
201,50,50,13,1
201,50,50,14,4
201,50,50,15,0
201,50,50,16,0
201,50,50,17,0
201,50,50,18,2
201,50,50,19,0
201,50,50,20,918
201,50,50,21,0
201,50,50,22,3
201,50,50,23,921
201,50,50,24,0
201,50,50,0,0
201,51,51,1,16
201,51,51,2,416
201,51,51,3,25
201,51,51,4,0
201,51,51,5,0
201,51,51,6,335
201,51,51,7,1
201,51,51,8,1
201,51,51,9,0
201,51,51,10,0
201,51,51,11,0
201,51,51,12,0
201,51,51,13,1
201,51,51,14,3
201,51,51,15,2
201,51,51,16,3
201,51,51,17,0
201,51,51,18,1
201,51,51,19,1
201,51,51,20,805
201,51,51,21,0
201,51,51,22,0
201,51,51,23,805
201,51,51,24,0
201,51,51,0,0
201,52,52,1,31
201,52,52,2,235
201,52,52,3,173
201,52,52,4,0
201,52,52,5,1
201,52,52,6,167
201,52,52,7,1
201,52,52,8,0
201,52,52,9,0
201,52,52,10,1
201,52,52,11,0
201,52,52,12,0
201,52,52,13,0
201,52,52,14,3
201,52,52,15,0
201,52,52,16,0
201,52,52,17,1
201,52,52,18,2
201,52,52,19,1
201,52,52,20,616
201,52,52,21,0
201,52,52,22,1
201,52,52,23,617
201,52,52,24,0
201,52,52,0,0
201,53,53,1,15
201,53,53,2,249
201,53,53,3,153
201,53,53,4,0
201,53,53,5,0
201,53,53,6,203
201,53,53,7,1
201,53,53,8,0
201,53,53,9,0
201,53,53,10,0
201,53,53,11,0
201,53,53,12,1
201,53,53,13,0
201,53,53,14,1
201,53,53,15,0
201,53,53,16,0
201,53,53,17,1
201,53,53,18,0
201,53,53,19,3
201,53,53,20,627
201,53,53,21,0
201,53,53,22,3
201,53,53,23,630
201,53,53,24,0
201,53,53,0,0
201,54,54,1,12
201,54,54,2,229
201,54,54,3,163
201,54,54,4,0
201,54,54,5,0
201,54,54,6,110
201,54,54,7,0
201,54,54,8,0
201,54,54,9,0
201,54,54,10,0
201,54,54,11,0
201,54,54,12,0
201,54,54,13,0
201,54,54,14,1
201,54,54,15,0
201,54,54,16,1
201,54,54,17,1
201,54,54,18,2
201,54,54,19,1
201,54,54,20,520
201,54,54,21,0
201,54,54,22,2
201,54,54,23,522
201,54,54,24,0
201,54,54,0,0
201,55,55,1,9
201,55,55,2,283
201,55,55,3,101
201,55,55,4,1
201,55,55,5,2
201,55,55,6,294
201,55,55,7,0
201,55,55,8,1
201,55,55,9,0
201,55,55,10,0
201,55,55,11,1
201,55,55,12,0
201,55,55,13,0
201,55,55,14,0
201,55,55,15,2
201,55,55,16,0
201,55,55,17,0
201,55,55,18,1
201,55,55,19,0
201,55,55,20,695
201,55,55,21,0
201,55,55,22,5
201,55,55,23,700
201,55,55,24,0
201,55,55,0,0
201,56,56,1,46
201,56,56,2,308
201,56,56,3,84
201,56,56,4,1
201,56,56,5,1
201,56,56,6,233
201,56,56,7,2
201,56,56,8,1
201,56,56,9,1
201,56,56,10,0
201,56,56,11,0
201,56,56,12,0
201,56,56,13,0
201,56,56,14,2
201,56,56,15,0
201,56,56,16,4
201,56,56,17,0
201,56,56,18,2
201,56,56,19,0
201,56,56,20,685
201,56,56,21,0
201,56,56,22,0
201,56,56,23,685
201,56,56,24,0
201,56,56,0,0
201,57,57,1,49
201,57,57,2,228
201,57,57,3,149
201,57,57,4,5
201,57,57,5,0
201,57,57,6,253
201,57,57,7,0
201,57,57,8,1
201,57,57,9,0
201,57,57,10,1
201,57,57,11,1
201,57,57,12,0
201,57,57,13,2
201,57,57,14,0
201,57,57,15,2
201,57,57,16,0
201,57,57,17,0
201,57,57,18,0
201,57,57,19,1
201,57,57,20,692
201,57,57,21,0
201,57,57,22,0
201,57,57,23,692
201,57,57,24,0
201,57,57,0,0
201,58,58,1,50
201,58,58,2,269
201,58,58,3,110
201,58,58,4,3
201,58,58,5,0
201,58,58,6,345
201,58,58,7,1
201,58,58,8,3
201,58,58,9,1
201,58,58,10,0
201,58,58,11,2
201,58,58,12,0
201,58,58,13,0
201,58,58,14,0
201,58,58,15,3
201,58,58,16,1
201,58,58,17,0
201,58,58,18,8
201,58,58,19,5
201,58,58,20,801
201,58,58,21,0
201,58,58,22,0
201,58,58,23,801
201,58,58,24,0
201,58,58,0,0
201,59,59,1,23
201,59,59,2,156
201,59,59,3,57
201,59,59,4,1
201,59,59,5,0
201,59,59,6,195
201,59,59,7,2
201,59,59,8,1
201,59,59,9,1
201,59,59,10,0
201,59,59,11,2
201,59,59,12,0
201,59,59,13,0
201,59,59,14,1
201,59,59,15,1
201,59,59,16,0
201,59,59,17,0
201,59,59,18,1
201,59,59,19,0
201,59,59,20,441
201,59,59,21,0
201,59,59,22,1
201,59,59,23,442
201,59,59,24,0
201,59,59,0,0
201,60,60,1,18
201,60,60,2,210
201,60,60,3,63
201,60,60,4,1
201,60,60,5,1
201,60,60,6,171
201,60,60,7,0
201,60,60,8,0
201,60,60,9,1
201,60,60,10,0
201,60,60,11,1
201,60,60,12,0
201,60,60,13,2
201,60,60,14,2
201,60,60,15,0
201,60,60,16,0
201,60,60,17,1
201,60,60,18,3
201,60,60,19,1
201,60,60,20,475
201,60,60,21,0
201,60,60,22,0
201,60,60,23,475
201,60,60,24,0
201,60,60,0,0
201,61,61,1,41
201,61,61,2,213
201,61,61,3,120
201,61,61,4,1
201,61,61,5,4
201,61,61,6,386
201,61,61,7,0
201,61,61,8,1
201,61,61,9,1
201,61,61,10,0
201,61,61,11,1
201,61,61,12,1
201,61,61,13,0
201,61,61,14,0
201,61,61,15,0
201,61,61,16,0
201,61,61,17,0
201,61,61,18,1
201,61,61,19,0
201,61,61,20,770
201,61,61,21,0
201,61,61,22,3
201,61,61,23,773
201,61,61,24,0
201,61,61,0,0
201,62,62,1,35
201,62,62,2,209
201,62,62,3,58
201,62,62,4,0
201,62,62,5,1
201,62,62,6,285
201,62,62,7,2
201,62,62,8,0
201,62,62,9,1
201,62,62,10,0
201,62,62,11,0
201,62,62,12,0
201,62,62,13,0
201,62,62,14,1
201,62,62,15,0
201,62,62,16,1
201,62,62,17,0
201,62,62,18,2
201,62,62,19,1
201,62,62,20,596
201,62,62,21,0
201,62,62,22,1
201,62,62,23,597
201,62,62,24,0
201,62,62,0,0
201,63,63,1,29
201,63,63,2,390
201,63,63,3,71
201,63,63,4,1
201,63,63,5,0
201,63,63,6,344
201,63,63,7,2
201,63,63,8,0
201,63,63,9,0
201,63,63,10,0
201,63,63,11,0
201,63,63,12,0
201,63,63,13,0
201,63,63,14,1
201,63,63,15,0
201,63,63,16,0
201,63,63,17,1
201,63,63,18,3
201,63,63,19,0
201,63,63,20,842
201,63,63,21,0
201,63,63,22,4
201,63,63,23,846
201,63,63,24,0
201,63,63,0,0
201,64,64,1,21
201,64,64,2,258
201,64,64,3,51
201,64,64,4,0
201,64,64,5,3
201,64,64,6,451
201,64,64,7,1
201,64,64,8,0
201,64,64,9,0
201,64,64,10,0
201,64,64,11,0
201,64,64,12,0
201,64,64,13,0
201,64,64,14,1
201,64,64,15,0
201,64,64,16,1
201,64,64,17,0
201,64,64,18,0
201,64,64,19,1
201,64,64,20,788
201,64,64,21,0
201,64,64,22,3
201,64,64,23,791
201,64,64,24,0
201,64,64,0,0
201,65,65,1,25
201,65,65,2,204
201,65,65,3,52
201,65,65,4,1
201,65,65,5,3
201,65,65,6,249
201,65,65,7,0
201,65,65,8,0
201,65,65,9,0
201,65,65,10,0
201,65,65,11,0
201,65,65,12,0
201,65,65,13,0
201,65,65,14,0
201,65,65,15,0
201,65,65,16,0
201,65,65,17,1
201,65,65,18,0
201,65,65,19,0
201,65,65,20,535
201,65,65,21,0
201,65,65,22,2
201,65,65,23,537
201,65,65,24,0
201,65,65,0,0
201,66,66,1,28
201,66,66,2,190
201,66,66,3,38
201,66,66,4,0
201,66,66,5,0
201,66,66,6,243
201,66,66,7,1
201,66,66,8,0
201,66,66,9,0
201,66,66,10,0
201,66,66,11,0
201,66,66,12,0
201,66,66,13,0
201,66,66,14,0
201,66,66,15,0
201,66,66,16,1
201,66,66,17,0
201,66,66,18,3
201,66,66,19,0
201,66,66,20,504
201,66,66,21,0
201,66,66,22,0
201,66,66,23,504
201,66,66,24,0
201,66,66,0,0
201,67,67,1,43
201,67,67,2,194
201,67,67,3,67
201,67,67,4,0
201,67,67,5,1
201,67,67,6,244
201,67,67,7,0
201,67,67,8,0
201,67,67,9,0
201,67,67,10,0
201,67,67,11,1
201,67,67,12,0
201,67,67,13,0
201,67,67,14,0
201,67,67,15,1
201,67,67,16,0
201,67,67,17,0
201,67,67,18,1
201,67,67,19,1
201,67,67,20,553
201,67,67,21,0
201,67,67,22,0
201,67,67,23,553
201,67,67,24,0
201,67,67,0,0
201,68,68,1,78
201,68,68,2,373
201,68,68,3,41
201,68,68,4,0
201,68,68,5,2
201,68,68,6,247
201,68,68,7,0
201,68,68,8,0
201,68,68,9,0
201,68,68,10,0
201,68,68,11,0
201,68,68,12,0
201,68,68,13,0
201,68,68,14,5
201,68,68,15,1
201,68,68,16,2
201,68,68,17,0
201,68,68,18,1
201,68,68,19,0
201,68,68,20,750
201,68,68,21,0
201,68,68,22,1
201,68,68,23,751
201,68,68,24,0
201,68,68,0,0
201,69,69,1,51
201,69,69,2,358
201,69,69,3,24
201,69,69,4,0
201,69,69,5,1
201,69,69,6,238
201,69,69,7,0
201,69,69,8,0
201,69,69,9,0
201,69,69,10,0
201,69,69,11,1
201,69,69,12,0
201,69,69,13,0
201,69,69,14,2
201,69,69,15,3
201,69,69,16,0
201,69,69,17,0
201,69,69,18,1
201,69,69,19,1
201,69,69,20,680
201,69,69,21,0
201,69,69,22,3
201,69,69,23,683
201,69,69,24,0
201,69,69,0,0
201,70,70,1,0
201,70,70,2,0
201,70,70,3,0
201,70,70,4,0
201,70,70,5,0
201,70,70,6,0
201,70,70,7,0
201,70,70,8,0
201,70,70,9,0
201,70,70,10,0
201,70,70,11,0
201,70,70,12,0
201,70,70,13,0
201,70,70,14,0
201,70,70,15,0
201,70,70,16,0
201,70,70,17,0
201,70,70,18,0
201,70,70,19,0
201,70,70,20,0
201,70,70,21,0
201,70,70,22,0
201,70,70,23,0
201,70,70,24,0
201,70,70,0,0
201,70,70,1,25
201,70,70,2,191
201,70,70,3,39
201,70,70,4,2
201,70,70,5,0
201,70,70,6,212
201,70,70,7,0
201,70,70,8,0
201,70,70,9,0
201,70,70,10,0
201,70,70,11,1
201,70,70,12,0
201,70,70,13,0
201,70,70,14,4
201,70,70,15,1
201,70,70,16,0
201,70,70,17,0
201,70,70,18,0
201,70,70,19,0
201,70,70,20,475
201,70,70,21,0
201,70,70,22,1
201,70,70,23,476
201,70,70,24,0
201,70,70,0,0
201,71,71,1,0
201,71,71,2,0
201,71,71,3,0
201,71,71,4,0
201,71,71,5,0
201,71,71,6,0
201,71,71,7,0
201,71,71,8,0
201,71,71,9,0
201,71,71,10,0
201,71,71,11,0
201,71,71,12,0
201,71,71,13,0
201,71,71,14,0
201,71,71,15,0
201,71,71,16,0
201,71,71,17,0
201,71,71,18,0
201,71,71,19,0
201,71,71,20,0
201,71,71,21,0
201,71,71,22,0
201,71,71,23,0
201,71,71,24,0
201,71,71,0,0
201,71,71,1,23
201,71,71,2,271
201,71,71,3,26
201,71,71,4,0
201,71,71,5,0
201,71,71,6,184
201,71,71,7,0
201,71,71,8,1
201,71,71,9,1
201,71,71,10,0
201,71,71,11,0
201,71,71,12,0
201,71,71,13,0
201,71,71,14,0
201,71,71,15,0
201,71,71,16,0
201,71,71,17,0
201,71,71,18,0
201,71,71,19,0
201,71,71,20,506
201,71,71,21,0
201,71,71,22,2
201,71,71,23,508
201,71,71,24,0
201,71,71,0,0
201,72,72,1,44
201,72,72,2,185
201,72,72,3,98
201,72,72,4,1
201,72,72,5,0
201,72,72,6,293
201,72,72,7,1
201,72,72,8,0
201,72,72,9,0
201,72,72,10,0
201,72,72,11,0
201,72,72,12,0
201,72,72,13,1
201,72,72,14,1
201,72,72,15,0
201,72,72,16,0
201,72,72,17,0
201,72,72,18,1
201,72,72,19,1
201,72,72,20,626
201,72,72,21,0
201,72,72,22,3
201,72,72,23,629
201,72,72,24,0
201,72,72,0,0
201,73,73,1,17
201,73,73,2,247
201,73,73,3,36
201,73,73,4,0
201,73,73,5,0
201,73,73,6,243
201,73,73,7,0
201,73,73,8,0
201,73,73,9,1
201,73,73,10,0
201,73,73,11,1
201,73,73,12,1
201,73,73,13,0
201,73,73,14,0
201,73,73,15,0
201,73,73,16,2
201,73,73,17,0
201,73,73,18,1
201,73,73,19,0
201,73,73,20,549
201,73,73,21,0
201,73,73,22,1
201,73,73,23,550
201,73,73,24,0
201,73,73,0,0
201,74,74,1,50
201,74,74,2,281
201,74,74,3,99
201,74,74,4,0
201,74,74,5,1
201,74,74,6,414
201,74,74,7,0
201,74,74,8,0
201,74,74,9,2
201,74,74,10,2
201,74,74,11,1
201,74,74,12,0
201,74,74,13,0
201,74,74,14,1
201,74,74,15,3
201,74,74,16,1
201,74,74,17,1
201,74,74,18,0
201,74,74,19,0
201,74,74,20,856
201,74,74,21,0
201,74,74,22,8
201,74,74,23,864
201,74,74,24,0
201,74,74,0,0
201,75,75,1,25
201,75,75,2,174
201,75,75,3,81
201,75,75,4,0
201,75,75,5,0
201,75,75,6,193
201,75,75,7,0
201,75,75,8,1
201,75,75,9,0
201,75,75,10,0
201,75,75,11,0
201,75,75,12,1
201,75,75,13,0
201,75,75,14,0
201,75,75,15,0
201,75,75,16,0
201,75,75,17,0
201,75,75,18,0
201,75,75,19,0
201,75,75,20,475
201,75,75,21,0
201,75,75,22,1
201,75,75,23,476
201,75,75,24,0
201,75,75,0,0
201,76,76,1,20
201,76,76,2,284
201,76,76,3,55
201,76,76,4,0
201,76,76,5,1
201,76,76,6,193
201,76,76,7,1
201,76,76,8,1
201,76,76,9,0
201,76,76,10,0
201,76,76,11,1
201,76,76,12,0
201,76,76,13,0
201,76,76,14,0
201,76,76,15,0
201,76,76,16,0
201,76,76,17,0
201,76,76,18,1
201,76,76,19,0
201,76,76,20,557
201,76,76,21,0
201,76,76,22,1
201,76,76,23,558
201,76,76,24,0
201,76,76,0,0
201,77,77,1,28
201,77,77,2,148
201,77,77,3,108
201,77,77,4,2
201,77,77,5,0
201,77,77,6,288
201,77,77,7,0
201,77,77,8,1
201,77,77,9,0
201,77,77,10,0
201,77,77,11,0
201,77,77,12,0
201,77,77,13,0
201,77,77,14,0
201,77,77,15,2
201,77,77,16,0
201,77,77,17,0
201,77,77,18,0
201,77,77,19,0
201,77,77,20,577
201,77,77,21,0
201,77,77,22,5
201,77,77,23,582
201,77,77,24,0
201,77,77,0,0
201,78,78,1,26
201,78,78,2,404
201,78,78,3,59
201,78,78,4,1
201,78,78,5,0
201,78,78,6,213
201,78,78,7,1
201,78,78,8,0
201,78,78,9,0
201,78,78,10,0
201,78,78,11,0
201,78,78,12,0
201,78,78,13,0
201,78,78,14,1
201,78,78,15,0
201,78,78,16,0
201,78,78,17,0
201,78,78,18,0
201,78,78,19,1
201,78,78,20,706
201,78,78,21,0
201,78,78,22,0
201,78,78,23,706
201,78,78,24,0
201,78,78,0,0
201,79,79,1,22
201,79,79,2,178
201,79,79,3,55
201,79,79,4,0
201,79,79,5,0
201,79,79,6,238
201,79,79,7,2
201,79,79,8,0
201,79,79,9,0
201,79,79,10,0
201,79,79,11,1
201,79,79,12,0
201,79,79,13,0
201,79,79,14,0
201,79,79,15,0
201,79,79,16,0
201,79,79,17,0
201,79,79,18,1
201,79,79,19,0
201,79,79,20,497
201,79,79,21,0
201,79,79,22,2
201,79,79,23,499
201,79,79,24,0
201,79,79,0,0
201,80,80,1,33
201,80,80,2,207
201,80,80,3,59
201,80,80,4,2
201,80,80,5,2
201,80,80,6,293
201,80,80,7,0
201,80,80,8,1
201,80,80,9,0
201,80,80,10,0
201,80,80,11,1
201,80,80,12,1
201,80,80,13,0
201,80,80,14,0
201,80,80,15,0
201,80,80,16,3
201,80,80,17,1
201,80,80,18,2
201,80,80,19,1
201,80,80,20,606
201,80,80,21,0
201,80,80,22,3
201,80,80,23,609
201,80,80,24,0
201,80,80,0,0
201,81,81,1,17
201,81,81,2,405
201,81,81,3,59
201,81,81,4,1
201,81,81,5,0
201,81,81,6,160
201,81,81,7,0
201,81,81,8,1
201,81,81,9,0
201,81,81,10,0
201,81,81,11,0
201,81,81,12,0
201,81,81,13,0
201,81,81,14,0
201,81,81,15,1
201,81,81,16,1
201,81,81,17,0
201,81,81,18,0
201,81,81,19,0
201,81,81,20,645
201,81,81,21,0
201,81,81,22,5
201,81,81,23,650
201,81,81,24,0
201,81,81,0,0
201,82,82,1,29
201,82,82,2,161
201,82,82,3,86
201,82,82,4,0
201,82,82,5,0
201,82,82,6,311
201,82,82,7,0
201,82,82,8,2
201,82,82,9,0
201,82,82,10,0
201,82,82,11,1
201,82,82,12,0
201,82,82,13,0
201,82,82,14,1
201,82,82,15,0
201,82,82,16,0
201,82,82,17,0
201,82,82,18,1
201,82,82,19,0
201,82,82,20,592
201,82,82,21,0
201,82,82,22,2
201,82,82,23,594
201,82,82,24,0
201,82,82,0,0
201,83,83,1,25
201,83,83,2,109
201,83,83,3,88
201,83,83,4,0
201,83,83,5,0
201,83,83,6,194
201,83,83,7,0
201,83,83,8,1
201,83,83,9,0
201,83,83,10,0
201,83,83,11,0
201,83,83,12,0
201,83,83,13,0
201,83,83,14,0
201,83,83,15,0
201,83,83,16,1
201,83,83,17,0
201,83,83,18,1
201,83,83,19,0
201,83,83,20,419
201,83,83,21,0
201,83,83,22,5
201,83,83,23,424
201,83,83,24,0
201,83,83,0,0
201,84,84,1,48
201,84,84,2,182
201,84,84,3,82
201,84,84,4,1
201,84,84,5,2
201,84,84,6,387
201,84,84,7,0
201,84,84,8,2
201,84,84,9,0
201,84,84,10,0
201,84,84,11,0
201,84,84,12,0
201,84,84,13,0
201,84,84,14,0
201,84,84,15,0
201,84,84,16,1
201,84,84,17,0
201,84,84,18,1
201,84,84,19,0
201,84,84,20,706
201,84,84,21,0
201,84,84,22,1
201,84,84,23,707
201,84,84,24,0
201,84,84,0,0
201,85,85,1,34
201,85,85,2,223
201,85,85,3,97
201,85,85,4,0
201,85,85,5,1
201,85,85,6,337
201,85,85,7,1
201,85,85,8,0
201,85,85,9,0
201,85,85,10,0
201,85,85,11,0
201,85,85,12,0
201,85,85,13,0
201,85,85,14,0
201,85,85,15,0
201,85,85,16,0
201,85,85,17,0
201,85,85,18,1
201,85,85,19,1
201,85,85,20,695
201,85,85,21,0
201,85,85,22,3
201,85,85,23,698
201,85,85,24,0
201,85,85,0,0
201,86,86,1,19
201,86,86,2,164
201,86,86,3,74
201,86,86,4,0
201,86,86,5,3
201,86,86,6,235
201,86,86,7,0
201,86,86,8,1
201,86,86,9,0
201,86,86,10,1
201,86,86,11,0
201,86,86,12,0
201,86,86,13,0
201,86,86,14,0
201,86,86,15,0
201,86,86,16,1
201,86,86,17,0
201,86,86,18,0
201,86,86,19,0
201,86,86,20,498
201,86,86,21,0
201,86,86,22,3
201,86,86,23,501
201,86,86,24,0
201,86,86,0,0
201,87,87,1,18
201,87,87,2,196
201,87,87,3,50
201,87,87,4,0
201,87,87,5,2
201,87,87,6,150
201,87,87,7,0
201,87,87,8,0
201,87,87,9,0
201,87,87,10,0
201,87,87,11,0
201,87,87,12,0
201,87,87,13,0
201,87,87,14,1
201,87,87,15,0
201,87,87,16,0
201,87,87,17,0
201,87,87,18,0
201,87,87,19,1
201,87,87,20,418
201,87,87,21,0
201,87,87,22,1
201,87,87,23,419
201,87,87,24,0
201,87,87,0,0
201,88,88,1,27
201,88,88,2,114
201,88,88,3,63
201,88,88,4,2
201,88,88,5,0
201,88,88,6,240
201,88,88,7,0
201,88,88,8,1
201,88,88,9,0
201,88,88,10,0
201,88,88,11,0
201,88,88,12,1
201,88,88,13,0
201,88,88,14,0
201,88,88,15,1
201,88,88,16,0
201,88,88,17,0
201,88,88,18,0
201,88,88,19,0
201,88,88,20,449
201,88,88,21,0
201,88,88,22,1
201,88,88,23,450
201,88,88,24,0
201,88,88,0,0
201,89,89,1,31
201,89,89,2,117
201,89,89,3,55
201,89,89,4,0
201,89,89,5,0
201,89,89,6,172
201,89,89,7,0
201,89,89,8,0
201,89,89,9,0
201,89,89,10,0
201,89,89,11,1
201,89,89,12,0
201,89,89,13,0
201,89,89,14,1
201,89,89,15,2
201,89,89,16,0
201,89,89,17,0
201,89,89,18,1
201,89,89,19,0
201,89,89,20,380
201,89,89,21,0
201,89,89,22,5
201,89,89,23,385
201,89,89,24,0
201,89,89,0,0
201,90,90,1,24
201,90,90,2,135
201,90,90,3,40
201,90,90,4,1
201,90,90,5,2
201,90,90,6,269
201,90,90,7,0
201,90,90,8,0
201,90,90,9,0
201,90,90,10,0
201,90,90,11,1
201,90,90,12,1
201,90,90,13,0
201,90,90,14,0
201,90,90,15,0
201,90,90,16,1
201,90,90,17,0
201,90,90,18,0
201,90,90,19,0
201,90,90,20,474
201,90,90,21,0
201,90,90,22,2
201,90,90,23,476
201,90,90,24,0
201,90,90,0,0
201,91,91,1,32
201,91,91,2,194
201,91,91,3,34
201,91,91,4,0
201,91,91,5,0
201,91,91,6,248
201,91,91,7,2
201,91,91,8,0
201,91,91,9,0
201,91,91,10,0
201,91,91,11,1
201,91,91,12,0
201,91,91,13,0
201,91,91,14,0
201,91,91,15,0
201,91,91,16,0
201,91,91,17,0
201,91,91,18,0
201,91,91,19,0
201,91,91,20,511
201,91,91,21,0
201,91,91,22,3
201,91,91,23,514
201,91,91,24,0
201,91,91,0,0
201,92,92,1,30
201,92,92,2,150
201,92,92,3,87
201,92,92,4,1
201,92,92,5,0
201,92,92,6,298
201,92,92,7,0
201,92,92,8,0
201,92,92,9,0
201,92,92,10,1
201,92,92,11,0
201,92,92,12,0
201,92,92,13,0
201,92,92,14,1
201,92,92,15,0
201,92,92,16,0
201,92,92,17,0
201,92,92,18,0
201,92,92,19,0
201,92,92,20,568
201,92,92,21,0
201,92,92,22,2
201,92,92,23,570
201,92,92,24,0
201,92,92,0,0
201,93,93,1,26
201,93,93,2,108
201,93,93,3,53
201,93,93,4,2
201,93,93,5,1
201,93,93,6,216
201,93,93,7,2
201,93,93,8,0
201,93,93,9,0
201,93,93,10,0
201,93,93,11,0
201,93,93,12,0
201,93,93,13,0
201,93,93,14,2
201,93,93,15,1
201,93,93,16,0
201,93,93,17,1
201,93,93,18,0
201,93,93,19,0
201,93,93,20,412
201,93,93,21,0
201,93,93,22,1
201,93,93,23,413
201,93,93,24,0
201,93,93,0,0
201,94,94,1,36
201,94,94,2,170
201,94,94,3,33
201,94,94,4,1
201,94,94,5,0
201,94,94,6,349
201,94,94,7,0
201,94,94,8,0
201,94,94,9,0
201,94,94,10,0
201,94,94,11,0
201,94,94,12,0
201,94,94,13,1
201,94,94,14,1
201,94,94,15,0
201,94,94,16,0
201,94,94,17,0
201,94,94,18,1
201,94,94,19,0
201,94,94,20,592
201,94,94,21,0
201,94,94,22,0
201,94,94,23,592
201,94,94,24,0
201,94,94,0,0
201,95,95,1,0
201,95,95,2,0
201,95,95,3,0
201,95,95,4,0
201,95,95,5,0
201,95,95,6,0
201,95,95,7,0
201,95,95,8,0
201,95,95,9,0
201,95,95,10,0
201,95,95,11,0
201,95,95,12,0
201,95,95,13,0
201,95,95,14,0
201,95,95,15,0
201,95,95,16,0
201,95,95,17,0
201,95,95,18,0
201,95,95,19,0
201,95,95,20,0
201,95,95,21,0
201,95,95,22,0
201,95,95,23,0
201,95,95,24,0
201,95,95,0,0
201,95,95,1,34
201,95,95,2,136
201,95,95,3,41
201,95,95,4,0
201,95,95,5,0
201,95,95,6,315
201,95,95,7,0
201,95,95,8,0
201,95,95,9,0
201,95,95,10,1
201,95,95,11,1
201,95,95,12,0
201,95,95,13,0
201,95,95,14,0
201,95,95,15,0
201,95,95,16,1
201,95,95,17,0
201,95,95,18,2
201,95,95,19,0
201,95,95,20,531
201,95,95,21,0
201,95,95,22,0
201,95,95,23,531
201,95,95,24,0
201,95,95,0,0
201,96,96,1,0
201,96,96,2,0
201,96,96,3,0
201,96,96,4,0
201,96,96,5,0
201,96,96,6,0
201,96,96,7,0
201,96,96,8,0
201,96,96,9,0
201,96,96,10,0
201,96,96,11,0
201,96,96,12,0
201,96,96,13,0
201,96,96,14,0
201,96,96,15,0
201,96,96,16,0
201,96,96,17,0
201,96,96,18,0
201,96,96,19,0
201,96,96,20,0
201,96,96,21,0
201,96,96,22,0
201,96,96,23,0
201,96,96,24,0
201,96,96,0,0
201,96,96,1,32
201,96,96,2,176
201,96,96,3,89
201,96,96,4,0
201,96,96,5,0
201,96,96,6,262
201,96,96,7,1
201,96,96,8,0
201,96,96,9,0
201,96,96,10,0
201,96,96,11,1
201,96,96,12,2
201,96,96,13,0
201,96,96,14,1
201,96,96,15,0
201,96,96,16,0
201,96,96,17,0
201,96,96,18,1
201,96,96,19,0
201,96,96,20,565
201,96,96,21,0
201,96,96,22,0
201,96,96,23,565
201,96,96,24,0
201,96,96,0,0
201,97,97,1,33
201,97,97,2,161
201,97,97,3,36
201,97,97,4,0
201,97,97,5,3
201,97,97,6,247
201,97,97,7,2
201,97,97,8,0
201,97,97,9,0
201,97,97,10,1
201,97,97,11,1
201,97,97,12,0
201,97,97,13,0
201,97,97,14,0
201,97,97,15,1
201,97,97,16,1
201,97,97,17,0
201,97,97,18,0
201,97,97,19,0
201,97,97,20,486
201,97,97,21,0
201,97,97,22,3
201,97,97,23,489
201,97,97,24,0
201,97,97,0,0
201,98,98,1,34
201,98,98,2,182
201,98,98,3,31
201,98,98,4,0
201,98,98,5,2
201,98,98,6,247
201,98,98,7,1
201,98,98,8,0
201,98,98,9,0
201,98,98,10,0
201,98,98,11,0
201,98,98,12,0
201,98,98,13,2
201,98,98,14,0
201,98,98,15,0
201,98,98,16,2
201,98,98,17,0
201,98,98,18,1
201,98,98,19,1
201,98,98,20,503
201,98,98,21,0
201,98,98,22,0
201,98,98,23,503
201,98,98,24,0
201,98,98,0,0
201,99,99,1,41
201,99,99,2,166
201,99,99,3,83
201,99,99,4,3
201,99,99,5,0
201,99,99,6,189
201,99,99,7,1
201,99,99,8,1
201,99,99,9,0
201,99,99,10,0
201,99,99,11,0
201,99,99,12,1
201,99,99,13,0
201,99,99,14,2
201,99,99,15,1
201,99,99,16,2
201,99,99,17,0
201,99,99,18,1
201,99,99,19,0
201,99,99,20,491
201,99,99,21,0
201,99,99,22,1
201,99,99,23,492
201,99,99,24,0
201,99,99,0,0
201,100,100,1,76
201,100,100,2,282
201,100,100,3,89
201,100,100,4,2
201,100,100,5,3
201,100,100,6,422
201,100,100,7,2
201,100,100,8,0
201,100,100,9,3
201,100,100,10,0
201,100,100,11,1
201,100,100,12,0
201,100,100,13,0
201,100,100,14,3
201,100,100,15,1
201,100,100,16,2
201,100,100,17,1
201,100,100,18,3
201,100,100,19,2
201,100,100,20,892
201,100,100,21,0
201,100,100,22,8
201,100,100,23,900
201,100,100,24,0
201,100,100,0,0
201,101,101,1,49
201,101,101,2,178
201,101,101,3,71
201,101,101,4,1
201,101,101,5,2
201,101,101,6,352
201,101,101,7,0
201,101,101,8,2
201,101,101,9,0
201,101,101,10,0
201,101,101,11,2
201,101,101,12,0
201,101,101,13,0
201,101,101,14,1
201,101,101,15,2
201,101,101,16,2
201,101,101,17,0
201,101,101,18,1
201,101,101,19,5
201,101,101,20,668
201,101,101,21,0
201,101,101,22,3
201,101,101,23,671
201,101,101,24,0
201,101,101,0,0
201,102,102,1,33
201,102,102,2,303
201,102,102,3,36
201,102,102,4,2
201,102,102,5,1
201,102,102,6,156
201,102,102,7,1
201,102,102,8,0
201,102,102,9,0
201,102,102,10,0
201,102,102,11,1
201,102,102,12,0
201,102,102,13,1
201,102,102,14,1
201,102,102,15,2
201,102,102,16,2
201,102,102,17,0
201,102,102,18,7
201,102,102,19,0
201,102,102,20,546
201,102,102,21,0
201,102,102,22,1
201,102,102,23,547
201,102,102,24,0
201,102,102,0,0
201,103,103,1,28
201,103,103,2,169
201,103,103,3,73
201,103,103,4,0
201,103,103,5,3
201,103,103,6,218
201,103,103,7,1
201,103,103,8,0
201,103,103,9,0
201,103,103,10,0
201,103,103,11,1
201,103,103,12,0
201,103,103,13,0
201,103,103,14,0
201,103,103,15,0
201,103,103,16,2
201,103,103,17,0
201,103,103,18,0
201,103,103,19,0
201,103,103,20,495
201,103,103,21,0
201,103,103,22,1
201,103,103,23,496
201,103,103,24,0
201,103,103,0,0
201,104,104,1,37
201,104,104,2,142
201,104,104,3,45
201,104,104,4,2
201,104,104,5,1
201,104,104,6,290
201,104,104,7,1
201,104,104,8,1
201,104,104,9,0
201,104,104,10,0
201,104,104,11,2
201,104,104,12,0
201,104,104,13,0
201,104,104,14,0
201,104,104,15,1
201,104,104,16,0
201,104,104,17,0
201,104,104,18,0
201,104,104,19,0
201,104,104,20,522
201,104,104,21,0
201,104,104,22,2
201,104,104,23,524
201,104,104,24,0
201,104,104,0,0
201,105,105,1,42
201,105,105,2,269
201,105,105,3,120
201,105,105,4,4
201,105,105,5,1
201,105,105,6,466
201,105,105,7,1
201,105,105,8,1
201,105,105,9,0
201,105,105,10,0
201,105,105,11,2
201,105,105,12,0
201,105,105,13,1
201,105,105,14,2
201,105,105,15,2
201,105,105,16,2
201,105,105,17,0
201,105,105,18,2
201,105,105,19,1
201,105,105,20,916
201,105,105,21,0
201,105,105,22,5
201,105,105,23,921
201,105,105,24,0
201,105,105,0,0
201,106,106,1,47
201,106,106,2,263
201,106,106,3,180
201,106,106,4,1
201,106,106,5,1
201,106,106,6,237
201,106,106,7,1
201,106,106,8,0
201,106,106,9,0
201,106,106,10,1
201,106,106,11,0
201,106,106,12,0
201,106,106,13,3
201,106,106,14,0
201,106,106,15,3
201,106,106,16,2
201,106,106,17,3
201,106,106,18,4
201,106,106,19,1
201,106,106,20,747
201,106,106,21,0
201,106,106,22,1
201,106,106,23,748
201,106,106,24,0
201,106,106,0,0
201,107,107,1,61
201,107,107,2,217
201,107,107,3,234
201,107,107,4,4
201,107,107,5,4
201,107,107,6,243
201,107,107,7,0
201,107,107,8,0
201,107,107,9,0
201,107,107,10,0
201,107,107,11,2
201,107,107,12,1
201,107,107,13,1
201,107,107,14,0
201,107,107,15,0
201,107,107,16,1
201,107,107,17,2
201,107,107,18,12
201,107,107,19,4
201,107,107,20,786
201,107,107,21,0
201,107,107,22,2
201,107,107,23,788
201,107,107,24,0
201,107,107,0,0
201,108,108,1,49
201,108,108,2,210
201,108,108,3,125
201,108,108,4,3
201,108,108,5,0
201,108,108,6,277
201,108,108,7,0
201,108,108,8,0
201,108,108,9,0
201,108,108,10,0
201,108,108,11,2
201,108,108,12,0
201,108,108,13,0
201,108,108,14,0
201,108,108,15,1
201,108,108,16,0
201,108,108,17,0
201,108,108,18,0
201,108,108,19,0
201,108,108,20,667
201,108,108,21,0
201,108,108,22,2
201,108,108,23,669
201,108,108,24,0
201,108,108,0,0
201,109,109,1,59
201,109,109,2,151
201,109,109,3,88
201,109,109,4,0
201,109,109,5,0
201,109,109,6,261
201,109,109,7,0
201,109,109,8,0
201,109,109,9,0
201,109,109,10,0
201,109,109,11,0
201,109,109,12,0
201,109,109,13,1
201,109,109,14,0
201,109,109,15,0
201,109,109,16,0
201,109,109,17,0
201,109,109,18,1
201,109,109,19,0
201,109,109,20,561
201,109,109,21,0
201,109,109,22,2
201,109,109,23,563
201,109,109,24,0
201,109,109,0,0
201,110,110,1,50
201,110,110,2,200
201,110,110,3,188
201,110,110,4,0
201,110,110,5,0
201,110,110,6,236
201,110,110,7,0
201,110,110,8,1
201,110,110,9,0
201,110,110,10,0
201,110,110,11,0
201,110,110,12,0
201,110,110,13,0
201,110,110,14,0
201,110,110,15,0
201,110,110,16,0
201,110,110,17,1
201,110,110,18,3
201,110,110,19,4
201,110,110,20,683
201,110,110,21,0
201,110,110,22,0
201,110,110,23,683
201,110,110,24,0
201,110,110,0,0
201,111,111,1,48
201,111,111,2,317
201,111,111,3,66
201,111,111,4,1
201,111,111,5,2
201,111,111,6,344
201,111,111,7,0
201,111,111,8,1
201,111,111,9,0
201,111,111,10,0
201,111,111,11,1
201,111,111,12,1
201,111,111,13,0
201,111,111,14,1
201,111,111,15,0
201,111,111,16,2
201,111,111,17,0
201,111,111,18,2
201,111,111,19,0
201,111,111,20,786
201,111,111,21,0
201,111,111,22,3
201,111,111,23,789
201,111,111,24,0
201,111,111,0,0
201,112,112,1,34
201,112,112,2,329
201,112,112,3,91
201,112,112,4,1
201,112,112,5,1
201,112,112,6,265
201,112,112,7,0
201,112,112,8,0
201,112,112,9,0
201,112,112,10,0
201,112,112,11,1
201,112,112,12,1
201,112,112,13,0
201,112,112,14,2
201,112,112,15,0
201,112,112,16,0
201,112,112,17,0
201,112,112,18,2
201,112,112,19,0
201,112,112,20,727
201,112,112,21,0
201,112,112,22,3
201,112,112,23,730
201,112,112,24,0
201,112,112,0,0
201,113,113,1,7
201,113,113,2,193
201,113,113,3,161
201,113,113,4,1
201,113,113,5,1
201,113,113,6,280
201,113,113,7,1
201,113,113,8,0
201,113,113,9,1
201,113,113,10,1
201,113,113,11,0
201,113,113,12,0
201,113,113,13,1
201,113,113,14,0
201,113,113,15,0
201,113,113,16,2
201,113,113,17,0
201,113,113,18,1
201,113,113,19,1
201,113,113,20,651
201,113,113,21,0
201,113,113,22,1
201,113,113,23,652
201,113,113,24,0
201,113,113,0,0
201,114,114,1,11
201,114,114,2,169
201,114,114,3,102
201,114,114,4,0
201,114,114,5,1
201,114,114,6,79
201,114,114,7,0
201,114,114,8,0
201,114,114,9,1
201,114,114,10,0
201,114,114,11,0
201,114,114,12,0
201,114,114,13,1
201,114,114,14,1
201,114,114,15,2
201,114,114,16,0
201,114,114,17,0
201,114,114,18,0
201,114,114,19,0
201,114,114,20,367
201,114,114,21,0
201,114,114,22,0
201,114,114,23,367
201,114,114,24,0
201,114,114,0,0
201,115,115,1,15
201,115,115,2,284
201,115,115,3,19
201,115,115,4,0
201,115,115,5,0
201,115,115,6,185
201,115,115,7,1
201,115,115,8,0
201,115,115,9,0
201,115,115,10,0
201,115,115,11,0
201,115,115,12,0
201,115,115,13,0
201,115,115,14,0
201,115,115,15,0
201,115,115,16,2
201,115,115,17,1
201,115,115,18,0
201,115,115,19,0
201,115,115,20,507
201,115,115,21,0
201,115,115,22,3
201,115,115,23,510
201,115,115,24,0
201,115,115,0,0
201,116,116,1,23
201,116,116,2,397
201,116,116,3,32
201,116,116,4,1
201,116,116,5,0
201,116,116,6,278
201,116,116,7,1
201,116,116,8,1
201,116,116,9,0
201,116,116,10,0
201,116,116,11,0
201,116,116,12,1
201,116,116,13,1
201,116,116,14,1
201,116,116,15,0
201,116,116,16,0
201,116,116,17,1
201,116,116,18,5
201,116,116,19,0
201,116,116,20,742
201,116,116,21,0
201,116,116,22,1
201,116,116,23,743
201,116,116,24,0
201,116,116,0,0
201,117,117,1,33
201,117,117,2,200
201,117,117,3,150
201,117,117,4,0
201,117,117,5,2
201,117,117,6,230
201,117,117,7,3
201,117,117,8,2
201,117,117,9,0
201,117,117,10,1
201,117,117,11,0
201,117,117,12,0
201,117,117,13,1
201,117,117,14,1
201,117,117,15,0
201,117,117,16,0
201,117,117,17,0
201,117,117,18,0
201,117,117,19,0
201,117,117,20,623
201,117,117,21,0
201,117,117,22,3
201,117,117,23,626
201,117,117,24,0
201,117,117,0,0
201,118,118,1,53
201,118,118,2,232
201,118,118,3,51
201,118,118,4,2
201,118,118,5,3
201,118,118,6,421
201,118,118,7,0
201,118,118,8,0
201,118,118,9,1
201,118,118,10,0
201,118,118,11,4
201,118,118,12,1
201,118,118,13,0
201,118,118,14,1
201,118,118,15,0
201,118,118,16,1
201,118,118,17,0
201,118,118,18,0
201,118,118,19,1
201,118,118,20,771
201,118,118,21,0
201,118,118,22,3
201,118,118,23,774
201,118,118,24,0
201,118,118,0,0
201,119,119,1,56
201,119,119,2,209
201,119,119,3,189
201,119,119,4,6
201,119,119,5,0
201,119,119,6,327
201,119,119,7,1
201,119,119,8,1
201,119,119,9,0
201,119,119,10,0
201,119,119,11,1
201,119,119,12,0
201,119,119,13,3
201,119,119,14,1
201,119,119,15,0
201,119,119,16,2
201,119,119,17,0
201,119,119,18,0
201,119,119,19,0
201,119,119,20,796
201,119,119,21,0
201,119,119,22,3
201,119,119,23,799
201,119,119,24,0
201,119,119,0,0
201,120,120,1,28
201,120,120,2,135
201,120,120,3,72
201,120,120,4,0
201,120,120,5,1
201,120,120,6,211
201,120,120,7,1
201,120,120,8,0
201,120,120,9,0
201,120,120,10,0
201,120,120,11,2
201,120,120,12,0
201,120,120,13,1
201,120,120,14,0
201,120,120,15,0
201,120,120,16,0
201,120,120,17,0
201,120,120,18,2
201,120,120,19,0
201,120,120,20,453
201,120,120,21,0
201,120,120,22,2
201,120,120,23,455
201,120,120,24,0
201,120,120,0,0
201,120,120,1,0
201,120,120,2,0
201,120,120,3,0
201,120,120,4,0
201,120,120,5,0
201,120,120,6,0
201,120,120,7,0
201,120,120,8,0
201,120,120,9,0
201,120,120,10,0
201,120,120,11,0
201,120,120,12,0
201,120,120,13,0
201,120,120,14,0
201,120,120,15,0
201,120,120,16,0
201,120,120,17,0
201,120,120,18,0
201,120,120,19,0
201,120,120,20,0
201,120,120,21,0
201,120,120,22,0
201,120,120,23,0
201,120,120,24,0
201,120,120,0,0
201,121,121,1,30
201,121,121,2,107
201,121,121,3,103
201,121,121,4,1
201,121,121,5,0
201,121,121,6,229
201,121,121,7,1
201,121,121,8,1
201,121,121,9,0
201,121,121,10,1
201,121,121,11,2
201,121,121,12,0
201,121,121,13,0
201,121,121,14,1
201,121,121,15,0
201,121,121,16,0
201,121,121,17,0
201,121,121,18,1
201,121,121,19,0
201,121,121,20,477
201,121,121,21,0
201,121,121,22,5
201,121,121,23,482
201,121,121,24,0
201,121,121,0,0
201,121,121,1,0
201,121,121,2,0
201,121,121,3,0
201,121,121,4,0
201,121,121,5,0
201,121,121,6,0
201,121,121,7,0
201,121,121,8,0
201,121,121,9,0
201,121,121,10,0
201,121,121,11,0
201,121,121,12,0
201,121,121,13,0
201,121,121,14,0
201,121,121,15,0
201,121,121,16,0
201,121,121,17,0
201,121,121,18,0
201,121,121,19,0
201,121,121,20,0
201,121,121,21,0
201,121,121,22,0
201,121,121,23,0
201,121,121,24,0
201,121,121,0,0
201,122,122,1,36
201,122,122,2,85
201,122,122,3,246
201,122,122,4,2
201,122,122,5,1
201,122,122,6,357
201,122,122,7,0
201,122,122,8,2
201,122,122,9,0
201,122,122,10,0
201,122,122,11,0
201,122,122,12,0
201,122,122,13,0
201,122,122,14,0
201,122,122,15,0
201,122,122,16,1
201,122,122,17,2
201,122,122,18,0
201,122,122,19,1
201,122,122,20,733
201,122,122,21,0
201,122,122,22,4
201,122,122,23,737
201,122,122,24,0
201,122,122,0,0
201,123,123,1,38
201,123,123,2,129
201,123,123,3,271
201,123,123,4,2
201,123,123,5,2
201,123,123,6,342
201,123,123,7,0
201,123,123,8,1
201,123,123,9,0
201,123,123,10,0
201,123,123,11,0
201,123,123,12,0
201,123,123,13,0
201,123,123,14,1
201,123,123,15,0
201,123,123,16,1
201,123,123,17,0
201,123,123,18,0
201,123,123,19,2
201,123,123,20,789
201,123,123,21,0
201,123,123,22,3
201,123,123,23,792
201,123,123,24,0
201,123,123,0,0
201,124,124,1,34
201,124,124,2,177
201,124,124,3,186
201,124,124,4,2
201,124,124,5,0
201,124,124,6,229
201,124,124,7,0
201,124,124,8,0
201,124,124,9,0
201,124,124,10,0
201,124,124,11,0
201,124,124,12,0
201,124,124,13,0
201,124,124,14,0
201,124,124,15,0
201,124,124,16,1
201,124,124,17,0
201,124,124,18,1
201,124,124,19,0
201,124,124,20,630
201,124,124,21,0
201,124,124,22,4
201,124,124,23,634
201,124,124,24,0
201,124,124,0,0
201,125,125,1,27
201,125,125,2,202
201,125,125,3,191
201,125,125,4,0
201,125,125,5,0
201,125,125,6,295
201,125,125,7,1
201,125,125,8,0
201,125,125,9,0
201,125,125,10,0
201,125,125,11,0
201,125,125,12,0
201,125,125,13,0
201,125,125,14,1
201,125,125,15,0
201,125,125,16,0
201,125,125,17,0
201,125,125,18,0
201,125,125,19,0
201,125,125,20,717
201,125,125,21,0
201,125,125,22,3
201,125,125,23,720
201,125,125,24,0
201,125,125,0,0
201,126,126,1,18
201,126,126,2,229
201,126,126,3,105
201,126,126,4,2
201,126,126,5,3
201,126,126,6,201
201,126,126,7,1
201,126,126,8,1
201,126,126,9,0
201,126,126,10,0
201,126,126,11,1
201,126,126,12,0
201,126,126,13,0
201,126,126,14,0
201,126,126,15,0
201,126,126,16,1
201,126,126,17,0
201,126,126,18,1
201,126,126,19,3
201,126,126,20,566
201,126,126,21,0
201,126,126,22,1
201,126,126,23,567
201,126,126,24,0
201,126,126,0,0
201,127,127,1,43
201,127,127,2,321
201,127,127,3,106
201,127,127,4,0
201,127,127,5,3
201,127,127,6,282
201,127,127,7,2
201,127,127,8,1
201,127,127,9,0
201,127,127,10,1
201,127,127,11,1
201,127,127,12,0
201,127,127,13,0
201,127,127,14,1
201,127,127,15,0
201,127,127,16,1
201,127,127,17,1
201,127,127,18,1
201,127,127,19,1
201,127,127,20,765
201,127,127,21,0
201,127,127,22,3
201,127,127,23,768
201,127,127,24,0
201,127,127,0,0
201,128,128,1,50
201,128,128,2,154
201,128,128,3,89
201,128,128,4,0
201,128,128,5,2
201,128,128,6,183
201,128,128,7,0
201,128,128,8,0
201,128,128,9,0
201,128,128,10,0
201,128,128,11,2
201,128,128,12,0
201,128,128,13,0
201,128,128,14,0
201,128,128,15,0
201,128,128,16,0
201,128,128,17,0
201,128,128,18,2
201,128,128,19,0
201,128,128,20,482
201,128,128,21,0
201,128,128,22,1
201,128,128,23,483
201,128,128,24,0
201,128,128,0,0
201,129,129,1,19
201,129,129,2,120
201,129,129,3,206
201,129,129,4,0
201,129,129,5,1
201,129,129,6,185
201,129,129,7,0
201,129,129,8,0
201,129,129,9,0
201,129,129,10,0
201,129,129,11,0
201,129,129,12,1
201,129,129,13,0
201,129,129,14,0
201,129,129,15,0
201,129,129,16,1
201,129,129,17,0
201,129,129,18,4
201,129,129,19,1
201,129,129,20,538
201,129,129,21,0
201,129,129,22,1
201,129,129,23,539
201,129,129,24,0
201,129,129,0,0
201,130,130,1,16
201,130,130,2,299
201,130,130,3,209
201,130,130,4,3
201,130,130,5,2
201,130,130,6,247
201,130,130,7,0
201,130,130,8,2
201,130,130,9,1
201,130,130,10,0
201,130,130,11,0
201,130,130,12,0
201,130,130,13,0
201,130,130,14,0
201,130,130,15,0
201,130,130,16,1
201,130,130,17,0
201,130,130,18,0
201,130,130,19,4
201,130,130,20,784
201,130,130,21,0
201,130,130,22,2
201,130,130,23,786
201,130,130,24,0
201,130,130,0,0
201,131,131,1,35
201,131,131,2,386
201,131,131,3,71
201,131,131,4,2
201,131,131,5,1
201,131,131,6,329
201,131,131,7,0
201,131,131,8,0
201,131,131,9,0
201,131,131,10,1
201,131,131,11,1
201,131,131,12,0
201,131,131,13,0
201,131,131,14,1
201,131,131,15,3
201,131,131,16,1
201,131,131,17,0
201,131,131,18,3
201,131,131,19,1
201,131,131,20,835
201,131,131,21,0
201,131,131,22,2
201,131,131,23,837
201,131,131,24,0
201,131,131,0,0
201,132,132,1,26
201,132,132,2,120
201,132,132,3,92
201,132,132,4,2
201,132,132,5,0
201,132,132,6,168
201,132,132,7,0
201,132,132,8,0
201,132,132,9,0
201,132,132,10,0
201,132,132,11,0
201,132,132,12,0
201,132,132,13,0
201,132,132,14,0
201,132,132,15,0
201,132,132,16,0
201,132,132,17,0
201,132,132,18,1
201,132,132,19,2
201,132,132,20,411
201,132,132,21,0
201,132,132,22,1
201,132,132,23,412
201,132,132,24,0
201,132,132,0,0
201,133,133,1,40
201,133,133,2,229
201,133,133,3,134
201,133,133,4,0
201,133,133,5,0
201,133,133,6,261
201,133,133,7,2
201,133,133,8,0
201,133,133,9,0
201,133,133,10,1
201,133,133,11,2
201,133,133,12,0
201,133,133,13,0
201,133,133,14,1
201,133,133,15,0
201,133,133,16,3
201,133,133,17,0
201,133,133,18,4
201,133,133,19,0
201,133,133,20,677
201,133,133,21,0
201,133,133,22,3
201,133,133,23,680
201,133,133,24,0
201,133,133,0,0
201,134,134,1,41
201,134,134,2,218
201,134,134,3,66
201,134,134,4,1
201,134,134,5,2
201,134,134,6,206
201,134,134,7,2
201,134,134,8,0
201,134,134,9,0
201,134,134,10,0
201,134,134,11,1
201,134,134,12,0
201,134,134,13,1
201,134,134,14,1
201,134,134,15,0
201,134,134,16,0
201,134,134,17,0
201,134,134,18,0
201,134,134,19,1
201,134,134,20,540
201,134,134,21,0
201,134,134,22,0
201,134,134,23,540
201,134,134,24,0
201,134,134,0,0
201,135,135,1,28
201,135,135,2,331
201,135,135,3,42
201,135,135,4,1
201,135,135,5,1
201,135,135,6,185
201,135,135,7,0
201,135,135,8,1
201,135,135,9,0
201,135,135,10,0
201,135,135,11,0
201,135,135,12,0
201,135,135,13,0
201,135,135,14,1
201,135,135,15,1
201,135,135,16,1
201,135,135,17,0
201,135,135,18,3
201,135,135,19,0
201,135,135,20,595
201,135,135,21,0
201,135,135,22,1
201,135,135,23,596
201,135,135,24,0
201,135,135,0,0
201,136,136,1,49
201,136,136,2,160
201,136,136,3,157
201,136,136,4,1
201,136,136,5,0
201,136,136,6,161
201,136,136,7,0
201,136,136,8,0
201,136,136,9,0
201,136,136,10,0
201,136,136,11,1
201,136,136,12,0
201,136,136,13,1
201,136,136,14,3
201,136,136,15,1
201,136,136,16,2
201,136,136,17,1
201,136,136,18,2
201,136,136,19,2
201,136,136,20,541
201,136,136,21,0
201,136,136,22,0
201,136,136,23,541
201,136,136,24,0
201,136,136,0,0
201,137,137,1,18
201,137,137,2,250
201,137,137,3,39
201,137,137,4,0
201,137,137,5,1
201,137,137,6,73
201,137,137,7,0
201,137,137,8,1
201,137,137,9,0
201,137,137,10,0
201,137,137,11,0
201,137,137,12,1
201,137,137,13,1
201,137,137,14,2
201,137,137,15,1
201,137,137,16,0
201,137,137,17,0
201,137,137,18,2
201,137,137,19,1
201,137,137,20,390
201,137,137,21,0
201,137,137,22,1
201,137,137,23,391
201,137,137,24,0
201,137,137,0,0
201,138,138,1,72
201,138,138,2,358
201,138,138,3,145
201,138,138,4,0
201,138,138,5,2
201,138,138,6,219
201,138,138,7,2
201,138,138,8,0
201,138,138,9,0
201,138,138,10,0
201,138,138,11,1
201,138,138,12,1
201,138,138,13,2
201,138,138,14,0
201,138,138,15,3
201,138,138,16,1
201,138,138,17,1
201,138,138,18,6
201,138,138,19,1
201,138,138,20,814
201,138,138,21,0
201,138,138,22,1
201,138,138,23,815
201,138,138,24,0
201,138,138,0,0
201,139,139,1,44
201,139,139,2,337
201,139,139,3,114
201,139,139,4,2
201,139,139,5,0
201,139,139,6,239
201,139,139,7,0
201,139,139,8,0
201,139,139,9,0
201,139,139,10,1
201,139,139,11,0
201,139,139,12,0
201,139,139,13,0
201,139,139,14,0
201,139,139,15,0
201,139,139,16,1
201,139,139,17,0
201,139,139,18,2
201,139,139,19,2
201,139,139,20,742
201,139,139,21,0
201,139,139,22,5
201,139,139,23,747
201,139,139,24,0
201,139,139,0,0
201,140,140,1,51
201,140,140,2,330
201,140,140,3,131
201,140,140,4,0
201,140,140,5,0
201,140,140,6,326
201,140,140,7,1
201,140,140,8,0
201,140,140,9,0
201,140,140,10,0
201,140,140,11,0
201,140,140,12,0
201,140,140,13,1
201,140,140,14,3
201,140,140,15,1
201,140,140,16,3
201,140,140,17,1
201,140,140,18,1
201,140,140,19,2
201,140,140,20,851
201,140,140,21,0
201,140,140,22,1
201,140,140,23,852
201,140,140,24,0
201,140,140,0,0
201,141,141,1,42
201,141,141,2,326
201,141,141,3,95
201,141,141,4,0
201,141,141,5,0
201,141,141,6,214
201,141,141,7,1
201,141,141,8,0
201,141,141,9,0
201,141,141,10,0
201,141,141,11,0
201,141,141,12,0
201,141,141,13,0
201,141,141,14,0
201,141,141,15,0
201,141,141,16,1
201,141,141,17,0
201,141,141,18,2
201,141,141,19,1
201,141,141,20,682
201,141,141,21,0
201,141,141,22,3
201,141,141,23,685
201,141,141,24,0
201,141,141,0,0
201,142,142,1,18
201,142,142,2,128
201,142,142,3,150
201,142,142,4,1
201,142,142,5,1
201,142,142,6,167
201,142,142,7,1
201,142,142,8,0
201,142,142,9,0
201,142,142,10,1
201,142,142,11,4
201,142,142,12,0
201,142,142,13,0
201,142,142,14,0
201,142,142,15,0
201,142,142,16,0
201,142,142,17,0
201,142,142,18,0
201,142,142,19,1
201,142,142,20,472
201,142,142,21,0
201,142,142,22,1
201,142,142,23,473
201,142,142,24,0
201,142,142,0,0
201,143,143,1,66
201,143,143,2,265
201,143,143,3,47
201,143,143,4,1
201,143,143,5,5
201,143,143,6,128
201,143,143,7,0
201,143,143,8,0
201,143,143,9,0
201,143,143,10,0
201,143,143,11,0
201,143,143,12,0
201,143,143,13,0
201,143,143,14,0
201,143,143,15,1
201,143,143,16,0
201,143,143,17,0
201,143,143,18,1
201,143,143,19,2
201,143,143,20,516
201,143,143,21,0
201,143,143,22,1
201,143,143,23,517
201,143,143,24,0
201,143,143,0,0
201,144,144,1,40
201,144,144,2,349
201,144,144,3,62
201,144,144,4,1
201,144,144,5,1
201,144,144,6,161
201,144,144,7,0
201,144,144,8,0
201,144,144,9,0
201,144,144,10,0
201,144,144,11,0
201,144,144,12,0
201,144,144,13,0
201,144,144,14,0
201,144,144,15,0
201,144,144,16,0
201,144,144,17,0
201,144,144,18,1
201,144,144,19,0
201,144,144,20,615
201,144,144,21,0
201,144,144,22,1
201,144,144,23,616
201,144,144,24,0
201,144,144,0,0
201,145,145,1,41
201,145,145,2,246
201,145,145,3,100
201,145,145,4,1
201,145,145,5,0
201,145,145,6,255
201,145,145,7,0
201,145,145,8,1
201,145,145,9,0
201,145,145,10,0
201,145,145,11,2
201,145,145,12,0
201,145,145,13,1
201,145,145,14,0
201,145,145,15,0
201,145,145,16,0
201,145,145,17,0
201,145,145,18,1
201,145,145,19,0
201,145,145,20,648
201,145,145,21,0
201,145,145,22,2
201,145,145,23,650
201,145,145,24,0
201,145,145,0,0
201,145,145,1,0
201,145,145,2,0
201,145,145,3,0
201,145,145,4,0
201,145,145,5,0
201,145,145,6,0
201,145,145,7,0
201,145,145,8,0
201,145,145,9,0
201,145,145,10,0
201,145,145,11,0
201,145,145,12,0
201,145,145,13,0
201,145,145,14,0
201,145,145,15,0
201,145,145,16,0
201,145,145,17,0
201,145,145,18,0
201,145,145,19,0
201,145,145,20,0
201,145,145,21,0
201,145,145,22,0
201,145,145,23,0
201,145,145,24,0
201,145,145,0,0
201,146,146,1,27
201,146,146,2,181
201,146,146,3,50
201,146,146,4,0
201,146,146,5,0
201,146,146,6,141
201,146,146,7,1
201,146,146,8,1
201,146,146,9,0
201,146,146,10,0
201,146,146,11,2
201,146,146,12,0
201,146,146,13,0
201,146,146,14,1
201,146,146,15,1
201,146,146,16,0
201,146,146,17,0
201,146,146,18,1
201,146,146,19,0
201,146,146,20,406
201,146,146,21,0
201,146,146,22,0
201,146,146,23,406
201,146,146,24,0
201,146,146,0,0
201,146,146,1,0
201,146,146,2,0
201,146,146,3,0
201,146,146,4,0
201,146,146,5,0
201,146,146,6,0
201,146,146,7,0
201,146,146,8,0
201,146,146,9,0
201,146,146,10,0
201,146,146,11,0
201,146,146,12,0
201,146,146,13,0
201,146,146,14,0
201,146,146,15,0
201,146,146,16,0
201,146,146,17,0
201,146,146,18,0
201,146,146,19,0
201,146,146,20,0
201,146,146,21,0
201,146,146,22,0
201,146,146,23,0
201,146,146,24,0
201,146,146,0,0
201,147,147,1,36
201,147,147,2,226
201,147,147,3,189
201,147,147,4,1
201,147,147,5,0
201,147,147,6,226
201,147,147,7,0
201,147,147,8,0
201,147,147,9,0
201,147,147,10,1
201,147,147,11,0
201,147,147,12,0
201,147,147,13,0
201,147,147,14,0
201,147,147,15,0
201,147,147,16,0
201,147,147,17,1
201,147,147,18,1
201,147,147,19,1
201,147,147,20,682
201,147,147,21,0
201,147,147,22,2
201,147,147,23,684
201,147,147,24,0
201,147,147,0,0
201,148,148,1,38
201,148,148,2,64
201,148,148,3,224
201,148,148,4,1
201,148,148,5,2
201,148,148,6,138
201,148,148,7,0
201,148,148,8,0
201,148,148,9,0
201,148,148,10,0
201,148,148,11,2
201,148,148,12,0
201,148,148,13,0
201,148,148,14,0
201,148,148,15,0
201,148,148,16,0
201,148,148,17,0
201,148,148,18,0
201,148,148,19,0
201,148,148,20,469
201,148,148,21,0
201,148,148,22,1
201,148,148,23,470
201,148,148,24,0
201,148,148,0,0
201,149,149,1,33
201,149,149,2,326
201,149,149,3,205
201,149,149,4,1
201,149,149,5,1
201,149,149,6,318
201,149,149,7,0
201,149,149,8,1
201,149,149,9,0
201,149,149,10,0
201,149,149,11,2
201,149,149,12,1
201,149,149,13,0
201,149,149,14,3
201,149,149,15,0
201,149,149,16,2
201,149,149,17,1
201,149,149,18,2
201,149,149,19,1
201,149,149,20,897
201,149,149,21,0
201,149,149,22,0
201,149,149,23,897
201,149,149,24,0
201,149,149,0,0
201,150,150,1,26
201,150,150,2,149
201,150,150,3,150
201,150,150,4,1
201,150,150,5,3
201,150,150,6,155
201,150,150,7,1
201,150,150,8,0
201,150,150,9,0
201,150,150,10,0
201,150,150,11,0
201,150,150,12,0
201,150,150,13,0
201,150,150,14,0
201,150,150,15,1
201,150,150,16,0
201,150,150,17,0
201,150,150,18,1
201,150,150,19,0
201,150,150,20,487
201,150,150,21,0
201,150,150,22,1
201,150,150,23,488
201,150,150,24,0
201,150,150,0,0
201,151,151,1,37
201,151,151,2,285
201,151,151,3,74
201,151,151,4,1
201,151,151,5,0
201,151,151,6,208
201,151,151,7,0
201,151,151,8,1
201,151,151,9,1
201,151,151,10,0
201,151,151,11,1
201,151,151,12,1
201,151,151,13,0
201,151,151,14,3
201,151,151,15,0
201,151,151,16,1
201,151,151,17,0
201,151,151,18,1
201,151,151,19,0
201,151,151,20,614
201,151,151,21,0
201,151,151,22,0
201,151,151,23,614
201,151,151,24,0
201,151,151,0,0
201,152,152,1,48
201,152,152,2,191
201,152,152,3,136
201,152,152,4,3
201,152,152,5,2
201,152,152,6,179
201,152,152,7,0
201,152,152,8,2
201,152,152,9,0
201,152,152,10,0
201,152,152,11,0
201,152,152,12,1
201,152,152,13,0
201,152,152,14,0
201,152,152,15,1
201,152,152,16,1
201,152,152,17,1
201,152,152,18,7
201,152,152,19,0
201,152,152,20,572
201,152,152,21,0
201,152,152,22,2
201,152,152,23,574
201,152,152,24,0
201,152,152,0,0
201,153,153,1,23
201,153,153,2,185
201,153,153,3,136
201,153,153,4,1
201,153,153,5,1
201,153,153,6,182
201,153,153,7,1
201,153,153,8,0
201,153,153,9,0
201,153,153,10,0
201,153,153,11,0
201,153,153,12,1
201,153,153,13,0
201,153,153,14,0
201,153,153,15,0
201,153,153,16,0
201,153,153,17,0
201,153,153,18,0
201,153,153,19,0
201,153,153,20,530
201,153,153,21,0
201,153,153,22,1
201,153,153,23,531
201,153,153,24,0
201,153,153,0,0
201,154,154,1,41
201,154,154,2,215
201,154,154,3,78
201,154,154,4,1
201,154,154,5,0
201,154,154,6,127
201,154,154,7,0
201,154,154,8,0
201,154,154,9,0
201,154,154,10,0
201,154,154,11,0
201,154,154,12,0
201,154,154,13,0
201,154,154,14,0
201,154,154,15,0
201,154,154,16,1
201,154,154,17,0
201,154,154,18,1
201,154,154,19,0
201,154,154,20,464
201,154,154,21,0
201,154,154,22,3
201,154,154,23,467
201,154,154,24,0
201,154,154,0,0
201,155,155,1,15
201,155,155,2,111
201,155,155,3,242
201,155,155,4,1
201,155,155,5,0
201,155,155,6,130
201,155,155,7,0
201,155,155,8,2
201,155,155,9,0
201,155,155,10,0
201,155,155,11,0
201,155,155,12,0
201,155,155,13,0
201,155,155,14,0
201,155,155,15,0
201,155,155,16,0
201,155,155,17,0
201,155,155,18,0
201,155,155,19,1
201,155,155,20,502
201,155,155,21,0
201,155,155,22,2
201,155,155,23,504
201,155,155,24,0
201,155,155,0,0
201,156,156,1,63
201,156,156,2,191
201,156,156,3,136
201,156,156,4,0
201,156,156,5,0
201,156,156,6,174
201,156,156,7,0
201,156,156,8,0
201,156,156,9,0
201,156,156,10,0
201,156,156,11,0
201,156,156,12,0
201,156,156,13,1
201,156,156,14,1
201,156,156,15,0
201,156,156,16,2
201,156,156,17,1
201,156,156,18,1
201,156,156,19,0
201,156,156,20,570
201,156,156,21,0
201,156,156,22,3
201,156,156,23,573
201,156,156,24,0
201,156,156,0,0
201,157,157,1,26
201,157,157,2,299
201,157,157,3,131
201,157,157,4,1
201,157,157,5,3
201,157,157,6,280
201,157,157,7,0
201,157,157,8,0
201,157,157,9,0
201,157,157,10,0
201,157,157,11,0
201,157,157,12,0
201,157,157,13,0
201,157,157,14,2
201,157,157,15,0
201,157,157,16,0
201,157,157,17,1
201,157,157,18,4
201,157,157,19,0
201,157,157,20,747
201,157,157,21,0
201,157,157,22,3
201,157,157,23,750
201,157,157,24,0
201,157,157,0,0
201,158,158,1,37
201,158,158,2,361
201,158,158,3,117
201,158,158,4,1
201,158,158,5,6
201,158,158,6,337
201,158,158,7,2
201,158,158,8,0
201,158,158,9,0
201,158,158,10,1
201,158,158,11,0
201,158,158,12,0
201,158,158,13,2
201,158,158,14,0
201,158,158,15,2
201,158,158,16,3
201,158,158,17,1
201,158,158,18,5
201,158,158,19,2
201,158,158,20,877
201,158,158,21,0
201,158,158,22,0
201,158,158,23,877
201,158,158,24,0
201,158,158,0,0
201,159,159,1,24
201,159,159,2,280
201,159,159,3,175
201,159,159,4,2
201,159,159,5,1
201,159,159,6,227
201,159,159,7,2
201,159,159,8,0
201,159,159,9,0
201,159,159,10,0
201,159,159,11,0
201,159,159,12,1
201,159,159,13,0
201,159,159,14,2
201,159,159,15,0
201,159,159,16,1
201,159,159,17,0
201,159,159,18,1
201,159,159,19,0
201,159,159,20,716
201,159,159,21,0
201,159,159,22,0
201,159,159,23,716
201,159,159,24,0
201,159,159,0,0
201,160,160,1,32
201,160,160,2,251
201,160,160,3,163
201,160,160,4,2
201,160,160,5,1
201,160,160,6,270
201,160,160,7,0
201,160,160,8,0
201,160,160,9,0
201,160,160,10,0
201,160,160,11,1
201,160,160,12,0
201,160,160,13,0
201,160,160,14,0
201,160,160,15,0
201,160,160,16,0
201,160,160,17,0
201,160,160,18,2
201,160,160,19,0
201,160,160,20,722
201,160,160,21,0
201,160,160,22,2
201,160,160,23,724
201,160,160,24,0
201,160,160,0,0
201,161,161,1,30
201,161,161,2,201
201,161,161,3,243
201,161,161,4,1
201,161,161,5,3
201,161,161,6,211
201,161,161,7,0
201,161,161,8,0
201,161,161,9,0
201,161,161,10,0
201,161,161,11,1
201,161,161,12,0
201,161,161,13,0
201,161,161,14,3
201,161,161,15,0
201,161,161,16,0
201,161,161,17,1
201,161,161,18,1
201,161,161,19,0
201,161,161,20,695
201,161,161,21,0
201,161,161,22,1
201,161,161,23,696
201,161,161,24,0
201,161,161,0,0
201,162,162,1,13
201,162,162,2,208
201,162,162,3,30
201,162,162,4,0
201,162,162,5,3
201,162,162,6,240
201,162,162,7,0
201,162,162,8,1
201,162,162,9,1
201,162,162,10,1
201,162,162,11,0
201,162,162,12,0
201,162,162,13,1
201,162,162,14,0
201,162,162,15,1
201,162,162,16,1
201,162,162,17,0
201,162,162,18,1
201,162,162,19,0
201,162,162,20,501
201,162,162,21,0
201,162,162,22,1
201,162,162,23,502
201,162,162,24,0
201,162,162,0,0
201,163,163,1,32
201,163,163,2,228
201,163,163,3,81
201,163,163,4,2
201,163,163,5,0
201,163,163,6,180
201,163,163,7,1
201,163,163,8,0
201,163,163,9,0
201,163,163,10,0
201,163,163,11,0
201,163,163,12,0
201,163,163,13,0
201,163,163,14,2
201,163,163,15,0
201,163,163,16,0
201,163,163,17,0
201,163,163,18,3
201,163,163,19,0
201,163,163,20,529
201,163,163,21,0
201,163,163,22,1
201,163,163,23,530
201,163,163,24,0
201,163,163,0,0
201,164,164,1,29
201,164,164,2,232
201,164,164,3,40
201,164,164,4,1
201,164,164,5,2
201,164,164,6,204
201,164,164,7,0
201,164,164,8,0
201,164,164,9,2
201,164,164,10,0
201,164,164,11,0
201,164,164,12,0
201,164,164,13,0
201,164,164,14,2
201,164,164,15,0
201,164,164,16,2
201,164,164,17,0
201,164,164,18,0
201,164,164,19,0
201,164,164,20,514
201,164,164,21,0
201,164,164,22,3
201,164,164,23,517
201,164,164,24,0
201,164,164,0,0
201,165,165,1,26
201,165,165,2,224
201,165,165,3,78
201,165,165,4,1
201,165,165,5,4
201,165,165,6,224
201,165,165,7,2
201,165,165,8,1
201,165,165,9,0
201,165,165,10,1
201,165,165,11,0
201,165,165,12,0
201,165,165,13,0
201,165,165,14,0
201,165,165,15,2
201,165,165,16,0
201,165,165,17,0
201,165,165,18,2
201,165,165,19,0
201,165,165,20,565
201,165,165,21,0
201,165,165,22,1
201,165,165,23,566
201,165,165,24,0
201,165,165,0,0
201,166,166,1,23
201,166,166,2,252
201,166,166,3,57
201,166,166,4,1
201,166,166,5,1
201,166,166,6,278
201,166,166,7,1
201,166,166,8,0
201,166,166,9,0
201,166,166,10,1
201,166,166,11,0
201,166,166,12,0
201,166,166,13,1
201,166,166,14,0
201,166,166,15,0
201,166,166,16,0
201,166,166,17,0
201,166,166,18,2
201,166,166,19,1
201,166,166,20,618
201,166,166,21,0
201,166,166,22,1
201,166,166,23,619
201,166,166,24,0
201,166,166,0,0
201,167,167,1,28
201,167,167,2,137
201,167,167,3,39
201,167,167,4,1
201,167,167,5,0
201,167,167,6,154
201,167,167,7,1
201,167,167,8,0
201,167,167,9,1
201,167,167,10,0
201,167,167,11,0
201,167,167,12,0
201,167,167,13,0
201,167,167,14,0
201,167,167,15,0
201,167,167,16,1
201,167,167,17,0
201,167,167,18,0
201,167,167,19,0
201,167,167,20,362
201,167,167,21,0
201,167,167,22,1
201,167,167,23,363
201,167,167,24,0
201,167,167,0,0
201,168,168,1,17
201,168,168,2,363
201,168,168,3,32
201,168,168,4,2
201,168,168,5,3
201,168,168,6,234
201,168,168,7,0
201,168,168,8,2
201,168,168,9,0
201,168,168,10,0
201,168,168,11,0
201,168,168,12,1
201,168,168,13,0
201,168,168,14,1
201,168,168,15,1
201,168,168,16,0
201,168,168,17,0
201,168,168,18,4
201,168,168,19,0
201,168,168,20,660
201,168,168,21,0
201,168,168,22,0
201,168,168,23,660
201,168,168,24,0
201,168,168,0,0
201,169,169,1,28
201,169,169,2,150
201,169,169,3,60
201,169,169,4,0
201,169,169,5,1
201,169,169,6,176
201,169,169,7,0
201,169,169,8,0
201,169,169,9,0
201,169,169,10,0
201,169,169,11,0
201,169,169,12,0
201,169,169,13,0
201,169,169,14,1
201,169,169,15,0
201,169,169,16,1
201,169,169,17,1
201,169,169,18,4
201,169,169,19,1
201,169,169,20,423
201,169,169,21,0
201,169,169,22,2
201,169,169,23,425
201,169,169,24,0
201,169,169,0,0
201,170,170,1,0
201,170,170,2,0
201,170,170,3,0
201,170,170,4,0
201,170,170,5,0
201,170,170,6,0
201,170,170,7,0
201,170,170,8,0
201,170,170,9,0
201,170,170,10,0
201,170,170,11,0
201,170,170,12,0
201,170,170,13,0
201,170,170,14,0
201,170,170,15,0
201,170,170,16,0
201,170,170,17,0
201,170,170,18,0
201,170,170,19,0
201,170,170,20,0
201,170,170,21,0
201,170,170,22,0
201,170,170,23,0
201,170,170,24,0
201,170,170,0,0
201,170,170,1,19
201,170,170,2,200
201,170,170,3,60
201,170,170,4,0
201,170,170,5,1
201,170,170,6,203
201,170,170,7,1
201,170,170,8,0
201,170,170,9,0
201,170,170,10,0
201,170,170,11,0
201,170,170,12,1
201,170,170,13,1
201,170,170,14,0
201,170,170,15,0
201,170,170,16,0
201,170,170,17,0
201,170,170,18,0
201,170,170,19,0
201,170,170,20,486
201,170,170,21,0
201,170,170,22,0
201,170,170,23,486
201,170,170,24,0
201,170,170,0,0
201,171,171,1,0
201,171,171,2,0
201,171,171,3,0
201,171,171,4,0
201,171,171,5,0
201,171,171,6,0
201,171,171,7,0
201,171,171,8,0
201,171,171,9,0
201,171,171,10,0
201,171,171,11,0
201,171,171,12,0
201,171,171,13,0
201,171,171,14,0
201,171,171,15,0
201,171,171,16,0
201,171,171,17,0
201,171,171,18,0
201,171,171,19,0
201,171,171,20,0
201,171,171,21,0
201,171,171,22,0
201,171,171,23,0
201,171,171,24,0
201,171,171,0,0
201,171,171,1,17
201,171,171,2,258
201,171,171,3,104
201,171,171,4,2
201,171,171,5,1
201,171,171,6,156
201,171,171,7,2
201,171,171,8,1
201,171,171,9,0
201,171,171,10,0
201,171,171,11,0
201,171,171,12,0
201,171,171,13,0
201,171,171,14,1
201,171,171,15,0
201,171,171,16,0
201,171,171,17,0
201,171,171,18,0
201,171,171,19,1
201,171,171,20,543
201,171,171,21,0
201,171,171,22,1
201,171,171,23,544
201,171,171,24,0
201,171,171,0,0
201,172,172,1,11
201,172,172,2,236
201,172,172,3,43
201,172,172,4,1
201,172,172,5,0
201,172,172,6,173
201,172,172,7,0
201,172,172,8,0
201,172,172,9,0
201,172,172,10,0
201,172,172,11,1
201,172,172,12,1
201,172,172,13,1
201,172,172,14,2
201,172,172,15,1
201,172,172,16,1
201,172,172,17,1
201,172,172,18,2
201,172,172,19,0
201,172,172,20,474
201,172,172,21,0
201,172,172,22,0
201,172,172,23,474
201,172,172,24,0
201,172,172,0,0
201,173,173,1,49
201,173,173,2,242
201,173,173,3,62
201,173,173,4,2
201,173,173,5,1
201,173,173,6,355
201,173,173,7,1
201,173,173,8,0
201,173,173,9,0
201,173,173,10,0
201,173,173,11,0
201,173,173,12,0
201,173,173,13,0
201,173,173,14,0
201,173,173,15,0
201,173,173,16,1
201,173,173,17,2
201,173,173,18,1
201,173,173,19,0
201,173,173,20,716
201,173,173,21,0
201,173,173,22,1
201,173,173,23,717
201,173,173,24,0
201,173,173,0,0
201,174,174,1,53
201,174,174,2,224
201,174,174,3,53
201,174,174,4,0
201,174,174,5,0
201,174,174,6,268
201,174,174,7,0
201,174,174,8,0
201,174,174,9,0
201,174,174,10,0
201,174,174,11,0
201,174,174,12,1
201,174,174,13,0
201,174,174,14,0
201,174,174,15,0
201,174,174,16,1
201,174,174,17,2
201,174,174,18,0
201,174,174,19,0
201,174,174,20,602
201,174,174,21,0
201,174,174,22,2
201,174,174,23,604
201,174,174,24,0
201,174,174,0,0
201,175,175,1,25
201,175,175,2,258
201,175,175,3,37
201,175,175,4,1
201,175,175,5,0
201,175,175,6,233
201,175,175,7,0
201,175,175,8,0
201,175,175,9,2
201,175,175,10,0
201,175,175,11,0
201,175,175,12,0
201,175,175,13,0
201,175,175,14,0
201,175,175,15,0
201,175,175,16,2
201,175,175,17,0
201,175,175,18,0
201,175,175,19,0
201,175,175,20,558
201,175,175,21,0
201,175,175,22,1
201,175,175,23,559
201,175,175,24,0
201,175,175,0,0
201,176,176,1,47
201,176,176,2,225
201,176,176,3,44
201,176,176,4,0
201,176,176,5,2
201,176,176,6,236
201,176,176,7,0
201,176,176,8,0
201,176,176,9,0
201,176,176,10,1
201,176,176,11,2
201,176,176,12,0
201,176,176,13,0
201,176,176,14,3
201,176,176,15,0
201,176,176,16,0
201,176,176,17,0
201,176,176,18,1
201,176,176,19,0
201,176,176,20,561
201,176,176,21,0
201,176,176,22,1
201,176,176,23,562
201,176,176,24,0
201,176,176,0,0
201,177,177,1,11
201,177,177,2,433
201,177,177,3,24
201,177,177,4,1
201,177,177,5,3
201,177,177,6,111
201,177,177,7,1
201,177,177,8,0
201,177,177,9,0
201,177,177,10,1
201,177,177,11,1
201,177,177,12,0
201,177,177,13,0
201,177,177,14,2
201,177,177,15,2
201,177,177,16,0
201,177,177,17,0
201,177,177,18,1
201,177,177,19,0
201,177,177,20,591
201,177,177,21,0
201,177,177,22,0
201,177,177,23,591
201,177,177,24,0
201,177,177,0,0
201,178,178,1,25
201,178,178,2,333
201,178,178,3,23
201,178,178,4,0
201,178,178,5,0
201,178,178,6,155
201,178,178,7,1
201,178,178,8,0
201,178,178,9,0
201,178,178,10,0
201,178,178,11,0
201,178,178,12,0
201,178,178,13,1
201,178,178,14,0
201,178,178,15,1
201,178,178,16,0
201,178,178,17,0
201,178,178,18,0
201,178,178,19,0
201,178,178,20,539
201,178,178,21,0
201,178,178,22,2
201,178,178,23,541
201,178,178,24,0
201,178,178,0,0
201,179,179,1,54
201,179,179,2,233
201,179,179,3,68
201,179,179,4,0
201,179,179,5,4
201,179,179,6,328
201,179,179,7,0
201,179,179,8,0
201,179,179,9,1
201,179,179,10,0
201,179,179,11,1
201,179,179,12,1
201,179,179,13,0
201,179,179,14,1
201,179,179,15,0
201,179,179,16,0
201,179,179,17,0
201,179,179,18,3
201,179,179,19,0
201,179,179,20,694
201,179,179,21,0
201,179,179,22,3
201,179,179,23,697
201,179,179,24,0
201,179,179,0,0
201,180,180,1,46
201,180,180,2,353
201,180,180,3,66
201,180,180,4,0
201,180,180,5,1
201,180,180,6,331
201,180,180,7,0
201,180,180,8,1
201,180,180,9,1
201,180,180,10,0
201,180,180,11,1
201,180,180,12,0
201,180,180,13,0
201,180,180,14,2
201,180,180,15,1
201,180,180,16,1
201,180,180,17,1
201,180,180,18,1
201,180,180,19,1
201,180,180,20,807
201,180,180,21,0
201,180,180,22,2
201,180,180,23,809
201,180,180,24,0
201,180,180,0,0
201,181,181,1,16
201,181,181,2,139
201,181,181,3,100
201,181,181,4,1
201,181,181,5,0
201,181,181,6,142
201,181,181,7,0
201,181,181,8,0
201,181,181,9,0
201,181,181,10,0
201,181,181,11,1
201,181,181,12,1
201,181,181,13,0
201,181,181,14,0
201,181,181,15,0
201,181,181,16,0
201,181,181,17,0
201,181,181,18,0
201,181,181,19,0
201,181,181,20,400
201,181,181,21,0
201,181,181,22,0
201,181,181,23,400
201,181,181,24,0
201,181,181,0,0
201,182,182,1,30
201,182,182,2,357
201,182,182,3,38
201,182,182,4,1
201,182,182,5,0
201,182,182,6,236
201,182,182,7,1
201,182,182,8,1
201,182,182,9,1
201,182,182,10,0
201,182,182,11,0
201,182,182,12,0
201,182,182,13,0
201,182,182,14,1
201,182,182,15,0
201,182,182,16,0
201,182,182,17,0
201,182,182,18,1
201,182,182,19,0
201,182,182,20,667
201,182,182,21,0
201,182,182,22,0
201,182,182,23,667
201,182,182,24,0
201,182,182,0,0
201,183,183,1,19
201,183,183,2,217
201,183,183,3,130
201,183,183,4,2
201,183,183,5,2
201,183,183,6,263
201,183,183,7,1
201,183,183,8,0
201,183,183,9,1
201,183,183,10,0
201,183,183,11,0
201,183,183,12,0
201,183,183,13,1
201,183,183,14,0
201,183,183,15,2
201,183,183,16,0
201,183,183,17,1
201,183,183,18,0
201,183,183,19,1
201,183,183,20,640
201,183,183,21,0
201,183,183,22,2
201,183,183,23,642
201,183,183,24,0
201,183,183,0,0
201,184,184,1,30
201,184,184,2,160
201,184,184,3,183
201,184,184,4,2
201,184,184,5,0
201,184,184,6,448
201,184,184,7,2
201,184,184,8,0
201,184,184,9,1
201,184,184,10,0
201,184,184,11,1
201,184,184,12,0
201,184,184,13,0
201,184,184,14,0
201,184,184,15,0
201,184,184,16,2
201,184,184,17,1
201,184,184,18,0
201,184,184,19,1
201,184,184,20,831
201,184,184,21,0
201,184,184,22,3
201,184,184,23,834
201,184,184,24,0
201,184,184,0,0
201,185,185,1,25
201,185,185,2,402
201,185,185,3,241
201,185,185,4,0
201,185,185,5,0
201,185,185,6,245
201,185,185,7,0
201,185,185,8,0
201,185,185,9,0
201,185,185,10,0
201,185,185,11,0
201,185,185,12,0
201,185,185,13,1
201,185,185,14,0
201,185,185,15,0
201,185,185,16,1
201,185,185,17,1
201,185,185,18,2
201,185,185,19,2
201,185,185,20,920
201,185,185,21,0
201,185,185,22,0
201,185,185,23,920
201,185,185,24,0
201,185,185,0,0
201,186,186,1,23
201,186,186,2,236
201,186,186,3,200
201,186,186,4,1
201,186,186,5,0
201,186,186,6,183
201,186,186,7,0
201,186,186,8,0
201,186,186,9,1
201,186,186,10,1
201,186,186,11,0
201,186,186,12,0
201,186,186,13,0
201,186,186,14,1
201,186,186,15,0
201,186,186,16,0
201,186,186,17,1
201,186,186,18,0
201,186,186,19,0
201,186,186,20,647
201,186,186,21,0
201,186,186,22,2
201,186,186,23,649
201,186,186,24,0
201,186,186,0,0
201,187,187,1,29
201,187,187,2,247
201,187,187,3,79
201,187,187,4,1
201,187,187,5,4
201,187,187,6,386
201,187,187,7,1
201,187,187,8,0
201,187,187,9,0
201,187,187,10,0
201,187,187,11,0
201,187,187,12,0
201,187,187,13,0
201,187,187,14,0
201,187,187,15,0
201,187,187,16,1
201,187,187,17,0
201,187,187,18,1
201,187,187,19,0
201,187,187,20,749
201,187,187,21,0
201,187,187,22,4
201,187,187,23,753
201,187,187,24,1
201,187,187,0,0
201,188,188,1,31
201,188,188,2,267
201,188,188,3,49
201,188,188,4,0
201,188,188,5,0
201,188,188,6,332
201,188,188,7,0
201,188,188,8,0
201,188,188,9,1
201,188,188,10,0
201,188,188,11,1
201,188,188,12,0
201,188,188,13,1
201,188,188,14,0
201,188,188,15,1
201,188,188,16,0
201,188,188,17,0
201,188,188,18,0
201,188,188,19,0
201,188,188,20,683
201,188,188,21,0
201,188,188,22,1
201,188,188,23,684
201,188,188,24,0
201,188,188,0,0
201,189,189,1,15
201,189,189,2,432
201,189,189,3,49
201,189,189,4,0
201,189,189,5,6
201,189,189,6,279
201,189,189,7,0
201,189,189,8,3
201,189,189,9,0
201,189,189,10,1
201,189,189,11,0
201,189,189,12,0
201,189,189,13,0
201,189,189,14,1
201,189,189,15,0
201,189,189,16,1
201,189,189,17,0
201,189,189,18,2
201,189,189,19,0
201,189,189,20,789
201,189,189,21,0
201,189,189,22,1
201,189,189,23,790
201,189,189,24,0
201,189,189,0,0
201,190,190,1,9
201,190,190,2,402
201,190,190,3,37
201,190,190,4,1
201,190,190,5,0
201,190,190,6,301
201,190,190,7,1
201,190,190,8,0
201,190,190,9,2
201,190,190,10,0
201,190,190,11,1
201,190,190,12,1
201,190,190,13,1
201,190,190,14,1
201,190,190,15,1
201,190,190,16,0
201,190,190,17,0
201,190,190,18,3
201,190,190,19,0
201,190,190,20,761
201,190,190,21,0
201,190,190,22,0
201,190,190,23,761
201,190,190,24,0
201,190,190,0,0
201,191,191,1,18
201,191,191,2,368
201,191,191,3,25
201,191,191,4,1
201,191,191,5,1
201,191,191,6,298
201,191,191,7,0
201,191,191,8,1
201,191,191,9,0
201,191,191,10,0
201,191,191,11,1
201,191,191,12,0
201,191,191,13,0
201,191,191,14,0
201,191,191,15,0
201,191,191,16,1
201,191,191,17,1
201,191,191,18,2
201,191,191,19,0
201,191,191,20,717
201,191,191,21,0
201,191,191,22,2
201,191,191,23,719
201,191,191,24,0
201,191,191,0,0
201,192,192,1,22
201,192,192,2,307
201,192,192,3,44
201,192,192,4,0
201,192,192,5,1
201,192,192,6,193
201,192,192,7,1
201,192,192,8,0
201,192,192,9,0
201,192,192,10,0
201,192,192,11,0
201,192,192,12,1
201,192,192,13,0
201,192,192,14,0
201,192,192,15,0
201,192,192,16,1
201,192,192,17,1
201,192,192,18,1
201,192,192,19,0
201,192,192,20,572
201,192,192,21,0
201,192,192,22,1
201,192,192,23,573
201,192,192,24,0
201,192,192,0,0
201,193,193,1,14
201,193,193,2,372
201,193,193,3,23
201,193,193,4,1
201,193,193,5,0
201,193,193,6,214
201,193,193,7,1
201,193,193,8,0
201,193,193,9,1
201,193,193,10,0
201,193,193,11,1
201,193,193,12,1
201,193,193,13,0
201,193,193,14,1
201,193,193,15,0
201,193,193,16,0
201,193,193,17,1
201,193,193,18,2
201,193,193,19,0
201,193,193,20,632
201,193,193,21,0
201,193,193,22,2
201,193,193,23,634
201,193,193,24,0
201,193,193,0,0
201,194,194,1,8
201,194,194,2,280
201,194,194,3,20
201,194,194,4,0
201,194,194,5,1
201,194,194,6,178
201,194,194,7,1
201,194,194,8,0
201,194,194,9,0
201,194,194,10,0
201,194,194,11,0
201,194,194,12,0
201,194,194,13,0
201,194,194,14,0
201,194,194,15,1
201,194,194,16,0
201,194,194,17,0
201,194,194,18,2
201,194,194,19,0
201,194,194,20,491
201,194,194,21,0
201,194,194,22,1
201,194,194,23,492
201,194,194,24,0
201,194,194,0,0
201,195,195,1,24
201,195,195,2,226
201,195,195,3,112
201,195,195,4,0
201,195,195,5,2
201,195,195,6,227
201,195,195,7,1
201,195,195,8,0
201,195,195,9,0
201,195,195,10,0
201,195,195,11,1
201,195,195,12,0
201,195,195,13,0
201,195,195,14,1
201,195,195,15,0
201,195,195,16,1
201,195,195,17,0
201,195,195,18,0
201,195,195,19,0
201,195,195,20,595
201,195,195,21,0
201,195,195,22,2
201,195,195,23,597
201,195,195,24,0
201,195,195,0,0
201,195,195,1,0
201,195,195,2,0
201,195,195,3,0
201,195,195,4,0
201,195,195,5,0
201,195,195,6,0
201,195,195,7,0
201,195,195,8,0
201,195,195,9,0
201,195,195,10,0
201,195,195,11,0
201,195,195,12,0
201,195,195,13,0
201,195,195,14,0
201,195,195,15,0
201,195,195,16,0
201,195,195,17,0
201,195,195,18,0
201,195,195,19,0
201,195,195,20,0
201,195,195,21,0
201,195,195,22,0
201,195,195,23,0
201,195,195,24,0
201,195,195,0,0
201,196,196,1,12
201,196,196,2,183
201,196,196,3,8
201,196,196,4,0
201,196,196,5,0
201,196,196,6,58
201,196,196,7,0
201,196,196,8,0
201,196,196,9,0
201,196,196,10,0
201,196,196,11,0
201,196,196,12,0
201,196,196,13,0
201,196,196,14,0
201,196,196,15,1
201,196,196,16,0
201,196,196,17,0
201,196,196,18,0
201,196,196,19,0
201,196,196,20,262
201,196,196,21,0
201,196,196,22,0
201,196,196,23,262
201,196,196,24,0
201,196,196,0,0
201,196,196,1,0
201,196,196,2,0
201,196,196,3,0
201,196,196,4,0
201,196,196,5,0
201,196,196,6,0
201,196,196,7,0
201,196,196,8,0
201,196,196,9,0
201,196,196,10,0
201,196,196,11,0
201,196,196,12,0
201,196,196,13,0
201,196,196,14,0
201,196,196,15,0
201,196,196,16,0
201,196,196,17,0
201,196,196,18,0
201,196,196,19,0
201,196,196,20,0
201,196,196,21,0
201,196,196,22,0
201,196,196,23,0
201,196,196,24,0
201,196,196,0,0
201,197,197,1,12
201,197,197,2,332
201,197,197,3,36
201,197,197,4,0
201,197,197,5,3
201,197,197,6,235
201,197,197,7,0
201,197,197,8,0
201,197,197,9,1
201,197,197,10,0
201,197,197,11,0
201,197,197,12,3
201,197,197,13,1
201,197,197,14,1
201,197,197,15,4
201,197,197,16,0
201,197,197,17,0
201,197,197,18,0
201,197,197,19,1
201,197,197,20,629
201,197,197,21,0
201,197,197,22,2
201,197,197,23,631
201,197,197,24,0
201,197,197,0,0
201,198,198,1,14
201,198,198,2,357
201,198,198,3,28
201,198,198,4,0
201,198,198,5,1
201,198,198,6,112
201,198,198,7,0
201,198,198,8,1
201,198,198,9,0
201,198,198,10,0
201,198,198,11,0
201,198,198,12,0
201,198,198,13,0
201,198,198,14,1
201,198,198,15,0
201,198,198,16,0
201,198,198,17,0
201,198,198,18,0
201,198,198,19,0
201,198,198,20,514
201,198,198,21,0
201,198,198,22,2
201,198,198,23,516
201,198,198,24,0
201,198,198,0,0
201,199,199,1,12
201,199,199,2,335
201,199,199,3,39
201,199,199,4,0
201,199,199,5,0
201,199,199,6,94
201,199,199,7,0
201,199,199,8,0
201,199,199,9,0
201,199,199,10,0
201,199,199,11,1
201,199,199,12,0
201,199,199,13,0
201,199,199,14,0
201,199,199,15,0
201,199,199,16,0
201,199,199,17,0
201,199,199,18,1
201,199,199,19,0
201,199,199,20,482
201,199,199,21,0
201,199,199,22,6
201,199,199,23,488
201,199,199,24,0
201,199,199,0,0
201,200,200,1,14
201,200,200,2,343
201,200,200,3,27
201,200,200,4,0
201,200,200,5,0
201,200,200,6,102
201,200,200,7,0
201,200,200,8,2
201,200,200,9,0
201,200,200,10,1
201,200,200,11,0
201,200,200,12,1
201,200,200,13,0
201,200,200,14,0
201,200,200,15,0
201,200,200,16,0
201,200,200,17,0
201,200,200,18,0
201,200,200,19,1
201,200,200,20,491
201,200,200,21,0
201,200,200,22,3
201,200,200,23,494
201,200,200,24,0
201,200,200,0,0
201,201,201,1,15
201,201,201,2,351
201,201,201,3,13
201,201,201,4,0
201,201,201,5,1
201,201,201,6,154
201,201,201,7,0
201,201,201,8,0
201,201,201,9,0
201,201,201,10,0
201,201,201,11,0
201,201,201,12,1
201,201,201,13,0
201,201,201,14,0
201,201,201,15,0
201,201,201,16,0
201,201,201,17,0
201,201,201,18,1
201,201,201,19,0
201,201,201,20,536
201,201,201,21,0
201,201,201,22,2
201,201,201,23,538
201,201,201,24,0
201,201,201,0,0
201,202,202,1,39
201,202,202,2,299
201,202,202,3,63
201,202,202,4,1
201,202,202,5,4
201,202,202,6,344
201,202,202,7,0
201,202,202,8,0
201,202,202,9,1
201,202,202,10,0
201,202,202,11,0
201,202,202,12,0
201,202,202,13,0
201,202,202,14,1
201,202,202,15,0
201,202,202,16,1
201,202,202,17,0
201,202,202,18,2
201,202,202,19,1
201,202,202,20,756
201,202,202,21,0
201,202,202,22,4
201,202,202,23,760
201,202,202,24,0
201,202,202,0,0
201,203,203,1,15
201,203,203,2,210
201,203,203,3,27
201,203,203,4,0
201,203,203,5,2
201,203,203,6,199
201,203,203,7,0
201,203,203,8,1
201,203,203,9,0
201,203,203,10,0
201,203,203,11,0
201,203,203,12,1
201,203,203,13,0
201,203,203,14,1
201,203,203,15,0
201,203,203,16,2
201,203,203,17,0
201,203,203,18,1
201,203,203,19,0
201,203,203,20,459
201,203,203,21,0
201,203,203,22,1
201,203,203,23,460
201,203,203,24,0
201,203,203,0,0
201,204,204,1,20
201,204,204,2,177
201,204,204,3,22
201,204,204,4,0
201,204,204,5,0
201,204,204,6,190
201,204,204,7,0
201,204,204,8,1
201,204,204,9,0
201,204,204,10,0
201,204,204,11,0
201,204,204,12,1
201,204,204,13,0
201,204,204,14,0
201,204,204,15,0
201,204,204,16,1
201,204,204,17,0
201,204,204,18,0
201,204,204,19,0
201,204,204,20,412
201,204,204,21,0
201,204,204,22,0
201,204,204,23,412
201,204,204,24,0
201,204,204,0,0
201,205,205,1,11
201,205,205,2,396
201,205,205,3,21
201,205,205,4,0
201,205,205,5,0
201,205,205,6,96
201,205,205,7,0
201,205,205,8,0
201,205,205,9,1
201,205,205,10,0
201,205,205,11,0
201,205,205,12,0
201,205,205,13,0
201,205,205,14,0
201,205,205,15,2
201,205,205,16,1
201,205,205,17,0
201,205,205,18,2
201,205,205,19,0
201,205,205,20,530
201,205,205,21,0
201,205,205,22,2
201,205,205,23,532
201,205,205,24,0
201,205,205,0,0
201,206,206,1,17
201,206,206,2,275
201,206,206,3,82
201,206,206,4,2
201,206,206,5,2
201,206,206,6,175
201,206,206,7,1
201,206,206,8,0
201,206,206,9,0
201,206,206,10,0
201,206,206,11,0
201,206,206,12,0
201,206,206,13,0
201,206,206,14,0
201,206,206,15,0
201,206,206,16,0
201,206,206,17,1
201,206,206,18,0
201,206,206,19,0
201,206,206,20,555
201,206,206,21,0
201,206,206,22,1
201,206,206,23,556
201,206,206,24,0
201,206,206,0,0
201,207,207,1,23
201,207,207,2,316
201,207,207,3,80
201,207,207,4,0
201,207,207,5,1
201,207,207,6,257
201,207,207,7,1
201,207,207,8,0
201,207,207,9,0
201,207,207,10,0
201,207,207,11,0
201,207,207,12,0
201,207,207,13,0
201,207,207,14,0
201,207,207,15,0
201,207,207,16,0
201,207,207,17,0
201,207,207,18,0
201,207,207,19,0
201,207,207,20,678
201,207,207,21,0
201,207,207,22,1
201,207,207,23,679
201,207,207,24,0
201,207,207,0,0
201,208,208,1,4
201,208,208,2,273
201,208,208,3,58
201,208,208,4,0
201,208,208,5,0
201,208,208,6,175
201,208,208,7,1
201,208,208,8,1
201,208,208,9,1
201,208,208,10,0
201,208,208,11,0
201,208,208,12,0
201,208,208,13,0
201,208,208,14,0
201,208,208,15,0
201,208,208,16,1
201,208,208,17,0
201,208,208,18,2
201,208,208,19,0
201,208,208,20,516
201,208,208,21,0
201,208,208,22,1
201,208,208,23,517
201,208,208,24,0
201,208,208,0,0
201,209,209,1,23
201,209,209,2,127
201,209,209,3,50
201,209,209,4,2
201,209,209,5,3
201,209,209,6,186
201,209,209,7,0
201,209,209,8,1
201,209,209,9,0
201,209,209,10,0
201,209,209,11,0
201,209,209,12,1
201,209,209,13,0
201,209,209,14,0
201,209,209,15,0
201,209,209,16,1
201,209,209,17,0
201,209,209,18,0
201,209,209,19,0
201,209,209,20,394
201,209,209,21,0
201,209,209,22,2
201,209,209,23,396
201,209,209,24,1
201,209,209,0,0
201,210,210,1,19
201,210,210,2,218
201,210,210,3,76
201,210,210,4,0
201,210,210,5,4
201,210,210,6,207
201,210,210,7,1
201,210,210,8,2
201,210,210,9,1
201,210,210,10,1
201,210,210,11,0
201,210,210,12,0
201,210,210,13,0
201,210,210,14,1
201,210,210,15,3
201,210,210,16,0
201,210,210,17,0
201,210,210,18,0
201,210,210,19,0
201,210,210,20,533
201,210,210,21,0
201,210,210,22,2
201,210,210,23,535
201,210,210,24,0
201,210,210,0,0
201,211,211,1,14
201,211,211,2,348
201,211,211,3,115
201,211,211,4,2
201,211,211,5,1
201,211,211,6,225
201,211,211,7,1
201,211,211,8,0
201,211,211,9,1
201,211,211,10,0
201,211,211,11,0
201,211,211,12,0
201,211,211,13,0
201,211,211,14,4
201,211,211,15,0
201,211,211,16,0
201,211,211,17,0
201,211,211,18,1
201,211,211,19,0
201,211,211,20,712
201,211,211,21,0
201,211,211,22,2
201,211,211,23,714
201,211,211,24,0
201,211,211,0,0
201,212,212,1,12
201,212,212,2,487
201,212,212,3,6
201,212,212,4,0
201,212,212,5,1
201,212,212,6,72
201,212,212,7,0
201,212,212,8,0
201,212,212,9,0
201,212,212,10,0
201,212,212,11,1
201,212,212,12,0
201,212,212,13,0
201,212,212,14,0
201,212,212,15,0
201,212,212,16,1
201,212,212,17,0
201,212,212,18,0
201,212,212,19,0
201,212,212,20,580
201,212,212,21,0
201,212,212,22,2
201,212,212,23,582
201,212,212,24,0
201,212,212,0,0
201,213,213,1,15
201,213,213,2,379
201,213,213,3,58
201,213,213,4,0
201,213,213,5,16
201,213,213,6,127
201,213,213,7,0
201,213,213,8,0
201,213,213,9,0
201,213,213,10,0
201,213,213,11,0
201,213,213,12,0
201,213,213,13,1
201,213,213,14,1
201,213,213,15,0
201,213,213,16,0
201,213,213,17,0
201,213,213,18,1
201,213,213,19,0
201,213,213,20,598
201,213,213,21,0
201,213,213,22,5
201,213,213,23,603
201,213,213,24,0
201,213,213,0,0
201,214,214,1,5
201,214,214,2,508
201,214,214,3,21
201,214,214,4,0
201,214,214,5,0
201,214,214,6,70
201,214,214,7,0
201,214,214,8,0
201,214,214,9,0
201,214,214,10,0
201,214,214,11,1
201,214,214,12,0
201,214,214,13,0
201,214,214,14,1
201,214,214,15,0
201,214,214,16,0
201,214,214,17,0
201,214,214,18,0
201,214,214,19,0
201,214,214,20,606
201,214,214,21,0
201,214,214,22,3
201,214,214,23,609
201,214,214,24,0
201,214,214,0,0
201,215,215,1,10
201,215,215,2,266
201,215,215,3,27
201,215,215,4,0
201,215,215,5,2
201,215,215,6,134
201,215,215,7,0
201,215,215,8,0
201,215,215,9,0
201,215,215,10,0
201,215,215,11,0
201,215,215,12,0
201,215,215,13,0
201,215,215,14,2
201,215,215,15,2
201,215,215,16,0
201,215,215,17,0
201,215,215,18,0
201,215,215,19,0
201,215,215,20,443
201,215,215,21,0
201,215,215,22,2
201,215,215,23,445
201,215,215,24,0
201,215,215,0,0
201,216,216,1,7
201,216,216,2,400
201,216,216,3,5
201,216,216,4,0
201,216,216,5,0
201,216,216,6,55
201,216,216,7,0
201,216,216,8,1
201,216,216,9,0
201,216,216,10,0
201,216,216,11,0
201,216,216,12,0
201,216,216,13,0
201,216,216,14,0
201,216,216,15,0
201,216,216,16,0
201,216,216,17,0
201,216,216,18,0
201,216,216,19,1
201,216,216,20,469
201,216,216,21,0
201,216,216,22,2
201,216,216,23,471
201,216,216,24,0
201,216,216,0,0
201,217,217,1,10
201,217,217,2,460
201,217,217,3,32
201,217,217,4,1
201,217,217,5,2
201,217,217,6,136
201,217,217,7,0
201,217,217,8,0
201,217,217,9,1
201,217,217,10,0
201,217,217,11,0
201,217,217,12,0
201,217,217,13,0
201,217,217,14,0
201,217,217,15,0
201,217,217,16,0
201,217,217,17,0
201,217,217,18,0
201,217,217,19,0
201,217,217,20,642
201,217,217,21,0
201,217,217,22,1
201,217,217,23,643
201,217,217,24,0
201,217,217,0,0
201,218,218,1,20
201,218,218,2,388
201,218,218,3,22
201,218,218,4,1
201,218,218,5,1
201,218,218,6,165
201,218,218,7,1
201,218,218,8,0
201,218,218,9,0
201,218,218,10,0
201,218,218,11,1
201,218,218,12,0
201,218,218,13,0
201,218,218,14,0
201,218,218,15,0
201,218,218,16,0
201,218,218,17,0
201,218,218,18,1
201,218,218,19,1
201,218,218,20,601
201,218,218,21,0
201,218,218,22,3
201,218,218,23,604
201,218,218,24,0
201,218,218,0,0
201,219,219,1,54
201,219,219,2,391
201,219,219,3,30
201,219,219,4,0
201,219,219,5,5
201,219,219,6,308
201,219,219,7,0
201,219,219,8,0
201,219,219,9,0
201,219,219,10,0
201,219,219,11,0
201,219,219,12,0
201,219,219,13,1
201,219,219,14,2
201,219,219,15,1
201,219,219,16,0
201,219,219,17,0
201,219,219,18,1
201,219,219,19,0
201,219,219,20,793
201,219,219,21,0
201,219,219,22,3
201,219,219,23,796
201,219,219,24,0
201,219,219,0,0
201,220,220,1,10
201,220,220,2,169
201,220,220,3,133
201,220,220,4,0
201,220,220,5,0
201,220,220,6,258
201,220,220,7,0
201,220,220,8,0
201,220,220,9,0
201,220,220,10,0
201,220,220,11,3
201,220,220,12,0
201,220,220,13,0
201,220,220,14,1
201,220,220,15,3
201,220,220,16,1
201,220,220,17,0
201,220,220,18,2
201,220,220,19,0
201,220,220,20,580
201,220,220,21,0
201,220,220,22,1
201,220,220,23,581
201,220,220,24,0
201,220,220,0,0
201,220,220,1,0
201,220,220,2,0
201,220,220,3,0
201,220,220,4,0
201,220,220,5,0
201,220,220,6,0
201,220,220,7,0
201,220,220,8,0
201,220,220,9,0
201,220,220,10,0
201,220,220,11,0
201,220,220,12,0
201,220,220,13,0
201,220,220,14,0
201,220,220,15,0
201,220,220,16,0
201,220,220,17,0
201,220,220,18,0
201,220,220,19,0
201,220,220,20,0
201,220,220,21,0
201,220,220,22,0
201,220,220,23,0
201,220,220,24,0
201,220,220,0,0
201,221,221,1,29
201,221,221,2,270
201,221,221,3,99
201,221,221,4,0
201,221,221,5,2
201,221,221,6,296
201,221,221,7,2
201,221,221,8,0
201,221,221,9,0
201,221,221,10,0
201,221,221,11,0
201,221,221,12,0
201,221,221,13,1
201,221,221,14,0
201,221,221,15,0
201,221,221,16,0
201,221,221,17,0
201,221,221,18,0
201,221,221,19,0
201,221,221,20,699
201,221,221,21,0
201,221,221,22,0
201,221,221,23,699
201,221,221,24,0
201,221,221,0,0
201,221,221,1,0
201,221,221,2,0
201,221,221,3,0
201,221,221,4,0
201,221,221,5,0
201,221,221,6,0
201,221,221,7,0
201,221,221,8,0
201,221,221,9,0
201,221,221,10,0
201,221,221,11,0
201,221,221,12,0
201,221,221,13,0
201,221,221,14,0
201,221,221,15,0
201,221,221,16,0
201,221,221,17,0
201,221,221,18,0
201,221,221,19,0
201,221,221,20,0
201,221,221,21,0
201,221,221,22,0
201,221,221,23,0
201,221,221,24,0
201,221,221,0,0
201,222,222,1,29
201,222,222,2,217
201,222,222,3,119
201,222,222,4,1
201,222,222,5,1
201,222,222,6,346
201,222,222,7,1
201,222,222,8,2
201,222,222,9,0
201,222,222,10,0
201,222,222,11,1
201,222,222,12,0
201,222,222,13,0
201,222,222,14,0
201,222,222,15,0
201,222,222,16,0
201,222,222,17,0
201,222,222,18,2
201,222,222,19,1
201,222,222,20,720
201,222,222,21,0
201,222,222,22,5
201,222,222,23,725
201,222,222,24,0
201,222,222,0,0
201,223,223,1,18
201,223,223,2,150
201,223,223,3,188
201,223,223,4,0
201,223,223,5,3
201,223,223,6,394
201,223,223,7,1
201,223,223,8,0
201,223,223,9,0
201,223,223,10,1
201,223,223,11,2
201,223,223,12,0
201,223,223,13,0
201,223,223,14,2
201,223,223,15,1
201,223,223,16,1
201,223,223,17,0
201,223,223,18,2
201,223,223,19,1
201,223,223,20,764
201,223,223,21,0
201,223,223,22,2
201,223,223,23,766
201,223,223,24,0
201,223,223,0,0
201,224,224,1,13
201,224,224,2,344
201,224,224,3,58
201,224,224,4,1
201,224,224,5,0
201,224,224,6,523
201,224,224,7,0
201,224,224,8,1
201,224,224,9,1
201,224,224,10,2
201,224,224,11,2
201,224,224,12,0
201,224,224,13,0
201,224,224,14,2
201,224,224,15,0
201,224,224,16,1
201,224,224,17,0
201,224,224,18,1
201,224,224,19,0
201,224,224,20,949
201,224,224,21,0
201,224,224,22,2
201,224,224,23,951
201,224,224,24,0
201,224,224,0,0
201,225,225,1,8
201,225,225,2,228
201,225,225,3,89
201,225,225,4,3
201,225,225,5,2
201,225,225,6,300
201,225,225,7,0
201,225,225,8,0
201,225,225,9,1
201,225,225,10,0
201,225,225,11,0
201,225,225,12,0
201,225,225,13,0
201,225,225,14,1
201,225,225,15,0
201,225,225,16,0
201,225,225,17,0
201,225,225,18,0
201,225,225,19,0
201,225,225,20,632
201,225,225,21,0
201,225,225,22,1
201,225,225,23,633
201,225,225,24,0
201,225,225,0,0
201,226,226,1,38
201,226,226,2,319
201,226,226,3,62
201,226,226,4,2
201,226,226,5,2
201,226,226,6,240
201,226,226,7,0
201,226,226,8,0
201,226,226,9,1
201,226,226,10,0
201,226,226,11,1
201,226,226,12,0
201,226,226,13,0
201,226,226,14,1
201,226,226,15,0
201,226,226,16,0
201,226,226,17,0
201,226,226,18,1
201,226,226,19,0
201,226,226,20,667
201,226,226,21,0
201,226,226,22,0
201,226,226,23,667
201,226,226,24,0
201,226,226,0,0
201,227,227,1,57
201,227,227,2,325
201,227,227,3,39
201,227,227,4,1
201,227,227,5,4
201,227,227,6,284
201,227,227,7,1
201,227,227,8,0
201,227,227,9,1
201,227,227,10,0
201,227,227,11,0
201,227,227,12,0
201,227,227,13,0
201,227,227,14,0
201,227,227,15,0
201,227,227,16,1
201,227,227,17,1
201,227,227,18,2
201,227,227,19,0
201,227,227,20,716
201,227,227,21,0
201,227,227,22,2
201,227,227,23,718
201,227,227,24,0
201,227,227,0,0
201,228,228,1,44
201,228,228,2,229
201,228,228,3,91
201,228,228,4,2
201,228,228,5,3
201,228,228,6,282
201,228,228,7,0
201,228,228,8,0
201,228,228,9,1
201,228,228,10,1
201,228,228,11,3
201,228,228,12,0
201,228,228,13,0
201,228,228,14,2
201,228,228,15,1
201,228,228,16,1
201,228,228,17,1
201,228,228,18,0
201,228,228,19,0
201,228,228,20,661
201,228,228,21,0
201,228,228,22,2
201,228,228,23,663
201,228,228,24,0
201,228,228,0,0
201,229,229,1,23
201,229,229,2,235
201,229,229,3,109
201,229,229,4,2
201,229,229,5,0
201,229,229,6,334
201,229,229,7,0
201,229,229,8,0
201,229,229,9,3
201,229,229,10,0
201,229,229,11,2
201,229,229,12,0
201,229,229,13,1
201,229,229,14,2
201,229,229,15,0
201,229,229,16,1
201,229,229,17,1
201,229,229,18,0
201,229,229,19,0
201,229,229,20,713
201,229,229,21,0
201,229,229,22,0
201,229,229,23,713
201,229,229,24,0
201,229,229,0,0
201,230,230,1,38
201,230,230,2,151
201,230,230,3,107
201,230,230,4,1
201,230,230,5,2
201,230,230,6,199
201,230,230,7,0
201,230,230,8,0
201,230,230,9,1
201,230,230,10,0
201,230,230,11,2
201,230,230,12,1
201,230,230,13,1
201,230,230,14,0
201,230,230,15,0
201,230,230,16,1
201,230,230,17,0
201,230,230,18,1
201,230,230,19,0
201,230,230,20,505
201,230,230,21,0
201,230,230,22,1
201,230,230,23,506
201,230,230,24,0
201,230,230,0,0
201,231,231,1,18
201,231,231,2,114
201,231,231,3,101
201,231,231,4,2
201,231,231,5,3
201,231,231,6,126
201,231,231,7,0
201,231,231,8,0
201,231,231,9,0
201,231,231,10,0
201,231,231,11,0
201,231,231,12,0
201,231,231,13,1
201,231,231,14,0
201,231,231,15,1
201,231,231,16,1
201,231,231,17,0
201,231,231,18,1
201,231,231,19,2
201,231,231,20,370
201,231,231,21,0
201,231,231,22,1
201,231,231,23,371
201,231,231,24,0
201,231,231,0,0
201,232,232,1,31
201,232,232,2,279
201,232,232,3,28
201,232,232,4,0
201,232,232,5,0
201,232,232,6,154
201,232,232,7,1
201,232,232,8,0
201,232,232,9,0
201,232,232,10,0
201,232,232,11,0
201,232,232,12,1
201,232,232,13,0
201,232,232,14,0
201,232,232,15,0
201,232,232,16,1
201,232,232,17,0
201,232,232,18,0
201,232,232,19,0
201,232,232,20,495
201,232,232,21,0
201,232,232,22,5
201,232,232,23,500
201,232,232,24,0
201,232,232,0,0
201,233,233,1,26
201,233,233,2,242
201,233,233,3,24
201,233,233,4,0
201,233,233,5,0
201,233,233,6,108
201,233,233,7,1
201,233,233,8,0
201,233,233,9,0
201,233,233,10,0
201,233,233,11,0
201,233,233,12,1
201,233,233,13,0
201,233,233,14,0
201,233,233,15,0
201,233,233,16,0
201,233,233,17,0
201,233,233,18,1
201,233,233,19,0
201,233,233,20,403
201,233,233,21,0
201,233,233,22,2
201,233,233,23,405
201,233,233,24,0
201,233,233,0,0
201,234,234,1,39
201,234,234,2,349
201,234,234,3,26
201,234,234,4,2
201,234,234,5,1
201,234,234,6,205
201,234,234,7,0
201,234,234,8,1
201,234,234,9,0
201,234,234,10,0
201,234,234,11,0
201,234,234,12,0
201,234,234,13,0
201,234,234,14,1
201,234,234,15,1
201,234,234,16,0
201,234,234,17,2
201,234,234,18,3
201,234,234,19,0
201,234,234,20,630
201,234,234,21,0
201,234,234,22,0
201,234,234,23,630
201,234,234,24,0
201,234,234,0,0
201,235,235,1,34
201,235,235,2,234
201,235,235,3,147
201,235,235,4,2
201,235,235,5,1
201,235,235,6,356
201,235,235,7,1
201,235,235,8,0
201,235,235,9,1
201,235,235,10,0
201,235,235,11,1
201,235,235,12,0
201,235,235,13,1
201,235,235,14,1
201,235,235,15,3
201,235,235,16,0
201,235,235,17,0
201,235,235,18,2
201,235,235,19,0
201,235,235,20,784
201,235,235,21,0
201,235,235,22,4
201,235,235,23,788
201,235,235,24,0
201,235,235,0,0
201,236,236,1,35
201,236,236,2,264
201,236,236,3,89
201,236,236,4,0
201,236,236,5,1
201,236,236,6,276
201,236,236,7,1
201,236,236,8,1
201,236,236,9,0
201,236,236,10,1
201,236,236,11,1
201,236,236,12,1
201,236,236,13,1
201,236,236,14,5
201,236,236,15,0
201,236,236,16,0
201,236,236,17,0
201,236,236,18,1
201,236,236,19,0
201,236,236,20,677
201,236,236,21,0
201,236,236,22,1
201,236,236,23,678
201,236,236,24,0
201,236,236,0,0
201,237,237,1,27
201,237,237,2,398
201,237,237,3,22
201,237,237,4,0
201,237,237,5,0
201,237,237,6,167
201,237,237,7,0
201,237,237,8,0
201,237,237,9,0
201,237,237,10,0
201,237,237,11,0
201,237,237,12,0
201,237,237,13,0
201,237,237,14,0
201,237,237,15,0
201,237,237,16,0
201,237,237,17,1
201,237,237,18,1
201,237,237,19,0
201,237,237,20,616
201,237,237,21,0
201,237,237,22,2
201,237,237,23,618
201,237,237,24,0
201,237,237,0,0
201,238,238,1,30
201,238,238,2,183
201,238,238,3,67
201,238,238,4,0
201,238,238,5,0
201,238,238,6,185
201,238,238,7,0
201,238,238,8,0
201,238,238,9,0
201,238,238,10,0
201,238,238,11,1
201,238,238,12,0
201,238,238,13,0
201,238,238,14,1
201,238,238,15,0
201,238,238,16,0
201,238,238,17,0
201,238,238,18,1
201,238,238,19,1
201,238,238,20,469
201,238,238,21,0
201,238,238,22,0
201,238,238,23,469
201,238,238,24,0
201,238,238,0,0
201,239,239,1,19
201,239,239,2,201
201,239,239,3,45
201,239,239,4,1
201,239,239,5,2
201,239,239,6,181
201,239,239,7,1
201,239,239,8,0
201,239,239,9,0
201,239,239,10,0
201,239,239,11,1
201,239,239,12,0
201,239,239,13,1
201,239,239,14,1
201,239,239,15,0
201,239,239,16,0
201,239,239,17,1
201,239,239,18,2
201,239,239,19,1
201,239,239,20,457
201,239,239,21,0
201,239,239,22,0
201,239,239,23,457
201,239,239,24,0
201,239,239,0,0
201,240,240,1,34
201,240,240,2,168
201,240,240,3,89
201,240,240,4,2
201,240,240,5,2
201,240,240,6,229
201,240,240,7,0
201,240,240,8,1
201,240,240,9,1
201,240,240,10,0
201,240,240,11,1
201,240,240,12,0
201,240,240,13,1
201,240,240,14,0
201,240,240,15,0
201,240,240,16,1
201,240,240,17,0
201,240,240,18,0
201,240,240,19,0
201,240,240,20,529
201,240,240,21,0
201,240,240,22,1
201,240,240,23,530
201,240,240,24,0
201,240,240,0,0
201,241,241,1,35
201,241,241,2,171
201,241,241,3,100
201,241,241,4,1
201,241,241,5,2
201,241,241,6,192
201,241,241,7,1
201,241,241,8,3
201,241,241,9,1
201,241,241,10,0
201,241,241,11,0
201,241,241,12,1
201,241,241,13,0
201,241,241,14,2
201,241,241,15,1
201,241,241,16,0
201,241,241,17,1
201,241,241,18,0
201,241,241,19,0
201,241,241,20,511
201,241,241,21,0
201,241,241,22,3
201,241,241,23,514
201,241,241,24,0
201,241,241,0,0
201,242,242,1,12
201,242,242,2,132
201,242,242,3,82
201,242,242,4,3
201,242,242,5,1
201,242,242,6,139
201,242,242,7,1
201,242,242,8,0
201,242,242,9,1
201,242,242,10,0
201,242,242,11,1
201,242,242,12,0
201,242,242,13,0
201,242,242,14,0
201,242,242,15,0
201,242,242,16,1
201,242,242,17,0
201,242,242,18,2
201,242,242,19,0
201,242,242,20,375
201,242,242,21,0
201,242,242,22,1
201,242,242,23,376
201,242,242,24,0
201,242,242,0,0
201,243,243,1,26
201,243,243,2,91
201,243,243,3,148
201,243,243,4,0
201,243,243,5,0
201,243,243,6,197
201,243,243,7,0
201,243,243,8,0
201,243,243,9,0
201,243,243,10,0
201,243,243,11,1
201,243,243,12,0
201,243,243,13,0
201,243,243,14,0
201,243,243,15,0
201,243,243,16,0
201,243,243,17,0
201,243,243,18,2
201,243,243,19,1
201,243,243,20,466
201,243,243,21,0
201,243,243,22,2
201,243,243,23,468
201,243,243,24,0
201,243,243,0,0
201,244,244,1,17
201,244,244,2,164
201,244,244,3,140
201,244,244,4,2
201,244,244,5,1
201,244,244,6,165
201,244,244,7,0
201,244,244,8,0
201,244,244,9,0
201,244,244,10,0
201,244,244,11,0
201,244,244,12,0
201,244,244,13,0
201,244,244,14,0
201,244,244,15,2
201,244,244,16,0
201,244,244,17,0
201,244,244,18,0
201,244,244,19,0
201,244,244,20,491
201,244,244,21,0
201,244,244,22,1
201,244,244,23,492
201,244,244,24,0
201,244,244,0,0
201,245,245,1,0
201,245,245,2,0
201,245,245,3,0
201,245,245,4,0
201,245,245,5,0
201,245,245,6,0
201,245,245,7,0
201,245,245,8,0
201,245,245,9,0
201,245,245,10,0
201,245,245,11,0
201,245,245,12,0
201,245,245,13,0
201,245,245,14,0
201,245,245,15,0
201,245,245,16,0
201,245,245,17,0
201,245,245,18,0
201,245,245,19,0
201,245,245,20,0
201,245,245,21,0
201,245,245,22,0
201,245,245,23,0
201,245,245,24,0
201,245,245,0,0
201,245,245,1,21
201,245,245,2,91
201,245,245,3,206
201,245,245,4,1
201,245,245,5,0
201,245,245,6,183
201,245,245,7,0
201,245,245,8,1
201,245,245,9,0
201,245,245,10,0
201,245,245,11,1
201,245,245,12,1
201,245,245,13,0
201,245,245,14,0
201,245,245,15,0
201,245,245,16,0
201,245,245,17,0
201,245,245,18,0
201,245,245,19,0
201,245,245,20,505
201,245,245,21,0
201,245,245,22,1
201,245,245,23,506
201,245,245,24,0
201,245,245,0,0
201,246,246,1,24
201,246,246,2,169
201,246,246,3,90
201,246,246,4,0
201,246,246,5,1
201,246,246,6,192
201,246,246,7,0
201,246,246,8,0
201,246,246,9,0
201,246,246,10,0
201,246,246,11,0
201,246,246,12,0
201,246,246,13,0
201,246,246,14,1
201,246,246,15,1
201,246,246,16,1
201,246,246,17,0
201,246,246,18,2
201,246,246,19,0
201,246,246,20,481
201,246,246,21,0
201,246,246,22,2
201,246,246,23,483
201,246,246,24,0
201,246,246,0,0
201,246,246,1,0
201,246,246,2,0
201,246,246,3,0
201,246,246,4,0
201,246,246,5,0
201,246,246,6,0
201,246,246,7,0
201,246,246,8,0
201,246,246,9,0
201,246,246,10,0
201,246,246,11,0
201,246,246,12,0
201,246,246,13,0
201,246,246,14,0
201,246,246,15,0
201,246,246,16,0
201,246,246,17,0
201,246,246,18,0
201,246,246,19,0
201,246,246,20,0
201,246,246,21,0
201,246,246,22,0
201,246,246,23,0
201,246,246,24,0
201,246,246,0,0
201,247,247,1,14
201,247,247,2,309
201,247,247,3,65
201,247,247,4,0
201,247,247,5,0
201,247,247,6,218
201,247,247,7,1
201,247,247,8,0
201,247,247,9,0
201,247,247,10,1
201,247,247,11,0
201,247,247,12,0
201,247,247,13,0
201,247,247,14,0
201,247,247,15,2
201,247,247,16,1
201,247,247,17,0
201,247,247,18,2
201,247,247,19,1
201,247,247,20,614
201,247,247,21,0
201,247,247,22,0
201,247,247,23,614
201,247,247,24,0
201,247,247,0,0
201,248,248,1,31
201,248,248,2,222
201,248,248,3,156
201,248,248,4,1
201,248,248,5,0
201,248,248,6,226
201,248,248,7,0
201,248,248,8,0
201,248,248,9,0
201,248,248,10,0
201,248,248,11,0
201,248,248,12,0
201,248,248,13,0
201,248,248,14,0
201,248,248,15,0
201,248,248,16,1
201,248,248,17,0
201,248,248,18,1
201,248,248,19,0
201,248,248,20,638
201,248,248,21,0
201,248,248,22,1
201,248,248,23,639
201,248,248,24,0
201,248,248,0,0
201,249,249,1,20
201,249,249,2,335
201,249,249,3,61
201,249,249,4,4
201,249,249,5,1
201,249,249,6,395
201,249,249,7,2
201,249,249,8,2
201,249,249,9,1
201,249,249,10,1
201,249,249,11,2
201,249,249,12,1
201,249,249,13,0
201,249,249,14,0
201,249,249,15,2
201,249,249,16,3
201,249,249,17,0
201,249,249,18,1
201,249,249,19,1
201,249,249,20,832
201,249,249,21,0
201,249,249,22,2
201,249,249,23,834
201,249,249,24,0
201,249,249,0,0
201,250,250,1,26
201,250,250,2,244
201,250,250,3,39
201,250,250,4,0
201,250,250,5,0
201,250,250,6,231
201,250,250,7,0
201,250,250,8,0
201,250,250,9,0
201,250,250,10,1
201,250,250,11,0
201,250,250,12,0
201,250,250,13,0
201,250,250,14,0
201,250,250,15,1
201,250,250,16,1
201,250,250,17,0
201,250,250,18,1
201,250,250,19,0
201,250,250,20,544
201,250,250,21,0
201,250,250,22,2
201,250,250,23,546
201,250,250,24,0
201,250,250,0,0
201,251,251,1,25
201,251,251,2,251
201,251,251,3,27
201,251,251,4,0
201,251,251,5,0
201,251,251,6,261
201,251,251,7,0
201,251,251,8,1
201,251,251,9,0
201,251,251,10,0
201,251,251,11,0
201,251,251,12,0
201,251,251,13,4
201,251,251,14,0
201,251,251,15,1
201,251,251,16,2
201,251,251,17,0
201,251,251,18,1
201,251,251,19,0
201,251,251,20,573
201,251,251,21,0
201,251,251,22,5
201,251,251,23,578
201,251,251,24,0
201,251,251,0,0
201,252,252,1,31
201,252,252,2,246
201,252,252,3,86
201,252,252,4,2
201,252,252,5,1
201,252,252,6,269
201,252,252,7,0
201,252,252,8,1
201,252,252,9,0
201,252,252,10,0
201,252,252,11,0
201,252,252,12,0
201,252,252,13,0
201,252,252,14,0
201,252,252,15,0
201,252,252,16,0
201,252,252,17,0
201,252,252,18,0
201,252,252,19,0
201,252,252,20,636
201,252,252,21,0
201,252,252,22,2
201,252,252,23,638
201,252,252,24,0
201,252,252,0,0
201,253,253,1,25
201,253,253,2,188
201,253,253,3,86
201,253,253,4,0
201,253,253,5,0
201,253,253,6,186
201,253,253,7,1
201,253,253,8,2
201,253,253,9,0
201,253,253,10,0
201,253,253,11,0
201,253,253,12,0
201,253,253,13,0
201,253,253,14,0
201,253,253,15,0
201,253,253,16,2
201,253,253,17,0
201,253,253,18,0
201,253,253,19,1
201,253,253,20,491
201,253,253,21,0
201,253,253,22,1
201,253,253,23,492
201,253,253,24,0
201,253,253,0,0
201,254,254,1,47
201,254,254,2,211
201,254,254,3,128
201,254,254,4,1
201,254,254,5,0
201,254,254,6,214
201,254,254,7,0
201,254,254,8,2
201,254,254,9,1
201,254,254,10,1
201,254,254,11,0
201,254,254,12,0
201,254,254,13,1
201,254,254,14,0
201,254,254,15,1
201,254,254,16,0
201,254,254,17,0
201,254,254,18,0
201,254,254,19,0
201,254,254,20,607
201,254,254,21,0
201,254,254,22,0
201,254,254,23,607
201,254,254,24,0
201,254,254,0,0
201,255,255,1,11
201,255,255,2,243
201,255,255,3,126
201,255,255,4,1
201,255,255,5,3
201,255,255,6,222
201,255,255,7,0
201,255,255,8,0
201,255,255,9,1
201,255,255,10,0
201,255,255,11,1
201,255,255,12,0
201,255,255,13,1
201,255,255,14,2
201,255,255,15,1
201,255,255,16,0
201,255,255,17,0
201,255,255,18,1
201,255,255,19,0
201,255,255,20,613
201,255,255,21,0
201,255,255,22,0
201,255,255,23,613
201,255,255,24,0
201,255,255,0,0
201,256,256,1,45
201,256,256,2,359
201,256,256,3,76
201,256,256,4,2
201,256,256,5,1
201,256,256,6,282
201,256,256,7,1
201,256,256,8,1
201,256,256,9,1
201,256,256,10,1
201,256,256,11,2
201,256,256,12,1
201,256,256,13,1
201,256,256,14,1
201,256,256,15,3
201,256,256,16,1
201,256,256,17,0
201,256,256,18,1
201,256,256,19,0
201,256,256,20,779
201,256,256,21,0
201,256,256,22,2
201,256,256,23,781
201,256,256,24,0
201,256,256,0,0
201,257,257,1,24
201,257,257,2,171
201,257,257,3,72
201,257,257,4,1
201,257,257,5,3
201,257,257,6,306
201,257,257,7,0
201,257,257,8,0
201,257,257,9,0
201,257,257,10,0
201,257,257,11,0
201,257,257,12,0
201,257,257,13,1
201,257,257,14,1
201,257,257,15,0
201,257,257,16,1
201,257,257,17,0
201,257,257,18,1
201,257,257,19,0
201,257,257,20,581
201,257,257,21,0
201,257,257,22,0
201,257,257,23,581
201,257,257,24,0
201,257,257,0,0
201,258,258,1,29
201,258,258,2,196
201,258,258,3,54
201,258,258,4,0
201,258,258,5,2
201,258,258,6,323
201,258,258,7,1
201,258,258,8,0
201,258,258,9,0
201,258,258,10,0
201,258,258,11,0
201,258,258,12,0
201,258,258,13,1
201,258,258,14,1
201,258,258,15,0
201,258,258,16,0
201,258,258,17,0
201,258,258,18,4
201,258,258,19,0
201,258,258,20,611
201,258,258,21,0
201,258,258,22,1
201,258,258,23,612
201,258,258,24,0
201,258,258,0,0
201,259,259,1,15
201,259,259,2,351
201,259,259,3,56
201,259,259,4,3
201,259,259,5,1
201,259,259,6,182
201,259,259,7,0
201,259,259,8,0
201,259,259,9,0
201,259,259,10,0
201,259,259,11,1
201,259,259,12,0
201,259,259,13,0
201,259,259,14,0
201,259,259,15,0
201,259,259,16,0
201,259,259,17,0
201,259,259,18,2
201,259,259,19,1
201,259,259,20,612
201,259,259,21,0
201,259,259,22,3
201,259,259,23,615
201,259,259,24,0
201,259,259,0,0
201,260,260,1,26
201,260,260,2,180
201,260,260,3,49
201,260,260,4,0
201,260,260,5,1
201,260,260,6,251
201,260,260,7,0
201,260,260,8,1
201,260,260,9,0
201,260,260,10,0
201,260,260,11,0
201,260,260,12,0
201,260,260,13,0
201,260,260,14,1
201,260,260,15,0
201,260,260,16,1
201,260,260,17,0
201,260,260,18,1
201,260,260,19,0
201,260,260,20,511
201,260,260,21,0
201,260,260,22,1
201,260,260,23,512
201,260,260,24,0
201,260,260,0,0
201,261,261,1,17
201,261,261,2,290
201,261,261,3,127
201,261,261,4,2
201,261,261,5,1
201,261,261,6,300
201,261,261,7,0
201,261,261,8,2
201,261,261,9,0
201,261,261,10,0
201,261,261,11,0
201,261,261,12,0
201,261,261,13,0
201,261,261,14,3
201,261,261,15,0
201,261,261,16,0
201,261,261,17,0
201,261,261,18,1
201,261,261,19,0
201,261,261,20,743
201,261,261,21,0
201,261,261,22,1
201,261,261,23,744
201,261,261,24,0
201,261,261,0,0
201,262,262,1,20
201,262,262,2,333
201,262,262,3,48
201,262,262,4,1
201,262,262,5,1
201,262,262,6,224
201,262,262,7,0
201,262,262,8,0
201,262,262,9,0
201,262,262,10,0
201,262,262,11,0
201,262,262,12,0
201,262,262,13,0
201,262,262,14,1
201,262,262,15,1
201,262,262,16,0
201,262,262,17,0
201,262,262,18,2
201,262,262,19,0
201,262,262,20,631
201,262,262,21,0
201,262,262,22,2
201,262,262,23,633
201,262,262,24,0
201,262,262,0,0
201,263,263,1,17
201,263,263,2,413
201,263,263,3,42
201,263,263,4,1
201,263,263,5,0
201,263,263,6,326
201,263,263,7,2
201,263,263,8,3
201,263,263,9,1
201,263,263,10,1
201,263,263,11,0
201,263,263,12,1
201,263,263,13,0
201,263,263,14,1
201,263,263,15,2
201,263,263,16,0
201,263,263,17,0
201,263,263,18,5
201,263,263,19,2
201,263,263,20,817
201,263,263,21,0
201,263,263,22,3
201,263,263,23,820
201,263,263,24,0
201,263,263,0,0
201,264,264,1,9
201,264,264,2,223
201,264,264,3,7
201,264,264,4,0
201,264,264,5,0
201,264,264,6,114
201,264,264,7,0
201,264,264,8,0
201,264,264,9,0
201,264,264,10,0
201,264,264,11,0
201,264,264,12,0
201,264,264,13,0
201,264,264,14,0
201,264,264,15,1
201,264,264,16,0
201,264,264,17,0
201,264,264,18,0
201,264,264,19,0
201,264,264,20,354
201,264,264,21,0
201,264,264,22,0
201,264,264,23,354
201,264,264,24,0
201,264,264,0,0
201,265,265,1,16
201,265,265,2,248
201,265,265,3,56
201,265,265,4,5
201,265,265,5,1
201,265,265,6,181
201,265,265,7,0
201,265,265,8,1
201,265,265,9,0
201,265,265,10,0
201,265,265,11,0
201,265,265,12,0
201,265,265,13,0
201,265,265,14,0
201,265,265,15,1
201,265,265,16,1
201,265,265,17,0
201,265,265,18,3
201,265,265,19,0
201,265,265,20,513
201,265,265,21,0
201,265,265,22,2
201,265,265,23,515
201,265,265,24,0
201,265,265,0,0
201,266,266,1,28
201,266,266,2,206
201,266,266,3,161
201,266,266,4,4
201,266,266,5,1
201,266,266,6,224
201,266,266,7,1
201,266,266,8,0
201,266,266,9,0
201,266,266,10,0
201,266,266,11,1
201,266,266,12,0
201,266,266,13,0
201,266,266,14,1
201,266,266,15,0
201,266,266,16,3
201,266,266,17,1
201,266,266,18,3
201,266,266,19,0
201,266,266,20,634
201,266,266,21,0
201,266,266,22,2
201,266,266,23,636
201,266,266,24,0
201,266,266,0,0
201,267,267,1,30
201,267,267,2,276
201,267,267,3,220
201,267,267,4,1
201,267,267,5,1
201,267,267,6,292
201,267,267,7,0
201,267,267,8,0
201,267,267,9,0
201,267,267,10,0
201,267,267,11,0
201,267,267,12,0
201,267,267,13,0
201,267,267,14,0
201,267,267,15,0
201,267,267,16,0
201,267,267,17,0
201,267,267,18,0
201,267,267,19,0
201,267,267,20,820
201,267,267,21,0
201,267,267,22,4
201,267,267,23,824
201,267,267,24,0
201,267,267,0,0
201,268,268,1,27
201,268,268,2,179
201,268,268,3,77
201,268,268,4,1
201,268,268,5,2
201,268,268,6,261
201,268,268,7,1
201,268,268,8,0
201,268,268,9,1
201,268,268,10,1
201,268,268,11,0
201,268,268,12,0
201,268,268,13,0
201,268,268,14,2
201,268,268,15,1
201,268,268,16,0
201,268,268,17,0
201,268,268,18,1
201,268,268,19,3
201,268,268,20,557
201,268,268,21,0
201,268,268,22,2
201,268,268,23,559
201,268,268,24,0
201,268,268,0,0
201,269,269,1,13
201,269,269,2,336
201,269,269,3,30
201,269,269,4,0
201,269,269,5,0
201,269,269,6,140
201,269,269,7,0
201,269,269,8,0
201,269,269,9,0
201,269,269,10,0
201,269,269,11,1
201,269,269,12,0
201,269,269,13,0
201,269,269,14,1
201,269,269,15,0
201,269,269,16,0
201,269,269,17,1
201,269,269,18,0
201,269,269,19,0
201,269,269,20,522
201,269,269,21,0
201,269,269,22,0
201,269,269,23,522
201,269,269,24,0
201,269,269,0,0
201,270,270,1,0
201,270,270,2,0
201,270,270,3,0
201,270,270,4,0
201,270,270,5,0
201,270,270,6,0
201,270,270,7,0
201,270,270,8,0
201,270,270,9,0
201,270,270,10,0
201,270,270,11,0
201,270,270,12,0
201,270,270,13,0
201,270,270,14,0
201,270,270,15,0
201,270,270,16,0
201,270,270,17,0
201,270,270,18,0
201,270,270,19,0
201,270,270,20,0
201,270,270,21,0
201,270,270,22,0
201,270,270,23,0
201,270,270,24,0
201,270,270,0,0
201,270,270,1,15
201,270,270,2,552
201,270,270,3,36
201,270,270,4,0
201,270,270,5,2
201,270,270,6,193
201,270,270,7,0
201,270,270,8,0
201,270,270,9,0
201,270,270,10,1
201,270,270,11,0
201,270,270,12,0
201,270,270,13,0
201,270,270,14,1
201,270,270,15,1
201,270,270,16,0
201,270,270,17,0
201,270,270,18,2
201,270,270,19,0
201,270,270,20,803
201,270,270,21,0
201,270,270,22,3
201,270,270,23,806
201,270,270,24,0
201,270,270,0,0
201,271,271,1,0
201,271,271,2,0
201,271,271,3,0
201,271,271,4,0
201,271,271,5,0
201,271,271,6,0
201,271,271,7,0
201,271,271,8,0
201,271,271,9,0
201,271,271,10,0
201,271,271,11,0
201,271,271,12,0
201,271,271,13,0
201,271,271,14,0
201,271,271,15,0
201,271,271,16,0
201,271,271,17,0
201,271,271,18,0
201,271,271,19,0
201,271,271,20,0
201,271,271,21,0
201,271,271,22,0
201,271,271,23,0
201,271,271,24,0
201,271,271,0,0
201,271,271,1,19
201,271,271,2,316
201,271,271,3,67
201,271,271,4,0
201,271,271,5,1
201,271,271,6,292
201,271,271,7,2
201,271,271,8,1
201,271,271,9,1
201,271,271,10,1
201,271,271,11,0
201,271,271,12,0
201,271,271,13,0
201,271,271,14,1
201,271,271,15,0
201,271,271,16,0
201,271,271,17,1
201,271,271,18,4
201,271,271,19,0
201,271,271,20,706
201,271,271,21,0
201,271,271,22,0
201,271,271,23,706
201,271,271,24,0
201,271,271,0,0
201,272,272,1,9
201,272,272,2,582
201,272,272,3,31
201,272,272,4,1
201,272,272,5,1
201,272,272,6,167
201,272,272,7,0
201,272,272,8,0
201,272,272,9,1
201,272,272,10,0
201,272,272,11,0
201,272,272,12,0
201,272,272,13,0
201,272,272,14,1
201,272,272,15,0
201,272,272,16,0
201,272,272,17,0
201,272,272,18,0
201,272,272,19,0
201,272,272,20,793
201,272,272,21,0
201,272,272,22,0
201,272,272,23,793
201,272,272,24,0
201,272,272,0,0
201,273,273,1,6
201,273,273,2,385
201,273,273,3,4
201,273,273,4,0
201,273,273,5,0
201,273,273,6,87
201,273,273,7,0
201,273,273,8,0
201,273,273,9,0
201,273,273,10,0
201,273,273,11,0
201,273,273,12,0
201,273,273,13,1
201,273,273,14,0
201,273,273,15,0
201,273,273,16,0
201,273,273,17,0
201,273,273,18,1
201,273,273,19,0
201,273,273,20,484
201,273,273,21,0
201,273,273,22,0
201,273,273,23,484
201,273,273,24,0
201,273,273,0,0
201,274,274,1,9
201,274,274,2,500
201,274,274,3,2
201,274,274,4,0
201,274,274,5,0
201,274,274,6,108
201,274,274,7,0
201,274,274,8,0
201,274,274,9,0
201,274,274,10,0
201,274,274,11,0
201,274,274,12,0
201,274,274,13,1
201,274,274,14,1
201,274,274,15,0
201,274,274,16,0
201,274,274,17,0
201,274,274,18,1
201,274,274,19,1
201,274,274,20,623
201,274,274,21,0
201,274,274,22,0
201,274,274,23,623
201,274,274,24,0
201,274,274,0,0
201,275,275,1,9
201,275,275,2,321
201,275,275,3,39
201,275,275,4,0
201,275,275,5,4
201,275,275,6,195
201,275,275,7,0
201,275,275,8,0
201,275,275,9,1
201,275,275,10,0
201,275,275,11,1
201,275,275,12,0
201,275,275,13,0
201,275,275,14,1
201,275,275,15,1
201,275,275,16,0
201,275,275,17,0
201,275,275,18,1
201,275,275,19,0
201,275,275,20,573
201,275,275,21,0
201,275,275,22,0
201,275,275,23,573
201,275,275,24,0
201,275,275,0,0
201,276,276,1,7
201,276,276,2,250
201,276,276,3,27
201,276,276,4,2
201,276,276,5,2
201,276,276,6,285
201,276,276,7,0
201,276,276,8,0
201,276,276,9,0
201,276,276,10,0
201,276,276,11,1
201,276,276,12,0
201,276,276,13,0
201,276,276,14,0
201,276,276,15,0
201,276,276,16,1
201,276,276,17,0
201,276,276,18,0
201,276,276,19,0
201,276,276,20,575
201,276,276,21,0
201,276,276,22,1
201,276,276,23,576
201,276,276,24,0
201,276,276,0,0
201,277,277,1,9
201,277,277,2,249
201,277,277,3,15
201,277,277,4,0
201,277,277,5,0
201,277,277,6,138
201,277,277,7,0
201,277,277,8,0
201,277,277,9,0
201,277,277,10,0
201,277,277,11,0
201,277,277,12,1
201,277,277,13,1
201,277,277,14,0
201,277,277,15,0
201,277,277,16,0
201,277,277,17,0
201,277,277,18,0
201,277,277,19,1
201,277,277,20,414
201,277,277,21,0
201,277,277,22,0
201,277,277,23,414
201,277,277,24,0
201,277,277,0,0
201,278,278,1,7
201,278,278,2,415
201,278,278,3,23
201,278,278,4,0
201,278,278,5,0
201,278,278,6,273
201,278,278,7,2
201,278,278,8,0
201,278,278,9,1
201,278,278,10,0
201,278,278,11,0
201,278,278,12,0
201,278,278,13,0
201,278,278,14,0
201,278,278,15,0
201,278,278,16,0
201,278,278,17,2
201,278,278,18,1
201,278,278,19,0
201,278,278,20,724
201,278,278,21,0
201,278,278,22,2
201,278,278,23,726
201,278,278,24,0
201,278,278,0,0
201,279,279,1,54
201,279,279,2,197
201,279,279,3,100
201,279,279,4,2
201,279,279,5,1
201,279,279,6,466
201,279,279,7,1
201,279,279,8,1
201,279,279,9,1
201,279,279,10,0
201,279,279,11,0
201,279,279,12,0
201,279,279,13,1
201,279,279,14,2
201,279,279,15,0
201,279,279,16,0
201,279,279,17,1
201,279,279,18,1
201,279,279,19,1
201,279,279,20,829
201,279,279,21,0
201,279,279,22,1
201,279,279,23,830
201,279,279,24,0
201,279,279,0,0
201,280,280,1,41
201,280,280,2,158
201,280,280,3,31
201,280,280,4,1
201,280,280,5,1
201,280,280,6,338
201,280,280,7,0
201,280,280,8,0
201,280,280,9,0
201,280,280,10,0
201,280,280,11,1
201,280,280,12,0
201,280,280,13,1
201,280,280,14,0
201,280,280,15,0
201,280,280,16,1
201,280,280,17,1
201,280,280,18,1
201,280,280,19,0
201,280,280,20,575
201,280,280,21,0
201,280,280,22,1
201,280,280,23,576
201,280,280,24,0
201,280,280,0,0
201,281,281,1,20
201,281,281,2,158
201,281,281,3,70
201,281,281,4,2
201,281,281,5,2
201,281,281,6,226
201,281,281,7,0
201,281,281,8,0
201,281,281,9,0
201,281,281,10,0
201,281,281,11,0
201,281,281,12,0
201,281,281,13,1
201,281,281,14,2
201,281,281,15,0
201,281,281,16,0
201,281,281,17,0
201,281,281,18,0
201,281,281,19,1
201,281,281,20,482
201,281,281,21,0
201,281,281,22,1
201,281,281,23,483
201,281,281,24,0
201,281,281,0,0
201,282,282,1,34
201,282,282,2,177
201,282,282,3,93
201,282,282,4,1
201,282,282,5,3
201,282,282,6,362
201,282,282,7,1
201,282,282,8,0
201,282,282,9,0
201,282,282,10,0
201,282,282,11,0
201,282,282,12,0
201,282,282,13,0
201,282,282,14,0
201,282,282,15,0
201,282,282,16,0
201,282,282,17,0
201,282,282,18,0
201,282,282,19,1
201,282,282,20,672
201,282,282,21,0
201,282,282,22,2
201,282,282,23,674
201,282,282,24,0
201,282,282,0,0
201,283,283,1,37
201,283,283,2,126
201,283,283,3,39
201,283,283,4,0
201,283,283,5,1
201,283,283,6,276
201,283,283,7,1
201,283,283,8,0
201,283,283,9,0
201,283,283,10,0
201,283,283,11,0
201,283,283,12,0
201,283,283,13,0
201,283,283,14,0
201,283,283,15,1
201,283,283,16,0
201,283,283,17,0
201,283,283,18,0
201,283,283,19,0
201,283,283,20,481
201,283,283,21,0
201,283,283,22,0
201,283,283,23,481
201,283,283,24,0
201,283,283,0,0
201,284,284,1,19
201,284,284,2,125
201,284,284,3,48
201,284,284,4,1
201,284,284,5,1
201,284,284,6,210
201,284,284,7,0
201,284,284,8,0
201,284,284,9,0
201,284,284,10,0
201,284,284,11,2
201,284,284,12,0
201,284,284,13,1
201,284,284,14,1
201,284,284,15,0
201,284,284,16,0
201,284,284,17,0
201,284,284,18,0
201,284,284,19,0
201,284,284,20,408
201,284,284,21,0
201,284,284,22,1
201,284,284,23,409
201,284,284,24,0
201,284,284,0,0
201,285,285,1,22
201,285,285,2,352
201,285,285,3,67
201,285,285,4,0
201,285,285,5,1
201,285,285,6,312
201,285,285,7,0
201,285,285,8,3
201,285,285,9,3
201,285,285,10,0
201,285,285,11,0
201,285,285,12,1
201,285,285,13,0
201,285,285,14,0
201,285,285,15,2
201,285,285,16,1
201,285,285,17,1
201,285,285,18,0
201,285,285,19,0
201,285,285,20,765
201,285,285,21,0
201,285,285,22,3
201,285,285,23,768
201,285,285,24,0
201,285,285,0,0
201,286,286,1,11
201,286,286,2,192
201,286,286,3,78
201,286,286,4,1
201,286,286,5,0
201,286,286,6,297
201,286,286,7,0
201,286,286,8,0
201,286,286,9,0
201,286,286,10,0
201,286,286,11,1
201,286,286,12,0
201,286,286,13,1
201,286,286,14,1
201,286,286,15,0
201,286,286,16,0
201,286,286,17,0
201,286,286,18,2
201,286,286,19,1
201,286,286,20,585
201,286,286,21,0
201,286,286,22,1
201,286,286,23,586
201,286,286,24,0
201,286,286,0,0
201,287,287,1,25
201,287,287,2,121
201,287,287,3,48
201,287,287,4,1
201,287,287,5,1
201,287,287,6,282
201,287,287,7,0
201,287,287,8,0
201,287,287,9,0
201,287,287,10,0
201,287,287,11,2
201,287,287,12,0
201,287,287,13,0
201,287,287,14,0
201,287,287,15,0
201,287,287,16,1
201,287,287,17,0
201,287,287,18,0
201,287,287,19,0
201,287,287,20,481
201,287,287,21,0
201,287,287,22,1
201,287,287,23,482
201,287,287,24,0
201,287,287,0,0
201,288,288,1,18
201,288,288,2,187
201,288,288,3,55
201,288,288,4,2
201,288,288,5,1
201,288,288,6,231
201,288,288,7,0
201,288,288,8,0
201,288,288,9,0
201,288,288,10,0
201,288,288,11,0
201,288,288,12,1
201,288,288,13,0
201,288,288,14,0
201,288,288,15,0
201,288,288,16,0
201,288,288,17,0
201,288,288,18,0
201,288,288,19,0
201,288,288,20,495
201,288,288,21,0
201,288,288,22,2
201,288,288,23,497
201,288,288,24,0
201,288,288,0,0
201,289,289,1,28
201,289,289,2,150
201,289,289,3,77
201,289,289,4,3
201,289,289,5,2
201,289,289,6,294
201,289,289,7,0
201,289,289,8,1
201,289,289,9,3
201,289,289,10,1
201,289,289,11,2
201,289,289,12,0
201,289,289,13,0
201,289,289,14,0
201,289,289,15,0
201,289,289,16,0
201,289,289,17,0
201,289,289,18,0
201,289,289,19,1
201,289,289,20,562
201,289,289,21,0
201,289,289,22,1
201,289,289,23,563
201,289,289,24,0
201,289,289,0,0
201,290,290,1,17
201,290,290,2,151
201,290,290,3,50
201,290,290,4,1
201,290,290,5,0
201,290,290,6,260
201,290,290,7,0
201,290,290,8,0
201,290,290,9,0
201,290,290,10,0
201,290,290,11,0
201,290,290,12,1
201,290,290,13,0
201,290,290,14,0
201,290,290,15,0
201,290,290,16,0
201,290,290,17,0
201,290,290,18,1
201,290,290,19,0
201,290,290,20,481
201,290,290,21,0
201,290,290,22,3
201,290,290,23,484
201,290,290,24,0
201,290,290,0,0
201,291,291,1,28
201,291,291,2,185
201,291,291,3,32
201,291,291,4,0
201,291,291,5,0
201,291,291,6,281
201,291,291,7,0
201,291,291,8,1
201,291,291,9,1
201,291,291,10,0
201,291,291,11,1
201,291,291,12,0
201,291,291,13,0
201,291,291,14,2
201,291,291,15,0
201,291,291,16,0
201,291,291,17,1
201,291,291,18,1
201,291,291,19,0
201,291,291,20,533
201,291,291,21,0
201,291,291,22,3
201,291,291,23,536
201,291,291,24,0
201,291,291,0,0
201,292,292,1,19
201,292,292,2,133
201,292,292,3,41
201,292,292,4,1
201,292,292,5,2
201,292,292,6,274
201,292,292,7,1
201,292,292,8,0
201,292,292,9,0
201,292,292,10,0
201,292,292,11,0
201,292,292,12,0
201,292,292,13,0
201,292,292,14,0
201,292,292,15,0
201,292,292,16,0
201,292,292,17,0
201,292,292,18,1
201,292,292,19,0
201,292,292,20,472
201,292,292,21,0
201,292,292,22,1
201,292,292,23,473
201,292,292,24,0
201,292,292,0,0
201,293,293,1,20
201,293,293,2,137
201,293,293,3,40
201,293,293,4,0
201,293,293,5,1
201,293,293,6,244
201,293,293,7,0
201,293,293,8,0
201,293,293,9,0
201,293,293,10,0
201,293,293,11,0
201,293,293,12,0
201,293,293,13,0
201,293,293,14,0
201,293,293,15,1
201,293,293,16,0
201,293,293,17,0
201,293,293,18,0
201,293,293,19,0
201,293,293,20,443
201,293,293,21,0
201,293,293,22,3
201,293,293,23,446
201,293,293,24,0
201,293,293,0,0
201,294,294,1,14
201,294,294,2,195
201,294,294,3,104
201,294,294,4,1
201,294,294,5,0
201,294,294,6,251
201,294,294,7,0
201,294,294,8,0
201,294,294,9,1
201,294,294,10,0
201,294,294,11,0
201,294,294,12,0
201,294,294,13,0
201,294,294,14,1
201,294,294,15,0
201,294,294,16,1
201,294,294,17,0
201,294,294,18,4
201,294,294,19,1
201,294,294,20,573
201,294,294,21,0
201,294,294,22,3
201,294,294,23,576
201,294,294,24,0
201,294,294,0,0
201,295,295,1,43
201,295,295,2,194
201,295,295,3,70
201,295,295,4,0
201,295,295,5,3
201,295,295,6,402
201,295,295,7,0
201,295,295,8,0
201,295,295,9,0
201,295,295,10,0
201,295,295,11,1
201,295,295,12,0
201,295,295,13,1
201,295,295,14,0
201,295,295,15,0
201,295,295,16,1
201,295,295,17,0
201,295,295,18,0
201,295,295,19,0
201,295,295,20,715
201,295,295,21,0
201,295,295,22,1
201,295,295,23,716
201,295,295,24,0
201,295,295,0,0
201,295,295,1,0
201,295,295,2,0
201,295,295,3,0
201,295,295,4,0
201,295,295,5,0
201,295,295,6,0
201,295,295,7,0
201,295,295,8,0
201,295,295,9,0
201,295,295,10,0
201,295,295,11,0
201,295,295,12,0
201,295,295,13,0
201,295,295,14,0
201,295,295,15,0
201,295,295,16,0
201,295,295,17,0
201,295,295,18,0
201,295,295,19,0
201,295,295,20,0
201,295,295,21,0
201,295,295,22,0
201,295,295,23,0
201,295,295,24,0
201,295,295,0,0
201,296,296,1,20
201,296,296,2,190
201,296,296,3,70
201,296,296,4,1
201,296,296,5,2
201,296,296,6,391
201,296,296,7,0
201,296,296,8,1
201,296,296,9,0
201,296,296,10,0
201,296,296,11,0
201,296,296,12,0
201,296,296,13,0
201,296,296,14,2
201,296,296,15,1
201,296,296,16,1
201,296,296,17,0
201,296,296,18,1
201,296,296,19,2
201,296,296,20,682
201,296,296,21,0
201,296,296,22,2
201,296,296,23,684
201,296,296,24,0
201,296,296,0,0
201,296,296,1,0
201,296,296,2,0
201,296,296,3,0
201,296,296,4,0
201,296,296,5,0
201,296,296,6,0
201,296,296,7,0
201,296,296,8,0
201,296,296,9,0
201,296,296,10,0
201,296,296,11,0
201,296,296,12,0
201,296,296,13,0
201,296,296,14,0
201,296,296,15,0
201,296,296,16,0
201,296,296,17,0
201,296,296,18,0
201,296,296,19,0
201,296,296,20,0
201,296,296,21,0
201,296,296,22,0
201,296,296,23,0
201,296,296,24,0
201,296,296,0,0
201,297,297,1,26
201,297,297,2,237
201,297,297,3,51
201,297,297,4,1
201,297,297,5,2
201,297,297,6,327
201,297,297,7,1
201,297,297,8,0
201,297,297,9,0
201,297,297,10,0
201,297,297,11,0
201,297,297,12,0
201,297,297,13,0
201,297,297,14,0
201,297,297,15,1
201,297,297,16,1
201,297,297,17,0
201,297,297,18,1
201,297,297,19,0
201,297,297,20,648
201,297,297,21,0
201,297,297,22,1
201,297,297,23,649
201,297,297,24,0
201,297,297,0,0
201,298,298,1,13
201,298,298,2,509
201,298,298,3,31
201,298,298,4,0
201,298,298,5,1
201,298,298,6,302
201,298,298,7,2
201,298,298,8,0
201,298,298,9,1
201,298,298,10,0
201,298,298,11,0
201,298,298,12,0
201,298,298,13,0
201,298,298,14,0
201,298,298,15,0
201,298,298,16,0
201,298,298,17,0
201,298,298,18,1
201,298,298,19,0
201,298,298,20,860
201,298,298,21,0
201,298,298,22,2
201,298,298,23,862
201,298,298,24,0
201,298,298,0,0
201,299,299,1,18
201,299,299,2,351
201,299,299,3,34
201,299,299,4,0
201,299,299,5,0
201,299,299,6,236
201,299,299,7,1
201,299,299,8,1
201,299,299,9,0
201,299,299,10,0
201,299,299,11,0
201,299,299,12,0
201,299,299,13,0
201,299,299,14,0
201,299,299,15,1
201,299,299,16,1
201,299,299,17,0
201,299,299,18,0
201,299,299,19,0
201,299,299,20,643
201,299,299,21,0
201,299,299,22,4
201,299,299,23,647
201,299,299,24,0
201,299,299,0,0
201,300,300,1,4
201,300,300,2,323
201,300,300,3,21
201,300,300,4,0
201,300,300,5,2
201,300,300,6,261
201,300,300,7,0
201,300,300,8,0
201,300,300,9,0
201,300,300,10,0
201,300,300,11,0
201,300,300,12,0
201,300,300,13,0
201,300,300,14,0
201,300,300,15,1
201,300,300,16,0
201,300,300,17,1
201,300,300,18,0
201,300,300,19,0
201,300,300,20,613
201,300,300,21,0
201,300,300,22,0
201,300,300,23,613
201,300,300,24,0
201,300,300,0,0
201,301,301,1,36
201,301,301,2,178
201,301,301,3,92
201,301,301,4,1
201,301,301,5,2
201,301,301,6,439
201,301,301,7,0
201,301,301,8,1
201,301,301,9,1
201,301,301,10,0
201,301,301,11,0
201,301,301,12,0
201,301,301,13,1
201,301,301,14,2
201,301,301,15,0
201,301,301,16,0
201,301,301,17,1
201,301,301,18,0
201,301,301,19,0
201,301,301,20,754
201,301,301,21,0
201,301,301,22,2
201,301,301,23,756
201,301,301,24,0
201,301,301,0,0
201,302,302,1,14
201,302,302,2,124
201,302,302,3,71
201,302,302,4,0
201,302,302,5,0
201,302,302,6,224
201,302,302,7,0
201,302,302,8,0
201,302,302,9,0
201,302,302,10,0
201,302,302,11,0
201,302,302,12,0
201,302,302,13,0
201,302,302,14,0
201,302,302,15,0
201,302,302,16,0
201,302,302,17,0
201,302,302,18,1
201,302,302,19,1
201,302,302,20,435
201,302,302,21,0
201,302,302,22,1
201,302,302,23,436
201,302,302,24,0
201,302,302,0,0
201,303,303,1,14
201,303,303,2,140
201,303,303,3,68
201,303,303,4,0
201,303,303,5,0
201,303,303,6,345
201,303,303,7,2
201,303,303,8,1
201,303,303,9,1
201,303,303,10,0
201,303,303,11,0
201,303,303,12,0
201,303,303,13,2
201,303,303,14,0
201,303,303,15,0
201,303,303,16,0
201,303,303,17,0
201,303,303,18,0
201,303,303,19,1
201,303,303,20,574
201,303,303,21,0
201,303,303,22,0
201,303,303,23,574
201,303,303,24,0
201,303,303,0,0
201,304,304,1,12
201,304,304,2,76
201,304,304,3,42
201,304,304,4,1
201,304,304,5,0
201,304,304,6,233
201,304,304,7,0
201,304,304,8,0
201,304,304,9,0
201,304,304,10,0
201,304,304,11,0
201,304,304,12,0
201,304,304,13,0
201,304,304,14,0
201,304,304,15,1
201,304,304,16,1
201,304,304,17,0
201,304,304,18,1
201,304,304,19,0
201,304,304,20,367
201,304,304,21,0
201,304,304,22,0
201,304,304,23,367
201,304,304,24,0
201,304,304,0,0
201,305,305,1,19
201,305,305,2,139
201,305,305,3,55
201,305,305,4,0
201,305,305,5,1
201,305,305,6,313
201,305,305,7,2
201,305,305,8,2
201,305,305,9,0
201,305,305,10,0
201,305,305,11,0
201,305,305,12,0
201,305,305,13,0
201,305,305,14,0
201,305,305,15,2
201,305,305,16,0
201,305,305,17,0
201,305,305,18,0
201,305,305,19,0
201,305,305,20,533
201,305,305,21,0
201,305,305,22,3
201,305,305,23,536
201,305,305,24,0
201,305,305,0,0
201,306,306,1,9
201,306,306,2,123
201,306,306,3,62
201,306,306,4,0
201,306,306,5,1
201,306,306,6,262
201,306,306,7,0
201,306,306,8,1
201,306,306,9,0
201,306,306,10,0
201,306,306,11,0
201,306,306,12,0
201,306,306,13,0
201,306,306,14,0
201,306,306,15,0
201,306,306,16,1
201,306,306,17,1
201,306,306,18,4
201,306,306,19,1
201,306,306,20,465
201,306,306,21,0
201,306,306,22,4
201,306,306,23,469
201,306,306,24,0
201,306,306,0,0
201,307,307,1,12
201,307,307,2,186
201,307,307,3,66
201,307,307,4,0
201,307,307,5,1
201,307,307,6,341
201,307,307,7,1
201,307,307,8,2
201,307,307,9,1
201,307,307,10,1
201,307,307,11,0
201,307,307,12,0
201,307,307,13,0
201,307,307,14,0
201,307,307,15,0
201,307,307,16,1
201,307,307,17,0
201,307,307,18,0
201,307,307,19,0
201,307,307,20,612
201,307,307,21,0
201,307,307,22,1
201,307,307,23,613
201,307,307,24,0
201,307,307,0,0
201,308,308,1,12
201,308,308,2,93
201,308,308,3,38
201,308,308,4,1
201,308,308,5,1
201,308,308,6,182
201,308,308,7,0
201,308,308,8,0
201,308,308,9,0
201,308,308,10,0
201,308,308,11,1
201,308,308,12,0
201,308,308,13,2
201,308,308,14,1
201,308,308,15,0
201,308,308,16,0
201,308,308,17,0
201,308,308,18,0
201,308,308,19,0
201,308,308,20,331
201,308,308,21,0
201,308,308,22,1
201,308,308,23,332
201,308,308,24,0
201,308,308,0,0
201,309,309,1,27
201,309,309,2,153
201,309,309,3,77
201,309,309,4,0
201,309,309,5,5
201,309,309,6,331
201,309,309,7,1
201,309,309,8,0
201,309,309,9,1
201,309,309,10,1
201,309,309,11,0
201,309,309,12,0
201,309,309,13,0
201,309,309,14,1
201,309,309,15,0
201,309,309,16,2
201,309,309,17,0
201,309,309,18,1
201,309,309,19,0
201,309,309,20,600
201,309,309,21,0
201,309,309,22,1
201,309,309,23,601
201,309,309,24,0
201,309,309,0,0
201,310,310,1,35
201,310,310,2,187
201,310,310,3,79
201,310,310,4,0
201,310,310,5,0
201,310,310,6,293
201,310,310,7,1
201,310,310,8,2
201,310,310,9,0
201,310,310,10,0
201,310,310,11,0
201,310,310,12,0
201,310,310,13,0
201,310,310,14,0
201,310,310,15,0
201,310,310,16,1
201,310,310,17,0
201,310,310,18,1
201,310,310,19,0
201,310,310,20,599
201,310,310,21,0
201,310,310,22,4
201,310,310,23,603
201,310,310,24,0
201,310,310,0,0
201,311,311,1,21
201,311,311,2,222
201,311,311,3,107
201,311,311,4,1
201,311,311,5,0
201,311,311,6,450
201,311,311,7,1
201,311,311,8,0
201,311,311,9,0
201,311,311,10,0
201,311,311,11,0
201,311,311,12,0
201,311,311,13,0
201,311,311,14,0
201,311,311,15,6
201,311,311,16,1
201,311,311,17,0
201,311,311,18,0
201,311,311,19,0
201,311,311,20,809
201,311,311,21,0
201,311,311,22,2
201,311,311,23,811
201,311,311,24,0
201,311,311,0,0
201,312,312,1,14
201,312,312,2,132
201,312,312,3,39
201,312,312,4,0
201,312,312,5,0
201,312,312,6,282
201,312,312,7,0
201,312,312,8,0
201,312,312,9,1
201,312,312,10,0
201,312,312,11,2
201,312,312,12,0
201,312,312,13,0
201,312,312,14,0
201,312,312,15,0
201,312,312,16,0
201,312,312,17,0
201,312,312,18,1
201,312,312,19,0
201,312,312,20,471
201,312,312,21,0
201,312,312,22,4
201,312,312,23,475
201,312,312,24,0
201,312,312,0,0
201,313,313,1,27
201,313,313,2,114
201,313,313,3,49
201,313,313,4,2
201,313,313,5,1
201,313,313,6,225
201,313,313,7,0
201,313,313,8,2
201,313,313,9,2
201,313,313,10,0
201,313,313,11,0
201,313,313,12,0
201,313,313,13,1
201,313,313,14,2
201,313,313,15,1
201,313,313,16,1
201,313,313,17,0
201,313,313,18,1
201,313,313,19,0
201,313,313,20,428
201,313,313,21,0
201,313,313,22,4
201,313,313,23,432
201,313,313,24,0
201,313,313,0,0
201,314,314,1,34
201,314,314,2,207
201,314,314,3,93
201,314,314,4,1
201,314,314,5,1
201,314,314,6,435
201,314,314,7,1
201,314,314,8,2
201,314,314,9,1
201,314,314,10,0
201,314,314,11,1
201,314,314,12,0
201,314,314,13,1
201,314,314,14,1
201,314,314,15,2
201,314,314,16,0
201,314,314,17,0
201,314,314,18,0
201,314,314,19,2
201,314,314,20,782
201,314,314,21,0
201,314,314,22,4
201,314,314,23,786
201,314,314,24,0
201,314,314,0,0
201,315,315,1,22
201,315,315,2,247
201,315,315,3,120
201,315,315,4,0
201,315,315,5,0
201,315,315,6,296
201,315,315,7,0
201,315,315,8,0
201,315,315,9,0
201,315,315,10,0
201,315,315,11,0
201,315,315,12,0
201,315,315,13,0
201,315,315,14,0
201,315,315,15,0
201,315,315,16,1
201,315,315,17,0
201,315,315,18,0
201,315,315,19,0
201,315,315,20,686
201,315,315,21,0
201,315,315,22,2
201,315,315,23,688
201,315,315,24,0
201,315,315,0,0
201,316,316,1,13
201,316,316,2,151
201,316,316,3,31
201,316,316,4,1
201,316,316,5,3
201,316,316,6,279
201,316,316,7,0
201,316,316,8,1
201,316,316,9,1
201,316,316,10,0
201,316,316,11,1
201,316,316,12,0
201,316,316,13,0
201,316,316,14,0
201,316,316,15,1
201,316,316,16,0
201,316,316,17,0
201,316,316,18,0
201,316,316,19,0
201,316,316,20,482
201,316,316,21,0
201,316,316,22,4
201,316,316,23,486
201,316,316,24,0
201,316,316,0,0
201,317,317,1,8
201,317,317,2,172
201,317,317,3,36
201,317,317,4,0
201,317,317,5,1
201,317,317,6,251
201,317,317,7,2
201,317,317,8,1
201,317,317,9,1
201,317,317,10,0
201,317,317,11,0
201,317,317,12,0
201,317,317,13,0
201,317,317,14,0
201,317,317,15,0
201,317,317,16,0
201,317,317,17,1
201,317,317,18,3
201,317,317,19,2
201,317,317,20,478
201,317,317,21,0
201,317,317,22,1
201,317,317,23,479
201,317,317,24,0
201,317,317,0,0
201,318,318,1,47
201,318,318,2,252
201,318,318,3,122
201,318,318,4,3
201,318,318,5,2
201,318,318,6,267
201,318,318,7,0
201,318,318,8,0
201,318,318,9,1
201,318,318,10,0
201,318,318,11,1
201,318,318,12,2
201,318,318,13,0
201,318,318,14,1
201,318,318,15,1
201,318,318,16,1
201,318,318,17,0
201,318,318,18,1
201,318,318,19,0
201,318,318,20,701
201,318,318,21,0
201,318,318,22,3
201,318,318,23,704
201,318,318,24,0
201,318,318,0,0
201,319,319,1,29
201,319,319,2,227
201,319,319,3,48
201,319,319,4,1
201,319,319,5,2
201,319,319,6,426
201,319,319,7,3
201,319,319,8,3
201,319,319,9,0
201,319,319,10,0
201,319,319,11,0
201,319,319,12,0
201,319,319,13,0
201,319,319,14,1
201,319,319,15,0
201,319,319,16,1
201,319,319,17,0
201,319,319,18,1
201,319,319,19,0
201,319,319,20,742
201,319,319,21,0
201,319,319,22,3
201,319,319,23,745
201,319,319,24,0
201,319,319,0,0
201,320,320,1,0
201,320,320,2,0
201,320,320,3,0
201,320,320,4,0
201,320,320,5,0
201,320,320,6,0
201,320,320,7,0
201,320,320,8,0
201,320,320,9,0
201,320,320,10,0
201,320,320,11,0
201,320,320,12,0
201,320,320,13,0
201,320,320,14,0
201,320,320,15,0
201,320,320,16,0
201,320,320,17,0
201,320,320,18,0
201,320,320,19,0
201,320,320,20,0
201,320,320,21,0
201,320,320,22,0
201,320,320,23,0
201,320,320,24,0
201,320,320,0,0
201,320,320,1,33
201,320,320,2,204
201,320,320,3,58
201,320,320,4,0
201,320,320,5,4
201,320,320,6,491
201,320,320,7,2
201,320,320,8,3
201,320,320,9,0
201,320,320,10,0
201,320,320,11,0
201,320,320,12,0
201,320,320,13,3
201,320,320,14,1
201,320,320,15,2
201,320,320,16,0
201,320,320,17,0
201,320,320,18,0
201,320,320,19,0
201,320,320,20,801
201,320,320,21,0
201,320,320,22,1
201,320,320,23,802
201,320,320,24,0
201,320,320,0,0
201,321,321,1,0
201,321,321,2,0
201,321,321,3,0
201,321,321,4,0
201,321,321,5,0
201,321,321,6,0
201,321,321,7,0
201,321,321,8,0
201,321,321,9,0
201,321,321,10,0
201,321,321,11,0
201,321,321,12,0
201,321,321,13,0
201,321,321,14,0
201,321,321,15,0
201,321,321,16,0
201,321,321,17,0
201,321,321,18,0
201,321,321,19,0
201,321,321,20,0
201,321,321,21,0
201,321,321,22,0
201,321,321,23,0
201,321,321,24,0
201,321,321,0,0
201,321,321,1,21
201,321,321,2,127
201,321,321,3,86
201,321,321,4,1
201,321,321,5,1
201,321,321,6,232
201,321,321,7,1
201,321,321,8,2
201,321,321,9,0
201,321,321,10,0
201,321,321,11,0
201,321,321,12,0
201,321,321,13,2
201,321,321,14,0
201,321,321,15,1
201,321,321,16,1
201,321,321,17,0
201,321,321,18,1
201,321,321,19,0
201,321,321,20,476
201,321,321,21,0
201,321,321,22,4
201,321,321,23,480
201,321,321,24,0
201,321,321,0,0
201,322,322,1,13
201,322,322,2,116
201,322,322,3,64
201,322,322,4,18
201,322,322,5,0
201,322,322,6,222
201,322,322,7,0
201,322,322,8,0
201,322,322,9,1
201,322,322,10,0
201,322,322,11,0
201,322,322,12,0
201,322,322,13,0
201,322,322,14,0
201,322,322,15,2
201,322,322,16,0
201,322,322,17,0
201,322,322,18,0
201,322,322,19,1
201,322,322,20,437
201,322,322,21,0
201,322,322,22,4
201,322,322,23,441
201,322,322,24,0
201,322,322,0,0
201,323,323,1,35
201,323,323,2,169
201,323,323,3,82
201,323,323,4,4
201,323,323,5,1
201,323,323,6,334
201,323,323,7,0
201,323,323,8,2
201,323,323,9,0
201,323,323,10,0
201,323,323,11,1
201,323,323,12,0
201,323,323,13,1
201,323,323,14,2
201,323,323,15,2
201,323,323,16,1
201,323,323,17,0
201,323,323,18,0
201,323,323,19,0
201,323,323,20,634
201,323,323,21,0
201,323,323,22,4
201,323,323,23,638
201,323,323,24,0
201,323,323,0,0
201,324,324,1,25
201,324,324,2,219
201,324,324,3,95
201,324,324,4,2
201,324,324,5,1
201,324,324,6,445
201,324,324,7,0
201,324,324,8,0
201,324,324,9,0
201,324,324,10,0
201,324,324,11,0
201,324,324,12,0
201,324,324,13,1
201,324,324,14,1
201,324,324,15,2
201,324,324,16,1
201,324,324,17,0
201,324,324,18,2
201,324,324,19,1
201,324,324,20,795
201,324,324,21,0
201,324,324,22,1
201,324,324,23,796
201,324,324,24,0
201,324,324,0,0
201,325,325,1,27
201,325,325,2,287
201,325,325,3,67
201,325,325,4,0
201,325,325,5,1
201,325,325,6,373
201,325,325,7,1
201,325,325,8,0
201,325,325,9,1
201,325,325,10,0
201,325,325,11,1
201,325,325,12,1
201,325,325,13,0
201,325,325,14,0
201,325,325,15,2
201,325,325,16,0
201,325,325,17,0
201,325,325,18,2
201,325,325,19,1
201,325,325,20,764
201,325,325,21,0
201,325,325,22,4
201,325,325,23,768
201,325,325,24,0
201,325,325,0,0
201,326,326,1,20
201,326,326,2,161
201,326,326,3,66
201,326,326,4,1
201,326,326,5,2
201,326,326,6,279
201,326,326,7,1
201,326,326,8,1
201,326,326,9,0
201,326,326,10,0
201,326,326,11,0
201,326,326,12,1
201,326,326,13,1
201,326,326,14,1
201,326,326,15,1
201,326,326,16,0
201,326,326,17,1
201,326,326,18,2
201,326,326,19,0
201,326,326,20,538
201,326,326,21,0
201,326,326,22,7
201,326,326,23,545
201,326,326,24,0
201,326,326,0,0
201,327,327,1,26
201,327,327,2,162
201,327,327,3,75
201,327,327,4,1
201,327,327,5,0
201,327,327,6,271
201,327,327,7,1
201,327,327,8,1
201,327,327,9,1
201,327,327,10,0
201,327,327,11,3
201,327,327,12,0
201,327,327,13,0
201,327,327,14,1
201,327,327,15,1
201,327,327,16,0
201,327,327,17,0
201,327,327,18,1
201,327,327,19,1
201,327,327,20,545
201,327,327,21,0
201,327,327,22,2
201,327,327,23,547
201,327,327,24,0
201,327,327,0,0
201,328,328,1,18
201,328,328,2,212
201,328,328,3,82
201,328,328,4,1
201,328,328,5,1
201,328,328,6,393
201,328,328,7,0
201,328,328,8,0
201,328,328,9,0
201,328,328,10,0
201,328,328,11,0
201,328,328,12,0
201,328,328,13,0
201,328,328,14,0
201,328,328,15,2
201,328,328,16,1
201,328,328,17,0
201,328,328,18,0
201,328,328,19,0
201,328,328,20,710
201,328,328,21,0
201,328,328,22,1
201,328,328,23,711
201,328,328,24,0
201,328,328,0,0
201,329,329,1,18
201,329,329,2,153
201,329,329,3,115
201,329,329,4,0
201,329,329,5,1
201,329,329,6,237
201,329,329,7,0
201,329,329,8,0
201,329,329,9,0
201,329,329,10,0
201,329,329,11,0
201,329,329,12,0
201,329,329,13,0
201,329,329,14,1
201,329,329,15,0
201,329,329,16,1
201,329,329,17,0
201,329,329,18,0
201,329,329,19,0
201,329,329,20,526
201,329,329,21,0
201,329,329,22,6
201,329,329,23,532
201,329,329,24,0
201,329,329,0,0
201,330,330,1,14
201,330,330,2,212
201,330,330,3,104
201,330,330,4,3
201,330,330,5,0
201,330,330,6,161
201,330,330,7,0
201,330,330,8,1
201,330,330,9,1
201,330,330,10,0
201,330,330,11,1
201,330,330,12,0
201,330,330,13,0
201,330,330,14,0
201,330,330,15,2
201,330,330,16,2
201,330,330,17,0
201,330,330,18,0
201,330,330,19,0
201,330,330,20,501
201,330,330,21,0
201,330,330,22,6
201,330,330,23,507
201,330,330,24,0
201,330,330,0,0
201,331,331,1,11
201,331,331,2,170
201,331,331,3,136
201,331,331,4,0
201,331,331,5,0
201,331,331,6,291
201,331,331,7,1
201,331,331,8,0
201,331,331,9,0
201,331,331,10,0
201,331,331,11,0
201,331,331,12,0
201,331,331,13,0
201,331,331,14,0
201,331,331,15,0
201,331,331,16,1
201,331,331,17,0
201,331,331,18,1
201,331,331,19,0
201,331,331,20,611
201,331,331,21,0
201,331,331,22,1
201,331,331,23,612
201,331,331,24,0
201,331,331,0,0
201,332,332,1,24
201,332,332,2,238
201,332,332,3,49
201,332,332,4,1
201,332,332,5,0
201,332,332,6,202
201,332,332,7,1
201,332,332,8,0
201,332,332,9,0
201,332,332,10,0
201,332,332,11,1
201,332,332,12,0
201,332,332,13,0
201,332,332,14,1
201,332,332,15,0
201,332,332,16,0
201,332,332,17,0
201,332,332,18,0
201,332,332,19,0
201,332,332,20,517
201,332,332,21,0
201,332,332,22,0
201,332,332,23,517
201,332,332,24,0
201,332,332,0,0
201,333,333,1,25
201,333,333,2,192
201,333,333,3,148
201,333,333,4,3
201,333,333,5,4
201,333,333,6,293
201,333,333,7,1
201,333,333,8,0
201,333,333,9,0
201,333,333,10,0
201,333,333,11,1
201,333,333,12,0
201,333,333,13,0
201,333,333,14,0
201,333,333,15,0
201,333,333,16,2
201,333,333,17,0
201,333,333,18,1
201,333,333,19,0
201,333,333,20,670
201,333,333,21,0
201,333,333,22,3
201,333,333,23,673
201,333,333,24,0
201,333,333,0,0
201,334,334,1,9
201,334,334,2,217
201,334,334,3,77
201,334,334,4,1
201,334,334,5,2
201,334,334,6,200
201,334,334,7,0
201,334,334,8,1
201,334,334,9,0
201,334,334,10,0
201,334,334,11,0
201,334,334,12,0
201,334,334,13,0
201,334,334,14,0
201,334,334,15,1
201,334,334,16,0
201,334,334,17,0
201,334,334,18,1
201,334,334,19,0
201,334,334,20,509
201,334,334,21,0
201,334,334,22,1
201,334,334,23,510
201,334,334,24,0
201,334,334,0,0
201,335,335,1,12
201,335,335,2,203
201,335,335,3,93
201,335,335,4,0
201,335,335,5,1
201,335,335,6,237
201,335,335,7,0
201,335,335,8,0
201,335,335,9,0
201,335,335,10,0
201,335,335,11,0
201,335,335,12,0
201,335,335,13,0
201,335,335,14,0
201,335,335,15,0
201,335,335,16,3
201,335,335,17,0
201,335,335,18,3
201,335,335,19,0
201,335,335,20,552
201,335,335,21,0
201,335,335,22,1
201,335,335,23,553
201,335,335,24,0
201,335,335,0,0
201,336,336,1,15
201,336,336,2,133
201,336,336,3,107
201,336,336,4,0
201,336,336,5,0
201,336,336,6,304
201,336,336,7,1
201,336,336,8,0
201,336,336,9,1
201,336,336,10,0
201,336,336,11,0
201,336,336,12,0
201,336,336,13,0
201,336,336,14,1
201,336,336,15,0
201,336,336,16,0
201,336,336,17,1
201,336,336,18,1
201,336,336,19,0
201,336,336,20,564
201,336,336,21,0
201,336,336,22,2
201,336,336,23,566
201,336,336,24,0
201,336,336,0,0
201,337,337,1,4
201,337,337,2,247
201,337,337,3,2
201,337,337,4,0
201,337,337,5,0
201,337,337,6,39
201,337,337,7,0
201,337,337,8,0
201,337,337,9,0
201,337,337,10,0
201,337,337,11,0
201,337,337,12,0
201,337,337,13,0
201,337,337,14,0
201,337,337,15,0
201,337,337,16,0
201,337,337,17,0
201,337,337,18,0
201,337,337,19,0
201,337,337,20,292
201,337,337,21,0
201,337,337,22,1
201,337,337,23,293
201,337,337,24,1
201,337,337,0,0
201,338,338,1,3
201,338,338,2,501
201,338,338,3,5
201,338,338,4,0
201,338,338,5,0
201,338,338,6,83
201,338,338,7,0
201,338,338,8,0
201,338,338,9,0
201,338,338,10,0
201,338,338,11,0
201,338,338,12,0
201,338,338,13,0
201,338,338,14,0
201,338,338,15,0
201,338,338,16,0
201,338,338,17,0
201,338,338,18,1
201,338,338,19,0
201,338,338,20,593
201,338,338,21,0
201,338,338,22,4
201,338,338,23,597
201,338,338,24,0
201,338,338,0,0
201,339,339,1,16
201,339,339,2,580
201,339,339,3,29
201,339,339,4,0
201,339,339,5,0
201,339,339,6,174
201,339,339,7,0
201,339,339,8,0
201,339,339,9,0
201,339,339,10,0
201,339,339,11,0
201,339,339,12,0
201,339,339,13,0
201,339,339,14,1
201,339,339,15,0
201,339,339,16,0
201,339,339,17,0
201,339,339,18,2
201,339,339,19,2
201,339,339,20,804
201,339,339,21,0
201,339,339,22,3
201,339,339,23,807
201,339,339,24,0
201,339,339,0,0
201,340,340,1,7
201,340,340,2,444
201,340,340,3,33
201,340,340,4,0
201,340,340,5,1
201,340,340,6,134
201,340,340,7,0
201,340,340,8,1
201,340,340,9,0
201,340,340,10,0
201,340,340,11,0
201,340,340,12,0
201,340,340,13,0
201,340,340,14,0
201,340,340,15,0
201,340,340,16,1
201,340,340,17,0
201,340,340,18,1
201,340,340,19,0
201,340,340,20,622
201,340,340,21,0
201,340,340,22,2
201,340,340,23,624
201,340,340,24,0
201,340,340,0,0
201,341,341,1,7
201,341,341,2,451
201,341,341,3,38
201,341,341,4,0
201,341,341,5,1
201,341,341,6,247
201,341,341,7,1
201,341,341,8,0
201,341,341,9,0
201,341,341,10,0
201,341,341,11,0
201,341,341,12,0
201,341,341,13,0
201,341,341,14,0
201,341,341,15,1
201,341,341,16,0
201,341,341,17,0
201,341,341,18,0
201,341,341,19,1
201,341,341,20,747
201,341,341,21,0
201,341,341,22,3
201,341,341,23,750
201,341,341,24,0
201,341,341,0,0
201,342,342,1,22
201,342,342,2,266
201,342,342,3,114
201,342,342,4,0
201,342,342,5,1
201,342,342,6,302
201,342,342,7,0
201,342,342,8,2
201,342,342,9,0
201,342,342,10,0
201,342,342,11,0
201,342,342,12,0
201,342,342,13,0
201,342,342,14,0
201,342,342,15,0
201,342,342,16,0
201,342,342,17,0
201,342,342,18,0
201,342,342,19,0
201,342,342,20,707
201,342,342,21,0
201,342,342,22,6
201,342,342,23,713
201,342,342,24,0
201,342,342,0,0
201,343,343,1,17
201,343,343,2,163
201,343,343,3,125
201,343,343,4,1
201,343,343,5,1
201,343,343,6,192
201,343,343,7,0
201,343,343,8,0
201,343,343,9,1
201,343,343,10,0
201,343,343,11,0
201,343,343,12,0
201,343,343,13,1
201,343,343,14,0
201,343,343,15,0
201,343,343,16,0
201,343,343,17,1
201,343,343,18,0
201,343,343,19,0
201,343,343,20,502
201,343,343,21,0
201,343,343,22,3
201,343,343,23,505
201,343,343,24,0
201,343,343,0,0
201,344,344,1,12
201,344,344,2,192
201,344,344,3,72
201,344,344,4,0
201,344,344,5,0
201,344,344,6,179
201,344,344,7,0
201,344,344,8,0
201,344,344,9,0
201,344,344,10,1
201,344,344,11,0
201,344,344,12,0
201,344,344,13,0
201,344,344,14,0
201,344,344,15,0
201,344,344,16,0
201,344,344,17,0
201,344,344,18,0
201,344,344,19,0
201,344,344,20,456
201,344,344,21,0
201,344,344,22,3
201,344,344,23,459
201,344,344,24,0
201,344,344,0,0
201,345,345,1,13
201,345,345,2,557
201,345,345,3,5
201,345,345,4,0
201,345,345,5,2
201,345,345,6,84
201,345,345,7,0
201,345,345,8,0
201,345,345,9,0
201,345,345,10,0
201,345,345,11,0
201,345,345,12,0
201,345,345,13,1
201,345,345,14,0
201,345,345,15,0
201,345,345,16,0
201,345,345,17,0
201,345,345,18,0
201,345,345,19,0
201,345,345,20,662
201,345,345,21,0
201,345,345,22,7
201,345,345,23,669
201,345,345,24,0
201,345,345,0,0
201,345,345,1,0
201,345,345,2,0
201,345,345,3,0
201,345,345,4,0
201,345,345,5,0
201,345,345,6,0
201,345,345,7,0
201,345,345,8,0
201,345,345,9,0
201,345,345,10,0
201,345,345,11,0
201,345,345,12,0
201,345,345,13,0
201,345,345,14,0
201,345,345,15,0
201,345,345,16,0
201,345,345,17,0
201,345,345,18,0
201,345,345,19,0
201,345,345,20,0
201,345,345,21,0
201,345,345,22,0
201,345,345,23,0
201,345,345,24,0
201,345,345,0,0
201,346,346,1,9367
201,346,346,2,83594
201,346,346,3,26853
201,346,346,4,317
201,346,346,5,427
201,346,346,6,84340
201,346,346,7,181
201,346,346,8,161
201,346,346,9,110
201,346,346,10,61
201,346,346,11,190
201,346,346,12,69
201,346,346,13,103
201,346,346,14,253
201,346,346,15,177
201,346,346,16,213
201,346,346,17,96
201,346,346,18,421
201,346,346,19,154
201,346,346,20,207087
201,346,346,21,0
201,346,346,22,644
201,346,346,23,207731
201,346,346,24,3
201,346,346,0,0
201,346,346,1,0
201,346,346,2,0
201,346,346,3,0
201,346,346,4,0
201,346,346,5,0
201,346,346,6,0
201,346,346,7,0
201,346,346,8,0
201,346,346,9,0
201,346,346,10,0
201,346,346,11,0
201,346,346,12,0
201,346,346,13,0
201,346,346,14,0
201,346,346,15,0
201,346,346,16,0
201,346,346,17,0
201,346,346,18,0
201,346,346,19,0
201,346,346,20,0
201,346,346,21,0
201,346,346,22,0
201,346,346,23,0
201,346,346,24,0
201,346,346,0,0
201,347,347,1,9599
201,347,347,2,84643
201,347,347,3,27307
201,347,347,4,319
201,347,347,5,431
201,347,347,6,85394
201,347,347,7,184
201,347,347,8,161
201,347,347,9,111
201,347,347,10,62
201,347,347,11,196
201,347,347,12,71
201,347,347,13,106
201,347,347,14,254
201,347,347,15,181
201,347,347,16,214
201,347,347,17,98
201,347,347,18,422
201,347,347,19,154
201,347,347,20,209907
201,347,347,21,503
201,347,347,22,667
201,347,347,23,211077
201,347,347,24,3
201,347,347,0,0
