ac_code,ps_serial_number,ps_code,candidate_serial_number,candidate_votes
218,0,0,1,621
218,0,0,2,840
218,0,0,3,228
218,0,0,4,8
218,0,0,5,2
218,0,0,6,9
218,0,0,7,3
218,0,0,8,658
218,0,0,9,0
218,0,0,10,60
218,0,0,11,5
218,0,0,12,1
218,0,0,13,0
218,0,0,14,1
218,0,0,15,0
218,0,0,16,0
218,0,0,17,1
218,0,0,18,2
218,0,0,19,0
218,0,0,20,0
218,0,0,21,0
218,0,0,0,19
218,1,1,1,0
218,1,1,2,0
218,1,1,3,0
218,1,1,4,0
218,1,1,5,0
218,1,1,6,0
218,1,1,7,0
218,1,1,8,0
218,1,1,9,0
218,1,1,10,0
218,1,1,11,0
218,1,1,12,0
218,1,1,13,0
218,1,1,14,0
218,1,1,15,0
218,1,1,16,0
218,1,1,17,0
218,1,1,18,0
218,1,1,19,0
218,1,1,20,0
218,1,1,21,0
218,1,1,0,0
218,1,1,1,181
218,1,1,2,236
218,1,1,3,47
218,1,1,4,1
218,1,1,5,1
218,1,1,6,6
218,1,1,7,2
218,1,1,8,122
218,1,1,9,0
218,1,1,10,4
218,1,1,11,0
218,1,1,12,0
218,1,1,13,0
218,1,1,14,1
218,1,1,15,0
218,1,1,16,2
218,1,1,17,1
218,1,1,18,2
218,1,1,19,0
218,1,1,20,0
218,1,1,21,1
218,1,1,0,2
218,2,2,1,124
218,2,2,2,104
218,2,2,3,1
218,2,2,4,0
218,2,2,5,0
218,2,2,6,0
218,2,2,7,0
218,2,2,8,71
218,2,2,9,0
218,2,2,10,0
218,2,2,11,0
218,2,2,12,0
218,2,2,13,0
218,2,2,14,0
218,2,2,15,2
218,2,2,16,0
218,2,2,17,3
218,2,2,18,5
218,2,2,19,0
218,2,2,20,0
218,2,2,21,2
218,2,2,0,0
218,3,3,1,251
218,3,3,2,120
218,3,3,3,8
218,3,3,4,0
218,3,3,5,0
218,3,3,6,8
218,3,3,7,0
218,3,3,8,146
218,3,3,9,0
218,3,3,10,0
218,3,3,11,0
218,3,3,12,1
218,3,3,13,0
218,3,3,14,0
218,3,3,15,1
218,3,3,16,4
218,3,3,17,1
218,3,3,18,0
218,3,3,19,1
218,3,3,20,0
218,3,3,21,0
218,3,3,0,3
218,4,4,1,186
218,4,4,2,236
218,4,4,3,44
218,4,4,4,1
218,4,4,5,0
218,4,4,6,0
218,4,4,7,3
218,4,4,8,290
218,4,4,9,1
218,4,4,10,14
218,4,4,11,0
218,4,4,12,0
218,4,4,13,0
218,4,4,14,2
218,4,4,15,1
218,4,4,16,3
218,4,4,17,3
218,4,4,18,1
218,4,4,19,0
218,4,4,20,0
218,4,4,21,0
218,4,4,0,0
218,5,5,1,97
218,5,5,2,248
218,5,5,3,55
218,5,5,4,0
218,5,5,5,1
218,5,5,6,0
218,5,5,7,0
218,5,5,8,214
218,5,5,9,0
218,5,5,10,0
218,5,5,11,0
218,5,5,12,0
218,5,5,13,0
218,5,5,14,1
218,5,5,15,2
218,5,5,16,1
218,5,5,17,1
218,5,5,18,0
218,5,5,19,0
218,5,5,20,1
218,5,5,21,0
218,5,5,0,3
218,6,6,1,165
218,6,6,2,108
218,6,6,3,33
218,6,6,4,0
218,6,6,5,1
218,6,6,6,6
218,6,6,7,7
218,6,6,8,147
218,6,6,9,0
218,6,6,10,1
218,6,6,11,0
218,6,6,12,0
218,6,6,13,0
218,6,6,14,0
218,6,6,15,0
218,6,6,16,1
218,6,6,17,1
218,6,6,18,0
218,6,6,19,0
218,6,6,20,0
218,6,6,21,1
218,6,6,0,0
218,7,7,1,101
218,7,7,2,276
218,7,7,3,51
218,7,7,4,0
218,7,7,5,0
218,7,7,6,0
218,7,7,7,4
218,7,7,8,266
218,7,7,9,0
218,7,7,10,0
218,7,7,11,0
218,7,7,12,0
218,7,7,13,0
218,7,7,14,1
218,7,7,15,0
218,7,7,16,0
218,7,7,17,1
218,7,7,18,0
218,7,7,19,0
218,7,7,20,0
218,7,7,21,0
218,7,7,0,7
218,8,8,1,223
218,8,8,2,195
218,8,8,3,39
218,8,8,4,0
218,8,8,5,0
218,8,8,6,2
218,8,8,7,2
218,8,8,8,249
218,8,8,9,0
218,8,8,10,5
218,8,8,11,1
218,8,8,12,0
218,8,8,13,0
218,8,8,14,2
218,8,8,15,1
218,8,8,16,2
218,8,8,17,0
218,8,8,18,0
218,8,8,19,0
218,8,8,20,0
218,8,8,21,0
218,8,8,0,1
218,9,9,1,165
218,9,9,2,428
218,9,9,3,36
218,9,9,4,1
218,9,9,5,0
218,9,9,6,0
218,9,9,7,1
218,9,9,8,375
218,9,9,9,1
218,9,9,10,1
218,9,9,11,1
218,9,9,12,0
218,9,9,13,2
218,9,9,14,1
218,9,9,15,2
218,9,9,16,4
218,9,9,17,6
218,9,9,18,1
218,9,9,19,0
218,9,9,20,1
218,9,9,21,2
218,9,9,0,1
218,10,10,1,135
218,10,10,2,152
218,10,10,3,33
218,10,10,4,0
218,10,10,5,0
218,10,10,6,2
218,10,10,7,2
218,10,10,8,183
218,10,10,9,0
218,10,10,10,0
218,10,10,11,1
218,10,10,12,0
218,10,10,13,0
218,10,10,14,0
218,10,10,15,0
218,10,10,16,1
218,10,10,17,0
218,10,10,18,0
218,10,10,19,0
218,10,10,20,0
218,10,10,21,0
218,10,10,0,1
218,11,11,1,146
218,11,11,2,161
218,11,11,3,25
218,11,11,4,1
218,11,11,5,0
218,11,11,6,1
218,11,11,7,0
218,11,11,8,158
218,11,11,9,0
218,11,11,10,0
218,11,11,11,0
218,11,11,12,1
218,11,11,13,0
218,11,11,14,1
218,11,11,15,2
218,11,11,16,0
218,11,11,17,3
218,11,11,18,1
218,11,11,19,0
218,11,11,20,0
218,11,11,21,0
218,11,11,0,0
218,12,12,1,199
218,12,12,2,240
218,12,12,3,40
218,12,12,4,0
218,12,12,5,0
218,12,12,6,4
218,12,12,7,1
218,12,12,8,227
218,12,12,9,1
218,12,12,10,0
218,12,12,11,0
218,12,12,12,0
218,12,12,13,1
218,12,12,14,0
218,12,12,15,0
218,12,12,16,2
218,12,12,17,1
218,12,12,18,1
218,12,12,19,2
218,12,12,20,1
218,12,12,21,0
218,12,12,0,4
218,13,13,1,213
218,13,13,2,225
218,13,13,3,47
218,13,13,4,0
218,13,13,5,1
218,13,13,6,4
218,13,13,7,1
218,13,13,8,270
218,13,13,9,0
218,13,13,10,1
218,13,13,11,1
218,13,13,12,0
218,13,13,13,0
218,13,13,14,2
218,13,13,15,1
218,13,13,16,1
218,13,13,17,0
218,13,13,18,3
218,13,13,19,0
218,13,13,20,0
218,13,13,21,0
218,13,13,0,2
218,14,14,1,220
218,14,14,2,210
218,14,14,3,65
218,14,14,4,1
218,14,14,5,0
218,14,14,6,2
218,14,14,7,3
218,14,14,8,356
218,14,14,9,2
218,14,14,10,0
218,14,14,11,0
218,14,14,12,1
218,14,14,13,0
218,14,14,14,2
218,14,14,15,2
218,14,14,16,3
218,14,14,17,1
218,14,14,18,1
218,14,14,19,0
218,14,14,20,1
218,14,14,21,1
218,14,14,0,1
218,15,15,1,257
218,15,15,2,126
218,15,15,3,29
218,15,15,4,0
218,15,15,5,0
218,15,15,6,0
218,15,15,7,6
218,15,15,8,161
218,15,15,9,1
218,15,15,10,0
218,15,15,11,0
218,15,15,12,0
218,15,15,13,0
218,15,15,14,0
218,15,15,15,0
218,15,15,16,0
218,15,15,17,0
218,15,15,18,1
218,15,15,19,0
218,15,15,20,0
218,15,15,21,0
218,15,15,0,2
218,16,16,1,139
218,16,16,2,76
218,16,16,3,12
218,16,16,4,0
218,16,16,5,1
218,16,16,6,0
218,16,16,7,1
218,16,16,8,165
218,16,16,9,0
218,16,16,10,0
218,16,16,11,1
218,16,16,12,0
218,16,16,13,0
218,16,16,14,0
218,16,16,15,1
218,16,16,16,1
218,16,16,17,1
218,16,16,18,0
218,16,16,19,0
218,16,16,20,1
218,16,16,21,0
218,16,16,0,2
218,17,17,1,349
218,17,17,2,161
218,17,17,3,23
218,17,17,4,2
218,17,17,5,0
218,17,17,6,4
218,17,17,7,1
218,17,17,8,265
218,17,17,9,0
218,17,17,10,0
218,17,17,11,0
218,17,17,12,0
218,17,17,13,0
218,17,17,14,0
218,17,17,15,0
218,17,17,16,0
218,17,17,17,3
218,17,17,18,1
218,17,17,19,0
218,17,17,20,0
218,17,17,21,0
218,17,17,0,2
218,18,18,1,281
218,18,18,2,297
218,18,18,3,56
218,18,18,4,1
218,18,18,5,1
218,18,18,6,2
218,18,18,7,7
218,18,18,8,283
218,18,18,9,0
218,18,18,10,0
218,18,18,11,1
218,18,18,12,0
218,18,18,13,0
218,18,18,14,0
218,18,18,15,2
218,18,18,16,1
218,18,18,17,4
218,18,18,18,1
218,18,18,19,0
218,18,18,20,0
218,18,18,21,0
218,18,18,0,1
218,19,19,1,220
218,19,19,2,338
218,19,19,3,42
218,19,19,4,0
218,19,19,5,0
218,19,19,6,5
218,19,19,7,0
218,19,19,8,147
218,19,19,9,0
218,19,19,10,7
218,19,19,11,0
218,19,19,12,0
218,19,19,13,0
218,19,19,14,0
218,19,19,15,0
218,19,19,16,2
218,19,19,17,1
218,19,19,18,1
218,19,19,19,0
218,19,19,20,0
218,19,19,21,0
218,19,19,0,2
218,20,20,1,97
218,20,20,2,215
218,20,20,3,38
218,20,20,4,1
218,20,20,5,0
218,20,20,6,1
218,20,20,7,1
218,20,20,8,153
218,20,20,9,0
218,20,20,10,6
218,20,20,11,0
218,20,20,12,0
218,20,20,13,0
218,20,20,14,0
218,20,20,15,0
218,20,20,16,0
218,20,20,17,2
218,20,20,18,1
218,20,20,19,0
218,20,20,20,0
218,20,20,21,1
218,20,20,0,0
218,21,21,1,280
218,21,21,2,82
218,21,21,3,6
218,21,21,4,0
218,21,21,5,0
218,21,21,6,0
218,21,21,7,0
218,21,21,8,82
218,21,21,9,0
218,21,21,10,0
218,21,21,11,0
218,21,21,12,0
218,21,21,13,0
218,21,21,14,0
218,21,21,15,1
218,21,21,16,4
218,21,21,17,1
218,21,21,18,1
218,21,21,19,0
218,21,21,20,0
218,21,21,21,1
218,21,21,0,1
218,22,22,1,401
218,22,22,2,141
218,22,22,3,14
218,22,22,4,0
218,22,22,5,0
218,22,22,6,0
218,22,22,7,0
218,22,22,8,179
218,22,22,9,0
218,22,22,10,0
218,22,22,11,0
218,22,22,12,0
218,22,22,13,0
218,22,22,14,0
218,22,22,15,0
218,22,22,16,0
218,22,22,17,0
218,22,22,18,1
218,22,22,19,0
218,22,22,20,0
218,22,22,21,0
218,22,22,0,2
218,23,23,1,166
218,23,23,2,223
218,23,23,3,53
218,23,23,4,0
218,23,23,5,0
218,23,23,6,3
218,23,23,7,0
218,23,23,8,192
218,23,23,9,1
218,23,23,10,1
218,23,23,11,1
218,23,23,12,0
218,23,23,13,0
218,23,23,14,0
218,23,23,15,2
218,23,23,16,1
218,23,23,17,5
218,23,23,18,2
218,23,23,19,1
218,23,23,20,1
218,23,23,21,0
218,23,23,0,0
218,24,24,1,87
218,24,24,2,363
218,24,24,3,39
218,24,24,4,4
218,24,24,5,0
218,24,24,6,4
218,24,24,7,3
218,24,24,8,240
218,24,24,9,0
218,24,24,10,0
218,24,24,11,0
218,24,24,12,0
218,24,24,13,1
218,24,24,14,1
218,24,24,15,0
218,24,24,16,5
218,24,24,17,3
218,24,24,18,1
218,24,24,19,1
218,24,24,20,0
218,24,24,21,0
218,24,24,0,2
218,25,25,1,255
218,25,25,2,236
218,25,25,3,41
218,25,25,4,1
218,25,25,5,0
218,25,25,6,0
218,25,25,7,1
218,25,25,8,207
218,25,25,9,1
218,25,25,10,7
218,25,25,11,0
218,25,25,12,2
218,25,25,13,0
218,25,25,14,1
218,25,25,15,4
218,25,25,16,3
218,25,25,17,2
218,25,25,18,1
218,25,25,19,0
218,25,25,20,0
218,25,25,21,1
218,25,25,0,4
218,26,26,1,125
218,26,26,2,191
218,26,26,3,33
218,26,26,4,1
218,26,26,5,0
218,26,26,6,4
218,26,26,7,2
218,26,26,8,163
218,26,26,9,0
218,26,26,10,0
218,26,26,11,0
218,26,26,12,0
218,26,26,13,11
218,26,26,14,1
218,26,26,15,2
218,26,26,16,2
218,26,26,17,4
218,26,26,18,2
218,26,26,19,0
218,26,26,20,0
218,26,26,21,1
218,26,26,0,3
218,27,27,1,219
218,27,27,2,285
218,27,27,3,69
218,27,27,4,3
218,27,27,5,0
218,27,27,6,5
218,27,27,7,1
218,27,27,8,316
218,27,27,9,2
218,27,27,10,2
218,27,27,11,0
218,27,27,12,0
218,27,27,13,3
218,27,27,14,1
218,27,27,15,0
218,27,27,16,2
218,27,27,17,1
218,27,27,18,1
218,27,27,19,0
218,27,27,20,1
218,27,27,21,0
218,27,27,0,1
218,28,28,1,90
218,28,28,2,125
218,28,28,3,38
218,28,28,4,0
218,28,28,5,0
218,28,28,6,2
218,28,28,7,3
218,28,28,8,176
218,28,28,9,0
218,28,28,10,5
218,28,28,11,1
218,28,28,12,0
218,28,28,13,0
218,28,28,14,1
218,28,28,15,0
218,28,28,16,1
218,28,28,17,0
218,28,28,18,0
218,28,28,19,0
218,28,28,20,0
218,28,28,21,0
218,28,28,0,4
218,29,29,1,102
218,29,29,2,199
218,29,29,3,46
218,29,29,4,0
218,29,29,5,0
218,29,29,6,2
218,29,29,7,0
218,29,29,8,180
218,29,29,9,2
218,29,29,10,3
218,29,29,11,0
218,29,29,12,0
218,29,29,13,0
218,29,29,14,1
218,29,29,15,3
218,29,29,16,0
218,29,29,17,1
218,29,29,18,2
218,29,29,19,0
218,29,29,20,0
218,29,29,21,0
218,29,29,0,0
218,30,30,1,208
218,30,30,2,148
218,30,30,3,74
218,30,30,4,0
218,30,30,5,0
218,30,30,6,0
218,30,30,7,0
218,30,30,8,83
218,30,30,9,0
218,30,30,10,26
218,30,30,11,0
218,30,30,12,2
218,30,30,13,1
218,30,30,14,1
218,30,30,15,1
218,30,30,16,2
218,30,30,17,2
218,30,30,18,2
218,30,30,19,2
218,30,30,20,0
218,30,30,21,0
218,30,30,0,2
218,31,31,1,149
218,31,31,2,257
218,31,31,3,89
218,31,31,4,1
218,31,31,5,1
218,31,31,6,1
218,31,31,7,0
218,31,31,8,168
218,31,31,9,2
218,31,31,10,22
218,31,31,11,0
218,31,31,12,0
218,31,31,13,1
218,31,31,14,0
218,31,31,15,3
218,31,31,16,2
218,31,31,17,2
218,31,31,18,1
218,31,31,19,0
218,31,31,20,0
218,31,31,21,1
218,31,31,0,3
218,32,32,1,286
218,32,32,2,180
218,32,32,3,25
218,32,32,4,0
218,32,32,5,0
218,32,32,6,0
218,32,32,7,2
218,32,32,8,236
218,32,32,9,0
218,32,32,10,0
218,32,32,11,0
218,32,32,12,0
218,32,32,13,0
218,32,32,14,2
218,32,32,15,0
218,32,32,16,2
218,32,32,17,0
218,32,32,18,1
218,32,32,19,0
218,32,32,20,0
218,32,32,21,1
218,32,32,0,2
218,33,33,1,111
218,33,33,2,128
218,33,33,3,14
218,33,33,4,0
218,33,33,5,1
218,33,33,6,0
218,33,33,7,0
218,33,33,8,84
218,33,33,9,0
218,33,33,10,1
218,33,33,11,0
218,33,33,12,0
218,33,33,13,0
218,33,33,14,0
218,33,33,15,0
218,33,33,16,0
218,33,33,17,1
218,33,33,18,6
218,33,33,19,0
218,33,33,20,0
218,33,33,21,1
218,33,33,0,2
218,34,34,1,343
218,34,34,2,209
218,34,34,3,33
218,34,34,4,0
218,34,34,5,0
218,34,34,6,1
218,34,34,7,0
218,34,34,8,221
218,34,34,9,0
218,34,34,10,7
218,34,34,11,1
218,34,34,12,0
218,34,34,13,1
218,34,34,14,2
218,34,34,15,0
218,34,34,16,2
218,34,34,17,2
218,34,34,18,4
218,34,34,19,1
218,34,34,20,1
218,34,34,21,0
218,34,34,0,3
218,35,35,1,160
218,35,35,2,281
218,35,35,3,28
218,35,35,4,0
218,35,35,5,0
218,35,35,6,0
218,35,35,7,1
218,35,35,8,289
218,35,35,9,0
218,35,35,10,2
218,35,35,11,0
218,35,35,12,0
218,35,35,13,0
218,35,35,14,0
218,35,35,15,2
218,35,35,16,2
218,35,35,17,6
218,35,35,18,4
218,35,35,19,0
218,35,35,20,1
218,35,35,21,0
218,35,35,0,2
218,36,36,1,126
218,36,36,2,191
218,36,36,3,25
218,36,36,4,1
218,36,36,5,0
218,36,36,6,1
218,36,36,7,1
218,36,36,8,183
218,36,36,9,0
218,36,36,10,2
218,36,36,11,0
218,36,36,12,1
218,36,36,13,0
218,36,36,14,1
218,36,36,15,0
218,36,36,16,0
218,36,36,17,2
218,36,36,18,3
218,36,36,19,0
218,36,36,20,0
218,36,36,21,1
218,36,36,0,2
218,37,37,1,135
218,37,37,2,113
218,37,37,3,22
218,37,37,4,1
218,37,37,5,0
218,37,37,6,1
218,37,37,7,0
218,37,37,8,144
218,37,37,9,0
218,37,37,10,0
218,37,37,11,0
218,37,37,12,0
218,37,37,13,0
218,37,37,14,0
218,37,37,15,0
218,37,37,16,1
218,37,37,17,0
218,37,37,18,1
218,37,37,19,1
218,37,37,20,0
218,37,37,21,0
218,37,37,0,0
218,38,38,1,176
218,38,38,2,203
218,38,38,3,22
218,38,38,4,0
218,38,38,5,0
218,38,38,6,5
218,38,38,7,2
218,38,38,8,158
218,38,38,9,0
218,38,38,10,6
218,38,38,11,0
218,38,38,12,0
218,38,38,13,0
218,38,38,14,0
218,38,38,15,2
218,38,38,16,2
218,38,38,17,4
218,38,38,18,3
218,38,38,19,0
218,38,38,20,0
218,38,38,21,1
218,38,38,0,1
218,39,39,1,128
218,39,39,2,154
218,39,39,3,14
218,39,39,4,0
218,39,39,5,1
218,39,39,6,1
218,39,39,7,2
218,39,39,8,70
218,39,39,9,0
218,39,39,10,1
218,39,39,11,0
218,39,39,12,0
218,39,39,13,0
218,39,39,14,0
218,39,39,15,1
218,39,39,16,1
218,39,39,17,1
218,39,39,18,4
218,39,39,19,0
218,39,39,20,0
218,39,39,21,0
218,39,39,0,1
218,40,40,1,148
218,40,40,2,197
218,40,40,3,30
218,40,40,4,0
218,40,40,5,0
218,40,40,6,7
218,40,40,7,1
218,40,40,8,141
218,40,40,9,0
218,40,40,10,1
218,40,40,11,0
218,40,40,12,0
218,40,40,13,0
218,40,40,14,0
218,40,40,15,2
218,40,40,16,2
218,40,40,17,3
218,40,40,18,0
218,40,40,19,0
218,40,40,20,1
218,40,40,21,0
218,40,40,0,2
218,41,41,1,89
218,41,41,2,222
218,41,41,3,38
218,41,41,4,1
218,41,41,5,1
218,41,41,6,2
218,41,41,7,2
218,41,41,8,136
218,41,41,9,2
218,41,41,10,3
218,41,41,11,1
218,41,41,12,1
218,41,41,13,1
218,41,41,14,0
218,41,41,15,3
218,41,41,16,3
218,41,41,17,0
218,41,41,18,1
218,41,41,19,0
218,41,41,20,0
218,41,41,21,0
218,41,41,0,0
218,42,42,1,186
218,42,42,2,237
218,42,42,3,21
218,42,42,4,0
218,42,42,5,0
218,42,42,6,3
218,42,42,7,0
218,42,42,8,133
218,42,42,9,0
218,42,42,10,35
218,42,42,11,0
218,42,42,12,0
218,42,42,13,0
218,42,42,14,2
218,42,42,15,2
218,42,42,16,1
218,42,42,17,1
218,42,42,18,5
218,42,42,19,0
218,42,42,20,0
218,42,42,21,0
218,42,42,0,0
218,43,43,1,145
218,43,43,2,246
218,43,43,3,37
218,43,43,4,1
218,43,43,5,1
218,43,43,6,2
218,43,43,7,0
218,43,43,8,122
218,43,43,9,0
218,43,43,10,145
218,43,43,11,1
218,43,43,12,0
218,43,43,13,2
218,43,43,14,4
218,43,43,15,1
218,43,43,16,1
218,43,43,17,1
218,43,43,18,2
218,43,43,19,0
218,43,43,20,0
218,43,43,21,0
218,43,43,0,3
218,44,44,1,154
218,44,44,2,292
218,44,44,3,61
218,44,44,4,4
218,44,44,5,0
218,44,44,6,3
218,44,44,7,0
218,44,44,8,108
218,44,44,9,2
218,44,44,10,33
218,44,44,11,0
218,44,44,12,0
218,44,44,13,1
218,44,44,14,0
218,44,44,15,4
218,44,44,16,2
218,44,44,17,2
218,44,44,18,1
218,44,44,19,0
218,44,44,20,0
218,44,44,21,0
218,44,44,0,1
218,45,45,1,91
218,45,45,2,419
218,45,45,3,39
218,45,45,4,2
218,45,45,5,0
218,45,45,6,3
218,45,45,7,0
218,45,45,8,160
218,45,45,9,0
218,45,45,10,28
218,45,45,11,0
218,45,45,12,0
218,45,45,13,0
218,45,45,14,0
218,45,45,15,0
218,45,45,16,0
218,45,45,17,1
218,45,45,18,0
218,45,45,19,0
218,45,45,20,0
218,45,45,21,0
218,45,45,0,1
218,46,46,1,106
218,46,46,2,227
218,46,46,3,40
218,46,46,4,0
218,46,46,5,1
218,46,46,6,3
218,46,46,7,0
218,46,46,8,69
218,46,46,9,0
218,46,46,10,20
218,46,46,11,0
218,46,46,12,0
218,46,46,13,0
218,46,46,14,0
218,46,46,15,3
218,46,46,16,0
218,46,46,17,0
218,46,46,18,0
218,46,46,19,0
218,46,46,20,0
218,46,46,21,0
218,46,46,0,0
218,47,47,1,59
218,47,47,2,538
218,47,47,3,24
218,47,47,4,0
218,47,47,5,0
218,47,47,6,11
218,47,47,7,2
218,47,47,8,80
218,47,47,9,0
218,47,47,10,1
218,47,47,11,0
218,47,47,12,2
218,47,47,13,0
218,47,47,14,1
218,47,47,15,4
218,47,47,16,1
218,47,47,17,0
218,47,47,18,2
218,47,47,19,0
218,47,47,20,0
218,47,47,21,0
218,47,47,0,3
218,48,48,1,97
218,48,48,2,237
218,48,48,3,56
218,48,48,4,3
218,48,48,5,0
218,48,48,6,5
218,48,48,7,0
218,48,48,8,81
218,48,48,9,0
218,48,48,10,8
218,48,48,11,0
218,48,48,12,0
218,48,48,13,0
218,48,48,14,1
218,48,48,15,1
218,48,48,16,1
218,48,48,17,1
218,48,48,18,2
218,48,48,19,3
218,48,48,20,0
218,48,48,21,0
218,48,48,0,0
218,49,49,1,366
218,49,49,2,193
218,49,49,3,83
218,49,49,4,0
218,49,49,5,1
218,49,49,6,2
218,49,49,7,2
218,49,49,8,169
218,49,49,9,1
218,49,49,10,1
218,49,49,11,0
218,49,49,12,1
218,49,49,13,2
218,49,49,14,4
218,49,49,15,4
218,49,49,16,9
218,49,49,17,4
218,49,49,18,1
218,49,49,19,0
218,49,49,20,2
218,49,49,21,1
218,49,49,0,1
218,50,50,1,272
218,50,50,2,233
218,50,50,3,71
218,50,50,4,0
218,50,50,5,0
218,50,50,6,1
218,50,50,7,0
218,50,50,8,121
218,50,50,9,0
218,50,50,10,2
218,50,50,11,0
218,50,50,12,0
218,50,50,13,0
218,50,50,14,2
218,50,50,15,3
218,50,50,16,4
218,50,50,17,3
218,50,50,18,1
218,50,50,19,1
218,50,50,20,0
218,50,50,21,1
218,50,50,0,2
218,51,51,1,118
218,51,51,2,293
218,51,51,3,46
218,51,51,4,1
218,51,51,5,0
218,51,51,6,6
218,51,51,7,0
218,51,51,8,125
218,51,51,9,1
218,51,51,10,1
218,51,51,11,0
218,51,51,12,4
218,51,51,13,0
218,51,51,14,2
218,51,51,15,2
218,51,51,16,0
218,51,51,17,4
218,51,51,18,7
218,51,51,19,1
218,51,51,20,0
218,51,51,21,1
218,51,51,0,5
218,52,52,1,122
218,52,52,2,331
218,52,52,3,31
218,52,52,4,1
218,52,52,5,0
218,52,52,6,1
218,52,52,7,4
218,52,52,8,192
218,52,52,9,2
218,52,52,10,1
218,52,52,11,2
218,52,52,12,3
218,52,52,13,3
218,52,52,14,2
218,52,52,15,4
218,52,52,16,4
218,52,52,17,1
218,52,52,18,2
218,52,52,19,0
218,52,52,20,1
218,52,52,21,0
218,52,52,0,2
218,53,53,1,166
218,53,53,2,251
218,53,53,3,75
218,53,53,4,1
218,53,53,5,0
218,53,53,6,8
218,53,53,7,0
218,53,53,8,229
218,53,53,9,1
218,53,53,10,2
218,53,53,11,0
218,53,53,12,1
218,53,53,13,1
218,53,53,14,7
218,53,53,15,4
218,53,53,16,2
218,53,53,17,0
218,53,53,18,0
218,53,53,19,1
218,53,53,20,0
218,53,53,21,0
218,53,53,0,1
218,54,54,1,95
218,54,54,2,211
218,54,54,3,26
218,54,54,4,0
218,54,54,5,0
218,54,54,6,2
218,54,54,7,2
218,54,54,8,141
218,54,54,9,2
218,54,54,10,0
218,54,54,11,1
218,54,54,12,1
218,54,54,13,2
218,54,54,14,1
218,54,54,15,5
218,54,54,16,4
218,54,54,17,2
218,54,54,18,3
218,54,54,19,0
218,54,54,20,0
218,54,54,21,0
218,54,54,0,3
218,55,55,1,88
218,55,55,2,335
218,55,55,3,35
218,55,55,4,0
218,55,55,5,0
218,55,55,6,5
218,55,55,7,0
218,55,55,8,104
218,55,55,9,0
218,55,55,10,0
218,55,55,11,0
218,55,55,12,1
218,55,55,13,1
218,55,55,14,2
218,55,55,15,3
218,55,55,16,3
218,55,55,17,2
218,55,55,18,4
218,55,55,19,0
218,55,55,20,0
218,55,55,21,3
218,55,55,0,1
218,56,56,1,46
218,56,56,2,497
218,56,56,3,31
218,56,56,4,0
218,56,56,5,0
218,56,56,6,1
218,56,56,7,1
218,56,56,8,56
218,56,56,9,1
218,56,56,10,0
218,56,56,11,0
218,56,56,12,0
218,56,56,13,0
218,56,56,14,0
218,56,56,15,1
218,56,56,16,0
218,56,56,17,1
218,56,56,18,4
218,56,56,19,0
218,56,56,20,0
218,56,56,21,1
218,56,56,0,2
218,57,57,1,199
218,57,57,2,298
218,57,57,3,29
218,57,57,4,0
218,57,57,5,0
218,57,57,6,2
218,57,57,7,3
218,57,57,8,89
218,57,57,9,0
218,57,57,10,1
218,57,57,11,0
218,57,57,12,1
218,57,57,13,0
218,57,57,14,2
218,57,57,15,1
218,57,57,16,7
218,57,57,17,0
218,57,57,18,1
218,57,57,19,0
218,57,57,20,0
218,57,57,21,2
218,57,57,0,1
218,58,58,1,66
218,58,58,2,236
218,58,58,3,40
218,58,58,4,1
218,58,58,5,0
218,58,58,6,0
218,58,58,7,1
218,58,58,8,143
218,58,58,9,0
218,58,58,10,61
218,58,58,11,0
218,58,58,12,1
218,58,58,13,0
218,58,58,14,4
218,58,58,15,2
218,58,58,16,1
218,58,58,17,0
218,58,58,18,3
218,58,58,19,0
218,58,58,20,0
218,58,58,21,0
218,58,58,0,3
218,59,59,1,197
218,59,59,2,200
218,59,59,3,49
218,59,59,4,1
218,59,59,5,0
218,59,59,6,5
218,59,59,7,2
218,59,59,8,119
218,59,59,9,0
218,59,59,10,2
218,59,59,11,1
218,59,59,12,0
218,59,59,13,1
218,59,59,14,3
218,59,59,15,2
218,59,59,16,1
218,59,59,17,0
218,59,59,18,1
218,59,59,19,0
218,59,59,20,1
218,59,59,21,0
218,59,59,0,1
218,60,60,1,245
218,60,60,2,124
218,60,60,3,40
218,60,60,4,0
218,60,60,5,0
218,60,60,6,0
218,60,60,7,4
218,60,60,8,253
218,60,60,9,3
218,60,60,10,65
218,60,60,11,0
218,60,60,12,1
218,60,60,13,3
218,60,60,14,2
218,60,60,15,2
218,60,60,16,10
218,60,60,17,2
218,60,60,18,2
218,60,60,19,1
218,60,60,20,1
218,60,60,21,1
218,60,60,0,2
218,61,61,1,76
218,61,61,2,156
218,61,61,3,24
218,61,61,4,0
218,61,61,5,0
218,61,61,6,0
218,61,61,7,0
218,61,61,8,69
218,61,61,9,0
218,61,61,10,21
218,61,61,11,1
218,61,61,12,1
218,61,61,13,1
218,61,61,14,2
218,61,61,15,0
218,61,61,16,1
218,61,61,17,0
218,61,61,18,0
218,61,61,19,0
218,61,61,20,0
218,61,61,21,0
218,61,61,0,1
218,62,62,1,322
218,62,62,2,88
218,62,62,3,17
218,62,62,4,1
218,62,62,5,0
218,62,62,6,2
218,62,62,7,2
218,62,62,8,142
218,62,62,9,1
218,62,62,10,11
218,62,62,11,1
218,62,62,12,0
218,62,62,13,0
218,62,62,14,3
218,62,62,15,1
218,62,62,16,0
218,62,62,17,4
218,62,62,18,0
218,62,62,19,0
218,62,62,20,1
218,62,62,21,1
218,62,62,0,0
218,63,63,1,169
218,63,63,2,121
218,63,63,3,33
218,63,63,4,0
218,63,63,5,0
218,63,63,6,2
218,63,63,7,1
218,63,63,8,111
218,63,63,9,0
218,63,63,10,160
218,63,63,11,1
218,63,63,12,0
218,63,63,13,0
218,63,63,14,4
218,63,63,15,0
218,63,63,16,0
218,63,63,17,0
218,63,63,18,0
218,63,63,19,0
218,63,63,20,0
218,63,63,21,0
218,63,63,0,0
218,64,64,1,98
218,64,64,2,95
218,64,64,3,23
218,64,64,4,0
218,64,64,5,0
218,64,64,6,1
218,64,64,7,1
218,64,64,8,108
218,64,64,9,0
218,64,64,10,197
218,64,64,11,1
218,64,64,12,0
218,64,64,13,0
218,64,64,14,3
218,64,64,15,0
218,64,64,16,2
218,64,64,17,0
218,64,64,18,1
218,64,64,19,0
218,64,64,20,0
218,64,64,21,2
218,64,64,0,0
218,65,65,1,223
218,65,65,2,214
218,65,65,3,56
218,65,65,4,1
218,65,65,5,0
218,65,65,6,9
218,65,65,7,0
218,65,65,8,203
218,65,65,9,1
218,65,65,10,69
218,65,65,11,0
218,65,65,12,0
218,65,65,13,0
218,65,65,14,0
218,65,65,15,0
218,65,65,16,1
218,65,65,17,0
218,65,65,18,0
218,65,65,19,1
218,65,65,20,0
218,65,65,21,1
218,65,65,0,4
218,66,66,1,52
218,66,66,2,202
218,66,66,3,25
218,66,66,4,0
218,66,66,5,0
218,66,66,6,3
218,66,66,7,1
218,66,66,8,134
218,66,66,9,1
218,66,66,10,182
218,66,66,11,0
218,66,66,12,0
218,66,66,13,0
218,66,66,14,3
218,66,66,15,1
218,66,66,16,3
218,66,66,17,2
218,66,66,18,0
218,66,66,19,0
218,66,66,20,0
218,66,66,21,0
218,66,66,0,7
218,67,67,1,83
218,67,67,2,127
218,67,67,3,14
218,67,67,4,0
218,67,67,5,0
218,67,67,6,0
218,67,67,7,0
218,67,67,8,104
218,67,67,9,0
218,67,67,10,4
218,67,67,11,2
218,67,67,12,0
218,67,67,13,0
218,67,67,14,0
218,67,67,15,1
218,67,67,16,1
218,67,67,17,0
218,67,67,18,0
218,67,67,19,0
218,67,67,20,0
218,67,67,21,0
218,67,67,0,0
218,68,68,1,184
218,68,68,2,104
218,68,68,3,52
218,68,68,4,1
218,68,68,5,0
218,68,68,6,0
218,68,68,7,2
218,68,68,8,149
218,68,68,9,4
218,68,68,10,535
218,68,68,11,1
218,68,68,12,4
218,68,68,13,2
218,68,68,14,4
218,68,68,15,2
218,68,68,16,10
218,68,68,17,2
218,68,68,18,1
218,68,68,19,0
218,68,68,20,0
218,68,68,21,2
218,68,68,0,0
218,69,69,1,175
218,69,69,2,217
218,69,69,3,37
218,69,69,4,0
218,69,69,5,0
218,69,69,6,0
218,69,69,7,1
218,69,69,8,188
218,69,69,9,0
218,69,69,10,0
218,69,69,11,0
218,69,69,12,1
218,69,69,13,2
218,69,69,14,1
218,69,69,15,0
218,69,69,16,3
218,69,69,17,1
218,69,69,18,1
218,69,69,19,0
218,69,69,20,0
218,69,69,21,0
218,69,69,0,1
218,70,70,1,138
218,70,70,2,200
218,70,70,3,33
218,70,70,4,0
218,70,70,5,0
218,70,70,6,0
218,70,70,7,1
218,70,70,8,176
218,70,70,9,0
218,70,70,10,0
218,70,70,11,0
218,70,70,12,1
218,70,70,13,0
218,70,70,14,0
218,70,70,15,0
218,70,70,16,1
218,70,70,17,0
218,70,70,18,0
218,70,70,19,1
218,70,70,20,0
218,70,70,21,1
218,70,70,0,2
218,71,71,1,141
218,71,71,2,223
218,71,71,3,49
218,71,71,4,1
218,71,71,5,0
218,71,71,6,1
218,71,71,7,0
218,71,71,8,178
218,71,71,9,0
218,71,71,10,2
218,71,71,11,0
218,71,71,12,0
218,71,71,13,0
218,71,71,14,0
218,71,71,15,0
218,71,71,16,1
218,71,71,17,0
218,71,71,18,1
218,71,71,19,0
218,71,71,20,0
218,71,71,21,0
218,71,71,0,0
218,72,72,1,218
218,72,72,2,187
218,72,72,3,40
218,72,72,4,0
218,72,72,5,0
218,72,72,6,0
218,72,72,7,0
218,72,72,8,150
218,72,72,9,0
218,72,72,10,0
218,72,72,11,0
218,72,72,12,0
218,72,72,13,0
218,72,72,14,0
218,72,72,15,0
218,72,72,16,1
218,72,72,17,2
218,72,72,18,0
218,72,72,19,0
218,72,72,20,0
218,72,72,21,0
218,72,72,0,3
218,73,73,1,174
218,73,73,2,193
218,73,73,3,32
218,73,73,4,0
218,73,73,5,0
218,73,73,6,0
218,73,73,7,0
218,73,73,8,109
218,73,73,9,0
218,73,73,10,2
218,73,73,11,0
218,73,73,12,1
218,73,73,13,0
218,73,73,14,0
218,73,73,15,1
218,73,73,16,3
218,73,73,17,1
218,73,73,18,1
218,73,73,19,0
218,73,73,20,0
218,73,73,21,0
218,73,73,0,1
218,74,74,1,296
218,74,74,2,154
218,74,74,3,32
218,74,74,4,1
218,74,74,5,0
218,74,74,6,1
218,74,74,7,2
218,74,74,8,125
218,74,74,9,0
218,74,74,10,1
218,74,74,11,0
218,74,74,12,0
218,74,74,13,0
218,74,74,14,0
218,74,74,15,1
218,74,74,16,4
218,74,74,17,4
218,74,74,18,1
218,74,74,19,0
218,74,74,20,1
218,74,74,21,0
218,74,74,0,4
218,75,75,1,44
218,75,75,2,422
218,75,75,3,14
218,75,75,4,0
218,75,75,5,1
218,75,75,6,0
218,75,75,7,0
218,75,75,8,75
218,75,75,9,0
218,75,75,10,0
218,75,75,11,0
218,75,75,12,0
218,75,75,13,0
218,75,75,14,0
218,75,75,15,0
218,75,75,16,0
218,75,75,17,3
218,75,75,18,0
218,75,75,19,0
218,75,75,20,0
218,75,75,21,0
218,75,75,0,0
218,76,76,1,40
218,76,76,2,382
218,76,76,3,19
218,76,76,4,0
218,76,76,5,0
218,76,76,6,0
218,76,76,7,0
218,76,76,8,44
218,76,76,9,0
218,76,76,10,0
218,76,76,11,0
218,76,76,12,1
218,76,76,13,0
218,76,76,14,0
218,76,76,15,0
218,76,76,16,1
218,76,76,17,0
218,76,76,18,1
218,76,76,19,0
218,76,76,20,0
218,76,76,21,0
218,76,76,0,0
218,77,77,1,0
218,77,77,2,196
218,77,77,3,34
218,77,77,4,0
218,77,77,5,0
218,77,77,6,3
218,77,77,7,1
218,77,77,8,172
218,77,77,9,0
218,77,77,10,0
218,77,77,11,0
218,77,77,12,0
218,77,77,13,0
218,77,77,14,2
218,77,77,15,1
218,77,77,16,1
218,77,77,17,0
218,77,77,18,1
218,77,77,19,0
218,77,77,20,0
218,77,77,21,0
218,77,77,0,1
218,78,78,1,0
218,78,78,2,0
218,78,78,3,0
218,78,78,4,0
218,78,78,5,0
218,78,78,6,0
218,78,78,7,0
218,78,78,8,0
218,78,78,9,0
218,78,78,10,0
218,78,78,11,0
218,78,78,12,0
218,78,78,13,0
218,78,78,14,0
218,78,78,15,0
218,78,78,16,0
218,78,78,17,0
218,78,78,18,0
218,78,78,19,0
218,78,78,20,0
218,78,78,21,0
218,78,78,0,0
218,78,78,1,187
218,78,78,2,60
218,78,78,3,17
218,78,78,4,0
218,78,78,5,1
218,78,78,6,0
218,78,78,7,0
218,78,78,8,71
218,78,78,9,1
218,78,78,10,0
218,78,78,11,0
218,78,78,12,0
218,78,78,13,0
218,78,78,14,0
218,78,78,15,0
218,78,78,16,1
218,78,78,17,1
218,78,78,18,1
218,78,78,19,0
218,78,78,20,0
218,78,78,21,0
218,78,78,0,0
218,79,79,1,0
218,79,79,2,0
218,79,79,3,0
218,79,79,4,0
218,79,79,5,0
218,79,79,6,0
218,79,79,7,0
218,79,79,8,0
218,79,79,9,0
218,79,79,10,0
218,79,79,11,0
218,79,79,12,0
218,79,79,13,0
218,79,79,14,0
218,79,79,15,0
218,79,79,16,0
218,79,79,17,0
218,79,79,18,0
218,79,79,19,0
218,79,79,20,0
218,79,79,21,0
218,79,79,0,0
218,79,79,1,205
218,79,79,2,296
218,79,79,3,54
218,79,79,4,1
218,79,79,5,0
218,79,79,6,0
218,79,79,7,1
218,79,79,8,298
218,79,79,9,0
218,79,79,10,4
218,79,79,11,1
218,79,79,12,1
218,79,79,13,0
218,79,79,14,2
218,79,79,15,3
218,79,79,16,3
218,79,79,17,0
218,79,79,18,1
218,79,79,19,0
218,79,79,20,0
218,79,79,21,2
218,79,79,0,1
218,80,80,1,91
218,80,80,2,105
218,80,80,3,34
218,80,80,4,0
218,80,80,5,0
218,80,80,6,1
218,80,80,7,1
218,80,80,8,116
218,80,80,9,0
218,80,80,10,108
218,80,80,11,0
218,80,80,12,1
218,80,80,13,1
218,80,80,14,2
218,80,80,15,2
218,80,80,16,4
218,80,80,17,0
218,80,80,18,0
218,80,80,19,0
218,80,80,20,0
218,80,80,21,0
218,80,80,0,1
218,81,81,1,120
218,81,81,2,51
218,81,81,3,41
218,81,81,4,0
218,81,81,5,0
218,81,81,6,0
218,81,81,7,1
218,81,81,8,67
218,81,81,9,0
218,81,81,10,60
218,81,81,11,0
218,81,81,12,0
218,81,81,13,0
218,81,81,14,0
218,81,81,15,0
218,81,81,16,0
218,81,81,17,0
218,81,81,18,0
218,81,81,19,0
218,81,81,20,0
218,81,81,21,0
218,81,81,0,0
218,82,82,1,250
218,82,82,2,348
218,82,82,3,109
218,82,82,4,2
218,82,82,5,0
218,82,82,6,1
218,82,82,7,1
218,82,82,8,223
218,82,82,9,0
218,82,82,10,6
218,82,82,11,0
218,82,82,12,0
218,82,82,13,0
218,82,82,14,1
218,82,82,15,2
218,82,82,16,0
218,82,82,17,3
218,82,82,18,3
218,82,82,19,2
218,82,82,20,0
218,82,82,21,0
218,82,82,0,1
218,83,83,1,194
218,83,83,2,243
218,83,83,3,40
218,83,83,4,0
218,83,83,5,0
218,83,83,6,1
218,83,83,7,0
218,83,83,8,128
218,83,83,9,1
218,83,83,10,14
218,83,83,11,0
218,83,83,12,0
218,83,83,13,0
218,83,83,14,0
218,83,83,15,1
218,83,83,16,1
218,83,83,17,1
218,83,83,18,1
218,83,83,19,0
218,83,83,20,0
218,83,83,21,0
218,83,83,0,1
218,84,84,1,156
218,84,84,2,202
218,84,84,3,34
218,84,84,4,0
218,84,84,5,0
218,84,84,6,1
218,84,84,7,1
218,84,84,8,75
218,84,84,9,1
218,84,84,10,3
218,84,84,11,0
218,84,84,12,0
218,84,84,13,0
218,84,84,14,0
218,84,84,15,1
218,84,84,16,1
218,84,84,17,2
218,84,84,18,1
218,84,84,19,0
218,84,84,20,0
218,84,84,21,0
218,84,84,0,0
218,85,85,1,238
218,85,85,2,170
218,85,85,3,42
218,85,85,4,0
218,85,85,5,0
218,85,85,6,3
218,85,85,7,1
218,85,85,8,156
218,85,85,9,0
218,85,85,10,8
218,85,85,11,1
218,85,85,12,0
218,85,85,13,2
218,85,85,14,0
218,85,85,15,1
218,85,85,16,4
218,85,85,17,0
218,85,85,18,0
218,85,85,19,0
218,85,85,20,0
218,85,85,21,0
218,85,85,0,1
218,86,86,1,254
218,86,86,2,198
218,86,86,3,41
218,86,86,4,1
218,86,86,5,0
218,86,86,6,1
218,86,86,7,1
218,86,86,8,158
218,86,86,9,0
218,86,86,10,19
218,86,86,11,0
218,86,86,12,0
218,86,86,13,0
218,86,86,14,0
218,86,86,15,0
218,86,86,16,0
218,86,86,17,0
218,86,86,18,0
218,86,86,19,0
218,86,86,20,0
218,86,86,21,0
218,86,86,0,1
218,87,87,1,219
218,87,87,2,117
218,87,87,3,36
218,87,87,4,2
218,87,87,5,0
218,87,87,6,0
218,87,87,7,0
218,87,87,8,87
218,87,87,9,0
218,87,87,10,14
218,87,87,11,0
218,87,87,12,1
218,87,87,13,0
218,87,87,14,1
218,87,87,15,1
218,87,87,16,2
218,87,87,17,2
218,87,87,18,0
218,87,87,19,0
218,87,87,20,0
218,87,87,21,0
218,87,87,0,1
218,88,88,1,53
218,88,88,2,130
218,88,88,3,37
218,88,88,4,4
218,88,88,5,0
218,88,88,6,0
218,88,88,7,3
218,88,88,8,47
218,88,88,9,1
218,88,88,10,123
218,88,88,11,0
218,88,88,12,1
218,88,88,13,2
218,88,88,14,1
218,88,88,15,2
218,88,88,16,7
218,88,88,17,1
218,88,88,18,2
218,88,88,19,2
218,88,88,20,1
218,88,88,21,1
218,88,88,0,2
218,89,89,1,151
218,89,89,2,327
218,89,89,3,22
218,89,89,4,1
218,89,89,5,0
218,89,89,6,0
218,89,89,7,1
218,89,89,8,46
218,89,89,9,0
218,89,89,10,13
218,89,89,11,0
218,89,89,12,0
218,89,89,13,0
218,89,89,14,1
218,89,89,15,1
218,89,89,16,0
218,89,89,17,2
218,89,89,18,1
218,89,89,19,0
218,89,89,20,1
218,89,89,21,0
218,89,89,0,1
218,90,90,1,192
218,90,90,2,290
218,90,90,3,79
218,90,90,4,0
218,90,90,5,1
218,90,90,6,11
218,90,90,7,3
218,90,90,8,230
218,90,90,9,0
218,90,90,10,0
218,90,90,11,1
218,90,90,12,1
218,90,90,13,2
218,90,90,14,0
218,90,90,15,9
218,90,90,16,6
218,90,90,17,0
218,90,90,18,3
218,90,90,19,0
218,90,90,20,0
218,90,90,21,0
218,90,90,0,1
218,91,91,1,221
218,91,91,2,193
218,91,91,3,11
218,91,91,4,1
218,91,91,5,0
218,91,91,6,0
218,91,91,7,0
218,91,91,8,98
218,91,91,9,1
218,91,91,10,0
218,91,91,11,2
218,91,91,12,1
218,91,91,13,1
218,91,91,14,0
218,91,91,15,0
218,91,91,16,8
218,91,91,17,5
218,91,91,18,1
218,91,91,19,0
218,91,91,20,1
218,91,91,21,0
218,91,91,0,0
218,92,92,1,179
218,92,92,2,75
218,92,92,3,22
218,92,92,4,0
218,92,92,5,0
218,92,92,6,2
218,92,92,7,0
218,92,92,8,83
218,92,92,9,0
218,92,92,10,1
218,92,92,11,0
218,92,92,12,0
218,92,92,13,0
218,92,92,14,0
218,92,92,15,0
218,92,92,16,1
218,92,92,17,0
218,92,92,18,4
218,92,92,19,0
218,92,92,20,0
218,92,92,21,0
218,92,92,0,0
218,93,93,1,216
218,93,93,2,166
218,93,93,3,41
218,93,93,4,0
218,93,93,5,0
218,93,93,6,2
218,93,93,7,1
218,93,93,8,78
218,93,93,9,1
218,93,93,10,27
218,93,93,11,0
218,93,93,12,0
218,93,93,13,0
218,93,93,14,1
218,93,93,15,0
218,93,93,16,6
218,93,93,17,0
218,93,93,18,3
218,93,93,19,0
218,93,93,20,0
218,93,93,21,2
218,93,93,0,4
218,94,94,1,258
218,94,94,2,141
218,94,94,3,11
218,94,94,4,1
218,94,94,5,0
218,94,94,6,0
218,94,94,7,0
218,94,94,8,76
218,94,94,9,0
218,94,94,10,3
218,94,94,11,0
218,94,94,12,0
218,94,94,13,0
218,94,94,14,1
218,94,94,15,1
218,94,94,16,0
218,94,94,17,2
218,94,94,18,1
218,94,94,19,0
218,94,94,20,0
218,94,94,21,0
218,94,94,0,2
218,95,95,1,216
218,95,95,2,189
218,95,95,3,16
218,95,95,4,0
218,95,95,5,0
218,95,95,6,0
218,95,95,7,0
218,95,95,8,68
218,95,95,9,0
218,95,95,10,2
218,95,95,11,0
218,95,95,12,0
218,95,95,13,0
218,95,95,14,0
218,95,95,15,3
218,95,95,16,2
218,95,95,17,1
218,95,95,18,1
218,95,95,19,0
218,95,95,20,0
218,95,95,21,0
218,95,95,0,3
218,96,96,1,273
218,96,96,2,313
218,96,96,3,69
218,96,96,4,2
218,96,96,5,0
218,96,96,6,0
218,96,96,7,4
218,96,96,8,266
218,96,96,9,0
218,96,96,10,11
218,96,96,11,0
218,96,96,12,3
218,96,96,13,2
218,96,96,14,2
218,96,96,15,5
218,96,96,16,6
218,96,96,17,4
218,96,96,18,5
218,96,96,19,0
218,96,96,20,0
218,96,96,21,1
218,96,96,0,5
218,97,97,1,199
218,97,97,2,393
218,97,97,3,32
218,97,97,4,1
218,97,97,5,1
218,97,97,6,10
218,97,97,7,1
218,97,97,8,127
218,97,97,9,1
218,97,97,10,0
218,97,97,11,0
218,97,97,12,0
218,97,97,13,1
218,97,97,14,1
218,97,97,15,1
218,97,97,16,4
218,97,97,17,1
218,97,97,18,3
218,97,97,19,0
218,97,97,20,0
218,97,97,21,0
218,97,97,0,1
218,98,98,1,314
218,98,98,2,126
218,98,98,3,36
218,98,98,4,1
218,98,98,5,0
218,98,98,6,2
218,98,98,7,2
218,98,98,8,122
218,98,98,9,1
218,98,98,10,4
218,98,98,11,1
218,98,98,12,3
218,98,98,13,0
218,98,98,14,2
218,98,98,15,3
218,98,98,16,2
218,98,98,17,2
218,98,98,18,2
218,98,98,19,0
218,98,98,20,0
218,98,98,21,0
218,98,98,0,0
218,99,99,1,159
218,99,99,2,295
218,99,99,3,20
218,99,99,4,0
218,99,99,5,0
218,99,99,6,1
218,99,99,7,0
218,99,99,8,106
218,99,99,9,0
218,99,99,10,6
218,99,99,11,0
218,99,99,12,1
218,99,99,13,0
218,99,99,14,0
218,99,99,15,3
218,99,99,16,1
218,99,99,17,1
218,99,99,18,3
218,99,99,19,0
218,99,99,20,0
218,99,99,21,1
218,99,99,0,0
218,100,100,1,152
218,100,100,2,128
218,100,100,3,21
218,100,100,4,0
218,100,100,5,0
218,100,100,6,0
218,100,100,7,0
218,100,100,8,91
218,100,100,9,1
218,100,100,10,14
218,100,100,11,0
218,100,100,12,0
218,100,100,13,0
218,100,100,14,0
218,100,100,15,4
218,100,100,16,3
218,100,100,17,3
218,100,100,18,1
218,100,100,19,0
218,100,100,20,0
218,100,100,21,0
218,100,100,0,0
218,101,101,1,270
218,101,101,2,229
218,101,101,3,44
218,101,101,4,6
218,101,101,5,2
218,101,101,6,0
218,101,101,7,2
218,101,101,8,203
218,101,101,9,0
218,101,101,10,7
218,101,101,11,1
218,101,101,12,0
218,101,101,13,0
218,101,101,14,1
218,101,101,15,2
218,101,101,16,1
218,101,101,17,3
218,101,101,18,2
218,101,101,19,0
218,101,101,20,1
218,101,101,21,1
218,101,101,0,2
218,102,102,1,276
218,102,102,2,324
218,102,102,3,51
218,102,102,4,7
218,102,102,5,1
218,102,102,6,2
218,102,102,7,3
218,102,102,8,236
218,102,102,9,0
218,102,102,10,7
218,102,102,11,0
218,102,102,12,0
218,102,102,13,0
218,102,102,14,0
218,102,102,15,3
218,102,102,16,2
218,102,102,17,0
218,102,102,18,2
218,102,102,19,1
218,102,102,20,0
218,102,102,21,1
218,102,102,0,5
218,103,103,1,471
218,103,103,2,113
218,103,103,3,23
218,103,103,4,1
218,103,103,5,0
218,103,103,6,0
218,103,103,7,1
218,103,103,8,112
218,103,103,9,1
218,103,103,10,0
218,103,103,11,0
218,103,103,12,0
218,103,103,13,0
218,103,103,14,0
218,103,103,15,1
218,103,103,16,7
218,103,103,17,6
218,103,103,18,6
218,103,103,19,1
218,103,103,20,0
218,103,103,21,0
218,103,103,0,1
218,104,104,1,410
218,104,104,2,58
218,104,104,3,3
218,104,104,4,0
218,104,104,5,0
218,104,104,6,0
218,104,104,7,0
218,104,104,8,61
218,104,104,9,0
218,104,104,10,1
218,104,104,11,0
218,104,104,12,0
218,104,104,13,0
218,104,104,14,0
218,104,104,15,0
218,104,104,16,2
218,104,104,17,1
218,104,104,18,13
218,104,104,19,0
218,104,104,20,0
218,104,104,21,3
218,104,104,0,1
218,105,105,1,276
218,105,105,2,324
218,105,105,3,47
218,105,105,4,0
218,105,105,5,2
218,105,105,6,3
218,105,105,7,0
218,105,105,8,201
218,105,105,9,0
218,105,105,10,10
218,105,105,11,0
218,105,105,12,0
218,105,105,13,0
218,105,105,14,1
218,105,105,15,0
218,105,105,16,1
218,105,105,17,1
218,105,105,18,10
218,105,105,19,1
218,105,105,20,0
218,105,105,21,1
218,105,105,0,2
218,106,106,1,201
218,106,106,2,173
218,106,106,3,13
218,106,106,4,0
218,106,106,5,0
218,106,106,6,0
218,106,106,7,0
218,106,106,8,116
218,106,106,9,0
218,106,106,10,0
218,106,106,11,0
218,106,106,12,0
218,106,106,13,0
218,106,106,14,0
218,106,106,15,0
218,106,106,16,0
218,106,106,17,1
218,106,106,18,1
218,106,106,19,0
218,106,106,20,0
218,106,106,21,1
218,106,106,0,2
218,107,107,1,249
218,107,107,2,182
218,107,107,3,26
218,107,107,4,0
218,107,107,5,0
218,107,107,6,1
218,107,107,7,1
218,107,107,8,243
218,107,107,9,1
218,107,107,10,3
218,107,107,11,0
218,107,107,12,1
218,107,107,13,0
218,107,107,14,0
218,107,107,15,3
218,107,107,16,2
218,107,107,17,2
218,107,107,18,1
218,107,107,19,0
218,107,107,20,0
218,107,107,21,2
218,107,107,0,2
218,108,108,1,305
218,108,108,2,179
218,108,108,3,36
218,108,108,4,0
218,108,108,5,0
218,108,108,6,1
218,108,108,7,0
218,108,108,8,142
218,108,108,9,0
218,108,108,10,3
218,108,108,11,0
218,108,108,12,0
218,108,108,13,0
218,108,108,14,0
218,108,108,15,0
218,108,108,16,0
218,108,108,17,3
218,108,108,18,2
218,108,108,19,0
218,108,108,20,0
218,108,108,21,0
218,108,108,0,2
218,109,109,1,174
218,109,109,2,245
218,109,109,3,22
218,109,109,4,0
218,109,109,5,0
218,109,109,6,1
218,109,109,7,3
218,109,109,8,156
218,109,109,9,0
218,109,109,10,5
218,109,109,11,0
218,109,109,12,0
218,109,109,13,0
218,109,109,14,1
218,109,109,15,3
218,109,109,16,1
218,109,109,17,2
218,109,109,18,7
218,109,109,19,0
218,109,109,20,0
218,109,109,21,0
218,109,109,0,3
218,110,110,1,281
218,110,110,2,140
218,110,110,3,26
218,110,110,4,0
218,110,110,5,0
218,110,110,6,0
218,110,110,7,0
218,110,110,8,102
218,110,110,9,0
218,110,110,10,4
218,110,110,11,0
218,110,110,12,0
218,110,110,13,0
218,110,110,14,0
218,110,110,15,0
218,110,110,16,2
218,110,110,17,2
218,110,110,18,0
218,110,110,19,0
218,110,110,20,0
218,110,110,21,0
218,110,110,0,0
218,111,111,1,299
218,111,111,2,192
218,111,111,3,62
218,111,111,4,2
218,111,111,5,1
218,111,111,6,0
218,111,111,7,1
218,111,111,8,270
218,111,111,9,3
218,111,111,10,0
218,111,111,11,0
218,111,111,12,0
218,111,111,13,2
218,111,111,14,0
218,111,111,15,1
218,111,111,16,2
218,111,111,17,1
218,111,111,18,3
218,111,111,19,1
218,111,111,20,0
218,111,111,21,0
218,111,111,0,1
218,112,112,1,298
218,112,112,2,211
218,112,112,3,53
218,112,112,4,1
218,112,112,5,1
218,112,112,6,1
218,112,112,7,1
218,112,112,8,245
218,112,112,9,0
218,112,112,10,4
218,112,112,11,0
218,112,112,12,0
218,112,112,13,0
218,112,112,14,0
218,112,112,15,0
218,112,112,16,2
218,112,112,17,1
218,112,112,18,0
218,112,112,19,0
218,112,112,20,0
218,112,112,21,0
218,112,112,0,3
218,113,113,1,233
218,113,113,2,152
218,113,113,3,50
218,113,113,4,0
218,113,113,5,0
218,113,113,6,2
218,113,113,7,2
218,113,113,8,257
218,113,113,9,1
218,113,113,10,0
218,113,113,11,0
218,113,113,12,0
218,113,113,13,0
218,113,113,14,0
218,113,113,15,0
218,113,113,16,4
218,113,113,17,2
218,113,113,18,1
218,113,113,19,1
218,113,113,20,0
218,113,113,21,2
218,113,113,0,0
218,114,114,1,256
218,114,114,2,144
218,114,114,3,52
218,114,114,4,0
218,114,114,5,0
218,114,114,6,3
218,114,114,7,1
218,114,114,8,230
218,114,114,9,2
218,114,114,10,2
218,114,114,11,0
218,114,114,12,0
218,114,114,13,0
218,114,114,14,1
218,114,114,15,0
218,114,114,16,2
218,114,114,17,4
218,114,114,18,0
218,114,114,19,0
218,114,114,20,0
218,114,114,21,0
218,114,114,0,3
218,115,115,1,178
218,115,115,2,185
218,115,115,3,55
218,115,115,4,1
218,115,115,5,0
218,115,115,6,2
218,115,115,7,3
218,115,115,8,403
218,115,115,9,1
218,115,115,10,2
218,115,115,11,0
218,115,115,12,0
218,115,115,13,0
218,115,115,14,2
218,115,115,15,3
218,115,115,16,2
218,115,115,17,1
218,115,115,18,0
218,115,115,19,1
218,115,115,20,0
218,115,115,21,0
218,115,115,0,2
218,116,116,1,196
218,116,116,2,149
218,116,116,3,50
218,116,116,4,0
218,116,116,5,0
218,116,116,6,1
218,116,116,7,1
218,116,116,8,266
218,116,116,9,0
218,116,116,10,2
218,116,116,11,0
218,116,116,12,0
218,116,116,13,0
218,116,116,14,1
218,116,116,15,0
218,116,116,16,4
218,116,116,17,2
218,116,116,18,3
218,116,116,19,0
218,116,116,20,0
218,116,116,21,0
218,116,116,0,0
218,117,117,1,154
218,117,117,2,272
218,117,117,3,74
218,117,117,4,1
218,117,117,5,0
218,117,117,6,2
218,117,117,7,2
218,117,117,8,303
218,117,117,9,1
218,117,117,10,3
218,117,117,11,0
218,117,117,12,1
218,117,117,13,0
218,117,117,14,0
218,117,117,15,2
218,117,117,16,0
218,117,117,17,2
218,117,117,18,2
218,117,117,19,0
218,117,117,20,0
218,117,117,21,0
218,117,117,0,1
218,118,118,1,145
218,118,118,2,231
218,118,118,3,47
218,118,118,4,1
218,118,118,5,0
218,118,118,6,1
218,118,118,7,1
218,118,118,8,207
218,118,118,9,1
218,118,118,10,0
218,118,118,11,0
218,118,118,12,1
218,118,118,13,0
218,118,118,14,0
218,118,118,15,0
218,118,118,16,1
218,118,118,17,1
218,118,118,18,1
218,118,118,19,0
218,118,118,20,0
218,118,118,21,0
218,118,118,0,0
218,119,119,1,238
218,119,119,2,283
218,119,119,3,64
218,119,119,4,0
218,119,119,5,0
218,119,119,6,0
218,119,119,7,0
218,119,119,8,288
218,119,119,9,0
218,119,119,10,10
218,119,119,11,0
218,119,119,12,0
218,119,119,13,0
218,119,119,14,1
218,119,119,15,1
218,119,119,16,1
218,119,119,17,1
218,119,119,18,0
218,119,119,19,0
218,119,119,20,0
218,119,119,21,2
218,119,119,0,1
218,120,120,1,245
218,120,120,2,242
218,120,120,3,52
218,120,120,4,0
218,120,120,5,1
218,120,120,6,0
218,120,120,7,1
218,120,120,8,253
218,120,120,9,2
218,120,120,10,10
218,120,120,11,0
218,120,120,12,0
218,120,120,13,0
218,120,120,14,1
218,120,120,15,2
218,120,120,16,2
218,120,120,17,3
218,120,120,18,2
218,120,120,19,0
218,120,120,20,1
218,120,120,21,0
218,120,120,0,1
218,121,121,1,197
218,121,121,2,154
218,121,121,3,46
218,121,121,4,0
218,121,121,5,0
218,121,121,6,1
218,121,121,7,0
218,121,121,8,234
218,121,121,9,3
218,121,121,10,3
218,121,121,11,0
218,121,121,12,0
218,121,121,13,0
218,121,121,14,0
218,121,121,15,2
218,121,121,16,2
218,121,121,17,1
218,121,121,18,2
218,121,121,19,0
218,121,121,20,0
218,121,121,21,0
218,121,121,0,1
218,122,122,1,233
218,122,122,2,133
218,122,122,3,39
218,122,122,4,0
218,122,122,5,0
218,122,122,6,1
218,122,122,7,2
218,122,122,8,238
218,122,122,9,2
218,122,122,10,4
218,122,122,11,1
218,122,122,12,1
218,122,122,13,0
218,122,122,14,0
218,122,122,15,2
218,122,122,16,1
218,122,122,17,1
218,122,122,18,1
218,122,122,19,1
218,122,122,20,0
218,122,122,21,1
218,122,122,0,1
218,123,123,1,157
218,123,123,2,131
218,123,123,3,43
218,123,123,4,0
218,123,123,5,0
218,123,123,6,1
218,123,123,7,2
218,123,123,8,295
218,123,123,9,0
218,123,123,10,9
218,123,123,11,0
218,123,123,12,1
218,123,123,13,0
218,123,123,14,1
218,123,123,15,0
218,123,123,16,1
218,123,123,17,1
218,123,123,18,1
218,123,123,19,0
218,123,123,20,2
218,123,123,21,0
218,123,123,0,7
218,124,124,1,355
218,124,124,2,223
218,124,124,3,51
218,124,124,4,1
218,124,124,5,0
218,124,124,6,1
218,124,124,7,1
218,124,124,8,280
218,124,124,9,3
218,124,124,10,8
218,124,124,11,0
218,124,124,12,1
218,124,124,13,0
218,124,124,14,0
218,124,124,15,0
218,124,124,16,1
218,124,124,17,0
218,124,124,18,3
218,124,124,19,0
218,124,124,20,0
218,124,124,21,0
218,124,124,0,4
218,125,125,1,147
218,125,125,2,186
218,125,125,3,28
218,125,125,4,0
218,125,125,5,0
218,125,125,6,6
218,125,125,7,1
218,125,125,8,166
218,125,125,9,2
218,125,125,10,2
218,125,125,11,0
218,125,125,12,0
218,125,125,13,1
218,125,125,14,0
218,125,125,15,0
218,125,125,16,2
218,125,125,17,5
218,125,125,18,0
218,125,125,19,0
218,125,125,20,0
218,125,125,21,0
218,125,125,0,1
218,126,126,1,317
218,126,126,2,129
218,126,126,3,25
218,126,126,4,0
218,126,126,5,0
218,126,126,6,0
218,126,126,7,2
218,126,126,8,173
218,126,126,9,0
218,126,126,10,2
218,126,126,11,0
218,126,126,12,0
218,126,126,13,0
218,126,126,14,0
218,126,126,15,0
218,126,126,16,0
218,126,126,17,0
218,126,126,18,0
218,126,126,19,0
218,126,126,20,0
218,126,126,21,0
218,126,126,0,6
218,127,127,1,237
218,127,127,2,287
218,127,127,3,82
218,127,127,4,0
218,127,127,5,0
218,127,127,6,0
218,127,127,7,0
218,127,127,8,235
218,127,127,9,1
218,127,127,10,15
218,127,127,11,0
218,127,127,12,1
218,127,127,13,0
218,127,127,14,0
218,127,127,15,0
218,127,127,16,0
218,127,127,17,1
218,127,127,18,1
218,127,127,19,0
218,127,127,20,0
218,127,127,21,0
218,127,127,0,1
218,128,128,1,195
218,128,128,2,168
218,128,128,3,29
218,128,128,4,2
218,128,128,5,0
218,128,128,6,1
218,128,128,7,0
218,128,128,8,242
218,128,128,9,0
218,128,128,10,4
218,128,128,11,0
218,128,128,12,0
218,128,128,13,0
218,128,128,14,0
218,128,128,15,0
218,128,128,16,2
218,128,128,17,0
218,128,128,18,0
218,128,128,19,0
218,128,128,20,0
218,128,128,21,0
218,128,128,0,7
218,129,129,1,329
218,129,129,2,122
218,129,129,3,24
218,129,129,4,0
218,129,129,5,0
218,129,129,6,0
218,129,129,7,2
218,129,129,8,232
218,129,129,9,0
218,129,129,10,0
218,129,129,11,0
218,129,129,12,0
218,129,129,13,0
218,129,129,14,0
218,129,129,15,0
218,129,129,16,0
218,129,129,17,1
218,129,129,18,1
218,129,129,19,0
218,129,129,20,0
218,129,129,21,1
218,129,129,0,4
218,130,130,1,229
218,130,130,2,90
218,130,130,3,9
218,130,130,4,0
218,130,130,5,0
218,130,130,6,0
218,130,130,7,2
218,130,130,8,102
218,130,130,9,1
218,130,130,10,0
218,130,130,11,0
218,130,130,12,0
218,130,130,13,1
218,130,130,14,0
218,130,130,15,0
218,130,130,16,1
218,130,130,17,1
218,130,130,18,0
218,130,130,19,0
218,130,130,20,0
218,130,130,21,0
218,130,130,0,1
218,131,131,1,174
218,131,131,2,66
218,131,131,3,6
218,131,131,4,0
218,131,131,5,0
218,131,131,6,1
218,131,131,7,0
218,131,131,8,105
218,131,131,9,0
218,131,131,10,0
218,131,131,11,0
218,131,131,12,0
218,131,131,13,0
218,131,131,14,0
218,131,131,15,0
218,131,131,16,0
218,131,131,17,0
218,131,131,18,0
218,131,131,19,0
218,131,131,20,0
218,131,131,21,0
218,131,131,0,4
218,132,132,1,296
218,132,132,2,98
218,132,132,3,37
218,132,132,4,0
218,132,132,5,0
218,132,132,6,3
218,132,132,7,0
218,132,132,8,201
218,132,132,9,0
218,132,132,10,0
218,132,132,11,0
218,132,132,12,1
218,132,132,13,0
218,132,132,14,1
218,132,132,15,0
218,132,132,16,0
218,132,132,17,1
218,132,132,18,1
218,132,132,19,0
218,132,132,20,0
218,132,132,21,1
218,132,132,0,2
218,133,133,1,318
218,133,133,2,146
218,133,133,3,34
218,133,133,4,1
218,133,133,5,0
218,133,133,6,2
218,133,133,7,0
218,133,133,8,240
218,133,133,9,0
218,133,133,10,0
218,133,133,11,0
218,133,133,12,1
218,133,133,13,1
218,133,133,14,0
218,133,133,15,0
218,133,133,16,0
218,133,133,17,1
218,133,133,18,0
218,133,133,19,0
218,133,133,20,0
218,133,133,21,0
218,133,133,0,2
218,134,134,1,178
218,134,134,2,62
218,134,134,3,6
218,134,134,4,0
218,134,134,5,0
218,134,134,6,1
218,134,134,7,0
218,134,134,8,132
218,134,134,9,0
218,134,134,10,0
218,134,134,11,0
218,134,134,12,1
218,134,134,13,0
218,134,134,14,0
218,134,134,15,0
218,134,134,16,1
218,134,134,17,0
218,134,134,18,1
218,134,134,19,0
218,134,134,20,0
218,134,134,21,0
218,134,134,0,4
218,135,135,1,146
218,135,135,2,115
218,135,135,3,19
218,135,135,4,0
218,135,135,5,0
218,135,135,6,0
218,135,135,7,1
218,135,135,8,184
218,135,135,9,1
218,135,135,10,0
218,135,135,11,0
218,135,135,12,0
218,135,135,13,0
218,135,135,14,0
218,135,135,15,0
218,135,135,16,0
218,135,135,17,0
218,135,135,18,1
218,135,135,19,0
218,135,135,20,0
218,135,135,21,0
218,135,135,0,4
218,136,136,1,115
218,136,136,2,82
218,136,136,3,20
218,136,136,4,0
218,136,136,5,0
218,136,136,6,1
218,136,136,7,0
218,136,136,8,138
218,136,136,9,0
218,136,136,10,1
218,136,136,11,0
218,136,136,12,0
218,136,136,13,0
218,136,136,14,0
218,136,136,15,0
218,136,136,16,0
218,136,136,17,0
218,136,136,18,0
218,136,136,19,0
218,136,136,20,0
218,136,136,21,1
218,136,136,0,0
218,137,137,1,261
218,137,137,2,118
218,137,137,3,22
218,137,137,4,0
218,137,137,5,1
218,137,137,6,1
218,137,137,7,1
218,137,137,8,223
218,137,137,9,0
218,137,137,10,0
218,137,137,11,0
218,137,137,12,0
218,137,137,13,0
218,137,137,14,0
218,137,137,15,0
218,137,137,16,0
218,137,137,17,1
218,137,137,18,1
218,137,137,19,0
218,137,137,20,0
218,137,137,21,0
218,137,137,0,3
218,138,138,1,189
218,138,138,2,101
218,138,138,3,36
218,138,138,4,1
218,138,138,5,0
218,138,138,6,1
218,138,138,7,0
218,138,138,8,248
218,138,138,9,0
218,138,138,10,2
218,138,138,11,0
218,138,138,12,0
218,138,138,13,1
218,138,138,14,0
218,138,138,15,0
218,138,138,16,0
218,138,138,17,1
218,138,138,18,2
218,138,138,19,0
218,138,138,20,0
218,138,138,21,0
218,138,138,0,1
218,139,139,1,162
218,139,139,2,121
218,139,139,3,20
218,139,139,4,2
218,139,139,5,0
218,139,139,6,5
218,139,139,7,1
218,139,139,8,197
218,139,139,9,0
218,139,139,10,0
218,139,139,11,0
218,139,139,12,0
218,139,139,13,0
218,139,139,14,0
218,139,139,15,0
218,139,139,16,0
218,139,139,17,1
218,139,139,18,1
218,139,139,19,0
218,139,139,20,1
218,139,139,21,0
218,139,139,0,1
218,140,140,1,172
218,140,140,2,337
218,140,140,3,28
218,140,140,4,0
218,140,140,5,0
218,140,140,6,2
218,140,140,7,0
218,140,140,8,160
218,140,140,9,0
218,140,140,10,0
218,140,140,11,0
218,140,140,12,1
218,140,140,13,0
218,140,140,14,0
218,140,140,15,0
218,140,140,16,0
218,140,140,17,1
218,140,140,18,0
218,140,140,19,1
218,140,140,20,0
218,140,140,21,0
218,140,140,0,1
218,141,141,1,152
218,141,141,2,282
218,141,141,3,35
218,141,141,4,0
218,141,141,5,0
218,141,141,6,2
218,141,141,7,1
218,141,141,8,175
218,141,141,9,0
218,141,141,10,0
218,141,141,11,0
218,141,141,12,0
218,141,141,13,0
218,141,141,14,0
218,141,141,15,0
218,141,141,16,0
218,141,141,17,0
218,141,141,18,2
218,141,141,19,0
218,141,141,20,1
218,141,141,21,0
218,141,141,0,0
218,142,142,1,101
218,142,142,2,219
218,142,142,3,15
218,142,142,4,0
218,142,142,5,0
218,142,142,6,0
218,142,142,7,0
218,142,142,8,87
218,142,142,9,0
218,142,142,10,0
218,142,142,11,0
218,142,142,12,0
218,142,142,13,0
218,142,142,14,0
218,142,142,15,1
218,142,142,16,0
218,142,142,17,1
218,142,142,18,1
218,142,142,19,0
218,142,142,20,0
218,142,142,21,0
218,142,142,0,0
218,143,143,1,133
218,143,143,2,156
218,143,143,3,17
218,143,143,4,0
218,143,143,5,0
218,143,143,6,0
218,143,143,7,2
218,143,143,8,94
218,143,143,9,0
218,143,143,10,1
218,143,143,11,0
218,143,143,12,1
218,143,143,13,0
218,143,143,14,0
218,143,143,15,0
218,143,143,16,1
218,143,143,17,3
218,143,143,18,1
218,143,143,19,0
218,143,143,20,0
218,143,143,21,0
218,143,143,0,0
218,144,144,1,141
218,144,144,2,109
218,144,144,3,9
218,144,144,4,0
218,144,144,5,0
218,144,144,6,0
218,144,144,7,0
218,144,144,8,72
218,144,144,9,0
218,144,144,10,0
218,144,144,11,0
218,144,144,12,2
218,144,144,13,0
218,144,144,14,0
218,144,144,15,1
218,144,144,16,1
218,144,144,17,1
218,144,144,18,0
218,144,144,19,0
218,144,144,20,0
218,144,144,21,0
218,144,144,0,1
218,145,145,1,251
218,145,145,2,85
218,145,145,3,17
218,145,145,4,0
218,145,145,5,0
218,145,145,6,0
218,145,145,7,0
218,145,145,8,91
218,145,145,9,0
218,145,145,10,0
218,145,145,11,0
218,145,145,12,0
218,145,145,13,0
218,145,145,14,0
218,145,145,15,0
218,145,145,16,0
218,145,145,17,0
218,145,145,18,0
218,145,145,19,0
218,145,145,20,0
218,145,145,21,0
218,145,145,0,5
218,146,146,1,97
218,146,146,2,77
218,146,146,3,3
218,146,146,4,1
218,146,146,5,0
218,146,146,6,0
218,146,146,7,0
218,146,146,8,74
218,146,146,9,0
218,146,146,10,1
218,146,146,11,0
218,146,146,12,0
218,146,146,13,0
218,146,146,14,1
218,146,146,15,0
218,146,146,16,0
218,146,146,17,0
218,146,146,18,0
218,146,146,19,0
218,146,146,20,1
218,146,146,21,1
218,146,146,0,3
218,147,147,1,117
218,147,147,2,253
218,147,147,3,13
218,147,147,4,0
218,147,147,5,0
218,147,147,6,1
218,147,147,7,1
218,147,147,8,137
218,147,147,9,0
218,147,147,10,0
218,147,147,11,1
218,147,147,12,0
218,147,147,13,0
218,147,147,14,0
218,147,147,15,1
218,147,147,16,1
218,147,147,17,1
218,147,147,18,2
218,147,147,19,0
218,147,147,20,0
218,147,147,21,0
218,147,147,0,0
218,148,148,1,214
218,148,148,2,149
218,148,148,3,17
218,148,148,4,0
218,148,148,5,0
218,148,148,6,1
218,148,148,7,3
218,148,148,8,109
218,148,148,9,0
218,148,148,10,0
218,148,148,11,1
218,148,148,12,1
218,148,148,13,0
218,148,148,14,1
218,148,148,15,1
218,148,148,16,2
218,148,148,17,1
218,148,148,18,0
218,148,148,19,0
218,148,148,20,0
218,148,148,21,0
218,148,148,0,1
218,149,149,1,198
218,149,149,2,280
218,149,149,3,57
218,149,149,4,0
218,149,149,5,0
218,149,149,6,4
218,149,149,7,1
218,149,149,8,203
218,149,149,9,0
218,149,149,10,23
218,149,149,11,0
218,149,149,12,1
218,149,149,13,1
218,149,149,14,0
218,149,149,15,1
218,149,149,16,0
218,149,149,17,4
218,149,149,18,2
218,149,149,19,0
218,149,149,20,0
218,149,149,21,0
218,149,149,0,1
218,150,150,1,118
218,150,150,2,232
218,150,150,3,27
218,150,150,4,0
218,150,150,5,0
218,150,150,6,3
218,150,150,7,0
218,150,150,8,157
218,150,150,9,0
218,150,150,10,0
218,150,150,11,0
218,150,150,12,1
218,150,150,13,0
218,150,150,14,0
218,150,150,15,0
218,150,150,16,0
218,150,150,17,0
218,150,150,18,0
218,150,150,19,0
218,150,150,20,0
218,150,150,21,0
218,150,150,0,1
218,151,151,1,144
218,151,151,2,158
218,151,151,3,30
218,151,151,4,0
218,151,151,5,0
218,151,151,6,3
218,151,151,7,0
218,151,151,8,160
218,151,151,9,1
218,151,151,10,0
218,151,151,11,0
218,151,151,12,0
218,151,151,13,0
218,151,151,14,0
218,151,151,15,2
218,151,151,16,1
218,151,151,17,0
218,151,151,18,0
218,151,151,19,0
218,151,151,20,0
218,151,151,21,0
218,151,151,0,0
218,152,152,1,121
218,152,152,2,108
218,152,152,3,23
218,152,152,4,0
218,152,152,5,0
218,152,152,6,1
218,152,152,7,1
218,152,152,8,244
218,152,152,9,1
218,152,152,10,1
218,152,152,11,1
218,152,152,12,0
218,152,152,13,0
218,152,152,14,0
218,152,152,15,0
218,152,152,16,1
218,152,152,17,0
218,152,152,18,1
218,152,152,19,0
218,152,152,20,1
218,152,152,21,0
218,152,152,0,3
218,153,153,1,122
218,153,153,2,97
218,153,153,3,29
218,153,153,4,1
218,153,153,5,0
218,153,153,6,2
218,153,153,7,0
218,153,153,8,222
218,153,153,9,0
218,153,153,10,0
218,153,153,11,0
218,153,153,12,0
218,153,153,13,0
218,153,153,14,0
218,153,153,15,0
218,153,153,16,2
218,153,153,17,0
218,153,153,18,0
218,153,153,19,1
218,153,153,20,0
218,153,153,21,1
218,153,153,0,1
218,154,154,1,0
218,154,154,2,180
218,154,154,3,42
218,154,154,4,2
218,154,154,5,0
218,154,154,6,2
218,154,154,7,1
218,154,154,8,318
218,154,154,9,2
218,154,154,10,0
218,154,154,11,0
218,154,154,12,1
218,154,154,13,0
218,154,154,14,1
218,154,154,15,0
218,154,154,16,1
218,154,154,17,2
218,154,154,18,1
218,154,154,19,0
218,154,154,20,0
218,154,154,21,0
218,154,154,0,2
218,155,155,1,0
218,155,155,2,0
218,155,155,3,0
218,155,155,4,0
218,155,155,5,0
218,155,155,6,0
218,155,155,7,0
218,155,155,8,0
218,155,155,9,0
218,155,155,10,0
218,155,155,11,0
218,155,155,12,0
218,155,155,13,0
218,155,155,14,0
218,155,155,15,0
218,155,155,16,0
218,155,155,17,0
218,155,155,18,0
218,155,155,19,0
218,155,155,20,0
218,155,155,21,0
218,155,155,0,0
218,155,155,1,68
218,155,155,2,111
218,155,155,3,22
218,155,155,4,1
218,155,155,5,0
218,155,155,6,7
218,155,155,7,0
218,155,155,8,164
218,155,155,9,1
218,155,155,10,0
218,155,155,11,0
218,155,155,12,0
218,155,155,13,0
218,155,155,14,1
218,155,155,15,0
218,155,155,16,0
218,155,155,17,0
218,155,155,18,0
218,155,155,19,0
218,155,155,20,0
218,155,155,21,0
218,155,155,0,1
218,156,156,1,0
218,156,156,2,0
218,156,156,3,0
218,156,156,4,0
218,156,156,5,0
218,156,156,6,0
218,156,156,7,0
218,156,156,8,0
218,156,156,9,0
218,156,156,10,0
218,156,156,11,0
218,156,156,12,0
218,156,156,13,0
218,156,156,14,0
218,156,156,15,0
218,156,156,16,0
218,156,156,17,0
218,156,156,18,0
218,156,156,19,0
218,156,156,20,0
218,156,156,21,0
218,156,156,0,0
218,156,156,1,81
218,156,156,2,315
218,156,156,3,36
218,156,156,4,1
218,156,156,5,1
218,156,156,6,0
218,156,156,7,0
218,156,156,8,221
218,156,156,9,0
218,156,156,10,0
218,156,156,11,0
218,156,156,12,0
218,156,156,13,0
218,156,156,14,3
218,156,156,15,0
218,156,156,16,3
218,156,156,17,0
218,156,156,18,2
218,156,156,19,0
218,156,156,20,0
218,156,156,21,0
218,156,156,0,1
218,157,157,1,60
218,157,157,2,211
218,157,157,3,18
218,157,157,4,1
218,157,157,5,0
218,157,157,6,1
218,157,157,7,0
218,157,157,8,128
218,157,157,9,0
218,157,157,10,0
218,157,157,11,0
218,157,157,12,0
218,157,157,13,1
218,157,157,14,0
218,157,157,15,0
218,157,157,16,1
218,157,157,17,1
218,157,157,18,1
218,157,157,19,0
218,157,157,20,0
218,157,157,21,0
218,157,157,0,1
218,158,158,1,59
218,158,158,2,314
218,158,158,3,23
218,158,158,4,0
218,158,158,5,0
218,158,158,6,0
218,158,158,7,0
218,158,158,8,164
218,158,158,9,1
218,158,158,10,1
218,158,158,11,0
218,158,158,12,0
218,158,158,13,0
218,158,158,14,0
218,158,158,15,3
218,158,158,16,1
218,158,158,17,0
218,158,158,18,0
218,158,158,19,0
218,158,158,20,1
218,158,158,21,0
218,158,158,0,2
218,159,159,1,77
218,159,159,2,247
218,159,159,3,32
218,159,159,4,0
218,159,159,5,0
218,159,159,6,3
218,159,159,7,0
218,159,159,8,194
218,159,159,9,1
218,159,159,10,0
218,159,159,11,0
218,159,159,12,1
218,159,159,13,1
218,159,159,14,0
218,159,159,15,1
218,159,159,16,1
218,159,159,17,3
218,159,159,18,0
218,159,159,19,0
218,159,159,20,0
218,159,159,21,0
218,159,159,0,0
218,160,160,1,112
218,160,160,2,206
218,160,160,3,25
218,160,160,4,1
218,160,160,5,0
218,160,160,6,1
218,160,160,7,1
218,160,160,8,192
218,160,160,9,1
218,160,160,10,0
218,160,160,11,0
218,160,160,12,0
218,160,160,13,0
218,160,160,14,1
218,160,160,15,2
218,160,160,16,0
218,160,160,17,0
218,160,160,18,1
218,160,160,19,0
218,160,160,20,1
218,160,160,21,0
218,160,160,0,2
218,161,161,1,135
218,161,161,2,175
218,161,161,3,55
218,161,161,4,0
218,161,161,5,0
218,161,161,6,0
218,161,161,7,1
218,161,161,8,138
218,161,161,9,2
218,161,161,10,24
218,161,161,11,0
218,161,161,12,0
218,161,161,13,0
218,161,161,14,0
218,161,161,15,1
218,161,161,16,2
218,161,161,17,1
218,161,161,18,1
218,161,161,19,0
218,161,161,20,0
218,161,161,21,0
218,161,161,0,1
218,162,162,1,116
218,162,162,2,232
218,162,162,3,62
218,162,162,4,0
218,162,162,5,0
218,162,162,6,0
218,162,162,7,0
218,162,162,8,202
218,162,162,9,1
218,162,162,10,7
218,162,162,11,1
218,162,162,12,1
218,162,162,13,0
218,162,162,14,0
218,162,162,15,0
218,162,162,16,0
218,162,162,17,0
218,162,162,18,0
218,162,162,19,0
218,162,162,20,0
218,162,162,21,1
218,162,162,0,2
218,163,163,1,151
218,163,163,2,321
218,163,163,3,76
218,163,163,4,1
218,163,163,5,0
218,163,163,6,2
218,163,163,7,1
218,163,163,8,291
218,163,163,9,3
218,163,163,10,20
218,163,163,11,0
218,163,163,12,2
218,163,163,13,0
218,163,163,14,2
218,163,163,15,3
218,163,163,16,0
218,163,163,17,2
218,163,163,18,5
218,163,163,19,0
218,163,163,20,0
218,163,163,21,0
218,163,163,0,1
218,164,164,1,104
218,164,164,2,144
218,164,164,3,54
218,164,164,4,0
218,164,164,5,0
218,164,164,6,1
218,164,164,7,1
218,164,164,8,167
218,164,164,9,2
218,164,164,10,13
218,164,164,11,0
218,164,164,12,0
218,164,164,13,0
218,164,164,14,0
218,164,164,15,2
218,164,164,16,2
218,164,164,17,2
218,164,164,18,2
218,164,164,19,0
218,164,164,20,0
218,164,164,21,0
218,164,164,0,0
218,165,165,1,167
218,165,165,2,311
218,165,165,3,77
218,165,165,4,1
218,165,165,5,0
218,165,165,6,4
218,165,165,7,1
218,165,165,8,278
218,165,165,9,1
218,165,165,10,0
218,165,165,11,0
218,165,165,12,0
218,165,165,13,0
218,165,165,14,0
218,165,165,15,1
218,165,165,16,1
218,165,165,17,2
218,165,165,18,0
218,165,165,19,0
218,165,165,20,0
218,165,165,21,0
218,165,165,0,2
218,166,166,1,163
218,166,166,2,309
218,166,166,3,75
218,166,166,4,0
218,166,166,5,1
218,166,166,6,0
218,166,166,7,0
218,166,166,8,273
218,166,166,9,0
218,166,166,10,0
218,166,166,11,0
218,166,166,12,1
218,166,166,13,0
218,166,166,14,2
218,166,166,15,1
218,166,166,16,1
218,166,166,17,1
218,166,166,18,1
218,166,166,19,0
218,166,166,20,0
218,166,166,21,1
218,166,166,0,4
218,167,167,1,338
218,167,167,2,78
218,167,167,3,14
218,167,167,4,0
218,167,167,5,0
218,167,167,6,2
218,167,167,7,0
218,167,167,8,193
218,167,167,9,1
218,167,167,10,0
218,167,167,11,1
218,167,167,12,0
218,167,167,13,0
218,167,167,14,1
218,167,167,15,0
218,167,167,16,3
218,167,167,17,1
218,167,167,18,1
218,167,167,19,0
218,167,167,20,0
218,167,167,21,0
218,167,167,0,1
218,168,168,1,106
218,168,168,2,185
218,168,168,3,33
218,168,168,4,2
218,168,168,5,0
218,168,168,6,0
218,168,168,7,0
218,168,168,8,245
218,168,168,9,0
218,168,168,10,7
218,168,168,11,0
218,168,168,12,0
218,168,168,13,0
218,168,168,14,0
218,168,168,15,0
218,168,168,16,0
218,168,168,17,1
218,168,168,18,0
218,168,168,19,0
218,168,168,20,0
218,168,168,21,0
218,168,168,0,0
218,169,169,1,122
218,169,169,2,201
218,169,169,3,21
218,169,169,4,0
218,169,169,5,0
218,169,169,6,0
218,169,169,7,1
218,169,169,8,218
218,169,169,9,0
218,169,169,10,1
218,169,169,11,1
218,169,169,12,0
218,169,169,13,0
218,169,169,14,0
218,169,169,15,0
218,169,169,16,0
218,169,169,17,3
218,169,169,18,3
218,169,169,19,0
218,169,169,20,0
218,169,169,21,0
218,169,169,0,1
218,170,170,1,79
218,170,170,2,91
218,170,170,3,22
218,170,170,4,0
218,170,170,5,0
218,170,170,6,1
218,170,170,7,0
218,170,170,8,129
218,170,170,9,0
218,170,170,10,1
218,170,170,11,0
218,170,170,12,0
218,170,170,13,0
218,170,170,14,1
218,170,170,15,0
218,170,170,16,0
218,170,170,17,0
218,170,170,18,1
218,170,170,19,0
218,170,170,20,0
218,170,170,21,0
218,170,170,0,2
218,171,171,1,115
218,171,171,2,138
218,171,171,3,19
218,171,171,4,1
218,171,171,5,0
218,171,171,6,0
218,171,171,7,4
218,171,171,8,185
218,171,171,9,0
218,171,171,10,1
218,171,171,11,0
218,171,171,12,0
218,171,171,13,0
218,171,171,14,0
218,171,171,15,0
218,171,171,16,2
218,171,171,17,0
218,171,171,18,1
218,171,171,19,0
218,171,171,20,0
218,171,171,21,0
218,171,171,0,1
218,172,172,1,126
218,172,172,2,203
218,172,172,3,57
218,172,172,4,1
218,172,172,5,0
218,172,172,6,1
218,172,172,7,2
218,172,172,8,271
218,172,172,9,0
218,172,172,10,15
218,172,172,11,0
218,172,172,12,0
218,172,172,13,0
218,172,172,14,0
218,172,172,15,0
218,172,172,16,1
218,172,172,17,2
218,172,172,18,0
218,172,172,19,0
218,172,172,20,0
218,172,172,21,0
218,172,172,0,2
218,173,173,1,154
218,173,173,2,175
218,173,173,3,38
218,173,173,4,0
218,173,173,5,0
218,173,173,6,0
218,173,173,7,2
218,173,173,8,211
218,173,173,9,0
218,173,173,10,1
218,173,173,11,0
218,173,173,12,0
218,173,173,13,0
218,173,173,14,0
218,173,173,15,0
218,173,173,16,1
218,173,173,17,0
218,173,173,18,0
218,173,173,19,0
218,173,173,20,0
218,173,173,21,0
218,173,173,0,3
218,174,174,1,96
218,174,174,2,108
218,174,174,3,35
218,174,174,4,1
218,174,174,5,0
218,174,174,6,2
218,174,174,7,1
218,174,174,8,190
218,174,174,9,0
218,174,174,10,3
218,174,174,11,0
218,174,174,12,0
218,174,174,13,0
218,174,174,14,0
218,174,174,15,0
218,174,174,16,0
218,174,174,17,2
218,174,174,18,0
218,174,174,19,0
218,174,174,20,0
218,174,174,21,0
218,174,174,0,1
218,175,175,1,99
218,175,175,2,87
218,175,175,3,19
218,175,175,4,0
218,175,175,5,0
218,175,175,6,0
218,175,175,7,0
218,175,175,8,116
218,175,175,9,0
218,175,175,10,0
218,175,175,11,0
218,175,175,12,0
218,175,175,13,0
218,175,175,14,0
218,175,175,15,0
218,175,175,16,0
218,175,175,17,0
218,175,175,18,0
218,175,175,19,1
218,175,175,20,0
218,175,175,21,0
218,175,175,0,3
218,176,176,1,125
218,176,176,2,218
218,176,176,3,46
218,176,176,4,0
218,176,176,5,0
218,176,176,6,7
218,176,176,7,1
218,176,176,8,185
218,176,176,9,0
218,176,176,10,0
218,176,176,11,1
218,176,176,12,0
218,176,176,13,0
218,176,176,14,1
218,176,176,15,1
218,176,176,16,0
218,176,176,17,0
218,176,176,18,0
218,176,176,19,0
218,176,176,20,0
218,176,176,21,0
218,176,176,0,1
218,177,177,1,106
218,177,177,2,214
218,177,177,3,22
218,177,177,4,1
218,177,177,5,0
218,177,177,6,1
218,177,177,7,1
218,177,177,8,192
218,177,177,9,0
218,177,177,10,21
218,177,177,11,1
218,177,177,12,0
218,177,177,13,0
218,177,177,14,0
218,177,177,15,1
218,177,177,16,0
218,177,177,17,0
218,177,177,18,0
218,177,177,19,0
218,177,177,20,0
218,177,177,21,0
218,177,177,0,3
218,178,178,1,81
218,178,178,2,206
218,178,178,3,51
218,178,178,4,0
218,178,178,5,0
218,178,178,6,0
218,178,178,7,0
218,178,178,8,267
218,178,178,9,1
218,178,178,10,22
218,178,178,11,0
218,178,178,12,0
218,178,178,13,0
218,178,178,14,0
218,178,178,15,2
218,178,178,16,0
218,178,178,17,0
218,178,178,18,0
218,178,178,19,0
218,178,178,20,1
218,178,178,21,0
218,178,178,0,2
218,179,179,1,56
218,179,179,2,197
218,179,179,3,39
218,179,179,4,0
218,179,179,5,0
218,179,179,6,0
218,179,179,7,0
218,179,179,8,166
218,179,179,9,0
218,179,179,10,31
218,179,179,11,0
218,179,179,12,0
218,179,179,13,0
218,179,179,14,0
218,179,179,15,3
218,179,179,16,0
218,179,179,17,0
218,179,179,18,0
218,179,179,19,0
218,179,179,20,0
218,179,179,21,0
218,179,179,0,4
218,180,180,1,139
218,180,180,2,176
218,180,180,3,26
218,180,180,4,0
218,180,180,5,0
218,180,180,6,8
218,180,180,7,0
218,180,180,8,187
218,180,180,9,0
218,180,180,10,0
218,180,180,11,0
218,180,180,12,0
218,180,180,13,0
218,180,180,14,0
218,180,180,15,0
218,180,180,16,0
218,180,180,17,1
218,180,180,18,2
218,180,180,19,0
218,180,180,20,0
218,180,180,21,0
218,180,180,0,1
218,181,181,1,116
218,181,181,2,250
218,181,181,3,30
218,181,181,4,1
218,181,181,5,0
218,181,181,6,9
218,181,181,7,0
218,181,181,8,151
218,181,181,9,1
218,181,181,10,0
218,181,181,11,0
218,181,181,12,0
218,181,181,13,0
218,181,181,14,0
218,181,181,15,2
218,181,181,16,2
218,181,181,17,1
218,181,181,18,3
218,181,181,19,0
218,181,181,20,1
218,181,181,21,1
218,181,181,0,2
218,182,182,1,98
218,182,182,2,220
218,182,182,3,23
218,182,182,4,1
218,182,182,5,0
218,182,182,6,8
218,182,182,7,0
218,182,182,8,80
218,182,182,9,0
218,182,182,10,0
218,182,182,11,0
218,182,182,12,0
218,182,182,13,1
218,182,182,14,0
218,182,182,15,1
218,182,182,16,2
218,182,182,17,2
218,182,182,18,1
218,182,182,19,1
218,182,182,20,0
218,182,182,21,1
218,182,182,0,2
218,183,183,1,148
218,183,183,2,397
218,183,183,3,96
218,183,183,4,1
218,183,183,5,0
218,183,183,6,1
218,183,183,7,0
218,183,183,8,271
218,183,183,9,2
218,183,183,10,38
218,183,183,11,0
218,183,183,12,0
218,183,183,13,1
218,183,183,14,3
218,183,183,15,4
218,183,183,16,2
218,183,183,17,0
218,183,183,18,1
218,183,183,19,1
218,183,183,20,1
218,183,183,21,0
218,183,183,0,3
218,184,184,1,138
218,184,184,2,334
218,184,184,3,76
218,184,184,4,2
218,184,184,5,0
218,184,184,6,0
218,184,184,7,2
218,184,184,8,206
218,184,184,9,0
218,184,184,10,20
218,184,184,11,0
218,184,184,12,0
218,184,184,13,0
218,184,184,14,0
218,184,184,15,0
218,184,184,16,0
218,184,184,17,0
218,184,184,18,1
218,184,184,19,1
218,184,184,20,0
218,184,184,21,0
218,184,184,0,1
218,185,185,1,148
218,185,185,2,297
218,185,185,3,85
218,185,185,4,1
218,185,185,5,0
218,185,185,6,0
218,185,185,7,0
218,185,185,8,277
218,185,185,9,1
218,185,185,10,41
218,185,185,11,0
218,185,185,12,1
218,185,185,13,0
218,185,185,14,0
218,185,185,15,2
218,185,185,16,3
218,185,185,17,1
218,185,185,18,3
218,185,185,19,1
218,185,185,20,1
218,185,185,21,1
218,185,185,0,2
218,186,186,1,135
218,186,186,2,304
218,186,186,3,16
218,186,186,4,0
218,186,186,5,0
218,186,186,6,1
218,186,186,7,1
218,186,186,8,205
218,186,186,9,2
218,186,186,10,0
218,186,186,11,0
218,186,186,12,0
218,186,186,13,0
218,186,186,14,0
218,186,186,15,2
218,186,186,16,2
218,186,186,17,2
218,186,186,18,0
218,186,186,19,0
218,186,186,20,0
218,186,186,21,0
218,186,186,0,1
218,187,187,1,188
218,187,187,2,254
218,187,187,3,18
218,187,187,4,1
218,187,187,5,0
218,187,187,6,0
218,187,187,7,1
218,187,187,8,204
218,187,187,9,1
218,187,187,10,0
218,187,187,11,0
218,187,187,12,0
218,187,187,13,2
218,187,187,14,0
218,187,187,15,0
218,187,187,16,1
218,187,187,17,1
218,187,187,18,0
218,187,187,19,0
218,187,187,20,0
218,187,187,21,2
218,187,187,0,2
218,188,188,1,137
218,188,188,2,284
218,188,188,3,28
218,188,188,4,0
218,188,188,5,1
218,188,188,6,6
218,188,188,7,5
218,188,188,8,255
218,188,188,9,0
218,188,188,10,0
218,188,188,11,0
218,188,188,12,0
218,188,188,13,0
218,188,188,14,1
218,188,188,15,3
218,188,188,16,0
218,188,188,17,0
218,188,188,18,1
218,188,188,19,1
218,188,188,20,1
218,188,188,21,0
218,188,188,0,7
218,189,189,1,181
218,189,189,2,302
218,189,189,3,48
218,189,189,4,0
218,189,189,5,1
218,189,189,6,1
218,189,189,7,15
218,189,189,8,331
218,189,189,9,0
218,189,189,10,1
218,189,189,11,1
218,189,189,12,0
218,189,189,13,0
218,189,189,14,0
218,189,189,15,0
218,189,189,16,1
218,189,189,17,0
218,189,189,18,2
218,189,189,19,0
218,189,189,20,0
218,189,189,21,1
218,189,189,0,2
218,190,190,1,208
218,190,190,2,230
218,190,190,3,58
218,190,190,4,0
218,190,190,5,1
218,190,190,6,2
218,190,190,7,23
218,190,190,8,392
218,190,190,9,1
218,190,190,10,0
218,190,190,11,1
218,190,190,12,0
218,190,190,13,1
218,190,190,14,1
218,190,190,15,1
218,190,190,16,2
218,190,190,17,1
218,190,190,18,0
218,190,190,19,1
218,190,190,20,1
218,190,190,21,0
218,190,190,0,3
218,191,191,1,109
218,191,191,2,163
218,191,191,3,49
218,191,191,4,1
218,191,191,5,0
218,191,191,6,1
218,191,191,7,10
218,191,191,8,271
218,191,191,9,1
218,191,191,10,1
218,191,191,11,0
218,191,191,12,0
218,191,191,13,0
218,191,191,14,2
218,191,191,15,1
218,191,191,16,2
218,191,191,17,1
218,191,191,18,0
218,191,191,19,0
218,191,191,20,0
218,191,191,21,0
218,191,191,0,2
218,192,192,1,206
218,192,192,2,235
218,192,192,3,44
218,192,192,4,0
218,192,192,5,0
218,192,192,6,0
218,192,192,7,4
218,192,192,8,259
218,192,192,9,0
218,192,192,10,0
218,192,192,11,0
218,192,192,12,1
218,192,192,13,0
218,192,192,14,0
218,192,192,15,0
218,192,192,16,0
218,192,192,17,2
218,192,192,18,1
218,192,192,19,0
218,192,192,20,0
218,192,192,21,0
218,192,192,0,3
218,193,193,1,234
218,193,193,2,273
218,193,193,3,35
218,193,193,4,1
218,193,193,5,0
218,193,193,6,3
218,193,193,7,0
218,193,193,8,303
218,193,193,9,0
218,193,193,10,0
218,193,193,11,0
218,193,193,12,0
218,193,193,13,0
218,193,193,14,0
218,193,193,15,1
218,193,193,16,0
218,193,193,17,1
218,193,193,18,0
218,193,193,19,0
218,193,193,20,0
218,193,193,21,0
218,193,193,0,1
218,194,194,1,212
218,194,194,2,271
218,194,194,3,53
218,194,194,4,1
218,194,194,5,0
218,194,194,6,3
218,194,194,7,6
218,194,194,8,269
218,194,194,9,0
218,194,194,10,1
218,194,194,11,0
218,194,194,12,1
218,194,194,13,0
218,194,194,14,0
218,194,194,15,1
218,194,194,16,4
218,194,194,17,0
218,194,194,18,0
218,194,194,19,1
218,194,194,20,0
218,194,194,21,0
218,194,194,0,2
218,195,195,1,222
218,195,195,2,227
218,195,195,3,79
218,195,195,4,2
218,195,195,5,0
218,195,195,6,0
218,195,195,7,0
218,195,195,8,188
218,195,195,9,0
218,195,195,10,7
218,195,195,11,0
218,195,195,12,0
218,195,195,13,0
218,195,195,14,1
218,195,195,15,0
218,195,195,16,2
218,195,195,17,2
218,195,195,18,0
218,195,195,19,6
218,195,195,20,0
218,195,195,21,0
218,195,195,0,3
218,196,196,1,229
218,196,196,2,228
218,196,196,3,37
218,196,196,4,0
218,196,196,5,0
218,196,196,6,2
218,196,196,7,2
218,196,196,8,239
218,196,196,9,0
218,196,196,10,2
218,196,196,11,0
218,196,196,12,1
218,196,196,13,1
218,196,196,14,0
218,196,196,15,3
218,196,196,16,3
218,196,196,17,1
218,196,196,18,2
218,196,196,19,1
218,196,196,20,2
218,196,196,21,0
218,196,196,0,1
218,197,197,1,203
218,197,197,2,240
218,197,197,3,58
218,197,197,4,2
218,197,197,5,1
218,197,197,6,0
218,197,197,7,2
218,197,197,8,291
218,197,197,9,0
218,197,197,10,1
218,197,197,11,0
218,197,197,12,0
218,197,197,13,1
218,197,197,14,1
218,197,197,15,1
218,197,197,16,1
218,197,197,17,2
218,197,197,18,3
218,197,197,19,0
218,197,197,20,0
218,197,197,21,0
218,197,197,0,1
218,198,198,1,235
218,198,198,2,273
218,198,198,3,89
218,198,198,4,2
218,198,198,5,0
218,198,198,6,0
218,198,198,7,1
218,198,198,8,264
218,198,198,9,2
218,198,198,10,0
218,198,198,11,0
218,198,198,12,0
218,198,198,13,0
218,198,198,14,1
218,198,198,15,1
218,198,198,16,2
218,198,198,17,0
218,198,198,18,1
218,198,198,19,1
218,198,198,20,0
218,198,198,21,0
218,198,198,0,1
218,199,199,1,32
218,199,199,2,201
218,199,199,3,18
218,199,199,4,1
218,199,199,5,0
218,199,199,6,0
218,199,199,7,0
218,199,199,8,108
218,199,199,9,1
218,199,199,10,0
218,199,199,11,0
218,199,199,12,0
218,199,199,13,0
218,199,199,14,0
218,199,199,15,0
218,199,199,16,0
218,199,199,17,0
218,199,199,18,0
218,199,199,19,0
218,199,199,20,0
218,199,199,21,0
218,199,199,0,2
218,200,200,1,46
218,200,200,2,343
218,200,200,3,13
218,200,200,4,1
218,200,200,5,0
218,200,200,6,0
218,200,200,7,0
218,200,200,8,157
218,200,200,9,1
218,200,200,10,0
218,200,200,11,0
218,200,200,12,0
218,200,200,13,0
218,200,200,14,0
218,200,200,15,0
218,200,200,16,0
218,200,200,17,0
218,200,200,18,0
218,200,200,19,1
218,200,200,20,0
218,200,200,21,0
218,200,200,0,0
218,201,201,1,108
218,201,201,2,126
218,201,201,3,20
218,201,201,4,0
218,201,201,5,0
218,201,201,6,0
218,201,201,7,3
218,201,201,8,270
218,201,201,9,0
218,201,201,10,0
218,201,201,11,0
218,201,201,12,1
218,201,201,13,0
218,201,201,14,0
218,201,201,15,0
218,201,201,16,0
218,201,201,17,1
218,201,201,18,0
218,201,201,19,0
218,201,201,20,0
218,201,201,21,0
218,201,201,0,0
218,202,202,1,88
218,202,202,2,79
218,202,202,3,10
218,202,202,4,2
218,202,202,5,0
218,202,202,6,1
218,202,202,7,0
218,202,202,8,147
218,202,202,9,0
218,202,202,10,0
218,202,202,11,0
218,202,202,12,1
218,202,202,13,0
218,202,202,14,1
218,202,202,15,1
218,202,202,16,0
218,202,202,17,0
218,202,202,18,0
218,202,202,19,0
218,202,202,20,0
218,202,202,21,0
218,202,202,0,1
218,203,203,1,130
218,203,203,2,161
218,203,203,3,30
218,203,203,4,2
218,203,203,5,0
218,203,203,6,1
218,203,203,7,0
218,203,203,8,190
218,203,203,9,1
218,203,203,10,0
218,203,203,11,0
218,203,203,12,1
218,203,203,13,0
218,203,203,14,0
218,203,203,15,2
218,203,203,16,0
218,203,203,17,2
218,203,203,18,1
218,203,203,19,1
218,203,203,20,0
218,203,203,21,0
218,203,203,0,0
218,204,204,1,138
218,204,204,2,144
218,204,204,3,24
218,204,204,4,1
218,204,204,5,0
218,204,204,6,3
218,204,204,7,1
218,204,204,8,280
218,204,204,9,0
218,204,204,10,1
218,204,204,11,0
218,204,204,12,0
218,204,204,13,0
218,204,204,14,0
218,204,204,15,1
218,204,204,16,1
218,204,204,17,0
218,204,204,18,0
218,204,204,19,0
218,204,204,20,0
218,204,204,21,0
218,204,204,0,2
218,205,205,1,78
218,205,205,2,205
218,205,205,3,29
218,205,205,4,0
218,205,205,5,0
218,205,205,6,1
218,205,205,7,1
218,205,205,8,241
218,205,205,9,0
218,205,205,10,0
218,205,205,11,0
218,205,205,12,0
218,205,205,13,0
218,205,205,14,0
218,205,205,15,1
218,205,205,16,3
218,205,205,17,1
218,205,205,18,1
218,205,205,19,0
218,205,205,20,0
218,205,205,21,0
218,205,205,0,0
218,206,206,1,107
218,206,206,2,179
218,206,206,3,17
218,206,206,4,1
218,206,206,5,0
218,206,206,6,5
218,206,206,7,1
218,206,206,8,203
218,206,206,9,0
218,206,206,10,1
218,206,206,11,1
218,206,206,12,1
218,206,206,13,0
218,206,206,14,1
218,206,206,15,2
218,206,206,16,0
218,206,206,17,0
218,206,206,18,0
218,206,206,19,0
218,206,206,20,0
218,206,206,21,0
218,206,206,0,4
218,207,207,1,182
218,207,207,2,233
218,207,207,3,52
218,207,207,4,1
218,207,207,5,0
218,207,207,6,3
218,207,207,7,2
218,207,207,8,354
218,207,207,9,1
218,207,207,10,0
218,207,207,11,1
218,207,207,12,0
218,207,207,13,2
218,207,207,14,2
218,207,207,15,0
218,207,207,16,2
218,207,207,17,2
218,207,207,18,2
218,207,207,19,0
218,207,207,20,0
218,207,207,21,1
218,207,207,0,3
218,208,208,1,151
218,208,208,2,158
218,208,208,3,31
218,208,208,4,0
218,208,208,5,0
218,208,208,6,1
218,208,208,7,1
218,208,208,8,297
218,208,208,9,1
218,208,208,10,0
218,208,208,11,1
218,208,208,12,0
218,208,208,13,1
218,208,208,14,1
218,208,208,15,0
218,208,208,16,0
218,208,208,17,0
218,208,208,18,0
218,208,208,19,0
218,208,208,20,0
218,208,208,21,0
218,208,208,0,3
218,209,209,1,140
218,209,209,2,174
218,209,209,3,30
218,209,209,4,1
218,209,209,5,0
218,209,209,6,1
218,209,209,7,1
218,209,209,8,274
218,209,209,9,0
218,209,209,10,0
218,209,209,11,0
218,209,209,12,0
218,209,209,13,0
218,209,209,14,0
218,209,209,15,1
218,209,209,16,2
218,209,209,17,0
218,209,209,18,0
218,209,209,19,1
218,209,209,20,2
218,209,209,21,0
218,209,209,0,1
218,210,210,1,154
218,210,210,2,206
218,210,210,3,35
218,210,210,4,0
218,210,210,5,0
218,210,210,6,0
218,210,210,7,0
218,210,210,8,306
218,210,210,9,0
218,210,210,10,0
218,210,210,11,0
218,210,210,12,0
218,210,210,13,0
218,210,210,14,0
218,210,210,15,0
218,210,210,16,1
218,210,210,17,1
218,210,210,18,1
218,210,210,19,0
218,210,210,20,0
218,210,210,21,0
218,210,210,0,3
218,211,211,1,130
218,211,211,2,194
218,211,211,3,33
218,211,211,4,0
218,211,211,5,1
218,211,211,6,0
218,211,211,7,0
218,211,211,8,268
218,211,211,9,0
218,211,211,10,0
218,211,211,11,0
218,211,211,12,0
218,211,211,13,0
218,211,211,14,0
218,211,211,15,1
218,211,211,16,1
218,211,211,17,0
218,211,211,18,0
218,211,211,19,1
218,211,211,20,0
218,211,211,21,0
218,211,211,0,2
218,212,212,1,100
218,212,212,2,90
218,212,212,3,29
218,212,212,4,0
218,212,212,5,0
218,212,212,6,0
218,212,212,7,1
218,212,212,8,148
218,212,212,9,0
218,212,212,10,0
218,212,212,11,0
218,212,212,12,0
218,212,212,13,1
218,212,212,14,0
218,212,212,15,0
218,212,212,16,0
218,212,212,17,0
218,212,212,18,0
218,212,212,19,0
218,212,212,20,0
218,212,212,21,0
218,212,212,0,5
218,213,213,1,170
218,213,213,2,268
218,213,213,3,63
218,213,213,4,0
218,213,213,5,0
218,213,213,6,3
218,213,213,7,0
218,213,213,8,345
218,213,213,9,0
218,213,213,10,0
218,213,213,11,0
218,213,213,12,0
218,213,213,13,1
218,213,213,14,0
218,213,213,15,0
218,213,213,16,0
218,213,213,17,1
218,213,213,18,1
218,213,213,19,0
218,213,213,20,0
218,213,213,21,1
218,213,213,0,1
218,214,214,1,139
218,214,214,2,203
218,214,214,3,27
218,214,214,4,0
218,214,214,5,0
218,214,214,6,2
218,214,214,7,1
218,214,214,8,176
218,214,214,9,1
218,214,214,10,1
218,214,214,11,0
218,214,214,12,0
218,214,214,13,0
218,214,214,14,0
218,214,214,15,0
218,214,214,16,0
218,214,214,17,0
218,214,214,18,0
218,214,214,19,0
218,214,214,20,1
218,214,214,21,0
218,214,214,0,2
218,215,215,1,130
218,215,215,2,139
218,215,215,3,30
218,215,215,4,0
218,215,215,5,1
218,215,215,6,0
218,215,215,7,0
218,215,215,8,207
218,215,215,9,0
218,215,215,10,3
218,215,215,11,0
218,215,215,12,0
218,215,215,13,0
218,215,215,14,0
218,215,215,15,0
218,215,215,16,0
218,215,215,17,8
218,215,215,18,2
218,215,215,19,0
218,215,215,20,1
218,215,215,21,0
218,215,215,0,0
218,216,216,1,117
218,216,216,2,152
218,216,216,3,27
218,216,216,4,2
218,216,216,5,0
218,216,216,6,0
218,216,216,7,1
218,216,216,8,205
218,216,216,9,0
218,216,216,10,0
218,216,216,11,0
218,216,216,12,0
218,216,216,13,0
218,216,216,14,0
218,216,216,15,0
218,216,216,16,1
218,216,216,17,0
218,216,216,18,1
218,216,216,19,0
218,216,216,20,0
218,216,216,21,0
218,216,216,0,3
218,217,217,1,102
218,217,217,2,111
218,217,217,3,17
218,217,217,4,0
218,217,217,5,0
218,217,217,6,1
218,217,217,7,1
218,217,217,8,193
218,217,217,9,0
218,217,217,10,0
218,217,217,11,0
218,217,217,12,1
218,217,217,13,0
218,217,217,14,2
218,217,217,15,0
218,217,217,16,0
218,217,217,17,0
218,217,217,18,0
218,217,217,19,0
218,217,217,20,0
218,217,217,21,0
218,217,217,0,3
218,218,218,1,90
218,218,218,2,168
218,218,218,3,26
218,218,218,4,0
218,218,218,5,0
218,218,218,6,1
218,218,218,7,1
218,218,218,8,132
218,218,218,9,1
218,218,218,10,5
218,218,218,11,0
218,218,218,12,0
218,218,218,13,0
218,218,218,14,1
218,218,218,15,1
218,218,218,16,0
218,218,218,17,1
218,218,218,18,0
218,218,218,19,0
218,218,218,20,0
218,218,218,21,0
218,218,218,0,2
218,219,219,1,147
218,219,219,2,115
218,219,219,3,28
218,219,219,4,2
218,219,219,5,0
218,219,219,6,0
218,219,219,7,0
218,219,219,8,152
218,219,219,9,0
218,219,219,10,0
218,219,219,11,0
218,219,219,12,0
218,219,219,13,0
218,219,219,14,0
218,219,219,15,0
218,219,219,16,0
218,219,219,17,1
218,219,219,18,0
218,219,219,19,0
218,219,219,20,0
218,219,219,21,0
218,219,219,0,2
218,220,220,1,116
218,220,220,2,102
218,220,220,3,20
218,220,220,4,1
218,220,220,5,0
218,220,220,6,0
218,220,220,7,0
218,220,220,8,143
218,220,220,9,0
218,220,220,10,0
218,220,220,11,0
218,220,220,12,0
218,220,220,13,0
218,220,220,14,0
218,220,220,15,0
218,220,220,16,1
218,220,220,17,0
218,220,220,18,0
218,220,220,19,0
218,220,220,20,0
218,220,220,21,0
218,220,220,0,1
218,221,221,1,84
218,221,221,2,126
218,221,221,3,31
218,221,221,4,0
218,221,221,5,0
218,221,221,6,0
218,221,221,7,0
218,221,221,8,131
218,221,221,9,0
218,221,221,10,1
218,221,221,11,0
218,221,221,12,1
218,221,221,13,0
218,221,221,14,0
218,221,221,15,0
218,221,221,16,1
218,221,221,17,0
218,221,221,18,0
218,221,221,19,0
218,221,221,20,0
218,221,221,21,0
218,221,221,0,1
218,222,222,1,206
218,222,222,2,204
218,222,222,3,42
218,222,222,4,0
218,222,222,5,0
218,222,222,6,1
218,222,222,7,1
218,222,222,8,309
218,222,222,9,0
218,222,222,10,0
218,222,222,11,0
218,222,222,12,0
218,222,222,13,0
218,222,222,14,0
218,222,222,15,0
218,222,222,16,0
218,222,222,17,0
218,222,222,18,0
218,222,222,19,0
218,222,222,20,0
218,222,222,21,0
218,222,222,0,2
218,223,223,1,139
218,223,223,2,148
218,223,223,3,28
218,223,223,4,0
218,223,223,5,0
218,223,223,6,0
218,223,223,7,1
218,223,223,8,207
218,223,223,9,0
218,223,223,10,1
218,223,223,11,0
218,223,223,12,0
218,223,223,13,0
218,223,223,14,0
218,223,223,15,1
218,223,223,16,0
218,223,223,17,0
218,223,223,18,1
218,223,223,19,0
218,223,223,20,0
218,223,223,21,0
218,223,223,0,3
218,224,224,1,201
218,224,224,2,133
218,224,224,3,41
218,224,224,4,2
218,224,224,5,1
218,224,224,6,0
218,224,224,7,0
218,224,224,8,297
218,224,224,9,0
218,224,224,10,0
218,224,224,11,1
218,224,224,12,0
218,224,224,13,0
218,224,224,14,0
218,224,224,15,0
218,224,224,16,0
218,224,224,17,1
218,224,224,18,3
218,224,224,19,0
218,224,224,20,1
218,224,224,21,0
218,224,224,0,3
218,225,225,1,264
218,225,225,2,149
218,225,225,3,58
218,225,225,4,1
218,225,225,5,0
218,225,225,6,0
218,225,225,7,1
218,225,225,8,297
218,225,225,9,0
218,225,225,10,1
218,225,225,11,0
218,225,225,12,2
218,225,225,13,0
218,225,225,14,1
218,225,225,15,0
218,225,225,16,1
218,225,225,17,3
218,225,225,18,1
218,225,225,19,0
218,225,225,20,0
218,225,225,21,0
218,225,225,0,3
218,226,226,1,241
218,226,226,2,205
218,226,226,3,59
218,226,226,4,0
218,226,226,5,0
218,226,226,6,0
218,226,226,7,1
218,226,226,8,318
218,226,226,9,0
218,226,226,10,0
218,226,226,11,0
218,226,226,12,0
218,226,226,13,0
218,226,226,14,0
218,226,226,15,1
218,226,226,16,0
218,226,226,17,1
218,226,226,18,1
218,226,226,19,0
218,226,226,20,0
218,226,226,21,0
218,226,226,0,3
218,227,227,1,118
218,227,227,2,138
218,227,227,3,28
218,227,227,4,1
218,227,227,5,0
218,227,227,6,0
218,227,227,7,0
218,227,227,8,206
218,227,227,9,0
218,227,227,10,1
218,227,227,11,0
218,227,227,12,0
218,227,227,13,0
218,227,227,14,1
218,227,227,15,0
218,227,227,16,0
218,227,227,17,0
218,227,227,18,0
218,227,227,19,0
218,227,227,20,0
218,227,227,21,1
218,227,227,0,2
218,228,228,1,97
218,228,228,2,114
218,228,228,3,23
218,228,228,4,1
218,228,228,5,0
218,228,228,6,0
218,228,228,7,0
218,228,228,8,168
218,228,228,9,1
218,228,228,10,1
218,228,228,11,0
218,228,228,12,0
218,228,228,13,1
218,228,228,14,1
218,228,228,15,0
218,228,228,16,1
218,228,228,17,0
218,228,228,18,0
218,228,228,19,0
218,228,228,20,0
218,228,228,21,0
218,228,228,0,1
218,229,229,1,119
218,229,229,2,163
218,229,229,3,38
218,229,229,4,0
218,229,229,5,0
218,229,229,6,0
218,229,229,7,0
218,229,229,8,231
218,229,229,9,0
218,229,229,10,0
218,229,229,11,0
218,229,229,12,1
218,229,229,13,0
218,229,229,14,0
218,229,229,15,0
218,229,229,16,0
218,229,229,17,0
218,229,229,18,0
218,229,229,19,1
218,229,229,20,0
218,229,229,21,0
218,229,229,0,5
218,230,230,1,99
218,230,230,2,99
218,230,230,3,14
218,230,230,4,0
218,230,230,5,1
218,230,230,6,0
218,230,230,7,3
218,230,230,8,110
218,230,230,9,2
218,230,230,10,0
218,230,230,11,0
218,230,230,12,1
218,230,230,13,1
218,230,230,14,0
218,230,230,15,0
218,230,230,16,0
218,230,230,17,0
218,230,230,18,1
218,230,230,19,0
218,230,230,20,0
218,230,230,21,0
218,230,230,0,1
218,231,231,1,0
218,231,231,2,153
218,231,231,3,31
218,231,231,4,1
218,231,231,5,0
218,231,231,6,0
218,231,231,7,0
218,231,231,8,214
218,231,231,9,1
218,231,231,10,4
218,231,231,11,0
218,231,231,12,0
218,231,231,13,1
218,231,231,14,0
218,231,231,15,0
218,231,231,16,2
218,231,231,17,0
218,231,231,18,0
218,231,231,19,0
218,231,231,20,0
218,231,231,21,0
218,231,231,0,2
218,232,232,1,163
218,232,232,2,141
218,232,232,3,43
218,232,232,4,1
218,232,232,5,0
218,232,232,6,2
218,232,232,7,1
218,232,232,8,283
218,232,232,9,0
218,232,232,10,0
218,232,232,11,0
218,232,232,12,0
218,232,232,13,0
218,232,232,14,0
218,232,232,15,0
218,232,232,16,1
218,232,232,17,1
218,232,232,18,0
218,232,232,19,0
218,232,232,20,0
218,232,232,21,0
218,232,232,0,2
218,232,232,1,0
218,232,232,2,0
218,232,232,3,0
218,232,232,4,0
218,232,232,5,0
218,232,232,6,0
218,232,232,7,0
218,232,232,8,0
218,232,232,9,0
218,232,232,10,0
218,232,232,11,0
218,232,232,12,0
218,232,232,13,0
218,232,232,14,0
218,232,232,15,0
218,232,232,16,0
218,232,232,17,0
218,232,232,18,0
218,232,232,19,0
218,232,232,20,0
218,232,232,21,0
218,232,232,0,0
218,233,233,1,179
218,233,233,2,124
218,233,233,3,47
218,233,233,4,0
218,233,233,5,0
218,233,233,6,0
218,233,233,7,1
218,233,233,8,229
218,233,233,9,1
218,233,233,10,1
218,233,233,11,0
218,233,233,12,0
218,233,233,13,0
218,233,233,14,1
218,233,233,15,0
218,233,233,16,0
218,233,233,17,0
218,233,233,18,1
218,233,233,19,0
218,233,233,20,0
218,233,233,21,0
218,233,233,0,1
218,233,233,1,0
218,233,233,2,0
218,233,233,3,0
218,233,233,4,0
218,233,233,5,0
218,233,233,6,0
218,233,233,7,0
218,233,233,8,0
218,233,233,9,0
218,233,233,10,0
218,233,233,11,0
218,233,233,12,0
218,233,233,13,0
218,233,233,14,0
218,233,233,15,0
218,233,233,16,0
218,233,233,17,0
218,233,233,18,0
218,233,233,19,0
218,233,233,20,0
218,233,233,21,0
218,233,233,0,0
218,234,234,1,224
218,234,234,2,180
218,234,234,3,36
218,234,234,4,0
218,234,234,5,1
218,234,234,6,0
218,234,234,7,1
218,234,234,8,225
218,234,234,9,0
218,234,234,10,1
218,234,234,11,0
218,234,234,12,0
218,234,234,13,0
218,234,234,14,1
218,234,234,15,0
218,234,234,16,0
218,234,234,17,0
218,234,234,18,1
218,234,234,19,1
218,234,234,20,1
218,234,234,21,0
218,234,234,0,5
218,235,235,1,123
218,235,235,2,121
218,235,235,3,20
218,235,235,4,0
218,235,235,5,1
218,235,235,6,1
218,235,235,7,0
218,235,235,8,179
218,235,235,9,0
218,235,235,10,0
218,235,235,11,0
218,235,235,12,0
218,235,235,13,0
218,235,235,14,0
218,235,235,15,0
218,235,235,16,1
218,235,235,17,0
218,235,235,18,2
218,235,235,19,0
218,235,235,20,1
218,235,235,21,0
218,235,235,0,1
218,236,236,1,78
218,236,236,2,111
218,236,236,3,27
218,236,236,4,0
218,236,236,5,0
218,236,236,6,1
218,236,236,7,1
218,236,236,8,144
218,236,236,9,0
218,236,236,10,0
218,236,236,11,0
218,236,236,12,0
218,236,236,13,0
218,236,236,14,0
218,236,236,15,0
218,236,236,16,0
218,236,236,17,0
218,236,236,18,0
218,236,236,19,0
218,236,236,20,1
218,236,236,21,0
218,236,236,0,2
218,237,237,1,157
218,237,237,2,201
218,237,237,3,29
218,237,237,4,2
218,237,237,5,0
218,237,237,6,1
218,237,237,7,1
218,237,237,8,208
218,237,237,9,0
218,237,237,10,0
218,237,237,11,0
218,237,237,12,1
218,237,237,13,0
218,237,237,14,0
218,237,237,15,1
218,237,237,16,0
218,237,237,17,1
218,237,237,18,1
218,237,237,19,1
218,237,237,20,1
218,237,237,21,0
218,237,237,0,1
218,238,238,1,178
218,238,238,2,142
218,238,238,3,16
218,238,238,4,0
218,238,238,5,0
218,238,238,6,1
218,238,238,7,0
218,238,238,8,212
218,238,238,9,0
218,238,238,10,0
218,238,238,11,0
218,238,238,12,0
218,238,238,13,0
218,238,238,14,0
218,238,238,15,0
218,238,238,16,0
218,238,238,17,0
218,238,238,18,0
218,238,238,19,0
218,238,238,20,0
218,238,238,21,0
218,238,238,0,1
218,239,239,1,149
218,239,239,2,137
218,239,239,3,20
218,239,239,4,0
218,239,239,5,1
218,239,239,6,1
218,239,239,7,2
218,239,239,8,210
218,239,239,9,0
218,239,239,10,0
218,239,239,11,0
218,239,239,12,0
218,239,239,13,0
218,239,239,14,0
218,239,239,15,0
218,239,239,16,0
218,239,239,17,1
218,239,239,18,0
218,239,239,19,0
218,239,239,20,0
218,239,239,21,0
218,239,239,0,0
218,240,240,1,156
218,240,240,2,120
218,240,240,3,20
218,240,240,4,0
218,240,240,5,0
218,240,240,6,0
218,240,240,7,1
218,240,240,8,217
218,240,240,9,0
218,240,240,10,0
218,240,240,11,0
218,240,240,12,0
218,240,240,13,0
218,240,240,14,0
218,240,240,15,0
218,240,240,16,1
218,240,240,17,0
218,240,240,18,1
218,240,240,19,0
218,240,240,20,1
218,240,240,21,0
218,240,240,0,1
218,241,241,1,236
218,241,241,2,158
218,241,241,3,43
218,241,241,4,1
218,241,241,5,0
218,241,241,6,1
218,241,241,7,0
218,241,241,8,256
218,241,241,9,2
218,241,241,10,1
218,241,241,11,0
218,241,241,12,0
218,241,241,13,0
218,241,241,14,0
218,241,241,15,0
218,241,241,16,0
218,241,241,17,0
218,241,241,18,0
218,241,241,19,0
218,241,241,20,0
218,241,241,21,0
218,241,241,0,2
218,242,242,1,226
218,242,242,2,120
218,242,242,3,28
218,242,242,4,0
218,242,242,5,0
218,242,242,6,0
218,242,242,7,0
218,242,242,8,191
218,242,242,9,0
218,242,242,10,0
218,242,242,11,0
218,242,242,12,0
218,242,242,13,1
218,242,242,14,0
218,242,242,15,0
218,242,242,16,2
218,242,242,17,0
218,242,242,18,0
218,242,242,19,0
218,242,242,20,0
218,242,242,21,0
218,242,242,0,2
218,243,243,1,113
218,243,243,2,133
218,243,243,3,19
218,243,243,4,0
218,243,243,5,0
218,243,243,6,0
218,243,243,7,3
218,243,243,8,200
218,243,243,9,0
218,243,243,10,0
218,243,243,11,0
218,243,243,12,0
218,243,243,13,1
218,243,243,14,0
218,243,243,15,0
218,243,243,16,1
218,243,243,17,1
218,243,243,18,0
218,243,243,19,0
218,243,243,20,0
218,243,243,21,1
218,243,243,0,2
218,244,244,1,71
218,244,244,2,120
218,244,244,3,23
218,244,244,4,0
218,244,244,5,0
218,244,244,6,0
218,244,244,7,3
218,244,244,8,118
218,244,244,9,0
218,244,244,10,2
218,244,244,11,0
218,244,244,12,0
218,244,244,13,0
218,244,244,14,0
218,244,244,15,0
218,244,244,16,0
218,244,244,17,0
218,244,244,18,1
218,244,244,19,0
218,244,244,20,0
218,244,244,21,0
218,244,244,0,1
218,245,245,1,85
218,245,245,2,142
218,245,245,3,30
218,245,245,4,2
218,245,245,5,0
218,245,245,6,0
218,245,245,7,2
218,245,245,8,163
218,245,245,9,0
218,245,245,10,2
218,245,245,11,0
218,245,245,12,0
218,245,245,13,0
218,245,245,14,0
218,245,245,15,1
218,245,245,16,0
218,245,245,17,0
218,245,245,18,0
218,245,245,19,1
218,245,245,20,1
218,245,245,21,0
218,245,245,0,2
218,246,246,1,122
218,246,246,2,255
218,246,246,3,49
218,246,246,4,1
218,246,246,5,0
218,246,246,6,3
218,246,246,7,1
218,246,246,8,259
218,246,246,9,0
218,246,246,10,5
218,246,246,11,0
218,246,246,12,1
218,246,246,13,0
218,246,246,14,0
218,246,246,15,1
218,246,246,16,3
218,246,246,17,0
218,246,246,18,2
218,246,246,19,1
218,246,246,20,0
218,246,246,21,0
218,246,246,0,2
218,247,247,1,97
218,247,247,2,183
218,247,247,3,33
218,247,247,4,1
218,247,247,5,0
218,247,247,6,0
218,247,247,7,1
218,247,247,8,197
218,247,247,9,0
218,247,247,10,5
218,247,247,11,0
218,247,247,12,1
218,247,247,13,1
218,247,247,14,0
218,247,247,15,0
218,247,247,16,0
218,247,247,17,2
218,247,247,18,2
218,247,247,19,0
218,247,247,20,0
218,247,247,21,0
218,247,247,0,2
218,248,248,1,87
218,248,248,2,157
218,248,248,3,24
218,248,248,4,1
218,248,248,5,0
218,248,248,6,2
218,248,248,7,1
218,248,248,8,159
218,248,248,9,1
218,248,248,10,0
218,248,248,11,0
218,248,248,12,0
218,248,248,13,0
218,248,248,14,0
218,248,248,15,0
218,248,248,16,0
218,248,248,17,0
218,248,248,18,1
218,248,248,19,1
218,248,248,20,1
218,248,248,21,0
218,248,248,0,4
218,249,249,1,190
218,249,249,2,182
218,249,249,3,71
218,249,249,4,1
218,249,249,5,0
218,249,249,6,0
218,249,249,7,1
218,249,249,8,260
218,249,249,9,0
218,249,249,10,0
218,249,249,11,0
218,249,249,12,1
218,249,249,13,1
218,249,249,14,0
218,249,249,15,1
218,249,249,16,1
218,249,249,17,0
218,249,249,18,2
218,249,249,19,1
218,249,249,20,0
218,249,249,21,0
218,249,249,0,5
218,250,250,1,131
218,250,250,2,190
218,250,250,3,46
218,250,250,4,1
218,250,250,5,0
218,250,250,6,0
218,250,250,7,3
218,250,250,8,289
218,250,250,9,0
218,250,250,10,2
218,250,250,11,0
218,250,250,12,1
218,250,250,13,0
218,250,250,14,1
218,250,250,15,0
218,250,250,16,0
218,250,250,17,0
218,250,250,18,0
218,250,250,19,0
218,250,250,20,1
218,250,250,21,0
218,250,250,0,3
218,251,251,1,185
218,251,251,2,175
218,251,251,3,57
218,251,251,4,0
218,251,251,5,1
218,251,251,6,1
218,251,251,7,0
218,251,251,8,300
218,251,251,9,0
218,251,251,10,0
218,251,251,11,0
218,251,251,12,0
218,251,251,13,0
218,251,251,14,3
218,251,251,15,1
218,251,251,16,2
218,251,251,17,2
218,251,251,18,1
218,251,251,19,0
218,251,251,20,0
218,251,251,21,0
218,251,251,0,1
218,252,252,1,205
218,252,252,2,149
218,252,252,3,35
218,252,252,4,1
218,252,252,5,0
218,252,252,6,0
218,252,252,7,0
218,252,252,8,296
218,252,252,9,0
218,252,252,10,0
218,252,252,11,0
218,252,252,12,0
218,252,252,13,0
218,252,252,14,0
218,252,252,15,0
218,252,252,16,0
218,252,252,17,1
218,252,252,18,0
218,252,252,19,1
218,252,252,20,0
218,252,252,21,0
218,252,252,0,4
218,253,253,1,200
218,253,253,2,164
218,253,253,3,50
218,253,253,4,1
218,253,253,5,0
218,253,253,6,2
218,253,253,7,0
218,253,253,8,209
218,253,253,9,0
218,253,253,10,3
218,253,253,11,0
218,253,253,12,0
218,253,253,13,0
218,253,253,14,0
218,253,253,15,0
218,253,253,16,1
218,253,253,17,0
218,253,253,18,0
218,253,253,19,0
218,253,253,20,0
218,253,253,21,0
218,253,253,0,1
218,254,254,1,146
218,254,254,2,184
218,254,254,3,57
218,254,254,4,1
218,254,254,5,0
218,254,254,6,0
218,254,254,7,0
218,254,254,8,262
218,254,254,9,0
218,254,254,10,0
218,254,254,11,0
218,254,254,12,1
218,254,254,13,0
218,254,254,14,0
218,254,254,15,0
218,254,254,16,0
218,254,254,17,0
218,254,254,18,0
218,254,254,19,0
218,254,254,20,1
218,254,254,21,0
218,254,254,0,11
218,255,255,1,69
218,255,255,2,175
218,255,255,3,18
218,255,255,4,1
218,255,255,5,0
218,255,255,6,1
218,255,255,7,2
218,255,255,8,386
218,255,255,9,2
218,255,255,10,1
218,255,255,11,0
218,255,255,12,0
218,255,255,13,0
218,255,255,14,2
218,255,255,15,1
218,255,255,16,1
218,255,255,17,0
218,255,255,18,0
218,255,255,19,0
218,255,255,20,0
218,255,255,21,0
218,255,255,0,0
218,256,256,1,56
218,256,256,2,154
218,256,256,3,25
218,256,256,4,0
218,256,256,5,1
218,256,256,6,0
218,256,256,7,0
218,256,256,8,190
218,256,256,9,0
218,256,256,10,4
218,256,256,11,0
218,256,256,12,1
218,256,256,13,1
218,256,256,14,0
218,256,256,15,0
218,256,256,16,1
218,256,256,17,0
218,256,256,18,0
218,256,256,19,0
218,256,256,20,1
218,256,256,21,0
218,256,256,0,1
218,257,257,1,121
218,257,257,2,223
218,257,257,3,40
218,257,257,4,0
218,257,257,5,0
218,257,257,6,0
218,257,257,7,0
218,257,257,8,263
218,257,257,9,1
218,257,257,10,16
218,257,257,11,0
218,257,257,12,0
218,257,257,13,0
218,257,257,14,0
218,257,257,15,1
218,257,257,16,3
218,257,257,17,3
218,257,257,18,0
218,257,257,19,0
218,257,257,20,0
218,257,257,21,1
218,257,257,0,3
218,258,258,1,113
218,258,258,2,231
218,258,258,3,18
218,258,258,4,0
218,258,258,5,0
218,258,258,6,2
218,258,258,7,3
218,258,258,8,289
218,258,258,9,1
218,258,258,10,11
218,258,258,11,0
218,258,258,12,0
218,258,258,13,0
218,258,258,14,0
218,258,258,15,0
218,258,258,16,2
218,258,258,17,0
218,258,258,18,0
218,258,258,19,1
218,258,258,20,2
218,258,258,21,0
218,258,258,0,7
218,259,259,1,110
218,259,259,2,63
218,259,259,3,22
218,259,259,4,0
218,259,259,5,0
218,259,259,6,0
218,259,259,7,0
218,259,259,8,166
218,259,259,9,0
218,259,259,10,0
218,259,259,11,0
218,259,259,12,0
218,259,259,13,0
218,259,259,14,0
218,259,259,15,0
218,259,259,16,0
218,259,259,17,1
218,259,259,18,0
218,259,259,19,0
218,259,259,20,0
218,259,259,21,0
218,259,259,0,0
218,260,260,1,128
218,260,260,2,136
218,260,260,3,24
218,260,260,4,0
218,260,260,5,1
218,260,260,6,0
218,260,260,7,1
218,260,260,8,162
218,260,260,9,0
218,260,260,10,1
218,260,260,11,0
218,260,260,12,0
218,260,260,13,0
218,260,260,14,0
218,260,260,15,0
218,260,260,16,0
218,260,260,17,1
218,260,260,18,0
218,260,260,19,0
218,260,260,20,0
218,260,260,21,1
218,260,260,0,0
218,261,261,1,174
218,261,261,2,231
218,261,261,3,49
218,261,261,4,0
218,261,261,5,0
218,261,261,6,1
218,261,261,7,1
218,261,261,8,288
218,261,261,9,0
218,261,261,10,1
218,261,261,11,0
218,261,261,12,0
218,261,261,13,0
218,261,261,14,0
218,261,261,15,0
218,261,261,16,1
218,261,261,17,0
218,261,261,18,0
218,261,261,19,0
218,261,261,20,0
218,261,261,21,0
218,261,261,0,6
218,262,262,1,160
218,262,262,2,73
218,262,262,3,23
218,262,262,4,0
218,262,262,5,1
218,262,262,6,0
218,262,262,7,1
218,262,262,8,155
218,262,262,9,0
218,262,262,10,0
218,262,262,11,0
218,262,262,12,0
218,262,262,13,1
218,262,262,14,0
218,262,262,15,0
218,262,262,16,0
218,262,262,17,1
218,262,262,18,0
218,262,262,19,1
218,262,262,20,0
218,262,262,21,0
218,262,262,0,3
218,263,263,1,188
218,263,263,2,91
218,263,263,3,21
218,263,263,4,0
218,263,263,5,0
218,263,263,6,1
218,263,263,7,0
218,263,263,8,120
218,263,263,9,0
218,263,263,10,3
218,263,263,11,0
218,263,263,12,0
218,263,263,13,0
218,263,263,14,0
218,263,263,15,0
218,263,263,16,0
218,263,263,17,1
218,263,263,18,1
218,263,263,19,0
218,263,263,20,0
218,263,263,21,0
218,263,263,0,5
218,264,264,1,146
218,264,264,2,105
218,264,264,3,31
218,264,264,4,1
218,264,264,5,1
218,264,264,6,1
218,264,264,7,0
218,264,264,8,171
218,264,264,9,1
218,264,264,10,0
218,264,264,11,0
218,264,264,12,0
218,264,264,13,1
218,264,264,14,0
218,264,264,15,0
218,264,264,16,1
218,264,264,17,1
218,264,264,18,0
218,264,264,19,1
218,264,264,20,0
218,264,264,21,0
218,264,264,0,1
218,265,265,1,133
218,265,265,2,109
218,265,265,3,20
218,265,265,4,0
218,265,265,5,0
218,265,265,6,0
218,265,265,7,1
218,265,265,8,181
218,265,265,9,0
218,265,265,10,1
218,265,265,11,1
218,265,265,12,0
218,265,265,13,0
218,265,265,14,0
218,265,265,15,0
218,265,265,16,0
218,265,265,17,0
218,265,265,18,1
218,265,265,19,0
218,265,265,20,0
218,265,265,21,0
218,265,265,0,1
218,266,266,1,136
218,266,266,2,206
218,266,266,3,30
218,266,266,4,0
218,266,266,5,0
218,266,266,6,3
218,266,266,7,1
218,266,266,8,217
218,266,266,9,0
218,266,266,10,0
218,266,266,11,0
218,266,266,12,0
218,266,266,13,0
218,266,266,14,1
218,266,266,15,0
218,266,266,16,1
218,266,266,17,0
218,266,266,18,3
218,266,266,19,1
218,266,266,20,0
218,266,266,21,0
218,266,266,0,1
218,267,267,1,128
218,267,267,2,281
218,267,267,3,45
218,267,267,4,1
218,267,267,5,1
218,267,267,6,2
218,267,267,7,4
218,267,267,8,240
218,267,267,9,1
218,267,267,10,0
218,267,267,11,0
218,267,267,12,0
218,267,267,13,1
218,267,267,14,0
218,267,267,15,1
218,267,267,16,0
218,267,267,17,2
218,267,267,18,1
218,267,267,19,1
218,267,267,20,0
218,267,267,21,0
218,267,267,0,1
218,268,268,1,200
218,268,268,2,176
218,268,268,3,33
218,268,268,4,1
218,268,268,5,0
218,268,268,6,1
218,268,268,7,5
218,268,268,8,251
218,268,268,9,1
218,268,268,10,0
218,268,268,11,0
218,268,268,12,0
218,268,268,13,0
218,268,268,14,0
218,268,268,15,0
218,268,268,16,1
218,268,268,17,0
218,268,268,18,0
218,268,268,19,0
218,268,268,20,0
218,268,268,21,0
218,268,268,0,0
218,269,269,1,192
218,269,269,2,149
218,269,269,3,25
218,269,269,4,0
218,269,269,5,0
218,269,269,6,1
218,269,269,7,0
218,269,269,8,166
218,269,269,9,0
218,269,269,10,0
218,269,269,11,0
218,269,269,12,0
218,269,269,13,0
218,269,269,14,0
218,269,269,15,0
218,269,269,16,0
218,269,269,17,0
218,269,269,18,1
218,269,269,19,0
218,269,269,20,0
218,269,269,21,1
218,269,269,0,1
218,270,270,1,60
218,270,270,2,84
218,270,270,3,12
218,270,270,4,0
218,270,270,5,0
218,270,270,6,0
218,270,270,7,0
218,270,270,8,81
218,270,270,9,0
218,270,270,10,0
218,270,270,11,0
218,270,270,12,0
218,270,270,13,0
218,270,270,14,0
218,270,270,15,1
218,270,270,16,0
218,270,270,17,0
218,270,270,18,1
218,270,270,19,0
218,270,270,20,0
218,270,270,21,0
218,270,270,0,0
218,271,271,1,135
218,271,271,2,148
218,271,271,3,32
218,271,271,4,0
218,271,271,5,0
218,271,271,6,1
218,271,271,7,0
218,271,271,8,236
218,271,271,9,0
218,271,271,10,0
218,271,271,11,0
218,271,271,12,0
218,271,271,13,0
218,271,271,14,0
218,271,271,15,1
218,271,271,16,0
218,271,271,17,1
218,271,271,18,0
218,271,271,19,0
218,271,271,20,1
218,271,271,21,0
218,271,271,0,0
218,272,272,1,129
218,272,272,2,102
218,272,272,3,26
218,272,272,4,0
218,272,272,5,0
218,272,272,6,0
218,272,272,7,0
218,272,272,8,196
218,272,272,9,0
218,272,272,10,1
218,272,272,11,0
218,272,272,12,0
218,272,272,13,0
218,272,272,14,0
218,272,272,15,0
218,272,272,16,0
218,272,272,17,0
218,272,272,18,0
218,272,272,19,0
218,272,272,20,0
218,272,272,21,0
218,272,272,0,4
218,273,273,1,189
218,273,273,2,167
218,273,273,3,51
218,273,273,4,0
218,273,273,5,0
218,273,273,6,0
218,273,273,7,3
218,273,273,8,289
218,273,273,9,1
218,273,273,10,0
218,273,273,11,0
218,273,273,12,0
218,273,273,13,0
218,273,273,14,1
218,273,273,15,0
218,273,273,16,3
218,273,273,17,3
218,273,273,18,1
218,273,273,19,0
218,273,273,20,1
218,273,273,21,0
218,273,273,0,4
218,274,274,1,110
218,274,274,2,88
218,274,274,3,12
218,274,274,4,2
218,274,274,5,0
218,274,274,6,1
218,274,274,7,0
218,274,274,8,144
218,274,274,9,0
218,274,274,10,4
218,274,274,11,0
218,274,274,12,1
218,274,274,13,0
218,274,274,14,2
218,274,274,15,0
218,274,274,16,0
218,274,274,17,1
218,274,274,18,1
218,274,274,19,0
218,274,274,20,0
218,274,274,21,0
218,274,274,0,0
218,275,275,1,111
218,275,275,2,149
218,275,275,3,41
218,275,275,4,0
218,275,275,5,1
218,275,275,6,0
218,275,275,7,2
218,275,275,8,251
218,275,275,9,0
218,275,275,10,10
218,275,275,11,0
218,275,275,12,1
218,275,275,13,1
218,275,275,14,1
218,275,275,15,0
218,275,275,16,1
218,275,275,17,0
218,275,275,18,0
218,275,275,19,0
218,275,275,20,0
218,275,275,21,0
218,275,275,0,1
218,276,276,1,91
218,276,276,2,194
218,276,276,3,46
218,276,276,4,1
218,276,276,5,0
218,276,276,6,0
218,276,276,7,0
218,276,276,8,235
218,276,276,9,0
218,276,276,10,4
218,276,276,11,0
218,276,276,12,0
218,276,276,13,0
218,276,276,14,1
218,276,276,15,0
218,276,276,16,2
218,276,276,17,2
218,276,276,18,0
218,276,276,19,1
218,276,276,20,1
218,276,276,21,0
218,276,276,0,4
218,277,277,1,110
218,277,277,2,204
218,277,277,3,63
218,277,277,4,2
218,277,277,5,0
218,277,277,6,0
218,277,277,7,1
218,277,277,8,318
218,277,277,9,1
218,277,277,10,23
218,277,277,11,0
218,277,277,12,0
218,277,277,13,0
218,277,277,14,2
218,277,277,15,1
218,277,277,16,2
218,277,277,17,0
218,277,277,18,0
218,277,277,19,0
218,277,277,20,1
218,277,277,21,0
218,277,277,0,3
218,278,278,1,97
218,278,278,2,85
218,278,278,3,19
218,278,278,4,0
218,278,278,5,0
218,278,278,6,0
218,278,278,7,0
218,278,278,8,116
218,278,278,9,1
218,278,278,10,2
218,278,278,11,0
218,278,278,12,0
218,278,278,13,1
218,278,278,14,0
218,278,278,15,0
218,278,278,16,0
218,278,278,17,0
218,278,278,18,2
218,278,278,19,0
218,278,278,20,0
218,278,278,21,0
218,278,278,0,1
218,279,279,1,84
218,279,279,2,109
218,279,279,3,28
218,279,279,4,0
218,279,279,5,0
218,279,279,6,0
218,279,279,7,1
218,279,279,8,166
218,279,279,9,0
218,279,279,10,0
218,279,279,11,0
218,279,279,12,0
218,279,279,13,0
218,279,279,14,0
218,279,279,15,0
218,279,279,16,0
218,279,279,17,0
218,279,279,18,0
218,279,279,19,0
218,279,279,20,0
218,279,279,21,0
218,279,279,0,0
218,280,280,1,103
218,280,280,2,79
218,280,280,3,37
218,280,280,4,0
218,280,280,5,0
218,280,280,6,0
218,280,280,7,1
218,280,280,8,174
218,280,280,9,0
218,280,280,10,1
218,280,280,11,1
218,280,280,12,0
218,280,280,13,0
218,280,280,14,0
218,280,280,15,0
218,280,280,16,0
218,280,280,17,1
218,280,280,18,0
218,280,280,19,0
218,280,280,20,1
218,280,280,21,0
218,280,280,0,0
218,281,281,1,90
218,281,281,2,99
218,281,281,3,20
218,281,281,4,0
218,281,281,5,0
218,281,281,6,0
218,281,281,7,0
218,281,281,8,105
218,281,281,9,0
218,281,281,10,0
218,281,281,11,0
218,281,281,12,0
218,281,281,13,0
218,281,281,14,0
218,281,281,15,0
218,281,281,16,0
218,281,281,17,0
218,281,281,18,0
218,281,281,19,0
218,281,281,20,0
218,281,281,21,0
218,281,281,0,3
218,282,282,1,116
218,282,282,2,85
218,282,282,3,25
218,282,282,4,1
218,282,282,5,0
218,282,282,6,0
218,282,282,7,0
218,282,282,8,133
218,282,282,9,0
218,282,282,10,0
218,282,282,11,0
218,282,282,12,0
218,282,282,13,0
218,282,282,14,0
218,282,282,15,1
218,282,282,16,0
218,282,282,17,0
218,282,282,18,0
218,282,282,19,0
218,282,282,20,0
218,282,282,21,0
218,282,282,0,2
218,283,283,1,125
218,283,283,2,119
218,283,283,3,21
218,283,283,4,0
218,283,283,5,0
218,283,283,6,0
218,283,283,7,3
218,283,283,8,180
218,283,283,9,0
218,283,283,10,2
218,283,283,11,0
218,283,283,12,0
218,283,283,13,0
218,283,283,14,0
218,283,283,15,0
218,283,283,16,1
218,283,283,17,0
218,283,283,18,0
218,283,283,19,0
218,283,283,20,0
218,283,283,21,0
218,283,283,0,3
218,284,284,1,84
218,284,284,2,135
218,284,284,3,25
218,284,284,4,2
218,284,284,5,1
218,284,284,6,1
218,284,284,7,0
218,284,284,8,148
218,284,284,9,0
218,284,284,10,6
218,284,284,11,0
218,284,284,12,0
218,284,284,13,0
218,284,284,14,0
218,284,284,15,0
218,284,284,16,0
218,284,284,17,0
218,284,284,18,0
218,284,284,19,0
218,284,284,20,0
218,284,284,21,0
218,284,284,0,1
218,285,285,1,131
218,285,285,2,126
218,285,285,3,39
218,285,285,4,0
218,285,285,5,0
218,285,285,6,1
218,285,285,7,0
218,285,285,8,193
218,285,285,9,1
218,285,285,10,7
218,285,285,11,0
218,285,285,12,0
218,285,285,13,0
218,285,285,14,0
218,285,285,15,0
218,285,285,16,0
218,285,285,17,0
218,285,285,18,0
218,285,285,19,0
218,285,285,20,0
218,285,285,21,0
218,285,285,0,5
218,286,286,1,130
218,286,286,2,104
218,286,286,3,35
218,286,286,4,1
218,286,286,5,0
218,286,286,6,0
218,286,286,7,0
218,286,286,8,325
218,286,286,9,1
218,286,286,10,4
218,286,286,11,0
218,286,286,12,0
218,286,286,13,0
218,286,286,14,0
218,286,286,15,0
218,286,286,16,0
218,286,286,17,1
218,286,286,18,1
218,286,286,19,0
218,286,286,20,0
218,286,286,21,0
218,286,286,0,3
218,287,287,1,158
218,287,287,2,153
218,287,287,3,36
218,287,287,4,1
218,287,287,5,0
218,287,287,6,0
218,287,287,7,2
218,287,287,8,252
218,287,287,9,0
218,287,287,10,3
218,287,287,11,0
218,287,287,12,0
218,287,287,13,0
218,287,287,14,0
218,287,287,15,0
218,287,287,16,0
218,287,287,17,1
218,287,287,18,1
218,287,287,19,0
218,287,287,20,1
218,287,287,21,0
218,287,287,0,2
218,288,288,1,105
218,288,288,2,104
218,288,288,3,23
218,288,288,4,0
218,288,288,5,0
218,288,288,6,0
218,288,288,7,0
218,288,288,8,190
218,288,288,9,0
218,288,288,10,0
218,288,288,11,0
218,288,288,12,0
218,288,288,13,0
218,288,288,14,1
218,288,288,15,0
218,288,288,16,1
218,288,288,17,0
218,288,288,18,0
218,288,288,19,0
218,288,288,20,0
218,288,288,21,0
218,288,288,0,0
218,289,289,1,92
218,289,289,2,71
218,289,289,3,19
218,289,289,4,0
218,289,289,5,0
218,289,289,6,1
218,289,289,7,0
218,289,289,8,142
218,289,289,9,0
218,289,289,10,1
218,289,289,11,0
218,289,289,12,0
218,289,289,13,0
218,289,289,14,0
218,289,289,15,0
218,289,289,16,0
218,289,289,17,0
218,289,289,18,0
218,289,289,19,0
218,289,289,20,0
218,289,289,21,0
218,289,289,0,1
218,290,290,1,130
218,290,290,2,115
218,290,290,3,36
218,290,290,4,1
218,290,290,5,0
218,290,290,6,0
218,290,290,7,0
218,290,290,8,175
218,290,290,9,0
218,290,290,10,3
218,290,290,11,0
218,290,290,12,1
218,290,290,13,0
218,290,290,14,1
218,290,290,15,0
218,290,290,16,0
218,290,290,17,0
218,290,290,18,0
218,290,290,19,0
218,290,290,20,0
218,290,290,21,0
218,290,290,0,2
218,290,290,1,141
218,290,290,2,125
218,290,290,3,31
218,290,290,4,1
218,290,290,5,0
218,290,290,6,2
218,290,290,7,2
218,290,290,8,200
218,290,290,9,0
218,290,290,10,5
218,290,290,11,0
218,290,290,12,0
218,290,290,13,0
218,290,290,14,0
218,290,290,15,0
218,290,290,16,1
218,290,290,17,0
218,290,290,18,0
218,290,290,19,0
218,290,290,20,0
218,290,290,21,0
218,290,290,0,2
218,291,291,1,152
218,291,291,2,176
218,291,291,3,32
218,291,291,4,0
218,291,291,5,1
218,291,291,6,2
218,291,291,7,1
218,291,291,8,101
218,291,291,9,0
218,291,291,10,4
218,291,291,11,0
218,291,291,12,0
218,291,291,13,0
218,291,291,14,1
218,291,291,15,0
218,291,291,16,0
218,291,291,17,0
218,291,291,18,0
218,291,291,19,0
218,291,291,20,0
218,291,291,21,0
218,291,291,0,0
218,291,291,1,117
218,291,291,2,90
218,291,291,3,35
218,291,291,4,0
218,291,291,5,0
218,291,291,6,0
218,291,291,7,0
218,291,291,8,234
218,291,291,9,0
218,291,291,10,1
218,291,291,11,0
218,291,291,12,0
218,291,291,13,0
218,291,291,14,0
218,291,291,15,0
218,291,291,16,0
218,291,291,17,1
218,291,291,18,0
218,291,291,19,0
218,291,291,20,0
218,291,291,21,0
218,291,291,0,3
218,292,292,1,278
218,292,292,2,261
218,292,292,3,72
218,292,292,4,3
218,292,292,5,0
218,292,292,6,2
218,292,292,7,1
218,292,292,8,196
218,292,292,9,0
218,292,292,10,14
218,292,292,11,1
218,292,292,12,1
218,292,292,13,0
218,292,292,14,0
218,292,292,15,1
218,292,292,16,0
218,292,292,17,4
218,292,292,18,5
218,292,292,19,0
218,292,292,20,1
218,292,292,21,1
218,292,292,0,3
218,292,292,1,117
218,292,292,2,192
218,292,292,3,35
218,292,292,4,0
218,292,292,5,0
218,292,292,6,0
218,292,292,7,1
218,292,292,8,127
218,292,292,9,0
218,292,292,10,18
218,292,292,11,0
218,292,292,12,0
218,292,292,13,0
218,292,292,14,0
218,292,292,15,0
218,292,292,16,0
218,292,292,17,1
218,292,292,18,0
218,292,292,19,0
218,292,292,20,1
218,292,292,21,0
218,292,292,0,3
218,293,293,1,88
218,293,293,2,208
218,293,293,3,37
218,293,293,4,0
218,293,293,5,0
218,293,293,6,0
218,293,293,7,0
218,293,293,8,99
218,293,293,9,0
218,293,293,10,14
218,293,293,11,0
218,293,293,12,0
218,293,293,13,1
218,293,293,14,0
218,293,293,15,0
218,293,293,16,0
218,293,293,17,2
218,293,293,18,2
218,293,293,19,0
218,293,293,20,0
218,293,293,21,0
218,293,293,0,2
218,294,294,1,242
218,294,294,2,370
218,294,294,3,83
218,294,294,4,1
218,294,294,5,0
218,294,294,6,4
218,294,294,7,0
218,294,294,8,213
218,294,294,9,0
218,294,294,10,0
218,294,294,11,0
218,294,294,12,3
218,294,294,13,0
218,294,294,14,0
218,294,294,15,2
218,294,294,16,0
218,294,294,17,1
218,294,294,18,0
218,294,294,19,1
218,294,294,20,1
218,294,294,21,0
218,294,294,0,0
218,295,295,1,162
218,295,295,2,295
218,295,295,3,26
218,295,295,4,1
218,295,295,5,0
218,295,295,6,0
218,295,295,7,1
218,295,295,8,222
218,295,295,9,0
218,295,295,10,6
218,295,295,11,0
218,295,295,12,0
218,295,295,13,1
218,295,295,14,0
218,295,295,15,3
218,295,295,16,2
218,295,295,17,5
218,295,295,18,5
218,295,295,19,0
218,295,295,20,0
218,295,295,21,1
218,295,295,0,4
218,296,296,1,244
218,296,296,2,334
218,296,296,3,74
218,296,296,4,2
218,296,296,5,1
218,296,296,6,3
218,296,296,7,1
218,296,296,8,291
218,296,296,9,2
218,296,296,10,11
218,296,296,11,0
218,296,296,12,1
218,296,296,13,1
218,296,296,14,1
218,296,296,15,0
218,296,296,16,4
218,296,296,17,2
218,296,296,18,1
218,296,296,19,0
218,296,296,20,0
218,296,296,21,1
218,296,296,0,0
218,297,297,1,346
218,297,297,2,311
218,297,297,3,90
218,297,297,4,1
218,297,297,5,0
218,297,297,6,1
218,297,297,7,1
218,297,297,8,151
218,297,297,9,0
218,297,297,10,12
218,297,297,11,0
218,297,297,12,1
218,297,297,13,0
218,297,297,14,2
218,297,297,15,2
218,297,297,16,2
218,297,297,17,4
218,297,297,18,2
218,297,297,19,1
218,297,297,20,0
218,297,297,21,0
218,297,297,0,5
218,298,298,1,143
218,298,298,2,131
218,298,298,3,41
218,298,298,4,0
218,298,298,5,0
218,298,298,6,0
218,298,298,7,1
218,298,298,8,130
218,298,298,9,0
218,298,298,10,4
218,298,298,11,0
218,298,298,12,0
218,298,298,13,0
218,298,298,14,0
218,298,298,15,4
218,298,298,16,0
218,298,298,17,0
218,298,298,18,1
218,298,298,19,1
218,298,298,20,0
218,298,298,21,1
218,298,298,0,0
218,299,299,1,233
218,299,299,2,401
218,299,299,3,82
218,299,299,4,1
218,299,299,5,0
218,299,299,6,1
218,299,299,7,0
218,299,299,8,255
218,299,299,9,0
218,299,299,10,1
218,299,299,11,0
218,299,299,12,0
218,299,299,13,0
218,299,299,14,0
218,299,299,15,1
218,299,299,16,1
218,299,299,17,0
218,299,299,18,3
218,299,299,19,1
218,299,299,20,0
218,299,299,21,1
218,299,299,0,1
218,300,300,1,362
218,300,300,2,250
218,300,300,3,37
218,300,300,4,0
218,300,300,5,0
218,300,300,6,0
218,300,300,7,0
218,300,300,8,267
218,300,300,9,2
218,300,300,10,1
218,300,300,11,1
218,300,300,12,0
218,300,300,13,0
218,300,300,14,0
218,300,300,15,3
218,300,300,16,1
218,300,300,17,4
218,300,300,18,1
218,300,300,19,0
218,300,300,20,0
218,300,300,21,0
218,300,300,0,0
218,301,301,1,211
218,301,301,2,215
218,301,301,3,28
218,301,301,4,1
218,301,301,5,0
218,301,301,6,0
218,301,301,7,0
218,301,301,8,166
218,301,301,9,0
218,301,301,10,10
218,301,301,11,0
218,301,301,12,0
218,301,301,13,0
218,301,301,14,0
218,301,301,15,4
218,301,301,16,1
218,301,301,17,7
218,301,301,18,7
218,301,301,19,0
218,301,301,20,0
218,301,301,21,0
218,301,301,0,1
218,302,302,1,79
218,302,302,2,283
218,302,302,3,61
218,302,302,4,2
218,302,302,5,0
218,302,302,6,2
218,302,302,7,0
218,302,302,8,253
218,302,302,9,0
218,302,302,10,0
218,302,302,11,1
218,302,302,12,0
218,302,302,13,0
218,302,302,14,0
218,302,302,15,1
218,302,302,16,0
218,302,302,17,3
218,302,302,18,2
218,302,302,19,0
218,302,302,20,0
218,302,302,21,1
218,302,302,0,2
218,303,303,1,60
218,303,303,2,320
218,303,303,3,56
218,303,303,4,0
218,303,303,5,0
218,303,303,6,1
218,303,303,7,2
218,303,303,8,243
218,303,303,9,0
218,303,303,10,0
218,303,303,11,0
218,303,303,12,0
218,303,303,13,0
218,303,303,14,0
218,303,303,15,0
218,303,303,16,0
218,303,303,17,2
218,303,303,18,5
218,303,303,19,0
218,303,303,20,0
218,303,303,21,1
218,303,303,0,0
218,304,304,1,32
218,304,304,2,102
218,304,304,3,11
218,304,304,4,0
218,304,304,5,0
218,304,304,6,0
218,304,304,7,0
218,304,304,8,93
218,304,304,9,0
218,304,304,10,1
218,304,304,11,0
218,304,304,12,0
218,304,304,13,0
218,304,304,14,0
218,304,304,15,0
218,304,304,16,2
218,304,304,17,0
218,304,304,18,1
218,304,304,19,0
218,304,304,20,0
218,304,304,21,0
218,304,304,0,1
218,305,305,1,0
218,305,305,2,131
218,305,305,3,104
218,305,305,4,1
218,305,305,5,1
218,305,305,6,2
218,305,305,7,0
218,305,305,8,195
218,305,305,9,3
218,305,305,10,0
218,305,305,11,0
218,305,305,12,0
218,305,305,13,0
218,305,305,14,1
218,305,305,15,4
218,305,305,16,2
218,305,305,17,4
218,305,305,18,4
218,305,305,19,1
218,305,305,20,1
218,305,305,21,5
218,305,305,0,2
218,306,306,1,0
218,306,306,2,0
218,306,306,3,0
218,306,306,4,0
218,306,306,5,0
218,306,306,6,0
218,306,306,7,0
218,306,306,8,0
218,306,306,9,0
218,306,306,10,0
218,306,306,11,0
218,306,306,12,0
218,306,306,13,0
218,306,306,14,0
218,306,306,15,0
218,306,306,16,0
218,306,306,17,0
218,306,306,18,0
218,306,306,19,0
218,306,306,20,0
218,306,306,21,0
218,306,306,0,0
218,306,306,1,132
218,306,306,2,221
218,306,306,3,40
218,306,306,4,0
218,306,306,5,0
218,306,306,6,1
218,306,306,7,0
218,306,306,8,246
218,306,306,9,0
218,306,306,10,10
218,306,306,11,0
218,306,306,12,0
218,306,306,13,1
218,306,306,14,0
218,306,306,15,0
218,306,306,16,1
218,306,306,17,2
218,306,306,18,9
218,306,306,19,0
218,306,306,20,1
218,306,306,21,1
218,306,306,0,1
218,307,307,1,0
218,307,307,2,0
218,307,307,3,0
218,307,307,4,0
218,307,307,5,0
218,307,307,6,0
218,307,307,7,0
218,307,307,8,0
218,307,307,9,0
218,307,307,10,0
218,307,307,11,0
218,307,307,12,0
218,307,307,13,0
218,307,307,14,0
218,307,307,15,0
218,307,307,16,0
218,307,307,17,0
218,307,307,18,0
218,307,307,19,0
218,307,307,20,0
218,307,307,21,0
218,307,307,0,0
218,307,307,1,193
218,307,307,2,186
218,307,307,3,41
218,307,307,4,0
218,307,307,5,0
218,307,307,6,0
218,307,307,7,2
218,307,307,8,77
218,307,307,9,0
218,307,307,10,43
218,307,307,11,0
218,307,307,12,1
218,307,307,13,0
218,307,307,14,0
218,307,307,15,0
218,307,307,16,1
218,307,307,17,0
218,307,307,18,0
218,307,307,19,0
218,307,307,20,0
218,307,307,21,0
218,307,307,0,3
218,308,308,1,239
218,308,308,2,178
218,308,308,3,37
218,308,308,4,0
218,308,308,5,0
218,308,308,6,0
218,308,308,7,1
218,308,308,8,116
218,308,308,9,0
218,308,308,10,6
218,308,308,11,0
218,308,308,12,0
218,308,308,13,0
218,308,308,14,0
218,308,308,15,2
218,308,308,16,1
218,308,308,17,2
218,308,308,18,2
218,308,308,19,0
218,308,308,20,1
218,308,308,21,0
218,308,308,0,0
218,309,309,1,169
218,309,309,2,162
218,309,309,3,32
218,309,309,4,0
218,309,309,5,0
218,309,309,6,1
218,309,309,7,0
218,309,309,8,119
218,309,309,9,1
218,309,309,10,8
218,309,309,11,0
218,309,309,12,1
218,309,309,13,1
218,309,309,14,1
218,309,309,15,0
218,309,309,16,3
218,309,309,17,2
218,309,309,18,0
218,309,309,19,0
218,309,309,20,0
218,309,309,21,0
218,309,309,0,0
218,310,310,1,160
218,310,310,2,166
218,310,310,3,49
218,310,310,4,1
218,310,310,5,0
218,310,310,6,0
218,310,310,7,4
218,310,310,8,189
218,310,310,9,0
218,310,310,10,2
218,310,310,11,0
218,310,310,12,0
218,310,310,13,0
218,310,310,14,0
218,310,310,15,1
218,310,310,16,2
218,310,310,17,4
218,310,310,18,1
218,310,310,19,1
218,310,310,20,0
218,310,310,21,0
218,310,310,0,1
218,311,311,1,125
218,311,311,2,188
218,311,311,3,41
218,311,311,4,0
218,311,311,5,0
218,311,311,6,0
218,311,311,7,1
218,311,311,8,119
218,311,311,9,1
218,311,311,10,7
218,311,311,11,0
218,311,311,12,1
218,311,311,13,0
218,311,311,14,0
218,311,311,15,1
218,311,311,16,0
218,311,311,17,0
218,311,311,18,4
218,311,311,19,1
218,311,311,20,0
218,311,311,21,0
218,311,311,0,2
218,312,312,1,271
218,312,312,2,306
218,312,312,3,72
218,312,312,4,1
218,312,312,5,0
218,312,312,6,5
218,312,312,7,0
218,312,312,8,189
218,312,312,9,0
218,312,312,10,1
218,312,312,11,0
218,312,312,12,0
218,312,312,13,1
218,312,312,14,1
218,312,312,15,0
218,312,312,16,0
218,312,312,17,2
218,312,312,18,4
218,312,312,19,2
218,312,312,20,0
218,312,312,21,1
218,312,312,0,2
218,313,313,1,273
218,313,313,2,208
218,313,313,3,50
218,313,313,4,1
218,313,313,5,0
218,313,313,6,0
218,313,313,7,1
218,313,313,8,209
218,313,313,9,1
218,313,313,10,5
218,313,313,11,0
218,313,313,12,0
218,313,313,13,0
218,313,313,14,0
218,313,313,15,2
218,313,313,16,1
218,313,313,17,1
218,313,313,18,0
218,313,313,19,3
218,313,313,20,0
218,313,313,21,2
218,313,313,0,2
218,314,314,1,148
218,314,314,2,183
218,314,314,3,33
218,314,314,4,0
218,314,314,5,0
218,314,314,6,0
218,314,314,7,1
218,314,314,8,187
218,314,314,9,1
218,314,314,10,0
218,314,314,11,1
218,314,314,12,0
218,314,314,13,0
218,314,314,14,3
218,314,314,15,0
218,314,314,16,1
218,314,314,17,2
218,314,314,18,2
218,314,314,19,0
218,314,314,20,1
218,314,314,21,0
218,314,314,0,4
218,315,315,1,140
218,315,315,2,163
218,315,315,3,49
218,315,315,4,1
218,315,315,5,0
218,315,315,6,0
218,315,315,7,0
218,315,315,8,82
218,315,315,9,0
218,315,315,10,10
218,315,315,11,0
218,315,315,12,0
218,315,315,13,0
218,315,315,14,0
218,315,315,15,2
218,315,315,16,3
218,315,315,17,3
218,315,315,18,1
218,315,315,19,0
218,315,315,20,1
218,315,315,21,0
218,315,315,0,0
218,316,316,1,52393
218,316,316,2,60803
218,316,316,3,11691
218,316,316,4,186
218,316,316,5,50
218,316,316,6,437
218,316,316,7,353
218,316,316,8,60142
218,316,316,9,139
218,316,316,10,2932
218,316,316,11,50
218,316,316,12,103
218,316,316,13,94
218,316,316,14,176
218,316,316,15,275
218,316,316,16,398
218,316,316,17,366
218,316,316,18,376
218,316,316,19,77
218,316,316,20,69
218,316,316,21,90
218,316,316,0,574
218,317,317,1,53014
218,317,317,2,61643
218,317,317,3,11919
218,317,317,4,194
218,317,317,5,52
218,317,317,6,446
218,317,317,7,356
218,317,317,8,60800
218,317,317,9,139
218,317,317,10,2992
218,317,317,11,55
218,317,317,12,104
218,317,317,13,94
218,317,317,14,177
218,317,317,15,275
218,317,317,16,398
218,317,317,17,367
218,317,317,18,378
218,317,317,19,77
218,317,317,20,69
218,317,317,21,90
218,317,317,0,593
