ac_code,ps_serial_number,ps_code,candidate_serial_number,candidate_votes
219,0,0,1,598
219,0,0,2,325
219,0,0,3,1011
219,0,0,4,5
219,0,0,5,2
219,0,0,6,1
219,0,0,7,2
219,0,0,8,103
219,0,0,9,6
219,0,0,10,1182
219,0,0,11,243
219,0,0,12,3
219,0,0,13,1
219,0,0,14,8
219,0,0,15,1
219,0,0,16,4
219,0,0,17,2
219,0,0,18,0
219,0,0,19,0
219,0,0,20,0
219,0,0,0,31
219,1,1,1,0
219,1,1,2,0
219,1,1,3,0
219,1,1,4,0
219,1,1,5,0
219,1,1,6,0
219,1,1,7,0
219,1,1,8,0
219,1,1,9,0
219,1,1,10,0
219,1,1,11,0
219,1,1,12,0
219,1,1,13,0
219,1,1,14,0
219,1,1,15,0
219,1,1,16,0
219,1,1,17,0
219,1,1,18,0
219,1,1,19,0
219,1,1,20,0
219,1,1,0,0
219,1,1,1,88
219,1,1,2,41
219,1,1,3,408
219,1,1,4,3
219,1,1,5,1
219,1,1,6,0
219,1,1,7,0
219,1,1,8,26
219,1,1,9,7
219,1,1,10,133
219,1,1,11,3
219,1,1,12,0
219,1,1,13,0
219,1,1,14,1
219,1,1,15,1
219,1,1,16,0
219,1,1,17,0
219,1,1,18,1
219,1,1,19,2
219,1,1,20,0
219,1,1,0,0
219,2,2,1,84
219,2,2,2,45
219,2,2,3,521
219,2,2,4,5
219,2,2,5,0
219,2,2,6,0
219,2,2,7,0
219,2,2,8,31
219,2,2,9,2
219,2,2,10,107
219,2,2,11,0
219,2,2,12,0
219,2,2,13,2
219,2,2,14,8
219,2,2,15,0
219,2,2,16,1
219,2,2,17,1
219,2,2,18,2
219,2,2,19,2
219,2,2,20,0
219,2,2,0,0
219,3,3,1,100
219,3,3,2,28
219,3,3,3,244
219,3,3,4,0
219,3,3,5,0
219,3,3,6,0
219,3,3,7,2
219,3,3,8,3
219,3,3,9,0
219,3,3,10,365
219,3,3,11,2
219,3,3,12,1
219,3,3,13,0
219,3,3,14,2
219,3,3,15,0
219,3,3,16,2
219,3,3,17,0
219,3,3,18,0
219,3,3,19,0
219,3,3,20,0
219,3,3,0,2
219,4,4,1,92
219,4,4,2,47
219,4,4,3,148
219,4,4,4,3
219,4,4,5,0
219,4,4,6,0
219,4,4,7,1
219,4,4,8,3
219,4,4,9,0
219,4,4,10,323
219,4,4,11,1
219,4,4,12,0
219,4,4,13,1
219,4,4,14,1
219,4,4,15,3
219,4,4,16,2
219,4,4,17,1
219,4,4,18,1
219,4,4,19,2
219,4,4,20,1
219,4,4,0,1
219,5,5,1,70
219,5,5,2,24
219,5,5,3,60
219,5,5,4,0
219,5,5,5,0
219,5,5,6,0
219,5,5,7,1
219,5,5,8,4
219,5,5,9,2
219,5,5,10,147
219,5,5,11,15
219,5,5,12,0
219,5,5,13,0
219,5,5,14,0
219,5,5,15,0
219,5,5,16,0
219,5,5,17,1
219,5,5,18,0
219,5,5,19,0
219,5,5,20,0
219,5,5,0,1
219,6,6,1,138
219,6,6,2,35
219,6,6,3,112
219,6,6,4,1
219,6,6,5,0
219,6,6,6,1
219,6,6,7,0
219,6,6,8,2
219,6,6,9,1
219,6,6,10,168
219,6,6,11,17
219,6,6,12,0
219,6,6,13,1
219,6,6,14,1
219,6,6,15,0
219,6,6,16,0
219,6,6,17,0
219,6,6,18,0
219,6,6,19,0
219,6,6,20,0
219,6,6,0,4
219,7,7,1,128
219,7,7,2,42
219,7,7,3,174
219,7,7,4,2
219,7,7,5,1
219,7,7,6,0
219,7,7,7,2
219,7,7,8,2
219,7,7,9,4
219,7,7,10,181
219,7,7,11,26
219,7,7,12,0
219,7,7,13,0
219,7,7,14,0
219,7,7,15,0
219,7,7,16,1
219,7,7,17,0
219,7,7,18,0
219,7,7,19,1
219,7,7,20,0
219,7,7,0,1
219,8,8,1,94
219,8,8,2,22
219,8,8,3,94
219,8,8,4,0
219,8,8,5,0
219,8,8,6,0
219,8,8,7,0
219,8,8,8,3
219,8,8,9,1
219,8,8,10,105
219,8,8,11,18
219,8,8,12,0
219,8,8,13,1
219,8,8,14,0
219,8,8,15,0
219,8,8,16,1
219,8,8,17,0
219,8,8,18,0
219,8,8,19,0
219,8,8,20,0
219,8,8,0,2
219,9,9,1,119
219,9,9,2,43
219,9,9,3,160
219,9,9,4,1
219,9,9,5,0
219,9,9,6,0
219,9,9,7,2
219,9,9,8,2
219,9,9,9,1
219,9,9,10,309
219,9,9,11,2
219,9,9,12,0
219,9,9,13,1
219,9,9,14,0
219,9,9,15,0
219,9,9,16,2
219,9,9,17,0
219,9,9,18,1
219,9,9,19,2
219,9,9,20,1
219,9,9,0,4
219,10,10,1,121
219,10,10,2,53
219,10,10,3,166
219,10,10,4,1
219,10,10,5,1
219,10,10,6,0
219,10,10,7,1
219,10,10,8,7
219,10,10,9,1
219,10,10,10,202
219,10,10,11,0
219,10,10,12,1
219,10,10,13,0
219,10,10,14,1
219,10,10,15,0
219,10,10,16,1
219,10,10,17,0
219,10,10,18,0
219,10,10,19,0
219,10,10,20,0
219,10,10,0,3
219,11,11,1,141
219,11,11,2,17
219,11,11,3,52
219,11,11,4,2
219,11,11,5,1
219,11,11,6,4
219,11,11,7,4
219,11,11,8,4
219,11,11,9,3
219,11,11,10,117
219,11,11,11,190
219,11,11,12,1
219,11,11,13,0
219,11,11,14,1
219,11,11,15,0
219,11,11,16,7
219,11,11,17,4
219,11,11,18,2
219,11,11,19,2
219,11,11,20,0
219,11,11,0,2
219,12,12,1,126
219,12,12,2,30
219,12,12,3,92
219,12,12,4,1
219,12,12,5,0
219,12,12,6,0
219,12,12,7,0
219,12,12,8,2
219,12,12,9,1
219,12,12,10,139
219,12,12,11,92
219,12,12,12,0
219,12,12,13,1
219,12,12,14,2
219,12,12,15,0
219,12,12,16,6
219,12,12,17,1
219,12,12,18,0
219,12,12,19,0
219,12,12,20,0
219,12,12,0,1
219,13,13,1,80
219,13,13,2,39
219,13,13,3,200
219,13,13,4,0
219,13,13,5,0
219,13,13,6,1
219,13,13,7,0
219,13,13,8,6
219,13,13,9,2
219,13,13,10,195
219,13,13,11,2
219,13,13,12,1
219,13,13,13,1
219,13,13,14,2
219,13,13,15,2
219,13,13,16,3
219,13,13,17,0
219,13,13,18,0
219,13,13,19,0
219,13,13,20,0
219,13,13,0,1
219,14,14,1,115
219,14,14,2,80
219,14,14,3,182
219,14,14,4,0
219,14,14,5,2
219,14,14,6,2
219,14,14,7,3
219,14,14,8,46
219,14,14,9,0
219,14,14,10,223
219,14,14,11,1
219,14,14,12,1
219,14,14,13,2
219,14,14,14,4
219,14,14,15,0
219,14,14,16,0
219,14,14,17,2
219,14,14,18,2
219,14,14,19,0
219,14,14,20,0
219,14,14,0,3
219,15,15,1,142
219,15,15,2,43
219,15,15,3,195
219,15,15,4,0
219,15,15,5,1
219,15,15,6,1
219,15,15,7,0
219,15,15,8,0
219,15,15,9,0
219,15,15,10,288
219,15,15,11,1
219,15,15,12,0
219,15,15,13,1
219,15,15,14,1
219,15,15,15,1
219,15,15,16,2
219,15,15,17,0
219,15,15,18,1
219,15,15,19,2
219,15,15,20,0
219,15,15,0,2
219,16,16,1,100
219,16,16,2,37
219,16,16,3,287
219,16,16,4,3
219,16,16,5,0
219,16,16,6,0
219,16,16,7,0
219,16,16,8,1
219,16,16,9,2
219,16,16,10,254
219,16,16,11,11
219,16,16,12,0
219,16,16,13,0
219,16,16,14,4
219,16,16,15,0
219,16,16,16,1
219,16,16,17,1
219,16,16,18,0
219,16,16,19,3
219,16,16,20,1
219,16,16,0,3
219,17,17,1,153
219,17,17,2,45
219,17,17,3,401
219,17,17,4,3
219,17,17,5,0
219,17,17,6,1
219,17,17,7,1
219,17,17,8,1
219,17,17,9,0
219,17,17,10,315
219,17,17,11,5
219,17,17,12,1
219,17,17,13,1
219,17,17,14,1
219,17,17,15,0
219,17,17,16,2
219,17,17,17,0
219,17,17,18,1
219,17,17,19,0
219,17,17,20,1
219,17,17,0,1
219,18,18,1,156
219,18,18,2,39
219,18,18,3,241
219,18,18,4,1
219,18,18,5,0
219,18,18,6,0
219,18,18,7,1
219,18,18,8,0
219,18,18,9,1
219,18,18,10,269
219,18,18,11,3
219,18,18,12,0
219,18,18,13,0
219,18,18,14,1
219,18,18,15,0
219,18,18,16,1
219,18,18,17,0
219,18,18,18,0
219,18,18,19,0
219,18,18,20,1
219,18,18,0,5
219,19,19,1,104
219,19,19,2,33
219,19,19,3,268
219,19,19,4,0
219,19,19,5,0
219,19,19,6,1
219,19,19,7,2
219,19,19,8,0
219,19,19,9,1
219,19,19,10,230
219,19,19,11,5
219,19,19,12,0
219,19,19,13,0
219,19,19,14,1
219,19,19,15,1
219,19,19,16,0
219,19,19,17,2
219,19,19,18,0
219,19,19,19,0
219,19,19,20,0
219,19,19,0,3
219,20,20,1,134
219,20,20,2,41
219,20,20,3,266
219,20,20,4,1
219,20,20,5,0
219,20,20,6,0
219,20,20,7,3
219,20,20,8,1
219,20,20,9,2
219,20,20,10,315
219,20,20,11,40
219,20,20,12,0
219,20,20,13,0
219,20,20,14,1
219,20,20,15,0
219,20,20,16,1
219,20,20,17,0
219,20,20,18,2
219,20,20,19,0
219,20,20,20,0
219,20,20,0,2
219,21,21,1,155
219,21,21,2,40
219,21,21,3,310
219,21,21,4,2
219,21,21,5,0
219,21,21,6,1
219,21,21,7,0
219,21,21,8,1
219,21,21,9,0
219,21,21,10,332
219,21,21,11,5
219,21,21,12,0
219,21,21,13,1
219,21,21,14,2
219,21,21,15,2
219,21,21,16,1
219,21,21,17,1
219,21,21,18,1
219,21,21,19,1
219,21,21,20,0
219,21,21,0,3
219,22,22,1,139
219,22,22,2,58
219,22,22,3,214
219,22,22,4,0
219,22,22,5,0
219,22,22,6,1
219,22,22,7,1
219,22,22,8,0
219,22,22,9,2
219,22,22,10,313
219,22,22,11,25
219,22,22,12,1
219,22,22,13,0
219,22,22,14,1
219,22,22,15,0
219,22,22,16,1
219,22,22,17,0
219,22,22,18,0
219,22,22,19,1
219,22,22,20,0
219,22,22,0,4
219,23,23,1,115
219,23,23,2,58
219,23,23,3,270
219,23,23,4,2
219,23,23,5,1
219,23,23,6,0
219,23,23,7,1
219,23,23,8,1
219,23,23,9,2
219,23,23,10,331
219,23,23,11,19
219,23,23,12,2
219,23,23,13,0
219,23,23,14,1
219,23,23,15,0
219,23,23,16,1
219,23,23,17,0
219,23,23,18,1
219,23,23,19,7
219,23,23,20,1
219,23,23,0,2
219,24,24,1,76
219,24,24,2,43
219,24,24,3,277
219,24,24,4,4
219,24,24,5,1
219,24,24,6,2
219,24,24,7,2
219,24,24,8,1
219,24,24,9,4
219,24,24,10,336
219,24,24,11,8
219,24,24,12,0
219,24,24,13,1
219,24,24,14,2
219,24,24,15,0
219,24,24,16,1
219,24,24,17,0
219,24,24,18,0
219,24,24,19,2
219,24,24,20,1
219,24,24,0,2
219,25,25,1,136
219,25,25,2,46
219,25,25,3,280
219,25,25,4,2
219,25,25,5,2
219,25,25,6,0
219,25,25,7,0
219,25,25,8,0
219,25,25,9,2
219,25,25,10,340
219,25,25,11,9
219,25,25,12,1
219,25,25,13,0
219,25,25,14,0
219,25,25,15,0
219,25,25,16,0
219,25,25,17,0
219,25,25,18,0
219,25,25,19,1
219,25,25,20,0
219,25,25,0,6
219,26,26,1,165
219,26,26,2,28
219,26,26,3,362
219,26,26,4,1
219,26,26,5,3
219,26,26,6,0
219,26,26,7,1
219,26,26,8,4
219,26,26,9,3
219,26,26,10,391
219,26,26,11,11
219,26,26,12,0
219,26,26,13,2
219,26,26,14,1
219,26,26,15,0
219,26,26,16,0
219,26,26,17,2
219,26,26,18,0
219,26,26,19,3
219,26,26,20,1
219,26,26,0,9
219,27,27,1,124
219,27,27,2,55
219,27,27,3,322
219,27,27,4,0
219,27,27,5,1
219,27,27,6,1
219,27,27,7,2
219,27,27,8,2
219,27,27,9,3
219,27,27,10,267
219,27,27,11,8
219,27,27,12,1
219,27,27,13,2
219,27,27,14,4
219,27,27,15,0
219,27,27,16,2
219,27,27,17,3
219,27,27,18,1
219,27,27,19,0
219,27,27,20,0
219,27,27,0,3
219,28,28,1,126
219,28,28,2,58
219,28,28,3,294
219,28,28,4,0
219,28,28,5,1
219,28,28,6,0
219,28,28,7,0
219,28,28,8,0
219,28,28,9,0
219,28,28,10,321
219,28,28,11,5
219,28,28,12,1
219,28,28,13,0
219,28,28,14,0
219,28,28,15,0
219,28,28,16,1
219,28,28,17,2
219,28,28,18,0
219,28,28,19,3
219,28,28,20,0
219,28,28,0,3
219,29,29,1,142
219,29,29,2,46
219,29,29,3,237
219,29,29,4,1
219,29,29,5,1
219,29,29,6,0
219,29,29,7,0
219,29,29,8,0
219,29,29,9,0
219,29,29,10,319
219,29,29,11,15
219,29,29,12,0
219,29,29,13,2
219,29,29,14,2
219,29,29,15,1
219,29,29,16,0
219,29,29,17,2
219,29,29,18,0
219,29,29,19,1
219,29,29,20,1
219,29,29,0,7
219,30,30,1,108
219,30,30,2,18
219,30,30,3,222
219,30,30,4,2
219,30,30,5,0
219,30,30,6,0
219,30,30,7,0
219,30,30,8,0
219,30,30,9,0
219,30,30,10,272
219,30,30,11,4
219,30,30,12,2
219,30,30,13,1
219,30,30,14,3
219,30,30,15,0
219,30,30,16,2
219,30,30,17,0
219,30,30,18,0
219,30,30,19,0
219,30,30,20,0
219,30,30,0,1
219,31,31,1,106
219,31,31,2,23
219,31,31,3,185
219,31,31,4,1
219,31,31,5,0
219,31,31,6,1
219,31,31,7,0
219,31,31,8,0
219,31,31,9,1
219,31,31,10,239
219,31,31,11,5
219,31,31,12,0
219,31,31,13,1
219,31,31,14,2
219,31,31,15,2
219,31,31,16,1
219,31,31,17,1
219,31,31,18,0
219,31,31,19,2
219,31,31,20,0
219,31,31,0,2
219,32,32,1,62
219,32,32,2,7
219,32,32,3,116
219,32,32,4,0
219,32,32,5,0
219,32,32,6,1
219,32,32,7,0
219,32,32,8,0
219,32,32,9,0
219,32,32,10,130
219,32,32,11,2
219,32,32,12,0
219,32,32,13,0
219,32,32,14,0
219,32,32,15,1
219,32,32,16,0
219,32,32,17,0
219,32,32,18,0
219,32,32,19,1
219,32,32,20,0
219,32,32,0,0
219,33,33,1,139
219,33,33,2,30
219,33,33,3,227
219,33,33,4,0
219,33,33,5,0
219,33,33,6,0
219,33,33,7,0
219,33,33,8,1
219,33,33,9,0
219,33,33,10,292
219,33,33,11,2
219,33,33,12,0
219,33,33,13,0
219,33,33,14,0
219,33,33,15,0
219,33,33,16,1
219,33,33,17,1
219,33,33,18,1
219,33,33,19,0
219,33,33,20,0
219,33,33,0,1
219,34,34,1,123
219,34,34,2,44
219,34,34,3,206
219,34,34,4,1
219,34,34,5,1
219,34,34,6,1
219,34,34,7,2
219,34,34,8,0
219,34,34,9,1
219,34,34,10,387
219,34,34,11,10
219,34,34,12,0
219,34,34,13,2
219,34,34,14,3
219,34,34,15,0
219,34,34,16,2
219,34,34,17,1
219,34,34,18,0
219,34,34,19,1
219,34,34,20,1
219,34,34,0,0
219,35,35,1,140
219,35,35,2,44
219,35,35,3,175
219,35,35,4,0
219,35,35,5,1
219,35,35,6,0
219,35,35,7,1
219,35,35,8,2
219,35,35,9,3
219,35,35,10,341
219,35,35,11,4
219,35,35,12,0
219,35,35,13,2
219,35,35,14,1
219,35,35,15,1
219,35,35,16,1
219,35,35,17,1
219,35,35,18,0
219,35,35,19,1
219,35,35,20,0
219,35,35,0,5
219,36,36,1,81
219,36,36,2,33
219,36,36,3,177
219,36,36,4,0
219,36,36,5,0
219,36,36,6,0
219,36,36,7,1
219,36,36,8,3
219,36,36,9,2
219,36,36,10,302
219,36,36,11,1
219,36,36,12,1
219,36,36,13,0
219,36,36,14,0
219,36,36,15,0
219,36,36,16,1
219,36,36,17,0
219,36,36,18,0
219,36,36,19,1
219,36,36,20,1
219,36,36,0,2
219,37,37,1,93
219,37,37,2,24
219,37,37,3,154
219,37,37,4,0
219,37,37,5,1
219,37,37,6,1
219,37,37,7,1
219,37,37,8,1
219,37,37,9,3
219,37,37,10,360
219,37,37,11,0
219,37,37,12,0
219,37,37,13,0
219,37,37,14,2
219,37,37,15,1
219,37,37,16,1
219,37,37,17,2
219,37,37,18,2
219,37,37,19,1
219,37,37,20,0
219,37,37,0,1
219,38,38,1,171
219,38,38,2,53
219,38,38,3,273
219,38,38,4,0
219,38,38,5,0
219,38,38,6,0
219,38,38,7,1
219,38,38,8,0
219,38,38,9,1
219,38,38,10,385
219,38,38,11,1
219,38,38,12,0
219,38,38,13,0
219,38,38,14,2
219,38,38,15,0
219,38,38,16,1
219,38,38,17,1
219,38,38,18,2
219,38,38,19,0
219,38,38,20,0
219,38,38,0,3
219,39,39,1,101
219,39,39,2,31
219,39,39,3,239
219,39,39,4,1
219,39,39,5,0
219,39,39,6,1
219,39,39,7,0
219,39,39,8,0
219,39,39,9,1
219,39,39,10,276
219,39,39,11,1
219,39,39,12,0
219,39,39,13,1
219,39,39,14,1
219,39,39,15,0
219,39,39,16,2
219,39,39,17,1
219,39,39,18,1
219,39,39,19,1
219,39,39,20,0
219,39,39,0,4
219,40,40,1,44
219,40,40,2,8
219,40,40,3,170
219,40,40,4,0
219,40,40,5,1
219,40,40,6,0
219,40,40,7,0
219,40,40,8,0
219,40,40,9,1
219,40,40,10,178
219,40,40,11,0
219,40,40,12,0
219,40,40,13,0
219,40,40,14,1
219,40,40,15,0
219,40,40,16,0
219,40,40,17,0
219,40,40,18,0
219,40,40,19,1
219,40,40,20,1
219,40,40,0,2
219,41,41,1,168
219,41,41,2,27
219,41,41,3,234
219,41,41,4,3
219,41,41,5,0
219,41,41,6,0
219,41,41,7,0
219,41,41,8,2
219,41,41,9,3
219,41,41,10,312
219,41,41,11,8
219,41,41,12,0
219,41,41,13,1
219,41,41,14,1
219,41,41,15,0
219,41,41,16,1
219,41,41,17,1
219,41,41,18,0
219,41,41,19,3
219,41,41,20,0
219,41,41,0,5
219,42,42,1,258
219,42,42,2,42
219,42,42,3,271
219,42,42,4,1
219,42,42,5,1
219,42,42,6,0
219,42,42,7,2
219,42,42,8,2
219,42,42,9,0
219,42,42,10,306
219,42,42,11,3
219,42,42,12,0
219,42,42,13,0
219,42,42,14,3
219,42,42,15,1
219,42,42,16,3
219,42,42,17,2
219,42,42,18,1
219,42,42,19,1
219,42,42,20,0
219,42,42,0,4
219,43,43,1,154
219,43,43,2,40
219,43,43,3,326
219,43,43,4,1
219,43,43,5,0
219,43,43,6,0
219,43,43,7,0
219,43,43,8,1
219,43,43,9,1
219,43,43,10,304
219,43,43,11,1
219,43,43,12,0
219,43,43,13,0
219,43,43,14,0
219,43,43,15,0
219,43,43,16,0
219,43,43,17,2
219,43,43,18,0
219,43,43,19,0
219,43,43,20,1
219,43,43,0,5
219,44,44,1,131
219,44,44,2,55
219,44,44,3,256
219,44,44,4,1
219,44,44,5,1
219,44,44,6,1
219,44,44,7,2
219,44,44,8,1
219,44,44,9,2
219,44,44,10,276
219,44,44,11,2
219,44,44,12,0
219,44,44,13,1
219,44,44,14,0
219,44,44,15,0
219,44,44,16,1
219,44,44,17,1
219,44,44,18,1
219,44,44,19,1
219,44,44,20,0
219,44,44,0,4
219,45,45,1,463
219,45,45,2,9
219,45,45,3,18
219,45,45,4,0
219,45,45,5,0
219,45,45,6,0
219,45,45,7,0
219,45,45,8,0
219,45,45,9,0
219,45,45,10,98
219,45,45,11,0
219,45,45,12,0
219,45,45,13,0
219,45,45,14,0
219,45,45,15,0
219,45,45,16,0
219,45,45,17,2
219,45,45,18,0
219,45,45,19,0
219,45,45,20,0
219,45,45,0,0
219,46,46,1,442
219,46,46,2,14
219,46,46,3,16
219,46,46,4,0
219,46,46,5,0
219,46,46,6,1
219,46,46,7,0
219,46,46,8,1
219,46,46,9,1
219,46,46,10,76
219,46,46,11,2
219,46,46,12,0
219,46,46,13,0
219,46,46,14,1
219,46,46,15,0
219,46,46,16,2
219,46,46,17,1
219,46,46,18,0
219,46,46,19,0
219,46,46,20,1
219,46,46,0,1
219,47,47,1,676
219,47,47,2,18
219,47,47,3,29
219,47,47,4,2
219,47,47,5,1
219,47,47,6,0
219,47,47,7,0
219,47,47,8,6
219,47,47,9,0
219,47,47,10,143
219,47,47,11,5
219,47,47,12,0
219,47,47,13,2
219,47,47,14,0
219,47,47,15,0
219,47,47,16,0
219,47,47,17,1
219,47,47,18,1
219,47,47,19,1
219,47,47,20,0
219,47,47,0,1
219,48,48,1,304
219,48,48,2,37
219,48,48,3,160
219,48,48,4,1
219,48,48,5,0
219,48,48,6,0
219,48,48,7,1
219,48,48,8,4
219,48,48,9,2
219,48,48,10,377
219,48,48,11,0
219,48,48,12,0
219,48,48,13,1
219,48,48,14,1
219,48,48,15,0
219,48,48,16,0
219,48,48,17,2
219,48,48,18,0
219,48,48,19,0
219,48,48,20,0
219,48,48,0,3
219,49,49,1,200
219,49,49,2,66
219,49,49,3,220
219,49,49,4,4
219,49,49,5,0
219,49,49,6,0
219,49,49,7,0
219,49,49,8,44
219,49,49,9,3
219,49,49,10,266
219,49,49,11,2
219,49,49,12,2
219,49,49,13,2
219,49,49,14,2
219,49,49,15,1
219,49,49,16,2
219,49,49,17,4
219,49,49,18,1
219,49,49,19,4
219,49,49,20,0
219,49,49,0,5
219,50,50,1,329
219,50,50,2,9
219,50,50,3,6
219,50,50,4,0
219,50,50,5,0
219,50,50,6,0
219,50,50,7,0
219,50,50,8,0
219,50,50,9,1
219,50,50,10,70
219,50,50,11,1
219,50,50,12,0
219,50,50,13,0
219,50,50,14,0
219,50,50,15,0
219,50,50,16,0
219,50,50,17,3
219,50,50,18,2
219,50,50,19,0
219,50,50,20,0
219,50,50,0,1
219,51,51,1,385
219,51,51,2,19
219,51,51,3,76
219,51,51,4,2
219,51,51,5,0
219,51,51,6,0
219,51,51,7,0
219,51,51,8,10
219,51,51,9,0
219,51,51,10,154
219,51,51,11,0
219,51,51,12,0
219,51,51,13,1
219,51,51,14,1
219,51,51,15,0
219,51,51,16,2
219,51,51,17,2
219,51,51,18,0
219,51,51,19,0
219,51,51,20,0
219,51,51,0,0
219,52,52,1,222
219,52,52,2,27
219,52,52,3,244
219,52,52,4,1
219,52,52,5,0
219,52,52,6,1
219,52,52,7,1
219,52,52,8,0
219,52,52,9,1
219,52,52,10,345
219,52,52,11,1
219,52,52,12,2
219,52,52,13,1
219,52,52,14,0
219,52,52,15,0
219,52,52,16,1
219,52,52,17,1
219,52,52,18,1
219,52,52,19,0
219,52,52,20,0
219,52,52,0,1
219,53,53,1,0
219,53,53,2,0
219,53,53,3,0
219,53,53,4,0
219,53,53,5,0
219,53,53,6,0
219,53,53,7,0
219,53,53,8,0
219,53,53,9,0
219,53,53,10,0
219,53,53,11,0
219,53,53,12,0
219,53,53,13,0
219,53,53,14,0
219,53,53,15,0
219,53,53,16,0
219,53,53,17,0
219,53,53,18,0
219,53,53,19,0
219,53,53,20,0
219,53,53,0,0
219,53,53,1,114
219,53,53,2,21
219,53,53,3,96
219,53,53,4,0
219,53,53,5,0
219,53,53,6,0
219,53,53,7,0
219,53,53,8,0
219,53,53,9,1
219,53,53,10,151
219,53,53,11,3
219,53,53,12,0
219,53,53,13,0
219,53,53,14,1
219,53,53,15,0
219,53,53,16,1
219,53,53,17,1
219,53,53,18,1
219,53,53,19,0
219,53,53,20,0
219,53,53,0,3
219,54,54,1,0
219,54,54,2,0
219,54,54,3,0
219,54,54,4,0
219,54,54,5,0
219,54,54,6,0
219,54,54,7,0
219,54,54,8,0
219,54,54,9,0
219,54,54,10,0
219,54,54,11,0
219,54,54,12,0
219,54,54,13,0
219,54,54,14,0
219,54,54,15,0
219,54,54,16,0
219,54,54,17,0
219,54,54,18,0
219,54,54,19,0
219,54,54,20,0
219,54,54,0,0
219,54,54,1,239
219,54,54,2,34
219,54,54,3,251
219,54,54,4,1
219,54,54,5,0
219,54,54,6,0
219,54,54,7,0
219,54,54,8,1
219,54,54,9,3
219,54,54,10,344
219,54,54,11,0
219,54,54,12,1
219,54,54,13,2
219,54,54,14,2
219,54,54,15,1
219,54,54,16,2
219,54,54,17,3
219,54,54,18,0
219,54,54,19,1
219,54,54,20,0
219,54,54,0,9
219,55,55,1,269
219,55,55,2,23
219,55,55,3,197
219,55,55,4,1
219,55,55,5,1
219,55,55,6,0
219,55,55,7,3
219,55,55,8,0
219,55,55,9,5
219,55,55,10,325
219,55,55,11,0
219,55,55,12,0
219,55,55,13,1
219,55,55,14,3
219,55,55,15,2
219,55,55,16,3
219,55,55,17,3
219,55,55,18,1
219,55,55,19,0
219,55,55,20,0
219,55,55,0,3
219,56,56,1,225
219,56,56,2,26
219,56,56,3,121
219,56,56,4,2
219,56,56,5,0
219,56,56,6,0
219,56,56,7,1
219,56,56,8,1
219,56,56,9,2
219,56,56,10,296
219,56,56,11,0
219,56,56,12,0
219,56,56,13,0
219,56,56,14,2
219,56,56,15,1
219,56,56,16,0
219,56,56,17,7
219,56,56,18,2
219,56,56,19,0
219,56,56,20,0
219,56,56,0,3
219,57,57,1,81
219,57,57,2,23
219,57,57,3,267
219,57,57,4,1
219,57,57,5,0
219,57,57,6,0
219,57,57,7,0
219,57,57,8,0
219,57,57,9,0
219,57,57,10,192
219,57,57,11,1
219,57,57,12,1
219,57,57,13,1
219,57,57,14,0
219,57,57,15,0
219,57,57,16,1
219,57,57,17,0
219,57,57,18,0
219,57,57,19,2
219,57,57,20,0
219,57,57,0,3
219,58,58,1,133
219,58,58,2,25
219,58,58,3,191
219,58,58,4,0
219,58,58,5,0
219,58,58,6,0
219,58,58,7,0
219,58,58,8,0
219,58,58,9,0
219,58,58,10,213
219,58,58,11,2
219,58,58,12,0
219,58,58,13,0
219,58,58,14,0
219,58,58,15,1
219,58,58,16,1
219,58,58,17,0
219,58,58,18,0
219,58,58,19,2
219,58,58,20,0
219,58,58,0,1
219,59,59,1,133
219,59,59,2,49
219,59,59,3,432
219,59,59,4,1
219,59,59,5,0
219,59,59,6,2
219,59,59,7,0
219,59,59,8,75
219,59,59,9,1
219,59,59,10,244
219,59,59,11,1
219,59,59,12,0
219,59,59,13,2
219,59,59,14,4
219,59,59,15,0
219,59,59,16,3
219,59,59,17,2
219,59,59,18,1
219,59,59,19,4
219,59,59,20,0
219,59,59,0,7
219,60,60,1,159
219,60,60,2,45
219,60,60,3,251
219,60,60,4,2
219,60,60,5,0
219,60,60,6,0
219,60,60,7,1
219,60,60,8,30
219,60,60,9,0
219,60,60,10,155
219,60,60,11,1
219,60,60,12,5
219,60,60,13,0
219,60,60,14,3
219,60,60,15,1
219,60,60,16,2
219,60,60,17,0
219,60,60,18,0
219,60,60,19,0
219,60,60,20,0
219,60,60,0,2
219,61,61,1,156
219,61,61,2,52
219,61,61,3,249
219,61,61,4,3
219,61,61,5,0
219,61,61,6,2
219,61,61,7,0
219,61,61,8,26
219,61,61,9,0
219,61,61,10,140
219,61,61,11,0
219,61,61,12,3
219,61,61,13,3
219,61,61,14,5
219,61,61,15,0
219,61,61,16,4
219,61,61,17,4
219,61,61,18,0
219,61,61,19,1
219,61,61,20,1
219,61,61,0,2
219,62,62,1,241
219,62,62,2,45
219,62,62,3,179
219,62,62,4,0
219,62,62,5,2
219,62,62,6,0
219,62,62,7,1
219,62,62,8,64
219,62,62,9,1
219,62,62,10,204
219,62,62,11,3
219,62,62,12,0
219,62,62,13,0
219,62,62,14,6
219,62,62,15,3
219,62,62,16,3
219,62,62,17,0
219,62,62,18,0
219,62,62,19,1
219,62,62,20,1
219,62,62,0,1
219,63,63,1,163
219,63,63,2,55
219,63,63,3,315
219,63,63,4,2
219,63,63,5,0
219,63,63,6,1
219,63,63,7,1
219,63,63,8,21
219,63,63,9,0
219,63,63,10,228
219,63,63,11,0
219,63,63,12,1
219,63,63,13,2
219,63,63,14,2
219,63,63,15,0
219,63,63,16,3
219,63,63,17,2
219,63,63,18,1
219,63,63,19,5
219,63,63,20,1
219,63,63,0,4
219,64,64,1,111
219,64,64,2,14
219,64,64,3,129
219,64,64,4,2
219,64,64,5,0
219,64,64,6,0
219,64,64,7,0
219,64,64,8,1
219,64,64,9,2
219,64,64,10,189
219,64,64,11,1
219,64,64,12,1
219,64,64,13,0
219,64,64,14,1
219,64,64,15,0
219,64,64,16,1
219,64,64,17,1
219,64,64,18,0
219,64,64,19,0
219,64,64,20,1
219,64,64,0,1
219,65,65,1,149
219,65,65,2,52
219,65,65,3,335
219,65,65,4,2
219,65,65,5,0
219,65,65,6,2
219,65,65,7,0
219,65,65,8,43
219,65,65,9,1
219,65,65,10,175
219,65,65,11,1
219,65,65,12,1
219,65,65,13,4
219,65,65,14,5
219,65,65,15,1
219,65,65,16,3
219,65,65,17,2
219,65,65,18,0
219,65,65,19,1
219,65,65,20,0
219,65,65,0,1
219,66,66,1,43
219,66,66,2,35
219,66,66,3,359
219,66,66,4,1
219,66,66,5,1
219,66,66,6,1
219,66,66,7,0
219,66,66,8,10
219,66,66,9,1
219,66,66,10,139
219,66,66,11,1
219,66,66,12,0
219,66,66,13,1
219,66,66,14,6
219,66,66,15,1
219,66,66,16,1
219,66,66,17,2
219,66,66,18,1
219,66,66,19,0
219,66,66,20,1
219,66,66,0,2
219,67,67,1,31
219,67,67,2,22
219,67,67,3,214
219,67,67,4,3
219,67,67,5,0
219,67,67,6,0
219,67,67,7,0
219,67,67,8,0
219,67,67,9,0
219,67,67,10,104
219,67,67,11,0
219,67,67,12,0
219,67,67,13,0
219,67,67,14,4
219,67,67,15,0
219,67,67,16,0
219,67,67,17,1
219,67,67,18,1
219,67,67,19,8
219,67,67,20,1
219,67,67,0,2
219,68,68,1,76
219,68,68,2,69
219,68,68,3,405
219,68,68,4,4
219,68,68,5,0
219,68,68,6,0
219,68,68,7,0
219,68,68,8,4
219,68,68,9,1
219,68,68,10,167
219,68,68,11,2
219,68,68,12,1
219,68,68,13,0
219,68,68,14,7
219,68,68,15,1
219,68,68,16,3
219,68,68,17,1
219,68,68,18,0
219,68,68,19,4
219,68,68,20,0
219,68,68,0,0
219,69,69,1,131
219,69,69,2,37
219,69,69,3,533
219,69,69,4,3
219,69,69,5,1
219,69,69,6,2
219,69,69,7,1
219,69,69,8,5
219,69,69,9,1
219,69,69,10,118
219,69,69,11,1
219,69,69,12,0
219,69,69,13,4
219,69,69,14,5
219,69,69,15,0
219,69,69,16,4
219,69,69,17,3
219,69,69,18,1
219,69,69,19,1
219,69,69,20,0
219,69,69,0,2
219,70,70,1,104
219,70,70,2,31
219,70,70,3,378
219,70,70,4,2
219,70,70,5,2
219,70,70,6,0
219,70,70,7,1
219,70,70,8,2
219,70,70,9,0
219,70,70,10,245
219,70,70,11,40
219,70,70,12,0
219,70,70,13,2
219,70,70,14,7
219,70,70,15,0
219,70,70,16,1
219,70,70,17,0
219,70,70,18,2
219,70,70,19,2
219,70,70,20,0
219,70,70,0,5
219,71,71,1,194
219,71,71,2,60
219,71,71,3,396
219,71,71,4,4
219,71,71,5,0
219,71,71,6,1
219,71,71,7,1
219,71,71,8,2
219,71,71,9,0
219,71,71,10,238
219,71,71,11,2
219,71,71,12,0
219,71,71,13,2
219,71,71,14,3
219,71,71,15,2
219,71,71,16,1
219,71,71,17,0
219,71,71,18,0
219,71,71,19,0
219,71,71,20,1
219,71,71,0,1
219,72,72,1,102
219,72,72,2,33
219,72,72,3,282
219,72,72,4,2
219,72,72,5,0
219,72,72,6,0
219,72,72,7,0
219,72,72,8,20
219,72,72,9,0
219,72,72,10,85
219,72,72,11,0
219,72,72,12,0
219,72,72,13,3
219,72,72,14,3
219,72,72,15,0
219,72,72,16,3
219,72,72,17,1
219,72,72,18,1
219,72,72,19,2
219,72,72,20,0
219,72,72,0,1
219,73,73,1,163
219,73,73,2,61
219,73,73,3,203
219,73,73,4,1
219,73,73,5,1
219,73,73,6,1
219,73,73,7,0
219,73,73,8,1
219,73,73,9,1
219,73,73,10,218
219,73,73,11,82
219,73,73,12,2
219,73,73,13,2
219,73,73,14,0
219,73,73,15,0
219,73,73,16,1
219,73,73,17,0
219,73,73,18,0
219,73,73,19,2
219,73,73,20,1
219,73,73,0,3
219,74,74,1,74
219,74,74,2,29
219,74,74,3,118
219,74,74,4,2
219,74,74,5,0
219,74,74,6,2
219,74,74,7,0
219,74,74,8,0
219,74,74,9,0
219,74,74,10,103
219,74,74,11,39
219,74,74,12,2
219,74,74,13,0
219,74,74,14,3
219,74,74,15,0
219,74,74,16,2
219,74,74,17,1
219,74,74,18,0
219,74,74,19,0
219,74,74,20,0
219,74,74,0,0
219,75,75,1,57
219,75,75,2,23
219,75,75,3,93
219,75,75,4,2
219,75,75,5,1
219,75,75,6,1
219,75,75,7,0
219,75,75,8,33
219,75,75,9,2
219,75,75,10,130
219,75,75,11,22
219,75,75,12,0
219,75,75,13,0
219,75,75,14,1
219,75,75,15,1
219,75,75,16,2
219,75,75,17,2
219,75,75,18,0
219,75,75,19,0
219,75,75,20,0
219,75,75,0,1
219,76,76,1,89
219,76,76,2,21
219,76,76,3,198
219,76,76,4,1
219,76,76,5,0
219,76,76,6,0
219,76,76,7,0
219,76,76,8,16
219,76,76,9,1
219,76,76,10,64
219,76,76,11,95
219,76,76,12,2
219,76,76,13,0
219,76,76,14,3
219,76,76,15,1
219,76,76,16,0
219,76,76,17,1
219,76,76,18,0
219,76,76,19,2
219,76,76,20,0
219,76,76,0,0
219,77,77,1,171
219,77,77,2,169
219,77,77,3,368
219,77,77,4,2
219,77,77,5,0
219,77,77,6,0
219,77,77,7,0
219,77,77,8,0
219,77,77,9,0
219,77,77,10,186
219,77,77,11,2
219,77,77,12,0
219,77,77,13,0
219,77,77,14,3
219,77,77,15,0
219,77,77,16,3
219,77,77,17,1
219,77,77,18,1
219,77,77,19,0
219,77,77,20,1
219,77,77,0,1
219,78,78,1,236
219,78,78,2,205
219,78,78,3,263
219,78,78,4,2
219,78,78,5,0
219,78,78,6,0
219,78,78,7,0
219,78,78,8,0
219,78,78,9,0
219,78,78,10,204
219,78,78,11,2
219,78,78,12,0
219,78,78,13,1
219,78,78,14,0
219,78,78,15,2
219,78,78,16,4
219,78,78,17,2
219,78,78,18,1
219,78,78,19,2
219,78,78,20,0
219,78,78,0,0
219,79,79,1,202
219,79,79,2,135
219,79,79,3,255
219,79,79,4,1
219,79,79,5,1
219,79,79,6,0
219,79,79,7,0
219,79,79,8,0
219,79,79,9,1
219,79,79,10,181
219,79,79,11,0
219,79,79,12,1
219,79,79,13,1
219,79,79,14,1
219,79,79,15,0
219,79,79,16,2
219,79,79,17,1
219,79,79,18,1
219,79,79,19,1
219,79,79,20,0
219,79,79,0,2
219,80,80,1,195
219,80,80,2,136
219,80,80,3,373
219,80,80,4,3
219,80,80,5,0
219,80,80,6,0
219,80,80,7,2
219,80,80,8,0
219,80,80,9,1
219,80,80,10,246
219,80,80,11,1
219,80,80,12,0
219,80,80,13,1
219,80,80,14,3
219,80,80,15,0
219,80,80,16,5
219,80,80,17,4
219,80,80,18,2
219,80,80,19,3
219,80,80,20,1
219,80,80,0,0
219,81,81,1,161
219,81,81,2,113
219,81,81,3,204
219,81,81,4,0
219,81,81,5,1
219,81,81,6,1
219,81,81,7,0
219,81,81,8,0
219,81,81,9,1
219,81,81,10,164
219,81,81,11,2
219,81,81,12,0
219,81,81,13,0
219,81,81,14,0
219,81,81,15,5
219,81,81,16,3
219,81,81,17,2
219,81,81,18,0
219,81,81,19,0
219,81,81,20,1
219,81,81,0,1
219,82,82,1,116
219,82,82,2,59
219,82,82,3,251
219,82,82,4,0
219,82,82,5,0
219,82,82,6,1
219,82,82,7,0
219,82,82,8,0
219,82,82,9,1
219,82,82,10,125
219,82,82,11,47
219,82,82,12,1
219,82,82,13,3
219,82,82,14,6
219,82,82,15,0
219,82,82,16,0
219,82,82,17,0
219,82,82,18,0
219,82,82,19,0
219,82,82,20,0
219,82,82,0,2
219,83,83,1,76
219,83,83,2,63
219,83,83,3,299
219,83,83,4,2
219,83,83,5,0
219,83,83,6,0
219,83,83,7,0
219,83,83,8,0
219,83,83,9,2
219,83,83,10,118
219,83,83,11,26
219,83,83,12,0
219,83,83,13,2
219,83,83,14,6
219,83,83,15,3
219,83,83,16,2
219,83,83,17,2
219,83,83,18,0
219,83,83,19,4
219,83,83,20,2
219,83,83,0,2
219,84,84,1,118
219,84,84,2,68
219,84,84,3,97
219,84,84,4,2
219,84,84,5,0
219,84,84,6,0
219,84,84,7,0
219,84,84,8,7
219,84,84,9,1
219,84,84,10,164
219,84,84,11,2
219,84,84,12,0
219,84,84,13,0
219,84,84,14,0
219,84,84,15,2
219,84,84,16,1
219,84,84,17,1
219,84,84,18,0
219,84,84,19,0
219,84,84,20,0
219,84,84,0,0
219,85,85,1,192
219,85,85,2,55
219,85,85,3,160
219,85,85,4,0
219,85,85,5,0
219,85,85,6,0
219,85,85,7,0
219,85,85,8,7
219,85,85,9,0
219,85,85,10,99
219,85,85,11,3
219,85,85,12,1
219,85,85,13,0
219,85,85,14,3
219,85,85,15,1
219,85,85,16,3
219,85,85,17,1
219,85,85,18,0
219,85,85,19,0
219,85,85,20,0
219,85,85,0,1
219,86,86,1,146
219,86,86,2,89
219,86,86,3,241
219,86,86,4,0
219,86,86,5,1
219,86,86,6,0
219,86,86,7,1
219,86,86,8,0
219,86,86,9,1
219,86,86,10,144
219,86,86,11,0
219,86,86,12,1
219,86,86,13,2
219,86,86,14,1
219,86,86,15,0
219,86,86,16,0
219,86,86,17,3
219,86,86,18,2
219,86,86,19,1
219,86,86,20,0
219,86,86,0,4
219,87,87,1,232
219,87,87,2,73
219,87,87,3,174
219,87,87,4,2
219,87,87,5,1
219,87,87,6,1
219,87,87,7,0
219,87,87,8,23
219,87,87,9,1
219,87,87,10,265
219,87,87,11,0
219,87,87,12,0
219,87,87,13,1
219,87,87,14,2
219,87,87,15,3
219,87,87,16,5
219,87,87,17,2
219,87,87,18,1
219,87,87,19,1
219,87,87,20,0
219,87,87,0,4
219,88,88,1,183
219,88,88,2,62
219,88,88,3,181
219,88,88,4,0
219,88,88,5,0
219,88,88,6,0
219,88,88,7,0
219,88,88,8,0
219,88,88,9,0
219,88,88,10,239
219,88,88,11,1
219,88,88,12,0
219,88,88,13,0
219,88,88,14,1
219,88,88,15,0
219,88,88,16,0
219,88,88,17,2
219,88,88,18,1
219,88,88,19,1
219,88,88,20,0
219,88,88,0,4
219,89,89,1,133
219,89,89,2,42
219,89,89,3,110
219,89,89,4,0
219,89,89,5,0
219,89,89,6,0
219,89,89,7,0
219,89,89,8,0
219,89,89,9,1
219,89,89,10,99
219,89,89,11,3
219,89,89,12,0
219,89,89,13,0
219,89,89,14,1
219,89,89,15,1
219,89,89,16,0
219,89,89,17,0
219,89,89,18,0
219,89,89,19,0
219,89,89,20,0
219,89,89,0,0
219,90,90,1,144
219,90,90,2,54
219,90,90,3,254
219,90,90,4,1
219,90,90,5,0
219,90,90,6,0
219,90,90,7,2
219,90,90,8,2
219,90,90,9,1
219,90,90,10,212
219,90,90,11,31
219,90,90,12,1
219,90,90,13,3
219,90,90,14,1
219,90,90,15,1
219,90,90,16,4
219,90,90,17,1
219,90,90,18,1
219,90,90,19,0
219,90,90,20,2
219,90,90,0,2
219,91,91,1,92
219,91,91,2,40
219,91,91,3,149
219,91,91,4,1
219,91,91,5,0
219,91,91,6,1
219,91,91,7,0
219,91,91,8,0
219,91,91,9,0
219,91,91,10,172
219,91,91,11,1
219,91,91,12,0
219,91,91,13,0
219,91,91,14,0
219,91,91,15,1
219,91,91,16,0
219,91,91,17,0
219,91,91,18,0
219,91,91,19,0
219,91,91,20,1
219,91,91,0,0
219,92,92,1,140
219,92,92,2,129
219,92,92,3,160
219,92,92,4,2
219,92,92,5,1
219,92,92,6,0
219,92,92,7,0
219,92,92,8,0
219,92,92,9,1
219,92,92,10,247
219,92,92,11,1
219,92,92,12,2
219,92,92,13,1
219,92,92,14,1
219,92,92,15,0
219,92,92,16,1
219,92,92,17,1
219,92,92,18,0
219,92,92,19,0
219,92,92,20,0
219,92,92,0,0
219,93,93,1,76
219,93,93,2,27
219,93,93,3,122
219,93,93,4,0
219,93,93,5,0
219,93,93,6,0
219,93,93,7,0
219,93,93,8,0
219,93,93,9,0
219,93,93,10,103
219,93,93,11,24
219,93,93,12,1
219,93,93,13,3
219,93,93,14,4
219,93,93,15,1
219,93,93,16,4
219,93,93,17,0
219,93,93,18,1
219,93,93,19,1
219,93,93,20,0
219,93,93,0,0
219,94,94,1,107
219,94,94,2,10
219,94,94,3,62
219,94,94,4,0
219,94,94,5,0
219,94,94,6,0
219,94,94,7,0
219,94,94,8,0
219,94,94,9,1
219,94,94,10,72
219,94,94,11,13
219,94,94,12,0
219,94,94,13,0
219,94,94,14,1
219,94,94,15,0
219,94,94,16,1
219,94,94,17,3
219,94,94,18,0
219,94,94,19,0
219,94,94,20,0
219,94,94,0,1
219,95,95,1,157
219,95,95,2,31
219,95,95,3,277
219,95,95,4,5
219,95,95,5,0
219,95,95,6,1
219,95,95,7,3
219,95,95,8,31
219,95,95,9,1
219,95,95,10,114
219,95,95,11,105
219,95,95,12,1
219,95,95,13,0
219,95,95,14,4
219,95,95,15,0
219,95,95,16,3
219,95,95,17,4
219,95,95,18,2
219,95,95,19,6
219,95,95,20,0
219,95,95,0,5
219,96,96,1,115
219,96,96,2,15
219,96,96,3,164
219,96,96,4,2
219,96,96,5,2
219,96,96,6,0
219,96,96,7,0
219,96,96,8,33
219,96,96,9,1
219,96,96,10,66
219,96,96,11,0
219,96,96,12,0
219,96,96,13,1
219,96,96,14,2
219,96,96,15,0
219,96,96,16,4
219,96,96,17,2
219,96,96,18,0
219,96,96,19,0
219,96,96,20,0
219,96,96,0,1
219,97,97,1,89
219,97,97,2,40
219,97,97,3,153
219,97,97,4,0
219,97,97,5,0
219,97,97,6,0
219,97,97,7,0
219,97,97,8,94
219,97,97,9,0
219,97,97,10,118
219,97,97,11,0
219,97,97,12,0
219,97,97,13,0
219,97,97,14,1
219,97,97,15,1
219,97,97,16,2
219,97,97,17,1
219,97,97,18,1
219,97,97,19,1
219,97,97,20,0
219,97,97,0,0
219,98,98,1,82
219,98,98,2,49
219,98,98,3,180
219,98,98,4,3
219,98,98,5,0
219,98,98,6,0
219,98,98,7,0
219,98,98,8,2
219,98,98,9,0
219,98,98,10,119
219,98,98,11,4
219,98,98,12,0
219,98,98,13,0
219,98,98,14,0
219,98,98,15,1
219,98,98,16,1
219,98,98,17,0
219,98,98,18,0
219,98,98,19,0
219,98,98,20,0
219,98,98,0,0
219,99,99,1,122
219,99,99,2,54
219,99,99,3,146
219,99,99,4,2
219,99,99,5,0
219,99,99,6,0
219,99,99,7,0
219,99,99,8,35
219,99,99,9,0
219,99,99,10,112
219,99,99,11,12
219,99,99,12,0
219,99,99,13,2
219,99,99,14,4
219,99,99,15,4
219,99,99,16,2
219,99,99,17,1
219,99,99,18,1
219,99,99,19,0
219,99,99,20,0
219,99,99,0,0
219,100,100,1,196
219,100,100,2,156
219,100,100,3,302
219,100,100,4,3
219,100,100,5,1
219,100,100,6,0
219,100,100,7,0
219,100,100,8,0
219,100,100,9,1
219,100,100,10,212
219,100,100,11,0
219,100,100,12,0
219,100,100,13,1
219,100,100,14,2
219,100,100,15,0
219,100,100,16,3
219,100,100,17,1
219,100,100,18,0
219,100,100,19,1
219,100,100,20,2
219,100,100,0,4
219,101,101,1,159
219,101,101,2,112
219,101,101,3,279
219,101,101,4,1
219,101,101,5,0
219,101,101,6,0
219,101,101,7,0
219,101,101,8,0
219,101,101,9,0
219,101,101,10,173
219,101,101,11,0
219,101,101,12,0
219,101,101,13,1
219,101,101,14,1
219,101,101,15,0
219,101,101,16,1
219,101,101,17,0
219,101,101,18,1
219,101,101,19,0
219,101,101,20,0
219,101,101,0,0
219,102,102,1,195
219,102,102,2,88
219,102,102,3,184
219,102,102,4,3
219,102,102,5,0
219,102,102,6,1
219,102,102,7,0
219,102,102,8,2
219,102,102,9,0
219,102,102,10,113
219,102,102,11,37
219,102,102,12,2
219,102,102,13,1
219,102,102,14,1
219,102,102,15,0
219,102,102,16,2
219,102,102,17,2
219,102,102,18,0
219,102,102,19,0
219,102,102,20,0
219,102,102,0,2
219,103,103,1,163
219,103,103,2,55
219,103,103,3,206
219,103,103,4,6
219,103,103,5,0
219,103,103,6,1
219,103,103,7,2
219,103,103,8,23
219,103,103,9,1
219,103,103,10,191
219,103,103,11,30
219,103,103,12,1
219,103,103,13,1
219,103,103,14,4
219,103,103,15,0
219,103,103,16,2
219,103,103,17,0
219,103,103,18,0
219,103,103,19,0
219,103,103,20,0
219,103,103,0,1
219,104,104,1,92
219,104,104,2,30
219,104,104,3,244
219,104,104,4,1
219,104,104,5,0
219,104,104,6,0
219,104,104,7,1
219,104,104,8,0
219,104,104,9,0
219,104,104,10,81
219,104,104,11,0
219,104,104,12,0
219,104,104,13,1
219,104,104,14,0
219,104,104,15,0
219,104,104,16,2
219,104,104,17,0
219,104,104,18,0
219,104,104,19,0
219,104,104,20,0
219,104,104,0,1
219,105,105,1,0
219,105,105,2,0
219,105,105,3,0
219,105,105,4,0
219,105,105,5,0
219,105,105,6,0
219,105,105,7,0
219,105,105,8,0
219,105,105,9,0
219,105,105,10,0
219,105,105,11,0
219,105,105,12,0
219,105,105,13,0
219,105,105,14,0
219,105,105,15,0
219,105,105,16,0
219,105,105,17,0
219,105,105,18,0
219,105,105,19,0
219,105,105,20,0
219,105,105,0,0
219,105,105,1,216
219,105,105,2,144
219,105,105,3,235
219,105,105,4,1
219,105,105,5,0
219,105,105,6,0
219,105,105,7,1
219,105,105,8,0
219,105,105,9,1
219,105,105,10,170
219,105,105,11,0
219,105,105,12,0
219,105,105,13,0
219,105,105,14,2
219,105,105,15,1
219,105,105,16,0
219,105,105,17,5
219,105,105,18,0
219,105,105,19,1
219,105,105,20,0
219,105,105,0,4
219,106,106,1,0
219,106,106,2,0
219,106,106,3,0
219,106,106,4,0
219,106,106,5,0
219,106,106,6,0
219,106,106,7,0
219,106,106,8,0
219,106,106,9,0
219,106,106,10,0
219,106,106,11,0
219,106,106,12,0
219,106,106,13,0
219,106,106,14,0
219,106,106,15,0
219,106,106,16,0
219,106,106,17,0
219,106,106,18,0
219,106,106,19,0
219,106,106,20,0
219,106,106,0,0
219,106,106,1,103
219,106,106,2,15
219,106,106,3,85
219,106,106,4,1
219,106,106,5,0
219,106,106,6,1
219,106,106,7,0
219,106,106,8,21
219,106,106,9,0
219,106,106,10,82
219,106,106,11,22
219,106,106,12,0
219,106,106,13,0
219,106,106,14,0
219,106,106,15,0
219,106,106,16,3
219,106,106,17,0
219,106,106,18,1
219,106,106,19,1
219,106,106,20,1
219,106,106,0,0
219,107,107,1,90
219,107,107,2,74
219,107,107,3,208
219,107,107,4,0
219,107,107,5,1
219,107,107,6,0
219,107,107,7,2
219,107,107,8,5
219,107,107,9,5
219,107,107,10,195
219,107,107,11,143
219,107,107,12,1
219,107,107,13,0
219,107,107,14,3
219,107,107,15,0
219,107,107,16,3
219,107,107,17,1
219,107,107,18,0
219,107,107,19,1
219,107,107,20,0
219,107,107,0,0
219,108,108,1,142
219,108,108,2,14
219,108,108,3,188
219,108,108,4,1
219,108,108,5,0
219,108,108,6,0
219,108,108,7,1
219,108,108,8,2
219,108,108,9,0
219,108,108,10,136
219,108,108,11,28
219,108,108,12,2
219,108,108,13,2
219,108,108,14,5
219,108,108,15,0
219,108,108,16,7
219,108,108,17,5
219,108,108,18,0
219,108,108,19,2
219,108,108,20,2
219,108,108,0,3
219,109,109,1,97
219,109,109,2,33
219,109,109,3,238
219,109,109,4,1
219,109,109,5,0
219,109,109,6,0
219,109,109,7,0
219,109,109,8,0
219,109,109,9,1
219,109,109,10,96
219,109,109,11,52
219,109,109,12,0
219,109,109,13,1
219,109,109,14,4
219,109,109,15,0
219,109,109,16,0
219,109,109,17,3
219,109,109,18,0
219,109,109,19,1
219,109,109,20,0
219,109,109,0,0
219,110,110,1,81
219,110,110,2,30
219,110,110,3,174
219,110,110,4,2
219,110,110,5,0
219,110,110,6,0
219,110,110,7,1
219,110,110,8,0
219,110,110,9,0
219,110,110,10,90
219,110,110,11,46
219,110,110,12,0
219,110,110,13,1
219,110,110,14,4
219,110,110,15,2
219,110,110,16,2
219,110,110,17,2
219,110,110,18,1
219,110,110,19,2
219,110,110,20,0
219,110,110,0,1
219,111,111,1,199
219,111,111,2,32
219,111,111,3,441
219,111,111,4,2
219,111,111,5,2
219,111,111,6,0
219,111,111,7,0
219,111,111,8,1
219,111,111,9,2
219,111,111,10,227
219,111,111,11,1
219,111,111,12,0
219,111,111,13,0
219,111,111,14,3
219,111,111,15,1
219,111,111,16,2
219,111,111,17,0
219,111,111,18,0
219,111,111,19,3
219,111,111,20,0
219,111,111,0,2
219,112,112,1,182
219,112,112,2,50
219,112,112,3,142
219,112,112,4,2
219,112,112,5,0
219,112,112,6,1
219,112,112,7,0
219,112,112,8,21
219,112,112,9,1
219,112,112,10,147
219,112,112,11,53
219,112,112,12,0
219,112,112,13,1
219,112,112,14,1
219,112,112,15,1
219,112,112,16,4
219,112,112,17,2
219,112,112,18,2
219,112,112,19,0
219,112,112,20,0
219,112,112,0,1
219,113,113,1,97
219,113,113,2,71
219,113,113,3,89
219,113,113,4,3
219,113,113,5,0
219,113,113,6,2
219,113,113,7,0
219,113,113,8,1
219,113,113,9,1
219,113,113,10,156
219,113,113,11,22
219,113,113,12,0
219,113,113,13,0
219,113,113,14,0
219,113,113,15,0
219,113,113,16,2
219,113,113,17,2
219,113,113,18,2
219,113,113,19,1
219,113,113,20,0
219,113,113,0,1
219,114,114,1,146
219,114,114,2,66
219,114,114,3,162
219,114,114,4,0
219,114,114,5,0
219,114,114,6,0
219,114,114,7,0
219,114,114,8,1
219,114,114,9,1
219,114,114,10,111
219,114,114,11,18
219,114,114,12,0
219,114,114,13,1
219,114,114,14,1
219,114,114,15,0
219,114,114,16,2
219,114,114,17,8
219,114,114,18,2
219,114,114,19,2
219,114,114,20,2
219,114,114,0,0
219,115,115,1,243
219,115,115,2,178
219,115,115,3,181
219,115,115,4,0
219,115,115,5,0
219,115,115,6,1
219,115,115,7,0
219,115,115,8,0
219,115,115,9,1
219,115,115,10,239
219,115,115,11,1
219,115,115,12,1
219,115,115,13,0
219,115,115,14,1
219,115,115,15,0
219,115,115,16,3
219,115,115,17,1
219,115,115,18,0
219,115,115,19,1
219,115,115,20,1
219,115,115,0,0
219,116,116,1,116
219,116,116,2,41
219,116,116,3,355
219,116,116,4,4
219,116,116,5,0
219,116,116,6,0
219,116,116,7,2
219,116,116,8,1
219,116,116,9,1
219,116,116,10,162
219,116,116,11,168
219,116,116,12,0
219,116,116,13,1
219,116,116,14,9
219,116,116,15,2
219,116,116,16,8
219,116,116,17,3
219,116,116,18,2
219,116,116,19,0
219,116,116,20,0
219,116,116,0,2
219,117,117,1,56
219,117,117,2,17
219,117,117,3,168
219,117,117,4,4
219,117,117,5,1
219,117,117,6,0
219,117,117,7,0
219,117,117,8,12
219,117,117,9,0
219,117,117,10,73
219,117,117,11,33
219,117,117,12,1
219,117,117,13,0
219,117,117,14,1
219,117,117,15,0
219,117,117,16,1
219,117,117,17,2
219,117,117,18,0
219,117,117,19,2
219,117,117,20,0
219,117,117,0,0
219,118,118,1,168
219,118,118,2,35
219,118,118,3,239
219,118,118,4,4
219,118,118,5,1
219,118,118,6,2
219,118,118,7,0
219,118,118,8,1
219,118,118,9,2
219,118,118,10,141
219,118,118,11,97
219,118,118,12,0
219,118,118,13,1
219,118,118,14,0
219,118,118,15,8
219,118,118,16,7
219,118,118,17,2
219,118,118,18,0
219,118,118,19,1
219,118,118,20,1
219,118,118,0,1
219,119,119,1,200
219,119,119,2,40
219,119,119,3,280
219,119,119,4,4
219,119,119,5,0
219,119,119,6,1
219,119,119,7,2
219,119,119,8,21
219,119,119,9,0
219,119,119,10,157
219,119,119,11,139
219,119,119,12,3
219,119,119,13,3
219,119,119,14,8
219,119,119,15,0
219,119,119,16,2
219,119,119,17,3
219,119,119,18,1
219,119,119,19,4
219,119,119,20,2
219,119,119,0,3
219,120,120,1,148
219,120,120,2,25
219,120,120,3,292
219,120,120,4,2
219,120,120,5,1
219,120,120,6,1
219,120,120,7,3
219,120,120,8,0
219,120,120,9,2
219,120,120,10,217
219,120,120,11,3
219,120,120,12,0
219,120,120,13,2
219,120,120,14,0
219,120,120,15,2
219,120,120,16,0
219,120,120,17,4
219,120,120,18,1
219,120,120,19,2
219,120,120,20,0
219,120,120,0,4
219,121,121,1,140
219,121,121,2,30
219,121,121,3,209
219,121,121,4,3
219,121,121,5,1
219,121,121,6,1
219,121,121,7,0
219,121,121,8,4
219,121,121,9,1
219,121,121,10,187
219,121,121,11,100
219,121,121,12,2
219,121,121,13,4
219,121,121,14,7
219,121,121,15,1
219,121,121,16,2
219,121,121,17,2
219,121,121,18,0
219,121,121,19,2
219,121,121,20,0
219,121,121,0,1
219,122,122,1,85
219,122,122,2,24
219,122,122,3,266
219,122,122,4,3
219,122,122,5,1
219,122,122,6,0
219,122,122,7,1
219,122,122,8,13
219,122,122,9,4
219,122,122,10,161
219,122,122,11,7
219,122,122,12,2
219,122,122,13,2
219,122,122,14,7
219,122,122,15,0
219,122,122,16,5
219,122,122,17,2
219,122,122,18,0
219,122,122,19,0
219,122,122,20,0
219,122,122,0,0
219,123,123,1,78
219,123,123,2,22
219,123,123,3,115
219,123,123,4,0
219,123,123,5,0
219,123,123,6,1
219,123,123,7,0
219,123,123,8,11
219,123,123,9,2
219,123,123,10,81
219,123,123,11,1
219,123,123,12,0
219,123,123,13,1
219,123,123,14,2
219,123,123,15,0
219,123,123,16,2
219,123,123,17,1
219,123,123,18,1
219,123,123,19,0
219,123,123,20,0
219,123,123,0,0
219,124,124,1,184
219,124,124,2,24
219,124,124,3,250
219,124,124,4,1
219,124,124,5,0
219,124,124,6,1
219,124,124,7,0
219,124,124,8,0
219,124,124,9,0
219,124,124,10,177
219,124,124,11,27
219,124,124,12,0
219,124,124,13,2
219,124,124,14,1
219,124,124,15,2
219,124,124,16,4
219,124,124,17,2
219,124,124,18,2
219,124,124,19,0
219,124,124,20,3
219,124,124,0,0
219,125,125,1,195
219,125,125,2,42
219,125,125,3,270
219,125,125,4,3
219,125,125,5,0
219,125,125,6,0
219,125,125,7,1
219,125,125,8,2
219,125,125,9,1
219,125,125,10,172
219,125,125,11,66
219,125,125,12,0
219,125,125,13,1
219,125,125,14,7
219,125,125,15,4
219,125,125,16,2
219,125,125,17,0
219,125,125,18,1
219,125,125,19,1
219,125,125,20,1
219,125,125,0,2
219,126,126,1,59
219,126,126,2,18
219,126,126,3,157
219,126,126,4,1
219,126,126,5,0
219,126,126,6,0
219,126,126,7,0
219,126,126,8,0
219,126,126,9,0
219,126,126,10,125
219,126,126,11,52
219,126,126,12,0
219,126,126,13,0
219,126,126,14,1
219,126,126,15,0
219,126,126,16,3
219,126,126,17,0
219,126,126,18,0
219,126,126,19,0
219,126,126,20,0
219,126,126,0,1
219,127,127,1,93
219,127,127,2,21
219,127,127,3,254
219,127,127,4,3
219,127,127,5,0
219,127,127,6,1
219,127,127,7,1
219,127,127,8,0
219,127,127,9,1
219,127,127,10,142
219,127,127,11,74
219,127,127,12,0
219,127,127,13,0
219,127,127,14,5
219,127,127,15,0
219,127,127,16,1
219,127,127,17,0
219,127,127,18,0
219,127,127,19,0
219,127,127,20,1
219,127,127,0,1
219,128,128,1,74
219,128,128,2,13
219,128,128,3,189
219,128,128,4,4
219,128,128,5,1
219,128,128,6,0
219,128,128,7,0
219,128,128,8,1
219,128,128,9,2
219,128,128,10,89
219,128,128,11,33
219,128,128,12,0
219,128,128,13,1
219,128,128,14,2
219,128,128,15,1
219,128,128,16,2
219,128,128,17,2
219,128,128,18,1
219,128,128,19,1
219,128,128,20,0
219,128,128,0,0
219,129,129,1,105
219,129,129,2,10
219,129,129,3,164
219,129,129,4,2
219,129,129,5,0
219,129,129,6,1
219,129,129,7,0
219,129,129,8,0
219,129,129,9,0
219,129,129,10,87
219,129,129,11,68
219,129,129,12,0
219,129,129,13,0
219,129,129,14,2
219,129,129,15,1
219,129,129,16,3
219,129,129,17,7
219,129,129,18,1
219,129,129,19,7
219,129,129,20,1
219,129,129,0,1
219,130,130,1,98
219,130,130,2,18
219,130,130,3,161
219,130,130,4,2
219,130,130,5,0
219,130,130,6,0
219,130,130,7,1
219,130,130,8,0
219,130,130,9,1
219,130,130,10,88
219,130,130,11,47
219,130,130,12,0
219,130,130,13,0
219,130,130,14,3
219,130,130,15,0
219,130,130,16,1
219,130,130,17,2
219,130,130,18,0
219,130,130,19,0
219,130,130,20,1
219,130,130,0,1
219,131,131,1,173
219,131,131,2,52
219,131,131,3,242
219,131,131,4,2
219,131,131,5,0
219,131,131,6,0
219,131,131,7,1
219,131,131,8,29
219,131,131,9,0
219,131,131,10,149
219,131,131,11,31
219,131,131,12,1
219,131,131,13,2
219,131,131,14,9
219,131,131,15,2
219,131,131,16,2
219,131,131,17,5
219,131,131,18,1
219,131,131,19,4
219,131,131,20,1
219,131,131,0,0
219,132,132,1,104
219,132,132,2,20
219,132,132,3,138
219,132,132,4,2
219,132,132,5,1
219,132,132,6,0
219,132,132,7,0
219,132,132,8,0
219,132,132,9,4
219,132,132,10,194
219,132,132,11,29
219,132,132,12,0
219,132,132,13,0
219,132,132,14,0
219,132,132,15,1
219,132,132,16,7
219,132,132,17,4
219,132,132,18,1
219,132,132,19,2
219,132,132,20,0
219,132,132,0,0
219,133,133,1,77
219,133,133,2,17
219,133,133,3,126
219,133,133,4,4
219,133,133,5,1
219,133,133,6,0
219,133,133,7,0
219,133,133,8,0
219,133,133,9,1
219,133,133,10,240
219,133,133,11,35
219,133,133,12,0
219,133,133,13,1
219,133,133,14,1
219,133,133,15,1
219,133,133,16,1
219,133,133,17,1
219,133,133,18,0
219,133,133,19,1
219,133,133,20,1
219,133,133,0,2
219,134,134,1,113
219,134,134,2,31
219,134,134,3,164
219,134,134,4,2
219,134,134,5,0
219,134,134,6,0
219,134,134,7,0
219,134,134,8,0
219,134,134,9,2
219,134,134,10,236
219,134,134,11,47
219,134,134,12,0
219,134,134,13,0
219,134,134,14,1
219,134,134,15,1
219,134,134,16,0
219,134,134,17,0
219,134,134,18,1
219,134,134,19,0
219,134,134,20,0
219,134,134,0,3
219,135,135,1,141
219,135,135,2,19
219,135,135,3,186
219,135,135,4,0
219,135,135,5,2
219,135,135,6,1
219,135,135,7,0
219,135,135,8,0
219,135,135,9,1
219,135,135,10,146
219,135,135,11,61
219,135,135,12,1
219,135,135,13,2
219,135,135,14,1
219,135,135,15,0
219,135,135,16,3
219,135,135,17,4
219,135,135,18,0
219,135,135,19,0
219,135,135,20,0
219,135,135,0,1
219,136,136,1,70
219,136,136,2,22
219,136,136,3,171
219,136,136,4,1
219,136,136,5,1
219,136,136,6,0
219,136,136,7,1
219,136,136,8,1
219,136,136,9,2
219,136,136,10,305
219,136,136,11,46
219,136,136,12,0
219,136,136,13,1
219,136,136,14,0
219,136,136,15,0
219,136,136,16,3
219,136,136,17,1
219,136,136,18,0
219,136,136,19,0
219,136,136,20,0
219,136,136,0,0
219,137,137,1,82
219,137,137,2,15
219,137,137,3,124
219,137,137,4,2
219,137,137,5,0
219,137,137,6,0
219,137,137,7,0
219,137,137,8,0
219,137,137,9,0
219,137,137,10,237
219,137,137,11,40
219,137,137,12,0
219,137,137,13,1
219,137,137,14,0
219,137,137,15,1
219,137,137,16,1
219,137,137,17,4
219,137,137,18,0
219,137,137,19,0
219,137,137,20,2
219,137,137,0,1
219,138,138,1,126
219,138,138,2,25
219,138,138,3,205
219,138,138,4,0
219,138,138,5,0
219,138,138,6,0
219,138,138,7,0
219,138,138,8,0
219,138,138,9,2
219,138,138,10,127
219,138,138,11,104
219,138,138,12,2
219,138,138,13,2
219,138,138,14,4
219,138,138,15,0
219,138,138,16,3
219,138,138,17,0
219,138,138,18,0
219,138,138,19,0
219,138,138,20,1
219,138,138,0,3
219,139,139,1,132
219,139,139,2,34
219,139,139,3,158
219,139,139,4,1
219,139,139,5,0
219,139,139,6,2
219,139,139,7,0
219,139,139,8,0
219,139,139,9,2
219,139,139,10,165
219,139,139,11,110
219,139,139,12,0
219,139,139,13,0
219,139,139,14,3
219,139,139,15,1
219,139,139,16,2
219,139,139,17,3
219,139,139,18,0
219,139,139,19,1
219,139,139,20,0
219,139,139,0,3
219,140,140,1,91
219,140,140,2,32
219,140,140,3,336
219,140,140,4,0
219,140,140,5,1
219,140,140,6,0
219,140,140,7,1
219,140,140,8,3
219,140,140,9,0
219,140,140,10,118
219,140,140,11,0
219,140,140,12,0
219,140,140,13,0
219,140,140,14,2
219,140,140,15,0
219,140,140,16,0
219,140,140,17,0
219,140,140,18,0
219,140,140,19,2
219,140,140,20,0
219,140,140,0,2
219,141,141,1,74
219,141,141,2,31
219,141,141,3,61
219,141,141,4,1
219,141,141,5,0
219,141,141,6,0
219,141,141,7,2
219,141,141,8,188
219,141,141,9,3
219,141,141,10,98
219,141,141,11,9
219,141,141,12,0
219,141,141,13,1
219,141,141,14,1
219,141,141,15,0
219,141,141,16,2
219,141,141,17,2
219,141,141,18,0
219,141,141,19,0
219,141,141,20,0
219,141,141,0,1
219,142,142,1,196
219,142,142,2,56
219,142,142,3,103
219,142,142,4,1
219,142,142,5,0
219,142,142,6,0
219,142,142,7,0
219,142,142,8,72
219,142,142,9,1
219,142,142,10,126
219,142,142,11,10
219,142,142,12,1
219,142,142,13,0
219,142,142,14,1
219,142,142,15,0
219,142,142,16,1
219,142,142,17,1
219,142,142,18,0
219,142,142,19,0
219,142,142,20,0
219,142,142,0,2
219,143,143,1,61
219,143,143,2,33
219,143,143,3,87
219,143,143,4,0
219,143,143,5,0
219,143,143,6,1
219,143,143,7,2
219,143,143,8,193
219,143,143,9,0
219,143,143,10,107
219,143,143,11,0
219,143,143,12,1
219,143,143,13,1
219,143,143,14,0
219,143,143,15,2
219,143,143,16,0
219,143,143,17,0
219,143,143,18,0
219,143,143,19,3
219,143,143,20,0
219,143,143,0,1
219,144,144,1,126
219,144,144,2,24
219,144,144,3,203
219,144,144,4,4
219,144,144,5,0
219,144,144,6,1
219,144,144,7,0
219,144,144,8,6
219,144,144,9,4
219,144,144,10,126
219,144,144,11,53
219,144,144,12,2
219,144,144,13,1
219,144,144,14,1
219,144,144,15,1
219,144,144,16,2
219,144,144,17,1
219,144,144,18,3
219,144,144,19,0
219,144,144,20,0
219,144,144,0,1
219,145,145,1,132
219,145,145,2,22
219,145,145,3,206
219,145,145,4,4
219,145,145,5,1
219,145,145,6,0
219,145,145,7,0
219,145,145,8,0
219,145,145,9,4
219,145,145,10,205
219,145,145,11,52
219,145,145,12,1
219,145,145,13,1
219,145,145,14,3
219,145,145,15,0
219,145,145,16,4
219,145,145,17,2
219,145,145,18,0
219,145,145,19,0
219,145,145,20,0
219,145,145,0,1
219,146,146,1,146
219,146,146,2,86
219,146,146,3,182
219,146,146,4,5
219,146,146,5,2
219,146,146,6,3
219,146,146,7,1
219,146,146,8,9
219,146,146,9,4
219,146,146,10,115
219,146,146,11,188
219,146,146,12,1
219,146,146,13,2
219,146,146,14,4
219,146,146,15,5
219,146,146,16,2
219,146,146,17,2
219,146,146,18,1
219,146,146,19,1
219,146,146,20,2
219,146,146,0,2
219,147,147,1,105
219,147,147,2,35
219,147,147,3,244
219,147,147,4,6
219,147,147,5,0
219,147,147,6,0
219,147,147,7,1
219,147,147,8,1
219,147,147,9,1
219,147,147,10,113
219,147,147,11,108
219,147,147,12,0
219,147,147,13,1
219,147,147,14,8
219,147,147,15,1
219,147,147,16,4
219,147,147,17,3
219,147,147,18,1
219,147,147,19,2
219,147,147,20,0
219,147,147,0,2
219,148,148,1,125
219,148,148,2,76
219,148,148,3,218
219,148,148,4,2
219,148,148,5,2
219,148,148,6,0
219,148,148,7,2
219,148,148,8,38
219,148,148,9,4
219,148,148,10,178
219,148,148,11,2
219,148,148,12,1
219,148,148,13,2
219,148,148,14,4
219,148,148,15,0
219,148,148,16,11
219,148,148,17,0
219,148,148,18,0
219,148,148,19,0
219,148,148,20,2
219,148,148,0,1
219,149,149,1,131
219,149,149,2,44
219,149,149,3,173
219,149,149,4,4
219,149,149,5,0
219,149,149,6,3
219,149,149,7,0
219,149,149,8,68
219,149,149,9,4
219,149,149,10,211
219,149,149,11,1
219,149,149,12,0
219,149,149,13,6
219,149,149,14,6
219,149,149,15,4
219,149,149,16,13
219,149,149,17,2
219,149,149,18,2
219,149,149,19,0
219,149,149,20,0
219,149,149,0,0
219,150,150,1,111
219,150,150,2,24
219,150,150,3,95
219,150,150,4,1
219,150,150,5,0
219,150,150,6,0
219,150,150,7,0
219,150,150,8,0
219,150,150,9,0
219,150,150,10,98
219,150,150,11,2
219,150,150,12,0
219,150,150,13,0
219,150,150,14,1
219,150,150,15,1
219,150,150,16,2
219,150,150,17,1
219,150,150,18,0
219,150,150,19,1
219,150,150,20,0
219,150,150,0,1
219,151,151,1,142
219,151,151,2,28
219,151,151,3,150
219,151,151,4,1
219,151,151,5,0
219,151,151,6,0
219,151,151,7,0
219,151,151,8,0
219,151,151,9,0
219,151,151,10,160
219,151,151,11,52
219,151,151,12,0
219,151,151,13,1
219,151,151,14,0
219,151,151,15,0
219,151,151,16,1
219,151,151,17,0
219,151,151,18,2
219,151,151,19,3
219,151,151,20,0
219,151,151,0,2
219,152,152,1,129
219,152,152,2,48
219,152,152,3,154
219,152,152,4,0
219,152,152,5,1
219,152,152,6,0
219,152,152,7,0
219,152,152,8,1
219,152,152,9,3
219,152,152,10,140
219,152,152,11,58
219,152,152,12,0
219,152,152,13,0
219,152,152,14,0
219,152,152,15,0
219,152,152,16,3
219,152,152,17,1
219,152,152,18,0
219,152,152,19,0
219,152,152,20,0
219,152,152,0,0
219,153,153,1,200
219,153,153,2,50
219,153,153,3,238
219,153,153,4,1
219,153,153,5,0
219,153,153,6,1
219,153,153,7,0
219,153,153,8,39
219,153,153,9,4
219,153,153,10,146
219,153,153,11,69
219,153,153,12,2
219,153,153,13,2
219,153,153,14,5
219,153,153,15,5
219,153,153,16,9
219,153,153,17,7
219,153,153,18,1
219,153,153,19,1
219,153,153,20,0
219,153,153,0,2
219,154,154,1,204
219,154,154,2,69
219,154,154,3,165
219,154,154,4,7
219,154,154,5,0
219,154,154,6,2
219,154,154,7,0
219,154,154,8,148
219,154,154,9,3
219,154,154,10,164
219,154,154,11,15
219,154,154,12,2
219,154,154,13,1
219,154,154,14,2
219,154,154,15,3
219,154,154,16,4
219,154,154,17,5
219,154,154,18,0
219,154,154,19,1
219,154,154,20,2
219,154,154,0,2
219,155,155,1,194
219,155,155,2,54
219,155,155,3,199
219,155,155,4,4
219,155,155,5,2
219,155,155,6,1
219,155,155,7,2
219,155,155,8,3
219,155,155,9,2
219,155,155,10,209
219,155,155,11,180
219,155,155,12,1
219,155,155,13,3
219,155,155,14,7
219,155,155,15,2
219,155,155,16,16
219,155,155,17,2
219,155,155,18,2
219,155,155,19,1
219,155,155,20,3
219,155,155,0,3
219,156,156,1,205
219,156,156,2,28
219,156,156,3,215
219,156,156,4,0
219,156,156,5,0
219,156,156,6,0
219,156,156,7,0
219,156,156,8,0
219,156,156,9,1
219,156,156,10,103
219,156,156,11,49
219,156,156,12,0
219,156,156,13,0
219,156,156,14,2
219,156,156,15,0
219,156,156,16,2
219,156,156,17,2
219,156,156,18,0
219,156,156,19,3
219,156,156,20,1
219,156,156,0,1
219,157,157,1,0
219,157,157,2,0
219,157,157,3,0
219,157,157,4,0
219,157,157,5,0
219,157,157,6,0
219,157,157,7,0
219,157,157,8,0
219,157,157,9,0
219,157,157,10,0
219,157,157,11,0
219,157,157,12,0
219,157,157,13,0
219,157,157,14,0
219,157,157,15,0
219,157,157,16,0
219,157,157,17,0
219,157,157,18,0
219,157,157,19,0
219,157,157,20,0
219,157,157,0,0
219,157,157,1,80
219,157,157,2,16
219,157,157,3,185
219,157,157,4,0
219,157,157,5,0
219,157,157,6,0
219,157,157,7,1
219,157,157,8,0
219,157,157,9,0
219,157,157,10,101
219,157,157,11,38
219,157,157,12,1
219,157,157,13,0
219,157,157,14,3
219,157,157,15,0
219,157,157,16,0
219,157,157,17,2
219,157,157,18,0
219,157,157,19,0
219,157,157,20,1
219,157,157,0,1
219,158,158,1,0
219,158,158,2,0
219,158,158,3,0
219,158,158,4,0
219,158,158,5,0
219,158,158,6,0
219,158,158,7,0
219,158,158,8,0
219,158,158,9,0
219,158,158,10,0
219,158,158,11,0
219,158,158,12,0
219,158,158,13,0
219,158,158,14,0
219,158,158,15,0
219,158,158,16,0
219,158,158,17,0
219,158,158,18,0
219,158,158,19,0
219,158,158,20,0
219,158,158,0,0
219,158,158,1,67
219,158,158,2,38
219,158,158,3,183
219,158,158,4,6
219,158,158,5,0
219,158,158,6,2
219,158,158,7,1
219,158,158,8,2
219,158,158,9,1
219,158,158,10,374
219,158,158,11,118
219,158,158,12,2
219,158,158,13,3
219,158,158,14,7
219,158,158,15,1
219,158,158,16,4
219,158,158,17,4
219,158,158,18,0
219,158,158,19,0
219,158,158,20,0
219,158,158,0,1
219,159,159,1,91
219,159,159,2,59
219,159,159,3,143
219,159,159,4,3
219,159,159,5,0
219,159,159,6,1
219,159,159,7,2
219,159,159,8,1
219,159,159,9,4
219,159,159,10,261
219,159,159,11,132
219,159,159,12,0
219,159,159,13,2
219,159,159,14,4
219,159,159,15,0
219,159,159,16,1
219,159,159,17,2
219,159,159,18,1
219,159,159,19,0
219,159,159,20,0
219,159,159,0,1
219,160,160,1,135
219,160,160,2,25
219,160,160,3,128
219,160,160,4,1
219,160,160,5,0
219,160,160,6,0
219,160,160,7,0
219,160,160,8,0
219,160,160,9,0
219,160,160,10,118
219,160,160,11,36
219,160,160,12,0
219,160,160,13,0
219,160,160,14,2
219,160,160,15,0
219,160,160,16,6
219,160,160,17,0
219,160,160,18,1
219,160,160,19,0
219,160,160,20,0
219,160,160,0,1
219,161,161,1,41
219,161,161,2,18
219,161,161,3,288
219,161,161,4,0
219,161,161,5,0
219,161,161,6,0
219,161,161,7,0
219,161,161,8,0
219,161,161,9,0
219,161,161,10,88
219,161,161,11,2
219,161,161,12,0
219,161,161,13,0
219,161,161,14,1
219,161,161,15,0
219,161,161,16,2
219,161,161,17,0
219,161,161,18,1
219,161,161,19,0
219,161,161,20,0
219,161,161,0,1
219,162,162,1,107
219,162,162,2,20
219,162,162,3,119
219,162,162,4,1
219,162,162,5,2
219,162,162,6,0
219,162,162,7,1
219,162,162,8,0
219,162,162,9,0
219,162,162,10,118
219,162,162,11,68
219,162,162,12,1
219,162,162,13,0
219,162,162,14,0
219,162,162,15,0
219,162,162,16,2
219,162,162,17,3
219,162,162,18,0
219,162,162,19,2
219,162,162,20,0
219,162,162,0,0
219,163,163,1,185
219,163,163,2,42
219,163,163,3,284
219,163,163,4,0
219,163,163,5,1
219,163,163,6,1
219,163,163,7,0
219,163,163,8,3
219,163,163,9,3
219,163,163,10,303
219,163,163,11,73
219,163,163,12,0
219,163,163,13,0
219,163,163,14,1
219,163,163,15,0
219,163,163,16,1
219,163,163,17,3
219,163,163,18,0
219,163,163,19,0
219,163,163,20,0
219,163,163,0,0
219,164,164,1,108
219,164,164,2,36
219,164,164,3,155
219,164,164,4,1
219,164,164,5,0
219,164,164,6,1
219,164,164,7,1
219,164,164,8,1
219,164,164,9,1
219,164,164,10,211
219,164,164,11,53
219,164,164,12,1
219,164,164,13,2
219,164,164,14,1
219,164,164,15,0
219,164,164,16,0
219,164,164,17,0
219,164,164,18,0
219,164,164,19,1
219,164,164,20,0
219,164,164,0,0
219,165,165,1,99
219,165,165,2,28
219,165,165,3,164
219,165,165,4,0
219,165,165,5,0
219,165,165,6,0
219,165,165,7,0
219,165,165,8,11
219,165,165,9,0
219,165,165,10,143
219,165,165,11,12
219,165,165,12,0
219,165,165,13,0
219,165,165,14,3
219,165,165,15,1
219,165,165,16,6
219,165,165,17,1
219,165,165,18,0
219,165,165,19,4
219,165,165,20,1
219,165,165,0,3
219,166,166,1,125
219,166,166,2,30
219,166,166,3,190
219,166,166,4,0
219,166,166,5,0
219,166,166,6,1
219,166,166,7,0
219,166,166,8,0
219,166,166,9,4
219,166,166,10,118
219,166,166,11,26
219,166,166,12,0
219,166,166,13,1
219,166,166,14,4
219,166,166,15,0
219,166,166,16,2
219,166,166,17,2
219,166,166,18,1
219,166,166,19,1
219,166,166,20,0
219,166,166,0,1
219,167,167,1,196
219,167,167,2,15
219,167,167,3,156
219,167,167,4,2
219,167,167,5,3
219,167,167,6,2
219,167,167,7,1
219,167,167,8,0
219,167,167,9,1
219,167,167,10,83
219,167,167,11,38
219,167,167,12,1
219,167,167,13,0
219,167,167,14,4
219,167,167,15,0
219,167,167,16,3
219,167,167,17,7
219,167,167,18,1
219,167,167,19,0
219,167,167,20,1
219,167,167,0,0
219,168,168,1,115
219,168,168,2,15
219,168,168,3,23
219,168,168,4,0
219,168,168,5,0
219,168,168,6,0
219,168,168,7,0
219,168,168,8,3
219,168,168,9,0
219,168,168,10,53
219,168,168,11,3
219,168,168,12,0
219,168,168,13,0
219,168,168,14,0
219,168,168,15,0
219,168,168,16,1
219,168,168,17,2
219,168,168,18,0
219,168,168,19,0
219,168,168,20,1
219,168,168,0,1
219,169,169,1,135
219,169,169,2,56
219,169,169,3,157
219,169,169,4,2
219,169,169,5,0
219,169,169,6,0
219,169,169,7,0
219,169,169,8,0
219,169,169,9,5
219,169,169,10,254
219,169,169,11,85
219,169,169,12,0
219,169,169,13,1
219,169,169,14,0
219,169,169,15,0
219,169,169,16,3
219,169,169,17,4
219,169,169,18,1
219,169,169,19,4
219,169,169,20,0
219,169,169,0,2
219,170,170,1,68
219,170,170,2,23
219,170,170,3,107
219,170,170,4,0
219,170,170,5,0
219,170,170,6,0
219,170,170,7,0
219,170,170,8,1
219,170,170,9,0
219,170,170,10,258
219,170,170,11,19
219,170,170,12,0
219,170,170,13,1
219,170,170,14,2
219,170,170,15,0
219,170,170,16,5
219,170,170,17,1
219,170,170,18,0
219,170,170,19,0
219,170,170,20,0
219,170,170,0,2
219,171,171,1,65
219,171,171,2,16
219,171,171,3,79
219,171,171,4,3
219,171,171,5,0
219,171,171,6,1
219,171,171,7,0
219,171,171,8,0
219,171,171,9,3
219,171,171,10,213
219,171,171,11,25
219,171,171,12,1
219,171,171,13,1
219,171,171,14,0
219,171,171,15,1
219,171,171,16,3
219,171,171,17,1
219,171,171,18,0
219,171,171,19,1
219,171,171,20,0
219,171,171,0,0
219,172,172,1,102
219,172,172,2,21
219,172,172,3,66
219,172,172,4,1
219,172,172,5,1
219,172,172,6,0
219,172,172,7,1
219,172,172,8,0
219,172,172,9,2
219,172,172,10,251
219,172,172,11,4
219,172,172,12,1
219,172,172,13,2
219,172,172,14,1
219,172,172,15,0
219,172,172,16,0
219,172,172,17,0
219,172,172,18,1
219,172,172,19,1
219,172,172,20,0
219,172,172,0,0
219,173,173,1,144
219,173,173,2,15
219,173,173,3,58
219,173,173,4,1
219,173,173,5,0
219,173,173,6,1
219,173,173,7,0
219,173,173,8,0
219,173,173,9,0
219,173,173,10,217
219,173,173,11,2
219,173,173,12,1
219,173,173,13,1
219,173,173,14,0
219,173,173,15,1
219,173,173,16,4
219,173,173,17,2
219,173,173,18,0
219,173,173,19,1
219,173,173,20,0
219,173,173,0,0
219,174,174,1,43
219,174,174,2,19
219,174,174,3,79
219,174,174,4,1
219,174,174,5,2
219,174,174,6,2
219,174,174,7,0
219,174,174,8,1
219,174,174,9,6
219,174,174,10,299
219,174,174,11,51
219,174,174,12,0
219,174,174,13,2
219,174,174,14,1
219,174,174,15,0
219,174,174,16,3
219,174,174,17,0
219,174,174,18,0
219,174,174,19,1
219,174,174,20,2
219,174,174,0,0
219,175,175,1,63
219,175,175,2,16
219,175,175,3,57
219,175,175,4,2
219,175,175,5,1
219,175,175,6,1
219,175,175,7,1
219,175,175,8,0
219,175,175,9,1
219,175,175,10,197
219,175,175,11,36
219,175,175,12,1
219,175,175,13,1
219,175,175,14,1
219,175,175,15,3
219,175,175,16,2
219,175,175,17,3
219,175,175,18,1
219,175,175,19,0
219,175,175,20,0
219,175,175,0,0
219,176,176,1,38
219,176,176,2,10
219,176,176,3,81
219,176,176,4,2
219,176,176,5,1
219,176,176,6,3
219,176,176,7,0
219,176,176,8,1
219,176,176,9,2
219,176,176,10,285
219,176,176,11,40
219,176,176,12,0
219,176,176,13,1
219,176,176,14,0
219,176,176,15,0
219,176,176,16,2
219,176,176,17,0
219,176,176,18,0
219,176,176,19,1
219,176,176,20,0
219,176,176,0,1
219,177,177,1,33
219,177,177,2,9
219,177,177,3,102
219,177,177,4,2
219,177,177,5,2
219,177,177,6,1
219,177,177,7,0
219,177,177,8,1
219,177,177,9,0
219,177,177,10,210
219,177,177,11,47
219,177,177,12,1
219,177,177,13,5
219,177,177,14,1
219,177,177,15,0
219,177,177,16,2
219,177,177,17,1
219,177,177,18,2
219,177,177,19,4
219,177,177,20,0
219,177,177,0,3
219,178,178,1,159
219,178,178,2,49
219,178,178,3,150
219,178,178,4,2
219,178,178,5,1
219,178,178,6,1
219,178,178,7,0
219,178,178,8,1
219,178,178,9,1
219,178,178,10,194
219,178,178,11,67
219,178,178,12,0
219,178,178,13,1
219,178,178,14,2
219,178,178,15,1
219,178,178,16,4
219,178,178,17,3
219,178,178,18,1
219,178,178,19,0
219,178,178,20,1
219,178,178,0,1
219,179,179,1,105
219,179,179,2,30
219,179,179,3,222
219,179,179,4,2
219,179,179,5,0
219,179,179,6,1
219,179,179,7,0
219,179,179,8,7
219,179,179,9,1
219,179,179,10,173
219,179,179,11,36
219,179,179,12,0
219,179,179,13,4
219,179,179,14,4
219,179,179,15,0
219,179,179,16,8
219,179,179,17,0
219,179,179,18,1
219,179,179,19,1
219,179,179,20,0
219,179,179,0,1
219,180,180,1,69
219,180,180,2,24
219,180,180,3,94
219,180,180,4,1
219,180,180,5,0
219,180,180,6,1
219,180,180,7,0
219,180,180,8,13
219,180,180,9,0
219,180,180,10,96
219,180,180,11,6
219,180,180,12,1
219,180,180,13,0
219,180,180,14,1
219,180,180,15,0
219,180,180,16,4
219,180,180,17,0
219,180,180,18,1
219,180,180,19,0
219,180,180,20,0
219,180,180,0,0
219,181,181,1,386
219,181,181,2,63
219,181,181,3,84
219,181,181,4,1
219,181,181,5,2
219,181,181,6,1
219,181,181,7,2
219,181,181,8,39
219,181,181,9,4
219,181,181,10,159
219,181,181,11,2
219,181,181,12,1
219,181,181,13,0
219,181,181,14,1
219,181,181,15,0
219,181,181,16,3
219,181,181,17,7
219,181,181,18,0
219,181,181,19,2
219,181,181,20,0
219,181,181,0,3
219,182,182,1,104
219,182,182,2,52
219,182,182,3,158
219,182,182,4,1
219,182,182,5,1
219,182,182,6,1
219,182,182,7,1
219,182,182,8,1
219,182,182,9,0
219,182,182,10,193
219,182,182,11,3
219,182,182,12,2
219,182,182,13,2
219,182,182,14,3
219,182,182,15,0
219,182,182,16,2
219,182,182,17,0
219,182,182,18,0
219,182,182,19,0
219,182,182,20,0
219,182,182,0,1
219,183,183,1,204
219,183,183,2,20
219,183,183,3,84
219,183,183,4,3
219,183,183,5,0
219,183,183,6,0
219,183,183,7,1
219,183,183,8,19
219,183,183,9,0
219,183,183,10,132
219,183,183,11,3
219,183,183,12,0
219,183,183,13,0
219,183,183,14,2
219,183,183,15,3
219,183,183,16,2
219,183,183,17,3
219,183,183,18,0
219,183,183,19,0
219,183,183,20,0
219,183,183,0,1
219,184,184,1,69
219,184,184,2,29
219,184,184,3,69
219,184,184,4,3
219,184,184,5,0
219,184,184,6,0
219,184,184,7,0
219,184,184,8,0
219,184,184,9,2
219,184,184,10,121
219,184,184,11,37
219,184,184,12,1
219,184,184,13,0
219,184,184,14,0
219,184,184,15,0
219,184,184,16,3
219,184,184,17,2
219,184,184,18,3
219,184,184,19,1
219,184,184,20,1
219,184,184,0,3
219,185,185,1,124
219,185,185,2,81
219,185,185,3,106
219,185,185,4,1
219,185,185,5,0
219,185,185,6,1
219,185,185,7,0
219,185,185,8,1
219,185,185,9,1
219,185,185,10,158
219,185,185,11,42
219,185,185,12,1
219,185,185,13,0
219,185,185,14,0
219,185,185,15,1
219,185,185,16,2
219,185,185,17,1
219,185,185,18,1
219,185,185,19,0
219,185,185,20,1
219,185,185,0,3
219,186,186,1,128
219,186,186,2,39
219,186,186,3,247
219,186,186,4,2
219,186,186,5,0
219,186,186,6,0
219,186,186,7,1
219,186,186,8,14
219,186,186,9,0
219,186,186,10,192
219,186,186,11,1
219,186,186,12,1
219,186,186,13,3
219,186,186,14,1
219,186,186,15,1
219,186,186,16,6
219,186,186,17,1
219,186,186,18,0
219,186,186,19,1
219,186,186,20,2
219,186,186,0,5
219,187,187,1,84
219,187,187,2,33
219,187,187,3,235
219,187,187,4,1
219,187,187,5,0
219,187,187,6,2
219,187,187,7,0
219,187,187,8,36
219,187,187,9,0
219,187,187,10,190
219,187,187,11,3
219,187,187,12,1
219,187,187,13,0
219,187,187,14,4
219,187,187,15,0
219,187,187,16,3
219,187,187,17,2
219,187,187,18,0
219,187,187,19,0
219,187,187,20,0
219,187,187,0,1
219,188,188,1,151
219,188,188,2,38
219,188,188,3,91
219,188,188,4,2
219,188,188,5,0
219,188,188,6,0
219,188,188,7,1
219,188,188,8,12
219,188,188,9,3
219,188,188,10,97
219,188,188,11,0
219,188,188,12,0
219,188,188,13,0
219,188,188,14,0
219,188,188,15,0
219,188,188,16,0
219,188,188,17,1
219,188,188,18,0
219,188,188,19,0
219,188,188,20,0
219,188,188,0,1
219,189,189,1,199
219,189,189,2,49
219,189,189,3,227
219,189,189,4,2
219,189,189,5,0
219,189,189,6,1
219,189,189,7,0
219,189,189,8,12
219,189,189,9,0
219,189,189,10,291
219,189,189,11,3
219,189,189,12,1
219,189,189,13,1
219,189,189,14,5
219,189,189,15,1
219,189,189,16,3
219,189,189,17,2
219,189,189,18,0
219,189,189,19,2
219,189,189,20,1
219,189,189,0,2
219,190,190,1,179
219,190,190,2,37
219,190,190,3,255
219,190,190,4,3
219,190,190,5,1
219,190,190,6,1
219,190,190,7,0
219,190,190,8,22
219,190,190,9,3
219,190,190,10,280
219,190,190,11,45
219,190,190,12,1
219,190,190,13,2
219,190,190,14,3
219,190,190,15,2
219,190,190,16,3
219,190,190,17,2
219,190,190,18,0
219,190,190,19,1
219,190,190,20,0
219,190,190,0,2
219,191,191,1,162
219,191,191,2,50
219,191,191,3,314
219,191,191,4,1
219,191,191,5,1
219,191,191,6,0
219,191,191,7,0
219,191,191,8,10
219,191,191,9,1
219,191,191,10,180
219,191,191,11,4
219,191,191,12,0
219,191,191,13,0
219,191,191,14,6
219,191,191,15,1
219,191,191,16,9
219,191,191,17,1
219,191,191,18,0
219,191,191,19,2
219,191,191,20,0
219,191,191,0,1
219,192,192,1,62
219,192,192,2,47
219,192,192,3,333
219,192,192,4,3
219,192,192,5,1
219,192,192,6,0
219,192,192,7,0
219,192,192,8,1
219,192,192,9,1
219,192,192,10,176
219,192,192,11,16
219,192,192,12,0
219,192,192,13,0
219,192,192,14,9
219,192,192,15,1
219,192,192,16,1
219,192,192,17,2
219,192,192,18,3
219,192,192,19,6
219,192,192,20,1
219,192,192,0,1
219,193,193,1,109
219,193,193,2,39
219,193,193,3,289
219,193,193,4,5
219,193,193,5,0
219,193,193,6,1
219,193,193,7,1
219,193,193,8,55
219,193,193,9,6
219,193,193,10,203
219,193,193,11,78
219,193,193,12,0
219,193,193,13,0
219,193,193,14,3
219,193,193,15,2
219,193,193,16,6
219,193,193,17,8
219,193,193,18,4
219,193,193,19,7
219,193,193,20,2
219,193,193,0,4
219,194,194,1,201
219,194,194,2,24
219,194,194,3,103
219,194,194,4,2
219,194,194,5,0
219,194,194,6,0
219,194,194,7,0
219,194,194,8,9
219,194,194,9,1
219,194,194,10,169
219,194,194,11,29
219,194,194,12,0
219,194,194,13,0
219,194,194,14,1
219,194,194,15,0
219,194,194,16,1
219,194,194,17,2
219,194,194,18,0
219,194,194,19,2
219,194,194,20,0
219,194,194,0,1
219,195,195,1,74
219,195,195,2,42
219,195,195,3,206
219,195,195,4,2
219,195,195,5,0
219,195,195,6,2
219,195,195,7,2
219,195,195,8,0
219,195,195,9,1
219,195,195,10,184
219,195,195,11,6
219,195,195,12,0
219,195,195,13,0
219,195,195,14,2
219,195,195,15,0
219,195,195,16,1
219,195,195,17,0
219,195,195,18,0
219,195,195,19,0
219,195,195,20,1
219,195,195,0,2
219,196,196,1,93
219,196,196,2,31
219,196,196,3,255
219,196,196,4,1
219,196,196,5,1
219,196,196,6,1
219,196,196,7,0
219,196,196,8,1
219,196,196,9,0
219,196,196,10,135
219,196,196,11,16
219,196,196,12,2
219,196,196,13,0
219,196,196,14,1
219,196,196,15,0
219,196,196,16,0
219,196,196,17,1
219,196,196,18,1
219,196,196,19,2
219,196,196,20,0
219,196,196,0,2
219,197,197,1,308
219,197,197,2,22
219,197,197,3,181
219,197,197,4,2
219,197,197,5,1
219,197,197,6,0
219,197,197,7,1
219,197,197,8,23
219,197,197,9,1
219,197,197,10,280
219,197,197,11,0
219,197,197,12,1
219,197,197,13,0
219,197,197,14,0
219,197,197,15,0
219,197,197,16,4
219,197,197,17,1
219,197,197,18,0
219,197,197,19,0
219,197,197,20,0
219,197,197,0,1
219,198,198,1,82
219,198,198,2,33
219,198,198,3,335
219,198,198,4,0
219,198,198,5,0
219,198,198,6,0
219,198,198,7,1
219,198,198,8,14
219,198,198,9,1
219,198,198,10,127
219,198,198,11,0
219,198,198,12,0
219,198,198,13,1
219,198,198,14,7
219,198,198,15,1
219,198,198,16,2
219,198,198,17,1
219,198,198,18,1
219,198,198,19,3
219,198,198,20,0
219,198,198,0,1
219,199,199,1,103
219,199,199,2,28
219,199,199,3,401
219,199,199,4,2
219,199,199,5,0
219,199,199,6,1
219,199,199,7,0
219,199,199,8,2
219,199,199,9,1
219,199,199,10,194
219,199,199,11,70
219,199,199,12,2
219,199,199,13,2
219,199,199,14,4
219,199,199,15,0
219,199,199,16,4
219,199,199,17,0
219,199,199,18,0
219,199,199,19,2
219,199,199,20,0
219,199,199,0,5
219,200,200,1,75
219,200,200,2,8
219,200,200,3,367
219,200,200,4,1
219,200,200,5,1
219,200,200,6,0
219,200,200,7,0
219,200,200,8,0
219,200,200,9,0
219,200,200,10,135
219,200,200,11,6
219,200,200,12,0
219,200,200,13,0
219,200,200,14,2
219,200,200,15,1
219,200,200,16,0
219,200,200,17,1
219,200,200,18,0
219,200,200,19,2
219,200,200,20,0
219,200,200,0,2
219,201,201,1,74
219,201,201,2,17
219,201,201,3,296
219,201,201,4,4
219,201,201,5,0
219,201,201,6,0
219,201,201,7,0
219,201,201,8,2
219,201,201,9,1
219,201,201,10,123
219,201,201,11,31
219,201,201,12,0
219,201,201,13,0
219,201,201,14,5
219,201,201,15,0
219,201,201,16,3
219,201,201,17,2
219,201,201,18,0
219,201,201,19,1
219,201,201,20,0
219,201,201,0,4
219,202,202,1,121
219,202,202,2,32
219,202,202,3,276
219,202,202,4,1
219,202,202,5,0
219,202,202,6,1
219,202,202,7,1
219,202,202,8,17
219,202,202,9,0
219,202,202,10,118
219,202,202,11,51
219,202,202,12,0
219,202,202,13,0
219,202,202,14,2
219,202,202,15,1
219,202,202,16,0
219,202,202,17,1
219,202,202,18,0
219,202,202,19,1
219,202,202,20,1
219,202,202,0,1
219,203,203,1,78
219,203,203,2,15
219,203,203,3,153
219,203,203,4,2
219,203,203,5,0
219,203,203,6,0
219,203,203,7,0
219,203,203,8,4
219,203,203,9,6
219,203,203,10,82
219,203,203,11,6
219,203,203,12,0
219,203,203,13,2
219,203,203,14,3
219,203,203,15,0
219,203,203,16,0
219,203,203,17,2
219,203,203,18,0
219,203,203,19,2
219,203,203,20,0
219,203,203,0,2
219,204,204,1,62
219,204,204,2,34
219,204,204,3,265
219,204,204,4,2
219,204,204,5,0
219,204,204,6,0
219,204,204,7,0
219,204,204,8,16
219,204,204,9,4
219,204,204,10,154
219,204,204,11,21
219,204,204,12,0
219,204,204,13,1
219,204,204,14,4
219,204,204,15,0
219,204,204,16,0
219,204,204,17,0
219,204,204,18,0
219,204,204,19,0
219,204,204,20,1
219,204,204,0,0
219,205,205,1,137
219,205,205,2,38
219,205,205,3,426
219,205,205,4,2
219,205,205,5,0
219,205,205,6,1
219,205,205,7,0
219,205,205,8,8
219,205,205,9,0
219,205,205,10,205
219,205,205,11,1
219,205,205,12,0
219,205,205,13,0
219,205,205,14,1
219,205,205,15,1
219,205,205,16,1
219,205,205,17,2
219,205,205,18,0
219,205,205,19,2
219,205,205,20,0
219,205,205,0,3
219,206,206,1,49
219,206,206,2,9
219,206,206,3,37
219,206,206,4,0
219,206,206,5,0
219,206,206,6,0
219,206,206,7,3
219,206,206,8,457
219,206,206,9,23
219,206,206,10,24
219,206,206,11,0
219,206,206,12,1
219,206,206,13,0
219,206,206,14,0
219,206,206,15,0
219,206,206,16,2
219,206,206,17,1
219,206,206,18,0
219,206,206,19,0
219,206,206,20,0
219,206,206,0,1
219,207,207,1,207
219,207,207,2,48
219,207,207,3,126
219,207,207,4,0
219,207,207,5,1
219,207,207,6,0
219,207,207,7,1
219,207,207,8,119
219,207,207,9,1
219,207,207,10,89
219,207,207,11,2
219,207,207,12,1
219,207,207,13,0
219,207,207,14,2
219,207,207,15,0
219,207,207,16,2
219,207,207,17,2
219,207,207,18,0
219,207,207,19,0
219,207,207,20,0
219,207,207,0,3
219,208,208,1,161
219,208,208,2,32
219,208,208,3,168
219,208,208,4,3
219,208,208,5,1
219,208,208,6,0
219,208,208,7,0
219,208,208,8,0
219,208,208,9,1
219,208,208,10,102
219,208,208,11,72
219,208,208,12,0
219,208,208,13,0
219,208,208,14,2
219,208,208,15,1
219,208,208,16,3
219,208,208,17,7
219,208,208,18,2
219,208,208,19,2
219,208,208,20,0
219,208,208,0,1
219,209,209,1,0
219,209,209,2,0
219,209,209,3,0
219,209,209,4,0
219,209,209,5,0
219,209,209,6,0
219,209,209,7,0
219,209,209,8,0
219,209,209,9,0
219,209,209,10,0
219,209,209,11,0
219,209,209,12,0
219,209,209,13,0
219,209,209,14,0
219,209,209,15,0
219,209,209,16,0
219,209,209,17,0
219,209,209,18,0
219,209,209,19,0
219,209,209,20,0
219,209,209,0,0
219,209,209,1,233
219,209,209,2,55
219,209,209,3,194
219,209,209,4,3
219,209,209,5,1
219,209,209,6,1
219,209,209,7,0
219,209,209,8,0
219,209,209,9,2
219,209,209,10,176
219,209,209,11,154
219,209,209,12,6
219,209,209,13,0
219,209,209,14,3
219,209,209,15,1
219,209,209,16,5
219,209,209,17,6
219,209,209,18,3
219,209,209,19,2
219,209,209,20,0
219,209,209,0,4
219,210,210,1,0
219,210,210,2,0
219,210,210,3,0
219,210,210,4,0
219,210,210,5,0
219,210,210,6,0
219,210,210,7,0
219,210,210,8,0
219,210,210,9,0
219,210,210,10,0
219,210,210,11,0
219,210,210,12,0
219,210,210,13,0
219,210,210,14,0
219,210,210,15,0
219,210,210,16,0
219,210,210,17,0
219,210,210,18,0
219,210,210,19,0
219,210,210,20,0
219,210,210,0,0
219,210,210,1,173
219,210,210,2,34
219,210,210,3,142
219,210,210,4,2
219,210,210,5,0
219,210,210,6,1
219,210,210,7,0
219,210,210,8,19
219,210,210,9,0
219,210,210,10,76
219,210,210,11,5
219,210,210,12,0
219,210,210,13,2
219,210,210,14,1
219,210,210,15,0
219,210,210,16,2
219,210,210,17,1
219,210,210,18,1
219,210,210,19,2
219,210,210,20,0
219,210,210,0,0
219,211,211,1,138
219,211,211,2,7
219,211,211,3,72
219,211,211,4,0
219,211,211,5,0
219,211,211,6,0
219,211,211,7,1
219,211,211,8,0
219,211,211,9,0
219,211,211,10,75
219,211,211,11,1
219,211,211,12,0
219,211,211,13,1
219,211,211,14,1
219,211,211,15,0
219,211,211,16,2
219,211,211,17,1
219,211,211,18,0
219,211,211,19,0
219,211,211,20,0
219,211,211,0,1
219,212,212,1,253
219,212,212,2,26
219,212,212,3,172
219,212,212,4,4
219,212,212,5,0
219,212,212,6,1
219,212,212,7,0
219,212,212,8,1
219,212,212,9,4
219,212,212,10,152
219,212,212,11,3
219,212,212,12,1
219,212,212,13,0
219,212,212,14,1
219,212,212,15,0
219,212,212,16,2
219,212,212,17,8
219,212,212,18,1
219,212,212,19,8
219,212,212,20,0
219,212,212,0,2
219,213,213,1,243
219,213,213,2,22
219,213,213,3,95
219,213,213,4,0
219,213,213,5,0
219,213,213,6,0
219,213,213,7,1
219,213,213,8,0
219,213,213,9,0
219,213,213,10,142
219,213,213,11,7
219,213,213,12,0
219,213,213,13,0
219,213,213,14,2
219,213,213,15,0
219,213,213,16,4
219,213,213,17,1
219,213,213,18,0
219,213,213,19,1
219,213,213,20,0
219,213,213,0,1
219,214,214,1,109
219,214,214,2,14
219,214,214,3,124
219,214,214,4,1
219,214,214,5,0
219,214,214,6,0
219,214,214,7,0
219,214,214,8,0
219,214,214,9,4
219,214,214,10,86
219,214,214,11,12
219,214,214,12,0
219,214,214,13,0
219,214,214,14,1
219,214,214,15,0
219,214,214,16,1
219,214,214,17,1
219,214,214,18,0
219,214,214,19,4
219,214,214,20,0
219,214,214,0,0
219,215,215,1,212
219,215,215,2,27
219,215,215,3,219
219,215,215,4,4
219,215,215,5,0
219,215,215,6,1
219,215,215,7,0
219,215,215,8,1
219,215,215,9,0
219,215,215,10,179
219,215,215,11,38
219,215,215,12,2
219,215,215,13,2
219,215,215,14,2
219,215,215,15,1
219,215,215,16,3
219,215,215,17,1
219,215,215,18,0
219,215,215,19,1
219,215,215,20,0
219,215,215,0,0
219,216,216,1,95
219,216,216,2,26
219,216,216,3,171
219,216,216,4,0
219,216,216,5,1
219,216,216,6,1
219,216,216,7,0
219,216,216,8,47
219,216,216,9,2
219,216,216,10,131
219,216,216,11,13
219,216,216,12,0
219,216,216,13,1
219,216,216,14,1
219,216,216,15,1
219,216,216,16,1
219,216,216,17,1
219,216,216,18,0
219,216,216,19,2
219,216,216,20,2
219,216,216,0,0
219,217,217,1,76
219,217,217,2,38
219,217,217,3,108
219,217,217,4,1
219,217,217,5,0
219,217,217,6,1
219,217,217,7,0
219,217,217,8,90
219,217,217,9,4
219,217,217,10,59
219,217,217,11,5
219,217,217,12,2
219,217,217,13,0
219,217,217,14,2
219,217,217,15,0
219,217,217,16,1
219,217,217,17,0
219,217,217,18,0
219,217,217,19,0
219,217,217,20,0
219,217,217,0,0
219,218,218,1,77
219,218,218,2,40
219,218,218,3,176
219,218,218,4,0
219,218,218,5,0
219,218,218,6,1
219,218,218,7,0
219,218,218,8,1
219,218,218,9,1
219,218,218,10,167
219,218,218,11,5
219,218,218,12,0
219,218,218,13,0
219,218,218,14,0
219,218,218,15,0
219,218,218,16,1
219,218,218,17,0
219,218,218,18,2
219,218,218,19,2
219,218,218,20,0
219,218,218,0,0
219,219,219,1,72
219,219,219,2,15
219,219,219,3,72
219,219,219,4,1
219,219,219,5,0
219,219,219,6,0
219,219,219,7,0
219,219,219,8,3
219,219,219,9,1
219,219,219,10,165
219,219,219,11,24
219,219,219,12,0
219,219,219,13,0
219,219,219,14,2
219,219,219,15,2
219,219,219,16,3
219,219,219,17,4
219,219,219,18,0
219,219,219,19,2
219,219,219,20,0
219,219,219,0,0
219,220,220,1,163
219,220,220,2,42
219,220,220,3,252
219,220,220,4,0
219,220,220,5,0
219,220,220,6,0
219,220,220,7,0
219,220,220,8,9
219,220,220,9,0
219,220,220,10,265
219,220,220,11,25
219,220,220,12,2
219,220,220,13,2
219,220,220,14,1
219,220,220,15,1
219,220,220,16,3
219,220,220,17,1
219,220,220,18,0
219,220,220,19,1
219,220,220,20,0
219,220,220,0,1
219,221,221,1,145
219,221,221,2,35
219,221,221,3,197
219,221,221,4,0
219,221,221,5,1
219,221,221,6,0
219,221,221,7,1
219,221,221,8,0
219,221,221,9,1
219,221,221,10,404
219,221,221,11,4
219,221,221,12,1
219,221,221,13,1
219,221,221,14,0
219,221,221,15,0
219,221,221,16,2
219,221,221,17,0
219,221,221,18,0
219,221,221,19,2
219,221,221,20,0
219,221,221,0,2
219,222,222,1,116
219,222,222,2,34
219,222,222,3,308
219,222,222,4,4
219,222,222,5,0
219,222,222,6,0
219,222,222,7,1
219,222,222,8,23
219,222,222,9,0
219,222,222,10,146
219,222,222,11,16
219,222,222,12,0
219,222,222,13,0
219,222,222,14,0
219,222,222,15,0
219,222,222,16,1
219,222,222,17,1
219,222,222,18,3
219,222,222,19,0
219,222,222,20,0
219,222,222,0,0
219,223,223,1,276
219,223,223,2,77
219,223,223,3,156
219,223,223,4,0
219,223,223,5,0
219,223,223,6,0
219,223,223,7,0
219,223,223,8,16
219,223,223,9,12
219,223,223,10,131
219,223,223,11,9
219,223,223,12,0
219,223,223,13,0
219,223,223,14,0
219,223,223,15,1
219,223,223,16,2
219,223,223,17,4
219,223,223,18,1
219,223,223,19,1
219,223,223,20,0
219,223,223,0,1
219,224,224,1,86
219,224,224,2,40
219,224,224,3,110
219,224,224,4,0
219,224,224,5,0
219,224,224,6,0
219,224,224,7,0
219,224,224,8,6
219,224,224,9,2
219,224,224,10,110
219,224,224,11,11
219,224,224,12,0
219,224,224,13,1
219,224,224,14,0
219,224,224,15,0
219,224,224,16,0
219,224,224,17,0
219,224,224,18,0
219,224,224,19,0
219,224,224,20,1
219,224,224,0,0
219,225,225,1,209
219,225,225,2,53
219,225,225,3,185
219,225,225,4,0
219,225,225,5,1
219,225,225,6,0
219,225,225,7,0
219,225,225,8,12
219,225,225,9,39
219,225,225,10,105
219,225,225,11,1
219,225,225,12,0
219,225,225,13,0
219,225,225,14,3
219,225,225,15,0
219,225,225,16,2
219,225,225,17,3
219,225,225,18,1
219,225,225,19,6
219,225,225,20,0
219,225,225,0,3
219,226,226,1,131
219,226,226,2,24
219,226,226,3,191
219,226,226,4,1
219,226,226,5,0
219,226,226,6,0
219,226,226,7,0
219,226,226,8,1
219,226,226,9,2
219,226,226,10,190
219,226,226,11,2
219,226,226,12,1
219,226,226,13,0
219,226,226,14,1
219,226,226,15,1
219,226,226,16,3
219,226,226,17,0
219,226,226,18,0
219,226,226,19,1
219,226,226,20,0
219,226,226,0,2
219,227,227,1,94
219,227,227,2,30
219,227,227,3,464
219,227,227,4,2
219,227,227,5,0
219,227,227,6,0
219,227,227,7,1
219,227,227,8,0
219,227,227,9,1
219,227,227,10,153
219,227,227,11,16
219,227,227,12,0
219,227,227,13,1
219,227,227,14,0
219,227,227,15,0
219,227,227,16,1
219,227,227,17,0
219,227,227,18,0
219,227,227,19,2
219,227,227,20,0
219,227,227,0,0
219,228,228,1,96
219,228,228,2,47
219,228,228,3,150
219,228,228,4,2
219,228,228,5,0
219,228,228,6,0
219,228,228,7,0
219,228,228,8,0
219,228,228,9,2
219,228,228,10,223
219,228,228,11,12
219,228,228,12,2
219,228,228,13,1
219,228,228,14,2
219,228,228,15,0
219,228,228,16,1
219,228,228,17,0
219,228,228,18,0
219,228,228,19,1
219,228,228,20,0
219,228,228,0,0
219,229,229,1,48
219,229,229,2,6
219,229,229,3,204
219,229,229,4,4
219,229,229,5,0
219,229,229,6,0
219,229,229,7,0
219,229,229,8,1
219,229,229,9,4
219,229,229,10,107
219,229,229,11,3
219,229,229,12,0
219,229,229,13,0
219,229,229,14,0
219,229,229,15,0
219,229,229,16,2
219,229,229,17,0
219,229,229,18,1
219,229,229,19,1
219,229,229,20,0
219,229,229,0,2
219,230,230,1,67
219,230,230,2,13
219,230,230,3,225
219,230,230,4,3
219,230,230,5,1
219,230,230,6,0
219,230,230,7,1
219,230,230,8,0
219,230,230,9,0
219,230,230,10,211
219,230,230,11,2
219,230,230,12,1
219,230,230,13,1
219,230,230,14,3
219,230,230,15,1
219,230,230,16,4
219,230,230,17,0
219,230,230,18,1
219,230,230,19,1
219,230,230,20,0
219,230,230,0,2
219,231,231,1,65
219,231,231,2,10
219,231,231,3,244
219,231,231,4,0
219,231,231,5,1
219,231,231,6,2
219,231,231,7,1
219,231,231,8,0
219,231,231,9,2
219,231,231,10,200
219,231,231,11,3
219,231,231,12,0
219,231,231,13,2
219,231,231,14,2
219,231,231,15,0
219,231,231,16,0
219,231,231,17,2
219,231,231,18,2
219,231,231,19,2
219,231,231,20,1
219,231,231,0,1
219,232,232,1,174
219,232,232,2,31
219,232,232,3,226
219,232,232,4,1
219,232,232,5,1
219,232,232,6,0
219,232,232,7,4
219,232,232,8,6
219,232,232,9,4
219,232,232,10,327
219,232,232,11,0
219,232,232,12,0
219,232,232,13,0
219,232,232,14,0
219,232,232,15,0
219,232,232,16,10
219,232,232,17,1
219,232,232,18,1
219,232,232,19,3
219,232,232,20,0
219,232,232,0,1
219,233,233,1,128
219,233,233,2,15
219,233,233,3,254
219,233,233,4,0
219,233,233,5,1
219,233,233,6,0
219,233,233,7,1
219,233,233,8,0
219,233,233,9,0
219,233,233,10,133
219,233,233,11,19
219,233,233,12,1
219,233,233,13,0
219,233,233,14,1
219,233,233,15,0
219,233,233,16,3
219,233,233,17,0
219,233,233,18,0
219,233,233,19,1
219,233,233,20,0
219,233,233,0,2
219,234,234,1,252
219,234,234,2,34
219,234,234,3,197
219,234,234,4,2
219,234,234,5,0
219,234,234,6,0
219,234,234,7,1
219,234,234,8,7
219,234,234,9,2
219,234,234,10,393
219,234,234,11,1
219,234,234,12,1
219,234,234,13,0
219,234,234,14,1
219,234,234,15,1
219,234,234,16,6
219,234,234,17,6
219,234,234,18,3
219,234,234,19,1
219,234,234,20,1
219,234,234,0,3
219,235,235,1,130
219,235,235,2,28
219,235,235,3,335
219,235,235,4,1
219,235,235,5,1
219,235,235,6,0
219,235,235,7,2
219,235,235,8,0
219,235,235,9,1
219,235,235,10,299
219,235,235,11,20
219,235,235,12,0
219,235,235,13,1
219,235,235,14,3
219,235,235,15,1
219,235,235,16,2
219,235,235,17,1
219,235,235,18,1
219,235,235,19,0
219,235,235,20,0
219,235,235,0,2
219,236,236,1,46
219,236,236,2,9
219,236,236,3,129
219,236,236,4,1
219,236,236,5,0
219,236,236,6,0
219,236,236,7,0
219,236,236,8,1
219,236,236,9,0
219,236,236,10,99
219,236,236,11,0
219,236,236,12,0
219,236,236,13,0
219,236,236,14,0
219,236,236,15,2
219,236,236,16,0
219,236,236,17,2
219,236,236,18,0
219,236,236,19,2
219,236,236,20,0
219,236,236,0,0
219,237,237,1,178
219,237,237,2,35
219,237,237,3,211
219,237,237,4,2
219,237,237,5,3
219,237,237,6,0
219,237,237,7,1
219,237,237,8,1
219,237,237,9,0
219,237,237,10,276
219,237,237,11,1
219,237,237,12,0
219,237,237,13,0
219,237,237,14,5
219,237,237,15,2
219,237,237,16,7
219,237,237,17,0
219,237,237,18,0
219,237,237,19,2
219,237,237,20,0
219,237,237,0,1
219,238,238,1,128
219,238,238,2,31
219,238,238,3,218
219,238,238,4,4
219,238,238,5,0
219,238,238,6,0
219,238,238,7,0
219,238,238,8,11
219,238,238,9,0
219,238,238,10,239
219,238,238,11,0
219,238,238,12,1
219,238,238,13,0
219,238,238,14,5
219,238,238,15,3
219,238,238,16,1
219,238,238,17,1
219,238,238,18,0
219,238,238,19,2
219,238,238,20,0
219,238,238,0,1
219,239,239,1,74
219,239,239,2,56
219,239,239,3,424
219,239,239,4,2
219,239,239,5,3
219,239,239,6,1
219,239,239,7,1
219,239,239,8,24
219,239,239,9,3
219,239,239,10,221
219,239,239,11,10
219,239,239,12,0
219,239,239,13,2
219,239,239,14,5
219,239,239,15,0
219,239,239,16,1
219,239,239,17,1
219,239,239,18,1
219,239,239,19,1
219,239,239,20,1
219,239,239,0,5
219,240,240,1,120
219,240,240,2,43
219,240,240,3,334
219,240,240,4,2
219,240,240,5,0
219,240,240,6,0
219,240,240,7,0
219,240,240,8,17
219,240,240,9,0
219,240,240,10,310
219,240,240,11,9
219,240,240,12,0
219,240,240,13,3
219,240,240,14,2
219,240,240,15,1
219,240,240,16,1
219,240,240,17,0
219,240,240,18,0
219,240,240,19,1
219,240,240,20,1
219,240,240,0,4
219,241,241,1,108
219,241,241,2,32
219,241,241,3,330
219,241,241,4,1
219,241,241,5,0
219,241,241,6,1
219,241,241,7,1
219,241,241,8,42
219,241,241,9,0
219,241,241,10,299
219,241,241,11,6
219,241,241,12,0
219,241,241,13,1
219,241,241,14,1
219,241,241,15,1
219,241,241,16,0
219,241,241,17,1
219,241,241,18,0
219,241,241,19,0
219,241,241,20,0
219,241,241,0,3
219,242,242,1,81
219,242,242,2,39
219,242,242,3,267
219,242,242,4,1
219,242,242,5,1
219,242,242,6,0
219,242,242,7,0
219,242,242,8,7
219,242,242,9,1
219,242,242,10,287
219,242,242,11,9
219,242,242,12,0
219,242,242,13,0
219,242,242,14,1
219,242,242,15,0
219,242,242,16,1
219,242,242,17,0
219,242,242,18,0
219,242,242,19,0
219,242,242,20,2
219,242,242,0,8
219,243,243,1,159
219,243,243,2,31
219,243,243,3,251
219,243,243,4,3
219,243,243,5,1
219,243,243,6,0
219,243,243,7,0
219,243,243,8,4
219,243,243,9,0
219,243,243,10,235
219,243,243,11,0
219,243,243,12,1
219,243,243,13,0
219,243,243,14,0
219,243,243,15,0
219,243,243,16,1
219,243,243,17,2
219,243,243,18,0
219,243,243,19,0
219,243,243,20,0
219,243,243,0,0
219,244,244,1,86
219,244,244,2,36
219,244,244,3,148
219,244,244,4,1
219,244,244,5,1
219,244,244,6,0
219,244,244,7,0
219,244,244,8,22
219,244,244,9,2
219,244,244,10,157
219,244,244,11,2
219,244,244,12,0
219,244,244,13,1
219,244,244,14,0
219,244,244,15,0
219,244,244,16,2
219,244,244,17,0
219,244,244,18,0
219,244,244,19,0
219,244,244,20,0
219,244,244,0,1
219,245,245,1,142
219,245,245,2,65
219,245,245,3,254
219,245,245,4,2
219,245,245,5,0
219,245,245,6,1
219,245,245,7,1
219,245,245,8,11
219,245,245,9,2
219,245,245,10,293
219,245,245,11,6
219,245,245,12,0
219,245,245,13,0
219,245,245,14,2
219,245,245,15,1
219,245,245,16,3
219,245,245,17,6
219,245,245,18,1
219,245,245,19,1
219,245,245,20,0
219,245,245,0,3
219,246,246,1,206
219,246,246,2,38
219,246,246,3,215
219,246,246,4,0
219,246,246,5,1
219,246,246,6,1
219,246,246,7,0
219,246,246,8,1
219,246,246,9,1
219,246,246,10,290
219,246,246,11,0
219,246,246,12,3
219,246,246,13,1
219,246,246,14,1
219,246,246,15,0
219,246,246,16,3
219,246,246,17,1
219,246,246,18,1
219,246,246,19,0
219,246,246,20,1
219,246,246,0,1
219,247,247,1,95
219,247,247,2,27
219,247,247,3,153
219,247,247,4,0
219,247,247,5,0
219,247,247,6,1
219,247,247,7,2
219,247,247,8,74
219,247,247,9,0
219,247,247,10,89
219,247,247,11,0
219,247,247,12,1
219,247,247,13,1
219,247,247,14,2
219,247,247,15,0
219,247,247,16,1
219,247,247,17,2
219,247,247,18,0
219,247,247,19,0
219,247,247,20,1
219,247,247,0,1
219,248,248,1,28
219,248,248,2,12
219,248,248,3,235
219,248,248,4,1
219,248,248,5,0
219,248,248,6,0
219,248,248,7,0
219,248,248,8,1
219,248,248,9,0
219,248,248,10,111
219,248,248,11,2
219,248,248,12,0
219,248,248,13,0
219,248,248,14,4
219,248,248,15,0
219,248,248,16,1
219,248,248,17,1
219,248,248,18,0
219,248,248,19,0
219,248,248,20,0
219,248,248,0,2
219,249,249,1,47
219,249,249,2,22
219,249,249,3,246
219,249,249,4,2
219,249,249,5,0
219,249,249,6,0
219,249,249,7,1
219,249,249,8,1
219,249,249,9,0
219,249,249,10,212
219,249,249,11,12
219,249,249,12,0
219,249,249,13,2
219,249,249,14,5
219,249,249,15,0
219,249,249,16,3
219,249,249,17,1
219,249,249,18,2
219,249,249,19,6
219,249,249,20,1
219,249,249,0,2
219,250,250,1,51
219,250,250,2,14
219,250,250,3,282
219,250,250,4,2
219,250,250,5,0
219,250,250,6,1
219,250,250,7,1
219,250,250,8,0
219,250,250,9,0
219,250,250,10,165
219,250,250,11,1
219,250,250,12,0
219,250,250,13,0
219,250,250,14,3
219,250,250,15,1
219,250,250,16,4
219,250,250,17,2
219,250,250,18,0
219,250,250,19,1
219,250,250,20,0
219,250,250,0,1
219,251,251,1,59
219,251,251,2,23
219,251,251,3,210
219,251,251,4,3
219,251,251,5,0
219,251,251,6,0
219,251,251,7,0
219,251,251,8,9
219,251,251,9,3
219,251,251,10,154
219,251,251,11,2
219,251,251,12,0
219,251,251,13,0
219,251,251,14,0
219,251,251,15,0
219,251,251,16,1
219,251,251,17,0
219,251,251,18,0
219,251,251,19,0
219,251,251,20,0
219,251,251,0,3
219,252,252,1,245
219,252,252,2,26
219,252,252,3,183
219,252,252,4,0
219,252,252,5,0
219,252,252,6,0
219,252,252,7,0
219,252,252,8,14
219,252,252,9,1
219,252,252,10,140
219,252,252,11,0
219,252,252,12,0
219,252,252,13,1
219,252,252,14,1
219,252,252,15,1
219,252,252,16,1
219,252,252,17,1
219,252,252,18,1
219,252,252,19,0
219,252,252,20,0
219,252,252,0,1
219,253,253,1,71
219,253,253,2,2
219,253,253,3,240
219,253,253,4,1
219,253,253,5,0
219,253,253,6,1
219,253,253,7,0
219,253,253,8,2
219,253,253,9,0
219,253,253,10,104
219,253,253,11,0
219,253,253,12,0
219,253,253,13,0
219,253,253,14,0
219,253,253,15,1
219,253,253,16,1
219,253,253,17,1
219,253,253,18,0
219,253,253,19,2
219,253,253,20,0
219,253,253,0,3
219,254,254,1,97
219,254,254,2,23
219,254,254,3,197
219,254,254,4,2
219,254,254,5,0
219,254,254,6,0
219,254,254,7,0
219,254,254,8,3
219,254,254,9,0
219,254,254,10,140
219,254,254,11,1
219,254,254,12,0
219,254,254,13,0
219,254,254,14,2
219,254,254,15,0
219,254,254,16,3
219,254,254,17,0
219,254,254,18,0
219,254,254,19,0
219,254,254,20,0
219,254,254,0,1
219,255,255,1,58
219,255,255,2,34
219,255,255,3,221
219,255,255,4,0
219,255,255,5,0
219,255,255,6,2
219,255,255,7,1
219,255,255,8,1
219,255,255,9,0
219,255,255,10,190
219,255,255,11,4
219,255,255,12,0
219,255,255,13,0
219,255,255,14,2
219,255,255,15,0
219,255,255,16,1
219,255,255,17,1
219,255,255,18,0
219,255,255,19,1
219,255,255,20,0
219,255,255,0,4
219,256,256,1,127
219,256,256,2,25
219,256,256,3,244
219,256,256,4,3
219,256,256,5,0
219,256,256,6,0
219,256,256,7,0
219,256,256,8,1
219,256,256,9,1
219,256,256,10,155
219,256,256,11,0
219,256,256,12,1
219,256,256,13,1
219,256,256,14,3
219,256,256,15,5
219,256,256,16,6
219,256,256,17,1
219,256,256,18,1
219,256,256,19,0
219,256,256,20,0
219,256,256,0,0
219,257,257,1,36
219,257,257,2,17
219,257,257,3,279
219,257,257,4,1
219,257,257,5,0
219,257,257,6,0
219,257,257,7,1
219,257,257,8,1
219,257,257,9,1
219,257,257,10,144
219,257,257,11,9
219,257,257,12,0
219,257,257,13,0
219,257,257,14,1
219,257,257,15,0
219,257,257,16,1
219,257,257,17,2
219,257,257,18,1
219,257,257,19,6
219,257,257,20,0
219,257,257,0,1
219,258,258,1,89
219,258,258,2,31
219,258,258,3,248
219,258,258,4,0
219,258,258,5,1
219,258,258,6,0
219,258,258,7,0
219,258,258,8,12
219,258,258,9,8
219,258,258,10,187
219,258,258,11,5
219,258,258,12,0
219,258,258,13,0
219,258,258,14,2
219,258,258,15,0
219,258,258,16,3
219,258,258,17,0
219,258,258,18,0
219,258,258,19,3
219,258,258,20,0
219,258,258,0,1
219,259,259,1,105
219,259,259,2,15
219,259,259,3,220
219,259,259,4,2
219,259,259,5,1
219,259,259,6,1
219,259,259,7,1
219,259,259,8,0
219,259,259,9,1
219,259,259,10,146
219,259,259,11,2
219,259,259,12,0
219,259,259,13,1
219,259,259,14,3
219,259,259,15,0
219,259,259,16,1
219,259,259,17,2
219,259,259,18,0
219,259,259,19,3
219,259,259,20,0
219,259,259,0,0
219,260,260,1,58
219,260,260,2,10
219,260,260,3,272
219,260,260,4,2
219,260,260,5,0
219,260,260,6,0
219,260,260,7,1
219,260,260,8,0
219,260,260,9,1
219,260,260,10,161
219,260,260,11,9
219,260,260,12,0
219,260,260,13,2
219,260,260,14,0
219,260,260,15,0
219,260,260,16,5
219,260,260,17,1
219,260,260,18,2
219,260,260,19,1
219,260,260,20,1
219,260,260,0,3
219,261,261,1,245
219,261,261,2,16
219,261,261,3,147
219,261,261,4,1
219,261,261,5,0
219,261,261,6,1
219,261,261,7,1
219,261,261,8,0
219,261,261,9,2
219,261,261,10,202
219,261,261,11,0
219,261,261,12,0
219,261,261,13,0
219,261,261,14,3
219,261,261,15,0
219,261,261,16,4
219,261,261,17,0
219,261,261,18,0
219,261,261,19,2
219,261,261,20,0
219,261,261,0,2
219,261,261,1,0
219,261,261,2,0
219,261,261,3,0
219,261,261,4,0
219,261,261,5,0
219,261,261,6,0
219,261,261,7,0
219,261,261,8,0
219,261,261,9,0
219,261,261,10,0
219,261,261,11,0
219,261,261,12,0
219,261,261,13,0
219,261,261,14,0
219,261,261,15,0
219,261,261,16,0
219,261,261,17,0
219,261,261,18,0
219,261,261,19,0
219,261,261,20,0
219,261,261,0,0
219,262,262,1,100
219,262,262,2,35
219,262,262,3,138
219,262,262,4,1
219,262,262,5,0
219,262,262,6,0
219,262,262,7,0
219,262,262,8,1
219,262,262,9,1
219,262,262,10,144
219,262,262,11,2
219,262,262,12,0
219,262,262,13,1
219,262,262,14,4
219,262,262,15,1
219,262,262,16,4
219,262,262,17,1
219,262,262,18,1
219,262,262,19,1
219,262,262,20,0
219,262,262,0,0
219,262,262,1,0
219,262,262,2,0
219,262,262,3,0
219,262,262,4,0
219,262,262,5,0
219,262,262,6,0
219,262,262,7,0
219,262,262,8,0
219,262,262,9,0
219,262,262,10,0
219,262,262,11,0
219,262,262,12,0
219,262,262,13,0
219,262,262,14,0
219,262,262,15,0
219,262,262,16,0
219,262,262,17,0
219,262,262,18,0
219,262,262,19,0
219,262,262,20,0
219,262,262,0,0
219,263,263,1,75
219,263,263,2,46
219,263,263,3,192
219,263,263,4,1
219,263,263,5,0
219,263,263,6,1
219,263,263,7,0
219,263,263,8,1
219,263,263,9,4
219,263,263,10,190
219,263,263,11,84
219,263,263,12,1
219,263,263,13,0
219,263,263,14,3
219,263,263,15,0
219,263,263,16,1
219,263,263,17,2
219,263,263,18,1
219,263,263,19,1
219,263,263,20,0
219,263,263,0,3
219,264,264,1,95
219,264,264,2,32
219,264,264,3,132
219,264,264,4,2
219,264,264,5,2
219,264,264,6,0
219,264,264,7,3
219,264,264,8,2
219,264,264,9,1
219,264,264,10,145
219,264,264,11,46
219,264,264,12,0
219,264,264,13,0
219,264,264,14,3
219,264,264,15,2
219,264,264,16,0
219,264,264,17,0
219,264,264,18,0
219,264,264,19,1
219,264,264,20,0
219,264,264,0,0
219,265,265,1,149
219,265,265,2,18
219,265,265,3,337
219,265,265,4,1
219,265,265,5,0
219,265,265,6,0
219,265,265,7,0
219,265,265,8,3
219,265,265,9,0
219,265,265,10,186
219,265,265,11,3
219,265,265,12,0
219,265,265,13,0
219,265,265,14,3
219,265,265,15,1
219,265,265,16,0
219,265,265,17,0
219,265,265,18,1
219,265,265,19,1
219,265,265,20,0
219,265,265,0,1
219,266,266,1,129
219,266,266,2,10
219,266,266,3,234
219,266,266,4,4
219,266,266,5,0
219,266,266,6,0
219,266,266,7,0
219,266,266,8,0
219,266,266,9,2
219,266,266,10,155
219,266,266,11,33
219,266,266,12,1
219,266,266,13,0
219,266,266,14,1
219,266,266,15,0
219,266,266,16,2
219,266,266,17,2
219,266,266,18,0
219,266,266,19,2
219,266,266,20,0
219,266,266,0,2
219,267,267,1,91
219,267,267,2,27
219,267,267,3,211
219,267,267,4,2
219,267,267,5,0
219,267,267,6,0
219,267,267,7,0
219,267,267,8,1
219,267,267,9,1
219,267,267,10,96
219,267,267,11,6
219,267,267,12,0
219,267,267,13,0
219,267,267,14,4
219,267,267,15,2
219,267,267,16,1
219,267,267,17,1
219,267,267,18,0
219,267,267,19,2
219,267,267,20,0
219,267,267,0,2
219,268,268,1,40
219,268,268,2,5
219,268,268,3,338
219,268,268,4,2
219,268,268,5,0
219,268,268,6,0
219,268,268,7,0
219,268,268,8,0
219,268,268,9,0
219,268,268,10,92
219,268,268,11,1
219,268,268,12,0
219,268,268,13,0
219,268,268,14,0
219,268,268,15,0
219,268,268,16,0
219,268,268,17,0
219,268,268,18,0
219,268,268,19,3
219,268,268,20,0
219,268,268,0,1
219,269,269,1,136
219,269,269,2,26
219,269,269,3,103
219,269,269,4,1
219,269,269,5,0
219,269,269,6,1
219,269,269,7,0
219,269,269,8,1
219,269,269,9,1
219,269,269,10,197
219,269,269,11,0
219,269,269,12,0
219,269,269,13,3
219,269,269,14,0
219,269,269,15,0
219,269,269,16,31
219,269,269,17,2
219,269,269,18,1
219,269,269,19,0
219,269,269,20,1
219,269,269,0,2
219,270,270,1,76
219,270,270,2,14
219,270,270,3,276
219,270,270,4,0
219,270,270,5,0
219,270,270,6,0
219,270,270,7,1
219,270,270,8,0
219,270,270,9,0
219,270,270,10,200
219,270,270,11,44
219,270,270,12,0
219,270,270,13,0
219,270,270,14,0
219,270,270,15,1
219,270,270,16,3
219,270,270,17,0
219,270,270,18,0
219,270,270,19,1
219,270,270,20,0
219,270,270,0,5
219,271,271,1,126
219,271,271,2,47
219,271,271,3,247
219,271,271,4,1
219,271,271,5,0
219,271,271,6,1
219,271,271,7,0
219,271,271,8,0
219,271,271,9,2
219,271,271,10,288
219,271,271,11,27
219,271,271,12,1
219,271,271,13,0
219,271,271,14,2
219,271,271,15,0
219,271,271,16,3
219,271,271,17,1
219,271,271,18,0
219,271,271,19,0
219,271,271,20,0
219,271,271,0,0
219,272,272,1,75
219,272,272,2,23
219,272,272,3,182
219,272,272,4,1
219,272,272,5,0
219,272,272,6,0
219,272,272,7,0
219,272,272,8,1
219,272,272,9,1
219,272,272,10,128
219,272,272,11,23
219,272,272,12,1
219,272,272,13,0
219,272,272,14,4
219,272,272,15,0
219,272,272,16,3
219,272,272,17,2
219,272,272,18,0
219,272,272,19,1
219,272,272,20,0
219,272,272,0,1
219,273,273,1,124
219,273,273,2,31
219,273,273,3,127
219,273,273,4,1
219,273,273,5,0
219,273,273,6,0
219,273,273,7,1
219,273,273,8,0
219,273,273,9,0
219,273,273,10,121
219,273,273,11,2
219,273,273,12,0
219,273,273,13,0
219,273,273,14,1
219,273,273,15,0
219,273,273,16,0
219,273,273,17,1
219,273,273,18,1
219,273,273,19,1
219,273,273,20,1
219,273,273,0,1
219,274,274,1,227
219,274,274,2,30
219,274,274,3,210
219,274,274,4,0
219,274,274,5,1
219,274,274,6,0
219,274,274,7,1
219,274,274,8,1
219,274,274,9,0
219,274,274,10,263
219,274,274,11,0
219,274,274,12,0
219,274,274,13,0
219,274,274,14,2
219,274,274,15,1
219,274,274,16,6
219,274,274,17,2
219,274,274,18,1
219,274,274,19,0
219,274,274,20,0
219,274,274,0,1
219,275,275,1,241
219,275,275,2,14
219,275,275,3,147
219,275,275,4,2
219,275,275,5,0
219,275,275,6,0
219,275,275,7,0
219,275,275,8,0
219,275,275,9,1
219,275,275,10,199
219,275,275,11,1
219,275,275,12,0
219,275,275,13,1
219,275,275,14,2
219,275,275,15,2
219,275,275,16,3
219,275,275,17,0
219,275,275,18,2
219,275,275,19,1
219,275,275,20,0
219,275,275,0,0
219,276,276,1,91
219,276,276,2,26
219,276,276,3,121
219,276,276,4,0
219,276,276,5,0
219,276,276,6,0
219,276,276,7,1
219,276,276,8,2
219,276,276,9,1
219,276,276,10,147
219,276,276,11,14
219,276,276,12,2
219,276,276,13,1
219,276,276,14,1
219,276,276,15,0
219,276,276,16,1
219,276,276,17,1
219,276,276,18,0
219,276,276,19,3
219,276,276,20,0
219,276,276,0,1
219,277,277,1,114
219,277,277,2,24
219,277,277,3,242
219,277,277,4,3
219,277,277,5,0
219,277,277,6,0
219,277,277,7,0
219,277,277,8,6
219,277,277,9,1
219,277,277,10,151
219,277,277,11,20
219,277,277,12,1
219,277,277,13,0
219,277,277,14,2
219,277,277,15,0
219,277,277,16,4
219,277,277,17,4
219,277,277,18,0
219,277,277,19,3
219,277,277,20,1
219,277,277,0,3
219,278,278,1,104
219,278,278,2,89
219,278,278,3,65
219,278,278,4,0
219,278,278,5,0
219,278,278,6,2
219,278,278,7,1
219,278,278,8,9
219,278,278,9,0
219,278,278,10,126
219,278,278,11,1
219,278,278,12,0
219,278,278,13,2
219,278,278,14,1
219,278,278,15,1
219,278,278,16,4
219,278,278,17,3
219,278,278,18,1
219,278,278,19,0
219,278,278,20,0
219,278,278,0,0
219,279,279,1,177
219,279,279,2,33
219,279,279,3,218
219,279,279,4,1
219,279,279,5,0
219,279,279,6,0
219,279,279,7,0
219,279,279,8,6
219,279,279,9,0
219,279,279,10,185
219,279,279,11,2
219,279,279,12,0
219,279,279,13,2
219,279,279,14,5
219,279,279,15,0
219,279,279,16,1
219,279,279,17,3
219,279,279,18,0
219,279,279,19,2
219,279,279,20,1
219,279,279,0,2
219,280,280,1,88
219,280,280,2,26
219,280,280,3,280
219,280,280,4,1
219,280,280,5,1
219,280,280,6,0
219,280,280,7,0
219,280,280,8,41
219,280,280,9,1
219,280,280,10,138
219,280,280,11,2
219,280,280,12,0
219,280,280,13,0
219,280,280,14,4
219,280,280,15,0
219,280,280,16,1
219,280,280,17,0
219,280,280,18,0
219,280,280,19,1
219,280,280,20,1
219,280,280,0,0
219,281,281,1,87
219,281,281,2,45
219,281,281,3,195
219,281,281,4,0
219,281,281,5,1
219,281,281,6,1
219,281,281,7,0
219,281,281,8,18
219,281,281,9,0
219,281,281,10,132
219,281,281,11,0
219,281,281,12,0
219,281,281,13,0
219,281,281,14,0
219,281,281,15,0
219,281,281,16,1
219,281,281,17,1
219,281,281,18,1
219,281,281,19,0
219,281,281,20,0
219,281,281,0,1
219,282,282,1,175
219,282,282,2,95
219,282,282,3,178
219,282,282,4,1
219,282,282,5,0
219,282,282,6,5
219,282,282,7,1
219,282,282,8,45
219,282,282,9,0
219,282,282,10,137
219,282,282,11,0
219,282,282,12,0
219,282,282,13,0
219,282,282,14,2
219,282,282,15,1
219,282,282,16,4
219,282,282,17,2
219,282,282,18,0
219,282,282,19,2
219,282,282,20,0
219,282,282,0,1
219,283,283,1,312
219,283,283,2,96
219,283,283,3,182
219,283,283,4,4
219,283,283,5,0
219,283,283,6,0
219,283,283,7,6
219,283,283,8,48
219,283,283,9,6
219,283,283,10,266
219,283,283,11,1
219,283,283,12,0
219,283,283,13,0
219,283,283,14,0
219,283,283,15,1
219,283,283,16,3
219,283,283,17,4
219,283,283,18,0
219,283,283,19,4
219,283,283,20,0
219,283,283,0,3
219,284,284,1,128
219,284,284,2,60
219,284,284,3,117
219,284,284,4,1
219,284,284,5,0
219,284,284,6,2
219,284,284,7,1
219,284,284,8,8
219,284,284,9,2
219,284,284,10,172
219,284,284,11,0
219,284,284,12,0
219,284,284,13,0
219,284,284,14,1
219,284,284,15,0
219,284,284,16,2
219,284,284,17,1
219,284,284,18,0
219,284,284,19,1
219,284,284,20,0
219,284,284,0,1
219,285,285,1,103
219,285,285,2,43
219,285,285,3,242
219,285,285,4,0
219,285,285,5,0
219,285,285,6,0
219,285,285,7,1
219,285,285,8,37
219,285,285,9,2
219,285,285,10,177
219,285,285,11,1
219,285,285,12,0
219,285,285,13,1
219,285,285,14,1
219,285,285,15,1
219,285,285,16,0
219,285,285,17,1
219,285,285,18,0
219,285,285,19,2
219,285,285,20,0
219,285,285,0,0
219,286,286,1,100
219,286,286,2,52
219,286,286,3,111
219,286,286,4,0
219,286,286,5,0
219,286,286,6,1
219,286,286,7,1
219,286,286,8,8
219,286,286,9,1
219,286,286,10,120
219,286,286,11,0
219,286,286,12,0
219,286,286,13,0
219,286,286,14,1
219,286,286,15,0
219,286,286,16,2
219,286,286,17,0
219,286,286,18,0
219,286,286,19,1
219,286,286,20,0
219,286,286,0,0
219,287,287,1,116
219,287,287,2,46
219,287,287,3,220
219,287,287,4,0
219,287,287,5,1
219,287,287,6,0
219,287,287,7,0
219,287,287,8,8
219,287,287,9,1
219,287,287,10,229
219,287,287,11,8
219,287,287,12,0
219,287,287,13,0
219,287,287,14,3
219,287,287,15,0
219,287,287,16,3
219,287,287,17,2
219,287,287,18,2
219,287,287,19,5
219,287,287,20,0
219,287,287,0,2
219,288,288,1,133
219,288,288,2,37
219,288,288,3,191
219,288,288,4,0
219,288,288,5,1
219,288,288,6,0
219,288,288,7,1
219,288,288,8,41
219,288,288,9,2
219,288,288,10,189
219,288,288,11,9
219,288,288,12,0
219,288,288,13,1
219,288,288,14,7
219,288,288,15,2
219,288,288,16,3
219,288,288,17,2
219,288,288,18,1
219,288,288,19,4
219,288,288,20,0
219,288,288,0,4
219,289,289,1,128
219,289,289,2,49
219,289,289,3,146
219,289,289,4,3
219,289,289,5,0
219,289,289,6,0
219,289,289,7,0
219,289,289,8,53
219,289,289,9,2
219,289,289,10,163
219,289,289,11,8
219,289,289,12,0
219,289,289,13,2
219,289,289,14,1
219,289,289,15,0
219,289,289,16,1
219,289,289,17,1
219,289,289,18,0
219,289,289,19,1
219,289,289,20,0
219,289,289,0,3
219,290,290,1,91
219,290,290,2,19
219,290,290,3,255
219,290,290,4,1
219,290,290,5,0
219,290,290,6,0
219,290,290,7,0
219,290,290,8,17
219,290,290,9,0
219,290,290,10,105
219,290,290,11,5
219,290,290,12,0
219,290,290,13,0
219,290,290,14,1
219,290,290,15,0
219,290,290,16,0
219,290,290,17,8
219,290,290,18,1
219,290,290,19,2
219,290,290,20,1
219,290,290,0,3
219,291,291,1,101
219,291,291,2,36
219,291,291,3,207
219,291,291,4,0
219,291,291,5,0
219,291,291,6,2
219,291,291,7,1
219,291,291,8,123
219,291,291,9,0
219,291,291,10,112
219,291,291,11,2
219,291,291,12,0
219,291,291,13,0
219,291,291,14,1
219,291,291,15,4
219,291,291,16,1
219,291,291,17,1
219,291,291,18,0
219,291,291,19,1
219,291,291,20,1
219,291,291,0,1
219,292,292,1,57
219,292,292,2,37
219,292,292,3,135
219,292,292,4,1
219,292,292,5,0
219,292,292,6,0
219,292,292,7,1
219,292,292,8,186
219,292,292,9,1
219,292,292,10,87
219,292,292,11,2
219,292,292,12,0
219,292,292,13,1
219,292,292,14,2
219,292,292,15,0
219,292,292,16,0
219,292,292,17,1
219,292,292,18,0
219,292,292,19,1
219,292,292,20,0
219,292,292,0,0
219,293,293,1,169
219,293,293,2,122
219,293,293,3,169
219,293,293,4,2
219,293,293,5,2
219,293,293,6,1
219,293,293,7,2
219,293,293,8,148
219,293,293,9,2
219,293,293,10,287
219,293,293,11,3
219,293,293,12,4
219,293,293,13,0
219,293,293,14,1
219,293,293,15,1
219,293,293,16,2
219,293,293,17,4
219,293,293,18,2
219,293,293,19,2
219,293,293,20,0
219,293,293,0,2
219,294,294,1,108
219,294,294,2,82
219,294,294,3,115
219,294,294,4,2
219,294,294,5,1
219,294,294,6,4
219,294,294,7,0
219,294,294,8,112
219,294,294,9,0
219,294,294,10,225
219,294,294,11,3
219,294,294,12,0
219,294,294,13,0
219,294,294,14,2
219,294,294,15,0
219,294,294,16,2
219,294,294,17,0
219,294,294,18,0
219,294,294,19,1
219,294,294,20,0
219,294,294,0,0
219,295,295,1,87
219,295,295,2,82
219,295,295,3,156
219,295,295,4,3
219,295,295,5,2
219,295,295,6,0
219,295,295,7,0
219,295,295,8,114
219,295,295,9,0
219,295,295,10,153
219,295,295,11,0
219,295,295,12,0
219,295,295,13,1
219,295,295,14,0
219,295,295,15,1
219,295,295,16,1
219,295,295,17,0
219,295,295,18,1
219,295,295,19,2
219,295,295,20,0
219,295,295,0,2
219,296,296,1,300
219,296,296,2,82
219,296,296,3,175
219,296,296,4,0
219,296,296,5,0
219,296,296,6,1
219,296,296,7,1
219,296,296,8,31
219,296,296,9,2
219,296,296,10,234
219,296,296,11,0
219,296,296,12,2
219,296,296,13,0
219,296,296,14,1
219,296,296,15,2
219,296,296,16,1
219,296,296,17,6
219,296,296,18,0
219,296,296,19,0
219,296,296,20,0
219,296,296,0,2
219,297,297,1,125
219,297,297,2,52
219,297,297,3,310
219,297,297,4,0
219,297,297,5,2
219,297,297,6,1
219,297,297,7,1
219,297,297,8,42
219,297,297,9,1
219,297,297,10,231
219,297,297,11,0
219,297,297,12,1
219,297,297,13,1
219,297,297,14,3
219,297,297,15,0
219,297,297,16,2
219,297,297,17,1
219,297,297,18,0
219,297,297,19,0
219,297,297,20,1
219,297,297,0,3
219,298,298,1,98
219,298,298,2,42
219,298,298,3,192
219,298,298,4,1
219,298,298,5,0
219,298,298,6,0
219,298,298,7,1
219,298,298,8,21
219,298,298,9,2
219,298,298,10,103
219,298,298,11,3
219,298,298,12,0
219,298,298,13,1
219,298,298,14,1
219,298,298,15,0
219,298,298,16,0
219,298,298,17,0
219,298,298,18,0
219,298,298,19,1
219,298,298,20,0
219,298,298,0,5
219,299,299,1,109
219,299,299,2,25
219,299,299,3,135
219,299,299,4,0
219,299,299,5,0
219,299,299,6,0
219,299,299,7,1
219,299,299,8,34
219,299,299,9,0
219,299,299,10,88
219,299,299,11,1
219,299,299,12,0
219,299,299,13,0
219,299,299,14,0
219,299,299,15,1
219,299,299,16,0
219,299,299,17,0
219,299,299,18,0
219,299,299,19,2
219,299,299,20,0
219,299,299,0,0
219,300,300,1,142
219,300,300,2,49
219,300,300,3,111
219,300,300,4,2
219,300,300,5,0
219,300,300,6,0
219,300,300,7,0
219,300,300,8,8
219,300,300,9,5
219,300,300,10,197
219,300,300,11,0
219,300,300,12,1
219,300,300,13,2
219,300,300,14,2
219,300,300,15,1
219,300,300,16,2
219,300,300,17,4
219,300,300,18,0
219,300,300,19,3
219,300,300,20,0
219,300,300,0,0
219,301,301,1,121
219,301,301,2,26
219,301,301,3,196
219,301,301,4,3
219,301,301,5,0
219,301,301,6,0
219,301,301,7,0
219,301,301,8,23
219,301,301,9,0
219,301,301,10,100
219,301,301,11,32
219,301,301,12,0
219,301,301,13,2
219,301,301,14,1
219,301,301,15,2
219,301,301,16,6
219,301,301,17,4
219,301,301,18,2
219,301,301,19,2
219,301,301,20,0
219,301,301,0,4
219,302,302,1,193
219,302,302,2,93
219,302,302,3,297
219,302,302,4,5
219,302,302,5,0
219,302,302,6,2
219,302,302,7,2
219,302,302,8,9
219,302,302,9,3
219,302,302,10,105
219,302,302,11,101
219,302,302,12,2
219,302,302,13,3
219,302,302,14,3
219,302,302,15,4
219,302,302,16,14
219,302,302,17,4
219,302,302,18,1
219,302,302,19,1
219,302,302,20,0
219,302,302,0,3
219,303,303,1,118
219,303,303,2,41
219,303,303,3,240
219,303,303,4,2
219,303,303,5,0
219,303,303,6,1
219,303,303,7,0
219,303,303,8,16
219,303,303,9,0
219,303,303,10,90
219,303,303,11,2
219,303,303,12,1
219,303,303,13,1
219,303,303,14,4
219,303,303,15,0
219,303,303,16,3
219,303,303,17,0
219,303,303,18,3
219,303,303,19,2
219,303,303,20,1
219,303,303,0,0
219,304,304,1,67
219,304,304,2,36
219,304,304,3,97
219,304,304,4,1
219,304,304,5,0
219,304,304,6,1
219,304,304,7,1
219,304,304,8,2
219,304,304,9,2
219,304,304,10,105
219,304,304,11,229
219,304,304,12,1
219,304,304,13,1
219,304,304,14,0
219,304,304,15,0
219,304,304,16,5
219,304,304,17,0
219,304,304,18,2
219,304,304,19,1
219,304,304,20,0
219,304,304,0,0
219,305,305,1,154
219,305,305,2,43
219,305,305,3,161
219,305,305,4,0
219,305,305,5,2
219,305,305,6,0
219,305,305,7,1
219,305,305,8,21
219,305,305,9,4
219,305,305,10,138
219,305,305,11,125
219,305,305,12,1
219,305,305,13,2
219,305,305,14,0
219,305,305,15,0
219,305,305,16,5
219,305,305,17,1
219,305,305,18,0
219,305,305,19,3
219,305,305,20,0
219,305,305,0,0
219,306,306,1,84
219,306,306,2,39
219,306,306,3,272
219,306,306,4,0
219,306,306,5,0
219,306,306,6,0
219,306,306,7,1
219,306,306,8,15
219,306,306,9,0
219,306,306,10,69
219,306,306,11,52
219,306,306,12,1
219,306,306,13,0
219,306,306,14,5
219,306,306,15,2
219,306,306,16,2
219,306,306,17,1
219,306,306,18,0
219,306,306,19,0
219,306,306,20,0
219,306,306,0,0
219,307,307,1,159
219,307,307,2,31
219,307,307,3,92
219,307,307,4,1
219,307,307,5,0
219,307,307,6,0
219,307,307,7,0
219,307,307,8,1
219,307,307,9,0
219,307,307,10,41
219,307,307,11,103
219,307,307,12,1
219,307,307,13,2
219,307,307,14,3
219,307,307,15,0
219,307,307,16,2
219,307,307,17,3
219,307,307,18,1
219,307,307,19,1
219,307,307,20,0
219,307,307,0,2
219,308,308,1,111
219,308,308,2,54
219,308,308,3,139
219,308,308,4,2
219,308,308,5,0
219,308,308,6,0
219,308,308,7,0
219,308,308,8,0
219,308,308,9,3
219,308,308,10,160
219,308,308,11,144
219,308,308,12,2
219,308,308,13,1
219,308,308,14,2
219,308,308,15,3
219,308,308,16,6
219,308,308,17,2
219,308,308,18,1
219,308,308,19,2
219,308,308,20,0
219,308,308,0,0
219,309,309,1,115
219,309,309,2,46
219,309,309,3,84
219,309,309,4,4
219,309,309,5,1
219,309,309,6,2
219,309,309,7,1
219,309,309,8,0
219,309,309,9,1
219,309,309,10,142
219,309,309,11,63
219,309,309,12,1
219,309,309,13,2
219,309,309,14,1
219,309,309,15,0
219,309,309,16,8
219,309,309,17,2
219,309,309,18,1
219,309,309,19,0
219,309,309,20,0
219,309,309,0,4
219,310,310,1,200
219,310,310,2,24
219,310,310,3,237
219,310,310,4,2
219,310,310,5,1
219,310,310,6,1
219,310,310,7,1
219,310,310,8,1
219,310,310,9,2
219,310,310,10,205
219,310,310,11,142
219,310,310,12,2
219,310,310,13,0
219,310,310,14,2
219,310,310,15,2
219,310,310,16,6
219,310,310,17,1
219,310,310,18,0
219,310,310,19,3
219,310,310,20,0
219,310,310,0,3
219,311,311,1,211
219,311,311,2,46
219,311,311,3,165
219,311,311,4,3
219,311,311,5,0
219,311,311,6,1
219,311,311,7,1
219,311,311,8,1
219,311,311,9,3
219,311,311,10,193
219,311,311,11,195
219,311,311,12,2
219,311,311,13,0
219,311,311,14,5
219,311,311,15,1
219,311,311,16,4
219,311,311,17,6
219,311,311,18,0
219,311,311,19,1
219,311,311,20,0
219,311,311,0,1
219,312,312,1,68
219,312,312,2,15
219,312,312,3,210
219,312,312,4,6
219,312,312,5,0
219,312,312,6,1
219,312,312,7,0
219,312,312,8,2
219,312,312,9,2
219,312,312,10,85
219,312,312,11,138
219,312,312,12,1
219,312,312,13,0
219,312,312,14,5
219,312,312,15,2
219,312,312,16,2
219,312,312,17,3
219,312,312,18,4
219,312,312,19,0
219,312,312,20,0
219,312,312,0,1
219,313,313,1,26
219,313,313,2,2
219,313,313,3,30
219,313,313,4,0
219,313,313,5,0
219,313,313,6,0
219,313,313,7,1
219,313,313,8,0
219,313,313,9,1
219,313,313,10,44
219,313,313,11,85
219,313,313,12,1
219,313,313,13,2
219,313,313,14,0
219,313,313,15,0
219,313,313,16,1
219,313,313,17,0
219,313,313,18,0
219,313,313,19,0
219,313,313,20,0
219,313,313,0,0
219,313,313,1,0
219,313,313,2,0
219,313,313,3,0
219,313,313,4,0
219,313,313,5,0
219,313,313,6,0
219,313,313,7,0
219,313,313,8,0
219,313,313,9,0
219,313,313,10,0
219,313,313,11,0
219,313,313,12,0
219,313,313,13,0
219,313,313,14,0
219,313,313,15,0
219,313,313,16,0
219,313,313,17,0
219,313,313,18,0
219,313,313,19,0
219,313,313,20,0
219,313,313,0,0
219,314,314,1,134
219,314,314,2,71
219,314,314,3,334
219,314,314,4,2
219,314,314,5,4
219,314,314,6,1
219,314,314,7,0
219,314,314,8,32
219,314,314,9,4
219,314,314,10,193
219,314,314,11,20
219,314,314,12,2
219,314,314,13,1
219,314,314,14,4
219,314,314,15,1
219,314,314,16,5
219,314,314,17,0
219,314,314,18,2
219,314,314,19,2
219,314,314,20,1
219,314,314,0,2
219,314,314,1,0
219,314,314,2,0
219,314,314,3,0
219,314,314,4,0
219,314,314,5,0
219,314,314,6,0
219,314,314,7,0
219,314,314,8,0
219,314,314,9,0
219,314,314,10,0
219,314,314,11,0
219,314,314,12,0
219,314,314,13,0
219,314,314,14,0
219,314,314,15,0
219,314,314,16,0
219,314,314,17,0
219,314,314,18,0
219,314,314,19,0
219,314,314,20,0
219,314,314,0,0
219,315,315,1,47
219,315,315,2,13
219,315,315,3,258
219,315,315,4,5
219,315,315,5,0
219,315,315,6,0
219,315,315,7,0
219,315,315,8,4
219,315,315,9,0
219,315,315,10,90
219,315,315,11,19
219,315,315,12,0
219,315,315,13,1
219,315,315,14,1
219,315,315,15,0
219,315,315,16,0
219,315,315,17,2
219,315,315,18,0
219,315,315,19,2
219,315,315,20,0
219,315,315,0,0
219,316,316,1,41969
219,316,316,2,12442
219,316,316,3,63854
219,316,316,4,495
219,316,316,5,132
219,316,316,6,162
219,316,316,7,181
219,316,316,8,4509
219,316,316,9,481
219,316,316,10,57194
219,316,316,11,7763
219,316,316,12,167
219,316,316,13,258
219,316,316,14,653
219,316,316,15,214
219,316,316,16,762
219,316,316,17,502
219,316,316,18,183
219,316,316,19,398
219,316,316,20,0
219,316,316,0,529
219,317,317,1,42567
219,317,317,2,12767
219,317,317,3,64865
219,317,317,4,500
219,317,317,5,134
219,317,317,6,163
219,317,317,7,183
219,317,317,8,4612
219,317,317,9,487
219,317,317,10,58376
219,317,317,11,8006
219,317,317,12,170
219,317,317,13,259
219,317,317,14,661
219,317,317,15,215
219,317,317,16,766
219,317,317,17,504
219,317,317,18,183
219,317,317,19,398
219,317,317,20,0
219,317,317,0,560
