ac_code,ps_serial_number,ps_code,candidate_serial_number,candidate_votes
228,0,0,1,994
228,0,0,2,3
228,0,0,3,145
228,0,0,4,636
228,0,0,5,547
228,0,0,6,1
228,0,0,7,2
228,0,0,8,1
228,0,0,9,0
228,0,0,10,0
228,0,0,11,0
228,0,0,12,0
228,0,0,13,10
228,0,0,14,3
228,0,0,15,0
228,0,0,16,5
228,0,0,17,1
228,0,0,18,6
228,0,0,19,1
228,0,0,20,0
228,0,0,21,1
228,0,0,22,0
228,0,0,23,1
228,0,0,0,7
228,1,1,1,0
228,1,1,2,0
228,1,1,3,0
228,1,1,4,0
228,1,1,5,0
228,1,1,6,0
228,1,1,7,0
228,1,1,8,0
228,1,1,9,0
228,1,1,10,0
228,1,1,11,0
228,1,1,12,0
228,1,1,13,0
228,1,1,14,0
228,1,1,15,0
228,1,1,16,0
228,1,1,17,0
228,1,1,18,0
228,1,1,19,0
228,1,1,20,0
228,1,1,21,0
228,1,1,22,0
228,1,1,23,0
228,1,1,0,0
228,1,1,1,199
228,1,1,2,0
228,1,1,3,32
228,1,1,4,216
228,1,1,5,245
228,1,1,6,1
228,1,1,7,0
228,1,1,8,0
228,1,1,9,0
228,1,1,10,0
228,1,1,11,0
228,1,1,12,0
228,1,1,13,1
228,1,1,14,0
228,1,1,15,2
228,1,1,16,3
228,1,1,17,8
228,1,1,18,2
228,1,1,19,0
228,1,1,20,2
228,1,1,21,0
228,1,1,22,0
228,1,1,23,0
228,1,1,0,3
228,2,2,1,199
228,2,2,2,0
228,2,2,3,46
228,2,2,4,163
228,2,2,5,274
228,2,2,6,0
228,2,2,7,1
228,2,2,8,0
228,2,2,9,1
228,2,2,10,2
228,2,2,11,0
228,2,2,12,0
228,2,2,13,1
228,2,2,14,1
228,2,2,15,1
228,2,2,16,2
228,2,2,17,1
228,2,2,18,0
228,2,2,19,0
228,2,2,20,1
228,2,2,21,0
228,2,2,22,0
228,2,2,23,0
228,2,2,0,4
228,3,3,1,260
228,3,3,2,1
228,3,3,3,38
228,3,3,4,169
228,3,3,5,285
228,3,3,6,2
228,3,3,7,0
228,3,3,8,0
228,3,3,9,0
228,3,3,10,0
228,3,3,11,0
228,3,3,12,0
228,3,3,13,0
228,3,3,14,1
228,3,3,15,0
228,3,3,16,0
228,3,3,17,2
228,3,3,18,1
228,3,3,19,1
228,3,3,20,0
228,3,3,21,0
228,3,3,22,1
228,3,3,23,1
228,3,3,0,5
228,4,4,1,183
228,4,4,2,1
228,4,4,3,51
228,4,4,4,193
228,4,4,5,251
228,4,4,6,0
228,4,4,7,1
228,4,4,8,1
228,4,4,9,0
228,4,4,10,0
228,4,4,11,0
228,4,4,12,0
228,4,4,13,0
228,4,4,14,1
228,4,4,15,0
228,4,4,16,0
228,4,4,17,3
228,4,4,18,1
228,4,4,19,1
228,4,4,20,2
228,4,4,21,2
228,4,4,22,0
228,4,4,23,0
228,4,4,0,3
228,5,5,1,139
228,5,5,2,3
228,5,5,3,47
228,5,5,4,102
228,5,5,5,238
228,5,5,6,1
228,5,5,7,1
228,5,5,8,2
228,5,5,9,0
228,5,5,10,0
228,5,5,11,0
228,5,5,12,0
228,5,5,13,1
228,5,5,14,0
228,5,5,15,0
228,5,5,16,0
228,5,5,17,1
228,5,5,18,2
228,5,5,19,0
228,5,5,20,1
228,5,5,21,2
228,5,5,22,0
228,5,5,23,0
228,5,5,0,3
228,6,6,1,157
228,6,6,2,1
228,6,6,3,35
228,6,6,4,194
228,6,6,5,296
228,6,6,6,0
228,6,6,7,0
228,6,6,8,1
228,6,6,9,0
228,6,6,10,0
228,6,6,11,1
228,6,6,12,0
228,6,6,13,1
228,6,6,14,0
228,6,6,15,0
228,6,6,16,0
228,6,6,17,1
228,6,6,18,0
228,6,6,19,1
228,6,6,20,1
228,6,6,21,0
228,6,6,22,0
228,6,6,23,0
228,6,6,0,4
228,7,7,1,161
228,7,7,2,0
228,7,7,3,30
228,7,7,4,155
228,7,7,5,229
228,7,7,6,0
228,7,7,7,0
228,7,7,8,2
228,7,7,9,0
228,7,7,10,0
228,7,7,11,1
228,7,7,12,0
228,7,7,13,1
228,7,7,14,0
228,7,7,15,0
228,7,7,16,0
228,7,7,17,1
228,7,7,18,0
228,7,7,19,0
228,7,7,20,1
228,7,7,21,0
228,7,7,22,0
228,7,7,23,0
228,7,7,0,3
228,8,8,1,114
228,8,8,2,0
228,8,8,3,28
228,8,8,4,131
228,8,8,5,181
228,8,8,6,0
228,8,8,7,0
228,8,8,8,1
228,8,8,9,0
228,8,8,10,0
228,8,8,11,0
228,8,8,12,0
228,8,8,13,1
228,8,8,14,1
228,8,8,15,0
228,8,8,16,1
228,8,8,17,0
228,8,8,18,1
228,8,8,19,0
228,8,8,20,0
228,8,8,21,2
228,8,8,22,0
228,8,8,23,0
228,8,8,0,2
228,9,9,1,156
228,9,9,2,1
228,9,9,3,14
228,9,9,4,131
228,9,9,5,119
228,9,9,6,1
228,9,9,7,0
228,9,9,8,0
228,9,9,9,0
228,9,9,10,0
228,9,9,11,0
228,9,9,12,0
228,9,9,13,2
228,9,9,14,0
228,9,9,15,0
228,9,9,16,1
228,9,9,17,3
228,9,9,18,0
228,9,9,19,0
228,9,9,20,0
228,9,9,21,1
228,9,9,22,0
228,9,9,23,0
228,9,9,0,0
228,10,10,1,112
228,10,10,2,0
228,10,10,3,15
228,10,10,4,101
228,10,10,5,91
228,10,10,6,0
228,10,10,7,0
228,10,10,8,0
228,10,10,9,0
228,10,10,10,0
228,10,10,11,0
228,10,10,12,0
228,10,10,13,0
228,10,10,14,0
228,10,10,15,0
228,10,10,16,0
228,10,10,17,0
228,10,10,18,0
228,10,10,19,0
228,10,10,20,0
228,10,10,21,0
228,10,10,22,0
228,10,10,23,0
228,10,10,0,1
228,11,11,1,185
228,11,11,2,1
228,11,11,3,34
228,11,11,4,100
228,11,11,5,207
228,11,11,6,0
228,11,11,7,1
228,11,11,8,0
228,11,11,9,0
228,11,11,10,0
228,11,11,11,0
228,11,11,12,1
228,11,11,13,1
228,11,11,14,0
228,11,11,15,0
228,11,11,16,0
228,11,11,17,4
228,11,11,18,1
228,11,11,19,0
228,11,11,20,0
228,11,11,21,0
228,11,11,22,0
228,11,11,23,1
228,11,11,0,3
228,12,12,1,218
228,12,12,2,0
228,12,12,3,26
228,12,12,4,92
228,12,12,5,193
228,12,12,6,0
228,12,12,7,0
228,12,12,8,1
228,12,12,9,0
228,12,12,10,0
228,12,12,11,0
228,12,12,12,0
228,12,12,13,0
228,12,12,14,0
228,12,12,15,0
228,12,12,16,0
228,12,12,17,3
228,12,12,18,0
228,12,12,19,0
228,12,12,20,0
228,12,12,21,0
228,12,12,22,0
228,12,12,23,0
228,12,12,0,3
228,13,13,1,160
228,13,13,2,0
228,13,13,3,39
228,13,13,4,164
228,13,13,5,266
228,13,13,6,1
228,13,13,7,0
228,13,13,8,0
228,13,13,9,0
228,13,13,10,0
228,13,13,11,0
228,13,13,12,0
228,13,13,13,0
228,13,13,14,0
228,13,13,15,0
228,13,13,16,0
228,13,13,17,1
228,13,13,18,1
228,13,13,19,0
228,13,13,20,0
228,13,13,21,1
228,13,13,22,0
228,13,13,23,1
228,13,13,0,1
228,14,14,1,240
228,14,14,2,1
228,14,14,3,46
228,14,14,4,117
228,14,14,5,194
228,14,14,6,0
228,14,14,7,0
228,14,14,8,0
228,14,14,9,0
228,14,14,10,1
228,14,14,11,2
228,14,14,12,0
228,14,14,13,0
228,14,14,14,0
228,14,14,15,0
228,14,14,16,0
228,14,14,17,1
228,14,14,18,2
228,14,14,19,0
228,14,14,20,1
228,14,14,21,0
228,14,14,22,0
228,14,14,23,0
228,14,14,0,2
228,15,15,1,95
228,15,15,2,1
228,15,15,3,12
228,15,15,4,76
228,15,15,5,108
228,15,15,6,0
228,15,15,7,0
228,15,15,8,0
228,15,15,9,0
228,15,15,10,0
228,15,15,11,0
228,15,15,12,1
228,15,15,13,1
228,15,15,14,0
228,15,15,15,0
228,15,15,16,0
228,15,15,17,0
228,15,15,18,0
228,15,15,19,0
228,15,15,20,0
228,15,15,21,0
228,15,15,22,0
228,15,15,23,0
228,15,15,0,0
228,16,16,1,154
228,16,16,2,2
228,16,16,3,37
228,16,16,4,168
228,16,16,5,189
228,16,16,6,0
228,16,16,7,0
228,16,16,8,0
228,16,16,9,0
228,16,16,10,0
228,16,16,11,1
228,16,16,12,1
228,16,16,13,0
228,16,16,14,0
228,16,16,15,0
228,16,16,16,1
228,16,16,17,5
228,16,16,18,1
228,16,16,19,1
228,16,16,20,0
228,16,16,21,0
228,16,16,22,0
228,16,16,23,0
228,16,16,0,3
228,17,17,1,207
228,17,17,2,10
228,17,17,3,22
228,17,17,4,82
228,17,17,5,221
228,17,17,6,0
228,17,17,7,0
228,17,17,8,1
228,17,17,9,0
228,17,17,10,0
228,17,17,11,0
228,17,17,12,0
228,17,17,13,0
228,17,17,14,0
228,17,17,15,1
228,17,17,16,0
228,17,17,17,5
228,17,17,18,2
228,17,17,19,1
228,17,17,20,1
228,17,17,21,0
228,17,17,22,0
228,17,17,23,0
228,17,17,0,0
228,18,18,1,280
228,18,18,2,7
228,18,18,3,56
228,18,18,4,211
228,18,18,5,279
228,18,18,6,0
228,18,18,7,1
228,18,18,8,0
228,18,18,9,0
228,18,18,10,1
228,18,18,11,0
228,18,18,12,0
228,18,18,13,0
228,18,18,14,0
228,18,18,15,0
228,18,18,16,1
228,18,18,17,3
228,18,18,18,4
228,18,18,19,0
228,18,18,20,2
228,18,18,21,1
228,18,18,22,0
228,18,18,23,0
228,18,18,0,2
228,19,19,1,305
228,19,19,2,1
228,19,19,3,36
228,19,19,4,193
228,19,19,5,235
228,19,19,6,1
228,19,19,7,0
228,19,19,8,0
228,19,19,9,0
228,19,19,10,0
228,19,19,11,0
228,19,19,12,1
228,19,19,13,0
228,19,19,14,0
228,19,19,15,1
228,19,19,16,0
228,19,19,17,6
228,19,19,18,6
228,19,19,19,0
228,19,19,20,2
228,19,19,21,1
228,19,19,22,1
228,19,19,23,0
228,19,19,0,2
228,20,20,1,147
228,20,20,2,0
228,20,20,3,56
228,20,20,4,316
228,20,20,5,192
228,20,20,6,0
228,20,20,7,0
228,20,20,8,0
228,20,20,9,0
228,20,20,10,1
228,20,20,11,0
228,20,20,12,0
228,20,20,13,0
228,20,20,14,1
228,20,20,15,0
228,20,20,16,2
228,20,20,17,2
228,20,20,18,0
228,20,20,19,1
228,20,20,20,0
228,20,20,21,0
228,20,20,22,0
228,20,20,23,0
228,20,20,0,0
228,21,21,1,243
228,21,21,2,2
228,21,21,3,41
228,21,21,4,233
228,21,21,5,179
228,21,21,6,1
228,21,21,7,1
228,21,21,8,1
228,21,21,9,0
228,21,21,10,0
228,21,21,11,1
228,21,21,12,0
228,21,21,13,1
228,21,21,14,1
228,21,21,15,0
228,21,21,16,0
228,21,21,17,2
228,21,21,18,6
228,21,21,19,0
228,21,21,20,0
228,21,21,21,0
228,21,21,22,0
228,21,21,23,1
228,21,21,0,1
228,22,22,1,187
228,22,22,2,1
228,22,22,3,48
228,22,22,4,122
228,22,22,5,235
228,22,22,6,0
228,22,22,7,1
228,22,22,8,0
228,22,22,9,0
228,22,22,10,0
228,22,22,11,1
228,22,22,12,0
228,22,22,13,0
228,22,22,14,0
228,22,22,15,0
228,22,22,16,0
228,22,22,17,2
228,22,22,18,1
228,22,22,19,0
228,22,22,20,0
228,22,22,21,0
228,22,22,22,0
228,22,22,23,0
228,22,22,0,2
228,23,23,1,274
228,23,23,2,0
228,23,23,3,61
228,23,23,4,154
228,23,23,5,279
228,23,23,6,0
228,23,23,7,0
228,23,23,8,0
228,23,23,9,0
228,23,23,10,0
228,23,23,11,2
228,23,23,12,0
228,23,23,13,0
228,23,23,14,0
228,23,23,15,0
228,23,23,16,0
228,23,23,17,1
228,23,23,18,1
228,23,23,19,1
228,23,23,20,0
228,23,23,21,0
228,23,23,22,0
228,23,23,23,1
228,23,23,0,2
228,24,24,1,307
228,24,24,2,9
228,24,24,3,38
228,24,24,4,73
228,24,24,5,258
228,24,24,6,0
228,24,24,7,0
228,24,24,8,0
228,24,24,9,0
228,24,24,10,0
228,24,24,11,0
228,24,24,12,0
228,24,24,13,1
228,24,24,14,1
228,24,24,15,0
228,24,24,16,0
228,24,24,17,2
228,24,24,18,0
228,24,24,19,0
228,24,24,20,0
228,24,24,21,0
228,24,24,22,0
228,24,24,23,1
228,24,24,0,3
228,25,25,1,284
228,25,25,2,5
228,25,25,3,28
228,25,25,4,26
228,25,25,5,158
228,25,25,6,0
228,25,25,7,0
228,25,25,8,0
228,25,25,9,0
228,25,25,10,0
228,25,25,11,0
228,25,25,12,0
228,25,25,13,0
228,25,25,14,0
228,25,25,15,0
228,25,25,16,1
228,25,25,17,3
228,25,25,18,2
228,25,25,19,0
228,25,25,20,0
228,25,25,21,2
228,25,25,22,0
228,25,25,23,0
228,25,25,0,0
228,26,26,1,80
228,26,26,2,0
228,26,26,3,29
228,26,26,4,85
228,26,26,5,73
228,26,26,6,0
228,26,26,7,0
228,26,26,8,0
228,26,26,9,0
228,26,26,10,0
228,26,26,11,0
228,26,26,12,0
228,26,26,13,0
228,26,26,14,0
228,26,26,15,1
228,26,26,16,0
228,26,26,17,0
228,26,26,18,0
228,26,26,19,0
228,26,26,20,1
228,26,26,21,0
228,26,26,22,0
228,26,26,23,0
228,26,26,0,0
228,27,27,1,224
228,27,27,2,1
228,27,27,3,36
228,27,27,4,35
228,27,27,5,159
228,27,27,6,0
228,27,27,7,0
228,27,27,8,0
228,27,27,9,0
228,27,27,10,0
228,27,27,11,0
228,27,27,12,0
228,27,27,13,0
228,27,27,14,1
228,27,27,15,0
228,27,27,16,0
228,27,27,17,3
228,27,27,18,0
228,27,27,19,0
228,27,27,20,1
228,27,27,21,0
228,27,27,22,0
228,27,27,23,0
228,27,27,0,1
228,28,28,1,220
228,28,28,2,2
228,28,28,3,103
228,28,28,4,251
228,28,28,5,195
228,28,28,6,2
228,28,28,7,1
228,28,28,8,1
228,28,28,9,0
228,28,28,10,0
228,28,28,11,0
228,28,28,12,0
228,28,28,13,0
228,28,28,14,2
228,28,28,15,0
228,28,28,16,1
228,28,28,17,2
228,28,28,18,2
228,28,28,19,2
228,28,28,20,0
228,28,28,21,1
228,28,28,22,0
228,28,28,23,0
228,28,28,0,3
228,29,29,1,63
228,29,29,2,0
228,29,29,3,55
228,29,29,4,281
228,29,29,5,137
228,29,29,6,2
228,29,29,7,2
228,29,29,8,1
228,29,29,9,0
228,29,29,10,0
228,29,29,11,0
228,29,29,12,0
228,29,29,13,0
228,29,29,14,0
228,29,29,15,1
228,29,29,16,1
228,29,29,17,0
228,29,29,18,1
228,29,29,19,0
228,29,29,20,2
228,29,29,21,0
228,29,29,22,0
228,29,29,23,0
228,29,29,0,1
228,30,30,1,248
228,30,30,2,1
228,30,30,3,106
228,30,30,4,104
228,30,30,5,231
228,30,30,6,0
228,30,30,7,0
228,30,30,8,0
228,30,30,9,1
228,30,30,10,0
228,30,30,11,1
228,30,30,12,1
228,30,30,13,1
228,30,30,14,0
228,30,30,15,1
228,30,30,16,1
228,30,30,17,6
228,30,30,18,2
228,30,30,19,1
228,30,30,20,0
228,30,30,21,2
228,30,30,22,1
228,30,30,23,0
228,30,30,0,4
228,31,31,1,88
228,31,31,2,0
228,31,31,3,15
228,31,31,4,33
228,31,31,5,73
228,31,31,6,0
228,31,31,7,0
228,31,31,8,0
228,31,31,9,0
228,31,31,10,0
228,31,31,11,0
228,31,31,12,1
228,31,31,13,0
228,31,31,14,0
228,31,31,15,0
228,31,31,16,0
228,31,31,17,2
228,31,31,18,0
228,31,31,19,0
228,31,31,20,0
228,31,31,21,1
228,31,31,22,0
228,31,31,23,0
228,31,31,0,2
228,32,32,1,209
228,32,32,2,0
228,32,32,3,37
228,32,32,4,143
228,32,32,5,187
228,32,32,6,0
228,32,32,7,0
228,32,32,8,0
228,32,32,9,1
228,32,32,10,0
228,32,32,11,2
228,32,32,12,4
228,32,32,13,0
228,32,32,14,0
228,32,32,15,1
228,32,32,16,1
228,32,32,17,2
228,32,32,18,0
228,32,32,19,1
228,32,32,20,2
228,32,32,21,3
228,32,32,22,0
228,32,32,23,0
228,32,32,0,2
228,33,33,1,207
228,33,33,2,3
228,33,33,3,44
228,33,33,4,57
228,33,33,5,292
228,33,33,6,0
228,33,33,7,1
228,33,33,8,1
228,33,33,9,0
228,33,33,10,0
228,33,33,11,1
228,33,33,12,11
228,33,33,13,0
228,33,33,14,2
228,33,33,15,1
228,33,33,16,0
228,33,33,17,5
228,33,33,18,1
228,33,33,19,0
228,33,33,20,1
228,33,33,21,1
228,33,33,22,0
228,33,33,23,0
228,33,33,0,2
228,34,34,1,129
228,34,34,2,1
228,34,34,3,39
228,34,34,4,99
228,34,34,5,112
228,34,34,6,1
228,34,34,7,0
228,34,34,8,0
228,34,34,9,0
228,34,34,10,0
228,34,34,11,0
228,34,34,12,3
228,34,34,13,2
228,34,34,14,0
228,34,34,15,0
228,34,34,16,0
228,34,34,17,2
228,34,34,18,5
228,34,34,19,0
228,34,34,20,0
228,34,34,21,0
228,34,34,22,0
228,34,34,23,0
228,34,34,0,2
228,35,35,1,247
228,35,35,2,4
228,35,35,3,45
228,35,35,4,93
228,35,35,5,298
228,35,35,6,0
228,35,35,7,1
228,35,35,8,1
228,35,35,9,0
228,35,35,10,0
228,35,35,11,2
228,35,35,12,4
228,35,35,13,0
228,35,35,14,0
228,35,35,15,0
228,35,35,16,6
228,35,35,17,5
228,35,35,18,2
228,35,35,19,1
228,35,35,20,1
228,35,35,21,2
228,35,35,22,0
228,35,35,23,0
228,35,35,0,1
228,36,36,1,98
228,36,36,2,1
228,36,36,3,32
228,36,36,4,49
228,36,36,5,187
228,36,36,6,0
228,36,36,7,2
228,36,36,8,1
228,36,36,9,0
228,36,36,10,0
228,36,36,11,0
228,36,36,12,3
228,36,36,13,0
228,36,36,14,0
228,36,36,15,0
228,36,36,16,0
228,36,36,17,2
228,36,36,18,4
228,36,36,19,0
228,36,36,20,0
228,36,36,21,1
228,36,36,22,0
228,36,36,23,0
228,36,36,0,0
228,37,37,1,205
228,37,37,2,1
228,37,37,3,59
228,37,37,4,172
228,37,37,5,261
228,37,37,6,1
228,37,37,7,0
228,37,37,8,2
228,37,37,9,0
228,37,37,10,2
228,37,37,11,2
228,37,37,12,1
228,37,37,13,0
228,37,37,14,1
228,37,37,15,0
228,37,37,16,0
228,37,37,17,5
228,37,37,18,2
228,37,37,19,1
228,37,37,20,1
228,37,37,21,3
228,37,37,22,0
228,37,37,23,0
228,37,37,0,1
228,38,38,1,144
228,38,38,2,0
228,38,38,3,31
228,38,38,4,147
228,38,38,5,277
228,38,38,6,0
228,38,38,7,0
228,38,38,8,0
228,38,38,9,0
228,38,38,10,1
228,38,38,11,0
228,38,38,12,1
228,38,38,13,1
228,38,38,14,2
228,38,38,15,0
228,38,38,16,0
228,38,38,17,0
228,38,38,18,1
228,38,38,19,0
228,38,38,20,1
228,38,38,21,0
228,38,38,22,0
228,38,38,23,0
228,38,38,0,3
228,39,39,1,117
228,39,39,2,0
228,39,39,3,27
228,39,39,4,112
228,39,39,5,171
228,39,39,6,1
228,39,39,7,0
228,39,39,8,0
228,39,39,9,0
228,39,39,10,1
228,39,39,11,0
228,39,39,12,0
228,39,39,13,1
228,39,39,14,0
228,39,39,15,0
228,39,39,16,1
228,39,39,17,1
228,39,39,18,2
228,39,39,19,0
228,39,39,20,1
228,39,39,21,1
228,39,39,22,0
228,39,39,23,2
228,39,39,0,0
228,40,40,1,168
228,40,40,2,0
228,40,40,3,31
228,40,40,4,201
228,40,40,5,200
228,40,40,6,0
228,40,40,7,0
228,40,40,8,0
228,40,40,9,0
228,40,40,10,0
228,40,40,11,0
228,40,40,12,0
228,40,40,13,1
228,40,40,14,0
228,40,40,15,0
228,40,40,16,4
228,40,40,17,1
228,40,40,18,1
228,40,40,19,0
228,40,40,20,2
228,40,40,21,1
228,40,40,22,0
228,40,40,23,0
228,40,40,0,0
228,41,41,1,128
228,41,41,2,3
228,41,41,3,45
228,41,41,4,306
228,41,41,5,278
228,41,41,6,1
228,41,41,7,0
228,41,41,8,1
228,41,41,9,1
228,41,41,10,1
228,41,41,11,2
228,41,41,12,0
228,41,41,13,2
228,41,41,14,0
228,41,41,15,0
228,41,41,16,0
228,41,41,17,10
228,41,41,18,3
228,41,41,19,1
228,41,41,20,2
228,41,41,21,0
228,41,41,22,1
228,41,41,23,0
228,41,41,0,3
228,42,42,1,259
228,42,42,2,4
228,42,42,3,75
228,42,42,4,129
228,42,42,5,411
228,42,42,6,1
228,42,42,7,0
228,42,42,8,0
228,42,42,9,0
228,42,42,10,0
228,42,42,11,0
228,42,42,12,1
228,42,42,13,0
228,42,42,14,1
228,42,42,15,0
228,42,42,16,1
228,42,42,17,6
228,42,42,18,3
228,42,42,19,0
228,42,42,20,1
228,42,42,21,1
228,42,42,22,0
228,42,42,23,0
228,42,42,0,4
228,43,43,1,194
228,43,43,2,0
228,43,43,3,69
228,43,43,4,186
228,43,43,5,305
228,43,43,6,0
228,43,43,7,0
228,43,43,8,1
228,43,43,9,0
228,43,43,10,0
228,43,43,11,0
228,43,43,12,4
228,43,43,13,2
228,43,43,14,1
228,43,43,15,0
228,43,43,16,0
228,43,43,17,1
228,43,43,18,0
228,43,43,19,0
228,43,43,20,0
228,43,43,21,0
228,43,43,22,0
228,43,43,23,0
228,43,43,0,1
228,44,44,1,208
228,44,44,2,3
228,44,44,3,90
228,44,44,4,182
228,44,44,5,283
228,44,44,6,0
228,44,44,7,1
228,44,44,8,2
228,44,44,9,1
228,44,44,10,0
228,44,44,11,0
228,44,44,12,3
228,44,44,13,2
228,44,44,14,2
228,44,44,15,1
228,44,44,16,2
228,44,44,17,3
228,44,44,18,2
228,44,44,19,1
228,44,44,20,0
228,44,44,21,2
228,44,44,22,0
228,44,44,23,0
228,44,44,0,2
228,45,45,1,232
228,45,45,2,3
228,45,45,3,117
228,45,45,4,81
228,45,45,5,344
228,45,45,6,2
228,45,45,7,0
228,45,45,8,1
228,45,45,9,0
228,45,45,10,0
228,45,45,11,0
228,45,45,12,0
228,45,45,13,1
228,45,45,14,0
228,45,45,15,1
228,45,45,16,4
228,45,45,17,3
228,45,45,18,1
228,45,45,19,2
228,45,45,20,0
228,45,45,21,0
228,45,45,22,0
228,45,45,23,0
228,45,45,0,1
228,46,46,1,200
228,46,46,2,1
228,46,46,3,90
228,46,46,4,43
228,46,46,5,347
228,46,46,6,1
228,46,46,7,2
228,46,46,8,1
228,46,46,9,1
228,46,46,10,0
228,46,46,11,0
228,46,46,12,3
228,46,46,13,1
228,46,46,14,1
228,46,46,15,1
228,46,46,16,1
228,46,46,17,0
228,46,46,18,2
228,46,46,19,0
228,46,46,20,0
228,46,46,21,1
228,46,46,22,0
228,46,46,23,0
228,46,46,0,3
228,47,47,1,145
228,47,47,2,1
228,47,47,3,36
228,47,47,4,97
228,47,47,5,230
228,47,47,6,1
228,47,47,7,0
228,47,47,8,0
228,47,47,9,0
228,47,47,10,0
228,47,47,11,0
228,47,47,12,4
228,47,47,13,1
228,47,47,14,0
228,47,47,15,0
228,47,47,16,0
228,47,47,17,0
228,47,47,18,0
228,47,47,19,0
228,47,47,20,0
228,47,47,21,0
228,47,47,22,0
228,47,47,23,0
228,47,47,0,1
228,48,48,1,175
228,48,48,2,1
228,48,48,3,126
228,48,48,4,186
228,48,48,5,189
228,48,48,6,0
228,48,48,7,0
228,48,48,8,0
228,48,48,9,1
228,48,48,10,0
228,48,48,11,2
228,48,48,12,1
228,48,48,13,1
228,48,48,14,1
228,48,48,15,0
228,48,48,16,1
228,48,48,17,6
228,48,48,18,5
228,48,48,19,4
228,48,48,20,2
228,48,48,21,2
228,48,48,22,1
228,48,48,23,0
228,48,48,0,0
228,49,49,1,101
228,49,49,2,0
228,49,49,3,30
228,49,49,4,158
228,49,49,5,160
228,49,49,6,0
228,49,49,7,0
228,49,49,8,0
228,49,49,9,0
228,49,49,10,0
228,49,49,11,1
228,49,49,12,4
228,49,49,13,1
228,49,49,14,0
228,49,49,15,0
228,49,49,16,0
228,49,49,17,1
228,49,49,18,0
228,49,49,19,0
228,49,49,20,0
228,49,49,21,1
228,49,49,22,0
228,49,49,23,0
228,49,49,0,0
228,50,50,1,117
228,50,50,2,0
228,50,50,3,36
228,50,50,4,152
228,50,50,5,183
228,50,50,6,0
228,50,50,7,0
228,50,50,8,0
228,50,50,9,0
228,50,50,10,0
228,50,50,11,0
228,50,50,12,1
228,50,50,13,1
228,50,50,14,1
228,50,50,15,2
228,50,50,16,0
228,50,50,17,2
228,50,50,18,0
228,50,50,19,0
228,50,50,20,0
228,50,50,21,0
228,50,50,22,0
228,50,50,23,0
228,50,50,0,1
228,51,51,1,164
228,51,51,2,1
228,51,51,3,42
228,51,51,4,178
228,51,51,5,246
228,51,51,6,0
228,51,51,7,0
228,51,51,8,0
228,51,51,9,0
228,51,51,10,0
228,51,51,11,0
228,51,51,12,0
228,51,51,13,1
228,51,51,14,1
228,51,51,15,0
228,51,51,16,2
228,51,51,17,2
228,51,51,18,0
228,51,51,19,2
228,51,51,20,0
228,51,51,21,2
228,51,51,22,0
228,51,51,23,1
228,51,51,0,0
228,52,52,1,421
228,52,52,2,3
228,52,52,3,33
228,52,52,4,81
228,52,52,5,255
228,52,52,6,1
228,52,52,7,0
228,52,52,8,0
228,52,52,9,0
228,52,52,10,0
228,52,52,11,0
228,52,52,12,1
228,52,52,13,1
228,52,52,14,0
228,52,52,15,0
228,52,52,16,0
228,52,52,17,2
228,52,52,18,0
228,52,52,19,0
228,52,52,20,0
228,52,52,21,0
228,52,52,22,0
228,52,52,23,0
228,52,52,0,2
228,53,53,1,246
228,53,53,2,2
228,53,53,3,33
228,53,53,4,58
228,53,53,5,257
228,53,53,6,1
228,53,53,7,2
228,53,53,8,0
228,53,53,9,0
228,53,53,10,2
228,53,53,11,0
228,53,53,12,6
228,53,53,13,0
228,53,53,14,0
228,53,53,15,0
228,53,53,16,1
228,53,53,17,2
228,53,53,18,2
228,53,53,19,1
228,53,53,20,0
228,53,53,21,2
228,53,53,22,0
228,53,53,23,0
228,53,53,0,0
228,54,54,1,181
228,54,54,2,0
228,54,54,3,39
228,54,54,4,133
228,54,54,5,149
228,54,54,6,0
228,54,54,7,0
228,54,54,8,0
228,54,54,9,0
228,54,54,10,0
228,54,54,11,0
228,54,54,12,0
228,54,54,13,0
228,54,54,14,0
228,54,54,15,0
228,54,54,16,0
228,54,54,17,4
228,54,54,18,5
228,54,54,19,0
228,54,54,20,1
228,54,54,21,1
228,54,54,22,0
228,54,54,23,0
228,54,54,0,0
228,55,55,1,160
228,55,55,2,2
228,55,55,3,48
228,55,55,4,133
228,55,55,5,119
228,55,55,6,0
228,55,55,7,1
228,55,55,8,0
228,55,55,9,0
228,55,55,10,0
228,55,55,11,0
228,55,55,12,2
228,55,55,13,0
228,55,55,14,0
228,55,55,15,0
228,55,55,16,1
228,55,55,17,2
228,55,55,18,2
228,55,55,19,1
228,55,55,20,0
228,55,55,21,0
228,55,55,22,0
228,55,55,23,0
228,55,55,0,1
228,56,56,1,235
228,56,56,2,1
228,56,56,3,85
228,56,56,4,290
228,56,56,5,251
228,56,56,6,0
228,56,56,7,2
228,56,56,8,0
228,56,56,9,0
228,56,56,10,0
228,56,56,11,1
228,56,56,12,3
228,56,56,13,1
228,56,56,14,0
228,56,56,15,1
228,56,56,16,3
228,56,56,17,3
228,56,56,18,2
228,56,56,19,0
228,56,56,20,1
228,56,56,21,1
228,56,56,22,2
228,56,56,23,1
228,56,56,0,0
228,57,57,1,200
228,57,57,2,3
228,57,57,3,90
228,57,57,4,260
228,57,57,5,214
228,57,57,6,0
228,57,57,7,0
228,57,57,8,0
228,57,57,9,0
228,57,57,10,0
228,57,57,11,0
228,57,57,12,1
228,57,57,13,1
228,57,57,14,0
228,57,57,15,1
228,57,57,16,3
228,57,57,17,0
228,57,57,18,1
228,57,57,19,0
228,57,57,20,2
228,57,57,21,1
228,57,57,22,0
228,57,57,23,0
228,57,57,0,1
228,58,58,1,240
228,58,58,2,0
228,58,58,3,43
228,58,58,4,208
228,58,58,5,209
228,58,58,6,0
228,58,58,7,0
228,58,58,8,1
228,58,58,9,0
228,58,58,10,0
228,58,58,11,1
228,58,58,12,4
228,58,58,13,0
228,58,58,14,1
228,58,58,15,0
228,58,58,16,1
228,58,58,17,5
228,58,58,18,6
228,58,58,19,0
228,58,58,20,0
228,58,58,21,0
228,58,58,22,0
228,58,58,23,0
228,58,58,0,1
228,59,59,1,166
228,59,59,2,1
228,59,59,3,42
228,59,59,4,186
228,59,59,5,198
228,59,59,6,1
228,59,59,7,0
228,59,59,8,0
228,59,59,9,0
228,59,59,10,0
228,59,59,11,0
228,59,59,12,0
228,59,59,13,0
228,59,59,14,0
228,59,59,15,0
228,59,59,16,1
228,59,59,17,5
228,59,59,18,3
228,59,59,19,0
228,59,59,20,3
228,59,59,21,1
228,59,59,22,1
228,59,59,23,0
228,59,59,0,2
228,60,60,1,88
228,60,60,2,0
228,60,60,3,47
228,60,60,4,181
228,60,60,5,159
228,60,60,6,0
228,60,60,7,1
228,60,60,8,0
228,60,60,9,0
228,60,60,10,0
228,60,60,11,0
228,60,60,12,1
228,60,60,13,0
228,60,60,14,0
228,60,60,15,0
228,60,60,16,1
228,60,60,17,4
228,60,60,18,4
228,60,60,19,0
228,60,60,20,0
228,60,60,21,4
228,60,60,22,0
228,60,60,23,0
228,60,60,0,1
228,61,61,1,307
228,61,61,2,2
228,61,61,3,81
228,61,61,4,49
228,61,61,5,267
228,61,61,6,1
228,61,61,7,1
228,61,61,8,1
228,61,61,9,0
228,61,61,10,0
228,61,61,11,0
228,61,61,12,0
228,61,61,13,0
228,61,61,14,1
228,61,61,15,0
228,61,61,16,2
228,61,61,17,6
228,61,61,18,1
228,61,61,19,0
228,61,61,20,1
228,61,61,21,1
228,61,61,22,0
228,61,61,23,0
228,61,61,0,0
228,62,62,1,150
228,62,62,2,1
228,62,62,3,41
228,62,62,4,220
228,62,62,5,179
228,62,62,6,0
228,62,62,7,0
228,62,62,8,0
228,62,62,9,0
228,62,62,10,0
228,62,62,11,0
228,62,62,12,0
228,62,62,13,0
228,62,62,14,2
228,62,62,15,0
228,62,62,16,1
228,62,62,17,4
228,62,62,18,1
228,62,62,19,0
228,62,62,20,0
228,62,62,21,1
228,62,62,22,0
228,62,62,23,4
228,62,62,0,1
228,63,63,1,247
228,63,63,2,4
228,63,63,3,61
228,63,63,4,164
228,63,63,5,364
228,63,63,6,0
228,63,63,7,2
228,63,63,8,2
228,63,63,9,0
228,63,63,10,0
228,63,63,11,0
228,63,63,12,0
228,63,63,13,1
228,63,63,14,1
228,63,63,15,0
228,63,63,16,1
228,63,63,17,5
228,63,63,18,3
228,63,63,19,0
228,63,63,20,2
228,63,63,21,1
228,63,63,22,0
228,63,63,23,1
228,63,63,0,0
228,64,64,1,337
228,64,64,2,2
228,64,64,3,81
228,64,64,4,111
228,64,64,5,240
228,64,64,6,0
228,64,64,7,0
228,64,64,8,1
228,64,64,9,0
228,64,64,10,0
228,64,64,11,0
228,64,64,12,0
228,64,64,13,4
228,64,64,14,1
228,64,64,15,0
228,64,64,16,2
228,64,64,17,7
228,64,64,18,2
228,64,64,19,3
228,64,64,20,0
228,64,64,21,0
228,64,64,22,0
228,64,64,23,1
228,64,64,0,1
228,65,65,1,252
228,65,65,2,3
228,65,65,3,102
228,65,65,4,217
228,65,65,5,231
228,65,65,6,1
228,65,65,7,0
228,65,65,8,0
228,65,65,9,0
228,65,65,10,1
228,65,65,11,1
228,65,65,12,0
228,65,65,13,0
228,65,65,14,1
228,65,65,15,1
228,65,65,16,1
228,65,65,17,5
228,65,65,18,4
228,65,65,19,0
228,65,65,20,0
228,65,65,21,0
228,65,65,22,0
228,65,65,23,0
228,65,65,0,1
228,66,66,1,127
228,66,66,2,1
228,66,66,3,54
228,66,66,4,298
228,66,66,5,147
228,66,66,6,2
228,66,66,7,0
228,66,66,8,0
228,66,66,9,0
228,66,66,10,0
228,66,66,11,0
228,66,66,12,0
228,66,66,13,0
228,66,66,14,0
228,66,66,15,0
228,66,66,16,0
228,66,66,17,1
228,66,66,18,0
228,66,66,19,1
228,66,66,20,0
228,66,66,21,1
228,66,66,22,0
228,66,66,23,0
228,66,66,0,2
228,67,67,1,123
228,67,67,2,1
228,67,67,3,53
228,67,67,4,211
228,67,67,5,145
228,67,67,6,1
228,67,67,7,0
228,67,67,8,0
228,67,67,9,0
228,67,67,10,0
228,67,67,11,0
228,67,67,12,1
228,67,67,13,0
228,67,67,14,1
228,67,67,15,0
228,67,67,16,0
228,67,67,17,1
228,67,67,18,1
228,67,67,19,1
228,67,67,20,2
228,67,67,21,1
228,67,67,22,1
228,67,67,23,0
228,67,67,0,1
228,68,68,1,69
228,68,68,2,1
228,68,68,3,26
228,68,68,4,100
228,68,68,5,64
228,68,68,6,0
228,68,68,7,1
228,68,68,8,0
228,68,68,9,0
228,68,68,10,0
228,68,68,11,0
228,68,68,12,0
228,68,68,13,0
228,68,68,14,0
228,68,68,15,0
228,68,68,16,0
228,68,68,17,1
228,68,68,18,1
228,68,68,19,0
228,68,68,20,1
228,68,68,21,0
228,68,68,22,0
228,68,68,23,1
228,68,68,0,0
228,69,69,1,73
228,69,69,2,0
228,69,69,3,27
228,69,69,4,130
228,69,69,5,101
228,69,69,6,1
228,69,69,7,0
228,69,69,8,0
228,69,69,9,0
228,69,69,10,0
228,69,69,11,0
228,69,69,12,0
228,69,69,13,0
228,69,69,14,0
228,69,69,15,0
228,69,69,16,0
228,69,69,17,0
228,69,69,18,0
228,69,69,19,0
228,69,69,20,0
228,69,69,21,0
228,69,69,22,0
228,69,69,23,0
228,69,69,0,0
228,70,70,1,266
228,70,70,2,0
228,70,70,3,74
228,70,70,4,273
228,70,70,5,170
228,70,70,6,0
228,70,70,7,0
228,70,70,8,0
228,70,70,9,0
228,70,70,10,0
228,70,70,11,0
228,70,70,12,1
228,70,70,13,2
228,70,70,14,0
228,70,70,15,0
228,70,70,16,0
228,70,70,17,6
228,70,70,18,3
228,70,70,19,1
228,70,70,20,3
228,70,70,21,4
228,70,70,22,0
228,70,70,23,0
228,70,70,0,2
228,71,71,1,83
228,71,71,2,0
228,71,71,3,24
228,71,71,4,132
228,71,71,5,89
228,71,71,6,0
228,71,71,7,0
228,71,71,8,0
228,71,71,9,0
228,71,71,10,0
228,71,71,11,0
228,71,71,12,1
228,71,71,13,0
228,71,71,14,0
228,71,71,15,0
228,71,71,16,0
228,71,71,17,4
228,71,71,18,1
228,71,71,19,0
228,71,71,20,0
228,71,71,21,0
228,71,71,22,0
228,71,71,23,0
228,71,71,0,0
228,72,72,1,219
228,72,72,2,0
228,72,72,3,89
228,72,72,4,137
228,72,72,5,202
228,72,72,6,0
228,72,72,7,1
228,72,72,8,1
228,72,72,9,0
228,72,72,10,1
228,72,72,11,1
228,72,72,12,0
228,72,72,13,1
228,72,72,14,0
228,72,72,15,0
228,72,72,16,0
228,72,72,17,4
228,72,72,18,3
228,72,72,19,0
228,72,72,20,0
228,72,72,21,1
228,72,72,22,0
228,72,72,23,0
228,72,72,0,0
228,73,73,1,0
228,73,73,2,1
228,73,73,3,63
228,73,73,4,60
228,73,73,5,206
228,73,73,6,1
228,73,73,7,0
228,73,73,8,0
228,73,73,9,0
228,73,73,10,0
228,73,73,11,0
228,73,73,12,0
228,73,73,13,2
228,73,73,14,1
228,73,73,15,0
228,73,73,16,0
228,73,73,17,2
228,73,73,18,5
228,73,73,19,0
228,73,73,20,0
228,73,73,21,0
228,73,73,22,0
228,73,73,23,1
228,73,73,0,0
228,74,74,1,0
228,74,74,2,0
228,74,74,3,0
228,74,74,4,0
228,74,74,5,0
228,74,74,6,0
228,74,74,7,0
228,74,74,8,0
228,74,74,9,0
228,74,74,10,0
228,74,74,11,0
228,74,74,12,0
228,74,74,13,0
228,74,74,14,0
228,74,74,15,0
228,74,74,16,0
228,74,74,17,0
228,74,74,18,0
228,74,74,19,0
228,74,74,20,0
228,74,74,21,0
228,74,74,22,0
228,74,74,23,0
228,74,74,0,0
228,74,74,1,190
228,74,74,2,2
228,74,74,3,56
228,74,74,4,152
228,74,74,5,268
228,74,74,6,2
228,74,74,7,0
228,74,74,8,0
228,74,74,9,0
228,74,74,10,1
228,74,74,11,0
228,74,74,12,1
228,74,74,13,0
228,74,74,14,0
228,74,74,15,0
228,74,74,16,0
228,74,74,17,7
228,74,74,18,6
228,74,74,19,0
228,74,74,20,1
228,74,74,21,3
228,74,74,22,0
228,74,74,23,1
228,74,74,0,3
228,75,75,1,0
228,75,75,2,0
228,75,75,3,0
228,75,75,4,0
228,75,75,5,0
228,75,75,6,0
228,75,75,7,0
228,75,75,8,0
228,75,75,9,0
228,75,75,10,0
228,75,75,11,0
228,75,75,12,0
228,75,75,13,0
228,75,75,14,0
228,75,75,15,0
228,75,75,16,0
228,75,75,17,0
228,75,75,18,0
228,75,75,19,0
228,75,75,20,0
228,75,75,21,0
228,75,75,22,0
228,75,75,23,0
228,75,75,0,0
228,75,75,1,521
228,75,75,2,0
228,75,75,3,20
228,75,75,4,28
228,75,75,5,124
228,75,75,6,0
228,75,75,7,0
228,75,75,8,0
228,75,75,9,0
228,75,75,10,0
228,75,75,11,0
228,75,75,12,0
228,75,75,13,0
228,75,75,14,0
228,75,75,15,0
228,75,75,16,0
228,75,75,17,0
228,75,75,18,0
228,75,75,19,0
228,75,75,20,0
228,75,75,21,0
228,75,75,22,1
228,75,75,23,0
228,75,75,0,4
228,76,76,1,243
228,76,76,2,1
228,76,76,3,34
228,76,76,4,157
228,76,76,5,149
228,76,76,6,1
228,76,76,7,0
228,76,76,8,3
228,76,76,9,0
228,76,76,10,0
228,76,76,11,0
228,76,76,12,1
228,76,76,13,2
228,76,76,14,1
228,76,76,15,0
228,76,76,16,1
228,76,76,17,4
228,76,76,18,0
228,76,76,19,1
228,76,76,20,0
228,76,76,21,0
228,76,76,22,0
228,76,76,23,0
228,76,76,0,3
228,77,77,1,170
228,77,77,2,1
228,77,77,3,43
228,77,77,4,189
228,77,77,5,105
228,77,77,6,0
228,77,77,7,0
228,77,77,8,1
228,77,77,9,0
228,77,77,10,0
228,77,77,11,0
228,77,77,12,0
228,77,77,13,2
228,77,77,14,0
228,77,77,15,0
228,77,77,16,0
228,77,77,17,3
228,77,77,18,1
228,77,77,19,0
228,77,77,20,0
228,77,77,21,2
228,77,77,22,0
228,77,77,23,0
228,77,77,0,2
228,78,78,1,248
228,78,78,2,1
228,78,78,3,30
228,78,78,4,169
228,78,78,5,188
228,78,78,6,0
228,78,78,7,0
228,78,78,8,1
228,78,78,9,0
228,78,78,10,0
228,78,78,11,0
228,78,78,12,0
228,78,78,13,2
228,78,78,14,0
228,78,78,15,1
228,78,78,16,0
228,78,78,17,7
228,78,78,18,2
228,78,78,19,0
228,78,78,20,1
228,78,78,21,0
228,78,78,22,0
228,78,78,23,1
228,78,78,0,2
228,79,79,1,192
228,79,79,2,3
228,79,79,3,64
228,79,79,4,165
228,79,79,5,137
228,79,79,6,0
228,79,79,7,0
228,79,79,8,0
228,79,79,9,0
228,79,79,10,1
228,79,79,11,3
228,79,79,12,0
228,79,79,13,3
228,79,79,14,1
228,79,79,15,3
228,79,79,16,0
228,79,79,17,3
228,79,79,18,4
228,79,79,19,0
228,79,79,20,0
228,79,79,21,0
228,79,79,22,0
228,79,79,23,0
228,79,79,0,0
228,80,80,1,163
228,80,80,2,0
228,80,80,3,62
228,80,80,4,205
228,80,80,5,90
228,80,80,6,0
228,80,80,7,1
228,80,80,8,0
228,80,80,9,0
228,80,80,10,0
228,80,80,11,0
228,80,80,12,0
228,80,80,13,0
228,80,80,14,0
228,80,80,15,0
228,80,80,16,0
228,80,80,17,2
228,80,80,18,4
228,80,80,19,2
228,80,80,20,2
228,80,80,21,1
228,80,80,22,1
228,80,80,23,1
228,80,80,0,2
228,81,81,1,189
228,81,81,2,1
228,81,81,3,46
228,81,81,4,214
228,81,81,5,128
228,81,81,6,1
228,81,81,7,1
228,81,81,8,0
228,81,81,9,0
228,81,81,10,0
228,81,81,11,0
228,81,81,12,0
228,81,81,13,0
228,81,81,14,1
228,81,81,15,0
228,81,81,16,1
228,81,81,17,3
228,81,81,18,5
228,81,81,19,0
228,81,81,20,0
228,81,81,21,0
228,81,81,22,0
228,81,81,23,0
228,81,81,0,1
228,82,82,1,110
228,82,82,2,1
228,82,82,3,23
228,82,82,4,105
228,82,82,5,116
228,82,82,6,0
228,82,82,7,0
228,82,82,8,1
228,82,82,9,0
228,82,82,10,0
228,82,82,11,0
228,82,82,12,0
228,82,82,13,1
228,82,82,14,0
228,82,82,15,0
228,82,82,16,0
228,82,82,17,1
228,82,82,18,2
228,82,82,19,0
228,82,82,20,1
228,82,82,21,0
228,82,82,22,0
228,82,82,23,0
228,82,82,0,0
228,83,83,1,275
228,83,83,2,1
228,83,83,3,87
228,83,83,4,277
228,83,83,5,139
228,83,83,6,0
228,83,83,7,0
228,83,83,8,2
228,83,83,9,0
228,83,83,10,0
228,83,83,11,0
228,83,83,12,0
228,83,83,13,0
228,83,83,14,0
228,83,83,15,0
228,83,83,16,0
228,83,83,17,5
228,83,83,18,0
228,83,83,19,0
228,83,83,20,0
228,83,83,21,1
228,83,83,22,0
228,83,83,23,0
228,83,83,0,0
228,84,84,1,68
228,84,84,2,0
228,84,84,3,60
228,84,84,4,244
228,84,84,5,162
228,84,84,6,0
228,84,84,7,0
228,84,84,8,0
228,84,84,9,0
228,84,84,10,0
228,84,84,11,0
228,84,84,12,0
228,84,84,13,1
228,84,84,14,0
228,84,84,15,0
228,84,84,16,5
228,84,84,17,0
228,84,84,18,1
228,84,84,19,1
228,84,84,20,0
228,84,84,21,1
228,84,84,22,0
228,84,84,23,1
228,84,84,0,2
228,85,85,1,143
228,85,85,2,0
228,85,85,3,64
228,85,85,4,243
228,85,85,5,159
228,85,85,6,0
228,85,85,7,0
228,85,85,8,0
228,85,85,9,0
228,85,85,10,0
228,85,85,11,0
228,85,85,12,0
228,85,85,13,0
228,85,85,14,0
228,85,85,15,2
228,85,85,16,1
228,85,85,17,0
228,85,85,18,1
228,85,85,19,3
228,85,85,20,1
228,85,85,21,2
228,85,85,22,0
228,85,85,23,2
228,85,85,0,1
228,86,86,1,245
228,86,86,2,0
228,86,86,3,48
228,86,86,4,126
228,86,86,5,199
228,86,86,6,0
228,86,86,7,0
228,86,86,8,0
228,86,86,9,0
228,86,86,10,0
228,86,86,11,0
228,86,86,12,0
228,86,86,13,0
228,86,86,14,0
228,86,86,15,0
228,86,86,16,0
228,86,86,17,4
228,86,86,18,0
228,86,86,19,2
228,86,86,20,0
228,86,86,21,1
228,86,86,22,0
228,86,86,23,0
228,86,86,0,1
228,87,87,1,133
228,87,87,2,1
228,87,87,3,62
228,87,87,4,225
228,87,87,5,124
228,87,87,6,0
228,87,87,7,1
228,87,87,8,1
228,87,87,9,0
228,87,87,10,1
228,87,87,11,0
228,87,87,12,0
228,87,87,13,2
228,87,87,14,0
228,87,87,15,1
228,87,87,16,4
228,87,87,17,3
228,87,87,18,1
228,87,87,19,0
228,87,87,20,2
228,87,87,21,0
228,87,87,22,0
228,87,87,23,1
228,87,87,0,1
228,88,88,1,129
228,88,88,2,1
228,88,88,3,30
228,88,88,4,99
228,88,88,5,187
228,88,88,6,0
228,88,88,7,0
228,88,88,8,1
228,88,88,9,0
228,88,88,10,0
228,88,88,11,0
228,88,88,12,4
228,88,88,13,0
228,88,88,14,1
228,88,88,15,0
228,88,88,16,3
228,88,88,17,0
228,88,88,18,3
228,88,88,19,0
228,88,88,20,1
228,88,88,21,0
228,88,88,22,0
228,88,88,23,1
228,88,88,0,1
228,89,89,1,188
228,89,89,2,0
228,89,89,3,50
228,89,89,4,71
228,89,89,5,108
228,89,89,6,1
228,89,89,7,0
228,89,89,8,0
228,89,89,9,0
228,89,89,10,0
228,89,89,11,0
228,89,89,12,0
228,89,89,13,0
228,89,89,14,0
228,89,89,15,0
228,89,89,16,1
228,89,89,17,5
228,89,89,18,1
228,89,89,19,0
228,89,89,20,0
228,89,89,21,0
228,89,89,22,0
228,89,89,23,0
228,89,89,0,1
228,90,90,1,145
228,90,90,2,0
228,90,90,3,21
228,90,90,4,141
228,90,90,5,240
228,90,90,6,0
228,90,90,7,0
228,90,90,8,0
228,90,90,9,0
228,90,90,10,0
228,90,90,11,1
228,90,90,12,0
228,90,90,13,0
228,90,90,14,1
228,90,90,15,1
228,90,90,16,1
228,90,90,17,1
228,90,90,18,3
228,90,90,19,0
228,90,90,20,1
228,90,90,21,0
228,90,90,22,0
228,90,90,23,0
228,90,90,0,0
228,91,91,1,194
228,91,91,2,2
228,91,91,3,54
228,91,91,4,185
228,91,91,5,184
228,91,91,6,0
228,91,91,7,1
228,91,91,8,0
228,91,91,9,0
228,91,91,10,0
228,91,91,11,0
228,91,91,12,0
228,91,91,13,0
228,91,91,14,0
228,91,91,15,2
228,91,91,16,0
228,91,91,17,3
228,91,91,18,1
228,91,91,19,0
228,91,91,20,0
228,91,91,21,0
228,91,91,22,0
228,91,91,23,0
228,91,91,0,1
228,92,92,1,86
228,92,92,2,0
228,92,92,3,38
228,92,92,4,89
228,92,92,5,72
228,92,92,6,0
228,92,92,7,1
228,92,92,8,0
228,92,92,9,0
228,92,92,10,0
228,92,92,11,0
228,92,92,12,0
228,92,92,13,0
228,92,92,14,0
228,92,92,15,0
228,92,92,16,0
228,92,92,17,1
228,92,92,18,1
228,92,92,19,1
228,92,92,20,0
228,92,92,21,0
228,92,92,22,1
228,92,92,23,0
228,92,92,0,0
228,93,93,1,123
228,93,93,2,0
228,93,93,3,30
228,93,93,4,58
228,93,93,5,171
228,93,93,6,0
228,93,93,7,0
228,93,93,8,0
228,93,93,9,0
228,93,93,10,0
228,93,93,11,0
228,93,93,12,0
228,93,93,13,2
228,93,93,14,1
228,93,93,15,0
228,93,93,16,0
228,93,93,17,4
228,93,93,18,0
228,93,93,19,0
228,93,93,20,0
228,93,93,21,0
228,93,93,22,1
228,93,93,23,0
228,93,93,0,3
228,94,94,1,127
228,94,94,2,0
228,94,94,3,64
228,94,94,4,41
228,94,94,5,238
228,94,94,6,2
228,94,94,7,1
228,94,94,8,0
228,94,94,9,0
228,94,94,10,0
228,94,94,11,0
228,94,94,12,0
228,94,94,13,0
228,94,94,14,3
228,94,94,15,0
228,94,94,16,2
228,94,94,17,1
228,94,94,18,2
228,94,94,19,0
228,94,94,20,0
228,94,94,21,1
228,94,94,22,0
228,94,94,23,0
228,94,94,0,0
228,95,95,1,119
228,95,95,2,1
228,95,95,3,40
228,95,95,4,59
228,95,95,5,159
228,95,95,6,0
228,95,95,7,0
228,95,95,8,1
228,95,95,9,0
228,95,95,10,0
228,95,95,11,0
228,95,95,12,0
228,95,95,13,0
228,95,95,14,0
228,95,95,15,0
228,95,95,16,1
228,95,95,17,4
228,95,95,18,0
228,95,95,19,0
228,95,95,20,1
228,95,95,21,1
228,95,95,22,0
228,95,95,23,1
228,95,95,0,2
228,96,96,1,155
228,96,96,2,3
228,96,96,3,53
228,96,96,4,43
228,96,96,5,269
228,96,96,6,2
228,96,96,7,0
228,96,96,8,1
228,96,96,9,0
228,96,96,10,0
228,96,96,11,0
228,96,96,12,0
228,96,96,13,1
228,96,96,14,2
228,96,96,15,0
228,96,96,16,1
228,96,96,17,1
228,96,96,18,1
228,96,96,19,0
228,96,96,20,2
228,96,96,21,1
228,96,96,22,0
228,96,96,23,0
228,96,96,0,5
228,97,97,1,175
228,97,97,2,1
228,97,97,3,48
228,97,97,4,57
228,97,97,5,234
228,97,97,6,0
228,97,97,7,0
228,97,97,8,0
228,97,97,9,0
228,97,97,10,0
228,97,97,11,0
228,97,97,12,1
228,97,97,13,0
228,97,97,14,0
228,97,97,15,0
228,97,97,16,1
228,97,97,17,1
228,97,97,18,3
228,97,97,19,1
228,97,97,20,1
228,97,97,21,3
228,97,97,22,0
228,97,97,23,2
228,97,97,0,2
228,98,98,1,176
228,98,98,2,0
228,98,98,3,56
228,98,98,4,109
228,98,98,5,263
228,98,98,6,0
228,98,98,7,0
228,98,98,8,0
228,98,98,9,0
228,98,98,10,0
228,98,98,11,0
228,98,98,12,0
228,98,98,13,0
228,98,98,14,1
228,98,98,15,0
228,98,98,16,1
228,98,98,17,1
228,98,98,18,1
228,98,98,19,1
228,98,98,20,0
228,98,98,21,1
228,98,98,22,0
228,98,98,23,1
228,98,98,0,2
228,99,99,1,181
228,99,99,2,1
228,99,99,3,50
228,99,99,4,144
228,99,99,5,260
228,99,99,6,1
228,99,99,7,0
228,99,99,8,0
228,99,99,9,0
228,99,99,10,0
228,99,99,11,0
228,99,99,12,1
228,99,99,13,1
228,99,99,14,4
228,99,99,15,0
228,99,99,16,0
228,99,99,17,0
228,99,99,18,0
228,99,99,19,0
228,99,99,20,0
228,99,99,21,1
228,99,99,22,0
228,99,99,23,1
228,99,99,0,1
228,100,100,1,204
228,100,100,2,1
228,100,100,3,57
228,100,100,4,175
228,100,100,5,302
228,100,100,6,1
228,100,100,7,0
228,100,100,8,1
228,100,100,9,0
228,100,100,10,0
228,100,100,11,1
228,100,100,12,1
228,100,100,13,0
228,100,100,14,2
228,100,100,15,0
228,100,100,16,3
228,100,100,17,6
228,100,100,18,3
228,100,100,19,1
228,100,100,20,0
228,100,100,21,3
228,100,100,22,0
228,100,100,23,1
228,100,100,0,4
228,101,101,1,84
228,101,101,2,0
228,101,101,3,28
228,101,101,4,85
228,101,101,5,178
228,101,101,6,0
228,101,101,7,0
228,101,101,8,0
228,101,101,9,0
228,101,101,10,0
228,101,101,11,0
228,101,101,12,0
228,101,101,13,1
228,101,101,14,0
228,101,101,15,0
228,101,101,16,0
228,101,101,17,2
228,101,101,18,1
228,101,101,19,0
228,101,101,20,0
228,101,101,21,0
228,101,101,22,0
228,101,101,23,0
228,101,101,0,1
228,102,102,1,124
228,102,102,2,0
228,102,102,3,35
228,102,102,4,103
228,102,102,5,121
228,102,102,6,0
228,102,102,7,0
228,102,102,8,0
228,102,102,9,1
228,102,102,10,0
228,102,102,11,0
228,102,102,12,1
228,102,102,13,0
228,102,102,14,0
228,102,102,15,0
228,102,102,16,0
228,102,102,17,1
228,102,102,18,0
228,102,102,19,0
228,102,102,20,1
228,102,102,21,0
228,102,102,22,0
228,102,102,23,0
228,102,102,0,2
228,103,103,1,204
228,103,103,2,2
228,103,103,3,48
228,103,103,4,285
228,103,103,5,254
228,103,103,6,1
228,103,103,7,0
228,103,103,8,0
228,103,103,9,0
228,103,103,10,0
228,103,103,11,0
228,103,103,12,0
228,103,103,13,0
228,103,103,14,0
228,103,103,15,0
228,103,103,16,0
228,103,103,17,2
228,103,103,18,1
228,103,103,19,0
228,103,103,20,0
228,103,103,21,0
228,103,103,22,0
228,103,103,23,0
228,103,103,0,1
228,104,104,1,236
228,104,104,2,0
228,104,104,3,45
228,104,104,4,224
228,104,104,5,147
228,104,104,6,0
228,104,104,7,0
228,104,104,8,0
228,104,104,9,0
228,104,104,10,0
228,104,104,11,0
228,104,104,12,0
228,104,104,13,0
228,104,104,14,3
228,104,104,15,0
228,104,104,16,1
228,104,104,17,10
228,104,104,18,22
228,104,104,19,1
228,104,104,20,3
228,104,104,21,3
228,104,104,22,0
228,104,104,23,0
228,104,104,0,2
228,105,105,1,206
228,105,105,2,0
228,105,105,3,48
228,105,105,4,68
228,105,105,5,102
228,105,105,6,1
228,105,105,7,0
228,105,105,8,0
228,105,105,9,0
228,105,105,10,0
228,105,105,11,0
228,105,105,12,0
228,105,105,13,0
228,105,105,14,3
228,105,105,15,0
228,105,105,16,0
228,105,105,17,2
228,105,105,18,1
228,105,105,19,0
228,105,105,20,0
228,105,105,21,0
228,105,105,22,0
228,105,105,23,0
228,105,105,0,0
228,106,106,1,230
228,106,106,2,2
228,106,106,3,41
228,106,106,4,43
228,106,106,5,220
228,106,106,6,0
228,106,106,7,0
228,106,106,8,0
228,106,106,9,1
228,106,106,10,0
228,106,106,11,0
228,106,106,12,0
228,106,106,13,0
228,106,106,14,1
228,106,106,15,2
228,106,106,16,3
228,106,106,17,3
228,106,106,18,1
228,106,106,19,1
228,106,106,20,1
228,106,106,21,0
228,106,106,22,0
228,106,106,23,0
228,106,106,0,0
228,107,107,1,128
228,107,107,2,0
228,107,107,3,57
228,107,107,4,48
228,107,107,5,215
228,107,107,6,1
228,107,107,7,0
228,107,107,8,0
228,107,107,9,0
228,107,107,10,0
228,107,107,11,0
228,107,107,12,1
228,107,107,13,0
228,107,107,14,0
228,107,107,15,2
228,107,107,16,0
228,107,107,17,2
228,107,107,18,3
228,107,107,19,1
228,107,107,20,0
228,107,107,21,0
228,107,107,22,0
228,107,107,23,0
228,107,107,0,2
228,108,108,1,293
228,108,108,2,1
228,108,108,3,77
228,108,108,4,93
228,108,108,5,346
228,108,108,6,1
228,108,108,7,0
228,108,108,8,1
228,108,108,9,0
228,108,108,10,0
228,108,108,11,0
228,108,108,12,0
228,108,108,13,0
228,108,108,14,0
228,108,108,15,0
228,108,108,16,1
228,108,108,17,1
228,108,108,18,1
228,108,108,19,0
228,108,108,20,1
228,108,108,21,0
228,108,108,22,0
228,108,108,23,0
228,108,108,0,2
228,109,109,1,121
228,109,109,2,1
228,109,109,3,49
228,109,109,4,74
228,109,109,5,188
228,109,109,6,0
228,109,109,7,0
228,109,109,8,0
228,109,109,9,0
228,109,109,10,0
228,109,109,11,0
228,109,109,12,0
228,109,109,13,0
228,109,109,14,0
228,109,109,15,1
228,109,109,16,1
228,109,109,17,1
228,109,109,18,1
228,109,109,19,0
228,109,109,20,1
228,109,109,21,2
228,109,109,22,1
228,109,109,23,0
228,109,109,0,2
228,110,110,1,205
228,110,110,2,0
228,110,110,3,60
228,110,110,4,71
228,110,110,5,292
228,110,110,6,0
228,110,110,7,0
228,110,110,8,0
228,110,110,9,0
228,110,110,10,0
228,110,110,11,0
228,110,110,12,0
228,110,110,13,0
228,110,110,14,0
228,110,110,15,0
228,110,110,16,0
228,110,110,17,4
228,110,110,18,0
228,110,110,19,0
228,110,110,20,0
228,110,110,21,3
228,110,110,22,0
228,110,110,23,0
228,110,110,0,1
228,111,111,1,194
228,111,111,2,0
228,111,111,3,35
228,111,111,4,68
228,111,111,5,209
228,111,111,6,0
228,111,111,7,1
228,111,111,8,0
228,111,111,9,0
228,111,111,10,0
228,111,111,11,0
228,111,111,12,1
228,111,111,13,2
228,111,111,14,0
228,111,111,15,0
228,111,111,16,2
228,111,111,17,4
228,111,111,18,2
228,111,111,19,0
228,111,111,20,0
228,111,111,21,1
228,111,111,22,0
228,111,111,23,0
228,111,111,0,1
228,112,112,1,177
228,112,112,2,0
228,112,112,3,60
228,112,112,4,71
228,112,112,5,235
228,112,112,6,0
228,112,112,7,0
228,112,112,8,0
228,112,112,9,1
228,112,112,10,0
228,112,112,11,0
228,112,112,12,1
228,112,112,13,2
228,112,112,14,2
228,112,112,15,0
228,112,112,16,0
228,112,112,17,1
228,112,112,18,1
228,112,112,19,1
228,112,112,20,0
228,112,112,21,0
228,112,112,22,0
228,112,112,23,0
228,112,112,0,3
228,113,113,1,155
228,113,113,2,0
228,113,113,3,62
228,113,113,4,112
228,113,113,5,261
228,113,113,6,2
228,113,113,7,2
228,113,113,8,0
228,113,113,9,0
228,113,113,10,0
228,113,113,11,0
228,113,113,12,1
228,113,113,13,0
228,113,113,14,1
228,113,113,15,0
228,113,113,16,0
228,113,113,17,2
228,113,113,18,1
228,113,113,19,0
228,113,113,20,0
228,113,113,21,1
228,113,113,22,0
228,113,113,23,0
228,113,113,0,2
228,114,114,1,288
228,114,114,2,1
228,114,114,3,71
228,114,114,4,101
228,114,114,5,106
228,114,114,6,0
228,114,114,7,0
228,114,114,8,0
228,114,114,9,0
228,114,114,10,0
228,114,114,11,0
228,114,114,12,0
228,114,114,13,0
228,114,114,14,0
228,114,114,15,1
228,114,114,16,1
228,114,114,17,0
228,114,114,18,0
228,114,114,19,0
228,114,114,20,0
228,114,114,21,0
228,114,114,22,0
228,114,114,23,0
228,114,114,0,2
228,115,115,1,127
228,115,115,2,2
228,115,115,3,24
228,115,115,4,181
228,115,115,5,111
228,115,115,6,0
228,115,115,7,0
228,115,115,8,0
228,115,115,9,1
228,115,115,10,0
228,115,115,11,0
228,115,115,12,0
228,115,115,13,1
228,115,115,14,0
228,115,115,15,0
228,115,115,16,0
228,115,115,17,2
228,115,115,18,2
228,115,115,19,1
228,115,115,20,0
228,115,115,21,0
228,115,115,22,0
228,115,115,23,0
228,115,115,0,0
228,116,116,1,202
228,116,116,2,1
228,116,116,3,34
228,116,116,4,151
228,116,116,5,205
228,116,116,6,1
228,116,116,7,1
228,116,116,8,0
228,116,116,9,0
228,116,116,10,0
228,116,116,11,0
228,116,116,12,1
228,116,116,13,5
228,116,116,14,0
228,116,116,15,2
228,116,116,16,1
228,116,116,17,3
228,116,116,18,2
228,116,116,19,1
228,116,116,20,0
228,116,116,21,1
228,116,116,22,0
228,116,116,23,0
228,116,116,0,2
228,117,117,1,237
228,117,117,2,2
228,117,117,3,35
228,117,117,4,114
228,117,117,5,197
228,117,117,6,0
228,117,117,7,0
228,117,117,8,0
228,117,117,9,0
228,117,117,10,1
228,117,117,11,0
228,117,117,12,0
228,117,117,13,1
228,117,117,14,1
228,117,117,15,0
228,117,117,16,2
228,117,117,17,1
228,117,117,18,0
228,117,117,19,2
228,117,117,20,1
228,117,117,21,0
228,117,117,22,0
228,117,117,23,0
228,117,117,0,0
228,118,118,1,151
228,118,118,2,0
228,118,118,3,71
228,118,118,4,232
228,118,118,5,201
228,118,118,6,0
228,118,118,7,0
228,118,118,8,0
228,118,118,9,0
228,118,118,10,0
228,118,118,11,0
228,118,118,12,0
228,118,118,13,1
228,118,118,14,0
228,118,118,15,0
228,118,118,16,0
228,118,118,17,0
228,118,118,18,2
228,118,118,19,0
228,118,118,20,1
228,118,118,21,1
228,118,118,22,0
228,118,118,23,0
228,118,118,0,1
228,119,119,1,122
228,119,119,2,0
228,119,119,3,80
228,119,119,4,192
228,119,119,5,166
228,119,119,6,1
228,119,119,7,0
228,119,119,8,0
228,119,119,9,0
228,119,119,10,0
228,119,119,11,1
228,119,119,12,0
228,119,119,13,0
228,119,119,14,0
228,119,119,15,0
228,119,119,16,1
228,119,119,17,0
228,119,119,18,0
228,119,119,19,3
228,119,119,20,1
228,119,119,21,0
228,119,119,22,0
228,119,119,23,0
228,119,119,0,0
228,120,120,1,150
228,120,120,2,0
228,120,120,3,26
228,120,120,4,57
228,120,120,5,82
228,120,120,6,0
228,120,120,7,0
228,120,120,8,0
228,120,120,9,0
228,120,120,10,0
228,120,120,11,0
228,120,120,12,2
228,120,120,13,1
228,120,120,14,0
228,120,120,15,0
228,120,120,16,0
228,120,120,17,2
228,120,120,18,0
228,120,120,19,0
228,120,120,20,0
228,120,120,21,0
228,120,120,22,0
228,120,120,23,0
228,120,120,0,0
228,121,121,1,99
228,121,121,2,2
228,121,121,3,78
228,121,121,4,182
228,121,121,5,169
228,121,121,6,0
228,121,121,7,0
228,121,121,8,0
228,121,121,9,0
228,121,121,10,0
228,121,121,11,0
228,121,121,12,0
228,121,121,13,0
228,121,121,14,0
228,121,121,15,0
228,121,121,16,0
228,121,121,17,1
228,121,121,18,0
228,121,121,19,0
228,121,121,20,0
228,121,121,21,1
228,121,121,22,0
228,121,121,23,0
228,121,121,0,1
228,122,122,1,94
228,122,122,2,0
228,122,122,3,44
228,122,122,4,204
228,122,122,5,94
228,122,122,6,0
228,122,122,7,0
228,122,122,8,1
228,122,122,9,0
228,122,122,10,0
228,122,122,11,0
228,122,122,12,0
228,122,122,13,1
228,122,122,14,1
228,122,122,15,0
228,122,122,16,0
228,122,122,17,0
228,122,122,18,1
228,122,122,19,0
228,122,122,20,0
228,122,122,21,0
228,122,122,22,0
228,122,122,23,0
228,122,122,0,2
228,123,123,1,151
228,123,123,2,2
228,123,123,3,24
228,123,123,4,22
228,123,123,5,216
228,123,123,6,1
228,123,123,7,0
228,123,123,8,0
228,123,123,9,0
228,123,123,10,1
228,123,123,11,0
228,123,123,12,1
228,123,123,13,1
228,123,123,14,0
228,123,123,15,0
228,123,123,16,0
228,123,123,17,0
228,123,123,18,0
228,123,123,19,0
228,123,123,20,0
228,123,123,21,0
228,123,123,22,0
228,123,123,23,0
228,123,123,0,3
228,124,124,1,115
228,124,124,2,1
228,124,124,3,42
228,124,124,4,217
228,124,124,5,191
228,124,124,6,1
228,124,124,7,0
228,124,124,8,1
228,124,124,9,0
228,124,124,10,0
228,124,124,11,2
228,124,124,12,0
228,124,124,13,3
228,124,124,14,1
228,124,124,15,1
228,124,124,16,1
228,124,124,17,1
228,124,124,18,2
228,124,124,19,0
228,124,124,20,0
228,124,124,21,1
228,124,124,22,1
228,124,124,23,1
228,124,124,0,5
228,125,125,1,126
228,125,125,2,1
228,125,125,3,21
228,125,125,4,185
228,125,125,5,169
228,125,125,6,2
228,125,125,7,0
228,125,125,8,0
228,125,125,9,0
228,125,125,10,0
228,125,125,11,1
228,125,125,12,0
228,125,125,13,0
228,125,125,14,0
228,125,125,15,0
228,125,125,16,0
228,125,125,17,1
228,125,125,18,0
228,125,125,19,0
228,125,125,20,0
228,125,125,21,0
228,125,125,22,0
228,125,125,23,1
228,125,125,0,2
228,126,126,1,116
228,126,126,2,0
228,126,126,3,58
228,126,126,4,185
228,126,126,5,158
228,126,126,6,1
228,126,126,7,1
228,126,126,8,0
228,126,126,9,0
228,126,126,10,0
228,126,126,11,0
228,126,126,12,0
228,126,126,13,0
228,126,126,14,0
228,126,126,15,0
228,126,126,16,0
228,126,126,17,2
228,126,126,18,1
228,126,126,19,0
228,126,126,20,0
228,126,126,21,0
228,126,126,22,0
228,126,126,23,0
228,126,126,0,0
228,127,127,1,98
228,127,127,2,2
228,127,127,3,53
228,127,127,4,203
228,127,127,5,128
228,127,127,6,0
228,127,127,7,0
228,127,127,8,1
228,127,127,9,0
228,127,127,10,0
228,127,127,11,0
228,127,127,12,1
228,127,127,13,1
228,127,127,14,0
228,127,127,15,0
228,127,127,16,1
228,127,127,17,2
228,127,127,18,1
228,127,127,19,0
228,127,127,20,0
228,127,127,21,1
228,127,127,22,1
228,127,127,23,0
228,127,127,0,1
228,128,128,1,47
228,128,128,2,0
228,128,128,3,51
228,128,128,4,202
228,128,128,5,161
228,128,128,6,0
228,128,128,7,0
228,128,128,8,0
228,128,128,9,0
228,128,128,10,0
228,128,128,11,0
228,128,128,12,1
228,128,128,13,0
228,128,128,14,0
228,128,128,15,1
228,128,128,16,0
228,128,128,17,0
228,128,128,18,0
228,128,128,19,0
228,128,128,20,0
228,128,128,21,0
228,128,128,22,0
228,128,128,23,0
228,128,128,0,2
228,129,129,1,104
228,129,129,2,1
228,129,129,3,63
228,129,129,4,263
228,129,129,5,165
228,129,129,6,0
228,129,129,7,0
228,129,129,8,0
228,129,129,9,0
228,129,129,10,0
228,129,129,11,0
228,129,129,12,0
228,129,129,13,0
228,129,129,14,0
228,129,129,15,0
228,129,129,16,0
228,129,129,17,4
228,129,129,18,0
228,129,129,19,2
228,129,129,20,1
228,129,129,21,0
228,129,129,22,0
228,129,129,23,0
228,129,129,0,2
228,130,130,1,121
228,130,130,2,0
228,130,130,3,72
228,130,130,4,356
228,130,130,5,233
228,130,130,6,1
228,130,130,7,0
228,130,130,8,1
228,130,130,9,0
228,130,130,10,0
228,130,130,11,0
228,130,130,12,0
228,130,130,13,0
228,130,130,14,0
228,130,130,15,0
228,130,130,16,1
228,130,130,17,1
228,130,130,18,2
228,130,130,19,1
228,130,130,20,2
228,130,130,21,0
228,130,130,22,0
228,130,130,23,0
228,130,130,0,0
228,131,131,1,230
228,131,131,2,1
228,131,131,3,35
228,131,131,4,129
228,131,131,5,173
228,131,131,6,0
228,131,131,7,0
228,131,131,8,0
228,131,131,9,0
228,131,131,10,0
228,131,131,11,0
228,131,131,12,0
228,131,131,13,0
228,131,131,14,0
228,131,131,15,2
228,131,131,16,0
228,131,131,17,3
228,131,131,18,3
228,131,131,19,1
228,131,131,20,0
228,131,131,21,1
228,131,131,22,0
228,131,131,23,1
228,131,131,0,1
228,132,132,1,111
228,132,132,2,0
228,132,132,3,70
228,132,132,4,225
228,132,132,5,119
228,132,132,6,0
228,132,132,7,0
228,132,132,8,0
228,132,132,9,0
228,132,132,10,1
228,132,132,11,0
228,132,132,12,0
228,132,132,13,1
228,132,132,14,0
228,132,132,15,0
228,132,132,16,0
228,132,132,17,3
228,132,132,18,3
228,132,132,19,2
228,132,132,20,0
228,132,132,21,1
228,132,132,22,0
228,132,132,23,0
228,132,132,0,3
228,133,133,1,103
228,133,133,2,0
228,133,133,3,45
228,133,133,4,179
228,133,133,5,121
228,133,133,6,0
228,133,133,7,0
228,133,133,8,0
228,133,133,9,0
228,133,133,10,0
228,133,133,11,0
228,133,133,12,0
228,133,133,13,0
228,133,133,14,0
228,133,133,15,0
228,133,133,16,0
228,133,133,17,3
228,133,133,18,1
228,133,133,19,0
228,133,133,20,0
228,133,133,21,0
228,133,133,22,0
228,133,133,23,0
228,133,133,0,3
228,134,134,1,145
228,134,134,2,0
228,134,134,3,35
228,134,134,4,226
228,134,134,5,139
228,134,134,6,1
228,134,134,7,0
228,134,134,8,0
228,134,134,9,0
228,134,134,10,0
228,134,134,11,0
228,134,134,12,0
228,134,134,13,0
228,134,134,14,1
228,134,134,15,0
228,134,134,16,1
228,134,134,17,0
228,134,134,18,3
228,134,134,19,1
228,134,134,20,1
228,134,134,21,0
228,134,134,22,0
228,134,134,23,0
228,134,134,0,0
228,135,135,1,277
228,135,135,2,1
228,135,135,3,45
228,135,135,4,276
228,135,135,5,295
228,135,135,6,0
228,135,135,7,0
228,135,135,8,1
228,135,135,9,1
228,135,135,10,0
228,135,135,11,0
228,135,135,12,0
228,135,135,13,0
228,135,135,14,0
228,135,135,15,0
228,135,135,16,0
228,135,135,17,14
228,135,135,18,4
228,135,135,19,3
228,135,135,20,4
228,135,135,21,2
228,135,135,22,0
228,135,135,23,0
228,135,135,0,3
228,136,136,1,269
228,136,136,2,2
228,136,136,3,32
228,136,136,4,147
228,136,136,5,320
228,136,136,6,1
228,136,136,7,1
228,136,136,8,0
228,136,136,9,0
228,136,136,10,1
228,136,136,11,0
228,136,136,12,3
228,136,136,13,0
228,136,136,14,1
228,136,136,15,0
228,136,136,16,0
228,136,136,17,2
228,136,136,18,3
228,136,136,19,1
228,136,136,20,1
228,136,136,21,1
228,136,136,22,0
228,136,136,23,1
228,136,136,0,1
228,137,137,1,206
228,137,137,2,3
228,137,137,3,19
228,137,137,4,68
228,137,137,5,199
228,137,137,6,0
228,137,137,7,0
228,137,137,8,0
228,137,137,9,0
228,137,137,10,2
228,137,137,11,0
228,137,137,12,1
228,137,137,13,0
228,137,137,14,0
228,137,137,15,0
228,137,137,16,1
228,137,137,17,7
228,137,137,18,2
228,137,137,19,0
228,137,137,20,0
228,137,137,21,0
228,137,137,22,0
228,137,137,23,1
228,137,137,0,0
228,138,138,1,236
228,138,138,2,6
228,138,138,3,22
228,138,138,4,75
228,138,138,5,205
228,138,138,6,0
228,138,138,7,0
228,138,138,8,0
228,138,138,9,0
228,138,138,10,0
228,138,138,11,0
228,138,138,12,0
228,138,138,13,0
228,138,138,14,0
228,138,138,15,0
228,138,138,16,0
228,138,138,17,7
228,138,138,18,1
228,138,138,19,0
228,138,138,20,0
228,138,138,21,2
228,138,138,22,0
228,138,138,23,0
228,138,138,0,0
228,139,139,1,43
228,139,139,2,0
228,139,139,3,56
228,139,139,4,433
228,139,139,5,172
228,139,139,6,1
228,139,139,7,0
228,139,139,8,0
228,139,139,9,0
228,139,139,10,0
228,139,139,11,0
228,139,139,12,0
228,139,139,13,0
228,139,139,14,0
228,139,139,15,0
228,139,139,16,0
228,139,139,17,1
228,139,139,18,0
228,139,139,19,0
228,139,139,20,0
228,139,139,21,0
228,139,139,22,0
228,139,139,23,0
228,139,139,0,1
228,140,140,1,39
228,140,140,2,0
228,140,140,3,25
228,140,140,4,251
228,140,140,5,148
228,140,140,6,0
228,140,140,7,0
228,140,140,8,0
228,140,140,9,0
228,140,140,10,0
228,140,140,11,0
228,140,140,12,0
228,140,140,13,1
228,140,140,14,0
228,140,140,15,0
228,140,140,16,0
228,140,140,17,2
228,140,140,18,0
228,140,140,19,0
228,140,140,20,1
228,140,140,21,0
228,140,140,22,1
228,140,140,23,0
228,140,140,0,0
228,141,141,1,69
228,141,141,2,0
228,141,141,3,26
228,141,141,4,87
228,141,141,5,125
228,141,141,6,1
228,141,141,7,1
228,141,141,8,0
228,141,141,9,0
228,141,141,10,0
228,141,141,11,0
228,141,141,12,0
228,141,141,13,0
228,141,141,14,0
228,141,141,15,0
228,141,141,16,0
228,141,141,17,0
228,141,141,18,0
228,141,141,19,0
228,141,141,20,0
228,141,141,21,1
228,141,141,22,0
228,141,141,23,0
228,141,141,0,1
228,142,142,1,299
228,142,142,2,1
228,142,142,3,90
228,142,142,4,181
228,142,142,5,145
228,142,142,6,0
228,142,142,7,0
228,142,142,8,2
228,142,142,9,0
228,142,142,10,0
228,142,142,11,0
228,142,142,12,0
228,142,142,13,0
228,142,142,14,0
228,142,142,15,0
228,142,142,16,0
228,142,142,17,1
228,142,142,18,2
228,142,142,19,1
228,142,142,20,1
228,142,142,21,1
228,142,142,22,0
228,142,142,23,0
228,142,142,0,1
228,143,143,1,301
228,143,143,2,0
228,143,143,3,94
228,143,143,4,157
228,143,143,5,231
228,143,143,6,2
228,143,143,7,0
228,143,143,8,0
228,143,143,9,0
228,143,143,10,0
228,143,143,11,0
228,143,143,12,1
228,143,143,13,1
228,143,143,14,1
228,143,143,15,0
228,143,143,16,0
228,143,143,17,1
228,143,143,18,2
228,143,143,19,1
228,143,143,20,0
228,143,143,21,0
228,143,143,22,0
228,143,143,23,1
228,143,143,0,2
228,144,144,1,253
228,144,144,2,4
228,144,144,3,71
228,144,144,4,229
228,144,144,5,202
228,144,144,6,0
228,144,144,7,0
228,144,144,8,0
228,144,144,9,0
228,144,144,10,3
228,144,144,11,0
228,144,144,12,1
228,144,144,13,2
228,144,144,14,2
228,144,144,15,1
228,144,144,16,2
228,144,144,17,3
228,144,144,18,1
228,144,144,19,1
228,144,144,20,1
228,144,144,21,0
228,144,144,22,0
228,144,144,23,0
228,144,144,0,0
228,145,145,1,111
228,145,145,2,1
228,145,145,3,17
228,145,145,4,99
228,145,145,5,84
228,145,145,6,0
228,145,145,7,0
228,145,145,8,0
228,145,145,9,0
228,145,145,10,0
228,145,145,11,0
228,145,145,12,0
228,145,145,13,1
228,145,145,14,0
228,145,145,15,0
228,145,145,16,1
228,145,145,17,0
228,145,145,18,1
228,145,145,19,1
228,145,145,20,2
228,145,145,21,0
228,145,145,22,0
228,145,145,23,0
228,145,145,0,0
228,146,146,1,0
228,146,146,2,1
228,146,146,3,41
228,146,146,4,153
228,146,146,5,217
228,146,146,6,0
228,146,146,7,1
228,146,146,8,0
228,146,146,9,0
228,146,146,10,0
228,146,146,11,0
228,146,146,12,0
228,146,146,13,1
228,146,146,14,0
228,146,146,15,0
228,146,146,16,0
228,146,146,17,2
228,146,146,18,1
228,146,146,19,0
228,146,146,20,0
228,146,146,21,0
228,146,146,22,0
228,146,146,23,1
228,146,146,0,0
228,147,147,1,0
228,147,147,2,0
228,147,147,3,0
228,147,147,4,0
228,147,147,5,0
228,147,147,6,0
228,147,147,7,0
228,147,147,8,0
228,147,147,9,0
228,147,147,10,0
228,147,147,11,0
228,147,147,12,0
228,147,147,13,0
228,147,147,14,0
228,147,147,15,0
228,147,147,16,0
228,147,147,17,0
228,147,147,18,0
228,147,147,19,0
228,147,147,20,0
228,147,147,21,0
228,147,147,22,0
228,147,147,23,0
228,147,147,0,0
228,147,147,1,151
228,147,147,2,2
228,147,147,3,88
228,147,147,4,366
228,147,147,5,371
228,147,147,6,0
228,147,147,7,1
228,147,147,8,0
228,147,147,9,0
228,147,147,10,2
228,147,147,11,0
228,147,147,12,2
228,147,147,13,0
228,147,147,14,0
228,147,147,15,1
228,147,147,16,0
228,147,147,17,1
228,147,147,18,0
228,147,147,19,2
228,147,147,20,1
228,147,147,21,1
228,147,147,22,0
228,147,147,23,1
228,147,147,0,1
228,148,148,1,0
228,148,148,2,0
228,148,148,3,0
228,148,148,4,0
228,148,148,5,0
228,148,148,6,0
228,148,148,7,0
228,148,148,8,0
228,148,148,9,0
228,148,148,10,0
228,148,148,11,0
228,148,148,12,0
228,148,148,13,0
228,148,148,14,0
228,148,148,15,0
228,148,148,16,0
228,148,148,17,0
228,148,148,18,0
228,148,148,19,0
228,148,148,20,0
228,148,148,21,0
228,148,148,22,0
228,148,148,23,0
228,148,148,0,0
228,148,148,1,158
228,148,148,2,0
228,148,148,3,32
228,148,148,4,189
228,148,148,5,162
228,148,148,6,0
228,148,148,7,0
228,148,148,8,0
228,148,148,9,0
228,148,148,10,0
228,148,148,11,0
228,148,148,12,0
228,148,148,13,0
228,148,148,14,0
228,148,148,15,0
228,148,148,16,1
228,148,148,17,2
228,148,148,18,0
228,148,148,19,0
228,148,148,20,1
228,148,148,21,0
228,148,148,22,0
228,148,148,23,1
228,148,148,0,2
228,149,149,1,149
228,149,149,2,0
228,149,149,3,41
228,149,149,4,160
228,149,149,5,209
228,149,149,6,0
228,149,149,7,0
228,149,149,8,0
228,149,149,9,0
228,149,149,10,0
228,149,149,11,0
228,149,149,12,0
228,149,149,13,0
228,149,149,14,0
228,149,149,15,0
228,149,149,16,0
228,149,149,17,1
228,149,149,18,1
228,149,149,19,0
228,149,149,20,0
228,149,149,21,0
228,149,149,22,0
228,149,149,23,3
228,149,149,0,2
228,150,150,1,104
228,150,150,2,2
228,150,150,3,38
228,150,150,4,379
228,150,150,5,245
228,150,150,6,0
228,150,150,7,0
228,150,150,8,1
228,150,150,9,1
228,150,150,10,2
228,150,150,11,2
228,150,150,12,3
228,150,150,13,2
228,150,150,14,2
228,150,150,15,2
228,150,150,16,3
228,150,150,17,2
228,150,150,18,5
228,150,150,19,1
228,150,150,20,1
228,150,150,21,2
228,150,150,22,0
228,150,150,23,1
228,150,150,0,4
228,151,151,1,164
228,151,151,2,1
228,151,151,3,39
228,151,151,4,253
228,151,151,5,243
228,151,151,6,1
228,151,151,7,0
228,151,151,8,0
228,151,151,9,0
228,151,151,10,1
228,151,151,11,1
228,151,151,12,2
228,151,151,13,2
228,151,151,14,1
228,151,151,15,0
228,151,151,16,3
228,151,151,17,1
228,151,151,18,0
228,151,151,19,0
228,151,151,20,1
228,151,151,21,0
228,151,151,22,0
228,151,151,23,1
228,151,151,0,4
228,152,152,1,50
228,152,152,2,1
228,152,152,3,38
228,152,152,4,305
228,152,152,5,194
228,152,152,6,0
228,152,152,7,1
228,152,152,8,0
228,152,152,9,0
228,152,152,10,0
228,152,152,11,0
228,152,152,12,1
228,152,152,13,1
228,152,152,14,0
228,152,152,15,0
228,152,152,16,0
228,152,152,17,0
228,152,152,18,1
228,152,152,19,0
228,152,152,20,0
228,152,152,21,2
228,152,152,22,0
228,152,152,23,0
228,152,152,0,2
228,153,153,1,96
228,153,153,2,0
228,153,153,3,33
228,153,153,4,351
228,153,153,5,191
228,153,153,6,3
228,153,153,7,0
228,153,153,8,0
228,153,153,9,0
228,153,153,10,0
228,153,153,11,0
228,153,153,12,0
228,153,153,13,2
228,153,153,14,0
228,153,153,15,0
228,153,153,16,0
228,153,153,17,2
228,153,153,18,1
228,153,153,19,1
228,153,153,20,1
228,153,153,21,0
228,153,153,22,0
228,153,153,23,0
228,153,153,0,1
228,154,154,1,224
228,154,154,2,0
228,154,154,3,44
228,154,154,4,150
228,154,154,5,297
228,154,154,6,3
228,154,154,7,1
228,154,154,8,1
228,154,154,9,0
228,154,154,10,0
228,154,154,11,1
228,154,154,12,0
228,154,154,13,0
228,154,154,14,0
228,154,154,15,0
228,154,154,16,1
228,154,154,17,2
228,154,154,18,0
228,154,154,19,0
228,154,154,20,1
228,154,154,21,1
228,154,154,22,0
228,154,154,23,0
228,154,154,0,2
228,155,155,1,204
228,155,155,2,1
228,155,155,3,60
228,155,155,4,136
228,155,155,5,152
228,155,155,6,1
228,155,155,7,1
228,155,155,8,0
228,155,155,9,1
228,155,155,10,0
228,155,155,11,0
228,155,155,12,0
228,155,155,13,0
228,155,155,14,1
228,155,155,15,0
228,155,155,16,0
228,155,155,17,5
228,155,155,18,2
228,155,155,19,0
228,155,155,20,0
228,155,155,21,0
228,155,155,22,0
228,155,155,23,1
228,155,155,0,1
228,156,156,1,142
228,156,156,2,0
228,156,156,3,42
228,156,156,4,324
228,156,156,5,257
228,156,156,6,0
228,156,156,7,0
228,156,156,8,0
228,156,156,9,0
228,156,156,10,0
228,156,156,11,0
228,156,156,12,0
228,156,156,13,1
228,156,156,14,0
228,156,156,15,0
228,156,156,16,0
228,156,156,17,4
228,156,156,18,4
228,156,156,19,2
228,156,156,20,4
228,156,156,21,0
228,156,156,22,2
228,156,156,23,0
228,156,156,0,2
228,157,157,1,72
228,157,157,2,1
228,157,157,3,26
228,157,157,4,223
228,157,157,5,132
228,157,157,6,0
228,157,157,7,0
228,157,157,8,0
228,157,157,9,0
228,157,157,10,0
228,157,157,11,0
228,157,157,12,0
228,157,157,13,0
228,157,157,14,1
228,157,157,15,0
228,157,157,16,0
228,157,157,17,1
228,157,157,18,0
228,157,157,19,0
228,157,157,20,1
228,157,157,21,0
228,157,157,22,0
228,157,157,23,0
228,157,157,0,0
228,158,158,1,91
228,158,158,2,0
228,158,158,3,41
228,158,158,4,257
228,158,158,5,186
228,158,158,6,0
228,158,158,7,1
228,158,158,8,1
228,158,158,9,0
228,158,158,10,0
228,158,158,11,0
228,158,158,12,1
228,158,158,13,0
228,158,158,14,0
228,158,158,15,0
228,158,158,16,0
228,158,158,17,1
228,158,158,18,3
228,158,158,19,0
228,158,158,20,2
228,158,158,21,0
228,158,158,22,0
228,158,158,23,2
228,158,158,0,0
228,159,159,1,100
228,159,159,2,0
228,159,159,3,31
228,159,159,4,250
228,159,159,5,119
228,159,159,6,0
228,159,159,7,0
228,159,159,8,1
228,159,159,9,0
228,159,159,10,0
228,159,159,11,1
228,159,159,12,0
228,159,159,13,0
228,159,159,14,0
228,159,159,15,0
228,159,159,16,0
228,159,159,17,1
228,159,159,18,2
228,159,159,19,1
228,159,159,20,0
228,159,159,21,2
228,159,159,22,0
228,159,159,23,0
228,159,159,0,0
228,160,160,1,159
228,160,160,2,0
228,160,160,3,52
228,160,160,4,328
228,160,160,5,169
228,160,160,6,0
228,160,160,7,0
228,160,160,8,0
228,160,160,9,0
228,160,160,10,0
228,160,160,11,0
228,160,160,12,0
228,160,160,13,0
228,160,160,14,2
228,160,160,15,0
228,160,160,16,0
228,160,160,17,2
228,160,160,18,1
228,160,160,19,0
228,160,160,20,1
228,160,160,21,0
228,160,160,22,0
228,160,160,23,1
228,160,160,0,2
228,161,161,1,52
228,161,161,2,0
228,161,161,3,31
228,161,161,4,198
228,161,161,5,128
228,161,161,6,3
228,161,161,7,0
228,161,161,8,0
228,161,161,9,0
228,161,161,10,0
228,161,161,11,0
228,161,161,12,0
228,161,161,13,0
228,161,161,14,0
228,161,161,15,0
228,161,161,16,0
228,161,161,17,0
228,161,161,18,1
228,161,161,19,0
228,161,161,20,2
228,161,161,21,2
228,161,161,22,0
228,161,161,23,0
228,161,161,0,0
228,162,162,1,131
228,162,162,2,0
228,162,162,3,24
228,162,162,4,183
228,162,162,5,119
228,162,162,6,1
228,162,162,7,0
228,162,162,8,0
228,162,162,9,0
228,162,162,10,1
228,162,162,11,0
228,162,162,12,0
228,162,162,13,0
228,162,162,14,0
228,162,162,15,0
228,162,162,16,0
228,162,162,17,6
228,162,162,18,2
228,162,162,19,1
228,162,162,20,0
228,162,162,21,2
228,162,162,22,0
228,162,162,23,0
228,162,162,0,1
228,163,163,1,233
228,163,163,2,1
228,163,163,3,27
228,163,163,4,51
228,163,163,5,342
228,163,163,6,1
228,163,163,7,0
228,163,163,8,0
228,163,163,9,0
228,163,163,10,1
228,163,163,11,0
228,163,163,12,1
228,163,163,13,0
228,163,163,14,0
228,163,163,15,0
228,163,163,16,0
228,163,163,17,3
228,163,163,18,1
228,163,163,19,0
228,163,163,20,1
228,163,163,21,0
228,163,163,22,0
228,163,163,23,0
228,163,163,0,1
228,164,164,1,293
228,164,164,2,2
228,164,164,3,37
228,164,164,4,47
228,164,164,5,270
228,164,164,6,0
228,164,164,7,0
228,164,164,8,0
228,164,164,9,0
228,164,164,10,0
228,164,164,11,0
228,164,164,12,0
228,164,164,13,1
228,164,164,14,0
228,164,164,15,0
228,164,164,16,0
228,164,164,17,3
228,164,164,18,1
228,164,164,19,0
228,164,164,20,1
228,164,164,21,1
228,164,164,22,0
228,164,164,23,0
228,164,164,0,1
228,165,165,1,244
228,165,165,2,0
228,165,165,3,29
228,165,165,4,74
228,165,165,5,248
228,165,165,6,0
228,165,165,7,0
228,165,165,8,0
228,165,165,9,0
228,165,165,10,0
228,165,165,11,0
228,165,165,12,0
228,165,165,13,0
228,165,165,14,0
228,165,165,15,0
228,165,165,16,0
228,165,165,17,2
228,165,165,18,0
228,165,165,19,0
228,165,165,20,0
228,165,165,21,2
228,165,165,22,0
228,165,165,23,0
228,165,165,0,1
228,166,166,1,254
228,166,166,2,0
228,166,166,3,59
228,166,166,4,49
228,166,166,5,355
228,166,166,6,1
228,166,166,7,0
228,166,166,8,0
228,166,166,9,0
228,166,166,10,0
228,166,166,11,0
228,166,166,12,0
228,166,166,13,0
228,166,166,14,0
228,166,166,15,1
228,166,166,16,1
228,166,166,17,3
228,166,166,18,3
228,166,166,19,0
228,166,166,20,1
228,166,166,21,0
228,166,166,22,1
228,166,166,23,1
228,166,166,0,3
228,167,167,1,297
228,167,167,2,0
228,167,167,3,67
228,167,167,4,158
228,167,167,5,111
228,167,167,6,0
228,167,167,7,1
228,167,167,8,0
228,167,167,9,0
228,167,167,10,0
228,167,167,11,0
228,167,167,12,0
228,167,167,13,0
228,167,167,14,0
228,167,167,15,0
228,167,167,16,0
228,167,167,17,1
228,167,167,18,0
228,167,167,19,0
228,167,167,20,1
228,167,167,21,1
228,167,167,22,0
228,167,167,23,0
228,167,167,0,2
228,168,168,1,122
228,168,168,2,2
228,168,168,3,84
228,168,168,4,313
228,168,168,5,166
228,168,168,6,1
228,168,168,7,0
228,168,168,8,0
228,168,168,9,0
228,168,168,10,0
228,168,168,11,1
228,168,168,12,0
228,168,168,13,0
228,168,168,14,1
228,168,168,15,0
228,168,168,16,2
228,168,168,17,0
228,168,168,18,2
228,168,168,19,0
228,168,168,20,0
228,168,168,21,1
228,168,168,22,0
228,168,168,23,0
228,168,168,0,2
228,169,169,1,109
228,169,169,2,1
228,169,169,3,63
228,169,169,4,185
228,169,169,5,113
228,169,169,6,0
228,169,169,7,0
228,169,169,8,0
228,169,169,9,0
228,169,169,10,0
228,169,169,11,0
228,169,169,12,0
228,169,169,13,0
228,169,169,14,1
228,169,169,15,0
228,169,169,16,1
228,169,169,17,2
228,169,169,18,0
228,169,169,19,0
228,169,169,20,0
228,169,169,21,0
228,169,169,22,1
228,169,169,23,0
228,169,169,0,1
228,170,170,1,105
228,170,170,2,1
228,170,170,3,79
228,170,170,4,329
228,170,170,5,174
228,170,170,6,0
228,170,170,7,0
228,170,170,8,1
228,170,170,9,1
228,170,170,10,0
228,170,170,11,0
228,170,170,12,0
228,170,170,13,2
228,170,170,14,0
228,170,170,15,1
228,170,170,16,0
228,170,170,17,1
228,170,170,18,1
228,170,170,19,0
228,170,170,20,0
228,170,170,21,0
228,170,170,22,0
228,170,170,23,0
228,170,170,0,2
228,171,171,1,50
228,171,171,2,1
228,171,171,3,7
228,171,171,4,38
228,171,171,5,66
228,171,171,6,0
228,171,171,7,0
228,171,171,8,0
228,171,171,9,0
228,171,171,10,0
228,171,171,11,0
228,171,171,12,0
228,171,171,13,0
228,171,171,14,0
228,171,171,15,0
228,171,171,16,0
228,171,171,17,0
228,171,171,18,1
228,171,171,19,1
228,171,171,20,0
228,171,171,21,0
228,171,171,22,0
228,171,171,23,0
228,171,171,0,0
228,172,172,1,159
228,172,172,2,0
228,172,172,3,29
228,172,172,4,182
228,172,172,5,154
228,172,172,6,0
228,172,172,7,0
228,172,172,8,1
228,172,172,9,1
228,172,172,10,0
228,172,172,11,0
228,172,172,12,0
228,172,172,13,0
228,172,172,14,0
228,172,172,15,0
228,172,172,16,0
228,172,172,17,0
228,172,172,18,0
228,172,172,19,0
228,172,172,20,0
228,172,172,21,0
228,172,172,22,0
228,172,172,23,0
228,172,172,0,1
228,173,173,1,123
228,173,173,2,0
228,173,173,3,25
228,173,173,4,138
228,173,173,5,116
228,173,173,6,0
228,173,173,7,0
228,173,173,8,1
228,173,173,9,0
228,173,173,10,0
228,173,173,11,1
228,173,173,12,0
228,173,173,13,0
228,173,173,14,0
228,173,173,15,0
228,173,173,16,0
228,173,173,17,0
228,173,173,18,0
228,173,173,19,0
228,173,173,20,0
228,173,173,21,0
228,173,173,22,0
228,173,173,23,1
228,173,173,0,1
228,174,174,1,162
228,174,174,2,0
228,174,174,3,55
228,174,174,4,211
228,174,174,5,139
228,174,174,6,1
228,174,174,7,0
228,174,174,8,10
228,174,174,9,0
228,174,174,10,0
228,174,174,11,0
228,174,174,12,0
228,174,174,13,0
228,174,174,14,0
228,174,174,15,0
228,174,174,16,1
228,174,174,17,5
228,174,174,18,1
228,174,174,19,2
228,174,174,20,1
228,174,174,21,0
228,174,174,22,0
228,174,174,23,0
228,174,174,0,0
228,175,175,1,120
228,175,175,2,2
228,175,175,3,72
228,175,175,4,306
228,175,175,5,184
228,175,175,6,0
228,175,175,7,0
228,175,175,8,1
228,175,175,9,0
228,175,175,10,0
228,175,175,11,0
228,175,175,12,0
228,175,175,13,0
228,175,175,14,1
228,175,175,15,0
228,175,175,16,0
228,175,175,17,0
228,175,175,18,0
228,175,175,19,0
228,175,175,20,0
228,175,175,21,0
228,175,175,22,0
228,175,175,23,0
228,175,175,0,1
228,176,176,1,137
228,176,176,2,0
228,176,176,3,74
228,176,176,4,355
228,176,176,5,147
228,176,176,6,0
228,176,176,7,0
228,176,176,8,0
228,176,176,9,0
228,176,176,10,0
228,176,176,11,1
228,176,176,12,0
228,176,176,13,0
228,176,176,14,0
228,176,176,15,0
228,176,176,16,0
228,176,176,17,2
228,176,176,18,0
228,176,176,19,1
228,176,176,20,0
228,176,176,21,1
228,176,176,22,0
228,176,176,23,0
228,176,176,0,5
228,177,177,1,144
228,177,177,2,0
228,177,177,3,27
228,177,177,4,140
228,177,177,5,75
228,177,177,6,1
228,177,177,7,0
228,177,177,8,0
228,177,177,9,0
228,177,177,10,0
228,177,177,11,0
228,177,177,12,0
228,177,177,13,0
228,177,177,14,0
228,177,177,15,0
228,177,177,16,0
228,177,177,17,5
228,177,177,18,1
228,177,177,19,0
228,177,177,20,0
228,177,177,21,0
228,177,177,22,0
228,177,177,23,0
228,177,177,0,1
228,178,178,1,103
228,178,178,2,1
228,178,178,3,53
228,178,178,4,535
228,178,178,5,149
228,178,178,6,0
228,178,178,7,1
228,178,178,8,0
228,178,178,9,0
228,178,178,10,0
228,178,178,11,0
228,178,178,12,0
228,178,178,13,2
228,178,178,14,0
228,178,178,15,1
228,178,178,16,1
228,178,178,17,1
228,178,178,18,0
228,178,178,19,0
228,178,178,20,3
228,178,178,21,0
228,178,178,22,0
228,178,178,23,0
228,178,178,0,2
228,179,179,1,139
228,179,179,2,0
228,179,179,3,44
228,179,179,4,225
228,179,179,5,171
228,179,179,6,0
228,179,179,7,0
228,179,179,8,2
228,179,179,9,0
228,179,179,10,1
228,179,179,11,1
228,179,179,12,0
228,179,179,13,1
228,179,179,14,0
228,179,179,15,0
228,179,179,16,1
228,179,179,17,3
228,179,179,18,0
228,179,179,19,0
228,179,179,20,0
228,179,179,21,0
228,179,179,22,0
228,179,179,23,1
228,179,179,0,1
228,180,180,1,146
228,180,180,2,1
228,180,180,3,44
228,180,180,4,140
228,180,180,5,131
228,180,180,6,0
228,180,180,7,0
228,180,180,8,0
228,180,180,9,0
228,180,180,10,0
228,180,180,11,0
228,180,180,12,0
228,180,180,13,0
228,180,180,14,0
228,180,180,15,1
228,180,180,16,0
228,180,180,17,2
228,180,180,18,1
228,180,180,19,0
228,180,180,20,0
228,180,180,21,0
228,180,180,22,0
228,180,180,23,0
228,180,180,0,0
228,181,181,1,173
228,181,181,2,1
228,181,181,3,36
228,181,181,4,73
228,181,181,5,322
228,181,181,6,0
228,181,181,7,0
228,181,181,8,1
228,181,181,9,0
228,181,181,10,0
228,181,181,11,0
228,181,181,12,0
228,181,181,13,0
228,181,181,14,0
228,181,181,15,0
228,181,181,16,0
228,181,181,17,0
228,181,181,18,0
228,181,181,19,0
228,181,181,20,0
228,181,181,21,1
228,181,181,22,0
228,181,181,23,0
228,181,181,0,1
228,182,182,1,110
228,182,182,2,0
228,182,182,3,27
228,182,182,4,64
228,182,182,5,213
228,182,182,6,0
228,182,182,7,0
228,182,182,8,0
228,182,182,9,0
228,182,182,10,0
228,182,182,11,0
228,182,182,12,0
228,182,182,13,0
228,182,182,14,0
228,182,182,15,0
228,182,182,16,0
228,182,182,17,2
228,182,182,18,0
228,182,182,19,0
228,182,182,20,3
228,182,182,21,0
228,182,182,22,0
228,182,182,23,0
228,182,182,0,0
228,183,183,1,129
228,183,183,2,0
228,183,183,3,64
228,183,183,4,189
228,183,183,5,263
228,183,183,6,1
228,183,183,7,0
228,183,183,8,0
228,183,183,9,0
228,183,183,10,0
228,183,183,11,0
228,183,183,12,1
228,183,183,13,0
228,183,183,14,0
228,183,183,15,0
228,183,183,16,1
228,183,183,17,4
228,183,183,18,0
228,183,183,19,0
228,183,183,20,0
228,183,183,21,1
228,183,183,22,0
228,183,183,23,0
228,183,183,0,1
228,184,184,1,215
228,184,184,2,4
228,184,184,3,56
228,184,184,4,216
228,184,184,5,207
228,184,184,6,1
228,184,184,7,0
228,184,184,8,0
228,184,184,9,0
228,184,184,10,1
228,184,184,11,1
228,184,184,12,1
228,184,184,13,0
228,184,184,14,0
228,184,184,15,0
228,184,184,16,0
228,184,184,17,3
228,184,184,18,2
228,184,184,19,3
228,184,184,20,2
228,184,184,21,0
228,184,184,22,0
228,184,184,23,0
228,184,184,0,1
228,185,185,1,193
228,185,185,2,2
228,185,185,3,44
228,185,185,4,281
228,185,185,5,192
228,185,185,6,0
228,185,185,7,0
228,185,185,8,0
228,185,185,9,0
228,185,185,10,0
228,185,185,11,1
228,185,185,12,0
228,185,185,13,3
228,185,185,14,0
228,185,185,15,4
228,185,185,16,1
228,185,185,17,1
228,185,185,18,3
228,185,185,19,1
228,185,185,20,1
228,185,185,21,0
228,185,185,22,0
228,185,185,23,0
228,185,185,0,3
228,186,186,1,171
228,186,186,2,0
228,186,186,3,46
228,186,186,4,105
228,186,186,5,209
228,186,186,6,0
228,186,186,7,0
228,186,186,8,0
228,186,186,9,0
228,186,186,10,0
228,186,186,11,0
228,186,186,12,0
228,186,186,13,0
228,186,186,14,0
228,186,186,15,0
228,186,186,16,0
228,186,186,17,1
228,186,186,18,0
228,186,186,19,1
228,186,186,20,1
228,186,186,21,1
228,186,186,22,0
228,186,186,23,0
228,186,186,0,6
228,187,187,1,103
228,187,187,2,0
228,187,187,3,19
228,187,187,4,195
228,187,187,5,109
228,187,187,6,0
228,187,187,7,1
228,187,187,8,0
228,187,187,9,0
228,187,187,10,0
228,187,187,11,0
228,187,187,12,0
228,187,187,13,1
228,187,187,14,2
228,187,187,15,0
228,187,187,16,1
228,187,187,17,1
228,187,187,18,2
228,187,187,19,1
228,187,187,20,2
228,187,187,21,2
228,187,187,22,0
228,187,187,23,0
228,187,187,0,1
228,188,188,1,229
228,188,188,2,2
228,188,188,3,67
228,188,188,4,49
228,188,188,5,208
228,188,188,6,0
228,188,188,7,0
228,188,188,8,0
228,188,188,9,0
228,188,188,10,0
228,188,188,11,0
228,188,188,12,0
228,188,188,13,0
228,188,188,14,0
228,188,188,15,0
228,188,188,16,1
228,188,188,17,1
228,188,188,18,0
228,188,188,19,1
228,188,188,20,0
228,188,188,21,0
228,188,188,22,0
228,188,188,23,0
228,188,188,0,0
228,189,189,1,139
228,189,189,2,1
228,189,189,3,62
228,189,189,4,51
228,189,189,5,182
228,189,189,6,0
228,189,189,7,0
228,189,189,8,0
228,189,189,9,0
228,189,189,10,0
228,189,189,11,0
228,189,189,12,0
228,189,189,13,0
228,189,189,14,0
228,189,189,15,0
228,189,189,16,0
228,189,189,17,1
228,189,189,18,0
228,189,189,19,1
228,189,189,20,0
228,189,189,21,0
228,189,189,22,0
228,189,189,23,0
228,189,189,0,1
228,190,190,1,220
228,190,190,2,0
228,190,190,3,48
228,190,190,4,71
228,190,190,5,285
228,190,190,6,0
228,190,190,7,0
228,190,190,8,0
228,190,190,9,0
228,190,190,10,0
228,190,190,11,0
228,190,190,12,0
228,190,190,13,2
228,190,190,14,0
228,190,190,15,0
228,190,190,16,1
228,190,190,17,1
228,190,190,18,1
228,190,190,19,0
228,190,190,20,0
228,190,190,21,0
228,190,190,22,0
228,190,190,23,0
228,190,190,0,1
228,191,191,1,216
228,191,191,2,1
228,191,191,3,42
228,191,191,4,145
228,191,191,5,206
228,191,191,6,0
228,191,191,7,0
228,191,191,8,0
228,191,191,9,0
228,191,191,10,0
228,191,191,11,0
228,191,191,12,0
228,191,191,13,0
228,191,191,14,0
228,191,191,15,0
228,191,191,16,0
228,191,191,17,1
228,191,191,18,3
228,191,191,19,0
228,191,191,20,1
228,191,191,21,0
228,191,191,22,0
228,191,191,23,0
228,191,191,0,0
228,192,192,1,177
228,192,192,2,0
228,192,192,3,67
228,192,192,4,27
228,192,192,5,223
228,192,192,6,1
228,192,192,7,0
228,192,192,8,0
228,192,192,9,0
228,192,192,10,0
228,192,192,11,0
228,192,192,12,0
228,192,192,13,1
228,192,192,14,0
228,192,192,15,0
228,192,192,16,0
228,192,192,17,1
228,192,192,18,0
228,192,192,19,0
228,192,192,20,0
228,192,192,21,0
228,192,192,22,0
228,192,192,23,0
228,192,192,0,0
228,193,193,1,224
228,193,193,2,0
228,193,193,3,63
228,193,193,4,30
228,193,193,5,288
228,193,193,6,3
228,193,193,7,0
228,193,193,8,0
228,193,193,9,0
228,193,193,10,0
228,193,193,11,0
228,193,193,12,0
228,193,193,13,0
228,193,193,14,1
228,193,193,15,0
228,193,193,16,0
228,193,193,17,0
228,193,193,18,0
228,193,193,19,0
228,193,193,20,0
228,193,193,21,0
228,193,193,22,0
228,193,193,23,0
228,193,193,0,3
228,194,194,1,219
228,194,194,2,0
228,194,194,3,71
228,194,194,4,24
228,194,194,5,293
228,194,194,6,0
228,194,194,7,0
228,194,194,8,0
228,194,194,9,0
228,194,194,10,0
228,194,194,11,0
228,194,194,12,1
228,194,194,13,0
228,194,194,14,1
228,194,194,15,1
228,194,194,16,0
228,194,194,17,2
228,194,194,18,0
228,194,194,19,0
228,194,194,20,0
228,194,194,21,1
228,194,194,22,0
228,194,194,23,0
228,194,194,0,1
228,195,195,1,138
228,195,195,2,0
228,195,195,3,43
228,195,195,4,132
228,195,195,5,173
228,195,195,6,0
228,195,195,7,0
228,195,195,8,0
228,195,195,9,0
228,195,195,10,0
228,195,195,11,0
228,195,195,12,0
228,195,195,13,0
228,195,195,14,0
228,195,195,15,0
228,195,195,16,1
228,195,195,17,0
228,195,195,18,1
228,195,195,19,1
228,195,195,20,0
228,195,195,21,0
228,195,195,22,0
228,195,195,23,0
228,195,195,0,1
228,196,196,1,141
228,196,196,2,0
228,196,196,3,50
228,196,196,4,52
228,196,196,5,148
228,196,196,6,0
228,196,196,7,0
228,196,196,8,0
228,196,196,9,0
228,196,196,10,0
228,196,196,11,0
228,196,196,12,0
228,196,196,13,0
228,196,196,14,0
228,196,196,15,0
228,196,196,16,0
228,196,196,17,0
228,196,196,18,0
228,196,196,19,0
228,196,196,20,0
228,196,196,21,1
228,196,196,22,0
228,196,196,23,1
228,196,196,0,1
228,197,197,1,145
228,197,197,2,0
228,197,197,3,31
228,197,197,4,148
228,197,197,5,255
228,197,197,6,1
228,197,197,7,0
228,197,197,8,0
228,197,197,9,0
228,197,197,10,0
228,197,197,11,1
228,197,197,12,0
228,197,197,13,0
228,197,197,14,1
228,197,197,15,0
228,197,197,16,3
228,197,197,17,2
228,197,197,18,0
228,197,197,19,0
228,197,197,20,1
228,197,197,21,0
228,197,197,22,0
228,197,197,23,0
228,197,197,0,4
228,198,198,1,188
228,198,198,2,1
228,198,198,3,45
228,198,198,4,190
228,198,198,5,167
228,198,198,6,2
228,198,198,7,0
228,198,198,8,0
228,198,198,9,0
228,198,198,10,0
228,198,198,11,0
228,198,198,12,0
228,198,198,13,1
228,198,198,14,0
228,198,198,15,2
228,198,198,16,1
228,198,198,17,8
228,198,198,18,4
228,198,198,19,0
228,198,198,20,2
228,198,198,21,3
228,198,198,22,1
228,198,198,23,0
228,198,198,0,3
228,199,199,1,268
228,199,199,2,2
228,199,199,3,38
228,199,199,4,141
228,199,199,5,319
228,199,199,6,0
228,199,199,7,1
228,199,199,8,0
228,199,199,9,0
228,199,199,10,1
228,199,199,11,0
228,199,199,12,0
228,199,199,13,0
228,199,199,14,0
228,199,199,15,0
228,199,199,16,0
228,199,199,17,3
228,199,199,18,4
228,199,199,19,0
228,199,199,20,1
228,199,199,21,3
228,199,199,22,1
228,199,199,23,0
228,199,199,0,5
228,200,200,1,134
228,200,200,2,1
228,200,200,3,78
228,200,200,4,195
228,200,200,5,102
228,200,200,6,1
228,200,200,7,1
228,200,200,8,0
228,200,200,9,0
228,200,200,10,0
228,200,200,11,0
228,200,200,12,0
228,200,200,13,1
228,200,200,14,0
228,200,200,15,0
228,200,200,16,1
228,200,200,17,3
228,200,200,18,1
228,200,200,19,0
228,200,200,20,2
228,200,200,21,0
228,200,200,22,0
228,200,200,23,0
228,200,200,0,0
228,201,201,1,210
228,201,201,2,1
228,201,201,3,97
228,201,201,4,89
228,201,201,5,243
228,201,201,6,0
228,201,201,7,1
228,201,201,8,0
228,201,201,9,0
228,201,201,10,0
228,201,201,11,0
228,201,201,12,0
228,201,201,13,0
228,201,201,14,0
228,201,201,15,0
228,201,201,16,0
228,201,201,17,2
228,201,201,18,0
228,201,201,19,0
228,201,201,20,0
228,201,201,21,0
228,201,201,22,0
228,201,201,23,0
228,201,201,0,0
228,202,202,1,196
228,202,202,2,0
228,202,202,3,59
228,202,202,4,111
228,202,202,5,223
228,202,202,6,0
228,202,202,7,1
228,202,202,8,0
228,202,202,9,0
228,202,202,10,0
228,202,202,11,0
228,202,202,12,1
228,202,202,13,1
228,202,202,14,0
228,202,202,15,0
228,202,202,16,0
228,202,202,17,3
228,202,202,18,4
228,202,202,19,1
228,202,202,20,3
228,202,202,21,0
228,202,202,22,0
228,202,202,23,0
228,202,202,0,1
228,203,203,1,182
228,203,203,2,0
228,203,203,3,44
228,203,203,4,233
228,203,203,5,254
228,203,203,6,1
228,203,203,7,0
228,203,203,8,1
228,203,203,9,0
228,203,203,10,2
228,203,203,11,2
228,203,203,12,0
228,203,203,13,0
228,203,203,14,0
228,203,203,15,0
228,203,203,16,0
228,203,203,17,7
228,203,203,18,0
228,203,203,19,1
228,203,203,20,0
228,203,203,21,1
228,203,203,22,0
228,203,203,23,1
228,203,203,0,2
228,204,204,1,220
228,204,204,2,0
228,204,204,3,104
228,204,204,4,199
228,204,204,5,224
228,204,204,6,0
228,204,204,7,0
228,204,204,8,0
228,204,204,9,0
228,204,204,10,0
228,204,204,11,0
228,204,204,12,0
228,204,204,13,3
228,204,204,14,0
228,204,204,15,0
228,204,204,16,1
228,204,204,17,8
228,204,204,18,3
228,204,204,19,0
228,204,204,20,3
228,204,204,21,2
228,204,204,22,0
228,204,204,23,1
228,204,204,0,6
228,205,205,1,93
228,205,205,2,0
228,205,205,3,77
228,205,205,4,122
228,205,205,5,184
228,205,205,6,0
228,205,205,7,0
228,205,205,8,0
228,205,205,9,0
228,205,205,10,0
228,205,205,11,0
228,205,205,12,1
228,205,205,13,1
228,205,205,14,0
228,205,205,15,2
228,205,205,16,1
228,205,205,17,3
228,205,205,18,0
228,205,205,19,0
228,205,205,20,2
228,205,205,21,0
228,205,205,22,0
228,205,205,23,0
228,205,205,0,1
228,206,206,1,174
228,206,206,2,1
228,206,206,3,32
228,206,206,4,159
228,206,206,5,275
228,206,206,6,0
228,206,206,7,1
228,206,206,8,1
228,206,206,9,0
228,206,206,10,0
228,206,206,11,0
228,206,206,12,2
228,206,206,13,6
228,206,206,14,0
228,206,206,15,0
228,206,206,16,1
228,206,206,17,1
228,206,206,18,0
228,206,206,19,0
228,206,206,20,0
228,206,206,21,0
228,206,206,22,0
228,206,206,23,0
228,206,206,0,1
228,207,207,1,141
228,207,207,2,1
228,207,207,3,18
228,207,207,4,138
228,207,207,5,264
228,207,207,6,0
228,207,207,7,0
228,207,207,8,0
228,207,207,9,0
228,207,207,10,0
228,207,207,11,0
228,207,207,12,2
228,207,207,13,1
228,207,207,14,0
228,207,207,15,1
228,207,207,16,1
228,207,207,17,1
228,207,207,18,0
228,207,207,19,0
228,207,207,20,0
228,207,207,21,0
228,207,207,22,0
228,207,207,23,0
228,207,207,0,0
228,208,208,1,198
228,208,208,2,0
228,208,208,3,116
228,208,208,4,34
228,208,208,5,190
228,208,208,6,0
228,208,208,7,3
228,208,208,8,2
228,208,208,9,0
228,208,208,10,0
228,208,208,11,0
228,208,208,12,1
228,208,208,13,1
228,208,208,14,0
228,208,208,15,0
228,208,208,16,0
228,208,208,17,1
228,208,208,18,1
228,208,208,19,1
228,208,208,20,1
228,208,208,21,0
228,208,208,22,0
228,208,208,23,0
228,208,208,0,2
228,209,209,1,83
228,209,209,2,2
228,209,209,3,31
228,209,209,4,53
228,209,209,5,90
228,209,209,6,3
228,209,209,7,1
228,209,209,8,0
228,209,209,9,0
228,209,209,10,0
228,209,209,11,0
228,209,209,12,0
228,209,209,13,0
228,209,209,14,0
228,209,209,15,0
228,209,209,16,1
228,209,209,17,0
228,209,209,18,1
228,209,209,19,0
228,209,209,20,0
228,209,209,21,1
228,209,209,22,0
228,209,209,23,1
228,209,209,0,2
228,210,210,1,301
228,210,210,2,0
228,210,210,3,67
228,210,210,4,165
228,210,210,5,248
228,210,210,6,0
228,210,210,7,0
228,210,210,8,0
228,210,210,9,0
228,210,210,10,0
228,210,210,11,0
228,210,210,12,1
228,210,210,13,0
228,210,210,14,0
228,210,210,15,0
228,210,210,16,4
228,210,210,17,8
228,210,210,18,0
228,210,210,19,1
228,210,210,20,1
228,210,210,21,0
228,210,210,22,0
228,210,210,23,0
228,210,210,0,3
228,211,211,1,287
228,211,211,2,0
228,211,211,3,46
228,211,211,4,80
228,211,211,5,230
228,211,211,6,0
228,211,211,7,0
228,211,211,8,1
228,211,211,9,0
228,211,211,10,0
228,211,211,11,1
228,211,211,12,1
228,211,211,13,0
228,211,211,14,0
228,211,211,15,0
228,211,211,16,2
228,211,211,17,2
228,211,211,18,0
228,211,211,19,0
228,211,211,20,0
228,211,211,21,0
228,211,211,22,0
228,211,211,23,0
228,211,211,0,0
228,212,212,1,344
228,212,212,2,2
228,212,212,3,36
228,212,212,4,28
228,212,212,5,158
228,212,212,6,0
228,212,212,7,0
228,212,212,8,1
228,212,212,9,1
228,212,212,10,0
228,212,212,11,1
228,212,212,12,0
228,212,212,13,0
228,212,212,14,1
228,212,212,15,0
228,212,212,16,1
228,212,212,17,1
228,212,212,18,2
228,212,212,19,0
228,212,212,20,0
228,212,212,21,0
228,212,212,22,0
228,212,212,23,0
228,212,212,0,1
228,213,213,1,147
228,213,213,2,0
228,213,213,3,43
228,213,213,4,27
228,213,213,5,102
228,213,213,6,0
228,213,213,7,0
228,213,213,8,0
228,213,213,9,0
228,213,213,10,0
228,213,213,11,0
228,213,213,12,3
228,213,213,13,0
228,213,213,14,0
228,213,213,15,0
228,213,213,16,0
228,213,213,17,5
228,213,213,18,0
228,213,213,19,0
228,213,213,20,0
228,213,213,21,0
228,213,213,22,1
228,213,213,23,0
228,213,213,0,1
228,214,214,1,93
228,214,214,2,0
228,214,214,3,25
228,214,214,4,99
228,214,214,5,159
228,214,214,6,1
228,214,214,7,0
228,214,214,8,0
228,214,214,9,0
228,214,214,10,2
228,214,214,11,0
228,214,214,12,0
228,214,214,13,1
228,214,214,14,0
228,214,214,15,0
228,214,214,16,0
228,214,214,17,0
228,214,214,18,0
228,214,214,19,1
228,214,214,20,0
228,214,214,21,0
228,214,214,22,0
228,214,214,23,1
228,214,214,0,1
228,215,215,1,113
228,215,215,2,0
228,215,215,3,26
228,215,215,4,147
228,215,215,5,196
228,215,215,6,0
228,215,215,7,0
228,215,215,8,0
228,215,215,9,0
228,215,215,10,1
228,215,215,11,0
228,215,215,12,3
228,215,215,13,3
228,215,215,14,2
228,215,215,15,0
228,215,215,16,2
228,215,215,17,2
228,215,215,18,0
228,215,215,19,1
228,215,215,20,0
228,215,215,21,0
228,215,215,22,0
228,215,215,23,2
228,215,215,0,2
228,216,216,1,58
228,216,216,2,2
228,216,216,3,16
228,216,216,4,156
228,216,216,5,144
228,216,216,6,1
228,216,216,7,1
228,216,216,8,0
228,216,216,9,0
228,216,216,10,0
228,216,216,11,0
228,216,216,12,0
228,216,216,13,0
228,216,216,14,0
228,216,216,15,0
228,216,216,16,1
228,216,216,17,1
228,216,216,18,0
228,216,216,19,0
228,216,216,20,0
228,216,216,21,0
228,216,216,22,1
228,216,216,23,1
228,216,216,0,2
228,217,217,1,154
228,217,217,2,3
228,217,217,3,44
228,217,217,4,271
228,217,217,5,213
228,217,217,6,0
228,217,217,7,1
228,217,217,8,1
228,217,217,9,0
228,217,217,10,1
228,217,217,11,0
228,217,217,12,2
228,217,217,13,1
228,217,217,14,2
228,217,217,15,2
228,217,217,16,3
228,217,217,17,1
228,217,217,18,0
228,217,217,19,0
228,217,217,20,0
228,217,217,21,0
228,217,217,22,0
228,217,217,23,0
228,217,217,0,3
228,218,218,1,126
228,218,218,2,1
228,218,218,3,73
228,218,218,4,153
228,218,218,5,128
228,218,218,6,0
228,218,218,7,0
228,218,218,8,0
228,218,218,9,1
228,218,218,10,0
228,218,218,11,0
228,218,218,12,0
228,218,218,13,0
228,218,218,14,0
228,218,218,15,1
228,218,218,16,0
228,218,218,17,11
228,218,218,18,1
228,218,218,19,2
228,218,218,20,0
228,218,218,21,4
228,218,218,22,1
228,218,218,23,0
228,218,218,0,1
228,219,219,1,0
228,219,219,2,2
228,219,219,3,42
228,219,219,4,226
228,219,219,5,185
228,219,219,6,0
228,219,219,7,0
228,219,219,8,0
228,219,219,9,0
228,219,219,10,0
228,219,219,11,0
228,219,219,12,0
228,219,219,13,2
228,219,219,14,0
228,219,219,15,2
228,219,219,16,0
228,219,219,17,4
228,219,219,18,2
228,219,219,19,0
228,219,219,20,5
228,219,219,21,0
228,219,219,22,0
228,219,219,23,1
228,219,219,0,2
228,220,220,1,236
228,220,220,2,1
228,220,220,3,31
228,220,220,4,76
228,220,220,5,357
228,220,220,6,0
228,220,220,7,1
228,220,220,8,0
228,220,220,9,0
228,220,220,10,0
228,220,220,11,1
228,220,220,12,2
228,220,220,13,2
228,220,220,14,0
228,220,220,15,0
228,220,220,16,2
228,220,220,17,8
228,220,220,18,2
228,220,220,19,0
228,220,220,20,0
228,220,220,21,1
228,220,220,22,0
228,220,220,23,0
228,220,220,0,2
228,220,220,1,0
228,220,220,2,0
228,220,220,3,0
228,220,220,4,0
228,220,220,5,0
228,220,220,6,0
228,220,220,7,0
228,220,220,8,0
228,220,220,9,0
228,220,220,10,0
228,220,220,11,0
228,220,220,12,0
228,220,220,13,0
228,220,220,14,0
228,220,220,15,0
228,220,220,16,0
228,220,220,17,0
228,220,220,18,0
228,220,220,19,0
228,220,220,20,0
228,220,220,21,0
228,220,220,22,0
228,220,220,23,0
228,220,220,0,0
228,221,221,1,236
228,221,221,2,0
228,221,221,3,51
228,221,221,4,117
228,221,221,5,193
228,221,221,6,0
228,221,221,7,1
228,221,221,8,1
228,221,221,9,0
228,221,221,10,0
228,221,221,11,0
228,221,221,12,0
228,221,221,13,0
228,221,221,14,0
228,221,221,15,0
228,221,221,16,1
228,221,221,17,1
228,221,221,18,1
228,221,221,19,1
228,221,221,20,0
228,221,221,21,0
228,221,221,22,0
228,221,221,23,0
228,221,221,0,2
228,221,221,1,0
228,221,221,2,0
228,221,221,3,0
228,221,221,4,0
228,221,221,5,0
228,221,221,6,0
228,221,221,7,0
228,221,221,8,0
228,221,221,9,0
228,221,221,10,0
228,221,221,11,0
228,221,221,12,0
228,221,221,13,0
228,221,221,14,0
228,221,221,15,0
228,221,221,16,0
228,221,221,17,0
228,221,221,18,0
228,221,221,19,0
228,221,221,20,0
228,221,221,21,0
228,221,221,22,0
228,221,221,23,0
228,221,221,0,0
228,222,222,1,152
228,222,222,2,1
228,222,222,3,40
228,222,222,4,197
228,222,222,5,291
228,222,222,6,1
228,222,222,7,0
228,222,222,8,0
228,222,222,9,1
228,222,222,10,0
228,222,222,11,0
228,222,222,12,1
228,222,222,13,2
228,222,222,14,1
228,222,222,15,1
228,222,222,16,1
228,222,222,17,6
228,222,222,18,2
228,222,222,19,0
228,222,222,20,0
228,222,222,21,0
228,222,222,22,0
228,222,222,23,1
228,222,222,0,2
228,223,223,1,133
228,223,223,2,0
228,223,223,3,42
228,223,223,4,131
228,223,223,5,250
228,223,223,6,0
228,223,223,7,0
228,223,223,8,0
228,223,223,9,0
228,223,223,10,1
228,223,223,11,0
228,223,223,12,0
228,223,223,13,0
228,223,223,14,0
228,223,223,15,0
228,223,223,16,0
228,223,223,17,3
228,223,223,18,1
228,223,223,19,1
228,223,223,20,0
228,223,223,21,0
228,223,223,22,0
228,223,223,23,0
228,223,223,0,1
228,224,224,1,142
228,224,224,2,1
228,224,224,3,39
228,224,224,4,134
228,224,224,5,255
228,224,224,6,0
228,224,224,7,0
228,224,224,8,1
228,224,224,9,0
228,224,224,10,1
228,224,224,11,1
228,224,224,12,1
228,224,224,13,0
228,224,224,14,1
228,224,224,15,1
228,224,224,16,0
228,224,224,17,0
228,224,224,18,0
228,224,224,19,1
228,224,224,20,1
228,224,224,21,0
228,224,224,22,0
228,224,224,23,0
228,224,224,0,2
228,225,225,1,204
228,225,225,2,1
228,225,225,3,51
228,225,225,4,216
228,225,225,5,283
228,225,225,6,0
228,225,225,7,1
228,225,225,8,0
228,225,225,9,0
228,225,225,10,1
228,225,225,11,0
228,225,225,12,0
228,225,225,13,1
228,225,225,14,2
228,225,225,15,0
228,225,225,16,1
228,225,225,17,2
228,225,225,18,0
228,225,225,19,0
228,225,225,20,0
228,225,225,21,1
228,225,225,22,0
228,225,225,23,0
228,225,225,0,3
228,226,226,1,280
228,226,226,2,1
228,226,226,3,34
228,226,226,4,258
228,226,226,5,298
228,226,226,6,0
228,226,226,7,0
228,226,226,8,1
228,226,226,9,0
228,226,226,10,0
228,226,226,11,1
228,226,226,12,1
228,226,226,13,0
228,226,226,14,0
228,226,226,15,0
228,226,226,16,1
228,226,226,17,8
228,226,226,18,3
228,226,226,19,1
228,226,226,20,0
228,226,226,21,1
228,226,226,22,0
228,226,226,23,0
228,226,226,0,5
228,227,227,1,126
228,227,227,2,0
228,227,227,3,71
228,227,227,4,264
228,227,227,5,323
228,227,227,6,1
228,227,227,7,0
228,227,227,8,0
228,227,227,9,0
228,227,227,10,1
228,227,227,11,0
228,227,227,12,2
228,227,227,13,2
228,227,227,14,3
228,227,227,15,1
228,227,227,16,2
228,227,227,17,2
228,227,227,18,1
228,227,227,19,0
228,227,227,20,0
228,227,227,21,0
228,227,227,22,1
228,227,227,23,0
228,227,227,0,1
228,228,228,1,108
228,228,228,2,2
228,228,228,3,43
228,228,228,4,304
228,228,228,5,390
228,228,228,6,1
228,228,228,7,0
228,228,228,8,3
228,228,228,9,0
228,228,228,10,0
228,228,228,11,1
228,228,228,12,1
228,228,228,13,1
228,228,228,14,0
228,228,228,15,0
228,228,228,16,0
228,228,228,17,1
228,228,228,18,3
228,228,228,19,1
228,228,228,20,1
228,228,228,21,3
228,228,228,22,0
228,228,228,23,2
228,228,228,0,4
228,229,229,1,169
228,229,229,2,1
228,229,229,3,29
228,229,229,4,185
228,229,229,5,209
228,229,229,6,1
228,229,229,7,0
228,229,229,8,0
228,229,229,9,0
228,229,229,10,3
228,229,229,11,0
228,229,229,12,0
228,229,229,13,1
228,229,229,14,0
228,229,229,15,0
228,229,229,16,0
228,229,229,17,4
228,229,229,18,0
228,229,229,19,0
228,229,229,20,1
228,229,229,21,0
228,229,229,22,0
228,229,229,23,0
228,229,229,0,2
228,230,230,1,132
228,230,230,2,2
228,230,230,3,35
228,230,230,4,210
228,230,230,5,216
228,230,230,6,0
228,230,230,7,0
228,230,230,8,1
228,230,230,9,0
228,230,230,10,0
228,230,230,11,0
228,230,230,12,0
228,230,230,13,0
228,230,230,14,0
228,230,230,15,0
228,230,230,16,1
228,230,230,17,3
228,230,230,18,3
228,230,230,19,0
228,230,230,20,0
228,230,230,21,0
228,230,230,22,0
228,230,230,23,1
228,230,230,0,0
228,231,231,1,116
228,231,231,2,0
228,231,231,3,38
228,231,231,4,141
228,231,231,5,211
228,231,231,6,2
228,231,231,7,1
228,231,231,8,0
228,231,231,9,0
228,231,231,10,1
228,231,231,11,0
228,231,231,12,0
228,231,231,13,1
228,231,231,14,0
228,231,231,15,0
228,231,231,16,0
228,231,231,17,0
228,231,231,18,0
228,231,231,19,0
228,231,231,20,0
228,231,231,21,1
228,231,231,22,0
228,231,231,23,0
228,231,231,0,0
228,232,232,1,98
228,232,232,2,1
228,232,232,3,23
228,232,232,4,211
228,232,232,5,261
228,232,232,6,1
228,232,232,7,0
228,232,232,8,0
228,232,232,9,1
228,232,232,10,0
228,232,232,11,2
228,232,232,12,1
228,232,232,13,2
228,232,232,14,0
228,232,232,15,0
228,232,232,16,0
228,232,232,17,1
228,232,232,18,1
228,232,232,19,1
228,232,232,20,1
228,232,232,21,0
228,232,232,22,0
228,232,232,23,0
228,232,232,0,1
228,233,233,1,171
228,233,233,2,0
228,233,233,3,30
228,233,233,4,168
228,233,233,5,208
228,233,233,6,1
228,233,233,7,0
228,233,233,8,0
228,233,233,9,0
228,233,233,10,0
228,233,233,11,0
228,233,233,12,2
228,233,233,13,0
228,233,233,14,0
228,233,233,15,0
228,233,233,16,2
228,233,233,17,1
228,233,233,18,1
228,233,233,19,0
228,233,233,20,0
228,233,233,21,0
228,233,233,22,1
228,233,233,23,0
228,233,233,0,2
228,234,234,1,120
228,234,234,2,1
228,234,234,3,22
228,234,234,4,115
228,234,234,5,179
228,234,234,6,0
228,234,234,7,0
228,234,234,8,0
228,234,234,9,0
228,234,234,10,0
228,234,234,11,0
228,234,234,12,0
228,234,234,13,0
228,234,234,14,0
228,234,234,15,0
228,234,234,16,0
228,234,234,17,0
228,234,234,18,1
228,234,234,19,0
228,234,234,20,0
228,234,234,21,0
228,234,234,22,0
228,234,234,23,0
228,234,234,0,3
228,235,235,1,185
228,235,235,2,0
228,235,235,3,19
228,235,235,4,109
228,235,235,5,166
228,235,235,6,1
228,235,235,7,1
228,235,235,8,0
228,235,235,9,0
228,235,235,10,0
228,235,235,11,0
228,235,235,12,1
228,235,235,13,0
228,235,235,14,0
228,235,235,15,1
228,235,235,16,0
228,235,235,17,1
228,235,235,18,2
228,235,235,19,0
228,235,235,20,1
228,235,235,21,0
228,235,235,22,0
228,235,235,23,0
228,235,235,0,0
228,236,236,1,223
228,236,236,2,1
228,236,236,3,59
228,236,236,4,215
228,236,236,5,326
228,236,236,6,1
228,236,236,7,0
228,236,236,8,0
228,236,236,9,0
228,236,236,10,0
228,236,236,11,0
228,236,236,12,0
228,236,236,13,0
228,236,236,14,0
228,236,236,15,0
228,236,236,16,3
228,236,236,17,11
228,236,236,18,0
228,236,236,19,1
228,236,236,20,0
228,236,236,21,0
228,236,236,22,1
228,236,236,23,1
228,236,236,0,2
228,237,237,1,167
228,237,237,2,0
228,237,237,3,60
228,237,237,4,195
228,237,237,5,334
228,237,237,6,1
228,237,237,7,1
228,237,237,8,1
228,237,237,9,0
228,237,237,10,0
228,237,237,11,0
228,237,237,12,0
228,237,237,13,1
228,237,237,14,1
228,237,237,15,0
228,237,237,16,0
228,237,237,17,4
228,237,237,18,4
228,237,237,19,3
228,237,237,20,1
228,237,237,21,0
228,237,237,22,0
228,237,237,23,0
228,237,237,0,0
228,238,238,1,98
228,238,238,2,0
228,238,238,3,30
228,238,238,4,198
228,238,238,5,166
228,238,238,6,0
228,238,238,7,0
228,238,238,8,0
228,238,238,9,0
228,238,238,10,0
228,238,238,11,0
228,238,238,12,0
228,238,238,13,0
228,238,238,14,0
228,238,238,15,0
228,238,238,16,0
228,238,238,17,2
228,238,238,18,2
228,238,238,19,0
228,238,238,20,0
228,238,238,21,0
228,238,238,22,0
228,238,238,23,0
228,238,238,0,0
228,239,239,1,173
228,239,239,2,0
228,239,239,3,31
228,239,239,4,266
228,239,239,5,93
228,239,239,6,0
228,239,239,7,0
228,239,239,8,0
228,239,239,9,0
228,239,239,10,0
228,239,239,11,0
228,239,239,12,0
228,239,239,13,0
228,239,239,14,0
228,239,239,15,0
228,239,239,16,0
228,239,239,17,3
228,239,239,18,0
228,239,239,19,0
228,239,239,20,2
228,239,239,21,1
228,239,239,22,0
228,239,239,23,0
228,239,239,0,1
228,240,240,1,203
228,240,240,2,1
228,240,240,3,62
228,240,240,4,197
228,240,240,5,216
228,240,240,6,1
228,240,240,7,0
228,240,240,8,0
228,240,240,9,1
228,240,240,10,0
228,240,240,11,1
228,240,240,12,3
228,240,240,13,1
228,240,240,14,0
228,240,240,15,0
228,240,240,16,0
228,240,240,17,1
228,240,240,18,1
228,240,240,19,1
228,240,240,20,0
228,240,240,21,0
228,240,240,22,0
228,240,240,23,1
228,240,240,0,0
228,241,241,1,182
228,241,241,2,1
228,241,241,3,68
228,241,241,4,165
228,241,241,5,251
228,241,241,6,0
228,241,241,7,2
228,241,241,8,4
228,241,241,9,0
228,241,241,10,1
228,241,241,11,0
228,241,241,12,1
228,241,241,13,1
228,241,241,14,1
228,241,241,15,1
228,241,241,16,1
228,241,241,17,1
228,241,241,18,0
228,241,241,19,1
228,241,241,20,1
228,241,241,21,1
228,241,241,22,0
228,241,241,23,0
228,241,241,0,0
228,242,242,1,190
228,242,242,2,5
228,242,242,3,91
228,242,242,4,89
228,242,242,5,228
228,242,242,6,0
228,242,242,7,0
228,242,242,8,0
228,242,242,9,0
228,242,242,10,0
228,242,242,11,0
228,242,242,12,0
228,242,242,13,2
228,242,242,14,1
228,242,242,15,1
228,242,242,16,1
228,242,242,17,4
228,242,242,18,1
228,242,242,19,1
228,242,242,20,0
228,242,242,21,1
228,242,242,22,0
228,242,242,23,0
228,242,242,0,2
228,243,243,1,184
228,243,243,2,3
228,243,243,3,20
228,243,243,4,94
228,243,243,5,133
228,243,243,6,0
228,243,243,7,0
228,243,243,8,0
228,243,243,9,1
228,243,243,10,2
228,243,243,11,0
228,243,243,12,2
228,243,243,13,1
228,243,243,14,0
228,243,243,15,0
228,243,243,16,3
228,243,243,17,2
228,243,243,18,2
228,243,243,19,0
228,243,243,20,0
228,243,243,21,0
228,243,243,22,0
228,243,243,23,1
228,243,243,0,0
228,244,244,1,139
228,244,244,2,1
228,244,244,3,18
228,244,244,4,42
228,244,244,5,109
228,244,244,6,0
228,244,244,7,0
228,244,244,8,0
228,244,244,9,1
228,244,244,10,1
228,244,244,11,0
228,244,244,12,1
228,244,244,13,1
228,244,244,14,0
228,244,244,15,0
228,244,244,16,2
228,244,244,17,0
228,244,244,18,1
228,244,244,19,0
228,244,244,20,1
228,244,244,21,0
228,244,244,22,0
228,244,244,23,0
228,244,244,0,0
228,245,245,1,305
228,245,245,2,0
228,245,245,3,28
228,245,245,4,134
228,245,245,5,288
228,245,245,6,0
228,245,245,7,1
228,245,245,8,0
228,245,245,9,0
228,245,245,10,0
228,245,245,11,0
228,245,245,12,0
228,245,245,13,4
228,245,245,14,1
228,245,245,15,0
228,245,245,16,0
228,245,245,17,3
228,245,245,18,9
228,245,245,19,1
228,245,245,20,1
228,245,245,21,3
228,245,245,22,0
228,245,245,23,1
228,245,245,0,2
228,246,246,1,353
228,246,246,2,1
228,246,246,3,45
228,246,246,4,172
228,246,246,5,219
228,246,246,6,0
228,246,246,7,1
228,246,246,8,0
228,246,246,9,0
228,246,246,10,0
228,246,246,11,0
228,246,246,12,0
228,246,246,13,1
228,246,246,14,0
228,246,246,15,2
228,246,246,16,4
228,246,246,17,4
228,246,246,18,1
228,246,246,19,0
228,246,246,20,0
228,246,246,21,1
228,246,246,22,1
228,246,246,23,0
228,246,246,0,1
228,247,247,1,297
228,247,247,2,1
228,247,247,3,40
228,247,247,4,121
228,247,247,5,227
228,247,247,6,1
228,247,247,7,0
228,247,247,8,0
228,247,247,9,1
228,247,247,10,0
228,247,247,11,0
228,247,247,12,0
228,247,247,13,3
228,247,247,14,0
228,247,247,15,0
228,247,247,16,2
228,247,247,17,2
228,247,247,18,2
228,247,247,19,1
228,247,247,20,2
228,247,247,21,0
228,247,247,22,1
228,247,247,23,0
228,247,247,0,1
228,248,248,1,132
228,248,248,2,1
228,248,248,3,32
228,248,248,4,199
228,248,248,5,171
228,248,248,6,0
228,248,248,7,0
228,248,248,8,1
228,248,248,9,1
228,248,248,10,0
228,248,248,11,1
228,248,248,12,0
228,248,248,13,2
228,248,248,14,1
228,248,248,15,0
228,248,248,16,3
228,248,248,17,4
228,248,248,18,0
228,248,248,19,0
228,248,248,20,0
228,248,248,21,0
228,248,248,22,0
228,248,248,23,0
228,248,248,0,3
228,249,249,1,210
228,249,249,2,4
228,249,249,3,26
228,249,249,4,56
228,249,249,5,265
228,249,249,6,0
228,249,249,7,0
228,249,249,8,0
228,249,249,9,0
228,249,249,10,0
228,249,249,11,0
228,249,249,12,0
228,249,249,13,0
228,249,249,14,1
228,249,249,15,1
228,249,249,16,1
228,249,249,17,5
228,249,249,18,1
228,249,249,19,0
228,249,249,20,0
228,249,249,21,1
228,249,249,22,0
228,249,249,23,0
228,249,249,0,4
228,250,250,1,219
228,250,250,2,2
228,250,250,3,49
228,250,250,4,59
228,250,250,5,278
228,250,250,6,0
228,250,250,7,0
228,250,250,8,0
228,250,250,9,0
228,250,250,10,0
228,250,250,11,1
228,250,250,12,0
228,250,250,13,0
228,250,250,14,1
228,250,250,15,0
228,250,250,16,0
228,250,250,17,1
228,250,250,18,0
228,250,250,19,0
228,250,250,20,0
228,250,250,21,0
228,250,250,22,0
228,250,250,23,0
228,250,250,0,5
228,251,251,1,230
228,251,251,2,1
228,251,251,3,42
228,251,251,4,215
228,251,251,5,283
228,251,251,6,0
228,251,251,7,0
228,251,251,8,1
228,251,251,9,0
228,251,251,10,0
228,251,251,11,0
228,251,251,12,0
228,251,251,13,0
228,251,251,14,0
228,251,251,15,0
228,251,251,16,1
228,251,251,17,0
228,251,251,18,0
228,251,251,19,0
228,251,251,20,0
228,251,251,21,0
228,251,251,22,0
228,251,251,23,0
228,251,251,0,0
228,252,252,1,212
228,252,252,2,0
228,252,252,3,87
228,252,252,4,165
228,252,252,5,314
228,252,252,6,0
228,252,252,7,2
228,252,252,8,0
228,252,252,9,0
228,252,252,10,0
228,252,252,11,0
228,252,252,12,0
228,252,252,13,0
228,252,252,14,0
228,252,252,15,0
228,252,252,16,1
228,252,252,17,10
228,252,252,18,4
228,252,252,19,2
228,252,252,20,3
228,252,252,21,3
228,252,252,22,0
228,252,252,23,1
228,252,252,0,4
228,253,253,1,192
228,253,253,2,0
228,253,253,3,23
228,253,253,4,166
228,253,253,5,203
228,253,253,6,1
228,253,253,7,0
228,253,253,8,1
228,253,253,9,0
228,253,253,10,0
228,253,253,11,0
228,253,253,12,0
228,253,253,13,3
228,253,253,14,0
228,253,253,15,0
228,253,253,16,0
228,253,253,17,1
228,253,253,18,0
228,253,253,19,0
228,253,253,20,0
228,253,253,21,0
228,253,253,22,0
228,253,253,23,0
228,253,253,0,4
228,254,254,1,167
228,254,254,2,1
228,254,254,3,34
228,254,254,4,73
228,254,254,5,239
228,254,254,6,1
228,254,254,7,0
228,254,254,8,0
228,254,254,9,0
228,254,254,10,0
228,254,254,11,0
228,254,254,12,1
228,254,254,13,0
228,254,254,14,0
228,254,254,15,0
228,254,254,16,3
228,254,254,17,4
228,254,254,18,1
228,254,254,19,0
228,254,254,20,0
228,254,254,21,1
228,254,254,22,1
228,254,254,23,0
228,254,254,0,0
228,255,255,1,200
228,255,255,2,3
228,255,255,3,37
228,255,255,4,177
228,255,255,5,220
228,255,255,6,0
228,255,255,7,0
228,255,255,8,0
228,255,255,9,0
228,255,255,10,0
228,255,255,11,0
228,255,255,12,1
228,255,255,13,1
228,255,255,14,0
228,255,255,15,1
228,255,255,16,2
228,255,255,17,11
228,255,255,18,5
228,255,255,19,5
228,255,255,20,1
228,255,255,21,2
228,255,255,22,0
228,255,255,23,1
228,255,255,0,2
228,256,256,1,198
228,256,256,2,1
228,256,256,3,45
228,256,256,4,120
228,256,256,5,242
228,256,256,6,0
228,256,256,7,1
228,256,256,8,0
228,256,256,9,0
228,256,256,10,0
228,256,256,11,1
228,256,256,12,0
228,256,256,13,0
228,256,256,14,2
228,256,256,15,0
228,256,256,16,3
228,256,256,17,1
228,256,256,18,4
228,256,256,19,0
228,256,256,20,1
228,256,256,21,1
228,256,256,22,0
228,256,256,23,0
228,256,256,0,2
228,257,257,1,136
228,257,257,2,1
228,257,257,3,51
228,257,257,4,238
228,257,257,5,186
228,257,257,6,0
228,257,257,7,0
228,257,257,8,0
228,257,257,9,1
228,257,257,10,0
228,257,257,11,0
228,257,257,12,0
228,257,257,13,1
228,257,257,14,1
228,257,257,15,1
228,257,257,16,0
228,257,257,17,2
228,257,257,18,1
228,257,257,19,1
228,257,257,20,0
228,257,257,21,1
228,257,257,22,0
228,257,257,23,2
228,257,257,0,1
228,258,258,1,221
228,258,258,2,2
228,258,258,3,93
228,258,258,4,214
228,258,258,5,310
228,258,258,6,1
228,258,258,7,3
228,258,258,8,0
228,258,258,9,0
228,258,258,10,0
228,258,258,11,1
228,258,258,12,1
228,258,258,13,1
228,258,258,14,1
228,258,258,15,0
228,258,258,16,3
228,258,258,17,2
228,258,258,18,3
228,258,258,19,0
228,258,258,20,3
228,258,258,21,0
228,258,258,22,2
228,258,258,23,1
228,258,258,0,1
228,259,259,1,219
228,259,259,2,3
228,259,259,3,48
228,259,259,4,206
228,259,259,5,303
228,259,259,6,3
228,259,259,7,1
228,259,259,8,0
228,259,259,9,0
228,259,259,10,1
228,259,259,11,1
228,259,259,12,0
228,259,259,13,3
228,259,259,14,2
228,259,259,15,1
228,259,259,16,15
228,259,259,17,3
228,259,259,18,4
228,259,259,19,1
228,259,259,20,3
228,259,259,21,4
228,259,259,22,0
228,259,259,23,1
228,259,259,0,1
228,260,260,1,197
228,260,260,2,5
228,260,260,3,32
228,260,260,4,215
228,260,260,5,328
228,260,260,6,2
228,260,260,7,0
228,260,260,8,0
228,260,260,9,1
228,260,260,10,0
228,260,260,11,0
228,260,260,12,3
228,260,260,13,1
228,260,260,14,0
228,260,260,15,0
228,260,260,16,3
228,260,260,17,2
228,260,260,18,1
228,260,260,19,0
228,260,260,20,0
228,260,260,21,2
228,260,260,22,0
228,260,260,23,0
228,260,260,0,2
228,261,261,1,210
228,261,261,2,1
228,261,261,3,25
228,261,261,4,209
228,261,261,5,242
228,261,261,6,0
228,261,261,7,0
228,261,261,8,1
228,261,261,9,1
228,261,261,10,0
228,261,261,11,0
228,261,261,12,1
228,261,261,13,1
228,261,261,14,0
228,261,261,15,2
228,261,261,16,4
228,261,261,17,4
228,261,261,18,6
228,261,261,19,1
228,261,261,20,1
228,261,261,21,1
228,261,261,22,0
228,261,261,23,1
228,261,261,0,1
228,262,262,1,198
228,262,262,2,2
228,262,262,3,102
228,262,262,4,238
228,262,262,5,291
228,262,262,6,1
228,262,262,7,0
228,262,262,8,1
228,262,262,9,0
228,262,262,10,1
228,262,262,11,0
228,262,262,12,2
228,262,262,13,3
228,262,262,14,2
228,262,262,15,3
228,262,262,16,2
228,262,262,17,1
228,262,262,18,1
228,262,262,19,1
228,262,262,20,0
228,262,262,21,1
228,262,262,22,0
228,262,262,23,1
228,262,262,0,1
228,263,263,1,123
228,263,263,2,1
228,263,263,3,43
228,263,263,4,172
228,263,263,5,251
228,263,263,6,0
228,263,263,7,0
228,263,263,8,0
228,263,263,9,0
228,263,263,10,0
228,263,263,11,0
228,263,263,12,1
228,263,263,13,0
228,263,263,14,1
228,263,263,15,0
228,263,263,16,1
228,263,263,17,3
228,263,263,18,0
228,263,263,19,0
228,263,263,20,2
228,263,263,21,0
228,263,263,22,0
228,263,263,23,1
228,263,263,0,0
228,264,264,1,80
228,264,264,2,1
228,264,264,3,51
228,264,264,4,169
228,264,264,5,122
228,264,264,6,0
228,264,264,7,0
228,264,264,8,0
228,264,264,9,0
228,264,264,10,0
228,264,264,11,0
228,264,264,12,0
228,264,264,13,0
228,264,264,14,1
228,264,264,15,0
228,264,264,16,1
228,264,264,17,0
228,264,264,18,0
228,264,264,19,0
228,264,264,20,0
228,264,264,21,0
228,264,264,22,0
228,264,264,23,0
228,264,264,0,1
228,265,265,1,126
228,265,265,2,1
228,265,265,3,56
228,265,265,4,128
228,265,265,5,212
228,265,265,6,0
228,265,265,7,1
228,265,265,8,2
228,265,265,9,0
228,265,265,10,1
228,265,265,11,0
228,265,265,12,1
228,265,265,13,0
228,265,265,14,0
228,265,265,15,1
228,265,265,16,1
228,265,265,17,0
228,265,265,18,1
228,265,265,19,0
228,265,265,20,2
228,265,265,21,2
228,265,265,22,0
228,265,265,23,0
228,265,265,0,1
228,266,266,1,218
228,266,266,2,2
228,266,266,3,51
228,266,266,4,163
228,266,266,5,234
228,266,266,6,4
228,266,266,7,1
228,266,266,8,0
228,266,266,9,0
228,266,266,10,0
228,266,266,11,0
228,266,266,12,2
228,266,266,13,1
228,266,266,14,1
228,266,266,15,0
228,266,266,16,2
228,266,266,17,2
228,266,266,18,1
228,266,266,19,0
228,266,266,20,0
228,266,266,21,0
228,266,266,22,1
228,266,266,23,0
228,266,266,0,1
228,267,267,1,134
228,267,267,2,3
228,267,267,3,66
228,267,267,4,194
228,267,267,5,239
228,267,267,6,0
228,267,267,7,1
228,267,267,8,1
228,267,267,9,1
228,267,267,10,0
228,267,267,11,0
228,267,267,12,0
228,267,267,13,1
228,267,267,14,1
228,267,267,15,0
228,267,267,16,2
228,267,267,17,2
228,267,267,18,3
228,267,267,19,0
228,267,267,20,1
228,267,267,21,1
228,267,267,22,0
228,267,267,23,0
228,267,267,0,1
228,268,268,1,274
228,268,268,2,1
228,268,268,3,60
228,268,268,4,232
228,268,268,5,255
228,268,268,6,0
228,268,268,7,0
228,268,268,8,2
228,268,268,9,0
228,268,268,10,0
228,268,268,11,0
228,268,268,12,2
228,268,268,13,1
228,268,268,14,0
228,268,268,15,1
228,268,268,16,3
228,268,268,17,6
228,268,268,18,0
228,268,268,19,1
228,268,268,20,1
228,268,268,21,1
228,268,268,22,0
228,268,268,23,1
228,268,268,0,1
228,269,269,1,142
228,269,269,2,1
228,269,269,3,33
228,269,269,4,294
228,269,269,5,193
228,269,269,6,0
228,269,269,7,0
228,269,269,8,0
228,269,269,9,0
228,269,269,10,0
228,269,269,11,0
228,269,269,12,1
228,269,269,13,0
228,269,269,14,0
228,269,269,15,0
228,269,269,16,0
228,269,269,17,0
228,269,269,18,0
228,269,269,19,0
228,269,269,20,1
228,269,269,21,0
228,269,269,22,0
228,269,269,23,1
228,269,269,0,5
228,270,270,1,203
228,270,270,2,0
228,270,270,3,52
228,270,270,4,241
228,270,270,5,206
228,270,270,6,1
228,270,270,7,2
228,270,270,8,0
228,270,270,9,0
228,270,270,10,0
228,270,270,11,0
228,270,270,12,1
228,270,270,13,2
228,270,270,14,1
228,270,270,15,0
228,270,270,16,3
228,270,270,17,7
228,270,270,18,2
228,270,270,19,0
228,270,270,20,2
228,270,270,21,2
228,270,270,22,1
228,270,270,23,0
228,270,270,0,1
228,271,271,1,117
228,271,271,2,1
228,271,271,3,32
228,271,271,4,180
228,271,271,5,170
228,271,271,6,0
228,271,271,7,0
228,271,271,8,0
228,271,271,9,0
228,271,271,10,0
228,271,271,11,0
228,271,271,12,0
228,271,271,13,1
228,271,271,14,0
228,271,271,15,0
228,271,271,16,2
228,271,271,17,5
228,271,271,18,1
228,271,271,19,1
228,271,271,20,5
228,271,271,21,0
228,271,271,22,2
228,271,271,23,0
228,271,271,0,0
228,272,272,1,156
228,272,272,2,1
228,272,272,3,43
228,272,272,4,212
228,272,272,5,122
228,272,272,6,0
228,272,272,7,0
228,272,272,8,0
228,272,272,9,0
228,272,272,10,1
228,272,272,11,0
228,272,272,12,0
228,272,272,13,1
228,272,272,14,0
228,272,272,15,0
228,272,272,16,3
228,272,272,17,0
228,272,272,18,0
228,272,272,19,0
228,272,272,20,1
228,272,272,21,0
228,272,272,22,0
228,272,272,23,0
228,272,272,0,0
228,273,273,1,127
228,273,273,2,1
228,273,273,3,47
228,273,273,4,264
228,273,273,5,122
228,273,273,6,0
228,273,273,7,0
228,273,273,8,0
228,273,273,9,0
228,273,273,10,0
228,273,273,11,0
228,273,273,12,0
228,273,273,13,0
228,273,273,14,1
228,273,273,15,0
228,273,273,16,0
228,273,273,17,2
228,273,273,18,1
228,273,273,19,0
228,273,273,20,0
228,273,273,21,0
228,273,273,22,0
228,273,273,23,2
228,273,273,0,0
228,274,274,1,145
228,274,274,2,0
228,274,274,3,37
228,274,274,4,323
228,274,274,5,221
228,274,274,6,0
228,274,274,7,0
228,274,274,8,0
228,274,274,9,0
228,274,274,10,0
228,274,274,11,0
228,274,274,12,0
228,274,274,13,1
228,274,274,14,0
228,274,274,15,0
228,274,274,16,1
228,274,274,17,2
228,274,274,18,6
228,274,274,19,0
228,274,274,20,1
228,274,274,21,0
228,274,274,22,0
228,274,274,23,0
228,274,274,0,1
228,275,275,1,143
228,275,275,2,0
228,275,275,3,15
228,275,275,4,117
228,275,275,5,185
228,275,275,6,0
228,275,275,7,0
228,275,275,8,0
228,275,275,9,0
228,275,275,10,0
228,275,275,11,0
228,275,275,12,0
228,275,275,13,0
228,275,275,14,0
228,275,275,15,0
228,275,275,16,0
228,275,275,17,0
228,275,275,18,2
228,275,275,19,0
228,275,275,20,0
228,275,275,21,1
228,275,275,22,1
228,275,275,23,0
228,275,275,0,0
228,276,276,1,130
228,276,276,2,0
228,276,276,3,19
228,276,276,4,220
228,276,276,5,119
228,276,276,6,0
228,276,276,7,1
228,276,276,8,0
228,276,276,9,0
228,276,276,10,0
228,276,276,11,0
228,276,276,12,0
228,276,276,13,0
228,276,276,14,0
228,276,276,15,0
228,276,276,16,1
228,276,276,17,8
228,276,276,18,4
228,276,276,19,1
228,276,276,20,2
228,276,276,21,0
228,276,276,22,0
228,276,276,23,0
228,276,276,0,1
228,277,277,1,151
228,277,277,2,0
228,277,277,3,58
228,277,277,4,181
228,277,277,5,150
228,277,277,6,2
228,277,277,7,1
228,277,277,8,1
228,277,277,9,1
228,277,277,10,0
228,277,277,11,0
228,277,277,12,0
228,277,277,13,0
228,277,277,14,1
228,277,277,15,1
228,277,277,16,1
228,277,277,17,1
228,277,277,18,1
228,277,277,19,1
228,277,277,20,0
228,277,277,21,1
228,277,277,22,0
228,277,277,23,0
228,277,277,0,1
228,278,278,1,112
228,278,278,2,0
228,278,278,3,30
228,278,278,4,120
228,278,278,5,121
228,278,278,6,0
228,278,278,7,0
228,278,278,8,1
228,278,278,9,0
228,278,278,10,0
228,278,278,11,0
228,278,278,12,0
228,278,278,13,0
228,278,278,14,0
228,278,278,15,0
228,278,278,16,0
228,278,278,17,1
228,278,278,18,0
228,278,278,19,0
228,278,278,20,1
228,278,278,21,0
228,278,278,22,0
228,278,278,23,0
228,278,278,0,0
228,279,279,1,262
228,279,279,2,0
228,279,279,3,35
228,279,279,4,111
228,279,279,5,166
228,279,279,6,0
228,279,279,7,0
228,279,279,8,1
228,279,279,9,0
228,279,279,10,0
228,279,279,11,0
228,279,279,12,1
228,279,279,13,1
228,279,279,14,0
228,279,279,15,0
228,279,279,16,2
228,279,279,17,3
228,279,279,18,2
228,279,279,19,0
228,279,279,20,0
228,279,279,21,0
228,279,279,22,0
228,279,279,23,1
228,279,279,0,2
228,280,280,1,320
228,280,280,2,0
228,280,280,3,32
228,280,280,4,143
228,280,280,5,215
228,280,280,6,2
228,280,280,7,0
228,280,280,8,0
228,280,280,9,0
228,280,280,10,1
228,280,280,11,0
228,280,280,12,1
228,280,280,13,0
228,280,280,14,0
228,280,280,15,0
228,280,280,16,3
228,280,280,17,4
228,280,280,18,2
228,280,280,19,2
228,280,280,20,0
228,280,280,21,2
228,280,280,22,0
228,280,280,23,0
228,280,280,0,1
228,281,281,1,115
228,281,281,2,1
228,281,281,3,40
228,281,281,4,231
228,281,281,5,229
228,281,281,6,0
228,281,281,7,1
228,281,281,8,1
228,281,281,9,0
228,281,281,10,2
228,281,281,11,0
228,281,281,12,0
228,281,281,13,0
228,281,281,14,0
228,281,281,15,0
228,281,281,16,3
228,281,281,17,0
228,281,281,18,1
228,281,281,19,0
228,281,281,20,1
228,281,281,21,0
228,281,281,22,0
228,281,281,23,0
228,281,281,0,2
228,282,282,1,131
228,282,282,2,0
228,282,282,3,34
228,282,282,4,227
228,282,282,5,229
228,282,282,6,1
228,282,282,7,0
228,282,282,8,1
228,282,282,9,0
228,282,282,10,0
228,282,282,11,0
228,282,282,12,1
228,282,282,13,3
228,282,282,14,0
228,282,282,15,0
228,282,282,16,2
228,282,282,17,0
228,282,282,18,1
228,282,282,19,0
228,282,282,20,0
228,282,282,21,0
228,282,282,22,1
228,282,282,23,0
228,282,282,0,0
228,283,283,1,94
228,283,283,2,0
228,283,283,3,4
228,283,283,4,29
228,283,283,5,280
228,283,283,6,2
228,283,283,7,0
228,283,283,8,0
228,283,283,9,0
228,283,283,10,0
228,283,283,11,2
228,283,283,12,0
228,283,283,13,3
228,283,283,14,0
228,283,283,15,0
228,283,283,16,2
228,283,283,17,1
228,283,283,18,0
228,283,283,19,1
228,283,283,20,0
228,283,283,21,1
228,283,283,22,0
228,283,283,23,0
228,283,283,0,1
228,284,284,1,163
228,284,284,2,1
228,284,284,3,37
228,284,284,4,42
228,284,284,5,280
228,284,284,6,1
228,284,284,7,0
228,284,284,8,0
228,284,284,9,0
228,284,284,10,1
228,284,284,11,0
228,284,284,12,2
228,284,284,13,1
228,284,284,14,0
228,284,284,15,1
228,284,284,16,0
228,284,284,17,0
228,284,284,18,1
228,284,284,19,0
228,284,284,20,0
228,284,284,21,0
228,284,284,22,0
228,284,284,23,0
228,284,284,0,1
228,285,285,1,115
228,285,285,2,1
228,285,285,3,28
228,285,285,4,104
228,285,285,5,187
228,285,285,6,0
228,285,285,7,0
228,285,285,8,0
228,285,285,9,0
228,285,285,10,0
228,285,285,11,1
228,285,285,12,0
228,285,285,13,1
228,285,285,14,1
228,285,285,15,0
228,285,285,16,0
228,285,285,17,1
228,285,285,18,0
228,285,285,19,0
228,285,285,20,1
228,285,285,21,0
228,285,285,22,0
228,285,285,23,0
228,285,285,0,0
228,286,286,1,117
228,286,286,2,2
228,286,286,3,30
228,286,286,4,132
228,286,286,5,276
228,286,286,6,1
228,286,286,7,0
228,286,286,8,0
228,286,286,9,0
228,286,286,10,1
228,286,286,11,1
228,286,286,12,0
228,286,286,13,0
228,286,286,14,0
228,286,286,15,0
228,286,286,16,0
228,286,286,17,3
228,286,286,18,2
228,286,286,19,4
228,286,286,20,0
228,286,286,21,0
228,286,286,22,1
228,286,286,23,0
228,286,286,0,1
228,287,287,1,148
228,287,287,2,2
228,287,287,3,34
228,287,287,4,78
228,287,287,5,268
228,287,287,6,1
228,287,287,7,0
228,287,287,8,0
228,287,287,9,0
228,287,287,10,1
228,287,287,11,0
228,287,287,12,0
228,287,287,13,0
228,287,287,14,0
228,287,287,15,0
228,287,287,16,1
228,287,287,17,3
228,287,287,18,2
228,287,287,19,0
228,287,287,20,0
228,287,287,21,1
228,287,287,22,0
228,287,287,23,1
228,287,287,0,0
228,288,288,1,238
228,288,288,2,1
228,288,288,3,50
228,288,288,4,141
228,288,288,5,236
228,288,288,6,1
228,288,288,7,2
228,288,288,8,0
228,288,288,9,1
228,288,288,10,0
228,288,288,11,1
228,288,288,12,0
228,288,288,13,0
228,288,288,14,1
228,288,288,15,0
228,288,288,16,3
228,288,288,17,2
228,288,288,18,1
228,288,288,19,0
228,288,288,20,0
228,288,288,21,1
228,288,288,22,0
228,288,288,23,0
228,288,288,0,3
228,289,289,1,130
228,289,289,2,3
228,289,289,3,37
228,289,289,4,95
228,289,289,5,183
228,289,289,6,1
228,289,289,7,0
228,289,289,8,0
228,289,289,9,0
228,289,289,10,0
228,289,289,11,0
228,289,289,12,0
228,289,289,13,0
228,289,289,14,1
228,289,289,15,0
228,289,289,16,2
228,289,289,17,0
228,289,289,18,0
228,289,289,19,0
228,289,289,20,1
228,289,289,21,1
228,289,289,22,1
228,289,289,23,0
228,289,289,0,2
228,290,290,1,93
228,290,290,2,0
228,290,290,3,37
228,290,290,4,316
228,290,290,5,207
228,290,290,6,0
228,290,290,7,2
228,290,290,8,0
228,290,290,9,0
228,290,290,10,0
228,290,290,11,0
228,290,290,12,1
228,290,290,13,0
228,290,290,14,0
228,290,290,15,0
228,290,290,16,0
228,290,290,17,2
228,290,290,18,2
228,290,290,19,0
228,290,290,20,0
228,290,290,21,0
228,290,290,22,0
228,290,290,23,0
228,290,290,0,1
228,291,291,1,132
228,291,291,2,2
228,291,291,3,43
228,291,291,4,342
228,291,291,5,252
228,291,291,6,0
228,291,291,7,0
228,291,291,8,1
228,291,291,9,0
228,291,291,10,1
228,291,291,11,0
228,291,291,12,1
228,291,291,13,4
228,291,291,14,1
228,291,291,15,0
228,291,291,16,3
228,291,291,17,1
228,291,291,18,3
228,291,291,19,0
228,291,291,20,1
228,291,291,21,1
228,291,291,22,1
228,291,291,23,0
228,291,291,0,0
228,292,292,1,0
228,292,292,2,1
228,292,292,3,52
228,292,292,4,279
228,292,292,5,146
228,292,292,6,0
228,292,292,7,0
228,292,292,8,0
228,292,292,9,0
228,292,292,10,0
228,292,292,11,0
228,292,292,12,0
228,292,292,13,1
228,292,292,14,1
228,292,292,15,0
228,292,292,16,1
228,292,292,17,3
228,292,292,18,0
228,292,292,19,3
228,292,292,20,0
228,292,292,21,1
228,292,292,22,0
228,292,292,23,1
228,292,292,0,1
228,293,293,1,0
228,293,293,2,0
228,293,293,3,0
228,293,293,4,0
228,293,293,5,0
228,293,293,6,0
228,293,293,7,0
228,293,293,8,0
228,293,293,9,0
228,293,293,10,0
228,293,293,11,0
228,293,293,12,0
228,293,293,13,0
228,293,293,14,0
228,293,293,15,0
228,293,293,16,0
228,293,293,17,0
228,293,293,18,0
228,293,293,19,0
228,293,293,20,0
228,293,293,21,0
228,293,293,22,0
228,293,293,23,0
228,293,293,0,0
228,293,293,1,171
228,293,293,2,0
228,293,293,3,36
228,293,293,4,54
228,293,293,5,275
228,293,293,6,0
228,293,293,7,0
228,293,293,8,0
228,293,293,9,0
228,293,293,10,0
228,293,293,11,0
228,293,293,12,1
228,293,293,13,0
228,293,293,14,0
228,293,293,15,0
228,293,293,16,0
228,293,293,17,4
228,293,293,18,0
228,293,293,19,0
228,293,293,20,0
228,293,293,21,0
228,293,293,22,0
228,293,293,23,0
228,293,293,0,0
228,294,294,1,0
228,294,294,2,0
228,294,294,3,0
228,294,294,4,0
228,294,294,5,0
228,294,294,6,0
228,294,294,7,0
228,294,294,8,0
228,294,294,9,0
228,294,294,10,0
228,294,294,11,0
228,294,294,12,0
228,294,294,13,0
228,294,294,14,0
228,294,294,15,0
228,294,294,16,0
228,294,294,17,0
228,294,294,18,0
228,294,294,19,0
228,294,294,20,0
228,294,294,21,0
228,294,294,22,0
228,294,294,23,0
228,294,294,0,0
228,294,294,1,166
228,294,294,2,0
228,294,294,3,25
228,294,294,4,37
228,294,294,5,347
228,294,294,6,0
228,294,294,7,0
228,294,294,8,0
228,294,294,9,0
228,294,294,10,0
228,294,294,11,0
228,294,294,12,1
228,294,294,13,0
228,294,294,14,0
228,294,294,15,0
228,294,294,16,0
228,294,294,17,4
228,294,294,18,0
228,294,294,19,0
228,294,294,20,0
228,294,294,21,0
228,294,294,22,0
228,294,294,23,0
228,294,294,0,0
228,295,295,1,115
228,295,295,2,0
228,295,295,3,13
228,295,295,4,40
228,295,295,5,160
228,295,295,6,2
228,295,295,7,0
228,295,295,8,1
228,295,295,9,0
228,295,295,10,0
228,295,295,11,0
228,295,295,12,0
228,295,295,13,1
228,295,295,14,1
228,295,295,15,0
228,295,295,16,0
228,295,295,17,3
228,295,295,18,1
228,295,295,19,0
228,295,295,20,1
228,295,295,21,0
228,295,295,22,0
228,295,295,23,0
228,295,295,0,1
228,296,296,1,194
228,296,296,2,0
228,296,296,3,34
228,296,296,4,40
228,296,296,5,378
228,296,296,6,0
228,296,296,7,0
228,296,296,8,1
228,296,296,9,0
228,296,296,10,0
228,296,296,11,0
228,296,296,12,1
228,296,296,13,0
228,296,296,14,0
228,296,296,15,1
228,296,296,16,0
228,296,296,17,1
228,296,296,18,1
228,296,296,19,0
228,296,296,20,0
228,296,296,21,0
228,296,296,22,1
228,296,296,23,0
228,296,296,0,0
228,297,297,1,123
228,297,297,2,0
228,297,297,3,11
228,297,297,4,65
228,297,297,5,251
228,297,297,6,1
228,297,297,7,0
228,297,297,8,0
228,297,297,9,0
228,297,297,10,0
228,297,297,11,0
228,297,297,12,1
228,297,297,13,1
228,297,297,14,0
228,297,297,15,0
228,297,297,16,1
228,297,297,17,4
228,297,297,18,2
228,297,297,19,0
228,297,297,20,1
228,297,297,21,2
228,297,297,22,0
228,297,297,23,0
228,297,297,0,1
228,298,298,1,195
228,298,298,2,1
228,298,298,3,21
228,298,298,4,37
228,298,298,5,209
228,298,298,6,0
228,298,298,7,0
228,298,298,8,0
228,298,298,9,0
228,298,298,10,0
228,298,298,11,0
228,298,298,12,1
228,298,298,13,1
228,298,298,14,0
228,298,298,15,0
228,298,298,16,0
228,298,298,17,2
228,298,298,18,1
228,298,298,19,1
228,298,298,20,0
228,298,298,21,0
228,298,298,22,2
228,298,298,23,0
228,298,298,0,0
228,299,299,1,210
228,299,299,2,0
228,299,299,3,41
228,299,299,4,45
228,299,299,5,220
228,299,299,6,0
228,299,299,7,0
228,299,299,8,0
228,299,299,9,0
228,299,299,10,0
228,299,299,11,0
228,299,299,12,0
228,299,299,13,0
228,299,299,14,0
228,299,299,15,0
228,299,299,16,0
228,299,299,17,4
228,299,299,18,0
228,299,299,19,0
228,299,299,20,0
228,299,299,21,1
228,299,299,22,0
228,299,299,23,1
228,299,299,0,1
228,300,300,1,173
228,300,300,2,0
228,300,300,3,67
228,300,300,4,339
228,300,300,5,248
228,300,300,6,0
228,300,300,7,0
228,300,300,8,0
228,300,300,9,0
228,300,300,10,0
228,300,300,11,0
228,300,300,12,0
228,300,300,13,0
228,300,300,14,0
228,300,300,15,0
228,300,300,16,1
228,300,300,17,3
228,300,300,18,0
228,300,300,19,2
228,300,300,20,2
228,300,300,21,0
228,300,300,22,0
228,300,300,23,0
228,300,300,0,2
228,301,301,1,165
228,301,301,2,0
228,301,301,3,74
228,301,301,4,282
228,301,301,5,244
228,301,301,6,1
228,301,301,7,1
228,301,301,8,1
228,301,301,9,1
228,301,301,10,0
228,301,301,11,0
228,301,301,12,0
228,301,301,13,0
228,301,301,14,0
228,301,301,15,0
228,301,301,16,0
228,301,301,17,2
228,301,301,18,1
228,301,301,19,1
228,301,301,20,0
228,301,301,21,0
228,301,301,22,0
228,301,301,23,1
228,301,301,0,2
228,302,302,1,192
228,302,302,2,1
228,302,302,3,60
228,302,302,4,201
228,302,302,5,296
228,302,302,6,1
228,302,302,7,0
228,302,302,8,0
228,302,302,9,0
228,302,302,10,0
228,302,302,11,1
228,302,302,12,1
228,302,302,13,0
228,302,302,14,0
228,302,302,15,0
228,302,302,16,0
228,302,302,17,3
228,302,302,18,4
228,302,302,19,1
228,302,302,20,1
228,302,302,21,1
228,302,302,22,0
228,302,302,23,1
228,302,302,0,1
228,303,303,1,110
228,303,303,2,0
228,303,303,3,45
228,303,303,4,370
228,303,303,5,328
228,303,303,6,0
228,303,303,7,0
228,303,303,8,0
228,303,303,9,0
228,303,303,10,0
228,303,303,11,0
228,303,303,12,1
228,303,303,13,1
228,303,303,14,0
228,303,303,15,0
228,303,303,16,0
228,303,303,17,3
228,303,303,18,2
228,303,303,19,1
228,303,303,20,0
228,303,303,21,0
228,303,303,22,0
228,303,303,23,0
228,303,303,0,3
228,304,304,1,149
228,304,304,2,0
228,304,304,3,84
228,304,304,4,307
228,304,304,5,286
228,304,304,6,0
228,304,304,7,0
228,304,304,8,2
228,304,304,9,0
228,304,304,10,0
228,304,304,11,1
228,304,304,12,1
228,304,304,13,0
228,304,304,14,0
228,304,304,15,0
228,304,304,16,0
228,304,304,17,3
228,304,304,18,2
228,304,304,19,1
228,304,304,20,0
228,304,304,21,0
228,304,304,22,1
228,304,304,23,0
228,304,304,0,2
228,305,305,1,67
228,305,305,2,0
228,305,305,3,36
228,305,305,4,191
228,305,305,5,98
228,305,305,6,2
228,305,305,7,0
228,305,305,8,0
228,305,305,9,0
228,305,305,10,0
228,305,305,11,0
228,305,305,12,0
228,305,305,13,1
228,305,305,14,1
228,305,305,15,0
228,305,305,16,0
228,305,305,17,0
228,305,305,18,0
228,305,305,19,0
228,305,305,20,0
228,305,305,21,0
228,305,305,22,0
228,305,305,23,0
228,305,305,0,1
228,306,306,1,75
228,306,306,2,1
228,306,306,3,55
228,306,306,4,199
228,306,306,5,149
228,306,306,6,0
228,306,306,7,0
228,306,306,8,1
228,306,306,9,0
228,306,306,10,0
228,306,306,11,0
228,306,306,12,0
228,306,306,13,0
228,306,306,14,1
228,306,306,15,1
228,306,306,16,0
228,306,306,17,0
228,306,306,18,0
228,306,306,19,0
228,306,306,20,1
228,306,306,21,0
228,306,306,22,0
228,306,306,23,0
228,306,306,0,2
228,307,307,1,253
228,307,307,2,2
228,307,307,3,47
228,307,307,4,212
228,307,307,5,223
228,307,307,6,1
228,307,307,7,0
228,307,307,8,0
228,307,307,9,1
228,307,307,10,0
228,307,307,11,0
228,307,307,12,0
228,307,307,13,0
228,307,307,14,0
228,307,307,15,0
228,307,307,16,1
228,307,307,17,5
228,307,307,18,1
228,307,307,19,0
228,307,307,20,0
228,307,307,21,0
228,307,307,22,1
228,307,307,23,1
228,307,307,0,4
228,308,308,1,132
228,308,308,2,0
228,308,308,3,63
228,308,308,4,266
228,308,308,5,218
228,308,308,6,1
228,308,308,7,0
228,308,308,8,1
228,308,308,9,0
228,308,308,10,0
228,308,308,11,1
228,308,308,12,0
228,308,308,13,0
228,308,308,14,0
228,308,308,15,0
228,308,308,16,0
228,308,308,17,0
228,308,308,18,0
228,308,308,19,1
228,308,308,20,1
228,308,308,21,0
228,308,308,22,0
228,308,308,23,0
228,308,308,0,1
228,309,309,1,159
228,309,309,2,0
228,309,309,3,54
228,309,309,4,320
228,309,309,5,249
228,309,309,6,1
228,309,309,7,0
228,309,309,8,0
228,309,309,9,1
228,309,309,10,1
228,309,309,11,0
228,309,309,12,0
228,309,309,13,0
228,309,309,14,1
228,309,309,15,0
228,309,309,16,1
228,309,309,17,5
228,309,309,18,3
228,309,309,19,2
228,309,309,20,0
228,309,309,21,0
228,309,309,22,0
228,309,309,23,0
228,309,309,0,2
228,310,310,1,167
228,310,310,2,1
228,310,310,3,59
228,310,310,4,289
228,310,310,5,211
228,310,310,6,1
228,310,310,7,1
228,310,310,8,0
228,310,310,9,0
228,310,310,10,0
228,310,310,11,0
228,310,310,12,1
228,310,310,13,3
228,310,310,14,0
228,310,310,15,1
228,310,310,16,0
228,310,310,17,1
228,310,310,18,3
228,310,310,19,1
228,310,310,20,2
228,310,310,21,0
228,310,310,22,0
228,310,310,23,0
228,310,310,0,1
228,311,311,1,201
228,311,311,2,1
228,311,311,3,81
228,311,311,4,273
228,311,311,5,273
228,311,311,6,1
228,311,311,7,0
228,311,311,8,0
228,311,311,9,0
228,311,311,10,1
228,311,311,11,0
228,311,311,12,0
228,311,311,13,0
228,311,311,14,0
228,311,311,15,0
228,311,311,16,1
228,311,311,17,1
228,311,311,18,0
228,311,311,19,2
228,311,311,20,0
228,311,311,21,1
228,311,311,22,0
228,311,311,23,0
228,311,311,0,3
228,312,312,1,301
228,312,312,2,1
228,312,312,3,80
228,312,312,4,68
228,312,312,5,208
228,312,312,6,1
228,312,312,7,0
228,312,312,8,1
228,312,312,9,0
228,312,312,10,0
228,312,312,11,0
228,312,312,12,1
228,312,312,13,0
228,312,312,14,1
228,312,312,15,0
228,312,312,16,0
228,312,312,17,3
228,312,312,18,3
228,312,312,19,0
228,312,312,20,0
228,312,312,21,1
228,312,312,22,0
228,312,312,23,0
228,312,312,0,0
228,313,313,1,165
228,313,313,2,0
228,313,313,3,29
228,313,313,4,236
228,313,313,5,284
228,313,313,6,3
228,313,313,7,0
228,313,313,8,0
228,313,313,9,0
228,313,313,10,0
228,313,313,11,1
228,313,313,12,0
228,313,313,13,2
228,313,313,14,1
228,313,313,15,2
228,313,313,16,0
228,313,313,17,1
228,313,313,18,0
228,313,313,19,0
228,313,313,20,1
228,313,313,21,1
228,313,313,22,1
228,313,313,23,0
228,313,313,0,0
228,314,314,1,214
228,314,314,2,5
228,314,314,3,55
228,314,314,4,176
228,314,314,5,283
228,314,314,6,1
228,314,314,7,1
228,314,314,8,0
228,314,314,9,0
228,314,314,10,1
228,314,314,11,0
228,314,314,12,2
228,314,314,13,5
228,314,314,14,0
228,314,314,15,0
228,314,314,16,5
228,314,314,17,3
228,314,314,18,1
228,314,314,19,0
228,314,314,20,1
228,314,314,21,3
228,314,314,22,0
228,314,314,23,1
228,314,314,0,0
228,315,315,1,252
228,315,315,2,1
228,315,315,3,32
228,315,315,4,274
228,315,315,5,184
228,315,315,6,0
228,315,315,7,0
228,315,315,8,2
228,315,315,9,0
228,315,315,10,0
228,315,315,11,0
228,315,315,12,2
228,315,315,13,1
228,315,315,14,2
228,315,315,15,1
228,315,315,16,2
228,315,315,17,7
228,315,315,18,1
228,315,315,19,0
228,315,315,20,1
228,315,315,21,0
228,315,315,22,0
228,315,315,23,0
228,315,315,0,2
228,316,316,1,173
228,316,316,2,3
228,316,316,3,44
228,316,316,4,42
228,316,316,5,347
228,316,316,6,1
228,316,316,7,0
228,316,316,8,0
228,316,316,9,0
228,316,316,10,0
228,316,316,11,1
228,316,316,12,0
228,316,316,13,0
228,316,316,14,0
228,316,316,15,0
228,316,316,16,1
228,316,316,17,4
228,316,316,18,4
228,316,316,19,0
228,316,316,20,0
228,316,316,21,1
228,316,316,22,0
228,316,316,23,0
228,316,316,0,1
228,317,317,1,164
228,317,317,2,1
228,317,317,3,27
228,317,317,4,32
228,317,317,5,281
228,317,317,6,0
228,317,317,7,0
228,317,317,8,0
228,317,317,9,0
228,317,317,10,0
228,317,317,11,0
228,317,317,12,0
228,317,317,13,1
228,317,317,14,0
228,317,317,15,0
228,317,317,16,0
228,317,317,17,4
228,317,317,18,1
228,317,317,19,0
228,317,317,20,1
228,317,317,21,1
228,317,317,22,0
228,317,317,23,0
228,317,317,0,1
228,318,318,1,169
228,318,318,2,1
228,318,318,3,47
228,318,318,4,44
228,318,318,5,570
228,318,318,6,2
228,318,318,7,1
228,318,318,8,0
228,318,318,9,0
228,318,318,10,0
228,318,318,11,1
228,318,318,12,1
228,318,318,13,0
228,318,318,14,1
228,318,318,15,1
228,318,318,16,0
228,318,318,17,4
228,318,318,18,3
228,318,318,19,3
228,318,318,20,0
228,318,318,21,7
228,318,318,22,1
228,318,318,23,0
228,318,318,0,4
228,319,319,1,209
228,319,319,2,2
228,319,319,3,50
228,319,319,4,41
228,319,319,5,369
228,319,319,6,2
228,319,319,7,2
228,319,319,8,3
228,319,319,9,0
228,319,319,10,0
228,319,319,11,2
228,319,319,12,1
228,319,319,13,2
228,319,319,14,0
228,319,319,15,0
228,319,319,16,0
228,319,319,17,3
228,319,319,18,2
228,319,319,19,0
228,319,319,20,1
228,319,319,21,0
228,319,319,22,0
228,319,319,23,0
228,319,319,0,1
228,320,320,1,194
228,320,320,2,3
228,320,320,3,40
228,320,320,4,60
228,320,320,5,340
228,320,320,6,2
228,320,320,7,0
228,320,320,8,1
228,320,320,9,0
228,320,320,10,1
228,320,320,11,0
228,320,320,12,0
228,320,320,13,2
228,320,320,14,0
228,320,320,15,0
228,320,320,16,3
228,320,320,17,1
228,320,320,18,2
228,320,320,19,2
228,320,320,20,0
228,320,320,21,3
228,320,320,22,1
228,320,320,23,0
228,320,320,0,0
228,321,321,1,239
228,321,321,2,0
228,321,321,3,54
228,321,321,4,75
228,321,321,5,324
228,321,321,6,0
228,321,321,7,1
228,321,321,8,0
228,321,321,9,0
228,321,321,10,0
228,321,321,11,0
228,321,321,12,1
228,321,321,13,0
228,321,321,14,0
228,321,321,15,0
228,321,321,16,2
228,321,321,17,4
228,321,321,18,2
228,321,321,19,1
228,321,321,20,0
228,321,321,21,6
228,321,321,22,0
228,321,321,23,0
228,321,321,0,0
228,322,322,1,212
228,322,322,2,2
228,322,322,3,42
228,322,322,4,36
228,322,322,5,460
228,322,322,6,2
228,322,322,7,0
228,322,322,8,0
228,322,322,9,0
228,322,322,10,1
228,322,322,11,0
228,322,322,12,1
228,322,322,13,0
228,322,322,14,0
228,322,322,15,0
228,322,322,16,1
228,322,322,17,1
228,322,322,18,1
228,322,322,19,1
228,322,322,20,0
228,322,322,21,0
228,322,322,22,1
228,322,322,23,0
228,322,322,0,1
228,323,323,1,68
228,323,323,2,0
228,323,323,3,11
228,323,323,4,26
228,323,323,5,154
228,323,323,6,0
228,323,323,7,0
228,323,323,8,0
228,323,323,9,0
228,323,323,10,0
228,323,323,11,0
228,323,323,12,0
228,323,323,13,0
228,323,323,14,0
228,323,323,15,0
228,323,323,16,1
228,323,323,17,0
228,323,323,18,1
228,323,323,19,0
228,323,323,20,0
228,323,323,21,0
228,323,323,22,0
228,323,323,23,0
228,323,323,0,0
228,324,324,1,234
228,324,324,2,3
228,324,324,3,40
228,324,324,4,46
228,324,324,5,442
228,324,324,6,0
228,324,324,7,0
228,324,324,8,0
228,324,324,9,0
228,324,324,10,0
228,324,324,11,0
228,324,324,12,2
228,324,324,13,1
228,324,324,14,0
228,324,324,15,1
228,324,324,16,1
228,324,324,17,0
228,324,324,18,0
228,324,324,19,0
228,324,324,20,0
228,324,324,21,0
228,324,324,22,0
228,324,324,23,0
228,324,324,0,3
228,325,325,1,155
228,325,325,2,0
228,325,325,3,37
228,325,325,4,78
228,325,325,5,420
228,325,325,6,2
228,325,325,7,3
228,325,325,8,0
228,325,325,9,0
228,325,325,10,0
228,325,325,11,0
228,325,325,12,1
228,325,325,13,1
228,325,325,14,0
228,325,325,15,0
228,325,325,16,0
228,325,325,17,6
228,325,325,18,5
228,325,325,19,3
228,325,325,20,2
228,325,325,21,5
228,325,325,22,0
228,325,325,23,0
228,325,325,0,0
228,326,326,1,172
228,326,326,2,0
228,326,326,3,39
228,326,326,4,99
228,326,326,5,444
228,326,326,6,0
228,326,326,7,1
228,326,326,8,0
228,326,326,9,0
228,326,326,10,0
228,326,326,11,0
228,326,326,12,0
228,326,326,13,3
228,326,326,14,0
228,326,326,15,1
228,326,326,16,1
228,326,326,17,1
228,326,326,18,1
228,326,326,19,1
228,326,326,20,0
228,326,326,21,0
228,326,326,22,0
228,326,326,23,0
228,326,326,0,2
228,327,327,1,56640
228,327,327,2,328
228,327,327,3,15225
228,327,327,4,52001
228,327,327,5,69400
228,327,327,6,162
228,327,327,7,101
228,327,327,8,120
228,327,327,9,34
228,327,327,10,70
228,327,327,11,76
228,327,327,12,195
228,327,327,13,222
228,327,327,14,131
228,327,327,15,93
228,327,327,16,280
228,327,327,17,818
228,327,327,18,476
228,327,327,19,163
228,327,327,20,205
228,327,327,21,222
228,327,327,22,52
228,327,327,23,91
228,327,327,0,462
228,328,328,1,57634
228,328,328,2,331
228,328,328,3,15370
228,328,328,4,52637
228,328,328,5,69947
228,328,328,6,163
228,328,328,7,103
228,328,328,8,121
228,328,328,9,34
228,328,328,10,70
228,328,328,11,76
228,328,328,12,195
228,328,328,13,232
228,328,328,14,134
228,328,328,15,93
228,328,328,16,285
228,328,328,17,819
228,328,328,18,482
228,328,328,19,164
228,328,328,20,205
228,328,328,21,223
228,328,328,22,52
228,328,328,23,92
228,328,328,0,469
