sl_no,ac_code,polling_station_number,polling_station,polling_areas,polling_station_type
1,29,1,"Panchayat Union  Primary SchoolEast Facing, North WingPitchivakkam-631553","1.Pitchivakkam (P) And (RV) Ward 1, 2. 3 Vellalar Street , 2.Pitchivakkam(P) And (RV) Ward 2 3 East colony , 3.Pitchivakkam(P) And (RV) Ward 1 2 Mettu colony , (999)- Overseas Electors",ALL VOTERS
2,29,2,"Panchayat Union  Primary  School, East Facing, South  Wing, Pitchivakkam-631553","1.Pichivakkam(P) And (RV) Ward 3 Chelliamman koil street , 2.Pichivakkam(P) And (RV) Ward 2 Checkpost , 3.Pichivakkam(P) And (RV) Ward 1 Kammala street
, 4.Pichivakkam(P) And(RV) Ward 1 Varasiththivinayagar street, 5.Pichivakkam(P) And(RV) Vinayagar Koil Street, Pichivakkam 6.Pichivakkam(P) And(RV) Perumal Koil Street, Pichivakkam, (999)- Overseas Electors.",ALL VOTERS
3,29,3,"Panchayat Union  Primary  School, North  Building, South  Facing, Pattumudayar Kuppam-631553","1.Pichivakkam(P) And (RV) Ward 1 Vinayagar Koil Street , 2.Pichivakkam(P) And (RV) Ward 3 Perumalkoil street , 3.Pichivakkam(P) And (RV) Ward 4 Mettukuppam
, 4.Pichivakkam(P) And (RV) Ward 4 Periyar Nagar , 5.Pichivakkam(P) And(RV) Ward 4 Pattumudayarkuppam Main Road , 6.Pichivakkam(P) And (RV) Ward 4 Pattumudayarkuppam, main road, 7.Pichivakkam(P) And (RV) Ward 4 Pattumudayar kuppam,
(999)- Overseas Electors",ALL VOTERS
4,29,4,"Panchayat Union  Primary  School, New Building, South  Facing, East Room, Sivapuram - 631553","1. Sivapuram (P) , Sivapuram (RV) Ward1 Bajanakoil street , 2.Sivapuram (P),Sivapuram (R.V) Ward2 nadu street , 3.Sivapuram (P),Sivapuram (R.V) Ward2 road street , 4.Sivapuram (P) ,Sivapuram (R.V) Ward2 artragarai street , 5.Sivapuram
(P) , Sivapuram (R.V) Ward3 Kuruk Street , 6.Sivapuram (P) Sivapuram (R.V)
Ward3 sivapuram colony , 7.Sivapuram (P), Sivapuram (R.V) Ward 1 Sivapuram , (999)- Overseas Electors",ALL VOTERS
5,29,5,"Panchayat Union  Middle School, South  Facing, North  Building, West Side, Orakada  Magadevi Mangalam-631553","1.Orakadam Magadevi Mangalam(P) Orakadam Magadevi Mangalam(RV) Ward 1mariyamman koil street , 2.Orakadam Magaevi Mangalam(P) (RV) Ward1 main road , 3.Orakadam Magaevi Mangalam(P) (RV) Ward1 pajanaikoil street ,
4.Orakadam Magaevi Mangalam(P) (RV) Ward1,2 pallikkuda street , 5.Orakadam Magaevi Mangalam(P) (RV) Ward2 nehru street , 6.Orakadam Magaevi Mangalam(P) (RV) Ward 2 Kappankottur Road , 7.Orakadam Magaevi Mangalam(P) (RV) Ward1 Madras Arakonam Road , 8.Orakadam Magaevi Mangalam(P) (RV) Ward2 athithravidar street , (999)- Overseas Electors",ALL VOTERS
6,29,6,"Panchayat Union  Primary  School, South  Facing, West Side, New Building, Kandivakkam-631553","1.Kandivakkam(P),Thulasapuram (RV) Ward 1 Perumal koil st , 2.Kandivakkam(P), Thulasapuram (RV) Ward 1 Vaniya street , 3.Kandivakkam(P), Thulasapuram(RV) Ward2 Mariyamman koil street , 4.Kandivakkam(P), Thulasapuram (RV) Ward2 Bajanaikoil street , 5.Kandivakkam(P) Thulasapuram(RV) Ward 3 Ricemill Street , 6.Kandivakkam(P) Thulasapuram (RV) Ward3 Poundu street , 7.Kandivakkam(P) Thulasapuram (RV) Ward3 Allamakkuttai Street , (999)- Overseas Electors",ALL VOTERS
7,29,7,"Panchayat Union  Primary  School, South  Facing, East Side, New Building, Kandivakkam-631553","1.Kandivakkam(P) Thulasapuram (RV) Ward 3 Ambethkar street , 2.Kandivakkam(P) Thulasapuram (RV) Ward 3 Uruthagandigaimariyamman koil Street , 3.Kandivakkam(P) Thulasapuram( RV) Ward3 Bajanaikoil Street Arunthipakkam , 4.Kandivakkam(P) Thulasapuram(RV) Ward2 Pillaiyarkoil street Tharkas village , 5.Kandivakkam(P), Thulasapuram (RV) Ward2 Perumalkoil Street
, 6.Kandivakkam(P) , Thulasapuram (R.V) Ward3 Arundhathipalayam , 7.Kandivakkam(P) , Thulasapuram (RV) Ward1 Pillaiyarkoil Street , 8.Kandivakkam(P), Thulasapuram (RV) Ward2 Perumalkoil street (colony) , (999)-
Overseas Electors",ALL VOTERS
8,29,8,"R.C.M. High  School, North Building, South  Facing, West Side, Chellampattadai-631553","1.Chellampattidai(P) ,Elimiyankottur (RV) Ward 1 Infant Jesus Street , 2.Chellampattidai (P) and (RV) Ward 1 Sivachariyar Street , 3.Chellampattidai (P) andi (RV) Ward 1 Arokkiyamadha Koil Street , 4.Chellampattidai (P) and Chellampattidai (RV) Ward 2 Sagayamadha Street , 5.Chellampattidai(P) And (RV) Ward 2 Colony Perumal Koil Street , (999)- Overseas Electors",ALL VOTERS
9,29,9,"R.C.M. High  School, North Building, South  Facing, East Side, Chellampattadai-631553","1.Chellampattidai (P) and Elumiyankottur(RV) Ward 3 Elumiyankottur Colony , 2.Chellampattidai Ward 3 Vettaicar Mettu Street , 3.Chellampattidai(P) and Chellapttidai(RV) Ward 3 Madha koil Street , 4.Chellampattidai(P) and Chellampattidai(RV) Ward Palla street , 5.Chellampattidai(P) and Chellampattidai(RV) Ward 3 Main Road , 6.Chellampattidai(P) and Chellampattidai(RV) Palla Street , (999)- Overseas Electors",ALL VOTERS
10,29,10,"Government High School, West Building, East Facing, Center Room, Edaiyarpakkam-631553","1.Eadaiyarpakkam (P) Kottur & (RV) Ward 1 Edaiyarpakkam Village, 2. Eadaiyarpakkam (P) & (RV) Ward 1, Mettu Street, 3.Eadaiyarpakkam (P) & (RV) Ward 2,3 Perumal Koil Street , 3.Eadaiyarpakkam (P) & (RV) Ward 1 Perumal Koil Street, 4.Edaiyarpakkam (P) & (RV) Ward1 perumal koil street , 5.Edaiyarpakkam
(P) & (RV) Ward1 Pramanar Street , (999)- Overseas Electors",ALL VOTERS
11,29,11,"Government High School, West Building, East Facing, North  Side Room, Edaiyarpakkam-631553","1. Eadaiyarpakkam (P) and (RV), Ward2,3 Edaiyarpakkam Colony, 2.Eadaiyarpakkam (P) & (RV), Ward 2,3 Mettu Colony 3. Edayarpakkam (P) Kottur (RV), Ward1 kottur 4. Edaiyarpakkam (p) & (RV), Ward1 Savuntupallayam 5. Edaiyarpakkam (P) Kottur (RV), Ward2 kottur colony 6.Edaiyarpakkam (P) Kottur (RV), Ward2 perumal koil street 7. Edaiyarpakkam (P) Kottur (RV), Ward2 Main
Road, (999)- Overseas Electors",ALL VOTERS
12,29,12,"Panchayat Union  Primary  School, New Building, South  Side, Gunagarambakkam-631553","1.Gunakarampakkam (P) Ettikuthimedu,Mahadevimangalam (R.V) Ward 3 ayarpadi perumal koil st , 2.Gunagarambakkam (P) And (R.V) Ward3 Bajanai Koil St , 3.Gunagarambakkam (P) And (R.V) Ward3 Mettu Street , 4.Gunagarambakkam (P) (R.V) Ward1 Pallavan Street , 5.Gunagarambakkam (P) And (R.V) Ward1 Cholan St
, 6.Gunagarambakkam (P) And (R.V) Ward1 Cholan 2nd Street , 7.Gunagarambakkam ((P) And (R.V) Ward 1 Pandiyan Street , (999)- Overseas
Electors",ALL VOTERS
13,29,13,"Panchayat Union  Primary  School, New Building, West Facing, South Side, Gunagarambakkam-631553","1.Gunagarambakkam (P) And (R.V) Ward2 Mettu St , 2.Gunagarambakkam (P) And (R.V) Ward 2 mariyamman koil st , 3.Gunagarambakkam (P) And (R.V) Ward 3 pups Street , 4.Gunagarambakkam (P) And (R.V) Ward3 anna nagar , 5.Gunagarambakkam (P) And (R.V) Ward2 pups Street, 6.Gunagarambakkam (P) And (R.V) Ward 2 perumal koil street , 7.Gunagarambakkam (P) And (R.V) Ward1
Road St , (999)- Overseas Electors",ALL VOTERS
14,29,14,"Panchayat Union  Middle School, North  West Building, South  Facing, Eganapuram-631553","1.Eaganapuram (P), and ( R.V.) Ward1 perumalkoil street , 2.Eaganapuram (P) And (R.V) Ward3 Othavadai Street , 3.Eaganapuram (P) And (R.V) Ward2 mettu street , 4.Eaganapuram (P) And (R.V) Ward2 paillikuda street , (999)- Overseas Electors",ALL VOTERS
15,29,15,"Panchayat Union  Middle School, Southwest Building, North  Facing, Eganapuram-631553","1.Eaganapuram (P) And (R.V.) Ward3 PerumalKoil Street (Colony) , 2.Eaganapuram (P) And (R.V) Ward3 mettu street (colony) , 3.Eaganapuram (P) And (R.V) Ward2 amaravathy ammankoil street , 4.Eaganapuram (P) And (R.V) Ward3 thangal street , (999)- Overseas Electors",ALL VOTERS
16,29,16,"Panchayat Union  Primary  School, New Building, South  Facing, Akkamapuram - 631563","1. Akkamapuram (P) and (R.V.) , Ward1 Perumal Koil street
2.Akkamapuram And (R.V), Ward 3 Pillayar Koil Street, 3.Akkamapuram And (R.V), Ward 2 Kuzhavar Street, 4. Akkamapuram And (R.V), Ward 3 Othavadai Street , (999)- Overseas Electors",ALL VOTERS
17,29,17,"Panchayat Union  Primary  School, North  Building, West Facing, South Side, Singlipadi-631553","1.Singalipati ((P), Kodamanallur (R.V) Ward 3 manthaveliyamman koil st , 2.Singalipadi (P), Kodamanallur (R.V) Ward2 akrakara street , 3.Singalipadi (P), Kodamanallur (R.V) Ward3 atsuthananthan street , 4.Singalipadi (P) , Kodamanallur (R.V) Ward3 kulakkarai , 5.Singalipadi (P) , Kodamanallur (R.V) Ward1 pillaiyar koil street , 6.Singalipadi (P) ,Kodamanallur (R.V) Ward1 bajanai koil street , 7.Singalipadi (P), Kodamanallur (R.V) Ward2 vempuli amman koil street , 8.Singalipadi (P), Kodamanallur (R.V) Ward3 perumal koil street , (999)- Overseas
Electors",ALL VOTERS
18,29,18,"Panchayt Union Primary School, East Building  West Facing Kannanthangal","1.Kannanthangal (P) And (R.V) Ward 1, 2 perumal koil st , 2.Kannanthangal (P) And (R.V) Ward 3 Kulakkarai St , 3.Kannandankal (P) And (R.V) Ward3 bajanai
koil street , (999)- Overseas Electors",ALL VOTERS
19,29,19,"Panchayat Union  Primary  School, New Building, South  Building, North Facing, West Wing, Maduramangalam.","1.Maduramangalam (P) And (R.V), Ward1 hospital 1st street 2.Maduramangalam (P) And (R.V), Ward1 hospital 2nd street 3.Maduramangalam (P) And (R.V), Ward 1 bajanai koil street 4.Maduramangalam (P) And (R.V), Ward1 main road 5.Maduramangalam (P) And (R.V), Ward 1, 2 big street 6.Maduramangalam (P) And (R.V), Ward2 ponnerikuttai street 7.Maduramangalam (P) And (R.V), Ward2 pillayar koil street 8.Maduramangalam (P) And (R.V), Ward2 goverment school street 9.Maduramangalam (P) And (R.V), Ward2 sandanam teacher street
10. Maduramangalam (P) And (R.V), Ward2 chetty street
11. Maduramangalam (P) And (R.V), Ward3 sannathi street 999 OVERSEAS ELECTORS",ALL VOTERS
20,29,20,"Panchayat Union  Primary  School, New Building, South  Building, North Facing, East Wing, Maduramangalam-602108","1.Maduramangalam (P) And (R.V) Ward3 perumal koil street , 2.Maduramangalam
(P) And (R.V) Ward3 kaladumeddu street , 3.Maduramangalam (P) And (R.V) Ward3 canara bank street , 4.Maduramangalam (P) And (R.V) Ward3 kaliyamman koil street , 5.Maduramangalam (P) And (R.V) Ward3 kammala street , 6.Maduramangalam (P) And (R.V) Maduramangalam , 7.Maduramangalam (P) And (R.V) Maduramangalam , (999)- Overseas Electors",ALL VOTERS
21,29,21,"Panchayat Union  Primary  School, South  Side Building, North  Facing, East Wing, Kaandhur-602108","1.Kanthoor (P) And (R.V) Ward 1 Sannathi St , 2.Gandur (P) And (R.V) Ward1 pramaner street , 3.Gandur (P) And (R.V) Ward1 road street , 4.Gandur (P) And (R.V) Ward1 bajanai koil street , 5.Gandur (P) And (R.V) Ward2 kavana street ,
6.Kandur (P) And (R.V) Ward2 ammaiyar kuttai street , (999)- Overseas Electors",ALL VOTERS
22,29,22,"Panchayat Union  Primary  School, North  Building, South  Facing, New Building, Kandhur-602108","1.Kandur (P) And (R.V) Ward1 kottaikara street , 2.Kandur (P) And (R.V) Ward2 poi street , 3.Kandur (P) And (R.V) Ward2 kandur meddu street , 4.Kandur (P) And (R.V) Ward3 patavittamman koil street , 5.Kandur (P) And (R.V) Ward3 pallar colony , 6.Kandur (P) And (R.V) Ward3 Kandur medducolony , 7.Kandur (P) And (R.V) Medducolony bajanai koil street , 8.Kandur (P) And (R.V) Ward3 small street
, (999)- Overseas Electors",ALL VOTERS
23,29,23,"Panchayat Union  Primary  School, West Builing, East Facing, Mel Maduramangalam","1 (Melmaduramangalam (Village), Koothavakkam (Revenue Village), Ward 1, Perumal Kovil Street (Melmaduramangalam))
2 (Melmaduramangalam (Village), Koothavakkam (Revenue Village), Ward 1, Muthurnariamman Kovil (Colony), Melmaduramangalam
3 (Melmaduramangalam (Village), Koothavakkam (Revenue Village), Ward 1, Mariamman Kovil Street (Colony) (Melmaduramangalam)), [999] OVERSEAS
ELECTORS",ALL VOTERS
24,29,24,"Panchayat Union  Primary  School, West Builing, East Facing, Mel Maduramangalam","1 (Melmaduramangalam (Village), Koothavakkam (Revenue Village), Ward 2, Perumal Kovil Street (Colony), Melmaduramangalam)
2 (Melmaduramangalam (Village), Koothavakkam (Revenue Village), Ward 3, Matha Kovil Street (Mettu Colony), Koothavakkam)
3 (Melmaduramangalam (Village), Koothavakkam (Revenue Village), Ward 3, Mariamman Kovil Street)
4 (Melmaduramangalam (Village), Koothavakkam (Revenue Village), Bajanai kovil
Street), [999] OVERSEAS ELECTORS",ALL VOTERS
25,29,25,"Panchayat union  Primary School, North  Building, South  Facing, Ramanujapuram.","[1] Ramanujapuram(P), Sivankoodal, Keeranallur (R.V), Ward 2 pillaiyar koil st, [2] Ramanujapuram(P), Sivankoodal, Keeranallur (R.V), Ward1 periyar street, [3] Ramanujapuram(P), Sivankoodal, Keeranallur (R.V), Ward 1 manikandeeshvarar koil st, [4] Ramanujapuram(P), Sivankoodal, Keeranallur (R.V), Ward2 chilligurdan street, [5] Ramanujapuram(P), Sivankoodal, Keeranallur (R.V), Ward2 bajanai koil street [999] OVERSEAS ELECTORS",ALL VOTERS
26,29,26,"Panchayat union  Primary School, North  Building, South  Facing, Ramanujapuram.","[1] Ramanujapuram(P), Sivankoodal, Keeranallur (R.V), Ward1 kantikai street, [2] Ramanujapuram(P), Sivankoodal, Keeranallur (R.V), Ward2 valliyamman koil street, [3] Ramanujapuram(P), Sivankoodal, Keeranallur (R.V), Wrd3 manthaveli street, [4] Ramanujapuram(P), Sivankoodal, Keeranallur (R.V), Ward3 bajanai koil street, [5] Ramanujapuram(P), Sivankoodal, Keeranallur (R.V), Ward3 manthaveli street, [6] Ramanujapuram(P), Sivankoodal, Keeranallur (R.V), Ward1 bajanai koil street, [7] Ramanujapuram(P), Sivankoodal, Keeranallur (R.V), M.g.r nagar, [999] OVERSEAS ELECTORS",ALL VOTERS
27,29,27,"Government High School, East Facing, West Building, Keeranallur-602108","1.Keeranallur (P), Sivankoodal, Keeranallur (R.V) M.G.R.Nagar , 2.Keeranallur (P), Sivankoodal, Keeranallur (R.V) Ward2 vinayagar koil street , 3.Keeranallur (P), Sivankoodal, Keeranallur (R.V) Ward1 manthaveli street , 4.Keeranallur (P), Sivankoodal, Keeranallur (R.V) Ward 2 Cross St , 5.Keeranallur (P), Sivankoodal, Keeranallur (R.V) Ward 3 ambethkar street , 6.Keeranallur (P), Sivankoodal, Keeranallur (R.V) Ward3 medu street , 7.Keeranallur (P), Sivankoodal, Keeranallur (R.V) Ward3 Perumal Koil Street , (999)- Overseas Electors",ALL VOTERS
28,29,28,"Panchayat Union  Primary  School, East Building, West Facing, South Side, Selvazhimangalam-602106","1.Selvazhimangalam(P), Jambodai,Selvazhimangalam(R.V) Ward2 karumarriyamman koil street ,2.Selvazhimangalam,Jambodai,Selvazhimangalam (R.V) Ward1 pillaiyarkoil street , 3.Selvazhimangalam Ward1 kulakkarai street, (999)- Overseas Electors",ALL VOTERS
29,29,29,"Panchayat Union  Primary  School , East Building, West Facing, Senthamangalam.","1.Selvazhimangalam(P),Jambodai,Selvazhimangalam(R.V), Ward2 pillaiyar koil street
2.Selvazhimangalam, Ward1 salai street 3.Selvazhimangalam(P),Jambodai,Selvazhimangalam(R.V), Ward1 perumalkoil street
4.Sendamangalam, Ward2 new colony 5.Sendamangalam, Ward2 perumal koil street colony 6.Sendamangalam, Ward1 kulakkarai street 7.Sendamangalam, Madakoil street
(999)- Overseas Electors",ALL VOTERS
30,29,30,"Panchayat Union  Primary  School, East Building, West Facing, Pappankuzhi-602106","1.Pappankuzhi (P) and (R.V) Ward3 perumal koil street , 2. Pappankuzhi (P) and (R.V) Ward 3 new colony , 3.Sendamangalam (P) , Pappankuzhi (P) and (R.V) Ward 2 patasalai street , 4.Pappankuzhi (P) and (R.V) Ward1 bajanaikoil street , 5.Pappankuzhi (P) and (R.V) Ward2 diteer nagar , 6.Pappankuzhi (P) and (R.V) Ward2 pappankuzhi colony , 7.Pappankuzhi (P) and (R.V) Ward1 kurukku street, 8.Pappankuzhi (P) and (R.V) Ward2 bajanaikoil street , 9.Pappankuzhi (P) and (R.V) Ward3 pillaiyar koil street, 10.Pappankuzhi (P) and (R.V) Ward1 medu street, (999)-Overseas Electors",ALL VOTERS
31,29,31,"Panchayat Union  Middle School, West Building(new building), East Facing, Podavoor","1.Podavur (P)And (R.V) Ward1 Padavettamman Koil St , 2.Podavur (P)And (R.V) Ward 1 Perumal Koil St , 3.Podavur (P)And (R.V) Ward 1 Kammala St (Part) ,
4.Podavur (P)And (R.V) Ward 2 Kammala St Part , 5.Podavur (P)And (R.V) Ward 2 Padasalai St , 6.Podavur (P)And (R.V) Ward 2 Padasalai St , 7.Podavur (P)And (R.V) Ward 2 Ellaiamman Koil St , 8.Podavur (P)And (R.V) Ward 2
Thulukanathamman Koil St , (999)- Overseas Electors",ALL VOTERS
32,29,32,"Government Higher Secondary School, South  Building, North Facing, East Side, Molachur-602106","1.Thirumangalam (P) And (R.V) Ward2 bangalore main road , 2.Thirumangalam (P) And (R.V) Ward2 colony 2nd street , 3.Thirumangalam (P) And (R.V) Ward1 Eri street , 4.Thirumangalam (P) And (R.V) Ward3 kulakkarai street , 5.Thirumangalam
(P) And (R.V) Ward 3 Sri durgaiamman street , 6.Thirumangalam (P) And (R.V)
Ward2 balkarar street , 7.Thirumangalam (P) And (R.V) Ward3 palla street , (999)-Overseas Electors",ALL VOTERS
33,29,33,"Government Higher Secondary School, East Building, West Facing, South  Wing, Molachur-602106","1.Molachur (P) And (R.V) Ward 1 punitha anthoniyar st , 2.Molachur (P) And (R.V) Ward1 punithaderasha street , 3.Molachur (P) And (R.V) Ward1 punitha maichel street , 4.Molachur (P) And (R.V) Ward1 punitha chinnappar street , 5.Molachur (P) And (R.V) Ward1 punitha saperiyar street , (999)- Overseas Electors",ALL VOTERS
34,29,34,"Government Higher Secondary School, East Building, West Facing, North  Wing, Molachur-602106","1.Molachur (P) And (R.V) Ward1 perumal koil street , 2.Molachur (P) And (R.V) Ward1 school street , 3.Molachur (P) And (R.V) Ward1 satya street , 4.Molachur (P) And (R.V) Ward1 sagayamada street , 5.Molachur (P) And (R.V) Ward1 thiruvalluvar road , 6.Molachur (P) And (R.V) Ward1 palkarar street , 7.Molachur
(P) And (R.V) Punithasaveriyar street moulachur , 8.Molachur (P) And (R.V) Nethaji street , 9.Molachur (P) And (R.V) Soosaiyapper street , 10.Molachur (P) And (R.V) Rayapper street , 11.Molachur (P) And (R.V) Ramanujarstreet eshwaran avenue, (999)- Overseas Electors",ALL VOTERS
35,29,35,"Government Higher Secondary  School, North  Building, South Facing, West Wing, Molachur-602106","1.Molachur (P), and (R.V) Ward 1 Thiruvalluvar Road , 2.Molachur (P), and (R.V) Ward2 sagayamatha street , 3.Molachur (P), and (R.V) Ward1 odai street , (999)-Overseas Electors",ALL VOTERS
36,29,36,"Government Higher Secondary School, North  Building, South Facing, Center Wing, Molachur-602106","1.Molachur (P), and (R.V) Ward1 Molachur, 2.Molachur (P), and (R.V) Ward1 puducolony street , 3.Molachur (P), and (R.V) Ward1 palla Molachur tank street ,
4.Molachur (P), and (R.V) Ward1 kali amman koil street , 5.Molachur (P), and (R.V) Ward1 new colony , 6.Molachur (P), and (R.V) Ward1 mariyamman koil street ,
7.Molachur (P), and (R.V) Ward 1 ankala parameshwari amman koil st , 8.Molachur (P), and (R.V) Mathammankoilstreet , 9.Molachur (P), and (R.V) S.A.BENJAMIN STREET, (999)- Overseas Electors",ALL VOTERS
37,29,37,"Panchayat Union  Primay School, East side  Building, West facing, North  wing, Molachur-602106","[1] Molachur (P) And (R.V), Ward1 devikarumariyamman koil street3, [2] Molachur
(P) And (R.V), Ward1 pallaMoutchur, [999] OVERSEAS ELECTORS",ALL VOTERS
38,29,38,"Panchayat Union  Primary  School, North  Facing, South  Building, West Side, Molachur-602106","[1] Moulachur (P) And (R.V), Ward1 dr. ambethkar street, [2] Moulachur (P) And (R.V), Ward1 rayappar street, [3] Moutchur (P) And (R.V), Ward1 jayalalitha nagar,
[4] Moulchur (P) And (R.V), Ward1 thiruvalluvar road,[5] MOLACHUR (P) And (R.V), WARD 2,3 RAMADOSS THEATRE, [999] OVERSEAS ELECTORS",ALL VOTERS
39,29,39,"Panchayat Union  Primary  School, North  Facing, South  Building, East Side, Molachur-602106","1.Molachur (P) And (R.V) Ward1 Molachur 4th Street , 2.Molachur (P) And (R.V) Ward1, 2 Balaji Rice Mill, 3.Molachur (P) And (R.V) Ward1, 2 Kaithey Milleth Street,4.Molachur (P) And (R.V) Ward1, 2, Kammala Street 5.Molachur (P) And (R.V) Ward1, 2, Mathuvatpalayam, 6.Molachur (P) And (R.V) Ward1, 2 Govt. High
School, Molachur, (999)- Overseas Electors",ALL VOTERS
40,29,40,"Panchayat Union  Primary  School, New Building, West Facing, South Side, Sogandy-602106","1.Molachur(P), Sogandi, Nandimedu (R.V) Ward 1 Perumal Koil St , 2.Sogandi (P) Ward 1 Madha Koil St , 3.Sogandi (P) Ward 1 Main Road , 4.Sogandi (P) Ward 1 Main Road 2nd Cross St , (999)- Overseas Electors",ALL VOTERS
41,29,41,"Panchayat Union  Primary  School, New Building, West Facing, North Side, Sogandy  - 602106","1.Sogandi (P) Ward 2 Old Colony Perumal Koil St , 2.Sogandi (P) Ward 2 New Colony , 3.Sogandi (P) Ward 3 Nandhimedu Village , 4.Sogandi (P) Sogandi Village
, (999)- Overseas Electors",ALL VOTERS
42,29,42,"Panchayat Union  Primary  School, Southwest Building, North  Facing, Santhavellore-602106","1.Sandavelur (P0 And (R.V) Ward2 mettu street , 2.Sandavelur (P0 And (R.V) Ward2 perumal koil street, 3.Sandavelur (P) And (R.V) Ward1 mariyamman koil street (999)- Overseas Electors",ALL VOTERS
43,29,43,"Panchayat Union  Primary  School, Southwest New Building, North Facing, Santhavellore-602106","1.Sandavelur (P) And (R.V) Ward1 ramakka sathiram , 2.Sandavelur (P) And (R.V) Ward1 kulakkarai street , 3.Sandavelur (P) And (R.V) Ward1 darka medu, 4.Sandavelur (P) And (R.V) Ward1selvavinayakar koil street. (999)- Overseas
Electors",ALL VOTERS
44,29,44,"Panchayat Union  Primary  School, West New Building, East Facing, Santhavellore-602106","1.Sandavelur (P) And (R.V) Ward1 sidhur colony , 2.Sandavelur (P) And (R.V) Ward4 sidur main road , 3.Sandavelur (P) And (R.V) Ward 2 pillaiyar koil st , 4.Sandavelur (P) And (R.V) Ward2 rajaveethi (Sandavelur) , (999)- Overseas Electors",ALL VOTERS
45,29,45,"Panchayat Union  Middle School, West Building, East Facing West Block  (near old police station) (Bye Pass Road), Santhavellore-602106","[1] Sandavelur (P) And (R.V), Ward3 new colony, [2] Sandavelur (P) And (R.V), Ward3 sunkuwar sathiram,[3] Sandavelur (P) And (R.V), Ward3 new colony, [4] Sandavelur (P) and (R.V), Ward3 bangalore main road, [5] Sandavelur (P) And (R.V), Ward3 sandavelur walajabath road, [999] OVERSEAS ELECTORS",ALL VOTERS
46,29,46,"Panchayat Union  Middle School, West Building, East Facing West Block  (near old police station) (Bye
Pass Road) Santhavellore.","[1] Sandavelur (P) And (R.V), Ward3 punithavalanarnagar, [2] Sandavelur (P) And (R.V), Ward3 jodhi nagar,[3] Sandavelur (P) And (R.V), Ward3 annai velanganni nagar, [999] OVERSEAS ELECTORS",ALL VOTERS
47,29,47,"Panchayat Union  Primary  School, West Building, East Facing, Kunnam-631604","1.Kunnam (P) And (R.V) Ward 3 perumal koil st (Colony) , 2.Kunnam (P) And (R.V) Ward 1 middle st , 3.Kunnam (P) And (R.V) Ward 1 road st , (999)- Overseas Electors",ALL VOTERS
48,29,48,"Panchayat Union  Primary  School, East Building, North Facing, Kunnam-631604","1.Kunnam (P) And (R.V) Ward 1 perumal koil st , 2.Kunnam (P) And (R.V) Ward 3 solai st , 3.Kunnam (P) And (R.V) Ward 2 Keelandai St , 4.Kunnam (P) And (R.V) Ward 2 mettu st New Colony , 5.Kunnam (P) And (R.V) Ward 3 new colony , (999)-Overseas Electors",ALL VOTERS
49,29,49,"Panchayat Union  Middle School, East Building, North Facing, East Side, Echoor-631604","1.Echur (P) and (R.V) Ward 1 eswaran koil st , 2.Echur (P) and (R.V) Ward 1 kanakkar st , 3.Echur (P) and (R.V) Ward 1 Cross St , 4.Echur (P) and (R.V) Ward 1 kinna st , 5.Echur (P) and (R.V) Ward 1 Big St , 6.Echur (P) and (R.V) Ward 1 Iyyar St , 7.Echur (P) andr (R.V) Ward 1 kammala st , 8.Echur (P) and (R.V) Ward 1 Road St , 9.Echur (P) and (R.V) Ward 1 School St , 10.Echur (P) and (R.V) Ward 2 Manthaiveliyamman Koil St , 11.Echur (P) and (R.V) Ward 2 ricemill st , 12.Echur
(P) and (R.V) Ward 2 Tharikara St , (999)- Overseas Electors",ALL VOTERS
50,29,50,"Panchayat Union  Middle School, Center Wing, East Building, North Facing, Echoor-631604","1.Echur (P) and (R.V) Ward 2 mettu st , 2.Echur (P) and (R.V) Ward 3 punitha arokkiya mada koil st , 3.Echur (P) and (R.V) Ward 3 Gangaiyamman Koil St ,
4.Echur (P) and (R.V) Ward 3 santhyamman koil st , 5.Echur (P) and (R.V) Ward 3 Chinna Colony , 6.Echur (P) and (R.V) Ward 3 Pillaiyar Koil St , (999)- Overseas
Electors",ALL VOTERS
51,29,51,"Panchayat Union  Primary  School, New Building, North  Facing, Sirumangadu-602106","1.Echur (P) and (R.V) Ward 3 echur natham kuppam colony, 2.Sirumankatu (P) And (R.V) Ward 1 big st , 3.Sirumankatu (P) And (R.V) Ward 1 middle st , 4.Sirumankatu (P) And (R.V) Ward 2 mettu st , 5.Sirumankatu (P) and (R.V) Ward 2 santhiyamman koil st , 6.Sirumankatu (P) and (R.V) Sirumangatu , (999)- Overseas
Electors",ALL VOTERS
52,29,52,"Panchayat Union  Middle School, North  Building, West Facing, 3rd Sec., Thirumangalam","[1] Thirumangalam (P) And (R.V), Ward 2 bharathiar st, [2] Thirumampakkam (P) And (R.V), Ward1 eri street, [3] Thirumangalam (P) And (R.V), Ward2 naidu street, [4] Thirumangalam (P) And (R.V) Ward1 Ponniamman koil street, [5] Thirumangalam (P) And (R.V), Ward2 sanga street, [6] Thirumangalam (P) And (R.V), Ward 2 bharathiyar street,
[999] OVERSEAS ELECTORS",ALL VOTERS
53,29,53,"Panchayat Union  Primary  School, East Facing, West Wing, Main Building, Thirumangalam Kandigai","[1]  Thirumangalam  (P)  And (R.V),  Ward2 sandu street,  [2] Thirumangalam  (P)  And (R.V), Ward 3Thirumangalam  kantigai pillaiyar  koil street,  [3] Thirumangalam (P)  And (R.V),  Ward  1,3 thirumangalam  kantigai Ramar  kovil Street, [4]  Thirumangalam
(P)  And (R.V) Ward1 Marthamman Koil  Street,  [5] Thirumangalam,  Ward1 Ramar  koil  street,  [6] Thirumangalam
(P)  And (R.V),  Ward1 chinna street,  [999] OVERSEAS ELECTORS",ALL VOTERS
54,29,54,"Panchayat Union  Middle School, South  Building, West Facing, North Side, Thirumangalam-602106","1 - Thirumangalam (P) And (R.V), Ward 3 walajabath road
2 - Thirumangalam (P) And (R.V), Ward3 kulakkarai sunguwar sathiram
3 - Thirumangalam (P) And (R.V), Ward3 bangalore mainroad
4 - Thirumangalam (P) And (R.V), Ward3 palla street
5 - Thirumangalam (P) And (R.V), Ward3 thiruvallur road
6 - Thirumangalam (P) And (R.V), Ward2 mariyamman koil street kuravar street
7 - Thirumangalam (P) And (R.V), Ward Thirumangalam kulakkarai street [999] OVERSEAS ELECTORS",ALL VOTERS
55,29,55,"Panchayat Union  Middle School, South  Building, West Facing, North Side, Thirumangalam-602106","[1] Thirumangalam (P) And (R.V), Ward 1 Onriya salai, [2] Thirumangalam (P) And (R.V), Ward1 anna street, [3] Thirumangalam (P) and (R.V), Ward2 bajanai koil street, [4] Thirumangalam (P) And (R.V), Ward 2 mettu street, [5]- Thirumangalam (P) And (R.V),
Ward2 kulakkarai street
[6]- Thirumangalam (P) And (R.V) Ward 2 Thirumangalam (Colony) Theruveethi amman koil street
[7] - Thirumangalam (P) And (R.V), Ward2 perumal koil street , [8]- Thirumangalam ( P) And (R.V), Ward thirumangalam perumal koil street [999] OVERSEAS ELECTORS",ALL VOTERS
56,29,56,"Panchayat Union  Middle School,West Building, East facing Vadamangalam.","[1] Vatamangalam (P) And (R.V), Ward2 anna street, [2] Vadamangalam (P) And (R.V), Ward 2 Sanarpantai, [3] Vatamangalam (P) And (R.V), Ward2 periyar street,
[4] Vatamangalam (P) And (R.V), Ward1 ampethkar street, [5] Vatamangalam (P) And (R.V), Ward1 NSK street[999] OVERSEAS ELECTORS",ALL VOTERS
57,29,57,"Panchayat Union  Middle School,West Building, East facing Vadamangalam","[1] Vatamangalam (P) And (R.V), Ward 1 Bharathiyar St, [2] Vatamangalam (P) And (R.V), Ward 1 Kulakkarai St, [3] Vatamangalam (P) And (R.V), Ward3 gandhi street, [4] Vatamangalam (P) And (R.V), Ward1 thiruvalluvar street, [5] Vatamangalam (P) And (R.V), Ward1 kambar street, [6] Vatamangalam (P) And (R.V), Ward3 MGR street, [999] OVERSEAS ELECTORS",ALL VOTERS
58,29,58,"Panchayat Union  Primary  School, East Facing, Araneri-602105","1.Pondur (P) And (R.V) Ward3 araneripatturoja street , 2.Pondur (P) And (R.V) Ward3 vatamalli street , 3.Pondur (P) And (R.V) Ward 3 Vaagai Poo Street,
4.Pondur (P) And (R.V) Ward 3 Thayampoo Street, 5. Pondur (P) And (R.V) Ward 3
Poovarasan Poo Street, (999)- Overseas Electors",ALL VOTERS
59,29,59,"Panchayat Union  Middle School, North  Building, West Facing, Mambakkam-602106","1.Mampakkam (P) Vadamangalam,Puducheri (R.V) Ward 1 Perumal Koil St , 2.Mampakkam (P) And (R.V) Ward 3 dapalmeddu , 3.Mampakkam (P) And (R.V) Ward2 vinayakar koil street , 4.Mampakkam (P) And (R.V) Ward1 main road , 5.Mampakkam (P) And (R.V) Ward2 seenuvasapuram , 6.Mampakkam (P) And (R.V) Ward2 karumankalani Ma.Po.C. street , 7.Mampakkam (P) And (R.V) Ward 3 Mampakkam Colony Perumal Koil St , (999)- Overseas Electors",ALL VOTERS
60,29,60,"Panchayat Union  Middle School, South  Building, West Facing, Mambakkam-602106","1.Mampakkam (P) And (R.V) Ward 3 mampakkam colony melandai street , 2.Mampakkam (P) And (R.V) Ward3 Nadu street , 3.Manpakkam (P) And (R.V) Ward 2 mariyamman koil street , 5.Mampakkam (P) and (R.V) Ward3 Mampakkam ananthavalli , 6.Vatamangalam (P) And (R.V) Ward3 dapalmedu, Mambakkam 7.Mampakkam (P) And (R.V) Ward1 mampakkamperumalkoil street , 8.Mampakkam (P) And (R.V) Ward2Mampakkam vinayakarkoil street , 9.Mampakkam (P) And (R.V) Ward2 middle street , 10.Mampakkam (P) And (R.V) Ward2 seenuvasapuram , 11.Mampakkam (P) Iungulam,Araneri (R.V) Ward3
kilandai street , (999)- Overseas Electors",ALL VOTERS
61,29,61,"Panchayat Union  Middle School, East Building, West Facing, Ponthur-
602105","[1] Pondur (P) And (R.V), Ward1 pirathana salai, [2] Pondur (P) And (R.V), Ward1 mariyamman koil street, [3] Pondur (P) And (R.V), Ward 1 Chennai to Bangalore Main Road, [4] Pondur (P) And (R.V), Ward1 erikkarai street, [5] Pondur (P) And (R.V), Ward1 murugankoil street, [6] Pondur (P) And (R.V), Ward1 ponniyamman koil street, [7] Pondur (P) And (R.V), Ward1 kammavar street, [8] Pondur (P) And (R.V), Ward1 pajanaikoil street, [9] Pondur (P) And (R.V), Ward1 ammankoil street,
[10] Pondur (P) And (R.V), Ward1 theruveethiyamman koil street, [11] Pondur (P) And (R.V0, Ward1 palayacolony, [12] Pondur (P) And (R.V), Ward1 vishvasanthimuthiyor illam, [13] Pondur (P) And (R.V), Ward1 main road,[999]
OVERSEAS ELECTORS",ALL VOTERS
62,29,62,"Panchayat Union  Middle School,  West Building, East Facing, Ponthur-602105","[1] Pondur (P) And (R.V), Ward1 muthaliyar street, [2] Pondur (P) And (R.V), Ward1 gangaiyamman koil street, [3] Pondur (P) And (R.V), Ward1 jeyanthi nagar,
[4] PONDUR (P) And (R.V), WARD1 D.R.R NAGAR, [5] Pondur (P) And (R.V),
Ward1 vaishnava street, [6] Pondur (P) And (R.V), Ward1 vetaikara street, [7] Pondur (P) And (R.V), Ward1 Chetty street, [8] Pondur (P) And (R.V), Ward1 devithandumariyamman street, [9] Pondur (P) And (R.V), Ward1 pondur, [10] Pondur (P) And (R.V), Ward1 Pondur arujinacolony ammankoil street, [11] Pondur
(P) And (R.V), Neelam street, [999] OVERSEAS ELECTORS",ALL VOTERS
63,29,63,"Panchayat Union  Primary  School (West), West Building, East Facing, Sriperumbudur-602105","1.Sriperumbudur (TP) Angalamman Koil Street, 2.Sriperumbudur (TP) Ward 13 t k naidu nagar , 3.Sriperumbudur (TP) Ward 14 Chinna erikarai , 4.Sriperumbudur (TP) Ward 14 Erikkarai , (999)- Overseas Electors",ALL VOTERS
64,29,64,"Panchayat Union  Primary  School (West), New Building, South  Facing, North  Side, Sriperumbudur-602105","[1] Sriperumbudur, Ward 14 kuyawar street, [2] Sriperumbudur (TP), Ward14 sekkati street, [999] OVERSEAS ELECTORS",ALL VOTERS
65,29,65,"Panchayat Union  Primary  School (West), New Building, South  Facing, North  Side, Sriperumbudur-602105","[1] Sriperumbudur (TP), Ward 9 pakthavatchalam nagar, [2] Sriperumbudur (TP), Ward 9 Seekku colony, [3]  SriperumbuduR (P), Ward 9 Ramapuram, [999] OVERSEAS ELECTORS",ALL VOTERS
66,29,66,"Government Girls  Higher Secondary School, West Block, East Facing, South  Side, Sriperumbudur-602105","1.Sriperumbudur (TP) Ward 11 neru street , 2.Sriperumbudur (TP) Ward 12 govindametu street , 3.Sriperumbudur (TP) Ward13 chetty street , 4.Sriperumbudur (TP) Ward 14 kuya st , (999)- Overseas Electors",ALL VOTERS
67,29,67,"Government Girls  Higher Secondary School, West Block, East Facing, North  Side, Sriperumbudur-602105","1.Sriperumbudur (TP) Ward 12 veerasamipillai street , 2.Sriperumbudur (TP) Ward 14 thaanthonri amman koil street , 3.Sriperumbudur (TP) Ward13 Vanniyar street , (999)- Overseas Electors",ALL VOTERS
68,29,68,"Government Girls  Higher Secondary School, East Block, West Facing, South  Side, Sriperumbudur-602105","1.Sriperumbudur (TP) Ward 10 gandhi road 2, (999)- Overseas Electors",ALL VOTERS
69,29,69,"Government Girls  Higher Secondary School, East Block, West Facing, Center Room, Sriperumbudur-
602105","1.Sriperumbudur (TP) Ward 10 gandhi road I, 2. Sriperumbudur (TP) Ward 1 Thirumangai Alwar 1st Street, (999)- Overseas Electors",ALL VOTERS
70,29,70,"Government Girls  Higher Secondary School, East Block, West Facing, North  Side, Sriperumbudur-602105","1.Sriperumbudur (TP) Ward 11 melpushkarani street , 2.Sriperumbudur (TP) Ward 11 south pushpakarani street , 3.Sriperumbudur (TP) Ward 11 Kizhpushkarani St , 4.Sriperumbudur (TP) Ward 11 west pushpakarani , 5.Sriperumbudur (TP) Ward 13 kammala street , 6.Sriperumbudur (TP) Ward 11 ahamedmohideen street , (999)-
Overseas Electors",ALL VOTERS
71,29,71,"CSI Primary School,Thirumangai Alwar Street, East Facing, Section  A Sriperumbudur",", 2.Sriperumbudur (TP) Ward 4 kubbu muthali street , 3.Sriperumbudur (TP) Ward 3 derati street , 4.Sriperumbudur (TP) Ward 3, 10 manavala mamuni street , (999)-Overseas Electors",ALL VOTERS
72,29,72,"CSI Primary School,Thirumangai Alwar Street, East Facing, Section  B
Sriperumbudur","1.Sriperumbudur (TP) Ward1 thirumangaiyalval street , (999)- Overseas Electors",ALL VOTERS
73,29,73,"CSI Primary School,Thirumangai Alwar Street, East Facing, Section  C
Sriperumbudur","1.Sriperumbudur (TP) Ward1 thirumangaiyalval street , (999)- Overseas Electors",ALL VOTERS
74,29,74,"CSI Primary School, Thirumangai Alwar Street, South  Facing, Section D, Sriperumbudur-602105","1.Sriperumbudur (TP) Ward 13 Kulasekara perumal koil street, 2.Sriperumbudur (TP) Ward 3 sannathi street , 3.Sriperumbudur (TP) Ward 10 thittivasal street , (999)-Overseas Electors",ALL VOTERS
75,29,75,"CSI High  School, South  Facing, West Side, Govinda  mettu  street
,Sriperumbudur-602105","1.Sriperumbudur (TP) Ward1 reddy street , 2.Sriperumbudur (TP) Ward4 manthakulakarai , 3.Sriperumbudur (TP) Ward4 santhavaliammankoil street , 4.Sriperumbudur (TP) Ward4 Elaneerkulam , 5.Sriperumbudur (TP) Ward4 sivam
koil street , (999)- Overseas Electors",ALL VOTERS
76,29,76,"CSI High  School, South  Facing, East Side, Govinda  mettu  street
,Sriperumbudur-602105","1.Sriperumbudur (TP) Ward2 mgr nagar , 2.Sriperumbudur (TP) Ward bharathiyar street , 3.Sriperumbudur (TP) Ward2 bangalore main road , (999)- Overseas Electors",ALL VOTERS
77,29,77,"Panchayt Union Primary School, East facing Sivanthangal","1.Sriperumbudur (TP) Ward2 sivanthangal , 2.Sriperumbudur (TP) Ward2 sivanthangal(bajanaikoil street) , 3.Sriperumbudur (TP) Ward 2 n g o colony , 4.Sriperumbudur (TP) Balaji garden , (999)- Overseas Electors",ALL VOTERS
78,29,78,"Panchayat Union  Middle School, NGO Qtrs., North  facing, South Building, East side, Sriperumbudur-
602105","[1] Sriperumbudur (TP), Ward2 sellaperumal nagar, [2] Sriperumbudur (TP), Nemeli salai, [3] Sriperumbudur (TP), Kar street, [999] OVERSEAS ELECTORS",ALL VOTERS
79,29,79,"Panchayat Union  Middle School, NGO Qtrs., North  facing, South Building, West side, Sriperumbudur-
602105","[1] Sriperumbudur (TP), Ward2 banjalapattu, [2] Sriperumbudur (TP), Ward2 thirumangaialwarkulakarai street, [3] Sriperumbudur (TP), Bajanai koil street, [4] Sriperumbudur (TP), Ward2 kambar street, [5] Sriperumbudur (TP), Ward2 metu
street, [999] OVERSEAS ELECTORS",ALL VOTERS
80,29,80,"J  J  Government Boys Higher Secondary School, West Facing, North  Side, Sriperumbudur-602105","1. SriperumbuduR (P) Ward 8 Venkatramapillai chatram , 2.Sriperumbudur (TP) Ward 8 S.P.koil St , 3.Sriperumbudur (TP) Ward 8 Bajanai koil St , (999)- Overseas Electors",ALL VOTERS
81,29,81,"Panchayat Union  Primary  School, East Facing, Bootheripandai, Sriperumbudur-602105","1. SriperumbuduR (P) Ward 9 Bootheripandai , 2.Sriperumbudur (TP) Ward 8 Adikesavaperumal Nagar , (999)- Overseas Electors",ALL VOTERS
82,29,82,"J  J  Government Boys Higher Secondary School, West Facing, North  Side, Center Room,
Sriperumbudur-602105","1. Sriperumbudur (TP) Ward1 balaji nagar & santhosh nagar , 2. Sriperumbudur (TP) Ward1 ramanuja nagar 1st street , 3. Sriperumbudur (TP) Ward1 pillaiyar koil street , 4. Sriperumbudur (TP) Ward 1 G.W.T.Road , (999)- Overseas Electors",ALL VOTERS
83,29,83,"J  J  Government Boys Higher Secondary School, West Facing, South  Side (Next Staff Room),
Sriperumbudur-602105","1. Sriperumbudur (TP) Ward1 pattubool sathiram , (999)- Overseas Electors",ALL VOTERS
84,29,84,"J  J  Government Boys Higher Secondary School, West Facing, South  side, PET Room, Sriperumbudur-602105","1. Sriperumbudur (TP) Ward1 kamarajar nagar , 2. Sriperumbudur (TP) Ward1 katchipattu kamarajar nagar , 3. Sriperumbudur (TP) Kamaraj nagar katchipattu colony , 4. Sriperumbudur (TP) Ward1 pillaiyar koil & pattunool street , 5. Sriperumbudur (TP) Ward1 bajanaikoil street, (Manthoppu) 6. Sriperumbudur (TP) Ward1 bajanaikoil street, Pattu Nool Chatram 7. Sriperumbudur (TP) Ward1 bajanaikoil street (Pillayar Koil Street, 8. Sriperumbudur (TP) Ward1 bajanaikoil street , 9. Sriperumbudur (TP) Ward 1 Pattu Nool Sathiram GWD Road Kamaraj Nagar , 10. Sriperumbudur (TP) Ward 1 Nadu Street , 11. Sriperumbudur (TP) Ward
1 Karukku Street , (999)- Overseas Electors",ALL VOTERS
85,29,85,"Panchayat Union  Middle School (South), North  Building, South
Facing, Sriperumbudur-602105","1. Sriperumbudur (TP) Ward1 kilandai street , 2. Sriperumbudur (TP) Ward1 middle street (999)- Overseas Electors",ALL VOTERS
86,29,86,"Panchayat Union  Middle School (South), West Building, East Facing,
Sriperumbudur-602105","1. Sriperumbudur (TP) Ward1 kamarajar nagar , (999)- Overseas Electors",ALL VOTERS
87,29,87,"Panchayat Union  Middle School (South), North  Building, South
Facing, Sriperumbudur-602105","[1]  Sriperumbudur (TP), Ward 1 aathukesava perumal nagar, [2]  Sriperumbudur (TP), Subathra nagar,[3]  Sriperumbudur (TP), Ward1 karukku street, [999]
OVERSEAS ELECTORS",ALL VOTERS
88,29,88,"Government Adhidravidar Welfare Middle  School, North  Facing , Killoy-602105","1.Kiloy (P) Ayakolathur,Sirukiloy (R.V) Ward2 theruveethi ammanstreet , 2.Kiloy (P),Ayakolathur,Sirukiloy (R.V) Ward2 perumalkoil street , 3.Kilai (P) And (R.V) Ward2 ambethkar street , 4.Kiloy (P) And (R.V) Ward 2 MGR St , 5.Kilai (P) And (R.V) Ward 2 bharathiyar street , 6.Kiloy (P) And (R.V) Ward2 thiruvalluvarstreet ,
7.Kilaai (P) And (R.V) Ward1 arunthathipuram , 8.Kilaai (P) And (R.V) Ward1
A.N. Kandigai, (999)- Overseas Electors",ALL VOTERS
89,29,89,"Panchayat Union  Middle School, North  Building, West Facing Ayakolathur","1.Ayakolathur (P) And (R.V) Ward3 vinayakarkoil street , 2.Ayakolathur (P) And (R.V) Ward3 Bajanaikoil street , 3.Ayakolathur (P) And (R.V) Ward3 Rajivgandhi street , 4.Ayakolathur (P) And (R.V) Ward4 anna nagar , 5.Ayakolathur (P) And (R.V) Ward4 ambethkar street , 6.Ayakolathur (P) And (R.V) Ward4 kakkan street , 7.Ayakolathur (P) And (R.V) Ward4 M.G.R. street , (999)- Overseas Electors",ALL VOTERS
90,29,90,"Govt High  School, East Facing, South  Wing, New Building, Sengadu-
602002","1.Sengadu (P) Kandamangalam (R.V) Ward1 north kulakari street , 2.Senggadu (P) And (R.V) Ward1 Pillaiyar koil Street , 3.Senggadu (P) And (R.V) Ward1 Uyernillaipalli Street , 4.Senggadu (P) And (R.V) Ward1 Mettu Street , 5.Senggadu
(P) And (R.V) Ward1,2 Sengadu Salai , 6.Senggadu (P) And (R.V) Ward2 Puthu Street , 7.Senggadu (P) And (R.V) Ward2 Muthu Veeraswami koil Street ,
8.Senggadu (P) And (R.V) Ward1 Pathraitchiyamman koil Street , 9.Senggadu (P) And (R.V) Ward1 West Kulakarai Street , 10.Sengadu (P) And Kandamangalam (R.V) Ward3 Kanda Mangalam , 11.Senggadu (P) And Kandamangalam (R.V) Ward2 Thiruvalluvar Salai , 12.Senggadu (P) And Kandamangalam(R.V) Ward2 Bajanai Koil Street , 13.Senggadu (P) And (R.V) Ward2 puthukoil street , (999)-Overseas Electors",ALL VOTERS
91,29,91,"Govt High  School, East Facing, North Wing, New Building, Sengadu-602002","1.Senggadu (P) And (R.V) Ward3,2 1st Street (Colony) , 2.Senggadu (P) And (R.V) Ward2 2nd street (colony) , 3.Senggadu (P) And (R.V) Ward2 Bajanai koil Street (Colony) , 4.Senggadu (P) And (R.V) Ward3 Puthu koil Street (Colony) , 5.Sengadu
(P) And Kandamangalam(R.V) Ward3 Ghandhi Nagar Bajanai koil Street ,
6.Senggadu (P) And Kandamangalam(R.V) Ward3 Ghandhi Nagar 2nd Street ,
7.Senggadu (P) And Kandamangalam(R.V) Ward3 Ghandhi Nagar PillaiyarKoil Street , (999)- Overseas Electors",ALL VOTERS
92,29,92,"T.E.L.C. Primary School ,Tiled Building, East Building, West
Facing, Mannur.","1.Mannur (P) And (R.V) Ward1 perumal koil street , 2.Mannur (P) And (R.V) Ward1 mettu street , 3.Mannur (P) And (R.V) Ward2 bajanai koil street , 4.Mannur
(P) And (R.V) Ward1 Poonthotta Street, 5.Mannur (P) And (R.V) Ward 1 Ramji
Nagar, (999)- Overseas Electors",ALL VOTERS
93,29,93,"T E L  C  Primary School, West RCC Building, East Facing, Mannur-602105","1.Mannur (P) And (R.V) Ward3 Ambathkar Street , 2.Mannur (P) And (R.V) Ward1
m.g.r. street , 3.Mannur (P) And (R.V) Ward3 Main Road , 4.Mannur (P) And (R.V) Ward1 Yolaitchi Amman Street , 5.Mannur (P) And (R.V) Ward1 Nemili Salai, (999)- Overseas Electors",ALL VOTERS
94,29,94,"Panchayat Union  Middle School, North  Wing, South  Facing, East Side, Nemili-602105","1.Nemili (P) And (R.V) Ward1 lakshmi amman koil st , 2.Nemili (P) and (R.V) Ward1 sivan koil street , 3.Nemili (P) And (R.V) Ward1 bajanai koil street , 4.Nemili
(P) And (R.V) Ward1 Murugan koil street , 5.Nemili (P) And (R.V) Ward1 madha koil street , 6.Nemili (P) And (R.V) Ward1 new colony , (999)- Overseas Electors",ALL VOTERS
95,29,95,"Panchayat Union  Middle School, North  Building, South  Facing, Centre  Wing, Nemili-602105","1.Nemili (P) And (R.V) Ward1 Pilliyar koil street , 2.Nemili (P) And (R.V) Ward1 mettu street , 3.Nemili (P) And (R.V) Ward1,2 Nadu street , 4.Nemili (P) And (R.V) Ward10 Matham koil street , 5.Nemili (P) And (R.V) Ward2 amethkar street ,
6.Nemili (P) And (R.V) Ward2 Karanthangal paghani koil street , 7.Nemili (P) And (R.V) Ward2 Nemilii Pillaiyar koil street , 8.Nemili (P) and (R.V) Ward2 karanthangal narikuravar quarters , 9.Nemili (P) And (R.V) Ward2 Nemili Perumal koil street , 10.Nemili (P) And (R.V) Ward2 Erikkari street , 11.Namili (P) And (R.V) Ward 2 arul nagar , (999)- Overseas Electors",ALL VOTERS
96,29,96,"St. Anne's  Primary School, South Building, North Facing, East Side, Valarpuram-602105","[1] Valarpuram (P) , Kondavakkam (R.V), Ward3 Anthoniyar nagar, [2] Valarpuram
(P) And Kondavakkam (R.V), Ward3 Telugu Nagar, [3] Valarpuram (P) And (R.V), Ward3 Annan Nagar 1st Street, [999] OVERSEAS ELECTORS",ALL VOTERS
97,29,97,"St . Annes Primary School, South Building, North Facing, East Side, Valarpuram-602105","[1] Valarpuram (P) And Kondavakkam (R.V), Ward3 Anna Nagar 2nd Street, [2] Valarpuram (P) And Kondavakkam (R.V), Ward3 Anna Nagar 3rd Street, [3] Valarpuram (P) And Kondavakkam (R.V), Ward1 Madha Koil Street, [4] Valarpuram (P) and Kondavakkam (R.V), Ward1 Valluvar Street, [5] Vallarpuram
(P) And Kondavakkam (R.V), Ward1 Karuneegar Street, [999] OVERSEAS
ELECTORS",ALL VOTERS
98,29,98,"St. Anne's  Primary School, South Building, North Facing, West Side, Valarpuram-602105","1.Valarpuram (P) And Kondavakkam (R.V) Ward1 Valarpuram Colony Street , 2.Valarpuram (P) And Kondavakkam (R.V) Ward2 Valarpuram Bajanai Koil Street , 3.Valarpuram (P) And Kondavakkam (R.V) Ward2 Chinna Valarpuram Bharathidasan Street , 4.Valarpuram (P) And Kondavakkam (R.V) Ward2 Chinna Valarpuram Kulakarai Street , 5.Vallarpuram (P) And Kondavakkam (R.V) Ward2 Chinna Valarpuram Bajanai Koil Street , 6.Valarpuram (P) And Kondavakkam
(R.V) Ward 2 Valluvar Street , (999)- Overseas Electors",ALL VOTERS
99,29,99,"Government High School, West Building, East Facing, South  Side, Mevalurkuppam - 602105","[1] Mavalurkuppam (P) And (R.V), Ward 1 mavalurkuppam village pajanaikoil street, [2] Mavaloorkuppam (P) And (R.V), Ward1 Mavaloorkuppam Bramanar, 3] Mavaloorkuppam (P) And (R.V), Ward3 kirsthuva gandigai thriuvalluvar street, [4] Mavaloorkuppam (P) And (R.V), Ward3 kirsthuva gandigai mainroad, [5] Mavaloorkuppam (P) And (R.V), Ward3 kirsthuva gandigai anna street, [6] Mavaloorkuppam (P) And (R.V), Ward3 chennai main road, [7] Mavaloorkuppam
(P) And (R.V), Ward2 arakonam to chennai mainroad, [999] OVERSEAS
ELECTORS",ALL VOTERS
100,29,100,"Government High School, West Building, East facing, North  side, Mevalurkuppam - 602105","[1] Mavaloorkuppam (P) And (R.V), Ward2 mevaloor kuppam colony rettiyar street,
[2] Mavaloorkuppam (P) And (R.V), Ward2 mavaloorkuppam colony kalanjar street,
[3] Mavaloorkuppam (P) And (R.V), Ward1 mavaloorkuppam kannada street, [4] Mavaloorkuppam (P) And (R.V), Ward3 Kristhuva gandigai Bajanai koil Street, [5] Mavaloorkuppam (P) And (R.V), Ward3 Kristhuva Gandigai Shoemaker Street, [6] Mavaloorkuppam (P) And (R.V), Wrad3 Kirsthuva Gandigai Nadu Street, [7] Mavaloorkuppam (P) And (R.V), Ward2 mavaloorkuppam gandhi street, [8] Mavaloorkuppam (P) And (R.V), Ward2 mevaloor kuppam colony ambedkar street,
[9] Mavaloorkuppam (P) And (R.V), Ward3 kattaratham bajanai koil street, [999]
OVERSEAS ELECTORS",ALL VOTERS
101,29,101,"Government High School, West Building, East facing, Mevalurkuppam - 602105","1.Mevaloorkuppam (P) And (R.V) Ward2 mevaloorkuppam bajanai koil street , 2.Mevaloorkuppam (P) And (R.V) Ward1 mevaloorkuppam village, Mettu Street 3.Mevaloorkuppam (P) And (R.V) Ward1 Mevaloorkuppam Village Manthoppu Street 4.Mevaloorkuppam (P) And (R.V) Ward3 Mevaloorkuppam Village Iillagalai Amman Koil Street, 5.Mevaloorkuppam (P) And (R.V) Ward2 mevaloorkuppam colony murthy nagar , 6.Mevaloorkuppam (P) And (R.V) Ward3 mevaloorkuppam kuthampakkam attached , 7.Mevaloorkuppam (P) And (R.V) Ward3 Krithuva Gandigai Bharathiyar Street , 8.Mevaloorkuppam (P) And (R.V) Ward3 Kirthuva Gandigai Kulakari Street , 9.Mevalurkuppam (P) And (R.V) Ward 1 Elngkalaiyamman Koil Street , 10.Mevalurkuppam (P) And (R.V) Ward 1 Vanniyar Street , (999)- Overseas Electors",ALL VOTERS
102,29,102,"Panchayat Union  Primary  School, East Building, West Facing, Thandalam-602105","1.Thandalam (P) And (R.V) Ward1 eswarankoil street , 2.Thandalam (P) And (R.V) Ward1 Ettiyamman koil Street , 3.Thandalam (P) And (R.V) Ward1 kulakari street , 4.Thandalam (P) And (R.I) Ward1 Pillaiyar Koil Street , 5.Thandalam (P) And (R.V) Ward2 Theruvethiyamman Koil Street , 6.Thandalam (P) And (R.V) Ward2 Bajanai Koil Street , 7.Thandalam (P) And (R.V) Ward1 Anna Street , 8.Thandalam (P) And (R.V) Ward2 Bangalor Trunk Road , (999)- Overseas Electors",ALL VOTERS
103,29,103,"Panchayat Union  Primary  School, West Building, East Facing, Thandalam-602105","1.Thandalam (P) And (R.V) Ward 1 Perumal Koil St , 2.Thandalam (P) And (R.V) Ward1 Telephone Exchange Street , 3.Thandalam (P) And (R.V) Ward1 Tharmaraj koil Street , 4.Thandalam (P) And (R.V) Ward2 Mariyamman Koil Street , 5.Thandalam (P) And (R.V) Ward2 Pallikuda Street , 6.Thandalam (P) And (R.V) Ward2 Kivallur Road , 7.Thandalam (P) And (R.V) Ward2 Gandhi Street , 8.Thandalam (P) And (R.V) Ward 3 chettipedu , (999)- Overseas Electors",ALL VOTERS
104,29,104,"Panchayat Union  Primary  School , West Building, East Facing, Keevalur.","1.Thandalam (P) And (R.V) Ward 1 Dhandu Mariyamman Koil Street, 2.Thandalam
(P) And (R.V) Ward 1, 1st Mettu St , 3.Thandalam (P) And (R.V) Ward 1, 3rd Mettu St , 4.Thandalam (P) And (R.V) Ward 1, 5th Mettu St , 5.Thandalam (P) And (R.V) Ward 1 6th Mettu St , 6.Thandalam (P) And (R.I) Ward 1 Katrambakkam Road , 7.Thandalam (P) And (R.V) Ward 2, 4th Mettur St , 8.Thandalam (P) And (R.V) Ward 1, 2nd Mettur St , 9.Thandalam (P) And (R.V) Ward 2 Amman Koil Street, 10.Thandalam (P) And (R.V) Ward 2, Bajanai koil St , 11.Thandalam (P) And (R.V) Ward 2, Palla St , 12.Thandalam (P) And (R.V) Ward 2, Kula Karai St, 13.Thandalam (P) And (R.V) Ward 3, Bajanai koil St. Colony 14.Thandalam (P) (R.V) Ward 3 cross St (colony) , 15.Thandalam (P) (R.V) Ward 3 Periya St (colony)
, (999)- Overseas Electors",ALL VOTERS
105,29,105,"Panchayat Union  Primary  School, South  Facing, North  Block, West Side, Katrambakkam-602117","1.Katrambakkam (P) Pudupair,Tharavoor (R.V) Ward2 Bajanai Koil Street , 2.Katrambakkam (P) and Pudupair, Tharavoor (R.V) Ward1 Mariyamman Koil street
, 3.Katrambakkam (P) and Pudupair, Tharavoor (R.V) Ward1 Kanniyamman Koil
Street, (999)- Overseas Electors",ALL VOTERS
106,29,106,"Panchayat Union  Primary  School, South  Facing, North  Block, East Side, Katrambakkam-602117","1.Katrambakkam (P) and Pudupair, Tharavoor (R.V) Ward1 Braminar Street , 2.Katrambakkam (P) and Pudupair, Tharavoor (R.V) Ward1 Puduperpallam , 3.Katrambakkam (P) and, Pudupair,Tharavoor (R.V) Ward 2 Mettu St , 4.Katrambakkam (P)and Pudupair, Tharavoor (R.V) Ward1 Yathavar street , 5.Katrambakkam (P)and Pudupair, Tharavoor (R.V) Ward 3 Muthumariyamman Koil Street , 6.Katrambakkam (P)and Pudupair, Tharavoor (R.V) WArd3 Kalangnar Street , 7.Katrambakkam (P) and Pudupair, Tharavoor And (R.V) Ward3 Perumal Koil Street , 8.Katrambakkam (P)and Pudupair, Tharavoor (R.V) Ward1 Poongavanathamman Koil Street , (999)- Overseas Electors.",ALL VOTERS
107,29,107,"Panchayat Union  Primary  School, East Facing, South  Side  Building, Katrambakkam-602117","[1] Katrambakkam (P)and Pudupair, Tharavoor (R.V), Ward1 Katrambakkam, [2] Katrambakkam (P) and Pudupair, Tharavoor (R.V), Ward 3 Sumathirambedu, [999] OVERSEAS ELECTORS",ALL VOTERS
108,29,108,"Panchayat Union  Primary  School, East Facing, South  Side  Building, Katrambakkam-602117","[1] Katrambakkam (P)and Pudupair, Tharavoor (R.V), Ward3 Pudupair, [2] Katrambakkam (P)and Pudupair, Tharavoor (R.V), Poogavanathamman Koil Street, [999] OVERSEAS ELECTORS",ALL VOTERS
109,29,109,"Panchayat Union  Middle School, West Building, East Facing, Irrunkattukottai","1.Irunkattukkottai (P) And (R.V) Ward1 bharathiyar street , 2.Irunkattukkottai (P) And (R.V) Ward1 Kalanjar Street , 3.Irunkattukkottai (P) And (R.V) Ward1 Perriyar Street , 4.Irunkattukkottai (P) And (R.V) Ward1 Anna Street 2nd Kuruku Street , 5.Irunkattukkottai (P) And (R.V) Ward1 Anna Street 1st KurukuStreet , 6.Irunkattukkottai (P), And (R.V) Ward1 main road , 7.Irunkattukkottai (P), And (R.V) Ward1 anna street , 8.Irunkattukkottai (P), And (R.V) Ward2 Bajanai Koil Street , 9.Irunkattukkottai (P), And (R.V) Ward2 Bajanai Koil 2nd Street , 10.Irunkattukkottai (P), And (R.V) Ward2 bajanai koil 1st street , 11.Irunkattukkottai (P), And (R.V) Ward2 Nehru Street , 12.Irunkattukkottai (P), And (R.V) Ward2 Bajanai Koil Street (Colony) , 13.Irunkattukkottai (P), And (R.V) Ward2 thiruvalluvar street , (999)- Overseas Electors",ALL VOTERS
110,29,110,"Panchayat Union  Middle School, South  Building, North  Facing (Adjoining  Building), Irungattukottai-602117","1.Irunkattukkottai (P), And (R.V) Ward3 Rajaji Street , 2.Irunkattukkottai (P), And (R.V) Ward3 rajivgandhi street , 3.Irunkattukkottai (P), And (R.V) Ward3 M.G.R. Street , 4.Irunkattukkottai (P), And (R.V) Ward3 Bakthavachalam Street , 5.Irunkattukkottai (P), And (R.V) Ward3 ambedkar salai , 6.Irunkattukkottai (P), And (R.V) Ward3 earikarai street , 7.Irunkattukkottai (P), And (R.V) Ward3 gandhi street , 8.Irunkattukkottai (P), And (R.V) Ward3 Veerasivaji Street , 9.Irunkattukkottai (P), And (R.V) Ward3 flat street , 10.Irunkattukkottai (P), And (R.V) Ward3 Vinayakar Koil Street , 11.Irunkattukkottai (P), And (R.V) Ward3 kamarajar street , (999)- Overseas Electors",ALL VOTERS
111,29,111,"Panchayat Union  Middle School, West Building, Center Portion, East Facing, Pennalur-602117","1.Pennalur (P) And (R.V) Ward1 1st Pillaiyar Koil Street , 2.Pennalur (P) And (R.V) Ward1 2nd pillaiyar koil street , 3.Pennalur (P) And (R.V) Ward1 Health Center Street , 4.Pennalur (P) And (R.V) Ward1 pallikuda street , 5.Pennalur (P) And (R.V) Ward1 Ganagaiyamman Koil Street , 6.Pennalur (P) And (R.V) Ward1 Theepachanjiamman Koil Street , 7.Pennalur (P) And (R.V) Ward1 Sathyamurthy Street (Erullar Colony) , 8.Pennalur (P) And (R.V) Ward1 Palvadi Street , 9.Pennalur
(P) And (R.V) Ward1 kullakari street , 10.Pennalur (P) And (R.V) Ward1,2 Nadu Street , 11.Pennalur (P) And (R.V) Ward2 Cement Salai , 12.Pennalur (P) And (R.V) Ward2 1st seleliyamman koil street , 13.Pennalur (P) And (R.V) Ward2 2nd Seliyamman Koil Street , 14.Pennalur (P) And (R.V) Ward2 3rd Seliyamman Koil Street , 15.Pennalur (P) And (R.V) Ward2 1st Theruvitheeyamman Koil Street , 16.Pennalur (P) And (R.V) Ward2 2nd Theruvettheyamman Koil Street ,  17.Pennalur (P) And (R.V) Ward2 3rd Theruvetheeyamman Koil Street , (999)-
Overseas Electors",ALL VOTERS
112,29,112,"Panchayat Union  Middle School,West Building, East facing South  Side, Pennalur","1.Pennalur (P) And (R.V) Ward2 bajanaikoil street , 2.Pennalur (P) And (R.V) Ward2 1st Teulgu Colony , 3.Pennalur (P) And (R.V) Ward2 2nd Telugu Colony ,
4.Pennalur (P) And (R.V) Ward e.b appartments , 5.Pennalur (P) And (R.V) Ward3 Chennai to Bangalor Mainroad , 6.Pennalur (P) And (R.V) Ward3 1st bajanai koil street , 7.Pennalur (P) And (R.V) Ward3 2nd bajanai koil street , 8.Pennalur (P) And (R.V) Ward3 mathuramman koil street , 9.Pennalur (P) And (R.V) Ward3 mettu street , 10.Pennalur (P) And (R.V) Ward3 pudthiya appartment , 11.Pennalur (P) And (R.V) Ward 3 Ampethgar Street , 12.Pennalur (P) And (R.V) Nehru street , 13.Pennalur (P) And (R.V) RAJIV GANDHI STREET , (999)- Overseas Electors",ALL VOTERS
113,29,113,"Panchayat Union  Primary  School, West Wing, East Facing, Amarambedu-600069","1.Amarambedu (P) And (R.V) Ward 1 Perumal Koil St , 2.Amarambedu (P) And (R.V) Ward 2 School St , 3.Amarambedu (P) And (R.V) Ward 2 Indira Gandhi St , 4.Amarambedu (P) And (R.V) Ward 2 Ambedkar St , 5.Amarambedu (P) And (R.V) Ward 1 Mandapam , 6.Amarambedu (P) And (R.V) Ward 1 Sivan Koil St , 7.Amarambedu (P) And (R.V) Ward 1 Kanniamman Koil St , 8.Amarambedu (P) And (R.V) Ward 2 Anna St , 9.Amarambedu (P) And (R.V) Ward 2 Kalaignar St , 10.Amarambedu (P) And (R.V) Ward 1 Pillayar Koil St , 11.Amarambedu (P) And (R.V) Waard 1 Bajanai Koil St , 12.Amarambedu (P) And (R.V) Ward 2 Pachaiamman Koil St , 13.Amarambedu (P) And (R.V) Ward 2 Ellaiamman Koil St , 14.Amarambedu (P) And (R.V) Ward 2 MGR St , 15.Amarambedu (P) And (R.V) Ward 2 Amarambedu , 16.Amarambedu (P) And (R.V) Ward 2 Kamarajar St , (999)-Overseas Electors",ALL VOTERS
114,29,114,"S  R  N  M Matriculation  Higher Secondary School, East Facing, West Wing, Nanthambakkam-600069","[1] Nandampakkam (P) And (R.V), Ward 2 Nalvazhvu Nagar, [2] Nandampakkam
(P) And (R.V), Sridevi Karumariyamman Nagar, [3] Nandampakkam (P) And (R.V), Mogalinga Salai, [999] OVERSEAS ELECTORS",ALL VOTERS
115,29,115,"S  R  N  M Matriculation  Higher Secondary School, East Facing, East Wing, Nanthambakkam-600069","[1] Nandampakkam (P) And (R.V), Ward 3 Periyar Nagar, [999] OVERSEAS ELECTORS",ALL VOTERS
116,29,116,"S  R  N  M Matriculation  Higher Secondary School, West Facing, East Wing, Nanthambakkam-600069","[1] Nandampakkam (P) And (R.V), Ambedkar Nagar, [2] Nandampakkam (P) And (R.V), Nandavanam Nagar, [999] OVERSEAS ELECTORS",ALL VOTERS
117,29,117,"Panchayat Union  Primary  School, South  Facing, North  Wing,
Nandambakkam","1.Nandampakkam  (P)  And  (R.V)  Ward  3  Periyar  Nagar  ,  (999)-Overseas  Electors",ALL VOTERS
118,29,118,"Panchayat Union  Primary School,South  Facing, North  Wing, Periyar Nagar Nandambakkam","1.Nandampakkam  (P)  And  (R.V)  Ward  3  7th  Pillaiyar  Koil  St  , 2.Nandampakkam  (P)  And  (R.V)  Ward  3  Kothandam  salai  Cross  St  , 3.Nandampakkam  (P)  And  (R.V)  Ward  3  Anna  St  ,  4.Nandampakkam
(P)  And  (R.V)  Ward  3  Indira  Gandhi  St  ,  5.Nandampakkam  (P)  And (R.V)  Ward  2  Nalvazhvu  Nagar  ,  6.Nandambakkam  (P)  And  (R.V) Ward4  Sridevi  Karumariyamman  Nagar  Puthiya  Kudiyiruppu  , 7.Nandampakkam  (P)  And  (R.V)  Ward  2  Jegajeevanram  St  ,  (999)-Overseas  Electors",ALL VOTERS
119,29,119,"S  R  N  M Matriculation  Higher Secondary School, North  Facing, South  Wing, Nanthambakkam-
600069","1.Nandampakkam  (P)  And  (R.V)  Ward  3  Ambedkar  Nagar  ,  (999)-Overseas  Electors",ALL VOTERS
120,29,120,"Panchayat Union  Primary  School, South  Facing, North  Wing  Naidu Street, Nandambakkam","1.Nandampakkam  (P)  And  (R.V)  Ward  2  Azhakesan  Nagar  ,  (999)-Overseas  Electors",ALL VOTERS
121,29,121,"Panchayat Union  Primary  School, South  Facing, North  Wing, (4th  C Section), Naidu  Street,
Nandambakkam-600069","[1] Nandampakkam (P) And (R.V), Ambedkar Nagar, [2] Nandampakkam (P) And (R.V), Kalainjar St, [3] Nandampakkam (P) And (R.V), Ward 3 MGR St, [999] OVERSEAS ELECTORS",ALL VOTERS
122,29,122,"SRNM Matriculation  Higher Secondary School, North  facing, South  wing, Nandambakkam-600069","1.Nandampakkam (P) And (R.V) Ward 4 RajivGandhi Nagar 11th St , 2.Nandampakkam (P) And (R.V) Ward 3 Rajiv Gandhi Nagar, 3.Nandampakkam
(P) And (R.V) Ward 4 Sri Devi Karumariyamman Nagar, 4.Nandampakkam (P) And (R.V) Ward 4 Mogalingam Salai, (999)- Overseas Electors",ALL VOTERS
123,29,123,"Panchayat Union  Primary School,West Facing, East wing, Nandambakkam","1.  Nandampakkam  (P)  And  (R.V),  Ward  4  Kalaingar  Nagar  Mathina Masuthi  St
2.  Nandampakkam  (P)  And  (R.V),  Ward  4  Kalaingar  Nagar 999  OVERSEAS  ELECTORS",ALL VOTERS
124,29,124,"Panchayat Union  Primary School,West Facing,East Wing, Nandambakkam","1.Nandampakkam  (P)  And  (R.V)  Ward  4  Annai  Anjugam  Nagar  , 2.Nandampakkam  (P)  And  (R.V)  Ward  4  Annai  Anjugam  Nagar  1st  St
,  3.Nandampakkam  (P)  And  (R.V)  Ward  2  Kumaran  Nagar  ,  (999)-
Overseas  Electors",ALL VOTERS
125,29,125,"S  R  N  M Matriculation  Higher Secondary School, North  Facing, South  Side, Nanthambakkam-
600069","1.Nandampakkam (P) And (R.V) Bharathiyar Nagar , 2.Nandampakkam (P) And (R.V) Ambedkar Salai , (999)- Overseas Electors",ALL VOTERS
126,29,126,"SRNM Matriculation  School, East facing, West wing, Nanthambakkam","1.Nandampakkam (P) And (R.V) Ward 4 RajivGandhi Nagar 7th St , [2] Nandampakkam (P) And (R.V), Rajiv Gandhi Nagar, (999)- Overseas Electors",ALL VOTERS
127,29,127,"Panchayat Union  Primary  School , West Facing, East Wing, Naidu Street, Nandambakkam-600069","[1] Nandapakkam (P) And (R.V), Ward 3 Nandavanam Ist St, [2] Nandapakkam (P) And (R.V), Ward 3 Nandambakkam 1st Cross St, [3] Nandapakkam (P) And (R.V), Ward 3 Nandambakkam 3rd St, [4] Nandapakkam (P) And (R.V), Ward 4 Nandamabakkam 4th St, [5] Nandapakkam (P) And (R.V), Ward 3 8th St, [6] Nandapakkam (P) And (R.V), Ward 3,4 Nandambakkam 6th St, [7] Nandapakkam (P) And (R.V),  Ward 4 6th Cross St, [8] Nandapakkam (P) And (R.V), Ward 3, 7th St, [9] Nandapakkam (P) And (R.V),  Ward 3, 8th St, [10] Nandapakkam (P) And (R.V), Ward 4, 12th ST, [11] Nandapakkam (P) And (R.V), Ward 4, 14th St, [12] Nandapakkam (P) And (R.V), Ward 3, 15th St, [13] Nandapakkam (P) And (R.V), Ward 1,3 Nandambakkam Main Road, [14] Nandapakkam (P) And (R.V), Ward 3 Nandambakkam Pillayar Koil St, [15] Nandapakkam (P) And (R.V), Ward 3 Nandambakkam Kothandam Salai, [16] Nandapakkam (P) And (R.V), Ward 3 Ambedkar Nagar Kothandam Salai, [17] Nandapakkam (P) And (R.V), Ward 3 Periyar Nagar, [18] Nandapakkam (P) And (R.V), Ward 3,4 Ambedkar Nagar Main Road, [19] Nandapakkam (P) And (R.V), Ward Ambedkar Nagar 4th St, [20] Nandapakkam (P) And (R.V), Ward 3 Ambedkar Nagar 5th St, [21] Nandapakkam (P) And (R.V), Ward 3 Ambedkar Nagar 5th Cross St, [22] Nandapakkam (P) And (R.V),  Ward 3 Ambedkar Nagar 7th St, [23] Nandapakkam (P) And (R.V), Ward 3 Ambedkar Nagar 8th Cross St,
[24] Nandapakkam (P) And (R.V), Ward 4 Somalingam Road, [25] Nandapakkam (P) And (R.V), Ward 3 Anjugam Nagar Ist St, [26] Nandapakkam (P) And (R.V), Ward 4 Anjugam Nagar 3rd St, [27] Nandapakkam
(P) And (R.V), Ward 4, 12th St, [28] Nandapakkam (P) And (R.V), Ward 4 Annai Anjugam Nagar, [29] Nandapakkam (P) And (R.V), Ward 4 Masoothi Kalaignar Nagar Periyar Nagar, [30] Nandapakkam (P) And (R.V), Ward 3 Nehru St Periyar Nagar, [31] Nandapakkam (P) And (R.V), Ward 3,4 Periyar Nagar, [32] Nandapakkam (P) And (R.V), Ward 2 Kamaraj Nagar, [33] Nandapakkam (P) And (R.V), Ward 3 Thiruvalluvar St Sridevi Nagar, [34] Nandapakkam (P) And (R.V), Ward 4 Rajiv Gandhi Nagar, [35] Nandapakkam (P) And (R.V), Ward 4 Rajiv Gandhi Nagar Main Road, [36] Nandapakkam (P) And (R.V), Ward 4 Rajiv Gandhi Nagar 4th St, [37] Nandapakkam (P) And (R.V), Ward 4 Rajiv Gandhi Nagar 8th St,
[38] Nandapakkam (P) And (R.V), Ward 4 Rajiv Gandhi Nagar 9th St, [39] Nandapakkam (P) And (R.V), Ward 3 MGR St, [40] Nandapakkam (P) And (R.V), Ward 3 S S Bose St, [999] OVERSEAS ELECTORS",ALL VOTERS
128,29,128,"Panchayat Union  Primary  School, Naidu  Street, South  Facing, North Wing (1st B  Section), Nandambakkam-600069","[1] Nandampakkam (P) And (R.V), Ward 3 Nandambakkam, [2] Nandapakkam (P) And (R.V), Ward 1 Nandamabakkam Periya Colony, [999] OVERSEAS ELECTORS",ALL VOTERS
129,29,129,"Panchayat Union  Primary  School, Naidu  Street, South  Facing, North Wing (1st B  Section), Nanthambakkam-600069","[1] Nandampakkam (P) And (R.V), Ward 3 Panchatcharam Nagar, [2] Nandambakkam (P) And (R.V), Ward 1 Mettu St, [3] Nandambakkam (P) And (R.V), Ward 1 Bajanai Koil St, [4] Nandapakkam (P) And (R.V), Ward 3 Nandavanam Nagar Main Road, [5] Nandapakkam (P) And (R.V), Ward 3 Nandavanam Nagar Opp.ECI Church, [6] Nandampakkam (P) And (R.V), Ward 3 Ayyan Nagar, [999] OVERSEAS ELECTORS",ALL VOTERS
130,29,130,"Government Adhidravidar Welfare School, New Building, West Wing, North  Facing, Nanthambakkam Colony-600069","[1] Nandambakkam (P) And (R.V), Ward 1 Kalaignar St Big Colony, [2] Nandambakkam (P) And (R.V), Ward 1 Karumariamman St, [3] Nandambakkam (P) And (R.V), Ward 1 SS Boss St, [4] Nandambakkam (P) And (R.V), Ward 1,4 MGR St,[5] Nandambakkam (P) And (R.V), Ward 3,4 Bharthi Nagar, [999] OVERSEAS
ELECTORS",ALL VOTERS
131,29,131,"Government Adhidravidar Welfare School, East Facing, West Wing, Nanthambakkam Colony-600069","[1]  Nandambakkam  (P)  And  (R.V),  Ward  1  Anna  St,  [2] Nandambakkam  (P)  And  (R.V),  Ward  1  Nehru  St,  [3]  Nandambakkam
(P)  And  (R.V),  Ward  1  TTK  ST,  [4]  Nandambakkam  (P)  And  (R.V), Ward  1,2,3  Nandambakkam  Village,  [5]  Nandambakkam  (P)  And (R.V),  Ward  2  Nehru  St,  Azhagesa  Nagar,  [6]  Nandambakkam  (P)  And (R.V),  Ward  3,4  Bhavaniamman  Koil  St,  [7]  Nandambakkam  (P)  And (R.V),  Ward  2,4  Kalaignar  Nagar,  [8]  Nandambakkam  (P)  And  (R.V), Ward  4  Bharathiyar  Nagar  Ambedkar  St,  [999]  OVERSEAS ELECTORS",ALL VOTERS
132,29,132,"Panchayat Union  Elementary School, West Facing, East Side, New Building, Sirukalathur-600069","1.Sirukalathur  (P),Kavanur  (R.V)  Ward  1  Bharathiyar  St  , 2.Sirukalathur  (P),Kavanur  (R.V)  Ward  2.  Ward  1  Kalaingar  St  , 4.Sirukalathur  (P),Kavanur  (R.V)  Ward  1  Karunigar  St  , 5.Sirukalathur  (P),Kavanur  (R.V)  Ward  1  Naaliyamman  St  , 6.Sirukalathur  (P),Kavanur  (R.V)  Ward  1  Road  St  ,  7.Sirukalathur (P),Kavanur  (R.V)  Ward  1  Main  Road  ,  8.Sirukalathur  (P),Kavanur (R.V)  Ward1  Dharmaraja  Koil  St  ,  9.Sirukalathur  (P),Kavanur  (R.V) Ward  1  E.Ve.Ra.St,  ,  (999)-  Overseas  Electors",ALL VOTERS
133,29,133,"Panchayat Union  Elementary School, Road  Side West Facing, East Side, Sirukalathur-600069","1.Sirukalathur  (P),Kavanur  (R.V)  Ward1  Kalanur  Road  St  , 2.Sirukalathur  (P),Kavanur  (R.V)  Ward1  Thiruvalluvar  St  , 3.Sirukalathur  (P),Kavanur  (R.V)  Ward  1  Gandhi  St  ,  4.Sirukalathur (P),Kavanur  (R.V)  Ward1  Anna  St  ,  5.Sirukalathur  (P),Kavanur  (R.V) Ward1  Pillaiyar  Koil  St  ,  6.Sirukalathur  (P),Kavanur  (R.V)  Ward  1 Kavanur  ,  7.Sirukalathur  (P),Kavanur  (R.V)  Ward  1  Palaiyakkara  St,
,  (999)-  Overseas  Electors",ALL VOTERS
134,29,134,"Panchayat Union  primary  school, East Wing, West facing, Kaladipettai Sirukalathur-600069","1.Sirukathur  (P)  And  (R.V)  Ward  3  Bharathiyar  St  ,  2.Sirukathur  (P) And  (R.V)  Ward  3  Thiru.Vi.Ka.St  ,  3.Sirukathur  (P)  And  (R.V)  Ward  3 Periyar  St  ,  4.Sirukathur  (P)  And  (R.V)  Ward  3  Ambedkar  St  , 5.Sirukathur  (P)  And  (R.V)  Ward  2  Nagarathinam  Pillai  St  , 6.Sirukathur  (P)  And  (R.V)  Ward2  Mariyamman  Koil  St  ,  (999)-Overseas  Electors",ALL VOTERS
135,29,135,"Panchayat Union  Primary  School, South  Wing, North  Facing, Kaladipettai, Sirukalathur-600069","[1]  Sirukalathur  (P)  And  (R.V),  Ward  2  Gandhi  Street,  ,  [2] Sirukalathur  (P)  And  (R.V),  Ward  2  saraswathy  nagar,  [3]  Sirukathur
(P)  And  (R.V),  Ward  2  Anna  St,  [4]  Sirukathur  (P)  And  (R.V),  Ward  3 Saraswathi  Nagar,  [999]  OVERSEAS  ELECTORS",ALL VOTERS
136,29,136,"Panchayat Union  Primary  School, South  Wing, North  Facing, Kaladipettai ,Sirukalathur-600069","[1]  Sirukalathur  (P)  And  (R.V),  Ward  3  Ambedkar  Street,  [2] Sirukalathur  (P)  And  (R.V),  Ward  2  Gandhiji  Street,  [3]  Sirukalathur
(P)  And  (R.V),  Ward  2  Sirukalathur,  [4]  Sirukalathur  (P)  And  (R.V), Ward  2  kakkanji  street,  [5]  Sirukalathur  (P)  And  (R.V),  Ward  2 nagarathinam  pillai  street,  [6]  Sirukalathur  (P)  And  (R.V),  Anna Street,  [7]  Sirukalathur  (P)  And  (R.V),  Ward  3  Saraswathy nagar,[999]  OVERSEAS  ELECTORS",ALL VOTERS
137,29,137,"Panchayat Union  Primary  School, East Facing, North Wing,
Malayambakkam-600123","[1]  Malaiyampakkam  (P)  And  (R.V),  Ward  1  shakthi  nagar,  [999] OVERSEAS  ELECTORS",ALL VOTERS
138,29,138,"Panchayat Union  Primary  School, East Facing, North
Wing,Malayambakkam","1.Malayabakkam  (P)  And  (R.V)  Ward  1  ganapathi  nagar  , 2.Malayambakkam  (P)  And  (R.V)  Ward  1  Karunanithi  Nagar  ,  (999)-
Overseas  Electors",ALL VOTERS
139,29,139,"Panchayat Union  Primary  School, North  Facing, Noth  Wing, Malayambakkam-600123","[1]  Malayambakkam  (P)  And  (R.V),  Ward1  maraimalai  adigalar  st,  [2] Malayambakkam  (P)  And  (R.V),  Ward  1  Nehru  St,  [3] Malayambakkam  (P)  and  (R.V),  Ward  1  Padasalai  St,  [4] Malayambakkam  (P)  And  (R.V),  Ward  1  Ponniamman  Koil  St,  [5] Malayambakkam  (P)  And  (R.V),  Ward  1  Banajani  Koil  St,  [6] Malaiyampakkam  (P)  And  (R.V),  Ward  1  shakthi  nagar  1,  [999]
OVERSEAS  ELECTORS",ALL VOTERS
140,29,140,"Panchayat Union  Middle School, North  Side, North  Facing, Malayambakkam-600123","1.Malayambakkam  (P)  And  (R.V)  Ward  1  Ramalinga  Adigalar  St  , 2.Malayambakkam  (P)  And  (R.V)  Ward1  Moorthy  Brick  Field  , 3.Malayambakkam  (P)  And  (R.V)  Ward  1  Thiruvalluvar  Salai  , 4.Malayambakkam  (P)  And  (R.V)  Ward1  Gangaiamman  Koil  St  , 5.Malayambakkam  (P)  And  (R.V)  Ward  1  Ramar  Koil  st  , 6.Malayambakkam  (P)  and  (R.V)  Ward1  Mariamman  Koil  St  , 7.Malayambakkam  (P)  And  (R.V)  Ward1  Vembadi  Vinayagar  Koil  St  , 8.Malayambakkam  (P)  And  (R.V)  Ward1  Dr.Radhakrishnan  St  , 9.Malayambakkam  (P)  and  (R.V)  Ward1  Rajaji  St  , 10.Malayambakkam  (P)  And  (R.V)  Ward1  Vellalar  St,  ,  (999)-Overseas  Electors",ALL VOTERS
141,29,141,"Panchayat Union  Primary  School, North  Facing, North  Wing, Malayambakkam","1] Malaiyampakkam  (P) And  (R.V), ward  1 M  G R Salai, [2] Malaiyampakkam  (P)  And (R.V),  ward  1  Dr  Ambedkar  Salai,  [3] Malaiyampakkam  (P)  And (R.V),  Srinivasan  nagar  1 [999]
OVERSEAS ELECTORS",ALL VOTERS
142,29,142,"Panchayat Union  Primary  School,
North  Facing, North  Wing, Malayambakkam-600123","[1]  Malaiyampakkam  (P)  And  (R.V),  Srinivasan  nagar,  [999] OVERSEAS  ELECTORS",ALL VOTERS
143,29,143,"Panchayat Union  Primary School,West Wing,North  Facing Malayambakkam-600123","1.Malayambakkam  (P)  And  (R.V)  Ward  2  pillayar  koil  st  , 2.Malayambakkam  (P)  and  (R.V)  Ward  2  periyar  st  , 3.Malayambakkam  (P)  And  (R.V)  Ward  2  James  St  , 4.Malayambakkam  (P)  And  (R.V)  Ward  2  Rajiv  Gandhi  St  , 5.Malayambakkam  (P)  And  (R.V)  Ward  2  Kakkanji  St  , 6.Malayambakkam  (P)  And  (R.V)  Ward  2  Ambedkar  St  , 7.Malayambakkam  (P)  And  (R.V)  Ward  2  nethaji  st  , 8.Malayambakkam  (P)  and  (R.V)  Ward  2  Periyapalayathamman  St  , 9.Malayambakkam  (P)  And  (R.V)  Ward  2  Azhagiri  St  ,  (999)-
Overseas  Electors",ALL VOTERS
144,29,144,"Panchayat Union  Primary School,West Facing,North  wing Malayambakkam-600123",",  10.Malayambakkam  (P)  And  (R.V0  Ward2  Kamarajar  St  , 11.Malayambakkam  (P)  And  (R.V)  Ward  2  bajanai  koil  st  , 12.Malayambakkam  (P)  And  (R.V)  Ward  2  thillaiyadi  valliammai  st  , 13.Malayambakkam  (P)  And  (R.V)  Ward  2  Indiragandhi  St  , 14.Malaiyampakkam  (P)  And  (R.V)  Ward  2  Bharathiyar  St  ,  (999)-
Overseas  Electors",ALL VOTERS
145,29,145,"Panchayat Union  Primary  School, North  Building, South  Wing, East Facing,Malayambakkam-600069","1.Malayambakkam  (P)  And  (R.V),  Ward  3  malaiyadivaram 2.Malayambakkam  (P)  And  (R.V),  Ward  3  thideer  nagar 3.Malayambakkam  (P)  And  (R.V),  Ward  3  Thiruvalluvar  Pattai 4.Malayambakkam  (P)  And  (R.V),  Ward  3  Mayanapathai 5.Malayambakkam  (P)  And  (R.V),  Ward  3  Main  Road  Kundrathur 6.Malayambakkam  (P)  And  (R.V),  Ward  3  Pillayar  Koil  St 7.6.Malayambakkam  (P)  And  (R.V),  Ward  3  Palla  Street
999  OVERSEAS  ELECTORS",ALL VOTERS
146,29,146,"Panchayat Union  Primary  School, North  Building, South  Wing, East Facing, North Side, Malayambakkam-600069","1.Malayambakkam  (P)  And  (R.V),  Ward  3  Gangai  Amman  Koil  Street 2.Malayambakkam  (P)  And  (R.V),  Ward  3  Kumaran  St 3.Malayambakkam  (P)  And  (R.V),  Ward  3  NSK  Nagar 4.Malayambakkam  (P)  And  (R.V),  Ward  3  Malayambakkam 5.Malayambakkam  (P)  And  (R.V),  Malayambakkam  South  Yadaval  St 6.Malayambakkam  (P)  And  (R.V),  Ward  3  South  Yadaval  St
999  OVERSEAS  ELECTORS",ALL VOTERS
147,29,147,"Panchayat Union  Primary  School, South  Wing, New Building, East Facing, Kollacheri-600069","1.Kollacheri  (P)  And  (R.V),  Ward  3  Gandhi  Nagar 2.Kollacheri  (P)  And  (R.V),  Ward  1  VOC  St 3.Kollacheri  (P)  and  (R.V),  Ward  3  Manickapuram 4.Kollacheri  (P)  And  (R.V),  Ward  3  Erikkarai  St 5.Kollacheri  (P)  And  (R.V),  Ward  3  Kakkanji  St
(999)-  Overseas  Electors",ALL VOTERS
148,29,148,"Panchayat Union  Primary  School, North  Wing, East Facing, Kollacheri-600069","1.Kollacheri  (P)  and  (R.V),  Ward  2  periyar  st 2.Kollacheri  (P)  And  (R.V),  Ward  3  Parvathi  Nagar 3.Kollacheri  (P)  And  (R.V),  Ward  1  Kalaignar  St 4.Kollacheri  (P)  And  (R.V),  Ward  1  Rajaji  St 5.Kollacheri  (P)  And  (R.V),  Ward  1  Gandhi  St 6.Kollacheri  (P)  And  (R.V),  Ward  2  Bharathiyar  St 7.Kollacherry  (P)  And  (R.V),  Ward  1  main  road 999  OVERSEAS  ELECTORS",ALL VOTERS
149,29,149,"Panchayat Union  Primary  School, Anganwadi Centre, North  Facing, South  Wing, Kollacheri-600069","1.Kollacheri  (P)  And  (R.V),  Ward  1  Nal  Road 2.Kollacheri  (P)  And  (R.V),  Ward  2  kamarajar  st 3.Kollacheri  (P)  And  (R.V),  Ward  1  Ambedkar  St 999  OVERSEAS  ELECTORS",ALL VOTERS
150,29,150,"Panchayat Union  Primary  School, Anganwadi Centre, South  Facing, North  Wing, Kollacheri-600069","[1]  Kollacheri  (P)  And  (R.V),  Ward  3  Indiraganthi  St,  [2]  Kollacherry
(P)  and  (R.V),  Subbulakshmi  street,  [999]  OVERSEAS  ELECTORS",ALL VOTERS
151,29,151,"Panchayat Union  Primary  School, Disabled  Center, West Facing,West Wing, Kollacheri-600069","[1]  Kollacherry  (P)  and  (R.V),  Karumariamman  nagar,  [999] OVERSEAS  ELECTORS",ALL VOTERS
152,29,152,"Panchayat Union  Middle School, South  Facing, North  Wing,
Kozhumanivakkam-600122","[1]  1.Kozhumanivakkam  (P)  And  (R.V)  Ward  3  Charles  Nagar.,  [999] OVERSEAS  ELECTORS",ALL VOTERS
153,29,153,"Panchayat Union  Middle School, South  Facing, North  Wing  (5th  Class Room), Kozhumanivakkam-600122","[1] Kozhumanivakkam (P) And (R.V), Ward 3 Kamatchiamman Nagar, [2] Kozhumanivakkam (P) And (R.V), Ward 2 Yadavar St, [3] Kozhumanivakkam (P) And (R.V), Ward 1 pillayar koil st, [4] 1.Kozhumanivakkam (P) And (R.V) Ward 3
Charles Nagar.1, [999] OVERSEAS ELECTORS",ALL VOTERS
154,29,154,"Panchayat Union  Middle School, North  Facing, South  Wing, Kozhumanivakkam-600122","[1]  Kozhumanivakkam  (P)  And  (R.V),  Ward  2  thoppu  st,  [2] Kozhumanivakkam  (P)  And  (R.V),  Ward  1  eswaran  koil  st,  [3] Kozhumanivakkam  (P)  And  (R.V),  Ward  3  mariamman  koil  st,  [4] Kozhumanivakkam  (P)  And  (R.V),  Ward  3  Bajanai  Koil  St,  [5] Kozhumanivakkam  (P)  And  (R.V),  Ward  3  rajive  nagar,  [999]
OVERSEAS  ELECTORS",ALL VOTERS
155,29,155,"Padma  Subramaniam Bala  Bhavan Matriculation  Higher Secondary School, West Facing, North  Side,
Mangadu-600122","[1]  Mangadu  (MC),  Ward  16  Syed  sathik  nagar  -1,  [999]  OVERSEAS ELECTORS",ALL VOTERS
156,29,156,"Padma  Subramaniam Bala  Bhavan Matriculation  Higher Secondary School, West Facing, South  Side, Mangadu-600122","[1] Mangadu (MC), Ward 16 Devi Karumariamman Koil St, [2] Mangadu (MC), Ward 6 Vimal St, [3] Mangadu (MC), Ward 6 Balaji Nagar, [4] Mangadu (MC), Ward 6 Sivanantha Nagar, [5] Mangadu (MC), Ward 16 Anjaneyar Koil St, [6] Mangadu (MC), Ward 6 Rajakumari St, [7] Mangadu (MC), Ward 16 Syed sathik nagar 3, [999] OVERSEAS ELECTORS",ALL VOTERS
157,29,157,"Padma  Subramaniam Bala  Bhavan Matriculation  Higher Secondary School, West Facing, South  Side,
Mangadu-600122","[1] Mangadu (MC), Ward 16 Syed sathik nagar 4- [2 ] Mangadu (MC), Ward 16 Syed sathik nagar -2 [999] OVERSEAS ELECTORS",ALL VOTERS
158,29,158,"Government High School, South Facing, East West wing, Mangadu-
600122","[1]  Mangadu  (MC),  Ward  12  Shanmugananda  Sami  Koil  St,  [999] OVERSEAS  ELECTORS",ALL VOTERS
159,29,159,"Panchayat Union  Middle School, South  Side, East Portion, North
Facing, Mangadu-600122","1.Mangadu  (MC)  Ward  18  Om  Sakthi  Nagar  ,  2.Mangadu  (MC)  Ward 14  omsakthi  nagar  annex  ,  (999)-  Overseas  Electors",ALL VOTERS
160,29,160,"Panchayat Union  Middle School, South  Side, East Portion, Mangadu-600122","1.Mangadu  (MC)  Ward  2  South  Mada  St  ,  2.Mangadu  (MC)  Ward  2 Balaji  Cross  St  ,  3.Mangadu  (MC)  Ward  2  Jayagar  Road  ,  4.Mangadu (MC)  Ward  2  Main  Road  ,  5.Mangadu  (MC)  Ward  16  Sakkra  Nagar Vaikundanathan  St  ,  6.Mangadu  (MC)  Ward  16  Muthusami  Nagar  ,
7.Mangadu  (MC)  Ward  17  padmavathi  st  ,  (999)-  Overseas  Elector",ALL VOTERS
161,29,161,"Panchayat Union  Middle School, South  Side, Center Portion, North Facing, Mangadu-600122","[1]  Mangadu  (MC),  Ward  10  Chembar  (Kamatchi  Nagar  Near),  [2] Mangadu  (MC),  Ward  2  Ramdev  St,  [3]  Mangadu  (MC),  Ward  10  3rd Cross  St,  [4]  Mangadu  (MC),  Ward  10  Kamatchi  Amman  St,  [5] Mangadu  (MC),  Ward  11  Moogambigai  St,  [6]  Mangadu  (MC),  Ward 11  Piranavathi  St,  [7]  Mangadu  (MC),  Ward  11  Santhi  Nath  St,  [8] Mangadu  (MC),  Ward  11  Paras  Nath  St,  [9]  Mangadu  (MC),  Ward  11 Bhagavathi  St,  [10]  Mangadu  (MC),  Ward  11  Parvathi  Amman  St,
[11]  Mangadu  (MC),  Ward  11  Vishalatchi  Amman  St  [999] OVERSEAS  ELECTORS,",ALL VOTERS
162,29,162,"Panchayat Union  Middle School, South  Side, Center Portion, North Facing, Mangadu-600122","[1]  Mangadu  (MC),  Ward  10  Kamatchi  Salai,  [2]  Mangadu  (MC), Ward  11  Renugadevi  St,  [3]  Mangadu  (MC),  Ward  1  mangadu  main road,  [999]  OVERSEAS  ELECTORS,",ALL VOTERS
163,29,163,"Nav Bharath  Matric  Higher Secondary School, West Facing, East Wing, Mangadu-600122","[1]  Mangadu  (MC),  Ward  2  Pathirimedu,  [2]  Mangadu  (MC),  Ward  1 Kamatchiamman  Nagar  Exten,  [999]  OVERSEAS  ELECTORS",ALL VOTERS
164,29,164,"Government High School, North Facing, East Wing, Mangadu-600122","[1]  Mangadu  (MC),  Ward  1  Ambal  Nagar  Alamelu  St,  [2]  Mangadu (MC),  Ward  1  Ambal  Nagar,  [3]  Mangadu  (MC),  Ward  1  Saravana Nagar,  [4]  Mangadu  (MC),  Ward  1  manali  saravana  nagar,  [5] Mangadu  (MC),  Manalisaravananagar,  [999]  OVERSEAS  ELECTORS,",ALL VOTERS
165,29,165,"Government High School, North Facing, East Wing, Mangadu-600122","[1] Mangadu (MC), Ward 1 Narivanam Salai, [2] Mangadu (MC), Ward 1 M.G.R Nagar, [999] OVERSEAS ELECTORS",ALL VOTERS
166,29,166,"Nav Bharath  Matric  Higher Secondary School, West Facing, East Wing, Center Portion, Mangadu-
600122","[1]  Mangadu  (MC),  Ward  1  kamatchiamman  nagar,  [999]  OVERSEAS ELECTORS",ALL VOTERS
167,29,167,"Maharishi Vidya  Mandhir Higher Secondary School, North  Facing, South  Wing, Mangadu  - 600122","[1]  Mangadu  (MC),  Ward  1  Vasanthapuram,  [999]  OVERSEAS ELECTORS",ALL VOTERS
168,29,168,"Stepstone Maruthi enclave, STR, Aadham Quarters, Meeting  Hall, North  wing south  facing Mangadu  -
600122","[1]  Mangadu  (MC),  Stepstone,  Maruthi  enclave,  STR,  Aadham Quarters,  [999]  OVERSEAS  ELECTORS",ALL VOTERS
169,29,169,"Nav Bharath  Matric  Higher Secondary School, West Facing, East
Wing, Mangadu-600122","[1]  Mangadu  (MC),  Balaji  Aveuve,  [999]  OVERSEAS  ELECTORS",ALL VOTERS
170,29,170,"Nav Bharath  Matric  Higher Secondary School, West Facing, East Wing, Mangadu-600122","[1] Mangadu (MC), Ward 1 shanthi nagar pathirimedu, [2] Mangadu (MC), Manali Ramakrishna Avenue, [3] Mangadu (MC), C T A Colony, [4] Mangadu (MC), PERUMAL KOIL STREET, [999] OVERSEAS ELECTORS",ALL VOTERS
171,29,171,"Government High School, East Side, North  Facing, Mangadu-600122","[1]  Mangadu  (MC),  Ward  1  Kamaraj  Nagar,  [2]  Mangadu  (MC),  Ward 1  balandeeswarar  koil  st,  [999]  OVERSEAS  ELECTORS",ALL VOTERS
172,29,172,"Government High School, North Facing, East Wing, Mangadu-600122","[1]  Mangadu  (MC),  Ward  1  Kamatchiamman  Kovil  West  St,  [2] Mangadu  (MC),  Ward  1  melandai  new  st,  [3]  Mangadu  (MC),  Ward  1 west  mada  st,  [4]  Mangadu  (MC),  Ward  2  Sultan  Nagar,  [999]
OVERSEAS  ELECTORS",ALL VOTERS
173,29,173,"Government High School, North Facing, East Wing, Mangadu-600122","[1] Mangadu (MC), Ward 1 managalapuram kulathumedu, [2] Mangadu (MC), Ward 1 Kamatchiamman Kovil St, [999] OVERSEAS ELECTORS",ALL VOTERS
174,29,174,"Padma  Subramaniam Bala  Bhavan Matriculation  Higher Secondary School, West Facing, East Wing, Mangadu-600122","[1]  Mangadu  (MC),  Ward  1  Thoppu  St,  [2]  Mangadu  (MC),  Ward  1 valleeswaran  koil  st,  [3]  Mangadu  (MC),  Ward  1  Palathoppu,  [4] Mangadu  (MC),  Ward  1  Perumal  Koil  St,  [5]  Mangadu  (MC),  Ward  1 Pallikuda  St,  [999]  OVERSEAS  ELECTORS",ALL VOTERS
175,29,175,"St. Anns  Matriculation  Hr.Sec. School, East Facing, North  Wing, Raghunathapuram, Mangadu-600122","[1]  Mangadu  (MC),  Ward  1  Ragunathapuram  East  Colony,  [2] Mangadu  (MC),  Ward  1  Mariamman  Koil  St,  [3]  Mangadu  (MC),  Ward 1  Veera  Anjaneyar  Koil  St,  [4]  Mangadu  (MC),  Ward  1  Mariamman Koil  St  (Mel  Ragunathapuram),  [999]  OVERSEAS  ELECTORS",ALL VOTERS
176,29,176,"St. Anns  Matriculation  Hr.Sec. School, East Facing, North  Wing, Raghunathapuram, Mangadu-
600122","[1]  Mangadu  (MC),  Ward  1  Ragunathapuram  West  St,  [2]  Mangadu (MC),  Ward  1  Om  Sakthi  Nagar,  [3]  Mangadu  (MC),  Ward  1 Ragunathapuram  North  St,  [999]  OVERSEAS  ELECTORS",ALL VOTERS
177,29,177,"St. Anns  Matriculation  Hr.Sec. School, East Facing, North  Wing, Raghunathapuram, Mangadu-600122","[1] Mangadu (MC), Ward 1 North Raghunathapuram, [2] Mangadu (MC), Ward 1 Gandhi Nagar, [3] Mangadu (MC), Ward 18 vadakkurakunadapuram,
[4] Mangadu (MC), Ward 13 Mel Ragunathapuram Indira Nagar, [999] OVERSEAS ELECTORS",ALL VOTERS
178,29,178,"St .Anns  Matriculation  Hr.Sec. School,North  Facing, South  Wing Raghunathapuram, Mangadu-600122","[1] Mangadu (MC), Ward 1 Ragunathapuram East, [2] Mangadu (MC), Ward 1 Ragunathapuram South St, [3] Mangadu (MC), Ward 1 Sivanthi Nagar, [4] Mangadu (MC), Ward 1 Ganapathi Nagar, OVERSEAS ELECTORS",ALL VOTERS
179,29,179,Kundrathur Panchayath Union Elementry  School South  Facing West wing  Ragunathapuram Mangadu,"[1] Mangadu (MC), Ward 1 Ragunathapuram Main Road, , [2] Mangadu (MC), Ward 1 Kirubananthavariyar Nagar, [999] OVERSEAS ELECTORS,",ALL VOTERS
180,29,180,"Kundrathur Panchayat Union, Elementary School, South facing, West wing, Ragunathapuram -
Mangadu","[1]  Mangadu  (MC),  Ward  1  Srinivasa  Nagar,  [999]  OVERSEAS ELECTORS,",ALL VOTERS
181,29,181,"Panchayat Union  Middle School, North  Facing, West Wing, Mangadu-
600122","1.Mangadu  (MC)  Ward  17  Ragunathapuram  East  Col  ,  2.Mangadu (MC)  Ward  16  senthamizh  nagar  ,  3.Mangadu  (MC)  Ward  16  Selva
Ganapathy  Nagar  ,  (999)-  Overseas  Electors",ALL VOTERS
182,29,182,"Padma  Subramaniam Bala  Bhavan Matriculation  Higher Secondary School,West Facing, East Wing,
Mangadu-600122","[1]  Mangadu  (MC),  Ward  15  Bajanai  Koil  St  Melma  Nagar,  [2] Mangadu  (MC),  Ward  15  Melma  Nagar,  [3]  Mangadu  (MC),  Ward  1 Ottan  Natham,  [4]  Mangadu  (MC),  Ward  1  Kollai  Colony,  [999]
OVERSEAS  ELECTORS",ALL VOTERS
183,29,183,"St. Anns  Matriculation  Hr.Sec. School, East Facing, North  Wing, Raghunathapuram, Mangadu-
600122","[1] Mangadu  (MC), Ward 2  Sasthiri St, [2] Mangadu  (MC), Ward 2  Meera Nagar, [3] Mangadu  (MC), Ward  2 Maruthi Nagar, [4] Mangadu  (MC), Ward 14 Murugan  Nagar, [5] Mangadu  (MC), Ward 15  Ramakrishnapuram, [999] OVERSEAS  ELECTORS",ALL VOTERS
184,29,184,"St.Anns Mat.Hr. sec. School, West Facing,East wing Ragunathapuram,Mangadu","[1]  Mangadu  (MC),  Ward  4  meenatchi  nagar,  [2]  Mangadu  (MC), Ward  14  MelRagunathapuram,  Srinivasa  Nagar  II,  [  [3]  Mangadu (MC),  Ward  14  Pathmavathy  Nagar  II,  [4]  Mangadu  (MC),  Ward  14
thirupathi  nagar,  [999]  OVERSEAS  ELECTORS,",ALL VOTERS
185,29,185,"St .Anns  Matriculation  Hr.Sec. School, North  Facing, North  wing, Raghunathapuram, Mangadu-600122","[1] Mangadu (MC), Ward 2 Sriram Nagar East, [2] Mangadu (MC), Ward 13 Melma Nagar, Zear Srinivasa Nagar, [3] Mangadu (MC), Ward 14 Janani Nagar, Annex., 6,
[4] Mangadu (MC), Ward 14 Sri Ambal City, Phase - I, [999] OVERSEAS
ELECTORS,",ALL VOTERS
186,29,186,"Padma  Subramaniam Bala  Bhavan Matriculation  Higher Secondary School, North  Facing, West Wing,
Mangadu-600122","[1]  Mangadu  (MC),  Ward  1  Bajanai  Koil  St,  [2]  Mangadu  (MC),  Ward 13  Appavu  Nagar  (Ragunathapuram),  [3]  Mangadu  (MC),  Ward  1 ragunathapuram  west  colony,  [999]  OVERSEAS  ELECTORS",ALL VOTERS
187,29,187,"Padma  Subramaniam Bala  Bhavan Matriculation  Higher Secondary School, North  Facing, West Wing,
Mangadu-600122","[1] Mangadu (MC), Ward 1 Manthiamman Koil St, [1] Mangadu (MC), Ward 1 Melma Nagar, [2] Mangadu (MC), Ward 1 Gangaiamman Koil St Appavu Nagar, [999] OVERSEAS ELECTORS",ALL VOTERS
188,29,188,"Velammal Vidyalaya, South  Facing, North  Wing, Room No. 29, Mangadu  - 600122","[1]  Mangadu  (MC),  Ward  9  South  Colony,  [2]  Mangadu  (MC),  Ward  7 Subam  Nagar,  [3]  Mangadu  (MC),  Ward  7  Kalaimagal  Nagar,  [4] Mangadu  (MC),  Ward  7  Aringnar  Anna  St  South  Colony,  [999]
OVERSEAS  ELECTORS",ALL VOTERS
189,29,189,"Velammal Vidyalaya, South  Facing, North  Wing, Room No. 6, Mangadu  - 600122","[1]  Mangadu  (MC),  Ward  7  Karunanithi  Nagar,  [2]  Mangadu  (MC), Ward  7  Karukkumedu  Colony[999]  OVERSEAS  ELECTORS",ALL VOTERS
190,29,190,"Velammal Vidyalaya, East Facing, West Wing, Room No. 7, Mangadu  -
600122","1.Mangadu  (MC)  Ward  8  mangadu  then  colony  ,  (999)-  Overseas Electors",ALL VOTERS
191,29,191,"Government High School (Muslim), West Facing, East Wing, Mangadu-
600122","[1] Mangadu  (TP), Ward 7  thoppu  st, Thoppu  Street Juction, South  Colony, [999] OVERSEAS  ELECTORS",ALL VOTERS
192,29,192,"Government High School (Hindu), East Facing, West Wing, Pattu
Mangadu-600122","[1] Mangadu  (MC), Ward 6  kayithemillath  nagar, [2] Mangadu  (MC), Ward 6  Balaji Nagar, [3] Mangadu  (MC), Ward 6  South  St, [999] OVERSEAS ELECTORS",ALL VOTERS
193,29,193,"Government High School (Muslim),
East Facing, West Wing, Pattu Mangadu-600122","[1] Mangadu  (MC), Ward 3  walaja st, [[999] OVERSEAS  ELECTORS,",ALL VOTERS
194,29,194,"Panchayat Union  Primary  School (Hindu), East Facing, North  Wing, Pattu  Mangadu-600122","[1] Mangadu (MC), Ward 6 masoothi st, [2] Mangadu (MC), Ward 6 Mangadu Pattu West St, [3] Mangadu (MC), VANNIYAPPATTU, [5] Mangadu (MC), NEW STREET, [4] Mangadu (MC), HAAJI ALI NAGAR PATTU, [999] OVERSEAS
ELECTORS",ALL VOTERS
195,29,195,"Panchayat Union  Primary School(Hindu) East Facing, South
wing  Pattur, Mangadu","[1] Mangadu (MC), Ward 12 govindaraj nagar, [2] Mangadu (MC), Ward 12 Charles nagar, [999] OVERSEAS ELECTORS",ALL VOTERS
196,29,196,"Panchayat Union  Primay School(Hindu) East Facing, South wing  Pattur, Mangadu-600122","[1] Mangadu (MC), Ward 6 Mangadu South Colony, [2] Mangadu (MC), Ward 12 leelavathi nagar, [3] Mangadu (MC), BAJANAI KOIL STREET[4]Mangadu (MC), PUTHU ST, [999] OVERSEAS ELECTORS,",ALL VOTERS
197,29,197,"Government High School (Muslim), West Facing, East Wing, Pattu
Mangadu-600122","[1] Mangadu (MC), Ward 12 S K M Nagar, [2] Mangadu (MC), Ward 6 V M S Nagar, [3] Mangadu (MC), Ward 2 Bazar St, [999] OVERSEAS ELECTORS",ALL VOTERS
198,29,198,"Government High School (Muslim), West Facing, East Wing, Pattur
Mangadu-600122","[1] Mangadu (MC), Ward 6 indira nagar [2] Mangadu (MC), Ward 6 Indira Nagar, [999] OVERSEAS ELECTORS",ALL VOTERS
199,29,199,"Government High School (Muslim), West Facing, East Wing, Pattu Mangadu-600122","[1] Mangadu (MC), Ward 6 Vanniar St, [2] Mangadu (MC), Ward 6 New Street, [3] Mangadu (MC), Shanthi Nagar, [4] Mangadu (MC), Abdulsamath nagar, [999] OVERSEAS ELECTORS",ALL VOTERS
200,29,200,"Government High School (Muslim), East Facing, West Wing, Pattur Mangadu-600122","[1] Mangadu (TP), Ward 3 Main Road (Road Street) [2] Mangadu (MC), Ward 6 Sulthanpet St [3] [2] Mangadu (MC), Ward 6 Sulthan Pet Pudu St,[999] OVERSEAS ELECTORS",ALL VOTERS
201,29,201,"Panchayat Union  Middle School, West Facing, East Wing, South  Side, Sikkarayapuram-600069","[1]  Sikkarayapuram  (CT),  Ward  2  Mettu  St,  [2]  Sikkarayapuram  (CT), Ward  2  Ambal  Nagar,[999]  OVERSEAS  ELECTORS",ALL VOTERS
202,29,202,"Panchayat Union  Middle School, West Facing, East Wing, North  Side, Sikkarayapuram-600069","1.Sikkarayapuram  (CT)  Ward  1  Mittaikkara  Santhu  , 2.Sikkarayapuram  (CT)  Ward  1  Peumal  Koil  St  ,  3.Sikkarayapuram (CT)  Ward  1  Muthumariamman  Koil  St  ,  4.Sikkarayapuram  (CT) Muthumariamman  Koil  St,  5.Sikkarayapuram  (CT)  Ward  4  main road  sivanthangal,  6.Sikkarayapuram  (CT)  Ward  2  Kulakkarai  St, (999)-  Overseas  Electors",ALL VOTERS
203,29,203,"Mangadu  Public School, East Facing, West Wing, Sikkarayapuram-600069","1.Sikkarayapuram  (CT)  Ward  4  srinivasa  nagar  ,  2.Sikkarayapuram (CT)  Ward  4  Lakshmi  Nagar  ,  ,  3.Sikkarayapuram  (CT)  Ward  4  Jothi Park  ,  4.Sikkarayapuram  Ward  4  Sundar  Avenue  (999)-  Overseas
Electors",ALL VOTERS
204,29,204,"Mangadu  Public School, East Facing, West Wing, Sikkarayapuram-600069","1.Sikkarayapuram  (CT)  Ward  4  Sivasakthi  Nagar  ,
2.Sikkarayapuram  (CT)  Ward  4  Anu  Garden  ,  (999)-  Overseas Electors",ALL VOTERS
205,29,205,"Mangadu  Public School, East Facing, West Wing, Sikkarayapuram-600069","[1] Sikkarayapuram (CT), Ward 4 srinivasa nagar, [2] Sikkarayapuram (CT), Ward 4 Anu Garden, [999] OVERSEAS ELECTORS,",ALL VOTERS
206,29,206,"Panchayat Union  Middle School,
West Facing, East Wing, Sikkarayapuram-600069","[1]  Sikkarayapuram  (CT),  Ward  4  Moogambigai  Nagar,  [2]
Sikkarayapuram  (CT),  Ward  2  Pallikooda  St,  [999]  OVERSEAS ELECTORS",ALL VOTERS
207,29,207,"Panchayat Union  Middle School, West Facing, East Wing, Sikkarayapuram-600069","[1]  Sikkarayapuram  (CT),  Ward  1  Bajanai  Koil  St,  [2] Sikkarayapuram  (CT),  Ward  1,2  Pillayar  Koil  St,  [3]  Sikkarayapuram (CT),  Sikkarayapuram,  [4]  Sikkarayapuram  (CT),  Sikkarayapuram,
[5]  Sikkarayapuram  (CT),  Sikkarayapuram,  [999]  OVERSEAS
ELECTORS",ALL VOTERS
208,29,208,"Panchayat Union  Middle School, West Facing, East Wing, Sikkarayapuram-600069","[1] Sikkarayapuram (CT), Ward 2 Main Road Sikkarayapuram, [2] Sikkarayapuram (CT), Ward 4 Sriragavendrar Nagar Extension, [3] Sikkarayapuram (CT), Ward 4 Sivanthangal Othavadai St, [999] OVERSEAS ELECTORS",ALL VOTERS
209,29,209,"Panchayat Union  Middle School, East Side Building, North  facing,
South  wing, Sikkarayapuram-600069","[1] Sikkarayapuram (CT), Ward 3,2 gandhi st, [2] Sikkarayapuram (CT), Ward 2 Gandhi Road, [999] OVERSEAS ELECTORS",ALL VOTERS
210,29,210,"Panchayat Union  Middle School, North  facing, south  wing, Sikkarayapuram-600069","[1] Sikkarayapuram (CT), Ward 4 Perumal Koil St, [2] Sikkarayapuram (CT), Ward 4 Sivanthangal Mettu St, [3] Sikkarayapuram (CT), Ward 4 Sivanthangal Main Road, [999] OVERSEAS ELECTORS",ALL VOTERS
211,29,211,"Panchayat Union  Middle School, North  facing, south  wing, Sikkarayapuram-600069","[1] Sikkarayapuram (CT), Ward 3, 2 Malaimedu, [2] Sikkarayapuram (CT), Ward 3,2 MSR Kraser, [3] Sikkarayapuram (CT), Ward 4 Mariamman Koil St, [4] Sikkarayapuram (CT), Ward 2 Sikkarayapuram, [5] Sikkarayapuram
(CT), Ward 4 Kiraser, [6] Sikkarayapuram (CT), Ward 4 Subbaiya Nagar [7] Sikkarayapuram (CT), Sikkarayapuram babu garden [999] OVERSEAS ELECTORS",ALL VOTERS
212,29,212,"Panchayat Union  Primary  School, South  Facing, North  Wing, Karaima Nagar, Kundrathur-600069","[1]  Kundrathur,  Ward  1  Karaicheri  Palla  St,  [2]  Kundrathur,  Ward  1 Karaicheri  Mettu  St,  [3]  Kundrathur  (MC),  Ward  3  Main  Road,  [999] OVERSEAS  ELECTORS",ALL VOTERS
213,29,213,"Panchayat Union  Primary  School, South  Facing, North  Wing, East Side, Karaima  Nagar, Kundrathur-
600069","[1]  Kundrathur,  Ward  1  Karaimedu,  [2]  Kundrathur  (MC),  Ward  2
Karaima  Nagar,  [3]  Kundrathur,  Ward  1  Ottan  Kudisai,  [999] OVERSEAS  ELECTORS",ALL VOTERS
214,29,214,"Peace On  Green  Earth Public School, East Facing, West Side, Karaima Nagar, Kundrathur-600069","[1]  Kundrathur  (MC),  Ward  2  Manikandan  Nagar  ,  [999]  OVERSEAS ELECTORS,",ALL VOTERS
215,29,215,"Peace On  Green  Earth Public School, East Facing, North Side, Karaima Nagar, Kundrathur - 600069","[1]  Kundrathur  (MC),  Ward  2  Manikandan  Nagar  2,  [2]  Kundrathur (MC),  Ward  2  Manikandan  Nagar  3,[999]  OVERSEAS  ELECTORS,",ALL VOTERS
216,29,216,"Sivanthi CBSE School, kundrathur","[1]  Kundrathur  (MC),  Ward  1  Andankkuppam  Sri  Metha  Nagar,  [999]
OVERSEAS  ELECTORS",ALL VOTERS
217,29,217,"Sivanthi Public  School, North Facing, South  Wing, Metha  Nagar,
Kundrathur-600069","[1]  Kundrathur  (MC),  Ward  1  Andankkuppam  Sri  Metha  Nagar  3, [999]  OVERSEAS  ELECTORS",ALL VOTERS
218,29,218,"Sivanthi Public  School, North Facing, South  Wing, Metha  Nagar,
Kundrathur-600069","1.Kundrathur  (MC)  Ward  1  andarkuppam  srimetha  nagar1  ,  (999)-Overseas  Electors",ALL VOTERS
219,29,219,"Sivanthi Public  School, North Facing, North Wing, Metha  Nagar, Kundrathur-600069","[1]  Kundrathur  (MC),  Ward  1  Andarkuppam  Sri  metha  nagar  2,  [2] Kundrathur,  Andar  Kuppam,  [3]  Kundrathur  (MC),  Ward  2  Murugan Koil  Road  Ramachandra  Avenue,  [999]  OVERSEAS  ELECTORS,",ALL VOTERS
220,29,220,"Sivanthi Public  School, North Facing, South  Wing, Metha  Nagar,
Kundrathur-600069","[1]  Kundrathur,  Ward  1  andal  kuppam,  [999]  OVERSEAS  ELECTORS",ALL VOTERS
221,29,221,"Government Girls  Higher Secondary School, North  Facing, South  Wing, Thiurnageswaram Kundrathur-
600069","[1]  Kundrathur  (MC),  Ward  11  Marimuthu  Nagar,  [2]  Kundrathur (MC),  Ward  11  Udaya  Nagar,  [3]  Kundrathur  (MC),  Ward  3  Metha Nagar,  [999]  OVERSEAS  ELECTORS,",ALL VOTERS
222,29,222,"Little Flower Matriculation  Higher Secondary School, East Facing, West Wing, Manikkam Nagar, Kundrathur-600069","[1]  Kundrathur  (MC),  Ward  4  Ranganathan  Nagar,  [2]  Kundrathur (MC),  Ward  1  Nelbadi  St,  [3]  Raja  manya  Street,  [4]  Kundrathur (MC),  Ward  1  Sampandham  Nagar  ,1  [  [999]  OVERSEAS  ELECTORS",ALL VOTERS
223,29,223,"Little Flower Matriculation  Higher Secondary School, East Facing, South  Wing, Manikkam Nagar,
Kundrathur-600069","[1]  Kundrathur  (MC),  Ward  1  Sampandham  Nagar  ,  [999] OVERSEAS  ELECTORS",ALL VOTERS
224,29,224,"Government Girls  Higher Secondary School, North  Facing, South  Wing, Thirunageshwarm, Kundrathur-600069","[1]  Kundrathur,  Ward  15  Chembarambakkam  Erikkarai  Street,  [2] Kundrathur  (MC),  Ward  4  Ponniamman  Koil  Street,  [3]  Kundrathur (MC),  Ward  18  Ponniamman  Koil  St,  [4]  Kundrathur,  Ward  18  anna nagar,  [999]  OVERSEAS  ELECTORS",ALL VOTERS
225,29,225,"Government Girls  Higher Secondary School, North  Facing, South  Wing, Thirunageshwarm, Kundrathur-600069","[1] Kundrathur (MC), Ward 11 Mari Nagar, [2] Kundrathur (MC), Ward 11 NSK Nagar, [3] Kundrathur, Anna Nagar, [4] Kundrathur, Ward 8 Jagannathapuram Ist St, [5] Kundrathur (MC), Ward 1 Rajamanya St, [6] Kundrathur (MC), Ward 11 Sundaramoorthy Nagar, [999] OVERSEAS ELECTORS",ALL VOTERS
226,29,226,"Government Girls  Higher Secondary School, North  Facing, South  Wing, Room No. 3, Thirunageshwaram, Kundrathur,600069","1.Kundrathur  (MC),  Manancheri  (R.V)  Ward  16  periya  st  , 2.Kundrathur  (MC),  Manancheri  (R.V)  Ward  16  Pall  St  , 3.Kundrathur  (MC)  Ward  1  Kulakkarai  St  ,  (999)-  Overseas  Electors",ALL VOTERS
227,29,227,"Panchayat Union  Elementary School, North  Facing, South  Wing, Melandai Street, Kundrathur-600069","[1]  Kundrathur  (MC),  Ward  1  Vadavandai  St,[2]  Kundrathur  (MC), Ward  1  kudumi  st,  [3]  Kundrathur  (MC),  Ward  1  Karuneegar  St,  [4] Kundrathur  (MC),  Ward  Keezhandai  St,  [5]  Kundrathur  (MC), Rajarajeshwari  nagar,  [6]  Kundrathur  (MC),  Selliamman  kovil  street,
[7]  Kundrathur,  Ward  Amman  Koil  Backside,  [8]  Kundrathur,  Ward 8  Kadaisi  St,  [9]  Kundrathur,  Ward  15  balavarayan  st,  [999] OVERSEAS  ELECTORS",ALL VOTERS
228,29,228,"Municipality Building, Palavarayan Kulam Street, Kundrathur - 600069","1]  Kundrathur  (MC),  Melandai  street,[999]  OVERSEAS  ELECTORS",ALL VOTERS
229,29,229,"Panchayat Union  Elementary School, North  facing, South  wing, Melandai street, Kundrathur - 600069","[1] Kundrathur (MC), Ward 1 Thatchar St, [2] Kundrathur (MC), Ward 1 melandai st, [3] Kundrathur, Ward 8 pallavarayan kullakkari st, [999] OVERSEAS ELECTORS",ALL VOTERS
230,29,230,"Little Flower Matriculation  Higher Secondary School, East Facing, West Wing, Manickam Nagar Main  Road, Kundrathur-600069","[1]  Kundrathur  (MC),  Ward  1  Nethaji  St,  Rajeswari  Nagar,  [2] Kundrathur  (MC),  Ward  1  Kolla  St,  [3]  Kundrathur  (MC),  Ward  1 Kolla  St  2,  [999]  OVERSEAS  ELECTORS",ALL VOTERS
231,29,231,"Little Flower Matriculation  Higher Secondary School, North  Facing, South  Wing, Manickam Nagar Main Road, Kundrathur-600069","[1]  Kundrathur,  Ward  8  jagannathapuram  2nd  st,  [2]  Kundrathur,
Ward  8  Chekkiyar  Nagar  Jagannathapuram,  [3]  Kundrathur,  Ward  8 Jagannathapuram,  [4]  Kundrathur  (MC),  Ward  1  Athidravidar Quarters,  [999]  OVERSEAS  ELECTORS",ALL VOTERS
232,29,232,"Little Flower Matriculation  Higher Secondary School, North  Facing, South  Wing, Room No. 2, Manickam Nagar Main  Road, Kundrathur-
600069","[1]  Kundrathur,  Ward  8  Devi  Nagar,  [2]  Kundrathur  (MC),  Ward  1 Athivasi  Quarters,  [999]  OVERSEAS  ELECTORS",ALL VOTERS
233,29,233,"Panchayat Union  Primary  School (Mixed), North Facing, South  Wing, Room No. 3, Kundrathur-600069","[1]  Kundrathur,  Ward  10  Gangaiamman  Koil  St,  [2]  Kundrathur, Ward  10  Manancheri  Pallavaram  Salai,  [3]  Kundrathur  (MC),  Ward  1 Manancheri  Colony,  [4]  Kundrathur  (MC),  Ward  8  Bhavaniamman Koil  St,  [5]  Kundrathur,  Ward  8  jagannathapuram  3rd  st,  [6] Kundrathur,  Ward  15  Road  St  (Murugan  Koil  Via),  [999]  OVERSEAS
ELECTORS",ALL VOTERS
234,29,234,"Panchayat Union  Primary  School (Mixed), North Facing, Room No. 4, Main  Building, Kundrathur-600069","[1]  Kundrathur  TP),  Ward  15  Ponni  Nagar,  [999]  OVERSEAS ELECTORS",ALL VOTERS
235,29,235,"Panchayat Union  Primary  School (Mixed), North Facing, Room No. 5, Main  Building, Kundrathur-600069","[1]  Kundrathur,  Ward  15  Navithar  St,  [2]  Kundrathur,  Ward  15  Vani St,  [3]  Kundrathur,  Ward  15  pillayar  koil  st,  [999]  OVERSEAS ELECTORS",ALL VOTERS
236,29,236,"Panchayat Union  Primary  School (Mixed), North Facing, , Main Building, Kundrathur-600069","[1] Kundrathur, Ward 10 Pallavaram Salai Manancheri Colony, [2] Kundrathur, Ward 10 Pallavaram Main Road, [3] Kundrathur TP), Ward 15 Ponni Nagar,1 [4] Kundrathur, Ward 15 Perumal Koil St, [999] OVERSEAS ELECTORS",ALL VOTERS
237,29,237,"Panchayat Union  Primary  School (Mixed), North Facing, Room No. 6, Main  Building, Kundrathur-600069","1.Kundrathur  (MC)  Ward  15  Road  St,  Lalachatram  ,  2.Kundrathur (MC)  Ward  15  Amman  Koil  St  ,  3.Kundrathur  (MC)  Manancheri  (R.V) Ward  16  Manancheri  Pallavaram  Salai  ,  4.Kundrathur  (MC)  Ward  10 Guruvayurappan  Nagar  ,  5.Kundrathur  (MC)  Ward  10  Kundrathur Manancheri  ,  6.Kundrathur  (MC)  Ward  10  Perumal  Koil  St  , 7.Kundrathur  (MC)  Ward  10  Vellalar  St  ,  (999)-  Overseas  Electors",ALL VOTERS
238,29,238,"Little Flower Primary School, Ranganathan  street, Venkatapuram, Kundrathur","1.Kundrathur  (MC)  Ward  3  Andarkuppm  Road  ,  2.Kundrathur  (MC) Ward  8  agraharam  ,  3.Kundrathur  (MC)  Ward  6  Vanniyar  St  , 4.Kundrathur  (MC)  Ward  pandara  st  ,  5.Kundrathur  (MC)Pandara  st
,  (999)-  Overseas  Electors",ALL VOTERS
239,29,239,"Panchayat Union  Primary  School (Mixed), South  Facing, Room No. 9, Kundrathur-600069","1.Kundrathur  (MC)  Ward  9  lala  chatram  ,  2.Kundrathur  (MC)  Ward 9  road  st  ,  3.Kundrathur  (MC)  Ward  9  Santhaiveliamman  Koil  St  , (999)-  Overseas  Electors",ALL VOTERS
240,29,240,"Little Flower Primary School, Ranganathan  street, Venkatapuram, Kundrathur","1.Kundrathur  (MC)  Ward  3  road  st  (venkatapuram)  ,  2.Kundrathur (MC)  Ward  9  road  st  babu  nagar  ,  3.Kundrathur  (MC)  Ward  9  Road St,  3rd  Cross  St  ,  4.Kundrathur  (MC)  Ward  9  Road  St,  2nd  Cross  St  , 5.Kundrathur  (MC)  Ward  9  Palla  St  ,  6.Kundrathur  (MC)  Ward  9  road  st,  ist  cross  st  ,  7.Kundrathur  (MC)  Ward  5  road  st  ,  (999)-Overseas  Electors",ALL VOTERS
241,29,241,"Little Flower Matriculation  Higher Secondary School, North  Facing, South  Wing, Manikkam Nagar, Kundrathur-600069","[1]  Kundrathur  (MC),  Ward  1  Kurukkal  St,  [2]  Kundrathur  (MC), Ward  1  Siva  Vishnu  Nagar,  [3]  Kundrathur  (TP),  Ward  1  Kathiravan Avenue,  [4]  Kundrathur  (MC),  Ward  1  Ramachandra  Avenue,  [999] OVERSEAS  ELECTORS",ALL VOTERS
242,29,242,"Little Flower Matriculation  Higher Secondary School, North  Facing, South  Wing, Manikkam Nagar,
Kundrathur-600069","[1]  Kundrathur  (MC),  Ward  1  padmavathi  nagar,  [2]  Kundrathur (MC),  Ward  8  Santhosh  Avenue,  [999]  OVERSEAS  ELECTORS",ALL VOTERS
243,29,243,"Government Girls  Higher Secondary School, North  Facing, South  Side, Thirunageswaram, Kundrathur-600069","1.Kundrathur  (MC)  Ward  1  Rose  Ramalingam  St  ,  2.Kundrathur (MC)  Ward  1  Thirugnanasambandan  St  ,  3.Kundrathur  (MC)  Ward  1 Nainiyappan  St  ,  4.Kundrathur  (MC)  Ward  1  Thiyagi  Ekambaram  St
,  5.Kundrathur  (MC)  Ward  1  Kamakotti  St  ,  6.Kundrathur  (MC) Ward  1  Thulukka  St  ,  7.Kundrathur  (MC)  Ward  1  Pudu  Nagar (Opp.Police  Station)  ,  (999)-  Overseas  Electors",ALL VOTERS
244,29,244,"Government Girls  Higher Secondary School, East Facing, West Wing building, Thirunageswaram, Kundrathur-600069","1.Kundrathur  (MC)  Ward  6  Thatchar  St  ,  2.Kundrathur  Mogalingam Nagar  ,  (999)-  Overseas  Electors",ALL VOTERS
245,29,245,"Government Girls  Higher Secondary School, East Facing, West Wing building, Thirunageswaram, Kundrathur-600069","1.Kundrathur  (MC)  ,  Thirunageswaram  (R.V)  Ward  1  Chekiyar  Nagar
,  2.Kundrathur  (MC)  Ward  1  Karaikkal  Ammaiar  St  ,  3.Kundrathur (MC)  Ward  1  Sundaram  Salai  ,  4.Kundrathur  (MC)  Ward  1  Chozhar St  ,  5.Kundrathur  (MC)  Ward  1  Chekiyar  St  ,  6.Kundrathur  (MC) Ward  1  Thilagavathiyar  Salai  ,  (999)-  Overseas  Electors",ALL VOTERS
246,29,246,"Government Girls  Higher Secondary School, East Facing, West Wing, Thirunageswaram, Kundrathur-600069","[1]  Kundrathur  (MC),  Manancheri  (R.V),  Ward  16  Bazar  Street  (Fish Market),  [2]  Kundrathur  (MC),  Ward  1  Athipathar  St,  [3]  Kundrathur (MC),  Ward  1  Church  St,  [4]  Kundrathur  (MC),  Ward  1  Panchayat Colony,  [5]  Kundrathur  (MC),  Ward  1  bazzar  st,  [6]  Kundrathur  (MC),  Ward  1  Manickavasagar  Salai,  [7]  Kundrathur,  Ward  10 Amman  Koil  St,  [8]  Kundrathur  (MC)  ,  Thirunageswaram  (R.V),  Ward 1  Navithar  St,  [999]  OVERSEAS  ELECTORS",ALL VOTERS
247,29,247,"Government Girls  Higher Secondary School, South  Facing, North  Wing, Thirunageswaram, Kundrathur-600069","1.Kundrathur  (MC)  ,  Thirunageswaram  (R.V)  Ward  1 Thirunageswaram  Colony  (Navithar  St)  ,  2.Kundrathur  (MC)  , Thirunageswaram  (R.V)  Ward  1  Kamarajar  Nagar  2nd  St  , 3.Kundrathur  (MC)  ,  Thirunageswaram  (R.V)  Ward  1  Kamarajar Nagar  1st  St  ,  4.Kundrathur  (MC)  ,  Thirunageswaram  (R.V)  Ward  1 thirunageswaram  colony  ,  (999)-  Overseas  Electors",ALL VOTERS
248,29,248,"Government Girls  Higher Secondary School, South  Facing, North  Wing, Thirunageswaram, Kundrathur-600069","[1]  Kundrathur  (MC)  ,  Thirunageswaram  (R.V),  Ward  1  Duraisami Mudaliar  St,  [2]  Kundrathur  (MC),  Ward  1  Bhavaniamman  Koil  St,
[3]  Kundrathur  (MC),  Ward  1  Periyapalayathamman  Koil,  [4] Kundrathur  (MC),  Ward  1  Thirunageswaram  Colony,  [5]  Kundrathur (MC),  Ward  1  Duraisami  Mudaliar  St,  [999]  OVERSEAS  ELECTORS",ALL VOTERS
249,29,249,"Panchayat Union  Primary  School , New Building, North  Facing, South Wing, Natham Kundrathur,-600069","[1]  Kundrathur,  Ward  7  Othavadai  St,  [2]  Kundrathur,  Ward  6 Amman  Koil  St,  [3]  Kundrathur,  Ward  7  Kundrathur  South  Colony Natham  (Natham  South),  [4]  Kundrathur,  Ward  1  Perumal  Koil
Street,  [999]  OVERSEAS  ELECTORS",ALL VOTERS
250,29,250,"Panchayat Union  Primary  School , New Building, North  Facing, South Wing, Natham Kundrathur,-600069","[1]  Kundrathur,  Ward  7  Malaiadivaram,  [2]  Kundrathur,  Ward  7 Kundrathur  Colony  Vadakku  Thoppu  Street,  [3]  Kundrathur,  Ward  6 kundrathur  colony  malaiadivaram,  [4]  Kundrathur,  Ward  7  Murugan Kovil  Malaiadivaram,  [999]  OVERSEAS  ELECTORS",ALL VOTERS
251,29,251,"Panchayat Union  Primary  School , New Building, North  Facing, South Wing, Natham Kundrathur,-600069","[1] Kundrathur (MC), Ward 1 Thiruneermalai Road, [2] Kundrathur, Wara 7 Thoppu St, [999] OVERSEAS ELECTORS",ALL VOTERS
252,29,252,"Government Arts and Science College, North  Facing, South  Wing, B.Com, I Year, Kundrathur - 600069","[1]  Kundrathur  (MC),  Ward  9  Muthalamman  Koil  St,  [2]  Kundrathur (MC),  Ward  11  Nadaipathai  St,  [3]  Kundrathur,  Ward  8  Perumal  Koil St,  [4]  Kundrathur  (MC),  Ward  7  Natham,  Thenpagam,  [5] Kundrathur  (TP),  Ward  11  Pillayar  Koil  St,  [999]  OVERSEAS
ELECTORS",ALL VOTERS
253,29,253,"Government Arts and Science College, North  Facing, South  Wing, B.B.A., I Year, Kundrathur - 600069","[1]  Kundrathur,  Ward  11  Cheran  St,  [2]  Kundrathur,  Ward  11  Rajiv Gandhi  St,  [3]  Kundrathur,  Ward  11  Pallavar  St,  [4]  Kundrathur, Ward  1  VOC  St,  Kanniyappan  Nagar,  [5]  Kundrathur,  Ward  11  Jeeva St,  [6]  Kundrathur,  Thiru.Vi.Ka.St,  [7]  Kundrathur,  Ward  11 Balathandayudabani  Kanniyappan  Nagar,  [8]  Kundrathur,  Ward  11 Murugesan  St,  Kanniappan  Nagar,  [9]  Kundrathur,  Ward  11  MGR Nagar,  [999]  OVERSEAS  ELECTORS",ALL VOTERS
254,29,254,"Government Arts and Science College, North  Facing, South  Wing,
Kundrathur - 600069","[1]  Kundrathur  (MC),  Ward  12  Thiruvalluvar  Nagar,  [999] OVERSEAS  ELECTORS",ALL VOTERS
255,29,255,"Government Arts and Science College, North  Facing, South  Wing, Kundrathur - 600069","1.Kundrathur  (MC)  Ward  12  Srimathi  Nagar  Balavinayagam  St  , 2.Kundrathur  (MC)  Ward  12  kuzhai  st  ,  3.Kundrathur  (MC)  Ward  18 Gangaiamman  Koil  St,  4.Kundrathur  (MC)  Ward  12  Sembadavar  St  , (999)-  Overseas  Electors",ALL VOTERS
256,29,256,"Government Sekkizhar Higher Secondary School West Facing, South  Wing, Kundrathur - 600069","1.Kundrathur  (MC)  Ward  1  mettu  st  ,  2.Kundrathur  (MC)  Ward  18 Periyar  St,  3.Kundrathur  (MC)  Periyar  Nagar  ,  4.Kundrathur  (MC) Ward  18  Meenavar  St  Puduvattaram  ,  5.Kundrathur  (MC) Vembuliyamman  Kovil  Street,  (999)-  Overseas  Electors",ALL VOTERS
257,29,257,"Government Sekkizhar Higher Secondary School, North  Facing, South  Wing, Kundrathur-600069","1.Kundrathur  (MC)  Ward  18  angala  parameswari  nagar, 2.Kundrathur  (MC)  Ward  12  Vembuliamman  Koil  St  ,  3.Kundrathur (MC)  Ward  13  mettu  st,  (999)-  Overseas  Electors",ALL VOTERS
258,29,258,"Government Arts and Science College, South  Facing, North  Wing, Kundrathur - 600069","1.Kundrathur  (MC),  Manancheri  (R.V)  Ward  16  Kavarai  ST , 2.Kundrathur  (MC)  Ward  14  sadayandeeswarar  koil  st  , 3.Kundrathur  (MC)  Ward  14  chinna  st,  (999)-  Overseas  Electors",ALL VOTERS
259,29,259,"Government Arts and Science College, South  Facing, North  Wing, East Side, Kundrathur - 600069","[1]  Kundrathur  (MC),  Ward  1  Maruthi  Nagar,  [2]  Kundrathur  (MC), Ward2  Subbulakshmi  Nagar,  [3]  Kundrathur  (MC),  Ward  2  Sakthi Nagar,  [4]  Kundrathur  (MC),  Ward  2  Thiruppathi  nagar,  [5] Kundrathur  (MC),  Ward2  Mariyamman  Koil  St,  [999]  OVERSEAS
ELECTORS",ALL VOTERS
260,29,260,"Government Arts and Science College, South  Facing, North  Wing, East Side, Kundrathur - 600069","1] Kundrathur (MC), Ward 12 gangaiamman koil st, [2] Kundrathur (MC), Ward 1 Sivankoil St, [3] Kundrathur (MC), Ward 1 Balaji Nagar, [999] OVERSEAS ELECTORS",ALL VOTERS
261,29,261,"Sekkizhar Government Higher Secondary School, South  Facing, North  Wing, Kundrathur-600069","[1]  Kundrathur  (MC),  Ward  2  Saravana  Nagar  Main  Road,  [2] Kundrathur  (MC),  Ward  2  Kundrathur  Road,  [3]  Kundrathur  (TP), Ward  2  Ondichery  Gopal  St,  [999]  OVERSEAS  ELECTORS",ALL VOTERS
262,29,262,"Sekkizhar Government Boys  Higher Secondary School, South  Facing, North  Wing, Kundrathur-600069","[1]  Kundrathur  (MC),  Ward2  Mooganbigai  Nagar,  [2]  Kundrathur (MC),  Ward  2  Akneeswaran  St,  [3]  Kundrathur  (MC),  Devi Karumariyamman  Nagar,  [4]  Kundrathur  (MC),  Ward  2  Kundrathur Adhicolony  Moondram  Kattalai,  [5]  Kundrathur  (MC),  Ward  2 Kundrathur  Adhicolony  Moondram  Kattalai,  [999]  OVERSEAS
ELECTORS",ALL VOTERS
263,29,263,"Sekkizhar Government Boys  Higher Secondary School, South  Facing, North  Wing, Kundrathur-600069","[1] Kundrathur (MC), Ward 2 Kavankarai St, [2] Kundrathur (MC), Ward 2 Main Road, [3] Kundrathur (MC), Ward 2 Moondram kattalai Road St, [999] OVERSEAS ELECTORS",ALL VOTERS
264,29,264,"Panchayat Union  Primary  School , South  Facing, North  Wing, Thirumudivakkam-600132","[1]  Thirumudivakkam  (P)  And  (R.V),  Ward  1  Gangaiamman  Koil  St,
[2]  Thirumudivakkam  (P)  And  (R.V),  Ward  3  Eswaran  Koil  St,  [3] Thirumudivakkam  (P)  And  (R.V),  Ward  3  Anna  St  Malaimedu,  [4] Thirumudivakkam  (P)  And  (R.V),  Ward  1  Kulakkari  St,  [5] Thirumudivakkam  (P)  And  (R.V),  Ward  4  Pillaiyar  Koil StVazhuthalambedu,  [6]  Thirumudivakkam  (P)  And  (R.V),  Ward  1 Main  Road,  [7]  Thirumudivakkam  (P)  And  (R.V),  Ward  2  MGR  St,  [8] Thirumudivakkam  (P)  And  (R.V),  Ward  1  Achari  st,  [999]  OVERSEAS ELECTORS",ALL VOTERS
265,29,265,"Anganwadi building, North facing, Thirumudivakkam - 600132","[1]  Thirumudivakkam  (P)  And  (R.V),  Ward  3  SIDCO,  [2] Thirumudivakkam  (P)  And  (R.V),  Ward  4  Pillayar  Koil  St,  [3] Thirumudivakkam  (P)  And  (R.V),  Ward  1  Eswaran  Koil  St,  [4] Thirumudivakkam  (P)  And  (R.V),  Ward  1  Gangaiamman  Koil  St,  [5] Thirumudivakkam  (P)  And  (R.V),  Ward  1  Rajaji  St,  [6] Thirumudivakkam  (P)  And  (R.V),  Ward  3  Kalaingar  St Thirumudivakkam,  [7]  Thirumudivakkam  (P)  And  (R.V),  Ward  2 Bajainai  Koil  St,  [999]  OVERSEAS  ELECTORS",ALL VOTERS
266,29,266,"Panchayat Union  Primary  School , South  Facing, North  Wing, Thirumudivakkam-600132","[1]  Thirumudivakkam  (P)  And  (R.V),  Ward  1  Anna  St,  [2] Thirumudivakkam  (P)  And  (R.V),  Ward  1  Kulakkarai  St,  [3] Thirumudivakkam  (P)  And  (R.V),  Ward  1  Achari  St,  [4] Thirumudivakkam  (P)  And  (R.V),  Ward  1  Bajanai  Koil  St,  [5] Thirumudivakkam  (P)  And  (R.V),  Ward  2  Nagan  St,  [6] Thirumudivakkam  (P)  And  (R.V),  Ward  2  MGR  St,  [7] Thirumudivakkam  (P)  And  (R.V),  Ward  3  Mangalapuri  Nagar,  [8] Thirumudivakkam  (P)  And  (R.V),  Ward  1  Post  Office  St,  [9] Thirumudivakkam  (P)  And  (R.V),  Nagan  St,  [10]  Thirumudivakkam
(P)  And  (R.V),  Main  Road,  [11]  Thirumudivakkam  (P)  And  (R.V),  Ward 3  Selari  Odai  Street,  [12]  Thirumudivakkam  (P)  And  (R.V),  Ward  3 Church  St,  [999]  OVERSEAS  ELECTORS",ALL VOTERS
267,29,267,"Panchayat Union  Primary  School, South  facing, North  wing, New building, Thirumudivakkam - 600132","[1] Thirumudivakkam (P) And (R.V), Ward 3 SIDCO Thirumudivakkam, [2] Thirumudivakkam (P) And (R.V), Ward 1 Main Road, [3] Thirumudivakkam (P) And (R.V), Ward 3 Kalingnar St, [999] OVERSEAS ELECTORS",ALL VOTERS
268,29,268,"Government Higher Secondary School, East Facing, West Wing, Pazanthandalam-600132","[1]  Pazhanthandalam  (P)  And  (R.V),  Ward  1  Pazhanthandalam,  [2] Pazhanthandalam  (P)  And  (R.V),  Ward  1  Main  Road,  [3] Pazhanthandalam  (P)  And  (R.V),  Ward  1  Indira  Nagar,  [4] Pazhanthandalam  (P)  And  (R.V),  Ward  1  Venugopal  Swamy  St,  [5] Pazhanthandalam  (P)  And  (R.V),  Ward  2  Nadesan  St,  [999] OVERSEAS  ELECTORS",ALL VOTERS
269,29,269,"Government Higher Secondary School, East Facing, West Wing, Pazanthandalam-600132","[1]  Pazhanthandalam  (P)  And  (R.V),  Ward  1  MGR  St,  [2] Pazhanthandalam  (P)  And  (R.V),  Ward  1  Kalaingar  St,  [3] Pazhanthandalam  (P)  And  (R.V),  Ward  1  Varadhan  St,  [4] Pazhanthandalam  (P)  And  (R.V),  Ward  1  Iyyar  St,  [5] Pazhanthandalam  (P)  And  (R.V),  Ward  1  Bajanai  Koil  St,  [6] Pazhanthandalam  (P)  And  (R.V),  Ward  1  Pillaiyar  Koil  St,  [7] Pazhanthandalam  (P)  And  (R.V),  Pillaiyar  Koil  St,  [8] Pazhanthandalam  (P)  And  (R.V),  Ward  1  Chinnasamy  St,  [9] Pazhanthandalam  (P)  And  (R.V),  Ward  3  Parthasarathi  St,  [10] Pazhanthandalam  (P)  And  (R.V),  Ward  1  Main  Road,  [11] Pazhanthandalam  (P)  And  (R.V),  Ward  3  Bajanai  Koil  St,  [12] Pazhanthandalam  (P)  And  (R.V),  Ward  3  Anna  Nagar  Kulakkarai  St, [999]  OVERSEAS  ELECTORS",ALL VOTERS
270,29,270,"Government Higher Secondary School, East Facing, West Wing, Pazanthandalam-600132","[1]  Pazhanthandalam  (P)  And  (R.V),  Ward  2  Moshan  Kuttai,  [2] Pazhanthandalam  (P)  And  (R.V),  Ward  2  Vedha  Vinayagar  St,  [3] Pazhanthandalam  (P)  And  (R.V),  Ward  2  Selvi  Amman  Koil  St,  [4] Pazhanthandalam  (P)  And  (R.V),  Ward  2  Bus  Root  Main  Road,  [5] Pazhanthandalam  (P)  And  (R.V),  Ward  2  Kalaingar  St,  [6] Pazhanthandalam  (P)  And  (R.V),  Ward  2  Anna  Nagar  Main  Road,  [7] Pazhanthandalam  (P)  And  (R.V),  Ward  2  Thiruvalluvar  St,  [8] Pazhanthandalam  (P)  And  (R.V),  Ward  2  Jayalalitha  St,  [9] Pazhanthandalam  (P)  And  (R.V),  Ward  2  Ambedkar  St,  [10] Pazhanthandalam  (P)  And  (R.V),  Ward  2  Main  Road  Colony,  [11] Pazhanthandalam  (P)  And  (R.V),  Ward  2  Signal  St,  [999]  OVERSEAS
ELECTORS",ALL VOTERS
271,29,271,"Government Higher Secondary School, East Facing, West Wing, Pazhanthandalam-600132","1]  Pazhanthandalam  (P)  And  (R.V),  Ward  3  Kamarajar  St,  [2] Pazhanthandalam  (P)  And  (R.V),  Ward  3  MGR  St  Anna  Nagar,  [3] Pazhanthandalam  (P)  And  (R.V),  Ward  3  Muthumariyamman  Koil  St,
[4]  Pazhanthandalam  (P)  And  (R.V),  Ward  3  Kambar  St,  [5] Pazhanthandalam  (P)  And  (R.V),  Ward  3  Bajanai  Koil  St,  [6 Pazhanthandalam  (P)  And  (R.V),  Ward  3  Varadhan  St,  [7] Pazhanthandalam  (P)  And  (R.V),  Ward  1  Periyar  St,  [8] Pazhanthandalam  (P)  And  (R.V),  Ward  3  Main  Road,  [9 Pazhanthandalam  (P)  And  (R.V),  Ward  3  Pillaiyar  St,  [10] Pazhanthandalam  (P)  And  (R.V),  Ward  3  Ethirajilu  St,  [11] Pazhanthandalam  (P)  And  (R.V),  Selliyamman  Koil  St,  [12] Pazhanthandalam  (P)  And  (R.V),  Ward  3  Chinnasami  St,  [999]
OVERSEAS  ELECTORS",ALL VOTERS
272,29,272,"E Sevai Center, South  Face Community  Hall Campus, Erumaiyur-600132.","1.Erumaiyur  (P)  And  (R.V)  Ward  2  Kalaingar  St  ,  2.Erumaiyur  (P) And  (R.V)  Ward  2  MGR  St  ,  3.Erumaiyur  (P)  And  (R.V)  Ward  1 Varadhapuriyamman  St  ,  4.Erumaiyur  (P)  And  (R.V)  Ward  1  Periyar St  ,  5.Erumaiyur  (P)  And  (R.V)  Ward  3  Malai  St  Rajagopal  Kandigai  , 6.Erumaiyur  (P)  And  (R.V)  Ward  2  Main  Road  ,  7.Erumaiyur  (P)  And (R.V)  Ward  1  Kanniyamman  Koil  St  ,  8.Erumaiyur  (P)  And  (R.V) Ward  1  Ambedkar  St  ,  (999)-  Overseas  Electors",ALL VOTERS
273,29,273,"Community  Hall, North  Face Erumaiyur-600132.","1.Erumaiyur  (P)  And  (R.V)  Ward  3  Christhuvaraja  Koil  St  , 2.Erumaiyur  (P)  And  (R.V)  Ward  2  Mannadiyamman  Koil  St  , 3.Erumaiyur  (P)  And  (R.V)  Ward  1  Bajanai  Koil  St  ,  4.Erumaiyur  (P) And  (R.V)  Ward  1  Pillaiyar  Koil  St  ,  (999)-  Overseas  Electors",ALL VOTERS
274,29,274,"Panchayat Union  Primary  School , South  Facing, North  Building, Nallur-
600069","[1]  Poonthandalam(P),  Ward  3  nallur,  [999]  OVERSEAS  ELECTORS",ALL VOTERS
275,29,275,"Panchayat Union  Primary  School , North  Building, South  Facing, Nallur-
600069","[1]  Poonthandalam(P),  Ward  3  nallur,  1[999]  OVERSEAS  ELECTORS",ALL VOTERS
276,29,276,"Panchayat Union  Primary  School, East Facing, West Wing, Nallur-
600069","1.Poonthandalam(P)  Ward  3  bajanai  koil  st  ,  2.Poonthandalam(P) Ward  3  Main  Road  Nallur  ,  (999)-  Overseas  Electors",ALL VOTERS
277,29,277,"Panchayat Union  Primary  School , East Facing, West Wing, Nallur-600069","[1] Poonthandalam(P), Ward 3 Somangalam (Nallur), [2] Poonthandalam(P), Annanagar 1st St, [3] Poonthandalam(P), ANNA NAGAR 3RD STREET,
[999] OVERSEAS ELECTORS",ALL VOTERS
278,29,278,"Panchayat Union  Primary  School , East Facing, West Wing, Nallur-600069","[1] Poonthandalam(P), Ward 3 nallur, 2 [2] Poonthandalam(P), Ward 3 nallur, 3 [3] Poonthandalam(P), Ward 3 Pillayar Koil St (Nallur), [4] Poonthandalam(P), Ward 3 Mariamman Koil St, [5] Poonthandalam(P), Ward 3 Perumal Koil St, [999]
OVERSEAS ELECTORS",ALL VOTERS
279,29,279,"Panchayat Union  Elementary School, South  Facing, East Portion, Poonthandalam-600069","[1]  Poonthandalam(P),  Ward  1  Sakthi  Nagar  Ist  St,  [999]  OVERSEAS ELECTORS",ALL VOTERS
280,29,280,"Panchayat Union  Elementary School, South  Facing, west Portion, New Building, Poonthandalam-600069","[1]  Poonthandalam(P),  Ward  1  Bajanai  Koil  2nd  St,  [2]
Poonthandalam(P),  Ward  1  Poonthandalam,  [999]  OVERSEAS ELECTORS",ALL VOTERS
281,29,281,"Anganwadi Centre, North  Facing, West Wing, Poonthandalam","[1] Poonthandalam(P), Ward 1 Sakthi Nagar Ist St,1 [2] Poonthandalam(P), Ward 1 Pillayar Koil St Poonthandalam [999] OVERSEAS ELECTORS",ALL VOTERS
282,29,282,"Panchayat Union  Library Building, West Facing, Poonthandalam-600069","1.Poonthandalam(P)  Ward  2  Puducheri  Village  ,  2.Poonthandalam(P) Ward  2  Pillayar  Koil  St  ,  3.Poonthandalam(P)  Ward  1  Poonthandalam Main  Road  ,  4.Poonthandalam(P)  Ward  1  Gangaiamman  Koil  St  , (999)-  Overseas  Electors",ALL VOTERS
283,29,283,"Panchayat Union  Elementary School, East Wing, West Facing, Somangalam-600069","1.Somangalam  (P)  And  (R.V)  Ward  3  Rajiv  Gandhi  Nagar  , 2.Somangalam  (P)  And  (R.V)  Ward  1  Perumal  Koil  St  , 3.Somangalam  (P)  And  (R.V)  Ward  1  Palaiyakkara  Street  , 4.Somangalam  (P)  And  (R.V)  Ward  1  Somagalam  Colony  ,  (999)-
Overseas  Electors",ALL VOTERS
284,29,284,"Panchayat Union  Elementary School,
East Wing, West Facing, Somangalam-600069","[1]  Somangalam  (P)  And  (R.V),  Ward  1,3,4  Somangalam,  [999] OVERSEAS  ELECTORS",ALL VOTERS
285,29,285,"Panchayat Union  Primary  School, South  Wing, North  Facing, Somangalam-600069","[1]  Somangalam  (P),Puducheri  (R.V),  Ward  3  mettur,  [2] Somangalam  (P)  And  (R.V),  Ward  4  Melathur  Bajanai  Koil  St,  [3] Somangalam  (P)  And  (R.V),  Ward  4  Main  Road,  2nd  St,  [4] Somangalam  (P)  And  (R.V),  Ward  3  rajiv  gandhi  nagar  mettur,  [5] Somangalam  (P)  And  (R.V),  Ward  1  Sengunthar  St,  [  [999] OVERSEAS  ELECTORS",ALL VOTERS
286,29,286,"Panchayat Union  Primary School,North  Wing, North Facing, Somangalam-600069","[1] Somangalam (P) And (R.V), Ward 1,3,4 Somangalam,1 [2] Somangalam (P) And (R.V), Ward 3 Kalaignar Nagar, [3] Somangalam (P) And (R.V), Ward 3 Thattara Kammala St, [4] Somangalam (P) And (R.V), Ward 3 Indira Nagar, [999] OVERSEAS ELECTORS",ALL VOTERS
287,29,287,"Panchayat Union  Elementary School, South  Wing, North  Facing, Somangalam-600069","1.Somangalam  (P)  And  (R.V)  Ward  1  Somangalam  ,  2.Somangalam
(P)  And  (R.V)  Ward  4  Somangalam  Bajanai  Koil  St  ,  3.Somangalam
(P)  And  (R.V)  MELATHUR  ERIKKARAI STREET ,  4.Somangalam  (P)
And  (R.V)  Chinna  Aiyangar  Street  ,  5.Somangalam  (P)  And  (R.V) Pudhuchery  ,  (999)-  Overseas  Electors",ALL VOTERS
288,29,288,"St. Pauls Nursery & Primary School, West Wing, South  Facing,
Naduveerapattu-600069","[1]  Naduveerapattu  (P)  And  (R.V),  Ward  2  Pathu  Kudisai  Gandhi  St, [999]  OVERSEAS  ELECTORS",ALL VOTERS
289,29,289,"St Pauls Nursery and  Primary School, West Wing, South  Facing, Naduveerapattu-600069","[1]  Naduveerapattu  (P)  And  (R.V),  Ward  2  Muthumariamman  Koil  St,
[2]  Naduveerapattu  (P)  And  (R.V),  Ward  2  Ashockar  St,  [3] Naduveerapattu  (P)  And  (R.V),  Ward  2  Nehru  St,  Ambedkar  Nagar,
[4]  Naduveerapattu  (P)  And  (R.V),  Ward  2  Road  St,  Ambedkar  Nagar,
[5]  Naduveerapattu  (P)  And  (R.V),  Ward  1,2  Maragam  Nagar,  [6] Naduveerapattu  (P)  And  (R.V),  Naduveerapattu  Main  Road  [999] OVERSEAS  ELECTORS",ALL VOTERS
290,29,290,"Government Adhidravidar Welfare Elementary School, East Wing, West Facing, Naduveerapattu-600069","1.Naduveerapattu  (P)  And  (R.V)  Ward  2  Palayakkarar  St  , 2.Naduveerapattu  (P)  And  (R.V)  Ward  1  Ellaiamman  St  , 3.Naduveerapattu  (P)  And  (R.V)  Ward  1  Kiramani  St  , 4.Naduveerapattu  (P)  And  (R.V)  Ward  1  Sengunthar  St  , 5.Naduveerapattu  (P)  And  (R.V)  Ward  1  Vellala  St  ,  6.Naduveerapattu
(P)  And  (R.V)  Ward  1  Mettu  St  ,  7.Naduveerapattu  (P)  And  (R.V)  Ward 1  Bajanai  Koil  St  ,  8.Naduveerapattu  (P)  And  (R.V)  Ward  1 periyapalayathamman  koil  st  ,  9.Naduveerapattu  (P)  And  (R.V)  Ward 2  Kannagi  St  ,  10.Naduveerapattu  (P)  And  (R.V)  Ward  2  VOC  St  , 11.Naduveerapattu  (P)  And  (R.V)  Ward  2  Renugambal  Koil  St  Ambal Nagar  ,  12.  Naduveerapattu  (P)  And  (R.V)  Ward  2  Sivasankaran  St, (999)-  Overseas  Electors",ALL VOTERS
291,29,291,"Government Adhidravidar Welfare Elementary School, South Wing, North  Facing, Naduveerapattu-
600069","[1]  Naduveerappattu  (P)  And  (R.V),  Ward  1Naduveerappattu  main road,  [999]  OVERSEAS  ELECTORS,",ALL VOTERS
292,29,292,"Government Adhidravidar Welfare Elementary School, South Wing, North  Facing, Naduveerapattu-600069","[1]  Naduveerappattu  (P)  And  (R.V),  Ward  1,2  Panchayat  Board  Street,
[2]  Naduveerappattu  (P)  And  (R.V),  Ward  2  Mettu  Street,  [3] Naduveerappattu  (P)  And  (R.V),  Ward  1,2  Nagathamman  koil  Street,
[4]  Naduveerappattu  (P)  And  (R.V),  Ward  2  Ambedkar  Street,  [5] Naduveerappattu  (P)  And  (R.V),  Ward  1  Irular  Street,  [6] Naduveerappattu  (P)  And  (R.V),  Ward  2  Anna  Street  Ghandhi  nagar,
[999]  OVERSEAS  ELECTORS",ALL VOTERS
293,29,293,"Government Adhidravidar Welfare Elementary School, South Wing, North  Facing, Naduveerapattu-600069","[1]  Naduveerappattu  (P)  And  (R.V),  Ward  2  Nehru  Street  Ghandhi nagar,[2]  Naduveerappattu  (P)  And  (R.V),  Ward  2 Muthumariyamman  koil  Street,  [3]  Naduveerappattu  (P)  And  (R.V), Ward  2  Kakkkan  Street,  [4]  Naduveerappattu  (P)  And  (R.V),  Ward  2 Anna  Street,  [5]  Naduveerappattu  (P)  And  (R.V),  Ward  2  Nehru  Steet,
[6]  Naduveerappattu  (P)  And  (R.V),  Ward  2  Ghandhi  Nagar,  [999]
OVERSEAS  ELECTORS",ALL VOTERS
294,29,294,"RCM Primary School (Darkkas), West Facing, East Wing, Naduveerapattu-600132","[1]  Naduveerapattu  (P)  And  (R.V),  Ward  3  susaiappar  st,  [2] Naduveerapattu  (P)  And  (R.V),  Ward  3  Anna  Nagar,  [3] Naduveerapattu  (P)  And  (R.V),  Ward  3  Kozhipannai  Veethi,  [4] Naduveerapattu  (P)  And  (R.V),  Ward  3  annai  indira  gandhi  nagar,  [5] Naduveerapattu  (P)  And  (R.V),  Ward  3  Lakshmi  Nagar,  [6] Naduveerapattu  (P)  And  (R.V),  Ward  3  aringnar  anna  st,  [999] OVERSEAS  ELECTORS",ALL VOTERS
295,29,295,"RCM Primary School (Darkkas), West Facing, East Wing, Naduveerapattu-600132","[1]  Naduveerapattu  (P)  And  (R.V),  Ward  3  anthaiya  st,  [2] Naduveerapattu  (P)  And  (R.V),  Ward  3  Anna  Nagar,  [3] Naduveerapattu  (P)  And  (R.V),  Ward  3  anthoniyar  koil  st,  [4] Naduveerapattu  (P)  And  (R.V),  Ward  3  Ettiyapuram  Village,  [999]
OVERSEAS  ELECTORS",ALL VOTERS
296,29,296,"RCM Primary School (Dharkast), West Facing, East Wing, Naduveerapattu-600132","[1]  Naduveerapattu  (P)  And  (R.V),  Ward  3  ambedkar  st,  [2] Naduveerapattu  (P)  And  (R.V),  Ward  3  kulakkarai  st,  [3] Naduveerapattu  (P)  And  (R.V),  Ward  3  puthiyamada  koil  st,  [4] Naduveerapattu  (P)  And  (R.V),  Ward  3  ettiyamman  koil  st,  [999] OVERSEAS  ELECTORS",ALL VOTERS
297,29,297,"Panchayat Union  Primary  School, South  Facing, North  Wing, Poonga Street, Varadharajapuram-600048","1.Varadharajapuram  (P)  And  (R.V)  Ward  1  kanagammal  koil  st  , 2.Varadharajapuram  (P)  And  (R.V)  Ward  1  Poonga  St,  (999)-Overseas  Electors",ALL VOTERS
298,29,298,"Panchayat Union  Primary  School, South  Facing, North  Wing, Poonga Street, Varadharajapuram-600048","1.Varadharajapuram  (P)  And  (R.V)  Ward  1  mayana  pathai  , 2.Varadharajapuram  (P)  And  (R.V)  Ward  1  Annna  Nagar  ,
.3.Varadharajapuram  (P)  And  (R.V)  Ward  1  purushothamman  nagar
,  4.Varadharajapuram  (P)  And  (R.V)  Ward  1  sriram  nagar  , 5.Varadharajapuram  (P)  And  (R.V)  Ward  1  sasthiri  nagar  ,  (999)-Overseas  Electors",ALL VOTERS
299,29,299,"BSSK  Matriculation  School, South Facing, North Wing, Astalakshmi Nagar, Varadharajapuram-600048","[1]  Varadharajapuram  (P)  And  (R.V),  Ward  1  ashtalakshmi  nagar, [999]  OVERSEAS  ELECTORS",ALL VOTERS
300,29,300,"BSSK  Matriculation  School, South Facing, North Wing, Astalakshmi Nagar, Varadharajapuram-600048","[1]  Varadharajapuram  (P)  And  (R.V),  Ward  1  ashtalakshmi  nagar,1 [999]  OVERSEAS  ELECTORS",ALL VOTERS
301,29,301,"BSSK  Matriculation  School, West Wing, East Facing, Astalakshmi Nagar, Varadharajapuram-600048","1.Varadharajapuram  (P)  And  (R.V)  Ward  1  ganesapuram  , 2.Varadharajapuram  (P)  And  (R.V)  Ward  1  sriram  nagar  extension  , (999)-  Overseas  Electors",ALL VOTERS
302,29,302,"Anganwadi Building, North  Facing, Varadharajapuram-600048","[1]  Varadharajapuram  (P)  And  (R.V),  Ward  2  bajanai  koil  st,  [999] OVERSEAS  ELECTORS",ALL VOTERS
303,29,303,"Women  Self Help  Group, South Facing, Varadharajapuram-600048","[1]  Varadharajapuram  (P)  And  (R.V),  Ward  2  munusamy  st,  [2]
Varadharajapuram  (P)  And  (R.V),  Ward  2  pillayar  koil  st,  [999] OVERSEAS  ELECTORS",ALL VOTERS
304,29,304,"BSSK  Matriculation  School, South wing, North  Facing, Astalakshmi Nagar, Varadharajapuram-600048","[1]  Varadharajapuram  (P)  And  (R.V),  Ward  1  mullai  nagar,  [2] Varadharajapuram  (P)  And  (R.V),  Ward  1  santhineketha  le  out,  [3] Varadharajapuram  (P)  And  (R.V),  Ward  1  Alpin  Nagar,  [4] Varadharajapuram  (P)  And  (R.V),  Periyarnagar  2,  [5] Varadharajapuram  (P)  And  (R.V),  Periyarnagar  2,  [999]  OVERSEAS
ELECTORS",ALL VOTERS
305,29,305,"Saradha Sakthi Peedam Vidhyashram 4th  Main  Road PTC Quarters, Bharathwaj Nagar North Facing  East Wing Varadharajapuram","[1]  Varadharajapuram  (P)  And  (R.V),  Bharathwajnagar  -1,  [999] OVERSEAS  ELECTORS",ALL VOTERS
306,29,306,"Saradha Sakthi Peedam Vidhyashram 4th  Main  Road PTC Quarters, Bharathwaj Nagar North Facing  East Wing
Varadharajapuram-600048","[1]  Varadharajapuram  (P)  And  (R.V),  Bharathwajnagar  -3,  [999] OVERSEAS  ELECTORS",ALL VOTERS
307,29,307,"Saradha Sakthi Peedam  Vidhyashram 4th  Main  Road PTC Quarters, Bharathwaj Nagar North Facing  West Wing  Varadharajapuram","1.Varadharajapuram  (P)  And  (R.V)  Bharathwajnagar  II ,  (999)-Overseas  Electors",ALL VOTERS
308,29,308,"BSSK  Matriculation  School, West Wing, East Facing, Astalakshmi Nagar, Varadharajapuram-600048","[1]  Varadharajapuram  (P)  And  (R.V),  Periyarnagar  1,  [999] OVERSEAS  ELECTORS",ALL VOTERS
309,29,309,"BSSK  Matriculation  School, North Wing, South  Facing, Astalakshmi Nagar, Varadharajapuram-600048","[1]  Varadharajapuram  (P)  And  (R.V),  Sasthrinagar,  [2] Varadharajapuram  (P)  And  (R.V),  Periyarnagar  2,  [999]  OVERSEAS ELECTORS",ALL VOTERS
310,29,310,"Panchayat Union  Middle School, East Wing, West Facing , Karasangal-
601301","1.Varadharajapuram  and  Karasangal  (P)  Ward  1  Vijaya  ragavachri Street  ,  2.Varadharajapuram  and  Karasangal  (P)  Ward  1  Perumal koil  Street  ,  3.Varadharajapuram  and  Karasangal  (P)  Ward  1  Theru veeethiyamman  koil  Street  ,  4.Varadharajapuram  and  Karasangal  (P) Ward  1  Thulukkanathamman  Koil  Street  ,  5.Varadharajapuram  and Karasangal  (P)  Ward1  kalaignar  Street  ,  6.Varadharajapuram  and Karasangal  (P)  Ward1  Pillayar  koil  Street  ,  7.Varadharajapuram  and Karasangal  (P)  Ward1  Melandai  Street  ,  8.Varadharajapuram  and Karasangal  (P)  Ward  1  Karasangal  ,  9.Varadharajapuram  and Karasangal  (P)  Ward1  Varadharajapuram  Erithankdal  , 10.Varadharajapuram  and  Karasangal  (P)  Ward1  Varadharajapuram
,  11.Varadharajapuram  and  Karasangal  (P)  Ward1  Ward1 Varadharajapuram  Sahsthira  nagar  ,  (999)-  Overseas  Electors",ALL VOTERS
311,29,311,"Panchayat Union  Middle School, East Wing, West Facing , Karasangal-
601301","[1]  Karasangal  (P)  And  (R.V),  Ward  1  Kalignar  Karunanithi  Street,  [2] Karasangal  (P)  And  (R.V),  Ward  1  Gopalan  Street,  [3]  Karasangal  (P) And  (R.V),  Ward  1  malleeswarar  koil  Street,  [4]  Karasangal  (P)  And (R.V),  Ward  1  Vinayagar  Street,  [5]  Karasangal  (P)  And  (R.V),  Ward  1 Ponniyamman  Koil  Street,  [6]  Karasangal  (P)  And  (R.V),  Ward  1 Bashya  Koil  Street,  [7]  Karasangal  (P)  And  (R.V),  Ward  1 Thiruvalluvar  Salai,  [8]  Karasangal  (P)  And  (R.V),  Ward  1  Periyar Street,  [9]  Karasangal  (P)  And  (R.V),  Ward  1  M.G.R  Nagar  Mani mangalam  Cutate,  [999]  OVERSEAS  ELECTORS",ALL VOTERS
312,29,312,"Panchayat Union  Middle School, East Wing, West Facing , Karasangal-
601301","[1]  Karasangal  (P)  Thundalkazhani  (R.V),  Ward  3  rajiv  anna  salai,  [2] Karasangal  (P)  Thundalkazhani  (R.V),  Ward  3  vivekananda  salai,  [3] Karasangal  (P)  Thundalkazhani  (R.V),  Ward  3  pashiyam  iyyar  salai,
[4]  Karasangal  (P)  Thundalkazhani  (R.V),  Ward  3  anna  salai,  [999] OVERSEAS  ELECTORS",ALL VOTERS
313,29,313,"Panchayat Union  Middle School, East Facing, West Wing, Karasangal-601301","[1]  Karasangal  (P)  And  (R.V),  Ward  1  kanagammal  koil  st,  [2] Karasangal  (P)  And  (R.V),  Ward  1  Annai  Therasa  Street,  [3] Karasangal  (P)  And  (R.V),  Ward  1  Ambedkar  Street,  [4]  Karasangal
(P)  And  (R.V),  Ward  1  Indra  Ghandhi  Street,[5]  Karasangal  (P) Thundalkazhani  (R.V),  Ward  3  samathuvapuram  [999]  OVERSEAS
ELECTORS",ALL VOTERS
314,29,314,"Panchayat Union  Middle School, East Wing, West Facing , Karasangal-
601301","1.Karasangal  (P)  Thundalkazhani  (R.V)  Ward  3  nagathamman  koil  st
,  2.Karasangal  (P)  Thundalkazhani  (R.V)  Ward  3  moogambigai  nagar
,  3.Karasangal  (P)  Thundalkazhani  (R.V)  Ward  2  ponniamman  koil  st
,  4.Karasangal  (P)  Thundalkazhani  (R.V)  Ward  2  ramdoss  st  , 5.Karasangal  (P)  Thundalkazhani  (R.V)  Ward  2  Kamarajar  St  , 6.Karasangal  (P)  Thundalkazhani  (R.V)  Ward  2  elumalai  nayakkar  st
,  7.Karasangal  (P)  Thundalkazhani  (R.V)  Ward  2  pillayar  koil  st  , 8.Karasangal  (P)  Thundalkazhani  (R.V)  Ward  2  devaraj  kulakkarai  st
,  9.Karasangal  (P)  Thundalkazhani  (R.V)  Thiruvalluvar  Street  , 10.Karasangal  (P)  Thundalkazhani  (R.V)  Lakshmi  Nagar  ,  (999)-Overseas  Electors",ALL VOTERS
315,29,315,"Government High School, East Wing, South  Facing, Manimangalam-601301","[1]  Manimangalam  (P)  And  (R.V),  Ward  1  vadakku  mada  veethi,  [2] Manimangalam  (P)  And  (R.V),  Ward  1  east  mada  st,  [3] Manimangalam  (P)  And  (R.V),  Ward  1  thiru.vi.ka.st,  [4] Manimangalam  (P)  And  (R.V),  Ward  4  indiragandhi  salai,  [5] Manimangalam  (P)  And  (R.V),  Ward  4  Kasthuribai  St,  [999]
OVERSEAS  ELECTORS",ALL VOTERS
316,29,316,"Govt High  School, East Wing, South Facing, Manimangalam-601301","[1]  Manimangalam  (P)  And  (R.V),  Ward  1  naduperumal  koil  st,  [2] Manimangalam  (P)  And  (R.V),  Ward  1  Katcheri  Mettu  St,  [3] Manimangalam  (P)  And  (R.V),  Ward  1  west  mada  st,  [4] Manimangalam  (P)  And  (R.V),  Ward  1  Peelsavadi  St,  [5] Manimangalam  (P)  And  (R.V),  Ward  1  anna  salai,  [6]  Manimangalam
(P)  And  (R.V),  Ward  1  Perumal  Koil  St,  [7]  Manimangalam  (P)  And (R.V),  Ward  1  Kulakkarai  MGR  Nagar,  [8]  Manimangalam  (P)  And (R.V),  Ward  1  Indira  Nagar,  [9]  Manimangalam  (P)  And  (R.V), Naduperumal  Koil  St,  [10]  Manimangalam  (P)  And  (R.V),  Ward  4  mc raja  st,  [999]  OVERSEAS  ELECTORS",ALL VOTERS
317,29,317,"Panchayat Union  Primary  School, West wing, East Facing, Manimangalam - 601301","1.Manimangalam  (P)  And  (R.V)  Ward  2  east  mada  st  , 2.Manimangalam  (P)  And  (R.V)  Ward  2  rajaji  st  ,  3.Manimangalam
(P)  And  (R.V)  Ward  2  kurukkal  st  ,  4.Manimangalam  (P)  And  (R.V) Ward  2  karuneegar  st,  5.Manimangalam  (P)  And  (R.V)  Ward  2  jahir usen  st  ,  6.Manimangalam  (P)  And  (R.V)  Ward  2  west  mada  st  , 7.Manimangalam  (P)  And  (R.V)  Ward  1  Periyar  st  ,  (999)-  Overseas Electors",ALL VOTERS
318,29,318,"Panchayat Union  Primary  School, West Wing, East Facing, Manimangalam-601301","1.Manimangalam  (P)  And  (R.V)  Ward  2  palayakkara  st  , 2.Manimangalam  (P)  And  (R.V)  Ward  2  west  mada st,4.Manimangalam  (P)  And  (R.V)  Ward  2  Annasalai  Veethi  , 4.Manimangalam  (P)  And  (R.V)  Ward  2  bharathi  nagar  ,  (999)-
Overseas  Electors",ALL VOTERS
319,29,319,"Government High School, East wing, South  Facing, Manimangalam-601301","1.Manimangalam  (P)  And  (R.V)  Ward  2  pushpagiri,  2.Manimangalam
(P)  And  (R.V)  Gandhi  nagar  ,  (999)-  Overseas  Electors",ALL VOTERS
320,29,320,"Government High School, East Wing, South  Wing, Manimangalam-601301","1.Manimangalam  (P)  And  (R.V)  Gandhi  nagar,  (999)-  Overseas Electors",ALL VOTERS
321,29,321,"Panchayat Union  Primary  School, North  Wing, South  Facing, Adidravidar Colony, Manimangalam-601301","1.Manimangalam  (P)  And  (R.V)  Ward  3  meenambal  st  , 2.Manimangalam  (P)  And  (R.V)  Ward  3,4  Ambedkar  St  , 3.Manimangalam  (P)  And  (R.V)  Ward  4  Thiruvalluvar  St  , 4.Manimangalam  (P)  And  (R.V)  Ward  4  Loganathan  St  , 5.Manimangalam  (P)  And  (R.V)  Ward  4  Chokalingam  St  , 6.Manimangalam  (P)  And  (R.V)  Ward  3  bajanai  koil  st  , 7.Manimangalam  (P)  And  (R.V)  Ward  3  Thiruveethiyamman  Koil  St  , 8.Manimangalam  (P)  And  (R.V)  Ward  3  sivaraj  st  ,  (999)-  Overseas
Electors",ALL VOTERS
322,29,322,"Government E-Service  Centre, West facing, east side, Manimangalam-601301","1.Manimangalam  (P)  And  (R.V)  Ward  4  mudichoor  salai  , 2.Manimangalam  (P)  And  (R.V)  Ward  4  javagar  st,  3.Manimangalam
(P)  And  (R.V)  Ward  4  Vivekanandar  St  ,  4.Manimangalam  (P)  And (R.V)  Ward  3,4  aladiamman  koilst,  5.Manimangalam  (P)  And  (R.V) Ward  3  Kamarajar  St  ,  6.Manimangalam  (P)  And  (R.V)  Ward  4 Kalaignar  St  ,  7.Manimangalam  (P)  And  (R.V)  Ward  4  Vasuki  St  , 8.Manimangalam  (P)  And  (R.V)  Ward  4  voc  st  ,  9.Manimangalam  (P) And  (R.V)  Ambedkar  St  ,  10.Manimangalam  (P)  And  (R.V) Manimangalam,  11.Manimangalam  (P)  And  (R.V)  Aladiamman  Koil St  ,  12.Manimangalam  (P)  And  (R.V)  Manimangalam  (999)-  Overseas Electors",ALL VOTERS
323,29,323,"Panchayat Union  Elementary School, North  Wing, South  Facing, Malaipattu-601301","1.Malaipattu  (P)  and  (R.V)  Ward  1  ramadoss  salai,  2.Malaipattu  (P) and  (R.V)  Ward  1  kamarajar  st,  3.Malaipattu  (P)  and  (R.V)  Ward  2 Krishnamoorthy  Salai  ,  4.Malaipattu  (P)  and  (R.V)  Ward  2  periyar  st
,  5.Malaipattu  (P)  and  (R.V)  Ward  3  renugambal  st,  6.Malaipattu  (P) and  (R.V)  Ward  3  balakrishnan  nagar,  (999)-  Overseas  Electors",ALL VOTERS
324,29,324,"Panchayat Union  Primary  School, South  Wing, North  Facing, Sethupattu-601301","1.Sethupattu  (P)  And  (R.V)  Ward  1  Vadavandai  St  ,  2.Sethupattu  (P) And  (R.V)  Ward  1  Bajanai  Koil  St  ,  3.Sethupattu  (P)  And  (R.V)  Ward 1  Othavadai  St  ,  4.Sethupattu  (P)  And  (R.V)  Ward  2  Bangalow  St Sriperumbudur  Salai  ,  5.Sethupattu  (P)  And  (R.V)  Ward  2  Sabari Nagar  ,  6.Sethupattu  (P)  And  (R.V)  Ward  2  Irular  Colony  , 7.Sethupattu  (P)  And  (R.V)  Ward  2  srikarumariamman  koil  st  , 8.Sethupattu  (P)  And  (R.V)  Ward  2  pushpa  giri  road  ,  9.Sethupattu
(P)  And  (R.V)  Irular  Colony  ,  (999)-  Overseas  Electors",ALL VOTERS
325,29,325,"Panchayat Union  Primary  School, North  Building, South  Facing, Navalur-602105","[1] Koladur (P), Navalur,Vellarai (R.V), Ward3 nelluraman street, [2] Koladur (P) And (R.V), Ward3 bajanaikoil street, [3] Koladur (P) And (R.V), Ward3 theruveethiyamman street, [4] Koladur (P) And (R.V), Ward3 Medustreet, [5] Koladur (P) And (R.V), Ward2 bajanai koil street, [999] OVERSEAS ELECTORS",ALL VOTERS
326,29,326,"Panchayat Union  Primary  School, North  Building, South  Facing, Navalur-602105","[1]  Koladur  (P)  And  (R.V),  Ward  2  vanniyar  street,  [2]  Koladur  (P)  And (R.V),  Ward2  bajanaikoil  street,  [3]  Koladur  (P)  And  (R.V),  Ward3 krishnapahavan  street,  [4]  Koladur  (P)  And  (R.V),  Ward3 alamarastreet,  [5]  Koladur  (P)  And  (R.V),  Ward3  perumalkoil  street,
[999]  OVERSEAS  ELECTORS",ALL VOTERS
327,29,327,"Panchayat Union  Primary  School, North  building, south facing, Kolathur-602105","1.Koladur  (P)  And  (R.V)  Ward1  palla  street  ,  2.Koladur  (P)  And  (R.V) Ward1  pajanaikoill  street  ,  3.Koladur  (P)  And  (R.V)  Ward1 venugobalswami  koil  street,  4.Koladur  (P)  And  (R.V)  Ward  1  errular colony  ,  5.Kulathur  (P)  And  (R.V)  Ward  1  Rangasamy  Street  ,
6.Kolathur  (P)  And  (R.V)  Ward  2  main  road,  (999)-  Overseas  Electors",ALL VOTERS
328,29,328,"Panchayat Union  Primary  School, North  Building, South  Facing, Vengadu-602105","1.Venkadu  (P),Karunagarachri,Irumbedu  (R.V)  Ward1  pillaiyarkoil street  ,  2.Venkadu  (P)  And  (R.V)  Ward2  Pillaiyar  koil  street  ,
3.Venkadu  (P)  And  (R.V)  Ward1  meddu  street  ,  4.Venkadu  (P)  And (R.V)  Ward2,3  venkadubajanaikoil  street  ,  5.Venkadu  (P)  And  (R.V) Ward1  Venkadumiddle  street  ,  6.Venkadu  (P)  And  (R.V)  Ward1 ammankoil  street  ,  7.Venkadu  (P)  And  (R.V)  Ward  2 dulukkanathamman  koil  street  ,  8.Venkadu  (P)  And  (R.V)  Perumal koil  street  ,  9.Venkadu  (P)  And  (R.V)  Othavadai  street  ,  (999)-
Overseas  Electors",ALL VOTERS
329,29,329,"Panchayat Union  Primary  School, West Building, East Facing, Irumbedu-602105","1.Karumakaracherry  (P)  And  (R.V)  Ward2  karuna  karacherry perumal  koil  street  ,  2.Venkadu  (P)  And  (R.V)  Ward  2,3  karuna karacherry  ellaiyamman  koil  street  ,  3.Venkadu  (P)  And  (R.V)  Ward3 erumpetu  ,  4.Venkadu  (P)  And  (R.V)  Ward2  bajanaikoil  street
Colony,  (999)-  Overseas  Electors",ALL VOTERS
330,29,330,"Panchayat Union  Middle School, North  Facing, west wing, East side, Pillaipakkam-602105","1.Pillaipakkam  (P)  And  (R.V)  Ward1  meddustreet  ,  2.Pillaipakkam  (P) And  (R.V)  Ward1  ammankoil  street  ,  3.Pillaipakkam  (P)  And  (R.V) Ward1  rajaveethi  ,  4.Pillaipakkam  (P)  And  (R.V)  Ward1  sivankoil street  ,  5.Pillaipakkam  (P)  And  (R.V)  Ward2  piramanar  street  , 6.Pillaipakkam  (P)  And  (R.V)  Ward2  chinna  street  ,  (999)-  Overseas
Electors",ALL VOTERS
331,29,331,"Panchayat Union  Middle School, North  Facing, West Wing, west side, Pillaipakkam-602105","1.Pillaipakkam  (P)  And  (R.V)  Ward2  palla  street  ,  2.Pillaipakkam  (P) And  (R.V)  Ward2  kulakarai  street  ,  3.Pillaipakkam  (P)  And  (R.V) Ward2  erikkarai  street  ,  4.Pillaipakkam  (P)  And  (R.V)  Ward3 ampethkarkoil  street  ,  5.Pillaipakkam  (P)  And  (R.V)  Ward3 Thirupurasundari  nagar  ,  6.Pillaipakkam  (P)  And  (R.V)  Ward3 rajaveethi  ,  (999)-  Overseas  Electors",ALL VOTERS
332,29,332,"Panchayat Union  Primary  School, North  Facing, Kaduvancheri-602105","1.Pillaipakkam  (P)  And  (R.V)  Ward3  bajanaikoil  street  , 2.Kaduvancheri  (P)  And  (R.V)  MADA  KOVIL  STREET , 3.Kaduvancheri  (P)  And  (R.V)  NELLERAMMAN KOVIL  STREET ,
4.Kaduvancheri  (P)  And  (R.V)  ATHIPARASAKTHI  NAGAR ,  (999)-
Overseas  Electors",ALL VOTERS
333,29,333,"Panchayat Union  Primary  School,
West Wing, East Facing, Maganyam-602301","[1] Maganyam (P), Azhagoor,Mahanyam(RF), Ward3 vinayagar koil st, [2] Maganyam (P), Azhagoor,Mahanyam(RF), Ward 2 3 bajanai koil st colony, [999]
OVERSEAS ELECTORS",ALL VOTERS
334,29,334,"Panchayat Union  Primary  School, West Wing, East Facing, Maganyam-602301","[1]  Maganyam  (P),  Azhagoor,Mahanyam(RF),  Ward  2  pirathana  salai,
[2]  Maganyam  (P),  Azhagoor,Mahanyam(RF),  Ward  2  Vinayagar  Koil St,  [3]  Maganyam  (P),  Azhagoor,Mahanyam(RF),  Ward  2  kuyavar  st,
[4]  Maganyam  (P),  Azhagoor,Mahanyam(RF),  Ward  1  2  amman  koil st,  [999]  OVERSEAS  ELECTORS",ALL VOTERS
335,29,335,"Government High School, North Facing, Maganyam-602301","1.Maganyam  (P),  Azhagoor,Mahanyam(RF)  Ward  3  bajanai  koil  st  ,
2.Maganyam  (P),  Azhagoor,Mahanyam(RF)  Ward  1  Manthaiveli Colony  ,  3.Maganyam  (P),  Azhagoor,Mahanyam(RF)  Ward  1  ramar koil  st  ,  4.Maganyam  (P),  Azhagoor,Mahanyam(RF)  Ward  1  mettu  st  ,
5.Maganyam  (P),  Azhagoor,Mahanyam(RF)  Ward  3  Bajanai  Koil  St Azhagar  ,  6.Maganyam  (P),  Azhagoor,Mahanyam(RF)  Ward  1  bajanai koil  st  maganyam  ,  7.Maganyam  (P),  Azhagoor,Mahanyam(RF)  Ward 3  azhagar  perumal  koil  st  ,  (999)-  Overseas  Electors",ALL VOTERS
336,29,336,"Panchayat Union  Primary  School, North  Building, (new building) South Facing, Gunduperumbedu-602105","[1] Gunduperumbedu(P), Nallamperumbedu,Oddankaranai (R.V), Ward 2 mettu colony nagathamman st, [2] Gunduperumbedu(P), Nallamperumbedu,Oddankaranai (R.V), Ward 1 gunduperumbedu bajanai koil st, [999] OVERSEAS ELECTORS",ALL VOTERS
337,29,337,"Panchayat Union  Primary  School, North  Building, (new building) South Facing, Gunduperumbedu-602105","[1]  Gunduperumbedu(P),  Nallamperumbedu,Oddankaranai  (R.V), Ward1  muthumariamman  koil,  [2]  Gunduperumbedu(P), Nallamperumbedu,Oddankaranai  (R.V),  Ward  2  Ottankaranai Bajanai  Koil  St,  [3]  Gunduperumbedu(P), Nallamperumbedu,Oddankaranai  (R.V),  Ward  1  J  J  Nagar,  [4] Gunduperumbedu(P),  Nallamperumbedu,Oddankaranai  (R.V), Ward1  kambar  st,  [5]  Gunduperumbedu(P), Nallamperumbedu,Oddankaranai  (R.V),  Ward  1  Nallam  Perumbedu,
[999]  OVERSEAS  ELECTORS",ALL VOTERS
338,29,338,"Panchayat Union  Primary  School, New building, North  facing, East side, Valathancheri-602105","1.Thathanoor  (P),Valathanjeri,(R.V)  Ward  1  Gangai  amman  koil  st  , 2.Thathanoor  (P),Valathanjeri,(R.V))  Ward  1  kaivalyam  nagar  , 3.Thathanoor  (P),Valathanjeri,(R.V)  Ward  1  thathanoor  mettu  st  , 4.Thathanoor  (P),Valathanjeri,(R.V))  Ward  3  kannanthangal  bajanai
koil  st  ,  (999)-  Overseas  Electors",ALL VOTERS
339,29,339,"Panchayat Union  Primary  School, North  facing, new building, west side, Valathancheri-602105","1.Thathanoor  (P),Valathanjeri,(R.V)  )  Ward  2  kalmettu  colony  , 2.Thathanoor  (P),Valathanjeri,(R.V)  Ward  1  csi  colony  ,  3.Thathanoor (P),Valathanjeri,(R.V)  Ward  3  kannanthangal  nadu  st  ,  4.Thathanoor (P),Valathanjeri,(R.V)  Ward  3  Valathancheri  ,  (999)-  Overseas  Electors",ALL VOTERS
340,29,340,"RCM Primary School , North Building, East Wing, South  Facing, Palnallur-631604","1.Palnellur  (P)  And  (R.V)  Ward  2  patavettamman  koil  st  ,  2.Palnellur
(P)  And  (R.V)  Ward  2  Amman  Koil  St  ,  3.Palnellur  (P)  And  (R.V)  Ward 2  theruveethiamman  koil  st  ,  4.Palnellur  (P)  And  (R.V)  Ward  1 selvavinayar  st  ,  5.Palnellur  (P)  And  (R.V)  Ward  2  Palnellur  Colony  , 6.Palnellur  (P)  And  (R.V)  Ward  2  peumal  koil  st  ,  (999)-  Overseas Electors",ALL VOTERS
341,29,341,"RCM Primary School , North Building, West Wing, South  Facing, Palnallur-631604","1.Palnellur  (P)  And  (R.V)  Ward  1  mada  koil  st  ,  2.Palnellur  (P)  And (R.V)  Ward  3  selayanur  ,  (999)-  Overseas  Electors",ALL VOTERS
342,29,342,"Panchayat Union  Primary  School, South  Facing, East side, Vallam-602105","1.Vallam  (P)  and  (R.V)  Ward  1,  2  bajanai  koil  st  ,  2.Vallam  (P)  and (R.V)  Ward  1  mettu  st  ,  3.Vallam  (P)  and  (R.V)  Ward  1  velalar  st  ,
4.Vallam  (P)  and  (R.V)  Ward  3  Kannada  Kudisai  Village  ,  (999)-
Overseas  Electors",ALL VOTERS
343,29,343,"Panchayat Union  Primary  School, South  Facing, West side, Vallam-602105","1.Vallam  (P)  and  (R.V)  Ward  3  vallam  kantigai  ,  2.Vallam  (P), Sirukalathur,  Vadakal  (R.V)  Ward  2,  3  vatakal  ,  (999)-  Overseas
Electors",ALL VOTERS
344,29,344,"Panchayat Union  Primary  School, West Building, East Facing, south side, Vallakottai-602105","1.Vallakkottai  (P)  And  (R.V)  Ward  2,  3  sivan  koil  st  ,  2.Vallakkottai
(P)  And  (R.V)  Ward  1  mettu  cross  st  ,  3.Vallakottai  (P)  And  (R.V) Ward1  Subbiramaniya  Koil  Street  ,  4.Vallakottai  (P0  and  (R.V)  Ward 1  Mogalamman  Koil  Street  ,  5.Vallakkottai  (P)  And  (R.V)  Ward  2 Gangaiyamman  Koil  St  ,  ,  (999)-  Overseas  Electors",ALL VOTERS
345,29,345,"Panchayat Union  Primary  School, West Building, East Facing, North side, Vallakottai-602105","1.Vallakkottai  (P)  And  (R.V)  Ward  2  Santhathiyammal  Koil  St  , 2.Vallakkottai  (P)  And  (R.V)  Ward  2  Kamarajar  St  ,  3.Vallakkottai  (P) And  (R.V)  Ward  3  T.R.R  Nagar  ,  4.Vallakkottai  (P)  And  (R.V)  Ward  1, 2  main  road  ,  (999)-  Overseas  Electors",ALL VOTERS
346,29,346,"Panchayat Union  Middle School, North  Facing, Centre Wing, Eraiyur-631604","1.Eraiyur  (P)  ,  Vaipur  (R.V)  Ward  1  krishthva  medu  ,  2.Eraiyur  (P)  , Vaipur  (R.V)  Ward  1  mettu  colony  ,  3.Eraiyur  (P)  ,  Vaipur  (R.V)  Ward 1  ambedkar  st  ,  4.Eraiyur  (P)  ,  Vaipur  (R.V)  Ward  1  mgr  st  ,  (999)-Overseas  Electors",ALL VOTERS
347,29,347,"Panchayat Union  Middle School, North  Facing, West Wing, Eraiyur-631604","1.Eraiyur  (P)  ,  Vaipur  (R.V)  Ward  1  pallikuda  st  ,  2.Eraiyur  (P)  , Vaipur  (R.V)  Ward  2  Vettaikkara  St  ,  3.Eraiyur  (P)  ,  Vaipur  (R.V) Ward  2  nagathamman  koil  st  ,  4.Eraiyur  (P)  ,  Vaipur  (R.V)  Ward  2 keelandai  colony  ,  5.Eraiyur  (P)  ,  Vaipur  (R.V)  Ward  1  Kamarajar  St  ,
6.Eraiyur  (P)  ,  Vaipur  (R.V)  Ward  1  MGR  Nagar  ,  7.Eraiyur  (P)  , Vaipur  (R.V)  Ward  2  Ambedkar  Nagar  ,  8.Eraiyur  (P)  ,  Vaipur  (R.V)
Ward  2  indira  nagar  ,  (999)-  Overseas  Electors",ALL VOTERS
348,29,348,"Thiyagi S.Krishnamoorthy Government Higher Secondary School, South  Building, North facing, west side, Mathur-602105","1.Mathur  (P)  And  (R.V)  Ward  1  2  3  sivan  koil  st  ,  2.Mathur  (P)  And (R.V)  Ward  1  bajanai  koil  st  ,  3.Mathur  (P)  And  (R.V)  Ward  1  Gandhiji  St  ,  4.Mathur  (P)  And  (R.V)  Ward  2  Jamunampattu  Pillaiyar Koil  St  ,  5.Mathur  (P)  And  (R.V)  Ward  2  pillaiyar  koil  st  ,  6.Mathur
(P)  And  (R.V)  Ward  2  main  road  ,  7.Mathur  (P)  And  (R.V)  Ward  2
indiran  nagar,  8.Mathur  (P)  And  (R.V)  Ward  2  Howaiyar  St,  (999)-Overseas  Electors",ALL VOTERS
349,29,349,"Thiyagi S.Krishnamoorthy Government Higher Secondary School, South  Building, North facing, east side, Mathur-602105","1.Mathur  (P)  And  (R.V)  Ward  2  kattabomman  st,  2.Mathur  (P)  And (R.V)  Ward  2  Cheran  St  ,  3.Mathur  (P)  And  (R.V)  Ward  3  V.O.C.St  ,
4.Mathur  (P)  And  (R.V)  Ward  3  Angalamman  Koil  St  ,  5.Mathur  (P) And  (R.V)  Ward  3  Agaligai  St  ,  6.Mathur  (P)  And  (R.V)  Ward  3 Agathiyar  St  ,  7.Mathur  (P)  And  (R.V)  Ward  3  Arunagiri  St  ,
8.Mathur  (P)  And  (R.V)  Ward  2  Kalaivani  St  ,  9.Mathur  (P)  And  (R.V) Ward  3  kabilar  st  ,  10.Mathur  (P)  And  (R.V)  Ward  3  valluvar  st
11.Mathur  (P)  And  (R.V)  Ward  3  ambedkar  st,  12.Mathur  (P)  And (R.V)  Ward  1  Sivan  Koil  Street  ,  (999)-  Overseas  Electors",ALL VOTERS
350,29,350,"Panchayat Union  Primary  School, East Facing, Mettupalayam-602105","1.Mettupalayam  ((P)  and  (R.V)  Ward  2  3  palvadi  st  ,  2.Mettupalayam ((P)  and  (R.V)  Ward  2  3  manthaiveli  amman  koil  st  ,  3.Mettupalayam ((P)  and  (R.V)  Ward  1  ramar  koil  st  ,  4.Mettupalayam  ((P)  and  (R.V) Ward  2  3  ragalamman  koil  st  ,  5.Mettupalayam  ((P)  and  (R.V)  Ward  1 2  3  bajanai  koil  st  ,  6.Mettupalayam  ((P)  and  (R.V)  Bajanai  koil  st  , (999)-  Overseas  Electors",ALL VOTERS
351,29,351,"Panchayat Union  Primary  School, North  building, South  Facing, Panrutti-631604","1.  Panruti  (P)  and  (R.V)  Ward  1  Panruti  Colony  ,  2.Panruti  (P)  and (R.V)  Ward2  panruti  kandigai  ,  3.Panruti  (P)  and  (R.V)  Ward  2 madha  koil  st  ,  4.Panruti  (P)  And  (R.V)  Ward  2  thokuppu  veedu  ,
(999)-  Overseas  Electors",ALL VOTERS
352,29,352,"Panchayat Union  Primary  School, South  building,north  Facing, Panrutti-631604","1.Panruti  (P)  And  (R.V)  Ward  1  2  bajanai  koil  st  ,  2.Panruti  (P)  And (R.V)  Ward  2  dhanapal  st  ,  3.Panruti  (P)  And  (R.V)  Ward  1  vadakku st  ,  4.Panruti  (P)  And  (R.V)  Ward  1  muthiriyar  st  ,  5.Panruti  (P)  And (R.V)  Ward  1  biramanar  st  ,  6.Panruti  (P)  And  (R.V)  Ward  1  alwar  st  ,
7.Panruti  (P)  And  (R.V)  Ward  1  Gopal  St  ,  8.Panruti  (P)  And  (R.V) Ward  1  yadavar  st  ,  9.Panruti  (P)  And  (R.V)  Ward  1  Uppravar  St  , 10.Panruti  (P)  And  (R.V)  Ward  1  Kammavar  St  ,  (999)-  Overseas
Electors",ALL VOTERS
353,29,353,"Panchayat Union  Middle School, East Facing, Ezhicur-603204","1.Ezhichoor  ((P),Panaiyur,Poondi  (R.V)  Ward  1  maduvanthangal mada  koil  ,  2.Ezhichoor  ((P),Panaiyur,Poondi  (R.V)  Ward  2 Chelliamman  Koil  St  ,  3.Ezhichoor  ((P),Panaiyur,Poondi  (R.V)  Ward  2 ambedkar  st  ,  4.Ezhichoor  ((P),Panaiyur,Poondi  (R.V)  Ward  2 theruveethiamman  koil  st  ,  5.Ezhichoor  ((P),Panaiyur,Poondi  (R.V) Ward  2  eswaran  koil  st  ,  6.Ezhichoor  ((P),Panaiyur,Poondi  (R.V)  Ward  2  Achagar  St  ,  7.Ezhichoor  ((P),Panaiyur,Poondi  (R.V)  Ward  1 PHC  Quarters  ,  8.Ezhichoor  ((P),Panaiyur,Poondi  (R.V)  Ward  2 perumal  koil  st  ,  9.Ezhichoor  ((P),Panaiyur,Poondi  (R.V)  Ward  1 panchayat  st  ,  (999)-  Overseas  Electors",ALL VOTERS
354,29,354,"Panchayat Union  Middle School, West Facing, Ezhicur-603204","1.Ezhichoor  ((P),Panaiyur,Poondi  (R.V)  Ward  1  Anna  St  ,  2.Ezhichoor ((P),Panaiyur,Poondi  (R.V)  Ward  1  thurgai  amman  koil  st  , 3.Ezhichoor  ((P),Panaiyur,Poondi  (R.V)  Ward  1  MGR  St  ,  4.Ezhichoor ((P),Panaiyur,Poondi  (R.V)  Ward  2  Indira  Ganthi  St  ,  5.Ezhichoor ((P),Panaiyur,Poondi  (R.V)  Ward  1  gangaiamman  koil  st  ,  6.Ezhichoor ((P),Panaiyur,Poondi  (R.V)  Ward  1  Vellalar  St  ,  7.Ezhichoor ((P),Panaiyur,Poondi  (R.V)  Ward  3  Pudupettai  Pillayar  Koil  St  , 8.Ezhichoor  ((P),Panaiyur,Poondi  (R.V)  Ward  2 Poondikannadapalayam  St  ,  9.Ezhichoor  ((P),Panaiyur,Poondi  (R.V) Ward  3  Enampoondi  St  ,  10.Ezhichoor  ((P),Panaiyur,Poondi  (R.V) Ward  3  Masoothi  St  ,  (999)-  Overseas  Electors",ALL VOTERS
355,29,355,"Panchayat Union  Elementary School, East Building, West Wing, Vadakkupattu-603204","1.Vadakkupattu  (P)  ,  Padervadi  (R.V)  Ward  1  pathirakaliyamman  koil st  ,  2.Vadakkupattu  (P)  ,  Padervadi  (R.V)  Ward  1  Kulam  Kuttai  St  , 3.Vadakkupattu  (P)  ,  Padervadi  (R.V)  Ward  1  mariamman  koil  st  , 4.Vadakkupattu  (P)  ,  Padervadi  (R.V)  Ward  1  new  colony  , 5.Vadakkupattu  (P)  ,  Padervadi  (R.V)  Ward  1  Mettu  St  ,  (999)-Overseas  Electors",ALL VOTERS
356,29,356,"Government High School, North facing, south  wing, Vadakkupattu-603204","1.Vadakkupattu  (P)  And  (R.V)  Ward  1  south  mada  st  , 2.Vadakkupattu  (P)  And  (R.V)  Ward  1  Ambedkar  St  , 3.Vadakkupattu  (P)  And  (R.V)  Ward  1  Bajanai  Koil  St  , 4.Vadakkupattu  (P)  And  (R.V)  Ward  1  athalakkuttai  , 5.Vadakkupattu  (P)  And  (R.V)  Ward  1  Thiriveni  Nagar  , 6.Vadakkupattu  (P)  And  (R.V)  Ward  1  thalayari  st  ,  7.Vadakkupattu
(P)  And  (R.V)  Ward  1  Pudu  St  ,  8.Vadakkupattu  (P)  And  (R.V)  Ward  1 new  colony  ,  9.Vadakkupattu  (P)  And  (R.V)  Ward  1  Main  Road  , 10.Vadakkupattu  (P)  And  (R.V)  Ward  1  Mettu  St  ,  11.Vadakkupattu
(P)  And  (R.V)  Ward  1  pannaikkara  st  ,  12.Vadakkupattu  (P)  And  (R.V) Ward  1  kulam  kuttai  st  ,  13.Vadakkupattu  (P)  And  (R.V)  Ward  1 Sannathi  St  ,  (999)-  Overseas  Electors",ALL VOTERS
357,29,357,"Govt High  School, North  facing, south  wing, Vadakkupattu-603204","1.Vadakkupattu  (P)  ,  Padervadi  (R.V)  Ward  1  pillayar  koil  st  , 2.Vadakkupattu  (P)  ,  Padervadi  (R.V)  Ward  1  Athalakuttai  St  , 3.Vadakkupattu  (P)  ,  Padervadi  (R.V)  Ward  1  south  mada  st  , 4.Vadakkupattu  (P)  ,  Padervadi  (R.V)  Ward  1  Main  Road  , 5.Vadakkupattu  (P)  ,  Padervadi  (R.V)  Ward  1  Sannathi  St  , 6.Vadakkupattu  (P)  ,  Padervadi  (R.V)  Ward  1  Bajanai  Koil  St  , 7.Vadakkupattu  (P)  ,  Padervadi  (R.V)  Ward  1  Manthaivelliamman Koil  St  ,  8.Vadakkupattu  (P)  And  (R.V)  Ward  1  Thanthoniamman  Koil St  ,  9.Vadakkupattu  (P)  And  (R.V)  Ward  1  pannakkara  st  , 10.Vadakkupattu  (P)  And  (R.V)  Ward  1  Arunthathipalayam  , 11.Vadakkupattu  (P)  And  (R.V)  Ward  1  Manthaiveliamman  Koil  St  ,
(999)-  Overseas  Electors",ALL VOTERS
358,29,358,"Government High School, West Facing, Nattarasanpattu-601301","1.Nattarasampattu  (P),Erivakkam,Vadamelpakkam,siruvanjur(R.V) Ward  2  thoppu  st  ,  2.Nattarasampattu  Ward  2  Rajiv  Gandhi  St Vadamelpakkam  ,  3.Nattarasampattu  Ward  3  periyar  st kattupakkam  ,  4.Nattarasampattu  Ward  3  Ponniamman  Koil  St Erivakkam  ,  5.Nattarasampattu  Ward  2  Kalaignar  St  Siruvanjur  , 6.Nattarasampattu  Ward  1  Pettai  St  ,  (999)-  Overseas  Electors",ALL VOTERS
359,29,359,"Government High School, East Facing, Nattarasanpattu-601301","1.1.Nattarasampattu  (P),Erivakkam,Vadamelpakkam,siruvanjur(R.V) Ward  2  Venugopal  St
2.1.Nattarasampattu  (P),Erivakkam,Vadamelpakkam,siruvanjur(R.V) Ward  2  Ambedkar  St
3.1.Nattarasampattu  (P),Erivakkam,Vadamelpakkam,siruvanjur(R.V) Ward  3  Balaraman  St
4.  1.Nattarasampattu
(P),Erivakkam,Vadamelpakkam,siruvanjur(R.V)  Ward  1 thulukkanathamman  st
999  OVERSEAS  ELECTORS",ALL VOTERS
360,29,360,"Govt High  School, West Facing, Nattarasanpattu-601301","1.Nattarasampattu  Ward  3  Ponniamman  Koil  St  Erivakkam  , 2.Nattarasampattu  Ward  2  Kalaignar  St  Siruvanjur  , 3.Nattarasampattu  Ward  1  Pettai  St  ,
4.  1.Nattarasampattu (P),Erivakkam,Vadamelpakkam,siruvanjur(R.V)  Ward  1  Anna  St 5.1.Nattarasampattu  (P),Erivakkam,Vadamelpakkam,siruvanjur(R.V) Ward  1  gandhi  street
999  OVERSEAS  ELECTORS",ALL VOTERS
361,29,361,"Government High School,East Facing, New Building,North WingUmayalparanicheri-601301","1.Umaiyalparanicheri  (P),Kanchivakkam,Valayakaranai(R.V)  Ward  1 pudukottai  ,  2.Umaiyalparanicheri (P),Kanchivakkam,Valayakaranai(R.V)  Ward  1  ambedkar  st  , 3.Umaiyalparanicheri  (P),Kanchivakkam,Valayakaranai(R.V)  Ward  1 Mavaliamman  Koil  St  ,  4.Umaiyalparanicheri (P),Kanchivakkam,Valayakaranai(R.V)  Ward  1  Mettu  St  , 5.Umaiyalparanicheri  (P),Kanchivakkam,Valayakaranai(R.V)  Ward  3 kalaignar  st  ,  6.Umaiyalparanicheri (P),Kanchivakkam,Valayakaranai(R.V)  Ward  3  MGR  St,  (999)-
Overseas  Electors",ALL VOTERS
362,29,362,"Government High School, East Facing, New Building South  side, Umayalparanicheri-601301","1.Valayakaranai  (P)  Valayakaranai  Umayal  Paranicheri  (R.V)  Ward  3 Thulukkanathamman  Koil  St  ,  3.  Valayakaranai  (P)  Valayakaranai Umayal  Paranicheri  (R.V)  Ward  3  pillayar  koil  st  ,  4.  Valayakaranai
(P)  Valayakaranai  Umayal  Paranicheri  (R.V)  Ward  3  Ambedkar  St  , 5.Valayakaranai  (P)  Valayakaranai  Umayal  Paranicheri  (R.V)  Ward  2 Gangaiamman  Koil  St  ,  6.  Valayakaranai  (P)  Valayakaranai  Umayal Paranicheri  (R.V)  Ward  1  thurgaiamman  koil  st  ,  7.Valayakaranai  (P) Valayakaranai  Umayal  Paranicheri  (R.V)  Ward  1  perumal  koil  st  , 8.Valayakaranai  (P)  Valayakaranai  Umayal  Paranicheri  (R.V)  Ward  1 jakanathn  street  ,  (999)-  Overseas  Electors",ALL VOTERS
363,29,363,"Panchayat Union  Primary  School, North  Facing, Vattambakkam-601301","1.Vattambakkam  (P)  Kanjivakkam,  Panapakkam,Vattampakkam (R.V)  Ward  1  valayangaranai  vattambakkam  panapakkam  ,  2.
Vattambakkam  (P)  Kanjivakkam,  Panapakkam,Vattampakkam  (R.V) Ward  1  Vanaiyankaranai  Vattambakkam  Katteri  ,  (999)-  Overseas Electors",ALL VOTERS
364,29,364,"Panchayat Union  Primary  School, South  Facing, Vattambakkam-601301","1.  Vattambakkam  (P)  Kanjivakkam,  Panapakkam,Vattampakkam (R.V)  Ward  2  valayankaranai  vattambakkam  umayalparanicheri  ,  2. Vattambakkam  (P)  Kanjivakkam,  Panapakkam,Vattampakkam  (R.V) Ward  1  Valayangaranai  Vattambakam  ,  3.Vattambakkam  (P) Kanjivakkam,  Panapakkam,Vattampakkam  (R.V)  Ward  1  Bajani  Koil Street  ,  4.Vattambakkam  (P)  Kanjivakkam, Panapakkam,Vattampakkam  (R.V)  Muthumaraiamman  koil  street  , (999)-  Overseas  Electors",ALL VOTERS
365,29,365,"Panchayat Union  Elementary School, East Facing, South  side,Oragadam-602118","1.Oragadam  (P),Chennakuppam  (R.V)  Ward  2  nsk  st  ,  2.Oragadam (P),Chennakuppam  (R.V)  Ward  2  kamaraj  st  ,  3.Oragadam (P),Chennakuppam  (R.V)  Ward  2  thiruvalluvar  st  ,  4.Oragadam (P),Chennakuppam  (R.V)  Ward  1,2  Ambedkar  St  ,  5.Oragadam (P),Chennakuppam  (R.V)  Ward  3  ponneriamman  koil  st  ,
6.Oragadam  (P),Chennakuppam  (R.V)  Ward  3  Indira  Nagar  ,
7.Oragadam  (P),Chennakuppam  (R.V)  Ward  1,2  bakthavatchalam  st
,  8.Oragadam  (P),Chennakuppam  (R.V)  Ward  2  Nethaji  St  ,
9.Oragadam  (P),Chennakuppam  (R.V)  Ward  1  nehru  st  , 10.Oragadam  (P),Chennakuppam  (R.V)  Ward  1,2  voc  st  ,  (999)-Overseas  Electors",ALL VOTERS
366,29,366,"Panchayat Union  Elementary School, East Facing, North wing, Oragadam-602118","1.Oragadam  (P),Chennakuppam  (R.V)  Ward  1,2  venkatesa  perumal koil  st  chennakuppam  ,  2.Oragadam  (P),Chennakuppam  (R.V)  Ward 3  anna  st  ,  3.Oragadam  (P),Chennakuppam  (R.V)  Ward  3  eswaran koil  st  ,  4.Oragadam  (P),Chennakuppam  (R.V)  Ward  2  Kattabomman St  ,  5.Oragadam  (P),Chennakuppam  (R.V)  Ward  3  gangaiamman  koil st  ,  6.Oragadam  (P),Chennakuppam  (R.V)  Ward  1,2  gandhiji  st  ,
7.Oragadam  (P),Chennakuppam  (R.V)  Ward  1,2  kannbiran  koil  st  , (999)-  Overseas  Electors",ALL VOTERS
367,29,367,"Panchayat Union  Middle School Building, South  wing, North  facing, Serapanancheri-601301","1.Serapanancheri  (P),  Navalur,Arambakkam  (R.V)  Ward  1 palayathamman  koil  st  ,  2.Serapanancheri  (P),  Navalur,Arambakkam (R.V)  Ward  1  Vinayagar  Koil  St  ,  3.Serapanancheri  (P), Navalur,Arambakkam  (R.V)  Ward  1  bajanai  koil  st  ,  (999)-  Overseas Electors",ALL VOTERS
368,29,368,"Panchayat Union  Middle School, West Building, South  Wing, North Facing, Serapannancheri-601301","1.Serapanancheri  (P),  Navalur,Arambakkam  (R.V)  Ward  1 Bharathidasan  St  ,  2.Serapanancheri  (P),  Navalur,Arambakkam (R.V)  Ward  1  raghavan  st  ,  3.Serapanancheri  (P), Navalur,Arambakkam  (R.V)  Ward  1  Vandaloor  Walaja  Road  , 4.Serapanancheri  (P),  Navalur,Arambakkam  (R.V)  Ward  1  anna nagar  ,  5.Serapanancheri  (P),  Navalur,Arambakkam  (R.V)  Ward  1 Arunthathiyar  Colony  ,  6.Serapanancheri  (P),  Navalur,Arambakkam (R.V)  Ward  1  Perateri  &  Vellerithangal  ,  7.Serapanancheri  (P), Navalur,Arambakkam  (R.V)  Ward  2  Village  Salai  ,  8.Serapanancheri (P),  Navalur,Arambakkam  (R.V)  Ward  2  perumal  koil  st  , 9.Serapanancheri  (P),  Navalur,Arambakkam  (R.V)  Ward  2  mettu  st  , 10.Serapanancheri  (P),  Navalur,Arambakkam  (R.V)  Ward  2 Balasubramaniyar  Koil  St  ,  11.Serapanancheri  (P), Navalur,Arambakkam  (R.V)  Ward  2  Irular  St  and  Kulakkarai  ,  (999)-Overseas  Electors",ALL VOTERS
369,29,369,"Panchayat Union  Middle School Building, North Facing,West Side,Navalur-601301","1.Serapanancheri  (P),  Navalur,Arambakkam  (R.V)  Ward  2  mocheri  , 2.Serapanancheri  (P),  Navalur,Arambakkam  (R.V)  Ward  2  Chavadi  , 3.Serapanancheri  (P),  Navalur,Arambakkam  (R.V)  KALAINGAR  SALAI
,  4.Serapanancheri  (P),  Navalur,Arambakkam  (R.V)  Kamarajar  street
,  5.Serapanancheri  (P),  Navalur,Arambakkam  (R.V)  Pudhiya  nagar  , 6.Serapanancheri  (P),  Navalur,Arambakkam  (R.V)  Bharathiyar  salai, 7.Serapanancheri  (P),  Navalur,Arambakkam  (R.V)  Madha  Koil  St,
8.Tamil  Nadu  Slum  Clearance  Board  Quarters,  Navalur,  (999)-Overseas  Electors",ALL VOTERS
370,29,370,"Panchayat Union  Middle School Building, South  Wing, Middle, North
Facing, Navalur-601301","1.Serapanancheri  (P),  Navalur,Arambakkam  (R.V)  Ward  2  E  East  St, (999)-  Overseas  Electors",ALL VOTERS
371,29,371,"Panchayat Union  Middle School Building, South  Wing,North Facing, Western  side, Navalur-601301","1.Tamil  Nadu  Slum  Clearance  Board  Quarters,  Navalur,  (999)-Overseas  Electors",ALL VOTERS
372,29,372,"Panchayat Union  Primary  School, Main  Building, West Facing, East Wing, Arambakkam-601301","1.  Serappanancheri  (P)  Navalur,  Arambakkam  (RV)  Arignar  Anna  St,
2.  Serappanancheri  (P)  Navalur,  Arambakkam  (RV)  Madha  Koil  St,  3. Serappanancheri  (P)  Navalur,  Arambakkam  (RV)  Kamarajar  St,  I,  4. Serappanancheri  (P)  Navalur,  Arambakkam  (RV)  Kamarajar  St  II,  5. Serappanancheri  (P)  Navalur,  Arambakkam  (RV)  Lakshmi  Narayana Perumal  Koil  St,  6.Serappanancheri  (P)  Navalur,  Arambakkam  (RV) Osur  Amman  Koil  Street  I,  7.  Serappanancheri  (P)  Navalur, Arambakkam  (RV)  Osur  Amman  Koil  Street  II,  8.  Serappanancheri
(P)  Navalur,  Arambakkam  (RV)  Vinayagar  Koil  Street, 9.Serappanancheri  (P)  Navalur,  Arambakkam  (RV)  M.G.R  Street, 10.Serappanancheri  (P)  Navalur,  Arambakkam  (RV)  Ponniyamman Koil  Street,  11.Serappanancheri  (P)  Navalur,  Arambakkam  (RV) Kulakkarai  Colony  and  Bajanai  Koil  Street,  12.Serappanancheri  (P) Navalur,  Arambakkam  (RV)  Sai  Green  House,  13.  Serappanancheri
(P)  Navalur,  Arambakkam  (RV)  Bharathiyar  Nagar,  (999)-  Overseas Electors  (999)-  Overseas  Electors",ALL VOTERS
373,29,373,"Anganwadi Centre, South  Facing, North  Wing, Arambakkam-601301","1.Serappanancheri  (P)  Navalur,  Arambakkam  (RV)  Adhi  Parasakthi Kovil  Street  and  Adhi  Parasakthi  Nagar  (6  Streets) 2.Serappanancheri  (P)  Navalur,  Arambakkam  (RV)  Annai  Sagaya Madha  Nagar  (7  Streets),  3.Serappanancheri  (P)  Navalur, Arambakkam  (RV)  Annai  Theresa  Nagar  (4  Streets),  4.
Serappanancheri  (P)  Navalur,  Arambakkam  (RV)  Thiruvalluvar  Nagar (12  Streets),  5.Serappanancheri  (P)  Navalur,  Arambakkam  (RV)  Sri Lakshmi  Nagar  6.Serappanancheri  (P)  Navalur,  Arambakkam  (RV) Lakshmi  Nagar,  7.  Serappanancheri  (P)  Navalur,  Arambakkam  (RV) Kamarajar  Street  (10  Streets),  8.  Serappanancheri  (P)  Navalur, Arambakkam  (RV)  Sai  Garden,  9.  Serappanancheri  (P)  Navalur, Arambakkam  (RV)  Ponniyamman  Nagar,  (999)-Overseas  Electors",ALL VOTERS
374,29,374,"Panchayat Union  Primary  school Building, West Facing, Kuzhangacheri-602105","1.Vanujuvancherry (P),Kavalkazhani,Koozhangacheri,Karanithangal,Vanjuvancheri,Veller ithangal,Thiruvampudheri(R.V)  Ward  1  mettu  st  ,
2.Vanujuvancherry (P),Kavalkazhani,Koozhangacheri,Karanithangal,Vanjuvancheri,Veller ithangal,Thiruvampudheri(R.V)  Ward  1  mariamman  koil  st  , 3.Vanujuvancherry (P),Kavalkazhani,Koozhangacheri,Karanithangal,Vanjuvancheri,Veller ithangal,Thiruvampudheri(R.V)  Ward  1  Gangaiamman  Koil  St  , 4.Vanujuvancherry (P),Kavalkazhani,Koozhangacheri,Karanithangal,Vanjuvancheri,Veller ithangal,Thiruvampudheri(R.V)  Ward  1  Rakkalamman  Koil  St  ,  St  ,
(999)-  Overseas  Electors",ALL VOTERS
375,29,375,"Panchayath  Union  Primary school Building  West Facing, Kuzhangacheri-602105","1.Vanujuvancherry (P),Kavalkazhani,Koozhangacheri,Karanithangal,Vanjuvancheri,Vellerithangal,Thiru vampudheri(R.V) Ward 1 Bajanai Koil St , 2.Vanujuvancherry (P),Kavalkazhani,Koozhangacheri,Karanithangal,Vanjuvancheri,Vellerithangal,Thiru vampudheri(R.V) Ward 1 colony ambedkar st , 3.Vanujuvancherry (P),Kavalkazhani,Koozhangacheri,Karanithangal,Vanjuvancheri,Vellerithangal,Thiru vampudheri(R.V) Ward 1 Voor paguthi Vinayagar Koil St , , 4.Vanujuvancherry (P),Kavalkazhani,Koozhangacheri,Karanithangal, Vanjuvancheri,Vellerithangal,Thiruvampudheri(R.V) Ward 2 perumal koil st , 5.Vanujuvancherry (P),Kavalkazhani,Koozhangacheri,Karanithangal,Vanjuvancheri,Vellerithangal,Thiru vampudheri(R.V) Ward 2 Kalathumedu St , 6.VaipoorVanujuvancherry (P),Kavalkazhani,Koozhangacheri,Karanithangal,Vanjuvancheri,Vellerithangal,Thiru vampudheri(R.V) Ward 2 Muthalamman Koil St , (999)- Overseas Electors",ALL VOTERS
376,29,376,"Panchayat Union  Elementary School Building, North wing, South  facing, Vanjuvancheri-601301","1.Vanujuvancherry (P),Kavalkazhani,Koozhangacheri,Karanithangal,Vanjuvancheri,Veller ithangal,Thiruvampudheri(R.V)  Ward  2  theruveethiamman  koil  st  , 2.Vanujuvancherry  (P),Kavalkazhani,Koozhangacheri,Karanithangal, Vanjuvancheri,  Vellerithangal,Thiruvampudheri(R.V)  Ward  2  Bajanai Koil  St,  3.Vanujuvancherry (P),Kavalkazhani,Koozhangacheri,Karanithangal, Vanjuvancheri,Vellerithangal,Thiruvampudheri(R.V)  Ward  2  Erikkarai  St  ,  4.Vanujuvancherry  (P),Kavalkazhani,Koozhangacheri, Karanithangal,  Vanjuvancheri,Vellerithangal,Thiruvampudheri(R.V) Ward  3  Pillayar  Koil  St  ,  (999)-  Overseas  Electors",ALL VOTERS
377,29,377,"Panchayat Union  Elementary School Building, South  wing, West Facing, Vanjuvancheri-601301","1.Vanujuvancherry (P),Kavalkazhani,Koozhangacheri,Karanithangal,Vanjuvancheri,Veller ithangal,Thiruvampudheri(R.V)  Ward  3  Kanniamman  Koil  St  , 2.Vanujuvancherry (P),Kavalkazhani,Koozhangacheri,Karanithangal,Vanjuvancheri,Veller ithangal,Thiruvampudheri(R.V)  Ward  3  vinayagar  koil  st  , 3.Vanujuvancherry (P),Kavalkazhani,Koozhangacheri,Karanithangal,Vanjuvancheri,Veller ithangal,Thiruvampudheri(R.V)  Ward  3  gangaiamman  koil  st  , 4.Vanujuvancherry (P),Kavalkazhani,Koozhangacheri,Karanithangal,Vanjuvancheri,Veller ithangal,Thiruvampudheri(R.V)  Ward  3  theruveethiamman  koil  st  , 5.Vanujuvancherry (P),Kavalkazhani,Koozhangacheri,Karanithangal,Vanjuvancheri,Veller ithangal,Thiruvampudheri(R.V)  Ward  3  Mayana  Salai  (Church  St)
(999)-  Overseas  Electors",ALL VOTERS
378,29,378,"Panchayat Union  Elementary School, South  Facing, North  Wing, Vanjuvancheri-601301","1.Vanujuvancherry (P),Kavalkazhani,Koozhangacheri,Karanithangal, Vanjuvancheri,Vellerithangal,Thiruvampudheri(R.V) Ward 3 bajanai koil st, 2.Vanujuvancherry(P),Kavalkazhani,Koozhangacheri, Karanithangal, Vanjuvancheri,Vellerithangal,Thiruvampudheri(R.V) Ward 2 Ambedkar St 2 3.Vanujuvancherry (P),Kavalkazhani,Koozhangacheri, Karanithangal, Vanjuvancheri,Vellerithangal,Thiruvampudheri(R.V) Ward 2 Gangaiamman Koil St 4.Vanjuvancheri,Vellerithangal,Thiruvampudheri(R.V) Ward 3 ganesapuram paguthi
, 5. Vanjuvancheri,Vellerithangal,Thiruvampudheri(R.V) Ward 3 siyon nagar area , 6.Vanjuvancheri,Vellerithangal,Thiruvampudheri(R.V) Ward 3 new colony , 7.Vanjuvancheri,Vellerithangal,Thiruvampudheri(R.V) Ward 3 old colony , (999)-Overseas Electors",ALL VOTERS
379,29,379,"Panchayat Union  Middle School, East Wing, West Facing, Adhanancheri-601301","1.Padappai  (P)  And  (R.V)  Ward  5  MGR  St  ,  2.Padappai  (P)  And  (R.V) Ward  5  gandhi  st  ,  3.Padappai  (P)  And  (R.V)  Ward  5  periyar  st  ,
4.Padappai  (P)  And  (R.V)  Ward  5  perumal  koil  st  ,  5.Padappai  (P)  And (R.V)  Ward  5  mariamman  koil  st  ,  6.Padappai  (P)  And  (R.V)  Ward  5 Kamarajar  St  (999)-  Overseas  Electors",ALL VOTERS
380,29,380,"Panchayat Union  Middle School, North  Facing, South  Wing, Adhanancheri-601301","1..Padappai  (P)  And  (R.V)  Ward  5  Anna  St  ,  2.Padappai  (P)  And  (R.V) Ward  5  ambedkar  nagar  1st  st  ,  3.Padappai  (P)  And  (R.V)  Ward  5 Ambedkar  Nagar  2nd  St  ,  4..Padappai  (P)  And  (R.V)  Ward  5  Balvadi St  ,  5..Padappai  (P)  And  (R.V)  Ward  5  easunathar  koil  st  ,  6.Padappai
(P)  And  (R.V)  Ward  5  mayana  salai  ,  7.Padappai  (P)  And  (R.V)  Ward  5 Perumal  Koil  Backside  ,  8.Padappai  (P)  And  (R.V)  Ward  5  ambedkar nagar  west  ,  (999)-  Overseas  Electors",ALL VOTERS
381,29,381,"Panchayat Union  Middle School, North  Facing, South  Wing, Center Building, Adhanancheri-601301","1.Padappai(P) and (R.V.) Ward 5 Walajabad Road, 2.Padappai(P) and (R.V.) Ward 5 Periya Street, 3.Padappai(P) and (R.V.) Ward 5 Melandai Veedi, 4.Padappai(P) and (R.V.) East Mada Veedi, 5.Padappai(P) and (R.V.) Ward 5 Osuramman Koil Street, 6.Padappai(P) and (R.V.), Ward 5 Kulakari Street, (999)- Overseas Electors",ALL VOTERS
382,29,382,"Panchayat Union  Middle School, North  Facing, South  Wing, Center Building, Adhanancheri-601301","1.Padappai(P) and (R.V.), Ward 5 Boonthottam Street, 2.Padappai(P) and (R.V.), Ward 5 Ganesh Nagar, 3.Padappai(P) and (R.V.), Ward 5 Srinivasa Nagar, 4.Padappai(P) and (R.V.), Ward 5 Deivanai Nagar, 5.Padappai(P) and (R.V.), Ward 5 Raghavendrapuram, 6.Padappai(P) and (R.V.), Ward 5 Thirumal Nagar, 7.Padappai(P) and (R.V.), Ward 5 Lakshmi Nagar (999)-Overseas Electors",ALL VOTERS
383,29,383,"Panchayat Union  Middle School, West Facing, East Wing, Adhanancheri-601301","1.Padappai(P) and (R.V.) Ward 5 Mettur, 2.Padappai(P) and (R.V.), Ward 5 Yadavar Street, 3.Padappai(P) and (R.V.), Ward 5 Kamachi Nagar, 4.Padappai(P) and (R.V.), Ward 5 Pillaiyar Koil Street, (999)- Overseas Electors",ALL VOTERS
384,29,384,"Panchayat Union  Middle School, East Wing, West facing, Salamangalam-601301","1.Salamangalam  (P)  And  (R.V)  Ward  1  thirowpathiamman  koil  st  , 2.Salamangalam  (P)  And  (R.V)  Ward  1  Mariamman  Koil  St 3.Salamangalam  (P)  And  (R.V)  Ward  1  lakshmi  nagar  balaji  nagar  ,
(999)-  Overseas  Electors",ALL VOTERS
385,29,385,"Panchayat Union  Middle School, East Wing, West facing, Salamangalam-601301","1.Salamangalam  (P)  And  (R.V)  Ward  1  lakshmi  nagar  balaji  nagar  II  , (999)-  Overseas  Electors",ALL VOTERS
386,29,386,"Panchayat Union  Middle School, South  Wing, North  Facing, Salamangalam-601301","1.Salamangalam  (P)  And  (R.V)  Ward  1  bajanai  koil  st  , 2.Salamangalam  (P)  And  (R.V)  Ward  1  Mettu  St  ,  3.Salamangalam  (P) And  (R.V)  Ward  1  Osooramman  Koil  St  ,  4.Salamangalam  (P)  And (R.V)  Ward  1  Thideer  Nagar  ,  5.Salamangalam  (P)  And  (R.V) Salamangalam  ,  (999)-  Overseas  Electors",ALL VOTERS
387,29,387,"Panchayat Union  Middle School, East Wing, West Facing, Anganvadi Building  Opposite, Salamangalam-601301","1.Salamangalam  (P)  ,  Nariambakkam,Sirumathur  (R.V)  Ward  1,  2 mariyamman  koil  st  ,  2.Salamangalam  (P)  , Nariambakkam,Sirumathur  (R.V)  Ward  1,3  Sirumathur  Perumal  Koil St  ,  3.Salamangalam  (P)  ,  Nariambakkam,Sirumathur  (R.V)  Ward  1,2 Mariamman  Koil  St  ,  4.Salamangalam  (P)  , Nariambakkam,Sirumathur  (R.V)  Ward  2  Nariyambakkam Thirowpathi  Amman  Koil  St  ,  5.Salamangalam  (P)  , Nariambakkam,Sirumathur  (R.V)  Ward  2  Kundru  Medu  , 6.Salamangalam  (P)  ,  Nariambakkam,Sirumathur  (R.V)  Ward  1 Salamangalam  Bajanai  Koil  St  ,  (999)-  Overseas  Electors",ALL VOTERS
388,29,388,"Panchayat Union  Middle School, South  Wing, North  Facing, Salamangalam-601301","1.Salamangalam  (P)  ,  Nariambakkam,Sirumathur  (R.V)  Ward  3 Subramani  St  ,  2.Salamangalam  (P)  ,  Nariambakkam,Sirumathur (R.V)  Ward  2  salamangalam  perumal  koil  st  ,  3.Salamangalam  (P)  , Nariambakkam,Sirumathur  (R.V)  Ward  1,3  Salamangalam  Pallavan St  ,  4.Salamangalam  (P)  ,  Nariambakkam,Sirumathur  (R.V)  Ward  3 Nariyambakkam  Ramadass  St  ,  5.Salamangalam  (P)  , Nariambakkam,Sirumathur  (R.V)  Ward  2  Nariyambakkam Kanniyamman  Koil  St  ,  6.Salamangalam  (P)  , Nariambakkam,Sirumathur  (R.V)  Ward  3  Salamangalam  Pillayar Koil  St  ,  7.Salamangalam  (P)  ,  Nariambakkam,Sirumathur  (R.V) Ward  3  Sirumathur  Erikkarai  St  ,  8.Salamangalam  (P)  , Nariambakkam,Sirumathur  (R.V)  Nariyambakkam,  9.Salamangalam
(P)  And  (R.V)  Salamangalam  ,  (999)-  Overseas  Electors",ALL VOTERS
389,29,389,"Panchayat Union  Middle School , South  Facing, North  Wing, Keel Padappai-601301","1.PADAPPAI  ((P)  And  (R.V)  KATTU  COLONY  ,  2.PADAPPAI ((P)  And (R.V)  T.V.K  STREET ,  3.PADAPPAI  ((P)  And  (R.V)  KAMBAR STREET ,
4.PADAPPAI  ((P)  And  (R.V)  VEDAVINAKAR  STREET ,  5.PADAPPAI ((P) And  (R.V)  N.S.K  STREET ,  6.PADAPPAI ((P)  And  (R.V)  METTU STREET ,  7.PADAPPAI ((P)  And  (R.V)  V.O.C  STREET ,  8.PADAPPAI ((P)  And  (R.V)  PERUMAL  KOIL  STREET ,  9.PADAPPAI  ((P)  And  (R.V) SUNDARAMOORTHY  VINAYAGAR  STREET ,  10.PADAPPAI  ((P)  And
(R.V)  BIG  STREET ,  (999)-  Overseas  Electors",ALL VOTERS
390,29,390,"Panchayat Union  Middle School, South  Facing, North  Wing, Keel Padappai-601301","1.Padappai  (P)  And  (R.V)  Ward  4  Thulukkanathamman  Koil  St  ,
2.Padappai  (P)  And  (R.V)  Ward  4  thiruvalluvar  nagar  ,  3.Padappai  (P) And  (R.V)  Ward  4  othavadai  st  ,  4.Padappai  (P)  And  (R.V)  Ward  4 keel  colony  ,  (999)-  Overseas  Electors",ALL VOTERS
391,29,391,"Panchayat Union  Middle School, South  Facing, North  Wing  Keel Padappai-601301","1.Padappai  (P)  And  (R.V)  Ward  4  KR  Puram  ,  2.Padappai  (P)  And (R.V)  Ward  4  murugathamman  koil  st  ,  3.Padappai  (P)  And  (R.V) Ward  4  KR  Puram  Walajabad  Road  ,  4.Padappai  (P)  And  (R.V)  Ward 4  ellaiamman  koil  st  ,  5.Padappai  (P)  And  (R.V)  Ward  4  Ellaiamman
Koil  St  ,  (999)-  Overseas  Electors",ALL VOTERS
392,29,392,"Panchayat Union  Middle School , West Wing, East Facing, Melpadappai-601301","1.Padappai  (P)  And  (R.V)  Ward  4  David  Nagar  Thottam  ,  2.Padappai
(P)  And  (R.V)  Ward  3  vivek  street  ,  3.Padappai  (P)  And  (R.V)  Ward  2,3 Ambedkar  street  ,  4.Padappai  (P)  And  (R.V)  Ward  4  David  Nagar  ,
5.Padappai  (P)  And  (R.V)  Shanmuga  nagar  ,  6.Padappai  (P)  And  (R.V) Nethaji  Street  ,  (999)-  Overseas  Electors",ALL VOTERS
393,29,393,"Panchayat Union  Middle School , West Wing, East Facing, Melpadappai-601301","1.Padappai  (P)  And  (R.V)  Ward  3  vivek  street  ,  2.Padappai  (P)  And (R.V)  Ward  3  Shanmuga  Nagar  3.Padappai  (P)  And  (R.V)  Ward  3 Vivekananda  Nagar  4.Padappai  (P)  And  (R.V)  Ward  3  Asha  Nagar,
5.Padappai  (P)  And  (R.V)  Ward  3  Nethaji  Nagar,  (999)-  Overseas
Electors",ALL VOTERS
394,29,394,"Panchayat Union  Middle School, West Wing, East Facing, Mel Padappai-601301","1.Padappai  (P)  And  (R.V)  Ward  3  Aasha  Nagar  ,  2.Padappai  (P)  And (R.V)  Ward  3  Ilahi  Nagar  ,  3.Padappai  (P)  And  (R.V)  Ward  2,3,5,6th Street  AMBEDKAR  STREET ,  4.Padappai  (P)  And  (R.V)  N.G.O
COLONY  ,  5.Padappai  (P)  And  (R.V)  Ward  3  ngo  colony  ,  6.Padappai
(P)  And  (R.V)  Ward  2  ambedkar  st  ,  7.Padappai  (P)  And  (R.V)  Ward  3 Hilahi  Nagar,  (999)-  Overseas  Electors",ALL VOTERS
395,29,395,"Panchayat Union  Middle School , West Wing, East Facing, Melpadappai-601301","1.Padappai  (P)  And  (R.V)  Periyar  nagar  5th  street  ,  2.Padappai  (P) And  (R.V)  Ward  3,  5th  st,  periyar  nagar  ,  3.Padappai  (P)  And  (R.V) Ward  3  ,  3rd  St  Periyar  Nagar,  (999)-  Overseas  Electors",ALL VOTERS
396,29,396,"Panchayat Union  Middle School, North  Wing, South  Facing, Mel Padappai-601301","1.Padappai  (P)  And  (R.V)  Ward  3,  2nd  st  periyar  nagar  ,  2.Padappai
(P)  And  (R.V)  Ward  3  balvadi  st  ,  3.Padappai  (P)  And  (R.V)  Ward  3 Periyar  Nagar  ,  4.Padappai  (P)  And  (R.V)  Ward  3,  1st  St,  Peiryar Nagar  ,  (999)-  Overseas  Electors",ALL VOTERS
397,29,397,"Panchayat Union  Middle School , North  Wing, South  Facing, Mel
Padappai-601301","1.Padappai  (P)  And  (R.V)  Ward  2  Selva  vinayagar  koil  street  ,
2.Padappai  (P)  And  (R.V)  Theradi  Street  ,  3.Padappai  (P)  And  (R.V) Ward  2  vishnu  nagar  ,  (999)-  Overseas  Electors",ALL VOTERS
398,29,398,"Panchayat Union  Middle School , East Wing, West Facing, Mel
Padappai-601301","1.Padappai  (P)  And  (R.V)  Ward  1  kamarajar  st  ,  2.Padappai  (P)  And (R.V)  Ward  1  anna  nagar  ,  3.Padappai  (P)  And  (R.V)  Ward  1  thoppu
st  ,  (999)-  Overseas  Electors",ALL VOTERS
399,29,399,"Panchayat Union  Middle School , East Wing, West Facing, Mel Padappai-601301","1.Padappai  (P)  And  (R.V)  Ward  2  bazaar  veethi  ,  2.Padappai  (P)  And (R.V)  Ward  2  Bharathi  Street,  3.Padappai  (P)  And  (R.V)  Ward  2  Bazar street  ,  4.Padappai  (P)  And  (R.V)  Ward  2  bharathi  st  ,  (999)-
Overseas  Electors",ALL VOTERS
400,29,400,"Panchayat Union  Middle School, East Wing, West Facing, Mel Padappai-601301","1.Padappai  (P)  And  (R.V)  Ward  1  big  st  ,  2.Padappai  (P)  And  (R.V) Ward  1  mettu  st  ,  3.Padappai  (P)  And  (R.V)  Ward  3  kizhakku  mada st  ,  4.Padappai  (P)  And  (R.V)  Ward  1  Bajanai  Koil  St  ,  5.Padappai  (P) And  (R.V)  Ward  1  eswaran  koil  st  ,  (999)-  Overseas  Electors",ALL VOTERS
401,29,401,"Kabali Nursary and Primary School Building, East Wing, South  Facing, Kabali Nagar, Adanoor-603202","1.Athanoor  (P)  And  (R.V)  Ward  1  new  st  ,  2.Athanoor  (P)  And  (R.V) Ward  1  thiruvalluvar  nagar  ,  3.Athanoor  (P)  And  (R.V)  Ward  1  TTC Nagar  ,  (999)-  Overseas  Electors",ALL VOTERS
402,29,402,"Kabali Nursary and Primary School Building, Middle, South  Facing, Kabali Nagar, Adanoor-603202","1.Athanoor  (P)  And  (R.V)  Ward  1  ttc  nagar,  (999)-  Overseas  Electors",ALL VOTERS
403,29,403,"Kabali Nursary and Primary School Building, West wing, South  Facing, Kabali Nagar,Adanoor-603202","1.Athanoor  (P)  And  (R.V)  Ward  1  ttc  nagar  ,  (999)-  Overseas  Electors",ALL VOTERS
404,29,404,"Panchayat Union  Elementary School, East Facing, T.T.C  Nagar,Adanoor-
603202","1.Athanoor  (P)  And  (R.V)  Ward  1  athanoor  ist  st  ,  2.Athanoor  (P)  And (R.V)  Ward  1  kabali  nagar  ,  3.Athanoor  (P)  And  (R.V)  Ward  1  avm
nagar  ,  (999)-  Overseas  Electors",ALL VOTERS
405,29,405,"Panchayat Union  Elementary School, East Facing, T.T.C  Nagar,Adanoor-603202","1.Athanoor  (P)  And  (R.V)  Ward  1  kanchi  kamatchi  nagar  ,
2.Athanoor  (P)  And  (R.V)  Ward  1  Krishnapuri  3..Athanoor  (P)  And (R.V)  Jawarhar  iyah  nagar  ,  4.Athanoor  (P)  And  (R.V)  Kurukku  street
,  (999)-  Overseas  Electors",ALL VOTERS
406,29,406,"CSI Elementary School, North Facing, Adhanoor-603202","1. Athanoor (V) and (RV), Ward 4 Thulukkanatham man Koil St. 2. Athanoor (V) and (RV), Ward 1 A.V.A. Nagar, (999)- Overseas Electors",ALL VOTERS
407,29,407,"Library  North  Facing, South  Wing,
Adhanur-603202","1.Athanoor (V) and (RV), Ward 1 Perumal Koil St, 2.Athanoor (V) and (RV), Ward
1 Athanoor Thulukkanathamman Koil St,(999)- Overseas Electors",ALL VOTERS
408,29,408,"CSI Elementary School, East Facing, West Wing, Adanoor-603202","1.Athanoor (P) And (R.V) Ward 1 athanoor Colony , 2.Athanoor (P) And (R.V) Athanoor Colony , 3.Athanoor (P) And (R.V) Vedhasalam nagar, (999)- Overseas
Electors",ALL VOTERS
409,29,409,"Holy Sai International School, East
Facing, West Wing, Adhanoor-603202","1.Athanoor  (P)  And  (R.V)  M  G  Nagar,  (999)-  Overseas  Electors",ALL VOTERS
410,29,410,"Holy Sai international school, MG Nagar, East Facing, West Wing, Adhanur-603202","1.Athanoor (P) And (R.V) Ward 1 athanoor mg nagar, 2.Athanoor (V) and (RV), Ward 1 A.V.A. Nagar 2, , 3.Athanoor (P) And (R.V) M G Nagar,1
(999)- Overseas Electors",ALL VOTERS
411,29,411,"Panchayat Union  Middle School Building, North wing, West facing, Orathur-603203","1.Orathoor  (P),  Ammanambakkam  (R.V)  Ward  1,2  chinna  st  ,
2.Orathoor  (P),  Ammanambakkam  (R.V)  Ward  1  kulakkarai  st  ,
3.Orathoor  (P),  Ammanambakkam  (R.V)  Ward  2  rajiv  gandhi  st  ,
4.Orathoor  (P),  Ammanambakkam  (R.V)  Ward  1  main  road  ,  ,  (999)-Overseas  Electors",ALL VOTERS
412,29,412,"Panchayat Union  Middle School Building, South  Wing, West facing, Orathur-603203","1.Orathoor  (P),  Ammanambakkam  (R.V)  Ward  1  big  st  ,  2.Orathoor (P),  Ammanambakkam  (R.V)  Ward  1  perumal  koil  st  3  7.Orathoor (P),  Ammanambakkam  (R.V)  Ward  1,2  Orathoor  ,  4.Orathoor  (P), Ammanambakkam  (R.V)  Ward  1  bajanai  koil  st  ,  (999)-  Overseas Electors",ALL VOTERS
413,29,413,"Panchayat Union  Middle School New Buliding, South  wing, East Facing, Orathur-603203","1.Orathoor(P),Neelamangalam,Keelakazhani (R.V) Ward 3 Dr.Ambedkar St Neelamangalam , 2.Orathoor(P),Neelamangalam,Keelakazhani (R.V) Ward 3 Neelamangalam (Raman St) , 3.Orathoor(P),Neelamangalam,Keelakazhani (R.V) Ward 3 Pallikooda St , 4.Orathoor(P),Neelamangalam,Keelakazhani (R.V) Ward 2,3 varadharajapuram 9th st , 5.Orathoor(P),Neelamangalam,Keelakazhani (R.V) Ward 3 varadharajapuram 8th st , 6.Orathoor(P),Neelamangalam,Keelakazhani (R.V) Ward 3 varadharajapuram 7th st , 7.Orathoor(P),Neelamangalam,Keelakazhani (R.V) Ward 3 varadharajapuram 4th st , 8.Orathoor(P),Neelamangalam,Keelakazhani (R.V) Ward 3 Varadharajapuram 3rd St , 9.Orathoor(P),Neelamangalam,Keelakazhani (R.V) Ward 3 varadharajapuram 1st st , 10.Orathoor(P),Neelamangalam,Keelakazhani (R.V) Ward 3 Gandhi St Neelamangalam , 11.Orathoor(P),Neelamangalam,Keelakazhani (R.V) Ward 3 neelamangalam varadhapuram 5th st , 12.Orathoor(P),Neelamangalam,Keelakazhani (R.V) Ward 3,2 Keelkalanai Salai, (999)- Overseas Electors",ALL VOTERS
414,29,414,"Panchayat Union  Middle School New Building, North wing, East Facing, Orathur-603203","1.Orathoor(P),Neelamangalam,Keelakazhani (R.V) Ward 1 neelamangalam mainroad , 2.Orathoor(P),Neelamangalam,Keelakazhani (R.V) Ward 1 2nd St (Orathur, 3.Orathoor(P),Neelamangalam,Keelakazhani (R.V) Ward 1 balaji nagar , 4.Orathoor(P),Neelamangalam,Keelakazhani (R.V) Ward 3 Orathur Varadharajapuram 5th St , 5.Orathoor(P),Neelamangalam,Keelakazhani (R.V) Ward 1 Balvadi 10th St (999)- Overseas Electors",ALL VOTERS
415,29,415,"Panchayat Union  Middle School, New Buliding, East Facing, North Wing, Orathur-603203","1.Orathoor(P),Neelamangalam,Keelakazhani (R.V) Ward 1 Theruveethiamman Koil St , 2.Orathoor(P),Neelamangalam,Keelakazhani (R.V) Ward 1 mettu colony 3.Orathoor(P),Neelamangalam,Keelakazhani (R.V) Ward 1 orathoor jeeva nagar , 4.Orathoor(P),Neelamangalam,Keelakazhani (R.V) Ward 1 Pillayar Koil St , 5.Orathoor(P),Neelamangalam,Keelakazhani (R.V) Ward 1 Pillayar Koil St Thirumangalam , 6.Orathoor(P),Neelamangalam,Keelakazhani (R.V) Ward 1 Neelamangalam, (999)- Overseas Electors",ALL VOTERS
416,29,416,"E-seva centre Building, South Facing, Kavanur-603203","1.Kavanoor (P),Kattupakkam (R.V) Ward 1 angalamman koil st , 2.Kavanoor(P),Kattupakkam (R.V) Ward 1 Bajanai Koil St ,
3.Kavanoor (P),Kattupakkam (R.V) Ward 1 Pillayar Koil St ,
4.Kavanoor (P),Kattupakkam (R.V) Ward 1 Gangaiamman Koil St , 5.Kavanoor (P),Kattupakkam (R.V) Ward 1 kattangulathur padappai main road , 6.Kavanoor (P),Kattupakkam (R.V) Ward 2,1 Kannan Padavettamman Main St , 7.Kavanoor (P),Kattupakkam (R.V) Ward 2 chellappan st ,
8.Kavanoor (P),Kattupakkam (R.V) Ward 2 samikannu st ,(999)- Overseas Electors",ALL VOTERS
417,29,417,"E-Seva  centre  Building, North Facing, Kavanur-603203","1.Kavanoor (P),Kattupakkam (R.V) Ward 1,2, Rajiv Gandhi St, 2.Kavanoor (P),Kattupakkam (R.V) Ward 2 Anna St ,
3.Kavanoor (P),Kattupakkam (R.V) Ward 2 Periyar St , 4.Kavanoor (P),Kattupakkam (R.V) Ward 2 Kattupakkam Salai , 5.Kavanoor (P),Kattupakkam (R.V) Ward 3 Chakrabani St ,
6.Kavanoor (P),Kattupakkam (R.V) Ward 2 Subramaniar St , 7.Kavanoor (P),Kattupakkam (R.V) Ward 2 Gangappa Naicker St 8.Kavanoor (P),Kattupakkam (R.V) Ward 3 gangaiamman koil st , 9.Kavanoor (P),Kattupakkam (R.V) Ward 3 Perumal Koil St , 10.Kavanoor (P),Kattupakkam (R.V) Ward 3 chinn mesthiri st , 11.Kavanoor (P),Kattupakkam (R.V) Ward 3 Manthaveli St , 12.Kavanoor (P),Kattupakkam (R.V) Ward 3 bajanai koil st , 13.Kavanoor (P),Kattupakkam (R.V) Ward 3 anna st , 14.Kavanoor (P),Kattupakkam (R.V) Ward 3 MGR St 2 , 15.Kavanoor (P),Kattupakkam (R.V) Ward 3 periyar st 2 , 16.Kavanoor (P),Kattupakkam (R.V) Ward 3 Indiragandhi St , 17.Kavanoor (P),Kattupakkam (R.V) Ward 3 Thiruvalluvar St ,
(999)- Overseas Electors",ALL VOTERS
418,29,418,"Anganwadi Centre, South  Facing, Kavanur-603203","1.Kavanoor (P),Kattupakkam (R.V) Ward 2 Nehru St , 2.Kavanoor (P),Kattupakkam (R.V) Ward 1 Natesan St , 3.Kavanoor (P),Kattupakkam (R.V) Ward 1 mgr st,
4.Kavanoor (P),Kattupakkam (R.V) Ward 3 big st ,
5.Kavanoor (P),Kattupakkam (R.V) Ward 3 pillayar koil st , 6.Kavanoor (P),Kattupakkam (R.V) Ward Kavanur Village , 7.Kavanoor (P),Kattupakkam (R.V) Padavattammankoil street ,
(999)- Overseas Electors",ALL VOTERS
419,29,419,"Panchayat Union  Primary  School, East Facing, South  Wing, Korukkanthangal Village-603202","1.Athanoor  (P)  And  (R.V)  Ward  2  Korukkanthangal  ,  2.Athanoor  (P) And  (R.V)  Ward  2  Thiruveethiamman  Koil  St  ,  3.Athanoor  (P)  And (R.V)  Ward  2  Villiyar  Colony  ,  4.Athanoor  (P)  And  (R.V)  Ward  2 Mariamman  Koil  St  ,  5.Athanoor  (P)  And  (R.V)  Ward  2  Tharai  thalam
,  6.Athanoor  (P)  And  (R.V)  Ward  2  Ambedkar  St  ,  (999)-  Overseas
Electors",ALL VOTERS
420,29,420,"Panchayat Union  Primary  School, new building,East Facing, south wing  Korukkanthangal-603203","1.Athanoor  (P)  And  (R.V)  Ward  2  Big  St  ,  2.Athanoor  (P)  And  (R.V) Ward  2  Lakshmipuram  ,  9.Athanoor  (P)  And  (R.V)  Ward  3 Korukkanthangal  Colony  ,  (999)-  Overseas  Electors",ALL VOTERS
421,29,421,"Panchayat Anganwadi Center Building, North facing, Korukkanthangal-603203","1.Athanoor  (P)  And  (R.V)  Ward  3  Muthalamman  St  ,  2.Athanoor  (P) And  (R.V)  Ward  3  Giramani  Area  ,  3.Athanoor  (P)  And  (R.V)  Ward  3 gangaiamman  koil  st  ,  4.Athanoor  (P)  And  (R.V)  Ward  3  athanoor  ,
5.Athanoor  (P)  And  (R.V)  Ward  3  athanoor  salai  ,  6.Athanoor  (P)  And (R.V)  Ward  3  church  st  ,  7.Athanoor  (P)  And  (R.V)  Barathi  Nagar  ,
8.Athanoor  (P)  And  (R.V)  KRISHNA  NAGAR  ,  9.Athanoor  (P)  And  (R.V) Ward  2  IHFT colony  ,  (999)-  Overseas  Electors",ALL VOTERS
422,29,422,"Panchayat Union  Primary  School Building, East wing, West Facing,
Madambakkam - 603202","1.Madambakkam  (P)  Kuthanur  (R.V)  Ward  2,3  madambakkam  , (999)-  Overseas  Electors",ALL VOTERS
423,29,423,"Panchayat Union  Primary  School Building, East Wing, West Facing, South  Side, Madambakkam - 603202","1.Madambakkam (P) Kuthanur (R.V) Ward 1 Pallikooda St , 2.Madambakkam
(P) Kuthanur (R.V) Ward 1 Muthumariamman Koil St , 3.Madambakkam (P) Kuthanur (R.V) Ward 1 periyar st , 4.Madambakkam (P) Kuthanur (R.V) Ward 1 perumal koil st , 5.Madambakkam (P) Kuthanur (R.V) Ward 1 Nehru St , 6.Madambakkam (P) Kuthanur (R.V) Ambedkar St, (999)- Overseas Electors",ALL VOTERS
424,29,424,"Panchayat Union  Primary  School, East Facing, South  Wing, Madambakkam-603202","1.Madambakkam  (P)  Kuthanur  (R.V)  Ward  3  anna st,2.Madambakkam  (P)  Kuthanur  (R.V)  Ward  1  lakshmi narayanapuram,  3.Madambakkam  (P)  Kuthanur  (R.V)  Ward  3 Bharathiyar  St  ,  4.Madambakkam  (P)  Kuthanur  (R.V)  Ward  3 Iyyappan  St  ,  5.Madambakkam  (P)  Kuthanur  (R.V)  Ward  2  Ambedkar St  ,  6.Madambakkam  (P)  Kuthanur  (R.V)  Ward  2  Kannagi  St  , 7.Madambakkam  (P)  Kuthanur  (R.V)  Ward  1  Main  Bazzar  , 8.Madambakkam  (P)  Kuthanur  (R.V)  Iyyappan  St  ,9.Madambakkam
(P)  Kuthanur  (R.V)  Ward  3  Annai  Indhira  Street,  (999)-  Overseas
Electors",ALL VOTERS
425,29,425,"Panchayat Union  Primary  School, West Facing, East Wing, South  Side, Madambakkam - 603202","1.Madampakkam  (P)  And  (R.V)  Subburayan  St, 2.Madampakkam(P)  And  (R.V)  Ward  3  Bharathiyar  st  , 3.Madampakkam(P)  And  (R.V)  Ward  3  Iyyappan  st  , 4.Madampakkam(P)  And  (R.V)  Ward  3  Raman  St, 5.Madampakkam(P)  And  (R.V)  Ward  3  Nagathamman  Koil  St  , 6.Madampakkam(P)  And  (R.V)  Ward  3  vinayagar  koil  st  , 7.Madampakkam(P)  And  (R.V)  Ward  3  Kambar  St  ,  (999)-  Overseas Electors",ALL VOTERS
426,29,426,"Panchayat Union  Primary  School, North  Facing, South  Wing, East Side, Madambakkam - 603202","1.Madampakkam(P)  And  (R.V)  Ward  1  Thaimoogambigai  Nagar  , (999)-  Overseas  Electors",ALL VOTERS
427,29,427,"Govt High  School, South  Facing, North  Wing, Madambakkam (10th Std  A  Sec  Class Room)","1.Madampakkam(P)  And  (R.V)  Ward  1  karthick  nagar  , 2.Madampakkam(P)  And  (R.V)  Jini  nagar  ,  3.Madampakkam(P)  And (R.V)  Lakshmi  nagar  ,  (999)-  Overseas  Electors",ALL VOTERS
428,29,428,"Government High School, North Facing, South  Wing, Madambakkam-603202","1.Madampakkam(P) And (R.V) Ward 1,3 Bharathi nagar 2.Madampakkam(P) and(R.V) Ward 1Thaimoogambigai st, (999)- Overseas Electors",ALL VOTERS
429,29,429,"Panchayat Union  Primary  School, East Facing, West Wing, South  Side, Madambakkam - 603202","1.Madampakkam  Ward  1  Ragavendra  Nagar  ,  2.Madampakkam Ward  1  Sadasivam  Nagar  ,  3.Madampakkam  (P)  And  (R.V)  Ward  2 Ram  Nagar,  (999)-  Overseas  Electors",ALL VOTERS
430,29,430,"Government High School, North Facing, South  Wing, Madambakkam-603202","1.Madampakkam  (P)  And  (R.V)  Ward  3  lalitha  nagar  , 2.Madampakkam  (P)  And  (R.V)  Ward  3  Kamakodi  Nagar,  (999)-Overseas  Electors",ALL VOTERS
431,29,431,"Panchayat Union  Primary  School, East Facing, West Wing, Middle Building, Madambakkam - 603202","1.Madampakkam  (P)  And  (R.V)  Ward  1  thai  moogambigai  nagar  , 2.Madampakkam  (P)  And  (R.V)  Ward  3  kalaignar  st  , 3.Madampakkam  (P)  And  (R.V)  Ward  3  thiru.vi.ka.st, 4.Madampakkam  (P)  And  (R.V)  Ward  3  Kannagi  St,  5.Madampakkam
(P)  And  (R.V)  Ward  3  Nehru  St  (Kakkanji  St)  ,  6.Madampakkam  (P) And  (R.V)  Ward  3  Ramalinga  Adigalar  St,  Subburayan  St, 7.Madampakkam  (P)  And  (R.V)  Ward  3  ragavendra  st,  kambar  nagar
,  8.Madampakkam  (P)  And  (R.V)  Ward  3  Vivekananda  St  , 9.Madampakkam  (P)  And  (R.V)  Ward  3  Ragevendra  St  , 10.Madampakkam  (P)  And  (R.V)  Ward  3  Bharadamada  St  , 11.Madampakkam  (P)  And  (R.V)  Ward  3  Magan  Bhava  St  , 12.Madampakkam  (P)  And  (R.V)  Ward  3  kamarajar  st,  (999)-Overseas  Electors",ALL VOTERS
432,29,432,"Panchayat Primary School, West Facing, East Wing, Madambakkam-603202","1.Madampakkam Ward 1 Rajeswari Nagar, 2.Sriperumbudur Ward 3 kayithe millath st , 3.Madampakkam (P) And (R.V) Ward 1 balaji nagar, 4.Madampakkam (P) And (R.V) Ward 3 Sivasakthi Nagar ,
(999)- Overseas Electors",ALL VOTERS
433,29,433,"Ever Bright Nursery & Primary School Building, South  wing,East Facing, Madambakkam-603202","1.Madampakkam  (P)  And  (R.V)  Ward  4  Gandhi  St  ,  2.Madampakkam
(P)  And  (R.V)  Ward  4  ambedkar  st  ,  3.Madampakkam  (P)  And  (R.V) indiragandhi  st  ,  4.Madampakkam  (P)  And  (R.V)  Ward  4  periyar  st  , 5.Madampakkam  (P)  And  (R.V)  Ward  4  srinivasa  perumal  koil  st  , 6.Madampakkam  (P)  And  (R.V)  Ward  4  kaliamman  koil  st  , 7.Madampakkam  (P)  And  (R.V)  Ward  4  Kamarajar  St  , 8.Madampakkam  (P)  And  (R.V)  Ward  4  Attupannai  St  , 9.Madampakkam  (P)  And  (R.V)  Ward  4  Kalaignar  St  , 10.Madampakkam  (P)  And  (R.V)  Ward  4  MGR  St  ,  11.Madampakkam
(P)  And  (R.V)  Ward  4  Bhuvaneswari  Nagar,  12.Madampakkam  (P) And  (R.V)  Ward  3  Church  St,  (999)-  Overseas  Electors",ALL VOTERS
434,29,434,"Ever Bright Nursery & Primary School, East Facing, North  Side, Kuthanoor,Madambakkam-603202","1.Madampakkam (P) And (R.V) Ward 4 lenin st , 2.Madampakkam (P) And (R.V) Ward 4 kayithe millath st , 3.Madampakkam (P) And (R.V) Ward 4 VOC St , 4.Madampakkam (P) And (R.V) Ward 4 thiruvalluvar st , 5.Madampakkam (P) And (R.V) Ward 4 Kambar St , 6.Madampakkam (P) And (R.V) Ward 4 senthil nagar , 7.Madampakkam (P) And (R.V) Ward 4 Manickapuram, 8.Madampakkam (P) And (R.V) Ward 4 anna st , 9.Madampakkam (P) And (R.V) Ward 4 main road kuthanoor, (999)-Overseas Electors",ALL VOTERS
435,29,435,"Anganwadi Building, North  facing, Kuthanoor","1.Madampakkam (P) And (R.V) Ward 3 main road vallalar nagar , 2.Madampakkam (P) And (R.V) Ward 4 ER Nagar , 3.Madampakkam (P) And (R.V) Ward 4 Karumariamman Koil St ,
4.Madampakkam (P) And (R.V) Ward 3 Bharathi Nagar, 5.Madampakkam (P) And (R.V) Periya Street 6.Madampakkam (P) And (R.V) Ward 3 Gandhi St, 7.Madampakkam (P) And (R.V) Ward 3 Masoothi St, 8.Madampakkam (P) And (R.V) Ward 3 Tank St,
(999)- Overseas Electors",ALL VOTERS
