sl_no,ac_code,polling_station_number,polling_station,polling_areas,polling_station_type
1,64,1,"Panchayat union Primary school, New Building Room No 8, Meppathurai 606802","1.Meppadurai (R.V) and (P)Ward 1 Old Colony North Street , 2.Meppadurai (R.V) and (P)Ward 1 Old  Colony Pillaiyar Koil Street 3.Meppadurai (R.V) and (P)Ward 1 Old  Colony East Street, 4.Meppadurai (R.V) and (P)Ward 1 Old  Colony Tank Street , 5.Meppadurai (R.V) and (P)Ward 1 Village Part  North Street 6.Meppadurai (R.V) and (P)Ward 1 Village Part Middle  Street , 7.Meppadurai (R.V) and (P)Ward 1 Village Part South Street 8.Meppadurai (R.V) and (P)Ward 1 Village Part Road Street , 9.Meppadurai (r.v) and (p)Ward 1 village part melandai street ,
10.Meppadurai (R.V) and (P)Ward 2 Village Pakuthi Mandapathu Kula Street, 11.Meppadurai (R.V) and (P)Ward 1 Village Part  Kollai Kottai Kodi 12.Meppadurai (R.V) and (P)Ward 2 Village Part  Kollai Kottai , 13.Meppadurai (R.V) and (P)Ward 2 New Arijana Colony East Street 14.Meppadurai (R.V) and (P)Ward 2 New Arijana Colony Straight Street, 15.Meppadurai (R.V) and (P)Ward 2 New Arijana Colony North Street 16.Meppadurai (R.V) and (P)Ward 2 New Arjana Colony Middle  Street , 17.Meppadurai (R.V) and (P)Ward 2 New Arijana Colony New Tank Street , 18.Meppadurai (R.V) and (P)Ward 2 New Arijana Colony Old Tank Street , 999.OVERSEAS ELECTORS",All Voters
2,64,2,"Panchayat union Primary school, New Building Room No 9,Kizhathur 606802","1.Kizhathur (R.V) and (P)Ward 2 Kizhathur Kollai Kottai , 2.Kizhathur (R.V) and (P)Ward 2 Kizhathur East Street , 3.Kizhathuri (R.V) and (P)Ward 2 Kizhathur Pillaiyar Koil Street , 4.Kizhathur (r.v) and (p)Ward 2 kizhathur nadhu street , 5.Kizhathur (R.V) and (P)Ward 2 Kizhathur Pallikuda Street , 6.Kizhathur (R.V) and (P)Ward 2 Kizhathur Kuttamucha Koil Street ,
7.Kizhathur (R.V) and (P)Ward 2 Kizhathur East Medu M.G.R. Street, 8.Kizhathur (R.V) and (P)Ward 2 Kizhathur East Mettu Sanakulathu Oodai , 999.OVERSEAS ELECTORS",All Voters
3,64,3,"Panchayat union elementary school,Periyakalambadi &post 606802","1.Periyakilambadi (R.V) and (P)Ward 1 Andampallam , 2.Periyakilambadi (r.v) and (p)Ward 1 old street , 3.Periyakilambadi (R.V) and (P)Ward 1 Kullathumedu Street , 4.Periyakilambadi (R.V) and (P)Ward 1 Mel Street , 5.Periyakilambadi (R.V) and (P)Ward 1.2 Thundhu Street , 6.Periyakilambadi (r.v) and (p)Ward 2  new street , 7.Periyakilambadi (R.V) and (P)Ward 2 Gandhi Street , 8.Periyakilambadi (R.V) and (P)Ward 2 Road Street , 9.Periyakilambadi (r.v) and (p)Ward 2 kollaikottai , 999.OVERSEAS ELECTORS",All Voters
4,64,4,"Panchayat union primary school New building Facing North,Sirukalambadi&post 606802","1.Sirukilambadi (R.V) and (P)Ward 1 Kizh Street , 2.Sirukilambadi (r.v) and (p)Ward 1 pillaiyar koil street ,
3.Sirukilambadi (R.V) and (P)Ward 2 Thangasalai Street Mutharasampoondi , 4.Sirukilambadi (R.V) and (P)Ward 2 Mel Street  Mutharasampoondi , 5.Sirukilambadi (R.V) and (P)Ward 2 Karunanithi Street Mutharasampoondi , 6.Sirukilambadi (R.V) and (P)Ward 2 Road Street ,
7.Sirukilambadi (R.V) and (P)Ward 2 Kollakottai  , 8.Sirukilambadi (R.V) and (P)Ward 3 Sirukilambadi ,
9.Sirukilambadi (R.V) and (P)Ward 3 Sirukilambadi Arijana Colony Kizh Street, 10.Sirukilambadi (R.V) and (P)Ward 3 Sirukilambadi Arijana Colony Mel Street 11.Sirukilambadi (R.V) and (P)Ward 3 Sirukilambadi Kulathu Mettu Street , 12.Sirukilambadi (R.V) and (P)Ward 3 Sirukilampadi Road Street , 13.Sirukilambadi (R.V) and (P)Ward 3 Sirukilampadi Pillaiyar Koil Street , 14.Sirukilambadi (R.V) and (P)Ward 3 Sirukilambadi Arunthathiyar Colony , 15.Sirukilambadi (r.v) and (p)Ward 3 sirukilampadi kodikuppam road street, 999.OVERSEAS ELECTORS",All Voters
5,64,5,"Panchayat union Primary School North Part East Facing,Narthampoondi & Post 606802","1.Narthandampoondi (R.V) and (P)Ward 1 Eswaran Koil Street , 2.Narthandampoondi (R.V) and (P)Ward 1 Navithar Street , 3.Narthandampoondi (R.V) and (P)Ward 1 Yadavar Street , 4.Narthandampoondi (R.V) and (P)Ward 1 Aachari Street , 5.Narthandampoondi (R.V) and (P)Ward 2 Ramapalayam , 6.Narthandampoondi (R.V) and (P)Ward 2 Annanagar  , 999.OVERSEAS ELECTORS",All Voters
6,64,6,"Panchayat union primary school north part East Facing,Narthampoondi & Post 606802","1.Narthandampoondi (R.V) and (P)Ward 2 Mariyamman Koil Street , 2.Narthandampoondi (R.V) and (P)Ward 2 FivenurumPeettai Street , 3.Narthandampoondi (R.V) and (P)Ward 3 Road Street , 4.Narthandampoondi (R.V) and (P)Ward 3 Hosptial Street , 999.OVERSEAS ELECTORS",All Voters
7,64,7,"Panchayat union Primary School West Side South Facing Room,Narthampoondi & Post 606802","1.Narthampoondi (R.V) and (P)Ward 4 Ambethkar Nagar 1st Street , 2.Narthampoondi (R.V) and (P)Ward  4 Ambethkar Nagar 2nd Street, 3.Narthampoondi (R.V) and (P)Ward 4 Ambethkar Nagar 3rd Street , 4.Narthampoondi (R.V) and (P)Ward 3 Aandapattu Inner Street 5.Narthampoondi (R.V) and (P)Ward 3 Andapattu Pillaiyar Kovil Street ,
6.Narthampoondi (R.V) and (P)Ward 4 Kamaraj Nagar 1st Street 7.Narthampoondi (R.V) and (P)Ward 4 Kamaraj Nagar 2nd Street 8.Narthampoondi (R.V) and (P)Ward 4 Kamaraj Nagar 3rd Street 9.Narthampoondi (R.V) and (P)Ward 4 Kamarajar Nagar 6th Street 10.Narthampoondi (R.V) and (P)Ward   4 Kamarajar Nagar 8th Street , 11.Narthampoondi (R.V) and (P)Ward 4 Kamarajar Nagar Road Street 12.Narthampoondi (R.V) and (P)Ward 4 Kamarajar Nagar Inner Street , 13.Narthampoondi (R.V) and (P)Ward 4 Thillai Nagar , 14.Narthampoondi (R.V) and (P)Ward 4 Narthampoondi Kollai Kottai , 15.Narthampoondi (R.V) and (P)Ward 5 Chitheri ,
999.OVERSEAS ELECTORS",All Voters
8,64,8,"Panchayat union Primary School East Side South Face Room,Narthampoondi & Post 606802","1.Narthampoondi (R.V) and (P)Ward 4 Ambethkar Nagar Straight Street , 2.Narthampoondi (R.V) and (P)Ward 4 Ambethkar Nagar Pallikuda Street , 3.Narthampoondi (R.V) and (P)Ward 4 Ambethkar Nagar Pillaiyar Kovil Street , 4.Narthampoondi (R.V) and (P)Ward 4 Ambethkar Nagar 1st Street , 5.Narthampoondi (R.V) and (P)Ward 4 Ambethkar Nagar 2nd Street , 6.Narthampoondi (R.V) and (P)Ward 4 Ambethkar Nagar 3rd Street , 7.Narthampoondi (R.V) and (P)Ward  4 Ambethkar Nagar 4th Street 8.Narthampoondi (R.V) and (P)Ward 5 New Nellimedhu Big Street , 9.Narthampoondi (R.V) and (P)Ward 5 New Nellimedhu Small Street, 10.Narthampoondi (R.V) and (P)Ward 5 New Nellimedhu Kullathu Street , 11.Narthampoondi (R.V) and (P)Ward 5 New Nellimedhu Arunthathiyar Street , 12.Narthampoondi (R.V) and (P)Ward 5 New Nellimedhu Kollai Kottai, 13.Narthampoondi (R.V) and (P)Ward 5 Old Nellimedhu North Street, 14.Narthampoondi (R.V) and (P)Ward 5 Old Nellimedhu Pillaiyar Koil Street , 15.Narthampoondi (R.V) and (P)Ward 5 Old Nellimedhu Kollai Kottai , 999.OVERSEAS ELECTORS",All Voters
9,64,9,"Panchayat union primary school East Building,Muniyappanthangal Vadapuzhudiur post 606802","1.Vadapuzhuthiyur (R.V) And (P)Ward 2 North Street , 2.Vadapuzhuthiyur (r.v) and (p)Ward 2 muniyappanthangal street , 3.Vadapuzhuthiyur (R.V) And (P)Ward 3 Mayabajarkulam  , 4.Vadapuzhuthiyur (r.v) and (p)Ward 3 mettu street , 5.Vadapuzhuthiyur (r.v) and (p)Ward 3 kulathumettu street , 6.Vadapuzhuthiyur (R.V) And (P)Ward 2 Mel Street , 7.Vadapuzhuthiyur (R.V) And (P)Ward 2 South Street , 8.Vadapuzhuthiyur (R.V) And (P)Ward 2 Kanakkar Street , 9.Vadapuzhuthiyur (R.V) And (P)Ward 2 Vadapuzhuthiyur Salai , 10.Vadapuzhuthiyur (R.V) And (P)Ward 2 Thideerkuppam , 11.Vadapuzhuthiyur (R.V) And (P)Ward 2 C C Road , 12.Vadapuzhuthiyur (R.V) And (P)Ward 3 Madha Koil Street, 999.OVERSEAS ELECTORS",All Voters
10,64,10,"Panchayat union primary school west part,Vadapuzhudiur post 606802","1.Vadapuzhuthiyur (R.V) And (P)Ward 1 North Street 1 , 2.Vadapuzhuthiyur (R.V) And (P)Ward 1 Bajanai Koil Street , 3.Vadapuzhuthiyur (R.V) And (P)Ward 1 Kodi Street , 4.Vadapuzhuthiyur (R.V) And (P)Ward 1 Pillaiyar Koil Street , 5.Vadapuzhuthiyur (R.V) And (P)Ward 1 Athiyakuttai Street 1 , 6.Vadapuzhuthiyur (R.V) And (P)Ward 1 Thoppu , 7.Vadapuzhuthiyur (R.V) And (P)Ward 3 Ganthipuram , 8.Vadapuzhuthiyur (R.V) And (P)Ward 3 Narthanpoondi Salai , 9.Vadapuzhuthiyur (R.V) And (P)Ward 1 Athiyakuttai Street 2 , 10.Vadapuzhuthiyur (R.V) And (P)Ward 1 North Street 2 , 11.Vadapuzhuthiyur (R.V) And (P)Ward 1 Sudukadu Street , 12.Vadapuzhuthiyur (R.V) And (P)Ward 1 Erikkarai Street , 999.OVERSEAS ELECTORS",All Voters
11,64,11,"Panchayat union primary school SSA building,Nayudumangalam village & Post 606802","1.Naidumanglam (r.v) and (p)Ward  3 agaram street , 2.Naidumanglam (R.V) And (P)Ward 2 Pillaiyar Koil Street , 3.Naidumanglam (R.V) And (P)Ward 2 Chetti Street , 4.Naidumanglam (R.V) And (P)Ward  2&3 Madhakoil Street , 5.Naidumanglam (R.V) And (P)Ward  3 Agharam Colony , 6.Naidumanglam (R.V) And (P)Ward 2 Erular Colony , 999.OVERSEAS ELECTORS",All Voters
12,64,12,"Panchayat union Primary School North Side New building East South Facing Room Part,Nayudumangalam village & Post 606802","1.Naidumanglam (R.V) And (P)Ward 3 Road Street , 2.Naidumanglam (R.V) And (P)Ward 2 Mettu Colony , 3.Naidumanglam (r.v) and (p)Ward 2 sodakadai street , 4.Naidumanglam (r.v) and (p)Ward 3 c.c. road , 5.Naidumanglam (R.V) And (P)Ward 3 Porkkunam Salai , 6.Naidumanglam (R.V) And (P)Ward 3 Railway Road , 7.Naidumanglam (R.V) And (P)Ward 3 Narthampoondi Salai ,
8.Naidumanglam (R.V) And (P)Ward 3 Agharam Chippanthi Koot Raod , 9.Naidumanglam (R.V) And (P)Ward 3 Agharathamman koil Street , 10.Naidumanglam (R.V) And (P)Ward 3 Rice Mill Street , 11.Naidumanglam (R.V) And (P)Ward 3 Vasantha Puram , 12.Naidumanglam (R.V) And (P)Ward 3 Jalli Kuzhi Medu , 999.OVERSEAS ELECTORS",All Voters
13,64,13,"Panchayat union middle school West partSSA Building,Porkunam village &post 606802","1.Porkunam (R.V) And (P)Ward 2 Dhanakottipuram Road Street ,
2.Porkunam (R.V) And (P)Ward 3 Dhanakoothipuram Ppillaiyar Koil Street ,
3.Porkunam (R.V) And (P)Ward 3 Dhanakottipuram School Street ,
4.Porkunam (R.V) And (P)Ward 3 Vadavandai Street , 999.OVERSEAS ELECTORS",All Voters
14,64,14,"Panchayat union Middle school South facing East part,Porkunam village &post 606802","1.Porkunam (R.V) And (P)Ward 1 Adithiravidar Colony Road Street 2 .Porkunam (R.V) And (P)Ward 1 Palla Colony ,
3.Porkunam (R.V) And (P)Ward 1 Vadavandai Street ,
4.Porkunam (R.V) And (P)Ward 1  Pillaiyar Koil Street ,
5.Porkunam (R.V) And (P)Ward 1 Mettu Street ,
6.Porkunam (R.V) And (P)Ward 2 Thannikinathu Street ,
7.Porkunam (R.V) And (P)Ward 2 Oda Street ,
8.Porkunam (R.V) And (P)Ward 2 New Colony First Street ,
9.Porkunam (R.V) And (P)Ward 2 Pudhu Colony 2nd Street , 10.Porkunam (R.V) And (P)Ward 2 Pudhu Colony 3rd Street , 11.Porkunam (R.V) And (P)Ward 2 Pudhu Colony 4th Street , 12.Porkunam (R.V) And (P)Ward 2 Arunthithayar Colony , 13.Porkunam (R.V) And (P)Ward 3 Karapallam , 999.OVERSEAS ELECTORS",All Voters
15,64,15,"Panchayat union primary school east part. South Facing,Porkunam village &post 606802","1.Porkunam (R.V) And (P)Ward  2 Pudhu Pettai ,
2.Porkunam (R.V) And (P)Ward 1 Road Street ,
3.Porkunam (R.V) And (P)Ward 3 Vasathapuram ,
4.Porkunam (R.V) And (P)Ward 1 School Street ,
5.Porkunam (R.V) And (P)Ward 1 Pillaiyarkovil Street ,
6.Porkunam (R.V) And (P)Ward 3 Lakshmipuram ,
7.Porkunam (R.V) And (P)Ward 3 Kamalaputhur Salai ,
8.Porkunam (R.V) And (P)Ward 2 North Kollai Kotta ,
9.Porkunam (R.V) And (P)Ward 3 South Kollai Kotta , 999.OVERSEAS ELECTORS",All Voters
16,64,16,"Panchayat union primary school new building north part,Salaiyanur village &post 606751","1.Saalayanur  (R.V) And (P)Ward1 Mel Street , 2.Saalayanur  (R.V) And (P)Ward  1 Pallikuda Street , 3.Saalayanur  (R.V) And (P)Ward 1 Thundhu Street , 4.Saalayanur  (R.V) And (P)Ward 1.2 Kizh Street , 5.Saalayanur  (R.V) And (P)Ward 2 Pattai Street , 6.Saalayanur  (R.V) And (P)Ward 2 Kaliyappanainar Kotta , 7.Saalayanur  (R.V) And (P)Ward 2 Sunammpu Street , 999.OVERSEAS ELECTORS",All Voters
17,64,17,"Panchayat union primary school new building south,Salaiyanur village & post 606751","1.Salayanur (R.V) And (P)Ward 2 Colony Pillaiyar Kovil Street , 2.Salayanur (R.V) And (P)Ward 2 Colony Santhu Street , 3.Salayanur (R.V) And (P)Ward 3 Colony New Street 4.Salayanur (r.v) and (p)Ward 3 sakthi nagar ,
5.Salayanur (R.V) And (P)Ward 3 Sankaranpallayam , 999.OVERSEAS ELECTORS",All Voters
18,64,18,"Grama Sevai Maiyam Building West Facing,M N Palayam H O Pudhupalayam Post 606751","1.Mallappanaiyakanpallayam  (R.V) And (P)Ward1 Mallappanaiyakanpallayam Mathura Puthupalli ,
999.OVERSEAS ELECTORS",All Voters
19,64,19,"Panchayat union primary school, West  Building East Facing  M N Palayam HO Pudhupalayam Post 606751","1.Mallappanaiyakanpallayam  (R.V) And (P)Ward 1 Edapalayam , 2.Mallappanaiyakanpallayam  (R.V) And (P)Ward 2 Athithiravidar Colony , 3.Mallappanaiyakanpallayam  (R.V) And (P)Ward 2 Main Road , 4.Mallappanaiyakanpallayam  (R.V) And (P)Ward 2 ThirumaniKudu, 999.OVERSEAS ELECTORS",All Voters
20,64,20,"Panchayat Union Elementary school Additional Building Facing East,Kargonam &post 606751","1.Karkonam (R.V) and (P)Ward 1 Thiralapathi Amman Koil Street
2.Karkonam (R.V) and (P)Ward 1 Big Street , 999.OVERSEAS ELECTORS",All Voters
21,64,21,"Panchayat union elementary school Facing South,Kargonam & Post 606751","1.Karkonam (R.V) and (P)Ward 2 Annanagar Road ,
2.Karkonam (R.V) and (P)Ward 2 Annanagar  ,
3.Karkonam (R.V) and (P)Ward 2 Kuttaikarai ,
4.Karkonam (R.V) and (P)Ward 2 Medu Karkonam ,
5.Karkonam (R.V) and (P)Ward 2 MGR Nagar , 999.OVERSEAS ELECTORS",All Voters
22,64,22,"Aided primary school new building,Kovur post 606751","1.Kovoor (R.V) and (P)Ward 1 Road Street ,
2.Kovoor (R.V) and (P)Ward 1 Kulathu Street, 3.Kovur(r.v) &(p)Ward Tank Street ,
4.Kovoor (R.V) and (P)Ward 2 Sethuvalai ,
5.Kovoor (R.V) and (P)Ward 2 Kalangal ,
6.Kovoor (R.V) and (P)Ward 2 J J Nagar ,
7.Kovoor (R.V) and (P)Ward 2 Amman Thangal , 999.OVERSEAS ELECTORS",All Voters
23,64,23,"Panchayat union middle schoolNew Building Office Room Facing East,Kamalaputhur post 606751","1.Kamalapudhur (R.V) And (P)Ward 1 Pillaiyar Kovil Street , 2.Kamalapudhur (R.V) And (P)Ward 1 Thruvupathiamman Kovil Street , 3.Kamalapudhur (R.V) And (P)Ward 1 Road Street ,
4.Kamalapudhur (R.V) And (P)Ward 2 Uppu Kuttai , 999.OVERSEAS ELECTORS",All Voters
24,64,24,"Panchayat union middle school,Kamalaputhur post 606751","1.Kamalapudhur (R.V) And (P)Ward 1 Old Colony , 2.Kamalapudhur (R.V) And (P)Ward 2 New Colony , 3.Kamalapudhur (R.V) And (P)Ward 2 Kalikapuram , 4.Kamalapudhur (R.V) And (P)Ward 2 Karisanakullam , 999.OVERSEAS ELECTORS",All Voters
25,64,25,"Narayanaswamy reddiyar govt high school east Wing Main Building facing South,Arpakkam part & post 606752","1.Arapakkam  (R.V And (P)Ward 1 Pallikuda Street , 2.Arapakkam  (R.V And (P)Ward 1 Ooda Street ,
3.Arapakkam  (R.V And (P)Ward 2 Ooda Street Kurukku Santhu, 4.Arapakkam  (R.V And (P)Ward 2 Society Street ,
5.Arapakkam  (R.V And (P)Ward 2 Main Road , 6.Arapakkam  (R.V And (P)Ward 2 Sunikkara Street , 7.Arapakkam  (R.V And (P)Ward2 Reddiyar Street , 8.Arapakkam  (R.V And (P)Ward 4 Rajagopal Puravadai , 9.Arapakkam  (R.V And (P)Ward 5 Udukai Puravadai , 10.Arapakkam  (R.V And (P)Ward 4 Erullar Colony , 999.OVERSEAS ELECTORS",All Voters
26,64,26,"Narayanaswamy Reddiyar govt high school Addtional 3rd Room S S A Building North Part East Facing Room,Arpakkam part & post 606752","1.Arapakkam  (R.V And (P)Ward 2 Murukar Kovil Street , 2.Arapakkam  (R.V And (P)Ward 3 Oothavadai Street , 3.Arapakkam  (R.V And (P)Ward 2 Arasamara Street , 4.Arapakkam  (R.V And (P)Ward 2 Konnar Street , 5.Arapakkam  (R.V And (P)Ward 2 Karunikar Street , 6.Arapakkam  (R.V And (P)Ward 2 Pillaiyar Kovil Street , 7.Arapakkam  (R.V And (P)Ward 2 Alamara Street , 8.Arapakkam  (R.V And (P)Ward 2 Kuddathar Kovil , 9.Arapakkam  (R.V And (P)Ward 5 Ethuparai 2nd Street , 10.Arapakkam  (R.V And (P)Ward 5 Ethuparai 1Street , 11.Arapakkam  (R.V And (P)Ward 5 Amanthaikarai , 999.OVERSEAS ELECTORS",All Voters
27,64,27,"Narayanasamy rediyar govt high schoolMain Building Centre Wing facing south,Arpakkam & post 606752","1.Arpakkam (R.V) And (P)Ward 4 Colony Mettu Street ,
2.Arpakkam (R.V) And (P)Ward 3 Pampatti Street ,
3.Arpakkam (R.V) And (P)Ward 3 Tank Street ,
4.Arpakkam (R.V) And (P)Ward 4 R.C.M Palli Street ,
5.Arpakkam (r.v) and (p)Ward 3 colony main road ,
6.Arpakkam (R.V) And (P)Ward 3 Thampidi Street ,
7.Arpakkam (R.V) And (P)Ward 3 Raman Street ,
8.Arpakkam (R.V) And (P)Ward 3 Colony Pillaiyar Kovil Street , 999.OVERSEAS ELECTORS",All Voters
28,64,28,"Narayanasamy rediyar govt high schoolAddtional SSa Building East Facing,Arpakkam & post 606752","1.Arpakkam (R.V) And (P)Ward 3 Thanner Kinatru Street ,
2.Arpakkam (R.V) And (P)Ward 3 Madhakovil Street ,
3.Arpakkam (R.V) And (P)Ward 3 Kodi Street ,
4.Arpakkam (R.V) And (P)Ward 3 Kariyagounder Puravadai ,
5.Arpakkam (R.V) And (P)Ward 3 Madhakovil 1st Street ,
6.Arpakkam (R.V) And (P)Ward 3 Madha Kovil 2nd Street ,
7.Arpakkam (R.V) And (P)Ward 3 Ammavasai Gounder Puravadai
8.Arpakkam (R.V) And (P)Ward 2 Kamalaputhur Main Road ,
9.Arpakkam (R.V) And (P)Ward 5 J.J.Nagar , 10.Arpakkam (R.V) And (P)Ward 5 Mayankulam , 11.Arpakkam (R.V) And (P)Ward 5 Kollaimeddu Street , 999.OVERSEAS ELECTORS",All Voters
29,64,29,"Roman katholic middle school West wing North Facing,Pudhamangalam & post 606902","1.Boodhamanglam (r.v) and (p)Ward1 pillaiyar kovil street , 2.Boodhamanglam (R.V) And (P)Ward 1  Eswaran Kovil Street , 3.Boodhamanglam (R.V) And (P)Ward 1 Malaimettu Street , 4.Boodhamanglam (R.V) And (P)Ward 1 Maniakkara Street , 5.Boodhamanglam (R.V) And (P)Ward 1 Udaiyar Street , 6.Boodhamanglam (R.V) And (P)Ward 1 Oothavadai Street , 7.Boodhamanglam (R.V) And (P)Ward 1 Amman Kovil Street , 8.Boodhamanglam (R.V) And (P)Ward 1 Eari Street , 9.Boodhamanglam (R.V) And (P)Ward 1 Perumal Kovil Street , 10.Boodhamanglam (R.V) And (P)Ward 1 Pachani Kovil Street , 11.Boodhamanglam (R.V) And (P)Ward 1 Malai Perumal Kovil Street,
999.OVERSEAS ELECTORS",All Voters
30,64,30,"Ropman katholic Aided middle school East wing South Facing,Pudhamangalam village & Post 606902","1.Boodhamanglam (R.V) And (P)Ward 2 Madhakovil Street , 2.Boodhamanglam (R.V) And (P)Ward 2 Colony Pillaiyar Kovil Street , 3.Boodhamanglam (R.V) And (P)Ward 2 Tank 1st Street , 4.Boodhamanglam (R.V) And (P)Ward 2 Tank 2nd Street , 5.Boodhamanglam (R.V) And (P)Ward 2 Kuyavan Puravadai , 6.Boodhamanglam (R.V) And (P)Ward 2 Kottakaran Puravadai , 7.Boodhamanglam (R.V) And (P)Ward 2 Mannampatti Road Street, 8.Boodhamanglam (R.V) And (P)Ward 2 Mannampatti , 999.OVERSEAS ELECTORS",All Voters
31,64,31,"Panchayat Union Elementary School South Facing Room,Samanthiyapuram H.O Pudhamangalam village & post 606902","1.Boodhamanglam (R.V) And (P)Ward 2 Thanthan Puravadai , 2.Boodhamanglam (R.V) And (P)Ward 2 Kutta Karai , 3.Boodhamanglam (R.V) And (P)Ward 2 Pillu Kallu Puravadai , 4.Boodhamanglam (R.V) And (P)Ward 2 Samanthipuram , 5.Boodhamanglam (R.V) And (P)Ward 2 Ananthapuram , 6.Boodhamanglam (r.v) and (p)Ward 3 korakkanthangal , 7.Boodhamanglam (R.V) And (P)Ward 2 Vediyappan Thangal , 999.OVERSEAS ELECTORS",All Voters
32,64,32,"Govt High School, Additional building
, South facing, H O Anandhal Boodhamangalam post 606902","1.Boodhamangalam (R.V) And (P)Ward 2 Patti North Street , 2.Boodhamangalam (R.V) And (P)Ward 2 Pillaiyar Kovil Street 1 , 3.Boodhamangalam (R.V) And (P)Ward 2 Pillaiyar Kovil Street 2 , 4.Boodhamangalam (R.V) And (P)Ward 2 Patti Kizh Street , 5.Boodhamangalam (R.V) And (P)Ward 3 Ananthal Kizh Street , 6.Boodhamangalam (R.V) And (P)Ward 3 Ananthal Mel Street , 7.Boodhamangalam (rv) and (p)Ward 3 kovil street , 8.Boodhamangalam (R.V) And (P)Ward 3 Kanni Gounder Street , 9.Boodhamangalam (R.V) And (P)Ward 3 Musilm Street , 10.Boodhamangalam (R.V) And (P)Ward 3 Road Street , 11.Boodhamangalam (R.V) And (P)Ward 3 Kosa Street , 12.Boodhamangalam (R.V) And (P)Ward 3 Puthur , 999.OVERSEAS ELECTORS",All Voters
33,64,33,"Govt High SchoolSouth FacingNorth Building,Pudhamangalam H O Anandhal post 606902","1.Boodhamangalam (R.V) And (P)Ward 1 Ananthal Colony , 2.Boodhamangalam (r.v) and (p)Ward 4 ananthal ko.puravadai street 1 , 3.Boodhamangalam (R.V) And (P)Ward 4 Kalarpalayam , 4.Boodhamangalam (R.V) And (P)Ward 4 Kanni Nagar , 5.Boodhamangalam (R.V) And (P)Ward 4 Ponni Nagar , 6.Boodhamangalam (R.V) And (P)Ward 4 J.J. Nagar ,
7.Boodhamangalam (R.V) And (P)Ward 4 Ananthal Ko.Puravadai Street 2 , 999.OVERSEAS ELECTORS",All Voters
34,64,34,"Panchayat union Primary school south part West facing,Boothamangalam H O Post 606752","1.Durkam (R.V) Boodhamangalam (P)Ward 4 Durkkam Village North Street ,
2.Durkam (R.V) Boodhamangalam (P)Ward 4 Durkkam Pachanikovil Street ,
3.Durkam (R.V) Boodhamangalam (P)Ward 4 Durgam Kurukku Street ,
4.Durkam (R.V) Boodhamangalam (P)Ward 4 Durkam Kizh Street
5.Durkam (R.V) Boodhamangalam (P)Ward 4 Durkam Chettiyar Street ,
6.Durkam (R.V) Boodhamangalam (P)Ward 4 Durkam Road Street 999.OVERSEAS ELECTORS",All Voters
35,64,35,"Panchayat unionMiddle school Addtional Building West Facing Room North Part,Boothamangalam H O Boiyanandal 606752","1.Poiannanthal (R.V) And Boodhamangalam (P)Ward 5 Ganesapuram , 2.Poiannanthal (R.V) And Boodhamangalam (P)Ward 5 Poiannanthal Road Street , 3.Poiannanthal (R.V) And Boodhamangalam (P)Ward 5 Poiannanthal , 4.Poiannanthal (R.V) And Boodhamangalam (P)Ward 5 Poianandal Puthur , 5.Poiannanthal (R.V) And Boodhamangalam (P)Ward 5 NathaKollai , 6.Poiannanthal (R.V) And Boodhamangalam (P)Ward 5 Mullainagar Street 1 , 7.Poiannanthal (R.V) And Boodhamangalam (P)Ward 5 Mullainagar Street 2 , 999.OVERSEAS ELECTORS",All Voters
36,64,36,"Panchayat Union Elementary School East building South Wing Facing west,Vedanthavadi village & post 606752","1.Vedanthavadi (R.V) And (P)Ward 1 Poochari Street , 2.Vedanthavadi (R.V) And (P)Ward 1 Kuthandavar Koil Street , 3.Vedanthavadi (R.V) And (P)Ward 1 Murukan Kovil Street , 4.Vedanthavadi (R.V) And (P)Ward 1 Setti Street , 5.Vedanthavadi (R.V) And (P)Ward 1 Kulla Street ,
6.Vedanthavadi (R.V) And (P)Ward 1 Mukamariyamman Kovil Street , 7.Vedanthavadi (R.V) And (P)Ward 1 Thankollai ,
8.Vedanthavadi (R.V) And (P)Ward 1 Oodakaraipuravadai , 9.Vedanthavadi (R.V) And (P)Ward 1 Arpakkam Salai , 10.Vedanthavadi (R.V) And (P)Ward 1 Eessankattarpuravadai , 11.Vedanthavadi (R.V) And (P)Ward 1 Thanjan Puravadai , 12.Vedanthavadi (R.V) And (P)Ward 1 Poiannanthalar Puravaradai , 13.Vedanthavadi (R.V) And (P)Ward 1 Poochari Puravadai , 14.Vedanthavadi (R.V) And (P)Ward 1 Pothamangalam Salai , 15.Vedanthavadi (R.V) And (P)Ward 1 Vediyappan Puravadai , 16.Vedanthavadi (r.v) and (p)Ward 1 kuthandavar purvadai , 17.Vedanthavadi (R.V) And (P)Ward 1 Mariyamman Kovil Street , 18.Vedanthavadi (R.V) And (P)Ward 1 Mariyamman Kovil Northside , 19.Vedanthavadi (R.V) And (P)Ward 1 Erumpundiyar Puravadai , 999.OVERSEAS ELECTORS",All Voters
37,64,37,"Panchayat union elementary school East building North part facing west,Vedanthavadi village & post 606752","1.Vedanthavadi (R.V) And (P)Ward 2 Mettu Street , 2.Vedanthavadi (R.V) And (P)Ward 2 Sannathi Street , 3.Vedanthavadi (R.V) And (P)Ward 2 Amman Kovil Street , 4.Vedanthavadi (R.V) And (P)Ward 2 Mottakodi Street , 5.Vedanthavadi (R.V) And (P)Ward 2 Avallurpettai Salai , 6.Vedanthavadi (R.V) And (P)Ward 2 Pandithar Street , 7.Vedanthavadi (R.V) And (P)Ward 2 Palla Street , 8.Vedanthavadi (r.v) and (p)Ward 2 santhu kinattru street , 9.Vedanthavadi (R.V) And (P)Ward 2 Karunikar Street , 10.Vedanthavadi (R.V) And (P)Ward 2 Aachari Street , 11.Vedanthavadi (R.V) And (P)Ward 2 Pillaiyar Kovil Street , 12.Vedanthavadi (R.V) And (P)Ward 2 Road Street , 999.OVERSEAS ELECTORS",All Voters
38,64,38,"Panchyath Union Primary School, West side, South Wing North Biulding, west facing,Vedanthavadi village & post 606752","1.Vedanthavadi (r.v) and (p)Ward1 pachanai kovil street ,
2.Vedanthavadi (R.V) And (P)Ward 3 Anjalaka Street , 3.Vedanthavadi (R.V) And (P)Ward 3 Mattukaran Street , 4.Vedanthavadi (R.V) And (P)Ward 3 Natesagounder Street , 5.Vedanthavadi (R.V) And (P)Ward 3 Santhapillai Street , 6.Vedanthavadi (R.V) And (P)Ward 3 Old Colony Street ,
7.Vedanthavadi (R.V) And (P)Ward 3  Newcolony Andavar Kovil Street , 8.Vedanthavadi (R.V) And (P)Ward 3 Pallikuda Street ,
9.Vedanthavadi (R.V) And (P)Ward 3 Colony Mettu Street , 10.Vedanthavadi (R.V) And (P)Ward 3 Colony Kurukku Street , 11.Vedanthavadi (R.V) And (P)Ward 3 Colony Kurukku Street , 12.Vedanthavadi (R.V) And (P)Ward 1 Poiananthalar puravadai , 13.Vedanthavadi (R.V) And (P)Ward 3 Mallareddi Oodai Kudroad , 14.Vedanthavadi (R.V) And (P)Ward 3 Puthukullam Dharumasthalam ,
999.OVERSEAS ELECTORS",All Voters
39,64,39,"Panchayat union elementary west building school South part East facing,Vedanthavadi village & post 606752","1.Vedanthavadi  (R.V) And (P)Ward 4  Kadduvanaththam Era Ethuvay , 2.Vedanthavadi  (R.V) And (P)Ward  4 Kadduvanatham Mettu street , 3.Vedanthavadi  (r.v) and (p)Ward  4  kadduvantham pillayar koil street , 4.Vedanthavadi  (R.V) And (P)Ward 4  Veerappan Koil Street , 5.Vedanthavadi  (R.V) And (P)Ward  4  Santhal ,
6.Vedanthavadi  (R.V) And (P)Ward  4   Kadduvantham   Pallastreet , 7.Vedanthavadi  (R.V) And (P)Ward 4   Koththanthavad  Kudroad , 8.Vedanthavadi  (R.V) And (P)Ward  4  Neykun  Meriku Street , 9.Vedanthavadi  (R.V) And (P)Ward 4   Vedanthavadi  Salai , 10.Vedanthavadi  (R.V) And (P)Ward  4  Neyku Theriku Street , 11.Vedanthavadi  (R.V) And (P)Ward 4  Neyku Nadu Street , 12.Vedanthavadi  (R.V) And (P)Ward 4  Neyku North Street , 13.Vedanthavadi  (R.V) And (P)Ward  4   Ammavasai Puravadai , 14.Vedanthavadi  (R.V) And (P)Ward 4  Raja Kulam ,
15.Vedanthavadi  (R.V) And (P)Ward 4  Vijaya Nakar Pillayar  Koil Street , 16.Vedanthavadi  (R.V) And (P)Ward 4  Vijaya Nakar  Mettu Street , 17.Vedanthavadi  (R.V) And (P)Ward 4  Kuyavan Kuddi ,
18.Vedanthavadi  (R.V) And (P)Ward 4  Ooththukudidai , 999.OVERSEAS ELECTORS",All Voters
40,64,40,"Panchayat Union Elementary school west building North Wing facing east,Vedanthavadi village & post 606752","1.Vedanthavadi  (R.V) And (P)Ward 4  Manna Kulam , 2.Vedanthavadi  (R.V) And (P)Ward 4  Vinayakapuram , 3.Vedanthavadi  (R.V) And (P)Ward  4  Eri Kodi , 4.Vedanthavadi  (R.V) And (P)Ward 4   Paddi kolla , 5.Vedanthavadi  (R.V) And (P)Ward 4  Meremettu , 6.Vedanthavadi  (R.V) And (P)Ward 5  Mantharakali  Puravadaai 7.Vedanthavadi  (R.V) And (P)Ward 5   Ayyanarappan Puradai , 8.Vedanthavadi  (R.V) And (P)Ward  5  Poothamangalam   Salai
9.Vedanthavadi  (R.V) And (P)Ward  5    V.I Kuppam  Reddayar Street , 10.Vedanthavadi  (R.V) And (P)Ward 5   Mariyamman Koil Street 11.Vedanthavadi  (R.V) And (P)Ward 5   V.I kuppam Main Road, 12.Vedanthavadi  (R.V) And (P)Ward 5  Colony Pillayar Koil Street , 13.Vedanthavadi  (R.V) And (P)Ward 5    Kinariru  Street , 14.Vedanthavadi  (R.V) And (P)Ward 5 Colony Therkku Street , 15.Vedanthavadi  (R.V) And (P)Ward 5  EreEthuvay Puradai , 16.Vedanthavadi  (R.V) And (P)Ward 5  Aarippakagam  Salai , 17.Vedanthavadi  (R.V) And (P)Ward  5  Krishna   Nagar , 18.Vedanthavadi  (R.V) And (P)Ward 5  Reddiyan Puradai , 19.Vedanthavadi  (R.V) And (P)Ward 5 Utththangal ,
20.Vedanthavadi  (R.V) And (P)Ward 5  Oodai Street , 999.OVERSEAS ELECTORS",All Voters
41,64,41,"Govt hr sec school South Part New building Room No:8facing North,Mangalam village & post 606752","1.Manglam (R.V) And (P)Ward 1  Akaram  Street ,
2.Manglam (R.V) And (P)Ward 1 Akara Kurkku Street ,
3.Manglam (R.V) And (P)Ward 1 Manimangalam  Salai ,
4.Manglam (R.V) And (P)Erikodi  Street  Kurkku  2st  Street ,
5.Manglam (r.v) and (p)Ward  1  erikodi street ,
6.Manglam (R.V) And (P)Ward 1   Erikodi Kurkku 3th  Street ,
7.Manglam (r.v) and (p)Ward 1 vannara street ,
8.Manglam (R.V) And (P)Ward  1  Thasa Kurkku   1st Street ,
9.Manglam (R.V) And (P)Ward  1 Thassa street ,
10.Manglam (R.V) And (P)Ward  1 Thassa Kurkku   2st  Street ,
11.Manglam (R.V) And (P)Ward  1  Tharmaraja Koil Street ,
12.Manglam (R.V) And (P)Ward  1  Potharaja Koil Street ,
13.Manglam (r.v) and (p)Ward  1 &2  bajanai koil street ,
14.Manglam (R.V) And (P)Ward 1   Bajanai Koil Kurkku 1st  Street ,
15.Manglam (R.V) And (P)Ward  1  Bajanai Koil  Kurkku  2st  Street ,
16.Manglam (R.V) And (P)Ward  1   Savadi  Street ,
17.Manglam (R.V) And (P)Ward  1 Padduchede Street ,
18.Manglam (R.V) And (P)Ward  1 Sannathi   Street ,
19.Manglam (R.V) And (P)Ward 1 Sannathi Kurukku Street , 999.OVERSEAS ELECTORS",All Voters
42,64,42,"Govt hr sec school South SideNew building Roon No.7facing North,Mangalam village & post 606752","1.Manglam (R.V) And (P)Ward 1 Kizhandai Street 1 ,
2.Manglam (R.V) And (P)Ward 2 Kizhandai Street 2 ,
3.Manglam (R.V) And (P)Ward 1 Kizhandai Street 3 ,
4.Manglam (R.V) And (P)Ward 1 Kizhandai Street 4 ,
5.Manglam (R.V) And (P)Ward 1 Palla Street ,
6.Manglam (R.V) And (P)Ward 1 J.J.Nagar 1 ,
7.Manglam (r.v) and (p)Ward 1 j.j.nagar 2 ,
8.Manglam (R.V) And (P)Ward 1 J.J.Nagar Muthanmai Salai ,
9.Manglam (r.v) and (p)Ward 1.2.3 mangalam avalurpettai salai
10.Manglam (R.V) And (P)Ward 2 Vel Nagar ,
11.Manglam (R.V) And (P)Ward 2 Nallathannier Kakulam ,
12.Manglam (R.V) And (P)Ward 2 Arasu Maruthuvamani Santhu,
13.Manglam (R.V) And (P)Ward 2 Kalnadai Maruthuvamani Santhu , 999.OVERSEAS ELECTORS",All Voters
43,64,43,"Govt . Hr. Sec. School West Building East Facing Center wing,Mangalam village & post 606752","1.Mangalam (R.V) and (P)Ward3 Vanithippai ,
2.Mangalam (R.V) and (P)Ward 3 Reddiyar Puravadai ,
3.Mangalam (R.V) and (P)Ward 3 Kalakuttaiyan Puravadai ,
4.Mangalam (R.V) and (P)Ward 3 Kedathangal  Cross Street ,
5.Mangalam (R.V) and (P)Ward 3 Kedathangal Main Road ,
6.Mangalam (R.V) and (P)Ward 3 Kedathangal Road ,
7.Mangalam (R.V) and (P)Ward 3 Mayangkualam Road ,
8.Mangalam (R.V) and (P)Ward 3 Kedathangal Pillaiyar Koil Street ,
9.Mangalam (R.V) and (P)Ward 3 Jambodai , 10.Mangalam (R.V) and (P)Ward 3 Thonnanthal Kuttai ,
11.Mangalam (R.V) and (P)Ward 3 Manimangalam CC Pavement , 12.Mangalam (R.V) and (P)Ward 3 Manimangalam Palvadi Street , 13.Mangalam (R.V) and (P)Ward 3 Manimangalam Mettu Street , 14.Mangalam (R.V) and (P)Ward 3 Manimangalam Pillaiyar Koil Street , 15.Mangalam (R.V) and (P)Ward 3 Manimangalam Pallikuda Street , 16.Mangalam (R.V) and (P)Ward 3 Manimangalam Murugar Koil Street , 17.Mangalam (R.V) and (P)Ward 3 Manimangalam Kalipuravadai , 999.OVERSEAS ELECTORS",All Voters
44,64,44,"Govt Hr Sec School Room No.5New Building south sideNorth facing,Mangalam village & post 606752","1.MANGALAM  (R.V) and (P)Ward 2 Bank Santhu Street ,
2.MANGALAM  (R.V) and (P)Ward  2 Colony Koiya Thoppu ,
3.MANGALAM  (R.V) and (P)Ward 2 Colony Kaliyamman Kovil North Street ,
4.MANGALAM  (R.V) and (P)Ward 2 Colony Kaliyamman Kovil Street ,
5.MANGALAM  (R.V) and (P)Ward 2 Colony Thennmara Street ,
6.MANGALAM  (R.V) and (P)Ward 2 Colony Thennamara Kurukku Street ,
7.MANGALAM  (R.V) and (P)Ward 2 Colony East Street ,
8.MANGALAM  (R.V) and (P)Ward 2 Colony Tank Street ,
9.MANGALAM  (R.V) and (P)Ward 2 Registar Office Santhu , 10.MANGALAM  (R.V) and (P)Ward 2 Colony Muniyappan Kovil , 11.MANGALAM  (R.V) and (P)Ward 2.3 Colony Pillaiyar Kovil Street , 12.MANGALAM  (R.V) and (P)Ward 3 Colony Palvadi , 13.MANGALAM  (R.V) and (P)Ward 3 Colony Ambethkar Street , 14.MANGALAM  (R.V) and (P)Ward 3 Colony Nathaikollai Street 1 , 15.MANGALAM  (R.V) and (P)Ward 3 Colony Nathaikollai Street , 999.OVERSEAS ELECTORS",All Voters
45,64,45,"Govt hr sec school South SideNew building Room No:2 facing north,Mangalam village & post 606752","1.Mangalam (RV) and (P)Ward 2, 3 Kanalapadi Road ,
2.MANGALAM  (R.V) and (P)Ward 2 Ranipettai Street ,
3.MANGALAM  (R.V) and (P)Ward 2 Pottu Mariyamman Kovil Street ,
4.MANGALAM  (R.V) and (P)Ward 2 Nathai Kollai Street 1 ,
5.Mangalam  (r.v) and (p)Ward 2 nathai kollai street 2 ,
6.MANGALAM  (R.V) and (P)Ward 2 Pottu Mariyamman Kovil 3rd Street ,
7.MANGALAM  (R.V) and (P)Ward 2 Pottu Mariyamman Kovil 4th Street ,
8.MANGALAM  (R.V) and (P)Ward 2 Nathaikollai Meddu ,
9.MANGALAM  (R.V) and (P)Ward  2 Nathaikollai 4th Street , 10.MANGALAM  (R.V) and (P)Ward 3 Kodithipai Street 1 , 11.MANGALAM  (R.V) and (P)Ward 3 Kodithipai Street  2 , 12.MANGALAM  (R.V) and (P)Ward 3 Kodithipai Street  3 , 13.MANGALAM  (R.V) and (P)Ward 4 Kodithipai Street 4 , 14.MANGALAM  (R.V) and (P)Ward 4 Kodithipai Street  5 , 15.MANGALAM  (R.V) and (P)Ward 3 Manthoppu East Street , 16.MANGALAM  (R.V) and (P)Ward  3 Oothangal Street 1 , 17.MANGALAM  (R.V) and (P)Ward 3 Uthangal Street  2 , 18.MANGALAM  (R.V) and (P)Ward  3 Uthangal Pillaiyar Kovil Street , 19.MANGALAM  (R.V) and (P)Ward  3 Uthangal Street  3 , 20.MANGALAM  (R.V) and (P)Ward 3 Uthangal Street  No 4 , 999.OVERSEAS ELECTORS",All Voters
46,64,46,"Panchayat Union Middle School West Part East Facing,Pudhur Village Mangalam Post ,606752","1.Mangalam (R.V) and  (P)Ward 4 Chinnapalananthal Renukaburam ,
2.Mangalam (R.V) and (P)Ward 4 Chinnapalananthal Renukapuram ,
3.Mangalam (R.V) and  (P)Ward 4 Chinnapalananthal Renugapuram ,
4.Mangalam (R.V) and (P)Ward 4 Kizhpalananthal Mayangulam Road ,
5.Mangalam (R.V) and  (P)Ward 4 Kizhpalanandhal Kaliyamman Koil Street ,
6.Mangalam (R.V) and  (P)Ward 4 Kizhpalananthal Kaliyamman Koil Street ,
7.Mangalam (R.V) and (P)Ward 4 Kizhpalananthal Mariyamman Koil Street ,
8.Mangalam (R.V) and (P)Ward 4 Kizhpalananthal Mariyamman Koil Street ,
9.Mangalam (R.V)  and (P)Ward 4 Kizhpalananthal School Street ,
10.Mangalam (R.V) and  (P)Ward 4 Kizhpalananthal Bagavathiyamman Koil Street , 11.Mangalam (R.V) and  (P)Ward 4 Kizhpalananthal Middle Street ,
12.Mangalam (R.V) and  (P)Ward 4 Kizhpalananthal Bajanai Koil  Street , 13.Mangalam (R.V) and (P)Ward 4 Kizhpalananthal Putheri , 14.Mangalam (R.V) and  (P)Ward 4 KIzhpalananthal  Putheri ,
15.Mangalam (R.V) and (P)Ward 4 Kizhpalananthal Kanikaran Puravadai No. 1 , 16.Mangalam (R.V) and (P)Ward 4 Kizhpalananthal Kanikaran Puraivadai No.2 , 17.Mangalam (R.V) and (P)Ward 4 Kizhpalananthal Periya Eri Street , 18.Mangalam (R.V) and  (P)Ward 4 Kizhpalananthal Erikarai Eduvai Puravadai , 19.Mangalam (R.V) and  (P)Ward 4 Ramalinganagar 1st Street ,
20.Mangalam (R.V) and (P)Ward 4 Ramalinga  Nagar 2nd Street , 21.Mangalam (R.V) and (P)Ward 4 Ramalinganagar 3rd Street , 22.Mangalam (R.V) and  (P)Ward 4 kizhpalananthal Mathuran Puravadai , 999.OVERSEAS ELECTORS",All Voters
47,64,47,"Panchayat union middle school East Face Building South Part West Facing Room,Mangalan pudhur post,606752","1.Mangalam (R.V) and (P)Ward  4   Mangalam  Puthur  Pillaiyar Koil Street ,
2.Mangalam (r.v) and (p)Ward  4   mangalam puthur middle street ,
3.Mangalam (r.v) and (p)Ward  5   mangalam  puthur sandu street ,
4.Mangalam (R.V) and (P)Ward  5  Mangalam  Puthur Annanagar 1st Street ,
5.Mangalam (R.V) and (P)Ward  5 Mangalam Puthur Annanagar  2nd St ,
6.Mangalam (R.V) and (P)Ward  5  Mangalam  Puthur Annanagar 3rd St ,
7.Mangalam (R.V) and (P)Ward  5  Mangalam  Puthru Annanagar 4th St ,
8.Mangalam (R.V) and (P)Ward 5 Mangalam Puthur Ramareddy Kulam ,
9.Mangalam (r.v) and (p0Ward 5  mangalam puthur palanthal joint road , 10.Mangalam (r.v) and (p)Ward 5   mangalam   puthur avalur pettai road, 999.OVERSEAS ELECTORS",All Voters
48,64,48,"Panchayat union middle school North Part facing West,Mangalan H O Pudur post,606752","1.Mangalam (R.V) and (P)Ward  5 Mangalam Puthur Gandhi Nagar ,
2.Mangalam (R.V) and (P)Ward 5  Santhai  Thoppu Kurukku Street ,
3.Mangalam (R.V) and (P)Ward 5 Santhai Thoppu ,
4.Mangalam (R.V) and (P)Ward  5  Santhai Thoppu Pillaiyar Koil  Street ,
5.Mangalam (R.V) and (P)Ward 5  Perumal Thangal Road ,
6.Mangalam (R.V) and (P)Ward 5 Jampothi Puravadai ,
7.Mangalam (R.V) and (P)Ward  5 Perumal  Thangal ,
8.Mangalam (R.V) and (P)Ward  5  Ammangal  Ooadi ,
9.Mangalam (R.V) and (P)Ward 5  Rantham Road ,
10.Mangalam (R.V) and (P)Ward  5  Mangalam  Puthur  Panichan Kulam , 11.Mangalam (R.V) and (P)Ward  5  Mangalam  Puthur Simi Kutti Malai , 12.Mangalam (R.V) and (P)Ward  5 Bharathi Nagar  Odai Thangal , 13.Mangalam (R.V) and (P)Ward  5  Bhrathi Nagar ,
14.Mangalam (R.V) and (P)Ward  5  Mangalam  Muslim Street , 999.OVERSEAS ELECTORS",All Voters
49,64,49,"Dhanalaksmi Aided Primary SchoolNorth partfacing east,Melpalanandhal Village & Post
,606752","1.Palananthal (r.v) and (p)Ward 1 bajanai koil street , 2.Palananthal (R.V) and  (P)Ward 1 Bajanai Koil 1st Cross Street , 3.Palananthal (R.V) and (P)Ward 1 Vannarakara Street , 4.Palananthal (R.V) and (P)Ward 1 Bajani Koil 2nd Kurukku Street , 5.Palananthal (R.V) and  (P)Ward 1 Pillaiyar Koil Street , 6.Palananthal  (R.V) and  (P)Ward 1 Pillaiyar Koil 1st Cross Street , 7.Palananthal (R.V) and (P)Ward 1 Pillaiyar Koil 2nd Cross Street , 8.Palananthal (R.V) and (P)Ward 1 Rice Mill Street ,
9.Palananthal (R.V) and (P)Ward 1 Kannadikara Street , 10.Palananthal (R.V) and  (P)Ward 2 Kulathumettu Street , 11.Palananthal (R.V) and (P)Ward 2 Kulathumettu 1st Cross Street , 12.Palananthal (R.V) and (P)Ward 2 Kulathumettu 2nd Cross Street , 13.Palananthal (R.V) and (P)Ward 2 Kulathumedu 3rd Cross Street , 14.Palananthal (R.V) and  (P)Ward 2 Kulathumedu 4th Cross Street , 15.Palananthal (R.V) and (P)Ward  2  Kulathumedu 5  Cross Street , 16.Palananthal (R.V) and  (P)Ward 2 Kulathumedu 6th Cross Street , 17.Palananthal (R.V) and  (P)Ward 2 Kulathumedu 7th Cross Street , 18.Palananthal (R.V) and  (P)Ward 2 Kulathumedu 8th Cross Street , 19.Palananthal (R.V) and  (P)Ward 2 Kulathumedu 9th Cross Street , 20.Palananthal  (R.V) and (P)Ward 2 Ganesan Kollaikotta , 999.OVERSEAS ELECTORS",All Voters
50,64,50,"Dhanalaksmi Aided Primary School South Part East Facing,Melpalanandhal village & Post
,606752","1.Palananthal (R.V) and (P)Ward 1 Palanandhal  Road , 2.Palananthal (R.V) and (P)Ward 1 Pettaiyar Street , 3.Palananthal (R.V) and (P)Ward 1 Pettaiyar 1st Cross Street , 4.Palananthal (R.V) and  (P)Ward 1 Kanachari Street , 5.Palananthal (R.V) and (P)Ward 1 Nesavukaran Puravadai , 6.Palananthal (R.V) and (P)Ward 1 Palapakkam 1st Street , 7.Palananthal (R.V) and (P)Ward 1 Palapakkam 2nd Street , 8.Palananthal (R.V) and  (P)Ward 1 Palapakkam 3rd Street , 9.Palananthal (R.V)  and  (P)Ward 1 Palapakkam 4th Street , 10.Palananthal (R.V) and  (P)Ward 2 Kottamedu Main Road , 11.Palananthal (R.V) and (P)Ward 2 Kottamedu Alamarakuttai , 12.Palananthal (R.V) and (P)Ward 2 Barathipuram East , 13.Palananthal  (R.V) and (P)Ward 2 Barathipuram Main Road , 14.Palananthal (R.V) and  (P)Ward 2 Pandurangan Puravadai ,
15.Palananthal (R.V) and  (P)Ward 2 Bharathipuram  Pillaiyar Koil  Street , 999.OVERSEAS ELECTORS",All Voters
51,64,51,"Dhanalakshmi Aided Primary School East Wing West Facing,melPalanandhal village & post 606752","1.Palananthal (R.V) and (P)Ward  3  Kannupuravadai , 2.Palananthal (R.V) and (P)Ward  3  Maniyakarar Puravadai , 3.Palananthal (R.V) and (P)Ward 3  Gopalapuram  East , 4.Palananthal  (R.V) and (P)Ward 3 Gopalapuram West , 5.Palananthal (R.V) and (P)Ward  3  North Puravadai Thangal , 6.Palananthal  (R.V) and  (P)Ward  3  Kannupuravadai  North , 7.Palananthal (R.V) and (P)Ward 3    Rantharpuram  Puravadai , 8.Palananthal  (R.V) and (P)Ward  3 Pakkiripalayam  Kondam , 9.Palananthal  (R.V) and (P)Ward 3 Pakkiripalayam , 10.Palananthal  (R.V) and  (P)Ward  3 Sooran  Kollai , 11.Palananthal  (R.V) and (P)Ward  3  Namakulam , 12.Palananthal  (R.V) and (P)Ward  3  Mayankulam Main  Road ,
13.Palananthal (R.V) and  (P)Ward  3  Mayankulam 1st Cross Street , 14.Palananthal (R.V) and  (P)Ward 3  Mayankulam 2st Cross  Street , 15.Palananthal  (R.V) and (P)Ward  3  Mayankulam  3st  Cross  Street , 999.OVERSEAS ELECTORS",All Voters
52,64,52,"Panchayat Union Primary School Old Building South facing,Velunganandhal village & post
,606802","1.Velukananthal (R.V) and (P)Ward  1 Melandai  Street , 2.Velukananthal  (R.V) and (P)Ward  1 North  Street , 3.Velukananthal  (r.v) and (p)Ward  1&2  kizhandai street , 4.Velukananthal (R.V) and  (P)Ward  2  Bajanai Koil  Street , 5.Velukananthal (R.V) and (P)Ward  2 Manthaveli   Street , 6.Velukananthal  (R.V)  and  (P)Ward  2  Mettu   Street , 7.Velukananthal (r.v)  and (p)Ward  2 kulathu street , 999.OVERSEAS ELECTORS",All Voters
53,64,53,"Panchayat Union Elementary School, Additional Building East Facing, Velunganandhal village & post
,606802","1.Velukananthal  (r.v) and  (p)Ward 2  ricemill  street , 2.Velukananthal  (R.V) and  (P)Ward 2 &3 Arunthathiyar  Colony , 3.Velukananthal  (R.V)   and  (P)Ward  2 Mathalambadi  Road , 4.Velukananthal  (R.V)  and (P)Ward  2  South Kollakotta , 5.Velukananthal  (R.V) and (P)Ward  2  Kavarakulam , 6.Velukananthal  (R.V) and (P)Ward  2  North Kolla  Kottai , 7.Velukananthal (R.V) and  (P)Ward  2  Mattaparai Road Street , 8.Velukananthal (r.v) and  (p)Ward  2  pillaiyar koil street , 9.Velukananthal  (R.V) and  (P)Ward  2  Vadavandai street , 999.OVERSEAS ELECTORS",All Voters
54,64,54,"Govt Hr. Sec.School West Part North facing,Sorakolathur village & post
,606802","1.Sorakolathur (R.V) and (P)Ward4 Small Street ,
2.Soralkolathur (R.V) and (P)Ward 5 North Street ,
3.Sorakolathur (R.V) and  (P)Ward 5 Naidumangalam to Porkunam Road , 4.Sorakolathur (R.V) and (P)Ward 5 South Street ,
5.Sorakolathur (R.V) and (P)Ward 5 South Sandu Street , 6.Sorakolathur (R.V) and  (P)Ward 5 Gounder Street , 7.Sorakolathur (R.V) and (P)Ward 4 Pattai Street , 8.Sorakolathur (R.V)  and (P)Ward 4 Kavankarai Street , 9.Sorakolathur (R.V) and (P)Ward 4 Small Street  Sandu 1 , 10.Sorakolathur (R.V)  and (P)Ward 4 Chinna Steet Sandu 2 ,
999.OVERSEAS ELECTORS",All Voters
55,64,55,"Adidravidar Welfare Primary School, North Facing, Sorakolathur village & post 606802","1.Sorakolathur (R.V) and (P)Ward 1 Pulliyamara Street , 2.Sorakolathur (R.V)  and (P)Ward 1 1st Street ,  3.Sorakolathur (R.V) and (P)Ward 2 Palvadi Street  1 , 4.Sorakolathur (R.V) and (P)Ward 2 North Street , 5.Sorakolathur (R.V) and (P)Ward 1 East Street  Sandu , 6.Sorakolathur (r.v) and (p)Ward 1 pillaiyar kovil street , 7.Sorakolathur (r.v ) and (p)Ward 1 east street  sandu , 8.Sorakolathur (R.V) and (P)Ward 1 East Street , 9.Sorakolathur (r.v) and (p)Ward 1 2nd street , 10.Sorakolathur (R.V) and (P)Ward 1 Pulliyamara  Street , 11.Sorakolathur (R.V) and (P)Ward 1 3rd Street , 12.Sorakolathur (r.v) and (p)Ward 1 pallvadi street  2 , 13.Sorakolathur (r.v) and (p)Ward 1 othavadai street , 14.Sorakolathur (R.V) and (P)Ward 1 Bazzar Street , 15.Sorakolathur (R.V) and (P)Ward 1 Bazzar Street  Santhu  1 , 16.Sorakolathur (R.V) and (P)Ward 1 Bazzar Street Sandu 2 ,
17.Sorakolathur (r.v) and (p)Ward 1 pillaiyar kovil street  sandu , 18.Sorakolathur (R.V) and (P)Ward 1 Pallikuda Street  Sandu , 19.Sorakolathur (R.V) and (P)Ward 1 Pallikuda Street , 20.Sorakolathur (R.V) and (P)Ward 3 Indira Nagar , 21.Sorakolathur (R.V) and (P)Ward 3 Kadaitheru Sandu 3 , 22.Sorakolathur (R.V) and (P)Ward 3 KadaiSt Sandu 4 , 999.OVERSEAS ELECTORS",All Voters
56,64,56,"Govt high schoolwest building facing North,Sorakolathur & post 606802","1.Sorakulathur (r.v) and (p)Ward 2 mettu street ,
2.Sorakulathur (r.v) and  (p)Ward 2 bramanar street , 3.Sorakulathur (R.V) and (P)Ward 3 Periya Street , 4.Sorakulathur (R.V) and  (P)Ward 3 Pillaiyar Koil Street , 5.Sorakulathur (R.V) and (P)Ward 3 Mudhaliyar Street , 6.Sorakulathur (R.V) and  (P)Ward  2 Porgunam Road , 7.Sorakulathur (R.V) and  (P)Ward 2 Ramapuram North Street ,
8.Sorakulathur (R.V)  and  (P)Ward 2  Ramapuram  Pillaiyar  Koil  Street , 9.Sorakulathur (R.V) and  (P)Ward 2  Ramapuram   East  Street , 10.Sorakulathur (R.V) and  (P)Ward 2  Ramapuram  South  Street , 11.Sorakulathur (R.V) and (P)Ward 2  Colony  Road ,
12.Sorakulathur (R.V) and (P)Ward 2  Ramapuram 2  Ramapuram  Road , 13.Sorakulathur  (R.V)  and (P)Ward 2  Last Street ,
14.Sorakulathur (R.V)  and (P)Ward 2 Pandithar  Street , 15.Sorakulathur  (R.V) and (P)Ward 2 Periya  Street Sandu , 16.Sorakulathur  (R.V) and (P)Ward 2 Bramanar Street Sandu , 17.Sorakulathur  (R.V) and  (P)Ward  2 Annangkuttai  Street , 18.Sorakulathur (R.V) and (P)Ward 2 Baradha Koil Street , 19.Sorakulathur (R.V) and (P)Ward 2 Kulathu Street , 20.Sorakulathur (R.V) and (P)Ward 2 Amman Koil Street , 999.OVERSEAS ELECTORS",All Voters
57,64,57,"Panchayat union primary school South Part Facing West Room,Sorakolathur H O Kariyandhal & post 606802","1.Sorakolathur (R.V) , Kariyandal (P)Ward1 Reddiyar Street 1 , 2.Sorakolathur (R.V) , Kariyandal (P)Ward 1 Reddiyar Street  2 , 3.Sorakolathur (R.V) , Kariyandal  (P)Ward 1 Reddiyar Street 3 , 4.Sorakolathur (R.V), Kariyandal (P)Ward 1 Reddiyar Street 4 , 5.Sorakolathur (R.V) , Kariyandal (P)Ward 1 Reddiyar Street 5 , 6.Sorakolathur (R.V) and (P)qWard 1 Pillaiyar Koil Street 1 ,  7.Sorakolathur (R.V) , Kariyandal (P)Ward 1 xaveir Street Kariyandal , 8.Sorakolathur (R.V) , Kariyandal (P)Ward 1 xaveir Street Kariyandal , 9.Sorakolathur (R.V) , Kariyandal (P)Ward 1 Kariyandal Colony Kariyandal , 10.Sorakolathur (R.V) , Kariyandal (P)Ward  1 Road Santhu Kariyandal ,
11.Sorakolathur (R.V) , Kariyandal (P)Ward 1 Kariyandal Road Street Kariyandal , 12.Sorakolathur (R.V) , Kariyandal (P)Ward 2 Kondam Road ,",All Voters
58,64,58,"Panchayat union primary school East Building, South part West Facing,Sorakolathur H O Kariyandhal & post 606802","1.Sorakolathur (R.V), Kariyandal (P), Ward 2 Highways Street Kariyandal
2. Sorakolathur (R.V) , Kariyandal (P), Ward 2 Eri Street Kariyandal 3.Sorakolathur (R.V) , Kariyandal (P), Ward 2 Erisanthu Street
4. Sorakolathur (R.V) , Kariyandal (P), Ward 2 Oodai Street Kariyandal
5. Sorakolathur (R.V) , Kariyandal (P), Ward 2 Udaiyar Street Kariyandal
6. Sorakolathur (R.V) , Kariyandal (P), Ward 2 Narikuravar Colony
7. Sorakolathur (R.V) , Kariyandal (P), Ward 2 Maruthuvambadi Road Kariyandal
8. Sorakolathur (R.V) , Kariyandal (P), Ward 2 Ekku Samuthiram Kariyandal
9. Sorakolathur (R.V) , Kariyandal (P), Ward 2 Kannagi Nagar North Street
10. Sorakolathur (R.V) , Kariyandal (P), Ward 2 Kannagi Nagar South Street",All Voters
59,64,59,"Panchayat union primary school West BuildingEast facing,Sorakolathur H O Kariyandhal & post 606802","1.VadakarInkalipadi (R.V), Kariyandal (P)Ward 2 Kotta vada   Karunkalipatti , 2.VadakarInkalipadi (R.V) , Kariyandal (P)Ward  2 Vadakarikalipadi  Colony , 3.VadakarInkalipadi (R.V) , Kariyandal (P)Ward 2 Arunthathiyar Colony , 4.Vadakarikalipadi (R.V) , Kariyandal (P)Ward 2 Vadamerkku Street , 5.Vadakarinkalipadi (R.V) , Kariyandal (P)Ward 2 North Street , 6.Vadakarinkalipadi (R.V) , Kariyandal (P)Ward 2 East Street , 7.Vadakarikalipadi (r.v) , kariyandal (p)Ward 2 south street , 8.Vadakarinkalipadi (R.V), Kariyandal (P)Ward 1 Melandaveethi , 9.Vadakaringkalipadi (r.v) , kariyandal (p)Ward 1 mettu street  santhu , 10.Vadakaringkalipadi (R.V) , Kariyandal(P)Ward 1 Amman Koil Street , 11.Vadakaringkalipadi (R.V) , Kariyandal (P)Ward 1  Irular Colony , 12.Vadakaringkalipadi (r.v) , kariyandal (p)Ward 1 mettu street , 13.Vadakaringkalipadi (R.V), Kariyandal (P)Ward 1 Society Kadai Street, 999.OVERSEAS ELECTORS",All Voters
60,64,60,"Panchayat union middle schoolold building,Maruthuvambadi & post
,606802","1.VadakarInkalipadi (R.V), Kariyandal (P)Ward 2 Kotta vada   Karunkalipatti , 2.VadakarInkalipadi (R.V) , Kariyandal (P)Ward  2 Vadakarikalipadi  Colony , 3.VadakarInkalipadi (R.V) , Kariyandal (P)Ward 2 Arunthathiyar Colony , 4.Vadakarikalipadi (R.V) , Kariyandal (P)Ward 2 Vadamerkku Street , 5.Vadakarinkalipadi (R.V) , Kariyandal (P)Ward 2 North Street , 6.Vadakarinkalipadi (R.V) , Kariyandal (P)Ward 2 East Street , 7.Vadakarikalipadi (r.v) , kariyandal (p)Ward 2 south street , 8.Vadakarinkalipadi (R.V), Kariyandal (P)Ward 1 Melandaveethi , 9.Vadakaringkalipadi (r.v) , kariyandal (p)Ward 1 mettu street  santhu , 10.Vadakaringkalipadi (R.V) , Kariyandal(P)Ward 1 Amman Koil Street , 11.Vadakaringkalipadi (R.V) , Kariyandal (P)Ward 1  Irular Colony , 12.Vadakaringkalipadi (r.v) , kariyandal (p)Ward 1 mettu street , 13.Vadakaringkalipadi (R.V), Kariyandal (P)Ward 1 Society Kadai Street, 999.OVERSEAS ELECTORS",All Voters
61,64,61,"Panchayat union middle schoolOld building,Maruthuvambadi & post
,606802","1.Maruthuvambadi (R.V) and (P)Ward  2 Madakovil   Street  1 , 2.Maruthuvambadi (R.V) and (P)Ward 2 Madakovil Street , 3.Maruthuvambadi (R.V) and (P)Ward  2 Tank Street , 4.Maruthuvambadi (R.V) and (P)Ward 2 Oodai Street , 5.Maruthuvambadi (R.V) and (P)Ward 2 Sandu Street , 6.Maruthuvambadi (R.V) and (P)Ward 2 Pillaiyar Koil Street , 7.Maruthuvambadi (R.V) and (P)Ward 2 Thundhu Street 1 , 8.Maruthuvambadi (R.V) and  (P)Ward 2 Thundhu Street  2 , 9.Maruthuvambadi (R.V) and (P)Ward  2 New Colony Street  1 , 10.Maruthuvambadi (R.V) and (P)Ward 2 Newcolony Street  2 , 11.Maruthuvambadi (R.V)  and (P)Ward  2 New  Colony Street 3 12.Maruthuvambadi (R.V) and (P)Ward 2  Newcolony Street  4 , 13.Maruthuvambadi (R.V) and (P)Ward  2 New  Colony  Street , 999.OVERSEAS ELECTORS",All Voters
62,64,62,"Panchayat union Primary School North part West facing,Kattuputhur and Devanampattu post , 606802","1.Devanampattu (r.v) and (p)Ward 1 north street , 2.Devanampattu (R.V) and (P)Ward 1 Nadhuputhu Street , 3.Devanampattu (R.V) and (P)Ward 2 Bank Street , 4.Devanampattu (R.V) and (P)Ward  2   Road  Street , 5.Devanampattu (R.V) and (P)Ward  1  Umaiyalpuram , 999.OVERSEAS ELECTORS",All Voters
63,64,63,"Panchayat union Primary School South part West facing,Kattuputhur and Devanampattu post , 606802","1.Devanampattu (R.V) and (P)Ward  2 Old Street ,
2.Devanampattu (R.V) and (P)Ward 3 Arijancolony Pillaiyar Koil Street , 3.Devanampattu (R.V) and (P)Ward 3  Arisana   Colony Nadhu Street , 4.Devanampattu (R.V) and (P)Ward 3 Arijancolony Kamarajar Nagar , 5.Devanamapattu (R.V) and (P)Ward 3 Arijana Colony Kamarajar Nagar Thundhu Street ,
6.Devanampattu (R.V) and (P)Ward 3 Arijan  Colony Pillaiyar Koil Kurukku Street , 7.Devanampattu (R.V) and (P)Ward 3,4 Arijanacolony Road Street , 8.Devanampattu (R.V) and (P)Ward  4 Arijanacolony Gandhinagar West Street , 9.Devanampattu (R.V) and (P)Ward 4 Arijana Colony Gandhi  Nagar Nadhu St , 10.Devanampattu (R.V) and (P)Ward 4 Arijanacolony Gandhinagar East Street , 11.Devanampattu (R.V) and (P)Ward 4 Arijana  Colony Gandhinagar North Othavaadai Street ,
999.OVERSEAS ELECTORS",All Voters
64,64,64,"Panchayat union primary school west part Extn Building North Facing,Kattuputhur devanambattu post , 606802","1.Kattuputhur (R.V), Devanampattu (P)Ward 5 Kattuputhur Road Street , 2.Kattuputhur (R.V) , Devanampattu (P)Ward   5 Kattuputhur Pillaiyar Koil Street , 3.Kattuputhur (R.V) ,Devanampattu (P)Ward 5 Kattuputhur Amman Kovil Street , 4.Kattuputhur (R.V) , Devanampattu (P)Ward 5 Kattuputhur Subramaniyar Kovil Street ,
5.Kattuputhur (R.V) , Devanampattu (P)Ward 4 Kattuputhur Patti St ,
6.Kattuputhur (R.V) , Devanampattu (P)Ward 5 Kattuputhur Arijanacolony 1st Street
,
7.Kattuputhur (R.V) , Devanampattu (P)Ward 5 Kattuputhur   Arijanacolony 2nd Street ,
8.Kattuputhur (R.V) , Devanampattu (P)Ward 5 Kattuputhur Arijanacolony 3rd Street ,
9.Kattuputhur (R.V) , Devanampattu (P)Ward 5 Kattuputhur Arijanacolony 4th Street ,
10.Kattuputhur (R.V) , Devanampattu (P)Ward 5 Kattuputhur Arijancolony 5th Street ,
11.Kattuputhur (R.V) , Devanampattu (P)Ward 5 Kattuputhur Kollai Kottai ,
999.OVERSEAS ELECTORS",All Voters
65,64,65,"Panchayat union Middle schoolNew building West Facing Room,Udhirampoondi post, 606802","1.Uthirampoondi  (R.V) and (P)Ward 1  Road  Street , 2.Uthirampoondi  (R.V) and  (P)Ward 1 Muslim  West Street , 3.Uthirampoondi  (R.V) and (P)Ward  1 Muslim Street East , 4.Uthirampoondi (R.V) and (P)Ward  1 Kamatchiyamman Koil Street , 5.Uthirampoondi  (R.V) and  (P)Ward  2  East Street , 6.Uthirampoondi  (R.V) and (P)Ward 2   Old  Pallakuda Street , 7.Uthirampoondi   (R.V) and  (P)Ward 2   Sigari street ,
8.Uthirampoondi  (R.V) and (P)Ward  2   Thirowpathiyamman Koil Street , 9.Uthirampoondi  (R.V) and  (P)Ward  2  Kulathu Medu M.G.R  nagar , 999.OVERSEAS ELECTORS",All Voters
66,64,66,"Danish Mission Primary School North Part East Facing,Kolakaravadi village & post ,606805","1.Kolakkaravadi (R.V) and (P)Ward 1  Kolakkaravadi  Colony  Cross Street , 2.Kolakkaravadi (R.V) and (P)Ward  1  Kolakkaravadi  Colony Stalin Nagar , 3.Kolakkaravadi (R.V) and (P)Ward 1 Colony Othavadai  Street , 4.Kolakkaravadi (R.V) and (P)Ward  2 Colony  New  Street , 5.Kolakkaravadi (R.V) and (P)Ward 2 Colony Cross  1st  Street , 6.Kolakkaravadi (R.V) and (P)Ward  2 Colony  Cross  2st  Street , 7.Kolakkaravadi (R.V) and (P)Ward  2  Colony  Cross  3th  Street , 8.Kolakkaravadi (R.V) and (P)Ward  2 Colony  Cross  4th  Street , 9.Kolakkaravadi (R.V) and (P)Ward  2  Colony  Cross 5th  Street , 10.Kolakaravadi (R.V)  and (P)Ward 2  Main Road  Street , 11.Kolakkaravadi (R.V) and (P)Ward  1  Colony Cross   6th  Street , 12.Kolakkaravadi (R.V) and (P)Ward  1  Pallikuda  Street , 13.Kolakkaravadi (R.V) and (P)Ward  1   Colony Cross   Street , 14.Kolakkaravadi (R.V) and (P)Ward  1  Colony  Cross  Street , 15.Kolakkaravadi (R.V) and (P)Ward  1  Colony  Cross  Street , 16.Kolakkaravadi (R.V) and (P)Ward  1  Colony  Cross  Street , 17.Kolakkaravadi (R.V) and (P)Ward  1 Pillaiyar  Koil  Street , 18.Kolakkaravadi (R.V) and (P)Ward  1  Pillaiyar  Koil  Street , 19.Kolakkaravadi (R.V) and (P)Ward  Pillaiyar Koil  Street , 20.Kolakkaravadi (R.V) and (P)Ward  2  South Kulathu   Street , 999.OVERSEAS ELECTORS",All Voters
67,64,67,"Danish mission primary school Middle Part Facing East,Kolakaravadi village & post ,606805","1.Kolakkaravadi (R.V) and (P)Ward  2 Road  Street , 2.Kolakkaravadi (R.V) and (P)Ward  3  Irular  Street , 3.Kolakkaravadi (R.V) and (P)Ward  3  North  Kula  Street , 4.Kolakkaravadi (R.V) and  (P)Ward  3  Kori  Street , 5.Kolakkaravadi (R.V) and (P)Ward  3 Muslim  Street , 6.Kolakkaravadi (R.V) and (P)Ward 1 Arunthathiyar    Colony ,
7.Kolakkaravadi (R.V) and (P)Ward  1 Yathavapuram Oothavadai Street , 8.Kolakkaravadi (R.V) and (P)Ward  1  Yathavar  Pillaiyar  Koil   Street , 9.Kolakkaravadi (R.V) and (P)Ward 1 Irular  Kolla  Kottai , 10.Kolakkaravadi  (R.V)  and  (P)Ward 1  Irular Kolla Kotta , 11.Kolakkaravadi (R.V) and (P)Ward  1 Kolathur Road Street , 12.Kolakkaravadi (R.V) and (P)Ward  1 Kolathur   Amman  Koil  Street , 13.Kolakkaravadi (R.V) and (P)Ward  1 Kolathur Pillaiyar Koil Street , 14.Kolakkaravadi (R.V) and (P)Ward  1 Kolathur Main Road ,
15.Kolakkaravadi (R.V) and (P)Ward  1 Kolathur To Echalkuppam Road Street , 16.Kolakkaravadi (R.V) and (P)Ward  1 Kolathur  Kollakotta ,
999.OVERSEAS ELECTORS",All Voters
68,64,68,"Danish mission primary schoolsouth partfacing east,Kolakaravadi village & post ,606805","1.Kolakkaravadi (R.V) and (P)Ward 2 Echangkuppam Main Road Street , 2.Kolakkaravadi (R.V) and (P)Ward 2 Echangkuppam Pillaiyar Koil Street , 3.Kolakkaravadi (R.V) and (P)Ward 2 Padasalai Street ,
4.Kolakkaravadi  (R.V) and (P)Ward 2 Kamaraj Nagar , 5.Kolakkaravadi (R.V) and  (P)Ward Kamaraj Nagar Kolla Kotta , 6.Kolakkaravadi (R.V) and (P)Ward 2 Kolathur Colony , 7.Kolakkaravadi (R.V) and (P)Ward 2 Perumal Nagar ,
8.Kolakkaravadi (R.V) and (P)Ward 2 Perumal Nagar East  Kolla Kotta , 9.Kolakkaravadi (R.V) and (P0Ward 2 Echangkuppam  South  Kolla Kottai , 999.OVERSEAS ELECTORS",All Voters
69,64,69,"Danish mission primary schoolCenter buildingFacing South East Side,karuthuvambadi, Kolakaravadi post , 606805","1.Karunthuvambadi (R.V) and (P)Ward 1  Karuthuvambadi  Main Road Street , 2.Karunthuvambadi (Pt)Ward 2 Yadhavar Street ,
3.Karunthuvambadi  (R.V) and  (P)Ward 2 Karunthuvambadi to Devanampattu Main Road ,
4.Karunthuvambadi (R.V) and (P)Ward 2 Pillaiyar Koil Street , 5.Karunthuvambadi  (R.V) and  (P)Ward 2 Karunthuvambadi Sandu Street , 6.Karunthuvambadi  (R.V) and  (P)Ward 2 Bajanai Koil Street , 7.Karunthuvambadi  (R.V) and  (P)Ward 2 Oadakkal Street , 8.Karunthuvambadi  (R.V) and  (P)Ward 2 Mettu Street 1st Street 9.Karunthuvambadi (Pt)Ward 2 Mettu Street 2nd Street ,
999.OVERSEAS ELECTORS",All Voters
70,64,70,"Danish mission primary school West Wing
, South facing, karuthuvambadi, Kolakaravadi post , 606805","1.Karunthuvambadi (R.V) and (P), Ward 2 Ambethkar Colony 1st Street 2.Karunthuvambadi (R.V) and (P), Ward 2 Ambethkar Colony 1st Kurukku Street 3.Karunthuvambadi (R.V) and (P), Ward 2 Ambethkar Colony 2nd Kurukku Street 4.Karunthuvambadi (R.V) and (P), Ward 2 Ambethkar Colony 3rd Kurukku Street 5.Karunthuvambadi (R.V) and (P), Ward 2 Ambethkar Colony 2nd Street
6 .Karunthuvambadi (R.V) and (P), Ward 2 Ambethkar Colony 3rd Street
7 . Karunthuvambadi (Pt), Ward 2 Ambethkar Colony Mariyamman Koil Street 8.Karunthuvambadi (R.V) and (P), Ward 2 Ambethkar Colony Sandhu Street Mettu Street
9.Karunthuvambadi (R.V) and (P), Ward 2 Ambethkar Colony 4th Street
10. Karunthuvambadi (r.v) and (p), Ward 2 poonthottam
11 - Karunthuvambadi (R.V) and (P), Ward 2 Eri Kolla Kotta
12 - Karunthuvambadi (Pt), Ward 2 Kolla Kotta",All Voters
71,64,71,"Govt Higher Secondary School Main BuildingNorth PartSouth facing,Old mallavadi village & post , 606805","1.Mallavadi  (R.V) and  (P)Ward 1 Pillaiyar Koil Street , 2.Mallavadi  (R.V) and   (P)Ward 1 Bank Street , 3.Mallavadi  (R.V) and  (P)Ward 1 Reddiyar Street , 4.Mallavadi  (R.V) and  (P)Ward 1 Mariamman Koil Street , 5.Mallavadi  (R.V) and  (P)Ward 1 Mettu Street 1 , 6.Mallavadi  (R.V) and  (P)Ward 1 Mettu Street 2 , 7.Mallavadi  (R.V) and  (P)Ward 1 Perumal Koil Street , 8.Mallavadi (R.V) and (P)Ward 1 Mariamman Koil 1 , 9.Mallavadi (R.V) and (P)Ward 1 Mariamman Koil North , 10.Mallavadi (R.V) and (P)Ward 1 Santhai Mettu Street , 11.Mallavadi (R.V) and (P)Ward 1 Mathalambadi Road , 12.Mallavadi  (R.V) and (P)Ward 1 Ambethkar Main Road , 13.Mallavadi (R.V) and (P)Ward 1 Ambethkar West  Street , 14.Mallavadi (R.V) and (P)Ward 1 Thundu Street 4 , 15.Mallavadi (R.V) and (P)Ward 1 Thundu Street 5 , 16.Mallavadi (R.V) and (P)Ward 1 Thundu Street 3 , 17.Mallavadi (R.V) and (P)Ward 1 Thundu Street 1 , 18.Mallavadi (R.V) and (P)Ward 1 Ambethkar North Street ,
19.Mallavadi (R.V) and (P)Ward 1 Ambethkar Middle  Street , 20.Mallavadi (R.V) and (P)Ward1 Ambethkar East  Street , 21.Mallavadi (R.V) and (P)Ward Ambethkar South  Street , 22.Mallavadi (R.V) and (P)Ward 1 Ambethkar East Street , 999.OVERSEAS ELECTORS",All Voters
72,64,72,"Govt hr sec school main building south parteast facing,Old mallavadi village & post ,606805","1.Souranthai (R.V) Mallavadi (P)Ward 2 Vettakara Street , 2.Souranthai (R.V) Mallavadi (P)Ward 2 Reddiyar Street 2 , 3.Souranthai (R.V) Mallavadi (P)Ward 2 Palla Street , 4.Souranthai (R.V) Mallavadi (P)Ward 2 Thundu Street , 5.Souranthai (R.V) Mallavadi (P)Ward 2 Kadai Street , 6.Souranthai (r.v) mallavadi (p)Ward 2 palli vadakku street 1 , 7.Souranthai (R.V) Mallavadi (P)Ward 2 Palli Vadakku Street 2 , 8.Souranthai (R.V) Mallavadi (P)Ward 2 Palli Vadakku Street 3 , 9.Souranthai (r.v) mallavadi (p)Ward 2 pallikudam main street , 10.Souranthai (R.V) Mallavadi (P)Ward 2 Arasamara Street , 11.Souranthai (R.V) Mallavadi (P)Ward 2 Thidir Kuppam Salai , 12.Souranthai (R.V) Mallavadi (P)Ward 2 Railway Gate Salai , 13.Souranthai (R.V) Mallavadi (P)Ward 2 Nadu Street , 14.Souranthai (R.V) Mallavadi (P)Ward 2 Thundu Street 1 , 15.Souranthai (R.V) Mallavadi (P)Ward 3 Reddiyar Street 1 ,
16.Souranthai (R.V) Mallavadi (P)Ward 3 Reddiyar Street Vadakku , 17.Souranthai (R.V) Mallavadi (P)Ward 3 Reddiyar Street Therkku , 18.Souranthai (R.V) Mallavadi (P)Ward 3 Thidir Kuppam Pallikuda Street , 19.Souranthai (R.V) Mallavadi (P)Ward 3 Pillaiyar Koil Street , 20.Souranthai (R.V) Mallavadi (P)Ward 3 Thidir Kuppam Vadakku Street , 21.Souranthai (R.V) Mallavadi (P)Ward 3 Thidir Kuppam Kurukku Street , 22.Souranthai (R.V) Mallavadi (P)Ward 3 Vellore Road ,
23.Souranthai (R.V) Mallavadi (P)Ward 3 Kolla Kotta , 999.OVERSEAS ELECTORS",All Voters
73,64,73,"Govt rehabliation centre east facing building,Pudhu mallavadi village & post, 606805","1.Mallavadi (R.V) And (P)Ward 3 Arasi MaruVaizhvu Illam , 999.OVERSEAS ELECTORS",All Voters
74,64,74,"Panchayat Union Elementary School old building West facing,Pudhu mallavadi village ,old mallavadi post
, 606805","1.Mallavadi (r.v) and (p)Ward 1 vellore main road vadakku , 2.Mallavadi (R.V) And (P)Ward 1 KulathuMedu Vadakku Street , 3.Mallavadi (R.V) And (P)Ward 1 KulathuMedu Thundu Street , 4.Mallavadi (R.V) And (P)Ward 1 Kulathu Medu Therkku Street , 5.Mallavadi (R.V) And (P)Ward 1 Kulathu Medu Kizhakku Street , 6.Mallavadi (R.V) And (P)Ward 1 Kulathu Medu Board Street , 7.Mallavadi (R.V) And (P)Ward 1 Chetty Street ,
8.Mallavadi (R.V) And (P)Ward 1 Kuyavar Street , 9.Mallavadi (r.v) and (p)Ward 1 irular street , 10.Mallavadi (R.V) And (P)Ward 1 Reddiyar Street , 11.Mallavadi (r.v) and (p)Ward 1 pallikuda street , 999.OVERSEAS ELECTORS",All Voters
75,64,75,"Panchayat union elementary school Facing West Room,Pudhu mallavadi village ,Post , 606805","1.Mallavadi (r.v) and (p)Ward 1 bajanai koil street , 2.Mallavadi (r.v) and (p)Ward 1 pillaiyar koil street , 3.Mallavadi (r.v) and (p)Ward 1 kurkku street , 4.Mallavadi (r.v) and (p)Ward 2 vellore mail road therkku , 5.Mallavadi (R.V) And (P)Ward 2 Oathavadai Street ,
6.Mallavadi (R.V) And (P)Ward 2 Tiruvannamalai Main Road , 7.Mallavadi (R.V) And (P)Ward 2 Mathalambadi Salai ,
8.Mallavadi (R.V) And (P)Ward 2 Mathalambadi Salai Therkku Veedhi 1 , 9.Mallavadi (R.V) And (P)Ward 2 Mathalambadi Salai Therkku Veedhi 2 , 10.Mallavadi (R.V) And (P)Ward 2 Kodikuppam  Therkku Street , 11.Mallavadi (R.V) And (P)Ward 2 Kodikuppam Kolla Kotta , 999.OVERSEAS ELECTORS",All Voters
76,64,76,"Panchayat Union Primary School Additional building Facing West,Vadakarimbalur village , thurinjapuram post,606805","1.Vadakarimpalur (R.V) And (P)Ward  1 Vadakarimpalur  ramakulam , 2.Vadakarimpalur (R.V) And (P)Ward  1 Vadakarimpalur  Pallakudai Street , 3.Vadakarimpalur (R.V) And (P)Ward 1  Vadakarimpalur  Pela Vadai , 4.Vadakarimpalur (R.V) And (P)Ward  1 Vadakarimpalur   Aachari Street , 5.Kuthalavadi (r.v) vadakarimpalur (p)Ward 1 vadakarimpalur colony puthu street , 6.Kuthalavadi (R.V) Vadakarimpalur (P)Ward 2 Kuthalavadi Colony Kinatru Street , 7.Vadakarimpalur (R.V) And (P)Ward 1 Vadakarimpalur Old Street , 8.Vadakarimpalur (R.V) And (P)Ward 1 Vadakarimpalur Main Road , 9.Vadakarimpalur (R.V) And (P)Ward 1 Vadakarimpalur Nadhu Street East , 10.Vadakarimpalur (R.V) And (P)Ward 1 Vadakarimpalur New Colony , 11.Vadakarimpalur (R.V) And (P)Ward 1 Vadakarimpalur New Kinatru Street , 12.Vadakarimpalur (R.V) And (P)Ward 1 Naickar Kotta ,
13.Vadakarimpalur (R.V) And (P)Ward 1 Ammankoil Kotta , 14.Vadakarimpalur (R.V) And (P)Ward 1 Vadakarimpalur Road Kotta , 15.Vadakarimpalur (r.v) and (p)Ward 1 reddiyar kotta , 16.Vadakarimpalur (r.v) and (p)Ward 1 ootta chettiyar kotta , 17.Vadakarimpalur (R.V) And (P)Ward 1Kalarpalayam , 18.Vadakarimpalur (R.V) And (P)Ward 1 Killampadi , 19.Vadakarimpalur (R.V) And (P)Ward 1 Ramakullam Road , 20.Vadakarimpalur (R.V) And (P)Ward 1 Kannikapuram , 21.Vadakarimpalur (R.V) And (P)Ward 1 Thamarai Seelapuram , 22.Vadakarimpalur (r.v) and (p)Ward 1 indiranagar ,
999.OVERSEAS ELECTORS",All Voters
77,64,77,"Panchayat union Primary SchoolAdditional Building West Facing Room,Vadakarimbalur village
, thurinjapuram post,606805","1.Vadakarimpalur (R.V) And (P)Ward 1 Kuthalavadi Amman Koil Street , 2.Vadakarimpalur (r.v) and (p)Ward2 kuthalavadi vebamar street , 3.Kuthalavadi (R.V) Vadakarimpalur (P)Ward 2 Kuthalavadi Pillaiyar Koil Santhu , 4.Kuthalavadi (r.v) vadakarimpalur (p)Ward 2 kuthalavadi road street , 5.Kuthalavadi (R.V) Vadakarimpalur (P)Ward 2 Kuthalavadi Pillaiyar Koil Street , 6.Kuthalavadi (R.V) Vadakarimpalur (P)Ward 2 Kuthalavadi Kurukku Street , 7.Kuthalavadi (R.V) Vadakarimpalur (P)Ward 2 Kuthalavadi North Street , 8.Kuthalavadi (R.V) Vadakarimpalur (P)Ward 2 Kuthalavadi Santhu Street 1 , 9.Kuthalavadi (R.V) Vadakarimpalur (P)Ward 2 Kuthalavadi Santhu Street , 10.Kuthalavadi (R.V) Vadakarimpalur (P)Ward 1 Kuthalavadi South St , 11.Kuthalavadi (R.V) Vadakarimpalur (P)Ward 2 Kuthalavadi Kodikuppam , 12.Kuthalavadi (R.V) Vadakarimpalur (P)Ward 2 Kuthalavadi Samaiapuram , 13.Kuthalavadi (R.V) Vadakarimpalur (P)Ward 2 Kuthalavadi Malaivetta , 14.Vadakarimpalur (R.V) And (P)Ward 2 Kuthalavadi Nadhu St West , 999.OVERSEAS ELECTORS",All Voters
78,64,78,"Govt High School Madhalambadi village,Madhalambadi village,nookambadi post,606752","1.Mathalampadi (r.v) and (p)Ward1 mettu street , 2.Mathalampadi (R.V) And (P)Ward 1 Pallikuda Street , 3.Mathalampadi (r.v) and (p)Ward 1 moorthi house santhu , 4.Mathalampadi (R.V) And (P)Ward 1 Thar Salai , 999.OVERSEAS ELECTORS",All Voters
79,64,79,"Govt High School north part South Facing Room,Madhalambadi village,nookambadi post,606752","1.Mathalampadi (R.V) And (P)Ward 2 Karunikkar Street , 2.Mathalampadi (R.V) And (P)Ward 2 Aachari Street , 3.Mathalampadi (R.V) And (P)Ward 2 Akkarakaram 1st Street , 4.Mathalampadi (R.V) And (P)Ward 2 Akkarakaram 2nd Street , 5.Mathalampadi (R.V) And (P)Ward 2 Akkarakaram 3rd Street , 6.Mathalampadi (R.V) And (P)Ward 2 Oodakkara Street , 999.OVERSEAS ELECTORS",All Voters
80,64,80,"Panchayat union Elementary School West Building Facing West,Madhalambadi Village , Nookambadi post , 606752","1.Mathalampadi (r.v) and (p)Ward 3 amman koil street , 2.Mathalampadi (r.v) and (p)Ward 3 amman koil street muthual santhu , 3.Mathalampadi (R.V) And (P)Ward 3 Amman Kovil Street  2nd Santhu , 4.Mathalampadi (R.V) And (P)Ward 3 AayaKuttai ,
5.Mathalampadi (R.V) And (P)Ward 3 And 4 Ganesapuram , 6.Mathalampadi (R.V) And (P)Ward 3 Lakshmanchattikullam , 7.Mathalampadi (R.V) And (P)Ward 3 Athikullam , 999.OVERSEAS ELECTORS",All Voters
81,64,81,"Government High School East wing South Facing,Madhalambadi Village and post , 606752","1.Mathalampadi (R.V) And (P)Ward 3 Andakullam ,
2.Mathalampadi (R.V) And (P)Ward 4 Athithiravidar Colony Mainroad East , 3.Mathalampadi (R.V) And (P)Ward 4 Athimariyammn Koil Street , 4.Mathalampadi (R.V) And (P)Ward 4 Athipillaiyar Koil Street , 5.Mathalampadi (R.V) And (P)Ward 4 AthiPillaiyar Koil Street , 6.Mathalampadi (R.V) And (P)Ward 4 Athithiravidar Colony Main Road West , 7.Mathalampadi (R.V) And (P)Ward 4  SeemanKuttain ,
8.Mathalampadi (R.V) And (P)Ward 4 Kalarpalayam Pillaiyar Koil 1st Street , 9.Mathalampadi (R.V) And (P)Ward 4 Kalar palayam Pillaiyar Koil 2nd Street , 10.Mathalampadi (R.V) And (P)Ward 4 Kalarpalayam Pillaiyar Koil 3rd Street , 11.Mathalampadi (R.V) And (P)Ward 4 Kalarpalayam Pillaiyar Koil 4th Street , 12.Mathalampadi (R.V) And (P)Ward 4 Kalarpalayam Pillaiyar Koil 5th Street , 13.Mathalampadi (R.V) And (P)Ward 4 Nukammpadi Salai ,
14.Mathalampadi (R.V) And (P)Ward 4 Veppankuttai , 999.OVERSEAS ELECTORS",All Voters
82,64,82,"Danish mission elementary school West buildingfacing east,Nookambadi village & post ,606752","1.Nukaampadi (R.V) And (PWard1 Mettu Street , 2.Nukaampadi (r.v) and (pWard 1 vadavandai street 1 ,
3.Nukaampadi (R.V) And (PWard 2 Melandai Street KollaiPart 1 , 4.Nukaampadi (R.V) And (PWard 2 Melandai Street Kollaipart 2 , 5.Nukaampadi (R.V) And (PWard 2 Melandai Kurukku Street , 6.Nukaampadi (R.V) And (PWard 2 Melandai Street , 7.Nukaampadi (R.V) And (PWard 1 Vadavandai Street 2 , 8.Nukaampadi (R.V) And (PWard 1 Vadavandai Street 3 , 9.Nukaampadi (R.V) And (PWard 1 Vadavandai Street 4 , 999.OVERSEAS ELECTORS",All Voters
83,64,83,"Danish mission high school East building South Wing Room no 1facing west,Nookambadi village & post ,606752","1.Nukaampadi (R.V) And (P)Ward 4 Kolathu  1Street Mettu , 2.Nukaampadi (R.V) And (P)Ward  4 Kolathu 2 Street Mettu , 3.Nukaampadi (R.V) And (P)Ward  4 Ganesapuram Cross Street , 4.Nukaampadi (R.V) And (P)Ward  5 New Colony Main Road Street , 5.Nukaampadi (R.V) And (P)Ward  4 New Colony Main Road , 6.Nukaampadi (R.V) And (P)Ward  5 New Colony Amman Koil Street , 7.Nukaampadi (R.V) And (P)Ward  5 New Colony Cross 1st Street , 8.Nukaampadi (R.V) And (P)Ward  5 New Colony  Cross 2st Street , 9.Nukaampadi (R.V) And (P)Ward  5 New Colony Cross 3th Street , 10.Nukaampadi (R.V) And (P)Ward 5  New Colony Cross 4th Street , 11.Nookampadi  (Pt)Ward 2.3 Old Colony Maniamman Koil Street , 12.Nukaampadi (R.V) And (P)Ward 2.3. Old Colony Kurukku Street , 13.Nukaampadi (R.V) And (P)Ward 3 Old Colony South Street , 999.OVERSEAS ELECTORS",All Voters
84,64,84,"Danish mission high school East building North Wingfacing west,Nookambadi village & post
,606752","1.Nukaampadi (R.V) And (P)Ward  4  Main  Road , 2.Nukaampadi (R.V) And (P)Ward  4 Kotti Mettu , 3.Nukaampadi (R.V) And (P)Ward  4 Kotti Mettu Cross Street ,
4.Nukaampadi (R.V) And (P)Ward  4  Kotti Mettu Rantham Street , 5.Nukaampadi (R.V) And (P)Ward  4 Kotti Mettu Main Road , 6.Nukaampadi (R.V) And (P)Ward  4  Kotti Mettu Oodai Street , 7.Nukaampadi (R.V) And (P)Ward  4  Kottaimeddu Anjalaka Street , 8.Nukaampadi (R.V) And (P)Ward 4 Kottaimeddu Kollai Part , 9.Nukaampadi (R.V) And (P)Ward 4 Kottaimeddu Kollai Part 2 , 10.Nukaampadi (R.V) And (P)Ward 3 Manthoppu Mainroad Street ,
11.Nukaampadi (R.V) And (P)Ward 3 Manthoppu Mainroad Kurukku Street , 12.Nukaampadi (R.V) And (P)Ward 3 Manthoppu Mainroad Street , 13.Nukaampadi (R.V) And (P)Ward 3 Uthangal KollaiPart ,
14.Nukaampadi (R.V) And (P)Ward 3 Uthangal Main Road , 15.Nukaampadi (R.V) And (P)Ward 3 Uthangal Kurukku Street 1 , 16.Nukaampadi (R.V) And (P)Ward 3 Uthangal Kurukku Street 2 , 17.Nukaampadi (R.V) And (P)Ward 3 Uthangal Kurruk Street 3 , 18.Nukaampadi (R.V) And (P)Ward 3 Uthangal Kurukku Street 4 , 19.Nukaampadi (R.V) And (P)Ward 3 Uthangal Kurukku Street 5 , 20.Nukaampadi (R.V) And (P)Ward 3 Uthangal Main Road 3 , 21.Nukaampadi (R.V) And (P)Ward 3 Uthangal KollaiPart , 22.Nukaampadi (R.V) And (P)Ward 3 Uthangal Kollai Part 3 , 23.Nukaampadi (R.V) And (P)Ward 3 Uthangal Main Road 4 , 24.Nukaampadi (R.V) And (P)Ward 3 Uthangal Kollaipart 5, 999.OVERSEAS ELECTORS",All Voters
85,64,85,"Panchayat Union Middle School West Part North Building Facing South,Kalasthambadi village & post 606805","1.Kalasthambadi (R.V) And (P)Ward 1 Vinayagar Koil Street , 2.Kalasthambadi (r.v) and (p)Ward 1 nadu street ,
3.Kalasthambadi (r.v) and (p)Ward 1 mariamman medaikizhakku street , 4.Kalasthambadi (r.v) and (p)Ward 1 mariamman medai merkku street , 5.Kalasthambadi (R.V) And (P)Ward 1 Aacherry Street ,
6.Kalasthambadi (R.V) And (P)Ward 2 Kaliamman Salai Street , 7.Kalasthambadi (R.V) And (P)Ward 2 Padasalai Pakuthi Street , 8.Kalasthambadi (r.v) and (p)Ward 2 mettu street , 9.Kalasthambadi (R.V) And (P)Ward 2 Kurukku Street , 10.Kalasthambadi (R.V) And (P)Ward 2 Amman Koil Street , 11.Kalasthambadi (R.V) And (P)Ward 2 Colony Merkku Kottai , 12.Kalasthambadi (R.V) And (P)Ward 2 Mayana Merkku KOttai , 13.Kalasthambadi (r.v) and (p)Ward 2 mathulambadi salai , 14.Kalasthambadi (R.V) And (P)Ward 2 Ramagoundar Nagar , 15.Kalasthambadi (r.v) and (p)Ward 3 semman kuttai salai , 16.Kalasthambadi (R.V) And (P)Warad 3 Anna Nagar , 999.OVERSEAS ELECTORS",All Voters
86,64,86,"Panchayat Union Middle School East Wing North Building Facing South,Kalasthambadi village & post 606805","1.Kalasthambadi (R.V) And (P)Ward 3 Indira Nagar , 2.Kalasthambadi (r.v) and (p)Ward 3 oadai street , 3.Kalasthambadi (R.V) And (P)Ward 3 Kizhakku Kolla Koattai , 4.Kalasthambadi (R.V) And (P)Ward 3 Avuloorpettai Salai , 5.Kalasthambadi (R.V) And (P)Ward 1 Aerykarai Street , 6.Kalasthambadi (R.V) And (P)WArd 1 AeryEthuvai Street ,
7.Kalasthambadi (r.v) and (p)Ward 1 kilambadi vinayagar koil street , 8.Kalasthambadi (R.V) And (P)Ward 1 Kilambadi Main Street , 9.Kalasthambadi (R.V) And (P)Ward 2 Colony Pillaiyar Koil Street , 10.Kalasthambadi (r.v) and (p)Ward 2 colony ponniamman koil street , 11.Kalasthambadi (R.V) And (P)Ward 2 Colony Noopanar Koil Street , 12.Kalasthambadi (r.v) and (p)Ward 2 colony mettu street , 13.Kalasthambadi (R.V) And (P)Ward 3 Mathulambadi Piruvu Pathai , 14.Kalasthambadi (R.V) And (P)Ward 2 Kaliamman Koil Kottai , 999.OVERSEAS ELECTORS",All Voters
87,64,87,"Panchayat union middle school east building facing south,Thurinjapuram village & post 606805","1.Thirinjapuram (R.V) And (P)Ward 1 Mathallampadi Salai , 2.Thirinjapuram (R.V) And (P)Ward  1 Office  Street , 3.Thirinjapuram (R.V) And (P)Ward 1 Thunddu Street 1 , 4.Thirinjapuram (R.V) And (P)Ward1 Thunddu street 2 , 5.Thirinjapuram (R.V) And (P)Ward  1 thunddu 3th street , 6.Thirinjapuram (R.V) And (P)Ward 1 Ootiteri Paddi , 7.Thirinjapuram (R.V) And (P)Ward  1 Natha street , 999.OVERSEAS ELECTORS",All Voters
88,64,88,"Panchayat union middle school east building  south facing ,West Wing, Thurinjapuram village & post 606805","1.Thirinjapuram (R.V) And (P), Ward 1 Kulathugnakari Merikku 2.Thirinjapuram (R.V) And (P), Ward 1 Kulathugnarai south street 3.Thirinjapuram (R.V) And (P), Ward 1 Kulangarai East street 4.Thirinjapuram (R.V) And (P), Ward 1 Thoroupatheyamman Koil Street
5. Thirinjapuram (R.V) And (P), Ward 1 Kuthalavad road 6.Thirinjapuram (R.V) And (P), Ward 1 Amman Koil Street1 7.Thirinjapuram (R.V) And (P), Ward 1 Amman Koil Street2
8. Thirinjapuram (R.V) And (P), Ward 2 Reddiyar Road 9Thirinjapuram (R.V) And (P), Ward 2 Rettiyar south street 10.Thirinjapuram (R.V) And (P), Ward 2 Reddayar cross street 11.Thirinjapuram (R.V) And (P), Ward 1 Pajanai Kovil Street 2 12.Thirinjapuram (R.V) And (P), WArd 2 Pajanai koil thndu street
13. Thirinjapuram (R.V) And (P), Ward 2 Pajanai KoilStreet1 14.Thirinjapuram (R.V) And (P), Ward 2 Arasamara Street 15.Thirinjapuram (R.V) And (P), Ward 2 Ootiteri Street 1
16. Thirinjapuram (R.V) And (P), Ward 2 Ootitere Street 2
17. Thirinjapuram (R.V) And (P), Ward 2 Ootitere Street 3 18.Thirinjapuram (R.V) And (P), Ward 2 Ootitere kolla kottai 19.Thirinjapuram (R.V) And (P), Ward 2 Thurigsapuram Kolla Kottai",All Voters
89,64,89,"Panchayat union middle school East building facing south,Thurinjapuram village & post 606805","1.Thurinjapuram (R.V) And (P)Ward 3 Valluvar Street , 2.Thurinjapuram (R.V) And (P)Ward 2 Pallikuda Street , 3.Thurinjapuram (R.V) And (P)Ward 4 Pillaiyar KOil Street ,
4.Thurinjapuram (R.V) And (P)Ward 4 Pillaiyar Koil Kizhakku Thundu Street, 5.Thurinjapuram (R.V) And (P)Ward 4 Pillaiyar Koil Merkku Thundu Street , 6.Thurinjapuram (R.V) And (P)Ward 4 Thattodu Street ,
7.Thurinjapuram (R.V) And (P)Ward 5 Pudhur , 999.OVERSEAS ELECTORS",All Voters
90,64,90,"Panchayat union middle school West building south facing , West wingThurinjapuram village & post 606805","1.Thurinjapuram (R.V) And (P), Ward 4 Mariamman Koil Street  2.Thurinjapuram (R.V) And (P), Ward 4 Mariamman Koil KizhakkuThundu Street 3.Thurinjapuram (R.V) And (P), Ward 4 Mariamman Koil Merkku Thundu Street 4.Thurinjapuram (R.V) And (P), Ward 4 Therkku Street
5.Thurinjapuram (R.V) And (P), Ward 5 Bosko Nagar 6.Thurinjapuram (R.V) And (P), Ward 3 Kallakuruchi 7.Thurinjapuram (R.V) And (P), Ward 5 Pudhur Kollai Kotta",All Voters
91,64,91,"Panchayat union Middle school east building. facing west,Usambadi,thurinjapuram post
,606805","1.Oosambadi (r.v) and (p)Ward 1 pillaiyar koil street , 2.Oosambadi (R.V) And (P)Ward 1 Thundu Street , 3.Oosambadi (r.v) and (p)Ward 1 pillaiyar koil periya street , 4.Oosambadi (R.V) And (P)Ward 1 Pillaiyar Koil Merkku Street , 5.Oosambadi (R.V) And (P)Ward 1 Pillaiyar Koil Nadu Street , 6.Oosambadi (r.v) and (p)Ward 1 mariamman koil street , 7.Oosambadi (R.V) And (P)Ward 1 Therkku Street , 8.Oosambadi (R.V) And (P)Ward 1 Therkku KIzh Street , 9.Oosambadi (R.V) And (P)Ward 1 Therkku Mel Street , 10.Oosambadi (R.V) And (P)Ward 1 Tiruvannamalai Main Road , 11.Oosambadi (R.V) And (P)Ward 1 Oosambadi Salai , 12.Oosambadi (R.V) And (P)Ward 1 Therkku Thottakkal , 13.Oosambadi (r.v) and (p)Ward 2 aathithravidar pudhu street , 999.OVERSEAS ELECTORS",All Voters
92,64,92,"Panchayat union Middle school east building. facing west,West
WING,Usambadi,thurinjapuram post
,606805","1.Oosambadi (r.v) and (p), Ward 2 aathithravidar paizhya street 2Oosambadi (R.V) And (P), Ward 2 Arunthathiyar Mudhal Street 3.Oosambadi (R.V) And (P), Ward 2 Mariamman Koil Street 4.Oosambadi (R.V) And (P), Ward 2 Tank Street",All Voters
93,64,93,"Panchayat union middle school new building facing west,Silapanthal village , kolakaravadi post,606805","1.Seelappanthal (r.v) and (p)Ward 1 seelppathal road street , 2.Seelappanthal (r.v) and (p)Ward 1 oothhavadai street , 3.Seelappanthal (R.V) And (P)Ward 1 Seelappanthal Cross Street , 4.Seelappanthal (R.V) And (P)Ward 1 Nadu street , 5.Seelappanthal (R.V) And (P)Ward  1 Sadu street , 6.Seelappanthal (R.V) And (P)Ward  1  Pillaiyar koil street , 7.Seelappanthal (R.V) And (P)Ward 1  Mariyamman koil street , 8.Seelappanthal (R.V) And (P)Ward  1 Mariyamman koil street , 9.Seelappanthal (R.V) And (P)Ward 1  Mariyamman Koil Street 3 ,
10.Seelappanthal (R.V) And (P)Ward  1 Puthu Mariyamman Koil Street , 11.Seelappanthal (R.V) And (P)Ward 1 Cross Mariyamman Koil Street , 12.Seelappanthal (R.V) And (P)Ward 1 Seelappanthal Kolla Kottai , 13.Seelappanthal (R.V) And (P)Ward 1 Erular  colony , 14.Seelappanthal (R.V) And (P)Ward 1 Erular Colony Merikku Street , 15.Seelappanthal (R.V) And (P)Ward 1 Erular Colony South Street , 16.Seelappanthal (R.V) And (P)Ward 1 Erular Colony  East Street , 17.Seelappanthal (R.V) And (P)Ward 2 Kalar  Koil Street , 18.Seelappanthal (R.V) And (P)Ward 2  Kalar New Street1 , 19.Seelappanthal (R.V) And (P)Ward 2 Kalar New Street 2 , 20.Seelappanthal (R.V) And (P)Ward 2 Kalar Main Raod Street , 21.Seelappanthal (R.V) And (P)Ward 2  Kalar kollakottai , 22.Seelappanthal (R.V) And (P)Ward  2  Kalar north pakka kolla kottai , 999.OVERSEAS ELECTORS",All Voters
94,64,94,"Panchayat union middle school new building facing South,West Wing Mottur H/O, Silapanthal village , kolakaravadi post,606805","1 - Seelappanthal (R.V) And (P), Ward 2 Peryamottori Nadu Street
2 - Seelappanthal (R.V) And (P), Ward 2 Perya Mottor South Street
3 - Seelappanthal (R.V) And (P), Ward 2 Perya Motturi Sandu Street
4 - Seelappanthal (R.V) And (P), Ward 2 Senna Mottur
5 - Seelappanthal (R.V) And (P), Ward 2 Senna Mottuor kolla kottai
6 - Seelappanthal (R.V) And (P), Ward 2 Perya Mettour Kolla Kottai
7 - Seelappanthal (R.V) And (P), Ward 2 Vedinagar Vellor Main Road",All Voters
95,64,95,"Panchayat union middle school main building East Facing,Silapanthal village & post 606805","1.Seelappanthal (R.V) And (P)Ward 2 Payai Mannai Pillayar Koil Street , 2.Seelappanthal (R.V) And (P)Ward 2 Old mannai sandu street , 3.Seelappanthal (R.V) And (P)Ward Old Mannai Sandu Street 1 , 4.Seelappanthal (R.V) And (P)Ward Old Mannai  Sandu Street 2 , 5.Seelappanthal (R.V) And (P)Ward Old Mannai  Main Road Street , 6.Seelappanthal (R.V) And (P)Ward Old Mannai  Sandu Street 3 , 7.Seelappanthal (R.V) And (P)Ward Old Mannai New Street , 8.Seelappanthal (R.V) And (P)Ward 3 Puthu Mannai Pillayar Koil Street , 9.Seelappanthal (R.V) And (P)Ward  Puthumannai Road Street 1 , 10.Seelappanthal (R.V) And (P)Ward 3 Puthu Mannai Road Street 2 , 11.Seelappanthal (R.V) And (P)Ward Colony Raod  Street , 12.Seelappanthal (R.V) And (P)Ward 3 Colony South Street , 13.Seelappanthal (R.V) And (P)Ward 3 Colony North Street , 14.Seelappanthal (R.V) And (P)Ward  3  Pisanthal Uoor , 15.Seelappanthal (R.V) And (P)Ward 3  Kolla kottai ,
16.Seelappanthal (R.V) And (P)Ward 3  Aalangal , 17.Seelappanthal (R.V) And (P)Ward 3  Vedddi nagar , 999.OVERSEAS ELECTORS",All Voters
96,64,96,"Govt hr sec schoolWest Building EastPart Facing North,Inamkariyandhal village & post
,606604","1.Inamkariyanthal (R.V) And (P)Ward 1 Kamaraja salai 1 , 2.Inamkariyanthal (R.V) And (P)Ward 1 Kamarajan salai 2 , 3.Inamkariyanthal (R.V) And (P)Ward 1 Kamarajar salai cross st3 , 4.Inamkariyanthal (R.V) And (P)Ward 1 Sathunavu Street East , 5.Inamkariyanthal (R.V) And (P)Ward 1 Sathunavu Street ,
6.Inamkariyanthal (R.V) And (P)Ward 1 Sathunavu Street North Cross Street , 7.Inamkariyanthal (R.V) And (P)Ward 1 Sathunavu Street East Cross Street , 8.Inamkariyanthal (R.V) And (P)Ward 1Sathunavu Street East Cross Street , 9.Inamkariyanthal (R.V) And (P)Ward 1 Sathunavu Street south , 10.Inamkariyanthal (R.V) And (P)Ward 1 Pillaiyar Koil Street , 11.Inamkariyanthal (R.V) And (P)Ward 1 Pillaiyar Koil Street , 12.Inamkariyanthal (R.V) And (P)Ward 1 Pillaiyar Koil Street , 13.Inamkariyanthal (R.V) And (P)Ward 1 Pillaiyar Koil East Cross Street , 14.Inamkariyanthal (R.V) And (P)Ward 1 Pillaiyar Koil West Cross Street , 15.Inamkariyanthal (R.V) And (P)Ward 1 Achari Street ,
16.Inamkariyanthal (R.V) And (P)Ward 1 Amman Nagar Main Street , 17.Inamkariyanthal (R.V) And (P)Ward 1 Amman Nagar Street 1 , 18.Inamkariyanthal (R.V) And (P)Ward 1 Amman Nagar Street 2 , 999.OVERSEAS ELECTORS",All Voters
97,64,97,"Govt hr sec school West Part West Part North Facing,Inamkariyandhal village & post ,606604","1.Inamkariyanthal (R.V) And (P)Ward 2 Old  Colony Main Road Street , 2.Inamkariyanthal (R.V) And (P)Ward 2 Old Colony Main Road Street , 3.Inamkariyanthal (R.V) And (P)Ward 2 Old Colony Pillaiyar Koil Street , 4.Inamkariyanthal (R.V) And (P)Ward 2 Old Colony Cross Street 1 , 5.Inamkariyanthal (R.V) And (P)Ward 2 Old Cross Street 2 , 6.Inamkariyanthal (R.V) And (P)Ward 1 Old Colony Cross Street 3 , 7.Inamkariyanthal (R.V) And (P)Ward 2 Old Colony Neerthekka Thotti , 8.Inamkariyanthal (R.V) And (P)Ward 2 Old Colony Kotikuppam , 9.Inamkariyanthal (r.v) and (p)Ward 2 puducolony street 1 , 10.Inamkariyanthal (R.V) And (P)Ward 2 New Colony Street 2 , 11.Inamkariyanthal (R.V) And (P)Ward 2 New  Colony Street 3 , 12.Inamkariyanthal (R.V) And (P)Ward 2 New Colony Street 4 ,
13.Inamkariyanthal (R.V) And (P)Ward 2 Nadu Colony Mariyamman Koil Street , 14.Inamkariyanthal (R.V) And (P)Ward 2 Nadu Colony Mariyamman Koil Street , 15.Inamkariyanthal (R.V) And (P)Ward 2 Nadu Colony Mariyamman Koil Street , 16.Inamkariyanthal (R.V) And (P)Ward 2 Nadu Colony Mariyamman Koil Street , 17.Inamkariyanthal (R.V) And (P)Ward 2 Nadu Colony Mariyamman Koil Street , 999.OVERSEAS ELECTORS",All Voters
98,64,98,"Panchayat Union Elementary School Old Building West Part North Facing,Inamkariyandhal Village and Post- 606 604","1.Inamkariyanthal (R.V) And (P)Ward 3 Vedi Nagar Main Street , 2.Inamkariyanthal (R.V) And (P)Ward 3 Vedi Nagar South Part , 3.Inamkariyanthal (R.V) And (P)Ward 3 Vedi Nagar East Part , 4.Inamkariyanthal (R.V) And (P)Ward 3 Mottur East Part , 5.Inamkariyanthal (R.V) And (P)Ward 3 Mottur East Part , 6.Inamkariyanthal (R.V) And (P)Ward 3 Periya Kuyavan Kuttai , 7.Inamkariyanthal (R.V) And (P)Ward 3 Chinna Kuyavan Kuttai East , 8.Inamkariyanthal (R.V) And (P)Ward 3 Chinna Kuyavan Kuttai ,
9.Inamkariyanthal (R.V) And (P)Ward 3 Inamkariyanthal Puthur Main Street , 10.Inamkariyanthal (R.V) And (P)Ward 3 Inamkariyanthal Puthur Cross Street , 11.Inamkariyanthal (R.V) And (P)Ward 3 Inamkariyanthal Pudur Cross Street , 12.Inamkariyanthal (R.V) And (P)Ward 3 Inamkariyanthal Pudur Cross Street , 13.Inamkariyanthal (R.V) And (P)Ward 3 Koot Road Vellore Salai , 14.Inamkariyanthal (R.V) And (P)Ward 3 Kootroad Vaniga Valaga Street , 15.Inamkariyanthal (R.V) And (P)Ward 3 Annakili Kotta Pillaiyar Koil Street , 16.Inamkariyanthal (R.V) And (P)Ward 3 Annakilikotta Cross Street , 17.Inamkariyanthal (R.V) And (P)Ward 3 Annakili Kotta East Street , 18.Inamkariyanthal (R.V) And (P)Ward 3 Annakili Kotta West Part , 19.Inamkariyanthal (R.V) And (P)Ward 3 AnnakiliKotta North Part , 999.OVERSEAS ELECTORS",All Voters
99,64,99,"Govt Hr sec school East BuildingWest Part North Facing,Inamkariyandhal Village and Post- 606 604","1.Inamkariyanthal (R.V) And (P)Ward 3 Deepam Nagar North Main Street , 2.Inamkariyanthal (R.V) And (P)Ward 3 Deepam Nagar North Street 1 , 3.Inamkariyanthal (R.V) And (P)Ward 3 Deebam Nagar North Street 2 , 4.Inamkariyanthal (R.V) And (P)Ward 3 Deepam Nagar North Street 3 , 5.Inamkariyanthal (R.V) And (P)Ward 3 Deepam Nagar North Street 4 , 6.Inamkariyanthal (r.v) and (p)Ward 3 deepam nagar west  street 1 , 7.Inamkariyanthal (r.v) and (p)Ward 3 deepam nagar west  street 2 , 8.Inamkariyanthal (R.V) And (P)Ward 3 Deepam Nagar West Street 3 , 9.Inamkariyanthal (R.V) And (P)Ward 3 Deepam Nagar West Street 4 , 10.Inamkariyanthal (r.v) and (p)Ward 3 deepam nagar west street 5 , 11.Inamkariyanthal (R.V) And (P)Ward 3 Deepam Nagar West  Street 6 , 12.Inamkariyanthal (R.V) And (P)Ward 3 Deepam Nagar West Cross Street 8 , 13.Inamkariyanthal (R.V) And (P)Ward 3 Deepam Nagar Kollaikotta , 14.Inamkariyanthal (R.V) And (P)Ward 3 Deepam Nagar East Street 1 , 15.Inamkariyanthal (R.V) And (P)Ward 3 Deepam Nagar East Street 2 , 16.Inamkariyanthal (R.V) And (P)Ward 3 Deepam Nagar East Street 3 , 17.Inamkariyanthal (R.V) And (P)Ward 3 Deepam Nagar East Street 4 , 999.OVERSEAS ELECTORS",All Voters
100,64,100,"Panchayat Union Elementary School East Part North Facing Room,Inamkariyanthal ,Post, 606604","1.Inamkariyanthal (R.V) And (P)Ward 4 Inamvelakandhal Musliem Street , 2.Inamkariyanthal (R.V) And (P)Ward 4 Enamvelanandhal Piliayar Koil Street , 3.Inamkariyanthal (R.V) And (P)Ward 4 Inamvenakanadhal Pillaiyar Koil Street , 4.Inamkariyanthal (R.V) And (P)Ward 4 Inamvelakanandhal  Cross Street , 5.Inamkariyanthal (R.V) And (P)Ward 4 Inamvelakanandhal Cross Street 1 , 6.Inamkariyanthal (R.V) And (P)Ward 4 Indra Nagar Main Street , 7.Inamkariyanthal (R.V) And (P)Ward 4 Indira Nagar Cross Street , 8.Inamkariyanthal (R.V) And (P)Ward 4 Indra Nagar Cross Street 2 , 9.Inamkariyanthal (R.V) And (P)Ward 4 Indra Nagar Cross Street 3 , 10.Inamkariyanthal (R.V) And (P)Ward 4 Indra Nagar Cross Street 4 , 11.Inamkariyanthal (R.V) And (P)Ward 4 Indra Nagar Cross Street 5 , 12.Inamkariyanthal (R.V) And (P)Ward 4 Mettu Sathiram Neerthokka , 13.Inamkariyanthal (R.V) And (P)Ward 4 Mettu sathiram pillaiyar koil st , 14.Inamkariyanthal (R.V) And (P)Ward 4 Mettu Sathiram Mariyamman Koil Street , 15.Inamkariyanthal (R.V) And (P)Ward 4 Mettu Sathiram Mariyamman Koil Street , 16.Inamkariyanthal (R.V) And (P)Ward 4 Mettu Sathiram Mariyamman Koil Street , 17.Inamkariyanthal (R.V) And (P)Ward 4 Mettu Sathiram West Part , 999.OVERSEAS ELECTORS",All Voters
101,64,101,"Panchayat Union Elementary School West Part North Facing Room,Inamkariyanthal Village and Post- 606 604","1.Inamkariyanthal (R.V) And (P)Ward 4 Muniyanthal Sathiram Pillaiyar Koil Street , 2.Inamkariyanthal (R.V) And (P)Ward 4 Muniyanthal Sathiram School Street , 3.Inamkariyanthal (R.V) And (P)Ward 4 Muniyanthal Sathiram Mariyamman Koil Street ,
4.Inamkariyanthal (R.V) And (P)Ward 4 Vengayavelur Main Street , 5.Inamkariyanthal (R.V) And (P)Ward 4 Vengayavelur  Pillaiyar Koil Street , 6.Inamkariyanthal (R.V) And (P)Ward 4 Vengayavelur Oorpillaiyar Koil Street , 7.Inamkariyanthal (r.v) and (p)Ward 5 vengayavelur colony pillaiyar koil street , 8.Inamkariyanthal (R.V) And (P)Ward 5 Vengayavelur Colony Mariyamman Koil Street ,
9.Inamkariyanthal (R.V) And (P)Ward 5 Vengayavelur Colony Mariyamman Koil Street ,
10.Inamkariyanthal (R.V) And (P)Ward 5 Vengayavelur Colony Cross Street , 11.Inamkariyanthal (R.V) And (P)Ward 5 Vengayavelur Koilmedu Street , 12.Inamkariyanthal (R.V) And (P)Ward 5 Vengayavelur Koilai Street , 13.Inamkariyanthal (R.V) And (P)Ward 5  Vengayavelur Kollai Kotta , 14.Inamkariyanthal (R.V) And (P)Ward 5 Vengayavelur kaluran Kotta , 999.OVERSEAS ELECTORS",All Voters
102,64,102,"Panchayat Union Elementry school Old Building,Sadayanodai kalasthambadi post,606805","1.Sadayanodai (R.V) And (P)Ward 1 Kurukku Street , 2.Sadayanodai (R.V) And (P)Ward 1 West Street , 3.Sadayanodai (R.V) And (P)Ward 1 Palla Street , 4.Sadayanodai (R.V) And (P)Ward 1 Thurinjapuram Salai , 5.Sadayanodai (r.v) and (p)Ward 1 santhu street , 6.Sadayanodai (r.v) and (p)Ward 1 mesthiri street , 7.Sadayanodai (R.V) And (P)Ward 1 Main Street , 8.Sadayanodai (r.v) and (p)Ward 1 aachari street 1 , 9.Sadayanodai (R.V) And (P)Ward 1 Aachari Street 2 , 10.Sadayanodai (r.v) and (p)Ward 1 vinayakar koil street ,
11.Sadayanodai (r.v) and (p)Ward 1 melsadaiyanodai vinayakar street , 12.Sadayanodai (r.v) and (p)Ward 2  mel sadiyanodai nadhu street , 13.Sadayanodai (R.V) And (P)Ward 2 Merkku Kollai Kottai , 14.Sadayanodai (R.V) And (P)Ward 1 Kizhakku Kollai Kottai , 999.OVERSEAS ELECTORS",All Voters
103,64,103,"Panchayat Union Elementry school New Building, West facing , Sadayanodai kalasthambadi post,606805","1.Sadayanodai (r.v) and (p), Ward 1 north street 2.Sadayanodai (r.v) and (p), Ward 2 thurinjapuram west salai 3.Sadayanodai (R.V) And (P), Ward 2 Arasamara Street Colony 4.Sadayanodai (R.V) And (P), Ward 2 Tiruvannamalai Salai 5.Sadayanodai (R.V) And (P), Ward 2 Ambedkar Street Colony 6.Sadayanodai (R.V) And (P), Ward 2 Santhu Street Colony 7.Sadayanodai (r.v) and (p), Ward 2 colony nadhu street 8.Sadayanodai (R.V) And (P), Ward 2 Colony West Street 9.Sadayanodai (R.V) And (P), Ward 2 Colony North Street 10.Sadayanodai (R.V) And (P), Ward 2 Padasalai Street
11.Sadayanodai (R.V) And (P), Ward 2 Pulliyampettai Kurukku Street 1 12.Sadayanodai (R.V) And (P), Ward 2 Pulliyampettai Kurukku Street 2 13.Sadayanodai (r.v) and (p), Ward 2 pulliyampettai main street 14.Sadayanodai (R.V) And (P), Ward 2 Pulliyampettai Bore Street 15.Sadayanodai (R.V) And (P), Ward 2 Aasiriyar Street 16.Sadayanodai (R.V) And (P), Ward 2 Sathiram Salai",All Voters
104,64,104,"Panchayat union Middle school New Building South Part West Facing,Sananthal kalasthambadi post,606805","1.Sanananthal (R.V) And (P)Ward1 Mettu Street Mel Sanananthal , 2.Sanananthal (R.V) And (P)Ward 1 Tank Street  Mel Sanananthal , 3.Sanananthal (R.V) And (P)Ward 1 Bai Street Mel Sanananthal , 4.Sanananthal (r.v) and (p)Ward 1 nadhu street mel sananthal , 5.Sanananthal (R.V) And (P)Ward 1 Palla Street Mel Sanananthal , 6.Sanananthal (R.V) And (P)Ward 1 North Street  Mel Sanananthal , 7.Sanananthal (R.V) And (P)Ward 1 NorthKolla Kottai Mel Sanananthal , 8.Sanananthal (R.V) And (P)Ward 1 Pallikuda Street Mel Sanananthal, 9.Sanananthal (R.V) And (P)Ward 2 Masuthi Street
10.Sanananthal (R.V) And (P)Ward 2 Odai Salai 11.Sanananthal (R.V) And (P)Ward 2 Poosari Kottai 12.Sanananthal (R.V) And (P)Ward 2 Puliyankulam 13.Sanananthal (R.V) And (P)Ward 2 Easankadu -1 14.Sanananthal (R.V) And (P)Ward 2 Easankadu -2 999.OVERSEAS ELECTORS",All Voters
105,64,105,"Panchayat union Middle school New Building South Part West Facing, Sananthal kalasthambadi post,606805","1.Sanananthal (R.V) And (P), Ward 1 2 SathunavuKuda Street (New Sananthal) 2.Sanananthal (R.V) And (P), Ward 2 Santhu Street New Sanananthal 3.Sanananthal (R.V) And (P), Ward 2 Aalamara Street (New Sannandal) 4.Sanananthal (r.v) and (p), Ward 2 amman koil street (new sanandal) 5.Sanananthal (r.v) and (p), Ward 2 vinayakar koil street new sananthanal 6.Sanananthal (r.v) and (p), Ward 2 avalurpettai salai
7.Sanananthal (R.V) And (P), Ward 2 Namiandal Salai",All Voters
106,64,106,"Panchayat Union Middle School New building facing west,Vadaandapattu, Post, 606604","1.Vadandappattu (R.V) And (P)Ward 1 Mariamman Koil Street , 2.Vadandappattu (R.V) And (P)Ward 1 Paizhya Vada Aandappattu , 3.Vadandappattu (R.V) And (P)Ward 1 Pillaiyar Kovil Street , 4.Vadandappattu (R.V) And (P)Ward 1 Pudhu Vada Aandappattu , 5.Vadandappattu (R.V) And (P)Ward 2 Colony Mariamman Koil Street , 6.Vadandappattu (R.V) And (P)Ward 2 Colony Palla Street , 7.Vadandappattu (R.V) And (P)Ward 1 Road Street ,
8.Vadandappattu (R.V) And (P)Ward 2 Arasangkulam Colony , 999.OVERSEAS ELECTORS",All Voters
107,64,107,"Panchayat Union Middle School South Wing West facing,Vadaandapattu- 606604","1.Vadandappattu (R.V) And (P)Ward 1 Machine Kotta , 2.Vadandappattu (R.V) And (P)Ward 1 Selvapuram , 3.Vadandappattu (R.V) And (P)Ward 2 Seriyandal Main Road , 4.Vadandappattu (R.V) And (P)Ward 1 Seriyandal Mettu Street ,
5.Vadandappattu (R.V) And (P)Ward 2 Seriyandal Pillaiyar Kovil Street , 6.Vadandappattu (R.V) And (P)Ward Seriyandal Palla Street , 7.Vadandappattu (R.V) And (P)Ward 2 Seriyandal Colony , 999.OVERSEAS ELECTORS",All Voters
108,64,108,"Panchayat Union Primary school Anganwadi centre North facing East Building,Kiliyapattu village & post 606604","1.Killiyapattu (R.V) and (P)Ward 2 Colony Pillaiyar Koil Street 2.Killiyapattu (R.V) and (P)Ward 2 Colony Nadu Street  , 3.Killiyapattu (R.V) and (P)Ward 2 Colony Medu Street , 4.Killiyapattu (R.V) and (P)Ward 2 Killiyapattu Colony , 5.Killiyapattu (R.V) and (P)Ward 2 Colony Palla Street , 999.OVERSEAS ELECTORS",All Voters
109,64,109,"Panchayat Union Primary school New Building west facing ,Kiliyapattu village & post 606604","1.Kiliyapattu(r.v)&(p)Ward 1 palla street , 2.KiliyapattuWard 1 north st 1 ,
3.Killiyapattu (R.V) and (P)Wrad 1 North Street 2 , 4.Killiyapattu (R.V) and (P)Ward 1 Pillaiyar Koil Street ,",All Voters
110,64,110,"Panchayat Union Primary School East part North facing,Kiliyapattu village & post 606604","1.Kiliyappattu (R.V) And (P)Ward 3 Kizhkunnumurunji Nedu Street , 2.Kiliyappattu (R.V) And (P)Ward 3 Kizhkunnumurunji Pillaiyar Koil Street , 3.Kiliyappattu (R.V) And (P)Ward 3 Kizhkunnumurunji Kizh Street , 4.Kiliyappattu (R.V) And (P)Ward 3 Mel Street ,
5.Kiliyappattu (R.V) And (P)Ward 3 Jeyavel Goundar , 6.Kiliyappattu (R.V) And (P)Ward 2 Kiliyappattu Colony , 7.Kiliyappattu (R.V) And (P)Ward 3 Sigari Kotta , 8.Kiliyappattu (R.V) And (P)Ward 3 Kili Nagar , 999.OVERSEAS ELECTORS",All Voters
111,64,111,"Panchayat union primary school New Building West WingNorth Facing,Kiliyapattu village & post 606604","1.Kiliyappattu (R.V) And (P)Ward 3 Elathooran Kotta , 2.Kiliyappattu (r.v) and (p)Ward 3 oosalangkotta ,
3.Kiliyappattu (r.v) and (p)Ward 4 mudhal vinayagar koil street , 4.Kiliyappattu (R.V) And (P)Ward 5 Melkunnumurunji Palla Street , 5.Kiliyappattu (R.V) And (P)Ward 5 MelkunnuMurunji Nadu Street , 999.OVERSEAS ELECTORS",All Voters
112,64,112,"Government High School East BuildingNorth Pat West Facing,Vallivagai village & post
,606752","2.Vallvaakai (R.V) And (P)Ward 1 Kollaipura Santhu , 3.Vallvaakai (R.V) And (P)Ward 1 SalaiKizh Part , 4.Vallvaakai (R.V) And (P)Ward 1 SalaiMel Part , 5.Vallvaakai (R.V) And (P)Ward 1 1st Santhu , 6.Vallvaakai (R.V) And (P)Ward 1 2nd Santhu , 7.Vallvaakai (R.V) And (P)Ward 1 3rd Santhu ,
8.Vallvaakai (R.V) And (P)Ward 1 Vadapurasanthu Melpart , 9.Vallvaakai (R.V) And (P)Ward 1 Vadapurasanthu Veethi , 10.Vallvaakai (R.V) And (P)Ward 1 Northpart Santhu , 11.Vallvaakai (R.V) And (P)Ward 1 Melpura Santhu Veethi , 12.Vallvaakai (R.V) And (P)Ward 1 Melpuram , 13.Vallvaakai (R.V) And (P)Ward 1 Main Street ,
14.Vallvaakai (R.V) And (P)Ward 1 2 Thenpurakollaipakuthi Vallivaakai , 15.Vallvaakai (R.V) And (P)Ward 1&2 Mel KollaipuraVeedukal , 16.Vallvaakai (R.V) And (P)Ward 1& 2 Salai Thenpura Pakuthi , 17.Vallvaakai (R.V) And (P)Ward 1& 2 KizhVeethi Santhu ,  18.Vallvaakai (R.V) And (P)Ward 1.2 Kamatchiamman Kovil Veethi , 19.Vallvaakai (R.V) And (P)Ward 1& 2 Kurukku Street Vallivaakaipatti ,
20.Vallvaakai (R.V) And (P)Ward  1& 2 Kurukku Santhu Vallivaakaipatti , 21.Vallvaakai (R.V) And (P)Ward 1& 2 Vadapurasanthu Vallivaakaipatti , 22.Vallvaakai (R.V) And (P)Ward 1 & 2 Salai Kizh Eedapuram Vallivaakaipatti , 23.Vallvaakai (R.V) And (P)Ward 1 & 2 Tharslai Utpurapakuthi Vallivaakaipatti , 24.Vallvaakai (R.V) And (P)Ward 1& 2 Tharsalai Utpurapakuthi ,
25.Vallvaakai (R.V) And (P)Ward 1& 2 Eatiapuram SalaI Vallivaakaipatti , 26.Vallvaakai (R.V) And (P)Ward 1& 2 Kollaipura Veedukal Vallivaakaipatti , 27.Vallvaakai (R.V) And (P)Ward 2 Eatiapuram Salai Main Street , 28.Vallvaakai (r.v) and (p)Ward 2 santhuveethi eattiapuram ,
29.Vallvaakai (R.V) And (P)Ward 2 Eattiapuram Kurukku Santhu , 30.Vallvaakai (R.V) And (P)Ward 2 Eattiapuram 1st Santhu , 31.Vallvaakai (R.V) And (P)Ward 2 Eattiapuram 2nd Santhu , 32.Vallvaakai (R.V) And (P)Ward 2 Kollaiveedu 1 ,
33.Vallvaakai (R.V) And (P)Ward 2 Kollaiveedu Eattiapuram ,",All Voters
113,64,113,"Government High school East building South Part West Facing Room,Vallivagai village & post
,606752","1.Vallvaakai (R.V) And (P)Ward 3  Vadamerkku pakuthi 1 , 2.Vallvaakai (R.V) And (P)Ward 3 Vadamerkku Pakuthi 2 , 3.VALLIVAAKAI(Pt)Ward 3 Thenmerkku Pakuthi 1 , 4.Vallvaakai (R.V) And (P)Ward 3 ThenMerkku Pakuthi 2 , 5.Vallvaakai (R.V) And (P)Ward 3 Vallivaakai Puthur Salai , 6.Vallvaakai (R.V) And (P)Ward 3 Vadakizhakku Pakuthi , 7.Vallvaakai (R.V) And (P)Ward 3 Salai ,
8.Vallvaakai (R.V) And (P)Ward 3 Thenkizhakku Pakuthi1 , 9.Vallvaakai (R.V) And (P)Ward 3 Thenkizahakku Pakuthi 2 , 10.Vallvaakai (R.V) And (P)Ward 3 Vallivaakaiputhur Salai , 11.Vallvaakai (R.V) And (P)Ward 3 Santhu Veethi , 12.Vallvaakai (R.V) And (P)Ward 3 Pillaiyar Koil Street , 13.Vallvaakai (R.V) And (P)Ward 3 Kurukku Santhu , 14.Vallvaakai (R.V) And (P)Ward 3 Kollaipura Veedukal , 15.Vallvaakai (R.V) And (P)Ward 3 Thellanandal Salai ,
16.Vallvaakai (R.V) And (P)Ward 5 & 4 Vadaveethi Thellanandal , 17.Vallvaakai (R.V) And (P)Ward 5 Santhu Veethi Thellanandal , 18.Vallvaakai (R.V) And (P)Ward  5 & 4 Main Street , 19.Vallvaakai (R.V) And (P)Ward 5 & 4 Kurukku Santhu , 20.Vallvaakai (R.V) And (P)Ward 5 & 4 Vallivaakai Salai , 21.Vallvaakai (R.V) And (P)Ward 5 & 4 Melpura Kollaiveedukal , 999.OVERSEAS ELECTORS",All Voters
114,64,114,"Government High school East Building North Part West Facing,Vallivagai village & post
,606752","1.Vallvaakai (r.v) and (p)Ward 4 & 3 colony vadavandaiveethi , 2.Vallvaakai (R.V) And (P)Ward 4 & 3 Colony Nadhuveethi , 3.Vallvaakai (R.V) And (P)Ward 4 & 3 Colony Pillaiyar Koil , 4.Vallvaakai (r.v) and (p)Ward 4 & 3 thenpura veethi , 5.Vallvaakai (R.V) And (P)Ward 4 Thenpura Veethi Sellum , 6.Vallvaakai (R.V) And (P)Ward 4 & 3 Santhu Veethi , 7.Vallvaakai (R.V) And (P)Ward 4 & 3 Kurukku Santhu , 8.Vallvaakai (R.V) And (P)Ward 3 & 4 Santhu ,
9.Vallvaakai (R.V) And (P)Ward 4 & 3 Main Street , 10.Vallvaakai (R.V) And (P)Ward 4 & 3 Madhakoil Street ,
11.Vallvaakai (R.V) And (P)Ward 4 & 3 Madhakoil Street Santhu , 12.Vallvaakai (R.V) And (P)Ward 4 & 3 Pillaiyar Koil Street , 13.Vallvaakai (R.V) And (P)Ward 4 & 3 Colony Street , 14.Vallvaakai (R.V) And (P)Ward 4 & 3 Colony New House , 15.Vallvaakai (R.V) And (P)Ward 4 & 3 Thenpura pakuthi ,
16.Vallvaakai (R.V) And (P)Ward 4 & 3 New Colony Thenpura Veethi , 17.Vallvaakai (R.V) And (P)Ward 4 & 3 Newcolony Vadakku Street , 18.Vallvaakai (R.V) And (P)Ward 4 & 3 Tank Street ,
999.OVERSEAS ELECTORS",All Voters
115,64,115,"Panchayath Union Primary School, South Facing Room, Kunniyanthal, kilnachipattu post,606752","1.Kunniyanthal (R.V) And (P)Ward 2 Naduvur Salai , 2.Kunniyanthal (R.V) And (P)Ward 2 KizhSanthu Veedhi , 3.Kunniyanthal (R.V) And (P)Ward 2 Pillaiyar Bajanai Koil Street , 4.Kunniyanthal (R.V) And (P)Ward 2 Thenpura Kollai , 5.Kunniyanthal (R.V) And (P)Ward 2 & 1 MelVeedhi , 6.Kunniyanthal (R.V) And (P)Ward 2 Mel Veedhi Pinpura Pakuthi , 7.Kunniyanthal (R.V) And (P)Ward 2 Vadakku Kollai Pakuthi , 8.Kunniyanthal (R.V) And (P)Ward 2 Mettur  Veedhi , 9.Kunniyanthal (R.V) And (P)Ward 2 Vada Sandhu Veedhi , 10.Kunniyanthal (R.V) And (P)Ward 1 Kodikuppam Sellum Salai ,
11.Kunniyanthal (R.V) And (P)Ward 1 Kodikuppam Pillaiyar Koil Street , 12.Kunniyanthal (R.V) And (P)Ward 1 Kurukku Sandhu , 13.Kunniyanthal (R.V) And (P)Ward 1 Sandhu Veedhi ,  14.Kunniyanthal (R.V) And (P)Ward 1 Kizh Pakuthi Kollai Veedu ,
15.Kunniyanthal (R.V) And (P)Ward 1 Kodikuppam Kollaipura Veedugal , 16.Kunniyanthal (R.V) And (P)Ward 1 Naduvoor Vada Veedhi , 17.Kunniyanthal (R.V) And (P)Ward 1 Pillaiyar Koil Sandhu , 18.Kunniyanthal (R.V) And (P)Ward 1 Sandhu ,
19.Kunniyanthal (R.V) And (P)Ward 1 Naduvoor MelPakuthi , 999.OVERSEAS ELECTORS",All Voters
116,64,116,"Panchayat union Middle School New Building facing north,V.Namiyandhal village, ,606611","1.Raantham(pt)Ward1 ayyankula st 1 , 2.RAANTHAM(Pt)Ward 1 Namiandal Kurukku Street , 3.Raantham(pt)Ward 1 amman koil street , 4.RAANTHAM(Pt)Ward 1 Namiandal Kurukku Street 1 , 5.RAANTHAM(Pt)Ward 1 Namiandal Kurukku Street 2 , 6.RAANTHAM(Pt)Ward 1 Namiandal Kurukku Street 3 , 7.RAANTHAM(Pt)Ward 1 Namiandal Kurukku Street 4 , 8.RAANTHAM(Pt)Ward 1 Namiandal Kurukku Street 5 , 9.RAANTHAM(Pt)Ward 1 Namiandal Kurukku Street 6 , 10.RAANTHAM(Pt)Ward 1 Namiandal Kurukku Street 7 , 11.RAANTHAM(Pt)Ward 1 Kollaipart 1 , 12.RAANTHAM(Pt)Ward 1 Raantham Salai , 13.RAANTHAM(Pt)Ward 1 Thoppu Street , 14.RAANTHAM(Pt)Ward 1 Thoppu Marimman Koil Street , 15.RAANTHAM(Pt)Ward  1 Thoppu North Street , 16.RAANTHAM(Pt)Ward 1  Thoppu Kolla Part 2 , 17.RAANTHAM(Pt)Ward  1 Galarpalayam salai , 18.RAANTHAM(Pt)Ward 1 Galarpalayam Theriku Street , 19.RAANTHAM(Pt)Ward 1 Galarpalayam Cross Street , 20.RAANTHAM(Pt)Ward 1  Galar Palayam Kolla Part 3 , 21.RAANTHAM(Pt)Ward 1 Nammiyanthal Kolla Part 4 , 999.OVERSEAS ELECTORS",All Voters
117,64,117,"Panchayat union Elementary School facing south,Raantham Village,
,606611","1.RAANTHAM(Pt)Ward  2 Rantha Gamasiyamman Koil Street , 2.RAANTHAM(Pt)Ward  2 Rantham Pillaiyar Koil Street , 3.RAANTHAM(Pt)Ward  2 Rantham Nadu Street , 4.Raantham(pt)Ward  2 rantham theriku street , 5.RAANTHAM(Pt)Ward  2 Rantham Veera Malai Street , 6.RAANTHAM(Pt)Ward 2 Rantham Koll Part  1 , 7.RAANTHAM(Pt)Ward 2 Rantham Annanagar Cross Street , 8.RAANTHAM(Pt)Ward 2  Rantham Annanagar Nammeyanthal Salai , 9.RAANTHAM(Pt)Ward  2 Rantha Anna nagra Nammiyanthal Salai 2 , 10.RAANTHAM(Pt)Ward 2  Rantham Anna nagar Cross  Street , 11.RAANTHAM(Pt)Ward 2  Rantham Anna Nagar Cross Street 3 , 12.RAANTHAM(Pt)Ward  2 Rantham Anna Nagar Kolla Part , 13.RAANTHAM(Pt)Ward 2  Rantham M.G.R Nagar , 14.RAANTHAM(Pt)Ward 2 Puthu Petti ,
15.RAANTHAM(Pt)Ward 2  Koddi Kuppm , 999.OVERSEAS ELECTORS",All Voters
118,64,118,"Panchayat union Middle School North Building South facing,Kanalapadi village & post,606611","1.Kanalapadi (R.V) And (P)Ward 3 Old Colony South Street , 2.Kanalapadi (R.V) And (P)Ward 3 Old Colony North Street , 3.Kanalapadi (R.V) And (P)Ward 3 Old Colony School Street , 4.Kanalapadi (R.V) And (P)Ward 3 Newcolony 4th Street , 5.Kanalapadi (R.V) And (P)Ward 3 New Colony 3rd Street , 6.Kanalapadi (R.V) And (P)Ward 3 New Colony Cross Street , 7.Kanalapadi (R.V) And (P)Ward 3 New Colony 2nd Street , 8.Kanalapadi (R.V) And (P)Ward 3 New Colony 1st Street , 9.Kanalapadi (R.V) And  (P)Ward 3 New Colony Road Street , 10.Uthabondi (R.V) Kanalapadi (P)Ward 4 Patti Pillaiyar Koil Street , 11.Uthabondi (R.V) Kanalapadi (P)Ward 4 Patti Padasali Street ,
12.Uthabondi (R.V) Kanalapadi (P)Ward 5 Othapoondi Othavadai Street , 999.OVERSEAS ELECTORS",All Voters
119,64,119,"Panchayat union middle school West Facing East Side,Kanalapadi village & post,606611","1.Kanalapadi (R.V) And (P)Ward 1 Palla Street , 2.Kanalapadi (R.V) And (P)Ward 2 Karuneegar Street , 3.Kanalapadi (R.V) And (P)Ward 2 Pillaiyar Koil Street , 4.Kanalapadi (R.V) And (P)Ward 2 Vaniya Street , 5.Kanalapadi (R.V) And (P)Ward 2 Kulathu Street , 6.Kanalapadi (R.V) And (P)Ward 2 Old Colony North Street , 7.Kanalapadi (R.V) And (P)Ward 2 Old Colony Palla Street , 8.Kanalapadi (R.V) And (P)Ward 2 Old Colony South Street , 9.Kanalapadi (r.v) and (p)Ward 2 old colony nadu street , 999.OVERSEAS ELECTORS",All Voters
120,64,120,"Panchayat union Middle School South Part North Facing,Kanalapadi village & post,606611","1.Kanalapadi (R.V) And (P)Ward 1 Padasalai Street , 2.Kanalapadi (R.V) And (P)Ward 1 Othukottai Street , 3.Kanalapadi (R.V) And (P)Ward 1 Nadu Street , 4.Kanalapadi (R.V) And (P)Ward 1 Mettu Street , 5.Kanalapadi (R.V) And (P)Ward 2 Kooturavu Kadai Street , 6.Kanalapadi (R.V) And (P)Ward 5 Mariyamman Nagar , 7.Kanalapadi (R.V) And (P)Ward 5 Narikuravar Colony , 8.Kanalapadi (R.V) And (P)Ward 2 Cross Mettu Street , 999.OVERSEAS ELECTORS",All Voters
121,64,121,"Community Hall facing East,Kothanthavadi village & post,606752","1.Koththanthavadi  (R.V) And (P)Wrad  1 &2  Reddiyar  Street , 2.Koththanthavadi  (R.V) And (P)Ward 2 Udayar  1st  Street , 3.Koththanthavadi  (R.V) And (P)Ward  1 Udayar  2st   Road , 4.Koththanthavadi  (R.V) And (P)Ward  1&2 Colony   New Street , 5.Koththanthavadi  (R.V) And (P)WARD  1 Puthu Thnnaimara Street , 6.Koththanthavadi  (R.V) And (P)Ward  1  Colony   Mettu Street , 7.Koththanthavadi  (R.V) And (P)WARD   1&2  Colony Nadu Street , 8.Koththanthavadi  (R.V) And (P)Ward  1&2  Colony Nadu Street  Sandu , 9.Koththanthavadi  (R.V) And (P)Ward 2 Colony  Nadu Street   Sandhu , 10.Koththanthavadi  (R.V) And (P)Ward  2  Colony  Pallastreet , 11.Koththanthavadi  (R.V) And (P)Ward  2 Colony  Palla 1st  Street , 12.Koththanthavadi  (R.V) And (P)Ward 2 Colony  Palla Street  2st  Sandu , 13.Koththanthavadi  (R.V) And (P)Ward 2  Colony  Pallastreet  3st  Sandu , 14.Koththanthavadi  (R.V) And (P)Ward 2  Colony   Nadu  Street (West Street) , 15.Koththanthavadi  (R.V) And (P)Ward 2    Esunathar  Alaiyasm  Street , 16.Koththanthavadi  (R.V) And (P)Ward 2   Colony   Palla 5th Street , 17.Koththanthavadi  (r.v) and (p)Ward 2  colony  palla 6th street , 18.Koththanthavadi  (R.V) And (P)Ward  2  Colony  Palla 7th  Street , 19.Koththanthavadi  (R.V) And (P)Ward 2  Palla 8th  Street , 20.Koththanthavadi  (R.V) And (P)Ward 2  Colony  Palla Street  Kottai , 21.Koththanthavadi  (R.V) And (P)Ward  2   Colony  New 1st Street , 22.Koththanthavadi  (r.v) and (p)Ward 2  colony  new 2st street , 23.Koththanthavadi  (R.V) And (P)Ward  2  Colony New 3th Street , 24.Koththanthavadi  (R.V) And (P)Ward  2 Road Street ,
999.OVERSEAS ELECTORS",All Voters
122,64,122,"Panchayat union middle school Additional building South Wing facing west,Karumarapatti kothandhavadi post ,606752","1.Kothandavadi (r.v) karumarapatti (p)Ward 1 vishivanathapuram , 2.Kothandavadi (R.V) Karumarapatti (P)Ward   1 KollaKottai 1Street , 3.Kothandavadi (r.v) karumarapatti (p)Ward  1  kollakottai 2 street , 4.Kothandavadi (R.V) Karumarapatti (P)Ward 1  Kolla Kottai 3th Street , 5.Kothandavadi (R.V) Karumarapatti (P)Ward 1 Mettu Street , 6.Kothandavadi (R.V) Karumarapatti (P)Ward 1 Mettu 2st  Street , 7.Kothandavadi (R.V) Karumarapatti (P)Ward 1 Mettu 3th   Street , 8.Kothandavadi (R.V) Karumarapatti (P)Ward  1 Road  1st Street , 9.Kothandavadi (R.V) Karumarapatti (P)Ward  1 Road  2st Street , 10.Kothandavadi (R.V) Karumarapatti (P)Ward 2  Road 3th Street , 11.Kothandavadi (R.V) Karumarapatti (P)Ward 2  Rodiyorum Street , 12.Kothandavadi (R.V) Karumarapatti (P)Ward  2   Pillaiyar  Koil 1st  Street , 13.Kothandavadi (R.V) Karumarapatti (P)Ward 2  Pillaiyar  Koil  1st Street , 999.OVERSEAS ELECTORS",All Voters
123,64,123,"Panchayat Union Middle school Additional Buildingsouth wingfacing west,Karumarapatti kothandhavadi post ,606752","1.Kothandavadi (R.V) Karumarapatti (P)Ward  2   Udayar Street , 2.Kothandavadi (R.V) Karumarapatti (P)Ward  2  Vellakagonder Street , 3.Kothandavadi (R.V) Karumarapatti (P)Ward 2   Vellaigandur  Street , 4.Kothandavadi (R.V) Karumarapatti (P)Ward  2  Pajanai koil Street , 5.Kothandavadi (R.V) Karumarapatti (P)Ward  2   Pajanaikoil 2st  Street , 6.Kothandavadi (R.V) Karumarapatti (P)Ward 2   Chediyar  1st Street , 7.Kothandavadi (R.V) Karumarapatti (P)Ward 2 Vallaininar Swami Street , 8.Kothandavadi (R.V) Karumarapatti (P)Ward  2   Chediyar  2st Street , 9.Kothandavadi (R.V) Karumarapatti (P)Ward  2  Chediyar Street  South , 10.Kothandavadi (R.V) Karumarapatti (P)Ward  2   Poonthamalle  North Street , 11.Kothandavadi (R.V) Karumarapatti (P)Ward 2  Poonthamalle  Nadu Street ,
12.Kothandavadi (R.V) Karumarapatti (P)Ward  2   Ramanathapuram  Road 1st Street , 13.Kothandavadi (R.V) Karumarapatti (P)Ward   3   Ramanthapuram Road 2st Street , 14.Kothandavadi (R.V) Karumarapatti (P)Ward  3  Ramanthapuram  Chedikulam , 15.Kothandavadi (R.V) Karumarapatti (P)Ward  3 Rramanthapuram Pillayar Koil Street , 16.Kothandavadi (R.V) Karumarapatti (P)Ward  3  Ramanthapuram Palla Street , 17.Kothandavadi (R.V) Karumarapatti (P)Ward 3    Ramanthapuram North 1st Street , 18.Kothandavadi (R.V) Karumarapatti (P)Ward  3  Ramanthapuram   North 2st  Street , 19.Kothandavadi (R.V) Karumarapatti (P)Ward 3   Kolla kottai  4th  Ramanthapuram , 20.Kothandavadi (R.V) Karumarapatti (P)Ward  3   Ramanthapuram  Ellapan   Puradai kollakotta ,
21.Kothandavadi (R.V) Karumarapatti (P)Ward  3   Ramanthapuram  Pandithar Puradai , 22.Kothandavadi (R.V) Karumarapatti (P)Ward 3  Ramanthapuram  Kolla Kotai  6st Street ,
999.OVERSEAS ELECTORS",All Voters
124,64,124,"Panchayat union Primary school West side South facing,Erumpoondi village&post,604601","1.Erumpoondi (R.V) AND (P)Ward1 Mariyammn  Koil Street , 2.Erumpoondi (R.V) AND (P)Ward 1  Mariyamman Koil Sandu  3th Street , 3.Erumpoondi (R.V) AND (P)Ward  1   Pillayar Koil Street ,
4.Erumpoondi (R.V) AND (P)Ward  1 Pillayar  Koil  Sadu 5 th  Street , 5.Erumpoondi (R.V) AND (P)Ward  1 Road Street ,
6.Erumpoondi (r.v) and (p)Ward 2 mettu 2st street , 7.Erumpoondi (r.v) and (p)Ward  2 metttu 3th street ,
8.Erumpoondi (R.V) AND (P)Ward  2   Vngadesapuram  Road Street , 9.Erumpoondi (R.V) AND (P)Ward 2  Vengadesapuram  Kolla Kottai , 10.Erumpoondi (R.V) AND (P)Ward  2  Mettu Sandu Street , 999.OVERSEAS ELECTORS",All Voters
125,64,125,"Panchayat Union Primary school East side South facing,Erumpoondi village&post,604601","1.Erumpoondi (r.v) and (p)Ward 1  mariyamman koil 2st   street 2.Erumpoondi (R.V) AND (P)Ward 1  Pillayar  Koil Street Sandu 6th  Street , 3.Erumpoondi (R.V) AND (P)Ward  1 Pallakudda Street ,
4.Erumpoondi (r.v) and (p)Ward1   nadu street , 5.Erumpoondi (R.V) AND (P)Ward 2  Mettu 1st  Street , 6.Erumpoondi (R.V) AND (P)Ward 2   Ere Ethuvay , 7.Erumpoondi (R.V) AND (P)Ward 2  Vengadesapuram , 999.OVERSEAS ELECTORS",All Voters
126,64,126,"Panchayat Union Elementary SchoolEast partfacing West,Erumpoondi village&post,604601","1.Erumpoondi (R.V) And (P)Ward 3 Udaiyar Street 1 , 2.Erumpoondi (R.V) And (P)Ward 2 Udaiyar Street Sandu , 3.Erumpoondi (r.v) and (p)Ward  3   mullsim  street , 4.Erumpoondi (r.v) and (p)Ward 3 kulathu street , 5.Erumpoondi (R.V) And (P)Ward 4 Colony Pathai 1st Street , 6.Erumpoondi (R.V) And (P)Ward  4 Colony  Pathai 2st  Street , 999.OVERSEAS ELECTORS",All Voters
127,64,127,"Panchayat Union Elementary School South part facing North, Erumpoondi village & post ,604601","1.Erumpoondi (R.V) And (P)Ward  4  Colony  North 1st Part 2.Erumpoondi (R.V) And (P)Ward 4  Colony    North 2st   Part , 3.Erumpoondi (R.V) And (P)Ward  4  Colony North 3th  Part 4.Erumpoondi (R.V) And (P)Ward 4  Colony    East   1st    Part , 5.Erumpoondi (R.V) And (P)Ward  4  Colony  Keyaku 2st Part , 6.Erumpoondi (R.V) And (P)Ward  4&5  Colony Kayaku Part 7.Erumpoondi (R.V) And (P)Ward 5   Colony  East    4th Part , 8.Erumpoondi (R.V) And (P)Ward  5 Colony Nadu Street, 9.Erumpoondi (R.V) And (P)Ward   5  Colony  Mereku  1st Part , 10.Erumpoondi (R.V) And (P)Ward   5  Colony  Mereku Part 2 , 11.Erumpoondi (R.V) And (P)Ward  5  Colony  Meriku 3th   Part , 12.Erumpoondi (R.V) And (P)Ward 5   Colony  Marku  4th  Part , 13.Erumpoondi (R.V) And (P)Ward 5  Nalachddikulam ,",All Voters
128,64,128,"Panchayat union primary schoolSouth facing building Sevarapoondi,Sevarapoondi ,kekalur post,604601","1.Sevarapoondi (R.V) And (P)Ward 1 North Street , 2.Sevarapoondi (R.V) And (P)Ward 1 Nadu Street , 3.Sevarapoondi (R.V) And (P)Ward 1 Pillaiyar Koil Street , 4.Sevarapoondi (R.V) And (P)Ward 2 Bajanai Koil Street , 5.Sevarapoondi (R.V) And (P)Ward 3 Mariyamman Koil Street , 6.Sevarapoondi (R.V) And (P)Ward 3 Thoppaikuttai Street , 7.Sevarapoondi (R.V) And (P)Ward 3 Irular Colony , 8.Sevarapoondi (R.V) And (P)Ward 3 Sevarapoondi Kollakottai , 999.OVERSEAS ELECTORS",All Voters
129,64,129,"Government High School Northern Wing East Facing,Kekalur Village & Post,604601","1.Kikkalur (R.V) And (P)Ward 3 Aruthathyar pallyam ,
2.Kikkalur (R.V) And (P)Ward 3 Kikkalur Puravadai ,
3.Kikkalur (R.V) And (P)Ward 3 Kikkalure Puravadai Kullakuttayai , 4.Kikkalure (r.v) and (p)Ward 3 kikkalure kattukullam , 999.OVERSEAS ELECTORS",All Voters
130,64,130,"Panchayat Union Elementary School West New Building South Room North Facing,Kekalur village&post,604601","1.Kikkalure (R.V) And (P)Ward 4 Kikkalure Colony Main Road , 2.Kikkalure (R.V) And (P)Ward 4 Kikkalure Colony 1st Street ,
3.Kikkalur (R.V) And (P)Ward 4 Kikkalure Colony 3rd Street , 4.Kikkalure (r.v) and (p)Ward 4 kikkalure colony 4th street , 5.Kikkalure (R.V) And (P)Ward 4th Kikkalure Colony 5th Street , 6.Kikkalure (R.V) And (P)Ward 4th Kikkalure Colony 6th Street , 7.Kikkalure (R.V) And (P)Ward 4th Kikkalure Colony 7th Street , 8.Kikkalure (R.V) And (P)Ward 4th Kikkalure Colony 8th Street , 9.Kikkalure (R.V) And (P)Ward 4th Kikkalure Colony 9th Street , 10.Kikkalure (R.V) And (P)Ward 4th Kikkalure Colony 10th Street ,
11.Kikkalure (R.V) And (P)Ward 4th Kikkalure Colony Pillaiyar Koil Street , 12.Kikkalure (r.v) and (p)Ward 4th kikkalure new colony street , 13.Kikkalure (R.V) And (P)Ward 4th Kikkalure Valluvar Colony , 999.OVERSEAS ELECTORS",All Voters
131,64,131,"Panchayat union Elementary School. East Building North Facing,Keekalur village&post,604601","1.Kikkalure (R.V) And (P)Ward 1st Esvaran Koil Street , 2.KeekalurKeekalur ,
3.Kikkalur (R.V) And (P)Ward 1 Padasalai Street ,
4.Kikkalur (R.V) And (P)Ward 1 Nadu Street ,
5.Kikkalur (R.V) And (P)Ward 2 Manandhal Road ,
6.Kikkalur (R.V) And (P)Ward 2 Vinayagar Koil Street , 7.Kikkalure (R.V) And (P)Ward 2nd Mettu Street ,
8.Kikkalur (R.V) And (P)Ward 2 Kulakkarai Street ,
9.Kikkalur (r.v) and (p)Ward 2 avalurpettai road , 10.Kikkalur (R.V) And (P)Ward 2 Mariyamman Koil Street , 11.Kikkalur (R.V) And (P)Ward 2 Pillaiyar Koil Street , 12.Kikkalur (R.V) And (P)Ward 2 Cross Street , 13.Kikkalur (R.V) And (P)Ward 2 Josiyar Colony , 999.OVERSEAS ELECTORS",All Voters
132,64,132,"Panchayat union Middle school additional New building facing South,Kathazampattu , 604601","1.Kathazhampattu (r.v) and (p)Ward 1 reddiyar main street , 2.Kathazhampattu (R.V) And (P)Ward 1 Reddiyar East Street , 3.Kathazhampattu (R.V) And (P)Ward 1 Yadhavar Nadu Street , 4.Kathazhampattu (R.V) And (P)Ward 2 South Street , 5.Kathazhampattu (R.V) And (P)Ward 1 Reddiyar Cross Street , 6.Kathazhampattu (R.V) And (P)Ward 1 Pandithar Cross Street , 7.Kathazhampattu (R.V) And (P)Ward 2 Pudhur Salai , 8.Kathazhampattu (R.V) And (P)Ward 2 New Colony Cross Street , 9.Kathazhampattu (R.V) And (P)Ward 2 Irular Street , 10.Kathazhampattu (R.V) And (P)Ward 2 Pudur Kollakottai , 999.OVERSEAS ELECTORS",All Voters
133,64,133,"Panchayat union Middle school Second Building,Kathazampattu , 604601","1.Kathazhampattu (R.V) And (P)Ward 1 Pazhaiya Colony Main Street , 2.Kathazhampattu (R.V) And (P)Ward 1 Pazhaiyar Colony East Street , 3.Kathazhampattu (R.V) And (P)Ward 2 Pazhaiya Colony Nadu Street , 4.Kathazhampattu (R.V) And (P)Ward 2 Pudu Colony Main Road , 5.Kathazhampattu (R.V) And (P)Ward 2 New Colony East Street , 6.Kathazhampattu (R.V) And (P)Ward 2 Newcolony West Street , 7.Kathazhampattu (R.V) And (P)Ward 2 New Colony Nadu Street , 8.Kathazhampattu (R.V) And (P)Ward 2 Puduryadhavar Street , 9.Kathazhampattu (R.V) And (P)Ward 2 Old Colony North Street , 999.OVERSEAS ELECTORS",All Voters
134,64,134,"Panchayat unin primary school east partfacing North,Mekalur village & post,604601","1.Mekkalur (r.v) and (p)Ward 1 reddiyar periya street ,
2.Mekkalur (R.V) And (P)Ward 1 2nd Cross Street ,
3.Mekkalur (r.v) and (p)Ward 1 munnal 1st street ,
4.Mekkalur (R.V) And (P)Ward 1 Perumalkoil Street ,
5.Mekkalur (R.V) And (P)Ward 1 1st Car Street ,
6.Mekkalur (R.V) And (P)Ward 1 2nd Car Street ,
7.Mekkalur (R.V) And (P)Ward 1 Bajanai Koil Street ,
8.Mekkalur (R.V) And (P)Ward 1 Main Road ,
9.Mekkalur (R.V) And (P)Ward 1 Sekkumettu Street , 10.Mekkalur (R.V) And (P)Ward 1 Uppukara Street , 11.Mekkalur (R.V) And (P)Ward 1 1st Cross Street , 12.Mekkalur (R.V) And (P)Ward 1 Achari Street , 13.Mekkalur (R.V) And (P)Ward 1 Perumal Koil Cross Street ,
14.Mekkalur (R.V) And (P)Ward 1 Kamatchi Amman Koil Street , 15.Mekkalur (R.V) And (P)Ward 2 Kamatchiamman Koil West Street , 16.Mekkalur (R.V) And (P)Ward 2 School  Street ,
17.Mekkalur (R.V) And (P)Ward 1 Perumal Koil Palla Street , 18.Mekkalur (R.V) And (P)Ward 2 Pandidhar Street , 19.Mekkalur (R.V) And (P)Ward 2 Alamara Street , 20.Mekkalur (R.V) And (P)Ward 2 Iyappan Koil Street , 21.Mekkalur (R.V) And (P)Ward 2 Kulakkarai Street , 22.Mekkalur (R.V) And (P)Ward 2 Odaikkal Street  , 999.OVERSEAS ELECTORS",All Voters
135,64,135,"Panchayat union primary school Center Room facing west,Mekalur village & post,604601","1.Mekkalur (R.V) And (P)Ward 2 Ottachetti Street ,
2.Mekkalur (R.V) And (P)Ward 3 Madhakoil East Street ,
3.Mekkalur (R.V) And (P)Ward 3 Mettu Colony Nadu Street ,
4.Mekkalur (R.V) And (P)Ward 3 Main Road ,
5.Mekkalur (R.V) And (P)Ward 3 Mettu Colony 1st Street ,
6.Mekkalur (R.V) And (P)Ward 2 Kathazhampattu Salai ,
7.Mekkalur (R.V) And (P)Ward 3 Valluvar Street ,
8.Mekkalur (R.V) And (P)Ward 3 Madhakoil Street ,
9.Mekkalur (R.V) And (P)Ward 3 Madhakoil 1st Cross Street , 10.Mekkalur (R.V) And (P)Ward 3 Madhakoil 2nd Cross Street , 11.Mekkalur (R.V) And (P)Ward 2 Mettu Colony Pillaiyar Koil Street , 12.Mekkalur (R.V) And  (P)Ward 3 Puducolony North Street , 13.Mekkalur (R.V) And (P)Ward 2 Avalurpettai Salai ,
14.Mekkalur (R.V) And (P)Ward 2 Kulakkarai Street , 999.OVERSEAS ELECTORS",All Voters
136,64,136,"Panchayat Union Primary School New Building West North Side facing west,Mekalur, Post,604601","1.Mekkalur (R.V) And (P)Ward 3 Palla Colony North Street ,
2.Mekkalur (R.V) And (P)Ward 3 Puliyamar Street ,
3.Mekkalur (R.V) And (P)Ward 3 DM School Street ,
4.Mekkalur (R.V) And (P)Ward 3 D. M School Cross Street ,
5.Mekkalur (R.V) And (P)Ward 3 Palla Colony Nadu Street ,
6.Mekkalur (R.V) And (P)Ward 3 Palla Colony East Street ,
7.Mekkalur (R.V) And (P)Ward 3 Pillaiyar Koil Street ,
8.Mekkalur (R.V) And (P)Ward 3 Pillaiyar Koil Cross Street ,
9.Mekkalur (r.v) and (p)Ward 3 Kathazhampattu Salai Cross Street , 10.Mekkalur (R.V) And (P)Ward 3 Pallacolony West Street , 11.Mekkalur (R.V) And (P)Ward 4 Samathuvapuram Aliyaru Street ,
12.Mekkalur (R.V) And (P)Ward 4 Samathuvapuram Thurinjalaru Street , 13.Mekkalur (R.V) And (P)Ward 4 Samathuvapuram Majjalaru Street , 14.Mekkalur (R.V) And (P)Ward 4 Samathuvapuram Mirugandanadhiveethi , 15.Mekkalur (R.V) And (P)Ward 4 Samathuvapuram Thenpennaiyar , 16.Mekkalur (R.V) And (P)Ward 4 Samathuvapuram Naganadhi Street , 17.Mekkalur (R.V) And (P)Ward 4 Samathuvapuram Kamandalaveethi , 999.OVERSEAS ELECTORS",All Voters
137,64,137,"Panchayat Union Primary School New Building South wing facing West,Mekalur, Post,604601","1.Mekkalur (R.V) And (P)Ward 3 Kathazhampattu Salai ,
2.Mekkalur (R.V) And (P)Ward 4 Salakuppam Main Road ,
3.Mekkalur (R.V) And (P)Ward 4 Rajapalaiyam Main Street ,
4.Mekkalur (R.V) And (P)Ward 4 Kundalpuravadai ,
5.Mekkalur (R.V) And (P)Ward 4 Kattukulam Koil Street ,
6.Mekkalur (R.V) And (P)Ward 4 Salakuppam Cross Street ,
7.Mekkalur (R.V) And (P)Ward 4 Samathuvapuram Koillakottai ,
8.Mekkalur (R.V) And (P)Ward 4 Kallukulam Cross Street , 999.OVERSEAS ELECTORS",All Voters
138,64,138,Govt High School North Building West Facing Vazhuthalangunam Vill And Post 604601,"1.Valudhalangunam (R.V) And (P)Ward 1 Reddiyar Street , 2.Valudhalangunam (R.V) And (P)Ward 1 Karuneegar Street , 3.Valudhalangunam (R.V) And (P)Ward 1 Perumalakoil Street , 4.Valudhalangunam (R.V) And (P)Ward 1Pudu Street , 5.Valudhalangunam (R.V) And (P)Ward 2 Road Street , 6.Valudhalangunam (R.V) And (P)Ward 2 Old School Street , 7.Valudhalangunam (R.V) And (P)Ward 2 Kullakkarai Street , 8.Valudhalangunam (R.V) And (P)Ward 2 Erikkarai Street , 9.Valudhalangunam (R.V) And (P)Ward 2 Throupathiamman Koil Street , 10.Valudhalangunam (R.V) And (P)Ward 2 Kollakottai , 11.Valudhalangunam (R.V) And (P)Ward 2 Arunthathiyar Colony , 999.OVERSEAS ELECTORS",All Voters
139,64,139,"Panchayat Union Elementary SchoolMain Building East Facing,Vazhuthalangunam, 604601","1.Valudhalangunam (R.V) And (P)Ward3 Mariyamman koil street , 2.Valudhalangunam (R.V) And (P)Ward 3 North Street , 3.Valudhalangunam (r.v) and (p)Ward 3 old denishmisshin school street , 4.Valudhalangunam (R.V) And (P)Ward 3 Denishmission School Street ,
5.Valudhalangunam (R.V) And (P)Ward 4 Valudhalangunam Kamaraj Nagar , 999.OVERSEAS ELECTORS",All Voters
140,64,140,"Panchayat union elementary schoolA B L Room East Facing,Vazhuthalangunam- 604601","1.Valudhalangunam (R.V) And (P)Ward 4 New Colony West Street , 2.Valudhalangunam (R.V) And (P)Ward 3 Colony Pillaiyar Koil Street , 3.Valudhalangunam (R.V) And (P)Ward 3 Colony Aspital Street , 4.Valudhalangunam (R.V) And (P)Ward 4 Tank Street , 5.Valudhalangunam (R.V) And (P)Ward 4 Madura Anna Nagar , 999.OVERSEAS ELECTORS",All Voters
141,64,141,"Panchayat union Primary School west Building East facing,kanapapuram,604601","1.Kanabapuram (R.V) And (P)Ward 1 School Street , 2.Kanabapuram (R.V) And (P)Ward 1 Mettu Street , 3.Kanabapuram (R.V) And  (P)Ward 1 Iluppaimara Street , 4.Kanabapuram (R.V) And (P)Ward 1 Vaniya Street , 5.Kanabapuram (R.V) And (P)Ward 1 Road Street , 6.Kanabapuram (R.V) And (P)Ward 1 Ellapparai , 7.Kanabapuram(R.V) And  (P)Ward 1 Nehru Nagar , 999.OVERSEAS ELECTORS",All Voters
142,64,142,"Panchayat union primary school west part north room East facing building,Reddiyapalayam, Vazhuthalankunam Post604601","1.Kanabapuram (R.V) And (P)Ward 1 Sunga Nagar , 2.Kanabapuram (R.V) And (P)Ward 1 Rajeev Nagar , 3.Kanabapuram (R.V) And (P)Ward 1 Irular Colony ,
4.Kanabapuram (R.V) And (P)Ward 2 Reddiyarpalaiyam School Street , 5.Kanabapuram (R.V) And (P)Ward 2 Reddiyarpalaiyam Kulakkarai Street , 6.Kanabapuram (R.V) And (P)Ward 2 Reddiyapalaiyam Kollakottai , 7.Kanabapuram (R.V) And (P)Ward 2 Reddiyarpalaiyam Arundhthiyar Colony , 999.OVERSEAS ELECTORS",All Voters
143,64,143,"Panchayat union Elementary school Old building Facing North,Kazhikulam,604601","1.Kazhikulam (R.V) And (P)Ward 1 Pillaiyar Koil Street , 2.Kazhikulam (R.V) And (P)Ward 2 Pillaiyar Koil Cross Street , 3.Kazhikulam(R.V) And (P)Ward 1 Patti Road Street , 4.Kazhikulam(R.V) And (P)Ward 2 North Street , 5.Kazhikulam (R.V) And (P)Ward 2 North Sandhu Lean , 6.Kazhikulam (R.V) And (P)Ward 2 School Street , 7.Kazhikulam (R.V) And (P)Ward 2 Palla Street , 8.Kazhikulam (R.V) And (P)Ward 1 Tank Street , 9.Kazhikulam(R.V) And (P)Ward 2 Nadu Street , 10.Kazhikulam (R.V) And (P)Ward 1 Alamara Street , 999.OVERSEAS ELECTORS",All Voters
144,64,144,"Panchayat union Elementary School South building Facing North,Kazhikulam,604601","1.Kazhikulam (R.V) And (P)Ward 1 Arunthathiyar Colony Quaters , 2.Kazhikulam (R.V) And (P)Ward 3 Road Street ,
3.Kazhikulam (R.V) And (P)Ward 3 Sandhu Street , 4.Kazhikulam (R.V) And (P)Ward 3 Kazhikulam Colony ,
5.Kazhikulam (R.V) And (P)Ward 3 periyakazhikulam Main Street , 6.Kazhikulam (R.V) And (P)Ward 3 Periyakazhikulam Pillaiyar Koil Street , 7.Kazhikulam (R.V) And (P)Ward 3 Kootroad ,
8.Kazhikulam (R.V) And (P)Ward 3 Periyakazhikulam Kollakottai , 9.Kazhikulam (R.V) And (P)Ward 1 Muniyappan Koil Kollaimedu , 10.Kazhikulam (R.V) And (P)Ward 1 Mugamariyamman Koil Street , 999.OVERSEAS ELECTORS",All Voters
145,64,145,"Panchayath Union Primary School New East side Building, West facing North Room, Iyngunam village, Kanalapadi post,606611","1.Aingunam (R.V) And  (P)Ward 1 Reddiyar Street ,
2.Aingunam (R.V) And (P)Ward 1 Naikkar Street ,
3.Aingunam (R.V) And (P)Ward 1 Pillaiyar Koil Street ,
4.Aingunam (R.V) And  (P)Ward 1 Cross Street ,
5.Aingunam (R.V) And (P)Ward 1 Vaniya Street ,
6.Aingunam (r.v) and (p)Ward 1 omsakthi street ,
7.Aingunam (R.V) And (P)Ward 1 Kulathumettu Street ,
8.Aingunam (R.V) And (P)Ward 1 Kollakottai ,
9.Aingunam (r.v) and (p)Ward 4 ariyangkuppam pillaiyar koil street , 10.Aingunam (R.V) And (P)Ward 4 Ariyanguppam Nadu Street , 11.Aingunam (R.V) And (P)Ward 4 Ariyanguppam Arasamara Street , 12.Aingunam (R.V) And (P)Ward 4 Ariyankuppam Pudhur Street , 13.Aingunam (R.V) And (P)Ward 1 Aingunam Main Road , 999.OVERSEAS ELECTORS",All Voters
146,64,146,"Panchayath Union Primary School New East side Building, West facing South Room, Iyngunam village, Kanalapadi post,606611","1.Ingunam (R.V) And (P)Ward 2 Colony Pillaiyar Koil Street ,
2.Ingunam (R.V) And (P)Ward 2 Colony East Street ,
3.Ingunam (R.V) And (P)Ward 2 Colony West Street ,
4.Ingunam (R.V) And (P)Ward 2 Colony Road Street ,
5.Ingunam (R.V) And (P)Ward 2 Punidhavalanagar 1st Street ,
6.Ingunam (R.V) And (P)Ward 2 Punidhavalanagar 2nd Street ,
7.Aingunam (R.V) And (P)Ward 2 Punidhavalanagar 3rd Street ,
8.Aingunam (R.V) And (P)Ward 2 Punidhavalanagar 4th Street ,
9.Aingunam (R.V) And (P)Ward 3 Madhakoil Street , 10.Aingunam (R.V) And (P)Ward 3 Arunthathiyar Colony , 11.Aingunam (R.V) And (P)Ward 3 Kollakottai , 999.OVERSEAS ELECTORS",All Voters
147,64,147,"Panchayat union primary school North Side Building South facing,Vattraputtur village , kanalapadi post,606611","1.Aingunam (R.V) And (P)Ward 5 Vattaraputhur Ottar Street ,
2.Aingunam (R.V) And (P)Ward 5 Vattaraputhur Krishnan Street ,
3.Aingunam (R.V) And (P)Ward 5 Vattaraputhur Rajaveethi ,
4.Aingunam (R.V) And (P)Ward 5 Rajaveethi Cross Street ,
5.Aingunam (R.V) And (P)Ward 5 Vattaraputhur Colony 1st Street ,
6.Aingunam (R.V) And (P)Ward 5 Vattaraputhur Colony 2nd Street ,
7.Aingunam (R.V) And (P)Ward 5 Vattaraputhur Colony 3rd Street ,
8.Aingunam (R.V) And (P)Ward 5 Vattaraputhur Colony 4th Street ,
9.Aingunam (r.v) and (p)Ward 5 vattaraputhur kollakottai , 999.OVERSEAS ELECTORS",All Voters
148,64,148,"Panchayth Union middle school West facing East Building,Somasipadi post
,606611","1.S.Nammiyanthal (R.V) And (P)Ward 1 Pillaiyar Koil Street , 2.S.Nammiyanthal (R.V) And (P)Ward 2 Kambar Street , 3.S.Nammiyanthal (R.V) And (P)Ward 2 School Street , 4.S.Nammiyanthal (R.V) And (P)Ward 1 Pillaiyar Koil North Cross Street , 5.S.Nammiyanthal (R.V) And (P)Ward 1 Pillaiyar Koil South Street , 6.S.Nammiyanthal (R.V) And (P)Ward 1 Sandhu Street , 7.S.Nammiyanthal (R.V) And (P)Ward 2 Vellakuttai Pillaiyar Koil Street , 999.OVERSEAS ELECTORS",All Voters
149,64,149,"Panchayth Union middle school West Building East Facing, So Nammiyanthal Village Somasipadi post ,606611","1.S.nammiyanthal (r.v) and (p)Ward 2 mettu street , 2.S.Nammiyanthal (R.V) And (P)Ward 1 Nadu Street , 3.S.Nammiyanthal (R.V) And (P)Ward 2 Arunthathiyar Street , 4.S.Nammiyanthal (R.V) And (P)Ward 2 Vellakuttai Nadu Street , 5.S.Nammiyanthal (R.V) And (P)Ward 2 Vellakuttai North Street , 6.S.Nammiyanthal (R.V) And (P)Ward 1 Palla Street , 7.S.Nammiyanthal (R.V) And (P)Ward 2 Vellakuttai South Street ,",All Voters
150,64,150,"Panchayat Union Primary School North Part,Somasipasi & post,606611","1.Somasipadi(r.v)&(p)Ward 1 ingunam street , 2.Somasipadi (R.V) and (P)Ward 2 Jain Koil Street , 3.Somasipadi (R.V) and (P)Ward 2 N.H Main Road , 4.Somasipadi(r.v)&(p)Ward 2 e.b st , 5.Somasipadi(r.v)&(p)Ward 2 bajanai koil st , 6.Somasipadi (R.V) and (P)Ward 2 E B Street Santhu ,
7.Somasipadi (R.V) and (P)Ward 2 Mariyamman Koil Street , 999.OVERSEAS ELECTORS",All Voters
151,64,151,"Panchayat union primary school South Part West Facing,Somasipasi & post,606611","1.Somasipadi (R.V) and (P)Ward 2 Gurumpar Street , 2.Somasipadi (R.V) and (P)Ward 2 Sosaiti Street , 3.Somasipadi (R.V) and (P)Ward 2 Thoppu Street West , 4.Somasipadi (R.V) and (P)Ward 2 Thoppu Street East , 999.OVERSEAS ELECTORS",All Voters
152,64,152,"Panchayat union primary school East Building West Facing, So. Pudur & post, 606611","1.Somasipadi (R.V) and (P)Ward 2 New Pillaiyar Koil Street 2.Somasipadi (R.V) and (P)Ward 2 Pudur North Street , 3.Somasipadi (R.V) and (P)Ward 2 Pudur East Street , 4.Somasipadi (R.V) and (P)Ward 2 Pudur West Street , 5.Somasipadi (R.V) and (P)Ward 2 J J East Street , 6.Somasipadi(r.v)&(p)Ward 2 j.j.nagar south st , 7.Somasipadi (R.V) and (P)Ward 2 Pudur Main Road ,",All Voters
153,64,153,"Danish Mission Primary School Additional New Building West Side East Facing North Side,Somasipasi Village & post,606611","1.Somasipadi (R.V) And (P)Ward 3Ganthi Nagar Mariyamman Koil Street , 2.Somasipadi (r.v) and (p)Ward 3 ganthi nagar palvadi street , 3.Somasipadi (r.v) and (p)Ward 3 ganthi nagar pillaiyar koil street , 4.Somasipadi (R.V) And (P)Ward 3 Nallan Kulam North Street , 5.Somasipadi (R.V) And (P)Ward 3 Nallan Kulam South Street , 6.Somasipadi (R.V) And (P)Ward 3 Madha Koil Street ,
7.Somasipadi (R.V) And (P)Ward 3 Madha Koil South Street , 8.Somasipadi (R.V) And (P)Ward 3 Esunadhar Street ,  9.Somasipadi (R.V) And (P)Ward 3 Valluvar Colony South Street , 10.Somasipadi (R.V) And (P)Ward 3 Valluvar Colony Palvadi Street , 11.Somasipadi (R.V) And (P)Ward 3 Old Colony Tank Street ,
2.Somasipadi (R.V) And (P)Ward 3 Old Colony Mariyamman Koil Street , 13.Somasipadi (R.V) And (P)Ward 3 T.Malai Chennai Salai , 14.Somasipadi (R.V) And (P)Ward 3 Madhakoil East Street , 15.Somasipadi (R.V) And (P)Ward 3 Madhakoil West Street , 16.Somasipadi (P)Ward 3 T.malai chennai sali ,
999.OVERSEAS ELECTORS",All Voters
154,64,154,"Danish Mission Primary School Additional New Building West Side East Facing South Side,Somasipasi Village & post,606611","1.Somasipadi (R.V) And (P)Ward 4 Old Colony Nadu Street , 2.Somasipadi (r.v) and (p)Ward 4 old colony pillaiyar koil street , 3.Somasipadi (r.v) and (p)Ward 4 old colony cross street , 4.Somasipadi (R.V) And (P)Ward 4 Pudhu Colony North Street , 5.Somasipadi (r.v) and (p)Ward 4 puducolony nadu street , 6.Somasipadi (R.V) And (P)Ward 4 Pudu Colony South Street , 7.Somasipadi (R.V) And (P)Ward 4 Kattukula Street , 999.OVERSEAS ELECTORS",All Voters
155,64,155,"Library building East facing,Somasipasi & post,606611","1.Somasipadi (R.V) And (P)Ward 4 So Palla Street , 2.Somasipadi (R.V) And (P)Ward 4 Lelanthi Street , 3.Somasipadi (r.v) and (p)Ward 4 vijayanagar street , 4.Somasipadi (P)Ward 4 Vellakuttai st , 999.OVERSEAS ELECTORS",All Voters
156,64,156,"Panchayat union primary school west part D P E P New Building FacingSouth,Nariyamangalam,Sirunat hur post-604601","1.Nariyamangalam (r.v) and (p)Ward 1 murugamparai , 2.Nariyamangalam (r.v) and (p)Ward 1 kakulathupatti , 3.Nariyamangalam (R.V) And (P)Ward 1 Palla Street , 999.OVERSEAS ELECTORS",All Voters
157,64,157,"Panchayat union primary school west part D P E P New Building Facing East, Nariyamangalam, Sirunathur post-604601","1.Nariyamangalam (R.V) And (P)Ward 2 Nadu Street , 2.Nariyamangalam (R.V) And (P)Ward 2 Mettu Street ,",All Voters
158,64,158,"Adi Dravidar Aided Middle school North facing West Room,Karnampoondi, Sirunathur Post- 604601","1.Karnampoondi (R.V) Nariyamangalam  (P)Ward 3 Karnampoondi Pillaiyar Koil Street ,
2.Karnampoondi (R.V) Nariyamangalam (P)Ward 3 Karnampoondi Kamaraj Nagar , 3.Karnampoondi (R.V) Nariyamangalam (P)Ward 3 Karnampoondi Vasur , 999.OVERSEAS ELECTORS",All Voters
159,64,159,"Adi Dravidar Aided Middle school Main Building North facing Center Room,Karnampoondi, Sirunathur Post- 604601","1.Karnampoondi (R.V) Nariyamangalam (P)Ward 4 Karnampoondi Pudu Colony , 2.Karnampoondi (R.V) Nariyamangalam (P)Ward 4 Karnampoondi Pudu Colony Nadu Street ,
3.Karnampoondi (R.V) Nariyamangalam (P)Ward 4 Karnampoondi Pudu Colony 1st Street ,
4.Karnampoondi (R.V) Nariyamangalam (P)Ward 4 Karnampoondi Old Adhithiravidal Colony ,
5.Karnampoondi (R.V) Nariyamangalam (P)Ward 4 Karnampoondi Old Adhithiravidal Colony ,
6.Karnampoondi (R.V) Narimungalam (P)Ward 4 Karnampoondi Cross Street , 7.Karnampoondi (R.V) Narimangalam (P)Ward 4 Karnampoondi School Street , 8.Karnampoondi (R.V) Narimangalam (P)Ward 4 karnampoondi Colony Pilliyar Koil Street ,
999.OVERSEAS ELECTORS",All Voters
160,64,160,"Panchayat union middle school old building South Building North part,Siirunathur(V)-604601","1.Sirunathur (R.V) And (P)Ward 1 Thirupur Kumaran Street , 2.Sirunathur (r.v) and (p)Ward 1 arasamara street , 3.Sirunathur (R.V) And (P)Ward 1 Nadu Street ,
4.Sirunathur (R.V) And (P)Ward 2 Poongavanathal Koil Street , 5.Sirunathur (R.V) And (P)Ward 2 Kamatchiamman Koil Street , 6.Sirunathur (R.V) And (P)Ward 2 School Street ,
7.Sirunathur (R.V) And (P)Ward 4 Karanampoondi Road , 8.Sirunathur (R.V) And (P)Ward 4 Pavusa Nagar , 9.Sirunathur (r.v) and (p)Ward 4 old colony , 10.Sirunathur (R.V) And  (P)Ward 4 New Colony, 999.OVERSEAS ELECTORS",All Voters
161,64,161,"Panchayat unin middle school new building facing South,Sirunathur(V)-604601","1.Sirunathur (R.V) And (P)Ward 2 Mottur , 2.Sirunathur (R.V) And (P)Ward 3 West Kollakotta , 3.Sirunathur (r.v) and (p)Ward 3 thindivanam salai ,
4.Sirunathur (R.V) And (P)Ward 3 Vediyappan Koil Street , 5.Sirunathur (R.V) And (P)Ward 3 Kunnakuppan Road , 6.Sirunathur (r.v) and (p)Ward 3 periyar nagar , 7.Sirunathur (R.V) And (P)Ward 3 Salaiyur ,
8.Sirunathur (R.V) And (P)Ward 3 South Kolkotta , 9.Sirunathur (R.V) And (P)Ward 3 East kolkotta , 999.OVERSEAS ELECTORS",All Voters
162,64,162,"Panchayat union primary school additional new building facing east,Kalpoondi, kilpennathur post,604601","1.Kalpoondi (R.V) And (P)Ward 1 Reddiyar Street , 2.Kalpoondi (R.V) And (P)Ward 1 1st School Street , 3.Kalpoondi (R.V) And (P)Ward 1 2nd School Street , 4.Kalpoondi (R.V) And (P)Ward 1 Old Colony 1st Street , 5.Kalpoondi (R.V) And (P)Ward 1 Old Colony 2nd Street , 6.Kalpoondi (R.V) And (P)Ward 1 Pazhaiya Colony 3rd Street , 7.Kalpoondi (R.V) And (P)Ward 1 Pazhaiya Colony 4th Street , 8.Kalpoondi (R.V) And (P)Ward 1 Pazhaiya Colony 5th Street , 9.Kalpoondi (R.V) And (P)Ward 1 Pazhaiya Colony 6th Street ,
10.Kalpoondi (R.V) And (P)Ward 1 Pazhaiya Colony 7th Street , 11.Kalpoondi (R.V) And (P)Ward 1 New Colony Koil Street , 12.Kalpoondi (R.V) And (P)Ward 1 New Colony 2nd Street , 13.Kalpoondi (R.V) And (P)Ward 2 New Colony 3rd Street , 14.Kalpoondi (R.V) And (P)Ward 2 New Colony Kulakarai Street , 15.Kalpoondi (R.V) And (P)Ward 2 Thallampadi Colony 1st Street , 16.Kalpoondi (R.V) And (P)Ward 2 Thallampadi Colony 2nd Street , 17.Kalpoondi (R.V) And (P)Ward 2 Thallampadi Colony 3rd Street , 18.Kalpoondi (R.V) And (P)Ward 2 Thallampadi Colony Main Road , 19.Kalpoondi (R.V) And (P)Ward 2 Thallampadi Reddiyar Street , 20.Kalpoondi (R.V) And (P)Ward 2 Thallampadi Irular Colony , 999.OVERSEAS ELECTORS",All Voters
163,64,163,"Aadhidravidar Primary School New Building South facing,Kilpennathur,604601","1.Kizhpennathur (R.V) And (SP)Ward 1 Ambethkar Nagar Old Colony , 2.Kizhpennathur (R.V) And (SP)Ward 1 Ambethkar Nagar Old Colony , 3.Kizhpennathur (R.V) And (SP)Ward 1 Ambethkar Nagar Pazhaiya Colony Street , 4.Kizhpennathur (R.V) And (SP)Ward 1 Ambethkar Nagar Pazhaiya Colony , 5.Kizhpennathur (R.V) And (SP)Ward 1 Ambethkar Nagar Pazhaiya Colony , 6.Kizhpennathur  (R.V) And (SP)Ward 1st Ambethkar Nagar Old Colony 6th Street , 7.Kizhpennathur (R.V) And (SP)Ward 1st Ambethkar Nagar Old Colony 7th Street , 8.Kizhpennathur (R.V) And (SP)Wardd 1 Ambethkar Nagar ThuKuppu House South Street ,
9.Kizhpennathur (R.V) And (SP)Ward 1st Ambethkar Nagar Thukuppu House Nadu Street ,
10.Kizhpennathur (R.V) And (SP)Ward 1 Ambethkar Nagar Grouphouse , 11.Kizhpennathur (R.V) And (SP)Ward 1 Ambethkar Nagar Group House West Street
,
12.Kizhpennathur (R.V) And (SP)Ward 1 Ambethkar Nagar Group House 2nd Street , 13.Kizhpennathur (R.V) And (SP)Ward 1 Ambethkar Nagar Group House 3rd Street , 14.Kizhpennathur (SP)Ward 1 Ambethkar nagar Grouphouse 4th Street , 999.OVERSEAS ELECTORS",All Voters
164,64,164,"Govt boys hr sec school New Building South facing Room No2,kilpennathur-604601","1.Kizhpennathur (R.V) And (SP)Ward 4 Avalurpettai Salai , 2.Kizhpennathur (R.V) And (SP)Ward 4 Throupathy Amman Koil Street , 3.Kizhpennathur (r.v) and (sp)Ward 4 ganthi nagar ,
4.Kizhpennathur (R.V) And (SP)Ward 4 Kulakkarai Street , 5.Kizhpennathur (R.V) And (SP)Ward 4 Kamarajar Street , 6.Kizhpennathur (r.v) and (sp)Ward 4 palla mishan street , 7.Kizhpennathur (r.v) and (sp)Ward 4 police line street , 999.OVERSEAS ELECTORS",All Voters
165,64,165,"Govt boys hr sec school, Centre part of the East facing building , Room No.13 , Thindivanam Road,Kilpennathur-604601","1.Kizhpennathur (r.v) and (sp)Ward 5 thindivanm salai north , 2.Kizhpennathur (R.V) And (SP)Ward 5 Kannimar Koil Street , 3.Kizhpennathur (R.V) And (SP)Ward 5 Thiruvalluvar Nagar 1st Street , 4.Kizhpennathur (R.V) And (SP)Ward 5 Thiruvallur Nagar 2nd Street , 5.Kizhpennathur (R.V) And (SP)Ward 5 Thiruvalluvar Nagar 3rd Street , 6.Kizhpennathur (R.V) And (SP)Ward 5 Thiruvalluvar Nagar Road Street , 7.Kizhpennathur (R.V) And (SP)Ward 5 Thiru.V.K.Nagar , 8.Kizhpennathur (R.V) And (SP)Ward 5 Kalaignar Nagar
999.OVERSEAS ELECTORS",All Voters
166,64,166,"Govt boys hr sec school S S A Building Centre Room Facing South,Kilpennathur,604601","1.Kizhpennathur (R.V) And (SP)Ward 14 Elantham Puravadai , 2.Kizhpennathur (R.V) And (SP)Ward 14 Kizhpennathur Kollakottai , 3.Kizhpennathur (R.V) And (SP)Ward 14 Mary Madha Koil Street , 4.Kizhpennathur (R.V) And (SP)Ward 14 Indra Nagar Rajathoppu Salai , 5.Kizhpennathur (r.v) and (sp)Ward 14 indra nagar 1st street , 6.Kizhpennathur (R.V) And (SP)Ward 14 Indra Nagar 2nd Street , 7.Kizhpennathur (R.V) And (SP)Ward 14 Indra Nagar 3rd Street , 8.Kizhpennathur (R.V) And (SP)Ward 14 MGR Nagar ,
9.Kizhpennathur (R.V) And (SP)Ward 14 Anna Nagar , 999.OVERSEAS ELECTORS",All Voters
167,64,167,"Govt boys hr sec school S S A BuildingEast Room facing South,Kilpennathur, Post 604601","1.Kizhpennathur (R.V) And (SP)Ward 15 Rajathoppu Koil Street , 2.Kizhpennathur (R.V) And (SP)Ward 15 Raja North Street , 3.Kizhpennathur (R.V) And (SP)Ward 15 School Street , 4.Kizhpennathur (R.V) And (SP)Ward 15 Kotavur Koil Street , 5.Kizhpennathur (R.V) And (SP)Ward 15 Kottavur North Street , 6.Kizhpennathur (R.V) And (SP)Ward 15 Kottavur Kanngi Nagar , 999.OVERSEAS ELECTORS",All Voters
168,64,168,"Govt girls hr Sec school New Building North facing Room No.11 Patti street,Patti street,kilpennathur 604601","1.Kilpennathur(r.v)&(p)Ward 2 thindivanam salai south , 2.Kilpennathur (R.V) and (S.P)Ward 2 Patti Street , 3.Kilpennathur (R.V) and (S.P)Ward 2 Rajaji Street , 4.Kilpennathur (R.V) and (S.P)Ward 2 Eswaran Koil Street ,
5.Kilpennathur (R.V) and (S.P)Ward 2 Punitha Anthonyar 1st Street , 6.Kilpennathur (R.V) and (S.P)Ward 2 Punitha Anthonyar 2nd Street , 7.Kilpennathur (R.V) and (S.P)Ward 2 Punitha Anthonyar 3rd Street , 8.Kilpennathur (R.V) and (S.P)Ward 2 Punitha Anthonyar 4th Street , 9.Kilpennathur (R.V) and (S.P)Ward 2 Punitha Anthonyar 5th Street , 10.Kilpennathur (R.V) and (S.P)Ward 2 Vettavalam Salai , 999.OVERSEAS ELECTORS",All Voters
169,64,169,"Govt Girls hr Sec school New BuildingWest partNorth facing,Patti street,kilpennathur 604601","1.Kilpennathur (R.V) and (S.P)Ward 3 Periyar Street , 2.Kilpennathur(r.v)&(p)Ward 3 anna nagar , 3.Kilpennathur (R.V) and (S.P)Ward 3 Middle Street , 4.Kilpennathur (R.V) and (S.P)Ward 3 Amman Koil Street ,
5.Kilpennathur (R.V) and (S.P)Ward 3 Lalpagadur Sasthiri Street , 6.Kilpennathur (R.V) and (S.P)Ward 3 Nehru Street , 999.OVERSEAS ELECTORS",All Voters
170,64,170,"Ramurediyar aided high school (Main Tiled Building)North Room,Karungalikuppam & Post-604601","1.Kizhpennathur (R.V) And (SP)Ward 9 Pillaiyar Koil Street , 2.Kizhpennathur (R.V) And (SP)Ward 9 V.O.C. Street , 3.Kizhpennathur (R.V) And (SP)Ward 9 Bharathi Street , 4.Kizhpennathur (R.V) And (SP)Ward 9 Thiruvalluvar Street , 5.Kizhpennathur (R.V) And (SP)Ward 10 Kasi Nagar , 999.OVERSEAS ELECTORS",All Voters
171,64,171,"Ramurediyar aided high school Main tiles Building facing West,Karungalikuppam & Post-604601","1.Kizhpennathur (R.V) And (SP)Ward 8 Kulakkarai Street , 2.Kizhpennathur (R.V) And (SP)Ward 8 Kattponnam Street , 3.Kizhpennathur (R.V) And (SP)Ward 8 Periya Street , 4.Kizhpennathur (R.V) And (SP)Ward 8 Nethaji Street , 5.Kizhpennathur (r.v) and (sp)Ward 10 kadai street , 6.Kizhpennathur (r.v) and (sp)Ward 10 mettu street , 7.Kizhpennathur (R.V) And (SP)Ward 19 Alamara Street , 999.OVERSEAS ELECTORS",All Voters
172,64,172,"Ramurediyar Aided Primary SchoolNorth Facing Building West Room,Karungalikuppam, Kilpennathur 604601","1.Karunkalikuppam(r.v)&(p)Ward 11 vivekanandhar street (north backside) , 2.Karunkalikuppam (R.V) and Kilpennathur (S.P)Ward 11 Vivekandar Street North Road Street ,
3.Karunkalikuppam (R.V) and Kilpennathur (S.P)Ward 11 Vivekandar Street North1st Cross Street ,
4.Karunkalikuppam (R.V) and Kilpennathur (S.P)Ward 11 Vivekandar Street North 2nd Cross Street ,
5.Karunkalikuppam (R.V) and Kilpennathur (S.P)Ward 11 Vivekandar Street North 3rd Cross Street ,
6.Karunkalikuppam (R.V) and Kilpennathur (S.P)Ward 11 Vivekandar Street North 4th Cross Street ,
7.Karunkalikuppam (R.V) and Kilpennathur (S.P)Ward 11 Vivekandar Street North 5th Cross Street ,
8.Karunkalikuppam (R.V) and Kilpennathur (S.P)Ward 11 Vivekandar Street North 6th Cross Street ,
9.Karunkalikuppam (R.V) and Kilpennathur (S.P)Ward 11 Vivekandar Street North 7th Cross Street ,
10.Karunkalikuppam (R.V) and Kilpennathur (S.P)Ward 11 Vivekandar  North 8th Cross Street ,
11.Karunkalikuppam (R.V) and Kilpennathur (S.P)Ward 11 Vivekandar  Street  North 9th Cross Street ,
12.Karunkalikuppam (R.V) and Kilpennathur (S.P)Ward 11 Vivekandar  Street  North 10th Cross Street ,
13.Karunkalikuppam(r.v)&(p)Ward 12 vivekanandhar st backside , 14.Karunkalaikuppam(r.v)&(p)Ward 12 vivekanandhar street south , 999.OVERSEAS ELECTORS",All Voters
173,64,173,"Ramurediyar Aided Elementry School West Side Building East Side Room No5,Karungalikuppam Village & Post
,604601","1.Karunkalikuppam (R.V) and Kilpennathur (S.P)Ward 11 Vivekandar  South Street
Sanipoondi Salai ,
2.Karunkalikuppam (R.V) and Kilpennathur (S.P)Ward 12 Vivekandar  South 1st Cross Street ,
3.Karunkalikuppam (R.V) and Kilpennathur (S.P)Ward 12 Vivekandar  South 2nd Cross Street ,
4.Karunkalikuppam (R.V) and Kilpennathur (S.P)Ward 12 Vivekandar  South 3rd Cross Street ,
5.Karunkalikuppam (R.V) and Kilpennathur (S.P)Ward 12 Vivekandar  South 4th Cross Street ,
6.Karunkalikuppam (R.V) and Kilpennathur (S.P)Ward 12 Vivekandar  South Kumaran Street ,
7.Karunkalikuppam (R.V) and Kilpennathur (S.P)Ward 12 Vivekandar  South 5th Cross Street ,
8.Karunkalikuppam (R.V) and Kilpennathur (S.P)Ward 12 Vivekandar  South 5th Cross Street 2 ,
9.Karunkalikuppam (R.V) and Kilpennathur (S.P)Ward 12 Vivekandar  South 5th Cross Street 3  ,
10.Karunkalikuppam (R.V) and Kilpennathur (S.P)Ward 12 Vivekandar  South 5th Cross Street 4 ,
11.Karunkalikuppam (R.V) and Kilpennathur (S.P)Ward 13 Annanagar North Street , 12.Karunkalikuppam (R.V) and Kilpennathur (S.P)Ward 13 Annanagar Big Street , 13.Karunkalikuppam (R.V) and Kilpennathur (S.P)Ward 13 Annanagar Cross Street 1 , 14.Karunkalikuppam (R.V) and Kilpennathur (S.P)Ward 13 Annanagar Cross Street 2 , 15.Karunkalikuppam (R.V) and Kilpennathur (S.P)Ward 13 Annanagar Cross Street 3 , 16.Karunkalikuppam (R.V) and Kilpennathur (S.P)Ward 13 Annanagar Cross Street 4 , 17.Karunkalikuppam (R.V) and Kilpennathur (S.P)Ward 13 Annanagar Main Street , 18.Karunkalikuppam (R.V) and Kilpennathur (S.P)Ward 13 Anna Nagar Group House street No 1 ,
19.Karunkalikuppam (R.V) and Kilpennathur (S.P)Ward 13 Anna Nagar Group House street No 2 ,
20.Karunkalikuppam (R.V) and Kilpennathur (S.P)Ward 13 Annanagar Group House
Street No 3 ,",All Voters
174,64,174,"Panchayat Union Primary School New Building West Room South Facing,Nedungamboondi,kilpennathur post ,604601","1.Nedungampoondi (R.V) Kizhpennathur (SP)Ward 6 Nedungampoondi Nadu Street , 2.Nedungampoondi (R.V) Kizhpennathur (SP)Ward 6 Nedungampoondi Palla Street , 3.Nedungampoondi (R.V) Kizhpennathur (SP)Ward 6 Nedungampoondi North Kollakottai  ,
4.Nedungampoondi (R.V) Kizhpennathur (SP)Ward 6 Nedungampoondi South Kollakottai ,
5.Nedungampoondi (R.V) Kizhpennathur (SP)Ward 6 Sandhaimettu Street , 6.NedunganpoondiKizhpennathur (SP)Ward 6 Sandhaimedu Kannagi Nagar , 7.Nudungampoondi (R.V) Kizhpennathur (SP)Ward 6 Thiruvalluvar Street , 999.OVERSEAS ELECTORS",All Voters
175,64,175,"Panchayat Union Primary School New Building East Room Facing South,Nedungamboondi, kilpennathur Post ,604601","1.Nedungampoondi (R.V) Kizhpennathur (SP)Ward 7 Mettupalaiyam North Street ,
2.Nedungampoondi (R.V) Kizhpennathur (SP)Ward 7 Mettupalayam East Street , 3.Nedungampoondi (R.V) Kizhpennathur (SP)Ward 7 Mettu Palaiyam 1st Cross Street ,
4.Nedungampoondi (R.V) Kizhpennathur (SP)Ward 7 Mettupalaiyam Nadu Street , 5.Nedungampoondi (R.V) Kizhpennathur (SP)Ward 7 Mettupalaiyam Nadu Street , 6.Nedungampoondi (R.V) Kizhpennathur (SP)Ward 7 Mettupalaiyam Nadu Street , 7.Nedungampoondi (R.V) Kizhpennathur (SP)Ward 7 Mettupalaiyam 2nd Cross street
,
8.Kizhpennathur (SP)Ward 7 mettupalaiyam 3rd cross st ,
9.Nedungampoondi (R.V) Kizhpennathur (SP)Ward 7 Mettupalaiyam 4th Cross Street
,
10.Nedungampoondi (R.V) Kizhpennathur (SP)Ward 7 Nedungampoondi Mettu Street ,
11.Nedungampoondi (R.V) Kizhpennathur (SP)Ward 7 Nedungampoondi Nadu Street
,",All Voters
176,64,176,"Panchayat Union Middle School,Rayampettai village,kilpennathur post,604601","1.Rayampettai (r.v) and (p)Ward 1 samundeeswari koil street , 2.Rayampettai (R.V) And (P)Ward 1 Road Street , 3.Rayampettai (r.v) and (p)Ward 1 periya street , 4.Rayampettai (R.V) And (P)Ward 1 Kulakkarai Street , 5.Rayampettai (R.V) And (P)Ward 1 Nadu Street , 6.Rayampettai (R.V) And (P)Ward 1 Vellakuttai , 999.OVERSEAS ELECTORS",All Voters
177,64,177,"Panchayat Union Primary School East Room Facing South,KunnanKuppam village, Vedanatham Post,606611","1.Rayampettai (R.V) And (P)Ward 2 Kunnakuppam Pillaiyar Koil Street , 2.Rayampettai (R.V) And (P)Kunnakuppam Kulakkarai Street South Street , 3.Rayampettai (R.V) And (P)Ward 2 Kunnakuppam Kulakkarai Street , 4.Rayampettai (R.V) And (P)Ward 2 Kunnakuppam Alamarast , 5.Rayampettai (R.V) And (P)Ward 3 Kunnakuppam Dhiteerkuppam , 999.OVERSEAS ELECTORS",All Voters
178,64,178,"Panchayat Union Middle School West facing,Manavaram ,rayampettai post,604601","1.Rayampettai (R.V) And (P)Ward 1 Manavaram North Street , 2.Rayampettai (R.V) And (P)Ward 1 Manavaram Pillaiyar Koil Street , 3.Rayampettai (R.V) And (P)Ward 1 Manavaram Kulakkarai Street , 4.Rayampettai (R.V) And (P)Ward 1 Manavaram Kollakott , 5.Rayampettai (R.V) And (P)Ward 2 Old Andalur ,
6.Rayampettai (R.V) And (P)Ward 2 Andalur ,
7.Rayampettai (R.V) And (P)Ward 1 Manavaram East Cross Street , 8.Rayampettai (R.V) And (P)Ward 1 Manavaram School Street , 999.OVERSEAS ELECTORS",All Voters
179,64,179,"Panchayat union primary school West facing,kaniyampoondi, Kolathur Post post,606755","1.Kaniyampoondi (R.V) And (P)Ward 1 Mettu Street , 2.Kaniyampoondi (R.V) And (P)Ward 2 Mariyamman Koil Street , 3.Kaniyampoondi (R.V) And (P)Ward 2 Bajanai Koil Street , 4.Kaniyampoondi (R.V) And (P)Ward 3 Tank Street , 5.Kaniyampoondi (R.V) And (P)Ward 3 Esangadu , 6.Kaniyampoondi (R.V) And (P)Ward 1 Kollakottai , 7.Kaniyampoondi (R.V) And (P)Ward 2 Ganthi Street , 8.Kaniyampoondi (R.V) And (P)Ward 2school Street , 9.Kaniyampoondi (R.V) And (P)Ward 2 Angalamman Street ,
10.Kaniyampoondi (R.V) And (P)Ward 3 Throupathyamman Koil Street , 999.OVERSEAS ELECTORS",All Voters
180,64,180,"Panchayat Union Primary School New Building East Room facing North,Karikalambadi kolathur post,606755","1.Karikkalampadi (R.V) And (P)Ward 2 Veerapathiran Nagar , 2.Karikkalampadi (R.V) And (P)Ward 1 Annanagar , 3.Karikkalampadi (R.V) And (P)Ward 2 Kamarajar Street , 4.Karikkalampadi (R.V) And (P)Ward 2 Bharathidasan Street , 5.Karikkalampadi (R.V) And (P)Ward 1 Thiruvalluvar Street , 6.Karikkalampadi (R.V) And (P)Ward 1 Nethaji Street , 7.Karikkalampadi (R.V) And (P)Ward 1V.O.C Street , 8.Karikkalampadi (R.V) And (P)Ward 1 Thenral Street , 999.OVERSEAS ELECTORS",All Voters
181,64,181,"Panchayat Union Primary School East Building facing west,Karikalambadi kolathur post,606755","1.Karikkalampadi (R.V) And (P)Ward 2 Veerapathiran Nagar , 2.Karikkalampadi (R.V) And (P)Ward 2 MGR Quaters Pillaiyar Koil Street , 3.Karikkalampadi (R.V) And (P)Ward 2 Inthiraquaters Manavaram ,
4.Karikkalampadi (R.V) And (P)Ward 2 Thailangulam Kamatchiyamman Koil Street , 5.Karikkalampadi (R.V) And (P)Ward 2 Kollakottai ,
6.Karikkalampadi (R.V) And (P)Ward 2 Vedanatham Road , 7.Karikkalampadi (R.V) And (P)Ward 2 Kulakkarai Street , 8.Karikkalampadi (R.V) And (P)Ward 2 School Street ,
9.Karikkalampadi (R.V) And (P)Ward 2 M.G.R.Quaters Mariyamman Koil Street , 10.Karikkalampadi (R.V) And (P)Ward 2 MGR Quaters Alamarast , 11.Karikkalampadi (R.V) And (P)Ward 2 Indhra Quaters West Street , 12.Karikkalampadi (R.V) And (P)Ward 2 Indraquaters Tank Street , 13.Karikkalampadi (R.V) And (P)Ward 2 Indraquaters North Street , 14.Karikkalampadi (R.V) And (P)Ward 2 Indhra Quaters Nadu Street , 15.Karikkalampadi (R.V) And (P)Ward 2 Indra Quaters Amman Koil Street , 16.Karikkalampadi (R.V) And (P)Ward 2 Thailangulam South Street , 17.Karikkalampadi (R.V) And (P)Ward 2 Thailangulam Madhapoondi Road , 999.OVERSEAS ELECTORS",All Voters
182,64,182,"Panchayat union primary school main building facing east,Vedanatham & post,606611","1.Vedanatham (r.v) and (p)Ward 1 mettu street , 2.Vedanatham (R.V) And (P)Ward 1Mariyamman Koil Street , 3.Vedanatham (R.V) And (P)Ward 1 Kuilthoppu , 4.Vedanatham (R.V) And (P)Ward 2 Periya Street , 999.OVERSEAS ELECTORS",All Voters
183,64,183,"Panchayat union primary school East Facing West side building,Vedanatham & post,606611","1.Vedanatham (R.V) And (P)Ward 4 Arunthathiyar Street , 2.Vedanatham (r.v) and (p)Ward 3 colony pillaiyar koil street , 3.Vedanatham (R.V) And (P)Ward 4 Colony Omsakthi Koil Street , 4.Vedanatham (r.v) and (p)Ward 3 colony gengaiyamman koil street , 999.OVERSEAS ELECTORS",All Voters
184,64,184,"Panchayat union primary school additional New building facing North,Vedanatham & post,606611","1.Vedanatham (r.v) and (p)Ward 1 pillaiyar koil street , 2.Vedanatham (R.V) And (P)Ward 2 School Street , 3.Vedanatham (R.V) And (P)Ward 2 Bajanai Koil Street , 4.Vedanatham (R.V) And (P)Ward 3 Alamar Street , 5.Vedanatham (R.V) And (P)Ward 3 Kulakarai Street , 6.Vedanatham (R.V) And (P)Ward 3 Ellukuttai Street , 7.Vedanatham (R.V) And (P)Ward 3 Annanagar , 8.Vedanatham (R.V) And (P)Ward 3 Sitheri , 999.OVERSEAS ELECTORS",All Voters
185,64,185,"Panchayat union middle School North PartS.S.A Building,Kadambai, Somasipadi post 606611","1.Kadambai (R.V) And (P)Ward 1 Masuthi 1st Street ,
2.Kadambai (R.V) And (P)Ward 1 Masuthi 2nd Street ,
3.Kadambai (r.v) and (p)Ward 2 pillaiyar koil street ,
4.Kadambai (R.V) And (P)Ward 2 Kurumbar Street ,
5.Kadambai (R.V) And (P)Ward 1 2kammalar Street ,
6.Kadambai (R.V) And (P)Ward 2 Kolla Kottai 1 ,
7.Kadambai (r.v) and (p)Ward 2 kollakottai 2 ,
8.Kadambai (R.V) And (P)Ward 2 Kollakottai 3 ,
9.Kadambai (R.V) And (P)Ward 2 Kollakottai 4 , 999.OVERSEAS ELECTORS",All Voters
186,64,186,"Anganwadi Maiyam South Facing Building, South Side, Kalitheri Village Somasipadi Post 606611","1.Kadambai (R.V) And (P)Ward 3 School Street ,
2.Kadambai (r.v) and (p)Ward 3 nadu street ,
3.Kadambai (R.V) And (P)Ward 3 Pillaiyar Koil Street ,
4.Kadambai (r.v) and (p)Ward 3 vanniyapuram ,
5.Kadambai (r.v) and (p)Ward kaveripuram , 999.OVERSEAS ELECTORS",All Voters
187,64,187,"Panchayat union middle school North part S S A Building South Facing,Kadambai Village ,somasipadi post,606611","1.Kadambai (R.V) And (P)Ward 3 Polakunam Cross Street 1 ,
2.Kadambai (R.V) And (P)Ward 1 Polakunam Cross Street 2 ,
3.Kadambai (R.V) And (P)Ward 3 Polakunam Cross Street 3 ,
4.Kadambai (R.V) And (P)Ward 3 Polakunam Cross Street 4 ,
5.Kadambai (R.V) And (P)Ward 3 Muslim Edukattu Street ,
6.Kadambai (R.V) And (P)Ward 3 Tank Street ,
7.Kadambai (R.V) And (P)Ward 3 Tank 2 ,
8.Kadambai (R.V) And (P)Ward 3 Pillaiyar Koil Street ,
9.Kadambai (R.V) And (P)Ward 3 Pillaiyar Koil Cross Street , 10.Kadambai (R.V) And (P)Ward 3 Pillaiyar Koil Cross Street , 11.Kadambai (R.V) And (P)Ward 3 Paraimedu ,
12.Kadambai (r.v) and (p)Ward 3 kadambai colony 1st street , 13.Kadambai (R.V) And (P)Ward 3 Kadambai 2nd Street , 14.Kadambai (R.V) And (P)Ward 3 Kadambar 3rd Street , 15.Kadambai (r.v) and (p)Ward 3 kadambai kootroad , 16.Kadambai (R.V) And (P)Ward 3 Thindivanam Salai , 17.Kadambai (R.V) And (P)Ward 3 Vazhauthalangunam , 18.Kadambai (r.v) and (p)Ward 3 polakunam pradhanasalai , 999.OVERSEAS ELECTORS",All Voters
188,64,188,"Panchayat Union Middle School  West Building East Facing, Aranji Village Somasipadi Post 606611","1.Aranji (R.V) And (P)Ward 1 Aranji Arunthathi Colony ,
2.Aranji (R.V) And (P)Ward 1 Arnji Colony ,
3.Aranji (r.v) kumarakudi (p)Ward 3 kumarakudi colony ,
4.Aranji (R.V) Kumarakudi (P)Ward 2 Pillaiyar Koil Street ,
5.Aranji (R.V) Kumarakudi (P)Ward 2 Maniyakkarar Street ,
6.Aranji (R.V) Kumarakudi (P)Ward 2 Kumarkudi Rajaveethi ,
7.Aranji (R.V) Kumarakudi (P)Ward 2 Kumarakudi Pudur , 999.OVERSEAS ELECTORS",All Voters
189,64,189,"Panchayat Union Middle School East building west facing,Aranji,somasipadi post,606611","1.Aranji (R.V) And (P)Ward 1 Kulathumettu Street ,
2.Aranji (R.V) And (P)Ward 1 Sarana Street ,
3.Aranji (r.v) and (p)Ward 1 kurumbar street ,
4.Aranji (r.v) and (p)Ward 1 aranji rajaveethi ,
5.Aranji (R.V) And (P)Ward 1 Polakunam Salai ,
6.Aranji (R.V) Kumarakudi (P)Ward 1 Aranji Ramanadhapuram ,
7.Aranji (R.V) Kumarakudi (P)Ward 1 Aranji Asthinapuram , 999.OVERSEAS ELECTORS",All Voters
190,64,190,"Panchayat Union Elementary SchoolSouth facing,Polakunam
,606755","1.Polakunam(r.v)&(p)Ward 1sanimoolai st , 2.Polakunam(r.v)&(p)Ward 1 north street , 3.Polakunam(r.v)&(p)Ward 1 rajapalayam , 4.Polakunam(r.v)&(p)Ward 1  Udaiyar Street 5.Polakunam(r.v)&(p)Ward 2 south street , 6.Polakunam(r.v)&(p)Ward 2 mettu st ,
7.Polakunam (R.V) and (P)Ward 2 Kattu Velandal Pillaiyar Koil street , 8.Polakunam (R.V) and (P)Ward 2 Kattu Velandal Main Road , 9.Polakunam (R.V) and (P)Ward 2 Kattu Velanandal Chettiyar Street , 999.OVERSEAS ELECTORS",All Voters
191,64,191,"Government High SchoolNew Building East Wing Facing North,Polakunam 606755","1.Polakunam(r.v)&(p)Ward 2 pazhaiya colony north st , 2.Polakunam (R.V) and (P)Ward 2 Old Colony Pillaiyar Koil Street , 3.Polakunam (R.V) and (P)Ward 2 Matha Koil Street , 4.Polakunam (R.V) and (P)Ward 2 Old Colony East Street , 5.Polakunam (R.V) and (P)Ward 2 Arunthathiyar Street , 6.Polakunam (R.V) and (P)Ward 2 New Colony 1th Street , 7.Polakunam (R.V) and (P)Ward 2 New Colony 2nd Street , 8.Polakunam (R.V) and (P)Ward 2 New Colony 3rd Street , 9.Polakunam (R.V) and (P)Ward 2 Josiyar Street ,
10.Polakunam (R.V) and (P)Ward 2 Malaiyadi Colony , 11.Polakunam (R.V) and (P)Ward 2 Kattu Velanandal Pudur , 12.Polakunam (R.V) and (P)Ward 2 Old Colony Middle Street , 999.OVERSEAS ELECTORS",All Voters
192,64,192,"Panchayat union primary school, East part, Facing South,Kiranur,Pasunkarai
,rajapalayam post,606755","1.Keeranur (R.V) And (P)Ward 2 Keeranur West Street ,
2.Keeranur (R.V) And (P)Ward 2 Kolla Kottai , 3.Kiranoor(r.v)&(p)Ward 2 kiranoor sathiram , 4.Kiranoor(r.v)&(p)Ward 2 pasunkarai pudhiyacolony 1st st ,
5.Keeranur (R.V) And (P)Ward 2 Pasunkarai New Colony 2nd Street ,
6.Keeranur (R.V) And (P)Ward 2 Pasunkarai New Colony 3rd Street ,
7.Keeranur (R.V) And (P)Ward 2 Pasunkarai New Colony 4th Street ,
8.Keeranur (R.V) And (P)Ward 2 Pasunkarai New Colony West Street ,
9.Keeranur (R.V) And (P)Ward 2 Pasunkarai Old Colony Main Road , 10.Keeranur (R.V) And (P)Ward 2 Pasunkarai Old Colony  1St Street , 11.Keeranur (R.V) And (P)Ward 2 Pasunkarai  Old Colony 2nd Street , 12.Keeranur (R.V) And (P)Ward 2 Pasunkarai  Old Colony 3rd Street, 999.OVERSEAS ELECTORS",All Voters
193,64,193,"Panchayat Union Elementrary School West aprt South Facing Room,Rajapalayam HO Kiranur post,606755","1.Keeranur (R.V) And (P)Ward 1 Rajapalaiyam Raja Street ,
2.Keeranur (R.V) And (P)Ward 1 Rajapalaiyam Naidu Street ,
3.Keeranur (R.V) And (P)Ward 1 Rajapalaiyam Old Colony ,
4.Keeranur (R.V) And (P)Ward 1 Rajapalaiyam New Colony 1St ,
5.Keeranur (R.V) And (P)Ward 1 Rajapalaiyam New Colony 2nd Street ,
6.Keeranur (R.V) And (P)Ward 1 Rajapalaiyam New Colony 3rd Street ,
7.Keeranur (R.V) And (P)Ward 1 Chettiyar Street ,
8.Keeranur (R.V) And (P)Ward 1 Kamaraj Nagar ,
9.Keeranur (R.V) And (P)Ward 1 Keeranur Tank Street , 999.OVERSEAS ELECTORS",All Voters
194,64,194,"Panchayat Union Elementary School, Middle Part, West Facing East Building, Velanandhal village and Post 606755","1.Velananthal (R.V) And (P)Ward 1 Velananthal Main Road , 2.Velananthal (R.V) And (P)Ward 1 Chellankuppam Road , 3.Velananthal (R.V) And (P)Ward 1 Padasalai Street , 4.Velananthal (R.V) And (P)Ward 1 Velananthal Pudur Road , 5.Velananthal (R.V) And (P)Ward 1 Velananthal 1st Streetd , 6.Velananthal (R.V) And (P)Ward 1 Velananthal 2nd Street , 7.Velananthal (R.V) And (P)Ward 1 Velanandhal 3rd Street , 999.OVERSEAS ELECTORS",All Voters
195,64,195,"Panchayat union Elementary school, North part, Facing West,Velanandhal village&post,606755","1.Velananthal neikuppam (R.V) And (P)Ward 2 Padasalai Street , 2.Velananthal neikuppam (R.V) And (P)Ward 2 Chellangkuppam Road , 3.Velananthal neikuppam (R.V) And (P)Ward 2 Kamatchiyamman Koil Street , 4.Velananthal neikuppam (R.V) And (P)Ward 2 Cross Street ,
5.Velananthal neikuppam (R.V) And (P)Ward 2 Veerapathiran Koil Street , 999.OVERSEAS ELECTORS",All Voters
196,64,196,"Panchayat Union Elementary School Southern West Side Building East facing,Velanandhal village&post,606755","1.Velananthal neikuppam (R.V) And (P)Ward 2 South Street , 2.Velananthal neikuppam (R.V) And (P)Ward 2 Vinayagar Koil Street , 3.Velananthal neikuppam (R.V) And (P)Ward 2 Arunthathiyar Colony , 4.Velananthal neikuppam (R.V) And (P)Ward 3 Arasaguppam 1st Street , 5.Velananthal neikuppam (R.V) And (P)Ward 3 Arasanguppam 2nd Street , 6.Velananthal neikuppam (R.V) And (P)Ward 3 Arasanguppam 3rd Street , 7.Velananthal neikuppam (R.V) And (P)Ward 3 Kallanguthu Street , 8.Velananthal neikuppam (R.V) And (P)Ward 3 Pappanthangal , 999.OVERSEAS ELECTORS",All Voters
197,64,197,"Panchayat union middle school New Building West Part,Arumbakkam
,Konalur post,606755","1.Arumbakkam (R.V) And (P)Ward 1 Arumbakkam Mettu Street , 2.Arumbakkam (r.v) and (p)Ward 1 arubbakkam kamachi amman koil street , 3.Arumbakkam (R.V) And (P)Ward 1 Pillaiyar Koil Street ,
4.Arumbakkam (R.V) And (P)Ward 2 South Street , 5.Arumbakkam (R.V) And (P)Ward 1 East Street , 6.Arumbakkam (R.V) And (P)Ward 2 Madhakoil Street , 7.Arumbakkam (R.V) And (P)Ward 2 Colony Street , 8.Arumbakkam (R.V) And (P)Ward 2 Colony 2nd Street , 9.Arumbakkam (R.V) And (P)Ward 2 Colony 3 Street , 10.Arumbakkam (R.V) And (P)Ward 2 Colony 4Street , 11.Arumbakkam (R.V) And (P)Ward 2 Udhayasuriyapuram , 12.Arumbakkam (R.V) And (P)Ward 2 Somasipadi Salai , 13.Arumbakkam (R.V) And (P)Ward 2 Arumbakkam Puthur , 999.OVERSEAS ELECTORS",All Voters
198,64,198,"Panchayat Union primary school North building North facing,,Kalingaleri Village and post,606755","1.Arumbakkam (R.V) And (P)Ward1 Kalingaleri , 2.Arumbakkam (r.v) and (p)Ward 2 rajapalaiyamsalai ,
3.Arumbakkam (R.V) And (P)Ward 2 Sorpanandhal Pillaiyar Koil Street , 4.Arumbakkam (R.V) And (P)Ward 2 Sorpanandhal Amman Koil Street , 5.Arumbakkam (R.V) And (P)Ward 1 Sorpanandhal Nandhakoll Street , 6.Arumbakkam (R.V) And (P)Ward 1Gurumbakalingaleri , 999.OVERSEAS ELECTORS",All Voters
199,64,199,"Panchayat union Elementary School. Northern Building west wingsouth facing,Konalur Village & Post, 606755","1.Konalur (R.V) And (P)Ward 1 Konalur North Street ,
2.Konalur (R.V) And (P)Ward 1 Konalur North Street ,
3.Konalur (R.V) And (P)Ward 2 Kulathumettu Street ,
4.Konalur (R.V) And (P)Ward 1 2nd Road Street , 999.OVERSEAS ELECTORS",All Voters
200,64,200,"Panchayat union Elementary School, South side East Building,North Facing,Konalur Village & Post, 606755","1.Konalur (R.V) And (P)Ward 1 Manmadhan Koil Street ,
2.Konalur (R.V) And (P)Ward 1 South Street ,
3.Konalur (R.V) And (P)Ward 2 South st 1st Sandhu ,
4.Konalur (R.V) And (P)Ward 2 South Street 3rd Street ,
5.Konalur (R.V) And (P)Ward 2 South Street 3rd Sandu ,
6.Konalur (R.V) And (P)Ward 2 South Street 4th Street ,
7.Konalur (R.V) And (P)Ward 2 Mariyamman Koil Street ,
8.Konalur (R.V) And (P)Ward 2 Konalur Pudhur ,
9.Konalur (r.v) and (p)Ward 2 south street , 999.OVERSEAS ELECTORS",All Voters
201,64,201,"Panchayat union Elementary School, South side West Building, North Facing,Konalur village&post,606755","1.Suriyanthagal (r.v) and (p)Ward 3 old colony north street , 2.Suriyanthangal (R.V) And (P)Ward 3 Old Colony Nadu Street , 3.Suriyanthangal (R.V) And (P)Ward 3 Old Colony South Street , 4.Suriyanthangal (R.V) And (P)Ward 3 Old Colony South Street , 5.Suriyanthangal (R.V) And (P)Ward 3 New Colony West Street , 6.Suriyanthangal (R.V) And (P)Ward 3 New Colony South Street , 7.Suriyanthangal (R.V) and (P)Ward 3 New Colony East Street 1st Santhu , 8.Suriyanthangal (R.V) And (P)Ward 3  New Colony East Street 2nd Street , 9.Suriyanthangal (R.V) And (P)Ward 3  New Colony East South 3rd Street , 10.Suriyanthangal (R.V) And (P)Ward 3 New  Colony East Street , 11.Suriyanthangal (R.V) And (P)Ward 3 Main Road ,
12.Suriyanthangal (r.v) and (p)Ward 3 suriyathangal road , 13.Suriyanthangal (R.V) And (P)Ward 3 Suriyanthangal West 1st Street , 14.Suriyanthangal (R.V) And (P)Ward 3 Suriyanthangal Pillaiyar Koil Street , 15.Suriyanthangal (R.V) and (P)Ward 3 Suriyanthangal, West 2nd Street , 16.Suriyanthangal (R.V) And (P)Ward 3 Suriyanthangal Road Street , 999.OVERSEAS ELECTORS",All Voters
202,64,202,"Panchayat Union Primary school, North Facing, Kattumalaiyanur pudur post, 606804","1.Suriyanthagal (r.v) and (p)Ward 3 old colony north street , 2.Suriyanthangal (R.V) And (P)Ward 3 Old Colony Nadu Street , 3.Suriyanthangal (R.V) And (P)Ward 3 Old Colony South Street , 4.Suriyanthangal (R.V) And (P)Ward 3 Old Colony South Street , 5.Suriyanthangal (R.V) And (P)Ward 3 New Colony West Street , 6.Suriyanthangal (R.V) And (P)Ward 3 New Colony South Street , 7.Suriyanthangal (R.V) and (P)Ward 3 New Colony East Street 1st Santhu , 8.Suriyanthangal (R.V) And (P)Ward 3  New Colony East Street 2nd Street , 9.Suriyanthangal (R.V) And (P)Ward 3  New Colony East South 3rd Street , 10.Suriyanthangal (R.V) And (P)Ward 3 New  Colony East Street , 11.Suriyanthangal (R.V) And (P)Ward 3 Main Road ,
12.Suriyanthangal (r.v) and (p)Ward 3 suriyathangal road , 13.Suriyanthangal (R.V) And (P)Ward 3 Suriyanthangal West 1st Street , 14.Suriyanthangal (R.V) And (P)Ward 3 Suriyanthangal Pillaiyar Koil Street , 15.Suriyanthangal (R.V) and (P)Ward 3 Suriyanthangal, West 2nd Street , 16.Suriyanthangal (R.V) And (P)Ward 3 Suriyanthangal Road Street , 999.OVERSEAS ELECTORS",All Voters
203,64,203,"Panchayat union elementary school East side Old Buildingwest facing,old Kattumalaiyanur post,606804","1.Kattumalaiyanur (R.V) And (P)Ward 3 Pillaiyar Koil Street , 2.Kattumalaiyanur (R.V) And (P)Ward 3 Jainar Street , 3.Kattumalaiyanur (R.V) And (P)Ward 3 School Street , 4.Kattumalaiyanur (R.V) And (P)Ward 3 Street ,
5.Kattumalaiyanur (R.V) And (P)Ward 3 Colony Pillaiyar Koil Street , 6.Kattumalaiyanur (R.V) And (P)Ward 3 West Street , 7.Kattumalaiyanur (R.V) And (P)Ward 3 North Street , 8.Kattumalaiyanur (R.V) And (P)Ward 3 Kuduvai Kinar Street , 9.Kattumalaiyanur (R.V) And (P)Ward 3 Nadu Street , 10.Kattumalaiyanur (R.V) And (P)Ward 3 East Street ,
11.Kattumalaiyanur (R.V) And (P)Ward 3 Nadazhaganandhal Kattumalaiyanur , 999.OVERSEAS ELECTORS",All Voters
204,64,204,"Panchayat union Primary School South Side room West Facing,Singavaram, kattumalaiyanur post,606804","1.Kattumalaiyanur (R.V) And (P)Ward 4 Singavaram South Street , 2.Kattumalaiyanur (R.V) And (P)Ward 4 Singavaram Nadu Street , 3.Kattumalaiyanur (R.V) And (P)Ward 4 Singavaram North Street , 4.Kattumalaiyanur (R.V) And (P)Ward 4 Kattumalaiyanur Pudhu Salai , 5.Kattumalaiyanur (R.V) And (P)Ward 4 Singavaram School Street , 999.OVERSEAS ELECTORS",All Voters
205,64,205,"Panchayat union Middle school East facing Kenganandal,Kenganandal, kattumalaiyanur post,606804","1.Kattumalaiyanur (R.V) And (P)Ward 4 Genganadhal Salai , 2.Kattumalaiyanur (R.V) And (P)Ward 4 Othavadai Street , 3.Kattumalaiyanur (R.V) And (P)Ward 4 Kovil Street , 4.Kattumalaiyanur (R.V) And (P)Ward 4Genganandhal North Street , 5.Kattumalaiyanur (R.V) And (P)Ward 4 Polakunam Kattukulam Salai , 6.Kattumalaiyanur (R.V) And (P)Ward 4 Annanagar ,
999.OVERSEAS ELECTORS",All Voters
206,64,206,"Panchayat union Elementary school west part new building,Kolathur village&post,606755","1.Kolathur (R.V) And (P)Ward 1 Kizhpennathur Salai ,
2.Kolathur (R.V) And (P)Ward 1 Kizhpennathur Salai ,
3.Kolathur (r.v) and (p)Ward 1 bajanai koil street ,
4.Kolathur (R.V) And (P)Ward 1 Vetnery Hospital Street ,
5.Kolathur (R.V) And (P)Ward 1 Bajanai Koil Cross Street ,
6.Kolathur (R.V) And (P)Ward 1Bajanai Koil Cross Street ,
7.Kolathur (R.V) And (P)Ward 1 Bajanai Koil Cross Street ,
8.Kolathur (R.V) And (P)Ward 1 Bajanai Koil Cross Street ,
9.Kolathur (r.v) and (p)Ward 1 bajanaikoil cross street , 10.Kolathur (R.V) And (P)Ward 1 Palla Street , 11.Kolathur (R.V) And (P)Ward 2 Old Tank Street , 12.Kolathur (R.V) And (P)Ward 2 Achari Street , 13.Kolathur (r.v) and (p)Ward 2 vinayagar koil street , 14.Kolathur (r.v) and (p)Ward 2 achari street , 999.OVERSEAS ELECTORS",All Voters
207,64,207,"Govt High School West Part New buildingNorth facing,Kolathur village&post,606755","1.Kolathur (r.v) and (p)Ward 2 kamatchiyamman koil street ,
2.Kolathur (R.V) And (P)Ward 3 Pudhu Colony West Street ,
3.Kolathur (r.v) and (p)Ward 3 pudhu colony north street ,
4.Kolathur (r.v) and (p)Ward 3 puducolony south street ,
5.Kolathur (R.V) And (P)Ward 3 Cld Colony Vinayagar Koil Street , 999.OVERSEAS ELECTORS",All Voters
208,64,208,"Panchayat union Elementary school New buildingEast Facing North Side Building,Kolathur village&post,606755","1.Kolathur (R.V) and (P)Ward 2 Kamatchi Amman Koil street ,
2.Kolathur (R.V) and (P)Ward 2 Cross Street East 2 ,
3.Kolathur (R.V) and (P)Ward 2 Vannarapettai  ,
4.Kolathur (R.V) and (P)Ward 2 Pallikuda Street ,
5.Kolathur (R.V) and (P)Ward 3 Old Colony Vinayagar koil East Part ,
6.Kolathur (R.V) and (P)Ward 3 Ponnankulam ,
7.Kolathur (R.V) and (P)Ward 3 Ponnankulam West Kolla kotta ,
8.Kolathur (R.V) and (P)Ward 3 Ponnankulam East Kolla kotta , 999.OVERSEAS ELECTORS",All Voters
209,64,209,"Panchayat union Elementary school West Facing East Building,Erpakkam, Sanipoondi Post 606755","1.Earpakkam  (R.V) Kolathur (P)Ward 4 Earpakkam Perumal Koil Street , 2.Earpakkam  (R.V) Kolathur (P)Ward 4 Earpakkam Pillaiyar Koil Street , 3.Earpakkam  (R.V) Kolathur (P)Ward 4 Earpakkam Tv Room Street , 4.Earpakkam  (R.V) Kolathur (P)Ward 4 Earpakkam South Street , 5.Earpakkam  (R.V) Kolathur (P)Ward 4 Earpakkam Sanipoondi Salai , 6.Earpakkam  (R.V) Kolathur (P)Ward 4 Earpakkam Arunthathiyar  Street , 7.Earpakkam  (R.V) Kolathur (P)Ward 4 Earpakkam Kolla Kotta , 999.OVERSEAS ELECTORS",All Voters
210,64,210,"Panchayat Union Elementary School North Wing Facing west,Sanipoondi village & Post,606755","1.Sanipoondi (R.V) And (P)Ward 2 Amman Koil Street , 2.Sanipoondi (r.v) and (p)Ward 2 irular colony , 3.Sanipoondi (R.V) And (P)Ward 1 Yadhavar Street , 4.Sanipoondi (R.V) And (P)Ward 1 Yadhavar Car Street , 5.Sanipoondi (r.v) and (p)Ward 1 pillaiyar koil street , 6.Sanipoondi (r.v) and (p)Ward 1 pada salai ,
7.Sanipoondi (R.V) And (P)Ward 1 Pada Salai Nadu Street , 8.Sanipoondi (R.V) And (P)Ward 1 Ottar Street , 9.Sanipoondi (R.V) And (P)Ward 1 Ottar Street Sandhu East , 10.Sanipoondi (R.V) And (P)Ward 1 Vaniyath Street , 11.Sanipoondi (R.V) And (P)Ward 2 Old Colony 1st Street , 12.Sanipoondi (r.v) and (p)Ward 2 old colony east street , 999.OVERSEAS ELECTORS",All Voters
211,64,211,"Panchayat Union Elementary School South Wing Facing west,Sanipoondi Village & Post,606755","1.Sanipoondi (R.V) And (P)Ward 2 Pillaiyar Koil Street , 2.Sanipoondi (R.V) And (P)Ward 2 Madha Koil 2nd Street , 3.Sanipoondi (R.V) And (P)Ward 2 Madha Koil 1st Street , 4.Sanipoondi (R.V) And (P)Ward 1 Annanagar 1st Street , 5.Sanipoondi (R.V) And (P)Ward 1 Anna Nagar 2nd Street , 6.Sanipoondi (R.V) And (P)Ward 3 New Colony1st Street , 7.Sanipoondi (r.v) and (p)Ward 3 new colony 2nd street , 8.Sanipoondi (r.v) and (p)Ward 3 new colony 3rd street , 9.Sanipoondi (R.V) And (P)Ward 3 New Anthoniyar Koil Street , 10.Sanipoondi (R.V) And (P)Ward 3 M.G.R Nagar 1st Street , 11.Sanipoondi (R.V) And (P)Ward 3 M.G.R Nagar 2nd Street , 12.Sanipoondi (R.V) And (P)Ward 3 M.G.R. Nagard 3rd Street , 999.OVERSEAS ELECTORS",All Voters
212,64,212,"Govt Hr Sec school New building ground floornorth part east facing,Rajanthangal village&post,606755","1.Rajanthangal (R.V) And (P)Ward 1 Sanimulai Street , 2.Rajanthangal (R.V) And (P)Ward 2 Eswaran Koil Street , 3.Rajanthangal (R.V) And (P)Ward 1 Nadu Street , 4.Rajanthangal (r.v) and (p)Ward 1 pada salai street , 5.Rajanthangal (R.V) And (P)Ward 1 Mariyamman Koil Street , 6.Rajanthangal (R.V) And (P)Ward 2 Udaiyar Street , 999.OVERSEAS ELECTORS",All Voters
213,64,213,"Govt Hr Sec school Ground Floor south Part New building facing east,Rajanthangal village&post,606752","1.Rajanthangal (R.V) And (P)Ward 2 Pudhu Street ,
2.Rajanthangal (R.V) And (P)Ward 2 T.Malai Villupuram Main Road , 3.Rajanthangal (R.V) And (P)Ward 2 Kolla Kottai ,
4.Rajanthangal (R.V) And (P)Ward 2 Otta Street (Veerna Nagar) , 5.Rajanthangal (R.V) And (P)Ward 3 Karipoor Koot Road , 6.Rajanthangal (R.V) And (P)Ward 3 Iluppathangal 1st Street , 7.Rajanthangal (r.v) and (p)Ward 3 illuppathangal 2nd street , 8.Rajanthangal (R.V) And (P)Ward 3 Iluppathangal 3rd Street , 999.OVERSEAS ELECTORS",All Voters
214,64,214,"Panchayat union primary school West building west facing,Nadalakanandhal,thandarai post,606804","1.Nadazhagananthal(r.v)&(p)Ward 1 north st , 2.Nadayaganandal (R.V) and (P)Ward 1 Padasalai Street , 3.Nadayaganandal (R.V) and (P)Ward 1 Santhu Street , 4.Nadayaganandal (R.V) and (P)Ward 1 Middle Street , 5.Nadayaganandal (R.V) and (P)Ward 1 Chinnathai Street , 6.Nadayaganandal (R.V) and (P)Ward 1 Thoppachetti Street , 7.Nadayaganandal (R.V) and (P)Ward 1 Santhu Street , 8.Nadayaganandal (R.V) and (P)Ward 2 Gengampattu Road , 9.Nadayaganandal (R.V) and (P)Ward 2 Sella Kutti Street , 10.Nadayaganandal (R.V) and (P)Ward 2 Vaniyar Street , 11.Nadayaganandal (R.V) and (P)Ward 2 Kulathumedu Street , 12.Nadayaganandal (R.V) and (P)Ward 1 Kollaimedu , 999.OVERSEAS ELECTORS",All Voters
215,64,215,"Panchayat union primary school North Part West Facing Room,Nadalakanandhal Pudur Konalur post,606755","1.Nadazhagananthal (R.V) And (P)Ward 3 West Street Karungalpat , 2.Nadazhagananthal (R.V) And (P)Ward 3 Pillaiyar Koil Street , 3.Nadazhagananthal (R.V) And (P)Ward 3 Pada Salai Street , 4.Nadazhagananthal (R.V) And (P)Ward 3 North Street Karungalpat , 5.Nadazhagananthal (R.V) And (P)Ward 3 Sandu 1 Karungalpat , 6.Nadazhagananthal (R.V) And (P)Ward 3 Sandhu 2 Karungalpat , 7.Nadazhagananthal (R.V) And (P)Ward 3 Villupuram Main Road Karungalpet , 8.Nadazhagananthal (R.V) And (P)Ward 3 Kollaimedu Karungalpat , 9.Nadazhagananthal (R.V) And (P)Ward 4 Villupuram Main Road Na Puthur , 10.Nadazhagananthal (r.v) and (p)Ward 4 pillaiyar koil street puthur , 11.Nadazhagananthal (R.V) And (P)Ward 4 North Street Na Purthur , 12.Nadazhagananthal (R.V) And (P)Ward 4 Kattumalaiyanur Road Na Puthur , 13.Nadazhagananthal (R.V) And (P)Ward 4 Kollaimedu Na Puthur , 999.OVERSEAS ELECTORS",All Voters
216,64,216,"R.C.M. Primary School North Building, West side, South facing centre part , N.Gengampattu,606804","1.N.Gengampattu (R.V) And (P)Ward 1 Pillaiyar Koil Street , 2.N.Gengampattu (R.V) And (P)Ward 1 Achari Street , 3.N.Gengampattu (R.V) And (P)Ward 1 Alla Koil Street , 4.N.Gengampattu (R.V) And (P)Ward 1 Alla Koil Main Road , 5.N.Gengampattu (R.V) And (P)Ward 3 Malai Koil Street1 , 6.N.Gengampattu (R.V) And (P)Ward 1 Anthoniyar Street , 7.N.Gengampattu (R.V) And (P)Ward 1 Ndu Street , 8.N.Gengampattu (R.V) And (P)Ward 2 Main Road , 9.N.Gengampattu (R.V) And (P)Ward 2 Officer Street , 999.OVERSEAS ELECTORS",All Voters
217,64,217,"St.Paul high school new building East room,N.kengambattu,606804","1.N.Gengampattu (R.V) And (P)Ward 2 Madha Koil Street , 2.N.Gengampattu (R.V) And (P)Ward 2 Othavadai Street , 3.N.gengampattu (r.v) and (p)Ward 3 anna nagar , 4.N.Gengampattu (R.V) And (P)Ward 3 Madathu Street , 5.N.Gengampattu (R.V) And (P)Ward 3 Pudhu Madathu Street , 6.N.Gengampattu (R.V) And (P)Ward 2 Puducheri 1St Streett , 7.N.Gengampattu (R.V) And (P)Ward 2 Puducheri 2nd Street , 999.OVERSEAS ELECTORS",All Voters
218,64,218,"Government High School South facing Building,Sellanguppam,velananndhal post,606755","1.Chellankuppam (R.V) And (P)Ward 1 Nainar Street , 2.Chellankuppam (R.V) And (P)Ward 1 Chettiyar Street , 3.Chellankuppam (R.V) And (P)Ward 2 Mariyamman Koil Street , 4.Chellankuppam (r.v) and (p)Ward 2 nadu street , 5.Chellankuppam (R.V) And (P)Ward 1 Kulathumettu Street , 999.OVERSEAS ELECTORS",All Voters
219,64,219,"Government High School  East Facing, Sellanguppam, velananndhal post,606755","1.Chellankuppam (R.V) And (P)Ward 2 North Mettu Street, 2.C9hellankuppam (R.V) And (P)Ward 2 Raice Mill Street , 3.Chellankuppam (R.V) And (P)Ward 2 Road Street , 4.Chellankuppam (r.v) and (p)Ward 2 main road , 5.Chellankuppam (r.v) and (p)Ward 2 arunthathiyar street 6.Chellankuppam (R.V) And (P)Ward 2 Sanimulai Street ,",All Voters
220,64,220,"Panchayat Union Elementary School Additional West Building West side Facing East,Sellanguppam Village Velanandal post 606755","1.Sellaguppam (r.v) and (p)Ward 3 old colony anna street , 2.Sellaguppam (R.V) And (P)Ward 3 Muttusandhu Street , 3.Sellaguppam (R.V) And (P)Ward 3 Tank Sandhu , 4.Sellaguppam (R.V) And (P)Ward 3 Pillaiyar Koil Street ,
5.Sellaguppam (R.V) And (P)Ward 3 Pudhu Colony Appupattu Road , 6.Sellaguppam (R.V) And (P)Ward 3 Puducolony 1 st Street , 999.OVERSEAS ELECTORS",All Voters
221,64,221,"Panchayat Union Elementary School Additional Building West side room South Facing,Seyyalari Village Velanandhal Post ,606755","1.Sellaguppam (R.V) And (P)Ward 3 Puducolony 2nd Street , 2.Sellaguppam (R.V) And (P)Ward 3 Puducolony 3rd Street , 3.Sellaguppam (R.V) And (P)Ward 3 Puducolony Kulathumettu Street , 4.Sellaguppam (R.V) And (P)Ward 3 Pudhucolony 4th Street , 5.Cheyyaleri (R.V) Chellankuppam (P)Ward 4 Cheyyaleri East Street , 6.Cheyyaleri (R.V) Chellankuppam (P)Ward 4 Cheiyyaleri West Street , 7.Cheyyaleri (R.V) Chellankuppam (P)Ward 4 Cheiyyaleri North Street , 8.Cheyyaleri (R.V) Chellankuppam (P)Ward 4 Cheiyyaleri South Street ,
9.Cheyyaleri (R.V) Chellankuppam (P)Ward 4 Cheiyyaleri Kulathumettu Street , 10.Cheyyaleri (R.V) Chellankuppam (P)Ward 4 Cheiyyaleri Palaiyathar , 11.Cheyyaleri (R.V) Chellankuppam (P)Ward 4 Cheiyaleri Mottaiyar , 999.OVERSEAS ELECTORS",All Voters
222,64,222,"Panchayat union Elementary school east facing building South Part,Thandarai&post,606804","1.Thandarai (R.V) And (P)WArd 1 Gengampattu Raod , 2.Thandarai (R.V) And (P)Ward 1 Murugar koil Street , 3.Thandarai (R.V) And (P)Ward 1  Gandhi Nagar , 4.Thandarai (r.v) and (p)Ward 1 samundeeswarai koil street ,
5.Thandarai (R.V) And (P)Ward 1 Samundeeswarai koil cross Street , 6.Thandarai (R.V) And (P)Ward  2 Kulatthu Mettu Street , 7.Thandarai (R.V) And (P)Ward 2 Kulatthu mettu east cross Street , 8.Thandarai (R.V) And (P)Ward 2 Kulatthu mettu north Street , 9.Thandarai (R.V) And (P)Ward 2 Kulatthu mettu west Street , 10.Thandarai (R.V) And (P)Ward 1 School Street ,
11.Thandarai (R.V) And (P)Ward 1 Sawadi Street , 12.Thandarai (R.V) And (P)Ward 1 Savadi cross Street , 13.Thandarai (r.v) and (p)Ward 1 sanimoolai street , 14.Thandarai (r.v) and (p)Ward 1 patti street , 15.Thandarai (R.V) And (P)Ward 2 Kuyavar Street , 16.Thandarai (R.V) And (P)Ward 2 Kuyavar cross Street 1 , 17.Thandarai (R.V) And (P)Ward 2 Kuyavar cross Street 2 , 18.Thandarai (R.V) And (P)Ward 1 Post Office Street ,
19.Thandarai (R.V) And (P)Ward 1 Gengaiyamman koil Street , 20.Thandarai (R.V) And (P)Ward 1 Pillayar koil  street 999.OVERSEAS ELECTORS",All Voters
223,64,223,"Panchayat Union Primary School North Facing West Part,Thandarai&post,606804","1.Thandarai (R.V) And (P)Ward 2 Vaippur salai ,
2.Thandarai (R.V) And (P)Ward 2 Mariyamman koil North Street , 3.Thandarai (R.V) And (P)Ward 2 Mariyamma koil East Street , 4.Thandarai (R.V) And (P)Ward 2 Mariyamma koil East Street , 5.Thandarai (R.V) And (P)Ward 2 Vinayagar koil Street , 6.Thandarai (R.V) And (P)Ward 2 Vinayagar koil East Street , 7.Thandarai (r.v) and (p)Ward 2 vaippur road cross street 1 , 8.Thandarai (R.V) And (P)Ward 2 Vaippur Road Cross Street 2 , 9.Thandarai (R.V) And (P)Ward 2 Makalier Mandram Street , 10.Thandarai (R.V) And (P)Ward 2 Magalier koil South Street 1 , 11.Thandarai (R.V) And (P)Ward 2 Vaippur Road South 1st  Street , 12.Thandarai (R.V) And (P)Ward 2 Vaippur Road South 2nd  Street , 999.OVERSEAS ELECTORS",All Voters
224,64,224,"Panchayat union Elementary school east facing building South Part,Isukazhikateri , 606804","1.Izhukazikattari (R.V) And (P)Ward 1 Keelkkaripur road , 2.Izhukazikattari (R.V) And (P)Ward 1 anna nagar st., , 3.Izhukazikattari (R.V) And (P)Ward 1 Anna Nagar West Street , 4.Izhukazikattari (R.V) And (P)Ward 1 Sanimoola Street , 5.Izhukazikattari (r.v) and (p)Ward 1 melanda street , 6.Izhukazikattari (r.v) and (p)Ward 1 middle street , 7.Izhukazikattari (R.V) And (P)Ward 1 Keelanda Street , 8.Izhukazikattari (R.V) And (P)Ward 1 Bajanai koil Street , 9.Izhukazikattari (R.V) And (P)Ward 1 Sosaity Street , 10.Izhukazikattari (r.v) and (p)Ward 1 school street 1 , 11.Izhukazikattari (r.v) and (p)Ward 1 school street 2 , 12.Izhukazikattari (R.V) And (P)Ward 1 School street 3 , 13.Izhukazikattari (R.V) And (P)Ward 2 Jogith Street , 999.OVERSEAS ELECTORS",All Voters
225,64,225,"Panchayat union middle school North facing Room,Isukazhikateri , 606804","1.Izhukazikattari (R.V) And (P)Ward 2 Mettu Street ,
2.Izhukazikattari (R.V) And (P)Ward 2 Mettu Street East Cross Street 1 , 3.Izhukazikattari (R.V) And (P)Ward 2 Mettu Street East Cross Street 2 , 4.Izhukazikattari (R.V) And (P)Ward 2 North Street 1 ,
5.Izhukazikattari (R.V) And (P)Ward 2 Nedu Street ,
6.Izhukazikattari (R.V) And (P)Ward 2 Nedu Street East Cross Street 1 , 7.Izhukazikattari (R.V) And (P)Ward 2 Nedu Street East Cross Street 2 , 8.Izhukazikattari (R.V) And (P)Ward 2 Nedu Street East Cross Street , 9.Izhukazikattari (R.V) And (P)Ward 2 Nedu Street West Cross Street 1 , 10.Izhukazikattari (R.V) And (P)Ward 3 West Street East Cross Street , 11.Izhukazikattari (r.v) and (p)Ward 3 south street ,
12.Izhukazikattari (R.V) And (P)Ward 3 West Street , 13.Izhukazikattari (R.V) And (P)Ward 2 And 3 East  Street , 999.OVERSEAS ELECTORS",All Voters
226,64,226,"Panchayat union middle school North Facing Room,Isukazhikateri , 606804","1.Izhukazikattari (R.V) And (P)Ward 2 Kallanai road , 2.Izhukazikattari (R.V) And (P)Ward 2 Muppanar koil street , 3.Izhukazikattari (r.v) and (p)Ward 2 andampallam via road , 4.Izhukazikattari (R.V) And (P)Ward 2 Andampallam cross street 1 , 5.Izhukazikattari (R.V) And (P)Ward 2 Andampallam Cross Street 2 , 6.Izhukazikattari (R.V) And (P)Ward 2 Andampallam Cross Street 3 , 7.Izhukazikattari (R.V) And (P)Ward 2 Andampallam Cross Street 4 , 8.Izhukazikattari (R.V) And (P)Ward 3 Mariyamman Koil Street ,",All Voters
227,64,227,"Panchayat union middle school, East Part North Facing Room,Isukazhikateri , 606804","1.Izhukazikattari (r.v) and (p)Ward 2 and 3 thedderkuppam west cross street , 2.Izhukazikattari (R.V) And (P)Ward 2 And 3 Thedderkuppam West Cross Street 2 , 3.Izhukazikattari (R.V) And (P)Ward 2 And 3 Thedderkuppam East Cross Street 1 , 4.Izhukazikattari (R.V) And (P)Ward 2 And 3 Thedderkuppam East Cross Street 2 , 5.Izhukazikattari (R.V) And (P)Ward 2 And 3 Thedderkuppam West  Cross Street 3 , 6.Izhukazikattari (R.V) And (P)Ward 3 New Colony Main ,
7.Izhukazikattari (R.V) And (P)Ward 3 New Colony West Cross Street 1 , 8.Izhukazikattari (R.V) And (P)Ward 3 New Colony North Cross Street , 9.Izhukazikattari (R.V) And (P)Ward 3 New Colony Post Office Street , 10.Izhukazikattari (R.V) And (P)Ward 3 New Colony West Cross Street 2 , 11.Izhukazikattari (R.V) And (P)Ward 3 New Colony West Cross Street 3 , 12.Izhukazikattari (r.v) and (p)Ward 3 new colony west cross street 4 , 13.Izhukazikattari (R.V) And (P)Ward 3 New Colony West Cross Street 5 , 14.Izhukazikattari (R.V) And (P)Ward 3 New Colony East Cross Street , 15.Izhukazikattari (R.V) And (P)Ward 3  Ponnmuthu Nagar , 16.Izhukazikattari (r.v) and (p)Ward 3 vaippur salai ,
999.OVERSEAS ELECTORS",All Voters
228,64,228,"Panchayat union middle schoolFacing South Room,kilkaripur, Kallanai, post,606755","1.KilKaripoor (R.V) And (P)Ward 1 New colony 1 Street , 2.KilKaripoor (R.V) And (P)Ward 1 New colony 2nd Street , 3.KilKaripoor (R.V) And (P)Ward 1 New colony Odai Street ,
4.KilKaripoor (R.V) And (P)Ward 1 New colony Mariyamman koil Street , 5.Kilkaripoor (r.v) and (p)Ward 1 new colony ammachiyar koil street , 6.KilKaripoor (R.V) And (P)Ward 1 New colony Pillayar koil Street , 7.KilKaripoor (R.V) And (P)Ward 1 Old colony 1st Street ,
8.KilKaripoor (R.V) And (P)Ward 1 Old colony 2nd Street , 9.KilKaripoor (R.V) And (P)Ward 1 Alamara Street , 10.Kilkaripoor (r.v) and (p)Ward 1 main road thar road , 11.KilKaripoor (R.V) And (P)Ward 1 Pillayar koil Street ,
12.KilKaripoor (R.V) And (P)Ward 1 Pudavai kari amman koil Street , 13.KilKaripoor (R.V) And (P)Ward 1 Ellaimariyamman  koil Street , 14.KilKaripoor (R.V) And (P)Ward 1 Palvadi Street ,
15.KilKaripoor (R.V) And (P)Ward 1 Mel Street , 16.KilKaripoor (R.V) And (P)Ward 1 Omsakthi koil Street , 17.KilKaripoor (R.V) And (P)Ward 1 Madhura Nagar , 18.KilKaripoor (R.V) And (P)Ward 1 Kavundar Kottai , 19.KilKaripoor (R.V) And (P)Ward 1 Kallarai Erikkaria Street , 999.OVERSEAS ELECTORS",All Voters
229,64,229,"Panchayat union middle school west facing building,Kallanai,kilkaripur post,606755","1.KilKaripoor (R.V) And (P)Ward 2 Middle Street ,
2.Kilkaripoor (r.v) and (p)Ward 2 arunthathiyar palayam road , 3.KilKaripoor (R.V) And (P)Ward 2 Bajanai koil Street , 4.KilKaripoor (R.V) And (P)Ward 2 Over Tank Street , 5.KilKaripoor (R.V) And (P)Ward 2 Pudhur Mel Street , 6.KilKaripoor (R.V) And (P)Ward 3 Kulakkarai Street , 7.KilKaripoor (R.V) And (P)Ward 3 Pudhur Keel Street , 8.KilKaripoor (R.V) And (P)Ward 3 Bajanai koil west Street , 9.KilKaripoor (R.V) And (P)Ward 3 Annamalai Street , 10.KilKaripoor (R.V) And (P)Ward 2 EllaiMariyamman koil Street ,
11.KilKaripoor (R.V) And (P)Ward 3 Arunthathiar palayam north Street , 12.KilKaripoor (R.V) And (P)Ward 3 Arunthathiyarpalayam mariyaman koil St , 13.KilKaripoor (R.V) And (P)Ward 3 Arunthathiyarpalayam middle Street , 14.KilKaripoor (R.V) And (P)Ward 3 Arunthathiyarpalayam south Street , 15.KilKaripoor (R.V) And (P)Ward 3 Arunthathiyarpalayam west Street , 16.KilKaripoor (R.V) And (P)Ward 3 Arunthathiyarpalayam east sandhu , 17.KilKaripoor (R.V) And (P)Ward 3 Pudhur Mel sandhu ,
18.KilKaripoor (R.V) And (P)Ward 3 Pudhur Keel street sandhu , 19.KilKaripoor (R.V) And (P)Ward 3 Ayyanar koil Street , 999.OVERSEAS ELECTORS",All Voters
230,64,230,"Mahalir suya udhavi kuzhu building facing Soutn,Vayalur,606755","1.Vayalur (R.V) And (P)Ward 1 Kulakkarai 1st Street ,
2.Vayalur (R.V) And (P)Ward 1 Kullakkarai 2nd Street ,
3.Vayalu (R.V) And (P)Ward 1 Kulakkarai 3rd Street ,
4.Vayalur (R.V) And (P)Ward 1 Kulakkarai 4th Street ,
5.Vayalur (R.V) And (P)Ward 1 Kulakkarai 5th Street ,
6.Vayalur (R.V) And (P)Ward 1 Periya Street ,
7.Vayalur (R.V) And (P)Ward 1 Bajanai Koil Street 1st Street ,
8.Vayalur (R.V) And (P)Ward 1 Bajanai Koil 2nd Street ,
9.Vayalur (R.V) And (P)Ward 1 Nainar Street 1st Street ,
10.Vayalur (R.V) And (P)Ward 1 Nainar Street 2nd Street ,
11.Vayalur (R.V) And (P)Ward 1 Mariyamman Koil Street ,
12.Vayalur (R.V) And (P)Ward 2 Madha Koil Street 1st Street ,
13.Vayalur (r.v) and (p)Ward 2 madha koil street 2nd street ,
14.Vayalur (R.V) And (P)Ward 2 Madha Koil Street 3rd Street ,
15.Vayalur (r.v) and (p)Ward 2 madha koil street 4th street ,
16.Vayalur (r.v) and (p)Ward 2 madha koil street 5th street ,
17.Vayalur (r.v) and (p)Ward 2 madha koil street ,
18.Vayalur (R.V) And (P)Ward 2 Kollakotta , 999.OVERSEAS ELECTORS",All Voters
231,64,231,"Romankatholic Primary School, South facing, East Building,  Jameen koodalur village & Post, 606755","1.Jameen kudaloor (R.V) And (P)Ward 1 2 Neelathangal Main Road , 2.Jameenkudalur (r.v) and (p)Wrd 1 north street ,
3.Jameenkudalur (R.V) And (P)Ward 1 2 Old Madha Koil Street , 999.OVERSEAS ELECTORS",All Voters
232,64,232,"Romankatholic Primary School, West Building South facing, Jameen koodalur village & Post, 606755","1.Jameenkudalur (r.v) and  (p)Ward 2 odai street , 2.Jameenkudalur (R.V) And (P)Ward 2 East Cross Street , 3.Jameenkudalur (R.V) And (P)Ward 1 Ambethkar Street , 4.Jameenkudalur (R.V) And (P)Ward 2 New Madha Koil Street , 5.Jameenkudalur (R.V) And (P)Ward 2 New  Street , 6.Jameenkudalur (R.V) And (P)Ward 2 High School Street , 7.Jameenkudalur (R.V) And (P)Ward 2 Indra Nagar 1 , 8.Jameenkudalur (R.V) And (P)Ward 1 Pillaiyar Koil Street , 9.Jaminkuddalur (R.V) And (P)Ward 1 South Street , 10.Jaminkudalur (R.V) And (P)Ward 2 Vandipattai Street , 11.Jameenkudalur (r.v) and (p)Ward 1 west cross street , 12.Jameenkudalur (R.V) And (P)Ward 2 East Cross Street , 13.Jameenkudalur (R.V) And (P)Ward 2 Indra Nagar , 999.OVERSEAS ELECTORS",All Voters
233,64,233,"Panchayat union elementary school South facing,Neelanthangal
,jaminkodaloore post,606755","1.Neelanthangal (r.v) and (p)Ward 1 north street , 2.Neelanthangal (R.V) And (P)Ward 1West Coss Street , 3.Neelanthangal (R.V) And (P)Ward 1 Vinayagar Koil Street , 4.Neelanthangal (R.V) And (P)Ward 1 East Cross Street , 5.Neelanthangal (R.V) And (P)Ward 1New Street , 6.Neelanthangal (R.V) And (P)Ward 1 Irular Colony North Street , 7.Neelanthangal (R.V) And (P)Ward 1 Main Road , 8.Neelanthangal (R.V) And (P)Ward 1 Irular Colony Nadu Street , 9.Neelanthangal (R.V) And (P)Ward 1 Irular Colony South Street , 999.OVERSEAS ELECTORS",All Voters
234,64,234,"Panchayat union elementary school North Building South Facing Room,Avur village&post,606755","1.Avur (R.V) And (P)Ward 1 Pillaiyar Koil Street ,
2.Avur (r.v) and  (p)Ward 1 mariyamman koil street ,
3.Avur (R.V) And (P)Ward 1 Mariyamman Koil 2nd Street ,
4.Avur (R.V) And (P)Ward 1 Mandi Street 1st Street ,
5.Avur (R.V) And (P)Ward 1 Nadu Street ,
6.Avur (R.V) And (P)Ward 1 Bajanai Koil Street ,
7.Avur (R.V) And (P)Ward 1 Bajanai Koil Cross Street ,
8.Avur (r.v) and (p)Ward 1 bank street ,
9.Avur (R.V) And (P)Ward 1 Main Road ,
10.Avur (r.v) and (p)Ward 1 old  colony 1st street ,
11.Avur (R.V) And (P)Ward 1 Old  Colony 2nd Street ,
12.Avur (R.V) And (P)Ward 1 Old Colony 3rd Street ,
13.Avur (R.V) And (P)Ward 1 Old Colony 4th Street , 999.OVERSEAS ELECTORS",All Voters
235,64,235,"Panchayth union Primary School South facing East Part,Avur village&post,606755","1.Avur (R.V) And (P)Ward 1 Mandi Main Street ,
2.Avur (r.v) and (p)Ward 1 mandi cross street ,
3.Avur (R.V) And (P)Ward 1 Panniyur Salai ,
4.Avur (R.V) And (P)Ward 1 Mandi 2nd Street ,
5.Avur (r.v) and (p)Ward 3 arabimadharasha street ,
6.Avur (R.V) And (P)Ward 3 Arabima Dharasha Cross 1st Street ,
7.Avur (R.V) And (P)Ward 3 Arbi Madharasha Cross 2nd Street ,
8.Avur (r.v) and (p)Ward 1 palla street ,
9.Avur (R.V) And (P)Ward 1 Gengaiyamman Koil Street ,
10.Avur (R.V) And (P)Ward 3 Arbima Dharasha Cross 3rd Street ,",All Voters
236,64,236,"Panchayat Union Primary School, East Building, West Facing, Avur Village and Post, 606755","1.Avur (r.v) and (p)Ward 2 sheikmoideen 1st street ,
2.Avur (R.V) And (P)Ward 2 Sheik Moideen 2nd Street ,
3.Avur (R.V) And (P)Ward 2 School Street ,
4.Avur (R.V) And (P)Ward 2 Kirasent School 1st Street ,
5.Avur (R.V) And (P)Ward 2 Kirasent School 2nd Street ,
6.Avur (r.v) and (p)Ward 2 ganthi nagar 1st street ,
7.Avur (R.V) And (P)Ward 2 Ganthi Nagar 2nd Street ,
8.Avur (R.V) And (P)Ward 2 Ganthi Nagar 3rd Street ,
9.Avur (R.V) And (P)Ward 2 Noorulla Bet ,
10.Avur (R.V) And (P)Ward 2 New Pillaiyar Koil Street ,
11.Avur (R.V) And (P)Ward 2 Achari Street ,
12.Avur (R.V) And (P)Ward 2 Konar Street ,
13.Avur (R.V) And (P)Ward 2 Ganthi Nagar Main Road ,
14.Avur (R.V) And (P)Ward 2 Chetti Street , 999.OVERSEAS ELECTORS",All Voters
237,64,237,"Panchayat Union Primary School, North Building, West Part, South Facing, Avur village&post,606755","1.Avur (R.V) And (P)Ward 2 Kaidhemillath Street 1st Street ,
2.Avur (R.V) And (P)Ward 2 Kaidhemillath Street 2nd Street ,
3.Avur (R.V) And (P)Ward 4 Seeralan Kula Street ,
4.Avur (R.V) And (P)Ward 4 Muslim Thuvakkapalli Street ,
5.Avur (R.V) And (P)Ward 4 Anna Nagar Muneeshwaran Koil Street ,
6.Avur (R.V) And (P)Ward 4 Anna Nagar 1st Street ,
7.Avur (R.V) And (P)Ward 4 Anna Nagar 2nd Street ,
8.Avur (R.V) And (P)Ward 4 Anna Nagar 2nd Street ,
9.Avur (R.V) And (P)Ward 4 Anna Nagar Cross Street ,
10.Avur (R.V) And (P)Ward 4 Anna Nagar Main Road ,
11.Avur (R.V) And (P)Ward 4 J J Nagar ,
12.Avur (R.V) And (P)Ward 4 Anna Nagar 5th Street ,
13.Avur (R.V) And (P)Ward 4 Anna Nagar 6th Street , 999.OVERSEAS ELECTORS",All Voters
238,64,238,"Panchayat Union Primary School, North Building, Middle Part , South Facing, Avur Village and Post","1.Avur (R.V) And (P)Ward 3 Kallaraimettu 1st Street ,
2.Avur (R.V) And (P)Ward 3 Kallaraimettu 2nd Street ,
3.Avur (R.V) And (P)Ward 3 Kallaraimettu 3rd Street ,
4.Avur (R.V) And (P)Ward 3 Kallaraimettu 4th Street ,
5.Avur (R.V) And (P)Ward 3 Anna Nagar Thoguppu Houses ,
6.Avur (R.V) And (P)Ward 3 Anna Nagar ,
7.Avur (R.V) And (P)Ward 3 Anna Nagar ,
8.Avur (R.V) And (P)Ward  3 Anna Nagar Thoguppu House ,
9.Avur (R.V) And (P)Ward 3 Madha Koil 1st Street ,
10.Avur (R.V) And (P)Ward 3 Madha Koil 2nd Street ,
11.Avur (R.V) And (P)Ward 3 New Colony Nadu st 1Street ,
12.Avur (R.V) And (P)Ward 4 New Colony Mariyamman Koil Street ,
13.Avur (R.V) And (P)Ward 3 New Colony Mariyamman Koil Street ,
14.Avur (R.V) And (P)Ward 4 Kollakottai ,
15.Avur (R.V) And (P)Ward 3 New Colony Mariyamman Koil Last Street ,
16.Avur (R.V) And (P)Ward 3 New Colony Nadu Street 2nd Street , 999.OVERSEAS ELECTORS",All Voters
239,64,239,606755,"1.Neivanatham (R.V) And (P)Ward 1 Neivanatham Nagalampattu Salai , 2.Neivanatham (R.V) And (P)Ward 1 Kuchipalaiyam 1st Street , 3.Neivanatham (R.V) And (P)Ward 1 Kuchipalaiyam 2nd Street , 4.Neivanatham (R.V) And (P)Ward 1 Kuchipalaiyam 3rd Street , 5.Neivanatham (R.V) And (P)Ward 1 Periya Street ,
6.Neivanatham (R.V) And (P)Ward 1 Chetti Street , 7.Neivanatham (R.V) And (P)Ward 2 Chinna st 1st Street , 8.Neivanatham (R.V) And (P)Ward 2 Chinna Street 2nd Street , 9.Neivanatham (R.V) And (P)Ward 2 Chinna Street 3rd Street , 999.OVERSEAS ELECTORS",All Voters
240,64,240,"Panchayat union primary school west Wing North facing Room,Neivanatham village&post,606754","1.Neivanatham (R.V) And (P)Ward 3 Old Colony , 2.Neivanatham (R.V) And (P)Ward 3 New Colony 1st Street , 3.Neivanatham (R.V) And (P)Ward 3 New Colony 2nd Street , 4.Neivanatham (R.V) And (P)Ward 3 Nadupattu Kollakottai ,
5.Neivanatham (R.V) And (P)Ward 3 Nadupattu Kottakottai 2nd Street , 6.Neivanatham (R.V) And (P)Ward 3 Nadupattu 1st Street , 7.Neivanatham (R.V) And (P)Ward 3 Nadupattu Nadu Street , 8.Neivanatham (R.V) And (P)Ward 3 Nadupattu Vinayagar Koil Street , 9.Neivanatham (R.V) And (P)Ward 3 Nadupattu Irular Colony , 10.Neivanatham (R.V) And (P)Ward 3 Nadupattu Irular Colony 2nd Street , 11.Neivanatham (R.V) And (P)Ward 3 Nadupattu Kollamedu , 12.Neivanatham (R.V) And (P)Ward 3 Nadupattu East Street , 999.OVERSEAS ELECTORS",All Voters
241,64,241,"Panchayat union elementary school Facing South,Anukumalai village,neivanatham post,606754","1.Anukkumalai (R.V) And (P)Ward 1 Anukkumalai South Street , 2.Anukkumalai (R.V) And (P)Ward 2 Anukkumalai Nadu Street , 3.Anukkumalai (R.V) And (P)Ward 1 Anukkumalai West Street , 4.Anukkumalai (R.V) And (P)Ward 2 Anukkumalai North Street , 5.Anukkumalai (R.V) And (P)Ward 1Anukkumalai West Street , 6.Anukkumalai (R.V) And (P)Ward 2 Nelvainathampapper Mill , 7.Anukkumalai (R.V) And (P)Ward 2 Anukkumalai Pappankottan , 8.Anukkumalai (R.V) And (P)Ward 2 Pappan Kottai North Street , 9.Anukkumalai (R.V) And (P)Ward 2 Pappan Kottai West Street , 10.Anukkumalai (R.V) And (P)Ward 2 Pappan Kottai Nadu Street , 11.Anukkumalai (R.V) And (P)Ward 2 Pappan Kottai South Street , 12.Anukkumalai (R.V) And (P)Ward 2 Pappan Kottai East Street , 13.Anukkumalai (R.V) And (P)Ward 2 Pappankottai New Colony , 14.Anukkumalai (R.V) And (P)Ward 2 Pappan Kottain New Colony , 15.Anukkumalai (R.V) And (P)Ward 2 Pappan Kottai New Colony , 999.OVERSEAS ELECTORS",All Voters
242,64,242,"Panchayat union elementary school West Facing Room,Ponnamedu Village post,606754","1.Anukkumalai (r.v) and (p)Ward 3 ponmedu padasalai , 2.Anukkumalai (R.V) And (P)Ward 3 Ponmedu Mandabam Street , 3.Anukkumalai (R.V) And (P)Ward 3 Ponmedu Mandabam Street , 4.Anukkumalai (R.V) And (P)Ward 3 Ponmedu South 1st Streetd , 5.Anukkumalai (R.V) And (P)Ward 3 Ponmedu north 2nd Street , 6.Anukkumalai (R.V) And (P)Ward 3 Ponmedu Nadu Street , 7.Anukkumalai (R.V) And (P)Ward 3 Ponmedu North Street , 8.Anukkumalai (R.V) And (P)Ward 3 Ponmedu Malaiyarasanguppam , 999.OVERSEAS ELECTORS",All Voters
243,64,243,"Panchayath Union Middle school, South facing , Olaipadi,606754","1.Olaippadi (R.V) And (P)Ward 1 New Colony North st1 , 2.Olaippadi (R.V) And (P)Ward 1 New Colony 2nd Cross Street , 3.Olaippadi (R.V) And (P)Ward 1 New Colony 3rd Cross Street , 4.Olaippadi (R.V) And (P)Ward 1 New Colony 4th Cross Street , 5.Olaippadi (r.v) and (p)Ward 1 newcolony 5th cross street , 6.Olaippadi (R.V) And (P)Ward 1 New colony 6th Cross Street , 7.Olaippadi (R.V) And (P)Ward 1 Mettu Street ,
8.Olaippadi (R.V) And (P)Ward 1 East Streetd ,
9.Olaippadi (R.V) And (P)Ward 1 Old Colony Sudukattu Street , 10.Olaippadi (R.V) And (P)Ward 1 Old Colony North Street , 11.Olaippadi (R.V) And (P)Ward 1 Ward 2 Pillaiyar Koil Streetd ,",All Voters
244,64,244,"Panchayath Union Middle school, East Building, North facing , Olaipadi,606754","1.Olaippadi (R.V) And (P)Ward 1 Mariyamman Koil Street , 2.Olaippadi (r.v) and (p)Ward 2 padasalai street , 3.Olaippadi (R.V) And (P)Ward 2 Pidarikoil Street , 4.Olaippadi (r.v) and (p)Ward 2 mariyamman koil street , 5.Olaippadi (r.v) and (p)Ward 2 udaiyar street , 6.Olaippadi (R.V) And (P)Ward 2 Konar Street , 7.Olaippadi (R.V) And (P)Ward 2 Erikkarai Street, 999.OVERSEAS ELECTORS",All Voters
245,64,245,"Panchayat Union Elementary school West side Building North facing,Chinna Olaipadi village&post,606707","1.Olaipadi (R.V) and (P)Ward 3 Naraiyur Road ,
2.Olaipadi (R.V) and (P)Ward 3North Veedhi Chinna Olaipadi ,
3.Olaipadi (R.V) and (P)Ward 3 Konar Street ,
4.Olaipadi (R.V) and (P)Ward 3 Bajanai Koil Street ,
5.Olaipadi (R.V) and (P)Ward 3 Bajanai Koil  Cross Street ,
6.Olaipadi (R.V) and (P)Ward 3 Palvadi Street ,
7.Olaipadi (R.V) and (P)Ward 3 School  Salai Street ,
8.Olaipadi (R.V) and (P)Ward 3 Selliamman Street ,
9.Olaipadi (R.V) and (P)Ward 3 Cross Street , 10.Olaipadi (R.V) and (P)Ward 3 Muslim Street , 11.Olaipadi (R.V) and (P)Ward 3 Eswaran Street ,
12.Venniyandal (R.V) and Olaipadi (P)Ward 4 Venniyandal Arunthathiyar Colony 1st Cross Street  ,
13.Venniyandal (R.V) and Olaipadi (P)Ward 4 Venniyandal Arunthathiyar Colony 2nd Cross Street  ,
14.Venniyandal (R.V) and Olaipadi (P)Ward 4 Venniyandal Panniyur Avoor Salai , 15.Venniyandal (R.V) and Olaipadi (P)Ward 4 Venniyandal Road , 16.Venniyandal (R.V) and Olaipadi (P)Ward 4 Allakoil Street ,
999.OVERSEAS ELECTORS",All Voters
246,64,246,"Adidravidar welfare Middle school, East building, North facing, Panniyur village, Isukazhikatteri post, 606804","1.Panniyur (R.V) And (P)Ward 2 Old Colony Asaramara Street ,
2.Panniyur (R.V) And (P)Ward 2 Padasalai Back Side ,
3.Panniyur (R.V) And (P)Ward 2 Pazhaiya Colony Nadu Street ,
4.Panniyur (R.V) And (P)Ward 2 Pazhaiya Colony Tank Street ,
5.Panniyur (R.V) And (P)Ward 2 Pazhaiya Colony Athangaraiyan ,
6.Panniyur (R.V) And (P)Ward 2 Old Colony Cross Street ,
7.Panniyur (R.V) And (P)Ward 1 Pazhaiya Colony Koil Street ,
8.Panniyur (R.V) And (P)Ward 1 Old Colony Tharavukaran Lean ,
9.Panniyur (R.V) And (P)Ward 1 Pazhaiyacolony Koil , 10.Panniyur (R.V) And (P)Ward 1 3 Bustant Pazhaiya , 11.Panniyur (r.v) and (p)Ward 1 thandarai salai , 12.Panniyur (R.V) And (P)Ward 1 Nainar Part Nadu Street , 13.Panniyur (R.V) And (P)Ward 1 Thottakkal Street , 14.Panniyur (R.V) And (P)Ward 1 Angunam Salai , 999.OVERSEAS ELECTORS",All Voters
247,64,247,"Adidravidar welfare Middle school,West  building, North facing, Panniyur village, Isukazhikatteri post, 606804","1.Panniyur (R.V) And (P)Ward 3 New Colony Kollaimedu ,
2.Panniyur (R.V) And (P)Ward 3 New Colony Pillaiyar koil Street ,
3.Panniyur (r.v) and (p)Ward 3 new colony eswaran koil street ,
4.Panniyur (R.V) And (P)Ward 3 New Colony Josiyar Part ,
5.Panniyur (R.V) And (P)Ward 3 New Colony Odai Street ,
6.Panniyur (R.V) And (P)Ward 3 Naraiyur Salai ,
7.Panniyur (R.V) And (P)Ward 3 Narayur Salai Tank Street , 999.OVERSEAS ELECTORS",All Voters
248,64,248,"Panchayat union elementary school facing North,Angunam village,madurampattu post,606804","1.Angunam (R.V) And (P)Ward 1 Murugan Koil Street ,
2.Angunam (R.V) And (P)Ward 1 Angunam Main Road ,
3.Angunam (R.V) And (P)Ward 1 Nadu Street ,
4.Angunam (R.V) And (P)Ward 1 2 East Street ,
5.Angunam (r.v) and (p)Ward 2 vinayagar koil street ,
6.Angunam (R.V) And (P)Ward 3 Old Colony Cross Street ,
7.Angunam (R.V) And (P)Ward 3 Old Colony Koil Street ,
8.Angunam (R.V) And (P)Ward 3 New Colony 1st Street ,
9.Angunam (R.V) And (P)Ward 3 New Colony 2nd Street ,
10.Angunam (R.V) And (P)Ward 3 New Colony 3rd Street ,
11.Angunam (r.v) and (p)Ward 3 new colony main street ,
12.Angunam (R.V) And (P)Ward 3 Kovil BackSide ,
13.Angunam (R.V) And (P)Ward 3 Kollai Kottai , 999.OVERSEAS ELECTORS",All Voters
249,64,249,"Govt Higher Secondary school Facing South North Portion Main Building,Andampallam,606804","1.Andampallam (R.V) And (P)Ward 2 Railwayget Street , 2.Andampallam (R.V) And (P)Ward 1 North Street , 3.Andampallam (R.V) And (P)Ward 2 Otta Street , 4.Andampallam (R.V) And (P)Ward 2 Middle Street Sandhu , 5.Andampallam (r.v) and (p)Ward 2 middle street , 6.Andampallam (R.V) And (P)Ward 1 North Street Sandhu , 7.Andampallam (R.V) And (P)Ward 3 Maniyam Street Sandhu ,
8.Andampallam (R.V) And (P)Ward 3 Maniyam Street Cross Sandhu , 9.Andampallam (R.V) And (P)Ward 2 Post Office Street , 999.OVERSEAS ELECTORS",All Voters
250,64,250,"Govt Higher Secoandary school South Part North facing building,Andampallam,606804","1.Andampallam (r.v) and (p)Ward 3 maniyam street , 2.Andampallam (r.v) and (p)Ward vannarapettai 1st cross street ,
3.Andampallam (R.V) And (P)Ward 1 Vannarapettai 2nd Cross Street , 4.Andampallam (R.V) And (P)Ward 1 Vannarapettai 3nd  Cross Street , 5.Andampallam (R.V) And (P)Ward 1Vannarapettai 4th cross street , 999.OVERSEAS ELECTORS",All Voters
251,64,251,"Goverment higher sec school east part south facing building,Andampallam,606804","1.Andampallam (R.V) And (P)Ward 2 Kannan Rice mill street , 2.Andampallam (R.V) And (P)Ward 1 East street , 3.Andampallam (R.V) And (P)Ward 1 Pookkara  street , 4.Andampallam (r.v) and (p)Ward 1 kamaraj nagar (east) , 5.Andampallam (r.v) and (p)Ward 1 kamaraj nagar (west) , 6.Andampallam (R.V) And (P)Ward 3 Main road street , 7.Andampallam (R.V) And (P)Ward 3 High school street , 8.Andampallam (R.V) And (P)Ward 3 Anna nagar , 9.Andampallam (R.V) And (P)Ward 3 Mayyana Pathai street , 10.Andampallam (R.V) And (P)Ward 3 Dhandapani Kotta ,
11.Andampallam (R.V) And (P)Ward 3  Sattithangal Aari Kotta North street 1 , 12.Andampallam (R.V) And (P)Ward 3  Sattithangal Aari Kotta North street 2 , 13.Andampallam (R.V) And (P)Ward 3  Sattithangal Aari Nedu Street , 14.Andampallam (R.V) And (P)Ward 3  Sattithangal Aari  3rd street , 15.Andampallam (R.V) And (P)Ward 3 Seetha Kotta ,
999.OVERSEAS ELECTORS",All Voters
252,64,252,"Goverment higher sec school Andampallam,Andampallam,606804","1.Andampallam (R.V) And (P)Ward 3 Old colony Arasamara street , 2.Andampallam (R.V) And (P)Ward 3 Old colony West street , 3.Andampallam (R.V) And (P)Ward 3 Old colony Moopanar Koil street , 4.Andampallam (R.V) And (P)Ward 3 Old colony West street Sandhu , 5.Andampallam (R.V) And (P)Ward 3 Old colony 3rd street , 6.Andampallam (R.V) And (P)Ward 3 New colony 4th street , 7.Andampallam (R.V) And (P)Ward 3 New colony 3th street , 8.Andampallam (R.V) And (P)Ward 3 New colony East street , 9.Andampallam (R.V) And (P)Ward 3 New colony Mariyamman Koil street , 10.Andampallam (r.v) and (p)Ward 3 new colony north street , 999.OVERSEAS ELECTORS",All Voters
253,64,253,"Panchayat Union Middle School Centre Building Facing North,Andiyapalayam village&post,606804","1.Andampallam (r.v) and (p)Ward 4 andampallam main road , 2.Andampallam (r.v) and (p)Ward 4 murugar koil street , 3.Andampallam (R.V) And (P)Ward 4 Kosamudu sandhu , 4.Andampallam (R.V) And (P)Ward 4 Periyayee Koil Street , 5.Andampallam (R.V) And (P)Ward 4 Pungamara street , 6.Andampallam (R.V) And (P)Ward 4 South Street , 7.Andampallam (R.V) And (P)Ward 4 Kotta Medu , 8.Andampallam (r.v) and (p)Ward 4 athangarai street , 9.Andampallam (R.V) And (P)Ward 4 West Cement Street , 10.Andampallam (R.V) And (P)Ward 4 Kinaturu Street , 11.Andampallam (R.V) And (P)Ward 4 Mariyamman Koil Street , 12.Andampallam (R.V) And (P)Ward 4 Vallasai Street ,
13.Andampallam (R.V) And (P)Ward 4 Murugar Koil 3rd Cross Street , 14.Andampallam (r.v) and (p)Ward 4 vinayagar koil street , 15.Andampallam (R.V) And (P)Ward 4 Tank Street ,
999.OVERSEAS ELECTORS",All Voters
254,64,254,"Govt Higher Sec School North Facing East Wing,Andampallam village&post,606804","1.Andampallam (R.V) And (P)Ward 5 Puttanvettu kotta , 2.Andampallam (R.V) And (P)Ward 5 Thandarai to Vaippur road kotta , 3.Andampallam (R.V) And (P)Ward 5 Selvi kotta ,
4.Andampallam (R.V) And (P)Ward 5 Pudaran kotta 1st cross street , 5.Andampallam (R.V) And (P)Ward 5 Pudaran kotta stright street , 6.Andampallam (R.V) And (P)Ward 5 Pudaran kotta 2nd cross street ,",All Voters
255,64,255,"Govt Higher Sec School North Facing West Part,  Andampallam village & post,606804","1.Andampallam (R.V) And (P)Ward 5 Thanappan kotta Vediyappan koil , 2.Andampallam (R.V) And (P)Wad 5 Sathiya nagar main road , 3.Andampallam (R.V) And (P)Ward 5 Sathiya nagar 1st cross street , 4.Andampallam (R.V) And (P)Ward 5 Sathiya nagar 2nd cross street , 5.Andampallam (R.V) And (P)Ward 5 Melkotta kozhi veedu pathai , 6.Andampallam (R.V) And (P)Ward 5 Attukkaran kotta ,
999.OVERSEAS ELECTORS",All Voters
256,64,256,"Panchayat union Middle school East Facing,Thandarai Post, Su.Nallur-606804","1.Su.Nallur (R.V) And (P)Ward  2 Alamara Street , 2.Su.Nallur (R.V) And (P)Ward 2 North Street , 3.Su.Nallur (R.V) And (P)Ward 2 Pillayar koil Street ,
4.Su.Nallur (R.V) And (P)Ward 2 Mariyamman koil Street 1 , 5.Su.nallur (r.v) and (p)Ward 2 middle street ,
6.Su.nallur (r.v) and (p)Ward 2 south street ,
7.Su.Nallur (R.V) And (P)Ward 2 Mariyamman koil Street 2 , 8.Su.Nallur (R.V) And (P)Ward 2 Pillayar koil Street 2 , 9.Su.Nallur (R.V) And (P)Ward 1 Kamankoil Street , 10.Su.Nallur (R.V) And (P)Ward 1 Bajanai koil Street , 11.Su.Nallur (R.V) And (P)Ward 1 Mettu Street , 12.Su.Nallur (R.V) And (P)Ward 1 Dobi Street ,
13.Su.Nallur (R.V) And (P)Ward 1 Verayur to Thandarai Street , 14.Su.Nallur (R.V) And (P)Ward 2 School Street ,
15.Su.nallur (r.v) and (p)Ward 2 railway colony , 16.Su.Nallur (R.V) And (P)Ward 1 East Street , 999.OVERSEAS ELECTORS",All Voters
257,64,257,"Community Hall North facing,Su.kambupattu,pavithiram post,606806","1.Su.kambupattu (R.V) And (P)Ward 1mariyamman kovil street , 2.Su.kambupattu (R.V) And (P)Ward 1 Pilayar Kovil Street , 3.Su.kambupattu (r.v) and (p)Ward 1 manmathan koil street , 4.Su.kambupattu (R.V) And (P)Ward 1&2 Dobi Street , 5.Su.kambupattu (R.V) And (P)Ward 1 Sandhu Street , 6.Su.kambupattu (r.v) and (p)Ward 1 mettu street ,
7.Su.kambupattu (r.v) and (p)Ward 1 &2 t.valavetti to kambupattu street , 8.Su.kambupattu (r.v) and (p)Ward 2 muslim kodimara street , 9.Su.kambupattu (r.v) and (p)Ward 2 school street ,
10.Su.kambupattu (R.V) And (P)Ward 2 Kulatthu mettu 1st Street , 11.Su.kambupattu (R.V) And (P)Ward 2 Kulatthu pall street 2nd Street , 12.Su.kambupattu (R.V) And (P)Ward 2 Pavithiram Road , 13.Su.kambupattu (R.V) And (P)Ward 2 South Street , 14.Su.kambupattu (r.v) and (p)Ward 2 north street 1 , 15.Su.kambupattu (R.V) And (P)Ward 2 North street 2 , 16.Su.kambupattu (R.V) And (P)Ward 2 3rd kulatthu mettu Street , 999.OVERSEAS ELECTORS",All Voters
258,64,258,"Panchayat Union Elementary School East Facing,Thiruvarangamvalavetti, Veraiyur post,606806","1.Thiruvarangavalavetti (R.V) And (P)Ward 1 Palvadi Street , 2.Thiruvarangavalavetti (R.V) And (P)Ward 1 Mariamman Koil Street , 3.Thiruvarangavalavetti (R.V) And (P)Ward 1 Odai Street , 4.Thiruvarangavalavetti (r.v) and (p)Ward 1 ellaikkal street , 5.Thiruvarangavalavetti (R.V) And (P)Ward 1 Ellaikkal Kurukku Street 1 , 6.Thiruvarangavalavetti (R.V) And (P)Ward 1 Pillaiyar Koil Street , 7.Thiruvarangavalavetti (R.V) And (P)Ward 1 Ellaikkal Kurukku Street 2 , 8.Thiruvarangavalavetti (r.v) and (p)Ward 2 vadakku street , 9.Thirukallurvalavetti (R.V) Thiruvarangavalavetti (P)Ward 2 Pallikuda Street , 10.Thirukallurvalavetti (R.V) Thiruvarangavalavetti (P)Ward 2 Odda Street , 11.Thirukallurvalavetti (R.V) Thiruvarangavalavetti (P)Ward 2 Aerykarai Street , 12.Thirukallurvalavetti (R.V) Thiruvarangavalavetti (P)Ward 2 Kolla Kottai Street , 999.OVERSEAS ELECTORS",All Voters
259,64,259,"Panchayat Union Middle School West facing building,Veraiyur village&post,606806","1.Veraiyur(r.v)&(p)Ward1 Pillayar Koil Street, 2.Veraiyur(r.v)&(p)Ward 1 nadu st ,
3.Veraiyur (rv) and (p)Ward 1 min street ,
4.Veraiyur (R.V) and (P)Ward 1 Main Road Street ,
5.Veraiyur (R.V) and (P)Ward 1 Housing Board  Street ,
6.Veraiyur (R.V) and (P)Ward 1 Main Road Shop Street ,
7.Veraiyur (R.V) and (P)Ward 1 Erikarai Street ,
8.Veraiyur (R.V) and (P)Ward 1 Nannar Palayam Street ,
9.Veraiyur (R.V) and (P)Ward 1 Odakarai Street , 10.Veraiyur (R.V) and (P)Ward 2 Muppanar Koil Street , 11.Veraiyur (R.V) and (P)Ward 2 Colony Pillaiyar Koil Street , 12.Veraiyur (R.V) and (P)Ward 2 Colony Middle Street , 13.Veraiyur (R.V) and (P)Ward 2 Mariyamman Koil Street , 14.Veraiyur (R.V) and (P)Ward 2 Colony Main Road  Street , 15.Veraiyur (R.V) and (P)Ward 2 Colony East  Street , 16.Veraiyur (R.V) and (P)Ward 2 Colony West  Street , 17.Veraiyur (R.V) and (P)Ward 2 Pathikar Street , 999.OVERSEAS ELECTORS",All Voters
260,64,260,"Panchayat Union Middle School South Facing,Thiruvanaimugam village & post,606804","1.Thiruvanaimugam (R.V) And (P)Ward 1 Vadakku Street , 2.Thiruvanaimugam (R.V) And (P)Ward 1 Vadakku Sandhu Street , 3.Thiruvanaimugam (R.V) And (P)Ward 1 Sarkar Kinaru Street , 4.Thiruvanaimugam (R.V) And (P)Ward 1 Andampallam Salai Street , 5.Thiruvanaimugam (R.V) And (P)Ward 1 Thoppu Street , 6.Thiruvanaimugam (R.V) And (P)Ward 1 Kadakkara Street , 7.Thiruvanaimugam (R.V) And (P)Ward 1 Nayaggar Street , 8.Thiruvanaimugam (R.V) And (P)Ward 1 Pillaiyr Koil sTreet , 9.Thiruvanaimugam (R.V) And (P)Ward 1 Pillaiyar Koil Sandhu Street , 10.Thiruvanaimugam (R.V) And (P)Ward 1 Aacherry Street , 11.Thiruvanaimugam (R.V) And (P)Ward 1 Therkku Street 1 , 12.Thiruvanaimugam (R.V) And (P)Ward 1 Therkku Street 2 , 13.Thiruvanaimugam (R.V) And (P)Ward 1 Kosa Street , 14.Thiruvanaimugam (R.V) And (P)Ward 1 Aandiyapalayam Road Street , 15.Thiruvanaimugam (R.V) And (P)Ward 1 Kolla Kottai Street , 16.Thiruvanaimugam (r.v) and (p)Ward 2 mariamman koil sandhu street , 17.Thiruvanaimugam (R.V) And (P)Ward 2 Mariamman Koil Sandhu  Street , 18.Thiruvanaimugam (R.V) And (P)Ward 2 Nadu Street 1 , 19.Thiruvanaimugam (R.V) And (P)Ward 2 Nadu Street 2 , 20.Thiruvanaimugam (R.V) And (P)Ward 2 Tank Sandhu Street , 21.Thiruvanaimugam (r.v) and (p)Ward 2 tank street , 22.Thiruvanaimugam (R.V) And (P)Ward 2 Colony Pillaiyar Kovil Street , 23.Thiruvanaimugam (R.V) And (P)Ward 2 Valasai Road Street, 999.OVERSEAS ELECTORS",All Voters
261,64,261,"Govt Higher Secoandary School South Facing Building,Su.Valavetti Village & Post, 606806","1.S.Valavetti (R.V) And (P)Ward 1 S.Valavetti Iyar Street ,
2.S.Valavetti (R.V) And (P)Ward 1 S.Valavetti Kamatchiamman Koil Street , 3.S.Valavetti (R.V) And (P)Ward 1 S.Valavetti Kannan Street ,
4.S.Valavetti (R.V) And (P)Ward 1 S.Valavetti Mariamman Koil Street , 5.S.Valavetti (R.V) And (P)Ward 1 S.Valavetti P.Office Street , 6.S.Valavetti (R.V) And (P)Ward 1 S.Valavetti Ganesan Street , 7.S.Valavetti (R.V) And (P)Ward 1 S.Valavetti Kannusamy Street , 8.S.Valavetti (R.V) And (P)Ward 2 Singaram Street ,
9.S.Valavetti (R.V) And (P)Ward 2 Ward 2 Vethu Street , 10.S.Valavetti (R.V) And (P)Ward 2 Colony Mariamman Koil Street , 11.S.Valavetti (R.V) And (P)Ward 2 Gengaiamman Koil street , 12.S.Valavetti (R.V) And (P)Ward 2 Arunthathi Annamalai Street , 13.S.Valavetti (R.V) And (P)Ward 2 Noorayan Veedhi , 14.S.Valavetti (R.V) And (P)Ward 2 Maniyan Veedu ,
15.S.Valavetti (R.V) And (P)Ward 2 Muthukrishnan House , 16.S.Valavetti (R.V) And (P)Ward 2 Chitoor to Cuddalore Salai , 17.S.valavetti (r.v) and (p)Ward 2 periyar nagar , 999.OVERSEAS ELECTORS",All Voters
262,64,262,"Govt Higher Secoandary School Facing North Side Building,Su.Valavetti Village & Post, 606806","1.S.Valavetti (R.V) And (P)Ward 1 S.Valavvetti Vadakku Street , 2.S.Valavetti (R.V) And (P)Ward 1 Nadu Street ,
3.S.Valavetti (R.V) And (P)Ward 1 S.Valavetti 2nd Vadakku Street , 4.S.Valavetti (R.V) And (P)Ward 1 S.Valavetti Therkku Street , 5.S.Valavetti (R.V) And (P)Ward 1 S.Valavetti Aerykarai Street , 6.S.Valavetti (R.V) And (P)Ward 1 S.Valavetti Chakkarai Street , 7.S.Valavetti (R.V) And (P)Ward 1 S.Valavetti Pillaiyar Koil Street , 8.S.Valavetti (R.V) And (P)Ward 2 Chitoor Cuddalore Salai , 9.S.Valavetti (R.V) And (P)Ward 2 S.Valavetti Sellum House , 10.S.Valavetti (R.V) And (P)Ward 2 Manampooniyan Veedhi , 11.S.Valavetti (R.V) And (P)Ward 2 Uppukaran Street , 12.S.Valavetti (R.V) And (P)Ward 2 Periyar Vadakku Street , 13.S.Valavetti (R.V) And (P)Ward 1 Periyar Nagar Therkku Street , 14.S.Valavetti (R.V) And (P)Ward 2 KOlla Kottai House , 999.OVERSEAS ELECTORS",All Voters
263,64,263,"Panchayat union middle school West facing building,Kalleri H O Nayarpattu village ,veraiur post,606806","1.Kalleri (R.V) And (P)Ward 2 Kalleri Thachampattu Road ,
2.Kalleri (R.V) And (P)Ward 2 Mathakoil Street ,
3.Kalleri (R.V) And (P)Ward 2 Kaller Colony 1st Street ,
4.Kalleri (R.V) And (P)Ward 2 Kaller Colony 2nd Street ,
5.Kalleri (R.V) And (P)Ward 2 Kalleri Colony 3rd Street ,
6.Kalleri (R.V) And (P)Ward 1 Kalleri Village 1st Street ,
7.Kalleri (R.V) And (P)Ward 1 Kaller Village 2nd Street ,
8.Kalleri (R.V) And (P)Ward 1 Kaller Village 3rd Street ,
9.Kalleri (R.V) And (P)Ward 1 Kaller Village 4th Street ,
10.Kalleri (R.V) And (P)Ward 1 Kaller Village 5th Street ,
11.Kalleri (R.V) And (P)Ward 1 Kaller Perumanam Road ,
12.Kalleri (R.V) And (P)Ward 1 Achariyar Street ,
13.Kalleri (R.V) And (P)Ward 1 Murugesan Veethi ,
14.Kalleri (R.V) And (P)Ward 1 Kannan Street ,
15.Kalleri (R.V) And (P)Ward 1 Kaller Village 6th Street ,
16.Kalleri (r.v) and (p)Ward 1 mariyamman koil street ,
17.Kalleri (R.V) And (P)Ward 3 Gandhinagar 2nd Street , 999.OVERSEAS ELECTORS",All Voters
264,64,264,"Panchayat union middle school West facing North Wing,T.Kalleri H/O,Nayarpattu Village, Veraiyur post ,606806","1.Su. Nayarpattu (R.V) Kalleri (P)Ward 2 Kalleri thachampattu slaai ,
2.Su. Nayarpattu (R.V) Kalleri (P)Ward 2 Su.Nayarpattu South Street ,
3.Su. Nayarpattu (R.V) Kalleri (P)Ward 2 Su.Nayarpattu North Street ,
4.Su. Nayarpattu (R.V) Kalleri (P)Ward 2 Su.Nayarpattu East Street ,
5.Su. Nayarpattu (R.V) Kalleri (P)Ward 2 Su.Nayarpattu West Street ,
6.Kalleri (R.V) and (P)Ward 3 Vanniyanagaram Mariyamman Koil street ,
7.Kalleri (R.V) and (P)Ward 3 Vanniyanagaram South Street ,
8.Kalleri (R.V) and (P)Ward 3 Samukudaiyampattu  perumanam salai ,
9.Kalleri (R.V) and (P)Ward 3 Thalaivar Veethi ,
10.Kalleri (R.V) and (P)Ward 3 Samukudaiyampattu  Pillaiyar koil street ,
11.Kalleri (R.V) and (P)Ward  3 Kasi Veethi ,
12.Kalleri (R.V) and (P)Ward 3 Kollakotta veethi 999.OVERSEAS ELECTORS",All Voters
265,64,265,"Panchayat union elementary school East Building South Facing Room,Aruthirapattu village&post,606806","1.Aruthirapattu (R.V) And (P)Ward 2 Main Road , 2.Aruthirapattu (R.V) And (P)Ward 2 Bajanai koil street ,
3.Aruthirapattu (R.V) And (P)Ward 1 Bajanai Koil Street Sandhu , 4.Aruthirapattu (R.V) And (P)Ward 2 New Street Colony , 5.Aruthirapattu (R.V) And (P)Ward 2 Old  Colony Street , 6.Aruthirapattu (R.V) And (P)Ward 2 Moopanar Koil Street , 7.Aruthirapattu (R.V) And (P)Ward 2 New Street , 8.Aruthirapattu (R.V) And (P)Ward 1 North Street , 9.Aruthirapattu (R.V) And (P)Ward 1 School Street ,
10.Aruthirapattu (R.V) And (P)Ward 1 School South Street Sandhu , 11.Aruthirapattu (R.V) And (P)Ward 1 Kollaikottai ,  12.Aruthirapattu (R.V) And (P)Ward 1 School North Street Sandhu , 999.OVERSEAS ELECTORS",All Voters
266,64,266,"Panchayat union Elementary school South facing east wing 3rd & 4th class Room,Perumanam Village & Post,606806","1.Perumanam (R.V) And (P)Ward 1 Akraharam Street , 2.Perumanam (R.V) And (P)Ward 1 Akrahara street sandhu , 3.Perumanam (R.V) And (P)Ward 1 Keel Street , 4.Perumanam (R.V) And (P)Ward 1 Keel street sandhu , 5.Perumanam (R.V) And (P)Ward 1 Mariyamman koil Street ,
6.Perumanam (R.V) And (P)Ward 1 Mariyamman koil sandhu Street , 7.Perumanam (R.V) And (P)Ward 2 Sivan koil Street ,
8.Perumanam (R.V) And (P)Ward 2 Patti Street , 9.Perumanam (R.V) And (P)Ward 1 Akrahara  2 , 999.OVERSEAS ELECTORS",All Voters
267,64,267,"Panchayat union Elementary school South facing middle wing5thB class Room,Perumanam Village & Post,606806","1.Perumanam (R.V) And (P)Ward 2 Thevanga Street 1 , 2.Perumanam (R.V) And (P)Ward 2 Dhevanga sandhu Street 2 , 3.Perumanam (R.V) And (P)Ward 2 Dhevanga Street 3 ,
4.Perumanam (R.V) And (P)Ward 2 Sowndeeswari amman koil Street , 5.Perumanam (R.V) And (P)Ward 2 Thirowbathiyamman koil Street , 6.Perumanam (R.V) And (P)Ward 2 Odai Street 1 ,
7.Perumanam (R.V) And (P)Ward 2 Odai Street 2 , 8.Perumanam (R.V) And (P)Ward 2 Main Road , 9.Perumanam (R.V) And (P)Ward 2 patti street sandhu , 10.Perumanam (R.V) And (P)Ward 2 North Street , 11.Perumanam (R.V) And (P)Ward 2 Kollaikottai 1 , 12.Perumanam (R.V) And (P)Ward 1 Ayyanar koil Street , 13.Perumanam (R.V) And (P)Ward 2 Manaloorpettai via road ,
14.Perumanam (R.V) And (P)Ward 2 Thirowbathiyamman koil Street , 15.Perumanam (R.V) And (P)Ward 2 Erikkari Street ,
16.Perumanam (R.V) And (P)Ward 2 Mettu street north , 17.Perumanam (R.V) And (P)Ward 2 Mettu street south , 18.Perumanam (R.V) And (P)Ward 2 Mettu sandhu Street , 19.Perumanam (R.V) And (P)Ward 2 Kulatthu Street , 20.Perumanam (R.V) And (P)Ward 2 Kollaikottai 2 , 999.OVERSEAS ELECTORS",All Voters
268,64,268,"Government High School, South Facing Room west wing , Perumanam&post,606806","1.Perumanm (R.V) And (P)Ward 3 Main Road ,
2.Perumanm (R.V) And (P)Ward 3 Neew Colony Street  1 ,
3.Perumanm (R.V) And (P)Ward 3 New Colony Street ,
4.Perumanm (R.V) And (P)Ward 3 Thiruvannamalai Road ,
5.Perumanm (R.V) And (P)Ward 3 Anthoniyar Street  3 ,
6.Perumanm (R.V) And (P)Ward 3 Velankanni Street ,
7.Perumanm (R.V) And (P)Ward 3 Colony Mettu Street ,
8.Perumanm (R.V) And (P)Ward 3 Mariyamman Koil Street ,
9.Perumanm (R.V) And (P)Ward 3 Colony Mettu Street  2 , 1 0.Perumanm (R.V) And (P)Ward 2 Anthoniyarpuram , 11.Perumanm (R.V) And (P)Ward 2 Anthoniyarpuram North , 12.Perumanm (R.V) And (P)Ward 2 Anthoniyarpuram West , 13.Perumanm (R.V) And (P)Ward 2 Anthoniyarpuram East , 999.OVERSEAS ELECTORS",All Voters
269,64,269,"Government High School, South Facing room East wing , Perumanam&post,606806","1.Perumanm (R.V) And (P)Ward 3 Colony Keel Street ,
2.Perumanm (R.V) And (P)Ward 3 Arunthathiyar Street ,
3.Perumanm (R.V) And (P)Ward 3 Anthoniyar Street ,
4.Perumanm (R.V) And (P)Ward 3 Esunathar Street ,
5.Perumanm (R.V) And (P)Ward 3 Mathakoil Sandhu ,
6.Perumanm (R.V) And (P)Ward 3 Mathakoil Street ,
7.Perumanm (R.V) And (P)Ward 3 Mathakoil Street  2 ,
8.Perumanm (R.V) And (P)Ward 3 Mathakoil Street 3 ,
9.Perumanm (R.V) And (P)Ward 3 Matha Koil  4 , 10.Perumanm (R.V) And (P)Ward 3 Anthoniyar Street  2 ,
11.Perumanm (R.V) And (P)Ward 3 Gudineer Thekka Thotti Street , 999.OVERSEAS ELECTORS",All Voters
270,64,270,"Panchayath Union Elementary School East facing North Wing, Devanur village &post 606806","1.Devanur (R.V) And (P)Ward 1 School Street ,
2.Devanur (R.V) And (P)Ward 1 Mariyamman Koil Street 1 ,
3.Devanur (R.V) And (P)Ward 1 Mariyamman Koil Street 3 ,
4.Devanur (R.V) And (P)Ward 1 Maniyakkarar Street ,
5.Devanur (R.V) And (P)Ward 1 Middle Street ,
6.Devanur (R.V) And (P)Ward 1 South Street ,
7.Devanur (R.V) And (P)Ward 1 Mettu Street 1 ,
8.Devanur (R.V) And (P)Ward 1 Mettu Street 2 ,
9.Devanur (R.V) And (P)Ward 1 Thevanoor Perumanam Road ,
10.Devanur (R.V) And (P)Ward 1 Thevanoor Main Road , 999.OVERSEAS ELECTORS",All Voters
271,64,271,"Panchayath Union Elementary School East facing SouthWing, Devanur village &post 606806","1.Devanur (R.V) And (P)Ward 1 Manalurpettai & Tiruvannamalai Road ,
2.Devanur (R.V) And (P)Ward 2 Pudhur North Street ,
3.Devanur (R.V) And (P)Ward 2 Pudhur south Street ,
4.Devanur (R.V) And (P)Ward 2 Vinayagar Koil Street 1 ,
5.Devanur (R.V) And (P)Ward 2 Vinayagar koil Street 2 ,
6.Devanur (R.V) And (P)Ward 2 pudhukollapattu North Street ,
7.Devanur (R.V) And (P)Ward 2 Pudhukollapattu Middle Street ,
8.Devanur (R.V) And (P)Ward 2 Pudhkollapattu South Street ,
9.Devanur (R.V) And (P)Ward 2 Old Kollapattu Perumanam Manalurpettai road ,
10.Devanur (R.V) And (P)Ward 2 Mettu Street  Koreyapattu ,
11.Devanur (R.V) And (P)Ward 2 New street Murugar koil sandhu ,
12.Devanur (R.V) And (P)Ward 2 Sandhu Street ,
13.Devanur (R.V) And (P)Ward 2 Murugan koil Street , 999.OVERSEAS ELECTORS",All Voters
272,64,272,"Panchayat union primary school south facing building Panaiur village,Panaiur village, Aruthirappattu post,606806","1.Panaiyur (R.V) And (P)Ward 1 North Streeet ,
2.Panaiyur (R.V) And (P)Ward 1 North Street Sandhu ,
3.Panaiyur (R.V) And (P)Ward 1 Middle Street ,
4.Panaiyur (R.V) And (P)Ward 1 Kulatthu Street ,
5.Panaiyur (R.V) And (P)Ward 1 kulatthu Street Sandhu ,
6.Panaiyur (R.V) And (P)Ward 1 South Street ,
7.Panaiyur (R.V) And (P)Ward 1 South Street  Sandhu ,
8.Panaiyur (R.V) And (P)Ward 1 Main Road ,
9.Panaiyur (R.V) And (P)Ward 1 East Street1 , 10.Panaiyur (R.V) And (P)Ward 1 East Street 2 , 11.Panaiyur (R.V) And (P)Ward 1 Pudhukottai ,
12.Panaiyur (R.V) And (P)Ward 2 Mariyamman Koil Street , 13.Panaiyur (R.V) And (P)Ward 2   Colony Street , 14.Panaiyur (R.V) And (P)Ward 2 Mathakoil Street , 15.Panaiyur (R.V) And (P)Ward 2 Mathakoil Street  2 , 16.Panaiyur (R.V) And (P)Ward 2 Mathakoil Street  3 ,
17.Panaiyur (R.V) And (P)Ward 1 Karpagavinayagar Koil Street , 18.Panaiyur (R.V) And (P)Ward 2 Kollakottai ,
999.OVERSEAS ELECTORS",All Voters
273,64,273,"Saint Antony High SchoolEast Facing Building South Side,Kadakaman Post, Virudhuvilanginan,606804","1.Viruduvilanginan (R.V) And (P)Ward 1 Vadakala Street , 2.Viruduvilanginan (R.V) And (P)Ward 1 Errikkarai Street , 3.Viruduvilanginan (R.V) And (P)Ward 1 Karumara Street , 4.Viruduvilanginan (R.V) And (P)Ward 1 Pillaiyar Koil Street , 6.Viruduvilanginan (R.V) And (P)Ward 1 Bajanai Koil Street , 7.Viruduvilanginan (R.V) And (P)Ward 1 School Street , 8.Viruduvilanginan (R.V) And (P)Ward 1 Kattukoil Street , 9.Viruduvilanginan (R.V) And (P)Ward 1 Gandhi Nagar , 10.Viruduvilanginan (R.V) And (P)Ward 1 Mettu Street , 11.Viruduvilanginan (R.V) And (P)Ward 1 Mettu Street Cross Sandhu , 12.Viruduvilanginan (R.V) And (P)Ward 1 Middle Street , 13.Viruduvilanginan (r.v) and (p)Ward 1 mariyamman koil street , 14.Viruduvilanginan (R.V) And (P)Ward 1 Bajanai Koil Street , 999.OVERSEAS ELECTORS",All Voters
274,64,274,"Punidaanthoniyar high school East Facing Building North Part,Virudhuvilanginan Kadagaman post,606804","1.Viruduvilanginan (r.v) and (p)Ward 1 madurai veeran koil street , 2.Viruduvilanginan (R.V) And (P)Ward 1 Arunthathiyar Colony 3rd Cross Street , 3.Viruduvilanginan (R.V) And (P)Ward 1 Arunthathiyar Colony 2nd Street , 4.Viruduvilanginan (R.V) And (P)Ward 1 Arunthathiyar Colony 1st Street , 5.Viruduvilanginan (R.V) And (P)Ward 1 Athichanur Salai ,
6.Viruduvilanginan (r.v) and (p)Ward 1 new madha koil street , 7.Viruduvilanginan (r.v) and (p)Ward 1 old madha koil street , 8.Viruduvilanginan (R.V) And (P)Ward 1 Madha Koil East Street , 9.Viruduvilanginan (R.V) And (P)Ward 1 New Colony East Street , 10.Viruduvilanginan (R.V) And (P)Ward 2 New Colony Cross Street 1 , 11.Viruduvilanginan (R.V) And (P)Ward 2 New Colony Cross Street 2 , 12.Viruduvilanginan (r.v) and (p)Ward 2 new colony cross street 3 , 13.Viruduvilanginan (R.V) And (P)Ward 1 Old Colony West Street , 14.Viruduvilanginan (r.v) and (p)Ward 2 colony school street , 15.Viruduvilanginan (R.V) And (P)Ward 2 Madha Koil South Street , 16.Viruduvilanginan (r.v) and (p)Ward 2 parai mettu street , 999.OVERSEAS ELECTORS",All Voters
275,64,275,"Panchayat union middle school south facing building East Part,Kadakaman post,606804","1.Kadakaman (R.V) And (P)Ward 1 Sanimoola Street , 2.Kadakaman (R.V) And (P)Ward 1 Pillaiyar Koil Street , 3.Kadakaman (r.v) and (p)Ward 1 nadu street ,
4.Kadakaman (R.V) And (P)Ward 1 Arunachalam Nagar 3rd Street , 5.Kadakaman (R.V) And (P)Ward 1 Arunachala Nagar 2nd Street , 6.Kadakaman (R.V) And (P)Ward 1 Arunachalam Nagar 1st Street , 7.Kadakaman (R.V) And (P)Ward 1 Mariamman Koil Street , 8.Kadakaman (R.V) And (P)Ward 1 Bajanai Koil Street , 9.Kadakaman (R.V) And (P)Ward 1 Bajanai Koil Merkku Street , 10.Kadakaman (R.V) And (P)Ward 1 Colony KUrukku Street , 11.Kadakaman (r.v) and (p)Ward 1 mathurampattu salai , 12.Kadakaman (r.v) and (p)Ward 1 colony pillaiyar koil street , 13.Kadakaman (R.V) And (P)Ward 1 Colony Therkku Street , 14.Kadakaman (R.V) And (P)Ward 1 Colony Kizhakku Street , 15.Kadakaman (R.V) And (P)Ward 1 Colony Merkku Street , 16.Kadakaman (R.V) And (P)Ward 1 Colony Mariamman Koil Street , 17.Kadakaman (R.V) And (P)Ward 1 Colony Nadu Street , 18.Kadakaman (R.V) And (P)Ward 1 Neerthekkathotti Salai , 19.Kadakaman (R.V) And (P)Ward 1 Kadakaman Salai , 20.Kadakaman (R.V) And (P)Ward 1 Bajanai Koil Street , 21.Kadakaman (r.v) and (p)Ward 1 kadakaman colony street, 999.OVERSEAS ELECTORS",All Voters
276,64,276,"Panchayat Union Primary school, South Facing Building,Porikal
,Kadakaman post,606804","1.Pourikkal (R.V)  Kadakaman (P)Ward To Kadakaman Salai , 2.Pourikkal (R.V)  Kadakaman (P)Ward Valavetti Salai Pourikkal , 3.Pourikkal (r.v)  kadakaman (p)Ward pillaiyar koil street pourikkal ,
4.Pourikkal (R.V)  Kadakaman (P)Ward  Mariamman Koil Street Pourikkal , 5.Pourikkal (r.v)  kadakaman (p)Ward old colony   pourikkal ,
6.Pourikkal (R.V)  Kadakaman (P)Ward 1 Matha Koil Street pourikkal , 7.Pourikkal (r.v)  kadakaman (p)Ward pudhiya colony street pourikkal , 8.Pourikkal (R.V)  Kadakaman (P)Ward Colony Kurukku Street Pourikkal , 9.Pourikkal (R.V)  Kadakaman (P)Ward Pourikkal Kolla Kotta Pourikkal , 999.OVERSEAS ELECTORS",All Voters
277,64,277,"Panchayat union middle school south facing Addtional Building,aananandal post,606804","1.Anananthal (R.V) And (P)Ward 1&2 Middle Street , 2.Anananthal (R.V) And (P)Ward 2 Manmathan  Koil Street , 3.Anananthal (R.V) And (P)Ward 1 East Street , 4.Anananthal (R.V) And (P)Ward 1 Achari Sandhu Street ,
5.Anananthal (R.V) And (P)Ward 1 Pugaiyilai Thotta Sandhu Street , 6.Anananthal (R.V) And (P)Ward 1 Medai Street ,
7.Anananthal (R.V) And (P)Ward 1 South Street , 8.Anananthal (R.V) And (P)Ward 1 West Sandhu Street , 9.Anananthal (R.V) And (P)Ward 1 Bajanai Koil Street ,
10.Anananthal (R.V) And (P)Ward 1 Bajanai Koil Sandhu Street , 11.Anananthal (R.V) And (P)Ward 2 West Street , 12.Anananthal (R.V) And (P)Ward 1&2 Main Road Street , 13.Anananthal (R.V) And (P)Ward 2 Kulatthu Street , 14.Anananthal (R.V) And (P)Ward 2 School Street , 999.OVERSEAS ELECTORS",All Voters
278,64,278,"Panchayat union middle school south facing Building,aananandal Village Mathurampattu post,606804","1.Anananthal (R.V) And (P)Ward 2 New Colony West Street , 2.Anananthal (R.V) And (P)Ward 2 New Colony East Street , 3.Anananthal (R.V) And (P)Ward 2 New Colony South Street , 4.Anananthal (R.V) And (P)Ward 2 Mariyamman Koil Street , 5.Anananthal (R.V) And (P)Ward 2 Old Colony East Street , 6.Anananthal (R.V) And (P)Ward 2 Pillayar Koil Street , 7.Anananthal (R.V) And (P)Ward 2 Old Colony South Street , 8.Anananthal (R.V) And (P)Ward 2 Old Colony Sandhu Street , 9.Anananthal (R.V) And (P)Ward 1 J.J. Street ,
10.Anananthal (R.V) And (P)Ward 2 Manmathan Koil Sandhu Street , 11.Anananthal (R.V) And (P)Ward 2 Pillayar Koil Street , 12.Anananthal (R.V) And (P)Ward 2 Tank Street ,
999.OVERSEAS ELECTORS",All Voters
279,64,279,"Sirumalar high school south facing buildingeast Part,Madhurambattu post,606804","1.Madurampattu (r.v) and (p)Ward 2 madha koil street , 2.Madurampattu (R.V) And (P)Ward 2 New Colony , 3.Madurampattu (R.V) And (P)Ward 2 Mariyamman Koil Street ,
4.Madurampattu (R.V) And (P)Ward 2 Sirumalar High school Palla Street , 5.Madurampattu (r.v) and (p)Ward 2 metter street east , 6.Madurampattu (r.v) and (p)Ward 2 main road street ,
7.Madurampattu (R.V) And (P)Ward 2 Anthoniyar Street , 8.Madurampattu (R.V) And (P)Ward 2 Arunthathiyar Street , 9.Madurampattu (R.V) And (P)Ward 2 Kariyanthangal Street , 10.Madurampattu (R.V) And (P)Ward 2 Nattar Street , 11.Madurampattu (R.V) And (P)Ward 2 Kulanthai Easu Street , 12.Madurampattu (R.V) And (P)Ward 2 Pillaiyar Koil Street , 13.Madurampattu (R.V) And (P)Ward 2 Erikkarai Sandhu Street , 14.Madurampattu (R.V) And (P)Ward 2 Tank Street , 15.Madurampattu (r.v) and (p)Ward 2 erikkarai street , 16.Madurampattu (R.V) And (P)Ward 2 Chiteeri Street , 17.Madurampattu (R.V) And (P)Ward 2 Old Colony Street , 18.Madurampattu (R.V) And (P)Ward 2 Malayappan Street , 19.Madurampattu (R.V) And (P)Ward 2 Main Road Cross Street , 20.Madurampattu (R.V) And (P)Ward 2 Bus Stand Street , 999.OVERSEAS ELECTORS",All Voters
280,64,280,"Sirumalar high school south facing building West Part,Madhurambattu post,606804","1.Madurampattu (R.V) And (P)Ward 1 Murugan Koil Street , 2.Madurampattu (R.V) And (P)Ward 1 Mettu Street , 3.Madurampattu (R.V) And (P)Ward 1 Kulathu Street , 4.Madurampattu (R.V) And (P)Ward 1 Middle Street , 5.Madurampattu (R.V) And (P)Ward 1 North Street , 6.Madurampattu (R.V) And (P)Ward 1 Perumal Koil Street , 7.Madurampattu (R.V) And (P)Ward 1 Patti Street , 8.Madurampattu (R.V) And (P)Ward 1 Cross Street , 9.Madurampattu (R.V) And (P)Warad 1 Murugan Koil Cross Street ,
10.Madurampattu (R.V) And (P)Ward 1 Orr Mariyamman Koil Street , 11.Madurampattu (R.V) And (P)Ward 1 Thattar Street , 12.Madurampattu (R.V) And (P)Ward 1 Kulathu Mettu Street , 999.OVERSEAS ELECTORS",All Voters
281,64,281,"Panchayat Union Primary School, North Building, Middle Part ,  South Facing, Naraiyur Village & Post 606754","1.Naraiyur  (R.V) And (P)Ward 1 M.G.R. 1st Street ,
2.Naraiyur  (R.V) And (P)Ward 1 M.G.R. 2nd Street ,
3.Naraiyur  (R.V) And (P)Ward 1 M.G.R. 3rd Street ,
4.Naraiyur  (R.V) And (P)Ward 1 Otta Street Main Road ,
5.Naraiyur  (R.V) And (P)Ward 1 Anna Nagar ,
6.Naraiyur  (R.V) And (P)Ward 1 School Street ,
7.Naraiyur  (R.V) And (P)Ward 1 Kennadiyar Street ,
8.Naraiyur  (R.V) And (P)Ward 1 Bajanai Koil Street ,
9.Naraiyur  (R.V) And (P)Ward 1 P.D.S. Shop Street , 10.Naraiyur  (R.V) And (P)Ward 1 Mariyamman Koil Street , 11.Naraiyur  (R.V) And (P)Ward 1 Main Road (Bajanai Koil) , 999.OVERSEAS ELECTORS",All Voters
282,64,282,"Panchayat Union Elementary School South Building,   West Facing, Naraiyur Village and Post 606754","1.Naraiyur  (R.V) And (P)Ward 1 Rettiyar Street ,
2.Naraiyur  (R.V) And (P)Ward 1 Main Road South ,
3.Naraiyur  (R.V) And (P)Ward 2 Koneri Naikkar Street ,
4.Naraiyur  (R.V) And (P)Ward 2 Mettu Street ,
5.Naraiyur  (R.V) And (P)Ward 2 Balakrishnapadaiyachi Street ,
6.Naraiyur  (R.V) And (P)Ward 2 Kuttaikkarai Street ,
7.Naraiyur  (r.v) and (p)Ward 2 sagayakara street ,
8.Naraiyur  (R.V) And (P)Ward 2 Acharari Street ,
9.Naraiyur  (R.V) And (P)Ward 2 Erikkarai Street , 10.Naraiyur  (R.V) And (P)Ward 1 Anna Nagar East Sandhu , 11.Naraiyur  (R.V) And (P)Ward 1 Anna Nagar North Street , 999.OVERSEAS ELECTORS",All Voters
283,64,283,"Panchayat Union Primary School, North Building, East Part , South Facing, Naraiyur Village & Post 606754","1.Naraiyur (R.V) And (P)Ward 3 Palla Street ,
2.Naraiyur (R.V) And (P)Ward 2 Manmathan Koil Street ,
3.Naraiyur (R.V) And (P)Ward 3 Udaiyar Street ,
4.Naraiyur (R.V) And (P)Ward 3 Udaiyar Sandhu ,
5.Naraiyur (R.V) And (P)Ward 4 Pillaiyar Koil Cross Sandhu ,
6.Naraiyur (R.V) And (P)Ward 4 West Pillaiyar Koil Street ,
7.Naraiyur (R.V) And (P)Kollaia Kotta ,",All Voters
284,64,284,"Panchayat Union Elementary School North Side Building,  West Facing, Naraiyur Village and Post 606754","1.Naraiyur (R.V) And (P)Ward 4 Madha Koil Street ,
2.Naraiyur (r.v) and (p)Ward 1 madha koil cross sandhu ,
3.Naraiyur (r.v) and (p)Ward 4 madha koil sandhu ,
4.Naraiyur (R.V) And (P)Ward 4 Pillaiyar Koil Cross Sandhu 2 ,
5.Naraiyur (R.V) And (P)Ward 4 Pillaiyar Koil Street ,
6.Naraiyur (R.V) And (P)Ward 4 Pillaiyar Koil Main Road ,
7.Naraiyur (R.V) And (P)Ward 4 East Sandhu ,
8.Naraiyur (R.V) And (P)Ward 4 West Sandhu ,
9.Naraiyur (R.V) And (P)Ward 4 West Sandhu 2 , 10.Naraiyur (R.V) And (P)Ward 4 West Sandhu 3 , 11.Naraiyur (R.V) And (P)Ward 4 West Sandhu 4 ,
12.Naraiyur (R.V) And (P)Ward 3 Udaiyar Street Cross Sandhu , 13.Naraiyur (R.V) And (P)Ward 3 Udaiyar Street West Cross Street , 14.Naraiyur (R.V) And (P)Ward 4 Pillaiyar Koil East Sandhu , 15.Naraiyur (R.V) And (P)Ward 4 Madha Koil West Street , 16.Naraiyur (R.V) And (P)Ward 4 Mariyamman Koil Sandhu , 17.Naraiyur (R.V) And (P)Ward 4 Veerapandi Main Road , 999.OVERSEAS ELECTORS",All Voters
285,64,285,"Panchayat Union Primary School New Buildingwest part East facing,Vettavalam,606754","1.Vettavalam (R.V) And (P)Ward 14 Theyar Mudti Street , 2.Vettavalam (R.V) And (P)Ward 14 Sivan Koil Street ,",All Voters
286,64,286,"Panchayat Union Elementary School west facing East Building , Vettavalam, 606754","1.Vettavalam (R.V) And (P)Ward 13 Anna Street 1st Street , 2.Vettavalam (R.V) And (P)Ward 13 Anna Nagar 2nd Street , 3.Vettavalam (R.V) And (P)Ward 13 Anna Street 3rd Street , 4.Vettavalam (R.V) And (P)Ward 13 Alla Koil Street ,
5.Vettavalam (R.V) And (P)Ward 13 Sathiyamoorthy Street 1st Street , 6.Vettavalam (R.V) And (P)Ward 13 Sathiyamoorthy Street 2nd Street , 999.OVERSEAS ELECTORS",All Voters
287,64,287,"Govt boys hr sec school South Building room no 2 north facing,Vettavalam,606754","1.Vettavalam (R.V) And (SP)Ward 1Thiruvalluvar Street , 2.Vettavalam (r.v) and (sp)Ward 2 palla street , 3.Vettavalam (r.v) and (sp)Ward 1aranmanai street , 999.OVERSEAS ELECTORS",All Voters
288,64,288,"Panchayat union Elementary School South facing Vettavalam,Naduthittu H/O, Vettavalam,606754","1.Vettavalam (R.V) And (SP)Ward 1 Pidaran Kotta 1st Street , 2.Vettavalam (R.V) And (SP)Ward 1 Pidaran Kotta 2nd Street , 3.Vettavalam (R.V) And (SP)Ward 1 Pidarankotta 3rd Street , 4.Vettavalam (R.V) And (SP)Ward 1 Nadu 1st Street , 5.Vettavalam (R.V) And (SP)Ward 1 Naduthitam 2nd Street , 6.Vettavalam (R.V) And (SP)Ward 1 Naduthittu 3rd Street , 7.Vettavalam (R.V) And (SP)Ward 1 Naduthittu 4th Street , 8.Vettavalam (R.V) And (SP)Ward 1 Naduthittu 5th Street , 9.Vettavalam (R.V) And (SP)Ward 1 North Veli Street , 999.OVERSEAS ELECTORS",All Voters
289,64,289,"Govt boys hr sec schoolWest Side North WingNorth facing,Vettavalam,606754","1.Vettavalam (R.V) And (S.P)Ward 2 V.O.C Street , 2.Vettavalam (R.V) And (SP)Ward 2 Thazhanuran Sandu , 3.Vettavalam (R.V) And (SP)Ward 3 Purikaran Sandhu 3 , 4.Vettavalam (R.V) And (SP)Ward 3 Purikaran 2nd Street , 5.Vettavalam (R.V) And (SP)Ward 3 Purikaran 3rd Street , 6.Vettavalam (R.V) And (SP)Ward 3 Kardukaran street , 7.Vettavalam (R.V) And (SP)Ward 3 Patti Sandu ,
8.Vettavalam (R.V) And (SP)Ward 3 Villupuram Salai 1st Street , 999.OVERSEAS ELECTORS",All Voters
290,64,290,"Govt boys hr sec school north Building North Side Room No 27 South facing,Vettavalam,606754","1.Vettavalam (R.V) And (SP)Ward 3 Villupuram Salai 2nd Street , 2.Vettavalam (R.V) (SP)Ward 3 Villupuram Salai 3rd Street , 3.Vettavalam (r.v) and (sp)Ward 3 villupuram salai 4th street , 4.Vettavalam (R.V) And (SP)Ward 3 Villupuram Salai 5th Street , 5.Vettavalam (R.V) And (SP)Ward 5 Sadaiyappan Street , 6.Vettavalam (R.V) And (SP)Ward 5 Thambunaiyakan Street , 7.Vettavalam (R.V) And (SP)Ward 5 Sokku Mettu Street 1st Street , 8.Vettavalam (R.V) And (SP)Ward 5 Sodukku Mettu Street 2nd Street , 9.Vettavalam (R.V) And (SP)Ward 5 Sokku Mettu Street 3rd Street , 10.Vettavalam (R.V) Adn (SP)Ward 5 Sokkumettu Street 4th Street , 11.Vettavalam (R.V) And (SP)Ward 5 Kattapomman Street , 999.OVERSEAS ELECTORS",All Voters
291,64,291,"Govt boys hr sec school north building Centre Wing Vettavalam,Vettavalam,606755","1.Vettavalam (R.V) And (SP)Ward 15 Kalathumedu Street , 2.Vettavalam (R.V) And (SP)Ward 15 Rajaji Street 1 , 3.Vettavalam (R.V) And (SP)Ward 15 Rajaji Street 2 , 4.Vettavalam (R.V) And (SP)Ward 15 Orakkali Mettu Street 1 , 5.Vettavalam (R.V) And (SP)Ward 15 Oorakkali Mettu Street 2 , 999.OVERSEAS ELECTORS",All Voters
292,64,292,"Govt boys hr sec school north buildingWest Side South facing,Vettavalam,606755","1.Vettavalam (r.v) and (sp)Ward 4 ganthi salai 1 , 999.OVERSEAS ELECTORS",All Voters
293,64,293,"Govt boys hr sec school South facing,3rd Room, North Side Building, Vettavalam,606755","1.Vettavalam (R.V) And (SP)Ward 4 Ganthi Salai 2 , 2.Vettavalam (R.V) And (SP)Ward 4 Ganthi Salai 3 , 3.Vettavalam (R.V) And (SP)Ward 4 Ganthi Salai 4 , 4.Vettavalam (R.V) And (SP)Ward 4 Ganthi Salai 5 , 5.Vettavalam (R.V) And (SP)Ward 4 Ganthi Salai 6 , 6.Vettavalam (R.V) And (SP)Ward 4 Ganthi Salai 7 , 7.Vettavalam (R.V) And (SP)Ward 4 Thandavarayan Street 8",All Voters
294,64,294,"Panchayat union primary school south Building West Wing North facing,Vettavalam,606754","1.Vettavalam (R.V) And (SP)Ward 12 Nehru Street 1 , 2.Vettavalam (R.V) And (SP)Ward 12 Nehru Street 2 , 3.Vettavalam (R.V) And (SP)Ward 11 Kumaran Lean , 4.Vettavalam (R.V) And (SP)Ward 1 2 Periyar Sandhu Street 1 , 5.Vettavalam (r.v) and (sp)Ward 12 periyar street 2 , 999.OVERSEAS ELECTORS",All Voters
295,64,295,"Panchayat union primary school south Terraced building East Side West Wing,Vettavalam,606754","1.Vettavalam (R.V) And (SP)Ward 12 Raice Mil Sandu , 2.Vettavalam (R.V) And (SP)Ward 11 Dharmalinganar Street 1 , 3.Vettavalam (R.V) And (SP)Ward 11 Dharmalinganar Street 2 , 4.Vettavalam (R.V) And (SP)Ward 11 Rangappan Sandhu , 5.Vettavalam (R.V) And (SP)Ward 11 Kamarajar Street , 6.Vettavalam (R.V) And (SP)Ward 11 Ambethkar Street , 7.Vettavalam (r.v) and (sp)Ward 11 kuthadi street , 999.OVERSEAS ELECTORS",All Voters
296,64,296,"Panchayat union primary school east partSouth Building North facing,Vettavalam,606754","1.Vettavalam (R.V) And (SP)Ward 10 Chinnakadai Street , 2.Vettavalam (r.v) and (sp)Ward 9 thirukovilur road ,  3.Vettavalam (R.V) And (SP)Ward 9 Thirukovilur 2nd Cross Street , 4.Vettavalam (R.V) And (SP)Ward 9 Thirukovilur 4th Cross Street , 5.Vettavalam (R.V) And (SP)Ward 9 Thirukovilur 5th Cross Street, 999.OVERSEAS ELECTORS",All Voters
297,64,297,"Panchayat Union Middle School, South Side building North facing, , Vettavalam 606754","1.Vettavalam (R.V) And (SP)Ward 7 Nadu 1st Street , 2.Vettavalam (r.v) and (sp)Ward 7 nadu 2nd street , 3.Vettavalam (R.V) And (SP)Ward 7 Nadu 3rd Street , 4.Vettavalam (R.V) And (SP)Ward 8 Nadu 4th Street , 999.OVERSEAS ELECTORS",All Voters
298,64,298,"Panchayat union middle school east North building West Wing South Facing,Vettavalam,606754","1.Vettavalam (R.V) And (SP)Ward 7 Bharathi 1st Street , 2.Vettavalam (R.V) And (SP)Ward 7 Bharadhi 2nd Street , 3.Vettavalam (R.V) And (SP)Ward 7 Bharathi 3rd Street , 4.Vettavalam (R.V) And (SP)Ward 7 Bharathi 4th Street , 5.Vettavalam (R.V) And (SP)Ward 7 Bharathi Nagar 5th Street , 6.Vettavalam (R.V) And (SP)Ward 7 Bharathi 6th Street , 7.Vettavalam (R.V) And (SP)Ward 7 Bharathi 7 th Street , 8.Vettavalam (R.V) And (SP)Ward 8 Bharathi 8th Street , 9.Vettavalam (R.V) And (SP)Ward 7 Bharathi 9th Street , 10.Vettavalam (R.V) And (SP)Ward 7 Bharathi Nagar 10th Street , 999.OVERSEAS ELECTORS",All Voters
299,64,299,"Panchayat union middle school South side building East part,Vettavalam,606754","1.Vettavalam (R.V) And (SP)Ward 8 Barathidasan 1st Street , 2.Vettavalam (R.V) And (SP)Ward 8 Bharathidasan 2nd Street , 3.Vettavalam (R.V) And (SP)Ward 8 Baradhidasan 3rd Street , 4.Vettavalam (R.V) And (SP)Ward 8 Bharathidasan 4th Street , 5.Vettavalam (R.V) And (SP)Ward 8 Bharathidasan 5th Street , 6.Vettavalam (R.V) And (SP)Ward 8 Bharadhidasan 6th Street , 7.Vettavalam (R.V) And (SP)Ward 8 Bharathidasan 7th Street , 8.Vettavalam (R.V) And (SP)Ward 8 Bharathidasan 8th Street , 9.Vettavalam (R.V) And (SP)Ward 8 Bharathidasan 9th Street , 10.Vettavalam (R.V) And (SP)Ward 8 Bharadhidasan 10th Street , 999.OVERSEAS ELECTORS",All Voters
300,64,300,"St mary boys Higher Secoandry School North Building Room No 4 South facing building,Vettavalam,606754","1.Vettavalam (R.V) And (SP)Ward 6 Punitha Anthoniyar 1st Street , 2.Vettavalam (r.v) and (sp)Ward 6 new anthoniyar 2nd street , 3.Vettavalam (R.V) And (SP)Ward 6 Punitha Anthoniyar 3rd Street , 4.Vettavalam (R.V) And (SP)Ward 6 Punidha Anthoniyar 4th Street , 5.Vettavalam (R.V) And (SP)Ward 6 New Anthoniyar 5th Street , 6.Vettavalam (R.V) And (SP)Ward 6 Punidha Anthoniyar 6th Street , 7.Vettavalam (R.V) And (SP)AWards 6 Punitha Anthoniyar 7th Street , 8.Vettavalam (R.V) And (SP)Ward 6 Punitha Anthoniyar 8th Street , 9.Vettavalam (R.V) And (SP)Ward 6 Punitha Anthoniyar 9th Street , 10.Vettavalam (R.V) And (SP)Ward 6 Punitha Anthoniyar 10th Street , 11.Vettavalam (R.V) And (SP)Ward 6 Punidha Anthoniyar 11st Street , 999.OVERSEAS ELECTORS",All Voters
301,64,301,"St mary boys Higher Secoandray School North Building Room No 5South facing,Vettavalam,606754","1.Vettavalam (R.V) And (SP)Ward 10 Madhakoil 1st Street , 2.Vettavalam (R.V) And (SP)Ward 10 Madha Koil 2nd Street , 3.Vettavalam (R.V) And (SP)Ward 10 Madhakoil 3rd Street , 4.Vettavalam (R.V) And (SP)Ward 10 Madha Koil 4th Street , 5.Vettavalam (R.V) And (SP)Ward 10 Madha Koil 5th Street , 6.Vettavalam (R.V) And (SP)Ward 6 Thiru.V.K Street 1st Street , 7.Vettavalam (R.V) And (SP)Ward 6 Thiru.V.K. st 2nd Street , 8.Vettavalam (R.V) And (SP)Ward 6 Thiru.V.K. st 3rd Street , 999.OVERSEAS ELECTORS",All Voters
302,64,302,"Panchayat union middle school East part building facing west,Kallaye village,sorathur post,606754","1.Kallai (R.V) And (P)Ward 1 Kallai Nadu Street ,
2.Kallai (R.V) And (P)Ward 2 Kallai Nadu Street ,
3.Kallai (R.V) And (P)Ward 2 Kallai North Street ,
4.Kallai (R.V) And (P)Ward 2 Kallai Indra Nagar ,",All Voters
303,64,303,"Panchayat union middle school East facing west building, Room No -2  Kallaye village, sorathur post,606754","1.Kallai (R.V) And (P)Ward 1 Kallai Thiru.V.K. Street ,
2.Kallai (R.V) And (P)Ward 1 Kallai Karunanithi Street ,
3.Kallai (R.V) And (P)Ward 1 Kallai Annanagar ,
4.Kallai (R.V) And (P)Ward 1 Kallai Nondiyar Street ,
5.Kallai (R.V) And (P)Ward 1 Kallai Erimettu Street North ,
6.Kallai (R.V) And (P)Ward 1 Kallai South Street ,
7.Kallai (R.V) And (P)Ward 1 Kallai Rajaji Street ,
8.Kallai (R.V) And (P)Ward 1 Kallai M.G.R. East Street ,
9.Kallai (R.V) And (P)Ward 1 Kdallai M.G.R. Nagar West Street ,
10.Kallai (R.V) And (P)Ward 1 Kallai Erimettu South Street,
11.Kallai (R.V) And (P)Ward 2 Kallai Baradhiyar Street ,
12.Kallai (R.V) And (P)Ward 2 Kallai Konar Street ,
13.Kallai (R.V) And (P)Ward 2 Kallai West Street 999.OVERSEAS ELECTORS",All Voters
304,64,304,"Panchayat union middle scool south BuildingFacing North,Kallaisorathur post,606754","1.Kallai (R.V) And (P)Ward 3 Ambethkar North Street ,
2.Kallai (R.V) And (P)Ward 3 Ambethkar South Street ,
3.Kallai (R.V) And (P)Ward 3 Ambethkar South Street ,
4.Kallai (R.V) And(P)Ward 3 Ambethkar Nadu Street ,
5.Kallai (R.V) And (P)Ward 3 Ambethkar East Street ,
6.Kallai (R.V) And (P)Ward 3 Ambethkar West Street ,
7.Kallai (r.v) and (p)Ward 4 sorathur north street ,
8.Kallai (R.V) And (P)Ward 4 Sorathur South Street ,
9.Kallai (R.V) And (P)Ward 4 Sorathur Kulathumettu Street ,
10.Kallai (R.V) And (P)Ward 4 Sorathur Ganthi Street ,
11.Kallai (R.V) And (P)Ward 4 Sorathur Nehru Street ,
12.Kallai (R.V) And (P)Ward 4 Sorathur East Street ,
13.Kallai (R.V) And (P)Ward 4 Sorathur Ottai Street , 999.OVERSEAS ELECTORS",All Voters
305,64,305,"Panchayat union Middle school West Building East EntranceMangalore tiles building,Agaram village&post,606754","1.Agaram (R.V) And (P)Ward 1 Veraiyur Veppur Salai ,
2.Agaram (R.V) And (P)Ward 1 Mettu Street ,
3.Agaram (R.V) And (P)Ward 1 Manmadhar Street ,
4.Agaram (r.v) and (p)Ward 1 mariyamman koil street ,
5.Agaram (R.V) And (P)Ward 1 East Street ,
6.Agaram (R.V) And (P)Ward 1 Arasamara Street ,
7.Agaram (R.V) And (P)Ward 2 West ,
8.Agaram (R.V) And (P)Ward 2 Murugan Koil Street ,
9.Agaram (R.V) And (P)Ward  Othavadai Street ,
10.Agaram (R.V) And (P)Ward 2 Pazhaiyacolony North Street ,
11.Agaram (R.V) And (P)Ward 2 Pazhaiya Colony East Streetsd ,
12.Agaram (R.V) And (P)Ward 2 Old Colony South Street ,
13.Agaram (R.V) And (P)Ward 3 New Colony st1 ,
14.Agaram (R.V) And (P)Ward 3 New Colony st 2 ,
15.Agaram (R.V) And (P)Ward 3 New Colony st 3 ,
16.Agaram (R.V) And (P)Ward 3 New colony Street 4 ,
17.Agaram (R.V) And (P)Ward 3 New Colony Street 5 ,
18.Agaram (R.V) And (P)Ward 3 Mangulam Street ,
19.Agaram (R.V) And (P)Ward 3 Naraiyur Street ,
20.Agaram (R.V) And (P)Ward 3 Vettavalam Salai ,
21.Agaram (R.V) And (P)Ward 3 Serman Kollai Kottai , 999.OVERSEAS ELECTORS",All Voters
306,64,306,"Panchayat Union Elementary school West Buildingfacing East,Vaipur village&post,606754","1.Vaippur (R.V) And (P)Ward 1 Vaippur South Street ,
2.Vaippur (R.V) And (P)Ward 1 Bajanai Koil Street ,
3.Vaippur (R.V) And (P)Ward 1 Vaippur North Street ,
4.Vaippur (R.V) And (P)Ward 2 Thiruvalluvar Street ,
5.Vaippur (R.V) And (P)Ward 2 Old Colony North Street ,
6.Vaippur (R.V) And (P)Ward 2 OldColony South Street , 999.OVERSEAS ELECTORS",All Voters
307,64,307,"Panchayat union Elementary school West Facing East Building,Vaipur Village & post, 606754","1.Vaippur (R.V) And (P)Ward 2 Pudhu Colony North Street ,
2.Vaippur (R.V) And (P)Ward 2 Pudhu Colony Nadu Street ,
3.Vaippur (R.V) And (P)Ward 2 New Colony West Street ,
4.Vaippur (R.V) And (P)Ward 2 New Colony Ambethkar Street ,
5.Vaippur (R.V) And (P)Ward 2 Puducolony Cross Street ,
6.Vaippur (R.V) And (P)Ward 2 New Colony Palvadi Street ,
7.Vaippur (R.V) And (P)Ward 2 New Colony Main Road ,
8.Vaippur (R.V) And (P)Ward 3 Pudhur Main Road ,
9.Vaippur (R.V) And (P)Ward 3 Dhiteerkuppam 1st Street ,
10.Vaippur (R.V) And (P)Ward 3 Diteerkuppam 2nd Street ,
11.Vaippur (R.V) And (P)Ward 3 Pudhu South Street ,
12.Vaippur (R.V) And (P)Ward 3 Pudur North Street ,
13.Vaippur (R.V) And (P)Ward 3 Pudhur Cross Street , 999.OVERSEAS ELECTORS",All Voters
