sl_no,ac_code,polling_station_number,polling_station,polling_areas,polling_station_type
1,63,2,4,5,6
1,63,1,"Panchayat Union Primary School,New Building, West Facing Room No 1  Devanandhal Adaiyur Post 606604","1.Devanandhal (R.V) and (P)Ward 1 devanandhal colony firSt  Street, 2.Devananthal(P)WARD 1 DEVANANTHAL COLONY 2ND St,
3.DEVANANTHAL(P)WARD 1 DEVANANTHAL  Main ROAD ,
4.DEVANANTHAL(P)WARD 1 pillaiyar Koil  St, 5.Devananthal(P)Ward 1 mariyamman Koil  St, 999.OVERSEAS ELECTORS",ALL VOTERS
2,63,2,"Panchayat Union Primary School, South Wing, West Facing Devanandhal Adaiyur Post   606604","1.Devananthal(P)Ward 1 Odakal St, 2.Devananthal(P)Ward 2 sellapuram , 3.Devananthal(P)Ward 2 periyavediyappanur , 4.Devananthal(P)Ward 2 chinnavediyappanur , 5.Devananthal(P)Ward 2 colorkotta , 999.OVERSEAS ELECTORS",ALL VOTERS
3,63,3,"Panchayat Union Middle School, New buiding East Building, West Facing buiding  Adaiyur Post   606604","1.Aadaiyur(P)Ward 1 kulathumettu St, 2.Aadaiyur(P)Ward 1 kulakkarai St, 3.Aadaiyur(P)Ward 1 West   kulakkaraiSt, 4.Aadaiyur(P)Ward 1 South  kulakkarai St, 5.Aadaiyur(P)Ward 1 cross St, 6.Aadaiyur(P)Ward 1 eshwaranKoil  St, 7.Aadaiyur(P)Ward 1 firSt  new St, 8.Aadaiyur(P)Ward 1 2 nd new St, 9.Aadaiyur(P)Ward 1 Pati St, , 999.OVERSEAS ELECTORS",ALL VOTERS
4,63,4,"Panchayat Union Middle School, New buiding East Building, West Facing  buiding- Room -2 , Adaiyur Vill and Post 606604","1.Aadaiyur(P)Ward 1 pillaiyar Koil  St,                   2.Aadaiyur(P)Ward 1 scholl St 1 , 3.Aadaiyur(P)Ward 1 SchoolSt  2 ,     4.Aadaiyur(P)Ward 1 Kollakottai",ALL VOTERS
5,63,5,"Adhidravidar welfare Middle School, Old Building, North Wing, East Facing West Building, Adaiyur Post 606604","1.Aadaiyur(P)Ward 2 Ambethkar prathanasalai , 2.Aadaiyur(P)Ward 2 ambethkar nagar firSt  St, 3.Aadaiyur(P)Ward 2 ambethkar nagar 2nd St, 4.Aadaiyur(P)Ward 2 ambethkar nagar 3rd St, 5.Aadaiyur(P)Ward 2 ambekthkar nagar 4th St, 6.Aadaiyur(P)Ward 2 ambethkar 5th St, 7.Aadaiyur(P)Ward 2 Post   office St, 8.Aadaiyur(P)Ward 2 sandhu St,
9.Aadaiyur (P)Ward 2 Gangai Amman Koil  Street, 999.OVERSEAS ELECTORS",ALL VOTERS
6,63,6,"Adhidravidar welfare Middle School, New buiding West Facing East Building,  Adaiyur Post   606604","1.Aadaiyur (P)Ward 3 Gengai Amman Koil  Street,
2.Aadaiyur (P)Ward 4 Vellai Medu Street,
3.Aadaiyur (P)Ward 4 Vellai Medu Street  -2 , 4.Aadaiyur(P)Ward 4 vellaimedu cross St, 5.Aadaiyur(P)Ward 4 Amman Koil  St, 999.OVERSEAS ELECTORS",ALL VOTERS
7,63,7,"Adhidravidar welfare Middle School,West Building, East Facing South Part  Adaiyur Post   606604","1.Aadaiyur(P)Ward 4 Amman Koil  South  St, 2.Aadaiyur(P)Ward 4 Kanji road  East , 3.Aadaiyur(P)Ward 4 kanjiroad easu Nagar, 4.Aadaiyur(P)Ward 3 Kanjiroad colour kotta , 5.Aadaiyur(P)Ward 3 colour kotta North  St, 6.Aadaiyur(P)Ward 3 kanjiroad West   , 7.Aadaiyur(P)Ward 3 Muyalkuttai St, 8.Aadaiyur(P)Ward 4 2nd road St, 9.Aadaiyur(P)Ward 4 1St  road St, 10.Aadaiyur(P)Ward 4 Punalkadu School St, 11.Aadaiyur(P)Pillaiyar Koil  St, 999.OVERSEAS ELECTORS",ALL VOTERS
8,63,8,"Panchayat Union Primary School, West Side New Building, South Wing, East Facing . Adi Annamalai, 606604.","1.Aadaiannamalai (P)Ward 1 Manikavasagar St, 2.Aadaiannamalai (P)Ward 1 North madaveethiSt, 3.Aadaiannamalai (P)Ward 1 sannathi St, 4.Aadaiannamalai (P)Ward 1 Melsannathi St, 5.Aadiannamalai(P)Ward 1 chinnakulathumettu St, 6.Aadaiannamalai (P)Ward 1 Pongal St, 7.Aadaiannamalai (P)Ward 1 PazhayaPost   office St, 8.Aadaiannamalai (p)Ward 1 periyakullathumettu St, 9.Aadiannamalai (P)Ward 4 Kosalai eswaran Koil  St, 10.Aadiannamalai (P)Ward4 kosalai pournami Nagar, 11.Aadiannamalai (P)Ward 4 Kosalai ambethkarSt, 12.Aadiannamalai (P)Ward 4 Kosalai kanji Main road , 13.Aadiannamalai (p)Ward 4 kanji road , 14.Aadiannamalai (P)Ward 4 kosalaikalki Nagar 999.OVERSEAS ELECTORS",ALL VOTERS
9,63,9,"Panchayat Union Primary School, West Side New Building,Centre Room,South Wing, East Facing. Adi Annamalai, 606604.","1.Aadaiannamalai (p)Ward 2 mariyamman Koil  St, 2.Aadaiannamalai (P)Ward 1 Vazhga valamudan St, 3.Aadaiannamalai (P)Ward 2 PallikudaSt,
4.Aadaiannamalai (P)Ward 2 pallaSt,
5.Aadaiannamalai (P)Ward 2  Main road (Girivalapathai) , 6.Aadaiannamalai (P)Ward 2 Kottangal Odaikarai Street, 999.OVERSEAS ELECTORS",ALL VOTERS
10,63,10,"Panchayat Union Middle School, North Facing New Building, Center Room  Kottangal H/o. Adiannamalai 606604","1.Aadiannamalai(p)Ward 3 mariyamman Koil  St,
2.Aadaiannamalai (P)Ward 3 Kottangkal North  sandu St, 3.Aadiannamalai(P)Ward 3 Kottangal
,
4.Aadiannamalai(P)Ward 3 Kottangal mariyamman Koil  St, 5.Aadaiannamalai (P)Ward 3 kottangal ,
6.Aadaiannamalai (P)Ward 3 Vediyappanur salai ,
7.Aadaiannamalai (P)Ward 3 Vediyanur kollaikottai , 8.Aadiannamalai(P)Ward vediyappanur Village ,
999.OVERSEAS ELECTORS",ALL VOTERS
11,63,11,"Panchayat Union Primary School, New East Building, North Room, West Facing,  Adi annamalai 606604","1.Aadiannamalai(P)Ward 4 Aadiannamalai old colony , 2.Aadiannamalai(P)Ward 4 Aadiannamalainagar new colony , 3.Aadiannamalai(P)Ward 4 adiannamalai new collny , 4.Aadiannamalai(P)Ward 4 aadiannamalai new colony West   , 5.Aadiannamalai(P)Ward 4 Girivalapathai , 6.Aadiannamalai(P)Ward 4 Kosalai ,
7.Aadiannamalai(P)Ward 4 Pillaiyar Koil  St, 8.Aadiannamalai(p)Ward 4 kosalaipillaiyar Koil  St, 9.Aadiannamalai (P)Ward 4 Kosalai sandhu St, 10.Aadiannamalai (P)Ward 4 kosalai  Main road , 999.OVERSEAS ELECTORS",ALL VOTERS
12,63,12,"Panchayat Union Middle School, East Facing West Building, North Part Vengikkal & Post   606604","1.Vengikkal(P)Ward 1 Earikaran 2nd St, 2.Vengikkal(P)Ward 1 Erikarai St  3rd St, 3.Vengikkal(P)Ward 1 earikarai 4th St, 4.Vengikkal(P)Ward 1 Scholl St, 5.Vengikkal(p)Ward 2 pillaiyar Koil  St, 6.Vengikkal(P)Ward 2 PallaSt 1 , 7.Vengikkal(P)Ward 2 palla St  2nd sandu , 8.Vengikkal (p)Ward 2 Palla Street, 9.Vengikkal(P)Ward 1 Jaibimnagar1 , 10.Vengikkal(P)Ward 1 jaibimnagar 1 crossSt, 11.Vengikkal(P)Ward 1 Jaibimnagar sandu St, 12.Vengikkal(P)Ward 1 jaibimnagar cross St,
13.Vengikkal(P)Ward 1 jaibimnagar pillaiyar Koil  St, 14.Vengikkal(P)Ward 1 Jaibimnagar 1St  St, 15.Vengikkal(p)Ward 1 jaibimnagar 3rd St, 16.Vengikkal(P)Ward 1 Jaibimnagar 3rd cross St, 17.Vengikkal(P)Ward 1 jaibimnagar 4 St, 18.Vengikkal(P)Ward 1 Jaibim nagar 5th St, 19.Vengikkal(P)Ward 1 Jaibimnagar6 th St, 20.Vengikkal(P)Ward 1 Jaibimnagar 4th St, 21.Vengikkal(P)Ward 1 Jaibimnagar 3rd St, 999.OVERSEAS ELECTORS",ALL VOTERS
13,63,13,"Panchayat Union Middle School, East Facing, West Building, South Part Vengikkal & Post   606604","1.Vengikkal(P)Ward 2 METTU St, 2.Vengikkal(P)Ward 2 mariyamman jKoil  St, 3.Vengikkal(P)Ward 2 Kizhagu Mettu St, 4.Vengikkal(PWard 2 Kulathumettu St, 5.Vengikkal(PWard 2 1St cross St, 6.Vengikkal(PWard 2 2nd cross St, 7.Vengikkal(PWard 2 3rd cross St, 8.Vengikkal(PWard 2 Kulakkarai St, 9.Vengikkal(PWard 2 Kannimar nagar 1St  St, 10.Vengikkal(PWard 2 Kannimarngar 2nd St, 11.Vengikkal(PWard 2 4th Cross St, 999.OVERSEAS ELECTORS",ALL VOTERS
14,63,14,"Panchayat Union Elementary School, East Wing,South Facing, Vengikkal  Pudhur & Post   606604","1.Vengikkal (R.V) And (P)Ward 3 MaNo janijitham Nagar, 2.Vengikkal(R.V) And (P)Ward 3 MaNo ranjitham Nagar North  Street, 3.Vengikkal(R.V) And (P)Ward 3 Pudhur North  Street, 4.Vengikkal(R.V) And (P)Ward 3 Pudur Kounsilar Street, 5.Vengikkal(R.V) And (P)Ward 3 Pudur Cross Street,
6.Vengikkal(R.V) And (P)Ward 3 Uannamalaiymman Nagar South  , 7.Vengikkal(R.V) And (P)Ward 3 Santhosh Nagar 1 Street, 8.Vengikkal(R.V) And (P)Ward 3 Santhosh Nagar 3rd Street, 9.Vengikkal(R.V) And (P)Ward 3 Santhosh Nagar 2nd Street,
10.Vengikkal(R.V) And (P)Ward 3 Vellur Road Vengikkal Pudhur  999.OVERSEAS ELECTORS",ALL VOTERS
15,63,15,"Panchayat Union Elementary School, West Part, South Facing Vengikkal Pudhur Village Vengikkal Post 606604","1.Vengikkal(R.V) And (P)Ward 3 Pudur South  Street,
2.Vengikkal(r.v) and (p)Ward 4 annamalaiyar nagar Street  4 , 3.Vengikkal(R.V) And (P)Ward 4 Annamalaiyar Nagar 3 ,
4.Vengikkal(R.V) And (P)Ward 3 Muthuammal Nagar 2 , 5.Vengikkal(R.V) And (P)Ward 3 Muthammal Nagar 3 , 6.Vengikkal(R.V) And (P)Ward 3 Annamalaiyar Nagar 2 , 7.Vengikkal(R.V) And (P)Ward 3 Annamalaiyar Nagar 1 , 8.Vengikkal(R.V) And (P)Ward 3 Annaivedavalli Nagar, 9.Vengikkal(R.V) And (P)Ward 3 Bharathi North  Street, 10.Vengikkal(R.V) And (P)Ward 3 Bharathi South  Street,
11.Vengikkal(R.V) And (P)Ward 3 Bharathi Nagar  East   Street, 12.Vengikkal(r.v) and (p)Ward 2 kottampalaiyam  Main road , 13.Vengikkal(R.V) And (P)Ward 2 Kottampalaiyam Street  3 , 14.Vengikkal(R.V) And (P)Ward 2 Kottampalaiyam 2 ,
15.Vengikkal(R.V) And (P)Ward 2 Kottampalaiyam Street  1 , 16.Vengikkal(R.V) And (P)Ward 2 Kotrtampalaiyam ,
999.OVERSEAS ELECTORS",ALL VOTERS
16,63,16,"Panchayat Union Middle School, North Building, South Facing West Part , Vengikkal & Post   606604","1.Vengikkal(R.V) And (P)Ward 3 Vellur Road COLLOCTOR OFFICE ROAD , 2.Vengikkal(R.V) And (P)Ward 3 Collector Office Nagar,
3.Vengikkal(R.V) And (P)Ward 3 Annaianjugam Nagar 1 , 4.Vengikkal(R.V) And (P)Ward 3 Annaianjugam Nagar Street  2 , 5.Vengikkal(R.V) And (P)Ward 3 Annaianjugam Nagar 3 , 6.Vengikkal(R.V) And (P)Ward 3 Annaianjugam Nagar 6 , 7.Vengikkal(R.V) And (P)Ward 3 Annaianjugam Nagar 7 ,
8.Vengikkal (R.V) And (P)Ward 3 ANNAIANJUGAM NAGAR  Main Road , 9.Vengikkal (R.V) And (P)Ward 3 ANNAIANJUGAM NAGAR  Main Road , 10.Vengikkal(R.V) And (P)Ward 3 Annai Anjugam Nagar 9 ,
11.Vengikkal(R.V) And (P)Ward 3 Annaianjugam Nagar 4 Street,  999.OVERSEAS ELECTORS",ALL VOTERS
17,63,17,"Panchayat Union Middle School, North Building, South Facing West Part ROOM 4 , ,Vengikkal vill and Post 606604","1.Vengikkal(PWard 1 Selva Nagar 1 ,  2.Vengikkal(PWard 1 Selvanagar 2nd St, 3.Vengikkal(PWard 1 Selvanagar cross St, 4.Vengikkal(PWard 1 Selvanagar 3 , 5.Vengikkal(PWard 1 SELVANAGAR 4TH St,  6.Vengikkal(PWard 2 Vellore road , 7.Vengikkal(PWard 2 Guberanagar  East 12.Vengikkal(R.V) And (P)Ward 1 Omsakthi Nagar Main Road 1 ,
13.Vengikkal(R.V) And (P)Ward 1 Omsakthi Nagar  Main Road 2 , 14.Venkigal(R.V) And (P)Ward 1 Omsakthi Nagar  Main Road 2 , 15
.Vengikkal(R.V) And (P)Ward 1 Omsakthi Nagar Street  1 , 16.Vengikkal(r.v) and (p)Ward1 omsakthi nagar Street  2 , 999.OVERSEAS ELECTORS",ALL VOTERS
18,63,18,"Panchayat Union Middle School, , East Part, North Building, South Facing  Jai Beem Nagar,Vengikkal & Post   606604","1.Vengikkal(R.V) And (P)Ward1 Omsakthi Nagar Street  2 , 2.Vengikkal(r.v) and (p)Ward1 omsakthi nagar Street  6 , 3.Vengikkal(R.V) And (P)Ward1 Omsakthi Nagar Street  7 ,
4.Vengikkal(r.v) and (p)Ward1 omsakthi nagar Street  11 , 5.Vengikkal(R.V) And (P)Ward1 Omsakthi Nagar Street  13 , 6.Vengikkal(R.V) And (P)Ward 1 Omsakthi Nagar 14 , 7.Vengikkal(R.V) And (P)Ward 1 Omsakthi Nagar 15 ,
8.Vengikkal(R.V) And (P)Ward 1 Omsakthi Ngar 16 , 9.Vengikkal(R.V) And (P)Ward 1 Omsakthi Nagar 17 , 10.Vengikkal(R.V) And (P)Ward 1 Omsakthi Nagar 18 , 11.Vengikkal(R.V) And (P)Ward 1 Omsakthi Nagar 19 ,
12.Vengikkal(R.V) And (P)Ward 1 Omsakthi Nagar Street  20 , 999.OVERSEAS ELECTORS",ALL VOTERS
19,63,19,My First School Nursery & Primary School East Facing North Wing  Ashok Nagar Vengikkal & Post   606604,"1.Vengikkal(R.V) And (P)Ward 4 asokan nagar St  No  1 , 2.Vengikkal(R.V) And (P)Ward 4 asokan nagar St  No  2 , 3.Vengikkal(R.V) And (P)Ward 4 asoka nagar St  No  3 , 4.Vengikkal(r.v) and (p)Ward 4 asokan nagar St  No  4 , 5.Vengikkal(R.V) And (P)Ward 4 asokanagar St  No  5 , 6.Vengikkal(R.V) And (P)Ward 4 gokul nagar 1St  St, 7.Vengikkal(r.v) and (p)Ward 4 gokulnagar 3rd St, 8.Vengikkal(r.v) and (p)Ward gokul nagar 2nd St,
9.Vengikkal(r.v) and (p)Ward 4 gokul nagar pradhanasalai , 10.Vengikkal(R.V) And (P)Ward 1 ganesnagar 2nd St,
11.Vengikkal(R.V) And (P)Ward 4 Vanavil nagar 4th St, 12.Vengikkal(R.V) And (P)Ward 4 vanavil nagar 3rd St, 999.OVERSEAS ELECTORS",ALL VOTERS
20,63,20,My FirSt School Nursery & Primary School East Facing South Wing Ashok Nagar Vengikkal & Post   606604,"1.Vengikkal(r.v) and (p)Ward 4 vanavil nagar 2nd St, 2.Vengikkal(R.V) And (P)Ward 4 vanavil nagar cross St, 3.Vengikkal(R.V) And (P)Ward 4 vanavil nagar road St, 4.Vengikkal(R.V) And (P)Ward 4 Indira Nagar  East , 5.Vengikkal(R.V) And (P)Ward 4 Gogul Nagar 4th Street, 6.Vengikkal(R.V) And (P)Ward 4 Vanavil Nagar 5th Street, 7.Vengikkal(r.v) and (p)Ward 1 ganesh Nagar, 999.OVERSEAS ELECTORS",ALL VOTERS
21,63,21,"TNCSC Oﬃce Building,  West Facing, South Side Building,Vellore Raod,  Vellore Raod, Vengikkal 606604","1.Vengikkal(R.V) And (P)Ward 4 vanavil nagar firSt  St, 2.Vengikkal(R.V) And (P)Ward 4 Vanavil Nagar 3rd cross Street, 3.Vengikkal(R.V) And (P)Ward 4 Vanavil Nagar 2nd cross Street, 4.Vengikkal(R.V) And (P)Ward 4 Thendral Nagar North   Main road , 5.Vengikkal(R.V) And (P)Ward 4 Thendral Nagar North  1St  Street, 6.Vengikkal (R.V) And (P)Ward 4 Thendral Nagar North  2nd Street, 7.Vengikkal(R.V) And (P)Ward 4 Thendral Nagar North  3rd Street, 999.OVERSEAS ELECTORS",ALL VOTERS
22,63,22,"TNCSC Oﬃce Building, West Facing, North Side Building, Vellore Raod,  Vellore Raod, Vengikkal 606604","1.Vengikkal(R.V) And (P)Ward 5 Thendral Nagar  Main road 1 , 2.Vengikkal(R.V) And (P)Ward  5 Thendral Nagar  Main road 2 , 3.Vengikkal(r.v) and (p)Ward 5 bharvathi Street, 4.Vengikkal(R.V) And (P)Ward 5 Thendral Nagar West   Street, 5.Vengikkal(R.V) And (P)Ward 5 Thendral Nagar 1St  Street, 6.Vengikkal(R.V) And (P)Ward 5 thendral nagar 2nd Street, 7.Vengikkal(R.V) And (P)Ward 5 Thendral Nagar 3rd Street, 8.Vengikkal(R.V) And (P)Ward 5 Thendral Nagar North  4th Street,
9.Vengikkal(R.V) And (P)Ward 5 Thendral Nagar 4th Street, 10.Vengikkal(R.V) And (P)Ward 5 Thendral Nagar 5th Street, 999.OVERSEAS ELECTORS",ALL VOTERS
23,63,23,"Assistant Divisional Engineer Highways Oﬃce Building, East Facing Vengikkal, 606604","1.Vengikkal(R.V) And (P)Ward 6 Thendral Nagar 6th Street, 2.Vengikkal(R.V) And (P)Ward 5 Thendral Nagar 7th Street, 3.Vengikkal(R.V) And (P)Ward 5 Thendral Nagar 8th Street, 4.Vengikkal(R.V) And (P)Ward 5 Thendral Nagar 10th Street, 5.Vengikkal(r.v) and (p)Ward 5 thendral nagar 1St  cross Street, 6.Vengikkal(r.v) and (p)Ward 5 thendral nagar 9th Street, 7.Vengikkal(r.v) and (p)Ward 5 Post   office Street, 8.Vengikkal(R.V) And (P)Ward 5 Banunaiyanar Street, 9.Vengikkal(r.v) and (p)Ward 5 thendral nagar South  Street, 10.Vengikkal(r.v) and (p)Ward 5 thendral nagar 11th Street, 11.Vengikkal(R.V) And (P)Ward 5 Thendral Nagar 12th Street, 999.OVERSEAS ELECTORS",ALL VOTERS
24,63,24,"Rural Branch Library ,Facing East reet , Kanchi Road Vengikkal,   Vengikkal,","1.Vengikkal(R.V) And (P)Ward 5 Thendral Nagar 2nd Cross Street, 2.Vengikkal (R.V) And (P)Ward 5 Thendral Nagar 3rd Cross Street, 3.Vengikkal(r.v) and (p)Ward 5 thendral nagar 13th Street, 4.Vengikkal(R.V) And (P)Ward 5 Thendral Nagar 14th Street, 5.Vengikkal(R.V) And (P)Ward 5 Thendral Nagar 15th Street, 6.Vengikkal(R.V) And (P)Ward 5th Thendral Nagar 16th Street, 7.Vengikkal(r.v) and (p)Ward 5 thendral nagar 17th Street, 8.Vengikkal(R.V) And (P)Ward 5 Thendral Nagar 17th Street, 9.Vengikkal(r.v) and (p)Ward 5 thendral nagar mariyamman Koil  Street, 10.Vengikkal(R.V) And (P)Ward 5Thendral Nagar 4th Cross Street, 11.Vengikkal(R.V) And (P)Ward 5 Kannan Nagar 1St  Street, 12.Vengikkal(R.V) And (P)Ward 5 Kannan Nagar 2nd Street, 13.Vengikkal(R.V) And (P)Ward 5 Vellore Road ,
999.OVERSEAS ELECTORS",ALL VOTERS
25,63,25,"Technical Service Centre Building,(Sericulture Dept) North Facing,  Kanchi Road Vengikkal & Post   606604","1.Vengikkal(R.V) And (P)Ward 5 Min Nagar 1St  Street, 2.Vengikkal(R.V) And (P)Ward 5 Min Nagar 2nd Street, 3.Vengikkal(R.V) And (P)Ward 5 Min Nagar 3rd Street, 4.Vengikkal (R.V) And (P)Ward 5 Min Nagar 4th Street, 5.Vengikkal(R.V) And (P)Ward 5 Min Nagar 5th Street, 6.Vengikkal(R.V) And (P)Ward 5 Min Nagar 6th Street, 7.Vengikkal(R.V) And (P)Ward 5 Min Nagar 7th Street, 8.Vengikkal(R.V) And (P)Ward 5 Paper Mill Street, 9.Vengikkal(R.V) And (P)Ward 5 Indira Nagar West Main Road,
10.Vengikkal(R.V) And (P)Ward 5 Indira Nagar West   1St  Salai , 11.Vengikkal(R.V) And (P)Ward 5 Balaji Kuttai  East   Street, 12.Vengikkal(R.V) And (P)Ward 5 Utta Sathu Maiyam Street, 13.Vengikkal(R.V) And (P)Ward 5 Balaji Kuttai West   Street, 14.Vengikkal(r.v) and (p)Ward 5 indira nagar West   3rd Street, 16.Vengikkal(R.V) And (P)Ward 5 Indira Nagar West Oodai Street,
16.Vengikkal(R.V) And (P)Ward 5 Rani Annadurai Nagar West   Street, 17.Vengikkal (R.V) And (P)Ward 5 Rani Annadurarai Nagar  Main Road , 18.Vengikkal(R.V) And (P)Ward 5 Rani Annadurai Nagar  East   Street, 19.Vengikkal(R.V) And (P)Ward 5 Pudha Nagar,
20.Vengikkal(R.V) And (P)Ward 5 Vellore road , 999.OVERSEAS ELECTORS",ALL VOTERS
26,63,26,"Asst .Director (Sericulture) Oﬃce, North Facing, East Building, Centre Room Kanchi Road Vengikkal & Post 606604","1.Vengikkal(R.V) And (P)Ward 5 Kanji Road ,
2.Vengikkal(R.V) And (P)Ward 5 Edukkupillaiyar Koil  Nagar 1St  Street, 3.Vengikkal (r.v) and (p)Ward 5 edukkupillaiyar Koil  nagar 2nd Street, 4.Vengikkal(R.V) And (P)Ward 5 Edukkupillaiyar Koil  Nagar 3rd Street, 5.Vengikkal(R.V) And (P)Ward 5 Edukku Pillaiyar Koil  Nagar 4th Street, 6.Vengikkal(R.V) And (P)Ward 5 Edukku Pillaiyar Koil  Nagar 5th Street, 7.Vengikkal(R.V) And (P)Ward 5 Indira Nagar West   Cross Street, 8.Vengikkal(R.V) And (P)WARd 5 Edukku Pillaiyar Koil  Nagar 6th Street, 9.Vengikkal(R.V) And (P)Ward 5 West   6th Cross Street,  10.Vengikkal(R.V) And (P)Ward 5 Edukku Pillaiyar Koil  Nagar 11th Street, 11.Vengikkal(R.V) And (P)Ward 5 Edukku Pillaiyar Koil  Nagar 10th Street, 12.Vengikkal(R.V) And  (P)Ward 5 West   15th Cross Street, 13.Vengikkal(R.V) And (P)Ward 5 Indira Nagar West   2nd Street, 999.OVERSEAS ELECTORS",ALL VOTERS
27,63,27,"Asst .Director (Sericulture ), Oﬃce East Facing Building, West Wing Kanchi Road Vengikkal & Post 606604","1.Vengikkal(R.V) And (P)Ward 5 Edukku Pillaiyar Koil  Nagar 9th Street, 2.Vengikkal(R.V) And (P)Ward 5 Edukku Pillaiyar Koil  Nagar 8th Street, 3.Vengikkal(R.V) And (P)Ward 5 Edukku Pillaiyar Koil  13th Cross Street, 4.Vengikkal(R.V) And (P)Ward 5 Edukku Pillaiyar Koil  West   3rd Cross Street, 5.Vengikkal(R.V) And (P)Ward 5 Edukku Pillaiyar Koil  Nagar 5th Street, 6.Vengikkal(R.V) And (P)Ward 5 Edukku Pillaiyar Koil  7th Street, 7.Vengikkal(R.V) And (P)Ward 2 Gubendira Nagar  East   Street, 8.Vengikkal(R.V) And (P)Ward 2 Gubera Nagar  East   1St  Street, 9.Vengikkal(R.V) And (P)Ward 2 Geberanagar  East   3rd Street, 10.Vengikkal(R.V) And (P)Ward 2 Gebera Nagar West   6th cross Street, 11.Vengikkal(R.V) And (P)Ward 2 Geberanagar West   1St  cross Street, 12.Vengikkal(r.v) and (p)Ward 2 kanji road ammu Nagar,
13.Vengikkal(R.V) And (P)Ward 5 Indira Nagar West   5th Street, 999.OVERSEAS ELECTORS",ALL VOTERS
28,63,28,"Child Food Center Facing North, Avalurpet Road, , Iayyappan Nagar  Vengikkal & Post   606604","1.Vengikkal(R.V) Ans (P)Ward 3 Thirunavookarsar Street, 2.Vengikkal(R.V) And (P)Ward 3 Krishna Nagar Street  1 , 3.Vengikkal(R.V) And (P)Ward 3 Krishna Nagar Street  2 , 4.Vengikkal(R.V) And (P)Ward 3 Krishna Nagar Street  3 , 5.Vengikkal(R.V) And (P)Ward 3 Ramamoorthi Street  1 , 6.Vengikkal(R.V) And (P)Ward 3 Ramamoorthi Street  2 ,
7.Vengikkal(R.V) And (P)Ward 3 Ramamoorthi Street  3 ,    999.OVERSEAS ELECTORS",ALL VOTERS
29,63,29,Magalir Thittam Building North Facing  Avalurpettai Road Vengikkal Vill & Post 606604,"1.Vengikkal(R.V) And (P)Ward 3 Ayyappan Nagar Street  2 , 2.Vengikkal(R.V) And (P)Ward 3 Ayyappan Nagar Erikarai Side , 3.Vengikkal(R.V) And (P)Ward 3 Ayyappan Nagar Street  3 , 4.Vengikkal(R.V) And (P)Ward 3 Ayyappan Nagar Street  4 , 5.Vengikkal(R.V) And (P)Ward 3 Ayyappan Nagar West   , 6.Vengikkal(R.V) And (P)Ward 3 Chella MeSt hiri Kottai , 7.Vengikkal (R.V) And (P)Ward 3 AvallurPettai  Road North  , 8.Vengikkal(R.V) And (P)Warad 3 AvallurPettai  Salai South  , 9.Vengikkal(R.V) And (P)Ward 3 Ramamoorthiy Nagar Cross Street, 999.OVERSEAS ELECTORS",ALL VOTERS
30,63,30,"Integrated Child Development Project Oﬃce, East Side Building,South Facing Room, Vengikkal & Post 606604","Vengikkal(r.v) and (p)Ward 5 thiru.v.k Street, Vengikkal(R.V) And(P)Ward 5 Thiruvadi Street, Vengikkal(R.V) And (P)Ward 5 Thiruvadi Sandhu Street, Vengikkal(R.V) And (P)Ward 5 Thirumular Street, Vengikkal(R.V) And (P)Ward 5 Vallar Street, Vengikkal(R.V) And (P)Ward 5 Pillaiyar Koil  Street, Vengikkal(R.V) And (P)Ward 5 Vivekanadhar Street, Vengikkal(R.V) And (P)Ward 5 Neharu Street, Vengikkal(r.v) and (p)Ward 5 nethaji nagar pradhanasalai ,
Vengikkal(R.V) And (P)Ward 5 Nethaji Nagar 2nd Cross Street, 999.OVERSEAS ELECTORS",ALL VOTERS
31,63,31,"Integrated Child Development Project Oﬃce, East Side buiding, South Facing Room , Vengikkal & Post 606604","Vengikkal(R.V) And (P)Ward 5 Nethaji Nagar 3rd Street, Vengikkal(R.V) And (P)Ward 5 Nethaji Nagar 3rd Cross Street, Vengikkal(r.v) and (p)Ward 5 nethaji nagar 4th cross Street, Vengikkal(R.V) And (P)Ward 5 Nethaji Nagar 5th Cross Street, Vengikkal(R.V) And (P)Ward 5 Perumal Koil  Street,
Vengikkal(r.v) and (p)Ward 5 nethaji nagar pradhanasalai 2nd Street, Vengikkal(R.V) And (P)Ward 5 Nethaji Nagar North  1St  Cross Street, Vengikkal(R.V) And (P)Ward 2 nethajinagar 2nd cross St, Vengikkal(R.V) And (P)Ward 2 nethajinagar North  pradhanasalai , 999.OVERSEAS ELECTORS",ALL VOTERS
32,63,32,"Panchayat union primary school, South Facing, North side building Durgainammiyandal Village, Vengikkal Post   606604.","1.DurkkiNammiyandal (R.V) And (P)Ward 1 Pillaiyar Koil  Street, 2.DurkkiNammiyandal (R.V) And (P)Ward 1 Palla Street, 3.DurkkiNammiyandal (R.V) And (P)Ward 1 Road Street, 4.DurkkiNammiyandal (R.V) And (P)Ward 3 Railway Road Street,
5.DurkkiNammiyandal (R.V) And (P)Ward 3 Nadu Street, 6.DurkkiNammiyandal (R.V) And (P)Ward 3 Colony Pallal Street, 7.DurkkiNammiyandal (R.V) And (P)Ward 3 Colony Mettu Street,
999.OVERSEAS ELECTORS",ALL VOTERS
33,63,33,"Panchayat Union Primary School, South Side North Facing Durgainammiyandal Village, Vengikkal Post 606604.","1.Durkkinammiyandal (r.v) and (p)Ward 2 thenmettu Street, 2.DurkkiNammiyandal (R.V) And (P)Ward 2 Pillayar Koil  Puravadi , 3.Durkkinammiyandal (r.v) and (p)Ward 2 durkkinammiyandal  Main road Street, 4.DurkkiNammiyandal (R.V) And (P)Ward 2 VadaMettu Street  1 , 5.DurkkiNammiyandal (R.V) And (P)Ward 2 VadaMettu Street  2 ,
999.OVERSEAS ELECTORS",ALL VOTERS
34,63,34,"Panchayat Union Primary School, East Wing North Facing No tchimalai Village & Post   606611","1.Nochimalai (R.V) And (P)Ward 1 Kodi Street  1 , 2.Nochimalai (R.V) And (P)Ward 1 Kodi Street  2 , 3.Nochimalai (R.V) And (P)Ward 1 Vattartank Street, 4.Nochimalai (R.V) And (P)Ward 1 Cross Mettu Street, 5.Nochimalai (R.V) And (P)Ward 1 No tchimalai Mettu Street, 6.Nochimalai (R.V) And (P)Ward 1 Palla Street,
7.Nochimalai (R.V) And (P)Ward 1 Pillaiyar Koil  Street  1 , 8.Nochimalai (R.V) And (P)Ward 1 Pillaiyar Koil  Street  2 , 9.Nochimalai (R.V) And (P)Ward 1 Pillaiyar Koil  Street  3 , 10.Nochimalai (R.V) And (P)Ward 1 Pillaiyar Koil   Main Street,",ALL VOTERS
35,63,35,Panchayat Building West Facing Building  Notchimalai Village and Post 606611,"1.Nochimalai (R.V) And (P)Ward 1 Kalyanamandabam Street, 2.Nochimalai (R.V) And (P)Ward 1 Sambuvarayar Nagar 5th Street, 3.Nochimalai (R.V) And (P)Ward 1 Sambuvarayar Nagar 4th Street, 4.Nochimalai (R.V) And (P)Ward 1 Sambuvarayar Nagar 3rd Street, 5.Nochimalai (R.V) And (P)Ward 1 Sambuvarayar Nagar 2nd Street, 6.Nochimalai (R.V) And (P)Ward 1 Sambuvarayar Nagar 1St  Street, 7.Nochimalai (R.V) And (P)Ward 1 Kosapalaiyam Street, 8.Nochimalai (R.V) And (P)Ward 1 Odaikarai Street,
999.OVERSEAS ELECTORS",ALL VOTERS
36,63,36,"Panchayat Union elementary School, North Facing South Building Vaniyathangal Village,               H/o  No tchimalai  Post   606611","1.Nochimalai (R.V) And (P)Ward 2 (Vaniyanthangal) Kamatchiyamman Koil  Street, 2.Nochimalai (R.V) And (P)Ward 2 (Vaniyanthangal)Padavettammal Koil  Street, 3.Nochimalai (R.V) And (P)Ward 2 (Vaniyanthangasl ) Pillaiyar Koil  Street, 4.Nochimalai (R.V) And (P)Ward 2 (Vaniyanthangal)  Main Street,
5.Nochimalai (R.V) And (P)Ward 2 (Vaniyanthangal) Mettu Street, 999.OVERSEAS ELECTORS",ALL VOTERS
37,63,37,"Panchayat Union Elementary School, East Facing West Building,  Then Arasampattu H.O So.
Kizhnatchipattu Village,Post   606611.","1.MathuraThenArasamppattu(R.V) So.Kizhnachippattu (P)Ward 2 Thindivanam Salai , 2.MathuraThenArasamppattu(R.V) So.Kizhnachippattu (P)Ward 2 Pillaiyar Koil  Street, 3.MathuraThenArasamppattu(R.V) So.Kizhnachippattu (P)Ward 2 Pillaiyar Koil  West   Street, 4.MathuraThenArasamppattu(R.V) So.Kizhnachippattu (P)Ward 2 Mariyamman Koil  Street, 5.MathuraThenArasamppattu(R.V) So.Kizhnachippattu (P)Ward 2 Mariyamman Koil  2nd Street,
6.MathuraThenArasamppattu(R.V) So.Kizhnachippattu (P)Ward 2 Mariyamman Koil  3rd Street,",ALL VOTERS
38,63,38,"Panchayat Union Elementary School,West Facing Building, Then Arasampattu H/o So.Kizhnatchipattu Village and Post 606611","1.MathuraThenArasamppattu(R.V) So.Kizhnachippattu (P)Ward 2 Wanilai Arachinelaiyam Main Road ,
2.MathuraThenArasamppattu(R.V) So.Kizhnachippattu (P)Ward 2 Vanilai Arachi Nilaiyam Street,            3.MathuraThenArasamppattu(R.V) So.Kizhnachippattu (P)Ward 2 Water Tank Street,                4.MathuraThenArasamppattu(R.V) So.Kizhnachippattu (P)Ward 2 Vinayagar Koil  Street,
999.OVERSEAS ELECTORS",ALL VOTERS
39,63,39,"Panchayat Union Middle School, North Facing, Middle Building So. Kizhnatchipattu, 606611.","1.MathuraThenArasamppattu(R.V) So.Kizhnachippattu (P)Ward 1 Anchineyar Koil  Street, 2.Mathurathenarasampattu(r.v) so.kizhnachippattu (p)Ward 1 thindivanam salai , 3.MathuraThenArasamppattu(R.V) So.Kizhnachippattu (P)Ward 1 Kosapalaiyam Pillaiyar Koil Street,
4.MathuraThenArasamppattu(R.V) So.Kizhnachippattu (P)Ward 1 Pillaiyar Koil  Cross Street, 5.MathuraThenArasamppattu(R.V) So.Kizhnachippattu (P)Ward 1 Cross Street  1 , 6.MathuraThenArasamppattu(R.V) So.Kizhnachippattu (P)Ward 1 Cross Street  1 , 7.MathuraThenArasamppattu(R.V) So.Kizhnachippattu (P)Ward 1 Kotaravu Kadai Street, 8.MathuraThenArasamppattu(R.V) So.Kizhnachippattu (P)Ward 1 Pillaiyar Koil   Main Street, 9.MathuraThenArasamppattu(R.V) So.Kizhnachippattu (P)Ward 1 Pillaiyar Koil  St ait Street, 10.MathuraThenArasamppattu(R.V) So.Kizhnachippattu (P)Wardd 1 Pillaiyar Koil  West Street,
11.MathuraThenArasamppattu(R.V) So.Kizhnachippattu (P)Ward 1 Pillaiyar Koil   East   Street, 12.MathuraThenArasamppattu(R.V) So.Kizhnachippattu (P)Ward 1 Kollakotta , 13.MathuraThenArasamppattu(R.V) So.Kizhnachippattu (P)Ward 1 Venugopalpuraam Street, 999.OVERSEAS ELECTORS",ALL VOTERS
40,63,40,"Danish mission Elementary Aided School, Main Building, South Facing  Malapambadi Village No tchimalai Village & Post   606611","1.Malappam Padi (R.V) and (P)Ward 1 Pillaiyar Koil  Street, 2.Malappampadi (R.V) And (P)Ward 1 South  Street,
3.Malappampadi (R.V) And (P)Ward 1 Jainar Koil  Street, 4.Malappampadi (R.V) And (P)Ward 1 Jain Street,
5.Malappampadi (R.V) And (P)Ward 1 Thanneerthotti Street, 6.Malappampadi (R.V) And (P)Ward 1 Colony Pillaiyar Koil  Street, 7.Malappampadi (R.V) And (P)Ward 1 Mugamariyamman Koil  Street, 8.Malappampadi (p)Ward 1 mariyamman Koil  Street, 9.Malappampadi (R.V) And (P)Ward 3 Puducolony Street  1 , 10.Malappampadi (R.V) And (P)Ward 3 Puducolony Street  2 , 11.Malappampadi (R.V) And (P)Ward 3 Newcolony Street  3 , 12.Malappampadi (R.V) And (P)Ward 3 D.M School,
13.Malappampadi (R.V) And (P)Ward 3 Alamara Street, 999.OVERSEAS ELECTORS",ALL VOTERS
41,63,41,"Panchayat Union Elementary School, Facing South Su.Palliyampattu  606611","1.Malappampadi (R.V) And (P)Ward 3 Kulathumettu Street, 2.Malappampadi (r.v) and (p)Ward 3 pillaiyar Koil  Street, 3.Malappampadi (R.V) And (P)Ward 3 Cross Street  1 , 4.Malappampadi (R.V) And (P)Ward 3 Cross Street  2 , 5.Malappampadi (R.V) And (P)Ward 3 Cross Street  3 , 6.Malappampadi (R.V) And (P)Ward 3 Morappu Street  1 , 7.Malappampadi (R.V) And (P)Ward 3 Morambu Street  2 , 999.OVERSEAS ELECTORS",ALL VOTERS
42,63,42,"Panchayat Union Middle School, ( West New Building
) East Facing Sanarapalayam H/o Malapambadi 606611","1.Sanarpalaiyam(R.V) Malappampadi (P)Ward 2 Pillaiyar Koil  Street, 2.Sanarpalaiyam(r.v) malappampadi (p)Ward 2 School Street, 3.Sanarpalaiyam (R.V) Malappampadi (P)Ward 2 Kuttai Street, 4.Sanarpalaiyam (R.V) Malappampadi (P)Ward 2 Sanarapalaiyam  Main Street, 5.Sanarpalaiyam (R.V) Malappampadi (P)Ward 2 Mariyamman Koil  Street, 6.Sanarpalaiyam (R.V) Malappampadi (P)Ward 2 Mettu Street  1 , 7.Sanarpalaiyam (R.V) Malappampadi (P)Ward 2 Mettu Street  2 , 8.Sanarpalaiyam (R.V) Malappampadi (P)Ward 2 Nellimedu  Main Street, 9.Sanarpalaiyam (R.V) Malappampadi (P)Ward 2 Nellimedu Cross Street  1, 10.Sanarpalaiyam (R.V) Malappampadi (P)Ward 2 Nill Medu Cross Street  2, 999.OVERSEAS ELECTORS",ALL VOTERS
43,63,43,"Kuppusamy Memorial High School, East Wing, South Facing New Building Chinna Kangeyanur  Village & Post   606611","1.Chinnakangiyanur(r.v) and (p)Ward 1 chinnakangiyanur  Main road , 2.Chinnakangiyanur(R.V) And (P)Ward 1 1St  Cross Street, 3.Chinnakangiyanur(R.V) And (P)Ward 1 2nd Cross Street, 4.Chinnakangiyanur(R.V) And (P)Ward 1 3rd Cross Street, 5.Chinnakangiyanur(R.V) And (P)Ward 1 4th Cross Street, 6.Chinnakangiyanur(R.V) And (P)Ward 1 5th Cross Street, 7.Chinnakangiyanur(R.V) And (P)Ward 1 6th Cross Street, 8.Chinnakangiyanur(R.V) And (P)Ward 1 Vadaothavadai Street, 9.Chinnakangiyanur(R.V) And (P)Ward 1 North  Street,
10.Chinnakangiyanur((r.v) and (p)Ward 1 mariyamman Koil  Street  pazhaiya colony , 11.Chinnakangiyanur(R.V) And (P)Ward 1 Mariyamman Koil  1St  Cross Street, 12.Chinnakangiyanur(R.V) And (P)Ward 1 Old Colony Othavadai Street, 13.Chinnakangiyanur(R.V) And (P)Ward 1 Dr Ambedkar  Main Road , 14.Chinnakangiyanur(R.V) And (P)Ward 1 Mariyamman Koil  2nd Street, 15.Chinnakangiyanur(R.V) And (P)Ward 1 Mariyamman Koil  3rd Street, 16.Chinnakangiyanur(R.V) And (P)Ward 1 Mariyamman Koil  St  4rth Street, 17.Chinnakangiyanur(R.V) And (P)Ward 1 New Colony Vinayagar Street, 18.Chinnakangiyanur(R.V) And (P)Ward 1 Dr Ambedkar Cross 1 Street, 999.OVERSEAS ELECTORS",ALL VOTERS
44,63,44,"Kuppusamy Memorial Aided Elementary School, East Building, East Facing Chinnakangeyanur Village & Pallikondapattu Post   606611","1.Chinnakangiyanur(r.v) and (p)Ward 2 pallikondapattu  Main road , 2.Chinnakangiyanur(R.V) And (P)Ward 2 Kulathumettu Vinayagar Street  School, 3.Chinnakangiyanur(R.V) And (P)Ward 2 Murugan Koil  Street  Pallikondapattu , 4.Chinnakangiyanur(R.V) And (P)Ward 2 Anjaneyar Koil  Street  Pallikondapattu , 5.Chinnakangiyanur(r.v) and (p)Ward 2 manthirakuttai Street  pallikondapattu , 6.Chinnakangiyanur(R.V) And (P)Ward 2 Indiranagar 1St  Pallikondapattu , 7.Chinnakangiyanur(R.V) And (P)Ward 2 Indiranagar Kollaikottai Palliko.pattu , 8.Chinnakangiyanur(R.V) And (P)Ward 2 Indiranagar 2nd Street  Pallikondapattu , 9.Chinnakangiyanur(R.V) And (P)Ward 2 Indiranagar 3rd Street  Pallikondapattu , 10.Chinnakangiyanur(R.V) And (P)Ward 2 J J Nagar 1 Street  Pallikondapattu , 11.Chinnakangiyanur(R.V) And (P)Ward 2 J J Nagar 2nd Street  Pallikondapattu , 12.Chinnakangiyanur(R.V) And (P)Ward 2 J J Nagar 3rd Street  Pallikondapattu , 13.Chinakanyanur(R.V) And (P)Ward 2 J.J. Nagar 4 th Street  Pallikondapattu , 14.Chinnakangiyanur(R.V) And (P)Ward 2 J J Nagar 6th Street  Pallikondapattu , 15.Chinnakangiyanur(R.V) And (P)Ward 2 J J Nagar 7th Street  Pallikondapattu , 999.OVERSEAS ELECTORS",ALL VOTERS
45,63,45,"Panchayat Union Elementary School, Center Room South Facing Sammanthanur Chinna  Kangeyanur 606611","1.Chinnakangiyanur (P) Sammanthanur (R.V)Ward 3 Mettu Street, 2.Chinnakangiyanur (P) Sammanthanur (R.V)Ward 3 Nadutheru Therku , 3.Chinnakangiyanur (P) Sammanthanur(R.V)Ward 3 PallaSt  West   , 4.Chinnakangiyanur (p) sammanthanur (r.v)Ward 3 Middle Street, 5.Chinnakangiyanur (P) Sammanthanur (R.V)Ward 3 School St   East , 6.Chinnakangiyanur (P) Sammanthanur (R.V)Ward 3 Tank Street, 7.Chinnakangiyanur (P) Sammanthanur (R.V)Ward 3 School Street, 8.Chinnakangiyanur (P) Sammanthanur (R.V)Ward 3 Tvmalai to Aranji Salai , 9.Chinnakangiyanur (P) Sammanthanur (R.V)Ward 3 Pillaiyar Koil  Street  West   , 10.Chinnakangiyanur (P) Sammanthanur (R.V)Ward 3 PallaSt  South  , 11.Chinnakangiyanur (P) Sammanthanur (R.V)Ward 3 Othavadai Street, 12.Chinnakangiyanur (P) Sammanthanur (R.V)Ward 3 Kumarakudi Puthur X Road , 13.Chinnakangiyanur (P) Sammanthanur (R.V)Ward 3 Saravanan Kottai  East , 14.Chinnakangiyanur (P) Sammanthanur (R.V)Ward 3 Saravanan Kottai , 15.Chinnakangiyanur (P) Sammanthanur (R.V)Ward 3 Thindivanam Road , 16.Chinnakangiyanur (P) Sammanthanur (R.V)Ward 3 Vinayagapuram North  ,
17.Chinnakangiyanur (P) Sammanthanur (R.V)Ward 3 Vinayagapuram South  1St  Street, 18.Chinnakangiyanur (P) Sammanthanur (R.V)Ward 3 Vinayagapuram South  Street  2 , 19.Chinnakangiyanur (P) Sammanthanur (R.V)Ward 3 Vedanthavadiyar Kollaikotta Street, 20.Chinnakangiyanur (P) Sammanthanur (R.V)Ward 3 Thirumoorthi Kollakottai ,
999.OVERSEAS ELECTORS",ALL VOTERS
46,63,46,"Panchayat Union Middle School, South Building, North Facing, Nallan pillai petral 606611","1.Nallanpillaipetral (R.V) And (P)Ward 1 Pillaiyar Koil  Street, 2.Nallanpillaipetral (R.V) And (P)Ward 1 Nimandhakara Street, 3.Nallanpillaipetral (R.V) And (P)Ward 1 Nadu Street, 4.Nallanpillaipetral (R.V) And (P)Ward 1 Nadu St  Cross Street, 5.Nallanpillaipetral (R.V) And (P)Ward 1 Amman Koil  Street, 6.Nallanpillaipetral (R.V) And (P)Ward 1 Paipas Road , 7.Nallanpillaipetral (R.V) And (P)Ward 1 Old Colony Pillaiyar Koil  Street,  8.Nallanpillaipetral (R.V) And (P)Ward 1 Old Colony Cross Street,
9.Nallanpillaipetral (R.V) And (P)Ward 1 New Colony Ambethkar Nagar, 10.Nallanpillaipetral (R.V) And (P)Ward 1 New Colony 1St  Cross Street, 11.Nallanpillaipetral (R.V) And (P)Ward 1 New Colony 2nd Cross Street, 12.Nallanpillaipetral (R.V) And (P)Ward 1 New Colony Mariyamman Koil  Street, 13.Nallanpillaipetral (R.V) And (P)Ward 1 New Colony 3rd Street, 14.Nallanpillaipetral (R.V) And (P)Ward 1 Kulathumettu Street, 15.Nallanpillaipetral (R.V) And (P)Ward 1 Villuppuram Road , 16.Nallanpillaipetral (R.V) And (P)Ward 1 Nallanpillai Petral Road ,",ALL VOTERS
47,63,47,"Panchayat Union Elementary  School, North Facing Building , Room No 1,  Devanandal (H) Nallanpillaipetral Village, Pallikondapattu  Post 606611","1.Nallanpillaipetral (R.V) And (P)Ward 2 Mariyamman Koil  Street, 2.Nallanpillaipetral (R.V) And (P)Ward 2 School Street, 3.Nallanpillaipetral (r.v) and (p)Ward 2 pillaiyar Koil  Street, 4.Nallanpillaipetral (R.V) And (P)Ward 2 Pillaiyar Koil  2nd Street, 5.Nallanpillaipetral (R.V) And (P)Ward 2 Arundhathiyar 1St  Cross Street, 6.Nallanpillaipetral (R.V) And (P)Ward 2 Arunthathiyar 2nd Cross Street, 7.Nallanpillaipetral (R.V) And (P)Ward 2 Arunthathiyar Street, 8.Nallanpillaipetral (R.V) And (P)Ward 2 Five House Street, 999.OVERSEAS ELECTORS",ALL VOTERS
48,63,48,"Panchayat Union Primary School, West Building, North Facing, Endal  Pallikondapattu Post   606611","1.Eandal (R.V) and (P)Ward 1 Parasakthi Nagar 2 Street,
2.Endal (R.V) and (P)Ward 1 Parasakthi Nagar 3 Street,
3.Endal (R.V) and (P)Ward 1 Ve Ke S Nagar,
4.Endal (R.V) and (P)Ward 1 Veetavalam Road  East ,
5.Endal (R.V) and (P)Ward 1Pallikuda Street   Main Road ,
6.Endal (R.V) and (P)Ward 1 Pallikuda Cross Street,
7.Endal (R.V) and (P)Ward 1 Mariyamman Koil  Street,
8.Endal (R.V) and (P)Ward 1 Erikarai Street,
9.Endal (R.V) and (P)Ward 1 Pillaiyar Koil  Street,
10.Endal (R.V) and (P)Ward 1 Pillaiyar Koil  Cross Street  1 ,
11.Endal (R.V) and (P)Ward 1 Pillaiyar Koil  Cross Street  2 ,
12.Endal (R.V) and (P)Ward 1 Pillaiyar Koil  Cross Street  3 ,
13.Endal (R.V) and (P)Ward 1 Medu Street  Cross Street  1 ,
14.Endal (R.V) and (P)Ward 1 Medu Street  Cross Street  2 ,
15.Endal (R.V) and (P)Ward 1 Medu Street,
16.Endal (R.V) and (P)Ward 1 Medu Street  Santhu ,
17.Endal (R.V) and (P)Ward 1 M G R Nagar 1St  Street,
18.Endal (R.V) and (P)Ward 1 M G R Nagar 2nd Street,
19.Endal (R.V) and (P)Ward 1 M G R Nagar 3rd Street,
20.Endal (R.V) and (P)Ward 1 M G R Nagar Cross Street, ,
21.Endal (R.V) and (P)Ward 2 Gengaiamman Nagar, 999.OVERSEAS ELECTORS",ALL VOTERS
49,63,49,"Panchayat Union Primary School, East Building, North Facing Endal  pallikondapattu Post   606611","1.Endal (R.V) and (P)Ward 2 Arputhamatha Nagar 1St  Street,
2.Endal (R.V) and (P)Ward 2 Arputhamatha Nagar 2nd Street,
3.Endal (R.V) and (P)Ward 2 Pallikondapattu Road ,
4.Endal (R.V) and (P)Ward 2 Arputhamatha Nagar  Main Street,
5.Endal (R.V) and (P)Ward 2 Arputhamatha Nagar 3rd Street,
6.Endal (R.V) and (P)Ward 2 Arputhamatha Nagar Cross Street  1 ,
7.Endal (R.V) and (P)Ward 2 Arputhamatha Nagar Cross Street  2 ,
8.Endal (R.V) and (P)Ward 2 Arputhamatha Nagar 4th Street,
9.Endal (R.V) and (P)Ward 2 Arputhamatha Nagar 5th Street,
10.Endal (R.V) and (P)Ward 2 Mangala Medu Thoppu  Main Road ,
11.Endal (R.V) and (P)Ward 2 Mangala Medu Thoppu Cross Street  2 , 12.Endal (R.V) and (P)Ward 2 Mangala Medu Thoppu Cross Street  3 , 13.Endal (R.V) and (P)Ward 2 Venugoplapuram New Street,
14.Endal (R.V) and (P)Ward 2 Venugoplapuram  Main Road ,
15.Endal (R.V) and (P)Ward 2 Venugoplapuram Kolla Kotta , 16.Eandhal(r.v)&(p)Ward 2 vettavalam road West   ,          17.Endal (R.V) and (P)Ward 2 Munusamy Reddiyar Nagar 999.OVERSEAS ELECTORS",ALL VOTERS
50,63,50,"Mount St Joseph Nursery School, South ern Building, East Room, LKG `A` Section North Facing AvaloorPettai  Road  Tiruvannamalai 606601","1.Tiruvannamalai (M)Ward 4th Street  1 ,              2.Tiruvannamalai  (M)Ward 4 Pudhu Street  3, 3.Thiruvannamal(M)Ward 4 10th Pudghuvaniyankula St,999.OVERSEAS ELECTORS",ALL VOTERS
51,63,51,Mount St Joseph Nursery school Building West Room North Facing LKG C Section  AvaloorPettai  Road Tiruvannamalai 606601,"1.Tiruvannamalai  (m)Ward 4 pudhu Street  4 , 999.OVERSEAS ELECTORS",ALL VOTERS
52,63,52,"Mount St., Joseph Nursery School, Northern Building, UKG B section, South Facing Avalurpet Raod, Tiruvannamalai 606601","1.Tiruvannamalai (M)Ward 4 2Vathu Puthu Street, 2.Tiruvannamalai  (M)Ward4 5th Pudhu Street, 3.Thiruvannamal(m)Ward 4 6th pudhu St, 4.Thiruvannamal(M)Ward 4 7th pudhu St, 5.Thiruvannamal(M)Ward 4 8th pudhu St, 999.OVERSEAS ELECTORS",ALL VOTERS
53,63,53,"Mount St., Joseph Nursery School, North Building, East Room UKG D section, South Facing Avalurpet Raod, Tiruvannamalai 606601","1.Thiruvannamal(M)Ward 4 8th vanigar St,             2.Thiruvannamal(m)Ward 8 thirumlai patttu
,              3.Thiruvannamal(M)Ward 4 9yj vross St, 999.OVERSEAS ELECTORS",ALL VOTERS
54,63,54,"SRGDS Primary School (kanagambal) North Facing Building, East Side Room No : 24 Esaniya St Tiruvannamalai 606601","1.Tiruvannamalai (M)Ward 1 Pollur Road 7 Street, 2.Tiruvannamalai (m)Ward 1 polur road 7th cross Street, 999.OVERSEAS ELECTORS",ALL VOTERS
55,63,55,"SRGDS Kanagambal Nursery & Primary School, North Facing Building,West Side Room Esaniya St Tiruvannamalai 606601","1.Tiruvannamalai (M)Ward 1 Pollur Road 7th Cross Street, 2.Thurvannamalai (M)Ward 1 Pollur Road 7th Cross Street, 3.Tiruvannamalai (M)Ward 1 Pollur Road 8 th Street, 4.Tiruvannamalai (m)Ward 1 pollur road 9 th Street,
999.OVERSEAS ELECTORS",ALL VOTERS
56,63,56,"SRGDS Primary School (kanagambal), South Facing Room & West Side Building Esaniya St Tiruvannamalai 606601","1.Thiruvannamal (M)Ward 1 Dr Ambedkar Street  1 ,                   2.Thiruvannamal (M)Ward 1 Dr Ambedkar Street  2 ,           3.Thiruvannamal (M)Ward 1 Dr Ambedkar Street  3 ,999.OVERSEAS ELECTORS",ALL VOTERS
57,63,57,"SRGDS Nursery & Primary School, (kanagambal) North Building, South Facing, East Room No :38 Esaniya St  Tiruvannamalai 606601","1.Thiruvannamal (m)Ward 1 polur road 5 th Street, 2.Tiruvannamalai (m)Ward 1 pollur road 6 th Street, 999.OVERSEAS ELECTORS",ALL VOTERS
58,63,58,"SRGDS Nursery & Primary School, (kanagambal) North Building, Centre Room No .39, South Facing Esaniya St  Tiruvnana malai 606601","1.Thiruvannamal (m)Ward 1 Avalurpettai  Street  Tamilmin  Nagar, 2.Thiruvannamal (m)Ward 1 dr ambedkar Street  4999.OVERSEAS ELECTORS",ALL VOTERS
59,63,59,SRGDS Nursery and Primary School kanagambal North Building South facing West Room No-41 Esaniya St  Tiruvannamalai 606601,"1.Thiruvannamal (M)Ward 1 AvalurPettai  Road Viveganandhar Street, 2.Thiruvannamal (M)Ward 1 Avalurpettai  Road Aandal Nagar,  3.Thiruvannamal(M)Ward 1 Avalurpettai  Road Aandal Street, 4.Tiruvannamalai (M)Ward 1 AvalurPettai  Road Aandal Nagar 2nd Santhu, 5.Tiruvannamalai (M)Ward 1 AvalurPettai  Road ,
999.OVERSEAS ELECTORS",ALL VOTERS
60,63,60,"Thiyagiannamalai Govt. Hr. Sec.School, Eastern Side Building, North Side First Room. No .10, West Facing Vaniyakula St, Tiruvnanamalai, 606601.","1.Thiruvannamal (M)Ward 5 Vaniyangula Street, 2.Thiruvannamal (M)Ward 5 Veniyangula Street,
3.Tiruvannamalai (M)Ward 5 Vadaveethi Suburamanyer Koil  Street, 999.OVERSEAS ELECTORS",ALL VOTERS
61,63,61,"Municipal Chetty Street Elementary Scool, RoomNo-1,North Wing, East facing building (Thiyagi Annamalai Pillai Govt.Hr Sec School Campus) Vaniyakula St, Tiruvnanamalai, 606601.","1.Tiruvannamalai (m)Ward 5 Pudhu Vaniyangula Second Street, 999.OVERSEAS ELECTORS",ALL VOTERS
62,63,62,"Thiyagiannamalai Govt. Hr. Sec School, Room No 9, East Facing, East Side Building Vaniyangula St Tiruvannamalai 606601","1.Thiruvannamal (M)Ward 5 Vaniyangula Street  3 , 2.Thiruvannamal (m)Ward 5 vaniyangula Street  4 , 3.Thiruvannamal (M)Ward 5 Vaniyangula Street  5 , 4.Thiruvannamal (M)Ward 5 Vaniyangula Street  6 , 5.Thiruvannamal (M)Ward 5 Vaniyangula Street  7 , 999.OVERSEAS ELECTORS",ALL VOTERS
63,63,63,"Town Hall Municipal Middle School, North ern Side Main Building, West Facing, East Side Room Chinnakadai St  Tiruvannamalai 606601","1.Thiruvannamal (m)Ward 2 mathalangula Street,
2.Thiruvannamal (M)Ward 2 Mathalangula Street  1St  Cross Street, 3.Thiruvannamal (M)Ward 2 Mathalangulam 2nd Cross Street, 4.Thiruvannamal (M)Ward 2 Vanakkara Street, 5.Thiruvannamal (M)Ward 2 Vanakkara 1St  Street,
999.OVERSEAS ELECTORS",ALL VOTERS
64,63,64,"Town Hall Municipal Middle School, 2008-09 Scheme New Building, North Facing/South Side building, 1st STD Class Room  Chinnakadai Street ,  Tiruvannamalai 606601","1.Thiruvannamal (M)Ward 2 Valaiayalkara Street, 2.Tiruvannamalai (m)Ward 2 thugaiyamman Koil  Street, 999.OVERSEAS ELECTORS",ALL VOTERS
65,63,65,"ICDS TownHall Centre , Municipal Building , East Facing/West Side Building, Centre No-29 Chinnakadai Street , Tiruvannamalai 606601","1.Thiruvannamal (m)Ward 2 muthuvinayakar Koil  Street  1 , 2.Tiruvannamalai  (m)Ward 2 muthu vinayagar sundhu Street  1 , 3.Thiruvannamal (m)Ward 2 muthuvinayagar Koil  santhu , 4.Tiruvannamalai (M)Ward 2 Police Line ,
999.OVERSEAS ELECTORS",ALL VOTERS
66,63,66,"Town Hall Municipal Middle School,North Facing, South Side Building, East Wing 3rd STD Class Room Chinnakadai Street ,  Tiruvannamalai 606601","1.Thiruvannamal (M)Ward 3 9th New Street  1 , 2.Thiruvannamal (M)Ward 3 9th New Street  2 , 3.Thiruvannamal (M)Ward 3 9th New Street  3 , 4.Thiruvannamal (M)Ward 3 9th New Street, 5.Thiruvannamal (M)Ward 3 New Street  10 , 6.Thiruvannamal (M)Ward 3 New Street  11 , 7.Tiruvannamalai (M)Ward 3 Pollur Road 1 , 999.OVERSEAS ELECTORS",ALL VOTERS
67,63,67,"Town Hall Municipal Middle School, South Facing Chinnakadai Street ,  Tiruvannamalai 606601","1.Thiruvannamal (M)Ward 3 Pollur Road 2nd Street, 2.Thiruvannamal (M)Ward 3 Pollur Road 3rd Street, 3.Thiruvannamal (M)Ward 3 Pollur Road 4th Street, 999.OVERSEAS ELECTORS",ALL VOTERS
68,63,68,"Town Hall Municipal Middle School, South Side Building, Centre Room,North Facing Chinnakadai Street ,                 Tiruvannamalai             606601","1.Thiruvannamal (M)Ward 3 Muthuvinayagar Koil  ,
2.Thiruvannamal (M)Ward 3 Muthu Vinayagar Koil  Street, 3.Tiruvannamalai (M)Ward 2 MuthVenayager Koil  Koruku Sandu 2 , 999.OVERSEAS ELECTORS",ALL VOTERS
69,63,69,"Municipal Elementary School, East Facing West Side Building Pey Gopuram Street , Tiruvannamalai
606601","1.Thiruvannamal (m)Ward 6 peygopuram Street  1 Street, 999.OVERSEAS ELECTORS",ALL VOTERS
70,63,70,"Municipal Elementary School, West Facing East Side Building Pey Gopuram Street , Tiruvannamalai,
606601","1.Tiruvannamalai (M)Ward 6 PeyGopuram Street  1St  Street, 999.OVERSEAS ELECTORS",ALL VOTERS
71,63,71,"Municipal Elementary School, East Building, West Facing , Pey Gopuram Street , Tiruvannamalai","1.Thiruvannamal (M)Ward 7 Peygopuram 7nth Street,
2.Thiruvannamal (M)Ward 6 Peygopuram Street  9nth Street, 999.OVERSEAS ELECTORS",ALL VOTERS
72,63,72,"Municipal Elementary School, West Part, Building, Peygopuram Street  Tiruvannamalai-606601","1.Thiruvannamal (M)Ward 6 Peygopuram 10nth Street,
2.Tiruvannamalai (m)Ward 6 peekopuram Street  11 th Street, 999.OVERSEAS ELECTORS",ALL VOTERS
73,63,73,"ICDS Building, Peygopura Centre No . 05, North Side Building, South Facing, West Wing Room Pey Gopuram Street , Tiruvannamalai","1.Thiruvannamal (M)Ward 7 Peygopuram 6th Street  1 , 2.Thiruvannamal (M)Ward 7 Peygopuram 6th Street  2 , 999.OVERSEAS ELECTORS",ALL VOTERS
74,63,74,"Municipal Girls Hr Sec School,West facing ,East building,Room No.3 South Wing Car St,
Tiruvannamalai  606601","1.Tiruvannamalai (M)Ward 6 Jenkaraparai Street, 999.OVERSEAS ELECTORS",ALL VOTERS
75,63,75,"Amaravathi Murugaiyan Girls High School, South Side Building, North Facing,East Wing Room Rajarajan Street ,Tiruvannamalai-606601","1.Tiruvannamalai (M)Ward 7 Peygopuram 4th Street  1 ,
2.Tiruvannamalai (M)Ward 7 Peygopuram 4t5h Street  2 , 3.Tiruvannamalai (M)Ward 7 Peygopuram 5th Street,                   999.OVERSEAS ELECTORS",ALL VOTERS
76,63,76,"Amaravathi Murugaiyan Girls High School East Facing, North Side Building, south part,Room No 1  Rajarajan Street ,Tiruvannamalai-606601","1.Tiruvannamalai (M)Ward 6 Peygopuram Street  1 , 2.Tiruvannamalai (M)Ward 7 Peygopuram Street  3 , 3.Tiruvannamalai (M)Ward 7 Peygopuram Street  8 , 999.OVERSEAS ELECTORS",ALL VOTERS
77,63,77,"Amaravathi Murugaiyan Girls High School,West Building, North Side Room, East Facing Rajarajan Street ,Tiruvannamalai-606601","1.Tiruvannamalai (M)Ward 7 Peygopuram Street  3 Cross Street  1 , 2.Tiruvannamalai (M)Ward 7 Peygopuram Street  3 Cross Street, 3.Tiruvannamalai (M)Ward 7 Peygopuram Street  3 Cross
Street  3 , 4.Tiruvannamalai (m)Ward 7 Peygopuram Street  3 cross Street  4 , 5.Tiruvannamalai (M)Ward 7 Peygopura 2nd Street, 999.OVERSEAS ELECTORS",ALL VOTERS
78,63,78,"Sri Ramakrishna Vidhyalaya Nursery & Primary School North Wing . East Facing, Room No .3 Durgaiyamman Koil  St  Tiruvannamalai .606601","1.Tiruvannamalai (M)Ward 12 Kosamada  Main Road , 2.Tiruvannamalai (m)Ward 12 kosamada cross St 1 ,
3.Tiruvannamalai (M)Ward 12 Kosamada Cross Street  2 , 4.Tiruvannamalai (m)Ward 12 chennappar Street,
999.OVERSEAS ELECTORS",ALL VOTERS
79,63,79,"Sri Ramakrishna Vidhyalaya Nursery & Primary School, Room No .5, East Facing  Durgai Amman Koil Street ,  Tiruvannamalai  606601","1.Tiruvannamalai (M)Ward 11 Pavazhakundru Street, 2.Tiruvannamalai (m)Ward 11 chinnakadai Street, 3.Tiruvannamalai (M)Ward 11 North  Street  1 ,
4.Tiruvannamalai (M)Ward 11 North  Street  2 North  Street  2 , 999.OVERSEAS ELECTORS",ALL VOTERS
80,63,80,"Sri Ramakrishna Vidhyalaya Nursury and Praimary School South Wing Building, West Part East Facing Durgai Amman Koil   Street ,  Tiruvannamalai  606601","1.Tiruvannamalai (M)Ward 11 North  Street  3 , 2.Tiruvannamalai (m)Ward 11 North  Street  4 , 3.Tiruvannamalai (M)Ward 11 North  Street  5 ,
4.Tiruvannamalai (M)Ward 6 Pavazhakunru Othavadai Street, 999.OVERSEAS ELECTORS",ALL VOTERS
81,63,81,"Danish mission carmel Elementary school, South Facing, North Side Building West Wing, Room No 1 Mathalangula St  Tiruvannamalai","1.Tiruvannamalai (M)Ward 12 Krishnan  Main Street, 2.Tiruvannamalai (M)Ward 12 Krishnan Cross Street  1 , 3.Tiruvannamalai (M)Ward 12 Krishnan Cross Street  2 , 4.Tiruvannamalai (M)Ward 12 Krishnan Cross Street  3 , 5.Tiruvannamalai (M)Ward 12 Krishnan Cross Street  4 , 6.Tiruvannamalai (M)Ward 12 Varthagar Street, 999.OVERSEAS ELECTORS",ALL VOTERS
82,63,82,"Danish Mission Hr Sec School, Gift Hall Building, North Facing, South Side Building, 10th Class Room Kattabomman St  Tiruvannamalai 606601.","1.Tiruvannamalai(m)Ward 14 sivarathirimada Street, 2.Tiruvannamalai (m)Ward 14 sunnambukara Street, 999.OVERSEAS ELECTORS",ALL VOTERS
83,63,83,"Danish Mission Hr Sec School, New Block Building, North Facing, , South Side Building,East Wing, Kattabomman St  Tiruvannamalai , 606601.","1.Tiruvannamalai (m)Ward 14 kattabomman St, 999.OVERSEAS ELECTORS",ALL VOTERS
84,63,84,"Danish Mission Elementry School, West Wing, South Facing,North Building, , Thiyagi Annamalai Nagar, Thiyagi Annamalai Nagar,  Tiruvannamalai .606601","1.Tiruvannamalai (M)Ward 16 Thiyagi Annamalai Nagar Cross Street, 2.Tiruvannamalai (m)Ward 16 thiyagi annamalai nagar cross Street, 3.Tiruvannamalai (M)Ward 16 Thiyagi Annamalai Nagar Cross 19 , 4.Tiruvannamalai (M)Ward 16 Thiyagi Annamalai Nagar Cross Street  20 , 5.Tiruvannamalai (M)Ward 16 Thiyagi Annamalai Nagar Cross Street  21 , 6.Tiruvannamalai (M)Ward 16 Railway Colony 1 ,
7.Tiruvannamalai (M)Ward 16 Railway Colony 2 , 999.OVERSEAS ELECTORS",ALL VOTERS
85,63,85,"Danish mission Elementary School, (5th class Room No .4) South Facing,North Side Building Thiyagi Annamalai Nagar, Tiruvannamalai","1.Tiruvannamalai (M)Ward 16 Thiyagiannamalai Nagar  Main Road , 2.Tiruvannamalai (M)Ward 16 Thiyagi Annamalainagar Cross Lean 2 , 3.Tiruvannamalai (M)Ward 16 Thiyagi Annamalai Nagar Cross Street 3 , 4.Tiruvannamalai (M)Ward 16 Thiyagi Annamalai Nagar Cross Street, 5.Tiruvannamalai (M)Ward 16 Thiyagi Annamalai Nagar Cross Street  13 , 6.Tiruvannamalai (M)Ward 16 Thiyagi Annamalai Nagar Cross Street  14 , 7.Tiruvannamalai (M)Ward 16 Thiyagi Annamalai Nagar Cross Street  15 , 999.OVERSEAS ELECTORS",ALL VOTERS
86,63,86,"Divisional Excise Oﬃce , R.D.O s Oﬃce Campus,North facing,East Side Hall Anna salai Tiruvannamalai","1.Tiruvannamalai (M)Ward 16 Thiyagi Annamalai Nagar Cross Street, 2.Tiruvannamalai (M)Ward 16 Thiyagi Annamalai Nagar Cross Street  4 , 3.Tiruvannamalai (M)Ward 16 Thiyagi Annamalai Nagar Cross 5 , 4.Tiruvannamalai (M)Ward 16 Thiyagi Annamalai Nagar Cross Street  6 , 5.Tiruvannamalai (M)Ward 16 Thiyagi Annamalai Nagar Cross Street  7 , 6.Tiruvannamalai (M)Ward 16 Thiyagi Annamalai Nagar Cross Street  8 , 7.Tiruvannamalai (M)Ward 16 thiyagi Annamalai Nagar Cross Street  9 , 8.Tiruvannamalai (M)Ward 16 Thiyagi Annamalai Nagar Cross Street  10 , 9.Tiruvannamalai (M)Ward 16 Thiyagi Annamalai Nagar Cross Street, 999.OVERSEAS ELECTORS",ALL VOTERS
87,63,87,"Municipal Elementary school Main Building, North Facing/ East Partition Hall South Side Building Annasalai Tiruvannamalai  606601","1.Tiruvannamalai (M)Ward 17 Pallavan Nagar 1 , 2.Tiruvannamalai (m)Ward 17 pallavan nagar 2 , 3.Tiruvannamalai (M)Ward 17 Pallavan Nagar 3 , 999.OVERSEAS ELECTORS",ALL VOTERS
88,63,88,"Goodwill Nursery & Primary School, North Building, West Room, South Facing Lakshmipuram, Gandhi Nagar1St  Cross,Tiruvannamalai 606601.","1.Tiruvannamalai (M)Ward 17 Lakshmipuram 1 , 2.Tiruvannamalai (M)Ward 17 Lakshmipuram2 , 3.Tiruvannamalai (m)Ward 17 lakshmipuram 3 , 4.Tiruvannamalai (M)Ward 17 Lakshmipuram  Main ,
5.Tiruvannamalai (M)Ward 17 Ganthi Nagar  Main Road , 6.Tiruvannamalai (m)Ward 17 kamaraj Nagar,
999.OVERSEAS ELECTORS",ALL VOTERS
89,63,89,"Municipal Elementary School, West Side Building, East Facing, North Wing Annasalai Tiruvannamalai , 606601","1.Tiruvannamalai (m)Ward 17 anna salai 1 ,
2.Tiruvannamalai (M)Ward 17 Annasalai 2 Ramavitobar Sagaya Nagar,  999.OVERSEAS ELECTORS",ALL VOTERS
90,63,90,"Municipal Elementary School, South Side Building, East Facing Annasalai Tiruvannamalai ,  606601","1.Tiruvannamalai (M)Ward 17 Navakkarai 1 ,
2.Tiruvannamalai (m)Ward 17 navakarai 2 , 999.OVERSEAS ELECTORS",ALL VOTERS
91,63,91,"Municipal Elementary School, South Side Building, East Facing Annasalai Tiruvannamalai  606601","1.Tiruvannamalai (M)Ward 17 Ganthi Nagar 1 , 2.Tiruvannamalai (m)Ward 17 ganthi nagar 2 , 3.Tiruvannamalai (m)Ward 17ganthi nagar 3 , 4.Tiruvannamalai (M)Ward 17 Ganthi Nagar 4 , 5.Tiruvannamalai (M)Ward 17 Ganthi Nagar 5 , 6.Tiruvannamalai (M)Ward 17 Anna Salai 2 , 7.Tiruvannamalai (M)Ward 17 Anna Salai 3 , 8.Tiruvannamalai (M)Ward 17 Anna Salai 4 , 9.Tiruvannamalai (M)Ward 17 Police Quaters , 999.OVERSEAS ELECTORS",ALL VOTERS
92,63,92,"Municipal girls Hr Sec School, Gold Palace Sagunthammal memorial Hall ,South Facing building
Car Street ,  Tiruvannamalai 606601","1.Tiruvannamalai (m)Ward 10 periya Street, 999.OVERSEAS ELECTORS",ALL VOTERS
93,63,93,"Municipal girls hr sec school, Near Flag Ground (Opp) Building, West Facing/East Side Buliding ,North Wing Room No-2  Car Street , Tiruvannamalai  606601","1.Tiruvannamalai (m)Ward 10 erattaipillaiyar Koil  Street, 2.Tiruvannamalai (M)Ward 10 Ammaniamman Gopura Street, 3.Tiruvannamalai (M)Ward 10 Avarangkattu Street, 999.OVERSEAS ELECTORS",ALL VOTERS
94,63,94,"Municipal Girls Hr. Sec. School, North Facing, East Room, Radio Ground, Car Street ,  Tiruvannamalai 606601","1.Tiruvannamalai (m)Ward 11 sadaiyappar Street,   2.Tiruvannamalai (m)Ward 11 thiruneelagandar Street,                 999.OVERSEAS ELECTORS",ALL VOTERS
95,63,95,"Municipal Girls Hr. Sec. School, East Facing, South Room, Radio Ground,  Car Street ,  Tiruvannamalai 606601","1.Tiruvannamalai (M)Ward 13 Annasalai  Main ,   2.Tiruvannamalai (M)Ward 13 Annasalai Cross Street,            3.Tiruvannamalai (M)Ward 13 Vadamathathi Street  Cross Street, 4.Tiruvannamalai (m)Ward 13 vadamathathi cross Street  1 , 5.Tiruvannamalai (M)Ward 13 Vadamathathi Street   Main , 6.Tiruvannamalai (M)Ward 13 Vadamathathi Cross Street  2 , 7.Tiruvannamalai (M)Ward 10 Vadaothavadai Street, 999.OVERSEAS ELECTORS",ALL VOTERS
96,63,96,"Municipal Girls Hr. Sec. School, East Facing, North Room, Radio Ground,  Car Street ,  Tiruvannamalai 606601","1.Tiruvannamalai (M)Ward 13 Gopal Pillaiyar Koil  Street, 2.Tiruvannamalai (M)Ward 13 Kanagarayar Street,
3.Tiruvannamalai (m)Ward 14 vazhathotta Street, 4.Tiruvannamalai (M)Ward 13 Thelungu Varthagar Street, 999.OVERSEAS ELECTORS",ALL VOTERS
97,63,97,"Municipal ICDS Centre, North Facing, South Side Building East Wing Partition Hall, Iyyangula Cross Street  Tiruvannamalai  .606601","1.Tiruvannamalai(M)Ward 21 Car Street,
2.Tiruvannamalai(m)Ward 21 carSt  cross Street, 3.Tiruvannamalai(m)Ward 21 sannathi Street,
4.Tiruvannamalai(M)Ward 21 Vadasannathi Street, 5.Tiruvannamalai(M)Ward 21 Thensannathi Street,
999.OVERSEAS ELECTORS",ALL VOTERS
98,63,98,"Old Municipal Oﬃce , Back Side Building, PHS, East Facing,2nd Room  Sannathi Street , Tiruvannamalai
.606601","1.Tiruvannamalai(M)Ward 22 Aiyangulam Street  1 , 2.Tiruvannamalai(M)Ward 22 Aiyankulam Street  2 , 3.Tiruvannamalai(M)Ward 22 Aiyangulam Street  3 , 999.OVERSEAS ELECTORS",ALL VOTERS
99,63,99,"Victoria Hindu Middle School, South Side Building, Room No 1, North Facing  Car Street , Tiruvannamalai . 606601","1.Tiruvannamalai(M)Ward 22 Car Street  1 ,                 2.Tiruvannamalai(m)Ward 22 car Street 2 ,                 3.Tiruvannamalai(m)Ward 22 kadamparayan Street,   4.Tiruvannamalai(M)Ward 9
AnaikattiSt 1 ,                   5.Tiruvannamalai(m)Ward 9 ananikatti Street  2      999.OVERSEAS ELECTORS",ALL VOTERS
100,63,100,"Danish Mission Town Elementary School East facing/ West Sied Building,North Wing Room-2  Old Karkanna Street ,  Tiruvannamalai, 606601","1.Tiruvannamalai(m)Waed 15 pudukarkana Street   Main road , 2.Tiruvannamalai(M)Ward 15 Pudukarkana 1St  Cross Street, 3.Tiruvannamalai(m)Ward 15 15 pudukarkana 5th cross Street, 4.Tiruvannamalai(M)Ward 15 Pudukarkana 6th Cross Street, 5.Tiruvannamalai(M)Ward 15 Pudukarkana 7th Cross Street, 999.OVERSEAS ELECTORS",ALL VOTERS
101,63,101,"Danish Mission Town Elementary School western Building East facing Room-2  Old Karkanna Street , Tiruvannamalai, 606601","1.Tiruvannamalai(M)Ward 15 Pazhaiyakarkana  Main Street, 2.Tiruvannamalai(m)Ward 15 pazhaiya karkana cross Street,  1.Tiruvannamalai(M)Ward 15 Arumuganar Street, 999.OVERSEAS ELECTORS",ALL VOTERS
102,63,102,"Danish mission town Elementary school central Room No 5 East Facing. West Side building  Old  Karkanar Street , Tiruvannamalai 606601","1.Tiruvannamalai(m)Ward 15 pudukarkana cross sandhu 1 , 2.Tiruvannamalai(M)Ward 15 Pudukarkana Cross Sandhu 2 , 3.Tiruvannamalai (m)Ward 15 pudukarkana cross sandhu 3 , 4.Tiruvannamalai (m)Ward 15 pudukarkana cross sandhu 4 , 5.Tiruvannamalai (M)Ward 15 Pudukarkana  Main Road ,               999.OVERSEAS ELECTORS",ALL VOTERS
103,63,103,"Kanniga Parameswari Aided Primary School, South Facing, North Side Building, North Wing Room-1 Rajarajan Street , Tiruvannamalai 606601","1.Tiruvannamalai(m)Ward 8 somavarakula Street  1 , 2.Tiruvannamalai(M)Ward 8 Somavarakula St 2 , 3.Tiruvannamalai(m)Ward 8 veerakuttai St,            999.OVERSEAS ELECTORS",ALL VOTERS
104,63,104,"Kanniga Parameswari Aided Primary School, South Facing, North Side Building,North Wing 3rd B Class Room Rarajan Street , Tiruvannamalaii 606601","1.Tiruvannamalai(M)Ward 8 Rajarajan  Main Street, 2.Tiruvannamalai (M)Ward 8 Rajarajan Cross Street,",ALL VOTERS
105,63,105,"Kanniga Parameswari Aided Primary School, South Facing, North Side Building,North Wing Middle Room,, Rarajan Street , Tiruvannamalaii 606601","1.Tiruvannamalai(M)Ward 8 Senguttuvan St,               2.Tiruvannamalai (M)Ward 8 Arasamara Street   Main Road ,                  3.Tiruvannamalai (m)Ward 8 arasamara cross Street, 999.OVERSEAS ELECTORS",ALL VOTERS
106,63,106,"Victoria Middle School,East Side Entry, South Facing, North Side Building,East Wing Class Room-18 Car Street ,  Tiruvannamalai, 606601","1.Tiruvannamalai (m)Ward 9 thirumanjana gopura Street, 2.Tiruvannamalai (m)Ward 9 theNo thavadai Street, 3.Tiruvannamalai(M)Ward 9 TheNo thavadai Street  2 ,  , 4.Tiruvannamalai(M)Ward 9 Thiruvudal Street  1 ,   5.Tiruvannamalai (m)Ward 9 thiruvudal Street  2 ,      999.OVERSEAS ELECTORS",ALL VOTERS
107,63,107,"Municipality food Centre , South Facing   Anaikatti Street , Tiruvannamalai 606601","1.Tiruvannamalai (m)Ward 9 thiruvalluvar Nagar, 999.OVERSEAS ELECTORS",ALL VOTERS
108,63,108,"Municipality elementary School, West Part, North Facing Ramalinganar St  TiruKoil ur Road
Tiruvannamalai 606601","1.Tiruvannamalai (m)Ward 20 ramalinganar Street   Main road , 999.OVERSEAS ELECTORS",ALL VOTERS
109,63,109,"Municipality elementary school, North Facing/ South Side Building  Ramalinganar Street ,  Tiruvanna malai 606601","1.Tiruvannamalai (M)Ward 19 Ramalinganar Street  6 , 2.Tiruvannamalai (M)Ward 19 Ramalinganar Street  7 , 3.Tiruvannamalai (M)Ward 19 Ramalinganar Street  8 , 4.Tiruvannamalai (M)Ward 19 Ramalinganar Street  9 ,
5.Tiruvannamalai (M)Ward 19 Ramalinganar Street  10 , 6.Tiruvannamalai(m)Ward 19 ramalinganar Street  11 ,
999.OVERSEAS ELECTORS",ALL VOTERS
110,63,110,"Municipality elementary school, Lunch Hall, Room No-1,North Facing, South Side Building Ramalinganar Street ,  Tiruvannamalai 606601","1.Tiruvannamalai (M)Ward 22 Thalagiriyar Street,
2.Tiruvannamalai (m)Ward 22 aiyangula akrakara  Main road , 3.Tiruvannamalai (m)Ward 22 aiyangula akaraharam cross Street, 4.Tiruvannamalai (M)War 22 Aiyankula Akraharam Cross Street  2 , 999.OVERSEAS ELECTORS",ALL VOTERS
111,63,111,"Municipality Elementary School, North Facing
,Central, Room No 4 ,Ramalinganar Street Ramalinganar Street , Tiruvannamalai 606601","1.Tiruvannamalai (M)Ward 22 Thenmathathi Street,
2.Tiruvannamalai (M)Ward 23 Asaliyamman Koil  Street, 3.Tiruvannamalai (M)Ward 23 Sivanpada Street  1 ,
4.Tiruvannamalai (M)Ward 23 Sivanpada Street  2 , 999.OVERSEAS ELECTORS",ALL VOTERS
112,63,112,"V.D.S. Jain Hr.Secondary. School, West ern Side Building,North Facing,7th Room  Gandhi Nagar,Tiruvannamalai 606601","1.Tiruvannamalai (M)Ward 19 Ganthinagar 6th Street, 2.Tiruvannamalai (M)Ward 19 Ganthi Nagar 7th Street, 3.Tiruvannamalai (M)Ward 19 Ganthi Nagar 8th Street, 4.Tiruvannamalai (M)Ward 19 Ganthi Nagar 9th Street, 5.Tiruvannamalai (M)Ward 19 Ganthinagar 10th Street, 999.OVERSEAS ELECTORS",ALL VOTERS
113,63,113,"Vds Jain HrSecondary School West Facing, East Side Building Room Gandhi Nagar, Tiruvannamalai 606601","1.Tiruvannamalai(m)Ward 19 ramalinganar Street  1 , 2.Tiruvannamalai (M)Ward 19 Ramalinganar Street  2 , 3.Tiruvannamalai (M)Ward 19 Ramalinganar Street  3 , 4.Tiruvannamalai (M)Ward 19 Ramalinganar Street  4 , 5.Tiruvannamalai (M)Ward 19 Ramalinganar Street  5 , 999.OVERSEAS ELECTORS",ALL VOTERS
114,63,114,"V.D.S. Jain Hr.Secondary School, East ern Side Building,West Facing,4th Room  Gandhi Nagar,
Tiruvannamalai 606601","1.Tiruvannamalai (m)Ward 20 thurabali Street, 999.OVERSEAS ELECTORS",ALL VOTERS
115,63,115,"V.D.S. Jain Hr.Secondary School, West Facing, East Building, East Part, Room No .5 Gandhi Nagar, Tiruvannamalai 606601","1.Tiruvannamalai (m)Ward 20 thirunavukkarasu Street, 2.Tiruvannamalai (M)Ward 19 Ramalinganar Street  12 ,
3.Tiruvannamalai (M)Ward 19 Ramalinganar Street  13 , 4.Tiruvannamalai(M)Ward 19 Ramalinganar St  13 ,
999.OVERSEAS ELECTORS",ALL VOTERS
116,63,116,"Municipal elementary School, mugappu Building, North Part, Room No 1 ,West Facing Sellaneri Street , Tiruvannamalai . 606601","1.Tiruvannamalai (M)Ward 38 SellaneHri Street   Main , 2.Tiruvannamalai (M)Ward 38 Sellaneri Cross Street, 3.Tiruvannamalai (M)Ward 38 Sellaneri Cross Street, 999.OVERSEAS ELECTORS",ALL VOTERS
117,63,117,"Municipal Elementary School, North Facing, South Building, East Room   Sellaneri Street , Tiruvannamalai . 606601","1.Tiruvannamalai (m)Ward 39 kizhnathur Street   Main ,
2.Tiruvannamalai (M)Ward 39 kizhnathur Street  1 , 3.Tiruvannamalai(M)Ward 39 Kizhnathur St  2 ,
999.OVERSEAS ELECTORS",ALL VOTERS
118,63,118,"Municipal High School East Facing West Side New Building, South Wing,   Chellaneri St  Kizhnathur, Tiruvannamalai 606601","1.Tiruvannamalai (M)Ward 39 Vettavalam Road (Muttaikarar Street  1) , 2.Tiruvannamalai (M)Ward 39 Vettavalam Road Vadakku Street, 3.Tiruvannamalai (m)Ward 39 vettavalam road North  South  , 999.OVERSEAS ELECTORS",ALL VOTERS
119,63,119,"Saraswathi Vikas Matriculation School South Side Building,  North facing , PRE. K.G.East Wing Room, Vettavalam Road Ramajeyam Nagar, Tiruvannamalai-606601","1.Tiruvannamalai (m)Ward 39 vettavalam road North   Main road , 2.Tiruvannamalai (M)Ward 39 Vettavalam Road Othavadai Street, 3.Tiruvannamalai (M)Ward 39 Vettavalam Road Dasikulam , 999.OVERSEAS ELECTORS",ALL VOTERS
120,63,120,"Saraswathi Vikas Matriculaion School, East Facing, Central Building Vettavalam Road Ramajeyam Nagar
Tiruvannamalai 606601","1.Tiruvannamalai (m)Ward 39 vettavalam road kamarajar Nagar,  999.OVERSEAS ELECTORS",ALL VOTERS
121,63,121,"Saraswathi Vikas Matriculation School, SSA Building, South Side Building, North Facing Vettavalam Road , Ramajeyam Nagar, Tiruvannamalai-606601","1.Tiruvannamalai (M)Ward 39 Vettavalam Road(Kunrakudi Adigalar Road) , 2.Tiruvannamalai (M)Ward 39 Vettavalam Road Ramajayam ,  999.OVERSEAS ELECTORS",ALL VOTERS
122,63,122,"Saraswathi Vikas Matriculation School, SSA Building, South Side Building,North Facing, West Side Room Vettavalam Road , Ramajeyam Nagar, Tiruvannamalai
606601","1.Tiruvannamalai (M)Ward 39 Vettavalam Road ( Main Road , 2.Tiruvannamalai (M)Ward 39 Vettavalam Road (Thiruvalluvar Nagar) , 999.OVERSEAS ELECTORS",ALL VOTERS
123,63,123,"Municipal Primary School, West Facing, S.S.A Building, Room No.5 Avulkara Street , Veerakuttai Street , Tiruvannamalai.","1.Tiruvannamalai (M)Ward 25 V.O.C. Nagar 1St  Street, 2.Tiruvannamalai (M)Ward 25 V.O.C Nagar 2nd Street, 999.OVERSEAS ELECTORS",ALL VOTERS
124,63,124,"Amaravathi Murugiyan Municipality Govt.Girls High School,South Side Building, West Part, North Facing Rajarajan Street ,  Tiruvannamalai  606601","1.Tiruvannamalai (m)Ward 25 v.o.c nagar 3rd Street, 2
.Tiruvannamalai (m)Ward 25 v.o.c nagar 4th Street, 3.Tiruvannamalai (M)Ward 25 V.O.C Nagar 5th Street, 4.Tiruvannamalai (m)Ward 25 v.o.c nagar 6th Street, 999.OVERSEAS ELECTORS",ALL VOTERS
125,63,125,"Municipal Primary School, North Side , West Facing,
S.S.A Building, Room No :3 ,Avulkara Street , Avulkara Street , Veerakuttai Street , Tiruvannamalai","1.Tiruvannamalai (M)Ward 25 V.O.C.Nagar 7th Street  1 ,
2.Tiruvannamalai (M)Ward 25 V.O.C Nagar 7th Street  2 , 3.Tiruvannamalai(M)Ward 25 VOC nagar 8th St,
4.Tiruvannamalai (M)Ward 25 V.O.C Nagar 9th Street, 5.Tiruvannamalai (M)Ward 25 V.O.C Nagar 9th Street  1 , 6.Tiruvannamalai (M)Ward 25 V.O.C Nagar 9th Street  2 , 7.Tiruvannamalai (m)Ward 25 v.o.c nagar 9th Street  3 , 8.Tiruvannamalai (M)Ward 25 V.O.C, Nagar 9th Street  4 , 999.OVERSEAS ELECTORS",ALL VOTERS
126,63,126,"Amaravathi Murugaian Girls High School, North Facing, South Side Building, East Wing Part Rajarajan Street ,  Tiruvannamalai  606603","1.Tiruvannamalai (m)Ward 25 v.o.c. nagar 10th Street,                999.OVERSEAS ELECTORS",ALL VOTERS
127,63,127,"Amaravathi Murugaian Girls High School, North Facing, South Side Building, East Wing Room No 3 Part, Rajarajan Street , Tiruvannamalai 606603","1.Tiruvannamalai (M)Ward 25 V.O.C. Nagar 11th Street,",ALL VOTERS
128,63,128,"Municipality elementary School. North Facing East part Building Samuthiram Colony Tiruvannamalai , 606603","1.Tiruvannamalai (m)Ward 30 samuthiram colony 1 , 2.Tiruvannamalai (m)Ward 30 samuthiram colony 2 , 999.OVERSEAS ELECTORS",ALL VOTERS
129,63,129,"Municipal elementary School,North Facing ,Center Room  Samuthiram Colony Tiruvannamalai , 606603","1.Tiruvannamalai (m)Ward 30 samuthiram colony 3 , 2.Tiruvannamalai (m)Ward 30 samuthiram colony 4 , 3.Tiruvannamalai (M)Ward 30 Samuthiram Colony , 999.OVERSEAS ELECTORS",ALL VOTERS
130,63,130,"Municipality elementary School, West Facing, East Side Tent,North Wing Temporary Booth,Nearest South Side buiding Samuthiram Colony Street , Tiruvannamalai , 606603","1.Tiruvannamalai (M)Ward 30 Bavaji Nagar  Main Road ,
2.Tiruvannamalai (M)Ward 30 Bavajinagar 1Cross Street  5 , 3.Tiruvannamalai (M)Ward 30 Bavajinagar 1Cross Street  6 , 4.Tiruvannamalai (M)Ward 30 Bavaji Nagar 1 Cross Street  7 , 5.Tiruvannamalai (M)Ward 30 Ellukuttai Street,         999.OVERSEAS ELECTORS",ALL VOTERS
131,63,131,"Municipality elementary School, North Facing West part buiding Thandarampet, Samuthiram Colony Street ,  Tiruvannamalai","1.Tiruvannamalai (M)Ward 30 Thirumanjana Gopura Street,   2.Tiruvannamalai (M)Ward 30 Bavajinagar 1Cross Street  1 , 3.Tiruvannamalai (M)Ward 30 Bavajinagar 1Cross Street  2 , 4.Tiruvannamalai (M)Ward 30 Bavajinagar 1Cross Street  3 , 5.Tiruvannamalai (M)Ward 30 Bavajinagar 1Cross Street  4 , 999.OVERSEAS ELECTORS",ALL VOTERS
132,63,132,"TMC Building, Community hall, South Portion West
,Facing, East Side Building  KalNagar, Tiruvannamalai , 606601","1.Tiruvannamalai (M)Ward 33 KalNagar,
2.Tiruvannamalai (M)Ward 33 Kalnagasr 1th Cross Street, 3.Tiruvannamalai (m)Ward 33 kalnagar 2nd cross Street,
999.OVERSEAS ELECTORS",ALL VOTERS
133,63,133,"TMC Building, Community hall, West Facing North Portion  KalNagar, Tiruvannamalai ,  606601","1.Tiruvannamalai (M)Ward 33 Kalnagar 3rd Cross Street, 2.Tiruvannamalai (m)Ward 33 kalnagar 4th cross Street, 3.Tiruvannamalai (M)Ward 33 Kalnagar 5th Cross Street, 4.Tiruvannamalai (M)Ward 33 Kalnagar 6th Cross Street, 5.Tiruvannamalai (M)Ward 33 Kalnagar 7th Cross Street, 6.Tiruvannamalai (m)Ward 33 kalnagar 8th cross Street, 999.OVERSEAS ELECTORS",ALL VOTERS
134,63,134,"Danish Mission Aided Primary School, Main Building, West Facing, North ern Side  KalNagar, Tiruvannamalai ,  606603","1.Tiruvannamalai(M)Ward 33 Kammangkollai St,
2.Tiruvannamalai (m)Ward 33 kammangollai cross Street, 3.Tiruvannamalai (M)Ward 33 Kammangollai Cross Street, 4.Tiruvannamalai (M)Ward 33 Kammangkollai Cross Street
,999.OVERSEAS ELECTORS",ALL VOTERS
135,63,135,"The New Moon Nursery & Primary School, Main Building, East Facing North Part, 1St Room Mariyamman Koil  12th Street , Tiruvannamalai","1.Tiruvannamalai (M)Ward 33 Mariyamman Koil  12th Street, 999.OVERSEAS ELECTORS",ALL VOTERS
136,63,136,"The New Moon Nursery & Primary School, Main Building, East Facing, center Room Mariyamman Koil 12th Street , Tiruvannamalai-606603","1.Tiruvannamalai (M)Ward 33 Mariyamman Koil  12th Street, 999.OVERSEAS ELECTORS",ALL VOTERS
137,63,137,"Municipal muslim girls elementary School,Back Side Building, North Facing Nimandakar Street , Tiruvannamalai 606601","1.Tiruvannamalai (M)Ward 23 Earpagaiyar Street,
2.Tiruvannamalai (M)Ward 23 Potharajakovil Street   Main , 3.Tiruvannamalai (M)Ward 23 Potharaja Koil  Cross Street,
999.OVERSEAS ELECTORS",ALL VOTERS
138,63,138,"Municipal muslim Boys elementary School, North Facing, South Side Building, East Wing Partition Hall Potharaja St, Tiruvannamalai , 606603","1.Tiruvannamalai (m)Ward 23 karikalan Street,          999.OVERSEAS ELECTORS",ALL VOTERS
139,63,139,"Municipal muslim Boys elementary School, North Facing, , West Wing , ,Potharaja St, Tiruvannamalai ,
606603","1.Tiruvannamalai (m), Ward 23 karikalan street,   999.OVERSEAS ELECTORS",ALL VOTERS
140,63,140,"M.A.Kadher Shed Memorial Musilim High School, Room No 1, East Facing South Part Mugalpura Street , Tiruvannamalai  606603","1.Tiruvannamalai (M)Ward 34 Mugalpura Street   Main ,
2.Tiruvannamalai (M)Ward 34 Mugalpura Street  1 ,                  3.Tiruvannamalai (m)Ward 34 mugalpura Street  2 ,               4.Tiruvannamalai (M)Ward 34 Mugalpura Street  3 , 5.Tiruvannamalai (M)Ward 34 Mugalpura Street  4 ,             6.Tiruvannamalai (M)Ward 34 Maniyari Street  3 ,                   7.Tiruvannamalai (M)Ward 34 Maniyari Street  4 , 999.OVERSEAS ELECTORS",ALL VOTERS
141,63,141,"MAKadher Sheid Memorial Musilim high school,East facing, West building, Center  South Wing Room Mugalpura Street , Tiruvannamalai 606603","1.Tiruvannamalai (M)Ward 34 Nabinayagam Street,                  2.Tiruvannamalai (M)Ward 34 Maniyari  Main Road ,                  3.Tiruvannamalai (M)Ward 34 Maniyari Street  1
,4.Tiruvannamalai (M)Ward 34 Maniyari Street  2 , ,   999.OVERSEAS ELECTORS",ALL VOTERS
142,63,142,"Municipal Elementary School, North facing/South Side Building,East Wing Maniyari Street , TiruKoil lur Tiruvannamalai 606601","1.Tiruvannamalai (m)Ward 35 gopal Street   Main ,",ALL VOTERS
143,63,143,"Municipal Elementary School, North facing, South Side Building, East Wing Middle Room 5th Class ,, Maniyari Street , TiruKovilur Tiruvannamalai 606601","1.Tiruvannamalai (M)Ward 35 Gopal Cross Street  1 ,               2.Tiruvannamalai (M)Ward 35 Gopal Cross Street  2 ,                3.Tiruvannamalai (M)Ward 35 Gopal Cross Street  3 , 4.Tiruvannamalai (M)Ward 35 Mulla Street,                999.OVERSEAS ELECTORS",ALL VOTERS
144,63,144,"Municipal Elementary School North facing/South side Building Head Master room Maniyaari Street , Tiruvannamalai 606601","1.Tiruvannamalai (m)Ward 35 attuthotti Street, 2.Tiruvannamalai (M)Ward 35 Pudumettu Street,
3.Tiruvannamalai (M)Ward 35 Thirukovilur Road  Main , 4.Tiruvannamalai (M)Ward 35 Thirukovilur Road Cross 1 , 5.Tiruvannamalai (M)Ward 35 Thirukovilur Road Cross 2nd Street, 6.Tiruvannamalai (M)Ward 35,36 Thirukovilur Road Cross Street  3 , 999.OVERSEAS ELECTORS",ALL VOTERS
145,63,145,"Shanmuga InduSt rial Govt.Hr.Sec.School, West Facing, middle South Side Building,East Wing Chengam Raod, Tiruvannamalai ,  606603","1.Tiruvannamalai (M)Ward 24 Bavaji Nagar 2 ,    2.Tiruvannamalai (M)Ward 24 Bavaji Nagar 2 Thamaraikulakkarai. ,                3.Tiruvannamalai (M)Ward 24 Bavaji Nagar 2nd Petrol Bank , 4.Tiruvannamalai (M)Ward 24 Bavaji Nagar 2nd Petrol Bank ,            5.Tiruvannamalai (M)Ward 24 Bavaji nagar 2nd Cross Street  1 ,    6.Tiruvannamalai (M)Ward 24 Bavaji Nagar 2nd Cross Street  2 ,999.OVERSEAS ELECTORS",ALL VOTERS
146,63,146,"Shanmuga InduSt rial Govt.Hr.Sec.School, East Facing, middle South Side Building,West Wing Chengam Road 606603","1.Tiruvannamalai (M)Ward 24 Chengam Salai Cross Road 1 , 2.Tiruvannamalai (M)Ward 24 Chengam Salai Cross Road 2 , 3.Tiruvannamalai (M)Ward 24 Chengam Road 2nd Street, 999.OVERSEAS ELECTORS",ALL VOTERS
147,63,147,"Shanmuga Industrial Govt.Hr.Sec.School, North Facing, D Block  Building,Room No 2 ,12 C Class, Chengam Raod, Tiruvannamalai , 606603","1.Tiruvannamalai (m)Ward 24 bavaji nagar 3 ,       2.Tiruvannamalai (m)Ward 24 thirumanjana gopura Street,  3.Tiruvannamalai (M)Ward 24 Chengam Salai 1 ,",ALL VOTERS
148,63,148,Municipal Primary School West Facing SSA Building Room No-3 Chengam Road 606603,"1.Tiruvannamalai (m)Ward 24 kumara Koil  Street, 2.Tiruvannamalai (m)Ward 24 rajrajan Street, 999.OVERSEAS ELECTORS",ALL VOTERS
149,63,149,"Municipal Primary School,Northwest Facing / Southeast Side Building East Wing Room,Ramanashramam Centre NO-10 Chengam
Raod, Tiruvannamalai, 606603","1.Tiruvannamalai (M)Ward 26 Chengam Road 1St  Street, 2.Tiruvannamalai (m)Ward 26 chengam road 1St  cross Street, 999.OVERSEAS ELECTORS",ALL VOTERS
150,63,150,"Govt Arts and Science College,west wing,North facing
, Room No-1 Chengam Raod, Tiruvannamalai, 606603","1.Tiruvannamalai (m)Ward 26 chengam road 1cross Street  2 , 2.Tiruvannamalai (m)Ward 26 chengam road 1 t.n.h.b ,
3.Tiruvannamalai (M)Ward 26 Chengam Road 3   ,               4.Tiruvannamalai (M)Ward 26 TNHB Vazi ,999.OVERSEAS ELECTORS",ALL VOTERS
151,63,151,"Govt Arts and Science College,west wing,North facing
, Room No-2 Chengam Road , Tiruvannamalai 606603","12.Tiruvannamalai (M)Ward 26 Chengam Road 4 ,                  2.Tiruvannamalai (M)Ward 26 Manakulavinayagar Cross Street, 3.Tiruvannamalai (M)Ward 26 Makkulavinayagar Cross Street, 4.Tiruvannamalai (M)Ward 26 Managulavinayagar Cross Street,  5.Tiruvannamalai (m)Ward 26 manakulavinayagar cross Street, 6.Tiruvannamalai (M)Ward 26 Manakulavinayagar Cross Street, 7.Tiruvannamalai (M)Ward 26 Manakulavinayagar Cross Street, 8.Tiruvannamalai (M)Ward 26 Manakulavinayagar Cross Street, 9.Tiruvannamalai (M)Ward 26 Chengam Road 5 ,      999.OVERSEAS ELECTORS",ALL VOTERS
152,63,152,"Govt Arts and Science College,East wing,North facing
, Room No-4 Chengam Road , Tiruvannamalai 606603","1.Tiruvannamalai (M)Ward 26 Akni Kulam Cross Street  1 , 2.Tiruvannamalai (M)Ward 26 Agni Kulam Cross Street  2 , 3.Tiruvannamalai (M)Ward 26 Agnikulam Cross Street  3 , 4.Tiruvannamalai (M)Ward 26 Agnikulam Cross Street,
5.Tiruvannamalai (m)Ward 26 agnikulam Street  1 , 6.Tiruvannamalai (M)Ward 26 Agnikulam Street  2 , 7.Tiruvannamalai (M)Ward 26 Samuthiram Eari , 999.OVERSEAS ELECTORS",ALL VOTERS
153,63,153,"Municipal Middle School, North Facing Building, Room No-1,  Gana Nagar, Marriyamman Kovil Street Tiruvannamalai - 606603","1.Tiruvannamalai  (M)Ward 31 Mariyamman Koil  Street 1 , 2.Tiruvannamalai  (m)Ward 31mariyamman Koil  Street  2 , 3.Tiruvannamalai  (M)Ward 31 Mariyamman Koil  Street  2 Street, 4.Tiruvannamalai  (M)Ward 31 Mariyamman Koil  Street  2 , 5.Tiruvannamalai  (M)Ward 31 Mariyamman Street  2 ,
999.OVERSEAS ELECTORS",ALL VOTERS
154,63,154,"ICDS Building, West Facing,  Mariyamman Kovil 7th Street, Tiruvannamalai - 606601","1.Tiruvannamalai  (M)Ward 32 Kalkuthirai Thakka Street, 2.Tiruvannamalai  (M)Ward 32 Kalkuthirai Thakka Street  1 , 3.Tiruvannamalai  (m)Ward 32 kalkuthirai thakka Street  2 , 4.Tiruvannamalai  (M)Ward 32 Kalkuthirai Thakka Street  3 , 5.Tiruvannamalai  (M)Ward 32 Kalkuthirai Thakka Street  4 , 999.OVERSEAS ELECTORS",ALL VOTERS
155,63,155,"Municipal Middle School, North Facing Building, Room No-2,  Gana Nagar, Marriyamman Kovil Street Tiruvannamalai - 606603","1.Tiruvannamalai  (M)Ward 31 Mariyamman Koil  3rd Street, 2.Tiruvannamalai  (M)Ward 31 Mariyamman Koil  3rd Street, 3.Tiruvannamalai  (M)Ward 31 Mariyamman Koil  3rd Street, 4.Tiruvannamalai  (m)Ward 31 mariyamman Koil  3rd Street, 5.Tiruvannamalai  (M)Ward 31 Mariyamman Koil  3rd Street, 999.OVERSEAS ELECTORS",ALL VOTERS
156,63,156,"The Real Childrens Nursery School,  South Side Building, LKG Room,  Mariyamman kovil 12th Street, Tiruvannamalai - 606601.","1.TIRUVANNAMALAI (M)Ward 32 Mariyamman kovil 4th Street, 2.Tiruvannamalai  (M)Ward 32 Mariyamman Koil  4th Cross Street, 3.Tiruvannamalai  (M)Ward 32 Mariyamman Koil  4th Cross Street, 4.Tiruvannamalai  (M)Ward 32 Mariyamman Koil  4th Cross Street  Sandhu, 5.Tiruvannamalai  (M)Ward 32 Mariyamman Koil  4th Cross Street, 6.Tiruvannamalai  (M)Ward 31 Kaidhemillath Street,
7.Tiruvannamalai  (M)Ward 31 Kaidhemillath Cross Street, 999.OVERSEAS ELECTORS",ALL VOTERS
157,63,157,"Natesha pillai Aided Primary School, South ern Side , East Facing Korimettu Street , Tiruvannamalai , 606601","1.Tiruvannamalai  (m)Ward 32 mariyamman Koil  5th Street, 2.Tiruvannamalai  (m)Ward 32 mariyamman Koil  Street  7th Street, 3.Tiruvannamalai  (M)Ward 32 Mariyamman Koil  7th Street, 4.Tiruvannamalai  (m)Ward 32mariyamman Koil  Street  8th Street, 999.OVERSEAS ELECTORS",ALL VOTERS
158,63,158,"Municipal Middle School North Facing west facing, Building Thamarai Nagar, Tiruvannamalai  606603","1.Tiruvannamalai  (M)Ward 28 Anna Nagar 4th Street, 2.Tiruvannamalai  (M)Ward 28 Anna Nagar 5th Street, 999.OVERSEAS ELECTORS",ALL VOTERS
159,63,159,"Municipal Middle School, Northeast facing, South West Side Building Room No-1 Thamarai Nagar, Tiruvannamalai  606603","1.Tiruvannamalai  (m)Ward 28 anna nagar 7th Street, 2.Tiruvannamalai  (m)Ward 28 anna nagar t.n.h.p , 999.OVERSEAS ELECTORS",ALL VOTERS
160,63,160,"Municipal Middle School Northeast facing, Southwest
Side Building Room No-3  Thamarai Nagar Park Tiruvannamalai, 606603","1.Tiruvannamalai  (M)Ward 28 Anna Nagar 9th Street,            999.OVERSEAS ELECTORS",ALL VOTERS
161,63,161,"Municipal Middle School,Building Thamarai Nagar,Southeast facing/Northwest Side Building Room No-1   Thamarai Nagar Park, Tiruvannamalai,
606603","1.Tiruvannamalai  (M)Ward 28 Anna Nagar 9th Street  Cross Sandhu 3 , 2.Tiruvannamalai (M)Ward 28 Anna Nagar 9th Street  Cross Sandhu4 ,  999.OVERSEAS ELECTORS",ALL VOTERS
162,63,162,"Municipal Middle School,East Facing Middle Building Building Room No1,  Thamarai Nagar Park, Tiruvannamalai, 606603","1.Tiruvannamalai  (M)Ward 28 Anna Nagar 8th Street,           2.Tiruvannamalai  (M)Ward 28 Anna Nagasr 9th Cross Street,   3.Tiruvannamalai  (M)Ward 28 Anna Nagar 9th Street  Cross Street,  4.Tiruvannamalai  (m)Ward 28 anna nagar 9th Street  cross 5 ,",ALL VOTERS
163,63,163,"Municipal Middle School, West facing, South part Thamarai Nagar Park, Tiruvannamalai, 606603","1.Tiruvannamalai  (m)Ward 28 anna nagar 6th Street, 999.OVERSEAS ELECTORS",ALL VOTERS
164,63,164,"Housing board, Comunity hall, West Facing Building, West Wing Partition Hall Thamarai Nagar,
Tiruvannamalai  606603","1.Tiruvannamalai  (m)Ward 27 parvathi Nagar, 2.Tiruvannamalai  (m)Ward 27 thamarai nagar 1 , 999.OVERSEAS ELECTORS",ALL VOTERS
165,63,165,"Housing board, Comunity hall, South Wing, West Facing Thamarai Nagar, Tiruvannamalai  606603","1.Tiruvannamalai  (m)Ward 27 thamarai nagar2 , 999.OVERSEAS ELECTORS",ALL VOTERS
166,63,166,"Municipal Middel School, Computer Room Thenimalai, Tiruvannamalai  606603","1.Tiruvannamalai  (m)Ward 27 thamarai nagar part 1 , 999.OVERSEAS ELECTORS",ALL VOTERS
167,63,167,"Municipal Middle School, Southeast facing, Northwest Side Building  Thenimalai , Tiruvannamalai 606603","1.Tiruvannamalai  (M)Ward 27 Thamarainagar Part 2 , 2.Tiruvannamalai  (M)Ward 27 Thamarainagar Part 3 ,
3.Tiruvannamalai  (m)Ward 27 thamarai nagar vanigaparth , 4.Tiruvannamalai  (M)Ward 27 Thamarai Nagar Quaters Part , 5.Tiruvannamalai  (M)Ward 28 Anna Nagar 10th Street, 6.Tiruvannamalai  (m)Ward 28 anna nagar housing board ,
999.OVERSEAS ELECTORS",ALL VOTERS
168,63,168,"City Livelihoods Certre TNULM-E- Seva Municipal Building, Northwest Facing, Southeast Side, Building,North Wing Room No-1 Thenimalai, Tiruvannamalai  606603","1.Tiruvannamalai  (m)Ward 27 thenimalai thenmara Street  1 , 2.Tiruvannamalai  (M)Ward 27 Thenimalai Thenmara Street  2 , 3.Tiruvannamalai  (M)Ward 27 Thenimalai Thenmara Street  3
, 999.OVERSEAS ELECTORS",ALL VOTERS
169,63,169,"Municipal Middle School, West part Building ,East Room Thamarai Nagar Park, Tiruvannamalai  606603","1.Tiruvannamalai  (M)Ward 27 Thenimalai Gengaiyamman Koil  Street, 2.Tiruvannamalai (M)Ward 27 Thenimalai School Street,
999.OVERSEAS ELECTORS",ALL VOTERS
170,63,170,"Municipal Middle School, Western Side Building, Centre Room, East Facing  Thamarai Nagar Park,
Tiruvannamalai  606603","1.Tiruvannamalai  (M)Ward 27 Thenimalai Murugar Koil  Street, 999.OVERSEAS ELECTORS",ALL VOTERS
171,63,171,"City Liveli Hoods Municipal Building, West facing Thamarai Nagar Park, Tiruvannamalai  606603","1.Tiruvannamalai  (M)Ward 27 Thenimalai Vanadukkai Nagar 1 , 2.Tiruvannamalai  (M)Ward 27 Thenimalai Vanathurkkari nagar 2 , 3.Tiruvannamalai  (M)Ward 27 Thenimalai mariyamman Koil  St, 4.Tiruvannamalai  (M)Ward 27 Thenimalai Senthukinatru St, 5.Tiruvannamalai  (M)Ward 27 Thenimalai Senthu kinatru St, 6.Tiruvannamalai  (M)Ward 27 Thenimalai mariyamman Koil  St, 999.OVERSEAS ELECTORS",ALL VOTERS
172,63,172,"City Livelihoods Certre TNULM-E-Seva Municipal Building, Northwest Facing/Southeast Side Building,South Wing Room No-2 Thamarai Nagar Park, Tiruvannamalai  606603","1.Tiruvannamalai  (M)Ward 27 Thenimalai Vediyappan Koil  St, 2.Tiruvannamalai  (M)Ward 27 Thenimalai M.K.S. Theature St, 3.Tiruvannamalai  (M)Ward 27 Thenimalai M.K.S. Theature St 2 , 4.Tiruvannamalai  (M)Ward 27 Thenimalai MK.S Theature St  3 , 999.OVERSEAS ELECTORS",ALL VOTERS
173,63,173,"Jesus Nursery and Primary School, North Facing,South Side Building,North Side Class Room Anna Nagar 5th Street ,  Tiruvannamalai  606603","1.Tiruvannamalai  (m)Ward 29 anna nagar 1St  Street,         2.Tiruvannamalai  (M)Ward 29 Anna Nagar 2nd Street,            999.OVERSEAS ELECTORS",ALL VOTERS
174,63,174,"Jesus Nursery and Primary School, North Facing, South Side Building, North Side Class Room 2,  Anna Nagar 5th Street , Tiruvannamalai 606603","1.Thiruvannamalai (M), Ward 29 Anna Nagar 3rd Street",ALL VOTERS
175,63,175,"Jesus Nursery and Primary School, North Facing,South Building, ,Anna Nagar 5th Street Anna Nagar 5th Street ,  Tiruvannamalai","1.Tiruvannamalai  (M)Ward 29 Gorimettu Street  1St  Street, 2.Tiruvannamalai  (M)Ward 29 Gorimettu Street  3rd Street,
999.OVERSEAS ELECTORS",ALL VOTERS
176,63,176,"SulthanPettai Aided muslim Primary School,West Facing,, North Side Tent Korimettu Street , Thiruvannamlai 606601","1.Tiruvannamalai  (M)Ward 29 Thirumanjana Gopura Street, 2.Tiruvannamalai  (M)Ward 29 Patter Abdul Rasak Street  1 , 3.Tiruvannamalai  (M)Ward 29 Patterl Abdul Rasan Street  2 , 4.Tiruvannamalai  (M)Ward 29 Padel Abdulrasak Street  3 , 5.Tiruvannamalai  (M)Ward 29 Pattel Abdul Rasak Street  4 , 6.Tiruvannamalai  (M)Ward 29 Pattel Abdul Rasak Street  5 , 999.OVERSEAS ELECTORS",ALL VOTERS
177,63,177,"SulthanPettai Aided musillm Primary School, East Facing Korimettu Street , thiruvannamlai 606601","1.Tiruvannamalai  (m)Ward 29 gorimettu Street  4 , 2.Tiruvannamalai  (m)Ward 29 gorimettu Street  5 , 999.OVERSEAS ELECTORS",ALL VOTERS
178,63,178,"Natesapillai Aided elementary School, South Facing, Front Building Korimettu St  ,Tiruvannamalai- 606603","1.Tiruvannamalai  (M)Ward 32 Mariyamman Koil  Street  6 , 2.Tiruvannamalai  (M)Ward 32 Mariyamman Koil  Street  9 , 3.Tiruvannamalai  (M)Ward 32 Mariyamman Koil  Street  11 Street, 999.OVERSEAS ELECTORS",ALL VOTERS
179,63,179,"The New Moon Nursery & Primary School, Main Building, South Portion , East Facing Surya Nagar, Tiruvannamalai  606603","1.Tiruvannamalai  (M)Ward 32 Mariyamman Koil  Street  11 Street, 2.Tiruvannamalai  (M)Ward 32 Mariyamman Koil  11Street  3rd Street, 3.Tiruvannamalai  (M)Ward 32 Mariyamman Koil  11Street  3rd Street, 4.Tiruvannamalai  (M)Ward 32 Mariyamman Koil  11St St, 5.Tiruvannamalai  (M)Ward 32 Mariyamman Koil  11th St 6 , 6.Tiruvannamalai  (M)Ward 32 Mariyamman Koil  11St  St 7 , 999.OVERSEAS ELECTORS",ALL VOTERS
180,63,180,"Natesapillai Aided Primary School,North Side , East Facing Korimettu Street , Tiruvannamalai-606603","1.Tiruvannamalai  (M)Ward 32 Mariyamman Koil  Street  10th Street, 999.OVERSEAS ELECTORS",ALL VOTERS
181,63,181,"Natesapillai Aided Primary School, South Side , EaSt Facing Korimettu Street , Tiruvannamalai-606603","1.Tiruvannamalai  (m)Ward 32 mariyamman Koil  Street  10 Street, 2.Tiruvannamalai (M)Ward 32 Mariyamman Koil  Street  10 th Street, 999.OVERSEAS ELECTORS",ALL VOTERS
182,63,182,"Municipal boys hrsecschool Room 9 Middle North, South Side Building  Thirukovilur Road,
Tiruvannamalai 606603","1.Tiruvannamalai  (m)Ward 36 arunagiripuram 1St  Street, 999.OVERSEAS ELECTORS",ALL VOTERS
183,63,183,"Municipal Boys Hr. Sec. School, Centre Part, South Building, Room No 7, North Facing Thirukovilur Road, Tiruvannamalai 606603","1.Tiruvannamalai (M)Ward 36 Bharathidasan Nagar,  2.Tiruvannamalai (M)Ward 36 Ganesapuram ,
999.OVERSEAS ELECTORS",ALL VOTERS
184,63,184,"Municipal Boys Hr.Secondary School, North Building, South Facing, West WING Kizhakku Part, Thirukovilur Raod, Tiruvannamalai , 606603","1.Tiruvannamalai  (M)Ward 36 Arunagiripuram 1St  Street, 2.Tiruvannamalai  (M)Ward 36 Arunagiripuram 2nd Street, 3.Tiruvannamalai  (m)Ward 36 arunagiripuram 3rd Street, 999.OVERSEAS ELECTORS",ALL VOTERS
185,63,185,"Municipal boys hr sec school Lab Room 11 East Partition Hall, North facing/Middle South side Building Thirukovilur Raod, Tiruvannamalai , 606603","1.Tiruvannamalai  (M)Ward 36 Melathikhan Street, 2.Tiruvannamalai  (M)Ward 36 Kariyan Street,
3.Tiruvannamalai  (M)Ward 36 Thirukovilur Road Ellupillai Koil  Street, 999.OVERSEAS ELECTORS",ALL VOTERS
186,63,186,"ALC Teacher Training SchoolNorth east faceing/south west building south side room-1(south west wing) Vettavalam Raod, Tiruvannamalai , 606603","1.Tiruvannamalai  (M)Ward 37 Thirukovilur Road Sandhu , 2.Tiruvannamalai  (M)Ward 37 Vettavalam Road  Main Road , 3.Tiruvannamalai  (M)Ward 37 Vettavalam Road 1St  Street, 4.Tiruvannamalai  (M)Ward 37 Vettavalam Road 2nd Street, 5.Tiruvannamalai  (M)Ward 37 Vettavalam Paipass Road , 6.Tiruvannamalai  (M)Ward 37 Vettavalam Paipass Road 1St  Street, 7.Tiruvannamalai  (M)Ward 37 Vettavalam Paipass Road 2nd Street, 999.OVERSEAS ELECTORS",ALL VOTERS
187,63,187,"A.L.C Teacher Training School, Eastern Side Building, West Facing Vettavalam Raod, Tiruvannamalai , 606603","1.Tiruvannamalai  (m)Ward 37 vettavalam paipas road 3rd Street, 2.Tiruvannamalai  (M)Ward 37 Vettavalam Paipas Road 4th Street, 3.Tiruvannamalai  (M)Ward 37 Vettavalam Road 3rd Street  5th Street, 4.Tiruvannamalai  (M)Ward 37 Vettavalam Road 4th 4 Street, 5.Tiruvannamalai  (m)Ward 37 vettavalam road 5th Street,
999.OVERSEAS ELECTORS",ALL VOTERS
188,63,188,"A.L.C Teacher Training School, North Facing, Room Vettavalam Raod, Tiruvannamalai , 606603","1.Tiruvannamalai  (M)Ward 37 Ajeesh Colony 1St  Street,
2.Tiruvannamalai  (M)Ward 37 Ajeesh Colony 2nd Street, 3.Tiruvannamalai  (m)Ward 37 ajeesh colony 3rd Street,
4.Tiruvannamalai  (m)Ward 37 ajeesh colony 4th Street, 5.Tiruvannamalai  (m)Ward 37 ajees colony 5th Street, 999.OVERSEAS ELECTORS",ALL VOTERS
189,63,189,"Municipal Boys Hr.Sec School,North Facing,West Wing Room Tirukovilur Raod,  Tiruvannamalai 606603","1.Tiruvannamalai  (M)Ward 37 kariyan Street  1 ,
2.Tiruvannamalai  (m)Ward 37 kariyan Street   East   cross Street, 3.Tiruvannamalai  (M)Ward 37 Saron ,
999.OVERSEAS ELECTORS",ALL VOTERS
190,63,190,"Municipal High School, East Side Building,West Facing Sellaneri Street ,  Kizhnathur, Tiruvannamalai , 606601","1.Tiruvannamalai  (M)Ward 38 Vediyappan Koil  Street  1 , 2.Tiruvannamalai  (M)Ward 38 Vediyappan Koil  Street  1 , 3.Tiruvannamalai  (m)Ward 38 vediyappan Koil  Street  2 , 4.Tiruvannamalai  (M)Ward 38Vediyappan Koil  Street  4 ,
999.OVERSEAS ELECTORS",ALL VOTERS
191,63,191,"Municipal Elementary School, North Facing, South Building, West Room   Sellaneri St  Kizhnathur, Tiruvannamalai , 606601","1.Tiruvannamalai  (m)Ward 38 vediyappan Koil  Street  5 , 2.Tiruvannamalai  (M)Ward 38 Vanadharayan Palaiyam Street, 3.Tiruvannamalai  (M)Ward 38 Vanadharayan Palaiyam Street 2 , 4.Tiruvannamalai  (M)Ward 38 Vasnadharayan Paliyam Street  3 , 5.Tiruvannamalai (M)Ward 3 Vanadharayan Palaiyam Street  4 , 6.Tiruvannamalai  (M)Ward 4 Vanadharayan Palaiyam Street  5 ,   7.Tiruvannamalai  (M)Ward 38 Vediyappan Koil  Street  3 , 999.OVERSEAS ELECTORS",ALL VOTERS
192,63,192,"St . Xavier Aided High School, West Part, North Facing Kizhnathur colony,Tiruvannamalai , 606603","1.Tiruvannamalai  (M)Ward 18 Kizhnathur Colony Street  1 , 2.Tiruvannamalai  (m)Ward 18 kizhnathur colony Street  2 , 3.Tiruvannamalai  (M)Ward 18 Kizhnathur Colony Street  3 , 4.Tiruvannamalai  (M)Ward 18 Kizhnathur Colony Street  4 , 999.OVERSEAS ELECTORS",ALL VOTERS
193,63,193,"St . Xavier Aided High School, Middle Room, North Facing Kizhnathur colony, Tiruvannamalai , 606603","1.Tiruvannamalai  (M)Ward 18 Kizhnathur Colony 5 , 2.Tiruvannamalai  (M)Ward 18 Kizhnathur Colony 6 , 3.Tiruvannamalai  (M)Ward 18 Kizhnathur Colony 7 , 4.Tiruvannamalai  (M)Ward 18 Kizhnathur Colony 4 , 999.OVERSEAS ELECTORS",ALL VOTERS
194,63,194,"J.G.L.A. model nersary & primary school, North Facing,south side building L.K.G West Part HALL Chellanari Street , Kilnathur,Tiruvannamalai-606601","1.Tiruvannamalai  (m)Ward 18 perumal Nagar, 999.OVERSEAS ELECTORS",ALL VOTERS
195,63,195,"J.G.L.A. model nersary & primary school, North Facing,west side building L.K.G East Part HALL Chellanari Street, Kilnathur, Tiruvannamalai-606601","1.Tiruvannamalai  (m)Ward 18 perumal Nagar,        999.OVERSEAS ELECTORS",ALL VOTERS
196,63,196,"Panchayat Union Elementary School, Head Master Room, West Facing, ,Anaipiranthan Village, Anaipiranthan Village, Pandithapattu Post  -606603","1.Aanaipiranthan (R.V) And (P)Ward 1 Amman Koil  Street, 2.Anaipirandhan(v)Ward 1 kamarajar salai ,
3.Anaipirandhan (r.v) &(p)Ward 1 perumbakkam salai ,             4.Aanaipiranthan (R.V) And (P)Ward 1 Periyasamy Kotta ,
5.Aanaipiranthan (R.V) And (P)Ward 1 Pallikuda Kulathu Medu Street, 6.Aanaipiranthan (R.V) And (P)Ward 1 Ponnaiyan Street, 7.Anaipirandhan(r.v)&(p)Ward 1 pallikuda St, 8.Aanaipiranthan (R.V) And (P)Ward 1 North  Street, ,999.OVERSEAS ELECTORS",ALL VOTERS
197,63,197,Govt High School East Facing West Building Room No 1  Anaipiranthan Village Pandithapattu Post - 606603,"1.Aanaipiranthan (R.V) And (P)Ward 2 Nanthi Nagar 1St  Street, 2.Aanaipiranthan (R.V) And (P)Ward 2 Nanthi Nagar Malai Suttrum Salai ,       3.Aanaipiranthan (R.V) And (P)Ward 2 Nanthi Nagar Middle Street,                  4.Aanaipiranthan (R.V) And (P)Ward 2 Nanthi Nagar South Street,                 5.Aanaipiranthan (R.V) And (P)Ward 2 Sivanantha Nagar, 6.Anaipirandhan(r.v)&(p)Ward 2 chengam road ,
7.Aanaipiranthan (R.V) And (P)Ward 2 Solai Goundar Kotta , 8.Aanaipiranthan (R.V) And (P)Ward 2 Pandu Kotta ,
9.Aanaipiranthan (R.V) And (P)Ward 2 Kottavur West  Street, 10.Aanaipiranthan (R.V) And (P)Ward 2 Kottavur Amman Koil  Street, 11.Aanaipiranthan (R.V) And (P)Ward 2 Kottavur East   Street, 12.Aanaipiranthan (R.V) And (P)Ward 2 Kottavur Middle Street,
13.Aanaipiranthan (R.V) And (P)Ward 2 Kottavur Pillaiyar Koil  Street, 14.Aanaipiranthan (R.V) And (P)Ward 2 Kottavur LaSt  Street",ALL VOTERS
198,63,198,"Panchayat Union Primary School, North Facing Athiyanthal, Iyyampalaiyam Post reet ,  606603","1.Athiyanthal (R.V) And (P)Ward 1 1St  Street, 2.Athiyanthal (R.V) And (P)Ward 1 New Street, 3.Athiyanthal (r.v) and (p)Ward 1 pillaiyar Koil  Street, 4.Athiyanthal (R.V) And (P)Ward 1 Ammachar Koil  Street, 5.Athiyanthal (R.V) And (P)Ward 1  Main Salai , 6.Athiyanthal (R.V) And (P)Ward 1 Tank Street, 7.Athiyanthal (R.V) And (P)Ward 1 Masudhi Street, 8.Athiyanthal (R.V) And (P)Ward 2 Kanakkupillai Street, 9.Athiyanthal (R.V) And (P)Ward 2 Muslim Street, 10.Athiyanthal (R.V) And (P)Ward 2 Padasalai Street, 11.Athiyanthal (R.V) And (P)Ward 2  Main Road Street, 999.OVERSEAS ELECTORS",ALL VOTERS
199,63,199,"Panchayat Union Primary School,North Face , East Side Athiyanthal,
Iyyampalaiyam, 606603","1.Athiyanthal (r.v) and (p)Ward 2 periyakottangal padasalai Street, 2.Athiyanthal (R.V) And (P)Ward 2 Periyakottangal Mettu Street, 3.Athiyanthal (R.V) And (P)Ward 2 Chinnakottangal Pillaiyar Koil  Street, 4.Athiyanthal (R.V) And (P)Ward 2Chinnakottangal Gangaiyamman Koil Street,
5.Athiyanthal (R.V) And (P)Ward 2 Kozhipannai Salai , 999.OVERSEAS ELECTORS",ALL VOTERS
200,63,200,"Adi-Dravidar Welfare High School, East Face Building, South Side Room Aiyyampalaiyam Village & Post 606603","1.Aiyampalaiyam (R.V) And (P)Ward 1 Kulathumettu ,
2.Aiyampalaiyam (R.V) And (P)Ward 1 Kulathumettu Street  1 , 3.Aiyampalaiyam (R.V) And (P)Ward 1 Sugadhara Maiya Street, 4.Aiyampalaiyam (R.V) And (P)Ward 1 Kulathumettu Street 2 , 5.Aiyampalaiyam (R.V) And (P)Ward 1 Kulathumettu Street  3 , 6.Aiyampalaiyam(R.V) And (P)Ward 1 Nantesanar Street,
7.Aiyampalaiyam (R.V) And (P)Ward 1 Arasamara Street, 8.Aiyampalaiyam(R.V) And (P)Ward 1 Achari Street,
9.Aiyampalaiyam (R.V) And (P)Ward 1 Anjalaga Street,
10.Aiyampalaiyam (R.V) And (P)Ward 3 Ambethkar Nagar 1St  Street, 11.Aiyampalaiyam (R.V) And (P)Ward 3 Ambethkar Nagar 2nd Street, 12.Aiyampalaiyam (R.V) And (P)Ward 3 Ambethkar Nagar 3rd Street, 13.Aiyampalaiyam (R.V) And (P)Ward 3 Ambethkar Nagar 4th Street, 14.Aiyampalaiyam (R.V) And (P)Ward 3 Ambethkar Nagar 5th Street, 15.Aiyampalaiyam (R.V) And (P)Ward 3 Ambethkar Nagar  Main Road , 999.OVERSEAS ELECTORS",ALL VOTERS
201,63,201,"Adi-Dravidar Welfare High School, East Facing Building,North Side Room Aiyyampalaiyam Village & Post   606603","1.Aiyampalaiyam (r.v) and (p)Ward 2 mariyamman Koil  Street, 2.Aiyampalaiyam (R.V) And (P)Ward 2 Mariyamman Koil  Street  1 Cross Street, 3.Aiyampalaiyam (R.V) And (P)Ward 2Mariyamman Koil  2 Cross Street,
4.Aiyampalaiyam (R.V) And (P)Ward 2 Vedi Kotta ,
5.Aiyampalaiyam (R.V) And (P)Ward 3 Mariyamman Koil  Street 2 , 6.Aiyampalaiyam (R.V) And (P)Ward 3 Mariyamman Koil  Street  3 , 7.Aiyampalaiyam (R.V) And (P)Ward 3 Mariyamman Koil  Street  4 , 8.Ayyampalayam (RV) and (P)Ward 3 Mariyamman kovil Street  5 , 999.OVERSEAS ELECTORS",ALL VOTERS
202,63,202,"Panchayat Union Middle School, East Wing, North Facing Ayyampalayam Pudur Village, Ramanashramam Post 606 603.","1.Aiyampalaiyam (R.V) And (P)Ward 5 Kamarajar Nagar Mariyamman Koil  Street, 2.Aiyampalaiyam (R.V) And (P)Ward 5 Kamarajar Nagar Udukkari Koil  Street, 3.Aiyampalaiyam (R.V) And (P)Ward 5 Kamarajar Nagar Mariyamman Koil  Street, 4.Aiyampalaiyam (R.V) And (P)Ward 5 Kamarajar Nagar Kannusamy Kadai,
5.Aiyampalaiyam (R.V) And (P)Ward 5 Kamarajar Nagar Nadupaiyan , 6.Aiyampalaiyam (R.V) And (P)Ward 5 Kamarajar Nagar Pillaiyar Koil  Street,
7.Aiyampalaiyam (R.V) And (P)Ward 5 Kamarajar Nagar Kaliyamman Koil  Street, 8.Aiyampalaiyam (R.V) And (P)Ward 5 Kamarajar Nagar Guduguduppai Colony , 9.Aiyampalaiyam (R.V) And (P)Ward 5 Korakottaiyan Kotta , 10.Aiyampalaiyam (R.V) And (P)Ward 5 Pudhur Pillaiyar Koil  Street, 11.Aiyampalaiyam (R.V) And (P)Ward 5 Pudur Raice Mill Street, 12.Aiyampalaiyam (r.v) and (p)Ward 5 pudur kulathumettu Street, 13.Aiyampalaiyam (R.V) And (P)Ward 5 Pudur Ammachar Koil  Street, 14.Aiyampalaiyam (R.V) And (P)Ward 5 Pudur Velaudham Kotta , 15.Aiyampalaiyam (R.V) And (P)Ward 4 Pudur Mattaparai ,
999.OVERSEAS ELECTORS",ALL VOTERS
203,63,203,"Panchayat Union Primary School,South Facing Building Ayyampalayam Pudur.606603","1.Aiyampalaiyam (R.V) And (P)Ward 5 Ottakudisal ,
2.Aiyampalaiyam (R.V) And (P)Ward 4 Chinnapaliyapattu Odai Street, 3.Aiyampalaiyam (R.V) And (P)Ward 4 Chinnapaliyapattu Periyapaliyapattu ,
4.Aiyampalaiyam (R.V) And (P)Ward 4 Chinnapaliyapattu Parai Street, 5.Aiyampalaiyam (R.V) And (P)Ward 4 Chinnapaliyapattu Mariyamman Koil  Street,
6.Aiyampalaiyam (R.V) And (P)Ward 4 Chinnapaliyapattu Arasamara Street, 7.Aiyampalaiyam (R.V) And (P)Ward 4 Chinnapaliyapattu Pillaiyar Koil  Street, 8.Aiyampalaiyam (R.V) And (P)Ward 4 Chinnapaliyapattu Kamatchiyamman Koil  Street,
9.Aiyampalaiyam (r.v) and (p)Ward 4 chinnapaliyapattu West   Street, 10.Aiyampalaiyam (R.V) And (P)Ward 4 Chinnapaliyapattu Kamatchikovil Street,
11.Aiyampalaiyam (R.V) And (P)Ward 4 Chinnapaliyapattu Padasalai Street, 12.Aiyampalaiyam (R.V) And (P)Ward 4 Chinnapaliyapattu Padasali Cross Street,
13.Aiyampalaiyam (R.V) And (P)Ward 4 Chinnapaliyapattu Odaikkara Street, 14.Aiyampalaiyam (R.V) And (P)Ward 4 Chinnapaliyapattu Prarakundu , 999.OVERSEAS ELECTORS",ALL VOTERS
204,63,204,"Panchayat Union Middle School, East Facing, South Building Pandithapattu Village & Post   606603","1.Pandithapattu (R.V) And (P)Ward 1 Amman Kovil Street, 2.Pandithapattu (R.V) And (P)Ward 1 Aacherry Street, 3.Pandithapattu (R.V) And (P)Ward 1 Padasalai Street, 4.Pandithapattu (R.V) And (P)Ward 1 Perumpakkam Salai , 5.Pandithapattu (R.V) And (P)Ward 1 Kuyavar Street, 6.Pandithapattu (R.V) And (P)Ward 1 Bajanao Koil  Street, 7.Pandithapattu (R.V) And (P)Ward 1 Pillaiyar Kovil Street,
8.Pandithapattu (R.V) And (P)Ward 1 Kamatchi Amman Kovil Street, 9.Pandithapattu (R.V) And (P)Ward 1 Kumara Kovil Street, 10.Pandithapattu (R.V) And (P)Ward 4 Kulathu Mettu Street  1
, 11.Pandithapattu (R.V) And (P)Ward 1 Kumara Koil  Street  1 , 12.Pandithapattu (R.V) And (P)Ward 1 Kumara Koil  Street  1 , 13.Pandithapattu (R.V) And (P)Ward 1 Kulathu Mettu Street, 14.Pandithapattu (R.V) And (P)Ward 1 Tokkukaran Kotta ,
15.Pandithapattu (R.V) And (P)Ward 2 Mumoorthi Nagar Mariamman Kovil Street, 16.Pandithapattu (R.V) And (P)Ward 2 Mumoorthy Nagar Vinayagar Kovil Street, 17.Pandithapattu (R.V) And (P)Ward 2Mumoorthy Nagar Kurukku Street, 18.Pandithapattu (R.V) And (P)Ward 2 Mummorthy Nagar Kolapaddiyan Kotta ,
19.Pandithapattu (R.V) And (P)Ward 2 Mumoorthy Nagar Agaram Road , 20.Pandithapattu (R.V) And (P)Ward 2 Mumoorthy Nagar Perumpakkam Kootu ,
21.Pandithapattu (R.V) And (P)Ward 2 Rajiv Gandhi Nagar Gandhi Kotta , 22.Pandithapattu (R.V) And (P)Ward 2 Rajiv Gandhi Nagar Dharuman Kotta,
23.Pandithapattu (R.V) And (P)Ward 2 Rajiv Gandhi Nagar Pillaiyar Kovil Street, 24.Pandithapattu (R.V) And (P)Ward 2 Rajiv Gandhi Nagar Kumara Kovil Kotta , 999.OVERSEAS ELECTORS",ALL VOTERS
205,63,205,"Panchayat Union Middle School, East Facing ,North Building Pandithapattu Village & Post   606603","1.Pandithapattu (R.V) And (P)Ward 2 Ambedkar Nagar Vadakku Street, 2.Pandithapattu (R.V) And (P)Ward 2 Ambedkar Nagar Pillaiyar Kovil Street,
3.Pandithapattu (R.V) And (P)Ward 2 Ambedkar Nagar Pillaiyar Koil  Street, 4.Pandithapattu (R.V) And (P)Ward 2 Ambedkar Nagar Kurukku Street, 5.Pandithapattu (R.V) And (P)Ward 2 Ambedkar Nagar Kurukku Street, 6.Pandithapattu (R.V) And (P)Ward 2 Ambedkar Nagar T.v.Malai Sellum Vazhi ,
7.Pandithapattu (R.V) And (P)Ward 2 Ambedkar Nagar Kinatru Street, 8.Pandithapattu (R.V) And (P)Ward 3 Ambedkar Nagar M.G.R. Street  1 ,
9.PANDITHAPATTU (PT)Ward 3 Ambedkar Nagar M.G.R. Street  2 , 10.Pandithapattu (R.V) And (P)Ward 3 Ambedkar Nagr M.G.R,Street  3 , 11.Pandithapattu (R.V) And (P)Ward 3 Ambedkar Nagar  Main Street, 12.Pandithapattu (R.V) And (P)Ward 3 Ambedkar Nagar KIzhakku Street, 13.Pandithapattu (R.V) And (P)Ward 3 Color Kottai Kurukku Street  1 , 14.Pandithapattu (R.V) And (P)Ward 3 Color Kottai Aacherry Street, 15.Pandithapattu (R.V) And (P)Ward 3 Color Kottai KUrukku Street  2 , 16.Pandithapattu (R.V) And (P)Ward 3 Color Kottai Pillaiyar KOvil Street, 17.Pandithapattu (R.V) And (P)Ward 3 Color Kottai Kurukku Street  3 , 18.Pandithapattu (R.V) And (P)Ward 3 Color Kottai Kurukku Street  4 , 19.Pandithapattu (R.V) And (P)Ward 3 Color Kottai Pillaiuar Kovil Street, 20.Pandithapattu (R.V) And (P)Ward 3 Color Kottai  Main Road , 21.Pandithapattu (R.V) And (P)Ward 3 Color Kottai Pillaiyar Kovil Street, 22.Pandithapattu (R.V) And (P)Ward 3 Vinayagapuram SamutHram road , 23.Pandithapattu (R.V) And (P)Ward 3 Vinayagapuram Pillaiyar Kovil Street,
999.OVERSEAS ELECTORS",ALL VOTERS
206,63,206,"Panchayat Union Primary School, South Wing, East Facing Kananthampoondi Village,pandithapattu Post 606603","1.Kananthampoondi (R.V) And (P)Ward 1 Ambethkar Nagar South  , 2.Kananthampoondi (R.V) And (P)Ward 1 Ambethkar Nagar Nadu Street, 3.Kananthampoondi (R.V) And (P)Ward 1 Ambethkar Nagar 1St  Street, 4.Kananthampoondi (R.V) And (P)Ward 1 Old Colony North Street, 5.Kananthampoondi (R.V) And (P)Ward 1 Old Colony Pillaiyar Koil  Street, 6.Kananthampoondi (R.V) And (P)Ward 1 Old Colony Alamara Street, 7.Kananthampoondi (R.V) And (P)Ward 1 Kanandhampoondi Padasalai Street,
8.Kananthampoondi (R.V) And (P)Ward 1 Nallavanpalaiyam Road , 9.Kananthampoondi (R.V) And (P)Ward 1 Kanandhampoondi Padasalai Cross Street, 10.Kananthampoondi (R.V) And (P)Ward 2 Kanandhampoondi Pillaiyar Koil  Street,
11.Kananthampoondi (R.V) And (P)Ward 2 Kanandhampoondi Cross Street, 12.Kananthampoondi (R.V) And (P)Ward 2 Kanandhampoondi Cross 2 , 13.Kananthampoondi (R.V) And (P)Ward 2 Kanandhampoondi Odaikarai Street,
14.Kananthampoondi (R.V) And (P)Ward 2 Kanandhampoondi Kootroad , 15.Kananthampoondi (R.V) And (P)Ward 2 Kallaguthu Kotta , 999.OVERSEAS ELECTORS",ALL VOTERS
207,63,207,"Panchayat Union Elementry School, North Face , East Side Building Kaveriyampoondi","1.Kananthampoondi (R.V) And (P)Ward 2 South  Kollakottai , 2.Kananthampoondi (R.V) And (P)Ward 2 Kaveriyampoondi KulathumeduSt,
3.Kananthampoondi (R.V) And (P)Ward 2 Kaveriyampoondi Kulathumetu Street, 4.Kananthampoondi (R.V) And (P)Ward 2 Kaveriyampoondi Kulathumettu Street, 5.Kananthampoondi (R.V) And (P)Ward 2 Kaveriyampoondi Kulathumettu Street, 6.Kananthampoondi (R.V) And (P)Ward 1 Kaveriyampoondi Perumpakkam, 7.Kananthampoondi (R.V) And (P)Ward 1 Kaveriyampoondi Puliyamara Street, 8.Kananthampoondi (R.V) And (P)Ward 1 Kaveriyampoondi Pandidhappattu , 9.Kananthampoondi (R.V) And (P)Ward 1 Kaveriyampoondi Thennamara Street, 10.Kananthampoondi (r.v) and (p)Ward 1 kaveriyampoondipillaiyar Koil  Street, 11.Kananthampoondi (R.V) And (P)Ward 1Kaveriyampoondi Cross Street, 12.Kananthampoondi (R.V) And (P)Ward 1 Kaveriyampoondi Cross Street, 13.Kananthampoondi (r.v) and (p)Ward 1 usalimedu tank Street, 14.Kananthampoondi (R.V) And (P)Ward 1 Osalimedu Cross Street, 15.Kananthampoondi(R.V) And (P)Ward 1 Usalimedu North  Street, 16.Kananthampoondi (R.V) And (P)Ward 1 Usalimedu  East   Street, 17.Kananthampoondi (R.V) And (P)Ward Usalimedu Kadavul Veetu Kotta , 999.OVERSEAS ELECTORS",ALL VOTERS
208,63,208,"Govt Hr Sec School, North Building, South Facing, Middle Wing  Nallavanpalaiyam Village & Post 606603","1.Nallavanpalaiyam (R.V) And (P)Ward 3 Othavadai Street, 2.Nallavanpalaiyam (R.V) And (P)Ward 3 Othavadai Cross Street, 3.Nallavanpalaiyam (R.V) And (P)Ward 2 Pattammal 1St Street, 4.Nallavanpalaiyam (R.V) And (P)Ward 2 Poondhamalli  Main Road , 5.Nallavanpalaiyam (R.V) And (P)Ward 2 Poondhamalli 1St  Street, 6.Nallavanpalaiyam (R.V) And (P)Ward 2 Pattammal 2nd Street, 7.Nallavanpalaiyam (R.V) And (P)Ward 3 Mariyamman Koil  Street, 8.Nallavanpalaiyam (R.V) And (P)Ward 2 Post   Office Street, 9.Nallavanpalaiyam (R.V) And (P)Ward 3 Pudhu Street, 10.Nallavanpalaiyam (r.v) and (p)Ward 3 School Street, 999.OVERSEAS ELECTORS",ALL VOTERS
209,63,209,"Govt Hr Sec School, North Building, South Facing, West Wing  Nallavanpalaiyam Village & Post   606603","1.Nallavanpalaiyam (R.V) And (P)Ward 3 Meettu Street, 2.Nallavanpalaiyam (R.V) And (P)Ward 2 Pattammal 3rd Street, 3.Nallavanpalaiyam (r.v) and (p)Ward 3 jainar Street, 4.Nallavanpalaiyam (R.V) And (P)Ward 3 Ammachar Colony , 5.Nallavanpalaiyam (R.V) And (P)Ward 3 Kulathumettu South  Street, 6.Nallavanpalaiyam (R.V) And (P)Ward 3 Kulathumettu Cross Street, 7.Nallavanpalaiyam (R.V) And (P)Ward 3 Kulathumettu Street, 8.Nallavanpalaiyam (R.V) And (P)Ward 3 Kulathumettu Street, 999.OVERSEAS ELECTORS",ALL VOTERS
210,63,210,"Govt Hr Sec School, West Building, East Facing, South Wing  Nallavanpalaiyam Village & Post   606603","1.Nallavanpalaiyam (r.v) and (p)Ward 1 muslim Street,",ALL VOTERS
211,63,211,"Govt Hr Sec School, West Building, East Facing, Center Room Samuthiram Village, Nallavanpalaiyam Post- 606603","1.Nallavanpalaiyam (R.V) And (P)Ward 1 Indra Nagar,
2.Nallavanpalaiyam (R.V) And (P)Ward 2 Vanadurkkai Nagar,  3.Nallavanpalaiyam(R.V) And (P)Ward 2 Kamadenu Nagar,
999.OVERSEAS ELECTORS",ALL VOTERS
212,63,212,"Govt Hr Sec School, South East Building, North Facing, East Wing Nallavanpalaiyam Village & Post   606603","1.Nallavanpalaiyam (R.V) And (P)Ward 1 Kamarajar Salai , 2.Nallavanpalaiyam(R.V) And (P)Ward 2 Kumaran Street, 3.Nallavanpalaiyam (R.V) And (P)Ward 2 Cross Street, 4.Nallavanpalaiyam (R.V) And (P)Ward 2 Damkuzhai Street, 5.Nallavanpalaiyam (R.V) And (P)Ward 2 Mettu Street,
6.Nallavanpalaiyam (r.v) and (p)Ward 2 murugar palaiyam , 999.OVERSEAS ELECTORS",ALL VOTERS
213,63,213,"Govt Hr Sec School, East Building, North Facing, East Wing Nallavanpalaiyam Village & Post   606603","1.Nallavanpalaiyam (R.V) And (P)Ward 4 Perumpakkam Salai , 2.Nallavanpalaiyam(R.V) And (P)Ward 4 Irular Colony , 3.Nallavanpalaiyam (R.V) And (P)Ward 4 Earikkarai Street, 4.Nallavanpalaiyam(R.V) And (P)Ward 4 Earikkarai Cross 1St, 5.Nallavanpalaiyam(R.V) And (P)Ward 4 M.G.R. Nagar 1 , 6.Nallavanpalaiyam (R.V) And (P)Ward 4 M.G.R. Nagar 2 , 7.Nallavanpalaiyam (R.V) And (P)Ward 4 Erikarai cross Street  2 , 8.Nallavanpalaiyam (R.V) And (P)Ward 4 Kanandhapoondi Salai , 999.OVERSEAS ELECTORS",ALL VOTERS
214,63,214,"Panchayat Union Middle School, North Side , New Building, Centre Room, East Facing Savalpoondi Village & Post   606605","1.Savalpoondi (r.v) and (p)Ward 1 mariyamman Koil  Street, 2.Savalpoondi (R.V) And (P)Ward 1 Otta Street  Cross , 3.Savalpoondi (R.V) And (P)Ward 1 Otta Street, 4.Savalpoondi (R.V) And (P)Ward 1 & 2 Otta Street, 5.Savalpoondi (R.V) And (P)Ward 2 School Street,
6.Savalpoondi (R.V) And (P)WARD 2 THIRUNAKATCHI Street, 7.Savalpoondi (R.V) And (P)WARD 2 PAZHAYACOLONY KALVAYI Street, 8.Savalpoondi (R.V) And (P)Ward 2 Old Colony Street  1 ,
9.Savalpoondi (R.V) And (P)WARD 2 OLD COLONY 2 , 10.Savalpoondi (R.V) And (P)WARD 2 OLD COLONY 3 ,
11.Savalpoondi (R.V) And (P)Ward 2 New Colony Street, 12.Savalpoondi (R.V) And (P)Ward 2 New Colony St  3 ,
13.Savalpoondi (R.V) And (P)WARD 2 NEW COLONY Street  4 , 14.Savalpoondi (R.V) And (P)WARD 2 NEW COLONY Street  5 , 15.Savalpoondi (R.V) And (P)WARD 2 NEW COLONY
Street  6 , 16.Savalpoondi (R.V) And (P)Ward 2 New Colony Street  7 , 17.Savalpoondi (R.V) And (P)Ward 2 New Colony Street  8 ,
18.Savalpoondi (R.V) And (P)WARD 2 KOLLAKOTTAI Street, 19.Savalpoondi (R.V) And (P)Ward 2 Yerikkarai Street,
999.OVERSEAS ELECTORS",ALL VOTERS
215,63,215,"Panchayat Union Middle School, East Facing, (North Wing) Mellathikhan (Edapalaiyam) 606603","1.Melathikkan (R.V) And (P)Ward 1 Edppalaiyam , 2.Melathikkan (R.V) And (P)Ward 1 Pillaiyar Koil  Street,       3.Melathikkan (R.V) And (P)Ward 1 Guruji Street,4.Melathikkan (r.v) and (p)Ward 1 muventhar Nagar,     5.Melathikkan (R.V) And (P)Ward 1 Chelliyamman Koil Puliyamara Street,          6.Melathikkan (r.v) and (p)Ward 1 chelliyamman Koil  Street  1 1 , 7.Melathikkan (r.v) and (p)Ward 1 chelliyamman Koil  Street  2 , 8.Melathikkan (R.V) And (P)Ward 1 Chelliyamman Koil  Street  3 , 9.Melathikkan (R.V) And (P)Ward 1 Old Street,10.Melathikkan( R.V) And (P)Ward 1 Panjayath Union  Office Street, 11.Melathikkan (r.v) and (p)Ward 1 udaiyar Street  North  ,
12.Melathikkan (R.V) And (P)Ward 1 Udaiyar Street  South  , 999.OVERSEAS ELECTORS",ALL VOTERS
216,63,216,"Panchayat Union Middle School, East Facing, (North Wing) Room No 3 , Mellathikhan village (Edapalaiyam) Tiruvannamalai post 606601","1.Melathikkan (R.V) And (P)Ward 1 Thirukovilur  Main Road , 2.Melathikkan (r.v) sndf (p)Ward 1 m.g.r. nagar kulathu Street, 3.Melathikkan (R.V) And (P)Ward 1 M.G.R. Nagar Erisandhu Street, 4.Melathikkan (R.V) And (P)Ward 1 M.G.R. Nagar Erisandhu Street, 5.Melathikkan (R.V) And (P)Ward 1 M.G.R. Nagar Eari Sandhu Street, 6.Melathikkan (R.V) And (P)Ward 1 M.G.R. Nagar North  ,                7.Melathikkan (R.V) And (P)Ward 1 M.G.R. Nagar Pillaiyar Koil  Street, 8.Melathikkan (R.V) And (P)Ward 1 M.G.R. Nagar West   Street, 9.Melathikkan (R.V) And (P)Ward 1 M.G.R. Nagar Bor Street, 10.Melathikkan (R.V) And (P)Ward 1 M.G.R. Nagar Por Street, 11.Melathikkan (R.V) And (P)Ward 1 M.G.R.Nagar Bor Street, 12.Melathikkan (R.V) And (P)Ward 1 M.G.R. Nagar Tank Street  1 , 13.Melathikkan (R.V) And (P)Ward 1 M.G.R. Nagar  Tank Street  2 , 14.Melathikkan (R.V) And (P)Ward 1 M.G.R. Nagar Tank Street  3 , 15.Melathikkan (R.V) And (P)Ward 1 Kilamundi Erikkarai  East , 16.Melathikkan (R.V) And (P)Ward 1 Kilamundi Eari West   , 17.Melathikkan (R.V) And (P)Ward 1 Kilamundi Eari North  ,",ALL VOTERS
217,63,217,"Panchayat Union Middle School,South building,South wing,East facing  Mellathikhan (Edapalaiyam) 606603","1.Kizhannkarai (R.V) Melathikkan (P)Ward 2 Muslim Street, 2.Kizhannkarai (R.V) Melathikkan (P)Ward 2 Thirunakatchi , 3.Kizhannkarai (R.V) Melathikkan (P)Ward 2 Thalaivar Veettu Sandhu Lean ,      4.Kizhannkarai (r.v) melathikkan (p)Ward 2 teacher Nagar,  5.Kizhannkarai (R.V) Melathikkan (P)Ward 2 Teacher Nagar North  , 999.OVERSEAS ELECTORS",ALL VOTERS
218,63,218,"Panchayat Union Elementary  School, South building, East facing , Kilanaikarai village, Ramanasharam  post 606601","1.Kizhannkarai (R.V) Melathikkan (P)Ward 2 Mariyamman Koil  Street, 2.Kizhannkarai (r.v) melathikkan (p)Ward 2 bangala Street,
3.Kizhannkarai (r.v) melathikkan (p)Ward 2 thundu Street  West   , 4.Kizhannkarai (R.V) Melathikkan (P)Ward 2 Thundu Street,  5.Kizhannkarai (R.V) Melathikkan (P)Ward 2 Ganesan Street, 6.Kizhannkarai (r.v) melathikkan (p)Ward 2 military Street,  7.Kizhannkarai (R.V) Melathikkan (P)Ward 2 Manalur Pettai   Main Road , 8.Kizhannkarai (R.V) Melathikkan (P)Ward 2 Irular Colony Street  3 , 9.Kizhannkarai (R.V) Melathikkan (P)Ward 2 Irular Colony Street  4 , 10.Kizhannkarai (R.V) Melathikkan (P)Ward 2 Irular Colony Street  5 ,",ALL VOTERS
219,63,219,"Panchayat Union Primary School, ( East Facing West Building) Thenmathur Village & Post   606603","1.Thenmathur (R.V) And (P)Ward 1 School Street, 2.Thenmathur (R.V) And (P)Ward 1 Reddiyar Street,
3.Thenmathur (R.V) And (P)Ward 1 Mariyamman Koil  Street, 4.Thenmathur (R.V) And (P)Ward 1 Naikkar Street,
5.Thenmathur (r.v) and (p)Ward 1 South  Street  1 , 6.Thenmathur (R.V) And (P)Ward 1 South  Street  2 , 7.Thenmathur (R.V) And (P)Ward 2 Old Colony Street  1 , 8.Thenmathur (R.V) And (P)Ward 2 Old Colony Street  2 , 9.Thenmathur (R.V) And (P)Ward 2 Old Colony Street  3 , 10.Thenmathur (R.V) And (P)Ward 2 Old Colony Street  4 , 11.Thenmathur (R.V) And (P)Ward 2 Old Colony Street  6 , 12.Thenmathur (R.V) And (P)Ward 2 Old Colony Street  7 , 999.OVERSEAS ELECTORS",ALL VOTERS
220,63,220,"Panchayat Union Panchayat Union Primary School, East Portion ,South Building, North Facing Thenmathur Village & Post   606603","1.Thenmathur (R.V) And (P)Ward 2 Kamaraj Nagar Street 1 , 2.Thenmathur (R.V) And (P)Ward 2 Kamaraj Nagar Street  2 , 3.Thenmathur (R.V) And (P)Ward 2 Kamaraj Nagar Street  3 , 4.Thenmathur (r.v) and (p)Ward 2 kamarajar nagar Street  4 ,
5.Thenmathur (R.V) And (P)Ward 2 Kamarajar Nagar Street  5 , 6.Thenmathur (R.V) And (P)Ward 2 Kamarajan Nagar Street  6 , 7.Thenmathur (r.v) and (p)Ward 2 kamarajan nagar Street  7 , 8.Thenmathur (R.V) And (P)Ward 2 Kamarajan Nagar Street  8 , 9.Thenmathur (R.V) And (P)Ward 2 Kamarajan Nagar Street  9 , 10.Thenmathur (R.V) And (P)Ward 2 Kamarajar Nagar Street  11 , 11.Thenmathur (R.V) And (P)Ward 2 Kamarajan Nagar Street  12 , 12.Thenmathur (R.V) And (P)Ward 2 Kamarajar Nagar Street  13 , 13.Thenmathur (R.V) And (P)Ward 2 Thiruvalluvar Nagar,
14.Thenmathur (R.V) And (P)Ward 2 Kulathumedu , 15.Thenmathur (R.V) And (P)Ward 2 Chettikulam Street  1 , 16.Thenmathur (R.V) And (P)Ward 2 Chettikulam Street  2 , 17.Thenmathur (R.V) And (P)Ward 2 Chettikulam Street  3 , 18.Thenmathur (R.V) And (P)Ward 2 Chettikulam Street  4 , 19.Thenmathur (R.V) And (P)Ward 2 Chettikulam Street  5 , 20.Thenmathur (R.V) And (P)Ward 2 Chettikulam Street  6 , 21.Thenmathur (R.V) And (P)Ward 2Chettikulam Street  7 , 22.Thenmathur (R.V) And (P)Ward 2 Chettikulam Street  8 , 23.Thenmathur (R.V) And (P)Ward 2 Chettikulam Street  9 ,
24.Thenmathur (R.V) And (P)Ward 2 Chettikulam Street  10 , 25.Thenmathur (R.V) And (P)Ward 1 Vattaramkulam ,
26.Thenmathur (R.V) And (P)Ward 1 Road Street,                  999.OVERSEAS ELECTORS",ALL VOTERS
221,63,221,"Panchayat Union Primary School, East Facing Building Su.Kilnachipattu Village Themathur Post 606603","1.Su.Kazhnatchiyapattu (R.V) Thenmathur (P)Ward 3 Mariyamman Koil  Street, 2.Su.Kazhnatchiyapattu (R.V) Thenmathur (P)Ward 3 School Street, 3.Su.Kazhnatchiyapattu (R.V) Thenmathur (P)Ward 3 South  Street, 4.Su.Kazhnatchiyapattu (R.V) Thenmathur (P)Ward 3 Mariyamman Koil  Street  South  Street,
5.Su.Kazhnatchiyapattu (R.V) Thenmathur (P)Ward 3 Mariyamman Koil  Street  North  Street, 6.Su.Kazhnatchiyapattu (R.V) Thenmathur (P)Ward 3 Lakshmi Nagar,  7.Su.Kazhnatchiyapattu (R.V) Thenmathur (P)Ward 3  Main Road , 8.Su.Kazhnatchiyapattu (R.V) Thenmathur (P)Ward 3 Annamalaipuram Street  No .1 ,
9.Su.Kazhnatchiyapattu (R.V) Thenmathur (P)Ward 3 Annamalaipuram Street  No . 2 , 10.Su.Kazhnatchiyapattu (R.V) Thenmathur (P)Ward 3 Annamalaipuram Street  3 , 11.Su.Kazhnatchiyapattu (R.V) Thenmathur (P)Ward 3 Annamalaipuram Street  No . 4 , 12.Su.Kazhnatchiyapattu (R.V) Thenmathur (P)Ward 3 Annamalaipuram Street  5 , 13.Su.Kazhnatchiyapattu (R.V) Thenmathur (P)Ward 3 Annamalaipuram Street  6 , 14.Su.Kazhnatchiyapattu (R.V) Thenmathur (P)Ward 3 Annamalaipuram Street  7 , 1 5.Su.Kazhnatchiyapattu (R.V) Thenmathur (P)Ward 3 Annamalaipuram Street  8 , 16.Su.Kazhnatchiyapattu (R.V) Thenmathur (P)Ward 3 Saraswathi Nagar  Main Road , 17.Su.Kazhnatchiyapattu (R.V) Thenmathur (P)Ward 3 Saraswathi Nagar, 18.Su.Kazhnatchiyapattu (R.V) Thenmathur (P)Ward 3 Saraswathi Nagar North  Street, 999.OVERSEAS ELECTORS",ALL VOTERS
222,63,222,"Panchayat Union Primary School South facing Building , East part  Kilkachirapattu Village & Post 606753","1.Kizhkatchirapattu (r.v) and(p)Ward 2 kizhkatchirapattu  Main road , 2.Kizhkatchirapattu (R.V) And (P)Ward 2 Naikkar Street,
3.Kizhkatchirapattu (R.V) And (P)Ward 2 South  Street, 4.Kizhkatchirapattu (R.V) And (P)Ward 2 School Street,
5.Kizhkatchirapattu (R.V) And (P)Ward 2 Mariyamman Koil  North  Street, 6.Kizhkatchirapattu (R.V) And (P)Ward 2 Tank Street,
7.Kizhkatchirapattu (R.V) And (P)Ward 2 Mariyamman Koil  Kizh Street, 8.Kizhkatchirapattu (P)Ward 1 Irular Colony  East   Street,
9.Kizhkatchirapattu (P)Ward 1 Irular Colony South  Street, 10.Kizhkatchirapattu (P)Ward 1 Irular Colony West   Street, 11.Kizhkatchirapattu (P)Ward 2 Irudhaya Nagar Kalyanamandabam Street, 12.Kizhkatchirapattu (R.V) And (P)Ward 2 Madha Koil  Street, 13.Kizhkatchirapattu (R.V) And (P)Ward 2 Madha Koil  North  Street, 14.Kizhkatchirapattu (P)Ward 2 Irudhaya Nagar Kalyanamadabam North  Street,
15.Kizhkatchirapattu (R.V) And (P)Ward 2 Ariya Gounder Kottai , 999.OVERSEAS ELECTORS",ALL VOTERS
223,63,223,"Panchayat Union Primary School, East Facing Melputhiyandal Village, Thenmathur Post 606603","1.Melputhiyantha (R.V) Kizhkatchirapattu (P)Ward 1 Kazhani Kattu Street, 2.Melputhiyantha (R.V) Kizhkatchirapattu (P)Ward 1 School Street, 3.Melputhiyantha (R.V) Kizhkatchirapattu (P)Ward 1 School Street  South  , 4.Melputhiyantha (R.V) Kizhkatchirapattu (P)Ward 1 Melputhiyanthl Street  No  1 ,
5.Melputhiyantha (R.V) Kizhkatchirapattu (P)Ward 1 Melputhiyanthal Street  No  1,2 , 6.Melputhiyantha (R.V) Kizhkatchirapattu (P)Ward 1 Melputhiyanthal Street  No .1,3 , 7.Melputhiyantha (R.V) Kizhkatchirapattu (P)Ward 1 Melputhiyanthal Street  No  1 , 8.Melputhiyantha (r.v) kizhkatchirapattu (p)Ward 1 manalurPettai   Main Street  No .1,8 , 9.Melputhiyantha (R.V) Kizhkatchirapattu (P)Ward 1 Melputhiyanthal Kulathumedu , 10.Melputhiyantha (R.V) Kizhkatchirapattu (P)Ward 1Mariyamman Koil  Street, 999.OVERSEAS ELECTORS",ALL VOTERS
224,63,224,"Panchayat Union Middle School, West Facing Building Melkatchirapattu meiyur,Post   606753","1.Mel Kachirapattu (R.V) And (P)Ward 1 Mariyamman Koil  Street,
2.Mel Kachirapattu (R.V) And (P)Ward 1 Mettu Street,
3.Mel Kachirapattu (R.V) And (P)Ward 1 mettu Street  South  ,
4.Mel Kachirapattu (R.V) And (P)Ward 1 Pillayar Koil  Street   East ,
5.Mel Kachirapattu (R.V) And (P)Ward 1 Pillayar Koil  West   Street,
6.Mel kachirapattu (r.v) and (p)Ward 1 Middle Street, 999.OVERSEAS ELECTORS",ALL VOTERS
225,63,225,"Panchayat Union Middle School, West Facing, West Building,South Building Melkatchirapattu Village, Meiyur,Post   606753","1.Mel Kachirapattu (R.V) And (P)Ward 1  Main Road West   ,
2.Mel Kachirapattu (R.V) And (P)Ward 1  Main road ,
3.Mel Kachirapattu (R.V) And (P)Ward 2 New colony ,
4.Mel Kachirapattu (R.V) And (P)Ward 2 Old colony ,
5.Mel Kachirapattu (R.V) And (P)Ward 2 Gandhipuram  Main road ,
6.Mel Kachirapattu (R.V) And (P)Ward 2 Gandhipuram cross Street,
7.Mel Kachirapattu (R.V) And (P)Ward 2 Kottavur , 999.OVERSEAS ELECTORS",ALL VOTERS
226,63,226,"Panchayat Union Primary School, South Facing Building  kilchettipattu","1.Kil Chettipattu (R.V) And (P)Ward 1 mariyamman Koil  Street,         2.Kil Chettipattu (R.V) And (P)Ward 1  East   cross Street,    3.Kil Chettipattu (R.V) And (P)Ward 1 Thenandai Street,4.Kil Chettipattu (R.V) And (P)Ward 1 West   cross Street,              5.Kil Chettipattu (R.V) And (P)Ward 2 Othavadai Street,             6.Kil Chettipattu (R.V) And (P)Ward 2 Erikkarai Street,
7.Kil Chettipattu (R.V) And (P)Ward 1 Road Kadai Street,             8.Kil Chettipattu (R.V) And (P)Ward 2 Mariyammann Koil   Main Road , , 999.OVERSEAS ELECTORS",ALL VOTERS
227,63,227,"Panchayat Union Primary School, South Facing Building East Portion ,  kilchettipattu Village, Kilsiruppakkam Post 606707-","1.Kil chettipattu (r.v) and (p)Ward 2 thandrampattu  Main road ,                   2.Kil Chettipattu (R.V) And (P)Ward 2 Vanapuram  Main road ,   3.Kil chettipattu (r.v) and (p)Ward 2 vanapuram Main road cross Street,      4.Kil Chettipattu (R.V) And (P)Ward 2 Vanapuram  Main road 2nd Street,      5.Arasudayampattu (R.V) Kil Chettipattu (P)Ward 2 Arasudayampattu Mariyamman Koil  North  St ., ,6.Arasudayampattu (R.V) Kil Chettipattu (P)Ward 2 Arasudayampattu Mariyamman Koil  South  St ., 7.Arasudayampattu (R.V) Kil Chettipattu (P)Ward 2 Arasudayampattu Mariyamman Koil  West   St .,",ALL VOTERS
228,63,228,"Panchayat Union Middle School, West Facing, South Wing Melsettipattu, Sirupakkam, Post   606706","1.Mel Chettipattu (R.V) And (P)Ward 1 Pillayar Koil  Street,
2.Mel Chettipattu (R.V) And (P)Ward 1 Middle Street,
3.Mel Chettipattu (R.V) And (P)Ward 1 Mariyamman Koil  Street,
4.Mel Chettipattu (R.V) And (P)Ward 2 Colony cross Street,
5.Mel Chettipattu (R.V) And (P)Ward 2 Mariyamman Koil  2nd Street,
6.Mel Chettipattu (R.V) And (P)Ward 2 Mariyamman Koil  3rd Street,
7.Mel Chettipattu (R.V) And (P)Ward 2 Murugar palayam , 999.OVERSEAS ELECTORS",ALL VOTERS
229,63,229,"Panchayat Union Middle School, South Side Building, East Facing, Center Room Melsettipattu, Sirupakkam, Post   606706","1.Mangalpoondi (R.V) Mel Chettipattu (P)Ward 2 Mangalpoondi Mariyamman Koil  North  St ., , 2.Mangalpoondi (R.V) Mel Chettipattu (P)Ward 2 Manjalpoondi Mariyamman Koil  South  St ., , 3.Mangalpoondi (R.V) Mel Chettipattu (P)Ward 2 Vasugar thangal  Main Road , 4.Mangalpoondi (R.V) Mel Chettipattu (P)Ward 1 School Street, 5.Mangalpoondi (R.V) Mel Chettipattu (P)Ward 2 Manjalpoondi Ellai Thandrampattu Road , 6.Mangalpoondi (R.V) Mel Chettipattu (P)Ward 1 Thandranpattu  Main Road Panchayat Union  Sch , 999.OVERSEAS ELECTORS",ALL VOTERS
230,63,230,"Panchayat Union Primary School, East Facing Building Melsirupakkam Village & Post   606706","1.Melsiruppakkam (R.V) Kilsiruppakkam (P)Ward 5 Esampalayam Street  1 , 2.Melsiruppakkam (R.V) Kilsiruppakkam (P)Ward 5 Esampalayam Street  1 , 3.Melsiruppakkam (R.V) Kilsiruppakkam (P)Ward 5 Esampalayam Street  3 , 4.Melsiruppakkam (R.V) Kilsiruppakkam (P)Ward 5 Kamarajapuram Street  1
5.Melsiruppakkam (R.V) Kilsiruppakkam (P)Ward 5 Kamarajapuram Street  2 6.Melsiruppakkam (R.V) Kilsiruppakkam (P)Ward 5 Kamarajapuram Street  3 7.Melsiruppakkam (R.V) Kilsiruppakkam (P)Ward 5 Kamarajapuram Street  4 8.Melsiruppakkam (R.V) Kilsiruppakkam (P)Ward 5 Kamarajapuram Street  5 9.Melsiruppakkam (R.V) Kilsiruppakkam (P)Ward 5 Kamarajapuram Street  6 10.Melsiruppakkam (R.V) Kilsiruppakkam (P)Ward 5 Kamarajapuram Street 7 11.Melsiruppakkam (R.V) Kilsiruppakkam (P)Ward 5 Pallikuda Street, 12.Melsiruppakkam (R.V) Kilsiruppakkam (P)Ward 5Pillaiyar Koil  Street  1 , 13.Melsiruppakkam (R.V) Kilsiruppakkam (P)Ward 5 Pillaiyar Kovil Street  2 14.Melsiruppakkam (R.V) Kilsiruppakkam (P)Ward 5 Vadakku Street  1 , 15.Melsiruppakkam (R.V) Kilsiruppakkam (P)Ward 5 Vadakku Street  2 , 16.Melsiruppakkam (R.V) Kilsiruppakkam (P)Ward 5 Solaiamman Kovil Street, 17.Melsiruppakkam (R.V) Kilsiruppakkam (P)Ward 5 ChinnaKulam Kulakarai, 18.Melsiruppakkam (R.V) Kilsiruppakkam (P)Ward 5 Chinna Kulam Kulakarai , 19.Melsiruppakkam (R.V) Kilsiruppakkam (P)Ward 5 PeriyaKulam , 20.Melsiruppakkam (R.V) Kilsiruppakkam (P)Ward 5 Mel Chirupakkam Pudhur Kolla Kottai ,
21.Melsiruppakkam (R.V) Kilsiruppakkam (P)Ward 5 Periyari Merkku Pakka Kottai , 999.OVERSEAS ELECTORS",ALL VOTERS
231,63,231,"Noonmeal Centre North Facing Building Melserupakkam Village,kizhserupakkam Post   ee","1.Melsiruppakkam (R.V) Kilsiruppakkam (P)Ward 4  Main Road , 2.Melsiruppakkam (R.V) Kilsiruppakkam (P)Ward 4 Mel Chirupakkam Kaliamman Koil  Street, 3.Melsiruppakkam (R.V) Kilsiruppakkam (P)Ward 4 Pillaiyar Koil  Street, 4.Melsiruppakkam (R.V) Kilsiruppakkam (P)Ward 4 Colony Street  1 , 5.Melsiruppakkam (R.V) Kilsiruppakkam (P)Ward 4 Colony Street 2 , 6.Melsiruppakkam (R.V) Kilsiruppakkam (P)Ward 4 Colony Street  3 , 7.Melsiruppakkam (R.V) Kilsiruppakkam (P)Ward 4 Colony Street  4 , 8.Melsiruppakkam (R.V) Kilsiruppakkam (P)Ward 4 Colony Street  5 , 9.Melsiruppakkam (R.V) Kilsiruppakkam (P)Ward 4 Colony Street 6 , 10.Melsiruppakkam (R.V) Kilsiruppakkam (P)Ward 4 Colony Street  7 , 11.Melsiruppakkam (R.V) Kilsiruppakkam (P)Ward 4 Colony Street  8 , 12.Melsiruppakkam (R.V) Kilsiruppakkam (P)Ward 4 Colony Street  9 , 13.Melsiruppakkam (R.V) Kilsiruppakkam (P)Ward 4 Colony Street  10 , 14.Melsiruppakkam (R.V) Kilsiruppakkam (P)Ward 4 Krishnapuram , 999.OVERSEAS ELECTORS",ALL VOTERS
232,63,232,"Panchayat Union Elementary School ,East Facing Building Kizhsirupakkam Village&Post   606706","1.Kilsiruppakkam (R.V) And (P)Ward 1 vellaiyar Street, 2.Kilsiruppakkam (R.V) And (P)Ward 1 Kammalar Street, 3.Kilsiruppakkam (R.V) And (P)Ward 1 Bajanai Koil  Street, 4.Kilsiruppakkam (R.V) And (P)Ward 2 Oddar Street  1 , 5.Kilsiruppakkam (R.V) And (P)Ward 2 Odar Street  2 , 6.Kilsiruppakkam (R.V) And (P)Ward 2 Odar Street  3 , 7.Kilsiruppakkam (R.V) And (P)Ward 1 Road Street, 999.OVERSEAS ELECTORS",ALL VOTERS
233,63,233,"Panchayat Union Primary School, West Facing East Building, North Wing, Kizhsiru pakkam Village&Post 606707 Kizhsirupakkam              Village                &Post 606706","1.Kilsiruppakkam (R.V) And (P)Ward 1 Palla Street, 2.Kilsiruppakkam (R.V) And (P)Ward 1 Therkku Street, 3.Kilsiruppakkam (R.V) And (P)Ward 1 Arasamara Street, 4.Kilsiruppakkam (R.V) And (P)Ward 1 Nadu Street,
5.Kilsiruppakkam (R.V) And (P)Ward 1 Mariamman Kovil Street, 6.Kilsiruppakkam (R.V) And (P)Ward 1  Main Road ,
7.Kilsiruppakkam (R.V) And (P)Ward 1  Main Road Vadakku Street, 8.Kilsiruppakkam (R.V) And (P)Ward 2 Water Panthal 1St  Street, 9.Kilsiruppakkam (R.V) And (P)Ward 2 Water Panthal 2md Street, 10.Kilsiruppakkam (R.V) And (P)Ward 2 Water Panthal 3rd Street, 11.Kilsiruppakkam (R.V) And (P)Ward 2 Water Panthal 4th Street, 12.Kilsiruppakkam (R.V) And (P)Ward 2 Water Panthal 5th Street, 13.Kilsiruppakkam (R.V) And (P)Ward 2 Water Panthal Street  6th Street, 14.Kilsiruppakkam (R.V) And (P)Ward 2 Water Panthal 7th Street, 15.Kilsiruppakkam (R.V) And (P)Ward 2 Water Panthal  Main Road , 16.Kilsiruppakkam (R.V) And (P)Ward 2 Koodalulr Salai ,
17.Kilsiruppakkam (R.V) And (P)Ward 2 Arunthathiyar Street, 18.Kilsiruppakkam (R.V) And (P)Ward 2 Kizhvanakkambadi Road , 19.Kilsiruppakkam (R.V) And (P)Ward 2 Kizhsirupakkam Kolla Kotta , 999.OVERSEAS ELECTORS",ALL VOTERS
234,63,234,"Panchayat Union Elementary School, South Facing East Portion Kizhsirupakkam Village & Post   606706","1.Kilsiruppakkam (R.V) And (P)Ward 3 pallikuda St,
2.Kilsiruppakkam (R.V) And (P)Ward 3 Newcolony murugar Koil  St  1 , 3.Kilsiruppakkam (R.V) And (P)Ward 3 Newcolonymurugar Koil  St  2 , 4.Kilsiruppakkam (R.V) And (P)Ward 3 New colony murugar Koil  St  3 , 5.Kilsiruppakkam (R.V) And (P)Ward 3 New colony murugar Koil  St 4 , 6.Kilsiruppakkam (R.V) And (P)Ward 3 New colony murugar Koil  Street  5 , 7.Kilsiruppakkam (R.V) And (P)Ward 3 New Colony Murughar Koil  St  6 , 8.Kilsiruppakkam (R.V) And (P)Ward 3 Pazhaysa colony mariyamman Koil  Street  1 ,
9.Kilsiruppakkam (R.V) And (P)Ward 3 Old colony mariyamman Koil  St  2 , 10.Kilsiruppakkam (R.V) And (P)Ward 3 Old colony Mariyamman Koil  St  3 , 11.Kilsiruppakkam (R.V) And (P)Ward 3 Old colony mariyamman Koil  St  4 , 12.Kilsiruppakkam (R.V) And (P)Ward Old colony mariyamman Koil  Street  5 , 13.Kilsiruppakkam (R.V) And (P)Ward 3 Old colony mariyamman Koil  St  6 , 14.Kilsiruppakkam (R.V) And (P)Ward 3 Old colNo y  East   Side  St  1 , 15.Kilsiruppakkam (R.V) And (P)Ward 3 Old colony  East   Side  St  2 , 16.Kilsiruppakkam (R.V) And (P)Ward 3 Old colony  East   Side  St  3 , 17.Kilsiruppakkam (R.V) And (P)Ward 3 Old colony  East   Side  Street  4 St, 18.Kilsiruppakkam (R.V) And (P)Ward 3 Indria nagar 1St, 19.Kilsiruppakkam (R.V) And (P)Ward 3 Indria nagar 2 St,
20.Kilsiruppakkam (R.V) And (P)Ward 3 Indria nagar 3 St, 21.Kilsiruppakkam (R.V) And (P)Ward 3 Indria nagar kollakottai , 999.OVERSEAS ELECTORS",ALL VOTERS
235,63,235,"Panchayat union Elementary School, West Facing Visvanthangal  Village Kilsirupakkam Post 606707","1.Vishwanthangal (R.V) And (P)Ward 1 Anna Street, 2.Vishwanthangal (R.V) And (P)Ward 1 Kamarasar Street, 3.Vishwanthangal (R.V) And (P)Ward 1 Barathiyar Street,
4.Vishwanthangal (R.V) And (P)Ward 1 Mariyamman Koil  Street, 5.Vishwanthangal (R.V) And (P)Ward 1 colony Street,
6.Vishwanthangal (R.V) And (P)Ward 1 Pillayar Koil  Street, 7.Vishwanthangal (R.V) And (P)Ward 1 cross Street, 8.Vishwanthangal (R.V) And (P)Ward 1 cross kadai Street, 999.OVERSEAS ELECTORS",ALL VOTERS
236,63,236,"Panchayat Union Primary School North Facing, West Wing Kalarpalaiyam H/O Visvanthangal  606753","1.Vishwanthangal (R.V) And (P)Ward 2 cross Street, 2.Vishwanthangal (R.V) And (P)Ward 2 colony Street, 3.Vishwanthangal (R.V) And (P)Ward 2 cross Street  2 , 4.Vishwanthangal (r.v) and (p)Ward 2 School Street, 5.Vishwanthangal (R.V) And (P)Ward 2 Mari  Main road , 6.Vishwanthangal (R.V) And (P)Ward 2 Thillai Nagar, 7.Vishwanthangal (R.V) And (P)Ward 2 Ambetkar Nagar,
8.Vishwanthangal (R.V) And (P)Ward 2 Athimara Street  Thirumoorthi Nagar,  999.OVERSEAS ELECTORS",ALL VOTERS
237,63,237,"Panchayat Union Middle School North Facing East Side Rathapuram vill., & Post   606707","1.Rathapuram (R.V) And (P)Ward 1 thoppu St,                  2.Rathapuram (R.V) And (P)Ward 1 Masuthi  East   St,
3.Rathapuram (R.V) And (P)Ward 1 Masuthi North  Street,4.Rathapuram (R.V) And (P)Ward 1 Masuthi back Side  St,                  5.Rathapuram (R.V) And (P)Ward 1 Kizhvanakkapadi road , 6.Rathapuram (R.V) And (P)Ward 1 Medai St,
7.Rathapuram (R.V) And (P)Ward 1 Osuramman Koil  St,          8.Rathapuram (R.V) And (P)Ward 1 Maniyakara Street, 9.Rathapuram (R.V) And (P)Ward 1 Arunthathiyar St, 10.Rathapuram (R.V) And (P)Ward 1 Yathavar St,
11.Rathapuram (R.V) And (P)Ward 1 Pal Urpathiyalar sangam St, 999.OVERSEAS ELECTORS",ALL VOTERS
238,63,238,"Panchayat Union Middle School North Facing, Building, West Side Rathapuram & Post   606707","1.Rathapuram (R.V) And (P)Ward 2 Angalamman Koil  Street, 2.Rathapuram (R.V) And (P)Ward 2 Pillikuda St, 3.Rathapuram (R.V) And (P)Ward 2 Kuyavar St,
4.Rathapuram (R.V) And (P)Ward 2 Akaram road 1 St, 5.Rathapuram (R.V) And (P)Ward 2 Samathi St, 6.Rathapuram (R.V) And (P)Ward 2 Akaram road 2 St,
7.Rathapuram (R.V) And (P)Ward 2 Veerapathiran Koil  St,
8.Rathapuram (R.V) And (P)Ward 2 Vivasaya kuduravu St,             9.Rathapuram (R.V) And (P)Ward 3 Erular South  St,       10.Rathapuram (R.V) And (P)Ward 3 Erular nadu St, 11.Rathapuram (R.V) And (P)Ward 3 Erular North  St, 12.Rathapuram (R.V) And (P)Ward 3 Erular West   St,          13.Rathapuram (R.V) And (P)Ward 3 Pnaierikkarai St,   14.Rathapuram (R.V) And (P)Ward 1 Meenavar St,       15.Rathapuram (R.V) And (P)Ward 1 Meenavar St  1 sandu ,
16.Rathapuram (R.V) And (P)Ward 2 Meenavar 2 sandu , 17.Rathapuram (R.V) And (P)Ward 2  Main road St, 999.OVERSEAS ELECTORS",ALL VOTERS
239,63,239,"Panchayat Union Middle School, North Facing Rathapuram & Village 606707","1.Rathapuram (R.V) And (P)Ward 3 asanpoor pallivasal St, 2.Rathapuram (R.V) And (P)Ward 3 Asanpoor 1 St, 3.Rathapuram (R.V) And (P)Ward 3 Asanpoor 2 St, 4.Rathapuram (R.V) And (P)Ward 3 Asanpoor 3 St, 5.Rathapuram (R.V) And (P)Ward 3 Mulism St, 6.Rathapuram (R.V) And (P)Ward 3 Old colony North  St, 7.Rathapuram (R.V) And (P)Ward 3 Old colony nadu St, 8.Rathapuram (R.V) And (P)WARD 3 Old colony West   St, 9.Rathapuram (R.V) And (P)Ward 3 Old colony mariyamman Koil  Street, 10.Rathapuram (R.V) And (P)Ward 3 Pazhacolony sandu St, 11.Rathapuram (R.V) And (P)Ward 3 Old colony new St, 12.Rathapuram (R.V) And (P)Ward 3  Main raod , 13.Rathapuram (R.V) And (P)Ward 3  Main road corss Street  1 St, 14.Rathapuram (R.V) And (P)Ward 3 New colony North  St, 15.Rathapuram (R.V) And (P)Ward 3 New colony North  St, 16.Rathapuram (R.V) And (P)Ward 3 New colony North  2 St, 17.Rathapuram (R.V) And (P)WArd 3 New colony North  St, 18.Rathapuram (R.V) And (P)Ward New Colony ricemil St, 19.Rathapuram (R.V) And (P)Ward 3 New colony  Main road , 20.Rathapuram (R.V) And (P)Ward 3 New colony South  Street, 21.Rathapuram (R.V) And (P)Ward 3 New colony West   St, 22.Rathapuram (R.V) And (P)Ward 3 Panaieri St, 23.Rathapuram (R.V) And (P)Ward Selathar kottai St, 24.Rathapuram (R.V) And (P)Ward 3 Vandimedu St, 25.Rathapuram (R.V) And (P)Ward 3 Asanpoor kollakottai , 999.OVERSEAS ELECTORS",ALL VOTERS
240,63,240,"Panchayat Union Middle School North Facing West Wing Rathapuram vill., & Post   -  606707","1.Rathapuram (R.V) And (P)Ward 4 arasampattu kudalur salai , 2.Rathapuram (R.V) And (P)Ward 4 Arasampattu North  Street, 3.Rathapuram (R.V) And (P)Ward 4 Arasampattu thuropathiyamman Koil  St,
4.Rathapuram (R.V) And (P)Ward 4 Arasampattu suyauthavi kuzhu  Building,   St, 5.Rathapuram (R.V) And (P)Ward 4 Arasampattu North  St,
6.Rathapuram (R.V) And (P)Ward 4 Arasampattu kollakottai , 7.Rathapuram (R.V) And (P)Ward 4 Akaram North  St, 8.Rathapuram (R.V) And (P)Ward 4 Akaram pallikudu Street, 9.Rathapuram (R.V) And (P)WArd 4 Akaram nadiu St, 10.Rathapuram (R.V) And (P)Ward 4 Akaram  East   St, 11.Rathapuram (R.V) And (P)WARD 4 Akaram sourh 1 St, 12.Rathapuram (R.V) And (P)Ward Agaram South  2 St, 13.Rathapuram (R.V) And (P)Ward 4 Akaram South  3 St,
14.Rathapuram (R.V) And (P)Ward 5 Thazham Odai Kuttai Karai Street, 15.Rathapuram (R.V) And (P)Ward 5 Melagaram ,
999.OVERSEAS ELECTORS",ALL VOTERS
241,63,241,"Panchayat Union Middle School, West Facing, East Building, East Wing Rathapuram & Post   606707","1.Rathapuram (R.V) And (P)WARD 5 Arunthathiyarmurugan Koil  St  thazham odai , 2.Rathapuram (R.V) And (P)Ward 5 Arunthathiyar nadu Street  thazhamodai , 3.Rathapuram (R.V) And (P)Ward 5 Over tank St  thazham odai ,
4.Rathapuram (R.V) And (P)WArd 5 Aruthathiyart corss St,
5.Rathapuram (R.V) And (P)Ward 5 Aruthathiyar South  St  thazham odai , 6.Rathapuram (R.V) And (P)Ward 5 Dazhamodai North  St,
7.Rathapuram (R.V) And (P)Ward5 thazham odai South  St, 8.Rathapuram (R.V) And (P)Ward 5 thazhamodai nadu St, 9.Rathapuram (R.V) And (P)WArd 5 Thazhamodai Goundar St,
10.Rathapuram (R.V) And (P)Ward thazhamodai mariyamman Koil  St, 11.Rathapuram (R.V) And (P)Wardd 5 Thazham Odai Pallikuda Street, 12.Rathapuram (R.V) And (P)Ward 5 Thazham Odai Therkku Street, 13.Rathapuram (R.V) And (P)Ward Thazham Odai Therkku Murugan Koil  Street, 14.Rathapuram (R.V) And (P)Ward 5 Thazhamodai Therkku 1St  Street, 15.Rathapuram (R.V) And (P)Ward 5 Thazham Odai Therkku 2nd Street, 999.OVERSEAS ELECTORS",ALL VOTERS
242,63,242,"Govt High School, Main Building, North Facing, East Room Meiyur Village & Post   606753","1.Meyyur (R.V) And (P)Ward Eswaran Koil  Street,
2.Meyyur (R.V) And (P)Ward 1 Eswaran Koil  Street  1 ,
3.Meyyur (R.V) And (P)Ward 1 Odaikkal Street,4.Meyyur (R.V) And (P)Ward 1 Odaikkal Street West   ,          5.Meyyur (R.V) And (P)Ward 1 Odaikkal Street  South  ,
6.Meyyur (R.V) And (P)Ward 2 Nethaji Street,
7.Meyyur (R.V) And (P)Ward 2 BajanaiKoil  1St  Street,          8.Meyyur (R.V) And (P)Ward 2 bajanai Koil  2nd Street,         9.Meyyur (R.V) And (P)Ward 2 bajanai Koil  sandhu , 10.Meyyur (R.V) And (P)Ward 3 ThuninjadichanPettai  sandhu ,
11.Meyyur (R.V) And (P)Ward 3 ThuninjadichadPettai  sandhu ,
12.Meyyur (R.V) And (P)Ward 3 School Street,  13.Meyyur (R.V) And (P)Ward 4 Colony ,
14.Meyyur (R.V) And (P)Ward 4 Ramapuram via road ,
15.Meyyur (R.V) And (P)Ward 5 Vinayagapuram West   ,
16.Meyyur (R.V) And (P)Ward 5 Vinayagapuram ,
17.Meyyur (R.V) And (P)Ward 5 Kalainjar road ,               999.OVERSEAS ELECTORS",ALL VOTERS
243,63,243,"Govt High School, East Building, North Facing Meiyur Village & Post   606753","1.Meyyur (r.v) and (p)Ward 1 odakkal Street  sandhu ,
2.Meyyur (R.V) And (P)Ward 2 Bajanai Koil  sandhu ,
3.Meyyur (R.V) And (P)Ward 2 Kottai mettu Street  sandhu ,
4.Meyyur (R.V) And (P)Ward 3 ThunijadiPettai  1St  Street,
5.Meyyur (R.V) And (P)Ward 3 Thuninjadichan Pettai  2nd Street,
6.Meyyur (R.V) And (P)Ward 3 ThuninjadichanPettai  3rd Street,
7.Meyyur (R.V) And (P)Ward 3 ThuninjadichanPettai  3rd cross Street,
8.Meyyur (R.V) And (P)Ward 3 School Street,
9.Meyyur (R.V) And (P)Ward 3 Colony 1St  Street,               10.Meyyur (R.V) And (P)Ward 3 colony 2nd Street,                 11.Meyyur (r.v) and (p)Ward 3 colony 3rd Street,
12.Meyyur (r.v) and (p)Ward 3 colony 4th Street,13.Meyyur (R.V) And (P)Ward 2 Kottai mettu Street,        999.OVERSEAS ELECTORS",ALL VOTERS
244,63,244,"Govt High School, South Facing Building Meiyur Village & Post   606753","1.Meyyur (r.v) and (p)Ward 4 ramapuram 1St  Street,
2.Meyyur (R.V) And (P)Ward 4 Ramapuram 2nd Street,
3.Meyyur (R.V) And (P)Ward 4 Ramapuram 3rd Street,
4.Meyyur (R.V) And (P)Ward 4 Ramapuram 4th Street,
5.Meyyur (r.v) and (p)Ward 5 vinayagapuram 1St  Street,
6.Meyyur (R.V) And (P)Ward 5 Vinayagapuram 2nd Street,
7.Meyyur (R.V) And (P)Ward 5 Vinayagapuram 3rd Street,
8.Meyyur (R.V) And (P)Ward 4 Vinayagapuram 4th Street,
9.Meyyur (R.V) And (P)Ward 4 Kalainjar Nagar,
10.Meyyur (r.v) and (p)Ward 4 thirumoorthi 1St  Street,
11.Meyyur (R.V) And (P)Ward 4 Thirumoorth nagar 2nd Street,
12.Meyyur (r.v) and (p)Ward 4 thirumoorthi 3rd Street, 999.OVERSEAS ELECTORS",ALL VOTERS
245,63,245,"Panchayat Union Middle School North Facing, South Building   nachananthal Village  varagur, Post 606753","1.Nachanandal (R.V) And (P)Ward 1 No th mettu Street, 2.Nachanandal (R.V) And (P)Ward 1 West   mettu Street, 3.Nachanandal (R.V) And (P)Ward 1 South  Mettu Street, 4.Nachanandal (r.v) and (p)Ward 1 pillayar Koil  West   sandhu , 5.Nachanandal (R.V) And (P)Ward 1 Pillayr Koil   East   sandhu , 6.Nachanandal (R.V) And (P)Ward 1 Pillayar Koil  Street, 7.Nachanandal (r.v) and (p)Ward 1 bajanai Koil  Street, 8.Nachanandal (R.V) And (P)Ward 1 North   Main road , 999.OVERSEAS ELECTORS",ALL VOTERS
246,63,246,"Panchayat Union Middle School West Facing, East Building nachananthal Village  varagur, Post   606753","1.Nachanandal (R.V) And (P)Ward 1 South   Main road , 2.Nachanandal (r.v) and (p)Ward 2 North  colony , 3.Nachanandal (R.V) And (P)Ward 2 South  colony , 4.Nachanandal (R.V) And (P)Ward 2 Kottavur Street  1 , 5.Nachanandal (r.v) and (p)Ward 2 kottavur  East   sandhu , 6.Nachanandal (R.V) And (P)Ward 2 Kottavur West   sandhu , 7.Nachanandal (R.V) And (P)Ward 2 Kottavur , 999.OVERSEAS ELECTORS",ALL VOTERS
247,63,247,"Panchayat Union Primary School, North Facing South Building Udaiyandhal thenmathur, Post   606603","1.Udaiyanandal (R.V) And (P)Ward 1 North  Street, 2.Udaiyanandal (R.V) And (P)Ward 1 Maniyakkar Street,
3.Udaiyanandal (R.V) And (P)Ward 1 Thirowbathiyamman Koil  Street, 4.Udaiyanandal (R.V) And (P)Ward 2 Karuneegar Street,
5.Udaiyanandal (R.V) And (P)Ward 2 Middle Street, 6.Udaiyanandal (R.V) And (P)Ward 2 New Street  1 , 7.Udaiyanandal (R.V) And (P)Ward 2 New Street  2 , 8.Udaiyanandal (R.V) And (P)Ward 2 New Street, 9.Udaiyanandal (R.V) And (P)Ward 2 New Street  5 , 10.Udaiyanandal (r.v) and (p)Ward 2 new Street  6 , 999.OVERSEAS ELECTORS",ALL VOTERS
248,63,248,"Panchayat Union Middle School Main Building, South Facing, West Side  Azhakananthal, Village, Kolakudi Post   606806","1.Azhaganandal (r.v) and (p)Ward 1 mettu Street, 2.Azhaganandal (r.v) and (p)Ward 1 pillayar Koil  Street, 3.Azhaganandal (R.V) And (P)Ward 1 Middle Street, 4.Azhaganandal (r.v) and (p)Ward 1 South  Street, 5.Azhaganandal (R.V) And (P)Ward 1  Main Road , 6.Azhaganandal (R.V) And (P)Ward 1 Sandhu Street, 7.Azhaganandal (R.V) And (P)Ward 1 bajanai Koil  Street, 999.OVERSEAS ELECTORS",ALL VOTERS
249,63,249,"Panchayat Union Middle School Main Building, South Facing, East Side  Azhakananthal, Village, Kolakudi Post   606806","1.Azhaganandal (R.V) And (P)Ward 2 Arunthathiar colony , 2.Azhaganandal (R.V) And (P)Ward 2 Mathurapattu Ramapuram , 3.Azhaganandal (r.v) and (p)Ward 2 adidravidar colony ,
4.Azhaganandal (R.V) And (P)Ward 2 Adidravidar Mariyamman Koil  Street, 5.Azhaganandal (R.V) And (P)Ward 2 Adidravidar Gengaiyamman Koil  Street, 6.Azhaganandal (R.V) And (P)Ward 2 Adidravidar Tank Street,
7.Azhaganandal (R.V) And (P)Ward 2 Adidravidar Karumariyamman Koil  Street , 8.Azhaganandal (R.V) And (P)Ward 2 Arunthathiar North  Veethi ,
9.Azhaganandal (R.V) And (P)Ward 2 Arunthathiar Mini Tank Street, 10.Azhaganandal (R.V) And (P)Ward 2 arunthathiar Anthoniar Koil  Street, 11.Azhaganandal (R.V) And (P)Ward 2 yesu Koil  Street,
999.OVERSEAS ELECTORS",ALL VOTERS
250,63,250,"Panchayat Union Primary School Additional Building, . West Facing, North Side Kannapanthal, kolakudi Post 606806","1.Kannapanthal (R.V) And (P)Ward 1  Main Road , 2.Kannapanthal (R.V) And (P)Ward 1 South  Veethi , 3.Kannapanthal (R.V) And (P)Ward 1 Pillaiyar Veethi , 4.Kannapanthal (r.v) and (p)Ward 1 othavadi veethi , 5.Kannapanthal (R.V) And (P)Ward 2 Thopaiyan Street, 6.Kannapanthal (R.V) And (P)Ward 2 North  Street, 7
.Kannapanthal (r.v) and (p)Ward 2 colony Street, 8.Kannapanthal (R.V) And (P)Ward 1 Kuttai Street, 9.Kannapanthal (R.V) And (P)Ward 1 Sanimedu , 10.Kannapanthal (R.V) And (P)Ward 1 Mariyamman Koil  veethi , 999.OVERSEAS ELECTORS",ALL VOTERS
251,63,251,"Panchayat Union Primary School North Facing Building, Center Room  Nadupattu Kolakudi,Post 606806","1.Nadupattu (r.v) and (p)Ward 1 pillaiyar Koil  Street, 2.Nadupattu (r.v) and (p)Ward 2 mariyamman Koil  Street, 3.Nadupattu (r.v) and (p)Ward 1 West   veethi , 4.Nadupattu (r.v) and (p)Ward 1nadu Street,
5.Nadupattu (r.v) and (p)Ward 2  East   veethi , 6.Nadupattu (r.v) and (p)Ward 1  Main road , 7.Nadupattu (R.V) And (P)Ward 1 North  veethi , 8.Nadupattu (r.v) and (p)Ward 1 South  Street, 9.Nadupattu (r.v) and (p)Ward 2 aandapattu salai , 10.Nadupattu (R.V) And (P)Ward 2 Cross Veethi , 999.OVERSEAS ELECTORS",ALL VOTERS
252,63,252,"Govt Hr Sec School South Facing, Additional Building, West Side  Kolakudi Village  &  Post   606806","1.Kolakkudi (r.v) and (p)Ward 1  Main road ( t.v.malai to thirukovilur) , 2.Kolakkudi (R.V) And (P)Ward 1 North  Street,
3.Kolakkudi (r.v) and (p)Ward 1 pillayar Koil  Street, 4.Kolakkudi (R.V) And (P)Ward 1 Mariyamman Koil  Veethi , 5.Kolakkudi (R.V) And (P)Ward 1 Ricemil sandu , 6.Kolakkudi (R.V) And (P)Ward 2 Lakshmi puram , 7.Kolakkudi (R.V) And (P)Ward 1 Kolakudi road , 8.Kolakkudi (r.v) and (p)Ward 1 pallikuda Street, 9.Kolakkudi (R.V) And (P)Ward 1 Kolakudi nadu Street, 10.Kolakkudi (R.V) And (P)Ward 1 Sanimula Street, 11.Kolakkudi (R.V) And (P)Ward 2  East   Street, 999.OVERSEAS ELECTORS",ALL VOTERS
253,63,253,"Govt Hr Sec School South Facing, Additional Building, East Side   Kolakudi Village  &  Post   606806","1.Kolakkudi (R.V) And (P)Ward 2 Old colony West   veethi , 2.Kolakkudi (R.V) And (P)Ward 2 Amman Nagar  Main road , 3.Kolakkudi (R.V) And (P)Ward 2 Sennaparai North  veethi , 4.Kolakkudi (R.V) And (P)Ward 2 Nadupattu sandu , 5.Kolakkudi (r.v) and (p)Ward 2 old colony nadu Street, 6.Kolakkudi (r.v) and (p)Ward 2 old colony  East   Street, 7.Kolakkudi (r.v) and (p)Ward 2 old colony North  Street,
8.Kolakkudi (r.v) and (p)Ward 2 old colony murugan Koil  Street, 9.Kolakkudi (R.V) And (P)Ward 2 Amman Nagar North  Street, 10.Kolakkudi (R.V) And (P)Ward 2 Amman Nagar Nadu Street, 11.Kolakkudi (r.v) and (p)Ward 2 amman nagar South  veethi , 12.Kolakkudi (R.V) And (P)Ward 2 Chennaparai South  veethi , 999.OVERSEAS ELECTORS",ALL VOTERS
254,63,254,"Panchayat Union Middle School, Middle Building, West Facing Su. Andapattu Village, Kolakudi  Post 606806","1.Su. Aandapattu (R.V) And (P)Ward 1 Anndapattu  East   Street,
2.Su. aandapattu (r.v) and (p)Ward 1 muNo or ,
3.Su. aandapattu (r.v) and (p)Ward 1 chetti Street,
4.Su. aandapattu (r.v) and (p)Ward 1 tank Street,
5.Su. aandapattu (r.v) and (p)Ward 2 nadu Street,
6.Su. Aandapattu (R.V) And (P)Ward 1 Sudugadu Street,
7.Su. Aandapattu (R.V) And (P)Ward 1 Corss Street,
8.Su. Aandapattu (R.V) And (P)Ward 2  Main road ,
9.Su. aandapattu (r.v) and (p)Ward 1 South  St,
10.Su. Aandapattu (R.V) And (P)Ward 2 Chetti Street  2 ,
11.Su. Aandapattu (R.V) And (P)Ward Chetti Street  3 ,
12.Su. Aandapattu (R.V) And (P)Ward 2 Chetti Street  cross Street,
13.Su. aandapattu (r.v) and (p)Ward 1 pallikuda Street, 999.OVERSEAS ELECTORS",ALL VOTERS
255,63,255,"Panchayat Union Middle School, North Facing Room, East Side Aradapattu & Post   606806","1.Aradapattu (r.v) and (p)Ward esvaran Koil  Street, 2.Aradapattu (R.V) And (P)Ward 2 Esvaran Koil  Street, 3.Aradapattu (r.v) and (p)Ward mariyamman Koil  Street, 4.Aradapattu (R.V) And (P)Ward 2 Esvaran Koil  Street, 5.Aradapattu (R.V) And (P)Ward 2 Nadu Street, 6.Aradapattu (R.V) And (P)Ward 2 Tank Street, 7.Aradapattu (r.v) and (p)Ward 1 pillaiyar Koil  Street, 8.Aradapattu (R.V) And (P)Ward 2 West   Street,
9.Aradapattu (r.v) and (p)Ward 2 mariyamman Koil  North  Street, 10.Aradapattu (R.V) And (P)Ward 2 Cross Salai ,
11.Aradapattu (R.V) And (P)Ward 2 Savundesvaran Koil  Street, 12.Aradapattu (r.v) and (p)Ward 2 matha Koil  Street, 13.Aradapattu (R.V) And (P)Ward 2 Matha Koil  Street, 14.Aradapattu (r.v) and (p)Ward 2 kuloathumettu Street, 15.Aradapattu (R.V) And (P)Ward 2 Poothamalli  East   Street, 16.Aradapattu (R.V) And (P)Ward 2 Poothamali South  Street, 17.Aradapattu (R.V) And (P)Ward 2 Poothamalli West   Street, 18.Aradapattu (r.v) and (p)Ward 2 vallimalai salai , 999.OVERSEAS ELECTORS",ALL VOTERS
256,63,256,"Panchayat Union Middle School, Middle Building, North Facing Aradapattu & Post   606806","1.Aradapattu (R.V) And (P)Ward 2 C.C. road ,
2.Aradapattu (R.V) And (P)Ward 2 Adhithiravidar 1 Street, 3.Aradapattu (r.v) and (p)Ward 2 adhithiravidar 2 Street, 4.Aradapattu (R.V) And (P)Ward 2 Nadu Street  Colony , 5.Aradapattu (R.V) And (P)Ward 2  Main road (colony) , 6.Aradapattu (R.V) And (P)Ward 2 Tank Street  (colony) ,
7.Aradapattu (r.v) and (p)Ward 3 mariyamman Koil  Street  (colony) , 8.Aradapattu (r.v) and (p)Ward 3 North  Street  (colony) ,
9.Aradapattu (R.V) And (P)Ward 3 North  corss Street  (colony) , 10.Aradapattu (R.V) And (P)Ward 3 Sandu Street  (colony ) , 11.Aradapattu (R.V) And (P)Ward 3 North  Mettu Street  (colony) , 12.Aradapattu (R.V) And (P)Ward Nadu Mettu Street  (colony) ,
13.Aradapattu (r.v) and (p)Ward 3 mettu pillaiyar Koil  Street  (colony ) , 14.Aradapattu (r.v) and (p)Ward 3 South  mettu Street  (colony) ,
999.OVERSEAS ELECTORS",ALL VOTERS
257,63,257,"Panchayat Union Primary School, East Facing, South Side Kattampoondi Village & Post   606806","1.Kattampondi (R.V) And (P)Ward Pallivasal Street, 2.Kattampondi (R.V) And (P)Ward Pallivasal  East   Street, 3.Kattampondi (R.V) And (P)Ward Post   Office Street, 4.Kattampondi (R.V) And (P)Ward Middle Street, 5.Kattampondi (R.V) And (P)Ward Murugar Koil  Street, 6.Kattampondi (R.V) And (P)Ward Murugar Koil  Street, 999.OVERSEAS ELECTORS",ALL VOTERS
258,63,258,"Panchayat Union Primary School, East Facing, South Side Kattampoondi Village & Post   606806","1.Kattampondi (R.V) And (P)Ward Chinnaiyan Pettai  Street,
2.Kattampondi (R.V) And (P)Ward ChinnaiyanPettai  kurukku Street, 3.Kattampondi (R.V) And (P)Ward School Street,
4.Kattampondi (R.V) And (P)Ward School cross Street, 5.Kattampondi (R.V) And (P)Ward Kosapalaya Street, 6.Kattampondi (R.V) And (P)Ward Thirumoorthi Nagar, 7.Kattampondi (R.V) And (P)Ward Pappampadi salai , 8.Kattampondi (R.V) And (P)Ward Mariyamman Koil  Street, 9.Kattampondi (R.V) And (P)Ward Mettu Street  West   , 10.Kattampondi (R.V) And (P)Ward Mettu Street  North  Side , 11.Kattampondi (R.V) And (P)Ward Mettu Street, 999.OVERSEAS ELECTORS",ALL VOTERS
259,63,259,"Panchayat Union Primary School, East Facing Building, North Side Kattampoondi Village & Post 606806","1.Kattampondi (R.V) And (P)Ward 2 New Street  1St  Street,
2.Kattampondi (r.v) and (p)Ward 3 naduStreet  pillaiyarKoil  Street, 3.Kattampondi (R.V) And (P)Ward 2 Telephone Office Street,
4.Kattampondi (R.V) And (P)Ward 2 Perumal Koil  Street,
5.Kattampondi (R.V) And (P)Ward 2 New Street  Pillaiyar Koil  Street, 6.Kattampondi (R.V) And (P)Ward 3 ManallurPettai   Main road ,
7.Kattampondi (R.V) And (P)Ward 3 ManallurPettai   Main road 4 Street, 999.OVERSEAS ELECTORS",ALL VOTERS
260,63,260,"Govt. High Secondary School, East Facing, North Side 2nd Building Kattampoondi Village & Post   606806","1.Kattampondi (R.V) And (P)Ward 3 Vallimalai Thenkizhakku Street, 2.Kattampondi (R.V) And (P)Ward 3 T.V.Room Street,
3.Kattampondi (R.V) And (P)Ward 3 Kollaikotta ,
4.Kattampondi (R.V) And (P)Ward 3 Vallimalai Pillaiyar Koil  Street, 5.Kattampondi (R.V) And (P)Ward 3 Vallimalai Vadakizhakku Street, 6.Kattampondi (R.V) And (P)Ward 3 Vallimalai OHT Street,
7.Kattampondi (R.V) And (P)Ward 3 Vallimalai North  Street,
8.Kattampondi (r.v) and (p)Ward 3 vallimalai mariyamman Koil  Street, 9.Kattampondi (R.V) And (P)Ward 3 Vallimalai 1St  Street,
10.Kattampondi (R.V) And (P)Ward 3 Vallimalai 2nd Street, 11.Kattampondi (R.V) And (P)Ward 3 Vallimalai 3rd Street,
12.Kattampondi (R.V) And (P)Ward 3 ManallurPettai   Main road 1St  Street, 13.Kattampondi (R.V) And (P)Ward 3 ManallurPettai   Main road 2nd Street, 14.Kattampondi (R.V) And (P)Ward 3 School Street,
15.Kattampondi (R.V) And (P)Ward 3 Busshetter Street, 16.Kattampondi (R.V) And (P)Ward 2 Moorkula Street,
17.Kattampondi (R.V) And (P)Ward 3 Ayil rettiyapalayam School Street, 18.Kattampondi (R.V) And (P)Ward 3 Mettu Street,
19.Kattampondi (R.V) And (P)Ward 3 AmmanKoil  Street, 999.OVERSEAS ELECTORS",ALL VOTERS
261,63,261,"Panchayat Union Middle School, North Side First Building Middle Room East Facing Pavupattu Village , Paraiyampattu,Post   606753","1.Pavupattu (R.V) And (P)Ward 1 Sanimulai Street, 2.Pavupattu (R.V) And (P)Ward 1 Pillaiyar Koil  Street, 3.Pavupattu (R.V) And (P)Ward 1 pillaiyar Koil  sandu , 4.Pavupattu (R.V) And (P)Ward 1 FirSt  sandu Street, 5.Pavupattu (R.V) And (P)Ward 1 Erumpoondiyan Street, 6.Pavupattu (R.V) And (P)Ward 1 Poosari Street, 7.Pavupattu (R.V) And (P)Ward 1 Seeravupattu Street, 8.Pavupattu (R.V) And (P)Ward 2 Seeravupattu mettu Street, 9.Pavupattu (R.V) And (P)Ward 2 Ricemil Street, 10.Pavupattu (R.V) And (P)Ward 2 Kulathu mettu Street,
11.Pavupattu (R.V) And (P)Ward 2 Kulathu mettu 1 Street  sandu , 12.Pavupattu (R.V) And (P)Ward 2 Kulathumettu nayudu colony , 13.Pavupattu (R.V) And (P)Ward 2 Kandiyangppam road , 14.Pavupattu (R.V) And (P)Ward 2 Padasalai Street,
15.Pavupattu (R.V) And (P)Ward 2  Main road , 16.Pavupattu (r.v) and (p)Ward 2 mettu Street, 17.Pavupattu (R.V) And (P)Ward 2Vellaikuttai  Main road , 18.Pavupattu (R.V) And (P)Ward 2 Vellikuttaimettu Street, 19.Pavupattu (R.V) And (P)Ward 2 Aruthathiyar colony , 20.Pavupattu (R.V) And (P)Ward 2 Nayudu Street, 21.Pavupattu (R.V) And (P)Ward 2 Vellikuttai  East   Street, 22.Pavupattu (R.V) And (P)Ward 2 Kulathu mettu 2 Street, 23.Pavupattu (R.V) And (P)Ward 2 T.V.malai road , 999.OVERSEAS ELECTORS",ALL VOTERS
262,63,262,"Panchayat Union Middle School, East Facing Building, North Side Pavupattu Village , Paraiyampattu,Post 606753","1.Pavupattu (R.V) And (P)Ward 3 Elikutthi  East   Street, 2.Pavupattu (R.V) And (P)Ward 3 Elikutthi Koil  Street, 3.Pavupattu (R.V) And (P)Ward 3 School Street , , 4.Pavupattu (R.V) And (P)Ward 3 School opposite sandhu , 5.Pavupattu (R.V) And (P)Ward 3 Middle Street, 6.Pavupattu (R.V) And (P)Ward 3 Tank North  Street, 7.Pavupattu (R.V) And (P)Ward 3 Tank West   Street, 8.Pavupattu (R.V) And (P)Ward 3 Elikutthi  Main road , 9.Pavupattu (R.V) And (P)Ward 3 Eradi  Main road , 10.Pavupattu (R.V) And (P)Ward 4 Eradi  East   Street, 11.Pavupattu (R.V) And (P)Ward 4 Eradi School Street,
12.Pavupattu (R.V) And (P)Ward 4 Eradi School  East   Street, 13.Pavupattu (R.V) And (P)Ward 4 Eradi Murugar Koil  Street,
14.Pavupattu (R.V) And (P)Ward 4 Eradi Kamachiyamman Koil  Street, 999.OVERSEAS ELECTORS",ALL VOTERS
263,63,263,"Panchayat Union Middle School, North Facing West Building  Pavupattu Village , Paraiyampattu,Post 606753","1.Pavupattu (R.V) And (P)Ward 4 Eradi Tank Street,
2.Pavupattu (R.V) And (P)Ward 3 Eradi Mariyamman Koil  Street, 3.Pavupattu (R.V) And (P)Ward 4 Eradi kulatthu mettu Street, 4.Pavupattu (R.V) And (P)Ward 4 colony  East   Street, 5.Pavupattu (R.V) And (P)Ward 4 colony North  Street,
6.Pavupattu (R.V) And (P)Ward 4 colony North  Street   East   cross Street, 7.Pavupattu (R.V) And (P)Ward 4 colony North  Street  West   cross Street, 8.Pavupattu (R.V) And (P)Ward 4 colony mariyamman Koil  Street,
9.Pavupattu (R.V) And (P)Ward 4 colony Middle  East   part , 10.Pavupattu (r.v) and (p)Ward 4 colony Middle West   part ,
11.Pavupattu (R.V) And (P)Ward 4 colony Katampoondi  Main road West   part , 12.Pavupattu (R.V) And (P)Ward 4 colony Kattampoondi  Main road  East   part , 999.OVERSEAS ELECTORS",ALL VOTERS
264,63,264,"Panchayat Union Middle School, East Facing West Building, North Side  Varagur  Village & Post    606753","1.Varagur (R.V) And (P)Ward 2 New Colony North  St,
2.Varagur (R.V) And (P)Ward 2 Newcolony Middle St,
3.Varagur (R.V) And (P)Ward 2 New colony South  St,
4.Varagur (R.V) And (P)Ward 2 Oldcolony Pillaiyar Koil  St,
5.Varagur (R.V) And (P)Ward 2 OldColony 1St  St,
6.Varagur (R.V) And (P)Ward 2 Old Colony 2nd St,
7.Varagur (R.V) And (P)Ward 2 Old Colony 3rd St,
8.Varagur (R.V) And (P)Ward 2 Old Colony 4th St,
9.Varagur (R.V) And (P)Ward 2 Old colony 5th St,
10.Varagur (R.V) And (P)Ward 2 Old colony 6th St,
11.Varagur (R.V) And (P)Ward 2 old colony  Main rd ,
12.Varagur (R.V) And (P)Ward 2 old colony West   St, 999.OVERSEAS ELECTORS",ALL VOTERS
265,63,265,"Panchayat Union Middle School, East Facing West Building, South Side  Varagur  Village & Post    606753","1.Varagur (R.V) And (P)Ward 1  East   Street  1 ,
2.Varagur (R.V) And (P)Ward 1  East   Street  2 ,
3.Varagur (R.V) And (P)Ward 1 Palla Street,
4.Varagur (R.V) And (P)Ward 1  East   Street  3 ,
5.Varagur (R.V) And (P)Ward 1  East   Street  4 ,
6.Varagur (R.V) And (P)Ward 1 Tank Street,
7.Varagur (R.V) And (P)Ward 1 Tank Cross Street,
8.Varagur (R.V) And (P)Ward 1 and 2 Varagoor  Main Rd ,
9.Varagur (R.V) And (P)Ward 2 Mariamman Koil  Street,
10.Varagur (R.V) And (P)Ward 1 Anna Nagar  Main Rd ,
11.Varagur (R.V) And (P)Ward 1 Anna Nagar North  Street,
12.Varagur (R.V) And (P)Ward 1 Anna Nagar South  St, 999.OVERSEAS ELECTORS",ALL VOTERS
266,63,266,"Panchayat Union Elementary School, South Facing Se.Kudalur Village, Serpapattu Post   606753","1.Se.Gudalur (R.V) And (P)Ward 1 Se.Gudalur vadakku Street, 2.Se.Gudalur (R.V) And (P)Ward 1 Se.Gudalur Merkku Street, 3.Se.Gudalur (R.V) And (P)Ward 1 Se.Gudalur Pillaiyar Koil  Street, 4.Se.Gudalur (R.V) And (P)Ward 1 Se.Gudalur Aacheri Street, 5.Se.Gudalur (R.V) And (P)Ward 1 Se.Gudalur Therkku Street, 6.Se.Gudalur (R.V) And (P)Ward 1 Se.Gudalur Pallikuda Street, 7.Se.Gudalur (R.V) And (P)Ward 1 Se.Gudalur  Main Road , 8.Se.Gudalur (R.V) And (P)Ward 1 Sirupakkam Road ,
9.Se.gudalur (r.v) and (p)Ward 1 se.gudalur mariamman kovil therkku Street, 10.Se.Gudalur (R.V) And (P)Ward 1 Se.Gudalur Mariamman Koil  Vadakku Street, 11.Se.Gudalur (R.V) And (P)Ward 2 Merkku Kamatchiyanthal PalliKuda Street, 12.Se.Gudalur (R.V) And (P)Ward 2 Merkku Kamachiyanthal Vadakku Street, 13.Se.Gudalur (R.V) And (P)Ward 2 KIzhakku Kamatchiyanthal Merkku Street, 14.Se.Gudalur (R.V) And (P)Ward 2 Kizhakku Kamatchiyanthal Vadakku Street, 999.OVERSEAS ELECTORS",ALL VOTERS
267,63,267,"Panchayat Union Elementary School,West Facing Se.kudalur Village, serpapattu Post   606753","1.Se.Gudalur (R.V) And (P)Ward 2 Se.Gudalur Pudhiya Colony 1St  Street, 2.Se.Gudalur (R.V) And (P)Ward 2 Se.Gudalur Puhiya Colony 2nd Street, 3.Se.Gudalur (R.V) And (P)Ward 2 Se.Gudalur Pudhiya Colony 3rd Street, 4.Se.Gudalur (R.V) And (P)Ward 2 Se.Gudalur Pudhiya colony Kizhakku Street, 5.Se.Gudalur (R.V) And (P)Ward 2 S.Koodalur Pudhiya Colony 4th St  ree , 6.Se.Gudalur (R.V) And (P)Ward 2 Se.Gudalur Pudhiya Colony 5th Street, 7.Se.Gudalur (R.V) And (P)Ward 2 Se.Gudalur Pudhiya Colony 6th Street, 8.Se.Gudalur (R.V) And (P)Ward 2 Se.Gudalur Pudhiya Colony 7th Street, 9.Se.Gudalur (R.V) And (P)Ward 2 Se.Gudalur Pudhiya Colony 8th Street, 10.Se.Gudalur (R.V) And (P)Ward 2 Se.Gudalur Pudhiya Colony 9th Street, 11.Se.Gudalur (R.V) And (P)Ward 3 Se.Gudalur Old Colony  Main Road , 12.Se.Gudalur (R.V) And (P)Ward 3 Se.Gudalur Old Colony 1St r Street, 13.Se.Gudalur (R.V) And (P)Ward Se.Gudalur Old Colony 2nd Street, 14.Se.Gudalur (R.V) And (P)Ward 3 Se.Gudalur Old Colony 3rd Street, 15.Se.Gudalur (R.V) And (P)Ward 3 Se.Gudalur Old Colony 4th Street, 16.Se.Gudalur (R.V) And (P)Ward 3 Se.Gudalur Old Colony 5th Street, 17.Se.Gudalur (R.V) And (P)Ward 3 Se.Gudalur  Old Colony 6th Street, 18.Se.Gudalur (R.V) And (P)Ward 3 Se.Gudalur Old Colony Serpapattu Road , 999.OVERSEAS ELECTORS",ALL VOTERS
268,63,268,"Panchayat Union Middle School,North Facing Serppapattu Village & Post   606753","1.Serpapattu (R.V) And (P)Ward 1 pillayar Koil  St ., , 2.Serpapattu (R.V) And (P)Ward 1 Sippikulam South  St ., , 3.Serpapattu (R.V) And (P)Ward 1 Sippikulam Middle St ., , 4.Serpapattu (r.v) and (p)Ward 1 West   St ., ,
5.Serpapattu (R.V) And (P)Ward 1 Sippikulam North  St ., , 6.Serpapattu (R.V) And (P)Ward 1 Veppampatti  East   St ., , 7.Serpapattu (R.V) And (P)Ward 1 Veppampatti North  St ., , 8.Serpapattu (R.V) And (P)Ward 1 Veppampatti South  St ., , 9.Serpapattu (R.V) And (P)Ward 1 Serppapattu School St ., , 10.Serpapattu (R.V) And (P)Ward 1 Serppapattu 1St  cross St ., , 1.Serpapattu (R.V) And (P)Ward 1 Serppapattu 2nd cross St ., , 12.Serpapattu (R.V) And (P)Ward 1 Serpapattu Minukku St ., , 13.Serpapattu (r.v) and (p)Ward 1 vanapuram  Main road ,
14.Serpapattu (R.V) And (P)Ward 1 Serppapattu colony Mupanar Koil  St ., , 15.Serpapattu (R.V) And (P)Ward 2 Serppapattu colony Mariyamman Koil  St ., , 16.Serpapattu (R.V) And (P)Ward 2 Serppapattu colony Tank St ., ,
17.Serpapattu (R.V) And (P)Ward 2 S. Mottur , 18.Serpapattu (R.V) And (P)Ward 2 Kiliapattinam ,
19.Serpapattu (R.V) And (P)Ward 1 Thuringi kuppam (Karungal) , 999.OVERSEAS ELECTORS",ALL VOTERS
269,63,269,"Panchayat union Middle school, North facing Serpapattu Village & Post   606753","1.Vakkilapattu (R.V) Serpapattu (P)Ward 3 Vakkilapattu kadai veethi , 2.Vakkilapattu (R.V) Serpapattu (P)Ward 3 Vakkilapattu Perumal Koil  St ., , 3.Vakkilapattu (R.V) Serpapattu (P)Ward 3 Vakkilapattu Perumal Koil  cross St ., , 4.Vakkilapattu (R.V) Serpapattu (P)Ward 3 Vakkilapattu Middle St ., , 5.Vakkilapattu (R.V) Serpapattu (P)Ward 3 Vakkilapattu West   St ., , 6.Vakkilapattu (R.V) Serpapattu (P)Ward 3 VAkkilapattu Tank St ., , 7.Vakkilapattu (R.V) Serpapattu (P)Ward 3 Thurinjikuppam Gangaiyamman Koil  St ., ,
8.Vakkilapattu (R.V) Serpapattu (P)Ward 3 Thurinjikuppam Kinaru St ., , 9.Vakkilapattu (R.V) Serpapattu (P)Ward 3 Thurinjikuppam Pillayar Koil  St ., , 10.Vakkilapattu (R.V) Serpapattu (P)Ward 3 Vakkilapattu North   Main Road , 11.Vakkilapattu (r.v) serpapattu (p)Ward 3 vakkilapattu  Main road  East , 12.Vakkilapattu (R.V) Serpapattu (P)Ward 3 North  Ponnaiyal , 13.Vakkilapattu (R.V) Serpapattu (P)Ward 3  Main Ponvayal ,
999.OVERSEAS ELECTORS",ALL VOTERS
270,63,270,"Panchayat Union Primary School,South Facing, North Building,  Thenkarimpalur Village & Post   606753","1.Thenkarimbalur (R.V) And (P)Ward 1 Pillayar Koil  Street, 2.Thenkarimbalur (R.V) And (P)Ward 1 School Street  1 ,
3.THEN KARIMBALUR (PT)Ward 1  East   Street  2 ,
4.Thenkarimbalur (R.V) And (P)Ward 1  East   Street  2 , 5.Thenkarimbalur (R.V) And (P)Ward 1 School Street  2 , 6.Thenkarimbalur (R.V) And (P)Ward 1 School Street  3 ,
7.Thenkarimbalur (R.V) And (P)Ward 1 Mariyamman Koil  Street, 8.Thenkarimbalur (R.V) And (P)Ward 1 Sither Street  1 ,
9.Thenkarimbalur (R.V) And (P)Ward 1 Sither Street  2 , 10.Thenkarimbalur (R.V) And (P)Ward 1 Middle Street, 11.Thenkarimbalur (R.V) And (P)Ward 1 Sither Street  3 ,
12.THEN KARIMBALUR (PT)Ward 1 Konar Street, 13.Thenkarimbalur (R.V) And (P)Ward 1 Masoothi Street, 14.Thenkarimbalur (R.V) And (P)Ward 1 Muslim Street,
15.Thenkarimbalur (R.V) And (P)Ward 2 Kulatthu Mettu Street, 16.Thenkarimbalur (R.V) And (P)Ward 2 Kulatthu mettu Street  2 , 17.Thenkarimbalur (R.V) And (P)Ward 2 Thenmudianur Road , 18.Thenkarimbalur (R.V) And (P)Ward 2 Kulatthu Mettu Street, 19.Thenkarimbalur (R.V) And (P)Ward 2 Kudalur Road Street,
999.OVERSEAS ELECTORS",ALL VOTERS
271,63,271,"Panchayat Union Primary School, South Facing North Side Building, North Facing Building North  Facing Building,thenkarimpalur 606753","1.Thenkarimbalur (R.V) And (P)Ward 2 Adidravidar colony 1 , 2.Thenkarimbalur (R.V) And (P)Ward 2 Adidravidar colony 2 , 3.Thenkarimbalur (R.V) And (P)Ward 2 Adidravidar colony 3 , 4.Thenkarimbalur (R.V) And (P)Ward 2 Pillayar Koil  St ., ,
5.Thenkarimbalur (R.V) And (P)Ward 3 Adidravidar colony Mettu St ., , 6.Thenkarimbalur (R.V) And (P)Ward 3 Adidravidar colony Mettu Street  2 , 7.Thenkarimbalur (R.V) And (P)Ward 3 Adidravidar colony Mettu Street  3 , 999.OVERSEAS ELECTORS",ALL VOTERS
272,63,272,"Panchayat Union Primary School, East Side Building, South Facing Thenkarimpalur Village & Post   -606753","1.Thenkarimbalur (R.V) And (P)Ward 3 Arunthathiar Street,
2.Thenkarimbalur (R.V) And (P)Ward 3 Arunthathiar colony 1 , 3.Thenkarimbalur (R.V) And (P)Ward 3 Arunthathiar colony 2 , 4.Thenkarimbalur (R.V) And (P)Ward 3  Main Road , 5.Thenkarimbalur (R.V) And (P)Ward 3 Middle St ., ,
6.Thenkarimbalur (R.V) And (P)Ward 3 Arunthathiar colony Street  3 , 7.Thenkarimbalur (R.V) And (P)Ward 3 Ponvayal ,
8.Thenkarimbalur (R.V) And (P)Ward 2 Kulathu Mettu Street, 999.OVERSEAS ELECTORS",ALL VOTERS
273,63,273,"Panchayat Union Elementary School, West Facing Building, North Side Room  Kampattu Village, Varagur Post   606753","1.Kampattu (R.V) And (P)Ward 1 odaikkal Street,
2.Kampattu (R.V) And (P)Ward 1 Pallikuda Street,
3.Kampattu (R.V) And (P)Ward 1 Kurukku Street,
4.Kampattu (R.V) And (P)Ward 1 Seema ottu Street,
5.Kampattu (R.V) And (P)Ward 1 Mettu Street,
6.Kampattu (R.V) And (P)Ward 1 Kalyana Mandapa Street, 999.OVERSEAS ELECTORS",ALL VOTERS
274,63,274,"Panchayat Union Elementary School, West Facing Building, South Side Room  Kampattu Village, Varagur Post   606753","1.Kampattu (r.v) and (p)Ward 2 kampattu  Main road ,
2.Kampattu (R.V) And (P)Ward 1 Milk Society Street,
3.Kampattu (R.V) And (P)Ward 2 Bajanai Koil  Street,
4.Kampattu (R.V) And (P)Ward 2 Tankap Street,
5.Kampattu (r.v) and (p)Ward 2 kolla kottai ,
6.Kampattu (R.V) And (P)Ward 2 Old Colony Nadu Street,
7.Kampattu (R.V) And (P)Ward 2 Old Colony 1St  Street,
8.Kampattu (R.V) And (P)Ward 2 Old Colony 2nd Street,
9.Kampattu (R.V) And (P)Ward 2 Old Colony 3rd Street, 10.Kampattu (R.V) And (P)Ward 2 Old Colony 4th Street, 11.Kampattu (R.V) And (P)Ward 2 Pudhiya Colony 1St  Street , 12.Kampattu (R.V) And (P)Ward 2 Pudhiya Colony 2nd Street, 13.Kampattu (R.V) And (P)Ward 2 Pudhiya Colony 3rd Street, 14.Kampattu (R.V) And (P)Ward 2 Pudhiya Colony 4th Street, 15.KAMPATTU (PT)Ward 2 Pudhiya Colony 5th Street, 999.OVERSEAS ELECTORS",ALL VOTERS
275,63,275,"Govt Hr Sec School, Room No.11, West Facing Building Vanapuram Village & Post   606753","1.Vanapuram (R.V) And (P)Ward 1 mariyamman Koil  St ., , 2.Vanapuram (R.V) And (P)Ward 1 Mathiyapattinam St ., , 3.Vanapuram (R.V) And (P)Ward 1 Sangarapuram  Main Road , 4.Vanapuram (R.V) And (P)Ward 1 Gengaiyamman Koil  St ., , 5.Vanapuram (R.V) And (P)Ward 1 Ayyar nilam new St ., , 6.Vanapuram (R.V) And (P)Ward 1 Thachampattu Road , 7.Vanapuram (R.V) And (P)Ward 1 PWD Qwartrs St ., , 8.Vanapuram (R.V) And (P)Ward 1 Kanakkupillai St ., , 9.Vanapuram (R.V) And (P)Ward 1 Ayyar veetu nilam St ., , 10.Vanapuram (R.V) And (P)Ward 1 Gendiyar St ., , 11.Vanapuram (R.V) And (P)Ward 1 Post   Office St ., , 12.Vanapuram (R.V) And (P)Ward 1 Cycle St ., ,
999.OVERSEAS ELECTORS",ALL VOTERS
276,63,276,"Govt Hr Sec School, Room No .13, West Facing Building Vanapuram Village & Post   606753","1.Vanapuram (R.V) And (P)Ward 2 Palla Street, 2.Vanapuram (R.V) And (P)Ward 2 Palla Street  2 , 3.Vanapuram (R.V) And (P)Ward 2 Palla St  3 , 4.Vanapuram (R.V) And (P)Ward 2 St ate Bank St ., , 5.Vanapuram (R.V) And (P)Ward 2 Akkiretti St ., , 6.Vanapuram (R.V) And (P)Ward 2 Valayalkara St ., ,
7.Vanapuram (r.v) and (p)Ward 2 sangarapuram  Main road , 8.Vanapuram (R.V) And (P)Ward 2 Samanathapillai St ., , 9.Vanapuram (R.V) And (P)Ward 2 Pillayar Koil  St ., , 10.Vanapuram (R.V) And (P)Ward 2 Sambasivam St ., , 11.Vanapuram (R.V) And (P)Ward 2 Sangarapuram  Main Road , 999.OVERSEAS ELECTORS",ALL VOTERS
277,63,277,"Govt Hr Sec School, West Facing Building, Middle Side
, Room No.17  Vanapuram Village & Post   606753","1.Vanapuram (R.V) And (P)Ward 2 Renu Rettiyar St ., , 2.Vanapuram (R.V) And (P)Ward 2 Maniyakara St ., , 3.VANAPURAM (PT)Ward 2 Akkupadi St ., , 4.Vanapuram (R.V) And (P)Ward 2 EB Office Road ,
5.Vanapuram (R.V) And (P)Ward 2 Pillayar Koil  St ., ( East  ) ,
6.Vanapuram (R.V) And (P)Ward 3 Tiruvannamalai to Sangarapuram via road , 7.Vanapuram (R.V) And (P)Ward 4 Police St  1 ,
8.Vanapuram (R.V) And (P)Ward 4 Police St  2 , 9.Vanapuram (R.V) And (P)Ward 4 Mineral water St ., ,
10.Vanapuram (R.V) And (P)Ward 4 Kulatthu mettu Street  2 , 11.VANAPURAM (PT)Ward 4 Kulatthu Mettu Street  1 , 12.Vanapuram (R.V) And (P)Ward 4 Kulatthu Mettu St  3 , 13.Vanapuram (R.V) And (P)Ward 4 School St ., , 14.Vanapuram (R.V) And (P)Ward 4 Tank St ., , 999.OVERSEAS ELECTORS",ALL VOTERS
278,63,278,"Govt Hr Sec School, Room No . 22, North Facing Building Vanapuram Village & Post   606753","1.Vanapuram (R.V) And (P)Ward 3 thachampattu road , 2.Vanapuram (R.V) And (P)Ward 3 Ambetkat Nagar South  , 3.Vanapuram (R.V) And (P)Ward 3 Murugan Koil  St ., , 4.Vanapuram (R.V) And (P)Ward 3 Vattan St ., ,
5.Vanapuram (R.V) And (P)Ward 3 Ambetkar Nagar Kandhi St ., , 6.Vanapuram (R.V) And (P)Ward 3 Ladis HoSt el St ., , 7.Vanapuram (R.V) And (P)Ward 3 Murugan Koil  St ., ,
8.Vanapuram (R.V) And (P)Ward 3 Amberkar Nagar Amman Koil  St ., , 9.Vanapuram (R.V) And (P)Ward 3 Gengaiyamman Koil  St ., ,
999.OVERSEAS ELECTORS",ALL VOTERS
279,63,279,"Govt Hr Sec School, Room No .18, West Facing Main Building,South Part  Vanapuram Village & Post 606753","1.Vanapuram (R.V) And (P)Ward 4 Hr.Sec.School St ., , 2.Vanapuram (R.V) And (P)Ward 4 Sitheri Karai St ., , 3.Vanapuram (R.V) And (P)Ward 4 Sathya St ., ,
4.Vanapuram (R.V) And (P)Ward 4 Sangarapuram to Tiruvannamalai  Main road , 5.Vanapuram (R.V) And (P)Ward 4 M.G.R. Nagar 1St  St ., ,
6.Vanapuram (R.V) And (P)Ward 4 Samuvel Kollai St ., , 7.Vanapuram (R.V) And (P)Ward 4 No orgampadi  Main Road , 8.Vanapuram (R.V) And (P)Ward 4 Mariyamman Koil  St ., , 9.Vanapuram (R.V) And (P)Ward 4 No okampadi Middle St ., , 10.Vanapuram (R.V) And (P)Ward 4 No okampadi North  St ., , 999.OVERSEAS ELECTORS",ALL VOTERS
280,63,280,"Panchayat Union Primary School, East Facing Kungiliyanatham, Village,Vanapuram Post   606753","1.Kungiliyanatham (R.V) Vanapuram (P)Ward 4 Eri Street, 2.Kungiliyanatham (R.V) Vanapuram (P)Ward 4 Palla Street, 3.Kungiliyanatham (R.V) Vanapuram (P)Ward 4 School Street, 4.Kungiliyanatham (R.V) Vanapuram (P)Ward 4 North  Street,
5.Kungiliyanatham (R.V) Vanapuram (P)Ward 4 Middle Street, 6.Kungiliyanatham (R.V) Vanapuram (P)Ward 4 North  Street . , 7.Kungiliyanatham (R.V) Vanapuram (P)Ward 4 New Street,
8.Kungiliyanatham (R.V) Vanapuram (P)Ward 4 Kottayur Street, 9.Kungiliyanatham (R.V) Vanapuram (P)Ward 4 perayampattu Road Street,               10.Kungiliyanatham (r.v) vanapuram (p)Ward 4 kallakurichi  Main road , 999.OVERSEAS ELECTORS",ALL VOTERS
281,63,281,"Panchayat Union Elementary School, East Facing, West part Building, Mazhuvzmpzttu(H),Kungiliyanatham Village,Vanapuram Post 606753","1.Mazhuvampattum (R.V) Vanapuram (P)Ward 5 Erikarai Street  1 , 2.Mazhuvampattum (R.V) Vanapuram (P)Ward 5 Erikkarai St ., , 3.Mazhuvampattum (R.V) Vanapuram (P)Ward 5 Kaliyamman Koil  Street,                  4.Mazhuvampattum (R.V) Vanapuram (P)Ward 5 Nutrition Street,   5.Mazhuvampattum (R.V) Vanapuram (P)Ward 5 Odai Street, 6.Mazhuvampattum (R.V) Vanapuram (P)Ward 5 Mayana Street, 7.Mazhuvampattum (r.v) vanapuram (p)Ward 5 School Street, 8.Mazhuvampattum (R.V) Vanapuram (P)Ward 5 Kozhipannai Street,",ALL VOTERS
282,63,282,"Grama sevai Maiya Building,North Facing, Perunduraipattu Village & Post   606753","1.Perunduraipattu (R.V) And (P)Ward 1 KallaKuruchi Thar Road , 2.Perunduraipattu (R.V) And (P)Ward 1 KallaKuruchi Road ,
3.Perunduraipattu (r.v) and (p)Ward 1 mariamman Koil  Street, 4.Perunduraipattu (R.V) And (P)Ward 1 Mariamman Kovil Street  (Therkku) , 5.Perunduraipattu (R.V) And (P)Ward 1 Mariamman Koil  Kizhakku Street, 6.Perunduraipattu (R.V) And (P)Ward 1 Maduvangarai Road
,
7.Perunduraipattu (R.V) And (P)Ward 1 Kallakuruchi Road 2 , 999.OVERSEAS ELECTORS",ALL VOTERS
283,63,283,"Icds centre, South Facing Perunduraipattu & Post 606753","1.Perunduraipattu (R.V) And (P)Ward 2 Edakkal Road , 2.Perunduraipattu (R.V) And (P)Ward 2 Matha Koil  Street,
.Perunduraipattu (R.V) And (P)Ward 2 Matha Koil  Street, 4.Perunduraipattu (R.V) And (P)Ward 2 Matha Koil  Street, 5.Perunduraipattu (R.V) And (P)Ward 2 Nadapathai Street, 6.Perunduraipattu (R.V) And (P)Ward 2 Vandipathai Street, 7.Perunduraipattu (R.V) And (P)Ward 2 Matha Koil  Street, 8.Perunduraipattu (R.V) And (P)Ward 2 Matha Koil l Street, 9.Perunduraipattu (R.V) And (P)Ward 2 Matha Koil  Street, 10.Perunduraipattu (R.V) And (P)Ward 2 Matha Koil  Street, 11.Perunduraipattu (R.V) And (P)Ward 2 Matha Koil  Street, 12.Perunduraipattu (R.V) And (P)Ward 2 Vayakkal Street, 999.OVERSEAS ELECTORS",ALL VOTERS
284,63,284,"Panchayat union elementary school, south part, north facing Backside building,  Edakkal vill & post. 606753","1.Edakkal (R.V) And (P)Ward 3 Tiruvannamalai 1 ,
2.Edakkal (R.V) And (P)Ward 3 Kulathu Mettu Street  1 ,
3.Edakkal (R.V) And (P)Ward 3 Kulathu Mettu Street  2 ,
4.Edakkal (R.V) And (P)Ward 3 Pallikuda Street  1 ,
5.Edakkal (R.V) And (P)Ward 3 Pallikuda Street  2 ,
6.Edakkal (R.V) And (P)Ward 3 Ambedkar Kizhakku Street,
7.Edakkal (R.V) And (P)Ward 3 Ambedkar Merkku Street,
8.Edakkal (R.V) And (P)Ward 3 Ambedkar Street  1 ,
9.Edakkal (R.V) And (P)Ward 3 Ambedkar Street  2 ,
10.Edakkal (R.V) And (P)Ward 3 Valluvar Street  1 ,
11.Edakkal (R.V) And (P)Ward 3 Valluvar Street  2 ,
12.Edakkal (R.V) And (P)Ward 3 Valluvar Street  3 ,
13.Edakkal (R.V) And (P)Ward 3 Melanthal Road ,
14.Edakkal (R.V) And (P)Ward 3 Valluvar Street  4 ,
15.Edakkal (R.V) And (P)Ward 3 Valluvar Street  5 ,
16.Edakkal (R.V) And (P)Ward 3 Valluvar Street  6 ,
17.Edakkal (R.V) And (P)Ward 3 Valluvar Street  7 ,
18.Edakkal (R.V) And (P)Ward 3 Merkku Street,
19.Edakkal (R.V) And (P)Ward 3 Kolla Kotta , 999.OVERSEAS ELECTORS",ALL VOTERS
285,63,285,"Panchayat Union Middle School, West Facing West Side Building Perayampattu 606753","1.Perayampattu (R.V) And (P)Ward 1 Aerykarai Street, 2.Perayampattu (R.V) And (P)Ward 1 Mariamman Kovil Street, 3.Perayampattu (R.V) And (P)Ward 1 Pillaiyar Koil  Street, 4.Perayampattu (R.V) And (P)Ward 1 Palla Street, 5.Perayampattu (R.V) And (P)Ward 1 Bajanai Koil  Street,
6.Perayampattu (R.V) And (P)Ward 1 PazhayaNo or  Main Road 1 , 7.Perayampattu (R.V) And (P)Ward 1 Nadu Street,
8.Perayampattu (R.V) And (P)Ward 2 Pallikuda Street, 9.Perayampattu (R.V) And (P)Ward 2 Panaimara Street, 10.Perayampattu (R.V) And (P)Ward 2 Odaikara Street, 11.Perayampattu (R.V) And (P)Ward 2 Pudhu Street, 12.Perayampattu (R.V) And (P)Ward 2 KallanKundu Street, 999.OVERSEAS ELECTORS",ALL VOTERS
286,63,286,"Panchayat union middle school,South facing Building, Perayampattu 606753","1.Perayampattu (R.V) And (P)Ward 3 Arunthathiyar Street, 2.Perayampattu (R.V) And (P)Ward 3 PazhayaNo or  Main 2 , 3.Perayampattu (R.V) And (P)Ward 3 Pillaiyar Kovil Street, 4.Perayampattu (R.V) And (P)Ward 3 Nadu Street, 5.Perayampattu (R.V) And (P)Ward 3 Therkku Street, 6.Perayampattu (R.V) And (P)Ward 3 Murugan Kovil Street, 999.OVERSEAS ELECTORS",ALL VOTERS
287,63,287,Panchayat Union Primary School South Facing Building  Pazhiyanur Village & Post   606811,"1.Palaiyanur (R.V) And (P)Ward 1 Annasalai 1St  cross Street, 2.Palaiyanur (R.V) And (P)Ward 1 Annasalai  Main Street, 3.Palaiyanur (r.v) and (p)Ward 1 annasalai 2nd cross Street, 4.Palaiyanur (R.V) And (P)Ward 1 Koil  Street,
5.Palaiyanur (r.v) and (p)Ward 1 Middle Street, 6.Palaiyanur (R.V) And (P)Ward 1 Kalvettu Street, 7.Palaiyanur (R.V) And (P)Ward 2 Pandiyan Street, 8.Palaiyanur (R.V) And (P)Ward 2 Cholan Street, 999.OVERSEAS ELECTORS",ALL VOTERS
288,63,288,Panchayat Union Primary School South Facing Building  Pazhiyanur Village & Post   606811,"1.Palaiyanur (R.V) And (P)Ward 2 Poonthotta Street, 2.Palaiyanur (R.V) And (P)Ward 2 Kumarakurubarar Street, 3.Palaiyanur (R.V) And (P)Ward 2  East   Street,
4.Palaiyanur (R.V) And (P)Ward 3  East   Colony  East   Street, 5.Palaiyanur (R.V) And (P)Ward 3  East   colony South  Street, 6.Palaiyanur (R.V) And (P)Ward 3  East   Colony West   Street, 7.Palaiyanur (r.v) and (p)Ward 3  East   colony North  Street, 8.Palaiyanur (R.V) And (P)Ward 1 School Street,
9.Palaiyanur (R.V) And (P)Ward 1 firSt  cross Street  sandhu , 10.Palaiyanur (R.V) And (P)Ward 1 Gandhi salai Street,
11.Palaiyanur (R.V) And (P)Ward 3  East   colony West   Street  sandhu , 999.OVERSEAS ELECTORS",ALL VOTERS
289,63,289,Library Building West Facing  Pazhaiynur Village & Post 606811,"1.Palaiyanur (R.V) And (P)Ward 2 Semmedu 1 Street, 2.Palaiyanur (R.V) And (P)Ward 2 Chemmedu 2 Street, 3.Palaiyanur (R.V) And (P)Ward 2 Kandiyakuppam salai , 4.Palaiyanur (R.V) And (P)Ward 2 Gavangarai North  Street, 5.Palaiyanur (R.V) And (P)Ward 2 Gavangarai West   Street, 6.Palaiyanur (R.V) And (P)Ward 2 Gavangarai South  Street, 7.Palaiyanur (R.V) And (P)Ward 3 Vinayagapuram 1 Street, 8.Palaiyanur (R.V) And (P)Ward 3 Vinayagapuram West   Street, 9.Palaiyanur (R.V) And (P)Ward 3 Vinayagapuram 2 Street, 10.Palaiyanur (R.V) And (P)Ward 3 Vinayagapuram 3 Street, 11.Palaiyanur (R.V) And (P)Ward 3 Kuravar colony , 12.Palaiyanur (R.V) And (P)Ward 3 Monsurampattu , 999.OVERSEAS ELECTORS",ALL VOTERS
290,63,290,Adidravidar Welfare Middle School South Facing Building  Pazhaiyanur Village & Post 606811,"1.Palaiyanur (R.V) And (P)Ward 3 Ariyalur ,
2.Palaiyanur (R.V) And (P)Ward 4 West   colony West   Street, 3.Palaiyanur (R.V) And (P)Ward 4 North  Street  West   Street, 4.Palaiyanur (R.V) And (P)Ward 4 Nadu Street  West   colony , 5.Palaiyanur (R.V) And (P)Ward 4 West   Street  West   colony , 6.Palaiyanur (R.V) And (P)Ward 4 Perayampattu salai , 7.Palaiyanur (R.V) And (P)Ward 4 J.J.nagar 1 Street, 8.Palaiyanur (R.V) And (P)Ward 4 J.J,nagar 2 Street, 9.Palaiyanur (R.V) And (P)Ward 4 J.J.Nagar 3 th Street, 10.Palaiyanur (r.v) and (p)Ward 4 j.j.nagar 4 th Street, 11.Palaiyanur (R.V) And (P)Ward 4 J.J.Nagar 5th Street, 12.Palaiyanur (R.V) And (P)Ward 3 West   colony valasai , 13.Palaiyanur (R.V) And (P)Ward PazhiyaNo or tharsalai , 999.OVERSEAS ELECTORS",ALL VOTERS
291,63,291,"Panchayat Union Primary School,North Facing P.Valasai Village & Pazhaiyanur Post   -606811","1.Palaiyanur (R.V) And (P)Ward 4 Pazhaiyanur road (valasai) , 2.Palaiyanur (R.V) And (P)Ward 4  Main Road (valasai) , 3.Palaiyanur (R.V) And (P)Ward 4 Valasai North  Street, 4.Palaiyanur (R.V) And (P)Ward 4 Valasai West   Street, 5.Palaiyanur (R.V) And (P)Ward 4 Kovil Street  Valasi , 6.Palaiyanur (R.V) And (P)Ward 4 Thuruvam road , 7.Palaiyanur (R.V) And (P)Ward 4 Valasai colony ,
8.Athipadi (R.V)Palaiyanur (P)Ward 5 Thuruvam colony  Main Road , 9.PAZHAIYANUR (PT)Ward 5 thuruvam colony West   Street,
10.Athipadi (R.V)Palaiyanur (P)Ward 5 Thuruvam colony  East   Street, 11.Athipadi (R.V)Palaiyanur (P)Ward 5 Athipadi Arasamara Street,
12.Athipadi (R.V)Palaiyanur (P)Ward 5 School Street, 13.Athipadi (R.V)Palaiyanur (P)Ward 5 South  Street, 14.Athipadi (R.V)Palaiyanur (P)Ward 5 North  Street, 15.Athipadi (R.V)Palaiyanur (P)Ward 5 Kozhipannai , 999.OVERSEAS ELECTORS",ALL VOTERS
292,63,292,"Panchayat Union Middle School, South Facing Building, West Wing  Kandiyamkuppam Village, Velaiyampakkam Post   606753","1.Kandiyankuppam (R.V) And (P)Ward 1 PazhaiyaNo or Road cross Street, 2.Kandiyankuppam (r.v) and (p)Ward 1  Main Middle Street,
3.Kandiyankuppam (r.v) and (p)Ward 1 Middle Street  1St  cross Street, 4.Kandiyankuppam (R.V) And (P)Ward 1 Middle Street  2nd Cross Street, 5.Kandiyankuppam (R.V) And (P)Ward 1 South  Street  West   Part , 6.Kandiyankuppam (R.V) And (P)Ward 1  Main South  Street, 999.OVERSEAS ELECTORS",ALL VOTERS
293,63,293,"Panchayat Union Middle School, South Facing Building, East Part Kandiyamkuppam Village, Velaiyampakkam Post   606753","1.Kandiyankuppam (R.V) And (P)Ward 2 Kudalan Street,
2.Kandiyankuppam (R.V) And (P)Ward 2 South  Street  South  Part , 3.Kandiyankuppam (R.V) And (P)Ward 2 South  Street   East   Part , 4.Kandiyankuppam (R.V) And (P)Ward 2 New Colony North  Street, 5.Kandiyankuppam (R.V) And (P)Ward 2 New Colony Middle Street, 6.Kandiyankuppam (R.V) And (P)Ward 2 New Colony  East   Street, 7.Kandiyankuppam (R.V) And (P)Ward 2 New Colony South  Street, 8.Kandiyankuppam (R.V) And (P)Ward 2 New Colony West   Street, 9.Kandiyankuppam (R.V) And (P)Ward 2 Old Colony  Main Street, 10.Kandiyankuppam (R.V) And (P)Ward 2 Old Colony 2nd Street, 11.Kandiyankuppam (R.V) And (P)Ward 2 Old Colony 1St  Street,
999.OVERSEAS ELECTORS",ALL VOTERS
294,63,294,"Panchayat Union Middle School, East Facing Building Vellaiyampakkam Village & Post   606753","1.Vellaiyampakkam (p)Ward 1 mariyamman Koil  Street, 2.VELLAIYAMPAKKAM (P)Ward 1 Post   Office Street, 3.VELLAIYAMPAKKAM (P)Ward 1 Middle Street, 4.VELLAIYAMPAKKAM (P)Ward 1 South  Street,
5.VELLAIYAMPAKKAM (P)Ward 1 South  kavankarai West   Side ,  6.VELLAIYAMPAKKAM (P)Ward 1 South  Street  sandhu ,
7.VELLAIYAMPAKKAM (P)Ward 2 Adi dravidar old colony , 8.VELLAIYAMPAKKAM (P)Ward 2 Muppanar Koil  Street,
9.VELLAIYAMPAKKAM (P)Ward 2 Muppanar Koil  South  cross Street, 10.VELLAIYAMPAKKAM (P)Ward 2 Muppanar Koil  North  cross Street, 11.VELLAIYAMPAKKAM (P)Ward 2 Adi dravidar new colony North  Street, 12.VELLAIYAMPAKKAM (P)Ward 2 Adi dravidar new colony Middle Street, 13.Vellaiyampakkam (p)Ward 1 pillaiyar Koil  Street,
14.VELLAIYAMPAKKAM (P)Ward 1 Pillaiyar Koil  1St  cross Street, 15.VELLAIYAMPAKKAM (P)Ward 1 Pillaiyar Koil  2nd cross Street, 16.VELLAIYAMPAKKAM (P)Ward 2 Vannar kudiyeeruppu ,
999.OVERSEAS ELECTORS",ALL VOTERS
295,63,295,"Panchayat Union Middle School, East Facing Building Vellaiyampakkam Village & Post   606753","1.Velaiyampakkam (R.V) And (P)Ward 2  East   Street,
2.Velaiyampakkam (R.V) And (P)Ward 2 South  Kalvankarai Street, 3.Velaiyampakkam (R.V) And (P)Ward 2 South  Kalvankarai Street  Sandhu , 4.Velaiyampakkam (R.V) And (P)Ward 2 South  Kalvai North  Karai Part , 5.Velaiyampakkam (R.V) And (P)Ward 2 South  Kalvai South karai thar Road  East ,
6.Velaiyampakkam (R.V) And (P)Ward 2 South  Kalvai South  Karai West   Part 7.Velaiyampakkam (R.V) And (P)Ward 2 Kulatthu Medu Part 1 , 8.Velaiyampakkam (R.V) And (P)Ward 2 Kulatthu Medu Part 2 , 9.Velaiyampakkam (R.V) And (P)Ward 2 Murugankulam South  kollakottai Part , 10.Velaiyampakkam (R.V) And (P)Ward 2 Murugan Kulam West   Part , 11.Velaiyampakkam (r.v) and (p)Ward 2 kalarkottai ,
12.Velaiyampakkam (R.V) And (P)Ward 2 Kollakottai ,
13.Kallotu (R.V) Velaiyampakkam (P)Ward 1 North  Street,
14.Kallotu (R.V) Velaiyampakkam (P)Ward 1 Pillayr Koil  Street,
15.Kallotu (R.V) Velaiyampakkam (P)Ward 1 Pillayar Koil  sandhu ,
16.Kallotu (R.V) Velaiyampakkam (P)Ward 2  East   Street,
17.Kallotu (R.V) Velaiyampakkam (P)Ward 2 Middle Street,
18.Kallotu (R.V) Velaiyampakkam (P)Ward 1 School Street,
19.Kallotu (R.V) Velaiyampakkam (P)Ward 2 Kollakottai , 999.OVERSEAS ELECTORS",ALL VOTERS
296,63,296,"Panchayat Union Middle School, North Facing Building, Room 2. Middle part  Navampattu  Village, thachampattu Post   606753","1.Navampattu(R.V) And (P)Ward 1 Annasalai , 2.Navampattu (r.v) and (p)Ward 1 amman Koil  Street, 3.Navampattu (R.V) And (P)Ward 1 Tank Street, 4.Navampattu (R.V) And (P)Ward 1 Old colony sellum salai , 5.Navampattu (R.V) And (P)Ward Moopanar Koil  Street, 6.Navampattu (R.V) And (P)Ward 1 Moopanar Koil  Street, 7.Navampattu (R.V) And (P)Ward1 West   Street, 8.Navampattu (R.V) And (P)Ward 1 West   Street  sandu , 9.Navampattu (R.V) And (P)Ward 1 Nadu Street,
10.Navampattu (R.V) And (P)Ward 1 Old colony nadu Street  1 sandu , 11.Navampattu (R.V) And (P)Ward 1 old colony nadu Street  2 sandu , 12.Navampattu (R.V) And (P)Ward 1  East Street,
13.Navampattu (R.V) And (P)Ward 1 Eriku sellum salai , 14.Navampattu (R.V) And (P)Ward 2 Annanagar  Main Street, 15.Navampattu (R.V) And (P)Ward 2 Annanagar 2 Street, 16.Navampattu (R.V) And (P)Ward 2 Annanagar 3 th Street, 17.Navampattu (R.V) And (P)Ward 2 Annanagar 4 th Street, 18.Navampattu (R.V) And (P)Ward 2 P.U.SA. nagar 1 Street, 19.Navampattu (R.V) And (P)Ward 2 P.U.SA. nagar 2Street, 20.Navampattu (R.V) And (P)Ward 2 P.U.SA. Nagar 3 th Street, 21.Navampattu (R.V) And (P)Ward 2 P.U.SA.Nagar 4th Street, 22.Navampattu (R.V) And (P)Ward 2 P.U.SA. nagar 5th Street, 23.Navampattu (R.V) And (P)Ward 2 P.U.SA.nagar 6th Street, 24.Navampattu (R.V) And (P)Ward 1 Eri sandu , 999.OVERSEAS ELECTORS",ALL VOTERS
297,63,297,"Panchayat Union Middle School, West Facing Northern Building Navampattu Village,thachampattu Post   606753","1.Navampattu (R.V) And (P)Ward 2 Allikondapattu salai , 2.Navampattu (R.V) And (P)Ward 2 Mardin Street, 3.Navampattu (R.V) And (P)Ward 2 Marden Street  sandu , 4.Navampattu (R.V) And (P)Ward 2 Corss Street,
5.Navampattu (R.V) And (P)Ward 2 Anthoniyapuram  East   Street, 6.Navampattu (R.V) And (P)Ward 2 Mathalaimuthu asiriyar Street, 7.Navampattu (R.V) And (P)Ward 2 Anthoniyarpuram  Main Street, 8.Navampattu (Pt)Ward 2 Anthoniyarpuram  Main Street  sandu 2 , 9.Navampattu (R.V) And (P)Ward 2 Tank Street,
10.Navampattu (R.V) And (P)Ward 2 Matha Koil  Street  South  sandu , 11.Navampattu (R.V) And (P)Ward 2 Matha Koil  Street  South  sandu , 12.Navampattu (R.V) And (P)Ward 2 Eniyasi Nagar,
13.Navampattu (R.V) And (P)Ward 2 Eruthayapuram North  Street, 14.Navampattu (R.V) And (P)Ward 2 Eruthayapuram nadu Street,
15.Navampattu (R.V) And (P)Ward 2 Eruthayapuram  Main Street,
16.Navampattu (R.V) And (P)Ward 2 Eruthayapuram West   Street, 17.Navampattu (R.V) And (P)Ward 2 Eruthayapuram West   sandu 1 Street,
18.Navampattu (R.V) And (P)Ward 2 Eruthayapuram West   sandu 2 Street, 19.Navampattu (R.V) And (P)Ward 2 Eruthayapuram South  Street,
20.Navampattu (R.V) And (P)Ward 2 Eruthayapuram  Main Street  1 sandu , 21.Navampattu (R.V) And (P)WARd 2 Eruthayapuram  Main Street  2 sandu , 22.Navampattu (R.V) And (P)Ward 2 Eruthayapuram  Main Street  3 sandu , 23.Navampattu (R.V) And (P)Ward 2 Eruthayapuram mathaKoil  veethi , 24.Navampattu (R.V) And (P)Ward 2 Uthayam Nagar, 25.Navampattu (R.V) And (P)Ward 2 Udayam nagar North  Street,
26.Navampattu (R.V) And (P)Ward 2 Udayam nagar nadu Street,
27.Navampattu (R.V) And (P)Ward 2 Udayam nagar manalurPettai  salai , 999.OVERSEAS ELECTORS",ALL VOTERS
298,63,298,"Govt High School, West Side Building, South Wing Thalaiyampallam Village & Post    606753","1.Thalaiyampallam (r.v) and (p)Ward 2 thalaiyampallam keel veethi , 2.Thalaiyampallam (R.V) And (P)Ward 2 Sanimoolai Street,
3.Thalaiyampallam (R.V) And (P)Ward 2 Sovundeswariyamman Koil  Street, 4.Thalaiyampallam (R.V) And (P)Ward 2 ChiriSt ian Street,
5.Thalaiyampallam (R.V) And (P)Ward 2 Bypass road , 6.Thalaiyampallam (r.v) and (p)Ward 3 pillayar Koil  Street, 999.OVERSEAS ELECTORS",ALL VOTERS
299,63,299,"Panchayat Union Primary School, North Facing, East Building Sakkarathamadai  Village &  Nariyapattu Post 606753","1.Thalaiyampallam (R.V) And (P)Ward 4 Adidravidar colony , 2.Thalaiyampallam (r.v) and (p)Ward 1 sakkarathamadai thar salai , 3.Thalaiyampallam (R.V) And (P)Ward 1 Sakkarathamadai Water Tank Street, 4.Thalaiyampallam (r.v) and (p)Ward 1 sakkarathamadai School Street, 5.Thalaiyampallam (R.V) And (P)Ward 1 Sakkarathamadi Krishan Koil  Street, 6.Thalaiyampallam (R.V) And (P)Ward 1 Sakkarathamadai Pillayar Koil  Street, 7.Thalaiyampallam (R.V) And (P)Ward 1 Sakkarathamadai Mel Veethi , 999.OVERSEAS ELECTORS",ALL VOTERS
300,63,300,"Govt High School, West Facing Building, North Wing Thalaiyampallam Village & Post    606753","1.Thalaiyampallam (R.V) And (P)Ward 2 Pillayar Koil  Street, 2.Thalaiyampallam (R.V) And (P)Ward 2 Old Matha Koil  Street, 3.Thalaiyampallam (R.V) And (P)Ward 2 CHriSt ian Street, 4.Thalaiyampallam (R.V) And (P)Ward 2 CHriSt ian 2nd Street, 5.Thalaiyampallam (R.V) And (P)Ward 2 Bypass Road Street, 6.Thalaiyampallam (R.V) And (P)Ward 2 Thachampattu Thar Salai Street, 7.Thalaiyampallam (r.v) and (p)Ward 2 thirumoorthi nagar kallankutthu 1St Street,
8.Thalaiyampallam (R.V) And (P)Ward 2 Kallangutthu 2nd Street, 9.Thalaiyampallam (r.v) and (p)Ward 1 Middle Street,
10.Thalaiyampallam (r.v) and (p)Ward 2 keel Street,
11.Thalaiyampallam (R.V) And (P)Ward 1 Mariyamman Koil  Street, 12.Thalaiyampallam (R.V) And (P)Ward 4 Erikarai veethi ,
13.Thalaiyampallam (R.V) And (P)Ward 3 melveethi , 999.OVERSEAS ELECTORS",ALL VOTERS
301,63,301,"Govt High School, West Side Building, South Wing Thalaiyampallam Village & Post    606753","1.Thalaiyampallam (R.V) And (P)Ward 3 Adidravidar Colony North  Street, 2.Thalaiyampallam (R.V) And (P)Ward 3 Adidravidar colony keel veethi , 3.Thalaiyampallam (R.V) And (P)Ward 3 Adidravidar colony sandhu Street, 4.Thalaiyampallam (r.v) and (p)Ward 3 adidravidar colony Middle Street, 5.Thalaiyampallam (R.V) And (P)Ward 4 Adidravidar colony Mariyamman Koil Street,
6.Thalaiyampallam (R.V) And (P)Ward 4 Navapattu Thar salai Street, 7.Thalaiyampallam (R.V) And (P)Ward 4 Adidravidar colony South  Street, 8.Thalaiyampallam (R.V) And (P)Ward 4 Adidrvidar colony West   Street, 9.Sakkarathamadai (R.V) Thalaiyampallam (P)Ward 1 Sakkarathamadai North  Street,
10.Sakkarathamadai (R.V) Thalaiyampallam (P)Ward 1 Sakkarathamadai West   Street, 11.Sakkarathamadai (R.V) Thalaiyampallam (P)Ward 1 Sakkarathamadai Road Street, 12.Sakkarathamadai (R.V) Thalaiyampallam (P)Ward 1 Sakkarathamadai Tank Street, 13.Sakkarathamadai (R.V) Thalaiyampallam (P)Ward 1 Sakkarathamadai School Street, 999.OVERSEAS ELECTORS",ALL VOTERS
302,63,302,"Panchayat Union Middle School, West Facing buliding Nariyapattu Village  & Post   606753","1.Nariyapattu (R.V) And (P)Ward 2 Thalaiyari Street, 2.Nariyapattu (R.V) And (P)Ward 2 Thalaiyari Street  sandhu , 3.Nariyapattu (R.V) And (P)Ward 2 Mupanar Koil  Street, 4.Nariyapattu (R.V) And (P)Ward 2 Old colony  Main Street, 5.Nariyapattu (R.V) And (P)Ward 2 mariyamman Koil  Street, 6.Nariyapattu (R.V) And (P)Ward 2 Pillayar Koil  Street, 7.Nariyapattu (R.V) And (P)Ward 2 Middle Street,  8.Nariyapattu (r.v) and (p)Ward 1&2 West   Street, 9.Nariyapattu (R.V) And (P)Ward 2 South  Street, 10.Nariyapattu (R.V) And (P)Ward 2 North  Street, 11.Nariyapattu (R.V) And (P)Ward 2 Tiruvannamalai  via Street,
12.Nariyapattu (R.V) And (P)Ward 1 New colony cross Street  1 , 13.Nariyapattu (R.V) And (P)Ward 1 New colony cross Street  2 , 14.Nariyapattu (R.V) And (P)Ward 1 New colony cross Street  3 , 15.Nariyapattu (R.V) And (P)Ward 1 New colony cross Street  5 , 16.Nariyapattu (R.V) And (P)Ward 1 New colony cross Street  6 , 17.Nariyapattu (R.V) And (P)Ward 1 MathaKoil  Street  (Sovur) ,
18.Nariyapattu (R.V) And (P)Ward 1 MathaKoil  North  Street  (sovur) , 19.Nariyapattu (R.V) And (P)Ward 1 Ayanmalai Puthur ,
20.Nariyapattu (R.V) And (P)Ward 2 Old colony South  Street, 21.Nariyapattu (R.V) And (P)Ward 2 Tank Street, 22.Nariyapattu (r.v) and (p)Ward 1 School Street  (sovur) ,
23.Nariyapattu (R.V) And (P)Ward 1 Sovur Mariyamman Koil  Street, 24.Nariyapattu (R.V) And (P)Ward 1 Thalaiyampallam via road ,
25.Nariyapattu (R.V) And (P)Ward 1 Thachampattu Road , 999.OVERSEAS ELECTORS",ALL VOTERS
303,63,303,"Panchayat Union Elementary School, South Facing Paraiyampattu Village & Post   606753","1.Paraiyampattu (R.V) And (P)Ward 1 colony North  Street, 2.Paraiyampattu (R.V) And (P)Ward 2 Radio Room Street, 3.Paraiyampattu (R.V) And (P)Ward 1 colony Middle Street, 4.Paraiyampattu (R.V) And (P)Ward 1 Colony  East   Street,
5.Paraiyampattu (R.V) And (P)Ward 1 Mariyamman Koil  Street, 6.Paraiyampattu (R.V) And (P)Ward 1 Pattappan Street,
7.Paraiyampattu (R.V) And (P)Ward 1 Poonthatta Street, 8.Paraiyampattu (R.V) And (P)Ward 1 Colony kavunsila Street, 9.Paraiyampattu (r.v) and (p)Ward 1 muppanar Koil  Street,
10.Paraiyampattu (R.V) And (P)Ward 1 Muppanar Koil  Sandhu , 11.Paraiyampattu (R.V) And (P)Ward 1 Thanir Kinar Street,
12.Paraiyampattu (R.V) And (P)Ward 1 Thalayari Street, 13.Paraiyampattu (R.V) And (P)Ward 1 Militaryman Street, 14.Paraiyampattu (R.V) And (P)Ward 1 colony mel Street, 999.OVERSEAS ELECTORS",ALL VOTERS
304,63,304,"Panchayat Union Primary School, North Facing Building, West Wing Paraiyampattu & Post   606753","1.Paraiyampattu (R.V) And (P)Ward 2 Colony South  Street, 2.Paraiyampattu (R.V) And (P)Ward 2 Middle Street, 3.Paraiyampattu (R.V) And (P)Ward 2 North  Street, 4.Paraiyampattu (r.v) and (p)Ward 2 vanapuram road ,
5.Paraiyampattu (R.V) And (P)Ward 2 Kulatthu medu North  Street, 6.Paraiyampattu (R.V) And (P)Ward 2 Kulatthu medu West   Street, 7.Paraiyampattu (R.V) And (P)Ward 2 Kulatthu medu South  St ., , 8.Paraiyampattu (R.V) And (P)Ward 2 Tiruvannamalai  via road , 9.Paraiyampattu (R.V) And (P)Ward 2 Kuttakarai South  Street,
10.Paraiyampattu (R.V) And (P)Ward 2 Kuttakarai  East   Street, 11.Paraiyampattu (R.V) And (P)Ward 2 Kuttakarai Middle Street, 12.Paraiyampattu (R.V) And (P)Ward 2 Kuttakarai West Street, 13.Paraiyampattu (r.v) and (p)Ward 2 kuttakarai North  Street,
999.OVERSEAS ELECTORS",ALL VOTERS
305,63,305,"Panchayat Union Elementary School, East Facing Building Su.pappampadi &Post   606806","1.Su.Pappampady (R.V) And (P)Ward 1 Annasalai Street,
2.Su.Pappampady (R.V) And (P)Ward 1 Mariyamman Koil  Street, 3.Su.Pappampady (R.V) And (P)Ward 1 Sinnathurai sandu ,
4.Su.Pappampady (R.V) And (P)Ward 2 Radinakinaru Street, 5.Su.Pappampady (R.V) And (P)Ward 2 Old padasalai Street,
6.Su.Pappampady (R.V) And (P)Ward 2 Pillaiyar Koil  corss Street, 7.Su.Pappampady (R.V) And (P)Ward 2 Pillaiyar Koil  Street,
8.Su.Pappampady (R.V) And (P)Ward 2 Odai Street, 9.Su.Pappampady (R.V) And (P)Ward 2 Ricemil Street, 10.Su.Pappampady (R.V) And (P)Ward 2 New padasalai Street, 11.S.Pabampadi (Pt)Ward Gandhisalai Street, 12.Su.Pappampady (R.V) And (P)Ward 2 M.G.R. Nagar, 13.Su.Pappampady (R.V) And (P)Ward 2 Old colony , 14.Su.Pappampady (R.V) And (P)Ward 2 J.J.Nagar,
15.Su.Pappampady (R.V) And (P)Ward 2 New colony West   Street, 16.Su.Pappampady (R.V) And (P)Ward 2 New colo0ny North  Street, 17.Su.Pappampady (R.V) And (P)Ward 2 New colony Nadu Street, 18.Su.Pappampady (R.V) And (P)Ward 2 Newcolony cross 1 Street, 19.Su.Pappampady (R.V) And (P)Ward 2 Newcolony cross 2 Street, 20.Su.Pappampady (R.V) And (P)Ward 2 New colony South  Street, 999.OVERSEAS ELECTORS",ALL VOTERS
306,63,306,"Punitha sagaya annai Boys Hr Sec School, North Facing  Pavithiram & Post   606806","1.PavitHram (R.V) And (P)Ward 1 1St  Street, 2.PavitHram (r.v) and (p)Ward 1 School Street,
3.PavitHram (R.V) And (P)Ward 1 Manmathan Koil  Street, 4.PavitHram (R.V) And (P)Ward 2 Mariyamman Koil  Street, 999.OVERSEAS ELECTORS",ALL VOTERS
307,63,307,"Punitha sagaya annai Boys Hr Sec School, East Facing Pavithiram & Post   606806","1.PavitHram (r.v) and (p)Ward 2 thenandai Street, 2.PavitHram (r.v) and (p)Ward 1 senthukinar Street,
3.PavitHram (r.v) and (p)Ward 1 erikkarai part (kulatthu medu) , 4.PavitHram (R.V) And (P)Ward 1 Senthamangalam , 5.PavitHram (R.V) And (P)Ward 2 Nandhavanam Street, 6.PavitHram (R.V) And (P)Ward 2 Muniyappan Koil  Street, 7.PavitHram (R.V) And (P)Ward 2 SithaNagar T.K.Road , 8.PavitHram (R.V) And (P)Ward 2  East   Street,
9.PavitHram (R.V) And (P)Ward 2 West   Street, 10.PavitHram (R.V) And (P)Ward 2 Pudhur T.K.Road , 11.PavitHram (R.V) And (P)Ward 2 Middle Street, 12.PavitHram (R.V) And (P)Ward 2 North  Street, 999.OVERSEAS ELECTORS",ALL VOTERS
308,63,308,"Punitha sagaya annai Boys Hr Sec School, East Facing, DONBOSCO BLOCK  Pavithiram & Post   606806","1.PavitHram (R.V) And (P)Ward 4 Kadai veethi , 2.PavitHram (R.V) And (P)Ward 4 Kettikaran Street, 3.PavitHram (R.V) And (P)Ward 4 cross Street, 4.PavitHram (R.V) And (P)Ward 4 cross Street  1 , 5.PavitHram (R.V) And (P)Ward 4 cross Street  2 , 6.PavitHram (R.V) And (P)Ward 4 Kallarai Mettu Street, 7.PavitHram (r.v) and (p)Ward 4 anthoniar Koil  Street, 8.PavitHram (R.V) And (P)Ward 4 MathaKoil  Street, 9.PavitHram (R.V) And (P)Ward 4 North  Street, 10.PavitHram (R.V) And (P)Ward 4 CHriSt ian colony , 11.PavitHram (R.V) And (P)Ward 4 cross Street   East   2 , 12.PavitHram (R.V) And (P)Ward 4 South  Street, 13.PavitHram (R.V) And (P)Ward 3 cross Street  West   ,
14.PavitHram (R.V) And (P)Ward 3 Mettu colony South  Street, 999.OVERSEAS ELECTORS",ALL VOTERS
309,63,309,"Punitha sagaya annai Boys Hr Sec School, Main Building, South Facing  Pavithiram & Post   606806","1.PavitHram (R.V) And (P)Ward 3 Middle Street, 2.PavitHram (R.V) And (P)Ward 3 Tank Street, 3.PavitHram (R.V) And (P)Ward 3 Mettu colony , 4.PavitHram (R.V) And (P)Ward 3 West   Street, 5.PavitHram (R.V) And (P)Ward 3 North  Street, 6.PavitHram (R.V) And (P)Ward 3  East   cross Street  1 , 7.PavitHram (R.V) And (P)Ward 3  East   cross Street  2 ,
8.PavitHram (R.V) And (P)Ward 3 MathaKoil   East   cross Street, 999.OVERSEAS ELECTORS",ALL VOTERS
310,63,310,"Punitha sagaya annai Boys Hr Sec School, Main Building, South Facing  Pavithiram & Post   606806","1.PavitHram (R.V) And (P)Ward 5 1St  Street, 2.PavitHram (R.V) And (P)Ward 5 North  Street, 3.PavitHram (r.v) and (p)Ward 5 cross Street,
4.PavitHram (R.V) And (P)Ward 5 Mariyamman Koil  Street, 5.PavitHram (R.V) And (P)Ward 5 Rail road Street, 6.PavitHram (R.V) And (P)Ward 5 North  Street  1 , 7.PavitHram (R.V) And (P)Ward 5 Erikkarai Street, 8.PavitHram (R.V) And (P)Ward 5 Eswaran Koil  Street, 9.PavitHram (R.V) And (P)Ward 5 Eswaran Koil  cross Street, 10.Appupattu (R.V)PavitHram(P)Ward 5 South  Street, 11.Appupattu (R.V) PavitHram (P)Ward 5 South  Cross Street, 12.Appupattu (R.V) PavitHram (P)Ward 5 Jogiyar Street,
13.Appupattu (R.V) PavitHram (P)Ward 5 Jogiar part South  cross Street, 14.Appupattu (R.V) PavitHram (P)Ward 5  East   cross Street  1 ,
999.OVERSEAS ELECTORS",ALL VOTERS
311,63,311,"Panchayat Union Primary School, South face building, East wing  Periya Kallapadi, Village, Chinnakallapadi Post   606811","1.Periyakallapadi (r.v) and (p)Ward 1 mariyamman Koil  Street, 2.Periyakallapadi (R.V) And (P)Ward 1 South  Street,
3.Periyakallapadi (R.V) And (P)Ward 1 South  Street, 4.Periyakallapadi (R.V) And (P)Ward 1 North  Street, 5.Periyakallapadi (R.V) And (P)Ward 1 Chinnakallapadi road , 6.Periyakallapadi (R.V) And (P)Ward 1 Middle Street, 7.Periyakallapadi (R.V) And (P)Ward 1  East   Street,
8.Periyakallapadi (R.V) And (P)Ward 3 Pudhur Pillayar Koil  Street, 9.Periyakallapadi (R.V) And (P)Ward 3 Pudhur North  Street,
10.Periyakallapadi (R.V) And (P)Ward 3 Pavithiram road , 11.Periyakallapadi (R.V) And (P)Ward 3 Kollakotta , 12.Periyakallapadi (R.V) And (P)Ward 1 Poosari Street, 13.Periyakallapadi (R.V) And (P)Ward 1 Nathenthiran Kotta , 14.Periyakallapadi (r.v) and (p)Ward 1 maduvankarai , 15.Periyakallapadi (R.V) And (P)Ward 1 Maduvangarai colony , 999.OVERSEAS ELECTORS",ALL VOTERS
312,63,312,"Panchayat Union Primary School, South facing Building  Periya Kallapadi, Village, Chinnakallapadi Post   606811","1.Periyakallapadi (R.V) And (P)Ward 3 Govdinarajapuram , 2.Periyakallapadi (R.V) And (P)Ward 3 Rajiretti Street,
3.Periyakallapadi (R.V) And (P)Ward 3 Arunthathiyar colony  East   1St  Street, 4.Periyakallapadi (R.V) And (P)Ward 3 Arunthathiyar  East   2nd cross Street, 5.Periyakallapadi (R.V) And (P)Ward 3 Arunthathiyar colony  East   3rd cross Street,
6.Periyakallapadi (R.V) And (P)Ward 3 Arunthathiyar colony West   1St  cross Street, 7.Periyakallapadi (R.V) And (P)Ward 3 Arunthathiyar colony West   2nd cross Street, 8.Periyakallapadi (R.V) And (P)Ward 3 Aruthathiyar colony West   3rd cross St, 9.Periyakallapadi (R.V) And (P)Ward 3 Adi dravidar Street,
10.Periyakallapadi (R.V) And (P)Ward 2 Mannarpalayam ,
11.Periyakallapadi (R.V) And (P)Ward 2 Su.Pappambadi salai , 12.Periyakallapadi (R.V) And (P)Ward 2 Karuvattamcolony mariyamman Koil  Street,
13.Periyakallapadi (R.V) And (P)Ward 2 Karuvattam colony North  Street, 14.Periyakallapadi (R.V) And (P)Ward 2 Karuvattam colony Middle Street, 15.Periyakallapadi (R.V) And (P)Ward 2 Karuvattam colony South  Street, 16.Periyakallapadi (R.V) And (P)Ward 2 Karuvattan colony East   Street, 999.OVERSEAS ELECTORS",ALL VOTERS
313,63,313,"Govt Hr Sec School, East Facing Building, Room No 7, West Wing  Thachampattu Village & Post   606811","1.Thachampattu (R.V) And (P)Ward 1 Koil  Street t , 2.Thachampattu (R.V) And (P)Ward 1 Kizhakku Street, 3.Thachampattu (R.V) And (P)Ward 1 Merkku Street, 4.Thachampattu (R.V) And (P)Ward 1 Merkku Sandhu Street, 5.Thachampattu (R.V) And (P)Ward 1 Aerykarai Pakuthi , 6.Thachampattu (R.V) And (P)Ward 1  Main Road 1 , 7.Thachampattu (R.V) And (P)Ward 2  Main Road Pakuthi 2 , 8.Thachampattu (R.V) And (P)Ward 2  Main Road Pakuthi 3 , 9.Thachampattu (R.V) And (P)Ward 2 Periyakallapadi Salai , 10.Thachampattu (R.V) And (P)Ward 2 Periyakallapadi Medu , 11.Thachampattu (R.V) And (P)Ward 2  Main Road Pakuthi 4 ,
12.Thachampattu (R.V) And (P)Ward 2 PalliKondmpattu Road , 13.Thachampattu (R.V) And (P)Ward 2 Pudhur Merkku Street,
14.Thachampattu (R.V) And (P)Ward 2 Pudhur Vadakku Sandhu , 15.Thachampattu (R.V) And (P)Ward 2 Pillaiyar Koil  Street,
16.Thachampattu (R.V) And (P)Ward 1 Pudhur Therkku Pakuthi , 999.OVERSEAS ELECTORS",ALL VOTERS
314,63,314,"Govt Hr Sec School, East Facing Building, Room No . 8,Middle Portion Thachampattu Village & Post 606811","1.Thachampattu (R.V) And (P)Ward 2 Thachampattu Kolla Kotta , 2.Thachampattu (R.V) And (P)Ward 1 Colony Vadakku Street,
3.Thachampattu (R.V) And (P)Ward 1 Colony Merkku Street, 4.Thachampattu (R.V) And (P)Ward 1 Colony Nadu Street, 5.Thachampattu (R.V) And (P)Ward 1 Kizhakku Street,
6.Thachampattu (R.V) And (P)Ward 2 Kizhakku Sandhu Street  1 , 7.Thachampattu (R.V) And (P)Ward 2 Kovil Street,
8.Thachampattu (R.V) And (P)Ward 2 Kizhakku Sandhu 2 , 9.Thachampattu (R.V) And (P)Ward 2 Therkku Street, 10.Thachampattu (R.V) And (P)Ward 2 Koil  Mel Pakkam ,
11.Thachampattu (R.V) And (P)Ward 2 Veraiyur Salai Pakuthi , 12.Thachampattu (R.V) And (P)Ward 2 ChinnaKallapad Salai AnnaNagar,  13.Thachampattu (R.V) And (P)Ward 2 Anna Nagar Nadu Street, 14.Thachampattu (R.V) And (P)Ward 2 Anna Nagar Vadakku Street, 15.Thachampattu (R.V) And (P)Ward 2 Anna Nagar Therkku Street, 16.Thachampattu (R.V) And (P)Ward 2 Malai Pakuthi ,
17.Thachampattu (R.V) And (P)Ward 2 Thachampattu Ellai Pakuthi , 999.OVERSEAS ELECTORS",ALL VOTERS
315,63,315,"Gramma Sevai Maiya Building, East Facing, North Wing,  Allikondapattu Thachampattu  Post   606811","1.Allikondampattu (R.V) And (P)Ward 2 Thoppu Street  1 ,          2.Allikondampattu (R.V) And (P)Ward 2 Thoppu Veethi 2 ,                3.Allikondampattu (R.V) And (P)Ward 2 Thoppu Veethi 3 ,
4.Allikondampattu (R.V) And (P)Ward 2 Munuyappan Parai Street, 5.Allikondampattu (R.V) And (P)Ward 2  East   Veethi 1 ,             6.Allikondampattu (R.V) And (P)Ward 2  East   Veethi 2 ,            7.Allikondampattu (R.V) And (P)Ward 2  East   Veethi 2 ,                  8.Allikondampattu (R.V) And (P)Ward 1 Tank Veethi , 9.Allikondampattu (R.V) And (P)Ward 1 Maruthuvamanali Veethi , 10.Allikondampattu (R.V) And (P)Ward 1 Kovil Veethi ,11.Allikondampattu (R.V) And (P)Ward 1 West   Veethi ,
12.Allikondampattu (R.V) And (P)Ward 1 South  Street,                    999.OVERSEAS ELECTORS",ALL VOTERS
316,63,316,"Gramma Sevai Maiya Building, East Facing, South Wing,, Allikondapattu village, Thachampattu Post 606811","1.Allikondampattu (R.V) And (P)Ward 2 Parai Veethi ,                2.Allikondampattu (r.v) and (p)Ward 2 parai veethi ,            3.Allikondampattu (R.V) And (P)Ward 2 Parai veethi ,         4.Allikondampattu (R.V) And (P)Ward 1 Periya Eri Veethi ,         5.Allikondampattu (R.V) And (P)Ward 1 Pansayathu Office Veethi , 6.Allikondampattu (R.V) And (P)Ward 1 Kallarai Street,         7.Allikondampattu (R.V) And (P)Ward 1 Chitheri Veethi 1 ,       8.Allikondampattu (R.V) And (P)Ward 1 Chitheri Veethi 2 ,    9.Alikondampattu (R.V) And (P)Ward Chitheri Veethi ,10.Allikondampattu (R.V) And (P)Ward 1 Anthonipuram Salai , 11Allikondampattu (R.V) And (P)Ward 2 Nilapakuthi Part Kudiyiruppu , 12.Allikondampattu (R.V) And (P)Ward 1 Kottai Kudiyirappu ,  13.Allikondampattu (R.V) And (P)Ward 2 Thalaiyampallam Thasampatu Road ,",ALL VOTERS
317,63,317,"Panchayat Union Middle School, North Facing, West Side , Additional Building Chinnakallapadi Village & Post   606811","1.Chinnakallapady (R.V) And (P)Ward 1 Sanimoolai Street, 2.Chinnakallapady (R.V) And (P)Ward 1 Vadakku Street, 3.Chinnakallapady (R.V) And (P)Ward 1 Padasalai Street, 4.Chinnakallapady (r.v) and (p)Ward 1 aanjalaga Street, 5.Chinnakallapady (r.v) and (p)Ward 1kuyavar Street, 6.Chinnakallapady (r.v) and (p)Ward 1 aery kodi Street, 7.Chinnakallapady (R.V) And (P)Ward 1 Anna Silai Street, 8.Chinnakallapady (R.V) And (P)Ward 2  Main Road , 9.Chinnakallapady (r.v) and (p)Ward 2 palla Street, 10.Chinnakallapady (R.V) And (P)Ward 2 Palla Nadu Street,
11.Chinnakallapady (R.V) And (P)Ward 2 Palla Street  Kizhakku , 12.Chinnakallapady (R.V) And (P)Ward 2 Kizhakku Valluvar Street, 13.Chinnakallapady (r.v) and (p)Ward 2 merkku valluvar Street, 14.Chinnakallapady (r.v) and (p)Ward 2 vinayagar Koil  Street,
15.Chinnakallapady (R.V) And (P)Ward 2 Vadakku Mettu Street, 999.OVERSEAS ELECTORS",ALL VOTERS
318,63,318,"Panchayat Union Middle School, South Face Building Chinnakallapadi Village & Post   606811","1.Chinnakallapady (R V) and (p)Ward 2 mettu Street, 2.Chinnakallapady (R V) And (P)Ward 2 Therkku Mettu Street, 3.Chinnakallapady (R V) And (P)Ward 2 LaSt  Mettu Street,
4.Chinnakallapady (R V) and (p)Ward 1 & 2 ayyanar palayam  Main road , 5.Chinnakallapady (R V) And (P)Ward 1 & 2 Ayyanar Palyam Therkku Street, 6.Chinnakallapady (R.V) And (P)Ward 1 Ayyanar Palayam Merkku Street, 7.Chinnakallapady (R.V) And (P)Ward 1 Ayyanar Palayam Kizhakku Street, 8.Chinnakallapady (R.V) And (P)Ward 1 & 2 Sanniyasi Nagar  Main Street, 9.Chinnakallapady (R.V) And (P)Ward 1 &2 Sanniyasi Nagar Vadakku Street, 10.Chinnakallapady (R.V) And (P)Ward 1 Kallery Salai , 999.OVERSEAS ELECTORS",ALL VOTERS
