sl_no,ac_code,polling_station_number,polling_station,polling_areas,polling_station_type
1,137,Chinthalavadi,"Panchayat Union Middle School North Side East West Terraced Building, South Facing, Vittukatti 639105","1.Chinthalavadi (R.V) and  (P), Melavittukatti mainroad ward 4, 2.Chinthalavadi (R.V) and  (P), Melavittukatti muslim street ward 4, 3.Chinthalavadi (R.V) and  (P), Melavittukatti Vaidhyanagar North Ward 3,4, 4.Chinthalavadi (R.V) and  (P), Melavittukatti Vaidhyanagar South Ward 3,4, 5.Chinthalavadi (R.V) and  (P), Melavittukatti Kannadasan Nagar Ward 4",All voters
2,137,Chinthalavadi,"Panchayat Union Middle School North South Terraced Building, East facing , South Portion, Vittukatti 639105","1.Chinthalavadi (R.V) and  (P), Melavittukatti Adiparasakthi Kovil NorthSt Ward 3,4,
2.Chinthalavadi (R.V) and  (P), Melavittukatti parasakthikoil south street ward 3,4,
3.Chinthalavadi (R.V) and  (P), Melavittukkatti Andiappa Nagar South Ward 5,6,",All voters
3,137,Chinthalavadi,"Panchayat UnionMiddle School, Terraced South Building Eastern Portion, North Facing, Vittukatty 639105","1.Chinthalavadi (R.V) and  (P), Melavittukatti Adidravidar Street Ward 3,4, 2.Chinthalavadi (R.V) and  (P), Melavittukatti Kamarajnagar Ward 6, 3.Chinthalavadi (R.V) and  (P), Keelachinthalavadi Adidravidar Colony North Ward 7,
4.Chinthalavadi (R.V) and  (P), Keelachinthalavadi Adidravidar Nadutheru Ward 7,",All voters
4,137,Chinthalavadi,"Panchayat UnionMiddle School , South Side East West Terraced Building
,Western Portion , North Facing , Vittukatty 639105","1.Chinthalavadi (R.V) and  (P), Melavittukatti kudistreet south ward 4, 2.Chinthalavadi (R.V) and  (P), Keelachinthalavadi Kullanarimedu Ward 7, 3.Chinthalavadi (R.V) and  (P), Melavittukatti Mainroad North Ward 3, 4.Chinthalavadi (r.v) and  (p), Melavittukatti valayalkarartheru ward 3, 5.Chinthalavadi (r.v) and  (p), Melavittukatti ayyanar kovil street ward 3",All voters
5,137,Chinthalavadi,"Adhidravidar Welfare High School East West New Terraced building ,Eastern portion, South Facing, Nanthan kottai 639105","1.Chinthalavadi (R.V) and  (P), Nathankottai East Ward 1, 2.Chinthalavadi (R.V) and  (P), Nandankottai West Ward 1, 3.Chinthalavadi (R.V) and  (P), Melachinthalavadi Agraharam Ward13,
4.Chinthalavadi (R.V) and  (P), Melachinthalavadi Bagavathiammankoil st Ward 13,
5.Chinthalavadi (R.V) and  (P), Melachinthalavadi South Kudistreet Ward 13, 6.Chinthalavadi (R.V) and  (P), Melachinthalavadi East Kudistreet Ward 13, 7.Chinthalavadi (R.V) and  (P), Melachinthalavadi West Kudi Street  Ward 13, 8.Chinthalavadi (R.V) and  (P), Melachinthalavadi Adidravidar Ward 13,
9.Chinthalavadi (R.V) and  (P), Melachinthalavadi North Ward 13",All voters
6,137,Chinthalavadi,"Panchayat Union Elementary School , Eastern side, East west Terreced building, South Facing, Mahilippatty 639105","1.Chinthalavadi (R.V) and  (P), Othaivedu Ward  8, 2.Chinthalavadi (R.V) and (P), Mahilipatti Udaiyanthorram Ward 8,
3.Chinthalavadi (R.V) and  (P), Mahilipatti kuditheru east ward  8, 4.Chinthalavadi (R.V) and  (P), Mahilipatti kuditheru West Ward  8, 5.Chinthalavadi (R.V) and  (P), Mahilipatti kuditheru North Ward 8",All voters
7,137,Chinthalavadi,"Panchayat Union Middle School Additional Terraced Building, facing North, Mathipatti 639105","1.Chinthalavadi (R.V) and  (P), Palapatti South Street Ward 12, 2.Chinthalavadi (R.V) and  (P), Palapatti North Street Ward 12, 3.Chinthalavadi (R.V) and  (P), Matthipatti East Street Ward 12, 4.Chinthalavadi (R.V) and  (P), Matthipatti Middle Street Ward 12, 5.Chinthalavadi (R.V) and  (P), Matthipatti West Street Ward 12, 6.Chinthalavadi (R.V) and  (P), Matthipatti Adidiravidar  Street Ward
12",All voters
8,137,Chinthalavadi,"Panchayat Union Elementary School, North Facing South Terraced Building, Punavasipatti 639105","1.Chinthalavadi (R.V) and  (P), Andarapatti adidravidar street ward 11, 2.Chinthalavadi (R.V) and  (P), Andarapatti Kudi Street North Ward 12, 3.Chinthalavadi (R.V) and  (P), Andarapatti Kudistreet South Ward12, 4.Chinthalavadi (R.V) and  (P), Veernampatti East Kalathuveedu Ward 12, 5.Chinthalavadi (R.V) and  (P), Veeranampatti kudistreet Ward12, 6.Chinthalavadi (R.V) and  (P), Veeranampatti Vinayagar Kovil Street Ward 12, 7.Chinthalavadi (R.V) and  (P), Veernampatti West Kalathuveedu Ward 11",All voters
9,137,Chinthalavadi,"Panchayat Union Elementary School, North Facing, Middle Tiled Building East Portion, Punavasipatti 639105","1.Chinthalavadi (R.V) and  (P), Punavasipatti  adhidravidar street  ward 9, 2.Chinthalavadi (R.V) and  (P), Punavasipatti Mariammankoil Street Ward 9, 3.Chinthalavadi (R.V) and  (P), Punavasipatti Adidravidar Colony Ward 9, 4.Chinthalavadi (R.V) and  (P), Punavasipatti Narasingapuram Ward 9",All voters
10,137,Chinthalavadi,"Panchayat Union Elementary School, North South Tiled Building, West Facing, Eastern wing, Punavasippatti 639 105","1.Chinthalavadi (R.V) and  (P), Punavasipatti Middle Street Ward 10, 2.Chinthalavadi (R.V) and  (P), Punavasipatti South Street Ward 10, 3.Chinthalavadi (R.V) and  (P), Punavasipatti West Street Ward 10, 4.Chinthalavadi (R.V) and  (P), Punavasipatti East Kalathu Veedu Ward 10",All Voters
11,137,Kallappalli,"Government Higher Secondary School, East Facing North South ,Terraced building Room No.A1,Lalapettai 639105","1.Kallapalli (R.V) and  (P), Nadu theru ward 3, 2.Kallapalli (R.V) and  (P), Old Karur Road East Ward 3, 3.Kallapalli (R.V) and  (P), Old Karur Road West Ward 3,
4.Kallapalli (R.V) and  (P), Railway Station Road, Karur Trichy Main Road Ward 3,
5.Kallapalli (R.V) and  (P), Market Street Ward 3, 6.Kallapalli (R.V) and  (P),
Pudhu Street Ward 7, 7.Kallapalli (R.V) and  (P), Kodikkal Street North Ward 3,",All voters
12,137,Kallappalli,"Government Higher Secondary School, Eastern side, South North Middle Terraced Building, Middle Portion, East Facing, Lalapet 639105","1.Kallapalli (R.V) and  (P), Govt.hr. sec school st ward 7, 2.Kallapalli (R.V) and (P), Malaikolunthan St Ward 8, 3.Kallapalli (R.V) and  (P), Sattapillai St Ward 8, 4.Kallapalli (R.V) and  (P), Veerapathran St Ward 8, 5.Kallapalli (R.V) and  (P), Kumastha St Ward 8, 6.Kallapalli (R.V) and  (P), Elumalai St Ward 3",All voters
13,137,Kallappalli,"Government Higher Secondary School North Additional SSA Terraced Building,North south, East facing,Lalapet 639105","1.Kallapalli (R.V) and  (P), Kodiyalathar St Ward 3, 2.Kallapalli (R.V) and  (P), Vaithilinga St Ward 10, 3.Kallapalli (R.V) and  (P), Makkan St Ward 9, 4.Kallapalli (R.V) and  (P), Madraskarar St Ward 9, 5.Kallapalli (R.V) and  (P), Selvam St Ward 9, 6.Kallapalli (R.V) and  (P), ERP Street Ward 9, 7.Kallapalli (R.V) and  (P), Kallapalli Muruganandam Street Ward 9",All voters
14,137,Kallappalli,"Government Higher Secondary School Western Side, South North, South Terraced Building, North portion, East Facing ,Lalapettai 639105","1.Kallapalli (R.V) and  (P), Keelavittukatti ward 1, 2.Kallapalli (R.V) and  (P), Mariyamman Kovil Street Ward 2,
3.Kallapalli (R.V) and  (P), Agragaram Senior Street Ward 6",All voters
15,137,Kallappalli,"Government Higher Secondary School, Additional East West New Terraced building, Middle Portion, South Facing
,Lalapettai 639 105","1.Kallapalli (R.V) and  (P), Kodikkal Street North Ward 4, 2.Kallapalli (R.V) and (P), Kodikkal Street South Ward 12,
3.Karuppathur (R.V)  and Kallapalli (P), Kallapalli Adidravidar Street North Ward 12,
4.Karuppathur (R.V)  and Kallapalli (P), Kallapalli Adidravidar Street South",All voters
16,137,Karuppathur,"Panchayat Union Elementary School New East West Terraced Building , North Facing, Karupathur 639105","1.Karuppathur (R.V)  and Kallapalli (P), Main Road Ward 12, 2.Karuppathur (R.V)  and Kallapalli (P), Agraharam Ward 12,
3.Karuppathur (R.V)  and Kallapalli (P), Kallapalli Kavalveethi North Ward 4, 4.Karuppathur (R.V)  and Kallapalli (P), Kallapalli Adidravidar Street South Ward 4,
5.Karuppathur (R.V)  and Kallapalli (P), Kudi Street Karuppathur North Ward 4, 6.Karuppathur (R.V)  and Kallapalli (P), Kudi Street  Karuppathur South Ward 4,
7.Karuppathur (R.V)  and Kallapalli (P), Adidiravidar Street Karupathur East",All voters
17,137,Pilla palayam,"Adidravidar Welfare Middle School,North Facing, East West Terraced Building, East Wing, Pillapalayam 639105","1.Pillapalayam (R.V) and (P), Pillapalayam Kanji Nagar ward1, 2.Pillapalayam (R.V) and (P), Kudi Street,Mel pagam North Ward 2, 3.Pillapalayam (R.V) and (P), Kudi Street Melpagam West Ward 2, 4.Pillapalayam (R.V) and (P), Kudi street Melpagam soutn Ward 2, 5.Pillapalayam (R.V) and (P), Kudi Street Melpagam Kelpagam East Ward 2",All voters
18,137,Pilla palayam,"Adidravidar Welfare Middle School,North South Building, East Facing, Pillapalayam 639105","1.Pillapalayam (R.V) and (P), Pillapalayam harijana theru, malepagam north ward 3,
2.Pillapalayam (r.v) and (p), Adidravidar street keelpagam north ward 3,
3.Pillapalayam (R.V) and (P), Adidiravidar Colony Ward 3",All Voters
19,137,Pillapalayam,"Adi dravidar Welfare Middle School, School, North South Tereced Building, West Facing East Portion, Pillapalayam 639105","1.Pillapalayam (R.V) and (P), Pillapalayam Harijan theru, Melpagam South Ward 3,
2.Pillapalayam (r.v) and (p), Harijan theru keelpagam south ward 3, 3.Pillapalayam (R.V) and (P), Adidiravidar Gandhi Nagar Colony Ward 5,6,
4.Pillapalayam (R.V) and (P), Adidiravidar Colony Ward 6",All voters
20,137,Pillapalayam,"Panchayat Union Elementary School, East West Terraced Building, North Facing ,Vallam 639 105","1.Pillapalayam (R.V) and (P), Veerakumaranpatti kudi theru ward 7, 2.Pillapalayam (R.V) and (P), Vallam kudi theru Ward 7,8, 3.Pillapalayam (R.V) and (P), Vallamkudi Street (S) Ward 7,8",All voters
21,137,Pillapalayam,"Panchayat Union Elementary School, North Side Terraced Building, South Facing, Kombadippatti 639 105","1.Pillapalayam (R.V) and (P), Kombadipatti Adidravidar Street (W) Ward 8, 2.Pillapalayam (R.V) and (P), Kombadipatti Adidravidar Street (E)Ward 8, 3.Pillapalayam (R.V) and (P), Kombadipatti Ward 8,9, 4.Pillapalayam (R.V) and (P), Kombadipatti Kudistreet (S) Ward 7",All voters
22,137,Karuppathur,"Panchayat Union Elementary School,East Facing, Tiled Building
,K.Puthuppatti 639105","1.Karuppathur (R.V) and  (P), K.pudhupatti kuditheru  east ward 1,
2.Karuppathur (R.V) and  (P), K.Pudhupatti Kuditheru West Ward 1, 3.Karuppathur (R.V) and  (P), K.Puthupatti Adidiravidar Street Ward 1",All voters
23,137,Karuppathur,"Government Higher Secondary School, East Facing, North South Terraced Building, Room No.4, Vengampatti
639120","1.Karuppathur (R.V) and  (P), Venkampatti kudi theru north ward 4, 2.Karuppathur (R.V) and  (P), Venkampatti Kudistreet East Ward 4,",All voters
24,137,Karuppathur,"Government Higher Secondary School, South Facing, East West Terraced Building, Room No.10. Vengampatti -
639120","1.Karuppathur (R.V) and  (P), Venkampatti kudistreet south street ward 5, 2.Karuppathur (R.V) and  (P), Venkampatti kudi St Bagavathiammankoil St W-6,
3.Karuppathur (R.V) and  (P), Venkampatti Kudistreet West Ward-6",All voters
25,137,Karuppathur,"Panchayat Union Elementary School, West Tiled building ,North facing,Vengampatti 639 120","1.Karuppathur (R.V) and  (P), Venkampatti adidravider theru north ward 6, 2.Karuppathur (R.V) and  (P), Venkampatti Adidravidar Street South Ward 5, 3.Karuppathur (R.V) and  (P), Thaliampatti Kottaiyarkalam Ward 2",All voters
26,137,Karuppathur,"Panchayat Union Elementary School,South Facing, East West Terraced Building, Vengampatti 639 120","1.Karuppathur (R.V) and  (P), Thaliampatti North Street Ward 2, 2.Karuppathur (R.V) and  (P), Thaliampatti South Street Ward 3, 3.Karuppathur (R.V) and  (P), Thaliampatti Olakkarar Kalam Ward 2, 4.Karuppathur (R.V) and  (P), Thaliampatty therkukalam Ward 3",All voters
27,137,Karuppathur,"Panchayat Union Elementary School,East West Terraced Building
,North Facing, East Side,Mettupatti","1.Karuppathur (R.V) and  (P), Mettupatti north street ward 7, 2.Karuppathur (R.V) and  (P), Mettupatti South Street Ward 7, 3.Karuppathur (R.V) and  (P), Udayapatti Ward 8",All voters
28,137,Karuppathur,"Panchayat Union Elementary School, East West Terraced building ,North Facing, West Side, Mettupatti 639120","1.Karuppathur (R.V) and  (P), Kulandaipatti Ward 9, 2.Karuppathur (R.V) and (P), Varagur North Street Ward 8,
3.Karuppathur (R.V) and  (P), Varagur South Street Ward 8",All voters
29,137,K.Pettai,"Panchayat Union Elementary School, Additional South New Terraced Building, Facing North, East West Building Thimmachipuram 639105","1.K.Pettai (R.V) and  (P), Thimmatchipuram agraharam ward 1, 2.K.Pettai (R.V) and  (P), Thimmatchipuram West 1st Kuditheru Ward 1, 3.K.Pettai (R.V) and  (P), Thimmacthipuram East 1st Kuditheru Ward 2, 4.K.Pettai (R.V) and  (P), Thimmacthipuram West 2nd Kuditheru Ward 2, 5.K.Pettai (R.V) and  (P), Thimmatchipuram East 2nd Kuditheru Ward 5, 6.K.Pettai (R.V) and  (P), Thimmatchipuram Athidiravidar Street Ward 2, 7.K.Pettai (R.V) and  (P), Thimmatchipuram north kuditheru ward 1, 8.K.Pettai (R.V) and  (P), Thimmatchipuram South Kuditheru Ward 5,
9.K.Pettai (R.V) and  (P), Thimmatchipuram North Athidiravidar Street Ward 2, 10.K.Pettai (R.V) and  (P), Thimmatchipuram South Athidiravidar Street Ward 5,
11.K.Pettai (R.V) and  (P), Inam Sivayam Devasthanam Ward 2",All voters
30,137,K.Pettai,"Panchayat Union Elementary School,North South Tiled Building, Facing West, Veeravalli 639105","1.K.Pettai (R,V) and (P), Veeravalli East Adidravidar Street Ward 6, 2.K.Pettai (R,V) and (P), Veeravalli West Adidravidar Street Ward 6, 3.K.Pettai (R,V) and (P), Veeravalli Kuditheru Ward 6",All voters
31,137,K.Pettai,"Adidravidar Welfare Elementary School,North South Terraced Building,Facing West,K.Pettai 639105","1.K.Pettai (R,V) and (P), K.pettai west kudi street ward 3, 2.K.Pettai (R,V) and (P), K.Pettai East Kudi Street Ward 3, 3.K.Pettai (R,V) and (P), K.Pettai Railway Station Kudiiruppu Ward4,
4.K.Pettai (R,V) and (P), K.Pettai West Adidravidar Street Ward 4, 5.K.Pettai (R,V) and (P), K.Pettai East Adidravidar Street Ward 5",All voters
32,137,K.Pettai,"Panchayat Union Elementary School, East West Tiled Building, Facing North,Inutrimangalam 639 105","1.K.Pettai (R.V) and (P), Inutrimangalam kuditheru ward 7, 2.K.Pettai (R.V) and (P), Inutrimangalam Adhitraivdar theru  ward 7,
3.K.Pettai (R.V) and (P), Inutrimangalam Adhi dravidar Colony Ward 7",All voters
33,137,K.Pettai,"Panchayat Union Elementary School, East West Terreced Building,West Portion,North Facing,Seegampatty
639105","1.K.Pettai (R.V) and (P), Seegampatti Kadaiveethi Ward 8, 2.K.Pettai (R.V) and (P), Seegampatti Vellala Street Ward 9,
3.K.pettai (r.v) and (p), Seegampatti adidravidar colony ward 9",All voters
34,137,Vathiyam,"Panchayat Union Elementary School, North South Tiled Building, Facing West, Nadu Vathiyam 639105","1.Vadhiyam (R.V) and (P), Keelavadhiyam Ward 3
2.Vadhiyam (r.v) and (p), Keelavadhiyam kuditheru ward 4,
3.Vadhiyam (r.v) and (p), Keelavadhiyam colony ward 3
4.Vadhiyam (R.V) and  (P), Naduvadhiyam Ward 5,
5.Vadhiyam (R.V) and  (P), Naduvadhiyam Colony Ward 4",All Voters
35,137,Vathiyam,"Government Library Building. East West Building, South Facing, (Opposite to Panchayat Office) Vadhiyam 639105","1.Vadhiyam (R.V) and (P), Melakurapalayam ward 1, 2.Vadhiyam (R.V) and (P), Keelakurapalayam Ward 2,
3.Vadhiyam (R.V) and (P), Keelakurapalayam Palayur Ward 3,
4.Vadhiyam (R.V) and (P), Melavadhiyam Main Road Ward 6 ,
5.Vadhiyam (R.V) and (P), Melavadhiyam Mariyamman Kovil  Street Ward 6,
6.Vadhiyam (R.V) and (P), Melavadhiyam Melatheru Ward 6",All voters
36,137,Vathiyam,"Vivekananda Aided M.School, South Portion East West Tiled Building, Facing West, Kandiyur 639105","1.Vadhiyam (R.V) and  (P), Kandiyur 1st kuditheru ward 8, 2.Vadhiyam (R.V) and  (P), Kandiyur 2nd Kuditheru Ward 8, 3.Vadhiyam (R.V) and  (P), Kandiyur 3rd Kuditheru Ward 7, 4.Vadhiyam (R.V) and  (P), Mankamma Salai Ward 9",All voters
37,137,Vathiyam,"Vivekananda Aided Middle School, Western Portion East West Terraced Building, Facing south ,Kandiyur 639105","1.Vadhiyam (R.V) and  (P), kandiyur Pilliyar Street Ward 7,
2.Vadhiyam (R.V) and  (P), Kandiyur Athidiravidar Street Ward 7,",All voters
38,137,Kulithalai Municipality,"Municipal Middle School, North New North South Terraced Building, Facing West ,Manathattai 639104","1.Kulithalai (M), Manathattai melakuditheru main road ward 1, 2.Kulithalai (M), Manathattai Mela Kuditheru Kurukku Theru Ward 1,
3.Kulithalai (M), Manathattai melakuditheru  1st street  ward 1, 4.Kulithalai (M), Manathattai Melakudi theru 2nd street Ward 1, 5.Kulithalai (M), Manathattai Melakudi theru 3rd street Ward 1, 6.Kulithalai (M), Manathattai Adidravidar West Colony Ward 1",All voters
39,137,Kulithalai Municipality,"Municipal Middle School, North side, West Asbestos North South Building,Facing East, Manathattai 639104","1.Kulithalai (M), Manathattai Adidravidar Nettu Street Ward 1, 2.Kulithalai (M), Manathattai adidravidar 1st kurukku street ward 1,
3.Kulithalai (M), Kadambarkovil Kudistreet Main Road Ward 3, 4.Kulithalai (M), Kadambarkovil Kudi street South 1st street Ward 3,
5.Kulithalai (M), Kadambarkovil Swekara street Ward 3, 6.Kulithalai (M), Kadambarkovil Adidravidar street Ward 3",All voters
40,137,Kulithalai Municipality,"Municipal Middle School, North South Terraced Building North Portion,Facing East, Manathattai 639 104","1.Kulithalai (M), Manathattai sangilirayan koil st ward 2, 2.Kulithalai (M), Manathattai  Sankilirayan Kovil West Side Ward 2,
3.Kulithalai (M), Manathattai agraharm ward 2,
4.Kulithalai (M), Manathattai Kadai veethi Mainroad Ward 2, 5.Kulithalai (M), Manathattai Kadaiveethi 1st Kurukku street Ward 2,
6.Kulithalai (M), Manathattai Kadaiveethi 2nd kurukku street Ward 2, 7.Kulithalai (M), Manathattai Kadaiveethi 3rd Kurukku street Ward 2, 8.Kulithalai (M), Manathattai adidravidar street ward 2,",All voters
41,137,Kulithalai Municipality,"Municipal Middle School East West Terraced Building ,Facing South,Kadambarkovil 639104","1.Kulithalai (M), Vaiganallur kavalkaratheru ward 5, 2.Kulithalai (M), Vaiganallur Kadai theru Ward 5, 3.Kulithalai (M), Kadambarkovil Kadaitheru Ward 5,
4.Kulithalai (M), Vaiganallur Agraharam 1st part Mainroad W 17, 5.Kulithalai (M), Vaiganallur Agraharam 1st part First Street W 17, 6.Kulithalai (M), Vaiganallur Agraharam 1st part second Street W 17,
7.Kulithalai (M), Vaiganallur Agraharam 1st part third Street W 17, 8.Kulithalai (M), Old tolgate keelpuram street ward 18
9.Kulithalai (M), Kadambarkoil Old Tolgate St West sideWard 3, 10.Kulithalai (M), Kadambarkovil Adidravidar street Ward 3, 11.Kulithalai (M), Vaiganallur Kusatheru Ward 3,
12.Kulithalai (M), Vaiganallur Kusatheru  North Mainroad Ward 3",All voters
42,137,Kulithalai Municipality,"Municipal Middle School, South North Building, South Portion West Facing, Terraced Building, Kadambarkovil 639 104","1.Kulithalai (M), Vaiganallur Agraharam 2nd Side Mainroad Ward 17, 2.Kulithalai (M), Vaiganallur Agraharam 2nd Side First street Ward 17, 3.Kulithalai (M), Vaiganallur Agraharam 2nd Side 2nd street Ward 17, 4.Kulithalai (M), Vaiganallur Agraharam 2nd Side 3rd street Ward 17, 5.Kulithalai (M), Vaiganallur Agraharam 2nd Side 4th street Ward 18, 6.Kulithalai (M), Vaiganallur Agraharam 2nd Side 5th street Ward 18, 7.Kulithalai (M), Vaiganallur Agraharam Perumal kovil street Ward 17, 8.Kulithalai (M), Vaiganallur  Agraharam 2nd side 1st nettu street W 18, 9.Kulithalai (M), Vaiganallur agraharam 2nd side 1st south street w 18, 10.Kulithalai (M), Vaiganallur Agraharam 2nd side 2nd South street w 18, 11.Kulithalai (M), Vaiganallur Agraharam 2nd side  3rd South street w 18, 12.Kulithalai (M), Vaiganallur Agraharam 2nd South side North st w 18, 13.Kulithalai (M), Vaiganallut Agraharam 2nd south  Railway st W 18",All voters
43,137,Kulithalai Municipality,"Municipal Middle School, East West Terraced Building, Facing North,Kadambarkovil 639104","1.Kulithalai (M), Vaiganallur ele. school  main road ward-4, 2.Kulithalai (M), Vaiganallur Ele School 1st cross st Ward-4, 3.Kulithalai (M), Vaiganallur Ele School 2nd Cross street Ward 4, 4.Kulithalai (M), Vaiganallur Ele School 3rd Cross Street Ward 4, 5.Kulithalai (M), Vaiganallur Ele School 4th cross Street Ward 4, 6.Kulithalai (M), Vaiganallur Ele School 5th cross Street Ward 4, 7.Kulithalai (M), Vaiganallur Ele School North Main Road Ward-5, 8.Kulithalai (M), Kadambarkovil Kavalkara Street 1st Kurukku St, W 5,
9.Kulithalai (M), Kadambarkovil Kavalkara street Mainroad Ward 5",All voters
44,137,Kulithalai Municipality,"Municipal Middle School North South SSA New Terraced building Facing East, South Portion,Kadambarkovil 639105","1.Kulithalai (M), Kadambarkovil South Madavalaga Street Ward 5, 2.Kulithalai (M), Kadambarkovil south madavilakam i st ward 5, 3.Kulithalai (M), Kadambarkovil north madavilakam ii st ward 5, 4.Kulithalai (M), Kadambarkovil west madavilakam  st ward 5, 5.Kulithalai (M), Kadambarkovil East Madavilakam  St Ward 5, 6.Kulithalai (M), Kadambarkovil Bhagavathiamman Kovil Street Ward 6,
7.Kulithalai (M), KadambarkovilBhagavathiammankoil 1stCross Street  Ward 6",All voters
45,137,Kulithalai Municipality,"Municipal Middle School, East Side (SSA), North South Terraced Building North Portion, Facing East, Kadambar Kovil,Kulithalai Municipality 639104","1.Kulithalai (M), Vaiganallur nappalyam nettu street ward 4, 2.Kulithalai (M), Vaiganallur Nappalyam 1st Kurukku  Street Ward 4, 3.Kulithalai (M), Vaiganallur Nappalyam 2nd Kurukku  Street Ward 4, 4.Kulithalai (M), Vaiganallur Nappalyam 3rd Kurukku  Street Ward 4, 5.Kulithalai (M), Vaiganallur Old Tolgate North Street Ward 18, 6.Kulithalai (M), Vaiganallur Old Tolgate South Street Ward 18, 7.Kulithalai (M), Vaiganallur Old Tolgate 1st
Cross  Street Ward 18",All voters
46,137,Kulithalai Municipality,"Municipal Middle School, North South Terraced Building West Facing (SSA), Middle Portion,Kadamberkovil 639104","1.Kulithalai (M), Vaiganallur Sababathi Nadar Street  Ward 6, 2.Kulithalai (M), Vaiganallur Sababathi Nadar Kurukku Street  Ward 6, 3.Kulithalai (M), Sababathi Nadar South Vaikkamettu Street  Ward 6, 4.Kulithalai (M), Sababathi Nadar North Vaikkamettu Street  Ward 7, 5.Kulithalai (M), Kadambarkoil Kammalar Street Ward 6, 6.Kulithalai (M), Kadambarkoil keelamudaliyar street
ward 6",All voters
47,137,Kulithalai Municipality,"Government Girls Higher Secondary School,Front Block West Portion , North South Terraced Building, Facing West, Kulithalai Municipality 639 104","1.Kulithalai (M), Peralamman kovil street ward 8, 2.Kulithalai (M), Peralamman KovilStreet KaveriNagarKeelpuram W-15, 3.Kulithalai (M), Vaiganallar Singarathoppu Street Ward 7, 4.Kulithalai (M), Vaigainallur New  Court Mainroad Ward 7, 5.Kulithalai (M), Vaigainallur Newcourt Street Kaverinagar Arch W 7, 6.Kulithalai (M), Vaigainallur Newcourt TB Oppsite Side W 7, 7.Kulithalai (M), VaigainallurPuducourt Traveller Bunglow Keelpuram W-7",All voters
48,137,Kulithalai Municipality,"Government Girls Higher Secondary School, North Facing, East West RCC NABARD Building, Kulithalai Municipality 639104","1.Kulithalai (M), Peralammankoil kaverinagar 1st cross Street Ward 7, 2.Kulithalai (M), Peralamman Kovil Kaverinagar 2nd cross Street Ward-7, 3.Kulithalai (M), Perlammankovil  Kaveri Nagar 3rd Cross Street Ward 15, 4.Kulithalai (M), PeralammanKovil Kaverinagar 4th cross Street  Ward 15, 5.Kulithalai (M), PeralammanKovil Kaverinagar 5th cross Street Ward 15, 6.Kulithalai (M), Peralamman Kovil Kaverinagar 6th cross Street Ward 15, 7.Kulithalai (M), Peralamman Kovil Kaverinagar 7th cross Street  Ward 15, 8.Kulithalai (M), Peralamman Kovil Kaverinagar 8th cross  Street Ward 15, 9.Kulithalai (M), Peralamman Kovil Kaverinagar 9th cross Street Ward 15, 10.Kulithalai (M), Peralamman Kovil Kaverinagar 10th cross Street  Ward 15, 11.Kulithalai (M), Peralamman Kovil Kaverinagar Vasaga salai Street  Ward 20, 12.Kulithalai (M), Peralamman Kovil Kaverinagar park west Street Ward-15, 13.Kulithalai (M), Peralamman Kovil Kaverinagar park backside Street Ward-15, 14.Kulithalai (M), Kaverinagar 1st Cross Street  West Ward 7, 15.Kulithalai (M), Cauvery nagar poonga Street Ward 15",All voters
49,137,Kulithalai Municipality,"Government Girls Higher Secondary School,West Facing, Centre Portion of Northern side New Nabard Bank Terraced Building, Ground Floor,(2020-2021)Kulithalai Municipality 639 104","1.Kulithalai (M), Uzhavar Sandai 1st Salai  St W-20, 2.Kulithalai (M), Uzhavar Sandai 2nd Salai  St W-20, 3.Kulithalai (M), Uzhavar Sandai 3rd Salai  St W-20, 4.Kulithalai (M), Uzhavar Sandai 4th Salai St  W-20, 5.Kulithalai (M), Kalappu Colony 1st Cross  W-20, 6.Kulithalai (M), Kalappu Colony 2nd  Cross  W-20, 7.Kulithalai (M), Kalappu Colony 3rd Cross  W-20, 8.Kulithalai (M), Kalappu Colony 4th Cross  W-20, 9.Kulithalai (M), Annaipushpam School Road W-20, 10.Kulithalai (M), Pallivasal 1st Street W-8, 11.Kulithalai (M), Pallivasal 2nd Street W-8",All voters
50,137,Kulithalai Municipality,"Government Girls Higher Secondary School, North Facing, East West RCC NABARD Building, Room No F3, Kulithalai Municipality 639104","1.Kulithalai (M), N.G.G.O. Colony 1st Street East ward 16, 2.Kulithalai (M),
N.G.G.O. Colony 1st Street West ward 16, 3.Kulithalai (M), N.G.G.O Colony 1st Cross Street Ward 16, 4.Kulithalai (M), N.G.G.O. Colony 2nd Street East Ward 16, 5.Kulithalai (M), N.G.G.O Colony 2nd Street West Ward 16, 6.Kulithalai (M),
N.G.G.O Colony 3rd Street East Ward 16, 7.Kulithalai (M), N.g.g.o colony 2nd cross street ward 16, 8.Kulithalai (M), Annanagar Pillaiyar Kovil Street West Ward 16, 9.Kulithalai (M), Annanagar Pillaiyar Kovil Street North Ward 16, 10.Kulithalai (M), Annanagar Pillaiyarkovil 1st Street East Ward 16, 11.Kulithalai (M), Annanagar Pillaiyarkovil 2nd Street East Ward 16, 12.Kulithalai (M), Kaveri Nagar Ward 7, 13.Kulithalai (M), Kamban street ward",All voters
51,137,Kulithalai Municipality,"Government Girls Higher Secondary School C Block East West Building, North facing, Western Portion, Kulithalai Municipality 639 104","1.Kulithalai (M), Kalappu colony 1st Street south Ward 20, 2.Kulithalai (M), Kalappu Colony 1st Street North Ward 20, 3.Kulithalai (M), Kalappucolony 2nd Street South Ward 20, 4.Kulithalai (M), Kalappu Colony 2nd Street North Ward 20, 5.Kulithalai (M), Kalappu Colony 3rd Street South Ward 20, 6.Kulithalai (M), Kalappu Colony 3rd Street North Ward 20, 7.Kulithalai (M), MBS Agragaram 1st Street Ward 9, 8.Kulithalai (M), MBS Agragaram 2nd Street Ward 9, 9.Kulithalai (M), MBS agragaram 3rd Street ward 9, 10.Kulithalai (M), Town Hall Street Ward 9",All voters
52,137,Kulithalai Municipality,"Government Girls Higher Secondary School, North Facing, East West RCC NABARD Building, Eastern Portion,
Kulithalai Municipality 639104","1.Kulithalai (M), Anna nagar 1st street ward 19, 2.Kulithalai (M), Anna Nagar Pillaiyar Kovil Street Ward 16, 3.Kulithalai (M), Anna Nagar 2nd Street Ward 19, 4.Kulithalai (M), Anna Nagar 3rd Street Ward 19, 5.Kulithalai (M),
Annanagar 4th street Ward 19, 6.Kulithalai (M), Annanagar West Cross Street",All voters
53,137,Kulithalai Municipality,"Government Girls Higher Secondary School,Eest West Centre Terraced building South facing , East Portion (Room No 18),Kulithalai Municipality 639104","1.Kulithalai (M), Annanagar Byepass Road Ward 19, 2.Kulithalai (M), Annanagar Byepass Road 1st Cross Ward 19, 3.Kulithalai (M), Annanagar Byepass Road 2nd Cross Ward 19, 4.Kulithalai (M), Annanagar Byepass Road 3rd Cross Ward 19, 5.Kulithalai (M), Annanagar Byepass Road 4th Cross Ward 19, 6.Kulithalai (M), Annanagar Byepass Road 5th Cross Ward 19, 7.Kulithalai (M), Annanagar Byepass Road Kaveri Nagar 2nd Cross W-20, 8.Kulithalai (M), Annanagar Byepass Road Kaveri Nagar 3rd Cross W-20, 9.Kulithalai (M), Congress Road Ward 9, 10.Kulithalai (M), Vaigainallur Kannimar Kovil Street Ward 8, 11.Kulithalai (M), Vaigainallur Pallivasal Street Ward 8",All voters
54,137,Kulithalai Municipality,"CSI Primary School, East wing, West Facing North South Tiled Building, North Side, Kulithalai Municipality 639104","1.Kulithalai (M), Kottamettu Street Ward 22, 2.Kulithalai (M), Theppakula street ward 22, 3.Kulithalai (M), Theppakula 1st Cross Street Ward 22, 4.Kulithalai (M), Theppakula 2nd Cross Street Ward 22, 5.Kulithalai (M), Kulithalai Hospital Kadai Street Ward 14, 6.Kulithalai (M), Kulithalai Market
Street Ward 10",All voters
55,137,Kulithalai Municipality,"CSI Primary School, -East Facing, North South Terraced Building, West Side, Kulithalai Municipality 639104","1.Kulithalai (M), Vaiganallur chinna andar Street Ward 14, 2.Kulithalai (M), Vaiganallur Chinnaandar Cross Street Ward 14, 3.Kulithalai (M), Vaigainallur Peria Andar Street Ward 15, 4.Kulithalai (M), Vaigainallur Peria Andar Cross Street Ward 15, 5.Kulithalai (M), Kulithalai Andarmain Road Ward 14, 6.Kulithalai (M), Kulithalai Andar Main Cross Road Ward 14,",All voters
56,137,Kulithalai Municipality,"R.C.Amalarakini Middle School, South side East West Terraced Building, North Facing, West Middle Portion, Kulithalai Municipality 639104","1.Kulithalai (M), Vaiganallur Kollampattarai Street Ward 14, 2.Kulithalai (M), Vaiganallur Kollampattarai 1st  Street Ward 14, 3.Kulithalai (M), Vaiganallur Kollampattarai 2nd  Street Ward 14, 4.Kulithalai (M), Vaiganallur Chattiram Backside Street Ward 21, 5.Kulithalai (M), Vaiganallur Railway Station Road Ward 21, 6.Kulithalai (M), Vaiganallur Railway Colony Ward 21,",All voters
57,137,Kulithalai Municipality,"R C.Amalarakini Middle School, South side East West Terraced Building, North Facing, East Portion, Kulithalai Municipality 639104","1.Kulithalai (M), Vaiganallur Athidiravidar Street Ward 21 2.Kulithalai (M), Vaiganallur Athidiravidar 1st Street Ward 21, 3.Kulithalai (M), Vaiganallur Kandasamypillai  Street Ward 22, 4.Kulithalai (M), Kulithalai kavalkara Street Ward 22",All voters
58,137,Kulithalai Municipality,"Municiple Middle School, North South Terraced Building, facing West
,Mariyamman Koil, ,Kulithalai 639104","1.Kulithalai (M), Kulithalai Keelakodikal Street Ward 10, 2.Kulithalai (M), Kulithalai North Muthuraja Street Ward 9, 3.Kulithalai (m), Kulithalai vysyal street ward 10, 4.Kulithalai (M), Kulithalai Kasukara Chetti Street Ward 10
5.Kulithalai (M), Kulithalai Mariamman Kovil Street Ward   10, 6.Kulithalai (M), Kulithalai Maruthapillai Street Ward 10",All voters
59,137,Kulithalai Municipality,"Municiple Middle School, West Side, New North South Additional Terraced building, Middle Portion Facing East, Mariyamman Koil,Kulithaiai 639 104","1.Kulithalai (M), Kulithalai old court street ward 21, 2.Kulithalai (M), Kulithalai oldcourt vaiyapuri nagar ward 23, 3.Kulithalai (M), Kulithalai Cholagar Street Ward 23, 4.Kulithalai (M), Kulithalai Sekkadi New Street Ward 22, 5.Kulithalai (M), Kulithalai Suyarajya New Street Ward 22,",All voters
60,137,Kulithalai Municipality,"Government Boys Higher Secondary School,North Facing East West Portion South Side Terraced Building Kulithalai
Municipality639104","1.Kulithalai (M), Kulithalai samundeeswari amman koil st. ward 10, 2.Kulithalai (M), Kulithalai Pillaithoppu Street Ward 11
3.Kulithalai (M), Kulithalai Periyapalam Street Ward 11,",All voters
61,137,Kulithalai Municipality,"Government Boys Higher Secondary School, South Terraced Building, East West Building, Facing North, Room No
6,Kulithalai Municipality 639 104","1.Kulithalai (M), Kulithalai athidiravidar street ward 24, 2.Kulithalai (M), Kulithalai Malayappa Nagar Colony Ward 24, 3.Kulithalai (M), Kulithalai Malayappa Nagar Ward 13, 4.Kulithalai (M), Kulithalai Athidiravidar Street
Ward 13",All voters
62,137,Kulithalai Municipality,"Government Boys Higher Secondary School, ,South New Terraced, (NABARD) Building, East West Building, Facing North, East Portion,
Room No 3,Kulithalai Municipality","1.Kulithalai (M), Kulithalai periyar nagar ward 11,
2. Kulithalai (M), Kulithalai Balaji Nagar Ward 11",All voters
63,137,Kulithalai Municipality,"Government Boys Higher Secondary School, South New Terraced Computer Lab Building, East West Bulilding, North Facing ,Kulithalai Municipality 639 104","1.Kulithalai (M), Sethurethinampillai 2nd Cross Street Ward 13, 2.Kulithalai (M), Sedhurathinampillai Street  Main Road Ward 13, 3.Kulithalai (M), Kulithalai Ottar Street Ward 24, 4.Kulithalai (M), Meeknara street Ward 13, 5.Kulithalai (M), Narayanan Pillai street Ward 13, 6.Kulithalai (M), Vandipettai Street Main Road Ward 11, 7.Kulithalai (M), Vandipettai Street 1st Cross Street Ward 11, 8.Kulithalai (M), Vandipettai Street 2nd Cross Street Ward 11
9.Kulithalai (M), Sethurethinampillai 1st Cross Street Ward 13",All voters
64,137,Rajendram North,"Panchayat Union Middle School, South North New Tin-Sheet Building, North Wing , West Facing ,Thanneerpalli 639 107","1.Rajendram (North) (R.V) and Rajendram (P), Thanneerpalli agraharam ward 1,
2.Rajendram (North) (R.V) and Rajendram (P), Perumal Kovil Thoppu Street Ward 1,
3.Rajendram (North) (R.V) and Rajendram (P), Thanneerpalli kudi st Ward 3,
4.Rajendram (North) (R.V) and Rajendram (P), MelaThanneerpalli",All voters
65,137,Rajendram North,"Panchayat Union MiddleSchool South Facing, East West Terraced RCC Building ,Thanneerpalli 639 107","1.Rajendram (North) (R.V) and Rajendram (P), Lakshmi Kovil Street Ward 4, 2.Rajendram (North) (R.V) and Rajendram (P), Rajendram Melakudi Street Ward 4,
3.Rajendram (North) (R.V) and Rajendram (P), Sivan Kovil Therodum Veethigal
Ward 4,",All voters
66,137,Rajendram North,"Panchayat Union Middle School, South North Tiled Building,Middle Portion, West Facing , Thanneerpalli 639 107","1.Rajendram (North) (R.V) and Rajendram (P), Thanneerpalli Sedar Street North Ward 2,
2.Rajendram (North) (R.V) and Rajendram (P), Thanneerpalli Sedar Street South Ward 2,
3.Rajendram (North) (R.V) and Rajendram (P), Markandayen Kovil Street Ward 2,
4.Rajendram (North) (R.V) and Rajendram (P), Thanneerpalli Sedar Street Puducolony Ward 3,
5.Rajendram (North) (R.V) and Rajendram (P), Thanneerpalli Sedar street East",All voters
67,137,Rajendram North,"Panchayat Union Middle School North South Tin Sheet Building, West Facing, Southern Side, Thanneerpalli 639 107","1.Rajendram (North) (R.V) and Rajendram (P), Rajendram agraharam ward 5, 2.Rajendram (North) (R.V) and Rajendram (P), Rajendram Adidravidar Street Ward 5,
3.Rajendram (North) (R.V) and Rajendram (P), Pattavarthi Ward 6,
4.Rajendram (North) (R.V) and Rajendram (P), Keela Thanneerpalli Ward 6",All voters
68,137,Rajendram South,"Renga Aided Middle School, North Tiled Building West Wing ,East West Building North Facing,Parali 639 107","1.Rajendram (South) (R.V) and Rajendram (P), Parali keelakuditheru north ward 8,
2.Rajendram (South) (R.V) and Rajendram (P), Parali Keelakudi Street South Ward 8,",All voters
69,137,Rajendram South,"Renga Aided Middle School, North Tiled Building, East wing, East West
Building North Facing,Parali 639 107","1.Rajendram (South) (R.V) and Rajendram (P), Parali Adidravidar street Ward 7,
2.Rajendram (South) (R.V) and Rajendram (P), Adidravidar Street Ward 7,",All voters
70,137,Rajendram South,"Panchayat Union elementary School , East West Tiled Building, South Facing
,Valanthur 639 107","1.Rajendram (South) (R.V) and Rajendram (P), Valanthur  North Adidravidar st Ward 9,
2.Rajendram (South) (R.V) and Rajendram (P), Valanthur South Adidravidar Street Ward 9",All voters
71,137,Rajendram South,"Panchayat Union Elementary School, East West Tin-Sheet building, South Facing, East wing, Karungalapalli 639107","1.Rajendram  South (R.V) and  Rajendram (P), North karungalapalli mariamman kovil street ward 10, 2.Rajendram (South) (R.V) and Rajendram (P), Kunjupillai Street Ward10, 3.Rajendram (South) (R.V) and Rajendram (P), Mathakovil Street Ward 10,
4.Rajendram (South) (R.V) and Rajendram (P), Santhanampillai Street Ward 10,
5.Rajendram (South) (R.V) and Rajendram (P), School Street Ward 11, 6.Rajendram (South) (R.V) and Rajendram (P), Radioset St Ward 11, 7.Rajendram (South) (R.V) and Rajendram (P), Palkarar Street Ward 11, 8.Rajendram (South) (R.V) and Rajendram (P), Sankanmuthiraiyar Street Ward 11,
9.Rajendram (South) (R.V) and Rajendram (P), Urar Rethinam Street Ward 11,
10.Rajendram (South) (R.V) and Rajendram (P), Tea Shop Vadivel Sandhu",All voters
72,137,Rajendram South,"Panchayat Union Elementary School, East West Tin-Sheet building, South Facing, West wing, Karungalapalli 639107","1.Rajendram (South) (R.V) and Rajendram (P), South Karungalapalli MariammanKovil Street Ward 12, 2.Rajendram (South) (R.V) and Rajendram (P), Kalimuthupillai Street Ward 12,
3.Rajendram (South) (R.V) and Rajendram (P), Alamarathu Street Ward 12, 4.Rajendram (South) (R.V) and Rajendram (P), Bharathiar Nagar Ward 12, 5.Rajendram (South) (R.V) and Rajendram (P), Annanagar ward 12, 6.Rajendram (South) (R.V) and Rajendram (P), Gandhi Nagar ward12, 7.Rajendram (South) (R.V) and Rajendram (P), Karungalapalli Adidravidar Colony ward 11",All voters
73,137,Manathattai,"Panchayat Union Elementary School, North Side, North South Tiled Building, Facing West ,Ezlunootrimangalam 639 120","1.Manathattai (R.V) and (P), Kudi street ward1, 2.Manathattai (R.V) and (P), Elunutrumangalam Ward 2, 3.Manathattai (R.V) and (P), Adidravidar Street North Ward 3, 4.Manathattai (R.V) and (P), Union New Street Ward 6, 5.Manathattai (R.V) and (P), Adidravidar Street South Ward 4  6.Manathattai (R.V) and (P), Kattuveettu street Ward 5",All voters
74,137,Vaiganallur North,"Child Development Programme Office, North South Terraced Building, North","1.Vaiganallur North (R.V) and Vaiganallur (P), Keela kuttapatty ward 1, 2.Vaiganallur North (R.V) and Vaiganallur (P), Pudupalayam union office road",All voters
75,137,Vaiganallur North,"Village Panchayat Rural Centre,East Facing North South Building, North Side,Pudupalayam 639120","1.Vaiganallur North (R.V) and Vaiganallur (P), Saralakulitheru Ward 2, 2.Vaiganallur North (R.V) and Vaiganallur (P), Goundar Street Ward 2, 3.Vaiganallur North (R.V) and Vaiganallur (P), Kaman Kovil Street Ward 2, 4.Vaiganallur North (R.V) and Vaiganallur (P), Periyakandiyamman Kovil Street
Ward 2",All voters
76,137,Vaiganallur North,"Government Adi Dravidar Welfare Elementary School, South side, East West New Terreced Building,North Facing, East Portion, Kottamedu 639 120","1.Vaiganallur North (R.V) and Vaiganallur (P), Kottamedu east kuditheru ward 3,
2.Vaiganallur North (R.V) and Vaiganallur (P), Kottamedu Athidiravidar Street Ward 4,
3.Vaiganallur North (R.V) and Vaiganallur (P), Kottamedu Athidiravidar Street East Ward 4,",All voters
77,137,Vaiganallur South,"Panchayat Union MiddleSchool, SSA North Terraced Building , Middle Portion, North South Building, West facing, V.pudur 639120","1.Vaiganallur South (R.V) south Vaiganallur (p) , Old Mylaadi Ward 5, 2.Vaiganallur South (R.V) south Vaiganallur (p) , Melamylaadi South Ward 6, 3.Vaiganallur South (R.V) south Vaiganallur (p) , Melamylaadi Northernside Ward 5,
4.Vaiganallur South (R.V) south Vaiganallur (p) , North Mylaadi Northernside
Ward 5,",All voters
78,137,Vaiganallur South,"Panchayat Union MiddleSchool, SSA North South Terraced building, Northern Portion West facing,V.pudur 639120","1.Vaiganallur South (R.V) south Vaiganallur (p) , Southmylaadi Othapatti Ward 12,
2.Vaiganallur South (R.V) south Vaiganallur (p) , Southmylaadi Northernside ward 12,
3.Vaiganallur South (R.V) south Vaiganallur (p) , South Mylaadi Southernside
Ward 12,",All voters
79,137,Vaiganallur South,"Panchayat Union MiddleSchool, East West Terraced building ,North Facing,V.pudur 639120","1.Vaiganallur South (R.V) south Vaiganallur (p) , North pudur thiruvalluvar nagar ward 9,
2.Vaiganallur South (R.V) south Vaiganallur (p) , North pudur Nadu Street
Ward 9",All voters
80,137,Vaiganallur South,"Panchayat Union MiddleSchool, North South Terraced Building, South Portion, East Facing, V.pudur 639120","1.Vaiganallur South (R.V) south Vaiganallur (p) , Southpudur East Street Ward 9,
2.Vaiganallur South (R.V) south Vaiganallur (p) , Vaigainallur East Street Ward 9,
3.Vaiganallur South (R.V) south Vaiganallur (p) , Therkkupudur West Side",All voters
81,137,Vaiganallur South,"Panchayat Union Middle School, North Facing, South Terraced Building, Thaliyampatti 639 120","1.Vaiganallur South (R.V) south Vaiganallur (p) , East thaliyampatty north street ward 9,
2.Vaiganallur South (R.V) south Vaiganallur (p) , East Thaliyampatty Middle Street Ward 9,
3.Vaiganallur South (R.V) south Vaiganallur (p) , East thaliyampatty east  street ward 10,",All voters
82,137,Vaiganallur South,"Panchayat Union Middle School, South Facing, North Asbestos Building, Thaliyampatti -639 120","1.Vaiganallur South (R.V) south Vaiganallur (p) , East Thaliyampatty South Street Ward 10,
2.Vaiganallur South (R.V) south Vaiganallur (p) , West Thaliyampatty South Street Ward 10,
3.Vaiganallur South (R.V) south Vaiganallur (p) , West Thaliyampatty West Street Ward 10",All voters
83,137,Vaiganallur South,"Panchayat Union Elementary School, East west Terraced Building, North Facing, Melakkuttappatti 639 120","1.Vaiganallur South (R.V) south Vaiganallur (p) , Ayyaneri west street ward 7, 2.Vaiganallur South (R.V) south Vaiganallur (p) , Ayyaneri East Street Ward 8, 3.Vaiganallur South (R.V) south Vaiganallur (p) , Melakuttapatti south street ward 7,
4.Vaiganallur South (R.V) south Vaiganallur (p) , Melakuttapatti North Street",All voters
84,137,Sathiya mangalam,"Panchayat Union Middle School, West Side, East West Additional Terraced Building, North Facing, East Portion, Sathiyamangalam 639 120","1.Sathiyamangalam (R.V) and (P), Sathiyamangalam vellakulam ward 1,, 3.Sathiyamangalam (R.V) and (P), North Street Ward 1, 3.Sathiyamangalam (R.V) and (P), Indira Colony Ward 5,",All voters
85,137,Sathiya mangalam,"Panchayat Union Middle School, North Facing, East West Terraced Building, Centre portion, Sathiyamangalam 639120","1.Sathiyamangalam (R.V) and (P), Nadu Street Ward 2, 2.Sathiyamangalam (R.V) and (P), South Street Ward 4, 3.Sathiyamangalam (R.V) and (P), Kalathu Veedugal Ward 2, 4.Sathiyamangalam (R.V) and (P), Gopal Nandavanam Ward 5",All voters
86,137,Sathiya mangalam,"Panchayat Union MiddleSchool South Asbestos building,East West Building, North Facing,Sivayam Ayyarmalai 639 120","1.Sathiyamangalam (R.V) and (P), Kamankoil street ward 6, 2.Sathiyamangalam (R.V) and (P), Theppakulam Street Ward 6,
3.Sathiyamangalam (R.V) and (P), North Main Road Ward 3, 4.Sathiyamangalam (R.V) and (P), South Street Ward 4, 5.Sathiyamangalam (R.V) and (P), South Main Road Ward 4, 6.Sathiyamangalam (R.V) and (P), Sevanaparai Ward 9, 7.Sathiyamangalam (R.V) and (P), Kalathu Veedugal Ward
9",All voters
87,137,Sathiya mangalam,"Govrnment High School, East West Terraced Building, Facing South,Middle Portion, Thimmampatty 639 120","1.Sathiyamangalam (R.V), Thimmampatty (p), Komaliparai north street ward 1, 2.Sathiyamangalam (R.V), Thimmampatty (p), Komaliparai West street Ward
1,
3.Sathiyamangalam (R.V), Thimmampatty (p), Komaliparai South Street Ward 1,
4.Sathiyamangalam (R.V), Thimmampatty (p), Thimmampatti Ward7, 5.Sathiyamangalam (R.V), Thimmampatty (p), Mudaligoundanur North Street Ward 7,
6.Sathiyamangalam (R.V), Thimmampatty (p), Mudaligoundanur West Street Ward 7,
7.Sathiyamangalam (R.V), Thimmampatty (p), Mudaligoundanur East Street Ward 9,
8.Sathiyamangalam (R.V), Thimmampatty (p), Mudaligoundanur South Street Ward 7,",All voters
88,137,Sathiya mangalam,"Panchayat Union Elementary School, South Terraced Building ,North Portion,West Facing
,Vairaperumalpatty 639120","1.Sathiyamangalam (R.V), Thimmampatty (p), Vairaperumalpatti Kalathuveedugal Ward 4, 2.Sathiyamangalam (R.V), Thimmampatty (p), Vairaperumalpatti North Street Ward 4, 3.Sathiyamangalam (R.V), Thimmampatty (p), Vairaperumalpatti South Street Ward 4",All voters
89,137,Sathiya mangalam,"Panchayat Union Elementary School, South Portion, North Facing, Addl Terraced Building, East West Building, East Portion,Vairaperumalpatty 639120","1.Sathiyamangalam (R.V), Thimmampatty (p), Kakkan Nagar Ward 5, 2.Sathiyamangalam (R.V), Thimmampatty (p), Ambetkar Nagar Ward 5, 3.Sathiyamangalam (R.V), Thimmampatty (p), Ganapathi Nagar Ward 6, 4.Sathiyamangalam (R.V), Thimmampatty (p), Indira Colony Ward 6, 5.Sathiyamangalam (R.V), Thimmampatty (p), Natthamedu Ward 9, 6.Sathiyamangalam (R.V), Thimmampatty (p), Rethinampatti Ward  9",All voters
90,137,Sathiya mangalam,"Panchayat Union Elementary School,West Facing,North South Tin Sheet False Ceiling Building, Rathinampillai puthur 639120","1.Sathiyamangalam (R.V), Thimmampatty (p), Rethinampillai pudur north street ward 2, 2.Sathiyamangalam (R.V), Thimmampatty (p), Rethinampillai Pudur South Street Ward 2, 3.Sathiyamangalam (R.V), Thimmampatty (p), Rathinampillai Pudur West Street Ward 1, 4.Sathiyamangalam (R.V), Thimmampatty (p), Rathinampillai Pudur Kalathuveedugal Ward 1, 5.Sathiyamangalam (R.V), Thimmampatty (p), Nehru Nagar Ward  2",All voters
91,137,Marudhur North I,"Panchayat Union Middle School , North South Tiled Building, North Portion, Facing East, Marudur-639107","1.Marudhur (TP) , Veerambur Ward 2,
2.Marudhur (TP) , Marudhur Kuditheru Ward 2,
3.Marudhur (TP) , West adhidravidar street ward 1",All voters
92,137,Marudhur North I,"Panchayat Union Middle School,North south Tiled building, southern side, East Facing, Marudur 639107","1.Marudhur (TP) , Marudhur Kudi Street Ward 2,
2.Marudhur (TP) , Marudhur Vaikkal Medu Ward 2, 3.Marudhur (TP) , Marudhur Agraharam Ward 1,
4.Marudhur (TP) , Marudhur East kuditheru Ward 1, 5.Marudhur (TP) , Perumal Kovil Street Ward 1",All voters
93,137,Marudhur North II,"Natesan Aided Elementary School,East West New Terraced Building, West Portion, South Facing ,Mettu Marudhur 639 107","1.Marudhur (TP) , Gudalur Athidiravidar  Street Ward 6, 2.Marudhur (TP) , Vedar Street Ward 5,
3.Marudhur (TP) , Angalamman Kovil Vellalar Street Ward 5, 4.Marudhur (TP) , Mettu Marudhur Kuditheru North Ward 5, 5.Marudhur (TP) , Mettu Marudhur Kuditheru South Ward 5",All voters
94,137,Marudhur North II,"Natesan Aided Elementary School,East West Tiled Building, South Facing
,Mettu Marudhur 639 107","1.Marudhur (TP) , Mettu marudhur east adi dravidar st ward 4,
2.Marudhur (TP) , Mettu Marudhur West  Adidravidar st Ward 4,
3.Marudhur (TP) , Mettumaruthur Uppiliyar Street Ward 3, 4.Marudhur (TP) , Sunnampukaranpatti Ward 6",All voters
95,137,Marudhur South II,"Panchayat Union Middle School, East West (SSA) Terraced Building, Facing South, Western Portion, Athinatham 639107","1.Marudhur (TP) , Nadupatti West Side Ward 9,
2.Marudhur (TP) , Nadupatti East Side South 1  Ward 9, 3.Marudhur (TP) , Nadupatti East Side South 2 Ward 9, 4.Marudhur (TP) , Nadupatti East Side Nadu Street Ward 9, 5.Marudhur (TP) , Nadupatti East Side North Street Ward 9, 6.Marudhur (TP) , Athinatham Colony Street Ward 10, 7.Marudhur (TP) , AthinathamColony Adidravidar St East Side Ward 10,
8.Marudhur (TP) , Ganesapuram Adinatham Salai Ward 10",All voters
96,137,Marudhur South II,"Panchayat Union Middle School, East west (SSA) Terraced building, Eastern Portion, South Facing, Athinatham 639107","1.Marudhur (TP) , Vasumathipuram Ward 10,
2.Marudhur (TP) , Subramaniapuram Ward11,
3.Marudhur (TP) , Uralipallam Ward11, 4.Marudhur (TP) , Ganesapuram East Street Ward11",All voters
97,137,Marudhur South II,"Panchayat Union Elementary School , New Terraced Building, Noth South Building ,West Facing,Karungalpatty 639 107","1.Marudhur (TP) , Ganesapuram West Kuditheru Ward 15, 2.Marudhur (TP) , Ganesapuram Kottiparai Street Ward 10, 3.Marudhur (TP) , Karumparaipatty Kuditheru Ward 15, 4.Marudhur (TP) , Karunkalpatty North Street Ward 15,
5.Marudhur (TP) , Karungalpatty Athidiravidar Street Ward 15,
6.Marudhur (TP) , Karungalpatty Goundar Street Ward 15, 7.Marudhur (TP) , Karungalpatty Kuditheru Ward 15",All voters
98,137,Maruthur South I,"Panchayat Union Middle School, North Facing, East West Terraced Building, Mela kuppureddippatty 639 110","1.Marudhur (TP) , Kuppureddipatty Colony Ward 14,
2.Marudhur (TP) , Kuppureddipatty Kulathur Ward 14,
3.Marudhur (TP) , Kuppureddipatty Asari Street Ward 14, 4.Marudhur (TP) , Kuppureddipatti Goundar Street Ward 14, 5.Marudhur (TP) , Kuppureddipatti Reddiar Street Ward 14",All voters
99,137,Maruthur South I,"Panchayat UnionMiddle School western side,East west Terraced building,South facing,Melakuppureddipatty 639110","1.Marudhur (TP) , Vadakkimedu Ward 12,
2.Marudhur (TP) , Myladumparai Ward 12,
3.Marudhur (TP) , Subban Asari Kalam Ward 12,
4.Marudhur (TP) , Nadupatti Palam South Ward 12,
5.Marudhur (TP) , Nadupatti Palam North Ward 7",All voters
100,137,Maruthur South I,"Thiru Vi.Ka.High School South Tiled Building ,East West Building,North Facing,Panikkampatti 639 107","1.Marudhur (TP) , Vaykkal karai Panickampatty Ward 8, 2.Marudhur (TP) , Sanjiviretty Sandhu Ward 8,
3.Marudhur (TP) , Mudakku Street Ward 8,
4.Marudhur (TP) , New Colony Ward 13,
5.Marudhur (TP) , Kuditheru Ward 13,
6.Marudhur (TP) , Panikkampatti Sandhai Ward 13",All voters
101,137,Maruthur South I,"Thiru.Vi.Ka.High School, North Terraced Building , East West Building, Facing North,Panickampatti 639 107","1.Marudhur (TP) , Annadurai kalam ward 7,
2.Marudhur (TP) , Panickampatty  Bridge West Side Ward 8, 3.Marudhur (TP) , Kaliyamman Kovil Street Ward 7,
4.Marudhur (TP) , Athidiravidar Street Ward 7,
5.Marudhur (TP) , Kurumankarai ward 7,
6.Marudhur (TP) , Panickampatty Bridge North Side Ward 7, 7.Marudhur (TP) , Panickampatty Bridge Athidiravidar Street Ward 7",All voters
102,137,Kumara mangalam,"Panchayat Union Middle School,East West Terraced building, North Facing, West Portion ,Kumaramangalam 639
107","1.Kumaramangalam (R.V) and (P), Kumaramangalam Kudi Street Ward 1, 2.Kumaramangalam (R.V) and (P), Kumaramangalam Ariyampatti Ward 7",All voters
103,137,Kumara mangalam,"Panchayat Union Middle School, South West Building, North Portion,East Facing,Kumaramangalam 639107","1.Kumaramangalam (R.V) and (P), Ariyampatty Adidravidar Colony East Ward 3,
2.Kumaramangalam (R.V) and (P), Kumaramangalam Adidravidar Colony West
Ward 3",All voters
104,137,Hiranya mangalam,"Dhanam Aided Elementary School,North South Terraced Building
,East Facing, Middle Portion,Valayapatty 639 107","1.Hiranyamangalam (R.V) and  (P), Valayapatti North Kudi street Ward 6, 2.Hiranyamangalam (R.V) and  (P), Valayapatti Nadukudi Street Ward 7, 3.Hiranyamangalam (R.V) and  (P), Valayapatti South Kudi Street Ward 7, 4.Hiranyamangalam (R.V) and  (P), Valayapatti Ayyarmalai Main Road Ward 7",All voters
105,137,Hiranya mangalam,"Dhanam Aided Elementary School,North South Terraced Building
,East Facing, North Portion,Valayapatty 639 107","1.Hiranyamangalam (R.V) and  (P), Kalathupaguthigal ward 5, 2.Hiranyamangalam (R.V) and  (P), Kosur Sandai Eastmedu Ward 5, 3.Hiranyamangalam (R.V) and  (P), Sandai North Mainroad to West Side Ward 5,
4.Hiranyamangalam (R.V) and  (P), Valayapatti Panickampatti Mainroad Ward
5,",All voters
106,137,Hiranya mangalam,"Dhanam Aided Elementary School, New Terraced Building, North South Building, East Facing,South Portion
,Valayapatty 639 107","1.Hiranyamangalam (R.V) and  (P), Valayapatti north colony northern side ward 4,
2.Hiranyamangalam (R.V) and  (P), Valayapatty     north colony southernside ward 4,
3.Hiranyamangalam (R.V) and  (P), Valayapatty North Colony East Side Ward 4, 4.Hiranyamangalam (R.V) and  (P), Valayapatty Vaykkalkarai Ward 4, 5.Hiranyamangalam (R.V) and  (P), Mettupatty Ward 9",All voters
107,137,Hiranya mangalam,"Panchayat Union Elementary School, East West Tiled Building, Facing North, West Portion, Eramanaickenpatti 639 107","1.Hiranyamangalam (R.V) and  (P), Eramanaickenpatty Adidrvidar Street Ward 9,
2.Hiranyamangalam (R.V) and  (P), Eramanaickenpatty Kudi street Ward 9, 3.Hiranyamangalam (R.V) and  (P), Sallamadai Ward 9, 4.Hiranyamangalam (R.V) and  (P), Seethakattupatty Ward 9, 5.Hiranyamangalam (R.V) and  (P),
Semmettupatti Ward 9",All voters
108,137,Hiranya mangalam,"Panchayat Union Elementary School, New Building,East West Terraced Building, West Portion, North Facing, Melapatty 639107","1.Hiranyamangalam (R.V) and  (P), Manickapuram Ward 1, 2.Hiranyamangalam (R.V) and  (P), Melapatty Kudi street Mainroad Ward 1, 3.Hiranyamangalam (R.V) and  (P), Melapatty Sevaicolony West Side Ward 1, 4.Hiranyamangalam (R.V) and  (P), Melapatty Sevai colony South side Ward 1, 5.Hiranyamangalam (R.V) and  (P), Melapatty South kalam Ward 2, 6.Hiranyamangalam (R.V) and  (P), Melapatty Adidravidar Street Ward 2, 7.Hiranyamangalam (R.V) and  (P), Rethinathampatty Ward 2",All voters
109,137,Sivayam North,"Panchayat UnionMiddle.School ,North South Middle Terraced Building, East Facing,Irumbhuthipatti 639120","1.Sivayam North (R.V) and Sivayam (P) , Erumbhuthipatti  West Ward 4,
2.Sivayam North (R.V) and Sivayam (P) , Erumbhuthippatti (E) Ward 4,
3.Sivayam North (R.V) and Sivayam (P) , Pambanur Ward 5",All voters
110,137,Sivayam North,"Panchayat Union Elementary School,East west Terraced building south facing west Portion,Ayyanur","1.Sivayam North (R.V) and Sivayam (P) , Kandankudi Ward 6, 2.Sivayam North (R.V) and Sivayam (P) , Ayyanur South Ward 6, 3.Sivayam North (R.V) and Sivayam (P) , Ayyanur North Ward 6",All voters
111,137,Sivayam North,"Panchayat UnionElementary School, Tiled Building, West Portion , Facing North, Kodangipatti 639 120","1.Sivayam North (R.V) and Sivayam (P) , Kodangipatti West Ward 5,
2.Sivayam North (R.V) and Sivayam (P) , Kodangipatti North Ward 5,
3.Sivayam North (R.V) and Sivayam (P) , Kodangipatti South Ward 5,
4.Sivayam North (R.V) and Sivayam (P) , Sandai   Erumputhipatti North Ward 4,
5.Sivayam North (R.V) and Sivayam (P) , Sandai Erumputhipatti South Ward 4",All voters
112,137,Sivayam North,"Panchayat Union Middle School, South Facing, East West Terreced Building,
East Portion, Velangattuppatty 639120","1.Sivayam North (R.V) and Sivayam (P) , Velankattupatti South Ward 2,
2.Sivayam North (R.V) and Sivayam (P) , Velankattupatti North Ward 2",All voters
113,137,Sivayam North,"Panchayat Union MiddleSchool East West (SSA) Terraced Building, Facing North East Portion, Kuppatchipatti 639
120","1.Sivayam North (R.V) and Sivayam (P) , Kuruvikaranpatti East Ward 9,
2.Sivayam North (R.V) and Sivayam (P) , Kuruvikaranpatti West Ward 9,
3.Sivayam North (R.V) and Sivayam (P) , Salaipatti Ward 7",All voters
114,137,Sivayam North,"Panchayat Union MiddleSchool Additional New Terraced Building facing East,Kuppatchipatti 639 120","1.Sivayam North (R.V) and Sivayam (P) , Kuppatchipatti west ward 3,
2.Sivayam North (R.V) and Sivayam (P) , Kuppatchipatti  east ward 3,
3.Sivayam North (R.V) and Sivayam (P) , Kovilpatti West  Ward 7, 4.Sivayam North (R.V) and Sivayam (P) , Kovilpatti East Ward 7",All voters
115,137,Sivayam North,"Balu Aided School, East West Tiled building, North Facing ,Eachampatti
639 120","1.Sivayam North (R.V) and Sivayam (P) , Eachampatti west ward 12,
2.Sivayam North (R.V) and Sivayam (P) , Echampatti East Ward 12",All voters
116,137,Sivayam North,"Panchayat UnionElementary School, East West Tiled Building, North Facing,Veppangudi 639120","1.Sivayam North (R.V) and Sivayam (P) , Akkaraipatti Ward 12, 2.Sivayam North (R.V) and Sivayam (P) , Veppangudi North Ward 10,
3.Sivayam North (R.V) and Sivayam (P) , Veppangudi  South Ward 10,
4.Sivayam North (R.V) and Sivayam (P) , Uthampatti Ward 10",All voters
117,137,Sivayam South,"Panchayat Union Elementary School,East West Tiled Building, South Facing,Desiyamangalam 639 120","1.Sivayam South (R.V) and Sivayam (P)  , Koneriyur north ward 2, 2.Sivayam South (R.V) and Sivayam (P)  , Konaiyur South Ward 2, 3.Sivayam South (R.V) and Sivayam (P)  , Karumadampatti  Ward 8,
4.Sivayam South (R.V) and Sivayam (P)  , Athanur Ward 8",All voters
118,137,Sivayam South,"Panchayat Union Elementary School,North Facing East West Additional Terraced building,West Portion, Desiyamangalam 639 120","1.Sivayam South (R.V) and Sivayam (P) , Athanur West Ward 8, 2.Sivayam South (R.V) and Sivayam (P) , Thesiamangalam Ward 2,
3.Sivayam South (R.V) and Sivayam (P) , Thesiamangalam South Ward 8,
4.Sivayam South (R.V) and Sivayam (P) , Thesiamangalam East Ward 8",All voters
119,137,Pappakkapatti,"Panchayat Union Elementary School,East West, South Tiled Building, North Facing,Kanakkapillaiyur 639 119","1.Pappakkapatti (R.V) and (P), Kanakkuppillaiyur North Ward 6, 2.Pappakkapatti (R.V) and (P), Kanakkppillaiyur South Ward 6, 3.Pappakkapatti (R.V) and (P), Kuppanampatty Ward 5",All voters
120,137,Pappakkapatti,"Panchayat Union Elmentary School, North South Terraced Building, East Facing, Periyakulathur 639 119","1.Pappakkapatti (R.V) and (P), Periyakulathur North Ward 8, 2.Pappakkapatti (R.V) and (P), Periakulathur South Ward 8, 3.Pappakkapatti (R.V) and (P), Chinnakulathur North Ward 8, 4.Pappakkapatti (R.V) and (P), Chinnakulathur
South Ward 8",All voters
121,137,Pappakkapatti,"Panchayat Union Middle School, North Side West Facing North South Terreced Building, Pappakkappatti 639119","1.Pappakkapatti (R.V) and (P), Pappakapatty West Ward 1,2,3, 2.Pappakkapatti (R.V) and (P), Pappakapatty East Ward 1,2,3, 3.Pappakkapatti (R.V) and (P), Pappakapatty Adidravidar West Street Ward 2,
4.Pappakkapatti (R.V) and (P), Pappakapatty Adidravidar East Street Ward 3, 5.Pappakkapatti (R.V) and (P), Vathigoundanur Ward 2",All voters
122,137,Pappakkapatti,"Panchayat Union Elementary School, North Facing, East West Terraced Building, West Wing, Periyamalaiyandippatty 639 119","1.Pappakkapatti (R.V) and (P), Kattaripatti Ward 5, 2.Pappakkapatti (R.V) and (P), Periyamalaiyandipatty South Ward 3,4,
3.Pappakkapatti (R.V) and (P), Periyamalaiyandipatty North Ward 3,4, 4.Pappakkapatti (R.V) and (P), Chinnamalaiyandipatti Ward 3",All voters
123,137,Pappakkapatti,"Panchayat Union Elementary School, Additional ,East West Terraced Building,South Facing, Alamarathupatty 639119","1.Pappakkapatti (R.V) and (P), Alamarathupatti east street ward 7, 2.Pappakkapatti (R.V) and (P), Pudhupatti, Alamarathupatti West St. Ward 7, 3.Pappakkapatti (R.V) and (P), Tasilnayakkanur Ward 9, 4.Pappakkapatti (R.V) and (P), Viralikadu Ward 9,
5.Pappakkapatti (R.V) and (P), Ramandhapuram Ward 9",All voters
124,137,Vayalur,"Panchayat Union Elementary School,East West Tiled Building, South Facing ,Saravanapuram 639 119","1.Vayalur (R.V) and (P), Saravanapuram Adhidiravidar street ward 3,
2.Vayalur (R.V) and (P), Saravanapuram Kudi Street Ward 3, 3.Vayalur (R.V) and (P), Kulandhaipatti Ward 4",All voters
125,137,Vayalur,"Panchayat Union Elementary School,East West Terraced Building, North Facing Devasingampatti 639 119","1.Vayalur (R.V) and (P), Pambanpatti Ward 7,
2.Vayalur (R.V) and (P), Devasingampatti North Street Ward 7, 3.Vayalur (R.V) and (P), Devasingampatti South Street Ward 8, 4.Vayalur (R.V) and (P), Naduppatti Ward 8,
5.Vayalur (R.V) and (P), Nadupatti Adidravidar Street Ward 8, 6.Vayalur (R.V) and (P), Ayyampalayam Ward 8,
7.Vayalur (R.V) and (P), Uppiliyappatti Ward 8,
8.Vayalur (R.V) and (P), Surakkappatti Ward 8, 9.Vayalur (R.V) and (P), Thirumeniyur Ward 9",All voters
126,137,Vayalur,"Panchayat Union Middle School, East West Tiled Building Facing South,Vayalur 639 119","1.Vayalur (R.V) and (P), Vayalur adhidiravidar north street ward 5,
2.Vayalur (R.V) and (P), Vayalur Adhidiravidar South Street Ward 5,
3.Vayalur (R.V) and (P), Vayalur Kuditheru North Ward 6,
4.Vayalur (R.V) and (P), Vayalur Kuditheru South Ward 6",All voters
127,137,Vayalur,"Panchayat Union Elementary School,East-West Terraced Building Facing South,Kanakkampatty 639 119","1.Vayalur (R.V) and (P), Kanakkampatti North Ward 1,2,
2.Vayalur (R.V) and (P), Kanakkampatti South Ward 1,2,
3.Vayalur (R.V) and (P), Kanakkampatti East Ward 1,2,
4.Vayalur (R.V) and (P), Arapuliyapatti Ward 1",All voters
128,137,Veeriya palayam,"Panchayat Union Elementary School,Additional East West Terraced Building ,Facing North,Vellalapatti 639 119","1.Veeriyapalayam (R.V) and (P), Kurumbapatti North Ward 1,2, 2.Veeriyapalayam (R.V) and (P), Kurumbapatti South Ward 1,2, 3.Veeriyapalayam (R.V) and (P), Vellalapatti North Ward 2,3, 4.Veeriyapalayam (R.V) and (P), Vellalapatti South Ward 2,3, 5.Veeriyapalayam (R.V) and (P),",All voters
129,137,Veeriya palayam,"Panchayat Union Elementary School,East West Terraced Building, East Portion, South Facing,Komatteri 639 119","1.Veeriyapalayam (R.V) and (P), Komatteri North Ward 5, 2.Veeriyapalayam (R.V) and (P), Komateri South Ward 5, 3.Veeriyapalayam (R.V) and (P), Vellayakoundanpatti (Kudi Street) Ward 7,9,
4.Veeriyapalayam (R.V) and (P), Vellayagoundanpatti (Colony) Ward 7,9",All voters
130,137,Veeriya palayam,"Panchayat Union Middle School, North South New Terraced Building Facing East, Kannamuthampatti 639 119","1.Veeriyapalayam (R.V) and (P), Kannamuthampatti Adidiravidar Street Ward 6,
2.Veeriyapalayam (R.V) and (P), Kannamuthampatti North Street Ward 6,8, 3.Veeriyapalayam (R.V) and (P), Kannamuthampatti South Street Ward 6,8, 4.Veeriyapalayam (R.V) and (P), Veeriyapalayam Ward 4, 5.Veeriyapalayam (R.V) and (P), Kaikaluvyur Ward 1, 6.Veeriyapalayam (R.V) and (P),
Manickapuram Ward 1, 7.Veeriyapalayam (R.V) and (P), Uthupatti Ward 1",All voters
131,137,Panjappatty,"Government Model Higher Secondary School ,South Side Additional North South Terraced Building, South
Portion, West Facing ,Panjapatti","1.Panjapatty (R.V) and (P) , Keelapanjapatty north ward 3,4, 2.Panjapatty (R.V) and (P) , Keelapanjapatty West Ward 3,4, 3.Panjapatty (R.V) and (P) , Keelapanjapatty East Ward 3,4, 4.Panjapatty (R.V) and (P) , Keelapanjapatty
Mariyammankoviltheru Ward 4",All voters
132,137,Panjappatty,"Government Model Higher Secondary School , Additional North South Terraced Building, South Side, North Portion, West Facing, Panjapatti 639119","1.Panjapatty (R.V) and (P) , Kodikkampudur Ward 7, 2.Panjapatty (R.V) and (P) , Karaikudi Ward 7, 3.Panjapatty (R.V) and (P) , Pothuparai Ward 7,
4.Panjapatty (R.V) and (P) , Sukkampatti South Ward 7, 5.Panjapatty (R.V) and
(P) , Sukkampatti North Ward1",All voters
133,137,Panjappatty,"Government Model Higher Secondary School , Additional North South Terraced Building,South Side, South Portion, West Facing ,Panjapatti 639
119","1.Panjapatty (R.V) and (P) , Manickapuram ward 9, 2.Panjapatty (R.V) and (P) , Rengapalayam Ward 8, 3.Panjapatty (R.V) and (P) , Othapatty Ward 8, 4.Panjapatty (R.V) and (P) , Alahapuram Ward 8, 5.Panjapatty (R.V) and (P) , Adidiravidar West Street Ward 9, 6.Panjapatty (R.V) and (P) , Adidiravidar East
Street Ward 5",All voters
134,137,Panjappatty,"Government Model Higher Secondary School, East West Main Terraced Building, South Facing Room No 5, West Side, Panjapatti 639119","1.Panjapatty (R.V) and (P) , Thathampatti ward 3, 2.Panjapatty (R.V) and (P) , MelaPanjapatti South Street Ward 6, 3.Panjapatty (R.V) and (P) , Melapanjapatty asariyar street ward 6, 4.Panjapatty (R.V) and (P) , Melapanjapatty kadaiveethy street ward 2, 5.Panjapatty (R.V) and (P) , Melapanjapatty East Street Ward 4, 6.Panjapatty (R.V) and (P) , MelaPanjapatty
West Street Ward 4",All voters
135,137,Pothuravuthan patti,"Panchayat Union Middle School ,East West North Terraced Building,Facing South,Pothuravuthanpatti 639119","1.Pothurowthanpatti (R.V) and (P), Vellaiparaipatti Ward 1, 2.Pothurowthanpatti (R.V) and (P), Saarkudiyur Ward 2, 3.Pothurowthanpatti (R.V) and (P), Vadukapatti  North Ward 2, 4.Pothurowthanpatti (R.V) and (P), Vadukapatti South Ward 2, 5.Pothurowthanpatti (R.V) and (P),
Pothurowthanpatti North Ward 4,5",All voters
136,137,Pothuravuthan patti,"Panchayat Union Middle School , East West Terraced Building, South Facing, Pothu ravuthanpatti 639 119","1.Pothurowthanpatti (R.V) and (P), Pothurowthanpatti (N) Ambetkar nagar Ward 2, 2.Pothurowthanpatti (R.V) and (P), Pothurowthanpatti Keelpagam Ward 2, 3.Pothurowthanpatti (R.V) and (P), Pothurowthanpatti Mel Pagam Ward 2, 4.Pothurowthanpatti (R.V) and (P), Vellalapatti East Ward 1, 5.Pothurowthanpatti (R.V) and (P), Vellalapatti West Ward 1",All voters
137,137,Pothuravuthan patti,"Panchayat Union Elementary School
,East West Tiled Building, Facing South,Kullampatty 639 119","1.Pothurowthanpatti (R.V) and (P), Kullampatti ward 3 2.Pothurowthanpatti (R.V) and (P), Iruppukuzhi Ward 5",All voters
138,137,Pothuravuthan patti,"Panchayat Union Elementary School, East West Terraced Building Facing
South, Akkarakkampatty 639 119","1.Pothurowthanpatti (R.V) and (P), Kakkayampatti Ward 7, 2.Pothurowthanpatti (R.V) and (P), Akkarakampatti Ward 7, 3.Pothurowthanpatti (R.V) and (P), Kallupatti Ward 6",All voters
139,137,Pothuravuthan patti,"Panchayat Union Elementary School, North South Terreced Building, West Facing, Muthampatty 639 119","1.Pothurowthanpatti (R.V) and (P), Umaiudayanur ward 5, 2.Pothurowthanpatti (R.V) and (P), Muthampatti Ward 8, 3.Pothurowthanpatti (R.V) and (P), Erumaikaranur  Ward 5, 4.Pothurowthanpatti (R.V) and (P), Panaiyur Ward 5, 5.Pothurowthanpatti (R.V) and (P), Chinnagoundanpatti Ward 5, 6.Pothurowthanpatti (R.V) and (P), Sembaraipatti North Ward 4, 7.Pothurowthanpatti (R.V) and (P), Sembaraipatti South Ward 4",All voters
140,137,Pothuravuthan patti,"Panchyat Union Elementary School,EastWest Terraced SSA Building
,Facing north east portion
Ayyampalayam 639 119","1.Pothurowthanpatti (R.V) and (P), Molapudaiyur Ward 9, 2.Pothurowthanpatti (R.V) and (P), Kaikoundanur Ward 5, 3.Pothurowthanpatti (R.V) and (P), Ayyampalayam Ward 9",All voters
141,137,Chinniyam palayam,"Panchayat Union Middle School,East West Terraced Building, North Facing
,Chinniyampalyam 639 120","1.Chinniyampalayam (R.V) and (P), Kakkayampatty ward 1, 2.Chinniyampalayam (R.V) and (P), Karaiyampatti Ward 1, 3.Chinniyampalayam (R.V) and (P), Chinniyampalayam Ward 2, 4.Chinniyampalayam (R.V) and (P), Chinnayampalayam Colony  Ward 3,
5.Chinniyampalayam (R.V) and (P), Chinniyampalayam Kalathuveedugal Ward",All voters
142,137,Chinniyam palayam,"Panchayat Union Middle School,North South Terraced Building, Facing East,Middle Portion,Chinniyampalyam 639 120","1.Chinniyampalayam (R.V) and (P), Eachampatti Ward 4, 2.Chinniyampalayam (R.V) and (P), Venthapatti Ward 6, 3.Chinniyampalayam (R.V) and (P), Venthapatty Colony Ward 6, 4.Chinniyampalayam (R.V) and (P), Pethanaickanur Ward 5, 5.Chinniyampalayam (R.V) and (P), Chellamanaickanur Ward 5, 6.Chinniyampalayam (R.V) and (P), Chinnamanaickanur Ward 5, 7.Chinniyampalayam (R.V) and (P),
Onapparaipatty  Ward 1",All voters
143,137,Kalugur,"Panchayat Union Elementary School,North South Terraced Building,Facing East,Munaiyampatti
639 120","1.Kalugur (R.V) and (P), Kambeswaram ward 1, 2.Kalugur (R.V) and (P), Munaiyampatty Ward 3, 3.Kalugur (R.V) and (P), Munaiyampatti Adidravidar Street Ward 3, 4.Kalugur (R.V) and (P), Munaiyampatti Perumalkovil Street
Ward3",All voters
144,137,Kalugur,"Panchayat UnionMiddle school,East west Terraced Building,North Facing, West Portion,Mahalippatti 639 120","1.Kalugur (R.V) and (P), Mariparaipatti Ward 2, 2.Kalugur (R.V) and (P), Mariparaipatti Adidravidar Street Ward  2 , 3.Kalugur (R.V) and (P), Mahalipatti Ward 4, 4.Kalugur (R.V) and (P), Mahalipatti South Street Ward 4, 5.Kalugur (R.V) and (P), Mahalipatti Annanagar Ward 4, 6.Kalugur (R.V) and (P),
Mahalipatti Adidravidar Street Ward 2",All voters
145,137,Kalugur,"Panchayat Union Elementary School, North South Metal Roof Building, East
Facing, A.Udaiyapatty 639120","1.Kalugur (R.V) and (P), A.udaiyapatty west ward 5, 2.Kalugur (R.V) and (P), A.Udaiyapatti West to South Street Ward 6, 3.Kalugur (R.V) and (P),
Anaikaraipatti Ward 5",All voters
146,137,Kalugur,"Panchayat Union Elementary School East West Metal Roof Building, South Facing, A.Udaiyapatty 639120","1.Kalugur (R.V) and (P), A.udaiyapatty east ward 7, 2.Kalugur (R.V) and (P), Anandhapuram Udaiyapatti East  South Street Ward 6, 3.Kalugur (R.V) and (P), Maruthur Ward 7, 4.Kalugur (R.V) and (P), Poosariyur Ward 7, 5.Kalugur (R.V) and (P), S. Valaiyapatti Ward 7, 6.Kalugur (R.V) and (P), Annanagar ward 12",All voters
147,137,Kalugur,"Panchayat Union Middle School,South North Terraced Building West facing Muttakkampatti 639 120","1.Kalugur (R.V) and (P), Moottakkattampatti Ward 12, 2.Kalugur (R.V) and (P), Mettupatty Ward 12, 3.Kalugur (R.V) and (P), K.thuraiyur ward 11, 4.Kalugur (R.V) and (P), Echangattuppatty Ward 12",All voters
148,137,Kalugur,"Adi Dravidar Welfare Elementary School, East West Terraced Building, Facing South,Kalugur 639120","1.Kalugur (R.V) and (P), Kalugur Kasba Easwaran Kovil Street Ward 8,
2.Kalugur (R.V) and (P), Kalugur Kasba Melatheru  Ward 8, 3.Kalugur (R.V) and (P), Kalugur Kasba East Street  Ward 8, 4.Kalugur (R.V) and (P), Kalugur Kasba Kaliyamman Kovil Street Ward 8, 5.Kalugur (R.V) and (P), Vennilapuram Ward 7",All voters
149,137,Kalugur,"Panchayat Union Elementary School, North Facing, East West Terraced
Building, Akkandimedu-639120","1.Kalugur (R.V) and (P), Akkandimedu north street ward 11, 2.Kalugur (R.V) and (P), Akkandimedu South  Street Ward 11",All voters
150,137,Kalugur,"Panchayat Union Elementary School North South Terraced building ,Facing East,Kannimarpalayam 621 313","1.Kalugur (R.V) and (P), Pojanayakkanpatti Melathru Ward 10, 2.Kalugur (R.V) and (P), Pojanayakkanpatti East Street  Ward 10, 3.Kalugur (R.V) and (P), Kannimarpalayam East Street Ward 9, 4.Kalugur (R.V) and (P), Kannimarpalayam West Street Ward 9, 5.Kalugur (R.V) and (P), Vemppathuranpatti Ward 9, 6.Kalugur (R.V) and (P), Pillaikodankipatti East Street Ward 10, 7.Kalugur (R.V) and (P), Pillaikodankipatti West Street Ward 10",All voters
151,137,Kosur,"Panchayat Union Middle School,West Facing,North Portion ,Terraced
Building,Kambaliyampatti 621 313","1.Kosur (R.V) and (p), Kambaliyampatti  ward 1, 2.Kosur (R.V) and (p), Kovil Street  Ward 1, 3.Kosur (R.V) and (p), M.G.R Street Ward 1",All voters
152,137,Kosur,"Panchayat Union Elementary School, East Facing,North South Building,
North Side,Nathippatti 621 313","1.Kosur (R.V) and (p), Sukkampatti Ward 3, 2.Kosur (R.V) and (p), Nachikalathuppatti Ward 3, 3.Kosur (R.V) and (p), Nathippatti  Ward 3",All voters
153,137,Kosur,"Panchayat Union Middle School, South Facing East West Tiled Building,Kuppamettupatty 621 313","1.Kosur (R.V) and (p), Kosur west ward 1, 2.Kosur (R.V) and (p), Kosur East Ward 1, 3.Kosur (R.V) and (p), Kosur North Ward 1, 4.Kosur (R.V) and (p), Kuppamettupatti West Colony Ward 7, 5.Kosur (R.V) and (p), Kuppamettupatti South Colony Ward 7, 6.Kosur (R.V) and (p), Kuppamettupatti North Colony
Ward 7",All voters
154,137,Kosur,"Panchayat Union Middle School, East West Terraced Building,North Facting,
Kuppamettupatty 621 313","1.Kosur (R.V) and (p), Thanthiripatti South Ward 4, 2.Kosur (R.V) and (p), Thanthiripatti West Ward 4, 3.Kosur (R.V) and (p), Thanthiripatti North Medu
Ward 4",All voters
155,137,Kosur,"Panchayat Union Middle School,New Terraced Building,North South Building,Facing East,Kuppandiyur 621
313","1.Kosur (R.V) and (p), Kettuchinampatti Ward 1, 2.Kosur (R.V) and (p), Kombaiyur Ward 2, 3.Kosur (R.V) and (p), Uppiliapatti East Ward 2, 4.Kosur (R.V) and (p), Uppiliapatti West Ward 2",All voters
156,137,Kosur,"Panchayat Union Middle School,North Facing East West Terraced Building,Kuppandiyur 621 313","1.Kosur (R.V) and (p), Kuppandiyur North Ward 2, 2.Kosur (R.V) and (p), Kuppandiyur South Ward 2, 3.Kosur (R.V) and (p), Kuppandiyur East Ward 2,
4.Kosur (R.V) and (p), Kuppandiyur West Ward 2",All voters
157,137,Kosur,"Government High School, East West Terreced Building, South Facing, Room No 1,Ottappatti 621 313","1.Kosur (R.V) and (p), Pappanaickanur ward 3,  2.Kosur (R.V) and (p), Ottapatti South Ward 4,  3.Kosur (R.V) and (p), Ottapatti East Ward 4, 4.Kosur (R.V) and (p), Mettur Ward 4",All voters
158,137,Kosur,"Panchayat Union Elementary School,South facing East West Terreced Building,Centre Portion,
Ottapatti 621 313","1.Kosur (R.V) and (p), Ottapatti North Ward 4,
2.Kosur (R.V) and (p), Ottapatti West Ward 4,
3.Kosur (R.V) and (p), Alkuthiyur Ward 4,",All voters
159,137,Mathagiri,"Government Higher Secondary School,South Facing East West
Terraced Building,Centre Wing,","1.Mathagiri (R.V) and (P), Athupatti ward 1, 2.Mathagiri (R.V) and (P),
Sengulam Ward 1, 3.Mathagiri (R.V) and (P), Kullarengampatti Ward 2, 4.Mathagiri (R.V) and (P), Kurinji Nagar   Ward 2",All voters
160,137,Mathagiri,"Panchayat Union Middle School ,North South Terraced Building,Facing East,North Kallupatti 639 119","1.Mathagiri (R.V) and (P), Mathagiri ward 3, 2.Mathagiri (R.V) and (P), Mottakamannaickanur Ward 1, 3.Mathagiri (R.V) and (P), North Kallupatti Ward 1, 4.Mathagiri (R.V) and (P), South Kallupatti Ward 3, 5.Mathagiri (R.V) and (P), Palligoundanur Ward 3",All voters
161,137,Thonda manginam,"Sri Ramakrishna Elementary School,East West Asbestos Building,South Facing,Perumalgoundanpatti 639 119","1.Thondamanginam (R.V) and (P), Valaikinam Ward 1, 2.Thondamanginam (R.V) and (P), Pommanaickanpatty Ward 3, 3.Thondamanginam (R.V) and (P), Kadanvankiyur Ward 4, 4.Thondamanginam (R.V) and (P), Sukkampatty North Ward 5, 5.Thondamanginam (R.V) and (P), Sukkampatty South Ward 5",All voters
162,137,Thonda manginam,"Sri Ramakrishna Elementary School, North Facing East West Tiled Building,Perumalgoundanpatti 639 119","1.Thondamanginam (R.V) and (P), Perumalgoundampatty North Ward 2, 2.Thondamanginam (R.V) and (P), Perumalgoundampatty East Ward 2, 3.Thondamanginam (R.V) and (P), Perumalgoundampatty South Ward 2",All voters
163,137,Thondamangin am,"Panchayat Union Elementary School, East West Mangalore Tiled Building, North Facing,Thondamaginam 639 119","1.Thondamanginam (R.V) and (P), Karungalpatti  ward 1, 2.Thondamanginam (R.V) and (P), Thondamanginam North Ward 2, 3.Thondamanginam (R.V) and (P), Thondamanginam South Ward 2, 4.Thondamanginam (R.V) and (P), Oornaickenpatti Ward 3, 5.Thondamanginam (R.V) and (P), Varakur Ward 4, 6.Thondamanginam (R.V) and (P), Velampatty Ward 5",All voters
164,137,Thonda manginam,"Panchayat Union Middle School ,North Facing,South Mangalore Tiled Building,Goundampatti 639 119","1.Thondamanginam (R.V) and (P), Vritigoundanur ward 1, 2.Thondamanginam (R.V) and (P), Santhaiyur Ward 2, 3.Thondamanginam (R.V) and (P), Kondampoosariyur Ward 3, 4.Thondamanginam (R.V) and (P), Sanganpoosariyur Ward 5, 5.Thondamanginam (R.V) and (P), Eriachalur Ward
6",All voters
165,137,Thonda manginam,"Panchayat Union Middle School,East West Terraced Building Northen Side,East wing,South
Facing,Goundampatti 639 119","1.Thondamanginam (R.V) and (P), Goundampatti North Ward 4, 2.Thondamanginam (R.V) and (P), Goundampatti East Ward 4, 3.Thondamanginam (R.V) and (P), Goundampatti West Ward 4",All voters
166,137,Naganur,"Panchayat Union Elementary School East West Terraced Building North Facing ,Western portion,Naganur
639120","1.Naganur (R.V) and (P), Naganur ward 1,2,4, 2.Naganur (R.V) and (P), Naganur West Ward 1, 3.Naganur (R.V) and (P), Naganur East Ward 2, 4.Naganur (R.V) and (P), Mettupatty Ward 3, 5.Naganur (R.V) and (P), Krishnampatty Ward 3",All voters
167,137,Naganur,"Panchayat Union Elementary School East West Terraced Building,North
facing Middle Portion,Naganur 639120","1.Naganur (R.V) and (P), Kalingapatty ward 4,5,7,",All voters
168,137,Naganur,"Panchayat Union Elementary School, East West Terreced Building, North Facing, East Portion, vathapillaiyur
621313","1.Naganur (R.V) and (P), Vathapillaiyur Ward 6",All voters
169,137,Naganur,"Panchayat Union Middle.School,South Facing East West Tiled Building,East Portion,Nallagoundanpatti 639120","1.Naganur (R.V) and (P), Paranthadi ward 8, 2.Naganur (R.V) and (P), Nalla kavandampatty Ward 8,9, 3.Naganur (R.V) and (P), Thiruppathiyur Ward  9,
4.Naganur (R.V) and (P), Manachinampatty Ward 9 , 5.Naganur (R.V) and (P), Kampathanparai Ward 7",All voters
170,137,Thogamalai,"Government Higher Secondary School, East West Terraced Building West Portion Two storeyed Ground floor
Room No.2,Thogamalai 621313","1.Thogamalai (R.V) and (P), Karuppakovil street ward 4, 2.Thogamalai (R.V) and (P), North senior st Ward 8",All voters
171,137,Thogamalai,"Government Higher Secondary School East west Terraced building west Portion Facing North Room No 1,Thogamalai 621 313","1.Thogamalai (R.V) and (P), Kunjamudakku Ward 15, 2.Thogamalai (R.V) and (P), Thulukka Street North Ward 7, 3.Thogamalai (R.V) and (P), Thulukka Street South Ward 7
4.Thogamalai (R.V) and (P), Vedhachalapuram Northernside Ward 6",All voters
172,137,Thogamalai,"Government Higher Secondary School Middle West East Terraced Building West Portion South Facing, Thogamalai
621 313","1.Thogamalai (R.V) and (P), Mela street north pagam ward 5, 2.Thogamalai (R.V) and (P), Mela Street South Pagam Ward 5, 3.Thogamalai (R.V) and (P), Nesavalar Colony Ward 5, 4.Thogamalai (R.V) and (P), Seniar Street Ward 8",All voters
173,137,Thogamalai,"Government Higher Secondary School,Middle East West Terraced Building, East Portion South
Facing,Thogamalai 621 313","1.Thogamalai (R.V) and (P), Vedhachalapuram Southernside Ward 10,",All voters
174,137,Thogamalai,"Government Higher Secondary School East West North Terraced Building,South Facing, Thogamalai 621
313","1.Thogamalai (R.V) and (P), Palaya kallupatty ward 1, 2.Thogamalai (R.V) and (P), Pudukallupatty Ward 1, 3.Thogamalai (R.V) and (P), Naicken Kulam Ward 1, 4.Thogamalai (R.V) and (P), Chetty Street Ward 9",All voters
175,137,Thogamalai,"Panchayat Union Elementary School North South Terraced Building, Facing East,North Portion,Vellapatti 621 313","1.Thogamalai (R.V) and (P), Othapatty Ward 2
2.Thogamalai (R.V) and (P), Vellapatti West Ward 4, 3.Thogamalai (R.V) and (P), Vellappatti East Ward 2,3
4.Thogamalai (R.V) and (P), Vellapatty kalathu veedugal ward 3,5.Thogamalai (R.V) and (P), Vellapatty Kalathu Veedugal South Ward 3,",All voters
176,137,Thogamalai,"Panchayat Union Elementary School, East West Terraced Building, South
Facing, West Side, Varunthipatti 621","1.Thogamalai (R.V) and (P), South Varunthipatty Ward 2, 2.Thogamalai (R.V) and (P), North Varunthipatty Ward 2,",All voters
177,137,Thogamalai,"Panchayat Union Elementary School North facing ,East West Terraced Building,Thogamalai 621313","1.Thogamalai (R.V) and (P), Athidiravidar Colony Kalathuveedukal East Ward 9, 2.Thogamalai (R.V) and (P), Athidiravidar Colony Kalathuveedukal West Ward 9, 3.Thogamalai (R.V) and (P), Athidiravidar Colony Kalathuveedukal
South Ward 9",All voters
178,137,Thogamalai,"Panchayat Union Elementary School, North Facing East West Terreced Building, East Side,
Thirumanickampatti, 621 313","1.Thogamalai (R.V) and (P), Thirumanickampatty East Ward 12 2.Thogamalai (R.V) and (P), Thirumanickampatty West Ward 12, 3.Thogamalai (R.V) and (P), Palanigoundampatty Ward 12,",All voters
179,137,Thogamalai,"Panchayat Union Middle School, North South Addl Asbestos Building,West Facing, Nadakkapatty 621313","1.Thogamalai (R.V) and (P), Nadakkapatty ward 10, 2.Thogamalai (R.V) and (P), Nadakkapatty North Ward 10, 3.Thogamalai (R.V) and (P), Nadakkapatty South Ward 11, 4.Thogamalai (R.V) and (P), Nadakkapatty Middle Street Ward 11, 5.Thogamalai (R.V) and (P), Nadakkapatty Adidravidar Street Ward 11, 6.Thogamalai (R.V) and (P), Patchanampatty Ward 10",All voters
180,137,Porunthalur,"Adi Dravidar Welfare High School, North south Terraced building southern portion west facing,Muthubalagiri 621313","1.Porunthalur (R.V) and  (P) , Pusaripatti Ward 2, 2.Porunthalur (R.V) and  (P) , Muthupalagiri Ward 1, 3.Porunthalur (R.V) and  (P) , Aranmanai Ward 1, 4.Porunthalur (R.V) and  (P) , Thelungapatty West Street Ward  2, 5.Porunthalur (R.V) and  (P) , Thelungapatty Middle  street Ward 2",All voters
181,137,Porunthalur,"Adi Dravidar Welfare Elementary School, East West Terraced Building,North Facing, East Wing
,Thelungapatti 621313","1.Porunthalur (R.V) and  (P) , Ettamanaickenpatti ward 3, 2.Porunthalur (R.V) and  (P) , Thelungapatti Adidravidar Street Ward 3, 3.Porunthalur (R.V) and
(P) , Poosari Veedugal Street Ward 4, 4.Porunthalur (R.V) and  (P) , Thelungapatty Colony Street Ward 4",All voters
182,137,Porunthalur,"Panchayat Union Elementary School North south Terraced building west facing,Ponnampatti 621313","1.Porunthalur (R.V) and  (P) , Ponnampatty ward 7, 2.Porunthalur (R.V) and
(P) ,Ponnampatty Colony Ward 9, 3.Porunthalur (R.V) and  (P) , Anthoniyarpuram Ward 9",All voters
183,137,Porunthalur,"Panchayat Union Middle School, Western Side South wing, North South Terraced Building, East Facing,North Portion,Chinnareddipatti 621313","1.Porunthalur (R.V) and  (P) , Paraipatty Colony Ward 8, 2.Porunthalur (R.V) and  (P) , Paraipatty Ward 8, 3.Porunthalur (R.V) and  (P) , Pommanayakkanur Ward 8, 4.Porunthalur (R.V) and  (P) , Appa nayakkanur Ward 5, 5.Porunthalur (R.V) and  (P) , Kannal vada Nayakkanpatty Ward 5,",All voters
184,137,Porunthalur,"Panchayat Union Middle School, East Wing, North South Terreced Building, West facing, North portion, Chinnareddipatti 621 313","1.Porunthalur (R.V) and  (P) , Chinnareddipatty Ward 6 2.Porunthalur (R.V) and  (P) , Chinnareddipatti Colony Ward 8, 3.Porunthalur (R.V) and  (P) , Uppiliathadanpatti Ward 5",All voters
185,137,Pathiripatty,"Panchayat Union Primary School, South Side, East West Tiled Building,
North Facing, West Wing,Pathiripatty","1.Padiripatty (R.V)and  (P), Kottappatty kudistreet ward 1, 2.Padiripatty (R.V)and  (P), Kottapatti Adidravidar St Ward 2, 3.Padiripatty (R.V)and  (P),
Kuchipommanaickenpatti  Ward 1,",All voters
186,137,Pathiripatty,"Panchayat Union Elementary School, West side, East West Terraced
Building, North Facing, Pallipatti 621","1.Padiripatty (R.V)and  (P), Pallipatti Ward 4, 2.Padiripatty (R.V)and  (P), East Adidravidar Colony Ward 3,
3.Padiripatty (R.V)and  (P), Uthupatti Ward 9",All voters
187,137,Pathiripatty,"Government High School, Southern Side, East West Metal Roof Building,
South Facing, Pathiripatty 621313","1.Padiripatty (R.V)and  (P), Padiripatty north street ward 5, 2.Padiripatty (R.V)and  (P), West Adidravidar Colony Ward 6",All voters
188,137,Pathiripatty,"Government High School, North Wing,East West Terreced Building, South facing, West Side, Pathiripatti
621313","1.Padiripatty (R.V)and  (P), Naganottakaranpatty ward 8, 2.Padiripatty (R.V)and  (P), Pathiripatti South Street Ward 7",All voters
189,137,Kalladai,"Panchayat Union Elementary School Southern Side,New Terraced East West Building,North Facing, East Portion,D. Edaiyapatty 621 313","1.Kalladai (R.V) and (P), Manickapuram Ward 4, 2.Kalladai (R.V) and (P), Idaiyapatty North Street Ward 4, 3.Kalladai (R.V) and (P), Idaiyapatty South Street Ward 4, 4.Kalladai (R.V) and (P), Idaiyapatti West Street Ward 4,
5.Kalladai (R.V) and (P), Renganathapuram West Side Ward 4, 6.Kalladai (R.V) and (P), Renganathapuram Ward 1,4, 7.Kalladai (R.V) and (P), Renganathapuram Kalathu Veedugal Ward 4, 8.Kalladai (R.V) and (P),
Renganathapuram Colony Street Ward 4",All voters
190,137,Kalladai,"Panchayat Union Elementary School, East West Tiled Building,North Facing,
Alaganampatti,621313","1.Kalladai (R.V) and (P), Alaganampatty south street Ward 1,
2.Kalladai (R.V) and (P), Alaganampatti East street Ward 1,
3.Kalladai (R.V) and (P), Alaganampatti North Street Ward 1,",All voters
191,137,Kalladai,"Panchayat Union Elementary School, East West Terraced Building,Eastern Side, Facing South, Melaveliyur 621 313","1.Kalladai (R.V) and (P), Melaveliyur north street ward 3, 2.Kalladai (R.V) and (P), Melaveliyur Kuditheru Ward 3, 3.Kalladai (R.V) and (P), Melaveliyur South Street Ward 2, 4.Kalladai (R.V) and (P), Melaveliyur Kalathuveedu Ward 3,
5.Kalladai (R.V) and (P), Melaveliyur  Ward 3",All voters
192,137,Kalladai,"Panchayat Union Elementary School,North Building, East West Tiled Building, South Facing,Kalladai 621 313","1.Kalladai (R.V) and (P), Manjampatty Kalathu Veedukal Ward 2, 2.Kalladai (R.V) and (P), Manjampatti South Kalam Ward 2, 3.Kalladai (R.V) and (P), Manjampatti  Ward 2, 4.Kalladai (R.V) and (P), Manjampatti Athidiravidar Street Ward 2, 5.Kalladai (R.V) and (P), Nellurpatti ward 2, 6.Kalladai (R.V) and (P), Nellurpatti South Side Ward 2, 7.Kalladai (R.V) and (P), Nellurpatti Kalathu Veedukal Ward 2, 8.Kalladai (R.V) and (P), Muthanayakkanpatti Ward 9,
9.Kalladai (R.V) and (P), Karayampatti Ward 5, 10.Kalladai (R.V) and (P),
Karayampatti North Street Ward 5",All voters
193,137,Kalladai,"Panchayat Union Elementary School,South Side,East West Tiled
Building, North Facing,Kalladai 621 313","1.Kalladai (R.V) and (P), Kanapudur Ward 5, 2.Kalladai (R.V) and (P), Annanagar ward 10, 3.Kalladai (R.V) and (P), West Side Ward 10",All voters
194,137,Kalladai,"Panchayat Union Elementary School,East Facing North South Terraced Building,Kalladai 621 313","1.Kalladai (R.V) and (P), Nadu Street Ward 12, 2.Kalladai (R.V) and (P), Kudi Street Ward 12, 3.Kalladai (R.V) and (P), South Street Ward 12, 4.Kalladai (R.V) and (P), Keela Street Ward 12",All voters
195,137,Kalladai,"Panchayat Union Elementary School,South Side, East West Tiled Building, North Facing,Keelaveliyur 621
313","1.Kalladai (R.V) and (P), Pillaiyar koilpatty ward 8, 2.Kalladai (R.V) and (P), Kamarajar Nagar Ward 8, 3.Kalladai (R.V) and (P), Pommankalam Ward 7,8,
4.Kalladai (R.V) and (P), Melatheru Ward 12",All voters
196,137,Kalladai,"Panchayat Union Elementary School,North South Tiled
Building,West Facing, Keelaveliyur 621","1.Kalladai (R.V) and (P), Kadaiveethi Ward 7, 2.Kalladai (R.V) and (P), Bharathi nagar and Indira Nagar Ward 11",All voters
197,137,Kalladai,"Panchayat Union Elementary School,East West Tiled Building,South Facing Northen Side,Keelaveliyur 621","1.Kalladai (R.V) and (P), Periyakalathupatti Ward 6, 2.Kalladai (R.V) and (P), Thennagar Ward 6, 3.Kalladai (R.V) and (P), South Street Ward 12, 4.Kalladai (R.V) and (P), Keelatheru ward 12",All voters
198,137,Gudalur,"Panchayat Union Elementary School Western Side,North South Terraced Building North Portion East Facing,Melamettupatty 639 120","1.Gudalur (R.V) and (P), Karuppapernayakkanpatti ward 3, 2.Gudalur (R.V) and (P), Pasumeikkipatti Ward 3, 3.Gudalur (R.V) and (P), Renganathapuram Ward3, 4.Gudalur (R.V) and (P), Melamettupatty West Ward 3, 5.Gudalur (R.V) and (P), Melamettupatty East Ward 3, 8.Gudalur (R.V) and (P), Kuppamettupatty Ward 3, 9.Gudalur (R.V) and (P), Alangaripatty Ward 6, 10.Gudalur (R.V) and (P), Kallipatty Ward 6",All voters
199,137,Gudalur,"Anganwadi Centre, East West Terraced Building, South Facing, Centre Portion,
Thalaiyaripatti 639120","1.Gudalur (R.V) and (P), Thalaiyaripatty Ward 1
2.Gudalur (R.V) and (P), Thirumalairettypatty Ward 1",All voters
200,137,Gudalur,"Panchayat Union Elementary School,North South Terraced Building facing West, South
Portion,G.udaiyapatti 639 120","1.Gudalur (R.V) and (P), Chinna rajapatty ward 2, 2.Gudalur (R.V) and (P), Raja patty Ward 2, 3.Gudalur (R.V) and (P), North Udaiyapatty Ward 4",All voters
201,137,Gudalur,"Panchayat Union Elementary School,North South Terraced Building, Centre Portion,West
Facing,G.udaiyapatti 639120","1.Gudalur (R.V) and (P), Poraikilanpatty Ward 9, 2.Gudalur (R.V) and (P), Sanga kavandampatty Ward 9, 3.Gudalur (R.V) and (P), Kannuthupatty Ward 9,
4.Gudalur (R.V) and (P), Ottanaiyakkar Street Ward 7",All voters
202,137,Gudalur,"Panchayat Union Elementary School, Western Side,East West Terraced Building ,South Facing,East
Portion,G.udaiyapatti 639120","1.Gudalur (R.V) and (P), Perur udaiyapatty ward 5",All voters
203,137,Gudalur,"Panchayat Union Elementary School East West Tiled Building, Facing South,West Portion,G.udaiyapatti 639120","1.Gudalur (R.V) and (P), Perur Udaiyapatty Thirumalaipatty Road West Ward 1,
2.Gudalur (R.V) and (P), Perur Udaiyapatty South Ward 5, 3.Gudalur (R.V) and (P), Perur Udaiyapatty Thogamalai Road West Ward 5, 4.Gudalur (R.V) and (P), Perur Udaiyapatty Colony Ward 8, 5.Gudalur (R.V) and (P), Gudalur Kaspa Ward 7",All voters
204,137,Gudalur,"Panchayat Union Middle. School, North Side, East West Terraced Building, South Facing,
Pommanayakkanpatty 639 120","1.Gudalur (R.V) and (P), Nacha goundanur Ward 9, 2.Gudalur (R.V) and (P), Pommanaickanpatty Ward 12, 3.Gudalur (R.V) and (P), Pommanaickenpatti Adidravidar Street Ward 12, 4.Gudalur (R.V) and (P), Thoppanaiyakkanpatty
Ward 12",All voters
205,137,Gudalur,"Panchayat Union Elementary School,East West Tiled Building. South
Facing, Semparaikallupatty 639 120","1.Gudalur (R.V) and (P), Sembaraipatty Ward 11, 2.Gudalur (R.V) and (P), Kallupatty Ward 11, 3.Gudalur (R.V) and (P), Nadarkovilpatty Ward 4",All voters
206,137,Gudalur,"Panchayat Union Elementary, School North South Terraced Builiding,East Facing,North Portion,West New
Building,Kunnagoundampatty 639 120","1.Gudalur (R.V) and (P), Rakkampatty ward 10, 2.Gudalur (R.V) and (P), Sangayeepatty ward 10, 3.Gudalur (R.V) and (P), Sangayeepatty Gandhi Nagar kalathuveedu Ward 10, 4.Gudalur (R.V) and (P), Sangayeepatty Gonarveethi Ram  Nagar Ward 6, 5.Gudalur (R.V) and (P), Kunnagoundampatty Ward 6",All voters
207,137,Nallur,"Panchayat Union Middle School,East West Terraced Building, South Facing, Nallur 639 110","1.Nallur (R.V) and (P) , Thirumalai Reddipatty  Ward 1, 2.Nallur (R.V) and (P) , Konnachipatty Ward 2, 3.Nallur (R.V) and (P) , Kalingapatty West Ward 2,
4.Nallur (R.V) and (P) , Kalingapatti  East Ward 3, 5.Nallur (R.V) and (P) , Keelapatty Ward 4, 6.Nallur (R.V) and (P) , Thottiyapatty Ward 4, 7.Nallur (R.V) and (P) , Rasalingagoundanur Ward 9",All voters
208,137,Nallur,"Panchayat Union Middle School ,North South Asbestos Building, East Facing, Nallur 639 110","1.Nallur (R.V) and (P) , Nallur west ward 6, 2.Nallur (R.V) and (P) , Nallur East Ward 5, 3.Nallur (R.V) and (P) , Athidiravidar Colony Ward 9, 4.Nallur (R.V) and
(P) , Arthampatty East Ward 8, 5.Nallur (R.V) and (P) , Arthampatty West Ward",All voters
209,137,Inungur,"Panchayat Union Elementary School,North South Terraced New Building,North Side, West Facing,North
Wing,Kakampatti 639 110","1.Inungur (R.V) and (P), Kagampatty kudi street south ward 2, 2.Inungur (R.V) and (P), Kagampatti Kudi Street North Ward 2, 3.Inungur (R.V) and (P), Kamarajar Nagar Ward 8, 4.Inungur (R.V) and (P), Periyar Nagar Ward 11",All voters
210,137,Inungur,"Panchayat Union Elementary School,North South Terraced New Building,South Side West Facing,South Wing, Kakampatti 639 110","1.Inungur (R.V) and (P), Periakandiamman Kovil Street Ward 1, 2.Inungur (R.V) and (P), M.G.R. Nagar Ward 1, 3.Inungur (R.V) and (P), Kuppureddipatti Kudi Street East Ward 1, 4.Inungur (R.V) and (P), Vallakulam Kudi Street Ward 1,
5.Inungur (R.V) and (P), Vallakulam Adidravidar Street Ward 1, 6.Inungur (R.V) and (P), Nandavanapallam Ward 8, 7.Inungur (R.V) and (P), Inungur Pudhur
Ward 2",All voters
211,137,Inungur,"Panchayat Union Middle School,North South Terraced Building,East Facing
,North Building, Sukkampatty 639110","1.Inungur (R.V) and (P), Mela sukkampatty ward 4, 2.Inungur (R.V) and (P), Vairaburi Ward 5, 3.Inungur (R.V) and (P), Melasukkampatti Kalathuveedukal Ward 5",All voters
212,137,Inungur,"Panchayat Union Middle School, Southern Side, North South New Terreced Building, East Facing, West
Portion, Sukkampatti, 639110","1.Inungur (R.V) and (P), Annanagar Ward 4, 2.Inungur (R.V) and (P), Melatheru Ward 7, 3.Inungur (R.V) and (P), East Street Ward 7, 4.Inungur (R.V) and (P), Karunkadu ward 4, 5.Inungur (R.V) and (P), Keelasukkampatti Kalathu
Veedugal Ward 5",All voters
213,137,Inungur,"Panchayat Union Elementary School Southern side,North south Additional Terraced building ,East facing Inungur
639 110","1.Inungur (R.V) and (P), Inungur kudi street east ward 7, 2.Inungur (R.V) and (P), Inungur Nadutheru East Ward 7, 3.Inungur (R.V) and (P), Inungur South Street Ward 8, 4.Inungur (R.V) and (P), Inungur North Street Ward 8",All voters
214,137,Inungur,"Panchayat Union Elementary School East West Terraced Building North
Facing, West Wing,Inungur 639110","1.Inungur (R.V) and (P), Cauvery Nagar Ward 5, 2.Inungur (R.V) and (P), Kasacolony Ward 3, 3.Inungur (R.V) and (P), Rathinapuri Ward 3",All voters
215,137,Inungur,"Government Hr Secondary School South North Middle Terraced
Building,Facing East,Inungur 639110","1.Inungur (R.V) and (P), Nadutheru east ward  12, 2.Inungur (R.V) and (P),
Athidiravidar Street East Ward 8, 3.Inungur (R.V) and (P), Athidiravidar West Ward 8",All voters
216,137,Inungur,"Panchayat Union Middle School, South Side,West wing ,East West Terraced Building ,North Facing, Puduppatty 639 110","1.Inungur (R.V) and (P), Onthampatty kuditheru ward 10, 2.Inungur (R.V) and (P), Onthampatti Adidravidar Street  Ward 10, 3.Inungur (R.V) and (P), Onthampatti Annanagar Ward 10, 4.Inungur (R.V) and (P), Onthampatti Kalathuveedugal Ward 10, 5.Inungur (R.V) and (P), Othampatti Upparu Ward 10, 6.Inungur (R.V) and (P), Ellaipatti Ward 9, 7.Inungur (R.V) and (P),
Pudupatti Indira Colony Ward 9",All voters
217,137,Inungur,"Panchayat Union Middle School, North South Terraced Building, East Facing
,Puduppatty 639 110","1.Inungur (R.V) and (P), Pudupatti West Street ward 11, 2.Inungur (R.V) and (P), Pudupatti East Street Ward 11, 3.Inungur (R.V) and (P), Pudupatti Kaliamman Kovil West Street Ward 11, 4.Inungur (R.V) and (P), Pudupatti Kaliamman kovil East street Ward 11, 5.Inungur (R.V) and (P), Pudupatti Ambethkar Nagar Ward 11, 6.Inungur (R.V) and (P), Pudupatti Annanagar
Ward 11",All voters
218,137,Poyyamani,"Panchayat Union Middle School East West Terraced Building,South Facing
Pettavaithalai Road,Poyyamani 639110","1.Poyyamani (R.V) and (P), South kudi street ward 4, 2.Poyyamani (R.V) and
(P), Ambetkar Nagar Ward 8, 3.Poyyamani (R.V) and (P), Middle Kudi Street Ward 8",All voters
219,137,Poyyamani,"Panchayat Union Middle School,East west Terraced building West Portion,Poyyamani 639110","1.Poyyamani (R.V) and (P), North Kudi Street Ward 8, 2.Poyyamani (R.V) and (P), Agragaram ward 9, 3.Poyyamani (R.V) and (P), Korapatty Ward 9, 4.Poyyamani (R.V) and (P), Karunkadu Ward 9, 5.Poyyamani (R.V) and (P), Ganapathypalayam Ward 9, 6.Poyyamani (R.V) and (P), Subramaniyapuram
Ward 9",All voters
220,137,Poyyamani,"Panchayat Union Middle School East West Terraced Building, South Facing Middle Portion ,Poyyamani 639110","1.Poyyamani (R.V) and (P), Indira Colony Ward 3, 2.Poyyamani (R.V) and (P), Poyyamani Pulavarpuram Ward 3, 3.Poyyamani (R.V) and (P), Poyyamani Athidiravidar Colony Ward 7",All voters
221,137,Poyyamani,"Panchayat Union Middle School North New Terraced Building Southern side North South building East Facing
,Thiruchappur 639110","1.Poyyamani (R.V) and (P), Poyyamani thottam ward 1, 2.Poyyamani (R.V) and (P), Thiruchapur North Part Ward 2",All voters
222,137,Poyyamani,"Panchayat Union Middle School,North South Terraced Building, East Facing,
Thiruchappur 639 110","1.Poyyamani (R.V) and (P), Thiruchapur south part ward 5",All voters
223,137,Poyyamani,"Panchayat Union Middle School, East Facing, North South Asbestos Building,
Bangalapudur 639110","1.Poyyamani (R.V) and (P), Bangalapudur East Ward 5, 2.Poyyamani (R.V) and
(P), Bangalapudur West Ward 6, 3.Poyyamani (R.V) and (P), Annan Nagar ward 7",All voters
224,137,Nangavaaram North I,"Panchayat Union Elementary School,North South Tiled Building,West Facing,South
Side,Melnangavaram 639 110","1.Nangavaram (TP), Melnangavaram adidrvidar colony ammankovil st w-1, 2.Nangavaram (TP), Adidravidar Colony Ward 8, 3.Nangavaram (TP), Mettutheru Ward 5, 4.Nangavaram (TP), Karuppanna Samy Kovil Street Ward
5,",All voters
225,137,Nangavaaram North I,"Panchayat Union Elementary School,North side,East West New Terraced Building South Facing, Melnangavaram 639110","1.Nangavaram (TP), Melnangavaram kudi street east ward 1, 2.Nangavaram (TP), Melnangavaram Kudi Street West Ward 1, 3.Nangavaram (TP), Pathiakavalkadu Ward 6, 4.Nangavaram (TP) , Karungadu  Ward 1 5.Nangavaram (TP), Melnangavaram mettu st adidravidar colony ward 5",All voters
226,137,Nangavaaram North I,"Panchayat Union Elementary School, East West Asbestos Building Facing North, Savarimedu 639110","1.Nangavaram (TP) , Kaliammankoil Medu Ward 6, 2.Nangavaram (TP) , Savarimedu East Side Ward 6, 3.Nangavaram (TP) , Savarimedu West Ward 6, 4.Nangavaram (TP) , Keela Sukkampatti Ward 6",All voters
227,137,Nangavaram North II,"Panchayat Union Middle School,North Building,North Side,East West Terraced Building,South Facing,Middle Wing,Nangavaram 639 110","1.Nangavaram (TP) , Ananjanur kudi theru ward 2, 2.Nangavaram (TP) , Ananjanur Adidravidar Colony Ward 2, 3.Nangavaram (TP) , Govindanur Adidravidar Colony Ward 2, 4.Nangavaram (TP) , Asari Street Ward 3, 5.Nangavaram (TP) , Sandu Street Ward 3, 6.Nangavaram (TP) , Nangavaram North Street Ward 2, 7.Nangavaram (TP) , Kaspa Vellalatheru Ward 3, 8.Nangavaram (TP) , Kaspa Kudiyanatheru North Ward 4, 9.Nangavaram (TP) , Kaspa Kudiyanatheru South Ward 4",All voters
228,137,Nangavaram North II,"Panchayat Union Middle School,South Side,East West Tiled Building,Facing North,KeelNangavaram 639 110","1.Nangavaram (TP) , Melakkaratheru  ward 2, 2.Nangavaram (TP) , Nappalayam Ward 2, 3.Nangavaram (TP) , Thangasalai  Street Ward 3, 4.Nangavaram (TP) , Perumal Koil Street Ward 3, 5.Nangavaram (TP) , Bungalow Street Ward 3, 6.Nangavaram (TP) , Post Office Street Ward 3, 7.Nangavaram (TP) , Keela Agraharam Ward 2, 8.Nangavaram (TP) , Mela Agraharam Ward 3, 9.Nangavaram (TP) , Kammala Street Ward 3, 10.Nangavaram (TP) , Vellalar Street Ward 3, 11.Nangavaram (TP) , Choliar Street Ward 4, 12.Nangavaram (TP) , Vannara Street Ward4, 13.Nangavaram (TP) , Sandhu Street Ward 3, 14.Nangavaram (TP) , Kaliamman Kovil Southernside Ward 4, 15.Nangavaram (TP) , Tamilsolai eastern side ward 8",All voters
229,137,Nangavaram North II,".N.N.Ramanadha Iyer High School, Middle wing East West Tiled Building
North Facing,Nangavaram 639110","1.Nangavaram (TP) , Tamilsolai melpuram ward 8, 2.Nangavaram (TP) , Thennagar Ward 7, 3.Nangavaram (TP) , Vinayagapuram Ward 7,
4.Nangavaram (TP) , Mandai Ward  7",All voters
230,137,Nangavaram North II,"N.N.Ramanadha Iyer High School,East wing, North Facing East West Tiled
Building,Nangavaram 639 110","1.Nangavaram (TP), Kamaraj Nagar Ward 7, 2.Nangavaram (TP), Tamilsolai west side ward 8, 3.Nangavaram (TP), Tamilsolai Nadupaguthi Ward 8",All voters
231,137,Nangavaram South II,"Panchayat Union Middle School,North SouthTerraced building, South portion,
East Facing, Kurichi 639 110","1.Nangavaram (TP) , Melakurichi north ward 9, 2.Nangavaram (TP) ,
Melakurichi South Ward 9, 3.Nangavaram (TP) , Keela kurichi west ward 9, 4.Nangavaram (TP) , Keela kurichi East Ward 9",All voters
232,137,Nangavaram South II,"Panchayat Union Middle School,North South Terraced building Northern portion , East Facing, Kurichi 639 110","1.Nangavaram (TP) , Keela kurichi Colony Ward 10, 2.Nangavaram (TP) , Thenkadaikurichi East Ward 10, 3.Nangavaram (TP) , Thenkadaikurichi West Ward 10, 4.Nangavaram (TP) , Thenkadaikurichi salaimedu kalathuveedugal
ward 10",All voters
233,137,Nangavaram South I,"Panchayat Union Middle School,North South Tiled Building,East Facing
,Maduvilunthanparai 639 110","1.Nangavaram (TP) , Poonachipatti Ward 11, 2.Nangavaram (TP) , North maduvilunthanparai (north) ward 11, 3.Nangavaram (TP) , North Maduvilunthanparai (SOUTH) Ward  11, 4.Nangavaram (TP) , Kunjamudakku Ward 11, 5.Nangavaram (TP) , South Maduvilunthanparai West Street Ward 12, 6.Nangavaram (TP) , South Maduvilunthanparai south Street -1 Ward 11, 7.Nangavaram (TP) , South Maduvilinthanparai South Street -2, Ward 11, 8.Nangavaram (TP) , South Maduvilunthanparai East Street Ward 11",All voters
234,137,Nangavaram South I,"Government High School East West Terraced Building, South Facing,Nachalur 639110","1.Nangavaram (TP) , Pudukulam north street ward 12, 2.Nangavaram (TP) , Pudukulam Middle Street Ward 12, 3.Nangavaram (TP) , Pudukulam South Street Ward 12, 4.Nangavaram (TP) , Thatco  colony Ist  Street Ward 13, 5.Nangavaram (TP) , Thatco colony II nd  Street Ward 13, 6.Nangavaram (TP) , Thatco colony IIIrd Street Ward 13, 7.Nangavaram (TP) , Thatco colony IVth
Street Ward 13",All voters
235,137,Nangavaram South I,"Government High School North South Terraced building West Facing, North Wing, Nachalur 639110","1.Nangavaram (TP) , Thatco colony Vth  Street Ward 13, 2.Nangavaram (TP) , Thatco colony VI th Street Ward 13, 3.Nangavaram (TP) , VRO Colony North Street Ward 13, 4.Nangavaram (TP) , VRO Colony South Street Ward 13, 5.Nangavaram (TP) , VRO Colony West Street Ward 13, 6.Nangavaram (TP) ,
VRO Colony Kudi Street Ward 13",All voters
236,137,Nangavaram South I,"Panchayat Union Elementary School,East West New Terraced Building, West Wing, Nachalur 639 110","1.Nangavaram (TP) , Nachalur adidravidarcolony keelatherunorth ward 18, 2.Nangavaram (TP) , Nachalur Adidravidar Colony Keela theru South Ward 18, 3.Nangavaram (TP) , Nachalur adidravidar colony south street ward 18, 4.Nangavaram (TP) , Nachalur Kamaraj Colony West Ward 14, 5.Nangavaram (TP) , Nachalur Pukkuli Ward 14",All voters
237,137,Nangavaram South I,"Panchayat Union Elementary School,North South Tiled Building, West Facing, Southern Side Nachalur 639110","1.Nangavaram (TP) , Pudupalayam west ward 18, 2.Nangavaram (TP) , Pudupalayam East Ward 18, 3.Nangavaram (TP) , Nachalur EB Office West Ward 14, 4.Nangavaram (TP) , Nachalur EB Office South Ward 14, 5.Nangavaram (TP) , Purasampatty Ward 18, 6.Nangavaram (TP) , Nachalur east ward 18, 7.Nangavaram (TP) , Gandhinagar Ward 14",All voters
238,137,Nangavaram South I,"Government High School, West Facing East Terraced Building, Room No.4 Nachalur 639110","1.Nangavaram (TP) , Karuppannamedu Ward 16, 2.Nangavaram (TP) , Andipatti Ward 16, 3.Nangavaram (TP) , Upparu Ward 16, 4.Nangavaram (TP) , Melnandavanakadu West Ward 15, 5.Nangavaram (TP) , Melnandavanakadu
East Ward 15",All voters
239,137,Nangavaram South I,"Panchayat Union Elementary School,North South Tiled Building, West Facing, Northern Side Nachalur 639110","1.Nangavaram (TP) , Nachalur west street, middle street  ward 14, 2.Nangavaram (TP) , V.O.C Nagar West Ward 15, 3.Nangavaram (TP) , V.o.c. nagar east ward 15, 4.Nangavaram (TP) , Valluvar Nagar Ward 15, 5.Nangavaram (TP) , Melatheru Ward 14, 6.Nangavaram (TP) , Nachalur Melatheru North Ward 14, 7.Nangavaram (TP) , Nachalur Melatheru South",All voters
240,137,Suriyanur,"Raja Aided Elementary School, South Side,North South Terraced Building East Facing North Wing, Melapatty Suriyanur 639 103","1.Suriyanur (R.V) and (P), Melapatti East Ward 2, 2.Suriyanur (R.V) and (P), Melapatty West Ward 2, 3.Suriyanur (R.V) and (P), Melapatty Sivakadu Ward 2, 4.Suriyanur (R.V) and (P), Melapatty Valluvar Street Ward 2, 5.Suriyanur (R.V) and (P), Melapatti West Kalathuveedugal Ward 2",All voters
241,137,Suriyanur,"Panchayat Union Elementary School, East West Asbestos Building, South
Facing, Suriyanur 639103","1.Suriyanur (R.V) and (P), Sooriyanur kaspa ward 1, 2.Suriyanur (R.V) and (P), Sooriyanur Colony Ward 1, 3.Suriyanur (R.V) and (P), Paraipatty East Ward 3,
4.Suriyanur (R.V) and (P), Paraipatti West Ward 3",All voters
242,137,Mudalaipatty,"Panchayat Union Middle School,North Side, East west Additional Terraced Building, South Facing, Mudalaipatty
639103","1.Mudalaipatty (R.V) and (P), Melamedu ward 1, 2.Mudalaipatty (R.V) and (P), Vethaipannai Road Ward 1, 3.Mudalaipatty (R.V) and (P), Mudalaipatty Kaspa West Ward 2, 4.Mudalaipatty (R.V) and (P), Mudalaipatty kaspa East Ward 3",All voters
243,137,Mudalaipatty,"Panchayat Union Middle School,North South Additional Terraced Building, North Portion west Facing, Mudalaipatty 639103","1.Mudalaipatty (R.V) and (P), Kulathukkarai West Ward 2, 2.Mudalaipatty (R.V) and (P), Keelamedu Ward 4, 3.Mudalaipatty (R.V) and (P), Bharathi Nagar Ward 4, 4.Mudalaipatty (R.V) and (P), Kulathukkarai East Street Ward 3, 5.Mudalaipatty (R.V) and (P), Kavalkaran thottam ward 5",All voters
244,137,Mudalaipatty,"Panchayat Union Middle School, North South Terraced Building, East facing West Building, Veeramalai
Goundanpatty 639 103","1.Mudalaipatty (R.V) and (P), Poraikilan kavandampatty north ward 8, 2.Mudalaipatty (R.V) and (P), Porakkilankavandanpatti South  Ward 5, 3.Mudalaipatty (R.V) and (P), Pattayathar Kalam Ward 8, 4.Mudalaipatty (R.V)
and (P), Thirumudi Thottam Ward 9",All voters
245,137,Mudalaipatty,"Panchayat Union Middle School, New North South Terraced Building North Portion, West Facing Veeramalai
Goundanpatty 639103","1.Mudalaipatty (R.V) and  (P), Veeramalaigoundampatty East Ward 9, 2.Mudalaipatty (R.V) and  (P), Veeramalaigoundampatty West Ward 9, 3.Mudalaipatty (R.V) and  (P), Vellakkalmedu Ward 7, 4.Mudalaipatty (R.V) and
(P), Palayathanthottam Ward 6",All voters
246,137,Seplappatty,"Panchayat Union Middle School,South Side,Additional East west Terraced Building,North Facing, Seplappatty
639110","1.Seplappatty (R.V) and  (P), North medu north side ward 1,2, 2.Seplappatty (R.V) and  (P), North medu south side ward 2,3",All voters
247,137,Seplappatty,"Panchayat Union Middle School, North South Terraced Building,West Facing,
South Wing, Seplappatty 639110","1.Seplappatty (R.V) and  (P), South Medu Ward 9, 2.Seplappatty (R.V) and  (P), Vellamadai Ward 7,8",All voters
248,137,Seplappatty,"Panchayat Union Middle School, West Side ,Additional North South Terraced Building, East Facing, Seplappatty 639
110","1.Seplappatty (R.V) and  (P), Melamedu west side ward 4, 2.Seplappatty (R.V) and  (P), Melamedu East Side Ward 4, 3.Seplappatty (R.V) and  (P), Seplappatty West Street Ward 5,6,7, 4.Seplappatty (R.V) and  (P), Seplappatty East Street
Ward 5,6,7",All voters
249,137,Neithalur South,"Adi Dravidar Welfare Government Elementary School, New Building, East West Asbestos Building, North Facing, Neithalur 639110","1.Neithalur South (R.V)and Neithalur (P), Neithalur adidravidar st ward  9, 2.Neithalur South (R.V)and Neithalur (P), Rajiv Nagar Ward 8, 3.Neithalur South (R.V)and Neithalur (P), Indira Nagar North Ward 10,
4.Neithalur South (R.V)and Neithalur (P), Indira Nagar South Ward 10",All voters
250,137,Neithalur South,"Anganwadi Center, East West Asbestos Building,North Facing, West Portion,Neithalur 639 110","1.Neithalur South (R.V)and Neithalur (P), Neithalur Kuditheru North Ward 9, 2.Neithalur South (R.V)and Neithalur (P), Neithalur Kuditheru South Ward 9, 3.Neithalur South (R.V)and Neithalur (P), Mettukalam Ward 8, 4.Neithalur South (R.V)and Neithalur (P), Kalarpatty ward 8, 5.Neithalur South (R.V)and Neithalur (P), Kottaimedu Ward 8, 6.Neithalur South (R.V)and Neithalur (P), Purasampatti Ward 5",All voters
251,137,Neithalur North,"Bagavathi Aided Elementary School, East Side,North South Tiled Builing West Facing North Wing,Goundampatti 639110","1.Neithalur north (R.V)and neithalur (p), Goundampatti bagavathiammankovil weststreet ward 3, 2.Neithalur north (R.V)and neithalur (p), Goundanpatti Bagavathiammankovil East Street Ward 3, 3.Neithalur north (R.V)and neithalur (p), Adidravidar Street Ward 3, 4.Neithalur north (R.V)and neithalur (p), Mettukkadu ward 4",All voters
252,137,Neithalur North,"Bagavathi Aided Elementary School, East West Terraced Building,Facing South,Eastern Portion,Goundampatti 639110","1.Neithalur North (R.V)and Neithalur (P), Chinnagoundanpatti Ward 4, 2.Neithalur North (R.V)and Neithalur (P), Southpatti Ward 4, 3.Neithalur North (R.V)and Neithalur (P), Kurunikaran Street Ward 5, 4.Neithalur North (R.V)and Neithalur (P), Panaiyur ambetkar nagar ward 2, 5.Neithalur North (R.V)and Neithalur (P), Panaiyur Adidravidar Street Ward 2, 6.Neithalur North (R.V)and Neithalur (P), Panaiyur Indira Nagar Ward 2",All voters
253,137,Neithalur North,"Government Higher Secondary School,North South Terraced Building,East Facing ,North Wing,Neithalur colony 639 110","1.Neithalur North (R.V)and Neithalur (P), Akkanangadu ward 1, 2.Neithalur North (R.V)and Neithalur (P), Panaiyur Melatheru Ward 1, 3.Neithalur North (R.V)and Neithalur (P), Panaiyur North Street Ward 1, 4.Neithalur North (R.V)and Neithalur (P), Panaiyur South Street Ward 2, 5.Neithalur North (R.V)and Neithalur (P), Annanagar North Street Ward 2",All voters
254,137,Neithalur North,"Government Higher Secondary School, North South Terraced Building East Facing South Wing, Neithalur colony 639 110","1.Neithalur North (R.V)and Neithalur (P), Annanagar South Street ward 2, 2.Neithalur North (R.V)and Neithalur (P), Kalladi kalam ward 6, 3.Neithalur North (R.V)and Neithalur (P), Mottaiyan Street Ward 5, 4.Neithalur North (R.V)and Neithalur (P), Colony North Street Ward 6, 5.Neithalur North (R.V)and Neithalur (P), Colony south street ward 6",All voters
255,137,Neithalur South,"Panchayat Union Elementary School,New Building, North South Tiled Building Facing West, Kattanimedu 639 110","1.Neithalur South (R.V)and Neithalur (P), Kattanimedu north ward 7, 2.Neithalur South (R.V)and Neithalur (P), Kattanimedu South Ward 7, 3.Neithalur South (R.V)and Neithalur (P), Kattanimedu East Side  Ward 7, 4.Neithalur South (R.V)and Neithalur (P), Viruthalipanaiyur Ward 7, 5.Neithalur South (R.V)and Neithalur (P), Ramayeepanaiayur Ward 10, 6.Neithalur South (R.V)and Neithalur (P), Valluvar Nagar Ward 10, 7.Neithalur South (R.V)and Neithalur (P), Subramaniyapuram Ward 7",All voters
256,137,Neithalur South,"Panchayat Union Middle School New Building, East West Terraced Building North Facing Middle Room,Chinnapanaiyur 639110","1.Neithalur South (R.V)and Neithalur (P), Chinnapanaiyur East Adidravidar Street Ward 11, 2.Neithalur South (R.V)and Neithalur (P), Chinnapanaiyur West Adidravidar Street Ward 11, 3.Neithalur South (R.V)and Neithalur (P), Chinnapanaiyur kudi street ward 11, 4.Neithalur South (R.V)and Neithalur (P), Veeratchipatti Ward 11, 5.Neithalur South (R.V)and Neithalur (P), Sevatchiduraikalam Ward 10",All voters
257,137,Neithalur South,"Panchayat Union Middle School,New Building, East west Terraced Building, South Facing, East Portion, Chinnapanaiyur 639110","1.Neithalur South (R.V)and Neithalur (P), C.kalathupatty ward 12, 2.Neithalur South (R.V)and Neithalur (P), Periakalathupatti Ward 12, 3.Neithalur South (R.V)and Neithalur (P), Samathuvapuram North Ward 12, 4.Neithalur South (R.V)and Neithalur (P), Samathuvapuram South Ward 12,",All voters
258,137,Thalinji,"Panchayat Union Middle School, East Wing , Additional East West Terraced Building, North Facing , Eastern Portion, Purasampatty 639 110","1.Thalinji (R.V) and (P) , Purasampatty ward 2, 2.Thalinji (R.V) and (P) , Purasampatty Colony Ward 3 , 3.Thalinji (R.V) and (P) , M.G.R.Nagar Ward 1,
4.Thalinji (R.V) and (P) , Rengachipatti Ward 3, 5.Thalinji (R.V) and (P) , Rengachipatti Athidiravidar Theru Ward 3, 6.Thalinji (R.V) and (P) , Kuchipatti Ward 3, 7.Thalinji (R.V) and (P) , Pakkulzhi Ward 4, 8.Thalinji (R.V) and (P) , Semmedu Ward 4, 9.Thalinji (R.V) and (P) , Bharathi Nagar Ward 4",All voters
259,137,Thalinji,"Panchayat Union Elementary School, East West Tiled Building,South Facing
,Thalinji 639 110","1.Thalinji (R.V) and (P) , Thalinji kaspa ward 3, 2.Thalinji (R.V) and (P) , Thalinji Athithiravidar Street Ward 3, 3.Thalinji (R.V) and (P) , Melapatty Road West Side Ward 6,7, 4.Thalinji (R.V) and (P) , Melappatty Road East Side Ward 4,
5.Thalinji (R.V) and (P) , Vadakku Mede Ward 4",All voters
260,137,Kallai,"Government High School, East Side, North South Terraced Building, Facing west, Middle Portion, Kallai 639110","1.Kallai (R.V.) and (P) ,  Maniya kavandampatty ward 1, 2.Kallai (R.V.) and (P) , Thottiyapatty Ward 1, 3.Kallai (R.V.) and (P) , Kallai North Adidravidar Street Ward 2, 4.Kallai (R.V.) and (P) , Kallai Nadutheru Ward 3, 5.Kallai (R.V.) and (P)
, Kallai North Street Ward2",All voters
261,137,Kallai,"Panchayat Union Elementary School, West Side, North South Terraced Building Facing East, Centre Room, Kallai 639110","1.Kallai (R.V.) and (P) , Kallai South Street Ward 4, 2.Kallai (R.V.) and (P) , Kokka kavandampatty Ward 5, 3.Kallai (R.V.) and (P) , Ellaikovilpatti Ward 9,
4.Kallai (R.V.) and (P) , Kalarpatti Ward 5, 5.Kallai (R.V.) and (P) , Chinnakavandampatty Ward 9, 6.Kallai (R.V.) and (P) , Poovayeepatti Ward 9,
7.Kallai (R.V.) and (P) , Mathiandipatti Ward 5, 8.Kallai (R.V.) and (P) ,
Malaimedu Ward8",All voters
262,137,Kallai,"Panchayat Union Elementary School,East West Terraced Building,South Facing ,Kulandaipatti
639 110","1.Kallai (R.V.) and (P) , Mangampatty ward 8, 2.Kallai (R.V.) and (P) , Sukkampatty Kudistreet Ward 7, 3.Kallai (R.V.) and (P) , Adidravidar Street Ward 7, 4.Kallai (R.V.) and (P) , Indira Colony Ward 7, 5.Kallai (R.V.) and (P) ,
Ponnampatti Ward 6, 6.Kallai (R.V.) and (P) , Kulandaipatti ward 6",All voters
263,137,Puthur,"Arunagiri Vilas Aided Elementary School, Norh South Tiled Building West Facing, South Portion,Venkadathampatty 621 313","1.Puthur (R.V) and  (P), Maniyampatty Ward 1, 2.Puthur (R.V) and  (P), Venkadathanpatti Ward 6, 3.Puthur (R.V) and  (P), Venkadathanpatti Kudistreet Ward 5, 4.Puthur (R.V) and  (P), Venkadathanpatti Adidravidar Street Ward 6, 5.Puthur (R.V) and  (P), Karaiyampatti Kudistreet Ward 1,
6.Puthur (R.V) and  (P), Karaiyampatti Adidravidar Street Ward 1",All voters
264,137,Puthur,"Panchayat Union Elementary School,North Side,North South Tiled Building East Facing,Puthur 621313","1.Puthur (R.V) and  (P), Anai kavandampatty Ward 2, 2.Puthur (R.V) and  (P), Mummachireddipatty Ward  2, 3.Puthur (R.V) and  (P), Chinnaputhur Ward 3,
4.Puthur (R.V) and  (P), Chinnaputhur Adidravidar Street Ward 3, 5.Puthur (R.V) and  (P), Uppukaichipatti Ward 8,9",All voters
265,137,Puthur,"Panchayat Union Elementary School, North Side,North South Terraced Building, East Facing,Puthur 621 313","1.Puthur (R.V) and  (P), Vellaiparaipatti Ward 7, 2.Puthur (R.V) and  (P), Vellaiparaipatty Adidravidar Street Ward 7, 3.Puthur (R.V) and  (P), Puthur Adidravidar West Street Ward 4, 4.Puthur (R.V) and  (P), Puthur Kudi Street Ward 4, 5.Puthur (R.V) and  (P), Puthur Adidravidar East Street Ward 4",All voters
266,137,Puthur,"Panchayat Union Middle School, East Facing,North South Terraced Building,North Side, A.Naduppatty
621313","1.Puthur (R.V) and  (P), Thoppupatti Ward 9, 2.Puthur (R.V) and  (P), Nadupatty Adidravidar Street Ward 7, 3.Puthur (R.V) and  (P), Nadupatty Kuditheru Ward 8",All voters
267,137,Alathur,"Panchayat Union Elementary School, South Side, East West Terraced Building,Alathur 621 313","1.Alathur (R.V), and  (P), Alathur vadakkupatty  ward 3, 2.Alathur (R.V), and (P), Alathur Adidravidar colony Ward 2, 3.Alathur (R.V), and  (P), Alathur East Kalam Ward 6, 4.Alathur (R.V), and  (P), Koppanaiyakkan patty Ward6",All voters
268,137,Alathur,"Panchayat Union Elementary School,East Side,East Facing,East West Building, Alathur 621 313","1.Alathur (R.V), and  (P), Alathur Kaspa North Side Ward 1, 2.Alathur (R.V), and (P), Alathur Kasba South Ward 4,5, 3.Alathur (R.V), and  (P) Annanagar Ward 6,
4.Alathur (R.V) and  (P), Melappatty Ward 5",All voters
269,137,R.T.Malai,"Panchayat Union Middle School, East Side North South Terraced Building, West Facing, Archampatti 621 313","1.R.T.Malai (R.V)  archampatty (p), Kama kavandampatty ward 1, 2.R.T.Malai (R.V)  archampatty (p), Archampatti North Street Ward 2, 3.R.T.Malai (R.V) archampatty (p), Norththittu Ward 3, 4.R.T.Malai (R.V)  archampatty (p), Adidravidar East Street Ward 5, 5.R.T.Malai (R.V)  archampatty (p), Kaspa East
Kudi Street Ward 4",All voters
270,137,R.T.Malai,"Panchayat Union Middle School East West Terraced Building,South Facing East Wing, Archampatti 621 313","1.R.T.Malai (R.V)  archampatty (p), Adidravidar North Street Ward 2, 2.R.T.Malai (R.V)  archampatty (p), Kaspa South Street Ward 4, 3.R.T.Malai (R.V)  archampatty (p), Kaspa Middle street Ward 3, 4.R.T.Malai (R.V) archampatty (p), Kaspa West Street Ward 4, 5.R.T.Malai (R.V)  archampatty (p), Singapore Ward 6, 6.R.T.Malai (R.V)  archampatty (p), Vengaikurichi Ward 6",All voters
271,137,R.T.Malai,"Panchayat Union Primary School, South Facing, East West Terreced Building, East Side, Mela Valiyampatty","1.R.T.Malai (R.V) and (P), Valiyampatty athidiravidar street ward1, 2.R.T.Malai (R.V) and (P), Mela Valiyampatty Kuditheru Ward 7, 3.R.T.Malai (R.V) and (P), Kela Valiyampatty Kuditheru Ward 1",All voters
272,137,R.T.Malai,"Government Higher Secondary School North South Terraced Building, West Facing, R.T Malai 621313","1.R.T.Malai (R.V) and (P), Keelapudupatty Ward 6, 2.R.T.Malai (R.V) and (P), Melapudupatty Ward 8, 3.R.T.Malai (R.V) and (P), Desipatty Ward 6, 4.R.T.Malai (R.V) and (P), Kayakaranmedu Ward6",All voters
273,137,R.T.Malai,"Government Higher Secondary School East west Terraced Building East Side North Facing, Room No.2,R.T Malai 621
313","1.R.T.Malai (R.V) and (P), North street ward 2, 2.R.T.Malai (R.V) and (P),  Kudi Street East Ward3, 3.R.T.Malai (R.V) and (P), Kudi Street South Ward 5, 4.R.T.Malai (R.V) and (P), South Medu Ward 5",All voters
274,137,R.T.Malai,"Government Higher Secondary School,North Facing East West Building,Room No 4,Center Side,
R.T.Malai 621 313","1.R.T.Malai (R.V) and (P), Kaliamman Kovil Street ward5, 2.R.T.Malai (R.V) and (P), Melappatty Ward 2, 3.R.T.Malai (R.V) and (P), Nagamanaickenpatti Kudi street ward 9, 4.R.T.Malai (R.V) and (P), Nagamanaickenpatty Colony Street
Ward 9",All voters
275,137,R.T.Malai,"Panchayat Union Elementary School,East West Terraced Building, Facing North, Alagapuri 621 313","1.R.T.Malai (R.V) and (P), Alagapuri ward 4, 2.R.T.Malai (R.V) and (P), Sanga kavandampatty Ward 4, 3.R.T.Malai (R.V) and (P), Pungavaripatty Ward 4, 4.R.T.Malai (R.V) and (P), Keelapatty Kudistreet ward 3, 5.R.T.Malai (R.V) and (P), Keelapatti colony ward 3, 6.R.T.Malai (R.V) and (P), Paraikalam Ward 3",All voters
276,137,Puluderi,"Panchayat Union Middle School, East West Terraced Building, South Facing, Puluderi 621313","1.Puluderi (R.V) and (P), Siruvattupannaikalam ward5, 2.Puluderi (R.V) and (P), Pulutheri North Street Ward 1, 3.Puluderi (R.V) and (P), Pulutheri South Street Ward 2, 4.Puluderi (R.V) and (P), Pulutheri Adidravidar Street Ward 4,
5.Puluderi (R.V) and (P), Ayyagoundanpatty Kuditheru Ward 3, 6.Puluderi (R.V) and (P), Ayyagoundanpatty Athidiravidar Street Ward 2, 7.Puluderi (R.V) and (P), Seethapatty Ward 6, 8.Puluderi (R.V) and (P), Velayeepannaikalam
Ward 5",All voters
277,137,Vadaseri,"Panchayat Union Middle School ,West Side,East West Tiled Building ,South Facing ,Kavalkaranpatty 621 313","1.Vadaseri (R.V) and (P), North Street  Ward 2, 2.Vadaseri (R.V) and (P), East Street Ward 1, 3.Vadaseri (R.V) and (P), Nayakkar Street Ward 2, 4.Vadaseri (R.V) and (P), Chettiyar Street Ward 1",All voters
278,137,Vadaseri,"Panchayat Union Middle School, North Side, Additional east West Terraced Building, South Facing,
Kavalkaranpatty 621313","1.Vadaseri (R.V) and (P), Nadu Theru Ward 2, 2.Vadaseri (R.V) and (P), South Street Ward3, 3.Vadaseri (R.V) and (P), East Street Ward 3",All voters
279,137,Vadaseri,"Government High School, North South Terraced Building, Facing East, South
Portion, Kavalkaranpatty 621 313","1.Vadaseri (R.V) and (P), Colony Street Ward 2, 2.Vadaseri (R.V) and (P), Ayyanarpuram Ward 2, 3.Vadaseri (R.V) and (P), Bharathi Nagar Ward 2",All voters
280,137,Vadaseri,"Panchayat Union Elementary School, West Wing, East West Tiled Building, Western Side, North Facing, Vadaseri
621313","1.Vadaseri (R.V) and (P), Perumalkovilpatty north side ward 7, 2.Vadaseri (R.V) and (P), Perumalkovilpatty South Side Ward 7, 3.Vadaseri (R.V) and (P), North Street Ward5, 4.Vadaseri (R.V) and (P), Nadu Street Ward 5,6",All voters
281,137,Vadaseri,"Panchayat Union Elementary School, East West Terraced Building, North Facing, Middle Portion, Vadaseri","1.Vadaseri (R.V) and (P), South Street Ward 6, 2.Vadaseri (R.V) and (P), East Street Ward 8, 3.Vadaseri (R.V) and (P), Ondiveeran Kovil Street Ward 7,
4.Vadaseri (R.V) and (P), Konarnagar Ward8",All voters
282,137,Vadaseri,"Panchayat Union Elementary School,North South Terraced Building, West Facing ,North Wing ,Vadaseri 621
313","1.Vadaseri (R.V) and (P), Thennagar Ward 11, 2.Vadaseri (R.V) and (P), Poovayeepatty ward 11, 3.Vadaseri (R.V) and (P), Navalakkapatty ward 12,
4.Vadaseri (R.V) and (P), Sakkiliyapatty Ward 12, 5.Vadaseri (R.V) and (P),
Pallapatti Ward 12",All voters
283,137,Vadaseri,"Panchayat Union Elementary School,East West Terraced Building, South Facing, Karanampatty 621 313","1.Vadaseri (R.V) and (P), Karanampatty South Side Ward 10, 2.Vadaseri (R.V) and (P), karanampatty East Side Ward 10, 3.Vadaseri (R.V) and (P), Karanampatty West Side Ward 10, 4.Vadaseri (R.V) and (P), Sevakattupatty
Ward 4",All voters
284,137,Vadaseri,"Panchayat Union Elementary School, East West Terraced Building, Facing South, Balasamuthirappatty 621 313","1.Vadaseri (R.V) and (P), Balasamuthirappatty North Side Ward 9, 2.Vadaseri (R.V) and (P), Balasamuthirappatty East Side Ward 9, 3.Vadaseri (R.V) and (P), Balasamuthirappatty West Side Ward 9",All voters
285,137,Pillur,"St.Fathima R.C.Middle School West New Building, East West Terraced Building South Facing, West Portion,Muthagoundanpatti 621 313","1.Pillur (R.V) and (P), Kambalinaickanpatty ward 1, 2.Pillur (R.V) and (P), Adidravidar Colony Ward 1, 3.Pillur (R.V) and (P), Ournaickanpatti Ward 1,
4.Pillur (R.V) and (P), Muthakoundampatti West Ward 2, 5.Pillur (R.V) and (P), Muthukoundampatti East Ward 2, 6.Pillur (R.V) and (P), Anaikoundanpatti Ward 6,7, 7.Pillur (R.V) and (P), Chinnapillur Ward 3",All voters
286,137,Pillur,"Government High School, East west Terraced Building, South Facing, West Side, Pillur 621313","1.Pillur (R.V) and (P), Pillur west street ward 5, 2.Pillur (R.V) and (P), Pillur East Street Ward 8, 3.Pillur (R.V) and (P), Adidravidar Colony Ward 8, 4.Pillur (R.V) and (P), Periaveetukaranpatti Ward 3, 5.Pillur (R.V) and (P), Thathampatti Ward 4, 6.Pillur (R.V) and (P), P.Kalathupatti Ward7, 7.Pillur (R.V) and (P), Adidravidar Colony Ward 8,9",All voters
