sl_no,ac_code,polling_station_number,polling_station,polling_areas,polling_station_type
1,167,1,"Government High School-
Kovilveeni -614403
RCC Building Western Side East Facing South Wing","1.Kovilvenni (R.V0 AND (P) Agaraharam wd-1
2.Mettu Street wd-1 3.Adidravidar Colony wd-1
4.Main Road wd-1
5.Manalur kudiyana Street wd-1
6.Manalur Adidravidar   Street wd-1",All voters
2,167,2,"Government High School-
Kovilveeni -614403
RCC Building   Western Side East Facing North Wing",1.Kovilvenni    North Street wd-2,All voters
3,167,3,"Government High School-
Kovilveeni -614403
RCC Building North   Side South Facing Middle Portion","1.Kovilvenni   Kadai Street wd-3
2.Ambethkar Street wd-3
3.Hospital Street wd-3
4.Pallar Street wd-3
5.Railadi Street wd-3
6.Kudiyana Street wd-3
7.South Street wd-4",All voters
4,167,4,"Panchayat Union Elementary
School, Terraced Building Kuchipalayam    - 614 403","1.Kovilvenni    Kuttchipallayam wd-4
2.Tharkkas wd-4",All voters
5,167,5,"Panchayat Union Elementary
School East Portion , Nagar 614404","1.Nagar    North Street wd-1
2.Middle Harijana Street wd-1
3.West Street South Street wd-1 4.AdiDravidar Street wd-2 5.Ambalakkara Street wd-2
6.Kudiyana Street Vasudevamangalam wd-2
7.Kondiyar South Street wd-2",All voters
6,167,6,"Panchayat Union Elementary
School   New Building Narasingamangalam 614404","1.Nagar   West Street wd-3
2.Komundiveeran Kollai Street Wd-3
3.East Street wd-3 4.Adidravidar Street wd-3
5.Keela Harijana Street wd-3
6.Mela Harijana Street wd-3 7.Koraiyaru Thallaipu Street wd-4 8.Nadarthoppu   Street wd-4 9.Naduppadugai Street wd-4 10.Koraiyaru Valathu Karai Street wd-4 11.Mamaniyar Thoppu Street wd-4",All voters
7,167,7,"Panchayat Union Middle School Sithamalli   - 614404.Additional Eastern   RCC Building, Southern wing South   West Facing.","1.Sithamalli   Layam wd-1
2.Vellanguli wd-1 3.Sarvamanyam Wd-3
4.Sithamalli kudiyana Street Wd-3",All voters
8,167,8,"Panchayat Union Middle School
Sithamalli   - 614404.Additional Eastern   RCC Building, Northern wing South   West Facing.","1.Sithamalli Mela Street Colony wd-2,
2.Sithamalli   East Street wd-2, 3.Ambalakara Street Kondiyar   Street wd-4",All voters
9,167,9,"Adi Dravidar   Welfare
Elementary   School   New Building ,Orathur 614404","1.Orathur West Street wd-4
2.Orathur North Street wd-4 3.Ambalakara Street Wd-",All voters
10,167,10,"Adi Dravidar   Welfare
Elementary   School New Building   Western wing, Orathur 614404","1.Chitamalli    Orathur East Street wd-4
2.Orathur Adidravidar East Street wd-3.Vandipettai Koraiyaru Melkkarai Wd-5",All voters
11,167,11,"Panchayat Union Elementary
School,   Athanur   - 614403 New Building   Eastern Side West Facing","1.Athanur   Kudiyana Street wd-1
2.Thanjai Main Road wd-1
3.Puthu   Adidravidar Street wd-1
4.Vaduvur Salai wd-1
5.Old Adidravidar Street wd-1 6.Samathuvapuram wd-1",All voters
12,167,12,"Panchayat Union Elementary
School   Westernsidebuilding Athanur 614403","1.Athanur   North   Poovanatham wd-2
2.South poovanatham wd-2
3.Vaduvur Salai wd-2
4.Athanur Ambalakkara Street wd-2 5.Alampallam padugai wd-4 6.Annanagar wd-4",All voters
13,167,13,"Panchayat Union Elementry
School, Terraced Building
,Periyakkottai    - 614403","1.Athanur (R.V) AND   (P) Periyakottai kudiyana Street wd-3
2.Athanur Periyakottai Athithiravidar Street wd-3
3.Athanur Periyakottai Ambalakara Street wd-3",All voters
14,167,14,"Panchayat Union Elementary
School, Parapanamedu 614404 New Building, East Facing, Northern Side","1.Parappanamedu (R.V)   AND   (P) Kondiyaru wd-1
2.Parappanamedu   Kadambur Kudiyana Street wd-1 3.Parappanamedu (R.V) AND   (P) West   Kadambur wd-2 4.Parappanamedu (R.V) AND   (P) Thatti Street wd-2",All voters
15,167,15,"Panchayat Union Elementary
School Parappanameu - 614404. New   Building, Southern Side East Facing.","1.Parappanamedu (R.V) AND   (P) East kadambur wd-1
2.Parappanamedu   Thanjai Road wd-2 3.Parappanamedu   (R.V) AND   (P) Parappanamedu   wd-2
4.Parappanamedu    Mariyammankovil Kudiyana Street wd-2 5.Parappanamedu (R.V) AND   (P) Veeravanallur Vellalar Street wd-2 6.Parappanamedu (R.V) AND   (P) Veeravanallur Adidravidar Street wd-2 999 - Overseas Elector",All voters
16,167,16,"Lakshmi Vilas Middle School
Needamangalam   - 614404. New RCC Building, Eastern Side West   Facing North Wing","1.Needamangalam   (TP) Vennaru- laine Railadi kadai Street wd-14
2.Needamangalam (TP) Othiyadipadugai wd-14
3.Needamangalam (TP) Vennaru- lane Ulla Thomppan kudisai Wd-14 4.Needamangalam (TP) Railad Adidravidar Street wd-13 5.Needamangalam (TP) Railway Compound wd-13",All voters
17,167,17,"Lakshmi Vilas Middle School
Needamangalam 614404 Main Building East   Portion
West Wing","1.Needamangalam (TP) Pamppalamman kovil Street wd-13 2.Needamangalam
(TP) Mothilal Nehru Street wd-12
3.Needamangalam (TP) Dawoodu Rayan Lane wd-12 4.Needamangalam (TP) Kuyavar Street wd-12",All voters
18,167,18,"Lakshmi Vilas Middle School-
Needamangalam 614404, RCC Building, South Side, North Facing, East Wing","1.Needamangalam (TP) Koriyaru Palakkarai Street Wd-11
2.Needamangalam (TP) Tanjai Thattikadai Street Wd-11 3.Needamangalam (TP) Dhrovuthaiamman Koil Street wd--10 4.Needamangalam (TP) Pillayiar kovil Street wd-10 5.Needamangalam (TP) Koraiyaru Padugaikarai Street wd- 11",All voters
19,167,19,"Panchayat Union Elementary
School Needamangalam 614404 New   Building South Facing West side","1.Needamangalam (TP) Appavupathar Street wd - 9
2.Needamangalam (TP) Mela Raja Veethi wd-9 3.Needamangalam (TP) Vadakku   Veedhi   wd-9 4.Needamangalam (TP) Vellalar street wd-15 5.Needamangalam (TP) Veeranar kovil Santhu wd-9 6.Needamangalam (TP) Vadakkumada Vilakam    wd-15 7.Needamangalam (TP) Sivankoil street wd-15",All voters
20,167,20,"Ramavilas Aided Elementary
School New RCC Building facing South,   Eastern wing Needamangalam 614404","1.Needamangalam (TP) West Madavilakam Street
South Madavilakam wd-15
2.Needamangalam (TP) South Madavilakam wd--8 3.Needamangalam (TP) Krishnan Koil Lane Wd-8 4.Needamangalam (TP) Muthaiyath Kotthanar Lane wd-8 5.Needamangalam (TP) Erumaikaran Lane wd-8 6.Needamangalam (TP) Kulam Then karai wd-6 7.Needamangalam (TP) Kulam Keel karai wd-7 8.Needamangalam (TP) B.D.O Quarters wd-7 9.Needamangalam (TP) Kulam Vadakarai wd-7 10.Needamangalam (TP) Saravamaniya Agraharam wd-7",All voters
21,167,21,"Ramavilas Aided Elementary
School New RCC   Building facing South western wing Needamangalam 614404","1.Needamangalam (TP) East Street wd-6
2.Needamangalam (TP) Puthu Street wd-6 3.Needamangalam (TP) Kela   Veethi wd-6 4.Needamangalam (TP) Kaikkalar Street Wd-5 5.Needamangalam (TP) Pallivasal street wd-5 6.Needamangalam (TP) South   Veethi wd-10
7.Needamangalam (TP) Government Hospital Quarters wd-10 8.Needamangalam (TP) Kankayen Thital wd—4                                                 999 -
Overseas Elector",All voters
22,167,22,"Panchayat Union Elementary
School    Needamangalam 614404
New   Building South Facing","1. Netamangalam (TP), Kotthamangalam   Road wd--4
2.Netamangalam (TP), Mandapa Street wd-4                             3.Netamangalam (TP), Kannithoppu wd-4                                       4.Netamangalam (TP), Kannara Street wd-4                             5.Netamangalam (TP), Mandapam Adidravidar Street wd-5",All voters
23,167,23,"Government High School
Needamangalam 614404 New   Building
South Facing, Western Side","1.Needamangalam (TP) Kotthamangalam Street wd-4
2.Needamangalam (TP) Kotthamangalam wd-4 3.Needamangalam (TP) South street wd-3 4.Needamangalam (TP) West   Adidravidar Street wd-3 5.Needamangalam (TP) East   Adidravidar Street wd-3 6.Needamangalam (TP) Vennaru line karai wd-3 7.Needamangalam (TP) Middle Street wd-3 8.Needamangalam (TP) Agraharam wd-3 9.Needamangalam (TP) Puthu Street wd-3 10.Needamangalam (TP) Nadar Street wd-3",All voters
24,167,24,"Panchayat Union Elementary
School, Old Needamangalam - 614 404   Western Side Building,","1.Needamangalam (TP) Old Needamangalam   Road Wd-1
2.Needamangalam (TP) PappaiyanThoppu wd-1 3.Needamangalam (TP) Kamaraj Colony wd-4",All voters
25,167,25,"Panchayat Union Elementary
School, Old Needamangalam 614404   Western Side Building North Facing","1.Needamangalam (TP) Mohamedu Street wd-1
2.Needamangalam (TP) Kamaraj Colony wd-2",All voters
26,167,26,"Panchayat Union Middle School,
Kappaluduyan ,Olimathi 614404","1.Olimathi   Kappaludaiyan South Adidravidar Street wd-2
2.Olimathi (R.V) AND   (P) Kappaludaiyan kudiyana Street wd-2",All voters
27,167,27,"Panchayat Union Elementary
School,Olimathi .   New RCC Building Facing North, Eastern Wing Olimathi 614404","1.Olimathi    Madhakoil Street wd-1
2.Olimathi (R.V) AND   (P) Olimathi   kudiyana Street wd-1
3.Olimathi (R.V) AND   (P) North Adidravidar street wd-1
4.Olimathi (R.V) AND   (P) Odadura Adidravidar Street Wd-3
5.Olimathi (R.V) AND   (P) Odadurai Colony Street wd-3",All voters
28,167,28,"Panchayat Union Elementary
School, New Building Facing North Vaiyakalathur, 614404","1.Olimathi   Ambalakara Street wd-4
2.Olimathi   Kudiyana Street wd-4 5
3.Olimathi    Vaiyakalathur Adidravidar Street wd-4 5
4.Olimathi   Karkovil kundiyana Street wd-4
5.Olimathi North Adidravidar Street wd-5",All voters
29,167,29,"Panchayat Union Elementary
School, Anumantha puram - 613703 , New Building East Facing","1.Anumanthapuram (R.V) AND   (P) Kudiyana Street wd-1
2.Anumanthapuram    East Street Wd-1 3.Anumanthapuram   West Street Wd-2",All voters
30,167,30,"Panchayat Union Elementary
School, Anumanthapuram 613703 New Building West Facing","1.Anumanthapuram   Nanmangalam Adidravidar Street wd--2
2.Anumanthapuram   Nanmangalam kudiyana street wd-2 3.Anumanthapuram    Pattchaikulam wd-3 4.Anumanthapuram   Dhandalam wd--3 5.Anumanthapuram   Killiyanur wd-3",All voters
31,167,31,"Panchayat Union Elementary
School, Terraced Building, Palangalathur
,Anumanthapuram 613703","1.Palankalathur   Kudiyana Street wd-5
2.Palakalathur   (R.V) AND ( P) Onamangalam Adidravidar Street -5 3.Ottankudi    kudiyana Street wd-4
4.Ottankudi    Ottankudi Adidravidar street wd-4",All voters
32,167,32,"Government High School Main
Building ,Perambur 614404","1.Perambur (R.V) AND (P) Mullaivasal Colony Street wd-1
2.Perambur (R.V) ADN (P) Mullaivasal Mathakoeil Street wd-1
3.Perambur (R.V) AND (P) Mullaivasl North Street wd-1
4.Perambur (R.V) AND   (P) Mullaivasal Akrakaram wd-2
5.Perambur   (R.V) AND   (P) Mullaivasal South Street wd-2
6.Perambur (R.V) AND   (P) Mullaivasal Main Road wd-2
7.Perambur (R.V) AND (P) Mullaivasal poosari Street wd-2
8.Perambur   (R.V) ADN (P) Perambur Main Road wd-3",All voters
33,167,33,"Government High School, South
West Building, Easternwing
,Perambur 614404","1.Perambur (R.V) AND (P) Perambur   Bharathidasan Street wd-3
2.Perambur   (R.V) AND (P) Perambur   Selvavinayakar Street w3
3.Perambur (R.V) ADN (P) Perambur Akraharam wd-4
4.Perambur (R.V) AND (P) Perambur   Thiruvalluvar Street wd-4
5.Perambur (R.V) AND (P) Perambur South Street wd-4
6.Perambur (P) Perambur Kannampadi kudiyana Street wd--5
7.Perambur (R.V) AND (P) Perambur West Street wd-5
8.Perambur (R.V) AND (P) Perambur Colony Street wd-5",All voters
34,167,34,"Panchayat Union Elementary
School Poovanur - 612803.
New Building East Facing","1.Poovanur (R.V) AND   (P) Muthuraja   Street wd
2.Poovanur (R.V0 AND   (P) Thati kutiyana   Street wd-1
3.Poovanur   Thati Athithiravidar Street wd-1
4.Poovanur   Thati colony Street wd-1
5.Poovanur (R.V) AND   (P) Samba Veli Athithiravidar Street wd-1
6.Poovanur   Samba Veli kutiyana Street wd-1
7.Poovanur   Samba Veli Pillayar kovil Street wd-1
8.Poovanur   Samba Veli Main Road wd-1
9.Poovanur   Samba Veli South Street wd-1",All voters
35,167,35,"Panchayat Union Elementary
School Poovanur - 612803. RCC Building,South Facing East Side","1.Poovanur (R.V) AND   (P) Manal Medu wd-2
2.Poovanur   Sarugai Street wd-2
3.Poovanur   Palathati wd-2
4.Poovanur (R.V) AND   (P) Thataikal padugai kudiyana Street wd-2
5.Poovanur Vellankuli mathakovil Street wd-2                                       6.Poovanur (R.V) AND   (P) Thataikal padukai Main Road wd-2             7.Poovanur (R.V) AND(P) Koil Veethikal wd-2                                                    8.Poovanur Muthaliyar Street wd-2",All voters
36,167,36,"Government High   School
Poovanur - 612803. New RCC Building, Northern   SideWest Wing   East Facing","1.Poovanur   Pantaraotai Athithiravidar Street wd-2
2.Poovanur (R.V) AND   (P) East Street wd-3
3.Poovanur (R.V) AND   (P) Matharayar Street wd-3
4.Poovanur (R.V) AND (P) Kotiyakara Street wd-3
5.Poovanur   Andi Street wd-3
6.Poovanur (R.V) AND ( P) Angalamman kovil Street wd 3
7.Poovanur   Mohamathiyar Street wd-3
8.Poovanur   Senkulam Melkarai wd-3
9.Poovanur   Kursar Street wd-3
10.Poovanur(R.V) AND   (P) Maruthuvar Street wd-3 11.Poovanur   Kaliyamman Koeil Street wd-4 12.Poovanur   Akraharapoovanur East Street wd-3
13.Poovanur (R.V) ADN   (P) Akraharapoovanur   West Street wd-3  14.Poovanur (R.V) AND   (P) Akraharam wd-4                                                         999 -
Overseas Elector",All voters
37,167,37,"Panchayat Union Middle School
Melapoovanur   Kalacheri 612803,   New RCC Building, West Facing
Northern Side","1.Kalacheri (R.V) AND   (P) Vellampovanur East Street   wd-1
2.Kalacheri   (R.V) ADN (P) Melapovyanur kutiyana Street wd-1 3.Kalacheri   (R.V)   ADN (P) Melakattalai wd-1
4.Kalacheri   Kelpathi AdiDravidar Street wd-2
5. Kalacheri   Shathirathan Street wd-1
6. Kalacheri (R.V) AND   (P) Vellampovnur AdiDravidar Street wd-2 7.Kalacheri (R.V) AND(P) Mangulam wd-1 8.Kalacheri   Kondiyaru wd-1",All voters
38,167,38,"Panchayat Union Middle   School
Northernside    ,    Kalacheri 612803",1.Kalacheri (R.V) AND   (P) Ambalakara Street wd -3 4,All voters
39,167,39,"Panchayat Union Middle School,
Westernside RCC SSA Building,Facing   North, Kalachery   612803,","1.Kalacheri (R.V) AND   (P) Pallar Street wd-3
2.Kalacheri   (R.V)   AND (P) Kutiyana Street wd-3 3.Kalacheri    (R.V) AND   (P) Sotharai wd-4 2
4.Kalacheri (R.V) AND (P)Kalacheri Adi Dravidar street wd-2.",All voters
40,167,40,"Government Higher Secondary
School,
Munnavalkottai -614403  Main RCC   Building,     Eastern Wing North Facing","1.Munnaval kottai   (R.V) AND (P) North Street wd-1
2.Munnavalkottai   (R.V) AND (P) West Street wd-1 3.Munnavalkottai (R.V) AND   (P) South Street wd-1 4.Munnavalkottai (R.V) AND   (P) East Street wd-1
5.Munnavalkottai (R.V)AND(P)Krishnapuram Athithiravidar Street wd-2 6.Munnavalkottai (R.V) AND   (P) Krishnapuram kutiyana Street wd-2 7.Munnavalkottai (R.V) AND (P) Kalacheri Salai wd-2 8.Munnavalkottai(R.V)AND(P) Munnavalkottai Atithiravidar Street wd-2 9.Munnavalkottai (R.V) AND (P) Munnavalkottai   Thoppu Street   wd-3",All voters
41,167,41,"Panchayat Union Middle School,
Additional building Sonapettai 614013","1.Sonapettai   Chettisathiram North Street wd-1
2.Sonapettai   Chettisathiram Kutiyana   Street wd-1 3.Sonapettai   Sonapettai   kelpathi Tharsalai wd-2 4.Sonapettai   Sonapettai   West wd-1 2  5.Sonapettai   Kelapattu Thar Salai wd-4 6.Sonapettai   Kattumela   Street wd-4",All voters
42,167,42,"Panchayat Union   Middle
School, Eastern side RCC Annex Building   South facing ,Eastern Wing Sonapettai- 614013","1.Munnavalkottai (R.V) Sonapettai (P) Sonapettai   kutiyana Street wd-3
2.Munnavalkottai (R.V)   Sonapettai (P) kelapaddu   Main Road wd-3
3.Chetty Sathiram (R.V) Sonapettai (P) NadukaduTthar Salai wd-5
4.Chetty Sathiram (R.V) Sonapettai (P) Pullavarayan Kudikadu Kappisalai wd-5
5.Chetty Sathiram (R.V) Sonapettai (P) Edamalaiyur Main Road wd-5 7.Sonapettai    Kattu   East Street wd-4
8.Sonapettai   AdiDravidar Street wd-4 9.Sonapettai   Nadukaddu Ambalakara Street wd-4",All voters
43,167,43,"Panchayat Union Elementary
School New Building Ayyampettai   Chettichathiram 614403","1.Chettisathiram Ayyampettai   Natham Nalu Road Ambalakara Street wd-1
2.Chettisathiram Ayyampettai(R.V) AND   (P) Natham Nalu Road wd-1 3.Chettisathiram Ayyampettai Ayyampettai Athithiravidar Street wd-1 4.Chettisathiram Ayyampettai (R.V)AND(P) Natham kudiyana   Street wd-1 5.Chettisathiram Ayyampettai   Vaduvur Main Raod wd-1 6.Chettisathiram Ayyampettai   Ayyampettai North Street wd--2 7.Chettisathiram Ayyampettai   Ayyampettai West Street wd-2 8.Chettisathiram Ayyampettai   Ayyampettai   South Street wd--2 9.Chettisathiram Ayyampettai   Ayyampettai   East Street wd--2",All voters
44,167,44,"Government High School
Pullavarayankudikadu - 614013. Main RCC   Building, Western Wing North Facing","1.Pullavarayankudikadu   Kuttaivanniyar Street wd-1
2.Pullavarayankudikadu (R.V0 AND (P) West Kudikadu wd-1 3.Pullavarayankudikadu (R.V0 AND (P) West   Athithiravidar Street wd-1 4.Pullavarayankudikadu   Karaimetu Street wd-1",All voters
45,167,45,"Government High School Pullavarayankudikadu - 614013. Main RCC   Building, Western Wing Center   North Facing","1.Pullavarayankudikadu   Kumaran Street wd-2&3 , 2.Pullavarayankudikadu
East   Athithiravidar Street wd-2&3 3.Pullavarayankudikadu   North Street wd-2&3",All voters
46,167,46,"Government High School
Westernside Pullavarayankudikadu 614013","1.Pullavarayankudikadu   Mallan Street wd- 2   3
2.Pullavarayankudikadu   Mogappu Street wd-2   3 3.Pullavarayankudikadu   West Street wd-2 3 4.Pullavarayankudikadu (R.V) ADN (P) Anna   Nagar wd-2 3 5.Pullavarayankudikadu   South Street wd-2 3",All voters
47,167,47,"Panchayat Union Middle School,
Moorvakkottai - 614019 Terraced Main Building Western Wing","1.Moovarkottai (R.V) AND (P) Palancheri Medu wd-1
2.Moovarkottai   (R.V) AND (P) Kutaikara Street wd-1 3.Moovarkottai   (R.V) AND (P) North Colony wd-1 4.Moovarkottai   (R.V) AND (P) North Street wd-3 5.Moovarkottai   (R.V) AND (P) South Street wd-3 6.Moovarkottai   (R.V) AND (P) Athithiravidar Street wd-1",All voters
48,167,48,"Panchayat Union Middle School
, Seenikudikkadu 614019 Terraced Building North Facing South Wing Western Side Building Seenikudikkadu 614019","1.Moovarkottai (R.V) AND (P) Shenikudikadu East Street wd-2
2.Moovarkottai   (R.V) AND (P) Shenikudikadu West Street wd-2",All voters
49,167,49,"Panchayat Union Elementarry
School Kondaiyur 614019, RCC Building
West Facing East Side North Wing","1.Vaduvur Melpathi   (R.V)   Vaduvur Vadapathi   (P) Vempan Street wd-9
2.Vaduvur Melpathi   (R.V)   Vaduvur Vadapathi   (P) Vantaiyr Street wd-9
3.Vaduvur Melpathi   (R.V)   Vaduvur Vadapathi   (P) Tharkas Street wd-9
4.Vaduvur Melpathi (R.V) Vaduvur Vadapathi (P) Vadakku Thoppu wd-5",All voters
50,167,50,"Panchayat Union Elementary
School Kondaiyur-614019 Main RCC Building Eastern Side West Facing South Wing","1.Vaduvur Melpathi (R.V)Vaduvur Vadapathi(P) Kondaiyur West street wd-6
2.Vaduvur Melpathi   (R.V)   Vaduvur Vadapathi   (P) Kontaiur East Street wd-6",All voters
51,167,51,"Panchayat Union Elemantary
School    Vaduur Melpathi - 614019, Terraced Building North Side West Wing    South Facing","1.Vaduvur Melpathi   (R.V)   Vaduvur Vadapathi   (P) North Street wd-1
2.Vaduvur Melpathi (R.V) Vaduvur Vadapathi (P) Kolunthan Kantiyar Street wd-1 3.VaduvurMelpathi(R.V)VaduvurVadapathi(P) Nallaperumal Vanniyar Street wd-1
4.Vaduvur Melpathi (R.V) Vaduvur Vadapathi (P) Elavanachi Vanniyar Street wd-2
5.Vaduvur Melpathi   (R.V)   Vaduvur Vadapathi (P) South Vanniyar Street wd-3
6.Vaduvur Melpathi   (R.V)   Vaduvur Vadapathi (P) Sherukkavanniyar Street wd-8
7.Vaduvur Melpathi(R.V)   Vaduvur Vadapathi (P) Onthiriyar Street wd-8
8.Vaduvur Melpathi (R.V)Vaduvur Vadapathi (P) Kakkavanniyar Street wd-7
9.Vaduvur Melpathi   (R.V)Vaduvur melpathi Manalmettu Theru
10.Vaduvur Melpathi(R.V) Vaduvur Vadapathi (P) Manaiyar Street   wd-4",All voters
52,167,52,"Panchayat Union Elementary
School, Vaduur Vadapathi 614019,
Mangalore Tile Building South Side North Facing East Wing","1.Vaduvur Vadapathi   (R.V) AND (P) Periyar Nagar wd-1
2.Vaduvur Vadapathi (R.V) AND (P) Gandhi Nagar wd--2
3.Vaduvur Vadapathi (R.V) AND   (P) Shilippi Street wd--4
4.Vaduvur Vadapathi (R.V) AND   (P) East Street    wd-3",All voters
53,167,53,"Panchayat Union Elementary
School,   Vaduvur Vadapathi 614019,
Mangalore Tile Building South Side North Facing West Wing","1.Vaduvur Vadapathi (R.V) AND (P) Middle Street   wd-4
2.Vaduvur Vadapathi   (R.V) AND (P) Raman kantiyan Street wd-5
3.Vaduvur Vadapathi   (R.V) AND (P) Vaniya   Street wd-5",All voters
54,167,54,"P.U.Elementary school, Tilled
building Easternside, Westernwing    ,    Edamelaiyur 614013",1.Eda-   Melayur 1 (R.V) AND (P) North Ambalakara   Street wd-1,All voters
55,167,55,"P.U.Elementary school Terraced
building Easternside Building, Easternwing ,    ,Edamelaiyur 614013","1.Eda- Melayur west (P) North West Street wd-2
2.Eda- Melayur   (R.V) AND (P) South West Street wd-3 999 - Overseas Elector",All voters
56,167,56,"Panchayat Union Elementary
School Edamelaiyur   Middle Street 614013,Terraced Main Building    western Wing","1.Eda-   Melayur (R.V) AND(P) South Natham Ambalakara Streetwd-1
2.Eda- Melaiur   (R.V) AND (P) Aththaniyar Street wd-4",All voters
57,167,57,"Panchayat Union Elementary
School   Terraced Main Building, Easternwing        Edamelaiyur Middle Street 614013","1.Eda- Melayur   (P) South Nadu Street wd-1
2.Eda- Melayur Nadutheru (P) North   Middle Street wd-3
3.Eda Melayur(R.V) AND (P) North Street Thiruvalluvar colony wd-3",All voters
58,167,58,"Government Higher Secondary
School, Eadamelaiyur-614013 Main Building East Facing South Side","1.Etamalaiur 3   (R.V) AND   (P) North kantiyar Street wd-1
2.Eda melayur 3   (R.V) AND (P) North Athithiravidar Street wd-3",All voters
59,167,59,"Government Higher Secondary
School, Eadamelaiyur-614013 Main Building East Facing South Wing Centre Hall","1.Etamalaiur 3 (R.V) AND (P) South kantiyar Street wd-2
2.Eda melayur 3 (R.V) AND   (P) Ayyamperumal kulakarari wd-4",All voters
60,167,60,"Panchayat Union Elementary
School,Edakeelaiyur-2- 614013 Northern side RCC Building,East Wing South Facing","1.Eda- Keelaiur (R.V) AND (P) Antimatam Street wd-3
2.Eda-   Keelaiur (R.V) AND   (P) Mudukku Street wd-3
3.Eda- keelaiur (R.V) AND (P) Periyar   Colony wd-3                                            999 -
Overseas Elector",All voters
61,167,61,"Panchayat Union Elementary
School,Edakeelaiyur-2- 614013 Western Terraced Building East Facing","1.Eda- keelaiur (P) North Street wd-4
2.Eda- Keelaiur (P) South Street wd-4                                                                        999
- Overseas Elector",All voters
62,167,62,"Panchayat Union Elementary
School Edakeelaiyur-2 614013 New Terraced   Building   west Side South facing","1.Eda -Keelaiur (R.V) AND (P) Pampali Street wd-5
2.Eda keelaiur (P) South Colony wd-5
3.Eda- Keelaiur (P) Utaiyar Street wd-5
4.Eda-   keelaiur (P) South Natham wd-5",All voters
63,167,63,"Panchayat Union Elementary
School Edaannavasal 614013    , RCC   Building Northern Side Wast Wing South Facing","1.Eda- keelaiur (P) North Street   Wd-1
2.Eda- Keelaiur (P) Anna Nagar wd-1
3.Eda- keelaiur (P) West Street wd-1
4.Eda- keelaiur (P) kamanti Street wd-1
5.Eda- Keelaiur (P) South Street wd-1 2
6.Eda-   Keelaiur (P) East Street wd-2
7.Eda- keelaiur (P) Athithiravidar Street wd-2",All voters
64,167,64,"Panchayat Union Elementary
School , Paruthikottai 614013
,New Building, Easternwing","1.Paruthikottai (R.V) and (P) West St ward 1
2.Paruthikottai (R.V) and (P) East St ward 2",All voters
65,167,65,"Panchayat Union Elementary
School, Vettikkadu 614013
,Main Building,","1.Paruthikottai (R.V) and (P) Amarabagam ward 3
2.Paruthikottai (R.V) and (P) Vettikadu ward 4",All voters
66,167,66,"Panchayat Union Elementary
School, Kalanchimedu 612803. RCC Building, South Side North Facing","1.Kalanchimedu (R.V) AND (P) Keela Street   wd-1P
2.kalanchimedu (R.V)    Adithiravidar Street wd-1(P) 3.kalanchimedu (RV) Agraharam Street wd-1 4.kalanchimedu   (R.V) AND (P) Akkarai Street wd-1 5.kalanchimedu (R.V) AND (P) Mela Street   wd-2",All voters
67,167,67,"Panchayat Union Elementary
School   Navalpoondi -612803
,Terraced Western Side Additional Building","1.kalanchimedu   (R.V) AND (P) Naval Poonti East Street wd-2
2.kalanchimedu   (R.V) AND (P) Navalpoondi West Street wd-3 3.kalanchimedu (R.V) AND   (P) Navalpoonti Athithiravidar Street wd-3 4.kalanchimedu (R.V) AND (P) Chirusthuva Street wd-3",All voters
68,167,68,"Government Higher Secondary
School, Rayapuram-612803. New Additional Building.
Eastern Side. Facing North.","1.Rayapuram (R.V) ADN (P) Kattapeththan Thoppu wd-1
2.Rayapuram (R.V) ADN (P) North Sothiriyam wd-1 3.Rayapuram   Sothiriyam wd-1
4.Rayapuram   South Sothiriyam wd-1 5.Rayapuram   colony   Street wd-2&3 6.Rayapuram    Kollukavati wd-1",All voters
69,167,69,"Government Higher Secondary School, New RCC Building North facing Western side Rayapuram-612803","1.Rayapuram (R.V) ADN (P) South Street wd-2&3
2.Rayapuram   Anna Nagar wd-3 3.Rayapuram (P) East Street wd-2 4.Rayapuram   West Street   wd-4 999 - Overseas Elector",All voters
70,167,70,"Panchayat Union Elementary
School Keelapattu, Rayapuram New RCC Building,       West Facing
Northern Side","1.Rayapuram(R.V0 AND   (P) East street   wd-4
2.Rayapuram   Kelapattu   Naththam wd-4 3.Rayapuram   Kelapattu Colony Street wd-4   5 4.Rayapuram (p) Kelapattu East street   wd-4 5.Rayapuram   Kelapattu Middle Street   wd-5 6.Rayapuram   Kelapattu North Street wd-5-6 7.Rayapuram   Kelapattu West Street wd-4 5 8.Rayapuram   Kelapattu West Street wd-4 9.Rayapuram   Kelapattu North kudiyana Street wd-4
10.Rayapuram   Kelapattu North Ambalakara Street wd-5 11.Rayapuram(R.V)AND(P) Kelapattu South Amabalakara Street wd-512.Rayapuram   kelapattu West   Ambalakara Street wd--6 13.Rayapuram (R.V) ADN (P) Kelapadttu kudiyana Street wd-4",All voters
71,167,71,"Panchayat Union Middle
School,terraced eastern building
, Vadakaravayal 612803","1.Vadakaravayal (R.V) AND (P) Kulathumedu Main Road wd-2
2.Vadakaravayal (R.V) AND (P) Vadakaravayal Thenpathi Street- wd-2 3.Vadakaravayal (R.V0 AND (P) Vadakaravayal Kutiyana Street-   wd-2 4.Vadakaravaya (R.V) AND (P) Kattai Road wd-2
5.Vadakaravayal (R.V) AND (P) Rasapaiyan Chavati ul Street wd 2 6.Vadakaravayal   (R.V) AND (P) Rasappaiyan Savati Main Road wd-2     999 - Overseas Elector",All voters
72,167,72,"Panchayat Union Middle School,
Thenkara vayal-612803 Western Side   East Facing","1.Vadakaravayal (R.V) AND (P) Rokkakuthakai wd-1
2.Vadakaravayal (R.V) AND (P) Shitharaman Savadi wd-1
3.Vadakaravayal    (R.V) AND (P) Then karavayal Athithiravidar Street wd- 1 4.Vadakaravayal (R.V) AND (P) Thenkaravayal   Kutiyana Street wd-1 5.Vadakaravayal (R.V) AND (P) North Utaiyar Manyam wd- 1                        999 -
Overseas Elector",All voters
73,167,73,"Panchayat Union Elementary
School Kanur Annavasal 612803    ,RCC Building Facing West, Northern Side","1. Annavasal (R.V) Kannur (P), Kanur Sothiriyam kutiyana Street wd-2
2.Annavasal (R.V) Kannur Annavasal (P) Athithiravidar Main Road wd 1 3.Annavasal (R.V)Kannurannavasal(P) Athithiravidar North Street wd 1 4.Annavasal (R.V) Kannur annavasal (P) Athithiravidar South Colony Street wd 1 5.Annavasal (R.V) Kannurannavasal   (P) Serumangalam Athithiravidar North Street
wd 2
6.Annavasal (R.V) Kannurannavasal   (P) Serumangalam Athithiravidar Meddu   Street wd 2
7.Annavasal (R.V) Kannur annavasal (P) Serumagnalam kudiyana Street wd 2",All voters
74,167,74,"Panchayat Union Elementary
School , Kanur Annavasal - 612803,    ,RCC Building Facing West, Southern Side","1.Annavasal (R.V) Kannur (P) Kanur Sothiriyam kutiyana Street- wd-2
2.Annavasal (R.V) Kannur annavasal (P) Kanur Sothiriyam kudiyana Street wd 2
3. Annavasal   Thenpathi (R.V) kannur (P) Kanur paruthikottai East Street wd-3
4. Annavasal   Thenpathi (R.V) kannur (P) P.Kottai Mathakoil Kristian   Athithiravidar Street wd-3
5. Annavasal   Thenpathi (R.V) kannur (P) Kanur paruthikottaimariyammankovil Street wd-3
6. Annavasal   Thenpathi (R.V) kannur (P) Kanur paruthikottai Manchathital Street wd
3                                                                                                                            999 - Overseas
Elector",All voters
75,167,75,"St.Marys Aided Ele. School
Melalavanthacheri 612803 RCC Building South Facing Western Side","1.Melalavanthacheri   Kannampati Kuti Street wd-1
2.Melalavathacheri   Melakarsangkudi Athithiravidar Street wd-1 3.Melalavathacheri   Kelakarchangudi Kutiyana Street wd-1 , 4.Melalavathacheri   Kelakiarchangkudi Athithairavidar Street wd-1 5.Melalavathacheri   Matapuram Kutiyana Street wd-1 6.Melalavathacheri (R.V) ADN (P) Matapuram Athithiravidar Street wd-2
7.Melalavathacheri   (R.V) AND ( P) Devakuti North Street wd-3                999 -
Overseas Elector",All voters
76,167,76,"St.Marys Aided Ele. School
,Melalavanthacheri 612803 RCC Building South Facing Eastern Side","1.Melalavanthacheri   Annama Santhanamatha Kovil Street, Anthoniyar Kovil
Street ,
2.Melalavathacheri   Devakudi East Street wd-3 3.Melalavathacheri (R.V) ADN (P) Devakudi South Street wd-3 4.Melalavathacheri   Devankudi West Sreet wd-3
5.Melalavathacheri (R.V) ADN (P) Devankudi Sampan Colonistreet wd-3",All voters
77,167,77,"Panchayat Union Middle School,
Rishiyur, New RCC Center Building Eastern Side   South Facing","1.Risiur (R.V) AND   (p) Varatharaja Perumal kattalai wd-1
2.Risiur    kattiyadi wd-1
3.Risiur   West kutiyana Street wd-1
4.Risiur    East kutiyana Street wd-2
5.Risiur   North Street wd-2
6.Risiur   South Street Wd-2
7.Risiur   kattaiyadi kutiyana Street wd-2
8.Risiur   Manalmedu wd-2
9.Risiur   Pachaikulam wd-2",All voters
78,167,78,"Panchayat Union Elementary
School Northbuilding Northernside    ,Athangudi 614103","1.Athankudi    Nallavalampillai Pethi Street wd-1
2.Athankudi    V.R.N.Street wd-1 3.Athankudi   Valacheri Colony Street wd-1
4.Athankudi    Valacheri Main Road Street wd-1 5.Athankudi   Kelavalacheri Street wd-1 6.Athankudi (R.V) AND   (P) Shivan kovil Street wd-1",All voters
79,167,79,"Panchayat Union Elementary
School North Building Southernside.
Athankudi.614103","1.Athankudi   Mullilpallam wd-2
2.Athankudi   West Valacheri wd-2 3.Athankudi    North Street wd-2",All voters
80,167,80,"Community hall jeeva street
Athangudi-614103","1.Athankudi   Jeeva Street wd--3
2.Athankudi   Puthu Street wd--3 3.Athankudi    South Chethi Street wd-3",All voters
81,167,81,"Panchayat Union Elementary
School Addl.building
,Athangudi   614103","1.Athankudi    Therkku Chethi Street wd-4
2.Athankudi    Murugan kovil Street wd-4 3.Athankudi    Lingathadi Street wd-4 4.Athankudi   Sharugai Street wd-4 5.Athankudi   Manal kontan Street wd-4",All voters
82,167,82,"Government Girls Higher
Secondary School westernside, Akarapothakudi   614103","1.Aykudi    Puthukudi wd-1
2.Aykudi   Aykudi   Colony Street wd-1
3.Aykudi   Aykudi   kutiyana Street wd-1
4.Aykudi    Akarapothakudi kaliyamman kovil Street wd-1",All voters
83,167,83,"Government Girls Higher
Secondary School,Eeastern side R.No12   Akarapothakudi 614103","1.Aykudi   Main Road wd-2
2.Aykudi    Saiyad Asim Street wd-2
3.Aykudi    Kamaliya Street wd-2
4.Aykudi   Rahmaniya Street wd-2
6.Aykudi   Kaeithey Millath Street wd-2",All voters
84,167,84,"Government Girls Higher
Secondary School, Akarapothakudi   614103. Southern side building North facing","1..Ayikudi    Moohamadhu Ali Street wd-2
2.Ayikudi   Arapath Street wd-2
3.Aykudi   Valacheri wd-2                                                                                                 999 -
Overseas Elector",All voters
85,167,85,"Government Boys   Higher
Secondary School, Pothakudi - 614103 Addl. New Building Western Side R.No 4 & 5","1.Pothakudi   Puthu Street wd-1
2.Pothakudi(R.V) AND   (P) Hajiyar Street wd-1 3.Pothakudi (R.V() AND (P) Apulkalam Asath Street wd-1 4.Pothakudi    Zaheer Hussian Street wd-1
5.Pothakudi   Mathina Street wd-1 6.Pothakudi   Apthullkalam Asath Street wd-1
7.Pothakudi (R.V0 AND (P) Apuhiraira Street wd-1 8.Pothakudi   Athithiravidar Street wd-1 9.Pothakudi    Akbar Street wd-1
10.Pothakudi    karimiyalen wd-1                                                                                999 -
Overseas Elector",All voters
86,167,86,"Panchayat Union Middle School
Central Portion Eastern Side
,Pothakudi 614103","1.Pothakudi   Jinnath Street wd-1
2.Pothakudi   North Street wd-1 3.Pothakudi    East Street wd-2 4.Pothakudi   Alimsa Street wd-2 5.Pothakudi    South Street wd-2 6.Pothakudi    Jalal Street wd-2 7.Pothakudi    Sharkuru Street wd-2 8.Pothakudi    Ismayil Street wd-2 9.Pothakudi    Gandhi Street wd-2",All voters
87,167,87,"Panchayat Union Middle School
Central Portion Western Side
,Pothakudi 614103","1.Pothakudi   Sherip Street wd-2
2.Pothakudi    Main Road wd-2 3.Pothakudi    West Street wd-2 4.Pothakudi   Maithin Street wd-2 5.Pothakudi   Sathamhussian Street wd-2",All voters
88,167,88,"Panchayat Union Middle School
Easternside Pothakudi 614103","1.Pothakudi    Kareemiya Street wd - 6
2.Pothakudi   Nooriya Street wd-6 3.Pothakudi   Akamathiyar Street wd- -6",All voters
89,167,89,"Panchayat Union Middle School,
Pothakudi 614103
Main Building Westernside South facing","1.Pothakudi    Moohamadhitya Street wd-6
2.Pothakudi   Savukath Ali Street wd - 6 3.Pothakudi Pathuriya Street wd--6 4.Pothakudi    Indhu Mathar Street wd-6 5.Pothakudi    Gandhi Street wd- -3 6.Pothakudi   Sarippu Street wd -3 7.Pothakudi   Periyathaikal street wd-3",All voters
90,167,90,"Panchayat Union Middle School,
18.Sekarai Revenue Village-61413 North Facing Eastern side Building west side Portion","1.Pothakudi    Main Road wd- 4
2.Pothakudi   Gandhi Colony Nehru Street wd-4 3.Pothakudi   Natar Street wd-4
4.Pothakudi   Main Road wd-4 5.Pothakudi    Ambalakara Street wd-4 6.Pothakudi    Sejkarai Main Road wd--4
7.Pothakudi   Atrankarai Street Valluvar Street wd--4 8.Pothakudi   Shathiradi Street Mariyamman koeil Street wd-4 9.Pothakudi   Periyar Nagar wd-4",All voters
91,167,91,"Panchayat Union Middle School,
18.Sekarai Revenue Village-61413 North Facing Eastern side Building East side Portion","1.Pothakudi   Main Road wd-4
2.Pothakudi   Ambethkar Street wd-4 3.Pothakudi   Jeeva Street wd-4 4.Pothakudi    Shathirakudi Street wd-4 5.Pothakudi   Anna Nagar wd-4
6.Pothakudi   Mariyamman kovil Street wd-5 7.Pothakudi   Periyar Nagar wd-5 8.Pothakudi   Inthira Nagar wd-5 9.Pothakudi   Milakukulam wd-5",All voters
92,167,92,"Panchayat Union Middle
School, Vizhalkottagam    ,New RCC Building Facing East, Northern Wing","1.Vellakudi (R.V) AND (P) Pillayar Kovil Street Vellakudi wd-1
2.Vellakudi (R.V) AND (P) Colony Street Vellakudi wd-1 3.Vellakudi (R.V) AND (P) Kaliyamman Kovil Street Vellakudi wd-1 4.Vellakudi (R.V) AND (P) Amman Colony Vellakudi wd-1 5.Vellakudi (R.V) AND (P) East Street   Vellakudi wd-1
6.Vellakudi (R.V) AND (P)   West Street Vizhal Kottagam wd-2 7.Vellakudi (R.V) AND (P) Colony Street Vizhal kottagam wd-2 8.Vellakudi (R.V) AND (P) South Street Vizhal Kottagam wd-2 9.Vellakudi (R.V) AND (P) East Street Vizhal Kottagam wd-2",All voters
93,167,93,"Panchayat Union Elementary
School   Karkovil Keelavanthacheri 612803","1.Keelavanthacheri (R.V)AND(P) Karkovil Athithiravidar Street wd-1
2.Keelavanthacheri(R.V) AND (P) Karkovil Athithiravidar North Street wd-1 3.Keelavanthacheri   (R.V) AND (P) Karkovil Athithiravidar West Street wd-1 4.Keelavanthacheri (R.V) AND (P) Karkovil KutiyanaK Street wd-1 5.Keelavanthacheri (R.V) AND (P) Athithiravidar North Street wd-1 6.Keelavanthacheri (R.V) AND (P) Athithiravidar West Street wd-1 7.Keelavanthacheri (R.V) AND (P) Athithiravidar East Street wd-1 8.Keelavanthacheri (R.V) AND (P) Athithiravidar South Street wd-1 9.Keelavanthacheri (R.V) AND (P) Melakutiyana   Street wd-1 10.Keelavanthacheri (R.V) AND(P) Annasalai kutiyana   Street wd-1 11.Keelavanthacheri (R.V) AND (P) Kutiyana   Middle Street wd-2 12.Keelavanthacheri (R.V) AND (P) Thacha Street wd-2 13.Keelavanthacheri (R.V) AND (P) Karuvelankulam Kutiyana   Street wd-2 14.Keelavanthacheri (R.V) AND (P) Kelakatttali wd-2
15.Keelavanthacheri (R.V) AND (P) Karuvelakulam West Street   Wd2
16.Keelavanthacheri (R.V)AND(P)Karuvelangkulam Athithiravidar Street wd-2
17.Keelavanthacheri (R.V) AND (P) Attrangari Street wd1",All voters
94,167,94,"Panchayat Union Middle   School
Puthudevan    kudi- 612803  RCC Building                       Eastern side West facing","1.Puthudevankudi (R.V) AND (P) Kadai Street wd-1
2.Puthudevankudi (R.V) AND (P) Muthu Mariyamman Kovil Street wd-1 3.Puthudevankudi (R.V) AND (P) Shivan kovil Street wd-1 4.Puthudevankudi (R.V) AND (P)   Palandevankudi wd-1 5.Puthudevankudi (R.V) AND (P) Kudiyana Street wd-1&2 6.Puthudevankudi (R.V) AND (P) Mettu Street wd-1
7.Puthudevankudi (R.V) AND (P) Akrahara Street wd-1 8.Puthudevankudi (R.V) AND (P) Kelathotti colony Street wd-2&3 9.Puthudevankudi (P) Kelathotti   Yadahav   Nagar wd--3 10.Puthudevankudi (R.V) AND (P) Samuthayakarai wd-3",All voters
95,167,95,"Panchayat Union Middle
School,
Arichapuram 612803
New RCC West Building West wing, North Facing","1.Arichapuram (R.V) AND (P) West Street   wd-1
2.Arichapuram   (R.V) AND (P) Main Road wd-1 3.Arichapuram (R.V) AND (P) Puthu Street 1-2 wd-1 4.Arichapuram (R.V) AND (P) Vaeikalkaran Street wd-1 5.Arichapuram (R.V) AND (P) North kutiyana Street   wd-1 6.Arichapuram (R.V) AND (P) South kutiyana   Street wd-2 7.Arichapuram (R.V) AND (P) Colony Street wd-2
8.Arichapuram (R.V) AND (P) Kaliyamman kovil Street III   Wd-2 9.Arichapuram (R.V) AND (P) South Sthithiravidar Street wd-2",All voters
96,167,96,"Sriramakrishna Aided
Elementaryschool New Terraced Building ,   Chithambur 614102","1.Chithampoor (R.V) AND   (P) Kelpathi   Thoppati wd-1
2.chithampoor (R.V) AND (P) Kalvalacheri Wd-1 3.chithampoor (R.V) AND   (P) Shivapuram Wd-2 4.Chithampor (R.V) AND (P) Kottagam wd-2
5.Chithampoor (R.V) AND (P) chithampoor   East Street wd-2 6.Chithampoor (R.V) AND (P) Chithampoor North Street wd-2 7.chithampoor (R.V) AND   (P) Chithampoor South Street wd-2 8.chithampor (R.V) AND (P) Chithampoor West Street wd-2",All voters
97,167,97,"Panchayat Union Elementary
School Kudithankichery.    ,New RCC Building Terraced","1.chithampor (R.V) AND (P) Kudithankicheri Balathadi wd-3
2.chithampor (R.V) AND (P) Kudithankicheri North Street wd-3 3.chithampor   (R.V) AND (P) Kudithangicheri South Street wd-3",All voters
98,167,98,"Government Adi Dravidar
Higher Secondary School, Savalakaran 614014, RCC Two Class Room Building Eastern Side South Facing","1.Savalakaran (R.V) and (P) Savalakaran West Street ward 1
2.Savalakaran (R.V) and (P) Savalakaran East Street ward 1 3.Savalakaran (R.V) and   (P) Mela Nalanallur ward 2",All voters
99,167,99,"Anganwadi RCC Building,
Arasur-614014 East Facing","1.Keelanalanallur
2.Arasur East Street
3.Arasur West Street",All voters
100,167,100,"Panchayat Union Elementary
School Vetaithidal 614014    , Main Building, Easternside","1.Karunavur (R.V) Vettithidal (P) Kudiyana West Street Ward 1
2.Karunavur (R.V) Vettithidal (P) Keela Adidravidar Colony Mainroad Ward 1 3.Karunavur (R.V) Vettithidal (P) West Adidravidar Colony Mainroad Ward 1 4.Karunavur (R.V)Vettithidal(P)Keela Adidravidar Colony Salaiyoram Ward   2 5.Karunavur (R.V)Vettithidal(P)West Adidravidar Colony Salaiyoram Ward 2 6.Karunavur (R.V)Vettithidal (P) Agamalankarai ward 3
7.Karunavur (R.V)Vettithidal (P) Keela karnavur ward 3 8.Karunavur (R.V) Vettithidal (P) Alachery harijana St ward 3 9.Karunavur (R.V) Vettithidal (P) Alachery Kudiyanana St ward 3 10.Karunavur (R.V)Vettithidal (P) Sothiriyam Ward 3
11.Karunavur (R.V) Vettithidal (P) Edastreet Ward 3                                                         999 -
Overseas Elector",All voters
101,167,101,"Panchayat Union Elementary
School Karnavur 614014    ,Main Building","1.Karunavur   (R.V) and   (P) Kudiyana St ward 1
2.Karunavur (R.V) and (P) Harijana St ward 1 3.Karunavur (R.V) and   (P) Thiruvasalkulam Ward 1
4.Karnavur (R.V) and (P) Tharisuveli Harijana St Ward 1 5.Aravathur (R.V) Karunavur (P) Harijana East st aravathur ward   2 6.Aravathur (R.V) and   Karunavur (P) Kudiyana st aravathur ward 2 7.Aravathur (R.V) Karunavur (P) Harijana St Aravathur Ward 2 8.Aravathur (R.V)   Karunavur (P) Harijana St Vengaipuram ward 2",All voters
102,167,102,"Panchayat Union Middle School
Pamani 614014    , Main Building , Southern Wing","1.Pamani (R.V)   Karunavur (P) Munnazhi Kattali ward 4
2.Pamani (R.V)   Karunavur (P) Odapattakarai St ward 4
3.Pamani (R.V)   Karunavur (P) Kuruvaimozhi East St ward 4
4.Pamani (R.V)   Karunavur (P) Kuruvaimozhi West St Ward 4
5.Pamani (R.V)   Karunavur (P) North Udaiyar Maniyam Ward 3
6.Pamani (R.V) Karunavur (P) Sithalachcheri Ward 3
7.Pamani (R.V)   Karunavur (P) Poosari St ward 3
8.Pamani (R.V)   Karunavur (P) Mettu St ward 3
9.Pamani (R.V)   Karunavur (P) Pamani Mainroad Ward 3
10.Pamani (R.V)   Karunavur (P) Sivankovil Southveedhi ward 3
11.Pamani (R.V)   Karunavur (P) Sivankovil Melaveedhi Ward 3
12.Pamani (R.V)   Karunavur (P) PudhuSt ward 3
13.Pamani (R.V)   Karunavur (P) Chandrasekarapuram Ward 3
14.Pamani (R.V)   Karunavur (P) Sivankovil Northveedhi ward 3
15.Pamani (R.V) Karunavur (P) Sivankovil Keelaveedhi ward 3",All voters
103,167,103,"Panchayat Union Middle School
Pamani 614014    ,Main Building
, Northern Wing","1.Pamani (R.V)   Karunavur (P) Pamani adidravidar West St ward 2
2.Pamani (R.V) Karunavur (P) Pamanimainroad ward 2
3.Pamani (R.V)   Karunavur (P) Adidravidar East St ward 2
4.Pamani (R.V)   Karunavur (P) Adidravidar Westkurukku St ward 2
5.Pamani (R.V)   Karunavur (P) Adidravidar Ambalakarar colony   2
6.Pamani (R.V) Karunavur (P) Adidravidar Puthiya Colony Ward 2
7.Pamani (R.V) Karunavur(P) Adidravidar West Kurukku St ward 1 2
8.Pamani (R.V) Karunavur (P) Adidravidar North   St ward 3",All voters
104,167,104,"Panchayat Union Middle
School, Pamani-614014 Main Building","1.Aravathur (R.V) andKarunavur (P)Arijana Street Ullurvattam Wd-2
2. Aravathur (R.V)and Karunavur (P) Kudiyana Street   SouthUdaiyar Maniyam Wd-2
3..Pamani (R.V)   Karunavur (P) South Udaiyarmaniyam Wd-3
4..Pamani (R.V) Karunavur (P) Devendrapuram Wd-3
5..Pamani (R.V)   Karunavur (P) Punniyakkudi Wd-3",All voters
105,167,105,"Panchayat Union Elementary
School Moovanallur 614001
,Terraced Building, Western Side","1.Moovanallur (R.V) and   (P) West St ward 2
2.Moovanallur (R.V) and (P) Ayyaruvandiyar St ward 1 3",All voters
106,167,106,"Panchayat Union Elementary
School Moovanallur 614001 Terraced Building, Eastern Side","1.Moovanallur (R.V) and (P) East St Nadu St ward 1
2.Moovanallur (R.V) and (P) Adidravidar   St ward 4",All voters
107,167,107,"Thirumurugan High.School
Melavasal   614001
,Mainbuilding,Middle Wing","1.Melavasal (R.V) and (P) Mela Nadu Street ward 2
2.Melavasal (R.V) and (P) Keela Nadu street Ward 1 3.Melavasal (R.V) and (P) North Street Ward 1
4.Melavasal (R.V) and (P) Keela Aattrankarai Street Ward   3 5.Melavasal (R.V) and (P) Thaskandu Street Ward 4 6.Melavasal (R.V) and (P) Periyar Street Ward 1   3",All voters
108,167,108,"Thirumurugan High.School
Melavasal 614001    ,AKS Building, West wing East Facing","1.Melavasal (R.V) and (P) Keela Street Ward 2
2.Melavasal (R.V) and (P) MelaStreet Ward 3 3.Melavasal   (R.V) and (P) Ambethkar Colony Ward 3",All voters
109,167,109,"Thirumurugan High.School
Melavasal 614001        ,New Building, South Facing East Wing","1.Melavasal (R.V) and (P) Kumarapuram Ward-4
2.Melavasal (R.V) and (P) Gandhinagar Ward 4",All voters
110,167,110,"Panchayat Union Elementary
School Edayarembethi 614001 Main Building Northera Wing","1.Edyarembetthi (R.V) and (P) North Street Ward 1
2.Edyarembetthi (R.V) and (P) MelaStreet ward 2 3.Edyarembetthi (R.V) and (P) Ambathkar Colony Ward 2 4.Edyarembetthi (R.V) and (P) Keela Street ward 3 5.Edyarembetthi (R.V) and (P) MelaStreet ward 3",All voters
111,167,111,"Panchayat Union Elementary
School Karikottai 614001 Terraced Building","1.Karikottai (R.V) and (P) North Street Ward-1
2.Karikottai (R.V) and (P) Colony Street Ward-1 3.Karikottai (R.V) and (P) KeelaStreet Ward-2 4.Karikottai (R.V) and (P) South Street Ward 3 5.Karikottai (R.V) and (P) South Natham Ward-3",All voters
112,167,112,"Panchayat Union Elementary
School, Karakottai 614013
,Eastern side Add.Building West Facing","1.karakottai (R.V) AND   (P) Kelakudikadu wd-1
2.karakottai (R.V) AND   (P) Varadukulam Street wd-1 3.karakottai (R.V) AND   (P) kelakudikadu Street wd-1 4.karakottai   (R.V) AND (P) Main Road Street wd-1 5.karakottai   (R.V) AND (P) Thannir Panthal Street   wd--1 6.karakottai   (R.V0 AND (P) East    Athithiravidar Street wd-2 7.karakottai   (R.V) AND (P) Natesan Street wd-2
8.karakottai (R.V) AND   (P) South Athithiravidar Street wd--2
9.karakottai (R.V) AND (P) Athithiravidar Colony wd-2                                    999 -
Overseas Elector",All voters
113,167,113,"Panchayat Union Elementary
School, Karakkottai - 614013, Northernside New Building, Eastwing","1.karakottai (P) East Street wd-3
2.karakottai (R.V) AND   (P) Poosari Street wd-3 3.karakottai (R.V) AND (P) Middle    Street wd--4 4.karakottai (R.V) AND (P) North Street wd-4 5.karakottai (R.V) AND   (P) West Street wd-4 6.karakottai (R.V) AND (P) Melakadu wd-4 7.karakottai (R.V) AND   (P) Erikarai wd-4",All voters
114,167,114,"Panchayat Union Middle School
Terraced Main Building Northern Side, west wing
,Serumangalam 614001","1.Sherumangalam (R.V) AND (P) North Street wd-1
2.Serumangalam   (R.V) AND (p) Gandhiyar Street wd-1 3.Serumangalam (R.V) AND (p) Thapal Offic Road wd-1-2 4.Serumangalam (R.V) AND (p) Bharathiyar Street wd-2",All voters
115,167,115,"Panchayat Union Middle School
Serumangalam 614001    ,RCC Main Building Southern Side,west Facing","1.Serumangalam   (R.V) AND (p) Ricemil Street wd-2
2.Serumangalam (R.V) AND (p) Erikarai Street wd-1 3.Serumangalam (R.V) AND (p) Kurunathan koeil street wd-2 4.Serumangalam   (R.V) AND (p) Main Road wd-1 5.Serumangalam ((R.V) AND   (p) West Street wd-1-2 6.Serumangalam (R.V) AND (p) East Street wd-1",All voters
116,167,116,"Panchayat Union Elementary
School , Udaiyar Street, Serumangalam 614001,South Facing Terraced                       Main Building","1.Serumangalam (R.V) AND (p) Priyar Puram wd-3
2.Serumangalam (R.V) AND (p) Ambethkar colony wd--3 3.Serumangalam (R.V) AND (p) Kakkan Street wd-3",All voters
117,167,117,"Panchayat Union Elementary
School Kanchikudikadu 614001
,North Facing New RCC Building","1.Serumangalam (R.V) AND (p) Apparasam Pattai North Street wd-4
2.Serumangalam (R.V) AND (p) Pillaiyar koeil street wd-4 3.Serumangalam (R.V) AND (p) Ambalakara Street wd-4 4.Serumangalam (R.V) AND (p) Kanchikudikadu South Street wd-4 5.Serumangalam (R.V) AND   (p) Puthu Street wd-4",All voters
118,167,118,"Panchayat Union Elementary
School Apparasempettai   North Facing ,Single Class Room Building","1.Apparasam Pattai North Street
2. Pillaiyar koeil street",All voters
119,167,119,"Panchayat Union Elementary
School Terraced Main Building,Athikottai - 614028","1.Serumangalam (R.V) AND (p)   Athekottai pallakollai Colony wd-5
2.Serumangalam   (R.V) AND (p) Athikottai wd-5",All voters
120,167,120,"Government High School
Kattakudi         Main   RCC Building South facing Western Side -614013","1.Kattakudi Peraiyur   (R.V) Kattakkudi (P) Chinnakarakottai wd-1
2.Kattakudi Peraiyur   (R.V) Kattakkudi (P)Kattakudi tharkas wd-1 3.Kattakudi Peraiyur (R.V)Kattakkudi (P)Kattakudi south streetwd-2 4.Kattakudi Peraiyur   (R.V) Kattakkudi (P)   Ambalakara   Street wd-3",All voters
121,167,121,"Government High School
Kattakudi        Main   RCC Building South facing Middle Block -614013","1.Apparasempettai Peraiyur (RV) Kattakudi(P) Kattakudi West Street wd-1
2.Apparasempettai Peraiyur (RV) Kattakudi(P)Mudukku Street wd-3",All voters
122,167,122,"Government High School
Kattakudi        Main   RCC Building South facing Eastern Side -614013","1.Apparasampettai Peraiyur   (R.V)    Kattakudi(P)   Athithiravidar Street wd-3
2.Apparasampettai Peraiyur(R.V)Kattakudi(P) Countar Street wd-3 3.Apparasampettai Peraiyur (R.V)   Kattakudi(P) Kadu Street wd-3 4.Apparasampettai Peraiyur (R.V)   Kattakudi(P) Utaiyar Street wd-4 5.Apparasampettai Peraiyur (R.V)   Kattakudi(P) Apparasam Pattai wd-5 999 - Overseas Elector",All voters
123,167,123,"Government Higher Secondary
School New Building South Facing Western side Last Room, Peraiyur 614018","1.Peyraiur   (R.V) AND    (P) East Street   wd-1
2.Peyraiur (P) Nadu   Street wd-1
3.Peyraiur   (R.V) AND (P) North Street wd-1
4.Peyraiur   (R.V) AND (P) Athithiravidar Street wd-2",All voters
124,167,124,"Government Higher Secondary
School Terraced Building Eastern Side 10th Class Room   ,
,Peraiyur   614018","1.Peyraiur   (R.V) AND (P) Vantaiyar kudikadu wd-3
2.Peyraiur (R.V) AND   (P) Maniyan Street wd-4
3.Peyraiur (R.V) AND (P) South Street wd-4",All voters
125,167,125,"Panchayat Union Elementary
School, Ovelkudi 614018 RCC New Anganvadi Building,East Facing ,North Side","1. Ovelkudi Peraiyur (R.V) Peraiyur (P) North Street wd-5
2.Ovelkudi Peraiyur (R.V) Peraiyur (P)   Konar Street wd-5
3.Ovelkudi Peraiyur (R.V) Peraiyur (P)   Middle Street wd-5
4.Ovelkudi Peraiyur (R.V) Peraiyur (P) Vettikadu wd-5",All voters
126,167,126,"Vaduvoor Higher Secondary
School, Vaduvoor Agraharam 614019    ,    New Terraced Building       East Wing   South Facing","1.Vaduvur Agraharam (R.V) AND (P) Thanjavur Main Road wd-3
2.Vaduvur Agraharam   (R.V) AND (P) South Sannathi Street wd-3
3.Vaduvur Agraharam (R.V) AND (P) Thattara Street wd-3
4.Vaduvur Agraharam (R.V) AND (P) South Street wd-3
5.Vaduvur Agraharam (P) Kelamanadi Street wd-3
6.Vaduvur Agraharam (R.V) AND (P) Kadai Street wd-3",All voters
127,167,127,"Vaduvoor Higher Secondary
School, Vaduvur Agraharam - 614019    , New Terraced Building Westernwing South Facing","1.Vaduvur Agraharam   (R.V) AND (P) Ambalakara Street wd-2
2.Vaduvur Agraharam (R.V) AND   (P) Purana Street wd-2
3.Vaduvur Agraharam (R.V) AND   (P) Vettan Street wd-2
4.Vaduvur Agraharam (R.V) AND   (P) North Sannathi Street wd-2
5.Vaduvur Agraharam (R.V) AND (P) Hospital Raod wd-2",All voters
128,167,128,"Panchayat Union Elementary
School, Vaduvoor Agraharam 614019    New Terraced Building   South Side","1.Vaduvur Agraharam (R.V) AND (P) North Street wd-1
2.Vaduvur Agraharam (P) Eda Street wd-1
3.Vaduvur Agraharam (R.V) AND (P) South mil Street wd-4
4.Vaduvur Agraharam   (R.V) AND (P) Thelungu Street wd-4
5.Vaduvur Agraharam (R.V) AND (P) South Street wd-4",All voters
129,167,129,"Panchayat Union Elementary
School ,Vaduvoor Puthukottai 614019    ,Northern Side Building mangalore Tild Western WingVaduvoor Puthukottai 614019","1.Vaduvur thenpathi (R.V) AND (P) Adicheri Street wd-1
2.Vaduvur thenpathi (R.V) AND   ( P) West Street   wd-1
3.Vaduvur thenpathi (R.V) AND   (P) North Street wd-2",All voters
130,167,130,"Panchayat Union Elementary
School, Vaduvoor Puthukottai - 614019     Northernside Mangalore Tilled Building, East wing","1.Vaduvur thenpathi   (R.V) AND   ( P) East   Street wd-2
2.Vaduvur thenpathi   (R.V) AND   (P) Uthamkudi Street wd-2
3.Vaduvur thenpathi (R.V) AND   (P) Therkku Natham Street wd-2",All voters
131,167,131,"Panchayat Union Elementary
School Vaduvur Saththanur-614019,Additional RCC Building, Southern Side North Facing","1.Vaduvur thenpathi   (R.V) AND   ( P) South Street wd-8
2.Vaduvur thenpathi   (R.V) AND   (P) East Street wd-8
3.Vaduvur thenpathi   (R.V) AND   (P) North Street wd-9
4.Vaduvur thenpathi (R.V) AND   (P) North Street Athithiravidar Street wd-9
5.Vaduvur thenpathi (R.V) AND   (P) Athithiravidar Street wd-9",All voters
132,167,132,"Panchayat Union Middle School
, Vaduvoor Thenpathi- 614019 Addl   Building   Eastern   side","1.Vaduvur thenpathi (R.V) AND (P) Rasan Street wd-10
2.Vaduvur thenpathi (R.V) AND (P) Balan Street wd-10
3.Vaduvur thenpathi   (R.V) AND (P) South Street wd-10
4.Vaduvur thenpathi (R.V) AND (P) Middle Street wd-11",All voters
133,167,133,"Panchayat Union Middle School,
Vaduvoor Thenpathi -614019 Additional Terraced Building Westernside","1.Vaduvur thenpathi (R.V) AND (P) Devan Street wd--11
2.Vaduvur thenpathi (R.V) AND   (P) Kathaei Amman Kovil Street wd--11
3.Vaduvur thenpathi(R.V) AND   (P) Vadivirayan Street wd-12",All voters
134,167,134,"Government Higher Secondary
School Karuvakuruchi 614018,
R.C.C Building, Science Lab,South Facing   Northern Side Room","1.Karuvakurichi   (R.V) AND (P) North Valaivu wd-1
2.Karuvakurichi   (R.V) AND   (P) North street wd-1 3.Kafuvkuruchi (R.V) AND (P) Muthal Street wd-2 4.Kafuvkuruchi (R.V) AND   (P) Middle Street wd-2 5.Kafuvkuruchi    (R.V) AND (P) Muniyan Street wd-2 6.Kafuvkuruchi   (R.V) AND   (P) Mela Valaivu wd-2",All voters
135,167,135,"Government Higher Secondary
School, Karuvakuruchi 614018
,RCC Building Middle Room,West Facing","1.Karuvakuruchi   (R.V) AND   (P) Pillaiyar koeil Street wd--3
2.Karuvakuruchi (R.V) AND   (P) West Street wd-3 3.Karuvakuruchi (R.V) AND (P) East street wd-3 4.Karuvakuruchi (R.V) AND   (P) South Street wd-4 5.Karuvakuruchi (R.V) AND   (P) Athithiravidar street wd--4",All voters
136,167,136,"Panchayat Union Middle School,
Karuvakuruchi Colony 614018
,Northern Side Terraced Building   West Wing","1.Karuvakuruchi   (R.V) AND   (P) Mukulam Sathanur Karuvakuruchi   colony   wd-1
2.Karuvakuruchi (R.V) AND   (P) Mukulam Tharkasu wd-2",All voters
137,167,137,"Panchayat Union Middle
School,Northern side Terraced Building, West Facing     , Karuvakuruchi Colony 614018",1.Karuvakuruchi (R.V) AND (P) Thalikottai Colony wd-1,All voters
138,167,138,"Panchayat Union Elementary
School   Mukulam Sathanur 614018,RCC Main Building South Facing Western Side","1.Karuvakuruch (R.V) AND (P) Sathanur wd-3
2.Karuvakuruch (R.V) AND (P) Mukulam wd-4",All voters
139,167,139,"Panchayat Union Middle
School,Nallikottai 614018 Terraced Main Building   Middle Portion ,North Facing","1.ThaliKkottai (R.V) AND (P) Nallikottai   wd-1
2.ThaliKkottai (R.V) AND (P) Anna Nagar wd-2
3.ThaliKkottai (R.V) AND (P) Perunthalaivar Kamarajar Nagar wd-1 4.ThaliKkottai (R.V) AND (P) Thiru.V.K.Nagar wd-2",All voters
140,167,140,"Panchayat Union Middle
SchoolTerraced Main Building North Side West face Thalikottai 614018",1.Thalikottai   (R.V) AND (P) East Street wd-1,All voters
141,167,141,"Panchayat Union MiddleSchool
Terraced   Building North face South wing    ,Thalikottai 614018","1.Thalikottai (R.V) AND   (P) West Street wd-2
2.Thalikottai   (R.V) AND   (P) Melathalikottai wd-3",All voters
142,167,142,"Government Higher Secondary
School North side New Building Western wing    , Mahadevapattinam 614018","1.Mahadevapattanam (R.V) Mahadevapattanam (P) Mainroad Ward 1
2.Mahadevapattanam (R.V)Mahadevapattanam (P) Kammala Street Ward 2 3.Mahadevapattanam(R.V)Mahadevapattanam(P)Ellaiyamman Kovil Street ward 1 4.Mahadevapattanam (R.V)   Mahadevapattanam (P) Keelavadi   Street Ward 2 5.Mahadevapattanam (R.V)   Mahadevapattanam (P) Thanchirayar   Street Ward 2",All voters
143,167,143,"Government Higher Secondary
School   New Building Eastern Side Western wing
,Mahadevapattinam 614018","1.Mahadevapattanam(R.V)Mahadevapattanam (P) Ambalakara Street ward 1
2.Mahadevapattanam (R.V)Mahadevapattanam (P) North Street ward 1 3.Mahadevapattanam (R.V)Mahadevapattanam (P) Vellala Street Ward 1 4.Mahadevapattanam (R.V)Mahadevapattanam (P) Vandaiyar Street Ward 2",All voters
144,167,144,"Government Higher Secondary
School   Additional Building, Westernside South Facing    , Mahadevapattinam 614018","1.Mahadevapattanam 1(R.V) Mahadevapattanam (P) Pettai Mainroad Ward 2
2.Mahadevapattanam1(R.V)Mahadevapattanam (P)SouthSeetharam Ward 2 3.Mahadevapattanam 2(R.V)Mahadevapattanam(P) North Seetharam Ward 2 4.Mahadevapattanam 2(R.V) Mahadevapattanam (P) Mela Street Ward 2 999 - Overseas Elector",All voters
145,167,145,"Government Higher Secondary
School    Mahadevapattinam 614018       ,New Building South facing, Eastern Side, East wing Mahadevapattinam 614018","1.Mahadevapattanam 2 (R.V) Mahadevapattanam (P) Andonyar Kovil Street
Ward 3
2.Mahadevapattanam1(R.V)Mahadevapattanam(P) Sebasthiyar Kovil Street Ward 3
3.Mahadevapattanam1(R.V)Mahadevapattanam (P) Keelapettai Ward 3 4.Mahadevapattanam 1 (R.V) Mahadevapattanam (P) Nayakar street Ward 3 999 - Overseas Elector",All voters
146,167,146,"Government Higher Secondary
School Mahadevapattinam 614018        ,Additional RCC Building Western Side Last Room","1.Mahadevapattanam 1 (R.V) Mahadevapattanam (P) Kandiyar Street Ward 3
2.Mahadevapattanam 1 (R.V) Mahadevapattanam (P) Kaller Street Ward 3 3.Mahadevapattanam 2 (R.V) Mahadevapattanam (P) Mariammal Kovil Street Ward 4
4.Mahadevapattanam 2(R.V)Mahadevapattanam(P) Throwpathiamman Kovil Street Ward 4
5.Mahadevapattanam 2 (R.V) Mahadevapattanam (P) Singarathottam (Kottai) Ward 4
6.Mahadevapattanam 1 (R.V) Mahadevapattanam (P) Melapettai Ward 4 7.Mahadevapattanam 1 (R.V) Mahadevapattanam (P) Kandithoppu Ward 4 8.Mahadevapattanam 1 (R.V) Mahadevapattanam (P) Ambalakara Street Thalikottai Ward 4
9.Mahadevapattanam 1 (R.V) Mahadevapattanam (P)anasakeef Thottam Harijana Street Ward 4                                                                                                     999 -
Overseas Elector",All voters
147,167,147,"Panchayat Union Middle School
New building Eastern side South Wing    , Melanemmeli 614018","1.Nemmeli (R.V) and (P) North Street Ward 1
2.Mela Nemmeli (R.V) and (P) KeelaNemmeli   Ward 3",All voters
148,167,148,"Panchayat Union Middle School
Melanemmeli 614018       ,New Building Northern Side",1.Nemmeli (R.V)and (P) South Street Ward 2,All voters
149,167,149,"Panchayat Union Middle
School, ,Melathirupalakudi 614018 Southern Side, East Facing ,North wing","1.Thiruppalakudi 1 (R.V)Melathiruppalakudi (P) North Street ward 1
2.Thiruppalakudi   (R.V)Melathiruppalakudi (P) North Street Ward 2 3.Thiruppalakudi 1(R.V)Melathiruppalakudi (P) North Street Ward 3",All voters
150,167,150,"Panchayat Union Middle   School
Northern Side Terraced Building East Facing
,Melathirupalakudi 614018","1.Thiruppalakudi 1(R.V) Melathiruppalakudi (P)South Street Ward 3
2.Thiruppalakudi 1(R.V)Melathiruppalakudi (P) South street Ward 4           999
- Overseas Elector",All voters
151,167,151,"Thiruvalluvar   Government
Higher Secondary School Alankottai 614018        ,Main Building Room No.3 South Facing","1.Keelathiruppalakudi Panchayat Alankottai Athikottai Adidravidar Colony Ward
2.Keelathiruppalakudi Panchayat Alankottai Annanagar Ward2 1 3.Thirupalakudi (R.V)Keelathiruppalakudi(P)Alankottai MelaStreet ward 1 2 4.Thiruppalakudi 1 (R.V) Keelathiruppalakudi (P) Alankottai Thiruvalluvar Nagar Ward 2 3
5.Thiruppalakudi (R.V) Keelathiruppalakudi (P) Alankottai Aattrankarai Street Ward 2",All voters
152,167,152,"Thiruvalluvar   Government
Higher Secondary School Alankottai 614018        ,New Southernside Building Room No:10","1.Keelathiruppalakudi Panchayat Alankottai North Street Keela Street Ward 1
2.Keelathiruppalakudi Panchayat Alankottai South Street Ward 2",All voters
153,167,153,"Panchayat Union Elementary
School,Alangottai, East Side Building North Facing","1.Thiruppalakudi 3 (R.V)
Keelathiruppalakudi (P) Rastha Road Mainroad Ward 3",All voters
154,167,154,"Panchayat Union Elementary
School New   Building North Facing    , Keelathirupalakudi 614018","1.Thirupplakudi3(R.V)Keelathiruppalakudi(P)Keelathiruppalakudi Ward 3 4    999 -
Overseas Elector",All voters
155,167,155,"Panchayat Union Middle School,
Neduvakkottai-614001 Additional Building West Facing, Northern Side","1.Neduvakottai (R.V) and (P) North Street Ward 1
2.Neduvakottai (R.V) and (P) South Street ward 1 2                                         999 -
Overseas Elector",All voters
156,167,156,"Panchayat Union Middle School
Neduvakottai 614001 Western Side Additional Building Facing East","1.Neduvakottai (R.V) and (P) MelaStreet Ward 1
999 - Overseas Elector",All voters
157,167,157,"Panchayat Union Middle School
Neduvakottai 614001        New Building ,West Facing, Northern wing","1.Neduvakottai (R.V) and   (P) Keela Street ward 3
2.Neduvakottai (R.V) and (P) Vaduvur Salai Omsakthi Nagar Ward 3 3.Neduvakottai (R.V) and (P) Ambethkar Nagar Ward 3
999 - Overseas Elector",All voters
158,167,158,"Panchayat Union Elementary
School Melanagai 614001 North Facing       Eastern side","1.Neduvakottai (R.V) and (P) Keelanagai Ward 4
2.Neduvakottai (R.V) and (P) Melanagai Ward 5",All voters
159,167,159,"Mannargudi Municipality Jaina
street Elementary School, Mannargudi 614001,    RCC Building South Facing","1.Mannargudi   (M) Maligaimedu Ward 1
2.Mannargudi   (M) Maligaimedu Colony Ward1",All voters
160,167,160,"Mannargudi Municipality Jaina
street Elementary School, Mannargudi 614001,    RCC Building North facing","1.Mannargudi(M) Melavizhalkara Street ward 1
2.Mannargudi(M) Keelavilakara Street ward 1 3.Mannargudi (R.V) and(M) Ramanathan Street ward 1",All voters
161,167,161,"Mannargudi Municipality Jaina
street Elementary School, Mannargudi 614001   New Building South Facing, Eastern Side","1.Mannargudi   (M) Mela Jaina Street Ward 2
2.Mannargudi   (M) Keela Jaina Street ward 2 3.Mannargudi (R.V) and (M) Jaina Sannathi Street Ward 2 4.Mannargudi (R.V) and (M) Kusavan Street Ward 2 5.Mannargudi (R.V) and (M) Ambalakarath Street Ward 2 5.Mannargudi (R.V) and (M)Moovanallur Road Ward 2",All voters
162,167,162,"St.Joseph   High School.
Uppukkara street , Mannargudi 614001   RCC Building, East Facing","1.Mannargudi   (P) Harithiranathi West Ward 3
2.Mannargudi (R.V) and(M) Nidamangalam Road Ward 3                                 999-
Overseas Elector",All voters
163,167,163,"St.Joseph   High School.
Uppukkara street , Mannargudi 614001   RCC Building, North facing Last Room","1.Mannargudi   (P) Harithiranathi Street North ward 3
2.Mannargudi (M) Harithiranathi East Ward 3",All voters
164,167,164,"St. Joseph High school,
Mannargudi ,    Additional Building South Side South Wing,East Facing","1.Mannargudi (M), Uppukkara Street Mariamman Kovil South Side Ward 4",All voters
165,167,165,"St, Joseph Elementary School ,
Mannargudi
East Wing West Side","1.Mannargudi (M), Uppukkara Street Mariamman Kovil North Side Ward 4",All voters
166,167,166,"St.Joseph Elementary School
Mannargudi 614001    ,Main Building,Northern Side,South Facing",1.Mannargudi   (M) Piruthavanam Nagar Ward 4,All voters
167,167,167,"St.Joseph Elementry School.
Mannargudi - 614001 Main Building     South Part North Face","1.Mannargudi Municipal Annavasal Seniyath Street Ward-4
2.Mannargudi (M) Ragavan Street Ward 4",All voters
168,167,168,"Municipal Jeyankondanathar
Elementry   School Mannargudi 614001.     Main Building North Portion
West Facing","1.Mannargudi(M) Karthanathapuram
2.Mannargudi(M) Jayakondanathar West 3.Mannargudi(M) Jayakondanathar North
4.Mannargudi (M) Jayakondanathar East                                                                999 -
Overseas Elector",All voters
169,167,169,"Municipal Jeyankondanathar
Elementry   School Mannargudi 614001. Main Building South Portion
West Facing","1.Mannargudi (M) Jayakondanathar South
2.Mannargudi (M) Senbaga Rice Mill Road 3.Mannargudi (M) Ramanujam street",All voters
170,167,170,"Jayankondhanathar   Municipal
Primary   School, Mannargudi 614001    , South Portion   Main Building Mannargudi","1. Mannargudi   (M) Railway Colony
2. Mannargudi   (M) Pattkara Street",All voters
171,167,171,"Municipal   Jayankondanathar
Primary School, North side Building","1.Mannargudi   (M) Gandhiroad
2. Mannargudi   (M) Mannai Nagar Ward 5",All voters
172,167,172,"Sri Bharathi Vidhyalaya High
School K.S.S Street 614001. Aluminiyam   Sheet Building North Facing","1.Mannargudi (M), Tiruvarur Road
2.Kailasanatharkovil (R.V) Ramapuram (P), Kailasanathar Kovil Sannathi Street
3.Kailasanatharkovil (R.V) Ramapuram (P), Mettupaliyam Street 4.Kailasanatharkovil (R.V) Ramapuram (P), Mettupaliyam Adidravidar Street",All voters
173,167,173,"Sri Bharathi Vidhyalaya High
School K.S.S Street 614001. Aluminiyam   Sheet Building South Facing Western   Side Room","1.Mannargudi (M), Thoppu Street
2.Kailasanatharkovil (R.V) Ramapuram (P), Mothilal Street 3.Kailasanatharkovil (R.V) Ramapuram (P), Kailasanathar Adidravidar Street
4.Mudhal Sethi (R.V) , Mannargudi (M), Mudhal Sethi Keela Palla Street
5.Mudhal Sethi (R.V), Mannargudi (N), Mudhal Sethi Mela Palla Street 6.Mannargudi (M), A16 th Street
7.Kailasanatharkovil (R.V) Ramapuram (P), AngalammanKovil Street",All voters
174,167,174,"Municipal Rajampalayam Middle
School , Mannargudi 614001
,South Side Building,North Wing,West Facing","1.Mannargudi   (M) Akkarai Senkuthar Keela Street Ward 7
2.Mannargudi   (M) Tiruvarur Road Ward 7
3.Mannargudi (M)l Kailasanathar Sannathi street Ward 7",All voters
175,167,175,"Municipal Rajam Palayam
Middle School, Mannargudi 614001.        RCC Building Eastern Side   West Face","1.Mariyamman Kovil Middle Street Ward 7
2.Mariyamman Kovil NorthStreet   Ward 7 4.Natarajan KeelaStreet   Ward 7",All voters
176,167,176,"Municipal Rajam Palayam
Middle School Mannargudi 614001.   New RCC Building South Facing Western Side","1. Mannargudi   (M) Udaiyar Street
2.Mannargudi (M) Kasalakara Street 3.Mannargudi   (M) Keelmel vaniya Street 4.Mannargudi   (M) Thenvadal VaniyaStreet 5.Mannargudi   (M) Keelapalam
6.Asesham Mannargudi   (M) Mandhakara 2nd Street 7.Mannargudi   (M)Mandhakar Middle Street 8.Mannargudi   (M)Thenvadal Rajampalayam Street 9.Mannargudi   (M)Mandhakara 3rd Street.",All voters
177,167,177,"Municipal Rajampalayam Middle
School, New Building Northernwing     ,Mannargudi-614001","1.Mannargudi   (M) Thiruthuraipoondi Road
2.Mannargudi   (M) Keelmel Rajampalaiyam Street",All voters
178,167,178,"Prakasam Aided Elementary
School, New Street (KSS Street), Mannargudi. Main Building South Facing   Western Side","1.Mannargudi   (M) KSS Street Ward 9
2.Mannargudi   (M) Keela Mudhal Street Ward 9",All voters
179,167,179,"Prakasam Aided Elementary
School, New Street (KSS Street), Mannargudi. Main Building South Facing   Eastern Side","1. Asesham (R.V) , Mannargudi (M), Keela Second Street Ward 9                    2.
Asesham (R.V) , Mannargudi   (M), Keela Third Street Ward 9       3.Asesham (R.V) ,Mannargudi   (M), Nallankuttai West Ward 9",All voters
180,167,180,"Sri Ganapathi vilas Aided
Elementry School,Mannargudi 614001     New Building South Part West Face","1. Mannargudi   (M) Keela Othai Street Ward10
2.Mannargudi   (M) Naduvaniyar Street Ward10 3.Mannargudi and (M)Keelaperiya Sengunthar street",All voters
181,167,181,"Sri Ganapathi vilas Aided
Elementry School, Mannargudi 614001     New Building North Part West Face","1.Mannargudi Municipal VPN Street Ward-10
2.Mannargudi (M) Valiyankara street Ward 10 3.Mannargudi (M) Paakupettai Street 4.Mannargudi (M) Keela Raja Veedhi",All voters
182,167,182,"Keela Raja Veedhi Elementry
School, Kuttaikarai Street Mannargudi -614001,       New Building
East Facing South Room","1.Mannargudi Municipal KeelaPadmasalavar Street Ward 1
2. Mannargudi Municipal Vaduka Street.                                                               999 -
Overseas Elector",All voters
183,167,183,"Keela Raja Veedhi Elementry
School, Kuttaikarai Street Mannargudi -614001, Northern side New   Building South Facing","1.Mannargudi Municipal Krishanan Street Ward 11
2.Mannargudi Municipal Kuttaikarai Street Ward 11 3.Mannargudi Municipal Sanjirayan Kovil Street Ward 11 4.Mannargudi Municipal Kailasanathar Kovil Mela Madavelakam",All voters
184,167,184,"Manimegalai Middle School ,
Mannargudi 614001   Tiled Building East Face
Middle Room","1.Mannargudi Municipal GandhiRoad   Ward-12
2.Mannargudi Municipal Thenvadal Kakeethapattrai Street Ward-12 3.Mannargudi Municipal Keelamel Kakeethapattrai StreetWard-12",All voters
185,167,185,"Manimegalai Middle School ,
Mannargudi 614001   South side Tiled Building East Facing","1.Mannargudi Municipal Thiruparkadal Street Ward-12
2.Mannargudi Municipal Sadagopan street
3.Kurukku Padamasalavar street
4.Kurukku Thiruparkadal Street.",All voters
186,167,186,"Ashoka Sisuvikar Matriculation
School, Mannargudi - 614001 RCC Building   South Facing East Room NO.1","1.Mannargudi Municipal Vanakara Street
2.Mannargudi Municipal 30 Vadhu Street   (Mela Padma salavar Street)",All voters
187,167,187,"Ashoka Sisuvikar Matriculation
School, Mannargudi - 614001 RCC Building   South Facing East Room No.2","1.Mannargudi Municipal AnumarKovil Street
2.Mannargudi Municipal Siyamala Devi Street
3.Mannargudi Municipal Keelarajaveedhi                                                             999 -
Overseas Elector",All voters
188,167,188,"National Primary School,
Mannargudi -614001, Tiled Building West Facing Northern Side Room","1.Mannargudi (M) Mela Mudhal Street Ward-14
2.Asesham (R.V) ,Mannargudi (M), Mela Othai Street Ward-14",All voters
189,167,189,"National Primary School,
Mannargudi -614001, Tiled Building West Facing Southern Side Room","1.Mannargudi Municipal Gandhi Road Ward-14
2. Mannargudi (M) Hospital Road Ward 14  3.Mannargudi Municipal Singaravel street Ward-14 4.Mannargudi Municipal, Kasukara Street Ward 14 5.Mannargudi Municipal, Melasenguthar Street Ward-14",All voters
190,167,190,"Findlay H.S.School, Mannargudi
614001    , Western Mani Building Room No.11","1.   Mannargudi (M) Mela Second Street Ward 15
2.Mannargudi Municipal Mela Third Street Ward15",All voters
191,167,191,"Findlay   Higher Secondary
School, Mannargudi - 614001 RCC Building North Facing","1.Mannargudi (M) Mela Nangam Street Ward 15
2. Mannargudi (M) South Sengunthar Street Ward 15
3. Mannargudi (M) Sanjeevi Street Ward 15.",All voters
192,167,192,"St Joseph Girls Higher
Secondary School, Mannargudi-614001 Main Building Eastern Side South Facing","1. Mannargudi (M) Kamatchiammankovil Street Ward 16
2.Mannargudi Municipal Kurukku Kasangukara Street Ward 16 3.Mannargudi Municipal Balakrishana Nagar Saradha Nagar   Ward 16 4.Mannargudi Municipal Saradha Nagar Ward-16",All voters
193,167,193,"St.Joesph   Girls Higher Sec.
School, Mannargudi 614001    , Main Building Western Portion Room No.10","1 - Asesham (R.V) ,Mannargudi (M), Palaiya Thanjavur Road Ward 16       2 -
Mannargudi Municipal, Gopiralayam Eda Street Ward-16                            3 -
Asesham (R.V), Mannargudi (R.V), Kaliammankovil Street Ward 16",All voters
194,167,194,"Model Middle School,
Mannargudi - 614001       Gandhi Road RCC Building       West Facing Southern Side","1.Mannargudi Municipal Periya Vishwapramana Veedhi Ward-18
2.Mannargudi Municipal Viswanathan Street Ward-17 3.Mannargudi Municipal Thenvadal Sathara Street Ward 17 4.Mannargudi Municipal Mahamariammankovil Street Ward-17 5.Mannargudi Municipal Keel Mel Sadhara Street
6.Periya Kadai Street
7.Post Office Santhu
8.Mashthan Palli Street",All voters
195,167,195,"Municipal Model Middle School,
New Main Building, sourthern side     ,Mannargudi 614001","1.Mannargudi Municipal Periya Pallivasal Street Ward-18
2.Mannargudi Municipal Kamaliya Street ward-18
3.Asesham (R.V) Mannargudi Municipal Vazhaipazha Street   Ward 17 4.Mannargudi Municipal Azad Street Ward 18",All voters
196,167,196,"Manimegalai Middle School,
Mannargudi -614001   Additional Tiled Building North Facing","1.Mannargudi Municipal Thamaraikulam West Ward-19
2.Mannargudi Municipal Thamaraikulam North Ward-19
3.Mannargudi Municipal Sekkeliyar Palaiyam (32vadhu Street) ward 19 999 - Overseas Elector",All voters
197,167,197,"Manimegalai Middle School,
Mannargudi -614001   Additional Tiled Building South Facing",1.Mannargudi Municipal Arucikadai Sandhu Ward-19,All voters
198,167,198,"St Joseph High School
Uppukkara Street, Mannargudi - 614001        RCC Building North Facing",1.Mannappan Street   Ward 20,All voters
199,167,199,"St Joseph High School
Uppukkara Street, Mannargudi - 614001        South side RCC Building North Facing last Room",1.Mannargudi Municipal Keelavadambokki Street Ward 20,All voters
200,167,200,"Western Primary   School
Mannargudi 614001 Main Building","1.Mannargudi Municipal Paraungusam Street Ward-21
2.Mannargudi Municipal Melarajaveedhi Ward-21 3.Mannargudi Municipal Natesan Street Ward-21 4.Mannargudi Municipal Vinobaji Street Ward-21",All voters
201,167,201,"St Joseph High School
Uppukkara Street, Mannargudi - 614001   RCC Building North Facing","1.Annavasal Street
2.Thirumanjana veedhi
3. Harithiranathi South
4. Mumoorthy Vinayagar Koil st
5. Gopalasamudram Vadakku street
6. Rajagopala Sami sannathi street
7. Gopalasamudram East",All voters
202,167,202,"Municipal Gopalasamuthram
Middle School,M G R Nagar Mannargudi 614001   Main Building Room No .2","1.Mannargudi Municipal Gopalasamuthuram South Ward 23
2.Mannargudi Municipal South Gopuravasal Ward-23 3.Mannargudi Municipal Sanguthirutham North Ward 23 .",All voters
203,167,203,"Municipal Gopalasamudram
Middle School, Mannargudi - 614001 – East Wing West Facing","1 - Mannargudi Municipal, Rukkumanipaliyam Nadu Street Ward 23           2 -
Mannargudi Municipal, Sangu Thirutham East Ward-23                               3 -
Mannargudi Municipal, Sangu Thirutham West Ward 23                             4 -
Mannargudi Municipal, M.G.R Nagar Ward 23                                                        5 -
Mannargudi Municipal, Kamal Nagar Ward-23",All voters
204,167,204,"Municipal Co-Operative Urban
Bank Higher Secondary School, Mannargudi. South Facing.","1.Mannargudi Municipal Gopalasamuthuram North
2.Mannargudi Municipal Andora Street 3.Mannargudi Municipal Ramanathan Street",All voters
205,167,205,"Municipal   Co-Operative   Urban
Bank Higher Secondary School, Mannargudi. South Facing.","1.Mannargudi Municipal Ayyanar Kovil Street
2.Mannargudi Municipal Mummoorthy Vinagayar Kovil Street",All voters
206,167,206,"Municipal    Co- Operative Urban
Bank Elementry School, Mannargudi-614001 Additional Building   Northern Side    West Facing","1.Mannargudi Municipal Gopalasamuthuram West Ward 25
2.Mannargudi Municipal North Vadambooki Street Ward 25 3.Mannargudi Municipal Kanakan Street Ward 25
4.Mannargudi Municipal Melagopuravasal Ward 25                                         999 -
Overseas Elector",All voters
207,167,207,"Municipal Co-operative Urban
Bank Elementary School, Addl Building Room No 10
,Mannargudi   614001","1.Mannargudi Municipal Kunoji Rajampalaiyam Street Ward 25
2.Mannargudi Municipal Adinayakkan Palaiyam Street Ward 25 3.Mannargudi Municipal Anumarkovil Sandhu",All voters
208,167,208,"SBA Matriculation School,
Vadaseri Road, Mannargudi - 614001 Northern Side Building South Facing","1.Mannargudi Municipal                                                                                     Annamalai
Nathar Sannathi Street   East Ward 26",All voters
209,167,209,"SBA Matriculation School,
Vadaseri Road, Mannargudi - 614001 Northern Side Building South Facing Last Room","1.Mannargudi Municipal                                                                        AnnamalaiNathar
Sannathi Street   West Ward 26.",All voters
210,167,210,"SBA   Matriculation School,
Vadachery Road Mannargudi - 614001
North Wing South Facing","1.Annamalainathar Chetty   street
2.Gajendramoksham Vadakku   West",All voters
211,167,211,"SBA Matriculation School,
Vadaseri Road, Mannargudi - 614001   RCC Building South Facing   West Part","1.Mannargudi Municipal Vadacheri Road (Vaduvur Road) Ward   26
2.Mannargudi Municipal Vaduvur Road Ward 26.",All voters
212,167,212,"SBA   Matriculation School,
Vadachery Road, Mannargudi - 614 001
North Wing west Facing","1. Mannargudi Municipal, Annamalai Nathan Adidravidar Street Ward-26
2. Mannargudi Municipal, EB Nagar (Vaduvur Road) Ward 26
3. Mannargudi Municipal, Kamaraj Nagar Vaduvur Road Ward 26",All voters
213,167,213,"Municipal   Pentland Model
Primary School Mannargudi 614001    ,   New RCC Building South Wing","1.Mannargudi Municipal Mettu Street Ward 27
2.Mannargudi Municipal Kathaiyeeamman Kovil Street ward 27 3.Mannargudi Municipal Veeravanniyar Street Ward 27",All voters
214,167,214,"Municipal   Pentland Model
Primary School New RCC Building North Wing
,Mannargudi 614001","1.Mannargudi Municipal kalikowdan Street Ward 27
2.Mannargudi Municipal Pandara Street Ward 27 3.Mannargudi Municipal Melavadambooki Street Ward 27",All voters
215,167,215,"Government Girls Higher
Secondary School,   Jeeyar Thoppu, Mannargudi- 614001 East Facing   New Building","1.Mannargudi (M) K.K.Nagar Ward 28
2.Mannargudi Municipal Natarajan Mela Street Ward 28",All voters
216,167,216,"Government Girls Higher
Secondary School, Mannargudi
,New Building, Eastern Facing Room No.31",1.Mannargudi Municipal Natarajan Mela Street Ward 28,All voters
217,167,217,"Sri Bharathidhasan Matric
Higher Secondary School, By Pass Road,
Mannargudi - 614 001     Main Building                       East FacingFacing (Left side Room No:40)","1. Gopiralayam Bye pass Road-ward 29
2.New Housing Unit -ward 29
3. New Housing Unit   Block-B   -ward 29",All voters
218,167,218,"Sri Bharathidhasan Matric
Higher Secondary School, By Pass Road,
Mannargudi - 614 001    Main Building                     West Facing(Right Side Room No: 41 )","1.Gopiralayam Road -ward 29   New Housing Unit
2. New Housing Unit   Block-D -ward 29
3. New Housing Unit   Block-E -ward 29
4. Municipal Gopiralayam Road Municipal Colony",All voters
219,167,219,"Sri Bharathi dhasan Matric
Higher Secondary School, By Pass Road,
Mannargudi- 614 001    Main Building                   East FacingFacing (Right side Room No:39)",1.Mannargudi Municipal Gopiralayam Road Ward 29,All voters
220,167,220,"Sri Bharathi dhasan Matric
Higher Secondary School, By Pass Road,
Mannargudi- 614 001    Main Building                     West FacingFacing (Left Side Room No: 42)","1.Mannargudi Municipal Gopiralayam Road Modern Nagar Ward 29
2.Mannargudi Municipal Keelmel Rukkumanipaliyam Road Ward29",All voters
221,167,221,"St. Joseph Matriculation School,
Mannargudi - 614001     RCC Main   Building   West Facing","1.Mannargudi Municipal Govt.Officer Housing Unit A-Block Ward 30
2.Mannargudi Municipal Govt. Officer Housing Unit B-Block    Ward-30 3.Mannargudi Municipal Govt. Officer Housing   Unit C-Block    Ward -30 4.Mannargudi (M) Govt. Officer Housing   Unit D-Block
5.Mannargudi Municipal Periya Adi   Deravidar Street.",All voters
222,167,222,This is not a Polling Station,,
223,167,223,"St. Joseph matriculation School,
R.K Palayam, Mannargudi 614001         Main Building South Facing       East Side",1. Mannargudi (M) Pookkollai Road Ward 30   By-Pass Road.,All voters
224,167,224,"St. Joseph Matriculation School,
Mannargudi
West Facing North Side","1 - Asesham (R.V) Mannargudi (M), Pookkollai Road Ward 30 By Pass Road So",All voters
225,167,225,"Findlay Higher Secondary
School, Mannargudi -614001 Main Building West Facing North Wing",1.Mannargudi Municipal Guzhanthaivel Street ward 31,All voters
226,167,226,"Findlay Higher Secondary
School, Mannargudi -614001 North Side Building East Facing",1. Mannargudi (M) New Byebass Road Ward 31,All voters
227,167,227,"Findlay Higher Secondary
School, Mannargudi -614001 North side Building North Facing","1.Mannargudi Municipal Seventh Street Ward 31
2.Mannargudi (M) Maluppan Street ward 31",All voters
228,167,228,"Findlay Higher Secondary
School, Mannargudi -614001 North side Building West Facing",1.Mannargudi (M) Kanapadikal Street Ward 31,All voters
229,167,229,"Findlay Higher Secondary
School , Mannargudi - 614001 Southern Side Building North Facing",1. Mannargudi (M) VOC Road Ward 32   Aruna Nagar East Side,All voters
230,167,230,"Findlay Higher Secondary
School , VOC Road, Mannargudi
- 614001 RCC Building   North Facing","1.Mannargudi (M) VOC Road Ward 32 Aruna Nagar West Side                    999 -
Overseas Elector",All voters
231,167,231,"Findlay Higher Secondary
School,    Main Building Room No.21    ,            Mannargudi 61400","1. Mannargudi (M) R.P Sivam Nagar Ward 32
2. Mannargudi (M) Thotty line Ward 32",All voters
232,167,232,"Findlay Higher Secondary
School , Mannargudi - 614001 Northern Side RCC Building West Facing","1.Asesham (R.V) ,Mannargudi (M), Rajan Thoppu Deppo Road Ward 32
2.Mannargudi Municipal, Kondachavadi Ward 32
3.Asesham (R.V) Mannargudi (M), Deppo Road Ward 32",All voters
233,167,233,"Regional Office TANFED 10
Thenvadal 6th Street, Mannargudi -614001 Main Building North Facing","1.Mannargudi (M) Kanambal   Street Ward 33
2. Mannargudi (M) Keelmel Sixth Street Ward 33
3. Mannargudi (M) Keela Forth Street Ward 33
4. Mannargudi (M) Ravanan Kuttai South Ward 33",All voters
234,167,234,"Regional Office TANFED 10
Thenvadal 6th Street   Road, Mananrgudi - 614001 Main Building           West Facing","1.Mannargudi Municipal Thenvadal Sixth Street Ward 33
2.Mannargudi (M) Meenatchiamman Kovil west Ward 33
3. Mannargudi (M) Meenatchiamman Kovil North Ward 33
4. Mannargudi (M) Meenatchiammankovil South Ward                                999 -
Overseas Elector",All voters
235,167,235,"Panchayat Union Elementary
School, Vanjiyur In Ramapuram 614 014    ,Annacture Building","1.Ramapuram (R.V) and (P) Vanjiyur Ward 1
2.Ramapuram (R.V) and (P) Nagarajapuram Ward 2 3.Ramapuram   (R.V) and (P) Vadakattali Ward 3 999 - Overseas Elector",All voters
236,167,236,"Panchayat Union Elementary
School, Thundakkattalai - 614 014
RCC Building North Facing","1.Kailasanatharkovil (R.V) Ramapuram (P) Dhundakattali Ward 3
2.Kailasanatharkovil (R.V) Ramapuram (P) Kunamadai Ward 3 3.Ramapuram (R.V) and (P) Mannargudi Ramapuram",All voters
237,167,237,"Panchayat Union Elementary
School Kasankulam 614016 North facing building western wing (Southside main road)","1.Mudhalsethi(R.V)MoonamSethi (P MudhalSethi Harijana Street Rettaipuli-
ward 3
2.MoonamSethi (R.V) and (P), Kasankulam Harijana Street Ward 1 3.Mudhalsethi (R.V) , MoonamSethi (P), Mottaiyan Harijana street Ward 1",All voters
238,167,238,"Panchayat Union Elementary
School, Moonam Sethi, 614016 Additional   Building Eastern side
West facing","1.Mudhalsethi (R.V)   MoonamSethi (P) Thiruvalluvar Street Ward 2
2.MoonamSethi (R.V)and (P)Kamachikulam Keela HarijanaStreet Ward 2 3.MoonamSethi (R.V) and (P) Kamachikulam MelaHarijana Street ward 2",All voters
239,167,239,"Panchayat Union Elementary
School Serankulam 614016
,New Addl Building Western wing","1.Serankulam (R.V) and (P) Thazhakattu Street ward   1
2.Serankulam (R.V) and (P) Thaskandu nagar Ward 1 3.Serankulam (R.V) and (P) Jeeva Nagar Ward 1 4.Serankulam (R.V) and (P) Pudhu Road Ward 1 5.Serankulam (R.V) and ( P) Vellala Street Ward 2",All voters
240,167,240,"Panchayat Union Elementary
School Serankulam 614016
,New Addl Building Eastern wing","1.Serankulam (R.V) and (P) A1vdu North Street Ward 1
2.Serankulam (R.V) and (P) A2nd North Street Ward2 3.Serankulam (R.V) and (P) Maliyaman Street Ward 2 4.Serankulam (R.V) and (P) Sivankovil Street ward 2 5.Serankulam (R.V) and (P) Kadaivasal Street Ward 2 6.Serankulam (R.V) and (P) North Harijana Street Ward 2",All voters
241,167,241,"Government   Higher Secondary
School, Serankulam 614016 Southern side Building, North facing, Middle room","1.Serankulam (R.V) and ( P) South Street Ward 3
2.Serankulam (R.V) and (P) Nadar Street Ward 3 3.Serankulam (R.V) and (P) South Harijana Street Ward 3 4.Serankulam (R.V) and (P) Agraharam Mela Street ward 3 5.Serankulam (R.V) and (P) Muthupettai Road Ward 3 6.Serankulam (R.V) and ( P) North Mada vizham Ward 3 7.Serankulam (R.V) and (P) South Mada Vizham Ward 3 8.Serankulam (R.V) and (P) Agraharam Keela Street Ward 3 9.Serankulam (R.V) and (P) Velar Street ward 3",All voters
242,167,242,"Panchayat Union Elementary
School, Nalamsethi-614016, Main Building West Facing North wing","1.Nalamsethi (R.V) Serankulam ( P) Karambai Ward 3
2.Nalamsethi (R.V) Serankulam (P) Kuchipalaya Street Ward 4 3.Nalamsethi (R.V) Serankulam (P) Kotturan Street Ward 4 4.Nalamsethi (R.V) Serankulam (P) Mattukaran Street Ward 4 5.Nalamsethi (R.V) Serankulam (P) Iyamperumal Street Ward 4 6.Nalamsethi (R.V)Serankulam ( P) Manavalan Street Ward 4 7.Nalamsethi (R.V) Serankulam (P) Nemmeli Road Ward 4",All voters
243,167,243,"Panchayat Union Middle School
Nemmeli 614016            RCC Building            West Side East Facing","1.Nemmeli (R.V) and (P) Kudiyana Street ward 1
2.Nemmeli (R.V) and (P) Nettikulam Street Ward 2
3.Nemmeli (R.V) and (P) Thiruvasal Karai Street ward 2
4.Nemmeli (R.V) and (P) Jeeva Street ward 3
5.Nemmeli (R.V) and (P) Anna nagar Ward 3",All voters
244,167,244,"Panchayat Union Elementary
School,Cheri-614717,Mainbuilding Northernside West Facing","1.Cheri (R.V) and (P) Keelacheri kudiyana street ward-1
2.Cheri (R.V) and (P) Mainroad Ward-1
3.Cheri (R.V) and (P) Mainroad Jeeva Street Ward-1
4.Cheri (R.V) and (P) Melacheri Kaliyamman Kovil street Ward-2
5.Cheri (R.V) and (P) Melacheri Adi-Dravidar Street Ward-2
6.Cheri (R.V) and (P) Aalamarathadi Adi-Dravidar Street Ward-2",All voters
245,167,245,"Panchayat Union Elementary
School,Cheri -   614717
,Mainbuilding Southern side West Facing","1.Cheri (R.V) and (P) Keelakandamangalam Kudiyana Street Ward-3
2.Cheri (R.V) and (P) Keelakandamangalam Adi-Dravidar Street Ward-3
3.Cheri (R.V)and(P) Keelakandamangalam Mela Adi-Dravidar Street Ward-3
4.Cheri (R.V) and (P) Keelakandamangalam Keela Adi-Dravidar St. Ward-3
5.Cheri (R.V) and (P) Melakandamangalam North Street Ward-4
6.Cheri (R.V) and (P) Melakandamangalam Colony Street Ward-4
7.Cheri (R.V)and(P)Melakandamangalam Mela North Street Ward-4
8.Cheri (R.V) and (P) Mela Middle Street ward-4
9.Cheri (R.V)and (P)Melakandamangalam Attrangarai Street Ward-4
10.Cheri (R.V) and (P) Melakandamangalam Agraharam ward-4",All voters
246,167,246,"Panchayat Union Middle School,
Vadapathi-614016 Southern Side            Main Building","1.Vadapathi (R.V) and (P) Kudiyana Street Ward 1
2.Vadapathi (R.V) and (P) North Street Ward 2 3.Vadapathi (R.V) and (P) Nadu Street Ward 3 4.Vadapathi (R.V) and (P) Vandikottakam Ward 6",All voters
247,167,247,"Panchayat Union Middle School
Vadapathi - 614016   ,Main building Northern Side, Facing West","1.Vadapathi (R.V) and (P) South Colony Street Ward 3 4
2.Vadapathi (R.V) and (P) Melavadapathi MelaStreet ward 5",All voters
248,167,248,"Panchayat Union Middle School
Maravakadu - 614016
,Easternside New Building West Facing, Northern Side Room","1.Maravakadu (R.V) and (P) Mainroad Ward 1
2.Maravakadu (R.V) and (P) Pallikuda Salai Ward 1 3.Maravakadu (R.V) and (P) North Kurukku Street Ward 1 4.Maravakadu (R.V) and (P) Nadu Street ward 2 5.Maravakadu (R.V) and (P) South Street Ward 3 6.Maravakadu (R.V) and (P) Panchayat salai Ward 3 7.Maravakadu (R.V) and (P) Kursir Street ward 3 8.Maravakadu (R.V) and (P) Kurukku Street Ward 3",All voters
249,167,249,"Panchayat Union Middle School
Maravakadu 614016
,Westernside New Building, Northern Wing","1.Maravakadu (R.V) and (P) Oothai Street ward 1
2.Maravakadu (R.V) and (P) North Street Ward 1 3.Maravakadu (R.V) and (P) Kalamthidal Ward 2 4.Maravakadu (R.V) and (P) Chola Nathi Street Ward 2 5.Maravakadu (R.V) and (P) Bharathiyar Street Ward 3",All voters
250,167,250,"Panchayat Union Elementary
School Asesham 614001
,Mainbuilding, Westernwing","1.Asesham (R.V) and (P) Thirumalpuram Ward 2
2.Asesham   (R.V) and (P) NagoreAndavar Nagar Ward 2
3.Asesham   (R.V) and (P) Iyyappan Nagar Ward 2
4.Asesham   (R.V) and (P) Bharathidasan Nagar Ward 2
5.Azhezem   (R.V) and (P) N.S.B Nagar Ward 24.Asesham   (R.V) and (P) Asesham   Ward   2
5.Asesham   (R.V) and (P) Nagore Andavar Nagar Ward 2",All voters
251,167,251,"Panchayat Union Elementary
School Asesham-614001 Main Building
Eastern Wing",1.Bharathidasan Nagar,All voters
252,167,252,"Panchayat Union Elementary
School Asesham 614001
,Anganwadi Building","1.Asesham   (R.V) and (P) Venkatesawara Nagar Ward 2
2.Asesham (R.V) and (P) Rajagopal Nagar Ward 2
3.Asesham   (R.V) and (P) Balaji Nagar Ward 2
4.Asesham ( (R.V) and (P) Shankara Nagar Ward 2
5.Asesham (R.V) and (P) Rajarajan Nagar Ward 2
6.Asesham   (R.V) and (P) A7th Number Vaikkal Ward 3",All voters
253,167,253,"Devi Matriculation Higher
Secondary
School,Maravakkadu, Asesham - 614016     West wing East facing Middle Side","1.Asesham   (R.V) and (P) South Street ward 3
2.Asesham (R.V) and (P) Kaliammankovil Street Ward 3
3.Asesham   (R.V) and (P) Muthupettai Rastha Ward 3",All voters
254,167,254,"Panchayat Union Elementary
School Elakkanempettai - 614001        ,Mainbuiding, Easternwing","1.Gopiralayam (R.V) Asesham (P) Elakkanampettai 7th Vaikkal Ward 4
2.Asesham   (R.V) and (P) Mainroad ward 2
3.Asesham   (R.V) and (P) Elakkanampettai PillaiyarKovil Street ward 2",All voters
255,167,255,"Panchayat Union Elementary
School South Facing Western wing,Singankulam   614001","1.Asesham   (R.V) and (P) Singankulam ward-3
2.Asesham   (R.V) and (P) Mariamman Nagar Ward 3
3.Asesham   (R.V) and (P) VOC Salai Ward 3
4.Asesham   (R.V) and (P) Thirumalpuram Ward 2",All voters
256,167,256,"Panchayat Union Elementary
School Melamaravakadu 614001        ,Mainbuilding, (RCC)","1.Azhezem   (R.V) and (P) Maipazhathottam Ward 3 1
2.Azhezem (R.V) and (P) Santhamanickam Ward-1
3.Azhezem (R.V) and (P) Melamaravakadu Ward-1
4.Azhezem (R.V) and (P) Melamaravakadu Harijana Street Ward-2",All voters
257,167,257,"Panchayat Union Elementary
School Keelanatham 614001
,Main Building west Facing, Northern Side","1.Edyarnatham (R.V) and (P) EdaStreet Ward 1
2.Edyarnatham (R.V) and (P) Keelanatham Ward 2 3.Edyarnatham (R.V) and (P) Koliya street Ward 3",All voters
258,167,258,"Panchayat Union Middle School
Sundarakkottai 614001, Addl.Building-II, South facing, South West Corner","1.Sundrakottai (R.V) and (P) Ambethkar Colony Ward 2
2.Sundrakkottai (R.V) and (P) Pudhu Street Ward 1 3.Sundrakkottai (R.V) and (P) Mela North Street Ward 1 2 4.Sundrakkottai (R.V) and (P) Mela North Street Ward 2 5.Sundrakkottai (R.V) and (P) Keela North Street Ward 3 6.Sundrakkottai (R.V) and (P) Pillaiyar Kovil Street Ward 1 7.Sundrakkottai (R.V) and (P) Mariammankovil Street Ward 3 8.Sundrakkottai (R.V) and (P) North Koliyar Street Ward 3 9.Sundrakkottai (R.V) and (P) South Koliyar Street ward 3",All voters
259,167,259,"Panchayat Union Middle School
Kandithampettai 614018    ,
,Mainbuilding, Easternwing","1.Ullikkottai 2 (R.V) Kandithampettai (P) MelaStreet Ward 1
2.Ullikkottai 2 (R.V) Kandithampettai (P) North Street Ward 2",All voters
260,167,260,"Panchayat Union Middle School
Kandithampettai 614018,North Facing South West Building","1.Ullikkottai 2 (R.V)   Kandithampettai (P) Vallankudikadu Ward 2 3
2.Ullikkottai 2 (R.V)   Kandithampettai (P) Keela Street ward 3",All voters
261,167,261,"Government higher secondary
school, RCC building,South East side West facing,South wing
Ullikkottai, 614018",1.Ullikkottai 1 (R.V) Ullikkottai (P) Pettai Street Ward 1,All voters
262,167,262,"Government higher secondary
school, RCC Building,South East side West facing, North wing
Ullikkottai, 614018",1.Ullikkottai 1 (R.V)   Ullikkottai (P) North Street Ward 2,All voters
263,167,263,"Government higher secondary
school, Ullikkottai, 614018,
RCC Building,East Center Building, South wing,","1.Ullikkottai 1 (R.V) Ullikkottai (P) North Street Ward 2
2.Ullikkottai 1 (R.V)   Ullikkottai (P) East Street Ward 2 3.Ullikkottai 1 (R.V)   Ullikkottai (P) Kakachi Street Ward 3 4.Ullikkottai 1 (R.V) Ullikkottai (P) Mokkan Street Ward 3 5.Ullikkottai 1 (R.V) Ullikkottai (P) Rakkan Street Ward 3 6.Ullikkottai 1 (R.V) Ullikkottai (P) Kattaiyan Street Ward 3 7.Ullikkottai 1 (R.V) Ullikkottai (P) Nadu Street ward 3",All voters
264,167,264,"Panchayat Union Elementary
School Ullikkottai 614018        , New RCC Buiding, Northernside East Facing","1.Ullikkottai 1 (R.V) Ullikkottai (P) South Street Keelpathi Ward 3
2.Ullikkottai 1 (R.V)Ullikkottai (P) Thanthai Periyar Street ward 3 3.Ullikkottai 1 (R.V)Ullikkottai (P) South Street Melpathi Ward 4",All voters
265,167,265,"Panchayat Union Elementary
School Ullikkottai 614018        , New RCC Buiding, Southern side East Facing","1.Ullikkottai 1 (R.V) Ullikkottai (P) Aringar Anna Street Ward 4
2.Ullikkottai 1 (R.V)Ullikkottai (P) Sammettikudikadu Ward 4",All voters
266,167,266,"Panchayat Union Elementary
School, Koopachikkottai-614015 Northern Side New Building Eastern Side","1.Koopachikottai(R.V) and (P) Ambalakara Street Ward 1
2.Koopachikottai (R.V.) and (P) West Street Ward 1 3.Koopachikottai (R.V)and (P) West Street Ward 2",All voters
267,167,267,"Panchayat Union Elementary
School Koopachikkottai 614015
,South Side Building, North Facing","1.Koopachikottai (R.V.) and (P) East Street Ward 1
2.Koopachikottai   (R.V)and (P) Salaiyoram Ward 1 3.Koopachikottai(R.V)and (P) Konnaiappu Street Ward 3",All voters
268,167,268,"Government Higher Secondary
School,Paravakkottai 614015 , Eastern Side Northern Building Room No 22","1.Paravakkottai 2 (R.V)
Paravakkottai (P) North Street Ward 1",All voters
269,167,269,"Government Higher Secondary
School , Room No.21 Eastern Northern Building
,Paravakkottai 614015","1.Paravakkottai 2 (R.V) Paravakkottai (P) East Street Ward 3
2.Paravakkottai 2 (R.V) Paravakkottai (P) Keela Street Ward 4",All voters
270,167,270,"Government Higher Secondary
School,Paravakkottai 614015
,Room No.19 Eastern Facing Western Side   Building",1.Paravakottai 2 (R.V)   Paravakkottai (P) Saminathan Street Ward 2,All voters
271,167,271,"Government Higher Secondary
School Paravakkottai - 614015
,Room No.20 Eastern Side Central Building Northern Wing","1.Rasammbalpuram (R.V)   Paravakottai (P) Salai Street Ward 2
2.Rasammbalpuram (R.V) Paravakottai (P) Karuveppillainatham Ward 2",All voters
272,167,272,"Government Higher Secondary
School Paravakkottai - 614015 New   Building,     Eastern Side","1.Paravakottai 2 (R.V)   Paravakkottai (P) ThilagarVeedhi Ward 1
2.Paravakottai 2 (R.V)   Paravakkottai (P) West Street ward 1",All voters
273,167,273,"Government Higher Secondary
School   Paravakkottai - 614015
,East Facing Westernside Building, South Portion",1.Paravakottai 1 (R.V)   Paravakkottai (P) Thoppu Street Ward 1,All voters
274,167,274,"Panchayat Union Elementary
School Paravakkottai 614015 Western side   Building North Facing East Wing",1.Paravakottai 2 (R.V)   Paravakkottai (P) West Street Ward 5,All voters
275,167,275,"Panchayat Union Elementary
School western side Building North Facing    ,Paravakkottai 614015","1.Paravakottai 2 (R.V)   Paravakkottai (P) South Street Ward 6
2.Paravakottai 2 (R.V)   Paravakkottai (P) South Street Ward 5 3.Paravakottai 2 (R.V) Paravakkottai (P) West Street Ward 6",All voters
276,167,276,"Panchayat Union Elementary
School Paravakkottai 614015 New Building Southern Side East Facing","1.Paravakottai 2 (R.V) Paravakkottai (P) Kunjan Street Ward 7 8
2.Paravakkottai 2 (R.V) Paravakkottai (P) Keela Street Ward 7 8 3.Paravakkottai 2 (R.V) Paravakkottai (P) North Street ward 9 4.Paravakkottai 2 (R.V)   Paravakkottai (P) Nadu Street Ward 8 12 5.Paravakottai 1 (R.V)   Paravakkottai (P) Kudikadu Ward 9 6.Paravakkottai 2(R.V) Paravakkottai (P) ThilagarVeedhi Ward 8 12",All voters
277,167,277,"Government Higher Secondary
School, Painganadu 614020
,Easternside Building, South Facing Westernwing Office Room","1.Painganadu (R.V) and (P) Sannathi Street ward 2
2.Painganadu (R.V) and (P) Munaithiriyar Street Ward 2 3.Painganadu (R.V) and (P) Gandhi Street Ward 2 4.Painganadu (R.V) and (P) Bharathi Street ward 2 5.Painganadu (R.V) and (P) Anna Street ward 2",All voters
278,167,278,"Government Higher Secondary
School, Painganadu 614020
,Easternside Building, Easternwing","1.Painganadu (R.V) and (P) VOC Street Ward 5
2.Painganadu (R.V) and (P) KeelaStreet ward 2 3.Painganadu (R.V) and (P) North Street ward 2",All voters
279,167,279,"Govt Higher Secondary School
Painganadu 614020
,Western Side   Building, Southernwing","1.Painganadu (R.V) and (P) Nadu Street ward 2
2.Painganadu (R.V) and (P) Chettistreet Ward 2 3.Painganadu (R.V) and (P) South Street Ward 3 4.Painganadu (R.V) and (P) Kulikarath Street Ward 4
5.Painganadu (R.V) and (P) Melath Street Ward 4                                             999 -
Overseas Elector",All voters
280,167,280,"Govt Higher Secondary School
Painganadu 614020
,Western Side   Building, Northernwing East Facing","1.Painganadu (R.V) and (P) Keela Thoppu Ward 2
2.Painganadu (R.V) and (P) Nagalinga Street ward 3 3.Painganadu (R.V) and (P) Kilavar Street ward 3 4.Painganadu (R.V) and (P) South Thoppu Ward 4",All voters
281,167,281,"Panchayat Union Elementary
School, Kannarapettai -           614
020
RCC Building East Facing","1.Dhulasendrapuram (R.V) and (P) Kudikadu Koliyan Street ward 1
2.Dhulasendrapuram (R.V) and (P) Kannarapettai Harijana Street   Ward 1 3.Dhulasendrapuram (R.V) and (P) Kannarapettai North Street ward 1   2 4.Dhulasendrapuram (R.V) and (P) Kannarapettai South Street    Ward 2",All voters
282,167,282,"Government High School
Thulasenthirapuram 614020
,East Facing Westernside Building, North Portion",1.Dhulasendrapuram (R.V) and (P) North Street ward 2,All voters
283,167,283,"Panchayat Union Elementary
School, Melathulasendrapuram 614016, Main Building","1.Dhulasendrapuram (R.V) and (P) Agraharam Ward 3
2.Dhulasendrapuram (R.V) and (P) MelaStreet Ward 3 3.Dhulasendrapuram (R.V) and (P) Mela Thulasendrapuram    Ward 3 4.Dhulasendrapuram (R.V) and (P) Pazhampettai thoppu Ward 4",All voters
284,167,284,"Panchayat Union Middle School
Thenpathi 614016       ,RCC Main Building,East Facing, Northen Side","1.Thenpathi (R.V) and (P) Pillaiyar Kovil Keela Street Ward 1
2.Thenpathi (R.V) and (P) Pillaiyar Kovil Street Ward 3.Thenpathi (R.V) and (P) North Street Ward 2 4.Thenpathi (R.V) and (P) Mainroad Ward 3 5.Thenpathi (R.V) and (P) Nadu Street Ward 3",All voters
285,167,285,"Panchayat Union Middle School
Thenpathi 614016       ,RCC Main Building,East Facing, Southern Side Last Room","1.Thenpathi (R.V) and (P) Mainroad Mela Street ward 3
2.Thenpathi (R.V) and (P) South street ward 3 3.Thenpathi (R.V) and (P) Thatchar Street Ward 4 4.Thenpathi (R.V) and (P) Thiruvalluvar Street Ward 4 5.Thenpathi (R.V) and (P) Kadukakadu Ward 4 6.Thenpathi (R.V) and (P) Thenpathi Mainroad Ward 4",All voters
286,167,286,"Panchayat Union Middle School
Ethakudi 614016        RCC Mainbuilding","1.Ethakudi (R.V) and (P) Ponnabalam Kaverykottakam North   Ethakudi
2.Ethakudi (R.V) and (P) Ethakudi   Agraharam Ward 2
3.Ethakudi (R.V) and (P) Ethakudi   Thamaraikulam Ward 2
4.Ethakudi (R.V) and (P) Colony Street ward 3
5.Ethakudi (R.V) and (P) Melakudiyiruppu Ward 3
6.Ethakudi (R.V) and (P) Bharathiyar Street Ward 3",All voters
287,167,287,"Meenatchi Mariyappar High
School Chozhapandi 614016
,Mainbuiding, Easternside Ground Floor","1.Talayamangalam (R.V) and (P) North Street Ward 1
2.Talayamangalam (R.V) and (P) Nadu Street Ward 1 3.Talayamangalam (R.V) and (P) South Street Ward 1 4.Talayamangalam (R.V) and (P) Mainroad Ward 1 5.Talayamangalam (R.V) and (P) Adidravidar Koliyar Street ward 1 6.Talayamangalam (R.V) and (P) Salai Street Ward 1
7.Talayamangalam (R.V) and (P) Kadukakadu Ambalakara Street   Ward 2",All voters
288,167,288,"Panchayat Union Elementary
School,Kadukkakadu-614016 Main Building","1.Talayamangalam (R.V) and (P) Melakadu Ward 2
2.Talayamangalam (R.V) and (P) Kadukakadu Ward 2 3.Talayamangalam (R.V) and (P) Talayamangalam North Street Ward 2 4.Talayamangalam (R.V) and (P) Thailiyamangalam   South Street ward 2 5.Talayamangalam (R.V) and (P) Vaikal West Street Ward 2 6.Talayamangalam (R.V) and (P) South Ambalakara Street ward 2 7.Talayamangalam (R.V) and (P) Talayamangalam North Street   Ward 3
8.Talayamangalam (R.V)and (P)Talayamangalam Adidravidar Street ward 3 9.Talayamangalam (R.V) and (P) Vaikal Street ward 3",All voters
289,167,289,"Panchayat Union Middle   School
Rajagopalapuram 614016, Westerm side            Main Terraced Building","4.Talayamangalam (R.V) and (P) Rajagopalapuram North Street Ward 3
5.Talayamangalam (R.V) and (P) Vaikal Street Nadu street ward 3 6.Talayamangalam (R.V) and (P) Adidravidar Street Ward 4 7.Talayamangalam (R.V) and (P) Keelath Street ward 4 8.Talayamangalam (R.V) and (P) South Street ward 4 9.Talayamangalam (R.V) and (P) Pudhu Street ward 4 10.Talayamangalam (R.V) and (P) Mariammankovil Street Ward4 11.Talayamangalam (R.V) and (P) Mainroad Ward 4 12.Talayamangalam (R.V) and (P) Colony Street Ward 4",All voters
290,167,290,"Panchayat Union Middle School,
Kurichi 614 016,RCC Main Building","1.Kuruchi (R.V) and (P) North Street Ward-1
2.Kuruchi (R.V) and (P) Thattara Street Ward-1
3.Kuruchi (R.V) and (P) East Street Ward-1
4.Kuruchi (R.V) and (P) Agrahara street Ward-1
5.Kuruchi (R.V) and (P) SivanKovil Street ward-1
6.Kuruchi (R.V) and (P) South Street Ward-2
7.Kuruchi (R.V) and (P) West Street Ward-2",All voters
291,167,291,"Panchayat Union Elementary
School Thenparai 614020, Westernside   Northern Building","1.Thenparai (R.V) and (P) Part 1 Pudhu Street ward 2
2.Thenparai (R.V)and (P) Part 1 Sengamettu Street Ward 2 3.Thenparai (R.V)and (P) Part 1 East Street North Ward 2 4.Thenparai (R.V)and (P) Part 1 AnumarManya Street Ward 2 5.Thenparai(R.V)and (P) Part 1 Kamandi Street Ward 1 2 6.Thenparai (R.V) and (P) Part 1 North Street North Ward 2 7.Thenparai (R.V) and (P) Part 1 Melakadu East Street Ward 2",All voters
292,167,292,"Panchayat Union Elementary
School   Thenparai   614020
,Easternside Building, Southernwing","1.Thenparai (R.V)and (P) Part 1 Agraharam Ward 1
2.Thenparai(R.V)and (P) Part 1 Thatchan Street ward 1 3.ThenparaI (R.V) and (P) Part 1 Jeeva Street Ward 1 4.Thenparai(R.V)and (P) Part 1 Santhai Pettai Ward 1 5.Thenparai (R.V)and (P) Part 1 Mainroad Ward   1 6.Thenparai(R.V)and (P) Part 1 MelaStreet ward 1 7.Thenparai(R.V)and (P) Part 1 North Street Ward 1 8.Thenparai(R.V)and (P)Part 1 Nadu street ward 1 9.Thenparai (R.V)and (P) Part 1 t East street ward 1 10.Thenparai (R.V) and (P) Part 1 Muslim Street ward 1",All voters
293,167,293,"Panchayat Union Elementary
School Thenparai 614020
,Eastern side North Building","1.Thenparai (R.V)and (P) Pudhu Street ward 4
2.Thenparai (R.V)and (P) Pandara Street Ward 4 3.Thenparai (R.V)and (P) South Street Ward 4 4.Thenparai (R.V)and (P) Kamandi Street ward 4 5.Thenparai (R.V)and (P) Thoppu Street ward 4 6.Thenparai(R.V)and (P) Pudhu Street ward 5 7.Thenparai (R.V)and (P) South Street ward 5 8.Thenparai (R.V)and (P) MelathaStreet Ward 5",All voters
294,167,294,"Panchayat Union Elementary
School Thenparai-614020
,Westernside Southern Building","1.Thenparai (R.V) and (P) Ambathkar Streeet Ward 3
2.Thenparai (R.V)and (P) North street Ward 3 3.Thenparai (R.V)and (P) Nadustreet Ward 3 4.Thenparai(R.V)and (P) East street ward 3 5.Thenparai (R.V)and (P) Mattu Street ward 5 6.Thenparai(R.V)and (P) Mainroad Ward 5",All voters
295,167,295,"Government Higher Secondary
School Radhanarashimapuram 614020        ,RCC Eastern building Southern side","1.Radhanarashimapuram (R.V) and   (P) Agraharam Ward 1
2.Radhanarasimmapuram (R.V) and (P) North Street Ward 1 3.Radhanarasimmapuram (R.V) and (P) Nadu Street ward 1 4.Radhanarasimmapuram (R.V) and (P) Pudhu Street Ward 1 5.Radhanarasimmapuram (R.V) and (P) East Street ward 2",All voters
296,167,296,"Government Higher Secondary
School Radhanarashima   puram 614020, RCC Building Western Wing North Facing","1.Radhanarasimmapuram (R.V) and (P) West Street Ward 1
2.Radhanarasimmapuram (R.V) and (P) Thachanvayal Ward 3 3.Radhanarasimmapuram (R.V) and (P) Mainroad Ward 3 4.Radhanarasimmapuram (R.V) and (P) South Street Ward 2",All voters
297,167,297,"Panchayat Union Middle School
Vallur - 614017   East Wing Western side Facing Southern side Building","1.Vallur (R.V) and (P) North Street Ward 1
2.Vallur (R.V) and (P) West Street Ward 1
3.Vallur (R.V) and (P) Nadu Street ward 1
4.Vallur (R.V) and (P) Adidravidar Street Ward 1
5.Vallur (R.V) and (P) Mainroad Ward 1
6.Vallur (R.V) and (P) South Street ward 1
7.Vallur (R.V) and (P) Mankottai Adidravidar Street Ward 2
8.Vallur (R.V) and (P) Mankottai Natham North Street Ward 2
9.Vallur (R.V) and (P) Mankottai Natham Nadu Street Ward 2
10.Vallur (R.V) and (P) Mankottai Natham East street ward 2",All voters
298,167,298,"Panchayat Union Middle School
Vallur- 614017     ,RCC
Additional Building , North Facing South Side Middle Room","1.Vallur (R.V) and (P) Panchayat board Street Ward 1   3
2.Vallur (R.V) and (P) Mela Thennathoppu Street Ward 4
3.Vallur (R.V) and (P) Pathirakaliammankovil Street Ward 4
4.Vallur (R.V) and (P) Govindhanatham Adidravidar Street ward 4
5.Vallur (R.V) and (P) Samuthaya Street Ward 4
6.Vallur (R.V) and (P) East Street Ward 4",All voters
299,167,299,"Government Higher Secondary
School Thirumakkottai - 614017
,Easternside Northern Building Room No .7","1.Thirumakkottai 1 (R.V) Thirumakottai (P) Erikarai Ward 1
2.Thirumakottai 2 (R.V)Thirumakottai (P)Pudhu Street kadai Street Ward 1 3.Thirumakottai 2 (R.V) Thirumakottai (P) Sivankovil Street Ward 1 4.Thirumakottai 2 (R.V)Thirumakottai (P) Theradi Street ward 1",All voters
300,167,300,"Government Higher Secondary
School Thirumakkottai - 614017
,Westernside Mainbuilding, Southernwing","1.Thirumakottai 2 (R.V) Thirumakottai (P) Agraharam Ward 1
2.Thirumakottai 2 (R.V) Thirumakottai (P) Throwpathiammankovil Street Ward 2
3.Thirumakottai 2 (R.V) Thirumakottai (P) Maharajapuram North Street mainroad Ward 2
4.Thirumakottai 2 (R.V)Thirumakottai (P) Maharajapuram East South street Ward 3",All voters
301,167,301,"Panchayat Union Elementary
School Thirumakkottai 614017 Southernside Western Building","1.Thirumakottai 2 (R.V) Thirumakottai(P)Pillaiyar Kovil South Street Ward 6
2.Thirumakottai 1 (R.V) Thirumakottai (P) Perumalkovil Natham Ward 7 3.Thirumakottai 1 (R.V) Thirumakottai (P) Karuppayee Thoppu Ward 7",All voters
302,167,302,"Panchayat Union Elementary
School, Thirumakkottai 614017 Easternside Building","1.Thirumakottai 1 (R.V) Thirumakottai (P) Nallanpillai Street   Ward 4
2.Thirumakottai 1 (R.V) Thirumakottai (P) Colony Street Ward 4 3.Thirumakottai 1 (R.V) Thirumakottai (P) North Kamandi Street    Ward 4 4.Thirumakottai 1 2   (R.V) Thirumakottai (P) North Street PillaiyarKovil Street Ward 5",All voters
303,167,303,"Panchayat Union Middle School
Melanatham 614017   RCC Building, Westernside, South Facing West Side Room","1.Melanatham(R.V)and (P) Keela Harijana Street Ward 1
2.Melanatham (R.V)and (P) East Street Ward 1 3.Melanatham (R.V) and (P) South East Street Ward 1 4.Melanatham (R.V)and (P) Nadu Street Ward 2 5.Melanatham(R.V) and (P) South Street Keelpathi Ward 2 6.Melanatham (R.V)and (P) Othaiveedu Ward 2",All voters
304,167,304,"Panchayat Union Middle School
Melanatham - 614017
,Easternside RCC Building","1.Melanatham(R.V) and (P) Panchayat West Harijana Street ward 1
2.Melanatham (R.V)and (P) North Street Ward 1 3.Melanatham (R.V)and (P) Thoppukadu Street Ward 2 4.Melanatham (R.V)and (P) MelaStreet ward 2 5.Melanatham (R.V)and (P) South Street Melpathy Ward 2",All voters
305,167,305,"Panchayat Union Elementary
School Elavanur - 614017    , RCC Additional building, North Facing,Western Side","1.Elavanur (R.V)and (P) Pudhukudi Annai Indira Street Ward 1
2.Elavanur (R.V)and (P) Elavanur   North Street ward 2
3.Elavanur (R.V)and (P) Elavanur Nadu Street ward 2
4.Elavanur (R.V)and (P) Elavanur   West Street ward 2
5.Elavanur (R.V)and (P) Elavanur   South Street ward 2
6.Elavanur (R.V)and (P) Elavanur V.O.C Street ward 2
7.Elavanur (R.V)and (P) Surothiriyam East Street ward 2
8.Elavanur (R.V)and (P) Surothiriyam North Street ward 3
9.Elavanur (R.V)and (P) Surothiriyam Nadu Street Ward 3 10.Elavanur (R.V)and (P) Surothiriyam Periyar Street Ward 3
11.Elavanur (R.V)and (P) Surowthiriyam West Adidravidar Street ward 3 12.Elavanur (R.V)and (P) Elavanur Mankulam Street ward 3",All voters
306,167,306,"Panchayat Union Elementary
School Palayakottai parasa puram 614020    Southernside RCC Building North Facing","1.Paliyakottai Parasapuram (R.V)and (P) Vellaiyanpuram Street ward 1
2.Paliyakottai Parasapuram(R.V)and (P) Milladi Street ward 1 3.Paliyakottai Parasapuram(R.V)and (P) Balarangkadu StreetWard 1 4.Paliyakottai Parasapuram (R.V)and (P) Kaliammankovil Street   Ward 1 5.Paliyakottai Parasapuram (R.V)and (P) Viyapari Street ward 1 6.Paliyakottai Parasapuram (R.V)and (P) Alagi Street ward 1 7.Paliyakottai Parasapuram (R.V)and (P) North Street ward 2 8.Paliyakottai Parasapuram (R.V)and (P) Nadu Street Ward 2 9.Paliyakottai Parasapuram (R.V)and (P) West Street ward 2",All voters
307,167,307,"Panchayat Union Elementary
School Palayakottai parasa puram 614020    Easteraside RCC Building West Facing","1.Paliyakottai ParasapurAM (R.V)and (P) Thoppu Street Adidravidar   Street
ward 3
2.Paliyakottai Parasapuram (R.V)and (P) Pudhukudi Street ward 4 3.Paliyakottai Parasapuram (R.V)and (P) Pudhukudi Adidravidar   Street ward 4
4.Paliyakottai Parasapuram (R.V)and (P) Parasapuram Adidravidar   Street ward 4",All voters
