sl_no,ac_code,polling_station_number,polling_station,polling_areas,polling_station_type
1,163,1,"P.U.E.School Kongarayanallur 609503, RCC Building West Facing","1.Kongarayanallur (R.V.) and (P) Kongarayanallur  Kudiyana Street Ward-1 , 2.Kongarayanallur (R.V.) and (P) Adidravidar Street Kongarayanallur Ward-1 , 3.Kongarayanallur (R.V.) and (P) Kaliyamman Koil Street, Keezha Sagadamangalam Ward-2 , 4.Kongarayanallur (R.V.) and (P) Adidravidar Akkarai Sagadamangalam Ward-2 , 5.Kongarayanallur (R.V.) and (P) Kudiyana Street, Mela Sagadamangalam Ward-2 , 6.Kongarayanallur (R.V.) and (P) Akkarai Sagadamangalam Ward-2",All Voters
2,163,2,"Government Higher Secondary School Ambal 609503, RCC Building West Facing","1.Ambal  (R.V.) and (P) Part 1 Block 1,2,3 Keezha veedhi Ward-1 , 2.Ambal  (R.V.) and (P) Part 1 Block 1,2,3 Therkku Veedhi Ward-1 , 3.Ambal  (R.V.) and (P) Pallivasal Street Ward-1 , 4.Ambal  (R.V.) and (P) Araya Street Ward-1 ,
5.Ambal  (R.V.) and (P) West Street Ward-1 , 6.Ambal  (R.V.) and (P) Agraharam Ward-1 , 7.Ambal  (R.V.) and (P) Main Road Ward-1 , 8.Ambal  (R.V.) and (P) West Street Ward-1 , 9.Ambal  (R.V.) and (P) Puzhuganathapuram Ward-1 , 10.Ambal  (R.V.) and (P) Gengathapuram Ward-1 , 11.Ambal  (R.V.) and (P) South Street Ward-3",All Voters
3,163,3,"Government Higher Secondary School Ambal 609503, West Facing South Side New Building North Portion","1.Ambal  (R.V.) and (P) Elangudiyana Street Ward-1 , 2.Ambal  (R.V.) and (P) Ganthiyar Street Ward-3 , 3.Ambal  (R.V.) and (P) Selvam Street  Ward-3 , 4.Ambal  (R.V.) and (P) Abishekakattalai Street Ward-3 , 5.Ambal  (R.V.) and (P) Main Road Ward-3 , 6.Ambal  (R.V.) and (P) Kamarajar Colony Ward-3",All Voters
4,163,4,"Panchayat Union Middle School East Side Terraced Building North Room West Facing, Porakkudi","1.Porakudi (R.V.), Ambal (P) Kolmedu Ward-2 , 2.Porakudi (R.V.), Ambal (P) Pillaiyar Koil Street Ward-2 , 3.Porakudi (R.V.), Ambal (P) Kunar Koil Street Ward-2 , 4.Porakudi (R.V.), Ambal (P) U.P.V. Muslim Street Ward-2 , 5.Porakudi (R.V.), Ambal (P) Rottu Theru Ward-5 , 6.Porakudi (R.V.), Ambal (P) Chetti Street Ward-2 , 7.Porakudi (R.V.), Ambal
(P) Chetti Street East Street Ward-2 , 8.Porakudi (R.V.), Ambal (P) Main Road Ward-2 , 9.Porakudi (R.V.), Ambal (P) East Street Ward-2 , 10.Porakudi (R.V.), Ambal (P) Senathipathy Street Ward-2 , 11.Porakudi (R.V.), Ambal (P) Saluvam Pettai Ward 2 , 12.Porakudi (R.V.), Ambal (P) Saluvampettai East Street Ward-2",All Voters
5,163,5,"Panchayat Union Middle School Porakkudi, East Side Terraced Building South Side Room West Facing","1.Porakudi (R.V.), Ambal (P) Nehru Nagar Ward-5 , 2.Porakudi (R.V.), Ambal (P) Mariyamman Street Ward-5 ,
3.Porakudi (R.V.), Ambal (P) Ayyanar Koil Street  Ward-5 , 4.Porakudi (R.V.), Ambal (P) Pavadai Thoppu Street Ward-5
, 5.Porakudi (R.V.), Ambal (P) Rottu theru Ward-4 , 6.Porakudi (R.V.), Ambal (P) Saraniyapuram Colony Ward-5 ,
7.Porakudi (R.V.), Ambal (P) Nadar Street Ward-5 , 8.Porakudi (R.V.), Ambal (P) Muslim Street Ward-5 , 9.Porakudi (R.V.), Ambal (P) Devathinallur Ward-5",All Voters
6,163,6,"P.U.E.School Ervadi 609601, South Facing RCC Building Eastern Side Portion","1.Ervadi (R.V.) and (P) Paramanallur Mariyamman Koil Street Ward-1 , 2.Ervadi (R.V.) and (P) Paramanallur West Colony Street Ward-1 , 3.Ervadi (R.V.) and (P) Paramanallur South Street Ward-1 , 4.Ervadi (R.V.) and (P) Paramanallur West Kulath theru Ward-1 , 5.Ervadi (R.V.) and (P) Paramanallur North Street Ward-1 , 6.Ervadi (R.V.) and (P) Paramanallur East Street Ward-1 , 7.Ervadi (R.V.) and (P) Paramanallur Adi dravidar Colony Street Ward-1 , 8.Ervadi (R.V.) and (P) Ervadi River Bank Street Ward-1-3 , 9.Ervadi (R.V.) and (P) Ervadi West Street Ward-3 , 10.Ervadi (R.V.) and (P) Ervadi North Street Ward-3 , 11.Ervadi (R.V.) and (P) Ervadi Sivan Koil Street Ward-3 , 12.Ervadi (R.V.) and (P) Ervadi South Street Ward-3 , 13.Ervadi (R.V.) and (P) Ervadi East Street Ward-1",All Voters
7,163,7,"P.U.E.School Kottapadi, East Facing RCC Building, East Side Portion","1.Kottappadi (R.V.), Ervadi (P) North Street Ward-1 , 2.Kottappadi (R.V.), Ervadi (P) Main Road Ward-1 , 3.Kottappadi (R.V.), Ervadi (P) Panchayat Office Road Ward-1 , 4.Kottappadi (R.V.), Ervadi (P) Middle Street Ward-1 , 5.Kottappadi (R.V.), Ervadi (P) South  Street Ward-1 , 6.Kottappadi (R.V.), Ervadi (P) Gurunathapuram Ward-1",All Voters
8,163,8,"P.U.E School Vitchur, North Facing RCC Building, West Side Portion","1.Kottappadi (R.V.), Ervadi (P) Vitchur Ward-2 , 2.Kottappadi (R.V.), Ervadi (P) Kurumbur Ward-2 , 3.Kottappadi (R.V.), Ervadi (P) Chithambal Ward-2 , 4.Kottappadi (R.V.), Ervadi (P) Marudhavur Ward-2",All Voters
9,163,9,"G.H.School Ganapathipuram, Mainbuilding Eastern Portion","1.Kidamangalam (R.V.), Edaiyathangudi (P) Main Road Ward-1 , 2.Kidamangalam (R.V.), Edaiyathangudi (P) Sannathi Street Ward-1 , 3.Kidamangalam (R.V.), Edaiyathangudi (P) Sengunthar Street Ward-1 , 4.Kidamangalam (R.V.), Edaiyathangudi (P) North Street Ward-1 , 5.Kidamangalam (R.V.), Edaiyathangudi (P) Kannikoil Street North Street Ward-1 , 6.Kidamangalam (R.V.), Edaiyathangudi (P) Kannikoil Street Ward-2 , 7.Kidamangalam (R.V.), Edaiyathangudi
(P) East Street Ward-2 , 8.Kidamangalam (R.V.), Edaiyathangudi (P) Main Road - Kidamangalam Ward-2 , 9.Kidamangalam (R.V.), Edaiyathangudi (P) Agraharam Ward-2 , 10.Kidamangalam (R.V.), Edaiyathangudi (P) Anna Nagar Ward-2",All Voters
10,163,10,"G.H.School Ganapathipuram 609601, West Building Eastern Portion","1.Edaiyathangudi (R.V.) and (P) Vellalar Street Ward-3 , 2.Edaiyathangudi (R.V.) and (P) Agraharam Street Ward-3 , 3.Edaiyathangudi (R.V.) and (P) Anna Nagar Street Ward-3 , 4.Edaiyathangudi (R.V.) and (P) Keezha Sethi Street Ward-3 , 5.Edaiyathangudi (R.V.) and (P) East Street Ward-3 , 6.Edaiyathangudi (R.V.) and (P) West Street Ward-3 , 7.Kidamangalam (R.V.), Edaiyathangudi (P) Main Road Nambikudi Ward-3 , 8.Kidamangalam (R.V.), Edaiyathangudi
(P) Pozhagam Road Ward-3",All Voters
11,163,11,"P.U.E.School Sheshamoolai 609 702, New Terraced Building, East Facing","1.Sheshamoolai (R.V.) and (P) Viswanathapuram main road ward-1 , 2.Sheshamoolai (R.V.) and (P) Annaiyan Mettu theru Ward-1 , 3.Sheshamoolai (R.V.) and (P) Erikulath theru Ward-1 , 4.Sheshamoolai (R.V.) and (P) Pillaiyar Koil Street Ward-1 , 5.Sheshamoolai (R.V.) and (P) Sheshamulai   Main Road Ward-2 , 6.Sheshamoolai (R.V.) and (P) Chetti Street Ward-2 , 7.Sheshamoolai (R.V.) and (P) Sadaiyan Thoppu Street Ward-2 , 8.Sheshamoolai (R.V.) and (P) Pudhu Street Ward-2 , 9.Sheshamoolai (R.V.) and (P) West Street Ward-2 , 10.Sheshamoolai (R.V.) and (P) Ambedkar Street Ward-2 ,",All Voters
12,163,12,P.U.E.School Terraced Building Left Side South Facing Room Arunmozhithevan,"1.Arunmozhithevan (R.V.) and (P) East street ward 1 , 2.Arunmozhithevan (R.V.) and (P) Kannikoil Street Ward 1 , 3.Arunmozhithevan (R.V.) and (P) West Street Ward 1 , 4.Arunmozhithevan (R.V.) and (P) Main road Ward 1 , 5.Arunmozhithevan (R.V.) and (P) River Bank Street Ward 1 , 6.Arunmozhithevan (R.V.) and (P) Madha kovil Street Ward 1 , 7.Arunmozhithevan (R.V.) and (P) Agraharam Ward 1 , 8.Arunmozhithevan (R.V.) and (P) Sathiram Main Road Ward 1 ,",All Voters
13,163,13,"P.U.E.School Terraced Building Western Side Room Alathur 609604,","1.Alathur (R.V.) and (P) Ambedhkar Nagar Ward-2 , 2.Alathur (R.V.) and (P) Middle Street Ward-3 , 3.Alathur (R.V.) and (P) North Street Ward-3 , 4.Alathur (R.V.) and (P) West Street Ward-3 , 5.Alathur (R.V.) and (P) Agraharam Ward-3
, 6.Alathur (R.V.) and (P) Nadar Street Ward-3 , 7.Alathur (R.V.) and (P) Thiruvalluvar Nagar Ward-3, 8.Alathur (R.V.) and (P) Alathur Othavittu Street Ward-2 , 9.Alathur (R.V.) and (P) Othavittu Arisanath theru Ward-2",All Voters
14,163,14,"Sakthi Aided Ele School Panangkattur 609 703, Eastern Portion South Facing Building, Panangattur","1.Kothamangalam (R.V.) and (P) Keezha Panangattur Ward-1 , 2.Kothamangalam (R.V.) and (P) Panangattur Ward-1 , 3.Kothamangalam (R.V.) and (P) Pattham Ward-1 , 4.Kothamangalam (R.V.) and (P) Anandanallur Ward-3 , 5.Kothamangalam (R.V.) and (P) Dhundam  Ward-3",All Voters
15,163,15,"Sakthi Aided Ele School Panangkattur 609 703, Middle Portion South Facing Building, Panangattur","1.Kothamangalam (R.V.) and (P) Mela Panangattur Ward-1 , 2.Kothamangalam (R.V.) and (P) Keezha Kothamangalam Ward-2 , 3.Kothamangalam (R.V.) and (P) Akkarai Kothamangalam Ward-2 , 4.Kothamangalam (R.V.) and (P) Mela Kothamangalam Ward-2 , 5.Kothamangalam (R.V.) and (P) Colony Street Ward-3",All Voters
16,163,16,"Sri Sowriraja Aided Primary School Agarakondhakai, Mangalore Tiled Main Building Western Portion","1.Agarakonthagai (R.V.) and (P) Agraharam Ward-1 , 2.Agarakonthagai (R.V.) and (P) West Street Ward-1 , 3.Agarakonthagai (R.V.) and (P) Chetti Street Ward-1 , 4.Agarakonthagai (R.V.) and (P) Perumal Kovil Street Ward-1 , 5.Agarakonthagai (R.V.) and (P) Sivan  Kovil Street Ward-1 , 6.Agarakonthagai (R.V.) and (P) Kaliyamman Koil Street Ward-1 , 7.Agarakonthagai (R.V.) and (P) Otha theru Ward-1 , 8.Agarakonthagai (R.V.) and (P) Valmangalam Sivan Kovil Street Ward 2",All Voters
17,163,17,"Government Middle School South Side Tiled Building, Valmangalam","1.Agarakonthagai (R.V.) and (P) Middle Street Ward-2 , 2.Agarakonthagai (R.V.) and (P) South Street Ward-2 , 3.Agarakonthagai (R.V.) and (P) Main Road Ward-2 , 4.Agarakonthagai (R.V.) and (P) East Street Ward-2 , 5.Agarakonthagai (R.V.) and (P) Mariyamman Kovil Street Ward-3 , 6.Agarakonthagai (R.V.) and (P) Madathu Street Ward-3 , 7.Agarakonthagai (R.V.) and (P) Kamaraj Street Ward-3 , 8.Agarakonthagai (R.V.) and (P) West street Ward 2 , 9.Agarakonthagai (R.V.) and (P) Thoppu Street Ward-3 , 10.Agarakonthagai (R.V.) and (P) Colony Street Ward-3 , 11.Agarakonthagai (R.V.) and (P) Madha Koil Street Ward-3 , 12.Agarakonthagai (R.V.) and (P) Thirowbathiyamman Ward-3 , 13.Agarakonthagai (R.V.) and (P) Puthupattinam Ward-3 , 14.Agarakonthagai (R.V.) and (P) Kallikattu
Pozhagam Ward-3 , 15.Agarakonthagai (R.V.) and (P) Alangudi Cheri Ward-4",All Voters
18,163,18,"Panchayat Union Primary School Southern Terraced Building (North Facing) Puragramam 609703 Kattumavadi, North Facing South Portion Terraced Building","1.Kattumavadi (R.V.) and (P) Dhundam Adi dravida Street Ward 1 , 2.Kattumavadi (R.V.) and (P) Dhandalam South Street Ward 1 , 3.Kattumavadi (R.V.) and (P) Dhandalam East Street Ward 1 , 4.Kattumavadi (R.V.) and (P) Dhandalam Pillaiyar Kovil Street Ward 1 , 5.Kattumavadi (R.V.) and (P) Kattumavadi  Pallivasal Street Ward-2 , 6.Kattumavadi (R.V.) and (P) River Bank Street Ward-2 , 7.Kattumavadi (R.V.) and (P) Kaliyamman Kovil Street Ward-2 , 8.Kattumavadi (R.V.) and (P) Kattumavadi  South Street Ward-2",All Voters
19,163,19,"Panchayat Union Primary School Southern West Side New Building (North Facing) West side Room Puragramam 609703, Kattumavadi","1.Kattumavadi (R.V.) and (P) Godhandarasapuram east street wad-1 , 2.Kattumavadi (R.V.) and (P) Kudiyana Street Ward-1 , 3.Kattumavadi (R.V.) and (P) Dhundam Ward-1 ,  4.Kattumavadi (R.V.) and (P) Dhandalam Ward-1",All Voters
20,163,20,Panchayat Union Primary School East Terraced Building (West Facing) Puragramam 609703 Kattumavadi,"1.Kattumavadi  (R.V.) and (P) West Street Ward-3 , 2.Kattumavadi  (R.V.) and (P) Kismath Street Ward-3 , 3.Kattumavadi  (R.V.) and (P) Main Road Ward-3 , 4.Kattumavadi  (R.V.) and (P) River Bank Street Ward-3 , 5.Kattumavadi  (R.V.) and (P) Raja Street Ward-3 , 6.Kattumavadi  (R.V.) and (P) Pudhu Street Ward-3 , 7.Kattumavadi (R.V.) and (P) Kattumavadi  East Street Ward-2 , 8.Kattumavadi  (R.V.) and (P) North Street Ward-2 , 9.Kattumavadi (R.V.) and (P) West Street Ward-2 , 10.Kattumavadi  (R.V.) and (P) K.A. Street Ward-2",All Voters
21,163,21,"Panchayat Union Primary School East side Terraced Building (West Facing) North Side Room Puragramam 609703 Kattumavadi,","1.Kattumavadi  (R.V.) and (P) Prigiramam east street ward-3 , 2.Kattumavadi  (R.V.) and (P) N.M.Salai Ward-3 , 3.Kattumavadi  (R.V.) and (P) South Street Ward-3 ,4.Kattumavadi  (R.V.) and (P) North Street Ward-3 ,",All Voters
22,163,22,"Govt. Hr. Sec. School Thittacheri 609 703, North Facing West Old Terraced Building 3rd Room From East","1.Thittacheri (T.P.) Ward-6 Alangudi Cheri , 2.Thittacheri (T.P) Ward-13 Nagoor Salai , 3.Thittacheri (T.P) Ward-13 Arisikara Street , 4.Thittacheri (T.P) Ward-7 Anna nagar ,  5.Thittacheri (T.P) Ward-13 Bemathaikal",All Voters
23,163,23,"Government High School, Thittachery 609 703 North Facing, Computer Room NO.1, West Portion.","1.Thittacheri (T.P) Ward-6 Kovil path theru ,  2.Thittacheri (T.P) Ward-6 V.O.C Nagar , 3.Thittacheri (T.P) Ward-7 T.R. Pattinam Road ,4.Thittacheri (T.P) Ward-7 Sivan koil Street , 5.Thittacheri (T.P) Ward-13 Umar Veedhi",All Voters
24,163,24,"Government High School, Thittachery, 609 703. West Facing, Middle Portion Room No.5.","1.Thittacheri (T.P.) Ward 1,2,3,4 Kovil pathu arisana street ward-14 ,2.Thittacheri (T.P.) Ward 1,2,3,4 Indira Street Ward-14 , 3.Thittacheri (T.P.) Ward 1,2,3,4 Pallivasal Street Ward-13 , 4.Thittacheri (T.P.) Ward 7,8,9,10 Maraikkayan Savadi - 15",All Voters
25,163,25,"Govt. Hr. Sec. School Thittacheri 609 703, East Facing Western Side 2nd Room From South","1.Thittacheri (T.P.) Ward 7,8,9,10 Pudhu Street Ward-9 ,2.Thittacheri (T.P.) Ward 7,8,9,10 Kulathu mettu Theru Ward-9 , 3.Thittacheri (T.P.) Ward 7,8,9,10 Hajiyar Street Ward-10 , 4.Thittacheri (T.P.) Ward 7,8,9,10 Pudavaikara Street Ward-10 ,5.Thittacheri (T.P.) Ward 7,8,9,10 Pattakkal Street Ward-10 , 6.Thittacheri (T.P.) Ward 7,8,9,10 Mudukku Street Ward-9 , 7.Thittacheri (T.P.) Ward 7,8,9,10 Middle Street Ward-9",All Voters
26,163,26,"Panchayat Union Elementary School, Thittachery, 609 703. East Facing, North Portion","1.Thittacheri (T.P.) Perumal Kovil Street Keela Veethi Ward-5, 3.Thittacheri (T.P.) Perumal Kovil Mela Veethi ward-5, 4.Thittacheri (T.P.) Nainar Puthu Theru ward-4,",All Voters
27,163,27,"Panchayat Union Elementary School, Thittacherry, 609703. East Facing Northern Side Room No.3","1.Thittacheri (T.P.) Perumal Kovil Sannathi Street Ward-5,  2.Thittacheri (T.P.) Perumal Kovil Vadakku Veethi ward-4, 3.Thittacheri (T.P.) Pudhumanai Street Ward-7 , 4.Thittacheri (T.P.) East Street Ward-7 , 5.Thittacheri (T.P.) Thotta Street Ward-7",All Voters
28,163,28,"Panchayat Union Elecmentary School, Thittachery, 609 703. East Facing, South Portion.","1.Thittacheri (T.P.) South street ward-12,  2.Thittacheri (T.P.) Vella thidal Ward-15 ,  3.Thittacheri (T.P.) Thittacheri Vaniya Arisana Street Ward-12 ,",All Voters
29,163,29,"Govt. Hr. Sec. School Thittacheri 609
703   ,South Side RCC Building North Facing  East portion room no 1","1.Thittacheri (T.P.) Mudhaliyar Street Ward-11 , 2.Thittacheri (T.P.) Tamilara Street Ward-11 ,  3.Thittacheri (T.P.) Vaniya Street Ward-12 , 4.Thittacheri (T.P.) Mamara Street Ward-12",All Voters
30,163,30,"Govt. Hr. Sec. School Thittacheri 609 703   ,South Side RCC  Building
North Facing Middle portion room no 2","1.Thittacheri (T.P.) West street ward-10 ,    2.Thittacheri (T.P.) Vettai Parikula Street Ward-10 , 3.Thittacheri (T.P.) Vaniya Street Ward-12 , 4.Thittacheri (T.P.) North Street Ward-3 , 5.Thittacheri (T.P.) Basar Street Main road Ward-2 , 6.Thittacheri (T.P.) Thaikkal Street Ward-1",All Voters
31,163,31,"Govt. Hr. Sec. School Thittacheri 609 703   ,South Side RCC  Building North Facing  West portion room no 3","1.Thittacheri (T.P.) North Pattakal Street Ward -3 , 2.Thittacheri (T.P.) Patchan Thoppu Ward 1 ,            3.Thittacheri (T.P.) River Bank Street Ward-1  ,4.Thittacheri (T.P.) Gandhi Salai Ward-2",All Voters
32,163,32,"P.U.E.School North Side New RCC Building South Portion, Siyathamangai","1.Siyathamangai (R.V.) and (P) Udaoyiruppu ward-1 , 2.Siyathamangai (R.V.) and (P) East Street Ward-1 , 3.Siyathamangai (R.V.) and (P) West Street Ward-1 , 4.Siyathamangai (R.V.) and (P) Kalkeni street Ward-1 , 5.Siyathamangai (R.V.) and (P) Big Street Ward-1 , 6.Siyathamangai (R.V.) and (P) River Bank Street Ward-1 , 7.Siyathamangai (R.V.) and (P) Middle Street Ward-2 , 8.Siyathamangai (R.V.) and (P) Dhundambalur Ward-2 , 9.Siyathamangai (R.V.) and (P) Thirukula Street Ward-2 , 10.Siyathamangai (R.V.) and (P) Main Road Ward-2",All Voters
33,163,33,"P.U.E.School Seeyathamangai 609 702, South Facing East side RCC Building","1.Siyathamangai (R.V.) and (P) Jeeva Nagar Ward-2 , 2.Siyathamangai (R.V.) and (P) Colony Street ward-2 , 3.Siyathamangai (R.V.) and (P) Mill Street Ward-2 , 4.Siyathamangai (R.V.) and (P) Valamangalam Main Road Ward-3 , 5.Siyathamangai (R.V.) and (P) Valamangalam Ward-3 , 6.Siyathamangai (R.V.) and (P) Valamangalam  S.C. Street Ward-3 , 7.Siyathamangai (R.V.) and (P) Varadharajapuram Ward-3 , 8.Siyathamangai (R.V.) and (P) Meliruppu Ward-4",All Voters
34,163,34,"P.U.M.School Pandaravadai 609 702, North Facing Western Side Portion RCC Building","1.Pandaravadai (R.V.) and (P) Adhinakudi East Street Ward-1 , 2.Pandaravadai (R.V.) and (P) Adhinakudi Madhakadi Street Ward-1 , 3.Pandaravadai (R.V.) and (P) Adhinakudi Main Road Ward-1 , 4.Pandaravadai (R.V.) and (P) Sathanamangai Street Ward-1 , 5.Pandaravadai (R.V.) and (P) Adhinakudi Avarimettu Street Ward-1 , 6.Pandaravadai (R.V.) and (P) Sathanmangai Avarimettu Street Ward-2 , 7.Pandaravadai (R.V.) and (P) Pallikuda Street Ward-2 , 8.Pandaravadai (R.V.) and (P) Somanathar Kovil Street Ward-2 , 9.Pandaravadai (R.V.) and (P) Thenpidagai Street Ward-2 , 10.Pandaravadai (R.V.) and (P) Pandaravadai  Middle Street Ward-2 , 11.Pandaravadai (R.V.) and (P) Pillaiyar Koil Street Ward-2",All Voters
35,163,35,"Govt High School Keelapozhagam 609 702, South Facing Terraced Building Eastern Portion","1.Polagam (R.V.) and (P) Agraharam street ward-1 , 2.Polagam (R.V.) and (P) Kannadi Kula Street Ward-1 , 3.Polagam (R.V.) and (P) Perumal Koil Street Ward-1 , 4.Polagam (R.V.) and (P) River Bank Street Ward-1 , 5.Polagam (R.V.) and
(P) Rottu theru Ward-1 , 6.Polagam (R.V.) and (P) Samithidal Ward-1 , 7.Polagam (R.V.) and (P) Saranyapuram Ward-1 ,
8.Polagam (R.V.) and (P) Thattara Street Ward-1 , 9.Polagam (R.V.) and (P) Kannikoil Street ward-1 , 10.Polagam (R.V.) and (P) Konar Street Ward-1",All Voters
36,163,36,"Govt High.School Keelapozhagam 609
702, South Facing Terraced Building Western Portion","1.Polagam (R.V.) and (P) Pillaiyar Koil Street Ward-1 , 2.Polagam (R.V.) and (P) Middle Street Ward-2 , 3.Polagam
(R.V.) and (P) Samanthapuram Ward-2 , 4.Polagam (R.V.) and (P) Main Rottu Theru Ward-2 , 5.Polagam (R.V.) and (P) Koothapattar Thoppu Ward-2 , 6.Polagam (R.V.) and (P) Erikarai Street Ward-2 , 7.Polagam (R.V.) and (P) Therkkuleri Ward-2",All Voters
37,163,37,"P.U.E.School Kuruvadi 609702, North Side Building West Facing","1.Kuruvadi (R.V.), Polagam (P) Part 2 Block 5,6 Mela guruvadi ward-3 , 2.Kuruvadi (R.V.), Polagam (P) Part 2 Block 5,6 Pozhagam Salai Ward-3 , 3.Kuruvadi (R.V.), Polagam (P) Part 2 Block 5,6 North  Street Ward-3 , 4.Kuruvadi (R.V.), Polagam (P) Part 2 Block 5,6 Puthramedu Ward-3 , 5.Kuruvadi (R.V.), Polagam (P) Part 2 Block 5,6 Kaliyamman Kovil Street Ward-3 , 6.Kuruvadi (R.V.), Polagam (P) Part 2 Block 5,6 Paramberi Street Ward-3 , 7.Kuruvadi (R.V.), Polagam
(P) Part 2 Block 5,6 Kudiyanan Street Ward-3 , 8.Kuruvadi (R.V.), Polagam (P) Part 2 Block 5,6 Main Road Ward-3 ,
9.Kuruvadi (R.V.), Polagam (P) Part 2 Block 5,6 Colony Street Ward -3 , 10.Kuruvadi (R.V.), Polagam (P) Part 2 Block 5,6 Colony Street-2 Ward-3 , 11.Kuruvadi (R.V.), Polagam (P) Part 2 Block 5,6 Pullamutchi Thidal Wardi-3 , 12.Kuruvadi (R.V.), Polagam (P) Part 2 Block 5,6 Jeeva Nagar Ward-3",All Voters
38,163,38,"P.U.Middle.School, Vouvaladi, South Facing","1.Thirupugalur (R.V.) and (P) Block 1,2,3 Vouvaladi main road ward-2 , 2.Thirupugalur (R.V.) and (P) Block 1,2,3 Pallivasal Street Ward-2, Keelaveedhi , 3.Thirupugalur (R.V.) and (P) Vouvaladi East Street Ward-2 , 4.Thirupugalur (R.V.) and (P) Vauvaladi North Street Ward-2 , 5.Thirupugalur (R.V.) and (P) Anna nagar Main road Ward-2",All Voters
39,163,39,"P.U.E.School Thirupugalur 609704, North Facing Northern Building Mangalore Tiled West Side Room","1.Thirupugalur (R.V.) and (P) Thirupugalur Theruku Veedhi Ward-3 , 2.Thirupugalur (R.V.) and (P) Thirupugalur Mela Veedhi Ward-3 , 3.Thirupugalur (R.V.) and (P) Thirupugalu Vadaku veedhi Ward-3 , 4.Thirupugalur (R.V.) and (P) Thirupugalur  Sannathi Street Ward-3 , 5.Thirupugalur (R.V.) and (P) Mela Mada vilagam Ward-3 , 6.Thirupugalur (R.V.) and (P) Thirupugalur Keela veedhi Ward-3 , 7.Thirupugalur (R.V.) and (P) Vouvaladi Moonkil thoppu Ward-2",All Voters
40,163,40,"P.U.E.School Thirupugalur 609 704, North Facing East Side Room South Building Terraced Roof","1.Thirupugalur (R.V.) and (P) Block 1,2,3 Arasur adi dravidar street ward-1 ,  2.Thirupugalur (R.V.) and (P) Block 4,5 West Part 1 Ward -1 ,  3.Thirupugalur (R.V.) and (P) Block 4,5 Neikunnam Kudiyana Street Ward-5 , 4.Thirupugalur (R.V.) and (P) Block 4,5 Sekkadi Street Ward-5 , 5.Thirupugalur (R.V.) and (P) Block 4,5 Poolaveli Street Ward-5 , 6.Thirupugalur (R.V.) and (P) Block 4,5 Southleri Ward-4 , 7.Thirupugalur (R.V.) and (P) Block 4,5 Thirumanjanaveedhi Ward-4 , 8.Thirupugalur (R.V.) and (P) Block 4,5 Maniyarangula Street Ward-4",All Voters
41,163,41,"P.U.E.School Thirupugalur 609 704, Southern Side Building West side Room North Facing","1.Thirupugalur (R.V.) and (P) Block 4,5 Arasur Kudiyana Street Ward-1 , 2.Thirupugalur (R.V.) and (P) Block 4.5 West Part 2 Ward-1 , 3.Thirupugalur (R.V.) and (P) Block 4,5 West Part 3 Ward-1 , 4.Thirupugalur (R.V.) and (P) Block 4,5 Mela Ammapattam Ward-1 , 5.Thirupugalur (R.V.) and (P) Block 4,5 Nadar Street Ward-1 , 6.Thirupugalur (R.V.) and
(P) Block 4,5  Nayakkar Part Ward-1 , 7.Thirupugalur (R.V.) and (P) Block 4,5 Pattakkal Street Ward-1 , 8.Thirupugalur (R.V.) and (P) Block 4,5 Neikunnam Adi dravidar Street Ward-5 ,",All Voters
42,163,42,"Government Higher Secondary School, South Facing Room No.1, Enangudi","1.Enangudi (R.V.) and (P) East Pallivasal Street ward-1 , 2.Enangudi (R.V.) and (P) High School Street Ward-1 ,
3.Enangudi (R.V.) and (P) Pattakkal Street Ward-1 , 4.Enangudi (R.V.) and (P) M.M.Street Ward-1 , 5.Enangudi (R.V.) and (P) N.S.Nagar Ward-1 , 6.Enangudi (R.V.) and (P) Hajarabegam Street Ward-1",All Voters
43,163,43,"P.U.P.School Enangudi 609 701, Mangalore Tilled West Building North Facing","1.Enangudi (R.V.) and (P) Valaiyalkara Street Ward-1 , 2.Enangudi (R.V.) and (P) Mariyamman Kovil Street Ward-1 ,
3.Enangudi (R.V.) and (P) Kattalai Puliyakkudi Ward-3 , 4.Enangudi (R.V.) and (P) Pandara Puliyakudi Ward-3 ,
5.Enangudi (R.V.) and (P) Naromeni River Bank Street Ward-3 , 6.Enangudi (R.V.) and (P) Keerangudi Kudiyanan Street Ward-3 , 7.Enangudi (R.V.) and (P) Keerangudi Adidravdiar Street Ward-3",All Voters
44,163,44,"P.U.P.School Enangudi 609 701, Terraced Building Western Portion Opp To Main Gate","1.Enangudi (R.V.) and (P) Pannai Street Ward-2 , 2.Enangudi (R.V.) and (P) Sathiram Main Road Ward-2 , 3.Enangudi (R.V.) and (P) West River Bank Street Ward-2 , 4.Enangudi (R.V.) and (P) East River Bank Street Ward-2 , 5.Enangudi (R.V.) and (P) Enangudi  Adidravidar Street Ward-2 , 6.Enangudi (R.V.) and (P) Thepperma mangalam Kudiyana Street Ward-2 , 7.Enangudi (R.V.) and (P) Therperuma Mangalam Adi dravidar Street Ward-2 , 8.Enangudi (R.V.) and (P) Nadar Street Ward-4",All Voters
45,163,45,"P.U.P.School Enangudi 609 701, Opp To Main Gate RCC Building East Portion","1.Enangudi (R.V.) and (P) Karuppur River Bank Street Ward-4 , 2.Enangudi (R.V.) and (P) Sivan Kovil Street Ward-4 ,
3.Enangudi (R.V.) and (P) Kudiyana Street Ward-4 , 4.Enangudi (R.V.) and (P) Mariyamman Kovil Street Ward-4 ,
5.Enangudi (R.V.) and (P) West Adidravidar Street Ward-4 , 6.Enangudi (R.V.) and (P) East Adi dravidar Street Ward-4 ,
7.Enangudi (R.V.) and (P) Kayathur M.G.R.Nagar Ward-4 , 8.Enangudi (R.V.) and (P) MainRoad West Ward -4 ,
9.Enangudi (R.V.) and (P) Kaliyamman Kovil Street Ward-4 , 10.Enangudi (R.V.) and (P) East Street Ward-4 , 11.Enangudi (R.V.) and (P) West Street Ward-4 , 12.Enangudi (R.V.) and (P) Agraharam Ward-4 , 13.Enangudi (R.V.) and (P) Main Road East Ward-4",All Voters
46,163,46,"P.U.M.School Puthagaram, North Side Terraced New Building South Facing Room","1.Puthagaram (R.V.) and (P) Puthakaram anna colony ward-1 , 2.Puthagaram (R.V.) and (P) Puthakaram Sengundar Street Ward-1 , 3.Puthagaram (R.V.) and (P) Puthakaram Main road Ward-1 , 4.Puthagaram (R.V.) and (P) Puthakaram Adi dravidar Street Ward-1 , 5.Puthagaram (R.V.) and (P) Puthakaram Moulana Street Ward-1 , 6.Mathirimangalam (R.V.), Puthagaram (P) Madhirimangalam Tharisuveli Ward-4",All Voters
47,163,47,"P.U.M.School Puthagaram 609 701 Mathirimangalam, West Facing North Side Mangalure Tiled Main Building Mathirimangalam","1.Puthagaram (R.V.) and (P) Puthakaram Kaliyamman Kovil Street Ward-1 , 2.Mathirimangalam (R.V.), Puthagaram (P) Mathirimangalam Ilaiyur Ward-4 , 3.Mathirimangalam (R.V.), Puthagaram (P) Mathirimangalam Kaliyamman Kovil Street Ward-4 , 4.Mathirimangalam (R.V.), Puthagaram (P) Mathirimangalam M.G.R. Nagar Ward-4 , 5.Mathirimangalam (R.V.), Puthagaram (P) Mathirimangalam Manaveli Street Ward-4 , 6.Mathirimangalam (R.V.), Puthagaram (P) Mathirimangalam Main Road East Street Ward-4 , 7.Mathirimangalam (R.V.), Puthagaram (P) Mathirimangalam Vaikkalkarai Street Ward-4 , 8.Mathirimangalam (R.V.), Puthagaram (P) Mathrimangalam Main Road West Street Ward-4 , 9.Mathirimangalam (R.V.), Puthagaram (P) Mathirimangalam South Street Ward-4 , 10.Mathirimangalam (R.V.), Puthagaram (P) Mathirimangalam Moulana Street Ward-4",All Voters
48,163,48,"P.U.M.School Puthagaram, West Side Terraced Building East Facing East Side Building","1.Puthagaram (R.V.) and (P) Part 1 Block 1,2,3 North Street Nugathur Ward -2 , 2.Puthagaram (R.V.) and (P) Part 1 Block 1,2,3 Kulathu Mettu Street Ward-2 , 3.Puthagaram (R.V.) and (P) Part 1 Block 1,2,3 Adi dravidar Street Ketharimangalam Ward-2 , 4.Puthagaram (R.V.) and (P) Part 1 Block 1,2,3 Pallivasal North Street Ward-2 , 5.Puthagaram (R.V.) and (P) Part 1 Block 1,2,3 Pallivasal Street Ward-2 , 6.Puthagaram (R.V.) and (P) Part 1 Block 1,2,3 Pallivasal West Street Ward-2 , 7.Puthagaram (R.V.) and (P) Part 1 Block 1,2,3 West Street Ketharimangalam Ward-2  , 8.Puthagaram (R.V.) and (P) Part 1 Block 1,2,3 Main Road Ketharimangalam Ward-2 , 9.Puthagaram (R.V.) and (P) Part",All Voters
49,163,49,"P.U.P.School RCC Building North Side Room, Keelasannanallur","1.Puthagaram (R.V.) and (P) Part 1 Block 1,2,3 Adi dravidar Street Neduncheri Ward-3 , 2.Puthagaram (R.V.) and (P)  Part 1 Block 1,2,3 North Street Neduncheri Ward-3 , 3.Puthagaram (R.V.) and (P) Part 1 Block 1,2,3 Pappakula Street, Keela Sannanallur Ward-3 , 4.Puthagaram (R.V.) and (P) Part 1 Block 1,2,3 Main Rottu theru, Keela Sannanallur Ward-3 , 5.Puthagaram (R.V.) and (P) Part 1 Block 1,2,3 Mariyamman Kovil Street, Keela Sannanallur Ward-3 , 6.Puthagaram (R.V.) and (P) Part 1 Block 1,2,3 Rayiladi Street, Keela Sannanallur Ward-3 , 7.Puthagaram (R.V.) and (P) Part 1 Block
1,2,3 South Street, Keela Sannanallur Ward-3 , 8.Puthagaram (R.V.) and (P) Part 1 Block 1,2,3 Jeeva Nagar Keela",All Voters
50,163,50,"P.U.M.School Adalaiyur 609701, North Terraced Building","1.Athalaiyur (R.V.) and (P) Pandagasalai street ward-2 , 2.Athalaiyur (R.V.) and (P) Puthu Manai Street Ward-2 , 3.Athalaiyur (R.V.) and (P) Liyakath ali Street Ward-2 , 4.Athalaiyur (R.V.) and (P) South Street , Uppukara Street , 5.Athalaiyur (R.V.) and (P) East  Athalaiyur",All Voters
51,163,51,"P.U.M.School Adalaiyur 609 701, Terraced Middle Building South Facing South Side Room","1.Athalaiyur (R.V.) and (P) Puthupalli Street Ward-2 , 2.Athalaiyur (R.V.) and (P) West Street Ward-1 , 3.Athalaiyur (R.V.) and (P) Aksha Colony Ward-1 , 4.Athalaiyur (R.V.) and (P) River Bank Street Ward-1",All Voters
52,163,52,"P.U.M.School Adalaiyur 609701, East Side Terraced building South Facing South Side Room","1.Athalaiyur (R.V.) and (P) Middle street ward-3 , 2.Athalaiyur (R.V.) and (P) Nattamai Street Ward-3 , 3.Athalaiyur (R.V.) and (P) Pattakal Street Ward-3 , 4.Athalaiyur (R.V.) and (P) Thaikkal Street Ward-3 , 5.Athalaiyur (R.V.) and (P) North Street Ward-3 , 6.Athalaiyur (R.V.) and (P) Moulana Street Ward-3 , 7.Athalaiyur (R.V.) and (P) Mariyamman Kovil Street Ward-1 , 8.Athalaiyur (R.V.) and (P) Jinna Street Ward-1 , 9.Athalaiyur (R.V.) and (P) West Kudiyana Street",All Voters
53,163,53,"P.U.M.School Vadakarai 609 701, Eastern side Main New Terraced Building","1.Vadakarai  (R.V.) and (P) Valluvar street ward-1 , 2.Vadakarai  (R.V.) and (P) Manakulam Ward-1 , 3.Vadakarai  (R.V.) and (P) North Street Ward-1 , 4.Vadakarai  (R.V.) and (P) North Adi dravidar  Street Ward-1 , 5.Vadakarai  (R.V.) and (P) Madavilagam Ward-1 , 6.Vadakarai  (R.V.) and (P) East Street Ward-1 , 7.Vadakarai  (R.V.) and (P) South Street Ward-1
, 8.Vadakarai  (R.V.) and (P) West Street Ward-1 , 9.Vadakarai  (R.V.) and (P) Main Road Ward-1 , 10.Vadakarai  (R.V.) and (P) Chetti Street Ward-2 , 11.Vadakarai  (R.V.) and (P) Main Rottu theru Ward-2 , 12.Vadakarai  (R.V.) and (P) North Street Ward-2u , 13.Vadakarai  (R.V.) and (P) East Street Ward-2 , 14.Vadakarai  (R.V.) and (P) Pattakkal Street
Ward-2",All Voters
54,163,54,"P.U.M.School Vadakarai 609 701, South Side Tiled Building East Portion","1.Vadakarai  (R.V.) and (P) Pallivasal Street Ward-2 , 2.Vadakarai  (R.V.) and (P) West Street Ward-2 , 3.Vadakarai (R.V.) and (P) East Adi dravidar Street Ward-2 , 4.Vadakarai  (R.V.) and (P) West Adidravidar Street Ward-2 , 5.Vadakarai  (R.V.) and (P) Valluvar Street Ward-2 , 6.Vadakarai  (R.V.) and (P) East River Bank Street Ward-3 , 7.Thenkarai (R.V.), Vadakarai  (P) Perumal Kovil Street Ward-3 , 8.Thenkarai (R.V.), Vadakarai  (P) North Street Ward-3",All Voters
55,163,55,"P.U.M.School Kottur 609 701,West
side New building west facing North side Room","1.Kottur (R.V.) and (P) West adi dravidar street ward-1 , 2.Kottur (R.V.) and (P) Sadagopa Mulai Madha Kovil Street
Ward-1 , 3.Kottur (R.V.) and (P) Enanallur Adi dravidar Street Ward-2 , 4.Kottur (R.V.) and (P) Enanallur Manthaikarai colony Street , 5.Kottur (R.V.) and (P) Enanallur Main Road Ward-2 , 6.Kottur (R.V.) and (P) Kuduminar Kottur Ward-2",All Voters
56,163,56,"P.U.M.School Kottur 609 701, Main Building Terraced East Side Building North Side East Facing","1.Kottur (R.V.) and (P) Mohamadiyar Street Ward-2 , 2.Kottur (R.V.) and (P) Keelapackam Ward-2 , 3.Kottur (R.V.) and
(P) Pakkam River Bank Street Ward-2 , 4.Kottur (R.V.) and (P) Mela Pakkam Ward-2",All Voters
57,163,57,"P.U.M.School Kottur 609701, East Facing New Tiled Building",1.Kottur (R.V.) and (P) Pillali Mahamathiyar Street Ward 1,All Voters
58,163,58,"Panchayat Union Elementary School, Pillali. RCC Building East Portion, East Facing Tiled Building Terraced","1.Kottur (R.V.) and (P) Pillali anankur ward 1 , 2.Kottur (R.V.) and (P) Pillali North Street Ward-1 , 3.Kottur (R.V.) and
(P) Pillali Kudiyan Street Ward-1 , 4.Kottur (R.V.) and (P) Pillali South street Ward-1 , 5.Kottur (R.V.) and (P) Pillali Anasanallur Raja Street Ward 2 , 6.Kottur (R.V.) and (P) Pillali Anasanallur Ward 2 , 7.Kottur (R.V.) and (P) Pillali Mathalangudi Ward 2",All Voters
59,163,59,"Government Hr.Sec.School Thirukkannapuram 609 701, Main Building Southern side","1.Thirukkannapuram (R.V.) and (P) Radhambur colony street ward-1 , 2.Thirukkannapuram (R.V.) and (P) Radharambur Kudiyana Street Ward-1 , 3.Thirukkannapuram (R.V.) and (P) Senthamangalam Ward-1 , 4.Thirukkannapuram (R.V.) and
(P) Kakamangalam ward-1 , 5.Thirukkannapuram (R.V.) and (P) Vadapillali Ward-1 , 6.Thirukkannapuram (R.V.) and (P) Pramma Nandeeswaram Vadaku veedhi Ward-2 , 7.Thirukkannapuram (R.V.) and (P) Vadasari Street Ward-2 , 8.Thirukkannapuram (R.V.) and (P) Kavarai Street Ward-2 , 9.Thirukkannapuram (R.V.) and (P) Kottur Salai Ward-2",All Voters
60,163,60,"Government.Hr.Sec.School
Thirukkannapuram 609 701, Main Building Northern Side","1.Thirukkannapuram (R.V.) and (P) Keela veedhi ward-3 , 2.Thirukkannapuram (R.V.) and (P) Therku Veedhi Ward-3 ,
3.Thirukkannapuram (R.V.) and (P) Mela Veedhi Ward-3 , 4.Thirukkannapuram (R.V.) and (P) Agraharam Ward-3 , 5.Thirukkannapuram (R.V.) and (P) Prammanandeeswaram Adidravidar Street Ward-4 , 6.Thirukkannapuram (R.V.) and
(P) Pramma Nandeewaram Kudiyana Street Ward-4 , 7.Thirukkannapuram (R.V.) and (P) Thiruchankattankudi Salai Adidravidar St Ward-4 , 8.Thirukkannapuram (R.V.) and (P) Chinnaiyan Thoppu Ward-4 , 9.Thirukkannapuram (R.V.) and (P) River Bank Street Ward-4 , 10.Thirukkannapuram (R.V.) and (P) Ankalamman Kovil Street Ward-4 , 11.Thirukkannapuram (R.V.) and (P) Pallangulam Ward-4 , 12.Thirukkannapuram (R.V.) and (P) Maniyar Thidal Ward-4",All Voters
61,163,61,"P.U.M.School Thiruchenkattangudi 609 604, East New Building Terraced","1.Thiruchenkattangudi (R.V.) and (P) Adi dravidar north street ward-1 , 2.Thiruchenkattangudi (R.V.) and (P) Thalaiyari Street Ward-1 , 3.Thiruchenkattangudi (R.V.) and (P) Adi dravidar south Street Ward-1 , 4.Thiruchenkattangudi (R.V.) and (P) East Street Ward-1 , 5.Thiruchenkattangudi (R.V.) and (P) East Sannathi Street Ward-1 , 6.Thiruchenkattangudi (R.V.) and (P) Keela Veedhi Ward-3 , 7.Thiruchenkattangudi (R.V.) and (P) Therku Veedhi Ward-3 , 8.Thiruchenkattangudi (R.V.) and (P) Maruthhuvar Street Ward-3 , 9.Thiruchenkattangudi (R.V.) and (P) West Street Ward-3",All Voters
62,163,62,"P.U.M.School West Facing South Side New RCC Building, North Side Tiled New Building, Thiruchenkattangudi","1.Thiruchenkattangudi (R.V.) and (P) Mela Veedhi Ward-3 , 2.Thiruchenkattangudi (R.V.) and (P) West Sannathi Street Ward-3 , 3.Thiruchenkattangudi (R.V.) and (P) Vadaku Veedhi Ward-3 , 4.Thiruchenkattangudi (R.V.) and (P) Ambalakarar Street Ward-3 , 5.Thiruchenkattangudi (R.V.) and (P) Chetti thoppu Ward-3 , 6.Thiruchenkattangudi (R.V.) and (P) Pudhukadai East Street Ward-2 , 7.Thiruchenkattangudi (R.V.) and (P) Pudhukadai Manapattam, Ward-2 , 8.Thiruchenkattangudi (R.V.) and (P) Pudhukadai Vellalar Street  Ward-2 , 9.Thiruchenkattangudi (R.V.) and (P) Pudhukadai Nagari Ward-2",All Voters
63,163,63,"Government Higher Secondary School, Thirumarugal 609 702, South Side
R.C.C Building","1.Thirumarugal (R.V.) and (P) North street ward-1 , 2.Thirumarugal (R.V.) and (P) Mela Veedhi Ward-1 , 3.Thirumarugal (R.V.) and (P) Therku Veedhi Ward-1 , 4.Thirumarugal (R.V.) and (P) Keela veedhu Ward-1 , 5.Thirumarugal (R.V.) and
(P) Sannathi Street Ward-1 , 6.Thirumarugal (R.V.) and (P) East Street Ward-1 , 7.Thirumarugal (R.V.) and (P) Murugan Sannathi Ward-1 , 8.Thirumarugal (R.V.) and (P) Kannadaiyan Thoppu Ward-2",All Voters
64,163,64,"Government Higher Secondary School, Thirumarugal 609 702, North Side Building South Facing Room No.17","1.Thirumarugal (R.V.) and (P) Main Road Ward-2 , 2.Thirumarugal (R.V.) and (P) Thirumanjana Veedhi Ward-2 , 3.Thirumarugal (R.V.) and (P) Agraharam Street Ward-2 , 4.Thirumarugal (R.V.) and (P) Seerakulam Ward-2 , 5.Thirumarugal (R.V.) and (P) Mudukku Street Ward-2 , 6.Thirumarugal (R.V.) and (P) Kovil Street Ward-2 , 7.Thirumarugal (R.V.) and (P) Ammakulam Ward-2 , 8.Thirumarugal (R.V.) and (P) kalluli Thiruvasal Ward-2 , 9.Thirumarugal (R.V.) and (P) Chinna Kadai Street Ward-2 , 10.Thirumarugal (R.V.) and (P) Puthathankarai Ward-2",All Voters
65,163,65,"Government Higher Secondary School, Thirumarugal 609 702, North Side Building South Facing Room No.14","1.Thirumarugal (R.V.) and (P) Perumal vadaku veedhi ward-3 , 2.Thirumarugal (R.V.) and (P) Perumal Veedhi Ward-3 , 3.Thirumarugal (R.V.) and (P) Perumal Therku Veedhi Ward-3 , 4.Thirumarugal (R.V.) and (P) Perumal Mela Veedhi Ward-3 , 5.Thirumarugal (R.V.) and (P) West Street Ward-3 , 6.Thirumarugal (R.V.) and (P) Main Road Ward-3 ,",All Voters
66,163,66,"Government Higher Secondary School, Thirumarugal 609 702, North Side Building South Facing Room No.13","1.Thirumarugal (R.V.) and (P) West Street Ward-3 , 2.Thirumarugal (R.V.) and (P) Valluvan Thoppu Ward-3 , 3.Thirumarugal (R.V.) and (P) River Bank Street Ward-3 , 4.Thirumarugal (R.V.) and (P) Santhaipettai Annamalai Nagar Ward-3 ,5.Thirumarugal (R.V.) and (P) Anna Poonga Ward-3 , 6.Thirumarugal (R.V.) and (P) Savukkai Thoppu Ward-3",All Voters
67,163,67,"P.U.E.School Sekal 609702, West
Facing Building, Mangalore Tiled","1.Sekal (R.V.), Thirumarugal (P) Mela karaiyuruppu ward-4 , 2.Sekal (R.V.), Thirumarugal (P) Ottapillaiyar Kovil Ward-4
, 3.Sekal (R.V.), Thirumarugal (P) Kattaladi Ward-4 , 4.Sekal (R.V.), Thirumarugal (P) Chinna  buri kattalai Ward-4 ,
5.Sekal (R.V.), Thirumarugal (P) Keezha karaiyuruppu Colony Ward-4 , 6.Sekal (R.V.), Thirumarugal (P) Keela karaiyuruppu River Bank Street Ward-4 , 7.Sekal (R.V.), Thirumarugal (P) Keelakaraiayuruppu Periyakulam Ward-4  ,
8.Sekal (R.V.), Thirumarugal (P) Sambadi Ward-4",All Voters
68,163,68,"P.U.E.School Sekal 609702, East Facing Building, Mangalore Tiled","1.Sekal (R.V.), Thirumarugal (P) North Street Ward-4 , 2.Sekal (R.V.), Thirumarugal (P) South Street Ward-4 , 3.Sekal (R.V.), Thirumarugal (P) Karudan Kattalai Ward-4 , 4.Sekal (R.V.), Thirumarugal (P) Kulathu Mettu Street Ward-4 ,
5.Sekal (R.V.), Thirumarugal (P) Andi Thoppu Ward-3 , 6.Sekal (R.V.), Thirumarugal (P) Puliyanthoppu Ward 3 , 7.Sekal (R.V.), Thirumarugal (P) Savuku Thoppu Ward- 4",All Voters
69,163,69,"P.U.E.School Eravancheri 609702, South Side, East Facing Terraced Building","1.Eravancheri (R.V.) and (P) Nattarmangalam adi dravidar street ward-1 , 2.Eravancheri (R.V.) and (P) Nattar Mangalam South street Ward-1 , 3.Eravancheri (R.V.) and (P) Nattar Mangalam North Street Ward-1 , 4.Eravancheri (R.V.) and (P) Devangudi West Street Ward-1 , 5.Eravancheri (R.V.) and (P) Devangudi Middle Street Ward-1 , 6.Eravancheri (R.V.) and (P) Devangudi Thiruvasal Thoppu  Street Ward-1 , 7.Eravancheri (R.V.) and (P) Maththiyakudi Lenin Street Ward-2 , 8.Eravancheri (R.V.) and (P) Mathiyakudi Vellalar Street Ward-2 , 9.Eravancheri (R.V.) and (P) Mathiyakudi Adi dravidar Street Ward-2 , 10.Eravancheri (R.V.) and (P) Vadakuthalam Ward-2 , 11.Eravancheri (R.V.) and (P) Uthur Road Ward-3",All Voters
70,163,70,"P.U.E.School North Side, East Facing Terraced Building Eravancheri","1.Eravancheri (R.V.) and (P) Eravancheri River Bank Street Ward-2 , 2.Eravancheri (R.V.) and (P) Eravancheri Vellalar Street Ward-2 , 3.Eravancheri (R.V.) and (P) Eravancheri Thoppu Street Ward-2 , 4.Eravancheri (R.V.) and (P) Eravancheri  O.N.G.C.Street Ward-2 , 5.Eravancheri (R.V.) and (P) Uthur  North Street Ward-3 , 6.Eravancheri (R.V.) and (P) Uthur South Street Ward-3 , 7.Eravancheri (R.V.) and (P) Uthur West Street Ward-3 , 8.Eravancheri (R.V.) and
(P) Duraiyur Main Road Ward-3 , 9.Eravancheri (R.V.) and (P) Duraiyur North Street Ward-3 , 10.Eravancheri (R.V.) and
(P) Duraiyur West Street Ward-3 , 11.Eravancheri (R.V.) and (P) Duraiyur South Street Ward-3 , 12.Eravancheri (R.V.) and (P) Duraiyur River Bank Street Ward-3",All Voters
71,163,71,"Government High School Marungoor 609 702, New Building East Facing","1.Marungoor (R.V.) and (P) Atchuthan Kovil Pathu Street Ward-1 , 2.Marungoor (R.V.) and (P) Colony Street Ward-1 , 3.Marungoor (R.V.) and (P) Rottu Street Ward-1 , 4.Marungoor (R.V.) and (P) North Street Ward-1 , 5.Marungoor (R.V.) and (P) Middle Street Ward-1 , 6.Marungoor (R.V.) and (P) Mariyamman Kovil Street Ward-1 , 7.Marungoor (R.V.) and
(P) Agraharam Ward-1 , 8.Marungoor (R.V.) and (P) South Street Ward-1,2 , 9.Marungoor (R.V.) and (P) River Bank Street Ward-2 , 10.Marungoor (R.V.) and (P) Karamani Street Ward-2 , 11.Marungoor (R.V.) and (P) Karamani North Street Ward-2 , 12.Marungoor (R.V.) and (P) Valluvar Street Ward-2 , 13.Marungoor (R.V.) and (P) West Street Ward-2",All Voters
72,163,72,"Pachayat Union Elementary School West Facing RCC Building, West Facing Terraced Building Neikuppai","1.Neikuppai (R.V.) and (P) Neikuppai Kudiyana Street Ward-1 , 2.Neikuppai (R.V.) and (P) Adi dravidar Street Ward-1 , 3.Neikuppai (R.V.) and (P) West Street Ward-1 , 4.Neikuppai (R.V.) and (P) Velangudi Adi dravidar Street Ward-2 , 5.Neikuppai (R.V.) and (P) Velangudi River Bank Street Ward-2 , 6.Neikuppai (R.V.) and (P) Velangudi Kudiyana Street Ward-2 , 7.Neikuppai (R.V.) and (P) Karamabi Adi dravidar Street Ward-2 , 8.Neikuppai (R.V.) and (P) Karambai Kudiyana Street Ward-2",All Voters
73,163,73,"Panchayat Union Elementary School, Perunattan Thouppu, South Facing","1.Keezhapoothanur (R.V.) and (P) Aruvizhimangalam river bank street ward-1 , 2.Keezhap.oothanur (R.V.) and (P) Arulvizhimangalam Mettu Theru Ward-1 , 3.Keezhapoothanur Arulvizhimangalam Kudiyana Street Ward-1 , 4.Keezhapoothanur  Arulvizhimangalam Adi dravidar Colony Street  Ward-1 , 5.Keezhapoothanur Natham Kudiyana Street Ward-1 , 6.Keezhapoothanur  Natham Adi dravidar Colony Street , 7.Keezhapoothanur  Natham Thamarai Kula theru Ward-1 , 8.Keezhapoothanur (R.V.) and (P) Keezhabuthanur Raja street Ward-1 , 9.Keezhapoothanur (R.V.) and (P) Keezhabuthanur Adi dravidar Street Ward-1 , 10.Keezhapoothanur  Keezhabuthanur River Bank Street Ward-1 , 11.Keezhapoothanur  Keezhabuthanur West Street Ward-1 , 12.Keezhapoothanur  Athipadukai River Bank Street Ward-2 , 13.Keezhapoothanur  Atthipadugai Velar Street Ward-2 , 14.Keezhapoothanur  Perunattan Thoppu Lingathidal, Keezha Street Ward , 15.Keezhapoothanur Perunattan Thoppu Middle Street Adi dravidar Street , 16.Keezhapoothanur (R.V.) and
(P) Perunattan Thoppu Pillaiyar Kovil Street Ward-2",All Voters
74,163,74,"Vanakiri Nadesha Ayar Aided Middle School Melapoothanur 610 101, Southern Side Country Tiled Building","1.Keezhapoothanur (R.V.) and (P) Ayyanar kovil street ward-4 , 2.Keezhapoothanur (R.V.) and (P) Sundara Vinayagar Kovil Street Ward-4 , 3.Keezhapoothanur (R.V.) and (P) Nandhanar Kovil Street Ward 4 , 4.Keezhapoothanur (R.V.) and
(P) Dhathan Kattalai Ward 3 , 5.Keezhapoothanur (R.V.) and (P) Militari Ward 3 , 6.Melapoothanur (R.V.), Keezhapoothanur (P) Perunattan Thoppu Ward 2 , 7.Melapoothanur (R.V.), Keezhapoothanur (P) Akkarai Thoppu Ward 2
, 8.Melapoothanur (R.V.), Keezhapoothanur (P) Thennamarakudi Ward 2 , 9.Melapoothanur (R.V.), Keezhapoothanur (P) Thennamarakudi Adi dravidar Street Ward 3",All Voters
75,163,75,"P.U.P.School Virkudi 610101, Terraced Building South Facing","1.Virkudi (R.V.) and (P) Kula manickam Adi dravidar Street Ward-1 , 2.Virkudi (R.V.) and (P)  Kulamanickam Ward-1 ,
3.Virkudi (R.V.) and (P) Agarathirappu Ward 1 , 4.Virkudi (R.V.) and (P) Vadakarai Vazhkudi Ward-1 , 5.Virkudi (R.V.) and (P) Virkudi Adi dravidar Street Ward-1 , 6.Virkudi (R.V.) and (P) Abisheka Natham Street Ward-1 , 7.Virkudi (R.V.) and (P) South street Ward-2 , 8.Virkudi (R.V.) and (P) Middle Street Ward-2 , 9.Virkudi (R.V.) and (P) Rottu Theru Ward-2 , 10.Virkudi (R.V.) and (P) North Street Ward-2 , 11.Virkudi (R.V.) and (P) Padugai Street Ward-2",All Voters
76,163,76,"P.U.P.School Raranthirimangalam 610101, Terraced Building West Facing","1.Raranthimangalam (R.V.) and (P) Keezha Adidravidar Street Ward-1 , 2.Raranthimangalam (R.V.) and (P) Madhakovil Street Ward-1 , 3.Raranthimangalam (R.V.) and (P) Kudiyana Street Ward-1 , 4.Raranthimangalam (R.V.) and (P) West Adi dravidar Street Ward-2 , 5.Raranthimangalam (R.V.) and (P) Thiruparkadal Madhakovil Street Ward-2 , 6.Raranthimangalam (R.V.) and (P) Andipandal Adi dravidar Street Ward-2 , 7.Raranthimangalam (R.V.) and (P) Andipandal Kudiyana Street Ward-2",All Voters
77,163,77,"Government High School Vazhkudi 610 101, West Facing RCC Building Room No:1","1.Vazhkudi (R.V.) and (P) East agraharam ward-1 , 2.Vazhkudi (R.V.) and (P) Sivan  Kovil Street Ward-1 , 3.Vazhkudi (R.V.) and (P) West Agraharam Perumal Kovil Street Ward-1 , 4.Vazhkudi (R.V.) and (P) Thattara Street Ward-1 ,
5.Vazhkudi (R.V.) and (P) Anaikulam Street Ward-1 , 6.Vazhkudi (R.V.) and (P) East Street Ward-1 , 7.Vazhkudi (R.V.) and (P) Middle Street Ward-1 , 8.Vazhkudi (R.V.) and (P) Kaliyamman Kovil Street Ward-1 , 9.Vazhkudi (R.V.) and (P) West Street Mariyamman Kovil Ward-1 , 10.Vazhkudi (R.V.) and (P) Bazar Street Ward-1 , 11.Vazhkudi (R.V.) and (P) Ambedkar Street, Kanniyamman Kovil Street Ward-2 , 12.Vazhkudi (R.V.) and (P) Archana Street Ward-2 , 13.Vazhkudi (R.V.) and (P) Nagoor Rottu Theru Ward-2 , 14.Vazhkudi (R.V.) and (P) Kalyana Iruppu Ward-2 , 15.Vazhkudi (R.V.) and (P) Veedhividangan  Kudiyana Street Ward-2 , 16.Vazhkudi (R.V.) and (P) Veedhi vidagan Adi dravidar Stree Ward-2 , 17.Vazhkudi (R.V.) and (P) Anaikovil Adidravidar Street Ward-2 , 18.Vazhkudi (R.V.) and (P) Anaikovil Kudiyana",All Voters
78,163,78,"P.U.M.School Kangalancheri 610 101
, New Building (South Facing) Eastern Side","1.Kangalancheri (R.V.) and (P) Sannathi street ward-1 , 2.Kangalancheri (R.V.) and (P) Nagoor Main road Ward-1 Colony Therukadai , 3.Kangalancheri (R.V.) and (P) Puliyanthoppu Street Wart-1 , 4.Kangalancheri (R.V.) and (P) Agraharam Ward-2 , 5.Kangalancheri (R.V.) and (P) Valluvar Street Ward-2 , 6.Kangalancheri (R.V.) and (P) Santhaveli Ward-2 , 7.Kangalancheri (R.V.) and (P) Colony Street Ward-2 , 8.Kangalancheri (R.V.) and (P) Railway Gate Ward-2 , 9.Kangalancheri (R.V.) and (P) Railadi mill Street Ward-2 , 10.Kangalancheri (R.V.) and (P) Thittani Street Ward-2 , 11.Kangalancheri (R.V.) and (P) Santhamangalam Adidravidar Street Ward-2",All Voters
79,163,79,"P.U.M.School Kangalancheri 610 101
, New Building (South Facing) Western Side","1.Kangalancheri (R.V.) and (P) Railway Gate Main road Ward-2 , 2.Kangalancheri (R.V.) and (P) Nagoor Mayiladuthurai Road Ward-2 , 3.Kangalancheri (R.V.) and (P) Kangalancheri   Bazar Street Ward-2 , 4.Kangalancheri (R.V.) and (P) Sathamangalam Kudiyana Street Ward-2 , 5.Kangalancheri (R.V.) and (P) Vitchur Kudiyana Street Ward-3 , 6.Kangalancheri (R.V.) and (P) Vitchur Adi dravidar Street Ward-3 , 7.Kangalancheri (R.V.) and (P) Poondi East Street Ward-3 , 8.Kangalancheri (R.V.) and (P) Poondi Madha Kovil Street Ward-3 , 9.Kangalancheri (R.V.) and (P) Poondi West Street Ward-3",All Voters
80,163,80,"St.Anne s Middle School, Karaiyur 610 101, South Facing, West Room Eastern Side Building","1.Karaiyur (R.V.) and (P) Vaikkalvettu ward-1 , 2.Karaiyur (R.V.) and (P) Rottu Theru Ward-1 , 3.Karaiyur (R.V.) and (P) Annal Nagar Ward-1 , 4.Karaiyur (R.V.) and (P) Arokiya nathar Kovil Ward-1 , 5.Karaiyur (R.V.) and (P) Karaiyur Street Ward-1 , 6.Karaiyur (R.V.) and (P) Vanniyur Street Ward-1 , 7.Karaiyur (R.V.) and (P) Utchikattalai Ward-2 ,",All Voters
81,163,81,"Panchayat Union Elementary School, Kamarajapuram, South Facing","1.Karaiyur (R.V.) and (P) Poosalangudi Ward-2 ,2.Karaiyur (R.V.) and (P) Kamarajapuram Ward-2 , 3.Karaiyur (R.V.) and (P) Veerabogam Ward-3 , 4.Karaiyur (R.V.) and (P) Aranmanaikaran Street Ward-3 , 5.Karaiyur (R.V.) and (P) Minavaipur Ward 3",All Voters
82,163,82,"P.U.M.School Thirupayathankudi 610101, East Terraced Building South Facing","1.Thirupayathangudi (R.V.) and (P) Thirumalaiyanpoigai colony street ward-1 , 2.Thirupayathangudi (R.V.) and (P) Thirupayathangudi Main Road Ward-1 , 3.Thirupayathangudi (R.V.) and (P) Veera perumal Nallur Colony Street Ward-1 , 4.Thirupayathangudi  Veeraperumal Nallur Main Road Ward 1 , 5.Thirupayathangudi  Veeraperumal East Street Ward 1 , 6.Thirupayathangudi (R.V.) and (P) Thirupayathangudi Colony Street , 7.Thirupayathangudi  Thirupayathangudi Appakula Street Ward-1 , 8.Thirupayathangudi Thirupayathangudi Main road Ward-2 , 9.Thirupayathangudi Thirupayathangudi Sivan Street Ward 2 , 10.Thirupayathangudi Thirupayathangudi Sivan North Ward-2 , 11.Thirupayathangudi Thirupayathangudi P.S.R.Nagar Ward-2 , 12.Thirupayathangudi Nithiyampettai East Ward-2 , 13.Thirupayathangudi (R.V.) and (P) Nithiyampettai MainRoad Ward-2 , 14.Thirupayathangudi (R.V.) and (P) Nithiyampettai Main Road Ward-2 , 15.Thirupayathangudi (R.V.) and (P) Nithiyampettai Colony Street Ward-2",All Voters
83,163,83,"Pachayat Union Elementary School East Facing RCC Building, North Facing Tiled Building, Keela Thanjavur","1.Thirupayathangudi (R.V.) and (P) Keela Thanjavur Madha Kovil Street Ward 1 , 2.Thirupayathangudi (R.V.) and (P) Keela Thanjavur Vadi Street Ward 1 , 3.Thirupayathangudi (R.V.) and (P) Keela Thanjavur Sivan Street Ward 1 , 4.Thirupayathangudi (R.V.) and (P) Keela Thanjavur North Ward-2 , 5.Thirupayathangudi (R.V.) and (P) Keela Thanjavur West Street Ward-2 , 6.Thirupayathangudi (R.V.) and (P) Keela Thanjavur Mettu Street Ward-2 , 7.Thirupayathangudi (R.V.) and (P) Keela Thanjavur East Street Ward-2 , 8.Thirupayathangudi (R.V.) and (P) Keela Thanjavur South Street Ward-2",All Voters
84,163,84,"P.U.M.School Kottarakudi, Southbuilding, East Facing","1.Kottarakkudi (R.V.) and (P) Rottu theru East Ward-1 , 2.Kottarakkudi (R.V.) and (P) Perusathangudi Sathiram Ward-2 , 3.Kottarakkudi (R.V.) and (P) Kondaman Thoppu Ward-1 , 4.Kottarakkudi (R.V.) and (P) Rottu Theru West Ward-1 , 5.Kottarakkudi (R.V.) and (P) Mill Street Ward 1 , 6.Kottarakkudi (R.V.) and (P) West Street Ward 1 , 7.Kottarakkudi (R.V.) and (P) Middle Street Ward 1 , 8.Kottarakkudi (R.V.) and (P) East Street Ward-1 , 9.Kottarakkudi (R.V.) and (P) Pallivasal Street Ward-1 , 10.Kottarakkudi (R.V.) and (P) Nallukkudi ward 2 , 11.Kottarakkudi (R.V.) and (P) Perikannamangalam Ward-2",All Voters
85,163,85,"Adi Dravidar Welfare Primary School, Periyakannamangalam South Facing","1.Kottarakkudi (R.V.) and (P) Periyakannamangalam Adi dravidar Street Ward-2 , 2.Kottarakkudi (R.V.) and (P) River Bank Street Ward-2 , 3.Kottarakkudi (R.V.) and (P) Vellar Thoppu Ward-2 , 4.Kottarakkudi (R.V.) and (P) Kudiyana Street Ward-2 , 5.Kottarakkudi (R.V.) and (P) Ukkadai Ward-2 , 6.Kottarakkudi (R.V.) and (P) Chinnakannamangalam Adidraiivdar Street Ward-3 , 7.Kottarakkudi (R.V.) and (P) Chinnakannamangalam Kudiyana Street Ward-3 , 8.Kottarakkudi (R.V.) and (P) Perinjathankudi Ward-3",All Voters
86,163,86,"Pachayat Union Middle School Kuttalam 609703, East Facing East Facing Terraced Building","1.Kuthalam (R.V.) and (P) Puzhavarnallur street ward-1 , 2.Kuthalam (R.V.) and (P) Iyyanar Kovil Street Ward-1 ,
3.Kuthalam (R.V.) and (P) Kuthalam Kudiyana Street Ward-1 , 4.Kuthalam (R.V.) and (P) Kuthalam East Street Ward-2 ,
5.Kuthalam (R.V.) and (P) Soppu Company Ward-2 , 6.Kuthalam (R.V.) and (P) Mandapa Medu Ward-2",All Voters
87,163,87,"Panchayat Union Primary School West Side New Building South Facing, South Facing New Terraced Building, Kopurajapuram","1.Kuthalam (R.V.) and (P) River Bank Street Ward-2 , 2.Kuthalam (R.V.) and (P) River Bank Street Ward-2 , 3.Goburarajapuram (R.V.) and (P) Pandaha Salai Street Ward-2 , 4.Goburarajapuram (R.V.) and (P) Colony Street Ward-2
, 5.Goburarajapuram (R.V.) and (P) Sannasi Panagudi Kudiya Street Ward-1 , 6.Goburarajapuram (R.V.) and (P) Sannasi Panangudi Adidravidar Street Ward-1 , 7.Goburarajapuram (R.V.) and (P) Thalaiyari Street Ward-1 , 8.Goburarajapuram (R.V.) and (P) Vellapackam Kudiyana Street Ward-1 , 9.Goburarajapuram (R.V.) and (P) Madha kovil Street Ward-1",All Voters
88,163,88,"Sri Rajarajeshwari Aided Elementary
School South Portion, West Facing, Panangudi","1.Panangudi (R.V.) and (P) Salai  street ward-1 , 2.Panangudi (R.V.) and (P) Panangudi Kudiyana Street Ward-1 ,
3.Panangudi (R.V.) and (P) Adidravidar Street Ward-1 , 4.Panangudi (R.V.) and (P) Karaimedu Ward-1",All Voters
89,163,89,"Sri Rajarajeshwari Aided Elementary School Panangudi 611 002, Eastern Side Building First Room from North West Facing","1.Panangudi (R.V.) and (P) Mudhaliyar Panangudi Ward-2 , 2.Panangudi (R.V.) and (P) Samathuvapuram Ward-2 , 3.Panangudi (R.V.) and (P) Vellar Thidal Ward-2",All Voters
90,163,90,"Panchayat Union Elementary School, West Facing, Northern Portion, Amirtha Nagar, Panangudi","1.Panangudi (R.V.) and (P) Vetrivazhkai ward-3 , 2.Panangudi (R.V.) and (P) Kovil Pathu Ward-3 , 3.Panangudi (R.V.) and (P) CPCL Kudiyiruppu Ward-3 , 4.Panangudi (R.V.) and (P) Iyyanar Kovil Street Ward-3 , 5.Panangudi (R.V.) and
(P) Asari Street Ward-3 , 6.Panangudi (R.V.) and (P) Mill Street Ward-3 , 7.Panangudi (R.V.) and (P) Pudhumanai Street
Ward-3 , 8.Panangudi (R.V.) and (P) Costums Colony Ward-3 , 9.Panangudi (R.V.) and (P) Karaikkal Main Road Ward-3",All Voters
91,163,91,"Panchayat Union Elementary School Terraced Building East Facing, Samathuvapuram Panangudi","1.Panangudi (R.V.) and (P) Odaimedu Ward-2 ,",All Voters
92,163,92,"Govt High School East Facing Building, Samathuvapuram Panangudi",2.Panangudi (R.V.) and (P) TEMPARVARY SHETER,All Voters
93,163,93,"Panchayat Union Elementary School Narimanam 611 002, West Facing Southern Side Building","1.Narimanam (R.V.) and (P) Sivan kovil street ward-1 , 2.Narimanam (R.V.) and (P) Perumal Kovil Street Ward-1 , 3.Narimanam (R.V.) and (P) Agraharam Ward-1 , 4.Narimanam (R.V.) and (P) East Street Ward-1 , 5.Narimanam (R.V.) and (P) West Street Ward-1 , 6.Narimanam (R.V.) and (P) North Street Ward-2 , 7.Narimanam (R.V.) and (P) Middle Street Ward-2 , 8.Narimanam (R.V.) and (P) Naranamangalam Ward-2 , 9.Narimanam (R.V.) and (P) Sullangkal Ward-2",All Voters
94,163,94,"P.U.P.School Boothangudi Uthamachozhapuram 611 002, Terraced Building (South Facing) Western Side","1.Uthamachozhapuram (R.V.) and (P) Poothangudi Thalaiyari Thoppu Ward 1 , 2.Uthamachozhapuram (R.V.) and (P) Poothangudi Kambar Street Ward 1 , 3.Uthamachozhapuram (R.V.) and (P) Poothangudi Devit Nagar Ward 1 , 4.Uthamachozhapuram (R.V.) and (P) Poothangudi Colony Street Ward 1 , 5.Uthamachozhapuram (R.V.) and (P) Poothangudi Madha Kovil Street Ward 1 , 6.Uthamachozhapuram (R.V.) and (P) Poothangudi Kudiyana Street Ward 1 , 7.Uthamachozhapuram (R.V.) and (P) Boothangudi Main Road Ward-1 , 8.Uthamachozhapuram (R.V.) and (P) Sirunangai Silicate Company Ward-1 , 9.Uthamachozhapuram (R.V.) and (P) Sirunangai Narimanam Salai Ward 1 , 10.Uthamachozhapuram (R.V.) and (P) Sirunangai Akilandapuram Annath theru Ward 3",All Voters
95,163,95,"P.U.P.School Uthamachozhapuram, South Facing","1.Uthamachozhapuram (R.V.) and (P) Sirunangai Akilandapuram Main Road Ward 3 , 2.Uthamachozhapuram (R.V.) and
(P) Sirunangai Main Road Ward-2 , 3.Uthamachozhapuram (R.V.) and (P) Sirunangai Madha Kovil Street Ward 2 , 4.Uthamachozhapuram (R.V.) and (P) Sirunangai Pugazhendhi Street Ward 2 , 5.Uthamachozhapuram (R.V.) and (P) Sirunangai Main Road Ward 2 , 6.Uthamachozhapuram (R.V.) and (P) Sirunangai Kannaki Street Ward 2",All Voters
96,163,96,"Government Higher secondary School North Portion East Side RCC Building, Muttam","1.Nagore (R.V) Muttam (P) North Street ward:1 , 2.Nagore (R.V) Muttam (P) Middle Street ward:1 , 3.Nagore (R.V) Muttam (P) Pillaiyar Koil Street ward:1 , 4.Nagore (R.V) Muttam (P) Keela Street ward:1 , 5.Nagore (R.V) Muttam (P) Keela-Athi Dravidar Street ward:1 , 6.Nagore (R.V) Muttam (P) Palani Thidal ward:2 , 7.Nagore (R.V) Muttam (P) Perumal Koil Street ward:2 , 8.Nagore (R.V) Muttam (P) South Street ward:2 , 9.Nagore (R.V) Muttam (P) Mela- Athi Dravidar Street ward:2 , 10.Nagore (R.V) Muttam (P) IBP Kudiruppu ward:2 , 11.Nagore (R.V)  Muttam (p) North-Athi Dravidar Street ward:2",All Voters
97,163,97,"National Higher Secondary School RCC Building Western Side Room, Pidari koil Street Nagore","1.Nagapattinam (M) Perumal-North Street ward:8 , 2.Nagapattinam (M) Vetrilaikaran Thiruvasal ward:8 , 3.Nagapattinam (M) Nadan-Pettai ward:8 ,4.Nagapattinam (M) Thumpapoo Mada Street ward:8, 5.Nagapattinam (M) Kosamettu Street ward:8 , 6.Nagapattinam (M) Mela-Akragaram ward:8",All Voters
98,163,98,"National Higher Secondary School (West Side Room No.3 From East Building), Pidari koil Street Nagore","1.Nagapattinam (M) Perumal-Mela Veethi ward:8 , 2.Nagapattinam (M) Nanayakara Street ward:8 ,  3.Nagapattinam (M) Perumal Madavalakam ward:8 , 4.Nagapattinam (M) Perumal-Then Santhu ward:7 ,  5.Nagapattinam (M) Peumal Koil Mela Mada Vilakam ward:8 ,  6.Nagapattinam (M) Perumal Koil Kulam-Melakarai ward:8 , 7.Nagapattinam (M) Kosa Street ward:8",All Voters
99,163,99,"National Higher Sec School ( RCC Building West Side East Facing Room
:3)   ,Pidarai koil Street Nagore","1.Nagapattinam (M) Thirumalaiyappan-Chandu ward:7 ,   2.Nagapattinam (M) Perumal-Keela Veethi North Side ward:7 , 3.Nagapattinam (M) Perumal-South Street ward:7 , 4.Nagapattinam (M) Pidari Koil Street ward:7 , 5.Nagapattinam (M) Perumal Sannathi ward:7 ,    6.Nagapattinam (M) Perumal-Keela Veethi ward:7 ,",All Voters
100,163,100,"National Higher Sec School ( RCC Building East side West Facing Room
:1)   ,Pidarai koil Street Nagore","1.Nagapattinam (M) Mappillai-Street ward:7 , 2.Nagapattinam (M) Kalikuttian-Nayakkar Street ward:7 ,   3.Nagapattinam
(M) Alaukkaran Thottam ward:7",All Voters
101,163,101,"National Higher Sec School ( RCC Building East side West Facing Room
:2)   ,Pidarai koil Street Nagore","1.Nagapattinam (M) Vandi Pettai ward:7 , 2.Nagapattinam (M) Vannan Kulam-Vadakarai ward:7 ,3.Nagapattinam (M) Vannara Street ward:7 ,",All Voters
102,163,102,"National Higher Sec School ( RCC Building East side West Facing Room
:3)   ,Pidarai koil Street Nagore","1.Nagapattinam (M) North-Vannara Street ward:8 , 2.Nagapattinam (M) Vannan Kulam-Melkarai ward:8 3. 999 - Overseas Electors",All Voters
103,163,103,"Municipal Manikkam Chettiyar Elementary School (RCC Building Ground Floor North Side), Sivan Mela Veethy Nagore","1.Nagapattinam (M) Sivan North Street ward:1 , 2.Nagapattinam (M) Sivan Sannathi ward:1 , 3.Nagapattinam (M) Sivan Keela-Mada Vilakam ward:1 , 4.Nagapattinam (M) Sivan-South Mada Vilakam ward:1, 5.Nagapattinam (M) Sivan-Mela Mada Vilagam ward:1, 6.Nagapattinam (M) Sivan-South Street  ward:1",All Voters
104,163,104,"Municipal Manikkam Chettiyar Elementary School (RCC Building Ground Floor North Side East Side North Building), Sivan Mela Veethy","1.Nagapattinam (M) Sivan-Mela Veethi ward:1 ,2.Nagapattinam (M) Otha Kammala Street ward:1 ,         3.Nagapattinam
(M) Retta Kammala Street ward:1 , 4.Nagapattinam (M) Palaya Thoni Thurai Road ward:1 ,5.Nagapattinam (M) Kosa-Kula Street ward:1,6.Nagapattinam (M) Sivan-Keela Veethi ward:1",All Voters
105,163,105,"Municipal Islam Middle School (RCC Building Western Side), Miya theru Nagore","1.Nagapattinam (M) Pandakasalai-1st-Street ward:4 , 2.Nagapattinam (M) Miyad-Street ward:4 ,             3.Nagapattinam
(M) Pandakasalai Street ward:4 , 4.Nagapattinam (M) Puliya Marathadi Chandu ward:2, 5.Nagapattinam (M) Kattupalli-Kula Street ward:4 ,6.Nagapattinam (M) Kalpandakasalai Street ward:4",All Voters
106,163,106,"Municipal Islam Middle School East Side RCC Building, Miyatheru Nagore","1.Nagapattinam (M) Miyad Street-1st Chandu ward:4 ,2.Nagapattinam (M) Mela Pattina Chery ward:4",All Voters
107,163,107,"Anganwadi Building Puyal Padhukappu Maiyam, Room No.1, Keelapattinacherry","1.Nagapattinam (M) Keelapattinacherry North Street ward:4 ,2.Nagapattinam (M) Keelapattinacherry-South Street ward:4
, 3.Nagapattinam (M) South Street ward 4 ,4.Nagapattinam (M) Melapattinacherry ward:4",All Voters
108,163,108,"Anganwadi Building Puyal Pathukappu Maiyam, Room No .2, Keela Pattinacherry",1.Nagapattinam (M) Keelpattinachery ward:4,All Voters
109,163,109,"Municipal Islam Elementary School RCC Building, North Side Room East Facing, Puliyamarathadi Sandhu Nagore","1.Nagapattinam (M) Maideen Palli Street ward:3 ,2.Nagapattinam (M) Maideen Palli-11 Chandu ward:3 , 3.Nagapattinam (M) Maideen Palli-3 Chandu ward:3 , 4.Nagapattinam (M) Maideen Palli-4 Chadu ward:3 , 5.Nagapattinam (M) Maideen Palli-5 Chandu ward:3 ,6.Nagapattinam (M) Maideen Palli-10 Chandu ward:3 , 7.Nagapattinam (M) Maideen Palli 8 & 9 Chandu ward:3 , 8.Nagapattinam (M) Maideen Palli-7 Chandu ward:3
,  9.Nagapattinam (M) New Street ward:3 , 10.Nagapattinam (M) Thalimattu-Street ward:3 ,11.Nagapattinam
(M) Maideen Palli-1 Street ward:3 ,12.Nagapattinam (M) Maideen Palli-Male Chandu ward:3",All Voters
110,163,110,"Hamidhiya Nursery School, Elantha Marathadi Santhu, Room No.1, Nagore","1.Nagapattinam (M) Theru Palli-Street ward:3 ,2.Nagapattinam (M) Theru Palli Street-1Chandu ward:3 3.Nagapattinam (M) Theru Palli-Kulam Street ward:3 , 4.Nagapattinam (M) Maideen Palli-1 Chandu ward:3 ,",All Voters
111,163,111,"Hamidhiya Nursery School, Elantha Marathadi Santhu, Room No 2, Nagore","1.Nagapattinam (M) Semmarakkadai Lane ward:3 , 2.Nagapattinam (M) Santha Sahib Street ward:3 ,3.Nagapattinam (M) Manavara North Lane ward:3,4.Nagapattinam (M) Manavara North Keel Mel Lane  ward:3,5.Nagapattinam (M) Manavara West Street ward:3, 6.Nagapattinam (M) Manvara North Lane ward:3",All Voters
112,163,112,"Gowthiya Higher Secondary School(Northern Side Building Room:12), Thaikkal Street Nagore","1.Nagapattinam (M) Peerodum Street (Silladi Nagar) ward:10 ,2.Nagapattinam (M) South Street ward:5",All Voters
113,163,113,"Gowthiya Higher Secondary School(Southern Side Building Room:12), Thaikkal Street Nagore","1.Nagapattinam (M) Sangu-Vetti Street ward:5 ,2.Nagapattinam (M) Poraiyatha-Kadai Theru ward:5 ,    3.Nagapattinam
(M) Beerodum Street ward:5",All Voters
114,163,114,"Gowthiya Higher Secondary School(RCC Building Southern Side Room:12), Thaikkal Street Nagoor","1.Nagapattinam (M) Dharga Kulam Vadakarai ward:5,2.Nagapattinam (M) Yusibiya Nagar ward:5,3.Nagapattinam (M) Noolkadai Theru ward:2 ,4.Nagapattinam (M) Jadaiyar Street ward:2",All Voters
115,163,115,"Gowthiya Higher Secondary School(RCC Building Southern Side Sponsered Building), Thaikkal Street Nagoor","1.Nagapattinam (M) Dharga Kulam-Melkarai ward:5,2.Nagapattinam (M) Dharga Kulam- Thankarai ward:5, 3.Nagapattinam (M) Dharga Kulam-Keelkarai ward:5, 4.Nagapattinam (M) Kaleeba Sahib Street ward:2, 5.Nagapattinam
(M) Kaliba Sahib-1 Chandu ward:2,  6.Nagapattinam (M) Kaliba Sahib-2 Chandu ward:2, 7.Nagapattinam (M) Siyamaraikayar Street ward:5",All Voters
116,163,116,"Municipal Islam Elementary School RCC Building South Side Room East Facing, Puliyamarathadi Sandhu Nagore","1.Nagapattinam (M) Manavara Chandu ward:2,  2.Nagapattinam (M) Kunjali-Maraikayar Chandu ward:2 , 3.Nagapattinam (M) Kosa-Maraikayar Street ward:2 ,  4.Nagapattinam (M) Makadoomsa-Street ward:2 , 5.Nagapattinam
(M) Theradi-Chandu ward:2 , 6.Nagapattinam (M) Periya-Kadai Theru ward:2 ,  7.Nagapattinam (M) Manavara-South Street ward:2,  8.Nagapattinam (M) Malimiyar-1Chandu ward:2",All Voters
117,163,117,"Gowthiya Primary School (Mangaloure Tiled Building Eastern Side ), South Street
Nagore","1.Nagapattinam (M) Theradi Subbu-Chetty Chandu ward:2 , 2.Nagapattinam (M) Alanta-Marathadi Chandu ward:2 , 3.Nagapattinam (M) Valayal Kadai Theru ward:2 , 4.Nagapattinm (M) Nellu Kadai-Street ward:2 ,5.Nagapattinam (M) Malumiyar Street (4 Chandu) ward:2 , 6.Nagapattinam (M) Yanaikatti-Mutukku ward:2 , 7.Nagapattinam (M) Manavara-1
Chandu ward:2 , 8.Nagapattinam (M) Manavara-2 Chandu ward:2 ,9.Nagapattinam (M) Manavara-3 Chandu ward:2",All Voters
118,163,118,"National Elementary School (RCC Building Eastern Side West Facing Room No.1), Perumal Keelaveethi
Nagore",1.Nagapattinam (M) Public Road South ward:6,All Voters
119,163,119,"National Elementary School (RCC Building Eastern Side West Facing Room No 2), Perumal Keelaveethi
Nagore","1.Nagapattinam (M) Public Road North ward:6, 2.Nagapattinam (M) Mariyamman Koil Chandu ward:6",All Voters
120,163,120,"National Elementary School ( RCC Building Western Side Room:2)
,Perumal Keelaveethi Nagore","1.Nagapattinam (M) Kolla Street ward:6 ,  2.Nagapattinam (M) Kolla Street North Chandu ward:6, 3.Nagapattinam (M) Thankachi Mada Chandu ward:6 , 4.Nagapattinam (M) Kadar Moideen Thottam ward:6 , 5.Nagapattinam (M) Kadarsha Maraikayar Chandu ward:6,   6.Nagapattinam (M) Venkittu Chandu ward:6, 7.Nagapattinam (M) Pampatti Chandu ward:6,  8.Nagapattinam (M) Vanakkara Street Nagore ward:6",All Voters
121,163,121,"Gowthiya Elementary School (Mangalore Tiled Building Northern Side Room Western Wing), South Street Nagore","1.Nagapattinam (M) Pudumanai Street ward:9,  2.Nagapattinam (M) Pudumani-Street Raice Mill Chandu ward:9, 3.Nagapattinam (M) Puthumanai Street-1vathu chandhu ward:9",All Voters
122,163,122,"Gowthiya Primary School Mangalore Tiled Building, North Room East Portion Room No.5 South Street Nagore","1.Nagapattinam (M) Koiyaka-Ahmed Neina Chandu ward:9 , 2.Nagapattinam (M) Samuthambi-Maraikayar Street ward:9
, 3.Nagapattinam (M) Beerodum Kattu Raouthar Thottam ward:10 ,",All Voters
123,163,123,"Gowthiya Primary School Mangalore Tiled Building, North Room East Portion Room No.6, South Street
Nagore","1.Nagapattinam (M) Ambedkar Nagar ward:10 ,  2.Nagapattinam (M) Kalara Shet ward:10 ,  3.Nagapattinam (M) Kasappu Thottam ward:10 ,   4.Nagapattinam (M) Peerodum Street ward:10",All Voters
124,163,124,"Municipal Middle School, East side Building North Facing Samba Thottam, Nagore",1.Nagapattinam (M) Mudukku-Thazha Chandu west  ward:9,All Voters
125,163,125,"Municipal Middle School, East Side Middle Portion Building North Facing, Sambathottam, Nagore",1.Nagapattinam (M) Mudukku-Thazha Chandu west  ward:9,All Voters
126,163,126,"Gowthiya Primary School Mangalore Tiled Building West Side, South Street Nagore",1.Nagapattinam (M) Mudukku-Thazha Chandu east ward:10,All Voters
127,163,127,"Government ITI, Admin Block South Facing West Side Room, North Palpannaicherry","1.Nagapattinam (M) North palpannai Cheery Main Road ward:12 ,2.Nagapattinam (M) North Palpannaicheri North Sandu ward:12, 3.Nagapattinam (M) North Palpannicheri Nadar Street ward:12, 4.Nagapattinam (M) Thethi-New Road ward:12 , 5.Nagapattinam (M) G.S.Pillai College Road ward:12 ,",All Voters
128,163,128,"Government ITI, West Side Building West Facing, North Palpannaicherry.","1.Nagapattinam (M) Water Tank-Back Side  ward:12,2.Nagapattinam (M) Kattutheru North Palpannachery ward 12 , 3.Nagapattinam (M) North Palpannaicheri mala Street ward:12 ,4.Nagapattinam(M) North Palpannaicheri Keela Theru ward:12 ,5.Nagapattinam (M) Tsunami Temporary Shelther ITI Camp Valakam ward:11",All Voters
129,163,129,"Municipal Elementary School (RCC Building Southern Side), Mariyamman Koil Street, South Palpannaichery","1.Nagapattinam (M) South palpannai Cherry Pillaiyar Koil Street ward:13 ,2.Nagapattinam (M) South Palpannai Cherry ward:13 ,3.Nagapattinam (M) Main Road South Palpannai Cherry ward:13 ,4.Nagapattinam (M) Sivasakthi Nagar ward:13 , 5.Nagapattinam (M) Velayutham-Street ward:13 , 6.Nagapattinam (M) Vellarikai mandapam ward:13,",All Voters
130,163,130,"Municipal Primary School (RCC Building Northern Side), Palpannaichery",1. Mariyamman Koil street 2. Lakshmi Nagar (west),All Voters
131,163,131,"Municipal Primary School (RCC Building Northern Side Room no.1), Palppannaicherry",1. Lakshmi Nagar (East),All Voters
132,163,132,"Government High School (RCC Building), West Facing, Southern Portion, Samanthankuppam",1.Nagapattinam (M) Samanthan Kuppam ward:11,All Voters
133,163,133,"Government High School (RCC Building), West Facing, Northern Portion Samanthankuppam",1.Nagapattinam (M) Samanthan Kuppam ward:11,All Voters
134,163,134,"Municipal Midddle School (RCC Building Middle Side), Kadambadi Nagapattinam","1.Nagapattinam (M) Pachai Pillaiyar Koil Keel Mele Street ward:14 ,2.Nagapattinam (M) Mohamadiyar Street-11Street ward:14",All Voters
135,163,135,"Municipal Midddle School (RCC Building Middle Room North Facing), Kadambadi Nagapattinam","1.Nagapattinam (M) Thiroupathaiyamman-Koil Street ward:14 ,2.Nagapattinam (M) Souriyar Koil Street ward:14 , 3.Nagapattinam (M) Kavara Street ward:14",All Voters
136,163,136,"Municipal Middle School New RCC Building East Side, Kadambadi Nagapattinam","1.Nagapattinam (M) Mariyamman Koil Street ward:14, 2.Nagapattinam (M) Vadakudi Sathiram ward:13 , 3.Nagapattinam
(M) Nadar Street ward:18",All Voters
137,163,137,"Municipal Middle School New RCC Building West Side, Kadambadi Nagapattinam","1.Nagapattinam (M) Public Office Road ward:15 ,2.Nagapattinam (M) N.g.o.Colony  ward:14 ,  3.Nagapattinam (M) ward:12 Tsunami-Temprari Shet DRO Bungalow ward:14",All Voters
138,163,138,"Municipal Middle School (New RCC Building Northern Side ), Kadambadi Nagapattinam","1.Nagapattinam (M) Kadambadi Pillayar Koil Street ward:15 , 2.Nagapattinam (M) Kadambadi Sebastiyar Koil Street ward:15 ,3.Nagapattinam (M) Bungalow Club Road ward:15",All Voters
139,163,139,"Municipal Middle School (New RCC Building Eastern Side), Kadambadi Nagapattinam","1.Nagapattinam (M) Police Colony ward:15 ,2.Nagapattinam (M) Sir Ahmed Villa North ward:15 ,3.Nagapattinam (M) Elanseran Nagar ward:15 , 4.Nagapattinam (M) Neidal Nagar ward:15",All Voters
140,163,140,"Municipal Middle School, (West Facing, East side RCC Building South Portion) ,Nambiyarnagar Velippalayam Nagapattinam","1.Nagapattinam (M) Newbeachroad ward:15 , 2.Nagapattinam (M) Panchayat Union-Officers Colony ward:15 , 3.Nagapattinam (M) Kollai Kattu Street ward:13 ,4.Nagapattinam (M) Port Offisers Colony ward:15,  5.Nagapattinam (M) Kadambadi Nambiyar Nagar Road ward:15 , 6.Nagapattinam (M) Housing Board Colony ward:15 ,7.Nagapattinam (M) Nambiyar Nagar Road Then Sandu ward:15 , 8.Nagapattinam (M) Nambiyar Nagar Road North Road ward:15 , 9.Nagapattinam (M) Maraimalai Nagar 1-Street ward:16 , 10.Nagapattinam (M) Maraimalai Nagar 2-Street ward:16 , 11.Nagapattinam (M) Maraimalai Nagar 3-Street ward:16 , 12.Nagapattinam (M) Maraimalai Nagar 4-Street ward:16 , 13.Nagapattinam (M) Maraimalai Nagar 5-Street ward:16 , 14.Nagapattinam (M) Maraimalai Nagar 6-Street ward:16 , 15.Nagapattinam (M) West Salai ward:16 , 16.Nagapattinam (M) Maraimalai Nagar 9-Street ward:16 , 17.Nagapattinam
(M) Maraimalai Nagar 8-Street ward:16 ,18.Nagapattinam (M) Maraimalai Nagar 7-Street ward:16",All Voters
141,163,141,"Municipal Middle School, (West Facing, East side RCC Building Middle Portion) ,Nambiyarnagar Velippalayam Nagapattinam","1.Nagapattinam (M) Nambiyar Nagar Colony ward:16 ,  2.Nagapattinam (M) Meenavar Colony Nambiyar Nagar ward:16
, 3.Nagapattinam (M) Nambiyar Nagar Middle Street ward:16 ,",All Voters
142,163,142,"Municipal Middle School, (West Facing, East side RCC Building Room No 2), Nambiyar nagar, Velippalayam Nagapattinam","1.Nagapattinam (M) South Street Nambiyar Nagar ward:16 , 2.Nagapattinam (M) North Street Nambiyar Nagar ward:16 , 3.Nagapattinam (M) East Street Nambiyar Nagar ward:14",All Voters
143,163,143,"Municipal Middle  School North Side (RCC New Building  south facing East Portion)   ,Nambiyar Nagar Nagapattinam","1.Nagapattinam (M) Nambiyar Nagar Meenavar Colony ward:16 , 2.Nagapattinam (M) Middle Street Nambiyar Nagar ward:16 , 3.Nagapattinam (M) Nambiyar Nagar Main Road ward:16",All Voters
144,163,144,"Municipal Middle School (RCC Building North Side South Facing, Middle Portion), Nambiyar Nagar Nagapattinam","1.Nagapattinam (M) Railway Line East Side ward:16 , 2.Nagapattinam (M) Nambiyar Nagar East ward:16",All Voters
145,163,145,"Municipal Middle School North Side (RCC New Building West Portion), Nambiyar Nagar Nagapattinam","1.Nagapattinam (M) Tsunami Temporary Shelters Nambiyar Nagar ward:16 ,  2.Nagapattinam (M) Nambiyar Nagar west ward:16",All Voters
146,163,146,"Municipal Middle School New RCC South Building, Nellukkadai Street Velippalayam Nagapattinam","1.Nagapattinam (M) Kariyangudi Chetti Street ward:18 , 2.Nagapattinam (M) Mariyamman Koil Street ward:18 , 3.Nagapattinam (M) Nellukadai-Street ward:18",All Voters
147,163,147,"Municipal Middle School RCC Building, Nellukkadai Street Velippalayam Nagapattinam","1.Nagapattinam (M) Kaliyamman Koil  Street Back Side ward:18 ,2.Nagapattinam (M) Rama Nayakkan Kula Theru ward:18 , 3.Nagapattinam (M) Mariyamman Mela Veethi ward:18 , 4.Nagapattinam (M) Mariyamman Koil Melamada Vilakam ward:18 ,5.Nagapattinam (M) Mariyamman Keela Mada Vilagam ward:18 , 6.Nagapattinam (M) Kaliamman Kovil Street ward:18 , 7.Nagapattinam (M) Muthu Mariyamman North Street ward:18",All Voters
148,163,148,"Natarajan Dhamayanthi Primary School (Southern Side Asbestos Sheet Building, West Portion, North Facing, Sivan West Street Velippalayam Nagapattinam","1.Nagapattinam (M) Sivan Chetti Street ward:19, 2.Nagapattinam (M) Sivan Vadakku Veethi ward:19, 3.Nagapattinam
(M) Mariyamman Therku Veethi ward:19, 4.Nagapattinam (M) Athi Dhiravidar Street ward:19, 5.Nagapattinam (M) Melavaikkangarai Street ward:19, 6.Nagapattinam (M) Sivan-South Street ward:19, 7.Nagapattinam (M) Sivasakthi Nagar ward:19,",All Voters
149,163,149,"Natarajan Dhamayanthi Primary School (Southern Side Asbestos Sheet Building, Middle Portion, North Facing, Sivan West Street Velippalayam Nagapattinam","1.Nagapattinam (M) Sivan Mela Veethi ward:19,2.Nagapattinam (M) Ramamada North Street ward:19,   3.Nagapattinam
(M) Sivan-Mela Mada Vilakam ward:20, 4.Nagapattinam (M) Thirukkulam Mel Sandhu ward:20, 5.Nagapattinam (M) Aanandhavalli Amman Sannathi ward:20, 6.Nagapattinam(m) Neela Sandhu ward:19, 7.Nagapattinam (M) Thirukkulam Vadakarai ward:19,  8.Nagapattinam (M) Ramarmadam North Street ward:19,  9.Nagapattinam (M) Sivan Therku Madavilagam ward:20, 10.Nagapattinam (M) Sivan Vadakku Madavilagam ward:20",All Voters
150,163,150,"Natarajan Dhamayanthi Primary School, Southern Side Asbestos Sheet Building, East Portion, North Facing Sivan West Street Velippalayam
Nagapattinam","1.Nagapattinam (M) Anna Nagar ward:19 , 2.Nagapattinam (M) Sivan-Keelaveethi ward:19 , 3.Nagapattinam (M) Ponna Pillai Street ward:19 ,4.Nagapattinam (M) Thamothara Nayudu Street ward:19 , 5.Nagapattinam (M) Ramarmada Street ward:19 , 6.Nagapattinam (M) Chinnappa Muthaliyar Street ward:19 ,",All Voters
151,163,151,"Natarajan Dhamayanthi Primary School (Southern Side Asbestos Sheet Building, East Portion, North Facing Room No 1, Sivan West Street Velippalayam Nagapattinam","1.Nagapattinam (M) Sankara Vinayagar Street ward:19 , 2.Nagapattinam (M) Sankara Vinayagar  Keezh Sandhu ward:19 , 3.Nagapattinam (M) Sankara Vinayagar Mel Sandhu ward:19 , 4. Nagapattinam (M) Sivan Sannathi ward:19 , 5.Nagapattinam (M) Akastheeswaran Swami Thoppu ward:19 , 6.Nagapattinam (M) Vaikkangarai Street ward:19 ,  7.
Nagapattinam (M) Ramarmada Keezh Sandhu ward:19 , 8. Nagapattinam (M) Tsunami Temporary Shelters - Nanthavanam ward:19 9. 999 -.Overseas Elector",All Voters
152,163,152,"Natarajan Dhamayanthi High
School(Southern Side RCC Building West Portion , Nandu Kulam Road Velippalayam Nagapattinam","1.Nagapattinam (M) Public Office Road ward:17 , 2.Nagapattinam (M) Kuppachi Thottam ward:17 ,3.Nagapattinam (M)
Kamarajar Colony ward:17 ,4.Nagapattinam (M) Vappakandu Maraikkarayar Thottam ward:17 ,5.Nagapattinam (M) Railwaygate Melpakkam ward:17 , 6.Nagapattinam (M) Kumaran Nagar Velivai ward:17 , 7.Nagapattinam (M) Nandu Kulam Road ward:17 ,8.Nagapattinam (M) Railway Line Sandhu ward:23 , 9.Nagapattinam (M) Naga Thoppu ward:23
,10.Nagapattinam (M) Fire Service Officer Colony ward:23",All Voters
153,163,153,"Nadarajan Dhamayanthi High School (Southern Side RCC Building Eastern Portion), Nanddukulam Road Velippalayam Nagapattinam","1.Nagapattinam (M) Municiple Pettai,ward:17, 2.Nagapattinam (M) Ealai Pillaiyar Koil Street Ward:17, 3.Nagapattinam
(M) Ramanayakkan Kulam Vadakarai Ward:17, 4.Nagapattinam (M) Vandi Pettai Ward:17",All Voters
154,163,154,"Nadarajan Dhamayanthi High School (Southern Side West Center Portion), Nanddukulam Road Velippalayam Nagapattinam","1.Nagapattinam (M) Chetti Thottam Hookes Road Ward:23 , 2.Nagapattinam(m) Hookes Nagar Ward:23 ,",All Voters
155,163,155,"Municipal Elementary School (North Side New RCC Building, Eastern Portion) ,Vedanayagam Chetty Street Nagapattinam","1.Nagapattinam (M) Railway Gate Melpuram South North Sandu ward:24 , 2.Nagapattinam (M) Andhoniyar Kovil Then Sandhu  ward:24 ,3.Nagapattinam (M) Vedhanayagam Chetti Street 3-Sandu ward:24 ,4.Nagapattinam (M) Vedanayakam Chett Street 4-Sandu  ward:24 ,5.Nagapattinam (M) Vedhanayagam Street 6-Sandhu  ward:24 , 6.Nagapattinam (M) Vedhanayagam Street 5-Sandhu ward:24",All Voters
156,163,156,"Municipal Elementary School (North Side New RCC Building) , Vedanayagam Chetty Street Nagapattinam","1.Nagapattinam (M) Vedhanayagam Street 7-Sandhu ward:24 ,2.Nagapattinam (M) Vedhanayagam Street 8-Sandhu ward:24 , 3.Nagapattinam (M) Vedhanayagam Chetti Street  ward:24 , 4.Nagapattinam (M) Vedhanayagam Chetti Street 1-Sandhu ward:24 , 5.Nagapattinam (M) Vedanayagam Chetti Street 2-Sandu ward:24",All Voters
157,163,157,"Municipal Elementary School (Southern Side RCC Building Eastern Portion), Vedanayagam Chetty Street Nagapattinam","1.Nagapattinam (M) North Nalliyan Thottam ward:23 , 2.Nagapattinam (M) Hospital Road ward:23",All Voters
158,163,158,"Municipal Elementary School (Southern Side RCC Building Western Portion) ,Vedanayagam Chetty Street Nagapattinam","1.Nagapattinam(p) Hookes Road ward:23 ,2.Nagapattinam (M) Vadakku Kottaivasal Keel Road ward:23 , 3.Nagapattinam
(M) South Street Nalliyan Thottam ward:23 , 4.Nagapattinam (M) Koodaimudaivore Colony ward:17",All Voters
159,163,159,"Municipal Elementary School RCC Building South Side North Facing Building, Sir Agamad Street Nagapattinam","1.Nagapattinam (M) Market South Side ward:22, 2.Nagapattinam (M) Market Melpuram ward:22,  3.Nagapattinam (M) Ariyapathira Pillai Theru ward:22, 4.Nagapattinam (M) Tharma Koil Sannathi ward:22",All Voters
160,163,160,"Municipal Elementary School South
Portion North Side RCC Building, Sir Agamad Street Nagapattinam","1.Nagapattinam (M) Tharma Koil Road ward:22 ,  2.Nagapattinam (M) Public Office Road ward:22",All Voters
161,163,161,"Saint Anthony Higher Secondary School (Western Side RCC Building Room No.12), V O C Street Nagapattinam","1.Nagapattinam (M) Perumal Vadakku Sandhu ward:20 ,  2.Nagapattinam (M) Perumal Thenmada Vilagam ward:20 , 3.Nagapattinam (M) Perumal Sannathi ward:20,  4.Nagapattinam (M) Perumal Keezh Sandhu ward:20 , 5.Nagapattinam
(M) Suppa Muthaliyar Street ward:20 , 7.Nagapattinam (M) Perumal Mela Vadambokki ward:20",All Voters
162,163,162,"Saint Anthony Higher Secondary
School (Western Side RCC Building Room No 13), V O C Street Nagapattinam","1.Nagapattinam (M) Sivan-South Street ward:20  2.Nagapattinam (M) Veerikulam Keel Lane ward:20 3. Nagapattinam
(M) Veerikulam Lane ward:20   4. Nagapattinam (M) Veerikulam Thenkarai ward:20  5.Nagapattinam (M) Perumal Keela Veethi ward:20",All Voters
163,163,163,"Saint Antonys Higher Secontary School(Western Side RCC Building RoomNo: 9), V O C Street Nagapattinam","1.Nagapattinam (M) Sivan Sannathi South ward:20 ,2.Nagapattinam (M) Thamarai Kulam Melkarai ward:21
,3.Nagapattinam (M) Perumal Vadakku Veethi ward:20 , 4.Nagapattinam (M) Perumal North Street ward:20
,5.Nagapattinam (M) Salavai Kulam Doctor Street ward:21 ,6.Nagapattinam (M) Salavai Kulam Muhamathiyar Street ward:21 , 7.Nagapattinam (M) Nadukkam Theertha Pillaiyar-Sannathi ward:20",All Voters
164,163,164,"Saint Antonys Higher Secondary School (Western Side RCC Building Room No.6), V O C Street Nagapattinam","1.Nagapattinam (M) Public Road ward:22 , 2.Nagapattinam (M) Thamaraikulam Thenkarai ward:21",All Voters
165,163,165,"Saint Antonys Higher Secontary School(West Facing East Side Building Room No 8), V O C Street Nagapattinam","1.Nagapattinam (M) Ganapathiya Pillai Thottam ward:21 ,2.Nagapattinam (M) Madundhukothalam Kmmala Street ward:21 , 3.Nagapattinam (M) Poundu Thottam ward:21 ,4.Nagapattinam (M) Kappalottiya Chidhambaram Pillai Street ward:21 , 5.Nagapattinam (M) Servai Thottam ward:21",All Voters
166,163,166,"Municipal Middle School (Western Side RCC Building), Kallukara Street Nagapattinam","1.Nagapattinam (M) Subbaiyah Pillai Sandhu & Erulappa Pillai Sandu ward:26 , 2.Nagapattinam (M) Kottuppalaya Street ward:26 , 3.Nagapattinam (M) Kottupalaiya Kittangiyamman Thottam ward:26 , 4.Nagapattinam (M) Ramarmadam Middle Sandhu ward:26 , 5.Nagapattinam (M) Kittangiyamman Sannathi ward:26 , 6.Nagapattinam (M) Kinattradi
Sandhu ward:26 ,7.Nagapattinam (M) Manikkampillai Sandhu ward:26 , 9.Nagapattinam (M) Kaliyapillai Sandhu  ward:26",All Voters
167,163,167,"Municipal Middle School (East Side South Room West Facing), Kallukara Street Nagapattinam","1.Nagapattinam (M) Kadasalkkara Street ward:26 , 2.Nagapattinam (M) Ramarmadam Sandhu ward:26, 3.Nagapattinam
(M) Kathan Chetti Street ward:26 ,4.Nagapattinam (M) Kallukkara Street ward:26 , 5.Nagapattinam (M) Ayyanaar Sannathi  ward:26 ,",All Voters
168,163,168,"Municipal Muslim Elementary School (RCC Building Northern Side), New Street Nagapattinam","1.Nagapattinam (M) Sir Ahamad Street ward:25 , 2.Nagapattinam (M) Pudhu Street ward:25 , 3.Nagapattinam (M) Semmarakkadai Then Sandhu ward:25 ,4.Nagapattinam (M) Karaiyan Pillaiyar Koil Sekkadi Mudukku ward:25 , 5.Nagapattinam (M) Karaiyan Pillaiyar Then Sandu ward:25",All Voters
169,163,169,"Municipal Muslim Elementary School (RCC Building Southern Side ), New Street Nagapattinam","1.Nagapattinam (M) New Street 1st Sandhu ward:25 ,  2.Nagapattinam (M) Andhonoyar Koil Mel Sandhu ward:25 , 3.Nagapattinam (M) Nagutha Appavu Chetti Sandhu ward:25 ,  4.Nagapattinam (M) Semmarakkadai Keel Sandhu  ward:25 , 5.Nagapattinam (M) Andhoniyar Kovil Street ward:25 , 6.Nagapattinam (M) Semmarakkadai North Sandhu ward:25 , 7.Nagapattinam (M) Semmarakkadai Mel Sandhu ward:25 ,8.Nagapattinam (M) New Street 2nd Sandhu ward:25",All Voters
170,163,170,"Saint Antony Elemetary School North Side RCC Building South Facing Room No:2, North Kottaivasal Keel Road Nagapattinam","1.Nagapattinam (M) Ariyanattutheru 12th Sandhu ward:24 , 2.Nagapattinam (M) Ariyanattutheru 11th Sandhu ward:24, 3.Nagapattinam (M) Ariyanattutheru 9th Sandhu ward:24 , 4.Nagapattinam (M) Ariyanattutheru 8th Sandhu ward:24
,5.Nagapattinam (M) Ariyanattutheru 6th Sandhu ward:24 , 6.Nagapattinam (M) Ariyanattutheru 5th Sandhu ward:24
,7.Nagapattinam (M) Ariyanattutheru 4th Sandhu ward:24",All Voters
171,163,171,"Saint Antony Elemetary School South Side RCC Building East Facing Room No:1, North Kottaivasal Keel Road Nagapattinam","1.Nagapattinam (M) Maravadith Street Ward:24 , 2.Nagapattinam (M) Aariyanattutheru 1Sandu Ward:24",All Voters
172,163,172,"St.Antony Lourdes Government Aided Middle School, Left Side First Building North Facing Room No:1 Beach Road, Nagapattinam","1.Nagapattinam (M) Vengayakkadai Street ward:29 ,2.Nagapattinam (M) Thattan Kinattradi Sandhu ward:29, 3.Nagapattinam (M) Beach Road ward:29 , 4.Nagapattinam (M) Pinpandaka Salai Street ward:29 ,5.Nagapattinam (M) Noolkadai Street ward:29",All Voters
173,163,173,"St.Antony Lourdes Government Aided Middle School, Left Side First Building North Facing Room No.3, Beach Road, Nagapattinam","1.Nagapattinam (M) Katheebu Leppai Street ward:29 , 2.Nagapattinam (M) kannara Street ward:29 , 3.Nagapattinam (M) Andhikkadai Mudukku ward:29",All Voters
174,163,174,"Municipal Girls Higher Secontary School Northern Side RCC Building South Facing Room No:2, Neela South Street Nagapattinam","1.Nagapattinam (M) Malai Easwaran Sannathi ward:28 ,2.Nagapattinam (M)  Devaiyyar Street ward:28 , 3.Nagapattinam
(M) Kandiappar Thirukula Mudukku ward:28 ,4.Nagapattinam (M) Neela South Mada Vilagam ward:28 , 5.Nagapattinam
(M) Neela Melamada Vilagam ward:28 , 6.Nagapattinam (M) Neela Keelamada Vilagam ward:28 , 7.Nagapattinam (M) Neela Sannathi ward:28",All Voters
175,163,175,"Municipal Girls Higher Secontary School Northern Side RCC Building West Facing Room No:2, Neela South Street Nagapattinam","1.Nagapattinam (M) Neela Keela Veethi ward:28 ,2.Nagapattinam (M) Neela Vadakku Veethi ward:28 ,3.Nagapattinam
(M) Theevattikaran Sandhu ward:28 ,4.Nagapattinam (M) Pundareeha Kulam Vadakarai ward:28 ,5.Nagapattinam (M) Neela Mela Veethi ward:28 ,6.Nagapattinam (M) Pidari Kovil Street ward:28",All Voters
176,163,176,"Municipal Girls Higher Secontary School Northern Side RCC Building South Facing Room No:3, Neela South Street Nagapattinam","1.Nagapattinam (M) Kaya Rohana Sannathi ward:28 ,2.Nagapattinam (M) Atchu Narayana Pillai Sandhu ward:28
,3.Nagapattinam (M) Sattaiappar Keelamada Vilagam ward:28 ,4.Nagapattinam (M) Sattaiappar South Mada Vilagam ward:28 ,5.Nagapattinam (M) Naganathar Mela Veethi ward:27 ,6.Nagapattinam (M) Sattaiappar Melamada Vilagam ward:28 , 7.Nagapattinam (M) Sattaiappar North Mada Vilagam ward:28 , 8.Nagapattinam (M) Tharumapura Madatheru ward:28 ,9.Nagapattinam (M) Neela Mela Vadampokki ward:27 ,10.Nagapattinam (M) Thandavaraya Pillai North Sandhu ward:27 ,11.Nagapattinam (M) Naganathar Thatcha Street ward:27",All Voters
177,163,177,"Municipal Girls Higher Secontary School West Side RCC Building Room No:10, Neela South Street Nagapattinam","1.Nagapattinam (M) Thandavaraya Pillai Street ward:27 ,2.Nagapattinam (M) Marundhu Kottalam Kaliamman koil Sannathi ward:27 , 3.Nagapattinam (M) Marunthu Kothalam Kaliyamman Sannathi Back Side ward:27 , 4.Nagapattinam
(M) Naganathar Sannathi ward:27 ,5.Nagapattinam (M) Sattaiappar Vadakku Veethi ward:27",All Voters
178,163,178,"St.Antony Lourdes Government Aided Middle School, Left Side First Building North Facing Room No:4, Beach Road, Nagapattinam","1.Nagapattinam (M) Puthu Palli Street ward:29 ,2.Nagapattinam (M) Sala Palli Street ward:29 ,3.Nagapattinam (M) Karaiyan Pillaiyar Street ward:29 ,4.Nagapattinam (M) Motcha Palli Street ward:29 ,5.Nagapattinam (M) Karaiyan Pillaiyar Then Sandhu ward:29 , 6.Nagapattinam (M) Karaiyan Pillaiyar Koil,Naniyammal Thottam ward:29",All Voters
179,163,179,"Municipal Elementary School Eastern Side RCC Building South Facing, Marunthukotthalam Kaliyammankoil Street Nagapattinam","1.Nagapattinam (M) Thiroupathiamman Sannathi ward:27 ,2.Nagapattinam (M) Athithiravidar Street ward:27
,3.Nagapattinam (M) Thotti Sreett Sekkadi Thotti Street ward:27 , 4.Nagapattinam (M) Ottar Street ward:27
,5.Nagapattinam (M) Sunnambu Kalavai Street  ward:27",All Voters
180,163,180,"Municipal Elementary School West Side RCC Building, Marunthukotthalam Kaliyamman koil Street Nagapattinam","1.Nagapattinam (M) Marundhu Kothalam Road ward:27 ,2.Nagapattinam (M) Marunthu Kottalam Road Thoolkidangu 1st Sandhu ward:27 ,3.Nagapattinam (M) Marunthu Kothalam Road Tholekidanku 2-st Sandu ward:27 ,",All Voters
181,163,181,"Anganwadi Building,
Marunthukotthalam Kaliyamman koil Street Nagapattinam","1.Nagapattinam (M) Marunthu Kothalam Road Kodimara Sandhu ward:27 , 2.Nagapattinam (M) Kattunayakkar Street
ward:27 , 3.Nagapattinam (M) Thiroupathiamman Vadapuram Sunnampu Kalvai Street ward:27, 4. 999 - Overseas Elector",All Voters
182,163,182,"C S I Primary School (Western Side RCC Building, Northern Side), Alagar Melaveethi Nagapattinam","1.Nagapattinam (M) Akkarai Kulam Vadakarai ward:33 ,2.Nagapattinam (M) Mela Kottai Vasal ward:33 ,3.Nagapattinam
(M) Akkarai Kulam Melkarai ward:33 ,4.Nagapattinam (M) Akkarai Kulam Keel Karai ward:33 ,5.Nagapattinam (M) Akkarai Kulam Thenkarai ward:33",All Voters
183,163,183,"C S I Primary School (Western Side RCC Building, Southern Side), Alagar Melaveethi Nagapattinam","1.Nagapattinam (M) Velankanni Road ward:33, 2.Nagapattinam (M) Kanjapuli Athi Dravidar Street ward:33, 3.Nagapattinam (M) Natarajar Street ward:33 , 4.Nagapattinam (M) Akkarai Kulam North Road ward:33",All Voters
184,163,184,"C S I High School (Western Side RCC Building), Alagar Melaveethi Nagapattinam","1.Nagapattinam (M) Mankottaisami Kovil ward:32 ,2.Nagapattinam (M) Paravaikkara Street ward:32 , 3.Nagapattinam
(M) Sattaiappar Mela Veethi ward:32 ,4.Nagapattinam (M) Puliyamarathadi Street ward:32 , 5.Nagapattinam (M) Attaikkulam Vadakarai ward:32",All Voters
185,163,185,"C S I High School Western Side South Last Room, Alagar Melaveethi Nagapattinam","1.Nagapattinam (M) Puliyamarathu Theradi Street ward:32 ,2.Nagapattinam (M) Puliya Marathikodi 1st Sandhu ward:32
,3.Nagapattinam (M) Puliya Marathikodi 3st Sandhu ward:32 ,4.Nagapattinam (M) Attaikkulam ward:32 , 5.Nagapattinam (M) Puliyamarathadi 2st Sandhu ward:32 ,6.Nagapattinam (M) Karpaga Vinayagar Sannathi ward:32
,7.Nagapattinam (M) Perambukkara Street ward:32 ,",All Voters
186,163,186,"National Elementary School South side building East Portion North Facing, Sattaiyappar East Street, Nagapattinam.","1.Nagapattinam (M) Sattaiappar Therku Sannathi ward:32, 2.Nagapattinam (M) Bali Beeda Street ward:32 , 3. Nagapattinam (M) Perumal-Mela Veethi ward:32 , 4. Nagapattinam (M) Saandha Pillai Sandhu ward:32 , 5.Nagapattinam
(M) Perumal-South Street ward:32",All Voters
187,163,187,"National Elementary School South side building East Portion North Facing Room No1, Sattaiyappar East Street, Nagapattinam.","1. Nagapattinam (M) Markkanda Chetti Street ward:32 ,  2. Nagapattinam (M) Tharmapura Then Sandhu ward:32 , 3. Nagapattinam (M) Sattaiappar Therku Veethi ward:32 ,  4. Nagapattinam (M) Pattunoolkkara Theru ward:31 , 5. Nagapattinam (M) Perumal Therku Mada Vilagam ward:31 ,  6. Nagapattinam (M) Perumal Vadakku Mada Vilagam ward:31 ,  7. Nagapattinam (M) Perumal Mela Mada Vilagam  ward:31, 8. Nagapattinam (M) Attaikkula Street ward:32 ,
9. 999.Overseas Elector",All Voters
188,163,188,"National Higher Secontary School (RCC Building Room No:7 ), Neela South Street Nagapattinam","1.Nagapattinam (M) Eruthukkara Then Sandhu  ward:31 ,2.Nagapattinam (M) Eruthukkara Street ward:31
,3.Nagapattinam (M) Naduvar Keela Veethi ward:31 ,4.Nagapattinam (M) Naduvar Sannathi Theru ward:31
,5.Nagapattinam (M) Naduvar Therku Mada Vilagam ward:31 ,6.Nagapattinam (M) Neela Therku Veethi ward:31
,7.Nagapattinam (M) Sattaiappar Keela Veethi ward:31 ,8.Nagapattinam (M) Nanayakkara Street ward:31
,9.Nagapattinam (M) Malai Eswaran Vadakku Veethi ward:28,10.Nagapattinam (M) Malai Eswaran Mada Vilagam ward:28 ,11.Nagapattinam (M) Kumaran Vadakku Sandhu ward:28 ,12.Nagapattinam (M) Kattiappar Sannathi ward:28
,13.Nagapattinam (M) Kattiappar Vadakku Sandhu ward:28",All Voters
189,163,189,"EGS Pillai Nursery and Primary School, Perumal Keela Mada Vilagam, Ground Floor, North Side Middle Class Room Nagapattinam","1.Nagapattinam (M) Vaanakkara Keel Sandhu ward:30 ,2.Nagapattinam (M) Perumal Keela Veethi ward:31 , 3.Nagapattinam (M) Azhagar Mela Veethi ward:31 ,4.Nagapattinam (M) Perumal-North Street ward:31, 5.Nagapattinam
(M) Yathav Street ward:30 ,   6.Nagapattinam (M) Azhagar Melamada Vilagam ward:31 ,7.Nagapattinam (M) Nathaji Street  ward:30 ,8.Nagapattinam (M) Azhagar Keela Veethi ward:31, 9.Nagapattinam (M) Kothaan Kulam Vadakarai ward:31, 10.Nagapattinam (M) Kothaan Kulam Melkarai ward:31",All Voters
190,163,190,"EGS Pillai Nursery and Primary School, Perumal Keela Mada Vilagam, Ground Floor, South Side Class Room Nagapattinam","1.Nagapattinam (M) Nethaji Road ward:30 ,2.Nagapattinam (M) Mariyamman Sannathi ward:31 ,3.Nagapattinam (M) Thirumeni Chetti Street ward:31 ,4.Nagapattinam (M) Veerapathira Swami Koil Street ward:30 ,5.Nagapattinam (M) Yanikutti-Muukku ward:31 ,6.Nagapattinam (M) Perumal Keela Mada Vilagam ward:31 ,7.Nagapattinam (M) Azhagar Sannathi Nagai ward:31 ,8.Nagapattinam (M) Perumal Sannathi ward:31 , 9.Nagapattinam (M) Kothaan Kulam Keelkarai ward:31",All Voters
191,163,191,"Ilagiya Nursery and Primary School North Facing RCC Building Room No:2, Aliya Maraikayar Street Nagapattinam","1.Nagapattinam (M) Pazhantheru 2nd Sadhu ward:30 ,2.Nagapattinam (M) Pazhantheru 3rd Sadhu ward:30
,3.Nagapattinam (M) Pazhantheru 4th Sadhu ward:30 ,4.Nagapattinam (M) Kamaliya Sandhu ward:30 ,5.Nagapattinam
(M) Kamaliya Then Sandhu ward:30 ,6.Nagapattinam (M) Yathava Then Sandhu ward:30 ,7.Nagapattinam (M) Yathava Vadukku Sandhu ward:30 ,8.Nagapattinam (M) Pin Pandaka Salai Street ward:30 ,9.Nagapattinam (M) Dutchu Market Sandhu ward:30 ,10.Nagapattinam (M) Billukkadai Street ward:30 ,11.Nagapattinam (M) Kamaliya Masoothi Street ward:30 ,12.Nagapattinam (M) Bakkeer Appa Sandhu ward:30 ,",All Voters
192,163,192,"Ilagiya Nursery and Primary School North Facing RCC Building Room No 3, Aliya Maraikayar Street Nagapattinam","1.Nagapattinam (M) Pazhan Theru 1nd Sadhu ward:30 , 2. Nagapattinam (M) Yahusain Palli Street ward:30 , 3. Nagapattinam (M) Aliya Maraikayar Street ward:30 , 4. Nagapattinam (M) Johnson Sandhu ward:30 , 5. Nagapattinam
(M) Johnson Street ward:30, 6. Nagapattinam (M) Koopar Street ward:30",All Voters
193,163,193,"Municipal Elementary School East side Rcc Building West Facing, Tata Tsunami Kudiyiruppu, Nagapattinam",1.Nagapattinam (M) Thoniyhurai Road South (East Side) ward:36,All Voters
194,163,194,"Municipal Elementary School East side RCC Building West Facing Room No 1, Tata Tsunami Kudiyiruppu, Nagapattinam",1.Nagapattinam (M) Thoniyhurai Road south ( West Side) ward:36,All Voters
195,163,195,"Municipal Elementary School West Side Rcc Building South Facing East Portion, Tata Tsunami Kudiyiruppu Nagapattinam",1.Nagapattinam (M) Thoniyhurai Road North ( East Side ) ward:36,All Voters
196,163,196,"Municipal Elementary School West Side RCC Building South Facing East Portion, Room No 2, Tata Tsunami Kudiyiruppu Nagapattinam",1.Nagapattinam (M) Thoniyhurai Road North (West Side ) ward:36,All Voters
197,163,197,"Municipal Elementary School (Northern Side Aspestos Building), Kottaimettu Street Nagapattinam","1.Nagapattinam (M) Uppalam Road ward:35 (East),  2. 999 - Overseas Elector",All Voters
198,163,198,"Municipal Elementary School North Facing South North Side RCC Center Building, Kottaimettu Street Nagapattinam",1.Nagapattinam (M) Uppalam Road ward:35 (West),All Voters
199,163,199,"Municipal Elementary School North Facing South North Side RCC Center Building, KottaimettuStreet Nagapattinam","1.Nagapattinam (M) Tsunami Temp Shelter Sevai ward:35 ,2.Nagapattinam (M) Tsunami Temp Shelter Kandeepan Global Fo ward:36",All Voters
200,163,200,"Municipal Elementary School (Northern Side Aspestos Building ), Kottaimettu Street Nagapattinam","1.Nagapattinam (M) Raliway Colony ward:34 , 2.Nagapattinam (M) Murthappa Settiyar Thottam ward:35 , 3.Nagapattinam (M) South North Sandhu ward:35 ,4.Nagapattinam (m) Palaniyappa Kalapadiyar Keel Mela Sandu ward:35 , 5.Nagapattinam (M) Udaiyar Thottam 1st Sandhu ward:35 , 6.Nagapattinam (M) Udaiyar Thottam Meltheru ward:35 , 7.Nagapattinam (M) Thandapani Chettiyar Thottam ward:35 ,8.Nagapattinam (M) Thandabani Chettiyar Thottam 2nd Sandhu ward:35 , 9.Nagapattinam (M) Thandapani Chettiyar Thottam ward:35 ,10.Nagapattinam (M) Kottaimattu Keel Mela Street ward:35 , 11.Nagapattinam (M) Railway Than Vada Santhu  ward:35 ,12.Nagapattinam (M) Udaiyar Thottam ward:35 ,13.Nagapattinam (M) Kottai Mattu Street ward:35 ,14.Nagapattinam (M) Mathersha Ravuthar Thottam ward:35 ,15.Nagapattinam (M) Kalappadiyar Thottam ward:35 ,16.Nagapattinam (M) Railway Station Road ward:35 ,17.Nagapattinam (M) I.S.R.Keel Mela Road ward:36 ,18.Nagapattinam (M) Railway Commpound North ward:34 ,19.Nagapattinam (M) Collage Road ward:34",All Voters
201,163,201,"Municipal Elementary School, Keeraikollai Street, Nagapattinam. East Facing RCC Building Southern Portion.","1.Nagapattinam (M) Semmatti Pillaiyar Sannathi ward:34 ,2.Nagapattinam (M) Thiruvangadathan Pallai Street ward:34
,3.Nagapattinam (M) Veppillai Kaliamman Street ward:34 ,4.Nagapattinam (M) Sekkadi Mudukku ward:34
,5.Nagapattinam (M) Semmatti Pillaiyar Kovil Street ward:34 ,6.Nagapattinam (M) Railway Station South Keel Mela Street ward:34 ,7.Nagapattinam (M) Keeraikollai Street 1st Sandhu ward:34, 8.Nagapattinam (M) Keeraikollai Stret 2nd Sandhu ward:34 , 9.Nagapattinam (M) Kottaimettu Thenvadal Sandhu ward:34 ,10.Nagapattinam (M) Railway Gate Vadapuram ward:34 , 11.Nagapattinam (M) Kottaimattu Street ward:34",All Voters
202,163,202,"Municipal Elementary School, Keeraikollai Street, Nagapattinam. East Facing RCC Building Northern Portion.","1.Nagapattinam (M) Keerai Kollai Street 2nd Sandhu ward:36 ,2.Nagapattinam (M) Keerai Kollai Street ward:34 , 3.Nagapattinam (M) Sekkadi Street ward:34, 4.Nagapattinam (M) Seenan Kollai 3rd Street ward:34 ,5.Nagapattinam (M) Keeraikollai KeelMel Street ward:34 , 6.Nagapattinam (M) Keerai Kollai Street 1st Sandhu ward:34 ,7.Nagapattinam (M) Keeraikollai Street 3rd Sandhu ward:34 ,8.Nagapattinam (M) Josap Sandhu ward:34 ,9.Nagapattinam (M) Keerakolla Street Keela Mela Street ward:34 ,10.Nagapattinam  (M) Uppanar Athi Dravidar Street ward:34 ,11.Nagapattinam (M)
Uppanar Keela Mela Road ward:34",All Voters
203,163,203,"Thiruvalluvar Aided Elementary School Country Tiled Building, R.C.C Building, Vadakudi","1.Vadakudi (R.V) And (P) Sivan Sanathi ward:1 , 2.Vadakudi (R.V) And (P) Therku Veethi ward:1 , 3.Vadakudi (R.V) And (P) Vadakku Street ward:1 , 4.Vadakudi (R.V) And (P) Pillai Street ward:1 , 5.Vadakudi (R.V) And (P) Jeeva Street ward:1 , 6.Vadakudi (R.V) And (P) Thoppu Street ward:1 , 7.Vadakudi (R.V) And (P) Mariyamman Kovil Street ward:1 ,
8.Vadakudi (R.V) And (P) Vp-Seinthan Street ward:1 , 9.Vadakudi (R.V) And (P) Mela Street ward:1&2 , 10.Vadakudi (R.V) And (P) Palakadu Main Road ward:2 , 11.Vadakudi (R.V) And (P) Paguthayam ward:2 , 12.Vadakudi (R.V) And
(P) Palakadu North Street ward:2 , 13.Vadakudi (R.V) And (P) Palakadu Middle Street ward:2 , 14.Vadakudi (R.V) And
(P) Palakadu South Street ward:2 , 15.Vadakudi (R.V) And (P) Poneenveli ward:2",All Voters
204,163,204,"Panchayat Union Elementary School RCC Building South Portion, South
Facing RCC Building, Thethi","1.Thethei (R.V) And (P) Keela Street ward:1 , 2.Thethei (R.V) And (P) Mala Nagore ward:1 , 3.Theithei (R.V) And (P) North Street ward:3 , 4.Theithei (R.V) And (P) Mela Street ward:3",All Voters
205,163,205,"Panchayat Union Elementary School
RCC Building West Facing, West Facing R.C.C Building, Thethi","1.Theithei (R.V) And (P) Sivan Sanathi ward:3 , 2.Theithei (R.V) And (P) South street ward:3 , 3.Theithei (R.V) And (P)
Tharumar Nagar ward:3",All Voters
206,163,206,"Panchayat Union Elementary School
RCC Building North Facing, West Facing R.C.C Building, Thethi",1.Thetthi (R.V) And (P)  Tsunami shelters -2 world vision,All Voters
207,163,207,"Government High School Perungadambanur North Side Building West Side South Facing, West Facing
R.C.C Building, Perungadambanur","1.Perunkadambanur (R.V) And (P) Milladisanthu-(pillayarkovil) ward:1 , 2.Perunkadambanur (R.V) And (P)  Pillayar Kovil Street Ward:1 , 3.Perunkadambanur (R.V ) And (P) Jeeva Street  ward 1 , 4.Perunkadambanur  (R.V ) And (P) Mariyaman Kovil Street ward 1 , 5.Perunkadambanur (R.V) And (P) Sivan Kovil Street Ward:1 , 6.Perunkadambanur (R.V) And (P) Chittivinayakar-Street ward:1 , 7.Perunkadambanur (R.V) And (P) Puthiya Colony Street Ward :1 , 8.Elangadampanur (R.V) Perungadambanur (P) Vellalar North Street  ward:2",All Voters
208,163,208,"Government High School Perungadambanur North Side Building East Side South Facing, South Facing
R.C.C Building, Perungadambanur","1.Elangadampanur (R.V) Perungadambanur (P) Malaveli ward:2 , 2.Elangadampanur (R.V) Perungadambanur (P) Keelaveli ward:2 , 3.Elangadampanur (R.V) Peurngadambanur (P) Vairaneirupu-New Street ward:2 , 4.Elangadampanur (R.V) Perungadambanur (P) Vairaneirupu Palakattu Roattu Theru ward:2 , 5.Elangadampanur (R.V) Perungadambanur (P) Vairaneirupu Vadakudi Roattu Theru ward:2 , 6.Elangadampanur (R.V) Perungadambanur (P) Puleiyan Thopu  ward:2 , 7.Elangadampanur (R.V) Perungadambanur (P) Milladei Street ward:2 , 8.Elangadampanur (R.V) Perungadambanur (P) Elakadampanur  ward:2",All Voters
209,163,209,"Panchayat Union Elementary School New Terraced Building, East Facing
R.C.C Building, Palaiyur","1.Pazhiyur Mandhaveli Street ward:1 , 2.Pazhiyur Sivan Mela Veethi ward:1 , 3.Pazhiyur Sivan South Street, 4.Pazhiyur Sivan North-Street ward:1 , 5.Pazhiyur Sivan Koil Street , 6.Pazhiyur Sivan Keela Veedhi  , 7.Pazhiyur  Kaliamman Kovil Street , 8.Pazhiyur Post Office Street ward:1 , 9.Pazhiyur Mariamman Kovil Veethi, 10.Pazhiyur Mariamman Koil Colony Street , 11.Pazhiyur Mdha Kovil Sandhu , 12.Pazhiyur School Street , 13.Pazhiyur South Street Kinattru Sandhu , 14.Pazhiyur  Manmathasami Kovil Street , 15.Pazhiyur Manmathasami Vadakku Veethi , 16.Pazhiyu  South Street Keel Sandhu , 17.Pazhiyur Aalamarathadi ward:1 , 18.Pazhaiyur Pazhaiyur Thenpathi Colony Street ward:2 , 19.Pazhaiyur Pazhaiyur Thenpathi Street  ward:2 , 20.Pazhaiyur Azinjamangalam Mela Street Main Road  ward:2 , 21.Pazhaiyur Palaiyur Azinjamangalam Main Road  ward:2 , 22.Pazhaiyur Sattakarachi Street  ward:2 , 23.Pazhaiyur Azhinjamangalam Mill Street ward:2 , 24.Pazhaiyur Azhinjamangalam Colony Street ward:2 , 25.Pazhaiyur  Azinjamangalam Athi Dravidar School Street  ward:2 , 26. Pazhaiyur Azhinjamangalam Mela Street ward:2",All Voters
210,163,210,"Panchayat Union Middle School ( Tiled Building Northern Side Western Tiled Building ), South Facing R.C.C Building, Sangamangalam","1.Sangamangalam (R.V) And (P) Main Road ward:1 , 2.Sangamangalam (R.V)  And  (P) Vaniankulam Vadakarai  ward:1
, 3.Sangamangalam (R.V) And (P) Vaniankulam Melkarai  ward:1 , 4.Sangamangalam (R.V)  And (P) Kaliamman Kovil Street ward:1 , 5.Sangamangalam (R.V) And  (P) Sangamangalam Keela Street ward:1 , 6.Sangamangalam  (R.V)  And
(P) Sivan Kovil Street  ward:1 , 7.Sangamangalam  (R.V)  And  (P) Ramarmada Street ward:1 , 8.Sangamangalam (R.V) And (P) Ramarmadam Sandhu ward:1 , 9.Sangamangalam (R.V) And (P) Thamaraikkulam Keelkarai  ward:1 , 10.Sangamangalam  (R.V)  And  (P) Thamaraikkulam Thenkarai ward:1 , 11.Sangamangalam (R.V)  And  (P) Mela Street ward:1 , 12.Sangamangalam (R.V) And  (P) Thamaraikkulam Melkarai  ward:1 , 13.Sangamangalam  (R.V) And  (P) Pallivasal Street  ward:1 , 14.Sangamangalam (R.V) And (P) Poonthotta Street ward:1 , 15.Sangamangalam (R.V) And (P) North Street Thenpuram  ward:1 , 16.Sangamangalam  (R.V) And (P) Palaiyanoor Keela Street ward:2 , 17.Sangamangalam (R.V) And (P) Palaiyanoor North Street ward:2",All Voters
211,163,211,"Panchayat Union Middle School, North Facing R.C.C Building, Sangamangalam","1.Sangamangalam  (R.V) And (P) Pillayar Kovil Street ward:1 , 2.Sangamangalam (R.V) And (P) Saliya Street ward:1 , 3.Sangamangalam  (R.V) And (P) Neeli Kovil Street  ward:2 , 4.Sangamangalam (R.V)  And  (P) Palaiyanoor Pillai-Koil Street ward:2 , 5.Sangamangalam  (R.V) And (P) Palaiyanoor Pillai-Sannathi ward:2 , 6.Sangamangalam  (R.V)  And (P) Pillai-Koil Keela Street ward:2 , 7.Sangamangalam (R.V)  And (P) Palaiyanoor Kaliyamman Koil Street  ward:2 , 8.Sangamangalam (R.V)  And (P) Palaiyanoor Sivan Sannathi  ward:2 , 9.Sangamangalam (R.V)  And  (P) Palaiyanoor Colony Street ward:2 , 10.Sangamangalam  (R.V)  And  (P) Palaiyanoor Melpathi ward:3 , 11.Sangamangalam  (R.V) ANd  (P) Palaiyanoor Melpathi Mela Street ward:3 , 12.Sangamangalam  (R.V)  And  (P) Palaiyanoor Melpathi  Colony
Street ward:3",All Voters
212,163,212,"Aided Elementary School South Side New Terraced Building, East Facing R.C.C Building, Sirangudipuliyur","1.Themangalam (R.V) And (P) Kothamangalam ward:1 , 2.Themangalam (R.V) And (P) Themangalam Kovil Street ward:1 , 3.Themangalam (R.V) And (P) Chokkanathapuram ward:1 , 4.Themangalam (R.V) And (P) Moontram Vaikkankarai Thenpathi ward:5 , 5.Themangalam (R.V) And (P) Sikkavalam Main Road ward:5 , 6.Themangalam (R.V)And (P) Kazhuvan Kulam ward:5",All Voters
213,163,213,"Aided Elementary School South Side New Terraced East Facing, East Facing R.C.C Building,
Sirangudipuliyur","1.Themangalam (R.V) And (P) Theppa Muthali Street ward:5 , 2.Themangalam (R.V) And (P) Middle Street ward:5 , 3.Themangalam (R.V) And (P) Thoppu Theru ward:5 , 4.Themangalam (R.V) And (P) Sirangudi ward:6",All Voters
214,163,214,"Aided Elementary School Northern Side Terraced building, East Facing
R.C.C Building, Sirangudipuliyur","1.Themangalam (R.V) And (P) Puliyur Mela Street ward:2 , 2.Themangalam (R.V) And (P) Pillaiyar Koil Street ward:2 , 3.Themangalam (R.V) And (P) Nagoor Salai ward:2 , 4.Themangalam (R.V) And (P) Adippallam North ward:2 , 5.Themangalam (R.V) And (P) Colony Street ward:2 , 6.Themangalam (R.V) And (P) Kolla Street ward:3 , 7.Themangalam (R.V) And (P) Adippallam South ward:3",All Voters
215,163,215,"Aided Elementary School South Side Building, East Facing R.C.C Building, Sirangudipuliyur","1.Themangalam (R.V) And (P) Akrahara Street ward:3 , 2.Themangalam (R.V) And (P) Therguveli  ward:3 , 3.Themangalam (R.V) And (P) Third vaikkangarai North Side ward:4 , 4.Themangalam (R.V) And (P) Sivan Kovil Street ward:4 , 5.Themangalam (R.V) And (P) Ramarmadam Thathar Street ward:4 , 6.Themangalam (R.V) And (P) Sikkavalam Main Road North Side ward:4",All Voters
216,163,216,"Government Higher Secondary School (South East Building North Portion Terraced), Azhiyur","1.Azhiyur (R.V)  And  (P) Koilpathu  ward:1 , 2.Azhiyur (R.V)  And  (P) Kadambaravazhkai North Street  ward:2 ,
3.Azhiyur  (R.V)  And  (P) Kadambaravazhkai Middle Street ward:2 , 4.Azhiyur (R.V) And  (P) Kadambaravazhkai Mela Street ward:2 , 5.Azhiyur  (R.V)  And  (P) Kadambaravazhkai Melaveli ward:2 , 6.azhiyur (R.V)  And  (P) Pamini ward:3
, 7.Azhiyur (R.V) And  (P) Azhiyur New Street ward:4 , 8.Azhiyur (R.V)  And  (P) Aazhiyur Keela Street ward:4 ,
9.Azhiyur  (R.V)  And  (P) Azhiyur Main Road ward:4,5 , 10.Azhiyur  (R.V)  And  (P) Aazhiyur Mela Street ward:4 ,
11.Azhiyur  (R.V)  And  (P) Azhiyur Pallivasal Street ward:4 , 12.Azhiyur  (R.V) And  (P) Azhiyur Nadu Street ward:4",All Voters
217,163,217,"Government Higher Secondary School Azhiyur, East Facing North Side Building","1.Azhiyur  (R.V)  And  (P) Azhiyur Mela Street  ward:4,5 , 2.azhiyur  (R.V)  And  (P) North Street  ward:5 , 3.Azhiyur (R.V)  And  (P) North Pattakal Street ward:5 , 4.azhiyur (R.V)  And  (P) South Street  ward:6 , 5.Azhiyur  (R.V)  And  (P) South Pattakal Street ward:6 , 6.Azhiyur  (R.V)  And  (P) Attrankarai Street  ward:6 , 7.Azhiyur  (R.V)  And  (P) Main Road ward:5,6 , 8.azhiyur  (R.V)  And  (P) Pallivasal Street ward:4",All Voters
218,163,218,"Government Hr Sec School, Sikkal","1.Sikkal  (R.V)  And  (P) Main Road ward:1,3 , 2.Sikkal  (R.V)  And  (P) Mothersha Maraikkayar Street ward:1 , 3.Sikkal (R.V)   And  (P) Old Post Office Street ward:1,2 , 4.Sikkal  (R.V)  And  (P) Pallivasal Street ward:1 , 5.Sikkal  (R.V)  And
(P) Nallamuthu Muthaliyar Street ward:1,2 , 6.Sikkal  (R.V)  And  (P) Mariyamman Koil Chandu ward:3",All Voters
219,163,219,"Government Hr Sec School, Sikkal","1.Sikkal (R.V)  And  (P) Thattankula Street ward:2 , 2.Sikkal (R.V)  And  (P) Raja Colony  ward:1 , 3.Sikkal  (R.V)  And
(P) Vadakku Veethi ward:1 , 4.Sikkal  (r.v) and  (p) North street ward:1 , 5.Sikkal  (R.V) And  (P) Mudukku Street ward:1
, 6.Sikkal  (R.V)  And (P) Kuruvichrtti Kulam Street ward:1 , 7.Sikkal (R.V) And (P) Fathima Colony ward:1 , 8.Sikkal (R.V)  And  (P) Keela Veethi  ward:1 , 9.sikkal (R.V)  And  (P) Therku Veethi ward:2,4 , 10.Sikkal (R.V) And  (P) Nadar Street ward:2 , 11.Sikkal (R.V)  And  (P) South Street ward:2 , 12.Sikkal  (R.V)  And  (P) Theradi Street ward:1 ,
13.Sikkal (R.V) And (P) Sekkadikulam Street ward:2 , 14.Sikkal (R.V)  And  (P) Raga Colony ward:1 , 15.Sikkal (R.V) And  (P) Railadi Street ward:2",All Voters
220,163,220,"Government Hr.Sec.School (Western Side New RCC Building Room No.26), South Facing R.C.C Building, Sikkal","1.Sikkal  (R.V)  And  (P) Sikkal Main Road ward:3 , 2.Sikkal (R.V)  And  (P) Sikkal Mela Veethi Keelpuram ward:3 ,
3.Sikkal  (R.V)  And  (P) Sikkal Mela Veethi Vadapuram ward:7 , 4.Sikkal  (R.V)  And  (P) Sikkal Mela Veethi Thenpuram ward:4 , 5.Sikkal (R.V)  And  (P) Keela Veethi ward:1,3,4 , 6.Sikkal  (R.V)  And  (P) Sikkal Nallamuthu Mudaliyar Street ward:1 , 7.Sikkal (R.V)  And   (P) Railadi Street ward:2,4 , 8.Sikkal  (R.V)  And  (P) Sikkal Yathava Theru  ward:4",All Voters
221,163,221,"Government Hr.Sec.School (South Side New RCC Building East Side Room No.4), South Facing R.C.C Building, Sikkal","1.Sikkal  (R.V)  And  (P) Sikkal Therku Veethi ward:4 , 2.Sikkal  (R.V)  And  (P) Sikkal Amman Sannathi  ward:4 ,
3.Sikkal  (R.V)  And  (P) Sikkal Vadakku Veethi ward:3 , 4.Sikkal  (R.V)  And  (P) Balakulam Vadakarai ward:3 ,
5.Sikkal  (R.V)  And  (P) Sikkal Vadakku Mada Vilagam ward:4 , 6.Sikkal  (R.V)  And  (P) South Mada Vilakam  ward:4
, 7.Sikkal  (R.V) And  (P) Perumal Sannathi ward:4 , 8.Sikkal (R.V)  And (P) STMK Nagar  ward:7 , 9.Sikkal  (R.V)  And
(P) Sikkal Ayyanar Koil Street ward:4 , 10.Sikkal (R.V)  And  (P) Sikkal Sivan Sannathi ward:4 , 11.Sikkal  (R.V)  And
(P) Balakulam Thenkarai ward:4 , 12.Sikkal (R.V)  And  (P) Kottari ward:7 , 13.Sikkal  (R.V)  And  (P) Panaimedu Keela Street ward:7 , 14.Sikkal (R.V)  And  (P) Sikkal Singaravelpuram ward:7 , 15.Sikkal  (R.V) And  (P) Moozhithidal ward:7",All Voters
222,163,222,"Government Hr. Sec.School, Sikkal.
SSA Building","1.Sikkal  (R.V)  And  (P) Ponveli Periya Street ward:8 , 2.Sikkal  (R.V)  And   (P) Ponveli Nadu Street ward:8 , 3.Sikkal
(R.V)  And   (P) Ponveli South Street ward:8 , 4.Sikkal (R.V)  And  (P) Ponveli Kunjampalli Thiruvasal  ward:8 , 5.Sikkal (R.V)  And  (P) Madathan Street ward:8 , 6.Sikkal  (R.V)  And  (P) Ponveli Ponnambala Thidal  ward:8 , 7.Sikkal  (R.V) And   (P) Keelakkaraieruppu  ward:6 , 8.Sikkal  (R.V)  And  (P) Periyatchi Thoppu  ward:6 , 9.Sikkal  (R.V)  And  (P) Melakkaraieruppu  ward:6 , 10.Sikkal (R.V) And  (P) Third Vaikkangarai   ward:6 , 11.Sikkal  (R.V)  And  (P) Jayanthi Nagar   ward:6",All Voters
223,163,223,"Government Higher Secondary School, Sikkal, SSA Building","1.Sikkal  (R.V)  And  (P) Panaimedu Colony  ward:6 , 2.Sikkal  (R.V)   And  (P) Sikkal Main Road ward:7 , 3.Sikkal (R.V)  And  (P) Ayyanar Kovil Thoppu  ward:7 , 4.Sikkal  (R.V)  And  (P) Gowrment Colony ward:7 , 5.Sikkal  (R.V) And  (P) Pillaiyar Street panaimedu   ward:6 , 6.Sikkal (R.V)  And  (P) Aavarani Main Road   ward:6 , 7.sikkal ( R.V) And  (P) Railway Colony  ward:5 , 8.Sikkal (R.V)  And  (P) Pillaiyar Kulam Thenkarai ward:5 , 9.Sikkal (R.V) And   (P) Keelaveli  ward:5 , 10.Sikkal (R.V)  And  (P) Sikkal Ponveli Mada Street ward:5 , 11.Sikkal (R.V)  And  (P) Sikkal
Ponveli Periya Street ward:5",All Voters
224,163,224,"Panchayat Union Middle School, Western Side Building East Facing, Poravachery","1.Poravacherri  (R.V)  And  (P) Vadakku Street ward:2 , 2.Poravacherri  (R.V)  And  (P) Middle Street ward:2 , 3.Poravacherri (R.V)  And (P) Pallivasal Street  ward:2 , 4.poravacherri (R.V)  And  (P) Main Road  ward:3 , 5.Poravacherri  (R.V)  And  (P) Joopli Street  ward:2 , 6.Poravacherri  (R.V)  And  (P) Eari Street ward:3 , 7.Poravacheri (R.V)  And  (P)  Kanakarethinam Pillaiyar Koil Street Ward:4",All Voters
225,163,225,"Anganwadi Building Poravachery. West Facing, East side, Northern Portion","1.Poravacheri  (R.V)  And  (P) Thandapani Kovil Street  Ward:4 , 2.Poravacherri (R.V)  And  (P) Sivan Sanathi ward:3 , 3.poravacherri (R.V)  And  (P) School Street ward:3,4 , 4.Poravacherri (R.V)  And  (P) Madathu Street  ward:3,4 , 5.Poravacherri (R.V)  And  (P) Chella Pillaiyar Kovil Street ward:3,4 , 6.Poravacheri (R.V)  And (P) Keela Street Ward:4 , 7.Poravacheri (R.V)  And (P) Perumal Therku Veethi  Ward:4 , 8.Poravacheri  (R.V) And (P) Sivan South Street Ward:4 , 9.Poravacheri  (R.V)  And  (P) Chetti Street Ward:4 , 10.Poravacheri  (R.V) And (P) Perumal Middle Street Ward:4",All Voters
226,163,226,"Panchayat Union Middle School, Western Side Building Centre Portion North Facing Poravachery","1.Poravacherri  (R.V)  And (P) Kuttram Poruthaniruppu Keela Street ward:1 , 2.Poravacherri  (R.V)  And (P) Kuttram Poruthaniruppu Middle Street ward:1 , 3.Poravacherri  ( R.V)  And  (P) Kuttram Poruthaniruppu Iyyanarkalam ward:1 , 4.Poravacherri  (R.V)  And  (P) Kuttram Poruthaniruppu Colony Street ward:1 , 5.Poravacherri  (R.V)  And  (P) Sikkal Sangamangalam Salai  ward:1 , 6.Poravacherri (R.V)  And (P) Mela Kuttramporuthaniruppu ward:1 , 7.Poravacherri (R.V)  And (P) Poravacherri New Street ward:5 , 8.Poravacherri  (r.v)  and  (p) Main Road ward:5,6 , 9.Poravacherri (R.V)  And  (P) Perumal Middle Street ward:5",All Voters
227,163,227,"Panchayat Union Middle School West Facing, RCC Building, East side Poravachery","1.Poravacherri (R.V)  And  (P) Keela Street ward:5,6 , 2.Poravacherri (R.V)  And  (P) Perumal Vadakku Veethi ward:5 , 3.Poravacherri  (R.V)  And  (P) Mandhakara Street ward:5 , 4.Poravacherri  (R.V)  And  (P) Perumal Sannathi  ward:5 , 5.Poravacherri (R.V)  And  (P) Perumak Mela Mada Vilagam  ward:5 , 6.Poravacherri (R.V)  And  (P) Vannan Kulakkarai ward:6 , 7.Poravacherri  (R.V)  And  (P) Mudukku Street ward:6 , 8.Poravacherri  (R.V)  And  (P) Madathukalam ward:6 , 9.Poravacherri  (R.V)  And  (P) Chola Garden ward:6 , 10.Poravacherri  (R.V)  And  (P) Sivasakthi Nagar  ward:6 , 11.Poravacherri  (R.V)  And  (P) Indian Nagar ward:6",All Voters
228,163,228,"Anganwadi Building, Aivanllur","1.Ivanallur  (R.V)  And  (P) Ivanallur Main Road ward:1 , 2.Ivanallur  (R.V)  And  (P) Mandaba Street ward:1 , 3.Ivanallur (R.V)  And   (P) Sivan Mela Street ward:1 , 4.Ivanallur  (R.V)  And  (P) Sivan South Street ward:1 , 5.Ivanallur (R.V)
And  (P) Pillaiyar Koil Street  ward:1 , 6.Ivanallur (R.V)  And  (P) Mariyaman Kovil Street  ward:1 , 7.Ivanallur  (R.V) And  (P) Kaliyamman Koil Street ward:1 , 8.Ivanallur  (R.V)  And  (P) Paranginallur Main Road ward:2 , 9.Ivanallur (R.V)  And  (P) North Street  ward:2",All Voters
229,163,229,"Anganwadi Building, Sellur","1.Ivanallur  (R.V)  And  (P) South Street ward:2 , 2.Ivanallur  (R.V)  And  (P) North Colony Street ward:3 , 3.Ivanallur (R.V)  And  (P) New Street ward:3 , 4.Ivanallur  (R.V)  And (P) Main Road  ward:3 , 5.Ivanallur  (R.V)  And  (P) Mela Street ward:3",All Voters
230,163,230,"All India State Bank of India Staff Fedaration Tsunami Relief Community Hall Sellur,North Facing, Western Side","1.Ivanallur  (R.V)  And  (P) Thiyagarajapuram west YMCA ward:3 , 2.Ivanallur  (R.V)  And  (P) Thiyagarajapuram west TMSSS ward:3",All Voters
231,163,231,"All India State Bank of India Staff Fedaration Tsunami Relief Community Hall Sellur, North Facing, Eastern Side","1.Ivanallur  (R.V)  And  (P) Thiyagarajapuram west VELCI ward:3 , 2.Ivanallur  (R.V)  And  (P) Thiyagarajapuram west CSI  ward:3 , 3.Ivanallur  (R.V)  And  (P) Thiyagarajapuram west SEVAI  ward:3",All Voters
232,163,232,"AJC Public School Ivanallur, Saveriyar Koil Street West Side Room No.1","1.Ivanallur  (R.V)  And  (P) Thiyagarajapuram East TMSSS  ward:3 , 2.Ivanallur  (R.V)  And  (P) Thiyagarajapuram East World vision  ward:3 ,",All Voters
233,163,233,"AJC Public School Ivanallur, Saveriyar Koil Street West Side Room No.2","3.Ivanallur  (R.V)  And  (P) Thiyagarajapuram East TWSCB  ward:3 , 4.Ivanallur  (R.V)  And  (P) Thiyagarajapuram East Real plan  ward:3",All Voters
234,163,234,"Kumaran Middle School, Manjakollai East Facing RCC Building, West Side Southern Portion,","1.Manjakollai (R.V) And (P) Jahannathapuram ward:1 , 2.Manjakollai (R.V) And (P) Sivan North-Street ward:2 , 3.Manjakollai (R.V) And (P) Velar Street ward:2 , 4.Manjakollai (R.V) And (P) Sivan South Street ward:3 , 5.Manjakollai (R.V) And (P) North Colony Street ward:2 , 6.Manjakollai (R.V) And (P) Nadar Street ward:2 , 7.Manjakollai (R.V) And
(P) Mettu Street ward:2",All Voters
235,163,235,"Kumaran Middle School, Manjakollai East Facing RCC Building, West Side Northern Portion,","1.Manjakollai (R.V) And (P) Thamaraikkulam Vadakarai ward:2 , 2.Manjakollai (R.V) And (P) Thamarai Kulam Keelkarai ward:2 , 3.Manjakollai (R.V) And (P) Kaliamman Kovil Street ward:2 , 4.Manjakollai (R.V) And (P) Vadamalai Thottam ward:2 , 5.Manjakollai (R.V) And (P) Sivan Kela Veethi ward:3 , 6.Manjakollai (R.V) And (P) Sivan Mela Veethi ward:3 , 7.Manjakollai (R.V) And (P) Pillaiyar Koil Street ward:3 , 8.Manjakollai (R.V) And (P) Arasamara Street ward:3 , 9.Manjakollai (R.V) And (P) Puthur Main Road ward:3 , 10.Manjakollai (R.V) And (P) Manjakollai Main Road ward:3 , 11.Manjakollai (R.V) And (P) Sivan Vadakku Veethi Keelpuram ward:3",All Voters
236,163,236,"Kumaran High School Main Building Western Side, South Facing R.C.C Building, Manjakollai","1.Anthanapettai (R.V) And (P) Kumaran South Street  ward:5 , 2.Anthanapettai (R.V) And (P) Dophi Street  Ward:4 , 3.Anthanapettai (R.V) And (P) Main Road Ward:4 , 4.Anthanapettai (R.V) And (P) Kumaran Keela Veethi  Ward:4 , 5.Anthanapettai (R.V) And (P) Kumaran North Street Ward:4 , 6.Anthanapettai (R.V) And (P) Kumaran Sannathi Street Ward:4 , 7.Andthanapettai (R.V)  And (P) Arasamara Street Ward:4 , 8.Anthanapettai (R.V) And (P) Masthan Maraikkayar Street ward:5 , 9.Anthanapettai (R.V) And (P) Market Street ward:5",All Voters
237,163,237,"Kumaran High School Mangalore Tiled Main Building East Side Room, South Facing R.C.C Building, Manjakollai","1.Anthanapettai (R.V) And (P) Kannara Street Ward:4 , 2.Anthanapettai (R.V) And (P) Maraikkayar Street ward:5 , 3.Anthanapettai (R.V) And (P) Mamarathadi Street  ward:5 , 4.Anthanapettai (R.V) And (P) Pillaiyar Koil Street ward:5 , 5.Anthanapettai (R.V) And (P) Kaliamman Kovil Street  ward:5 , 6.Anthanapettai (R.V) And (P) Poongulam Keel Karai Ward:4 , 7.Anthanapettai (R.V) And (P) Kumaran Mela Veethi ward:5",All Voters
238,163,238,"Kumaran High School Main Building Mangalure Tiled Middle Room, South Facing R.C.C Building, Manjakollai","1.Anthanapettai (R.V) And (P) Manjakollai Chettiyar Theru  ward:6 , 2.Anthanapettai (R.V) And (P) Poongalamman Kovil Street  ward:6 , 3.Anthanapettai (R.V) And (P) Kouthiya Street ward:6 , 4.Anthanapettai (r.v) and (p) Pallivasal Street ward:6 , 5.Anthanapettai (R.V) And (P) New Street ward:6 , 6.Anthanapettai (R.V) And (P) Joopli Street  ward:6",All Voters
239,163,239,"Panchayat Union Middle School, Andanapettai. North Facing, RCC Building East Portion","1.Andhanapettai (R.V)  And  (P) Nagapattinam Tiruvarur Salai Back Side  ward:1 , 2.Andhanapettai (R.V)  And  (P) Keela Andhanapettai ward:1 , 3.Andhanapettai (R.V)  And  (P) Velankanni Road  ward:1 , 4.Andhanapettai (R.V)  And
(P) Kaliamman Koil Street ward:1 , 5.Andhanapettai (R.V)  And  (P) Vaniya Street ward:1 , 6.Andhanapettai  (R.V)  And
(P) Rice Mill Street ward:1 , 7.Andhanapettai  (R.V) And  (P) Pudavaikkadai Street ward:2 , 8.Andhanapettai (R.V)  And
(P) Kadai Street ward:1 , 9.Andhanapettai (R.V)  And (P) Manmadhan Koil Street ward:1 , 10.Andhanapettai  (R.V)  And
(P) Mela Street ward:1 , 11.Andhanapettai  (R.V) And  (P) Sivan Kela Veethi  ward:2 , 12.Andhanapettai (R.V)  And (P) Sivan Sanathi  ward:2 , 13.Andhanapettai  (R.V)  A.V  (P) Sivan South Street ward:2 , 14.Andhanapettai (R.V) And  (P) Eda Street ward:2",All Voters
240,163,240,"Panchayat Union Middle School, Andanapettai. North Facing, RCC Building West Portion","1.Andhanapettai (R.V)  And  (P) Middle Street ward:1 , 2.Andhanapettai  (R.V)  And (P) Sivan North Street ward:2 , 3.Andhanapettai  (R.V)  And  (P) Vettu Kula Street ward:2 , 4.Andhanapettai  (R.V)  And  (P) Sivan Mela Veethi ward:2 , 5.Andhanapettai  (R.V)  And (P) Vettukkula Mela Street ward:2",All Voters
