sl_no,ac_code,polling_station_number,polling_station,polling_areas,polling_station_type
1,202,1,"Rajapalayam  Rajus  College,  Vadakku
Venganallur  -  626117.  Sports  Hostel, Front  Portion,  South  side  room,  facing East.","1.VadakuVenganallur(R.V),  Krishnapuram  (P)  Ward  7
PSK  Malayapuram  ,
2.Vadaku  Venganallur(R.V),  Krishnapuram  (P)  Ward  7 Odipatti  ,
3.Vadaku  Venganallur(R.V),  Krishnapuram  (P)  Ward  7
Siyon  nagar.",All  Voters
2,202,2,"Rajapalayam  Rajus  College,  Vadakku Venganallur  -  626117.  Sports  Hostel, Front  Portion,  North  side  room,  facing
East.","1.VadakuVenganallur(R.V),  Krishnapuram  (P)  Ward  7 Thadco  colony.",All  Voters
3,202,3,"Rajapalayam  Rajus  College,  Vadakku
Venganallur  -  626117.  Sports  Hostel, Back  Portion,  North  side  room,  facing East.","1.VadakuVenganallur  (R.V),  Krishnapuram  (P)  Ward  7
Kambar  nagar,
2.Vadaku  Venganallur(R.V),  Krishnapuram  (P)  Ward  7 Parasakthi  Nagar  voc  Nagar  ,
3.Vadaku  Venganallur(R.V),  Krishnapuram  (P)  Ward  7
Thiruvalluvar  Nagar.",All  Voters
4,202,4,"Rajapalayam  Rajus  College,  Vadakku Venganallur  -  626117.  Sports  Hostel, Back  Portion,  South  side  room,  facing East.","1.VadakuVenganallur(R.V),  Krishnapuram  (P)  Ward  7
Veeradharmapuram,
2.VadakuVenganallur(R.V),  Krishnapuram  (P)  Ward  7 Melapalayam,
3.VadakuVenganallur(R.V),  Krishnapuram  (P)  Ward  7
Ambedkar  Nagar.",All  Voters
5,202,5,"Panchayat  Union  Elementary  School, Thiruvalluvar  Nagar,  Sammandapuram-626117.  North  Building,  West  Portion,
facing  south","1.Sammanthapuram(R.V),  Melapattam  Karisalkulam
(P)  Ward  3  Ambedkar  Nagar,",All  Voters
6,202,6,"Panchayat  Union  Elementary  School, Thiruvalluvar  Nagar,  Sammandapuram-626117.  East  Building,  North  Portion,
facing  West","1.Sammanthapuram(R.V),  Melapattam  Karisalkulam
(P)  Ward  3  Thiruvalluvar  Nagar.",All  Voters
7,202,7,"Panchayat  Union  Elementary  School, Thiruvalluvar  Nagar  Sammandapuram-626117.  West  Building,  North  Portion","1.Samanthapauram(R.V),  Melapattam  Karisalkulam
(P)  Ward  3  Samathuvapuram.  2.Samathapuram(R.V), Melapattam  Karisalkulam  (P)  Ward  3  Indira  Nagar.",All  Voters
8,202,8,"Panchayat  Union  Elementary  School,
Thiruvalluvar  Nagar,  Sammandapuram-626117.  East  Building,  South  Portion","1.Samanthapuram(R.V),  Melapattam  Karisalkulam
(P)  Ward  3  Maruthu  Nagar, 2.Samanthapuram(R.V),  Melapattam  Karisalkulam
(P)  Ward  3  Bankars  Colony  ,
3.Samanthapuram(R.V),  Melapattam  Karisalkulam
(P)  Ward  3  M  M  Nagar.",All  Voters
9,202,9,"Panchayat  Union  Elementry  School, Sammandapuram,  Thendral  Nagar-
626117","1.Samanthapuram(R.V),  Melapattam  Karisalkulam Ward  3  Thendral  Nagar",All  Voters
10,202,10,"Integrated  Chiled  Development  Scheme Centre,  Sammandapuram  Thendral Nagar,  Rajapalayam-626117.","1.Samanthapuram(R.V),  Melapattam  Karisalkulam Ward  3  Thendral  Nagar",All  Voters
11,202,11,"E-Sevai  Centre  Building,  Inam
Chettikulam,  .","1.Rajapalayan(R.V),  Inam  Chettikulam  (P)  Ward  1
Inam  Chettikulam,",All  Voters
12,202,12,"Anganwadi  Centre  No.22,  Old  Building,
Inam  Chettikulam,  .","1.Rajapalayam(R.V),  Inam  Chettikulam  Ward  3  Inam
Chettikulam",All  Voters
13,202,13,"Anganwadi  Centre  No.106,  New Building,  Inam  Chettikulam,  .","1.  Part-11,  Section-2  .Rajapalayam(R.V),  Inam
Chettikulam  Inam  Chettikulam  Ward  2  Inam Chettikulam
2.  Part-12,  Section-1  Rajapalayam(R.V),  Inam
Chettikulam  Ward  3  Inam  Chettikulam  (SI.No.  751 to  1075)",All  Voters
14,202,14,"Panchayat  Union  Primary  School, Freedon  Through  Education  Building, Melapattam  Karisalkulam  -  626110, M.P.K.Pudupatti.  North  Side  Building, West  Portion,  facing  south,","1.Melapattam  Karisalkulam(R.V),  Melapattam Karisalkulam  (P)  Ward  2  Subburaj  colony  , 2.Melapattam  Karisalkulam(R.V),  Melapattam Karisalkulam  (P)  Ward  1  Madathupatti  street  , 3.Melapattam  Karisalkulam(R.V),  Melapattam Karisalkulam  (P)  Ward  1  Pillaiyar  kovil  street  North Side  ,
4.Melapattam  Karisalkulam(R.V),  Melapattam Karisalkulam  (P)  Ward  2  Mariamman  kovil  Street  , 5.Melapattam  Karisalkulam(R.V),  Melapattam Karisalkulam  (P)  Ward  2  Gandhi  Street",All  Voters
15,202,15,"Panchayat  Union  Primary  School,
Freedon  Through  Education  Building, Melapattam  Karisalkulam  -  626110, M.P.K.Pudupatti.  North  Side  Building, East  Portion,  facing  south,","1.Melapattam  Karisalkulam(R.V),  Melapattam
Karisalkulam  (P)  Ward  2  Pillaiyar  Kovil  South  Side, 2.Melapattam  Karisalkulam(R.V),  Melapattam Karisalkulam  (P)  Ward  4  Therkoor  ,
3.Melapattam  Karisalkulam(R.V),  Melapattam
Karisalkulam  (P)  Ward  4  Gothainatchiyarpuram.",All  Voters
16,202,16,"Srivilliputtur  Panchayat  Union  Middle School,  Kothankulam  -  626154,  North Building,West  Portion,  Facing  south","1.Kothankulam(R.V),Kothankulam  (P)  Ward  1
Annanagar,
2.Kothankulam(R.V),  Kothankulam  (P)  Ward  2  East colony  Street,",All  Voters
17,202,17,"Srivilliputtur  Panchayat  Union  Middle
School,  Kothankulam  -  626154,  North Building,  East  Portion,  Facing  south","1.Kothankulam(R.V),  Kothankulam  (P)  Ward  1  Mela
Street,
2.Kothankulam(R.V),  Kothankulam  (P)  Ward  1  Keela Street,",All  Voters
18,202,18,"Srivilliputtur  Panchayat  Union  Middle School,  Kothankulam  -  626154.  West Building,  North  portion,  facing  east,","1.Kothankulam(R,V),  Kothankulam  (P)  Ward  5 Arasiyarpatti  Melavanniyampatti  ,",All  Voters
19,202,19,"Srivilliputtur  Panchayat  Union  Middle School,  Kothankulam  -  626154.  West Building,  south  portion,  facing  east,","1.Kothankulam(R.V),  Kothankulam  (P)  Ward  3  South Street,  Kothankulam.",All  Voters
20,202,20,"Srivilliputtur  Panchayat  Union Elementry  School,  K.Thottiapatti  - 626117","1.Kothankulam(R.V),  kothankulam  (P)  Ward  4
Aruntahthiar  colony  ,
2.Kothankulam(R.V),  Kothankulam  (P)  Ward  4 Thottiyapatti  ,
3.Kothankulam(R.V),  Kothankulam  (P)  Ward  4
Alagapuri",All  Voters
21,202,21,"Panchayat  Union  Primary  School, Kalangaperi  Pudhur.  626108.
South  Portion,facing  east.","1.Arasiyarpatti(R.V),  Kalangaperiputhur  (P)  Ward  1  &
2  North  Street,
2.Arasiyarpatti(R.V),  Kalangaperiputhur  (P)  Ward  1  & 2  South  street,",All  Voters
22,202,22,"Panchayat  Union  Primary  School, Kalangaperi  Pudhur.  626108.
North  Portion,  facing  east.","1.Arasiyarpatti(R.V),  KalangaPeriputhur  (P)  Ward  1
Kammapatti  ,
2.Arasiyarpattii(R.V),  Kalangaperiputhur  (P)  Ward  1 Muthuramalingapuram  ,",All  Voters
23,202,23,"Hindu  Primary  School,  Kalangaperi  626
108,  South  Portion  ,Facing  East","1.Arasiyarpatti  (RV),  Kalangaperipudhur  (P)  ward  3
Indira  Colony  ,
2.Arasiyarpatti  (RV),  Kalangaperipudhur  (P)  Ward  3 Vishnunagar.",All  Voters
24,202,24,"Hindu  Primary  School,  Kalangaperi, 626  108,  North  Portion,  Facing  East","1.Arasiyarpatti  (RV),  Kalangaperipudhur  (P)  Ward  2
Yadavar  Street  ,
2.Arasiyarpatti  (RV),  Kalangaperipudhur  (P)  ward  2  3 South  Street  ,
3.Arasiyarpatti  (R.V),  Kalangaperipudhur  (P)  Ward  3 Vettaiperumalnagar  (Part  No.23
Section  No.2)",All  Voters
25,202,25,"Oru  sol  Vinagayagar  Primary  school, Subbaraja  Madam  Street,Rajapalayam, Western  Building,  South  Portion.","1.Rajapalayam  (M)  Ward  3  Tenkasi  Road  Main  Road  , 2.Rajapalayam  (M)  Ward  3  Tenkasi  Road  Car  Street  , 3.Rajapalayam  (M)  Ward  1  Alagathankulam  Road  , 4.Rajapalayam  (M)  Ward  1  Alagathankulam  Road  1st Car  Street  ,
5.Rajapalayam  (M)  Ward  1  and  8  Madasamy  Kovil Street",All  Voters
26,202,26,"Oru  sol  Vinagayagar  Primary  school, Subbaraja  Madam  Street,  Rajapalayam. Western  Building,  Centre  Portion.","1.Rajapalayam  (M)  Ward  1  and  8  Madasamy  Kovil
2nd  Street  ,
2.Rajapalayam  (M)  Ward  1  and  8  Madasamy  Kovil 3rd  Street.",All  Voters
27,202,27,"Sri  Rao  Bhagadur  A  K  D  Dharmaraja
Primary  School,  Madasamy  Kovil Street,  Rajapalayam.","1.Rajapalayam  (M)  Ward  1  and  8  Madasamy  Kovil Main  Road  ,
2.Rajapalayam  (M)  Ward  11  Samanthapuram Perumal  kovil  1st  Street  (Part  No.  55  Section  No.3)",All  Voters
28,202,28,"Oru  sol  Vinagayagar  Primary  school,
Subbarajamadam  Street,  Rajapalayam. Western  Building,  North  Portion.","1.Rajapalayam  (M)  Ward  1Subbparaja  madam  1st
street  ,
2.Rajapalayam  (M)  Ward  1  Subbaraja  madam  2nd street  ,
3.Rajapalayam  (M)  Ward  1  subbaraja  madam  3rd street  ,
4.Rajapalayam  (M)  Ward  1  subbaraja  madam  4th street  ,
5.Rajapalayam  (M)  Ward  1  subbaraja  madam  5th street  ,
6.Rajapalayam  (M)  Ward  1  subbaraja  madam  6th street  ,
7.Rajapalayam  (M)  Ward  1  subbaraja  madam  7th
street",All  Voters
29,202,29,"N  A  Annapparaja  Memorial  Hr.Sec. School,  Ground  Floor  2,  Main  Building Rajapalayam  -626117.  Northen  Portion,
East  Facing","1.Rajapalayam  (M)  Ward  3  Alagapuri  1st  Street  , 2.Rajapalayam  (M)  Ward  3  Alagapuri  2nd  street  ,",All  Voters
30,202,30,"N.A.  Annapparaja  Memorial  Higher Secondary  School  ,Rajapalayam-626117.  Main  Building,  Ground  Floor  4, East  Facing.","1.Rajapalayam  (M)  Ward  2  Solarajapuram  1st  Street  , 2.Rajapalayam  (M)  Ward  2  Solarajapuram  2nd  Street  , 3.Rajapalayam  (M)  Ward  2  Solarajapuram  3rd  Street  , 4.Rajapalayam  (M)  Ward  4  Avarampatti  Kattapomman  Street.",All  Voters
31,202,31,"N.A.  Annapparaja  Memorial  Higher Secondary  School,Rajapalayam,  Main Building,  Ground  Floor  6,  South  Portion.","1.Rajapalayam  (M)  Ward  4  Avarampatti  Kambar
Street  ,  2.Rajapalayam  (M)  Ward  3  Tenkasi  Road MainRoad  ,
3.Rajapalayam  (M)  Ward  3  Tenkasi  Road  Cross  Street
,
4.Rajapalayam  (M)  Ward  5  Pugalanthi  Road  , 5.Rajapalayam  (M)  Ward  2and4  Avarampatti Kalyanasundaranar  Road",All  Voters
32,202,32,"N.A.  Annapparaja  Memorial  Higher Secondary  School,  Rajapalayam,  Main Building,  Ground  Floor  5,  South  Portion.","1.Rajapalauam  (M)  Ward  2  and  3  Avarampatti
Bharathiyar  Street  1st  street  ,
2.Rajapalayam  (M)  Ward  3  Avarampatti  Bharathiyar 5th  Street  ,
3.Rajapalayam  (M)  Ward  2  and  3  Avarampatti Bharathiyar  street  6th  street  ,
4.Rajapalayam  (M)  Ward  2  Avarampatti  Bharathiyar 7th  street  ,
5.Rajapalayam(M)  Ward  2  Avarampatti  Bharathiyar
8th  street",All  Voters
33,202,33,"N.A.  Annapparaja  Memorial  Higher Secondary  School,  Rajapalayam,  Main Building,  Ground  Floor  3,  North  Portion.","1.Rajapalayam  (M)  Ward  2  Avarampatti  Bharathiyar
1st  street  ,
2.Rajapalyam(M)  Ward  2  Avarampatti  Bharathiyar 2nd  street  ,",All  Voters
34,202,34,"N.A.  Annapparaja  Memorial  Higher Secondary  School,  Rajapalayam,North Side  ,  West  facing  Class  No  1,  North
Portion.","1.Rajapalayam(M)  Ward  2  Avarampatti  Bharathiyar 9th  street
2.Rajapalayam  (M)  Ward  2  Avarampatti  Bharathiyar
3rd  street",All  Voters
35,202,35,"Noon  Meal  Centre,  Keela  Avarampatti,
Rajapalayam  -  626117","1.Rajapalayam(M)  Ward  4  &  5  Avarampatti
Kalyansundranar  Road",All  Voters
36,202,36,"Murugan  Middle  School  Avarampatti, North  Building,  Avarampatti  Perumal kovil  Sannathi  street,  Rajapalayam 626117","1.Rajapalayam(M)  Ward  4  Avarampatti  Manimagalai
Street  ,
2.Rajapalyam(M)  Ward  4  Avarampatti  Parumal sannathi  street  ,
3.Rajapalayam(M)  Ward  3  Avarampatti  Barathiar  9th Street  ,
4.Rajapalayam  (M)  Ward  3  Avarampatti
Kattapomman  Street.",All  Voters
37,202,37,"Murugan  Middle  School,  West  Building, Avarampatti  perumal  kovil  sannathi street,  Rajapalayam  626117","1.Rajapalayam  (M)  Ward  4  Avarampatti  Kampar  1st
street  ,
2.Rajapalayam(M)  Ward  4  Avarampatti  Kampar  2nd street  ,
3.Rajapalayam(M)  Ward  4  Avarampatti  Kampar  3rd street  ,
4.Rajapalayam(M)  Ward  5  Pugalenthi  Road",All  Voters
38,202,38,"Pandia  Mooppar  Vannar  Chavadi, Kalyanasundaranar  Road,  Avarampatti, Rajapalayam  -  626117.  South  portion,","1.Rajapalayam(M)  Ward  4  Avarmpatti  Valiapathi
street  ,
2.Rajapalayam(M)  Ward  4  Avarampatti  Sinthamani street  ,
3.Rajapalayam(M)  Ward  1  Avarmpatti  Barthi  Theater 1st  street  ,
4.Rajapalayam(M)  Ward  1  Avarmpatti  Barthi  Theater 2rd  street  ,
5.Rajapalayam(M)  Ward  1  Avarmpatti  Barthi  Theater 3rd  street  ,
6.Rajapalayam(M)  Ward  1  Avarmpatti  Barthi  Theater 4th  street  ,
7.Rarapalayam  (M)  Ward  1  Azhgathangulam  Road Main  Road  ,
8.Rajapalayam(M)  Ward  1  Azhgathangulam  2nd
Corss  Street.",All  Voters
39,202,39,"Pandia  Mooppar  Vannar  Chavadi, Kalyanasundaranar  Road,  Avarampatti, Rajapalayam  -  626117.  North  portion,","1.Rajapalayam(M)  Ward  4  Avarmpatti  Valiapathi
street  ,
2.Rajapalayam(M)  Ward  4  Avarampatti  Sinthamani street  ,
3.Rajapalayam(M)  Ward  1  Avarmpatti  Barthi  Theater 1st  street  ,
4.Rajapalayam(M)  Ward  1  Avarmpatti  Barthi  Theater 2rd  street  ,
5.Rajapalayam(M)  Ward  1  Avarmpatti  Barthi  Theater 3rd  street  ,
6.Rajapalayam(M)  Ward  1  Avarmpatti  Barthi  Theater 4th  street  ,
7.Rarapalayam  (M)  Ward  1  Azhgathangulam  Road Main  Road  ,
8.Rajapalayam(M)  Ward  1  Azhgathangulam  2nd
Corss  Street.",All  Voters
40,202,40,"Dharmapuram  Rajus  Common  Fund Building,  Gandhiji  Library,
Dharmapuram  Street,  Rajapalayam","1.Rajapalyam(M)  Ward  20  Thankasi  Road  , 2.Rajapalayam(M)  Ward  5  Dharmapuram  Street.",All  Voters
41,202,41,"N.  A.  P.  Pappuraja  Memorial  Middle
School,  North  facing  South  Building East  Portion  ,  T.P.  Mills  Road, Rajapalayam  -  626117.","1.Rajapalayam  (M)  Ward  19  TP  Mills  Road  Mainroad  , 2.Rajapalayam  (M)  Ward  19  TP  Mills  Road  1st  Corss Street  ,
3.Rajapalayam  (M)  Ward  19  TP  Mills  Road  2nd  Corss Street,
4.Rajapalayam  (M)  Ward  19  TP  Mills  Road  3rd  Corss Street",All  Voters
42,202,42,"N.  A.  P.  Pappuraja  Memorial  Middle School,  T.P.  Mills  Road,  North  facing South  Building  West  Portion,
Rajapalayam  -  626117.",1.Rajapalayam  (M)  Ward  20  North  Malaiyadipatti Door  No.  1  to  230  (Part  Sl  No.1  to  755),All  Voters
43,202,43,"N.  A.  P.  Pappuraja  Memorial  Middle School,  East  facing  West  Portion  South Side,  T.P.  Mills  Road,  Rajapalayam  - 626117.",1.Rajapalayam  (M)  Ward  20  North  Malaiyadipatti Door  No.  230A  to  1462  (Part  Sl  No.756  to  1462) 2.Rajapalayam(M)  Ward  20  Malayadipatti  2nd  street. (Part  No.46  section-1  SI  No.991  to  1227),All  Voters
44,202,44,"Sanjeevinathapuram  Primary  School, Sanjeevinathapuram  Street, Rajapalayam  -  626117.  Northern
Portion,",1.Rajapalayam(M)  Ward  20  Maliyadipatti  1st Street.(D.NO.1  to  170C),All  Voters
45,202,45,"Sanjeevinathapuram  Primary  School,
Sanjeevinathapuram  Street, Rajapalayam  -  626117.  South  Portion,","1.Rajapalayam(M)  Ward  20  Maliyadipatti  1st
Street.(D.NO  171  above)
2.Rajapalayam(M)  Ward  20  Maliyadipatti  2nd Street.(D.NO  1  to  50)",All  Voters
46,202,46,"Vivekanantha  Balar School.Rajapalayam-626117.  Facing
west,  North  Side.",1.Rajapalayam(M)  Ward  20  Malayadipatti  2nd  street. (Door.No.51above),All  Voters
47,202,47,"N.A.P.Pappuraja  Memorial  Middle School,  T.P.  Mills  Road,East  facing  West Portion  North  Side,  Rajapalayam  -
626117.","1.Rajapalayam(M)  Ward  20  Maliyadipatti  1st  Street  , 2.Rajapalayam  (M)  Ward  21  Maliyadipatti  2nd  Street",All  Voters
48,202,48,"Sri  Renugadevi  Primary  School, Sevalpatti  North  Street,  Rajapalayam-626117.Western  Portion,","1.Rajapalayam(M)  Ward  19  Sanjeeveenathpuram  1st
Street  ,
2.Rajapalayam  (M)  Ward  19  Sansivenathpuram  2nd Street  ,
3.Rajapalayam  (M)  Ward  19  Sanjeevinathpuram  3rd
Street.",All  Voters
49,202,49,"Sri  Renugadevi  Primary  School, Sevalpatti  North  Street,  Rajapalayam-626117.  Eastern  Portion,","1.Rajapalayam  (M)  Ward  9  Dhroupathiamman  Kovil
1st  Street  ,
2.Rajapalayam(M)  Ward  5,  19  Dhroupathiamman Kovil  2nd  Street",All  Voters
50,202,50,"Rajukkal  Peria  Chavadi,  Dharmaraja Peria  Street,  Rajapalayam  - 626117.Western  Portion,","1.Rajapalayam  (M)  Ward  6  Lakshmanaperumal  kovil
1st  street  ,
2.Rajapalayam  (M)  Ward  6  Lakshmanaperumal  kovil 2nd  street  ,
3.Rajapalayam  (M)  Ward  6  Lakshmanaperumal  kovil 3rd  street  ,
4.Rajapalayam  (M)  Ward  6  Oyampuli  street",All  Voters
51,202,51,"Rajukkal  Peria  Chavadi,  Dharmaraja Peria  Street,  Rajapalayam  -  626117 Eastern  Portion,","1.Rajapalayam  (M)  Ward  6  Muthiahraja  street, 2.Rajapalayam  (M)  Ward  6  Nallaiahraja  street, 3.Rajapalayam  (M)  Ward  6  Periakadai  bazar, 4.Rajapalayam  (M)  Ward  7  Darmaraja  Peria  street, 5.Rajapalayam  (M)  Ward  6  Vatchavari  street, 6.Rajapalayam  (M)  Ward  8  Kottai  Thalaivasal  street.",All  Voters
52,202,52,"Rajakottai  1st  no  Primary  School,  91 Dharmaraja  Big  street,  North  side building","1.Rajapalayam  (M)  Ward  6  Madasamy  Kovil  North Street,
2.Rajapalayam  (M)  Ward  1&8  Madasamy  Kovil  Street.",All  Voters
53,202,53,"Maravar  Common  Chavadi,
Venkatesapuram  -  626117","1.Rajapalayam  (M)  Ward  9  Samanthapuram  1st
street  ,
2..Rajapalayam  (M)  Wad  9  Samanthapuram  3rd street  ,
3.Rajapalayam  (M)  Ward  9&11&13  Mudankiyar street  ,
4.Rajapalayam  (M)  Ward  8  samanthapuram
Gnanasamanthar  South  Street.",All  Voters
54,202,54,"Sri  Rao  Bahadur  AKD  Dharmaraja  Boys Higher  Sec.  School,  Periamanthai Street,  Rajapalayam.  East  Portion,","1.Rajapalayam  (M)  Ward  9  Samanthapuram  1st street  ,
2.Rajapalayam  (M)  Ward  9  Samanthapuram  2nd street  ,
3.Rajapalayam  (M)  Ward  9  Samanthapuram  3rd street  ,
4.Rajapalayam  (M)  Ward  9  Samanthapuram  4th street  ,
5.Rajapalayam  (M)  Ward  9  Samanthapuram  5th Street  ,
6.Rajapalayam  (M)  Ward  9  Samanthapuram Gnanasamanthar  South  Street  ,
7.Rajapalayam  (M)  Ward  11  Seethakathi  9th  Street",All  Voters
55,202,55,"Sri  Rao  Bahadur  AKD  Dharmaraja  Boys
Higher  Sec.  School,  Periamanthai Street,  Room  No.  4,  Rajapalayam.  West Portion,","1.Rajapalayam  (M)  Ward  8  Samanthapuram
Gnanasamanthar  North  Street  ,
2.Rajapalayam  (M)  Ward  8  Perimanthai  Street  , 3.Rajapalayam  (M)  Ward  11  Samanthapuram Perumal  kovil  2nd  Street.",All  Voters
56,202,56,"Sri  Rao  Bahadur  AKD  Dharmaraja  Girls
Middle  School,  Periakadai  Bazaar, Rajapalayam.  North  Portion,  West  side","1.Rajapalayam  (M)  Ward  7  Periakadai  bazar  , 2.Rajapalayam  (M)  Ward  7  Darmaraja  Peria  street  1st street  ,
3.Rajapalayam  (M)  Ward  7  Darmaraja  Peria  street 2nd  street  ,
4.Rajapalayam  (M)  Ward  7  Darmaraja  Peria  street 3rd  street  ,
5.Rajapalayam  (M)  Ward  8  Kottaithalaivasal  street  , 6.Rajapalayam  (M)  Ward  6  Vatchavari  street",All  Voters
57,202,57,"Sri  Rao  Bahadur  AKD  Dharmaraja  Girls
Middle  School,  Periakadai  Bazaar, Rajapalayam.  North  Portion,  East  side","1.Rajapalayam  (m)  Ward  14  Thambapillai  street, 2.Rajapalayam  (M)  Ward  7  Kamatchiamman  kovil street",All  Voters
58,202,58,"Sri  Rao  Bahadur  AKD  Dharmaraja  Girls Middle  School,  Periakadai  Bazaar, Rajapalayam.  South  Portion,  East  side","1.Rajapalayam  (M)  Ward  7  Periakadai  bazar  1st street  ,
2.Rajapalayam  (M)  Ward  7  Periakadai  bazar  2nd street  ,
3.Rajapalayam  (M)  Ward  7,15  Periakadai  3rd  Street 4.Rajapalayam  (M)  Ward  7  Darmaraja  peria  street  , 5.Rajapalayam  (M)  Ward  14  Kattu  Vinayagar  kovil street",All  Voters
59,202,59,"Sivakami  High  School, Kamatchiammankovil  Street, Rajapalayam.  South  Portion","1.Rajapalayam  (M)  Ward  15  Thiruvalluvar  1st  street  , 2.Rajapalayam  (M)  Ward  15  Thiruvalluvar  1st  cross street  ,
3.Rajapalayam  (M)  Ward  17  Thiruvalluvar  2nd  street
,
4.Rajapalayam  (M)  Ward  18  Thiruvalluvar  3rd  street",All  Voters
60,202,60,"Sivakami  High  School, Kamatchiammankovil  Street, Rajapalayam.  North  Postion","1.Rajapalayam  (M)  Ward  18  Thiruvalluvar  1st  street  , 2.Rajapalayam  (M)  Ward  15  Thiruvalluvar  2nd  street
,
3.Rajapalayam  (M)  Ward  7  Periakadai  bazar  , 4.Rajapalayam  (M)  Ward  18  Kooraipillaiyar  kovil street",All  Voters
61,202,61,Municipal  3rd  Ward  Primary  School. Rajapalayam  -  626117.  Pethaiyapillai Street.  1st  Std  Class  Room.,"1.Rajapalayam  (M)  Ward  19  Pethaiahpillai  1st  street
,
2.Rajapalayam  (M)  Ward  19  Pethaiah  Pillai  2nd street  ,
3.Rajapalayam  (M)  Ward  5  Pethaiah  Pillai  Main Street  ,
4.Rajapalayam  (M)  Ward  19  Pethayapillai  1st  cross lane  ,
5.Rajapalayam  (M)  Ward  5  Darmapuram  street.",All  Voters
62,202,62,"Vaniga  Vysiyar  Primary  School, Kooraipillaiyar  Koil  Street, Rajapalayam-626117.  North  Portion, Ground  Floor,","1.Rajapalayam  (M)  Ward  7  Koorai  Pillaiyar  Kovil  1st
Street  ,
2.Rajapalayam  (M)  Ward  18  Kooraipillaiyar  kovil  2nd Street  ,
3.Rajapalayam  (M)  Ward  18  Kooraipillaiyar  kovil  2nd Corss  Street.
4.Rajapalayam  (M)  Ward  19  Pethayapillai  3rd  cross lane  ,
5.Rajapalayam  (M)  Ward  19  Pethayapillai  4th  cross lane  ,
6.Rajapalayam  (M)  Ward  19  Pethaiah  Pillai  2nd  cross lane  ,
7.Rajapalayam  (M)  Ward  19  Thenkasi  Road  ,",All  Voters
63,202,63,"Vaniga  Vysiyar  Primary  School, Kooraipillaiyar  Koil  Street, Rajapalayam-626117.  South  Portion,
Ground  Floor,","1.Rajapalayam  (M)  Ward  7  Periyakadai  Bazzar  , 2.Rajapalayam  (M)  Ward  5,19  Dhroupathiamman kovil  street",All  Voters
64,202,64,"Sri  Krishnasamy  Middle  School, Sevalpatti  South  Street,  Rajapalayam  - 626117.  Main  Building,  North  Portion,","1.Rajapalayam  (M)  Ward  17  Sevalpatti  North  1st
Street,
2.Rajapalayam  (M)  Ward  17  Sevalpatti  North  1st Cross  Street
3.Rajapalayam  (M)  Ward  17  Sevalpatti  North  2nd Cross  Street.
4.Rajapalayam  (M)  Ward  17  Sevalpatti  North  3rd Cross  Street.
5.Rajapalayam  (M)  Ward  17  Sevalpatti  North  4th
Cross  Street.",All  Voters
65,202,65,"Sri  Krishnasamy  Middle  School, Sevalpatti  South  Street,  Rajapalayam  - 626117.  Main  Building,  South  Portion,","1.Rajapalayam  (M)  Ward  17  Sevalpatti  south  1st Street  ,
2.Rajapalayam  (M)  Ward  17  Sevalpatti  South  2nd
Street",All  Voters
66,202,66,"St.Pauls  Nursery  and  Primary  School, Kamarajar  Nagar,  Rajapalayam  - 626117.  Main  Building,  Ground  Floor, East  Side,","1.Rajapalayam  (M)  Ward  17  Mishan  kovil  Street  1st street,
2.Rajapalayam  (M)  Ward  17  Mishan  kovil  2nd  street, 3.Rajapalayam  (M)  Ward  17  Thenkasi  Road  , 4.Rajapalayam  (M)  Ward  21  TP  Mills  road",All  Voters
67,202,67,"Vallalar  Gurukulam,  Main  Building, South  Malaiyadipatti,  Rajapalayam","1.Rajapalayam  (M)  Ward  21  Malaiyadipatti  2nd Street,
2.Rajapalayam  (M)  Ward  21  Malaiyadipatti  2nd  street",All  Voters
68,202,68,"Sagayarani  Middle  School, Soundarapandian  Nagar,  South Malaiyadipatti.","1.Rajapalayam  (M)  Ward  21  Malaiyadipatti  3rd  Street, 2.Rajapalayam  (M)  Ward  27  Malayadipatti  5th  street",All  Voters
69,202,69,"Vallalar  Gurukulam,  ,  Malaiyadipatti,
Rajapalayam  -  Main  Building  North Side,  facing  East.","1.Rajapalayam  (M)  Ward  21  Malaiyadipatti  2nd street,
2.Rajapalayam  (M)  Ward  21  Malayadipatti  3rd  street,",All  Voters
70,202,70,"Nadar  Higher  Secondary  School, Railway  Feedar  Road  Rajapalayam.  East Portion  North  side  West  Facing  Room
No.17,","1.Rajapalayam  (M)  Ward  22  Kamarajar  nagar, 2.Rajapalayam  (M)  Ward  22  Railway  Feedar  Road,",All  Voters
71,202,71,"Rajapalayam  Municipality  10th  Ward Primary  School,  (Pullukadai  Street) Ammanpottal  Street,  Rajapalayam  - West  Side,  North  Portion,","1.Rajapalayam  (M)  Ward  16  Palayapalayam  kumaran
Street,  1st  street  ,
2.Rajapalayam  (M)  Ward  16  Palayapalayam Kurmaran  Street.  2nd  Street.
3.Rajapalayam  (M)  Ward  16  Palayapalayam  kumaran
Street,  6th  Street",All  Voters
72,202,72,"Rajapalayam  Municipality  10th  Ward Primary  School,  (Pullukadai  Street), Ammanpottal  Street,  Rajapalayam  - 626117.  Eastern  Portion,  Old  Building, South  Side,","1.Rajapalayam  (M)  Ward  16  Palayapalayam  Kumaran
Second  Street  ,
2.Rajapalayam  (M)  Ward  16  Palayapalayam  Kumaran 3rd  street  ,
3.Rajapalayam  (M)  Ward  16  Palayapalayam  Kumaran Street,  4th  Street  ,
4.Rajapalayam  (M)  Ward  16  Palayapalayam  kumaran
Street,  5th  Street",All  Voters
73,202,73,"Rajapalayam  Municipality  10th  Ward Primary  SchoolAmmanpottal  Street, Rajapalayam.626117.  New  Building,
Eastern  Portion,",1.Rajapalayam  (M)  Ward  15  Ammanpottal  street.,All  Voters
74,202,74,"Intagraed  Child  develapment  Scheme, Centre  No.  14,  Kumaran  Park,  East Portion,  Facing  South,  Rajapalayam-
626114.","1.Rajapalayam  (M)  Ward  16  Uranipatti  street  , 2.Rajapalayam  (M)  Ward  15  Palayapalayam  Kaviman Desiyavinayagampillai  street  ,
3.Rajapalayam  (M)  Ward  16  Thenkasi  road",All  Voters
75,202,75,"Illathupillaimar  Community  Common Centre,  Kavimani  Desiya  Vinayagam Street,  Rajapalayam  -  626117.  South Portion,","1.Rajapalayam  Municipality  Ward  15  Periyakadi Bhazar  1st  Street  ,
2.Rajapalayam  (M)  Ward  13  Periakadai  bazar  main street  ,
3.Rajapalayam  (M)  Ward  16  Palayapalayam  kumaran 1st  street  ,
4.Rajapalayam  (M)  Ward  11&13  Mudankiyar  Road 5.Rajapalayam  (M)  Ward  13  Mudankiyar  road  (Part No.77  Section  No.4)
6.Rajapalayam  (M)  Ward  13  Palaiyapalayam kavimani  Desiya  Vinayagampillai  Street  (Part  No.77 Section  No.5)",All  Voters
76,202,76,"Illathupillaimar  Community  Common
Centre,  Kavimani  Desiya  Vinayagam
Street,  Rajapalayam  -  626117.  North Portion,","1.Rajapalayam  (M)  Ward  13  Palayapalayam kavimanidesigavinayagampillai  Street,",All  Voters
77,202,77,"Sri  Rama  Dhanalakshmi  Primary School,  Main  Building,  Kattuvinayagar Kovil  Street,  Rajapalayam  -  626117.
Ground  Floor,  West  Portion,","1.Rajapalayam  (M)  Ward  14  Vallalar  street  , 2.Rajapalayam  (M)  Ward  13&15  Peria  kadai  bazar Street  ,
3.Rajapalayam  (M)  Ward  14  Kattu  Vinayagar  kovil  st  ,",All  Voters
78,202,78,"C.S.I.  Elementary  School,  Periakadai Bazaar,  Rajapalayam.  West  Side,  South
Portion,",1.Rajapalayam  (M)  Ward  13&14  Periasuraikaipatti street,All  Voters
79,202,79,"Tmt.Sathyavanimuthu  Ammaiyar Primary  School,  Somaiyapuram. Vadakku  Venganallur  -  626117.  West side  Building,  2nd  from  North,  Facing East","1.Rajapalayam  (M)  Ward  9  and  10  Somaiahapuram 1st  st  ,
2.Rajapalayam  (M)  Ward  10  Somaiahapuram  2nd  st  , 3.Rajapalayam  (M)  Ward  10  Somaiahapuram  3rd  st  ,",All  Voters
80,202,80,"8th  Ward  Municipal  Middle  School, Main  Building,  Sammandapuram Seethakathi  Street,  Rajapalayam-626117.  Western  Portion,  Neear Computer  Room,","1.Rajapalayam  (M)  Ward  10  and  11  Seethakathi  8th
street,
2.Rajapalayam  (M)  Ward  10  and  11  Seethakathi  9th st,
3.Rajapalayam  (M)  Ward  10  and  11  Seethakathi  9th st,
4.Rajapalayam  (M)  Ward  10  and  11  Seethakathi  10th
st",All  Voters
81,202,81,"8th  Ward  Municipal  Middle  School,
Sammandapuram  Seethakathi  Street, Rajapalayam.  Main  Building,  North Portion,","1.Rajapalayam  (M)  Ward  10  Samanthapuram
Somaiahpuram  2nd  street  ,
2.Rajapalayam  (M)  Ward  10  Samanthapuram somaiahpuram  3rd  st  ,
3.Rajapalayam  (M)  Ward  10  Samanthapuram
somaiahpuram  4th  st",All  Voters
82,202,82,"8th  Ward  Municipal  Middle  School, Sammandapuram,  Seethakathi  Street, Rajapalayam.  Main  Building,  Southern Portion,","1.Rajapalayam  (M)  Ward  10  and  11  Samanthapuram
seethakathi  1st  street  ,
2.Rajapalayam  (M)  Wad  11  samanthapuram seetakathi  3rd  street
3.Rajapalayam  (M)  Ward  9  Samanthapuram  2nd street",All  Voters
83,202,83,"8th  Ward  Municipal  Middle  School, Sammandapuram,  Seethakathi  Street, Rajapalayam-626117.  South  Wing Building,  First  Room,  From  West,","1.Rajapalayam  (M)  Ward  10  Samanthapuram seethakathi  4th  street,
2.Rajapalayam  (M)  Ward  10  and  11  Samanthapuram seethakathi  5th  st  ,  3.Rajapalayam  (M)  Ward  10  and 11  Samanthapuram  seethakathi  6th  street, 4.Rajapalayam  (M)  Ward  11  Samanthapuram seethakathi  9th  street,
5.Rajapalayam  (P)  Ward  11  Samanthapuram seethakathi  10th  street
6.Rajapalayam  (M)  Ward  11  Samanthpuram Seethakathi  11th  street",All  Voters
84,202,84,"8th  Ward  Municipal  Middle  School,
Sammandapuram  Seethakathi  Street, Rajapalayam  -  626117.  Branch Building,  East  Side  in  South  Portion,
Room  No.  3,","1.Rajapalayam  (M)  Ward  11  Samanthapuram Seethakathi  1st  Street,",All  Voters
85,202,85,"Integrated  Child  Development  Scheme,
Centre  No.9,  Seethakathi  Street, Sammanthapuram,  Rajapalayam.","1.Rajapalayam  Municipality  Ward  11
Samanthapuram  Seethakathi  2nd  street 2.Rajapalayam  (M)  Ward  11  Samanthapuram Seethakathi  3rd  Street,
3.Rajapalayam  (M)  Ward  11  Samanthapuram seethakathi  9th  Street
4.Rajapalayam  (M)  Ward  11  Samanthapuram
seethakathi  11th  Street",All  Voters
86,202,86,"S.S.  Government  Girls  Higher Secondary  School,  Main  Building,  North Side  in  West  Porion,  Class  -  IX  B, Rajapalayam  -","1.Rajapalayam  (M)  Ward11  Rice  Mill  Road Madathupatti  1st  street  ,
2.Rajapalayam  (M)  Ward  33  Rice  Mill  Road Madathupatti  2nd  street  ,
3.Rajapalayam  (M)  Ward  33  Kundurmoorthyraja Street  ,
4.Rajapalayam  (M)  Ward  33  Erakondal  Sankarraja Street  ,
5.Rajapalayam  (M)  Ward  33  Varikal  Singaraja  Street  , 6.Rajapalayam  (M)  Ward  12  Mudangiyar  Road.",All  Voters
87,202,87,"Thevar  Yadavar  Common  Chavadi, Chinnasuraikkaipatti,  Rajapalayam  - 626117","1.Rajapalayam  (M)  Ward  12  Chinnasuraikaipatti  4th
street  ,
2.Rajapalayam  (M)  Ward  12  Chinnasuraikaipatti  5th street  ,
3.Rajapalayam  (M)  Ward  12  Chinnasuraikaipatti  6th street  ,
4.Rajapalayam  (M)  Ward  12  Chinnasuraikaipatti  7th
street",All  Voters
88,202,88,"Veerakodi  Vellalar  Samuthayathirku
Pathiyapatta  Thiyagi  P.M.Arumugam Pillai,  Chinnathayammal  Memorial Kalaiyarangam,  Chinasuraikaipatti Street,  Rajapalayam-626117  Facing east  Main  Building,  Left  Side,","1.Rajapalayam  (M)  Ward  12  Chinnasuraikaipatti  1st
Street  ,
2.Rajapalayam  (M)  Ward  12  Chinnasuraikaipatti  2nd Street  ,
3.Rajapalayam  (M)  Ward  12  Chinnasuraikaipatti  3rd Street  ,
4.Rajapalayam  (M)  Ward  12  Chinnasuraikaipatti  4th Street  ,
5.Rajapalayam  (M)  Ward  12  Chinnasuraikaipatti  6th
Street.",All  Voters
89,202,89,"Veerakodi  Vellalar  Samuthayathirku Pathiyapatta  Thiyagi  P.M.Arumugam Pillai,  Chinnathayammal  Memorial Kalaiyarangam,  Chinasuraikaipatti Street,  Rajapalayam-626117,  Facing east  Main  Building,  Right  Side,","1.Rajapalayam  (M)  Ward  12  Chinnasuraikaipatti  1st street  ,
2.Rajapalayam  (M)  Ward  12  chinnasuraikaipatti  2nd street  ,
3.Rajapalayam  (M)  Ward  12  Chinnasuraikaipatti  6th street",All  Voters
90,202,90,"S.S.  Government  Girls  Higher Secondary  School,  Main  Building,  North Side  in  West  portion,  Class  room-1, Rajapalayam.","1.Rajapalayam  (M)  Ward  24  Pudupalayam
Vivekananthar  street  ,
2.Rajapalayam  (M)  Ward  24  Roman  Katholiga  church street  ,
3.Rajapalayam  (M)  Ward24&25  Ambulapuli  Bazar",All  Voters
91,202,91,"S.S.  Government  Girls  Higher
Secondary  School,  Main  Building,  North Side  in  West  portion,  Class  room-2, Rajapalayam.","1.Rajapalayam  (M)  Ward  24  Annkayaraja  street, 2.Rajapalayam  (M)  Ward  24  Muthukothanar  street, 3.Rajapalayam  (M)  Ward  24  Boopathiraja  Bank  street",All  Voters
92,202,92,"S.S.  Government  Girls  Higher
Secondary  School,  Middle  Building, South  Side  in  West  facing,  Class  room-1,  Rajapalayam.",1.Rajapalayam  (M)  Ward  23  Boopal  Rajapatti  street,All  Voters
93,202,93,"S.S.  Government  Girls  Higher Secondary  School,  Middle  Building, South  Side  in  West  facing,  Class  room-
2,  Rajapalayam.",1.Rajapalayam  (M)  Ward  23  Boopal  Raja  patti  street,All  Voters
94,202,94,"Sri  Rao  Bahadur  AKD  Dharmaraja  Girls Higher  Secondary  School,  Railway Feeder  Road,  Rajapalayam.  Last
Building  in  East  Side,","1.Rajapalayam  (M)  Ward  22  Ashok  Talkies  Road
2.Rajapalayam  (M)  Ward  26  T.P.  Mills  Road  1st Street
(Part  No.100  Serial  No.1197  to  1366)",All  Voters
95,202,95,"S.S.  Government  Boys  Higher
Secondary  School,  Railway  Feeder Road,  Rajapalayam.  West  side  Building, Ground  Floor  Meetting  Hall,  Northern Portion.facing  East","1.Rajapalayam  (M)  Ward  21  T.P  Mills  road  , 2.Rajapalayam  (M)  Ward  22  Railway  feeder  road  , 3.Rajapalayam  (M)  Ward  31  Sivakamipuram  street, 4.Rajapalayam  (M)  Ward  25  Sankarapandiapuram street",All  Voters
96,202,96,"Sagayarani  Middle  School,  Main Building,  Church  Street,  South Malaiyadipatti,  Rajapalayam  -  Ground
Floor,  West  Side,","1.Rajapalayam  (M)  Ward  27  Malayadipatti  3rd  street
,
2.Rajapalayam  (M)  Ward  27  Malayadipatti  4th  street  ,",All  Voters
97,202,97,"Vivekanantha  Vidyalaya  Primary
School,  P.A.C.R.Ramasamyraja Memorial  Rajapalayam  -  626117.  New Building  Eastern  Side,  2nd  Room
Facing  North",1.Rajapalayam  (M)  Ward  27  Malayadipatti  4th  street,All  Voters
98,202,98,"Vivekanantha  Vidyalaya  Primary
School,  P.A.C.R.Ramasamyraja Memorial  New  Building  Rajapalayam  - 626117.  south  side,  3rd  Room  from west,  North  facing",1.Rajapalayam  (M)  Ward  27  Malayadipatti  5th  street 2.Rajapalayam  (M)  Ward  27  Malaiyadipatti  5th Street  (Part  No.99  Section  No.1),All  Voters
99,202,99,"Vivekanantha  Vidyalaya  Primary School,  Rajapalayam  -  626117.  Facing West,  Eastern  Portion,","1.Rajapalayam  (M)  Ward  27  Malayadipatti  6th  Street
,
2.Rajapalayam  (M)  Ward  27  Malayadipatt  7th  Street.",All  Voters
100,202,100,"Nataraja  Middle  School, Sankarapandiapuram  Street, Rajapalayam.  Old  Building,  South
Portion,","1.Rajapalayam  (M)  Ward  25  Subramaniasamy  kovil street  ,
2.Rajapalayam  (M)  Ward  26  T.P.  Mills  Road  1st  Street",All  Voters
101,202,101,"Nataraja  Middle  School
Sankarapandiapuram  Street, Rajapalayam.  Old  Building,  Middle Portion,","1.Rajapalayam  (M)  Ward  25  Subramaniasamy  kovil
street,
2.Rajapalayam  (M)  Ward  29,31  Sivakamipuram Street,
3.Rajapalayam  (M)  Ward  24  Ambulapuli  bazar,",All  Voters
102,202,102,"Nataraja  Middle  School
Sankarapandiapuram  Street, Rajapalayam.  Old  Building,  North Portion,","1.Rajapalayam  (M)  Ward  25  sankarapandiapuram
street
2.Rajapalayam  (M)  Ward  23  Poopalpatti  street  (Part No.  96  Section  No.1)",All  Voters
103,202,103,"A.C.S.  Primary  School, Sivakamiyapuram  Street,  Rajapalayam-626117.","1.Rajapalayam  (M)  Ward  29,31  Sivakamipuram  Street 2.Rajapalayam  (M)  Ward  29  Karuppa  gnaniyar  Kovil Sreet",All  Voters
104,202,104,"Sengunthar  Subramaniaswamy  Primary School,  Meenatchi  Theatre  Road, Rajapalayam  -  626117","1.Rajapalayam  (M)  Ward  29  Muniamman  Kovil
street,
2.Rajapalayam  (M)  Ward  29  Karuppa  gnaniyar  Kovil Sreet",All  Voters
105,202,105,"Senaithalaivar  Community  Hall,
Duraisamypuram  Street,  Rajapalayam-626117.","1.Rajapalayam  (M)  Ward  30,31  South Vaithiyanathapuram  street",All  Voters
106,202,106,"Karukurichi  P.Arunachalam  Middle
School,  Karuppagnaniyar  Kovil  Street, Rajapalayam.  South  Portion,",1.Rajapalayam  (M)  Ward  30  South Vaithiyanathapuram  Street,All  Voters
107,202,107,"Maravar  Common  Chavadi, Karuppagnaniyar  Kovil  Street, Rajapalayam  -  626117","1.Rajapalayam  (M)  Ward  40  Ponnuranga  Moopanar
1st  street,
2.Rajapalayam  (M)  Ward  40  Ponnuranga  Mooppanar 2nd  Street,
3.Rajapalayam  (M)  Ward  31  Ambalapuli  bazar, 4.Rajapalayam  (M)  Ward  29  Karuppaganiyar  Kovil
Street",All  Voters
108,202,108,"Shanmuganantha  Primary  School, Thoppupatti  West  Street,  Rajapalayam  -
626117",1.Rajapalayam  (m)  Ward  30  Thoppupatti  Street.,All  Voters
109,202,109,"Moothanur  Chavadi,  Sakkaraja  Kottai Street,  Rajapalayam  -  626117","1.Rajapalayam  (m)  Ward  32  Mothanur  Street  ,
2.Rajapalayam  (M)  Ward  32  Sakkararaja  Kottai Street  ,
3.Rajapalayam  (M)  Ward  33  Thenkasi  Road  , 4.Rajapalayam  (M)  Ward  32  Poopathiraja  Bank  Street
,
5.Rajapalayam  (M)  Ward  38  Jawahar  Ground  street 3rd  Street",All  Voters
110,202,110,"Sri  Annapoorna  Annathana  Mandapam, Meenatchi  Sundareswarar  Thirukovil,
Chokkarkovil  Campus
pudhupalayam,  Rajapalayam-626117, Entrance  Building  Facing  East","1.Rajapalayam  (M)  Ward  33  P.K.Kuppusamy  Raja Street,
2.Rajapalayam  (M)  Ward  33  Guruvaraja  Street, 3.Rajapalayam  (M)  Ward  33  Chinaiyaraja  Street, 4.Rajapalayam  (M)  Ward  33  Thandal  Kandasamy  raja street",All  Voters
111,202,111,"Sri  Annapoorna  Annathana  Mandapam, Meenatchi  Sundareswarar  Thirukovil, Chokkarkovil  Campus,
pudhupalayam,  Rajapalayam-626117, North  side,  Facing  North","1.Rajapalayam  (M)  Ward  33  Sundarai  Raja  street  , 2.Rajapalayam  (M)  Ward  33  Ramasamy  kovil  street 3.Rajapalayam  (M)  Ward  33  Petai  ramasamy  raja street,
4.Rajapalayam  (M)  Ward  33  Thenkasi  Road",All  Voters
112,202,112,"Vivekanantha  Vidyalaya  Primary SchoolP.A.C.  Ramasamy  Raja  Memorial New  Building,  Rajapalayam  -  626117.
South  Portion,  2nd  room  from  west, facing  north","1.Rajapalayam  (M)  Ward  28  Alagai  nagar  1st  street, 2.Rajapalayam  (M)  Ward  28  Alagai  nagar  2nd  street",All  Voters
113,202,113,"Vivekanantha  Vidyalaya  Primary School,  P.A.C.  Ramasamy  Raja Memorial  New  Building,  Rajapalayam  - 626117.  South  Portion,  4th  Room  from west,  facing  North,  Class  Room  2nd-  ""D""
Section,",1.Rajapalayam  (M)  Ward  28  Alagai  nagar  3rd  street,All  Voters
114,202,114,"Noon  Meal  Centre  No.  23,  PS.
Kumarasamiraja  Memorial  Maternity Welfare  Hostal  Complex,  T.P.  Mills Road,  Rajapalayam.",1.Rajapalayam  (M)  Ward  28  Lakshmiyapuram  1st street,All  Voters
115,202,115,"Noon  Meal  Centre  No.  21,  PS. Kumarasamiraja  Memorial  Maternity Welfare  Hostal  Complex,  T.P.  Mills Road,  Rajapalayam.","1.Rajapalayam  (M)  Ward  28  Lakshmiyapuram  2nd
street  ,
2.Rajapalayam  (M))  Ward  28  Lakshmiyapuram  3rd street  ,
3.Rajapalayam  (M)  Ward  26,28  T.P.mills  road  , 4.Rajapalayam  (M)  Ward  29  Muniyamman  kovil street  ,
5.Rajapalayam  (M)  Ward  29  Karuppa  Gnaniyar  kovil street  ,
6.Rajapalayam  (M)  Ward  30  Thopupatti  street.",All  Voters
116,202,116,"Duraisamypuram  Harijan  Elementary School,  Duraisamypuram  Senguttuvan Street,  Rajapalayam  -  626117",1.Rajapalayam  (M)  Ward  26  Duraisamypuram Senguttuvan  Street.,All  Voters
117,202,117,"Devendrakula  Velalar  Common  Chavadi,
Duraisamypuram  Street,  Rajapalayam  - 626117",1.Rajapalayam  (M)  Ward  26  Duraisamypuram Senguttuvan  Street.,All  Voters
118,202,118,"Sakkarajakottai  Middle  School, Mathang  Kovil  Street,  Rajapalayam  - 626117.","1.Rajapalayam  (M)  Ward  38  Mathankovil  street  1st street,
2.Rajapalayam  (M)  Ward  38  Mathankovil  street  2nd street,
3.Rajapalayam  (M)  Ward  38  Mathankovil  3rd  street, 4.Rajapalayam  (M)  Ward  38  Nattukalraja  street, 5.Rajapalayam  (M)  Ward  33  Thenkasi  road 6.Rajapalayam(M)  Ward  37  Mukilvannam  Pillai  3rd street",All  Voters
119,202,119,"Nava  Bharat  Matriculation  School, Eastern  Building,  Rajapalayam-626117. North  Side,  Room  No.5,","1.Rajapalayam  (M)  Ward  38  Jawahar  Ground  1st
street  ,
2.Rajapalayam  (M)  Ward  38  Jawahar  Ground  2nd street  ,
3.Rajapalayam  (M)  Ward  38  Jawahar  Ground  3rd street  ,
4.Rajapalayam  (M)  Ward  37  Singaraja  kottai  Peria Street  ,
5.Rajapalayam  (M)  Ward  38  Madurairaja  Kadai  street 1st  street  ,
6.Rajapalayam  (M)  Ward  38  Madurai  raja  Kadai
street  2nd  street",All  Voters
120,202,120,"Rajapalayam  Municipalty  Noon  Meal
Centre  No.31,  West  Side  Mattu  Kottagai Valagam,  Thiruvananthapuram  Street, Rajapalayam  -  626117",1.Rajapalayam  (M)  Ward  34  Mangapuram  1st  street 2.Rajapalayam  (M)  Ward  34  Mangapuram  2nd  street (Part  No.  121  SI  No.  953  to  1253)  301  Voters,All  Voters
121,202,121,"Rajapalayam  Municipalty  Noon  Meal Centre  No.31,  East  Side  Mattu  Kottagai Valagam,  Thiruvananthapuram  Street, Rajapalayam  -  626117",1.Rajapalayam  (M)  Ward  34  Mangapuram  2nd  street,All  Voters
122,202,122,"Rajus  Common  Chavadi, Thiruvananthapuram  Street, Rajapalayam  -  626117","1.Rajapalayam  (M)  Ward  34  Thiruvananthpuram  1st
street  ,
2.Rajapalayam  (M)  Ward  34  Thiruvananthapuram 2nd  street",All  Voters
123,202,123,"Sri  Ramaliga  Vilas  Jeyaram  Primary
School,  Main  Building,  Ground  Floor, South  facing  Building,  South  Portion Side,  Thiruvananthapuram  Street, Rajapalayam  -  626117.","1.Rajapalayam  (M)  Ward  34  Thiruvananthapuram
5th  street  ,
2.Rajapalayam  (M)  Ward  34  Thiruvananthapuram 6th  street  ,
3.Rajapalayam  (M)  Ward  34  Thiruvananthapuram 7th  street  ,
4.Rajapalayam  (M)  Ward  34  Thiruvananthapuram 8th  street  ,
5.Rajapalayam  (M)  Ward  34  Thiruvananthapuram 9th  street  ,
6.Rajapalayam  (M)  Ward  34  Thiruvananthapuram
10th  Street",All  Voters
124,202,124,"Sri  Ramalinga  Vilas  Jeyaram  Primary School  ,  Main  Building,  Ground  Floor, South  facing  Building,North  Portion Side,  Thiruvananthapuram  Street, Rajapalayam  -  626117.","1.  Sec-3,  Thiruvanandhapuram  3rd  street
2.  Section-4,  5  Thiruvananthapuram  4th street,Thiruvananthapuram  5th  street
3.  Sec-7  Thiruvanandapuram  11th  street
4.  Sec-8  Thiruvanandhapuram  12th  street",All  Voters
125,202,125,"Sevugapandia  Maravan  Primary  School,
South  Mariamman  Kovil  Street, Thenkasi  Road,  Rajapalayam  -  626117","1.Rajapalayam  (M)  Ward  35  Mariamman  Kovil  1st
street  ,
2.Rajapalayam  (M)  Ward  35  Mariamman  Kovil  2nd street  ,
3.Rajapalayam  (M)  Ward  35  Thenkasi  Road  , 4.Rajapalayam  (M)  Ward  35  Andathamman  Kovil
Street",All  Voters
126,202,126,"Periyakotti  Mookaloor  Thayathiyar Community  Hall  ,  Singaraja  Kottai  Big Street,  Rajajapalayam-626117.  Eastern
Portion,",1.Rajapalayam  (M)  Ward  36  Mappilai  subburaja  Street,All  Voters
127,202,127,"Periyakotti  Mookaloor  Thayathiyar
Community  Hall,  Singaraja  Kottai  Big Street,  Rajajapalayam-626117.  West Portion,",1.Rajapalayam  (M)  Ward  36  Mappilai  subburaja  Street,All  Voters
128,202,128,"Periyakotti  Mookaloor  Thayathiyar Community  Hall,  Singaraja  Kottai  Big Street,  Rajapalayam  -  626117.  Middle
Portion,",1.Rajapalayam  (M)  Ward  37  Siknarakottai  Peria Street,All  Voters
129,202,129,"Nava  Bharath  Metriculation  School, mathankovil  Street,  Rajapalayam.  East Building,  Facing  West,  first  Room  from South,  Room  No.1","1.Rajapalayam  (M)  Ward38  Madurai  raja  kadai  street 2nd  street  ,
2.Rajapalayam  (M)  Ward  36  Gothandasamy  kovil  , 3.Rajapalayam  (M)  Ward  36  Andathamman  Kovil street  ,
4.Rajapalayam  (M)  Ward  37  Mukilvannam  Pillai Street  ,
5.Rajapalayam  (M)  Ward  37  Singaraja  Kottai  Peria Street",All  Voters
130,202,130,"Nava  Bharath  Metriculation  School, mathankovil  Street,  Rajapalayam.  West side,  North  potion.","1.Rajapalayam  (M)  Ward  32,  38  chidambaranar
street,
2.Rajapalayam  (M)  Ward  39  Pandit  Subbaraja  1st Street  ,
3.Rajapalayam  (M)  Ward  39  Pandit  subbaraja  2nd
street",All  Voters
131,202,131,"S.P.  Rajendran  Primary  School, Muhilvannam  Street,  Rajapalayam  - 626117","1.Rajapalayam  (M)  Ward  37  Mukilvannam  Pillai
street  1st  street,
2.Rajapalayam  (M)  Ward  37  Mukilvannam  Pillai  2nd street  ,",All  Voters
132,202,132,"Vaima  Vidyalaya  ,  Rajapalayam.  Main Building,  Ground  Floor,  IIIrd  Room from  North  (Pre  KG),  East  Facing  ,
Room  No.  3","1.Rajapalayam(M)  Ward  40  Srirengapalayam  2nd
street  ,
2.Rajapalayam(M)  Ward  40  Srirengapalayam  3rd street  ,",All  Voters
133,202,133,"Vaima  Vidyalaya  ,  Rajapalayam.  Main
Building,  Ground  Floor,  South  west  side North  facing  ,  Room  No.  5,  LKG","1.Rajapalayam(M)  Ward  40  Srirengapalayam  1st
street  ,
2.Rajapalayam(M)  Ward  40  srirengapalayam  4th street  ,
3.Rajapalayam(M)  Ward  40  Srirengapalayam  5th
street",All  Voters
134,202,134,"Vaima  Vidyalaya  ,  Rajapalayam.  Main Building,  Ground  Floor,  South  East  side West  facing  ,  Room  No.  11,  Ist  Standard B  Section","1.Rajapalayam(M)  Ward  40  Srirengapalayam  5th
street  ,
2.Rajapalayam(M)  Ward  40  Srirengapalayam  6th street  ,
3.Rajapalayam(M)  Ward  40  Srirengapalayam  7th
street",All  Voters
135,202,135,"Seventh  day  Adventist  Nursery  & Primary  School,  777  INTUC  Nagar, Rajapalayam.  626117.  Main  Buildng, ground  floor,  1st  Room  from  North Side,  Facing  west.","1.Rajapalayam(M)  Ward  39  Sankarankovil  Road  1st
street  ,
2.Rajapalayam(M)  Ward  39  Sankarankovil  2nd  street
,
3.Rajapalayam(M)  Ward  39  Sankarankovil  Road  3rd Street  ,
4.Rajapalayam(M)  Ward  39  sankarankovil  Road  4th Street  ,
5.Rajapalayam(M)  Ward  39  Sankarankovil  road  5th Street  ,
6.Rajapalayam(M)  Ward  39  Sankarankovil  road  6th street  ,
7.Rajapalayam(M)  Ward  39  sankarankovil  Road  7th Street  ,
8.Rajapalayam(M)  Ward  39  sankarankovil  road  8th street  ,
9.Rajapalayam(M)  Ward  39  Sankarankovil  Road  Main
Street",All  Voters
136,202,136,"Seventh  day  Adventist  Nursery  & Primary  School,  777  INTUC  Nagar, Rajapalayam.  626117.  Main  Buildng, ground  floor,  South  Portion  LKG  Class Room,  Facing  West.","1.Rajapalayam(M)  Ward  39  sankarankovil  road  9th
street  ,
2.Rajapalayam(M)  Ward  39  sankarankovil  road  10th street  ,
3.Rajapalayam(M)  Ward  39  Sankarankovil  Road  11th street  ,
4.Rajapalayam(M)  Ward  39  sankarankovil  road  12th street  ,
5.Rajapalayam(M)  Ward  39  sankarankovil  road  13th street  ,
6.Rajapalayam(M)  Ward  39  Sankarankovil  14th street  ,
7.Rajapalayam(M)  Ward  39  sankarankovil  Road  Main Street  ,
8.Rajapalayam(M)  Ward  39  INTUC  nagar",All  Voters
137,202,137,"Seventh  day  Adventist  Nursery  & Primary  School,  777  INTUC  Nagar, Rajapalayam.  626117.  Main  Buildng, ground  floor,  1st  Room  from  west Side,1st  Class  Room  Facing  North.","1.Rajapalayam(M)  Ward  39  sankarankovil  road  9th
street  ,
2.Rajapalayam(M)  Ward  39  sankarankovil  road  10th street  ,
3.Rajapalayam(M)  Ward  39  Sankarankovil  Road  11th street  ,
4.Rajapalayam(M)  Ward  39  sankarankovil  road  12th street  ,
5.Rajapalayam(M)  Ward  39  sankarankovil  road  13th street  ,
6.Rajapalayam(M)  Ward  39  Sankarankovil  14th street  ,
7.Rajapalayam(M)  Ward  39  sankarankovil  Road  Main Street  ,
8.Rajapalayam(M)  Ward  39  INTUC  nagar",All  Voters
138,202,138,"P.A.  Chinnaiahraja  Memorial  Higher Secondary  School,  Rajapalayam,  Main Building,  Ground  Floor,.  facing  West, 2rd  Room  from  North  Portion,  Class  -  X F.","1.Rajapalayam(M)  Ward  41  P.S.K.  Nagar  1st  street  , 2.Rajapalayam(M)  Ward  41  P.S.K  Nagar  2nd  street  , 3.Rajapalayam(M)  Ward  41  P.S.K.  Nagar  3rd  street  , 4.Rajapalayam(M)  Ward  41  P.S.K.  Nagar  4th  street  , 5.Rajapalayam(M)  Ward  41  P.S.K.Nagar  5th  street  , 6.Rajapalayam(M)  Ward  41  P.S.K  Nagar  5th  street sublane  ,
7.Rajapalayam(M)  Ward  41  P.S.K.Nagar  6th  street  , 8.Rajapalayam(M)  Ward  41  P.S.K.  Nagar  7th  street  , 9.Rajapalayam(M)  Ward  41  P.S.K.  Nagar  8th  street  , 10.Rajapalayam(M)  Ward  41  P.S.K.  Nagar  9th  street 11.Rajapalayam(M)  Ward  41  Bharathinagar  7th street  (Part  No.139  Section  No.5  )",All  Voters
139,202,139,"P.A.  Chinnaiahraja  Memorial  Higher
Secondary  School,  Rajapalayam.  Main Building,  Ground  Floor,  facing  West, 1nd  Room  from  North  Portion,  Class  -  X E.","1.Rajapalayam(M)  Ward  41  Bharathinagar  1st  street, 2.Rajapalayam(M)  Ward  41  Bharathi  Nagar  Housing Board  2nd  street,
3.Rajapalayam(M)  Ward  41  Bharathinagar  5th  street, 4.Rajapalayam(M)  Ward  41  Bharathinagar  6th  street, 5.Rajapalayam  (M)  Ward  41  Bharathi  Nagar  Housing Board  Third  Street,
6.Rajapalayam  (M)  Ward  41  Bharathi  Nagar  Housing Board  Fourth  Street.",All  Voters
140,202,140,"P.A.  Chinnaiahraja  Memorial  Higher Secondary  School,  Rajapalayam.  Main Building,  Ground  Floor,  3nd  Room  from east  portion,  facing  north.","1.Rajapalayam(M)  Ward  41  Sudharsan  Garden  1st street  ,
2.Rajapalayam(M)  Ward  41  Sudharsan  Garden  2nd street  ,
3.Rajapalayam(M)  Ward  41  sudharsan  3rd  street  , 4.Rajapalayam(M)  Ward  41  Sudharsan  garden  4th street  ,
5.Rajapalayam(M)  Ward  41  Sudharsan  Garden  5th street  ,
6.Rajapalayam(M)  Ward  41  Sudharsan  Garden  6th Street  ,
7.Rajapalayam(M)  Ward  41  Bharathinagar  Housing Board  1st  street,
8.Rajapalayam(M)  Ward  41  Bharathinagar  Housing Board  2nd  street
9.Rajapalayam(M)  Ward  41  Bharathinagar  Housing Board  3rd  Street.",All  Voters
141,202,141,"P.A.  Chinnaiahraja  Memorial  Higher Secondary  School,  Rajapalayam.  P.S.K. Nagar,  Main  Building,  Ground  Floor, West  Porion,  2nd  Room  from  North  Side facing  East,  Class  -  XI.E,","1.Rajapalayam(M)  Ward  42  Ponnagaram  1st  street, 2.Rajapalayam(M)  Ward  42  Ponnagaram  2nd  street, 3.Rajapalayam(M)  Ward  42  Ponnagaram  3rd  street  ,",All  Voters
142,202,142,"T  A  K  M  Ramammal  Primary  School,  P
S  K  Nagar,  Rajapalayam.  Western  wing, 2nd  Std.  A  Class  Room,","1.Rajapalayam(M)  Ward  42  Ponnagaram  4th  street  ,
2.Rajapalayam(M)  Ward  42  Ponnagaram  5th  street  , 3.Rajapalayam(M)  Ward  42  Andalpuram Thiruvalluvar  Nagar",All  Voters
143,202,143,"Smt.P  A  C  R  Seithurammal  Primary School.  R  R  Nagar,  Rajapalayam,1st  B Section,  North  side,  Facing  south.","1.Rajapalayam(M)  Ward  42  Andalpuram  1st  street  , 2.Rajapalayam(M)  WArd  42  Andalpuram  2nd  street  , 3.Rajapalayam(M)  Ward  42  Andalpuram  3rd  street  ,",All  Voters
144,202,144,"Smt.P  A  C  R  Seithurammal  Primary School.  R  R  Nagar,  Rajapalayam,  2nd std.  A  Section,  North  side,  Facing  south.","1.Rajapalayam(M)  Ward  42  Andalpuram  R.R.  Nagar
1st  street  ,
2.Rajapalayam(M)  Ward  42  Andalpuram  R.R.Nagar 2nd  street
3.Rajapalayam(M)  Ward  42  andalpuram  4th  street
(Part  No.143  Seection  No.  4)",All  Voters
145,202,145,"P.A.C.R.  Ammani  Ammal  Girls  Higher Secondary  School,  Rajapalayam.  Main Building,  Ground  Floor,  South  Portion, Last  Room  in  East  Portion  facing  West,","1.Pudhupalayam  (R.V),  South  Venkanallur  (P)  Ward  2 ESI  Nesavallar  Colony",All  Voters
146,202,146,"P.A.C.R.  Ammani  Ammal  Girls  Higher Secondary  School,  Rajapalayam-626117.  Main  Building,  Ground  Floor, East  wing  North  Side,  First  Room  from
South","1.Pudupalayam(R.V),  Therku  Venganallur  (P)  Ward  2
E.S.I.  Weavers  Colony,",All  Voters
147,202,147,"P.A.C.R.  Ammani  Ammal  Girls  Higher Secondary  School,  Rajapalayam  - 626117.  Main  Building,  Ground  floor, Western  wing,  South  Side  VI-E  Class
Room,","1.Pudupalayam(R.V),  Therku  venganallur  (p)  Ward  1 vengateshwara  nager  ,
2.Pudhupalayam  (R.V),  South  Venkanallur  (P)  Ward  1 Venkadeshwaranagar  East.",All  Voters
148,202,148,"P.A.C.R.  Ammani  Ammal  Girls  Higher Secondary  School,  Rajapalayam-626117.  Main  Building,  Ground  Floor, East  wing  North  Side,  First  Room  from
South","1.Section-2  Pudupalayam(R.V),  Therku  Venganallur
(P)  Ward  2  E.S.I.  Colony.
2.  Section-1,  Pudhupalayam  (R.V),  South Venkanallur  (P)  Ward  1  Venkadeshwara  nagar  West",All  Voters
149,202,149,"P.A.C.R.  Ammani  Ammal  Girls  Higher Secondary  School,  Rajapalayam.  Main Building,  Ground  Floor,  West  portion, North  Portion,  East  Facing  First  room,","1.Pudupalayam(R.V),  Therku  Venganallur  (P)  Ward  1 Therku  Ponnagaram.",All  Voters
150,202,150,"P.A.C.R.  Ammani  Ammal  Girls  Higher Secondary  School,  Rajapalayam.  Main Building,  Ground  Floor,  West  wing,3rd Room  From  North  Portion,  Facing  East,","1.Pudupalayam(R.V),  Therku  Venganallur  (P)  Ward  1 Teachers  Colony  ,",All  Voters
151,202,151,"Saraswathi  Primary  School,  Anna  Nagar, Pudupalayam,  Rajapalayam  -  626108.
North  Portion,  East  side  (Aspestos)
facing  South  ,","1.Pudupalayam(R.V),  Therku  Venganallur  (P)  Ward  1
Indra  Nager  ,
2.Pudupalayam(R.V),  Therku  Venganallur  (P)  Ward  1 Gandhi  Nager  ,",All  Voters
152,202,152,"Saraswathi  Primary  School,  Anna  Nagar,
Pudupalayam,  Rajapalayam  -  626108. North  Portion,  west  side  (Aspestos) facing  South,","1.Pudupalayam(R.V),  Therku  Venganallur  (P)  Ward  1
AnnaNager  ,
2.Pudupalayam(R.V),  Therku  Venganallur  (P)  Ward  1 AnnamaRaja  Nager",All  Voters
153,202,153,"Panchayat  Union  Primary  School, Kammapatty  (Kadambankulam) Rajapalayam  -  626108","1.Kadambankulam(R.V),  South  Venkanallur  (P)  Ward
1  Kammapatti  ,
2.Kadamabnkulam(R.V),  South  Venkanallur  (P)  Ward 1  Kadamabnkulam",All  Voters
154,202,154,"P.U.Pry  School,  Ganapathy Sundaranachiyarpuram  -  626142.  North Side,  East  Building,  East  Portion,  facing south,","1.Zaminkollankondan(R.V),  Ganapathi SundaraNachiyarPuram  (P)  Ward  1  North  St, 2.Zaminkollankondan(R.V),  Ganapathi SundaraNachiyarPuram  (P)  Ward  2  Chavadi  St, 3.Zaminkollankondan(R.V),  Ganapathi SundaraNachiyarPuram  (P)  Ward  3  Ayyanarkoil  St, 4.Zaminkollankondan(R.V),  Ganapathi SundaraNachiyarPuram  (P)  Ward  3  Krishnan  koil  St, 5.Zaminkollankondan(R.V),  Ganapathi SundaraNachiyarPuram  (P)  Ward  4  Colony  St, 6.Zaminkollankondan(R.V),  Ganapathi SundaraNachiyarPuram  (P)  Ward  1  Pillaiyar  Koil  St.",All  Voters
155,202,155,"P.U.Pry  School,  Ganapathy Sundaranachiyarpuram  -  626142.  West Portion,  New  building,  facing  east.","1.Zaminkollankondan(R.V),  Ganapathi SundaraNachiyarPuram  (P)  Ward  1  Melnilai  Water Dank  St  ,
2.Zaminkollankondan(R.V),  Ganapathi SundaraNachiyarPuram  (P)  Ward  1  Thaneer  Kinattru St  ,
3.ZaminkollankondanR.V)  Ganapathi SundaraNachiyarPuram  (P)  Ward  1  Arasamara  St  , 4.Zaminkollankondan(R.V), Ganapathisundaranachiarpuram(P)  Ward  2 Nandhavana  Street  ,
5.Zaminkollankondan(R.V),  Ganapathi SundaraNachiyarPuram  (P)  Ward  4  Indra  Nager",All  Voters
156,202,156,"Government  Adi  Dravidar  Higher
Secondary  Schoool,  Sundararajapuram. East  Building,  Facing  west,  North Portion",1.Sundarasapuram(R.V)  Sundarasapuram  (P)  Ward  1 Masanan  koil  St,All  Voters
157,202,157,"Government  Adi  Dravidar  Higher Secondary  Schoool,  Sundararajapuram. New  building,  Ground  floor,II  -  nd  Room from  North,  Facing  East.",1.Sundararajapuram  (R.V)  Sundararajapuram  (P) Ward  2  Mariamman  kovil  Street,All  Voters
158,202,158,"Government  Adi  Dravidar  Higher Secondary  Schoool,  Sundararajapuram. New  Building  Ground  Floor,  Facing East,  1st  Room  from  North  side","1.Sundarasapuram(R.V)  Sundarasapuram(P)  Ward  3 Chavadi  St  Sundarasapuram  , 2.Sundarasapuram(R.V)  Sundarasapuram  (P)  Ward  3 Ayyappan  Koil  St  Sundarasapuram",All  Voters
159,202,159,"Government  Adi  Dravidar  Higher Secondary  Schoool,  Sundararajapuram. New  Building  Ground  Floor,  Facing East,  2nd  Room  from  south  side","1.Sundarasapuram(R.V)  Sundarasapuram(P)  Ward  4
Pillaiyar  Koil  St  Sundarasapuram  , 2.Sundarasapuram(R.V)  Sundarasapuram  (P)  Ward  4 Mela  St  Sundarasapuram  ,
3.Sundarapuram(R.V)  Sundarapuram(P)  Ward  4
Amman  Nager  Sundararajapuram",All  Voters
160,202,160,"St.Joseph  Middle  School, Sundaranachiyarpuram  -  626142.  East Portion,","1.Zaminkollankondan(R.V),  Sundaranachiyar  Puram
(P)  Ward  1  Tenkasi  Road  , 2.Zaminkollankondan(R.V),  Sundaranachiyar  Puram
(P)  Ward  2  Pillaiyar  Koil  St  , 3.Zaminkollankondan((R.V),  Sundaranachiyar  Puram
(P)  Ward  3  PalPannai  St  ,  4.Zaminkollankondan(R.V), Sundaranachiyar  Puram  (P)  Ward  1  Matha  Koil  St",All  Voters
161,202,161,"St.Joseph  Middle  School, Sundaranachiyarpuram  -  626142.  West Portion,","1.Zaminkollankondan(R.V),  Sundaranachiyar  Puram
(P)  Ward  2  Chavadi  St  ,
2.Zaminkollankondan(R.V),  Sundaranachiyar  Puram
(P)  Ward  3  Krishnan  Koil  St  , 3.Zaminkollankondan(R.V),  Sundaranachiyar  Puram
(P)  Ward  3  Deepatti  Office  St  ,
4.Zaminkollankondan(R.V),  Sundaranachiyar  Puram
(P)  Ward  3  Colony",All  Voters
162,202,162,"Panchayat  Union  Primary  School, Solaicheri  -  626143.  New  Building, North  Portion,  facing  east","1.Solaicheri  (R.V)  Solaicheri  (P)  Ward  1  Solaicheri  , 2.Solaicheri  (R.V)  Solaicheri  (P)  Ward  2  Solaicheri  , 3.Solaicheri(R.V)  Solaicheri  (P)  Ward  3  Solaicheri",All  Voters
163,202,163,"Panchayat  Union  Primary  School, Solaicheri  -  626143.  New  Building, South  Portion,  facing  east","1.Solaicheri  (R.V)  Solaicheri  (P)  Ward  1  Solaicheri  , 2.Solaicheri(R.V)  Solaicheri  (P)  Ward  2  Solaicheri  , 3.Solaicheri(R.V)  Solaicheri  (P)  Ward  3  Solaicheri  , 4.Solaicheri(R.V)  Solaicheri  (P)  Ward  4  Solaicheri",All  Voters
164,202,164,"C.S.I.  Elementary  School,  Nakkaneri  - 626142.  Eastern  Portion,","1.Ayankollankondan(R.V),  Nakkanery  (  P)  Ward  1
North  Street  ,
2.Ayankollankondan(R.V),  Nakkanery  (  P)  Ward 1Colony  Street  ,
3.Ayankollankondan(R.V),  Nakkanery  (  P)  Ward  2
Chavadi  Street.",All  Voters
165,202,165,"C.S.I.  Elementary  School,  Nakkaneri  - 626142.  Western  Portion,","1.Ayankollankondan(R.V),  Nakkanery  (  P)  Ward  2
C.S.I.  Church  Street  2  ,
2.Ayankollankondan(R.V),  Nakkanery  (  P)  Ward  3  Bus Stop Kilamel  street  ,
3.Ayankollankondan(R.V),  Nakkanery  (  P)  Ward  3 West  street  2  ,
4.Ayankollankondan(R,V),  Nakkanery  (  P)  Ward  3
West  street  1",All  Voters
166,202,166,"Government  High  School, Ayankollankondan-626  142.  Main building,  East  Portion,  6th  std  Class room,  Facing  North.","1.Ayankollankondan(R.V),  Ayankollankondan  (P)
Ward  1  Nakkanery  Main  Road  , 2.Ayankollankondan(R.V),  Ayankollankondan  (P) Ward  2  Middle  Street  , 3.Ayankollankondan(R.V),  Ayankollankondan  (P) Ward  3  Vinayagar  kovil  street",All  Voters
167,202,167,"Government  High  School,
Ayankollankondan-626  142.  Main building,  Middle  Portion,  9th  std  Class room,  Facing  North.","1.Ayankollankondan(R.V),  Ayyankollakondan  (P)
Ward  4  Indira  colony  , 2.Ayankollankondan(R.V),  Ayankollankondan  (P) Ward  5  Vellaiamman  kovil  street  , 3.Ayankollankondan(R,V),  Ayankollankondan  (P) Ward  1  Post  office  street  , 4.Ayankollankondan(R.V),  Ayankollankondan  (P) Ward  1  Colony  street  kilside  , 5.Ayankollankondan(R.V),  Ayankollankondan  (P)
Ward  2  Muthiah  kovil  street",All  Voters
168,202,168,"Krishnapuram  Hindu  Nadar  Primary
School,  Krishnapuram-626142.  Old Building,  Middle  portion,  facing  south,","1.Ayankollankondan(R.V),  Krishnapuram  (P)  Ward  1 North  street  krishnapuram",All  Voters
169,202,169,"Krishnapuram  Hindu  Nadar  Primary School,  Krishnapuram  -  626142.
Western  Building,  facing  east,","1.Ayankollankondan(R.V),  Krishnapuram  (P)  Ward  1
Mariamman  Kovil  street
2.Ayankollankondan(R.V),  Krishnapuram  (P)  Ward  1 North  street  krishnapuram",All  Voters
170,202,170,"Perunthalaivar  Kamarajar  Hr.  Sec. School,  Krishnapuram  -  626142. Western  Building  facing  east  next  to the  office  room  from  north,","1.Ayankollankondan(R.V),  Krishnapuram  (P)  Ward  2
Krishnapuram  ,
2.Ayankollankondan(R.V),  Krishnapuram  (P)  Ward  3 Krishnapuram  ,
3.Ayankollankondan(R.V),  Krishnapuram  (P)  Ward  6
Krishnapuram",All  Voters
171,202,171,"Perunthalaivar  Kamarajar  Hr.  Sec. School,  Krishnapuram  -  626142. Esatern  Building,  Kamarajar  centuary building  3rd  room  from  north,  facing
west,","1.Ayankollankondan(R.V),  Krishnapuram  (P)  Ward  4 Vinayagar  Kovil  street",All  Voters
172,202,172,"Annai  Sivakami  Nursery  &  Primary School,  Krishnapuram  -  626142.
Western  building,  II  room  from  east, facing  north,  (Perunthalaivar  Kamaraj
Hr.Sec.School,  Compound)","1.Ayankollankondan(R.V),  Krishnapuram  (P)  Ward  5 South  street  Krishnapuram",All  Voters
173,202,173,"Panchayat  Union  Middle  School,  South Portion,  Therku  Venganallur  West
Building,  South  Side.","1.South  Venganallur(R.V),  South  Venganallur  (P) Ward  3  South  Venganallur",All  Voters
174,202,174,"Panchayat  Union  Middle  School,  North Portion,  Therku  Venganallur  West
Building,  North  Side.","1.South  Venganallur(R.V),  South  Venganallur  (P) Ward  3  South  Venganallur",All  Voters
175,202,175,"Anganwadi  Centre  No.0420,
Mudhukudi.  626102.","1.South  Venganallur(R.V),  South  Venganallur  (P) Ward  3  Sankarankoil  Road  Melpuram,Mudhukudi",All  Voters
176,202,176,"Community  Hall,  Indira  Colony, Mudhukudi,  626102","1.South  Venganallur(R.V),  South  Venganallur  (P) Ward  3  Sankarankoil  Road  Keelpuram,Mudhukudi,
2.South  Venganallur  (R.V),  South  Venganallur  (P) Ward  3  Sitco  Colony  Mudhukudi",All  Voters
177,202,177,"Panchayat  Office,  (Chidambarapuram),
South  Venganallur  Panchayat  -626142","1.South  Venganallur(R.V),  South  Venganallur  (P) Ward  5  Chidambarapuram.",All  Voters
178,202,178,"Government  Adi  Dravidar  Welfare Elementary  School,  Pattiyur.  Western Building,  South  Side,","1.South  Venganalllur(R.V),  South  Venganallur  (P)
Ward  5  Pattiyur  ,
2.South  Venganallur(R.V),  South  Venganallur  (P) Ward  5  Koonankulam.",All  Voters
179,202,179,"Nadar  Higher  Secondary  School,  Zamin
Kollankondan  -  626142.  East  Side, South  Facing,","1.Zamin  Kollakondan(R.V),  Zamin  Kollakondan  (P) Ward  1  vadakasiamman  kovil  street  ,
2.Zamin  Kollankondan(R.V),  Zamin  Kollankondan  (P) Ward  2  Chinna  aranmanai  street  ,
3.Zamin  Kollankondan(R.V),  Zamin  Kollakondan  (P) Ward  3  South  mariamman  kovil  street  ,
4.Zamin  Kollankondan(R.V),  Zamin  Kollakondan  (P) Ward  4  Venkatachalapuram  ,",All  Voters
180,202,180,"Nadar  Higher  Secondary  School,  Zamin Kollankondan  -  626142.  West  Side, South  Facing,","1.Zamin  Kollankondan(R.V),  Zamin  Kollankondan  (P) WArd1  WAtter  tank  street  ,
2.Zamin  Kollankondan(R.V),  Zamin  Kollakondan  (P) Ward  1  Panchayat  office  side,
3.Zamin  Kollankondan(R.V),  Zamin  Kollankondan  (P) Ward  2  Nadar  street  ,
4.Zamin  Kollankondan(R.V),  Zamin  Kollankondan  (P) Ward  2  Nadar  south  street  ,
5.Zamin  Kollankondan(R.V),  Zamin  Kollankondan  (P) Ward  3  South  vadakasiamman  Kovil  street",All  Voters
181,202,181,"T.N.P.M.M.  Ammayappa  Nadar  Girls
Higher  Secondary  School, Dhalavaipuram  -  626188.  South Portion,  west  Building  3rd  room  from south","1.Chettiarpatti(R.V),  Thalavaipuram  (P)  Ward  4 Keelapazar  Street  Side  ,
2.Chettiarpatti(R.V),  Thalavaipuram  (P)  Ward  5 Keelapazar  Street  Side",All  Voters
182,202,182,"T.N.P.M.M.  Ammayappa  Nadar  Girls
Higher  Secondary  School, Dhalavaipuram  -  626188.  North Portion,  west  Building  4th  room  from
south","1.Chettiarpatti(R.V),  Thalavaipuram  (P)  Ward  6 Pagutharivu  vasagasalai  Street  Side  , 2.Chettiarpatti(R.V),  Thalavaipuram  (P)  Ward  6 Manjolai  colony  Side.",All  Voters
183,202,183,"Panchayat  Union  Primary  School, Dhalavaipuram.  North  Facing  South West  (Aspestos)  Building,","1.Chettiarpatti(R.V),  Thalavaipuram  (P)  Ward  1
Muthaliyar  Street  Side  ,
2.Chettiarpatti(R.V),  Thalavaipuram  (P)  Ward  1 Marimuthu  Hospital  street  , 3.Chettiarpatti(R.V),  Thalavaipuram  (P)  Ward  1 Ammayappa  Nadar  Street  Side  , 4.Chettiarpatti(R.V),  Thalavaipuram  (P)  Ward1 Kamarajar  Nagar  Main  Road  Side",All  Voters
184,202,184,"Panchayat  Union  Primary  School, Dhalavaipuram.  North  Portion,  South Facing.","1.Chettiarpatti(R.V),  Thalavaipuram  (P)  Ward  1
Kamarajar  Nagar  Side  ,
2.Chettiarpatti(R.V),  Thalavaipuram  (P)  Ward 1Arunthathiyar  Street  ,
3.Chettiarpatti(R.V),  Thalavaipuram  (P)  Ward  3 Subramaniar  kovil  East  Side  ,
4.Chettiarpatti(R.V),  Thalavaipuram  (P)  Ward  3  North
Mariamman  Kovil  Street",All  Voters
185,202,185,"T.N.P.M.M.  Ammayappa  Nadar  Girls Higher  Secondary  School, Dhalavaipuram  -  626188.  3rd  Room
from  North  Side","1.Chettiarpatti(R.V),  Thalavaipuram  (P)  Ward  2
Palappanadar  Street  Side  , 2.Chettiarpatti(R.V),  Thalavaipuram  (P)  Ward  2 Penpadasalai  Street  Side",All  Voters
186,202,186,"T.N.P.M.M.  Ammayappa  Nadar  Girls Higher  Secondary  School, Dhalavaipuram  -  626188.  Sports  Hostel, Back  Portion,  North  side  room,  facing
East.","1.Chettiarpatti(R.V),  Thalavaipuram  (P)  Ward  2 Perumal  kovil  North  Side,  2.Chettiarpatti(R.V),  Thalavaipuram  (P)  Ward  2 Perumal  kovil  South  Side,",All  Voters
187,202,187,"Panchayat  Uunion  Community  Hall, Ilanthiraikondan.  Facing  South.","1.Ilanthiraikondan(R.V),  Ilanthiraikondan  (P)  Ward  1
Ilanthiraikondan
2.Ilanthiraikondan(R.V),  Ilanthiraikondan  (P)  Ward  2 Ilanthiraikondan",All  Voters
188,202,188,"Panchayat  Uunion  Middle  School, Panchampatty-626111.  Main  Building  , Facing  South","1.Ilanthiraikondan(R.V),  Ilanthiraikondan  (P)  Ward  3
Ilanthiraikondan
2.Chettiarpatti  (S.P)  Ward  8  Panjampatti  Kilamel street.
3.Chettiarpatti  (S.P)  Ward  8  Panjampatti  Tenvadal street.
4.Chettiarpatti  (S.P)  Ward  8  Panjampatti  Southside Colony.
5.Chettiarpatti  (S.P)  Ward  8  Panjampatti  northside
colony.",All  Voters
189,202,189,"Panchayat  Union  Middle  School, Ammayappapuram  -  626122.  New
Building.","1.IIanthiraikondan(R.V),  Ammayappapuram  (P)  Ward 4  Ammayappapuram  ,",All  Voters
190,202,190,"Panchayat  Union  Middle  School, Ammayappapuram  -  626122.  New
Building.","1.Ilanthiraikondan(R.V),  Ammayappapuram  (P)  Ward 5  Ammayappapuram",All  Voters
191,202,191,"TNPM.Marimuthu  Nadar  Managing Nursery  &  Primary  School, Dhalavaipuram-626122.  East  Portion, South  Side,  West  Facing.","1.Chettiarpatti  (S.P)  Ward  3  Pillaiyar  Kovil  street East  side,
2.Chettiarpatti  (S.P)  Ward  3  Thevar  Chavadi  street, 3.Chettiarpatti  (S.P)  Ward  3  Thevar  North  street, 4.Chettiarpatti  (S.P)  Ward  3  PMS  Gurusamy  Nadar lane,
5.Chettiarpatti  (S.P)  WArd  3  Seenithevar  Kilamel lane,
6.Chettiarpatti  (S.P)  Ward  2  Pillaiyar  Kovil  Street West  Side,
7.Chettiarpatti  (S.P)  Ward  2  Mankammal  Salai  East Side.",All  Voters
192,202,192,"Chettiyarpatti  Special  Grade  Panchayat Community  Hall,  Chettiyarpatti.","1.Chettiarpatti  (S.P)  Ward  3  Ponnusamy  Thevar
Street  ,
2.Chettiarpatti  (S.P)  Ward  3  Harijan  North  street  , 3.Chettiarpatti  (S.P)  Ward  3  Harijan  South  Street  , 4.Chettiarpatti  (S.P)  Ward  3  Arunthathiyar  Colony Street",All  Voters
193,202,193,"Chettiyarpatti  Special  Grade  Panchayat Office,  Chettiarpatti  -  626122","1.Chettiarpatti  (S.P)  Ward  1  Thevar  Chavadi  kilamel
street  ,
2.Chettiarpatti  (S.P)  Ward  1  Nadumariamman  kovil street",All  Voters
194,202,194,"St.Antony  Matriculation  School, Chettiarpatti  -  626122","1.Chettiarpatti  (S.P)  Ward  14  Renganathapuram
parai  street  ,
2.Chettiarpatti  (S.P)  Ward  14  Ramasundaranadar street  ,
3.Chettiarpatti  (S.P)  Ward  13  Muthuisubbiahpuram Pillaiyarkovil  north  ,
4.Chettiarpatti  (S.P)  Ward  13  Muthusubbiahpuram
Pillaiyar  kovil  south",All  Voters
195,202,195,"Mirasu  Veerappa  Naidu  Vidyalaya Matric  School,  Chettiyarpatti-626122 South  Side  building  Facing  North,  3  rd
Room  from  West.","1.Chettiarpatti  (S.P)  Ward  15  Renganathapuram
karmega  nadar  street,
2.Chettiarpatti  (S.P)  Ward  15  Renganathapuram Krishnathevar  street  ,",All  Voters
196,202,196,"Mirasu  Veerappa  Naidu  Vidyalaya Matric  School,  Chettiyarpatti  - 626122.South  West  New  building,  2nd
Room  from  North,  Facing  East.","1.Chettiarpatti  (S.P)  Ward  15  Renganathapuram kuravar  street  ,
2.Chettiarpatti  (S.P)  Ward  15  renganathapuram  kovil
street",All  Voters
197,202,197,"Panchayat  Union  Primary  School,
Renganathapuram  -  626122.  Western Portion,",1.Chettiarpatti  (S.P)  Ward  13  Muthusubbiahpuram Bambalamman  kovil  Street.,All  Voters
198,202,198,"Panchayat  Union  Primary  School,
Renganathapuram  -  626122.  Eastern Portion,",1.Chettiarpatti  (S.P)  Ward  13  Muthusubbiahpuram Bambalamman  kovil  Street.,All  Voters
199,202,199,"Mirasu  Veerappa  Naidu  Vidyalaya Matric  School,  Chettiyarpatti  - 626122.South  West  New  building,  3  rd Room  from  North,  Facing  East.","1.Chettiarpatti  (S.P)  WArd  4  Perumal  Chettiar  Street
,
2.Chettiarpatti  (S.P)  Ward  4  Vaniga  Vaisiyar  Kovil Street  ,
3.Chettiarpatti  (S.P)  Ward  4  Pillaiyar  kovil  Street  , 4.Chettiarpatti  (S.P)  Ward  4  Pillaiyar  kovil  street North  Side,
5.Chettiarpatti  (S.P)  Ward  4  Aasari  street  ,
6.Chettiyarpatti  (S.P)  Ward  5  Naidu  North  Street",All  Voters
200,202,200,"Mirasu  Veerappa  Naidu  Vidyalaya
Matric  School,  Chettiyarpatti  - 626122.South  West  New  building,  4  th Room  from  North,  Facing  East.",1.Chettiarpatti  (S.P)  Ward  5  Naidu  south  Street.,All  Voters
201,202,201,"Mirasu  Veerappa  Naidu  Vidyalaya Matric  School,  Chettiyarpatti  - 626122.South  West  New  building,  5  th
Room  from  North,  Facing  East.","1.Chettiarpatti  (S.P)  Ward  5  Naidu  south  street south  side  ,
2.Chettiarpatti  (S.P)  Ward  5  Jeyasakthi  Nagar",All  Voters
202,202,202,"R.  Veerachamy  Primary  School, Muthusubbaiahpuram  -  626111.  North Portion,  Aspestos  Roof  Building,  Facing
South,",1.Chettiarpatti  (S.P)  Ward  12  Vanamoorthy  Pillai street,All  Voters
203,202,203,"R.  Veerachamy  Primary  School, Muthusubbaiahpuram  -  626111.  West Portion,  Tiled  Building,  Facing  East,","1.Chettiarpatti  (S.P)  Ward  12  Thondaman  street  , 2.Chettiarpatti  (S.P)  Ward  12  Co  Operative  Former Bank  street  ,
3.Chettiarpatti  (S.P)  Ward  12  Irulappasamy  kovil street  ,
4.Chettiarpatti  (S.P)  Ward  11  Illathu  pillaimar  street  ,",All  Voters
204,202,204,"R.  Veerachamy  Pri,  School, Muthusubbiahpuram  –  626111. Entrance  Building,  North  Portion,","1.Chettiarpatti  (S.P)  Ward  11  Seithur  Thalavipuram main  road  ,
2.Chettiarpatti  (S.P)  Ward  11  Vannar  North  street  , 3.Chettiarpatti  (S.P)  Ward  11  Veerasamy  Primary school  street  ,
4.Chettiarpatti  (S.P)  Ward  11  Vannar  south  street",All  Voters
205,202,205,"R.  Veerachamy  Primary  School, Muthusubbaiahpuram  -  626111.  South Portion,  Terraced  Building,  Facing South,","1.Chettiarpatti  (S.P)  Ward  10  Muthusubbiahpuram Muniyandi  kovil,
2.Chettiarpatti  (S.P)  War  10  Muthusubbiahpuram main  road  ,
3.Chettiarpatti  (S.P)  Ward  9  Balavinayagar  Kovil street  ,
4.Chettiarpatti  (S.P)  Ward  10  Kasirasa  Nadar  street 5.Chettiarpatti  (S.P)  Ward  10  Balavinayagar  Kovil street  (Part  No.207  Section  No.1  Serial  No.  1001  to 1335)",All  Voters
206,202,206,"Panchayat  Office,  Muthusubbaiahpuram
-  626111","1.Chettiarpatti  (S.P)  Ward  9
Kasiraja  Nadar  street",All  Voters
207,202,207,"Mirasu  Veerappa  Naidu  Vidyalaya Matric  School,  Chettiyarpatti  - 626122.South  West  New  building,  6  th
Room  from  North,  Facing  East.",1.Chettiarpatti  (S.P)  Ward  10  Balavinayagar  Kovil street,All  Voters
208,202,208,"Murugan  Primary  School,  Punelveli  - 626111.  West  Portion,  South  Facing Building,","1.Chettiarpatti  (S.P)  Ward  6  Punalveli  Saliyar  north street.
2.Chettiarpatti  (S.P)  Ward  6  Neerathilinga  pulavar street.
3.Chettiarpatti  (S.P)  Ward  6  Perumal  kovil  street.",All  Voters
209,202,209,"Murugan  Primary  School,  Punelveli  - 626111.  East  Portion,  South  Facing Building,","1.Chettiarpatti  (S.P)  Ward  8  Murugan  primary  school
street.
2.Chettiarpatti  (S.P)  Ward  7  Pagadayar  Colony. 3.Chettiarpatti  (S.P)  Ward  8  Putthur  Thalavaipuram Main  Road.
4.Chettiarpatti  (S.P)  Ward  7  Thanga  Vinayagar  kovil
street.",All  Voters
210,202,210,"Satamuni  Saliyar  Primary  School, Muthusamipuram  -  626111","1.Muthusamypuram(R.V),  Muthusamypuram  (P)
Ward  1  Saliyar  North  street  , 2.Muthusamypuram(R.V),  Muthusamypuram  (P) Ward  1  Saliyar  South  street  , 3.Muthusamypuram(R.V),  Muthusamypuram  (P) Ward  2  Vedakovil  street",All  Voters
211,202,211,"Panchayat  Union  Primary  School, Kamaraj  Nagar,  Muthusamipuram  - 626111.  South  side  building  Faching
North.  East  portion","1.Muthusamypuram(R.V),  Muthusamypuram  (P) Ward  2  Kamaraj  Nagar.  (Door.No.1  to  190)",All  Voters
212,202,212,"Panchayat  Union  Primary  School, Kamaraj  Nagar,Muthusamipuram  - 626111.  North  side  building  Faching
South.","1.Muthusamypuram(R.V),  Muthusamypuram  (P) Ward  2  Kamaraj  Nagar.  (Door.No.191  above)",All  Voters
213,202,213,"South  street  Hindu  Nadar  Nursury  & Primary  School,   Muhavoor, Muthusamypuram.  North  wing  West side,  Facing  South  ,","1.Muthusamypuram(R.V),  Muthusamypuram  (P)
Ward  2  Arunthathiarnagar  , 2.Muthusamypuram(R.V),  Muthusamypuram  (P) Ward  3  Kaliamman  kovil  north  street  , 3.Muthusamypuram(R.V),  Muthusamypuram  (P) Ward  2  Veda  kovil  street  , 4.Muthusamypuram(R.V),  Muthusamypuram  (P) Ward  3  Kaliamman  Kovil  South  street  , 5.Muthusamypuram(R.V),  Muthusamypuram  (P)
Ward  3  Kaliamman  Kovil  North  street",All  Voters
214,202,214,"South  street  Hindu  Nadar  Nursury  & Primary  School,  Muhavoor, Muthusamypuram.  North  wing  East side,  Facing  South,","1.Muthusamypuram(R.V),  Muthusamypuram  (P)   Ward  3  Main  Road  Keela  Street  , 2.Muthusamypuram(R.V),  Muthusamypuram  (P)   Ward  3  Kaliamman  Kovil  street  , 3.Muthusamypuram(R.V),  Muthusamypuram  (P)  Wars 4  Kaliyana  Sundara  Vinayagar  Kovil  Street  South  , 4.Muthusamypuram(R.V),  Muthusamypuram  (P)   Ward  4  Kalyanasundara  Vinayagar  Kovil  Street  North",All  Voters
215,202,215,"Saraswathy  Primary  School, Muthusamipuram  -  626111","1.Muthusamypuram(R.V),  Muthusamypuram  (P)
Ward  3  Main  Road  South  street  , 2.Muthusamypuram(R.V),  Muthusamypuram  (P) Ward  4  Illathar  street  , 3.Muthusamypuram(R.V),  Muthusamypuram  (P) Ward  4  Naidu  Mela  Street  , 4.Muthusamypuram(R.V),  Muthusamypuram  (P) Ward  4  Naidu  Keela  street  , 5.Muthusamypuram(R.V),  Muthusamypuram  (P)
Ward  2  Chekkati  Street",All  Voters
216,202,216,"Sri  Ambal  Kala  Centre  Primary  School, Muhavoor  -  626111.  East  Building, North  Portion,  Facing  West","1.Muthusamypuram(R.V),  Muhavur  (P)  Ward  1
Parayar  North  street  , 2.Muthusamypuram(R.V),  Muhavur  (P)  Ward  1 Parayar  South  street  , 3.Muthusamypuram(R.V),  Muhavur  (P)  Ward  1 Kakkan  colony  ,
4.Muthusamypuram(R.V),  Muhavur  (P)  Ward  1 Parayar  Mari  street  , 5.Muthusamypuram(R.V),  Muhavur  (P)  Ward1 Parayar  Nattanmai  street  , 6.Muthusamypuram(R.V),  Muhavur  (P)  Ward1 Muthuveeramman  Kovil  street  , 7.Muthusamypuram(R.V),  Muhavur  (P)  Ward  1 Parayar  Kinathu  street  , 8.Muthusamypuram(R.V),  Muhavur  (P)  Ward  1 Parayar  West  Street  , 9.Muthusamypuram(R.V),  Muhavur  (P)  Ward  1
Parayar  Vanniyar  street  ,",All  Voters
217,202,217,"Sri  Ambal  Kala  Centre  Primary  School, Muhavoor  -  626111.  East  Building, South  Portion,  Facing  West","1.Muthusamypuram(R.V),  Muhavur  (P)  Wad  1 Krishnan  Kovil  Street  Keelapazar, 2.Muthusamypuram(R.V),  Muhavur  (P)  Ward  1 Krishnan  Kovil  Sannathi  street  , 3.Muthusamypuram(R.V),  Muhavur  (P)  Ward  1 Krishnan  Kovil  North  Street  ,
4.  uthusamypuram(R.V),  Muhavur  (P)  Ward  1 Krishnan  Kovil  South  street,
5.  Muthusamypuram(R.V),  Muhavur  (P)  Ward  1 Keelabazar  Main  road  ,  6).Muthusamypuram(R.V), Muhavur  (P)  Ward  1  Naidu  Keela  street.",All  Voters
218,202,218,"South  street  Hindu  Nadar  Primary School,  Muhavoor  -  626111.  New Building,Eastern  Portion,","1.Muthusamypuram(R.V),  Mugavur  (P)  Ward  2
Irulappa  nadar  street, 2.Muthusamypuram(R.V),  Mugavur  (P)  Ward  2 Lalbhadur  sasthiri  street, 3.Muthusamypuram(R.V),  Mugavur  (P)  Ward  2 Madasamy  Nadar  Street, 4.Muthusamypuram(R.V),  Mugavur  (P)  Ward  2 S.P.Nadar  palli  street,
5.Muthusamypuram(R.V),  Mugavur  (P)  Ward  2  Pandi vinayagar  kovil  north  street, 6.Muthusamypuram(R.V),  Mugavur  (P)  Ward  2  Pandi Vinayagar  kovil  south  street, 7.Muthusamypuram(R.V),  Mugavur  (P)  Ward  2 Muthusamy  nadar  street,
8.Muthusamypuram(R.V),  Mugavur  (P)  Ward  2 Kamaraja  Vasaga  salai  street, 9.Muthusamypuram(R.V),  Mugavur  (P)  Ward  2 Mariamman  Kovil  south  street, 10.Muthusamypuram(R.V),  Mugavur  (P)  Ward  2
Ponnusamy  Teacher  street.",All  Voters
219,202,219,"South  street  Hindu  Nadar  Primary School,  Muhavoor  -  626111.  New Building,  South  Facing,  Middle  Portion,","1.Muthusamypuram(R.V),  Mugavur  (P)  Ward  3
Solaimalai  nadar  street  , 2.Muthusamypuram(R.V),  Mugavur  (P)  Ward  3 Mariamman  kovil  west  street  ,
3.Muthusamypuram(R.V),  Mugavur  (P)  Ward  3  Nalla Thanir  kinathu  street  ,
4.Muthusamypuram(R.V),  Mugavur  (P)  Ward  3  Indu nadar  Primary  school  st  , 5.Muthusamypuram(R.V),  Muhavoor  (P)  Ward  3
Bharathi  nagar",All  Voters
220,202,220,"South  street  Hindu  Nadar  Primary School,  Muhavoor  -  626111.  New Building,  Western  Portion,  South Facing  Last  Room,","1.Muthusamypuram(R.V),  Mugavur  (P)  Ward  3
Kamatchiamman  kovil  street  , 2.Muthusamypuram(R.V),  Mugavur  (P)  Ward  3 Thangasamy  Teacher  street  , 3.Muthusamypuram(R.V),  Mugavur  (P)  Ward  3  Nadar Mariamman  Sannathi  street  , 4.Muthusamypuram(R.V),  Mugavur  (P)  Ward  3 Samiyadi  street  ,
5.Muthusamypuram(R.V),  Mugavoor  (P)  Ward  2
Koraiyaru  colony",All  Voters
221,202,221,"Sevugapandian  Government  Hr.Sec. School,  Seithur  -  626121.  Centre Building,  East  Portion,  North  Facing 10th,  B,  Class.","1.Seithur  (R.V)  Seithur  (S.P)  Ward  17  North  mada Street  ,
2.Seithur  (S.P.)  Ward  17  Meelamadaveethi  ,
3.Seithur  (S.P.)  Ward  17  Aranmanai  kelamel  veethi  ,
4.Seithur  (S.P.)  ward  17  Puthiamuthu  pillai  sandhu  ,
5.Seithur  (S.P.)  ward  17  Pillaimar  kelamel  street  ,
6.Seithur  (S.P.)  Ward  16  Kasalai  thenvadal  street  ,
7.Seithur  (S.P.)  ward  17  Aranmanai  street  ,
8.Seithur  (S.P.)  Ward  16  Araichiyar  kilamel  street  ,
9.Seithur  (S.P.)  Ward  16  Puthu  Aranmanai  street  ,
10.Seithur  (S.P.)  ward  16  Thol  Posugi  Lane  ,
11.Seithur  (S.P.)  ward  16  Manal  Vinayagar  kovil street  ,
12.Seithur  (S.P.)  Ward  16  Duraipandian  street  ,
13.Seithur  (S.P.)  ward  16  Odukkam  sandhu  ,
14.Seithur  (S.P.)  ward  16  Pappan  kinatru  street  ,
15.Seithur  (S.P.)  Ward  17  Pillaimar  kilamel  street  ,
16.Seithur  (S.P.)  Ward  17  Pillaimar  Thenvadal  street",All  Voters
222,202,222,"Sevugapandian  Government  Hr.Sec. School,  Seithur  -  626121.  Centre Building,  North  Portion,  South  Facing, 9th  A  Class.","1.Seithur  (S.P)  Ward  17  Kamatchinathapillai  Street
2.Seithur  (S.P)  Ward  17  Karaiyalar  kelamel  Street  ,
3.Seithur  (S.P)  Ward  17  Sankaralingathevar  Land  ,
4.Seithur  (S.P)  Ward  17  Kandasamy  Thevar  Land  ,
5.Seithur  (S.P)  Ward  17  Kasalai  Tenvadal  Street  ,
6.Seithur  (S.P)  Ward  17  11Main  Road  ,
7.Seithur  (S.P)  Ward  17  Neerathulinga  thevar  Land
8.Seithur  (S.P)  Ward  17  PeriyaRakkappa  thevar  Land
,
9.Seithur  (S.P)  Ward  17  Puliyankudiyan  Land  ,
10.Seithur  (S.P)  Ward  15  Kasalai  Tenvadal  Street  ,
11.Seithur  (S.P)  Ward  15  Thondaiman  Street  ,
12.Seithur  (S.P)  Ward  15  Perumal  Kovil  frist  Street
13.Seithur  (S.P)  Ward  15  Eakkaladeviyamman  Kovil Steet  ,
14.Seithur  (S.P)  Ward  15  Chinnanajtha  thevar  Land
15.Seithur  (S.P)  Ward  15  Sankuthevar  Land  ,
16.Seithur  (S.P)  Ward  15  Manalvinayagar  Kovil  Land
,
17.Seithur  (S.P)  Ward  15  Seeni  thevar  Land  ,
18.Seithur  (S.G.P)  Ward  15  Periasamy  Thever  Lane,
19.Seithur  (S.G.P)  Ward  15  Arunachala  Thevar  Lane,
20.Seithur  (S.G.P)  Ward  15  Nithem  Periya  Thever Lane",All  Voters
223,202,223,"Sri  Rama  Primary  School,  Seithur  - 626121.  East  Portion,  facing  north","1.Seithur  (R.V)  Seithur  (S.P)  Ward  14  11Neer  Main Road  ,
2.Seithur  (S.P)  Ward  2  14  Nadar  Puthu  St  No  1  ,
3.Seithur  (S.P)  Ward  14  Sri  Ram  Pry.School  Street  ,
4.Seithur  (S.P)  Ward  14  Muhamathiyar  Lane-1  ,
5.Seithur  (S.P)  Ward  14  Muhamathiyar  Lane-2  ,
6.Seithur  (S.P)  Ward  14  Valaiah  thevar  Lane  ,
7.Seithur  (S.P)  Ward  14  Krishnan  koil  Then  vadal  St,
,
8.Seithur  (S.P)  Ward  14  Krishnan  koil  opposite  Then Vadal  St,  ,
9.Seithur  (S.P)  Ward  14  Krihnan  koil  North  mada veethi  ,
10.Seithur  (S.P)  Ward  14  Lakshumanan  Thathar Lane  ,
11.Seithur  (S.P)  Ward  13  Mariamman  koil  opposite Keelmel  St,  ,
12.Seithur  (S.P)  Ward  13  Mariamman  koil  oppsite Thenvadal  St,  ,
13.Seithur  (S.P)  Ward  13  Krishnan  koil  Opposite Keelmel  St  ,
14.Seithur  (S.P)  Ward  13  Ramakrishna  nadar Keelamel  St  ,
15.Seithur  (S.P)  Ward  13  Parathesi  Orani  St",All  Voters
224,202,224,"Sri  Rama  Primary  School,  Seithur  - 626121.  West  Portion,  facing  north","1.Seithur  (S.P)  Ward  14  Manthai  St  Mel  Goppu
Sontham  ,
2.Seithur  (S.P)  Ward  14  Nadar  Puthu  St  No-2  ,
3.Seithur  (S.P)  Ward  14  Gurukkalaiyar  Lane  ,
4.Seithur  (S.P)  Ward  14  Nadar  Puthu  St  ,
5.Seithur  (S.P)  Ward  13  Ramakrishna  Nadar KelaMela  St  ,
6.Seithur  (S.P)  Ward  13  Ramakrishna  Nadar Kelamela  St  -2  ,
7.Seithur  (S.P)  Ward  13  Ramakrishna  Nadar Kelamela  St-3  ,
8.Seithur  (S.P)  Ward  13  Ramakrishna  Nadar Kelamela  St-4  ,
9.Seithur  (S.P)  Ward  14  Gurukkalaiyar  Lane-28  ,
10.Seithur  (S.P)  Ward  13  Marula  Nadar  St  ,
11.Seithur  (S.P)  Ward  13  Sweepers  Colony  ,
12.Seithur  (S.P)  Ward  13  Indra  Colony  St  ,
13.Seithur  (S.P)  Ward  13  Indra  Colony  St-2.",All  Voters
225,202,225,"Harijan  Primary  School,  Seithur  - 626121.  East  Portion,  facing  north,","1.Seithur  (S.P)  Ward  12  Aathithiravidar  South  Street
,
2.Seithur  (S.P)  Ward  15  Seenisampan  Lane  ,
3.Seithur  (S.P)  Ward  12  Aathithiravidar  North  Street Tensaragam.
4.Seithur  (S.P)  Ward  12  Aathithiravidar  North  Street
Vadasaragam  (Part  No.226  Section  No.1)",All  Voters
226,202,226,"Harijan  Primary  School,  Seithur  - 626121.West  Portion,  facing  north,","1.Seithur  (S.P)  Ward  12  Aathithiravidar  Street  ,
2.Seithur  (S.P)  Ward  12  Aathithiravidar  Colony Street  ,
3.Seithur  (S.P)  Ward  12  11Nir  Main  Road  ,
4.Seithur  (S.P)  Ward  11  Aadhithiravaidar  kela  New Street  ,
5.Seithur  (S.P)  Ward  11  Aadhithiravaidar  kela  New Street  2  ,
6.Sethur  (S.P)  Ward  11  Arunthathiyar  Stret  ,
7.Seithur  (S.P)  Ward  11  Arunthathiyar  New  Street  ,
8.Seithur  (S.P)  Ward  11  Arunthathiyar  New  Street  2  ,
9.Seithur  (S.P)  Ward  11  Arunthathiyar  New  Street  3",All  Voters
227,202,227,"Panchayat  Union  Primary  School, Seithur  -  626121.  East  Portion,  facing south,","1.Seithur  (S.P)  Ward  17  Pillaiyar  Thenvadal  St  ,
2.Seithur  (S.P)  Ward  10  Old  Sub-Register  St  ,
3.Seithur  (S.P)  Ward  10  Old  Union  Office  St  ,
4.Seithur  (S.P)  Ward  10  Mariappan  Pandaram  Coffee Hotel  Lane-2
5..Seithur  (S.P)  Ward10  Sub-Register  Office  Keel Mela  St  ,
6.Seithur  (S.P)  Ward  10  Rakkamuthu  Moopar  Lane,
7.Seithur  (S.P)  Ward  10  Sankaiah  Moopar  lane,
8.Seithur  (S.P)  Ward  10  Karumalaiyan  Kovil  Street,",All  Voters
228,202,228,"Panchayat  Union  Primary  School, Seithur  -  626121.  West  Portion,  facing south,","1.Seithur  (S.P)  Ward  18  -11  Neer  Main  Road  ,
2.Seithur  (S.P)  Ward  18  No  11  Main  Road  Keelpuram
,
3.Seithur  (S.P)  Ward  18  No  11  Main  Road  Lane-1  ,
4.Seithur  (S.P)  Ward  18  No  11  Main  Road  Keelpuram lane-1  ,
5.Seithur  (S.P)  Ward  18  No  11  Main  Road  Keelpuram Lane-2  ,
6.Seithur  (S.P)  W  ard  18  Illathar  North  St,
7.Seithur  (S.P)  Ward  18  Illathar  South  St,
8.Seithur  (S.P)  Ward  18  Cellaiah  Asari  lane  ,
9  .Seithur  (S.P)  Ward  18  Athimoolam  Muthaliyar Lane  ,
10.Seithur  (S.P)  Ward  18  Meenachi  Sundaram Muthaliyar  Lane,
11.Seithur  (S.P)  Ward  18  Sangu  Chettiyar  Lane  ,
12.Seithur  (S.P)  Ward  18  Vellaimuthu  Pillai  Lane,
13.Seithur  (S.P)  Ward  18  Main  Road,
14.Seithur  (S.P)  Ward  18  Amman  Sannthi  St  ,
15.Seithur  (S.P)  Ward  1  Valaiyar  North  St  Lane.",All  Voters
229,202,229,"Panchayat  Union  Primary  School, Seithur  -  626121.  West  Portion,  facing east,  Tiled  Building.","1.Seithur  (S.P)  Ward  1  Valaiyar  North  Street-2  ,
2.Seithur  (S.P)  Ward  1  Valaiyar  North  St  No-4  ,
3.Seithur  (S.P)  Ward  1  Valaiyar  North  St  No-5  ,
4.Seithur  (S.P)  Ward  18  Amman  Sannathi  Street Vadasaragam  ,
5.Seithur  (S.P)  Ward  1  Valaiyar  Puthu  St-1  ,
6.Seithur  (S.P)  Ward  1  Valaiyar  Puthu  St-2  ,
7.Seithur  (S.P)  Ward  1  Illathar  Kinattru  Pathai  St  ,
8.Seithur  (S.P)  Ward  1  Post  Office  St  ,
9.Seithur  (S.P)  Ward  Valaiyar  North  Street  No.3  ,
10.Seithur  (S.P)  Ward  1  Valaiyar  North  Street.6  ,
11.Seithur  (S.P)  Ward  1  Valaiyar  New  Street  No.2 (North)",All  Voters
230,202,230,"Indegrated  Child  Devlopment  Center,
Mettupatti,  Seithur  -626121","1.Seithur  (S.P)  Ward  2  11  Nir  Main  Road  ,
2.Seithur  (S.P)  Ward  2  Pannai  Kinattru  St  ,
3.Seithur  (S.P)  Ward  2  Mugahoor  Rastha  ,
4.Seithur  (S.P)  Ward  2  Manthai  St  ,
5.Seithur  (S.P)  Ward  2  Thondarman  Puthu  St  ,
6.Seithur  (S.P)  Ward  2  Pasumpon  Nagar  ,  7.Seithur (S.P)  Ward  2  Kandhasamy  Thevar  St  ,",All  Voters
231,202,231,"Vivekanantha  Primary  School, Mettupatti  -  626121.  North  Building, West  Portion,  East  Facing.","1.Seithur  (S.P)  Ward  2  Karuppanna  Thevar  lane  ,
2.Seithur  (S.P)  Ward  2  Nallammal  koil  Lane  ,
3.Seithur  (S.P)  Ward  2  Ponnaiah  Muthaliyar  Lane
4.Seithur  (S.P)  Ward  3  Gownder  St  ,
5.Seithur  (S.P)  Ward  3  Pillaimar  North  St  ,  6.Seithur (S.P)  Ward  3  Gomathi  Thevar  Lane",All  Voters
232,202,232,"Vivekanantha  Primary  School, Mettupatti,  Seithur-626121.  South West  Building  North  Portion,  Facing South","1.Seithur  (S.P)  Ward  3  Pillaimar  St  ,
2.Seithur  (S.P)  Ward  3  Senai  Muthaliyar  St  ,
3.Seithur  (S.P)  Ward  3  Asarimar  St  ,
4.Seithur  (S.P)  Ward  3  Shanmugam  Chettiyar  St
5.Seithur  (S.P)  Ward  3  Pillaimar  St  ThenSaragam
6.Seithur  (S.P)  Ward  3  Pillaiyar  Koil  St  ,
7.Seithur  (S.P)  Ward  3  Muthandi  thevar  Lane  ,
8.Seithur  (S.P)  Ward  4  Kollan  Kondan  Rastha  ,
9.Seithur  (S.P)  Ward  5  Muahoor  Rastha
10.Seithur  (S.P)  Ward  3  Pillaiyar  Kovil  St  ,
11.Seithur  (S.P)  Ward  3  Vinayaga  Muthaliyar  Lane.",All  Voters
233,202,233,"Arunachala  Nadar  Primary  School, A.M.Nagar  Seithur.  North  Facing Building,  Eastern  Side,","1.Seithur  (S.P)  Ward  5  Jeeva  Nagar  St
2.Seithur  (S.P)  Ward  5Jeeva  Nager  St
3.Seithur  (S.P)  Ward  5  Jeeva  Nager  St
4.Seithur  (S.P)  Ward  5  Pallivasal  St  ,",All  Voters
234,202,234,"Arunachala  Nadar  Primary  School, A.M.Nagar  Seithur.  North  Facing
Building,  Western  Side,","1.Seithur  (S.P)  Ward  5  A.K.G  Nagar  Jeeva  Nager  ,
2.Seithur  (S.P)  Ward  5  Jeeva  Nager  West  ,
3.Seithur  (S.P)  Ward  5  Jeeva  Nager  North  ,",All  Voters
235,202,235,"Vivekanantha  Primary  School, Mettupatti  -  626121.  North  Building East  Portion,  West  Facing","1.Seithur  (S.P)  Ward  3  Pattankattiyar  St  ,
2.Seithur  (S.P)  Ward  3  Mugahoor  Rastha  ,
3.Seithur  (S.P)  Ward  10  Pethaiah  Konar  Lane  ,
4.Seithur  (S.P)  Ward  10  Krishnan  Kovil  St  ,
5.Seithur  (S.P)  Ward  3  Vanigar  Vaisiyar  St  ,
6.Seithur  (S.P)  Ward  4  Senguntha  Muthaliyar  St  ,
7.Seithur  (S.P)  Ward  5  Jeeva  Nager-1  ,
8.Seithur  (S.P)  Ward  5  Jeeva  Nager  2",All  Voters
236,202,236,"Vadugayar  Common  Chavadi,
Mettupatti-  626121.  North  Building South  Facing  West  Portion","1.Seithur  (S.P)  (Mettupatti)  Ward  9  Vadugayar  Periya St  ,
2.Seithur  (S.P)  (Mettupatti)  Ward  9  Vadugayar  East  St",All  Voters
237,202,237,"Vadugayar  Common  Chavadi, Mettupatti  -  626121.  North  Building East  Facing  East  Portion,","1.Seithur  (S.P)  (Mettupatti)  Ward  9  Govinda  Naicker St  ,
2.Seithur  (S.P)  (Mettupatti)  Ward  9  Mugahoor  Rastha
,
3.Seithur  (S.P)  (Mettupatti)  Ward  9  Illampillai  St  ,
4.Seithur  (S.P)  (Mettupatti)  Ward  4  Kattapomman Nagar",All  Voters
238,202,238,"Devendrakula  Primary  School, Mettupatti  -  626121.  South  Portion, facing  east","1.Seithur  (S.P)  Ward  8  Palvannam  Lane  ,
2.Seithur  (S.P)  Ward  8  Vairavasamy  koil  St  ,
3.Seithur  (S.P)  Ward  8  Deivendrakula  Velalar  St  ,
4.Seithur  (S.P)  Ward  8  Veduvar  St  ,
5.Seithur  (S.P)  Ward  8  Pallikudathan  Lane-4  ,
6.Seithur  (S.P)  Ward  8  Deivendra  Kula  Periya  St
7.Seithur  (S.P)  Ward  6  Makali  Mooppanar  St  (Part No.  240  Section  No.1)",All  Voters
239,202,239,"Peraringer  Anna  Centinary  Building, Seithur  Town  Panchayat  Community Hall,  Seithur-626121","1.Seithur  (S.P)  Ward  7  Chitrankangani  St  ,
2.Seithur  (S.P)  Ward  7  Lakshmanan  St  ,
3.Seithur  (S.P)  Ward  7  Vannar  puthu  St  ,
4.Seithur  (S.P)  Ward  7  Puthu  Amman  koil  St  ,
5.Seithur  (S.P)  Ward  7  Indra  Colony  ,
6.Seithur  (S.P)  Ward  7  CinnaKaruppan  Lane  ,
7.Seithur  (S.P)  Ward  7  Ayyanar  Koil  St  ,
8.Seithur  (S.P)  Ward  7  Ekkanathan  St  ,
9.Seithur  (S.P)  Ward  7  Mugahoor  Rastha",All  Voters
240,202,240,"Devendrakula  Primary  School, Mettupatti  -  626121.North  East Portion,facing  west","1.Seithur  (S.P)  Ward  6  Muhavoor  Rastha  ,
2.Seithur  (S.P)  Ward  6  Ponnusamy  Asari  St  ,
3.Seithur  (S.P)  Ward  6  Muhavoor  Rastha  Melpuram  ,
4.Seithur  (S.P)  Ward  6  Muthusamypuram  lane  1  ,
5.Seithur  (S.P)  Ward  6  MuthusamyPuram  lane  -2  ,
6.Seithur  (S.P)  Ward  6  Muthusamypuram  lane  -3  ,
7.Seithur  (S.P)  Ward  6  Mugahoor  Rastha  Keelpuram",All  Voters
241,202,241,"R.C.  Primary  School,  R.C.  Church
Street,  North  Devathanam-  626  121, West  Portion  Facing  South","1.North  Devathanam(R.V),  North  Devathanam  (P)
Ward  1  Mupidathiamman  kovil  street  ,
2.North  Devathanam(R.V),  North  Devathanam  (P) Ward  1  Dr.Ambedkar  Street  ,
3.North  Devathanam(R.V),  North  Devathanam  (P) Ward  1  Kottaimadasamy  kovil  street  ,
4.North  Devathanam(R.V),  North  Devathanam  (P) Ward  1  Arunthatiar  street  ,
5.Noth  Devathanam(R.V),  North  Devathanam  (P) Ward  1  Madasamy  kovil  street  ,
6.North  Devathanam(R.V),  North  Devathanam  (P) Resan  kadai  street  ,
7.North  Devathanam(R.V),  North  Devathanam  (P) Ward  1  Undiayakal  Street  ,
8.North  Devathanam(R.V),  North  Devathanam  (P)
Ward  1Chavadi  street",All  Voters
242,202,242,"R.C.  Primary  School,  R.C.  Church Street,  North  Devathanam-  626  121, East  Portion  Facing  South","1.North  Devathanam(R.V),  North  Devathanam  (P)
Ward  2  Chavadi  street  ,
2.North  Devathanam(R.V),  North  Devathanam  (P) Ward  2  Undiakkal  street  ,
3.North  Devathanam(R.V),  North  Devathanam  (P) Ward  2Madhakovil  street,
4.North  Devathanam(R.V),  North  Devathanam  (P) Ward  2  kilamel  main  street,
5.North  Devathanam(R,V),  North  Devathanam  (P) WArd  2  Kovil  pannai  street,
6.North  Devathanam(R.V),  North  Devathanam  (P) Ward  2  Pudhu  Rice  Mill  street,
7.North  Devathanam(R.V),  North  Devathanam  (P) Ward  2  Kottai  street,
8.North  Devathanam(R.V),  North  Devathanam  (P)
Ward  2  Pillaiyar  Kovil  street",All  Voters
243,202,243,"Rajapalayam  Panchayat  Union  Middle School,  North  Devadanam  -  626145. west  building,  facing  east,  South  portion","1.North  Devathanam(R.V),  North  Devathanam  (P)
Ward  3  Kottai  street  ,
2.North  Devathanam(R.V),  North  Devathanam  (P) Ward  3  New  Rice  Mill  street  ,
3.North  Devathanam(R.V),  North  Devathanam  (P) Ward  3  Aasarimar  street  ,
4.North  Devathanam(R.V),  North  Devathanam  (P) Ward  3  Kamatchiamman  kovil  street  ,
5.North  Devathanam(R.V),  North  Devathanam  (P) Ward  3  Pillaiyar  kovil  street  ,
6.Norht  Devathanam(R.V),  North  Devathanam  (P) Ward  3  Kilamel  main  street  ,
7.North  Devathanam(R.V),  North  Devathanam  (P) Ward  3  Old  Rice  Mill  street  ,
8.North  Devathanam(R.V),  North  Devathanam  (P) Ward  4  Sastha  kovil  street  ,
9.North  Devathanam(R.V),  North  Devathanam  (P) Ward  4  PMC  street  ,
10.North  Devathanam(R.V),  North  Devathanam  (P) Ward  4  kumaran  kovil  street  ,
11.North  Devathanam(R.V),  North  Devathanam  (P)
Ward  4  Panthadimada  street",All  Voters
244,202,244,"Rajapalayam  Panchayat  Union  Middle
school,  Devadanam  -  626121.Tiled building,  Facing  South,  East  Portion.","1.South  Devathanam(R.V),  South  Devadhanam  (P)
Ward  1  Church  Street
2.South  Devathanam(R.V),  South  Devadhanam  (P) Ward  1  Nadar  mariamman  kovil  st,
3.South  Devathanam(R.V),  South  Devadhanam  (P)
Ward  1  Melamariamman  kovil  st,",All  Voters
245,202,245,"Rajapalayam  Panchayat  Union  Middle school,  Devadanam  -  626121.Tiled building,  Facing  South,  West  Portion.","1.South  Devathanam(R.V),  South  Devadhanam  (P)
Ward  2  South  Radha  Veethi  ,
2.South  Devathanam(R.V),  South  Devadhanam  (P) Ward  2  Kumaran  kovil  street,
3.South  Devathanam(R.V),  South  Devadhanam  (P)
Ward  2  Kamarajar  colony",All  Voters
246,202,246,"Sri  Renganayagar  Elementary  School, Koviloor  -  626145.  Main  Building, Northern  Portion,","1.Kovillur(R.V),  South  Devadhanam  (P)  Ward  3
kamarajar  colony  ,
2.Kovilur(R.V),  South  Devadhanam  (P)  Ward  3  North street  ,
3.Kovilur(R.V),  South  Devadhanam  (P)  Ward  3 Krishnan  Kovil  street  ,
4.Kovilur(R.V),  South  Devadhanam  (P)  Ward  3 Mariamman  Kovil  street  ,
5.Kovilur(R.V),  South  Devadhanam  (P)  Ward  4
Arasamara  street",All  Voters
247,202,247,"Sri  Renganayagar  Elementary  School, Koviloor  -  626145.  Main  Building, South  Portion,","1.Kovilur(R.V),  South  Devadhanam  (P)  Ward  4
Watertank  street  ,
2.Kovilur(R.V),  South  Devadhanam  (P)  Ward  4 Pillayar  kovil  street  ,
3.Kovilur(R.V),  South  Devadhanam  (P)  Ward  4  South street  ,
4.Kovilur(R.V),  South  Devadhanam  (P)  Ward  4 karkuvel  Ayyanar  kovil  street  , 5.Kovilur(R.V),  South  Devadhanam  (P)  Ward  4
Veilumuthu  Ayyanar  kovil  street",All  Voters
248,202,248,"Panchayat  Office,  Melur Duraisamypuram  -  626145","1.Melur  Duraisamypuram(R.V),  Melur Duraisamypuram  (P)  Ward  1  Kulalar  Street  ,
2.Melur  Duraisamypuram(R.V),  Melur Duraisamypuram  (P)  Ward  1  Main  road  ,
3.Melur  Duraisamypuram(R.V),  Melur Duraisamypuram  (P)  Ward  1  Chekkadi  street  ,
4.Melur  Durasamypuram(R.V),  Melur Duraisamypuram  (P)  Ward  1  Vaniga  vaisiyar  street,
5.Melur  Duraisamypuram(R.V),  Melur Duraisamypuram  (P)  Ward  1  Sivakiri  main  road  ,
6.Melur  Duraisamypuram(R.V),  Melur Duraisamypuram  (P)  Ward  1  Periyar  Nagar",All  Voters
249,202,249,"T.  D  .T  .A  .  Primary  School,  Melur Duraisamypuram  -  626145","1.Melur  Durasamypuram(R.V),  Melur Duraisamypuram  (P)  Ward  2  Mariamman  kovil  street
,
2.Melur  Duraisamypuram(R.V),  Melur Duraisamypuram  (P)  Ward  2  Easkkiamman  kovil street  ,
3.Melur  Duraisamypuram(R.V),  Melur Duraisamypuram  (P)  Ward  2  Mandagapati  street  ,
4.Melur  Duraisamypuram(R.V),  Melur Duraisamypuram  (P)  Ward  2  Malaiyadipatti  Street  ,
5.Melur  Duraisamypuram(R.V),  Melur Duraisamypuram  (P)  Ward  2  Pattinathar  kovil  street
,
6.Melur  Duraisamypuram(R.V),  Melur Duraisamypuram  (P)  Ward  2  Krishnan  kovil  street",All  Voters
250,202,250,"Panchayat  Union  Primary  School, Chokkanathanputhur  -  626121.  New Building  facing  West,","1.Melur  Duraisamypuram(R.V),  Melur Duraisamypuram  (P)  Ward  1  Vaniga  vaisiyar  street,
2.Melur  Duraisamypuram(R.V),  Melur Duraisamypuram  (P)  Ward  1  Yadavar  street,
3.Melur  Duraisamypuram  (R.V),  Melur Duraisamypuram  (P)  Ward  2  Gengaiyamman  kovil street  ,
4.Melur  Duraisamypuram(R.V),  Melur Duraisamypuram  (P)  Ward  2  kattabomman  silai street  ,
5.Melur  Duraisamypuram(R.V),  Melur Duraisamypuram  (P)  Ward  2  Pillaiyar  kovil  street  ,
6.Melur  Duraisamypuram(R.V),  Melur Duraisamypuram  (P)  Ward  2  Petchiamman  kovil street.
7.Chokkanathan  Puthur  (R.V),  Chokkanathan Puthur  (P)  Ward  3  Chokkanathan  Puthur  (Part No.251  Section  No.  3)",All  Voters
251,202,251,"Panchayat  Union  Primary  School, Chokkanathanputtur  -  626121.  New Building,  West  Portion,  Facing  North,","1.Chokkanathan  Puthur(R.V),  Chokkanathan  Puthur
(P)  Ward  1  Chokkanathan  puthur  , 2.Chokkanathan  Puthur  (R.V),  Chokkanathan Puthur  (P)  Ward  2  Chokkanathan  Puthur",All  Voters
252,202,252,"Panchayat  Union  Primary  School,
Chokkanathanputtur  -  626121.  Tilded Building,  South  Side,  East  Portion, Facing  North,","1.Chokkanathan  Puthur(R.V),  Chokkanathan  Puthur
(P)  Ward  1Chokkanathan  Puthur  ,
2.Chokkanathan  Puthur(R.V),  Chokkanathan  Puthur
(P)  Ward  2  Chokkanathan  Puthur  ,
3.Chokkanathan  Puthur(R.V),  Chokkanathan  Puthur
(P)  Ward  3  Chokkanathan  Puthur",All  Voters
253,202,253,"Panchayat  Union  Primary  School, Chokkanathanputtur  -  626121.  Tilded Building,  Western  Portion,  facing  north,","1.Chokkanathan  Puthur(R.V),  Chokkanathan  Puthur
(P)  Ward  3  Chokkanathan  Puthur  ,
2.Chokkanathan  Puthur(R.V),  Chokkanathan  Puthur
(P)  Ward  4  Chokkanathan  Puthur  ,
3.Chokkanathan  Puthur(R.V),  Chokkanathan  Puthur
(P)  Ward  5  Chokkanathan  Puthur",All  Voters
254,202,254,"R.C.Primary  School, Chokkanathanputhur-626121.  East building,  facing  North,  first  room  from
west","1.Chokkanathan  Puthur(R.V),  Chokkanathan  Puthur
(P)  Ward  6  Chokkanathan  Puthur",All  Voters
255,202,255,"R.C.  Elementary  School, Chokkanathanputtur  -  626121,  West building,  facing  east,  second  room  from
south","1.Chokkanathan  Puthur(R.V),  Chokkanathan  Puthur
(P)  Ward  8  Chokkanathan  Puthur  ,
2.Chokkanathan  Puthur(R.V),  Chokkanathan  Puthur
(P)  Ward  7  Chokkanathan  Puthur",All  Voters
256,202,256,"Saraswathi  Primary  School,  Puttur  -
626111.  West  Side,  North  Portion, facing  east,  first  room  from  north","1.Putthur(R.V),  Putthur  (p)  Ward  1  putthur  , 2.Puthur(R.V),  Puthur  (P)  Ward  2  Puthur  ,",All  Voters
257,202,257,"Saraswathi  Primary  School,  Puthur.","1.Puthur(R.V),  Puthur  (P)  Ward  4  Valavanthalpuram  ,
2.Puthur(R.V),  Puthur  (P)  Ward  4  Vedanayagapuram",All  Voters
258,202,258,"Anganwadi  Centre,  Puthur","1.Puthur(R.V),  Puthur  (P)  Ward  4  Puthur
2.Puthur(R.V),  Puthur  (P)  Ward  3  Puthur,  (Voters  list Sl.No.  1to  30)
3.Puthur(R.V),  Puthur  (P)  Ward  3  Puthur",All  Voters
259,202,259,"TDTA  Middle  School,  Pottalpatti,
Nallamangalam  -  626111.  West  wing, Centre  room,  Facing  East.","1.Nallamangalam(R,V),  Nallamangalam  (P)  Ward  1
Krishnankovil  Street  Nallamangalam  , 2.Nallamangalam(R.V),  Nallamangalam  (P)  Ward  2 Pillaiyarkovil  street  Nallamangalam,",All  Voters
260,202,260,"TDTA  Middle  School,  Pottalpatti, Nallamangalam  -  626111.  New  North
Building  ,  West  Portion,facing  South.","1.Nallamangalam(R.V),  Nallamangalam  (P)  Ward  3 Keelavaragunaramapuram,  Nallamangalam",All  Voters
261,202,261,"TDTA  Middle  School,  Pottalpatti, Nallamangalam  -  626111.  New  North
Building  ,  East  Portion,  facing  South.","1.Nallamangalam(R,V),  Nallamangalam  (P)  Ward  4 Keelavaragunaramapuram",All  Voters
262,202,262,"M.N.  Nadar  High.  School, Melavaragunaramapuram.  West  side building,  facing  south,  next  to  HM  room.","1.Nallamangalam(R.V),  Nallamangalam  (P)  Ward  6
Melavaragunaramapuram  south  side  , 2.Nallamangalam(R.V),  Nallamangalam  (P)  Ward  5 Melavaragunaramapuram  north  side",All  Voters
263,202,263,"M.N.  Nadar  High  School,
Melavaragunaramapuram.  West  side building,  facing  south,  2nd  room  from HM  room.","1.Nallamangalam(R.V),  Nallamangalam  (P)  Ward  6
Melavaragunaramapuram  south  side  , 2.Nallamangalam(R.V),  Nallamangalam  (P)  Ward  5 Melavaragunaramapuram  north  side",All  Voters
264,202,264,"Gandhi  Primary  School,  Arulputhur  - 626111","1.Puthur(R.V),  Arulputhur  (P)  Ward  1  Arulputhur  , 2.Puthur(R.V),  Arulputhur  (P)  Ward  2  Arulputhur",All  Voters
265,202,265,"Panchanyat  Union  Primary  School,
M.Kallupatti  -  626111","1.Puthur(R.V),Arulputhur  (P)  Ward  3  kallupatti",All  Voters
266,202,266,"R.C.  Hr.Sec.  School,  Meenakshiapuram  - 626111.  Main  Building,  facing  south, West  side,","1.Putur(R.V),  Meeatchiapuram  (P)  Ward  1
Meeatchiapuram  ,
2.Putur(R.V),  Meenatchiapuram  (P)  Ward  2 Meenatchiapuram",All  Voters
267,202,267,"R.C.  Hr.Sec.  School,  Meenakshiapuram  - 626111.  Main  Building,  East  Portion,
facing  west,","1.Putur(R.V),  Meeatchiapuram  (P)  Ward  3 Meeatchiapuram",All  Voters
268,202,268,"R.C.  Hr.Sec.  School,  Meenakshiapuram  - 626111.  Main  Building,  Middle  Portion. Facing  South","1.Putur(R.V),  Meenatchiapuram  (P)  Ward  4
Meenatchiapuram  ,
2.Puthur(R.V),  Meenatchiapuram  (P)  Ward  5 Meenatchiapuram  ,",All  Voters
269,202,269,"Krishthuraja  Primary  School,
Krishthurajapuram  626111","1.Puthur(R.V),  meenatchiapuram  (P)  Ward  4  South
meenatchiapuram  ,
2.Puthur(R.V),  Meenatchiapuram  (P)  Ward  4 Giristhurajapuram",All  Voters
