sl_no,ac_code,polling_station_number,polling_station,polling_areas,polling_station_type
1,226,1,"M.D.T Hindu College Hr. Sec.School, West Building,2nd Room From North, Tirunelveli Junction","1.Tirunelveli (C) Sindhupoondurai Ward 12 Salai Street ,  2.Tirunelveli (C) Sindhupoondurai Ward12 New Amman Kovil Street , 3.Sindhupoondurai Tirunelveli (C) Ward 30 S.N. High Road ,999.Overseas Electors",General
2,226,2,"M.D.T.Hindu College Hr.Sec.School, West Building 3rd Room From North Tirunelveli. Junction","1.Tirunelveli (C) Sindhupoondurai. Ward No 30 Sindhupoondurai Middle Street. , 2.Tirunelveli (C) Sindhupoondurai Ward 12 Selvi Nagar. , 999.Overseas Electors",General
3,226,3,"M.D.T Hindu College Hr. Sec.School, West Building, 4th Room From North, Tirunelveli Junction.","1.Tirunelveli (C) Sindupoondurai Ward 12 Kamarajar Street , 999.Overseas Electors",General
4,226,4,"M.D.T Hindu College Hr. Sec.School, West Building, 5th Room From North, Tirunelveli Junction","1.Tirunelveli (C) Sindhupoondurai Ward 30 Sindhupoondurai East Street , 2.Tirunelveli (C) Sindupoondurai Ward 30 Sindhupoondurai East Street (E) , 999.Overseas Electors",General
5,226,5,"Matharasa Ishlamiya Primary School, ,Main Building, North Block, Kailasapuram.","1.Tirunelveli (C) Sindhupoondurai. Ward 30 Kailasapuram East Street , 2.Sindhupoondurai Tirunelveli (C) Ward 30 Kailasapuram Middle Street , 999.Overseas Electors",General
6,226,6,"Corporation Primary School, ,North Portion 1st Room, Kailasapuram.","1.Sindhupoondurai Tirunelveli (C) Ward 30 Kailasapuram South Street , 2.Sindhupoondurai Tirunelveli (C) Ward 30 Ganeshapuram Atrankarai Erakkam
, 999.Overseas Electors",General
7,226,7,"M.D.T.Hindu College Hr.Sec.School, ,Eastern Building, Northern Last Room Tirunelveli.
Junction","1.Sindhupoondurai Tirunelveli (C) Ward 30 Perumal East Car Street , 2.Sindhupoondurai Tirunelveli (C) Ward 30 Perumal Sannathi Street , 3.Sindhupoondurai Tirunelveli (C) Ward 30 Madurai Road  Police Colony , 4.Tirunelveli (C) Sindhupoondurai. Ward 30 West Street , 999.Overseas Electors",General
8,226,8,"M.D T. Hindu College Hr.Sec.School, ,West Building, South Portion, Last Hall, Tirunelveli. Juntion","1.Melaveeraragavapuram Tirunelveli (C) Ward 30 Shreepuram , 2.Melaveeraragavapuram Tirunelveli (C) Ward 30 Swamy Nellaiyappar High Road , 3.Melaveeraragavapuram Tirunelveli (C) Ward 30 Palam Police Colony , 4.Melaveeraragavapuram Tirunelveli (C) Ward 30 Goyaksiyal Colony , 5.Melaveeraragavapuram Tirunelveli (C) Ward 30 Mothilal Street , 6.Sindhupoondurai Tirunelveli (C) Ward 30 Kailasapuram North Street , 999.Overseas Electors",General
9,226,9,"M.D T Hindu College Hr.Sec.School, ,West Building, Northern Portion, Last Hall, Tirunelveli Junction","1.Melaveeraragavapuram  Tirunelveli (C) Ward 29 Railway Goodshed Colony East , 2.Melaveeraragavapuram Tirunelveli (C) Ward 29 Railway Colony West , 3.Melaveeraragavapuram Tirunelveli (C) Ward 29  Railway Colony West 5Th Cross Street , 4.Melaveeraragavapuram Tirunelveli (C) Ward 29  Railway Colony West 7Th Cross Street , 5.Melaveeraragavapuram Tirunelveli (C) Ward 29 Railway Colony West 5Th Cross Street , 6.Melaveeraragavapuram Tirunelveli
(C) Ward 29  Railway Colony West 4Th Cross Street , 7.Tirunelveli (C) Mealveeraragavapuram. Ward 29  Railway Colony West 2Nd Cross Street , 8.Tirunelveli (C) Melaveeraragavapuram Ward 29  Railway Colony West 1St Cross Street , 9.Tirunelveli (C) Melaveeraragavapuram. Ward 30 Perumal West Car Street , 10.Tirunelveli (C) Melaveeraragavapuram Ward No 30 Perumal North Car Street , 11.Tirunelveli (C) Melaveeraragavapuram Ward 29Railway Colony ,  12.Tirunelveli (C) Sindhupoondurai Ward 30 North Street , 999.Overseas Electors",General
10,226,10,"Corporation Health Inspector Office,
,Southern Side of Water Tank, Saniyasigramam.","1.Melaveeraragavapuram Tirunelveli (C) Ward 30 Perumal South Car Street , 999.Overseas Electors",General
11,226,11,"Hindu Aided Middle School, ,North Portion, Sivapuram, Tirunelveli Junction.","1.Tirunelveli (C) Melaveeraragapuram Ward 29 Athithanar Street , 2.Melaveeraragavapuram Tirunelveli (C) Ward 30 Ethiraj Street , 3.Melaveeraragavapuram Tirunelveli (C) Ward 29 Sanniyasi Village , 4.Melaveeraragavapuram Tirunelveli (C) Ward 30 Varatharajapuram , 5.Melaveeraragavapuram Tirunelveli (C) Ward 29 Cithi Vinayagar Kovil Street , 999.Overseas Electors",General
12,226,12,"Hindu Aided Middle School ,Main Building, South Portion, Sivapuram,Tirunelveli Junction.","1.Melaveeraragavapuram Tirunelveli (C) Ward 29 Bharathi Colony , 2.Melaveeraragavapuram Tirunelveli (C) Ward 29 Barani Street , 3.Melaveeeraragavapuram Tirunelveli (C) Ward 29 Sivapuram , 999.Overseas Electors",General
13,226,13,"Corporation Unit Office, ,(Thatchanallur Ward office) Meenatchipuram Tirunelveli Junction.","1.Melaveeraragavapuram Tirunelveli (C) Ward 30 Meenakshipuram North Street , 2.Melaveeraragavapuram Tirunelveli (C) Ward 30 Meenachipuram South Street , 999.Overseas Electors",General
14,226,14,"Corporation Girls Hr.sec.School, ,Main Building Western Side, Meenakshipuram,","1.Melaveeraragavapuram Tirunelveli (C) Ward 29 Meenakshipuram West Street
, 2.Melaveeraragavapuram Tirunelveli (C) Ward 29  Meenakshipuram East Street
, 999.Overseas Electors",General
15,226,15,"Corporation Kartalil Inimai Primary School
,West Building, North Side, Pulianthoppu North Street, Melaveeraragavapuram.","1.Melaveeraragavapuram Tirunelveli (C) Ward 29 Pulianthopu North Street , 2.Melaveeraragavapuram Tirunelveli (C) Ward 29, Anna Nagar , 3.Melaveeraragavapuram Tirunelveli (C) Ward 29. Babuji Jegajeevanram Colony
, 4.Melaveeraragavapuram Tirunelveli (C) Ward 29, Veeraragavapuram Colony , 999.Overseas Electors",General
16,226,16,"Corporation Kartalil Inimai Primary School,
,East Building, East Side, Pulianthoppu North Street, Melaveeraragavapuram","1.Melaveeraragavapuram Tirunelveli (C) Ward 29 Puliyanthoppu South Street , 2.Melaveeraragavapuram Tirunelveli (C) Ward 29 Puliyamthoppu Middle Street
, 3.Melaveeraragavapuram Tirunelveli (C) Ward 29 Puliyanthoppu West Street , 999.Overseas Electors",General
17,226,17,"Perarignar Anna Corporation Primary School, ,Western Block Ist Room, C.N.Village.","1.Melaveeraragavapuram Tirunelveli (C) Ward 29 Cikka Narasinga Village West Street , 999.Overseas Electors",General
18,226,18,"Perarignar Anna Corporation Primary School
, ,Eastern Block 1st Room, C.N.Village.","1.Melaveeraragavapuram Tirunelveli (C) Ward 29 Rajaji Street , 2.Melaveeraragavapuram Tirunelveli (C) Ward 29 East Street , 3.Melaveeragavapuram Tirunelveli (C) Ward 29 Mission Street , 999.Overseas Electors",General
19,226,19,"Perarignar Anna Corporation Primary School, Eastern Block, IIIrd Room, C.N. Village.","1.Tirunelveli (C) Melaveeraragavapuram Ward 29 Kurukkudurai Road , 2.Tirunelveli (C) Melaveeragavapuram Ward 29 Kurukkudurai East Car Road , 3.Tirunelveli (C) Melaveeraragavapuram Ward 29 Kurukkudurai East Car Street
, 4.Tirunelveli (C) Melaveeraragavapuram Ward 29 Kurukkudurai South Car Street , 5.Tirunelveli (C) Melaveeraragavapuram Ward 29 Kurukkudurai West Car Street , 6.Tirunelveli (C) Melaveeraragavapuram Ward 29 Muthuramalinganar Street , 999.Overseas Electors",General
20,226,20,"Perarignar Anna Corporation Primary School, Western Block, 2nd Room, C.N. Village.","1.Tirunelveli (C) Melaveeraragavapuram Ward 29 Sorkkavasal Street , 2.Tirunelveli (C) Melaveeraragavapuram Ward 29 Lakshmipuram , 3.Tirunelveli
(C) Melaveeraragavapuram Ward 29 Lakshmipuram Puthumanai Street , 999.Overseas Electors",General
21,226,21,"Purachi Thalaivar M.G.R Memorial Primary School, North Portion Thiruvannathapuram","1.Tirunelveli (C) Thiruvannathapuram. Ward 4 Mariamman Kovil Street , 2.Tirunelveli (C) Thiruvannathapuram Ward 4 Perumal Kovil Street , 3.Tirunelveli (C) Thiruvannathapuram Ward 4 Gayathiri Amman Kovil Street , 999.Overseas Electors",General
22,226,22,"Purachi Thalaivar M.G.R Memorial Primary School, South Portion Thiruvannathapuram","1.Tirunelveli (C) Thiruvannathapuram Ward 4 Antoniyar Kovil Street , 2.Tirunelveli (C) Thiruvannathapuram Ward 4 Jothi Street , 3.Tirunelveli (C) Thiruvannathapuram Ward 4 Muppudathiamman Kovil Street , 4.Tirunelveli (C) Thiruvannathapuram. Ward 4Kamarajar Nagar , 999.Overseas Electors",General
23,226,23,"Hindu Aided Primary School, ,Southern Portion, Padappakkurichi.","1.Tirunelveli (C) Thimmarajapuram Ward 4 V.O.C. Street (Padappakurichi) , 2.Tirunelveli (C) Thimmarajapuram Ward 4 Kamarajar Street (Padappakurichi) , 3.Tirunelveli (C) Thimmarajapuram. Ward 4 Gandhi Street (Padappakurichi) , 999.Overseas Electors
Page 4 of 78",General
24,226,24,"Integrated Children Development Scheme, New building west portion, Padappakkurichi.","1.Tirunelveli (C) Thimmarajapuram Ward 4 Rice Mill Street (Padappakurichi) , 2.Tirunelveli (C) Thimmarajapuram Ward 4 Chettiyar Street , 3.Tirunelveli (C) Thimmarajapuram. Ward 4 Thimmarajapuram Melur , 4.Tirunelveli (C) Thimmarajapuram. Ward 4 Pasumpon Nagar , 999.Overseas Electors",General
25,226,25,"Panchayath Union Primary School, West Portion, Venkateswarapuram, Thimmarajapuram.","1.Tirunelveli (C) Thimmarajapuram. Ward 5 Rajamannar Street , 2.Tirunelveli
(C) Thimmarajapuram. Ward 5 Sri Venkateswara Street , 3.Tirunelveli (C) Thimmarajapuram. Ward 5 Andal South Street , 4.Tirunelveli (C) Thimmarajapuram Ward 5 V.O.C. Street , 5.Tirunelveli (C) Thimmarajapuram. Ward 5 V.O.C. 1St Street , 6.Tirunelveli (C) Thimmarajapuram Ward 5 V.O.C. 2Nd Street , 999.Overseas Electors",General
26,226,26,"Kosalram Primary School, Kakkannagar Thimmarajapuram.","1.Tirunelveli (C) Thimmarajapuram. Ward 5 Kakkan Nagar , 2.Tirunelveli (C) Thimmarajapuram. Ward 5 Kakkan Nagar 7Th Street , 3.Tirunelveli (C) Thimmarajapuram. Ward 5 Kakkan Nagar 6Th Street , 999.Overseas Electors",General
27,226,27,"Community Hall, ,South Side, Santhi Nagar,","1.Tirunelveli (C) Thimmarajapuram. Ward 5 Police Colony I(Door no.1-L64), 999.Overseas Electors",General
28,226,28,"Community Hall, North Portion, Santhi Nagar","1.Tirunelveli (C) Thimmarajapuram. Ward 5 Venkateshvara Nagar 1St Street , 2.Tirunelveli (C) Thimmarajapuram Ward 5 Venkateshvara Nagar , 3.Tirunelveli
(C) Thimmarajapuram. Ward 5 Police Colony-II(Door no.L65-M26, 999.Overseas Electors",General
29,226,29,"Old Panchayat Office, New building, Unit Office","1.Tirunelveli (C) Thimmarajapuram Ward 8 Thimmarajapuram Seevalaperi Main Road , 2.Tirunelveli (C) Thimmarajapuram. Ward 8 Thimmarajapuram 1St Street , 3.Tirunelveli (C) Thimmarajapuram. Ward 8 Thimmarajapuram 2Nd Street , 4.Tirunelveli (C) Thimmarajapuram Ward 8 Thimmarajapuram 3Th Street ,
5.Tirunelveli (C) Thimmarajapuram Ward 8 Thimmarajapuram 4Th Street , 6.Tirunelveli (C) Thimmarajapuram. Ward 8 Thimmarajapuram 5Th Street , 7.Tirunelveli (C) Thimmarajapuram Ward 8 Thimmarajapuram 6Th Street , 8.Tirunelveli (C)Thimmarajapuram. Ward 8 Thimmarajapuram 7Th Street , 9.Tirunelveli (C)Thimmarajapuram. Ward 8 Thimmarajapuram 8Th Street , 10.Tirunelveli (C) Thimmarajapuram. Ward 8 Thimmarajapuram 9Th Street , 999.Overseas Electors",General
30,226,30,"Tirunelveli Corporation Anganvadi Centre No: 0429, Muppidathi Amman Kovil Street Thimmarajapuram","1.Tirunelveli (C) Thimmarajapuram. Ward 8 Ganapathiyapuram (Thimmarajapuram) , 2.Tirunelveli (C) Thimmarajapuram. Ward 8 Sevalaperi Road ,
3.Tirunelveli (C)Thimmarajapuram Ward 8 Ganapathiyarpuram , 4.Tirunelveli (C) Thimmarajapuram Ward 8 Thimmarajapuram 10Th Street , 5.Tirunelveli (C) Thimmarajapuram. Ward 8 Thimmarajapuram 11Th Street , 999.Overseas Electors",General
31,226,31,"Tamilnadu Government Public Library Department, Book reading centre (New Building West) Branch Library Thimmarajapuram,","1.Tirunelveli (C) Thimmarajapuram Ward 8 Thimmarajapuram 12Th Street , 2.Tirunelveli (C) Thimmarajapuram. Ward 5 Thimmai South Side 2nd Street , 3.Tirunelveli (C) Thimmarajapuram Ward 5 Thimmai South Side 5th Street , 4.Tirunelveli (C) Thimmarajapuram Ward 5 Thimmai Andal Street North Side , 999.Overseas Electors",General
32,226,32,"Integrated Child Care Centre No 10 Near Ward Office, Thimmarajapuram, Keezhur","1.Tirunelveli (C) Thimmarajapuram. Ward 5 Perumal Sannathi Street, 2.Tirunelveli (C) Thimmarajapuram Ward 5 Perumal Sannathi  Back Side, 3.Tirunelveli (C) Thimmarajapuram Ward 5 Thimmai South Side Ist Street, 4.Tirunelveli (C) Thimmarajapuram. Ward 5 Thimmai South Side Iiird Street, 5.Tirunelveli (C) Thimmarajapuram Ward 5 Thimmai South Side Ivth Street, 999.Overseas Electors",General
33,226,33,"Panchayat Union Primary School ,East Portion, Venkateswarapuram Thimmarajapuram.","1.Tirunelveli (C) Thimmarajapuram. Ward 5 Valluvar Street , 2.Tirunelveli (C)Thimmarajapuram Ward 5 Gandhi Street , 3.Tirunelveli Thimmarajapuram Ward 5 Jothi Street , 4.Tirunelveli (C)Thimmarajapuram Ward 5 Anna Nagar , 5.Tirunelveli (C) Thimmarajapuram. Ward 5 New Colony , 6.Tirunelveli (C) Thimmarajapuram Ward 5 Pandian Street , 7.Tirunelveli (C) Thimmarajapuram. Ward 5 Sangeetha Nagar , 999.Overseas Electors",General
34,226,34,"Corporation Old Primary School, Main Northern Hall, Salai Street, Vannarpettai","1.Tirunelveli (C) Vannarpettai. Appar Swamigal Street, Ward No 11, 2.Tirunelveli (C) Vannarpettai. Thirukuripu Thondar Street, Ward No 11 999.Overseas Electors",General
35,226,35,"Corporation Old Primary School, ,Main Southern Hall. Salai Street, Vannarpettai","1.Tirunelveli (C) Vannarpettai. Ettuthogai Street. Ward No 11 , , 2.Tirunelveli
(C) Vannarpettai Thiruneelakanda Nayanar Street, Ward No 11 , 3.Tirunelveli
(C) Vannarpettai Patthu Pattu Street, Ward No 11 , 999.Overseas Electors",General
36,226,36,"Corporation New Middle school, East building North portion, Salai Street, Vannarpettai.","1.Tirunelveli Vannarpettai Indira Colony, Ward No 11. , 2.Tirunelveli (C) Vannarpettai. Kundalakesi Street, Ward No. 11 , 3.Tirunelveli (C) Vannarpettai. Appar Swamigal Street, Ward No 11. , 4.Tirunelveli (C) Vannarpettai Chinthamani Street, Ward No 11. , 999.Overseas Electors",General
37,226,37,"Corporation New Middle School, East Building,South Portion, Salai Street, Vannarpettai.","1.Tirunelveli (C) Vannarpettai Kuravanchi Street, Ward No 11, 2.Tirnelveli (C) Vannarpettai Vetri Veladi Vinayagar Koil Street, Ward No 11 , 3.Tirunelveli (C) Vannarpettai Salai Street -II, Ward No 11 999.Overseas Electors",General
38,226,38,"Corporation New Middle School, New South Building,East Portion, Salai Street, Vannarpettai.","1.Tirunelveli (C) Vannarpettai Kamparamayana Street, Ward No 11 , 999.Overseas Electors",General
39,226,39,"Corporation New Middle School, South Building,East Portion, Salai Street, Vannarpettai.","1.Tirunelveli (C) Vannarpettai. Peratchi Amman Kovil Street,  Ward No 11 , 2.Tirunelveli (C) Vannarpettai. Balaji Nagar, Ward No 11 , 3.Tiruneveli (C) Vannarpettai. Indira Colony, Ward No 11 , 4.Tirunelveli (C) Vannarpettai Ramalingar Street, Ward No 11 , 5.Tirunelveli (C) Vannarpettai Bye Pass Road, Ward No 11 , 999.Overseas Electors",General
40,226,40,"Corporation New Middle School, North Building, West Portion, Salai Street, Vannarpettai","1.Tirunelveli (C) Vannarpettai Thirukovaiyar Street, Ward No 11, 2.Tirunelveli
(C) Vannarpettai Thiruvananthapuram Road, Ward No 11 , 3.Tirunelveli (C) Vannarpettai Manimehalai Street, Ward No 11 , 4.Tirunelveli (C) Vannarpettai Thirukural Street.Ward No 11 , 5.Tirunelveli (C) Vannarpettai. Silapathikara Street, Ward No 11 ,
6.Tirunelveli (C)  Vannarpettai. Valayapathi Street. Ward No 11 , 999.Overseas Electors",General
41,226,41,"Corporation New Middle School, North Building, East Portion, Salai Street, Vannarpettai","1.Tirunelveli (C) Vannarpettai Salai Street, Ward No 11 , 999.Overseas Electors",General
42,226,42,"Panchayat Union Primary School ,Eastern Portion,Vellakoil, Ward No. I","1.Tirunelveli (C) Vellakovil. Ward No 10  Vellakoil Burial Ground Southern Portion, , 2.Tirunelveli (C) Vellkovil Ward No 10 Santhanamariamman Koil Street, , 3.Tirunelveli (C) Vellakovil. Ward No 10 Utchinimahali Koil Street, , 999.Overseas Electors",General
43,226,43,"Panchayat Union Primary School, ,Western Portion, North Bypass Road, Vellakoil, Ward No. II.","1.Tirunelveli (C) Vellakovil Ward No. 10 Ambethkar Nagar, Arunthathiyar Street , 2.Tirunelveli (C) Vellakovil Ward No. 10 North Street. , , 3.Tirunelveli (C) Vellakovil Ward No.10 Elango Nagar, 4.Tirunelveli (C) Vellakovil Ward No .10 Utchimahali Amman Koil Street (Kuttathurai) ,, 999.Overseas Electors",General
44,226,44,"Francis Xavier School (CBSE), west Building, Ground floor, Middle Portion, Barani Nagar
,Vannarpettai, Ward No.10.","1.Tirunelveli (C) Vellakovil Barani Nagar, Sowdampikai Street,  Wno 10 , 2.Tirunelveli (C) Vellakovil Ward No. 10 Barani Nagar Tulasi Ram Street, , 3.Tirunelveli (C) Vellakovil Ward No. 10 Barani Nagar Xaviers Street, , 4.Tirunelveli (C) Vellakovil Ward No. 10 Barani Nagar Pilliyarkoil Street, , 5.Tirunelveli (C) Vellakovil Ward No. 10 Barani Nagar Brindavanam Street, , 6.Tirunelveli (C) Vellakovil Ward No. 10 Barani Nagar V.O.C. Street, , 7.Tirunelveli (C) Vellakovil Ward No. 10 Barani Nagar Balaji Street, , 8.Tirunelveli (C) Vellakovil Ward No. 10 Barani Nagar Rojavana Street, , 9.Tirunelveli (C) Vellakovil Ward No. 10 Barani Nagar Parijatham Street, , 10.Tirunelveli (C) Vellakovil Ward No. 10 Barani Nagar Muthamil Street, , 11.Tirunelveli (C) Vellakovil Ward No.10 Barani Nagar Aravindar Street , 12.Tirunelveli (C) Vellakovil Ward No. 10 Vellakoil Barani Nagar Main Street, , 13.Tirunelveli (C) Vellkovil Ward No. 10 Venkatesh Bye Pass Road North,.
999.Overseas Electors",General
45,226,45,"Muslim Matharasa Primary School , West Side, Palayamkottur,","1.Tirunelveli (C) Palayamkottur, Ward No.8 Palayamkottur Muslim  Street, , 999.Overseas Electors",General
46,226,46,"Muslim Matharasa Primary School , South Building East Portion, Palayamkottur,","1.Tirunelveli (C) Palayamkottur Ward No. 8 Pillaimar Street, , 2.Tirunelveli (C) Palayamkottur Ward No.8 Varusaipathu, , 3.Tirunelveli (C) Palayamkottur.
Ward No. 8 Kottur Rajakkal Street, , 999.Overseas Electors",General
47,226,47,"Tamilnadu Government Public Library Department, Branch Library Thimmarajapuram,","1.Tirunelveli (C) Palayamkottur Ward No. 8 Nadar Street, ,
2.Tirunelveli (C) Palayamkottur Ward No. 8 Kottur Asari Street, 3.Tirunelveli (C) Palayakottur. Ward No. 8 Pallivasal Street, 4.Tirunelveli (C) Palayamkottur Ward No. 8 Panchayat Street , 5.Tirunelveli (C) Palayamkottai Ward No.6 Santhi Nagar 4Th Main Road, 6.Tirunelveli (C) Palayamkottai Ward No.6 Santhi Nagar 6Th Main Road, , 7.Tirunelveli (C) Palayamkottai Ward No. 6 Shanthi Nagar 5Th Street, 8.Tirunelveli (C) Palayamkottai Ward No.6 Shanthi Nagar 6Th  Street , 9.Tirunelveli (C) Palayamkottai Ward No.6 Shanthi Nagar  7Th  Street , 10.Tirunelveli (C) Palayamkottai Ward No.6 Shanthi Nagar 8Th Street Street,11.Tirunelveli (C) Palayamkottai Ward No. 6 Veda Koil Street
,999.Overseas Electors",General
48,226,48,"T.D.T.A. Primary School,North Building Eastern Wing,H.M.Room, Shanthi nagar,","1.Tirunelveli (C)  Palayamkottai. Ward No.6 Santhi Nagar 1St Street(Seevalaperi Road), , 2.Tirunelveli (C) Palayamkottai Ward No. 6 Santhi Nagar 1St  Street, , 3.Tirunelveli (C) Palayamkottai Ward No. 6 Santhi Nagar 2Nd  Street, , 4.Tirunelveli (C) Palayamkottai Ward No. 6 Santhi Nagar 3Rd  Street, , 5.Tirunelveli (C) Palayamkottai Ward No. 6 Santhi Nagar 4Th  Street, , 6.Tirunelveli (C) Palayamkottai Ward No.6 Santhi Nagar 2Nd Main Road, , 999.Overseas Electors",General
49,226,49,"T.D.T.A. Primary School ,Northern Building, Eastern Portion, Shanthi Nagar","1.Tirunelveli (C) Palayamkottai Ward No.6 Rajkamal Nagar, , 2.Tirunelveli (C) Palayamkottai Ward No.6 Rajkamal Nagar Street, , 3.Tirunelveli (C)Palayamkottai Ward No.6 Pallivasal 1St Street, , 4.Tirunelveli (C) Palayamkottai Ward No.6 Pallivasal  2Nd Street, , 5.Palayamkottai Ward No. 6 Shanthi Nagar 28Th Cross Street, , 6.Tirunelveli (C) Palayamkottai Ward No.6 Shanthi Nagar 30Th  Street , 999.Overseas Electors",General
50,226,50,"T.D.T.A. Primary School, ,Northern Building, Western Portion Shanthinagar","1.Tirunelveli (C) Palayamkottai Ward No.6 Shanthi Nagar 13Th Street , 2.Tirunelveli (C) Palayamkottai Ward No.6 Shanthi Nagar 14Th St , 3.Tirunelveli
(C) Palayamkottai Ward No. 6 Shanthi Nagar 15Th  Street, , 4.Tirunelveli (C) Palayamkottai Ward No. 6 Shanthi Nagar 16Th Street , 5.Tirunelveli (C) Palayamkottai Ward No.6 Shanthi Nagar 17Th  Street. , 6.Tirunelveli (C) Palayamkottai Ward No.6 Shanthi Nagar 18Th Street , 7.Tirunelveli (C) Palayamkottai Ward No. 6 Shanthi Nagar 19Th Street , 8.Tirunelveli (C) Palayamkottai Ward No.6 Shanthi Nagar 20Th Street , 9.Tirunelveli (C) Palayamkottai Ward No. 6 Shanthi Nagar 21St Street , 999.Overseas Electors",General
51,226,51,"T.D.T.A. Primary School, Northern Building, Northern Portion Shanthinagar","1.Tirunelveli (C) Palayamkottai Ward No. 6 Shanthi Nagar 22Nd Street , 2.Tirunelveli (C) Palayamkottai Ward No. 6 Shanthi Nagar 23Rd Street , 3.Tirunelveli (C) Palayamkottai Ward No. 6 Shanthi Nagar 24Th Street , 999.Overseas Electors",General
52,226,52,"T.D.T.A. Primary School, , South Building West Wing, Santhinagar.","1.Tirunelveli (C) Palayamkottai Ward No.6 Shanthi Nagar 28Th Street , 2.Tirunelveli (C) Palayamkottai Ward No. 6 Shanthinagar 29Th Street , 3.Tirunelveli (C) Palayamkottai Ward No.6 Shanthinagar 30Th Street , 999.Overseas Electors",General
53,226,53,"T.D.T.A. Primary School,   North Building East Portion, South Facing, Santhinagar.","1.Tirunelveli (C)Palayamkottai Ward No. 6 Shanthi Nagar 31St Street , 2.Tirunelveli (C) Palayamkottai Ward No. 6 Bell Amorses Colony, , 3.Tirunelveli
(C) Palayamkottai Ward No. 6 Bell Amorses Colony Ii , 999.Overseas Electors4.Tirunelveli (C)Palayamkottai Ward No. 6 Shanthi Nagar 25Th Street , 5.Tirunelveli Palayamkottai Ward No. 6 Shanthi Nagar 26Th Street , 6.Tirunelveli (C) Palayamkottai Ward No. 6 Shanthinagar 27Th Street , 7.Tirunelveli (C) Palayamkottai Ward No. 6 Shanthi Nagar 24Th Cross St. , 999.Overseas Electors
Page 11 of 78",General
54,226,54,"Magdalene Matric Hr.Sec.School, Main Building North facing G1 Room,Rahmath Nagar,","1.Tirunelveli (C) Palayamkottai Ward No.7 Kamaraj Nagar, , 2.Tirunelveli (C) Palayamkottai Ward No.7Janaki Street, , 3.Tirunelveli (C) Palayamkottai Ward No.5 Rahmath Nagar 17Th Street, , 4.Tirunelveli (C) Palayamkottai Ward No.5 Rahmath Nagar 14Th Street, , 999.Overseas Electors",General
55,226,55,"Magdalene Matric Hr.Sec.School, Main Building North facing G3 Room,Rahmath Nagar,","1.Tirunelveli (C) Palayamkottai Ward No. 5 Rahumath Nagar 2Nd St , 2.Tirunelveli (C) Palayamkottai Ward No. 5 Rahumath Nagar 3Rd Street , 3.Tirunelveli (C)  Palayamkottai. Ward No. 5 Rahumath Nagar 4Th Street , 4.Tirunelveli (C) Palayamkottai. Ward No. 5 Rahumath Nagar 5Th St. , 5.Tirunelveli Palayamkottai Ward No.5 Rahumath Nagar 6Th St. , 6.Tirunelveli
(C) Palayamkottai Ward No. 5 Sathaq College Road, , 7.Tirunelveli  (C) Palayamkottai Ward No. 5 Rahmath Nagar 7Th Street, , 8.Tirunelveli (C) Palayamkottai Ward No. 5 Rahmath Nagar 40 Feet Street, , 9.Tirunelveli (C) Palayamkottai Ward No. 5 Rahumath Nagar 18Th Street , 10.Tirunelveli (C) Palayamkottai Ward No. 5 Rahumath Nagar 19Th Street , 11.Tirunelveli (C) Palayamkottai Ward No.5 Rahumath Nagar Extension Porition , 12.Tirunelveli
(C) Palayamkottai 36 Thrahumath Nagar  Ward No.5 ,  999.Overseas Electors",General
56,226,56,"Magdalene Matric Hr.Sec.School, Main Building North facing G5 Room,Rahmath Nagar,","1.Tirunelveli Palayamkottai Ward No. 5 Rahumath Nagar 20Th Street , 2.Tirunelveli (C) Palayamkottai Ward No. 5 Rahumath Nagar 26Th Street , 3.Tirunelveli (C) Palayamkottai Ward No. 5 Rahumathnagar 27Th Street , 4.Tirunelveli (C) Palayamkottai Ward No. 5 Rahumath Nagar 28Th Street , 5.Tirunelveli (C) Palayamkottai Ward No.5 Rahumath Nagar 29Th Street , 6.Tirunelveli (C) Palayamkottai Ward No. 5 Rahumath Nagar 30Th Street , 7.Tirunelveli (C) Palayamkottai Ward No. 5 Rahumath Nagar 31St Street , 8.Tirunelveli (C) Palayamkottai Ward No.5 Rahumath Nagar 32Nd Street , 9.Tirunelveli (C) Palayamkottai Ward No. 5 Rahumath Nagar 33Rd Street , 10.Tirunelveli (C) Palayamkottai Ward No.5 Shanthi Nagar Main Road Rahumath Nagar, , 11.Tirunelveli (C) Palayamkottai Ward No.5 Rahumath Nagar 8Th St. , 12.Tirunelveli (C) Palayamkottam Ward No.5 Rahumath Nagar 9Th St , 13.Tirunelveli (C) Palayamkottai Ward No.5 Rahumathnagar 10Th St. , 999.Overseas Electors",General
57,226,57,"Magdalene Matric Hr.Sec.School, Main Building North facing G6 Room,Rahmath Nagar","1.Tirunelveli (C) Palayamkottai Ward No.5 Rahumath Nagar 11Th St. , 2.Tirunelveli (C) Palayamkottai Rahumathnagar 12Th St. Ward No. 5 , 3.Tirunelveli (C) Palayamkottai Ward No.5 Rahumath Nagar 13Th St. , 4.Tirunelveli (C) Palayamkottai Ward No.5 Rahumath Nagar 15Th St. , 5.Tirunelveli (C) Palayamkottai Ward No.5 Rahumath Nagar 16Th St. , 6.Tirunelveli (C) Palayamkottai Ward No.5 Rahumath Nagar 60 Feet Road, , 999.Overseas Electors",General
58,226,58,"Magdalene Matric Hr.Sec.School, Main Building North facing G8 Room,Rahmath Nagar","1.Tirunelveli (C) Palayamkottai Ward No.5 Rahumath Nagar 80 Feet Road, , 2.Tirunelveli (C) Palayamkottai Ward No.5 Rahumath Nagar 80Feet Road Right Side, , 3.Tirunelveli (C) Palayamkottai Ward No. 5 Rahumath Nagar 80 Feet Road 2Nd Lane, , 4.Tirunelveli (C) Palayamkottai Ward No.5 Rahumath Nagar 80 Feet Road Eastern Side, , 5.Tirunelveli (C) Palayamkottai Ward No.5 Vinayagar Avenue, , 6.Tirunelveli (C) Palayamkottai Ward No.5 Tiruchendur Road, , 7.Tirunelveli (C) Palayamkottai Ward No.5 Shantha Philip Colony 1St Street , 8.Tirunelveli (C) Palayamkottai Ward No.5 Shantha Philip Colony 2Nd St
, 9.Tirunelveli (C) Palayamkottai Ward No.5 Shantha Philip Colony 3Rd St , 10.Tirunelveli (C) Palayamkottai Ward No.5 Rahumath Nagar 60 Feet Right Side, , 11.Tirunelveli (C) Palayamkottai Ward No.5 Rahumath Nagar 60 Feet Road Left Side, , 12.Tirunelveli (C) Palayamkottai Ward No.5 Rahumath Nagar 21St Street , 13.Tirunelveli (C) Palayamkottai Ward No.5 Rahumath Nagar 37Th Steet , 14.Tirunelveli (C) Palayamkottai Ward No.5 Rahumath Nagar 38Th St. , 15.Tirunelveli (C) Palayamkottai Ward No.5 Rahumath Nagar 39Th St. , 999.Overseas Electors",General
59,226,59,"Panchayat Union Middle School ,New Building, Western Block, Northern Portion, Piranthankulam.","1.Tirunelveli (C) Palayamkottai Ward No.7 Kamarajar Street,. , 2.Tirunelveli (C) Palayamkottai Ward No.7 Piranthankulam North Portion, 3.Tirunelveli (C) Palayamkottai Ward No.7 V.O.C. Street. , 999.Overseas Electors",General
60,226,60,"Panchayat Union Middle School ,South Building, Western Portion Piranthankulam.","1.Tirunelveli (C) Palayamkottai Ward No.7 Kennady Street, , 2.Tirunelveli (C) Palayamkottai Ward No.7 Mariamman Koil Street, , 3.Tirunelveli (C) Palayamkottai Ward No.7 Josiyar Street, , 4.Tirunelveli (C) Palayamkottai Ward No.7 Kasthuribai Street, , 5.Tirunelveli (C) Palayamkottai Ward No.7 Sanjai Gandhi Street, , 6.Tirunelveli (C) Palayamkottai Ward No.7 Karai Street, , 7.Tirunelveli (C) Palayamkottai Ward No.7 Sweeper Colony Street, , 999.Overseas Electors",General
61,226,61,"Panchayat Union Middle School , New Building Western Block, South Portion, 1st Room Piranthankulam, Manakavalampillai Nagar.","1.Tirunelveli (C) Palayamkottai Ward No.7 Bharathiyar Street, , 2.Tirunelveli (C) Palayamkottai Ward No 7 Manakavalampillai Nagar, Gandhi North Street, , 3.Tirunelveli (C) Palayamkottai Ward No 7 Manakavalampillai Gandhi  Street, 4.Tirunelveli (C) Palayamkottai Ward No 7 Ulagamman Koil Street, , 999.Overseas Electors",General
62,226,62,"Panchayat Union Middle School , New Building Western Block, South Portion, IInd Room Piranthankulam, Manakavalampillai Nagar.","1.Tirunelveli (C) Palayamkottai Ward No.7 Esakki Amman Koil Street, , 2.Tirunelveli (C) Palayamkottai Ward No.7 Santhanamariamman Koil St , 3.Tirunelveli (C) Palayamkottai Ward No.7 Indira Gandhi Street, , 4.Tirunelveli
(C) Palayamkottai Ward No.7 Nehru Main Street, , 5.Tirunelveli (C) Palayamkottai Ward No.7 Veda Koil Street, , 6.Tirunelveli (C) Palayamkottai Ward No.7 Asath Street , 999.Overseas Electors",General
63,226,63,"Young Men Christrian Association Boys Hostel ,Main Building, West Portion, Palayamkottai","1.Tirunelveli (C) Palayamkottai Anna Street, Anna East Street, Ward No 6 , 999.Overseas Electors",General
64,226,64,"Young Men Christrian Association Boys Hostel, Main Building, North Portion,Palayamkottai","1.Tirunelveli (C) Palayamkottai Ambethkar Colony-I (Door no.1-67)Ward No 16
, 999.Overseas Electors",General
65,226,65,"Young Men Christrian Association Boys Hostel, Main Building, East Portion, Palayamkottai","1.Tirunelveli (C) Palayamkottai Ambethkar Colony-II(Door no.68-661) Ward No 6 , 999.Overseas Electors",General
66,226,66,"Corporation Vadakkupadai Primary School, Main Hall, Eyarpagainayanar Street, Palayamkottai.","1.Tirunelveli (C) Palayamkottai Moorthy Nayanar Street, Ward No 10 , 2.Tirunelveli (C) Palayamkottai Ilayankudinayanar Street, Ward No 10 , 3.Tirunelveli (C) Palayamkottai Murugan Nayanar Street, Ward No 10 , 999.Overseas Electors",General
67,226,67,"Corporation Vadkkupadai Primary School , New Building, Northern Portion Eyarpagainayanar Street, Palayamkottai","1.Tirunelveli (C) Palayamkottai Enathi Nayanar Street, Ward 10 , 2.Tirunelveli
(C) Palayamkottai Ulgamman Koil Street, Ward No. 10 , 3.Tirunelveli (C) Palayamkottai Kaligama Nayanar Street, Ward 10 , 4.Tirunelveli (C) Palayamkottai Thirugnana Sampantha Nayanar Street, Ward 4 , 5.Tirunelveli (C) Palayamkottai Thiruneelakanda Nayanar Street, Ward 10 , 6.Tirunelveli (C) Palayamkottai Athipaktha Nayanar Street, Ward 10 , 7.Tirunelveli (C) Palayamkottai Amarneethi Nayanar Street, Ward 10 , 8.Tirunelveli (C) Palayamkottai Kotpuli Nayanar Street, Ward 10 , 9.Tirunelveli (C) Palayamkottai Kootruva Nayanar Street. Ward No 10 ,
999.Overseas Electors",General
68,226,68,"Corporation Vadkkupadai Primary School
,New Building, Southern Portion Eyarpagainayanar Street, Palayamkottai","1.Tirunelveli (C) Palayamkottai Pugal Chola Nayanar Street, Ward 10 , 2.Tirunelveli (C) Palayamkottai Kungaliya Nayanar Street, Ward 10 , 3.Tirunelveli (C) Palayamkottai Maikanda Nayanar Street, Ward 10 , 4.Tirunelveli (C) Palayamkottai Siruthunai Nayanar Street, Ward 10 , 5.Tirunelveli (C) Palayamkottai Nabigal Nayagam Street, Ward 10 , 6.Tirunelveli
(C) Palayamkottai Visalatchi Amman Koil Street, Ward 10 , 7.Tirunelveli (C) Palayamkottai Pugal Thunai Nayanar Street, Ward No 10 , 999.Overseas Electors",General
69,226,69,"C.M.S. Mary Arden Middle School, ,Arden Hall ,Northern Side,Palayamkottai","1.Tirunelveli (C) Palayamkottai Nedumaran Nayanar Street, Ward No 10 , 2.Tirunelveli (C) Palayamkottai Cheraman Peruman Nayanar Street, Ward No 4
, 3.Tirunelveli (C) Palayamkottai Kottur Road Ward 10, , 4.Tirunelveli (C) Palayamkottai Siruthondar Nayanar Street, Ward No 10 , 5.Tirunelveli (C) Palayamkottai Kottur Road Ward No.4 , 6.Tirunelveli (C) Palayamkottai Sakthi Nayanar Street Ward No 9 , 999.Overseas Electors",General
70,226,70,"C.M.S, Mary Arden School, Arden Hall, South Portion, Palayamkottai","1.Tirunelveli (C) Palayamkottai Uruthira Pasupathi Nayanar Street, Ward No 4 2.Tirunelveli (C) Palayamkottai Narasingamunaiyaduvar Nayanar Street, Ward No 10 , 3.Tirunelveli (C) Palayamkottai Thirunavukarasu Nayanar Street, Ward No 10 , 999.Overseas Electors",General
71,226,71,"C.M.S, Mary Arden Milddle School, Western Portion Palayamkotai","1.Tirunelveli (C) Palayamkottai Parvathi Amman Koil Street, Ward No. 10 , 2.Tirunelveli (C) Palayamkottai Thirugnana Sampantha Nayanar Street, Ward No 10 , 999.Overseas Electors",General
72,226,72,"Corporation Vadakkupadai Integrated Children Development Scheme Balar School
,Western Portion, Eyarpagainayanar Street, Palayamkottai","1.Tirunelveli (C) Palayamkottai Mupudathiamman West Street, Ward 9 , 2.Tirunelveli (C) Palayamkottai Selva Vinayagar Koil Street, Ward 9 , 999.Overseas Electors",General
73,226,73,"Corporation Vadakkupadai Integrated Children Development Scheme Balar School, North Building East Portion, Eyarpagainayanar Street, Palayamkottai","1.Tirunelveli (C) Palayamkottai Thirumoola Nayanar Street, Ward 9 , 2.Tirunelveli (C) Palayamkottai Poosalar Nayanar Street, Ward 9 , 3.Tirunelveli
(C) Palayamkottai Ayyadigal Kadavarkon Koil Street, Ward 9 , 4.Tirunelveli (C) Palayamkottai Sudalai Koil Street, Ward 9 , 5.Tirunelveli (C) Palayamkottai Meiporul Nayanar Street, Ward 9 , 999.Overseas Electors",General
74,226,74,"Corporation Vaddakkupadai Intergrated Children Development Scheme Balar School, Easten Portion, Eyarpagainayanar Street, Palayamkottai","1.Tirunelveli (C) Palayamkottai Kanaganatha Nayanar Street, Ward 9 , 2.Tirunelveli (C) Palayamkottai Kanagam Pulla Nayanar Street, Ward 9 , 3.Tirunelveli (C) Palayamkottai Pathala Madan Koil Street, Ward No.9 , 4.Tirunelveli (C) Palayamkottai Kottur Road, Ward 9 , 5.Tirunelveli (C) Palayamkottai Sithi Vinayagar Kovil Street, Ward No. 9 , 6.Tirunelveli (C) Palayamkottai Sakkiya Nayanar Street, Ward No.9 , 999.Overseas Electors",General
75,226,75,"C.M.S. Mary Arden Middle School ,Middle Room Western Side, Eyarpagainayanar Street Palayamkottai.","1.Tirunelveli (C) Palayamkottai Munaiaduvar Nayanar Street, Ward No.9 , 2.Tirunelveli (C) Palayamkottai Iyarpagainayanar Street, Ward No.9 , 3.Tirunelveli (C) Palayamkottai Kaliya Nayanar Street, Ward No.9 , 4.Tirunelveli
(C) Palayamkottai Pallivasal Street, Ward No.9 ,  5.Tirunelveli (C) Palayamkottai Kalikamba Nayanar Street Ward No.9 , 999.Overseas Electors",General
76,226,76,"C.M.S Mary Arden Middle School, Selvin Hall, Eyarpagainayanar Street Palayamkottai","1.Tirunelveli (C) Palayamkottai Thiruchendur Road, Ward No 9 , 2.Tirunelveli
(C) Palayamkottai Bharathi Nagar, Police Colony, Ward No.9 , 3.Tirunelveli (C) Palayamkottai Arivatta Nayanar Street, Ward No.9 , 4.Tirunelveli (C) Palayamkottai Sandesuvara Nayanar Street, Ward No 9 , 5.Tirunelveli (C) Palayamkottai Vayilla Nayanar Street, Ward No. 9 ,6.Tirunelveli (C) Palayamkottai Lodikan Street, Ward No.9 , 7.Tirunelveli (C) Palayamkottai Sadaiyanayanar Street, Ward No. 9 , 999.Overseas Electors",General
77,226,77,"St.Joesph Matriculation School, Eastern Building Northern Wing, Senthilnagar (Ward 11) Palayamkottai","1.Tirunelveli (C) Palayamkottai Mupudathiamman Koil East Street, Ward No 9 , 2.Tirunelveli (C) Palayamkottai. Chokalinga Swami Koil Street-I, Ward No 9 , 3.Tirunelveli (C) Palayamkottai Chokalinga Swami Koil Street-II, Ward No 9 , 999.Overseas Electors",General
78,226,78,"St. Joesph Matriculation School, Eastern Building Middle Portion Senthilnagar (Ward 11) Palayamkottai","1.Tirunelveli (C) Palayamkottai Senthil Nagar, Ward No 8 , 2.Tirunelveli (C) Palayamkottai Ani Nagar, Ward No 8 , 999.Overseas Electors",General
79,226,79,"St.Joesph Matriculation School ,Southern Portion Eastren Building ,Senthil Nagar(Ward 11)Palayamkottai","1.Tirunelveli (C)  Palayamkottai Senthil Nagar, Ward No 8 , 2.Tirunelveli (C) Palayamkottai Manakanja Nayanar Street, Ward No 9 , 3.Tirunelveli (C) Palayamkottai. Abinaya Nagar, Ward No 8, 999.Overseas Electors",General
80,226,80,"TDTA Primary School, Western Building Christhu Koil Street. Samathanapuram","1.Tirunelveli (C) Palayamkottai Munaiyaduvar Nayanar Street, Ward No 9 , 2.Tirunelveli (C) Palayamkottai Seevalaperi Road, Ward No 8, 3.Tirunelveli (C) Palayamkottai Parathavar Street, Ward No 8, 4.Tirunelveli (C) Palayamkottai Gnana Ananthar Street, Ward No. 8 , 999.Overseas Electors
Page 18 of 78",General
81,226,81,"TDTA Primary School, ,Eastren Block, Backside room, Christhu Koil Street. Samathanapuram","1.Tirunelveli (C) Palayamkottai Aputhiran Street, Ward No 8 , 2.Tirunelveli (C) Palayamkottai. Sakthi Nagar, Ward No 8 , 3.Tirunelveli (C) Palayamkottai Pothu Nala Street, Ward No 8 , 4.Tirunelveli (C) Palayamkottai Nalvali Street, Ward No 8 , 5.Tirunelveli (C) Palayamkottai Kapilar Street, Ward No 8 , 6.Tirunelveli (C) Palayamkottai Kaliamman Koil Street, Ward No. 8 , 7.Tirunelveli (C) Palayamkottai Kananathanayanar Street Ward No 8, 999.Overseas Electors",General
82,226,82,"TDTA Primary School ,Additional Building Christhu Koil Street Samathanapuram","1.Tirunelveli (C) Palayamkottai Parichutha Aavi Street, Ward No 8 2.Tirunelveli
(C) Palayamkottai Thiruchendur Road, Ward No. 8 , 3.Tirunelveli (C) Palayamkottai Thalavai Amman Koil Street, Ward No 8 , 4.Tirunelveli (C) Palayamkottai Anthoniar Koil Street, Ward No 8 , 5.Tirunelveli (C) Palayamkottai Sevadi Street, Ward No 8 , 6.Tirunelveli (C) Palayamkottai Veeramamunivar Street, Ward No. 8 , 999.Overseas Electors",General
83,226,83,"Corporation Middle School, ,R.C Terraced Portion in the back Side Southern Portion, Perumal Sannathi Street,Palayamkottai","1.Tirunelveli (C) Palayamkottai Perumal Sannathi Street, W.No 33 , 2.Tirunelveli
(C) Palayamkottai Krishnan Koil Middle Street, W.No 33 , 3.Tirunelveli (C) Palayamkottai Krishnan Koil South Street 2Nd Lane, W.No 33 , 4.Tirunelveli (C) Palayamkottai Krishnan Koil South Street Ist Lane, W.No 33 , 5.Tirunelveli (C) Palayamkottai Kaaykarikadai Street, W.No 33 , 6.Tirunelveli (C) Palayamkottai Paktharai Panivar Street, W.No 33 , 999.Overseas Electors",General
84,226,84,"Corporation Middle School, , R.C Shed, Northern Side, Perumal Sannathi Street, Palayamkottai","1.Tirunelveli (C) Palayamkottai Muniyankoil Street, W.No 33 , 2.Tirunelveli (C) Palayamkottai Perumal East Car Street, W.No 33 , 3.Tirunelveli (C) Palayamkottai Krishnan Koil West Street, W.No. 33 , 999.Overseas Electors",General
85,226,85,"Corporation Middle School, Integrated Childrens Nutrition CentreNo 77, Perumal Sannathi Street, Palayamkottai","1.Tirunelveli (C) Palayamkottai Pandu Rengan Street, W.No. 33 , 2.Tirunelveli
(C) Palayamkottai Paramanai Paduvar Street. W.No 33 , 3.Tirunelveli (P) Palayamkottai Sivan West Car Street, W.No 33 , 4.Tirunelveli (C) Palayamkottai Senpagavanastreet, W.No 33 , 999.Overseas Electors
Page 19 of 78",General
86,226,86,"St Antonys Primary School, Main Building North Palayamkottai","1.Tirunelveli (C) Palayamkottai Paul Street, W.No 34 , 2.Tirunelveli (C) Palayamkottai Viswa Bramanar Street, W.No. 34 , 3.Tirunelveli (C) Palayamkottai Ambikapathi Street, W.No 34 , 4.Tirunelveli (C) Palayamkottai Thillaikootha Nayanar Street, W.No 34 , 5.Tirunelveli (C) Palayamkottai Chithirai Velaikara Street, W.No  34 , 6.Tirunelveli (C) Palayamkottai Sivaloganathar Street, W.No 34 , 7.Tirunelveli (C) Palayamkottai Emperumal Street, W.No. 34 , 8.Tirunelveli (C) Palayamkottai Jothi Street, W.No 34 , 9.Tirunelveli (C) Palayamkottai Perarul Street, W.No 34 , 10.Tirunelveli (C) Palayamkottai Devakirupai Street, W.No 34 , 999.Overseas Electors",General
87,226,87,"St Antonys Primary School ,Main Building, Main Hall, South Side, Palayamkottai","1.Tirunelveli (C) Palayamkottai Islamiar Street, W.No 34 , 2.Tirunelveli (C) Palayamkottai Mukthi Street, W.No 34 , 3.Tirunelveli (C) Palayamkottai East Uchimahali Amman Koil Street, W.No 34 , 4.Tirunelveli (C) Palayamkottai Kadikara Street, W.No 34 , 5.Tirunelveli (C) Palayamkottai Manakavalam Pillai Hospital Street, W.No 34 , 6.Tirunelveli (C) Palayamkottai Pitchuvana Street, W.No 34 , 7.Tirunelveli (C) Palayamkottai Esan Street, W.No 34 , 999.Overseas Electors",General
88,226,88,"Corporation Middle School ,(Front Hall) Western Wing, Perumal Sannathi Street, Palayamkottai","1.Tirunelveli (C) Palayamkottai Krishnan Koil South Street, W.No 33 , 2.Tirunelveli (C) Palayamkottai Krishnan Koil East Street, W.No 33 , 3.Tirunelveli (C) Palayamkottai Krishnan Koil North Street, W.No 33 , 4.Tirunelveli (C) Palayamkottai Manakavalam Pillai Hospital Street, W.No 33 , 5.Tirunelveli (C) Palayamkottai Market Street, W.No 33 , 6.Tirunelveli (C) Palayamkottai Kovalan Street, W.No 33 , 7.Tirunelveli (C) Palayamkottai Emperumal Street W.No. 33 , 999.Overseas Electors",General
89,226,89,"Corporation Middle School, ,(Front Hall) Eastern Wing, Perumal Sannathi Street,Palayamkottai","1.Tirunelveli (C) Palayamkottai W.No 34 Second Rajakkal Street, , 2.Tirunelveli
(C) Palayamkottai W.No. 34, 6Th Street(Pandia Vellalar Street), , 3.Tirunelveli
(C) Palayamkottai W.No 34 Sivan North Car Street, , 999.Overseas Electors",General
90,226,90,"Corporation Middle School   ,Perumal Sannathi Street (Front Hall) Middle Portion,, Palayamkottai","1.Tirunelveli (C) Palayamkottai Muthusamy Lane, W.No 33 , 2.Tirunelveli (C) Palayamkottai Sudalaikoil Lane, W.No 33 , 3.Tirunelveli (C) Palayamkottai North Uchimahaliamman Koil Street, W.No 33 ,  4.Tirunelveli (C) Palayamkottai W.No 34 Nellai Nayanar Street, , 5.Tirunelveli (C) Palayamkottai W.No 34Kannaki Street , 999.Overseas Electors",General
91,226,91,"Usborne Memorial Middle School ,New Building Southern Side, Langarkhana Street Palayamkottai","1.Tirunelveli (C) Palayamkottai Perumal South Mada Veedhi, W.No 35 , 2.Tirunelveli (C)  Palayamkottai Perumal South Car Street, W.No. 35 , 3.Tirunelveli (C) Palayamkottai Thayumanavar Lane, W.No.35 , 4.Tirunelveli (C) Palayamkottai Sadagopan Lane, W.No. 35 , 5.Tirunelveli (C) Palayamkottai Perumal West Mada Veedhi, W.No. 33 , 6.Tirunelveli (C) Palayamkottai Perumal North Mada Street, W.No. 33 , 999.Overseas Electors",General
92,226,92,"Usborne Memorial Middle School , (Main Building) Lankarkana Street, Palayamkottai","1.Tirunelveli (C) Palayamkottai Perumal West Car Street, W.No 33 , 2.Tirunelveli
(C) Palayamkottai Perumal North Car Street, W.No 33 , 3.Tirunelveli (C) Palayamkottai Nallathambi Street, W.No 33 ,  999.Overseas Electors",General
93,226,93,"Usborne Memorial Middle School ,New Building Northern Side, Langarkhana Street Palayamkottai","1.Tirunelveli (C) Palayamkottai Thirupugal Street, W.No 33 , 2.Tirunelveli (C) Palayamkottai Thirumandira Street, W.No 33 , 3.Tirunelveli (C) Palayamkottai Thiruarutpayan Street, W.No 33 , 4.Tirunelveli (C) Palayamkottai Perasiriyar Street, W.No 33 , 5.Tirunelveli (C) Palayamkottai Langarkana Street, W.No 33 , 6.Tirunelveli (C) Palayamkottai. Pirasanna Vinayagar Koil Street, W.No 35 , 7.Tirunelveli (C) Palayamkottai Police Station Street, W.No 35 , 8.Tirunelveli (C) Palayamkottai Ramasamy Koil Agragaram, 9.Tirunelveli (C) Palayamkottai Sixth Street (Konar Pettai Lane) , W.No 34 , W.No 35 , 10.Tirunelveli (C) Palayamkottai Karunyan Street, W.No 33 , 11.Tirunelveli (C) Palayamkottai Theiva Street,  W.No 9 ,999.Overseas Electors",General
94,226,94,"Sarah Tucker Branch Elementray School , (Northern Building) Chinnakoil Street., Adaikalapuram","1.Tirunelveli (C) Palayamkottai Thiruvananthapuram Road, W.No 32 , 2.Tirunelveli (C) Palayamkottai Anbu Street, W.No 32 , 3.Tirunelveli (C) Palayamkottai Raniel Street, W.No 32 , 4.Tirunelveli (C) Palayamkottai Chinna Koil Street, W.No 32 , 5.Tirunelveli (C) Palayamkottai Luther Street, W.No 32 , 6.Tirunelveli (C) Palayamkottai Ratchakar Street, W.No 32 , 7.Tirunelveli (C) Palayamkottai Thayaparan Street, W.No 9 , 8.Tirunelveli (C) Palayamkottai Thayaparan Street, W.No 9, 999.Overseas Electors",General
95,226,95,"Sarah Tucker Branch Elementary School , , Southern Building Chinnakoil Street Adaikalapuram","1.Tirunelveli (C) Palayamkottai Pudupettai Street, W.No 32, 2.Tirunelveli (C) Palayamkottai Pudupettai North Street, W.No 32 , 3.Tirunelveli (C) Palayamkottai Suvisesha Street, W.No 32 , 4.Tirunelveli (C) Palayamkottai Subramaniya Puram Theppakula Street, W.No 32, 5.Tirunelveli (C) Palayamkottai Nathan Street, W.No 32 , 6.Tirunelveli (C) Palayamkottai Asirvatham Street, W.No. 33 , 999.Overseas Electors",General
96,226,96,"Cathedral Higher Secondary School, ,New Block, Bishop Jebaraj Block, Murugankurichi","1.Tirunelveli (C) Murugankurichi. Vengu Street, Ward 10 , 2.Tirunelveli (C) Murugankurichi Thiruvananthapuram Road, Ward 10 , 3.Tirunelveli (C) Murugankurichi Guru Street, Ward 10 , 4.Tirunelveli (C) Murugankurichi Karunai Vallal Street, Ward 10 , 5.Tirunelveli (C) Murugankurichi Kadavul Street, Ward 10 , 6.Tirunelveli (C) Murugankurichi Paraparan Street, Ward 10 , 7.Tirunelveli (C) Murugankurichi Appavu Chitra Achiriyar Street, Ward 10 , 8.Tirunelveli (C) Murugankurichi Deva Piran Street, Ward 10 , 9.Tirunelveli (C) Murugankurichi Bye Pass Road, Ward 10 , 10.Tirunelveli (C) Murugankurichi Paranar Street, Ward 10 , 11.Tirunelveli (C) Murugankurichi Iraivan Street, Ward 10 , 12.Tirunelveli (C) Murugankurichi Maraiyavar Street, Ward 10 , 13.Tirunelveli (C) Murugankurichi Kalarsingha Nayanar Street, Ward 10 , 14.Tirunelveli Murugankurichi. Somachi Nayanar Street, Ward 10 , 15.Tirunelveli (C) Murugankurichi Kulachirainayanar Street, Ward 10 , 16.Tirunelveli ( C )Murugankurichi Viral Meenda Nayanar Street. Ward 10 , 999.Overseas Electors",General
97,226,97,"Manoranjitham Middle School, Northern Block Eastern Side Ilangovadigal Street, Kokkirakulam","1.Tirunelveli (C) Kokkirakulam Guru Munivar Street, Ward No. 10 , 2.Tirunelveli (C) Kokirakulam Ilangovadigal Street, Ward No 10 , 3.Tirunelveli
(C) Kokkirakulam Ilampuvana Street, Ward No 10 , 4.Tirunelveli (C) Kokkirakulam Vasanth Nagar(Jeyalalitha Nagar) Ward 10 999.Overseas Electors",General
98,226,98,"Manoranjitham Middle School, Western Block Western Side Ilangovadigal Street, Kokkirakulam","1.Tirunelveli (C) Kokirakulam Nachinikiniyar Street, Ward No 10 , 2.Tirunelveli
(C) Kokkirakulam Kavi Kamber Street, Ward No 10 , 3.Tirunelveli (C) Kokirakulam Katcheri Compound Street, Ward No 10 , 4.Tirunelveli (C) Kokirakulam Thirumangai Mannan Street, Ward No 10 , 5.Tirunelveli (C) Kokkirakulam Thiruvalluvar Street, Ward No. 10 , 6.Tirunelveli (C) Kokkirakulam Adiyarkku Nallar Street, Ward No 10 , 7.Tirunelveli (C) Kokkirakulam Perasiriyar Street, Ward No 10, 8.Tirunelveli (C) Kokirakulam Salai Street Ward No 10 , 999.Overseas Electors
Page 23 of 78",General
99,226,99,"Corporation Primary School, East Portion, Kurundudaiyarpuram.","1.Tirunelveli (C) Kokkirakulam Mariamman Koil Street, Ward 31 , 2.Tirunelveli
(C) Kokkirakulam Kurundudaiyarpuram Sivan West Street, Ward 31 , 3.Tirunelveli (C) Kokkirakulam Mutharamman Koil Street, Ward 10 , 4.Tirunelveli (C) Kokkirakulam Tholkapier Street, Ward 31 , 999.Overseas Electors",General
100,226,100,"Stella Marys School, (National Creche Ministry of Women & Child Development), Kokkirakulam","1.Tirunelveli (C) Kokkirakulam Selva Vinayagar Koil Street, Ward No 31 , 2.Tirunelveli (C) Kokkirakulam Kannappa Nayanar Street, Ward 31, 3.Tirunelveli (C) Kokkirakulam Sivan West Street, Ward 31 , 4.Tirunelveli (C) Kokkirakulam Sivan North Street, Ward 31 , 5.Tirunelveli (C) Kokkirakulam Nethaji Road, Ward 31 , , 999.Overseas Electors",General
101,226,101,"Corporation Primary School, West Portion, Kurundudaiyarpuram.","1.Tirunelveli (C) Kokkirakulam Parimelalakar Street, Ward No 10 , 2.Tirunelveli
(C) Kokkirakulam Bharathiyar Street, Ward No 31 , 3.Tirunelveli (C) Kokkirakulam Pavala Street, Ward No. 31 , 4.Tirunelveli (C) Kokkirakulam Thirunalaikupovar Street, Ward No 31 , 5.Tirunelveli (C) Kokkirakulam Thirupanalvar Street, Ward No 31 , 6.Tirunelveli (C) Kokirakulam Manakudavar Street, Ward No 31 , 7.Tirunelveli (C) Kokkirakulam Sivan South Street, Ward No 31 , 8.Tirunelveli (C) Kokkirakulam Sivan East Street. Ward No 31 , 999.Overseas Electors",General
102,226,102,"Manivasagar Arulneri Middle School , South Room, Western Side, Pudupettai Middle Street Palayamkottai","1.Tirunelveli (C) Palayamkottai Daniel Thomas Street, W.No 32 , 2.Tirunelveli
(C) Palayamkottai Pudupettai South Street, W.No 32 , 3.Tirunelveli (C) Palayamkottai Puthupettai Middle St. W.No.32 , 999.Overseas Electors",General
103,226,103,"Manivasagar Arulneri Middle School, Southern Building. Eastern Side, South Room Puthu Pettai Middle Street, Palayamkottai","1.Tirunelveli (C) Palayamkottai Nandanar Street, W.No. 32 , 2.Tirunelveli (C) Palayamkottai Kariyanayanar Street, W.No 32 , 3.Tirunelveli (C) Palayamkottai Jothipuram South Street, W.No 32 , 4.Tirunelveli (C) Palayamkottai Jothipuram North Street, W.No 32 ,999.Overseas Electors",General
104,226,104,"Manivasagar Arulneri Middle School, North Building, East Portion, Puthu Pettai Middle Street, Palayamkottai","1.Tirunelveli (C) Palayamkottai Nesanayanar Street, W.No 32 , 2.Tirunelveli (C) Palayamkottai Eripathanayanar Street, W.No 32,3.Tirunelveli (C) Palayamkottai Mgr Colony, W.No 32 , 4.Tirunelveli (C) Palayamkottai Lakshmi Narasingapuram Teacher Quarters, W.No 32 , 5.Tirunelveli (C) Palayamkottai Lakshmi Narasingapuram Extension W.No 32 ,6.Tirunelveli (C) Palayamkottai Pudupettai West Street, W.No 32, 7.Tirunelveli (C) Palayamkottai Lakshmi Narasingapuram Street, W.No 32 999.Overseas Electors",General
105,226,105,"Layola Convent Primary School , Western block 4th Room, From west Side to East Palayamkottai","1.Tirunelveli (C) Palayamkottai Guruparamparai Street, W.No ,35. 2.Tirunelveli
(C) Palayamkottai Kulasekara Alwar St. 35 , 3.Tirunelveli (C) Palayamkottai Yadavar West Street, W.No 35 , 4.Tirunelveli (C) Palayamkottai Sundaramoorthy Nayanar Street, W.No 35 , 5.Tirunelveli (C) Palayamkottai Periyalwar Street, W.No 35 , 5.Tirunelveli (C) Palayamkottai Uchimahali Sannathi Street, W.No 35
,999.Overseas Electors",General
106,226,106,"Layola Convent Primary School , ,Western Wing 3rd Room, Palayamkottai","1.Tirunelveli (C) Palayamkottai Punithavathiyar Street, W.No 35 , 2.Tirunelveli (C Palayamkottai Mutharamman Koil Street, W.No 35 , 3.Tirunelveli Palayamkottai Andal Street, W.No 35 , 4.Tirunelveli (C) Palayamkottai Thiruvananthapuram Road, W.No 32 , 5.Tirunelveli (C) Palayamkottai Sarvagnana Street, W.No 35 999.Overseas Electors",General
107,226,107,"Layola Convent Primary School ,South Building Middle Portion, Palayamkottai","1.Tirunelveli (C) Palayamkottai Post Office Street W.No 35 , 2.Tirunelveli (C) Palayamkottai Jamiya Pallivasal Street, W.No 35 , 3.Tirunelveli (C) Palayamkottai Ramasamy Sannathi Street, W.No 35, 4.Tirunelveli (C) Palayamkottai Uchimahali Sannathi Street, W.No 35 , 5.Tirunelveli (C) Palayamkottai Pattinathar Lane, W.No. 35 , 6.Tirunelveli (C) Palayamkottai Vaikundanatan Street, W.No. 35 , 7.Tirunelveli (C) Palayamkottai Thiruvempavai Street, W.No 35 ,8.Tirunelveli (C) Palayamkottai Thirupanalwar Street W.No 35,999.Overseas Electors",General
108,226,108,"Child Jesus Higher Secondary School South Block Building, Central Hall 6th C class Room, St. Mark Street, Palayamkottai","1.Tirunelveli (C) Palayamkottai Pattu Pillayar Koil Street, W.No 34 , 2.Tirunelveli (C) Palayamkottai Dharmar Lane, W.No. 34 , 3.Tirunelveli (C) Palayamkottai Mahavishnu Street, W.No 34 , 4.Tirunelveli (C) Palayamkottai Manimantra Street, W.No. 34 , 5.Tirunelveli (C) Palayamkottai Sivan South Mada Street, W.No 34 , 6.Tirunelveli (C) Palayamakottai Sivan East Car Street, W.No 34 999.Overseas Electors",General
109,226,109,"Child Jesus Higher Secondary School ,West Block New Building Southern Ground Floor 11th E Class Room, St. Mark Salai Palayamkottai","1.Tirunelvelveli (C) Palayamkottai Thiruvadi Street, W.No 34 , 2.Tirunelveli (C) Palayamkotai Kumarakuruparan Koil Street, W.No 34 , 3.Tirunelveli (C) Palayamkottai Sowrashtra Ramasamy Koil Street, W.No 34, 4.Tirunelveli (C) Palayamkottai Sivan Koil West Mada Veedhi, W.No 34 , 5.Tirunelveli (C) Palayamkottai Sivan North Mada Veedhi. W.No 34 , 6.Tirunelveli (C) Palayamkottai Murugaperumal Street, W.No 34 , 7.Tirunelveli (C) Palayamkottai Uchimahaliamman Koil Street, W.No 34 , 999.Overseas Electors",General
110,226,110,"Child Jesus Higher Secondary School, Southern Block Western Side 6th B Class Room, Old Church Street, Palayamkottai","1.Tirunelveli (C) Palayamkottai Divya Prabantha Street W.No. 35 , 2.Tirunelveli
(C) Palayamkottai Mukuntha Malai Street W.No. 35 , 3.Tirunelveli (C) Palayamkottai Coorathalwar Street W.No. 35 , 4.Tirunelveli (C) Palayamkottai Thirumozhisai Alwar Street W.No.35 , 5.Tirunelveli (C) Palayamkottai Masthan Padal Street W.No.35 , 6.Tirunelveli (C) Palayamkottai Sivan South Car Street W.No. 35 , 7.Tirunelveli (C)Palayamkottai Ellamman Koil Street W.No. 35 , 8.Tirunelveli (C) Palayamkottai English Church Road W.No. 35 , 9.Tirunelveli
(C) Palayamkottai Thiruvaimoli Street Ward No 35 , 999.Overseas Electors",General
111,226,111,"Child Jesus Higher Secondary School , 11th D Class Room,Western Block Old Chruch Strreet, Palayamkottai","1.Tirunelveli (C) Palayamkottai Alavanthan Street, W.No 35 , 2.Tirunelveli (C) Palayamkottai Yadavar East Street, W.No 35 , 3.Tirunelveli (C) Palayamkottai Old Koil Street, W.No 35 , 4.Tirunelveli (C) Palayamkottai Thiruvai Mozhi Street W.No. 35 , 5.Tirunelveli ( C) Palayamkottai Arunagirinathar Street, W.No 35 , 6.Tirunelveli (C) Palayamkottai Agasthiyar Street, W.No 35 , 7.Tirunelveli (C) Palayamkottai Post Office Street, W.No 35 , 8.Tirunelveli (C) Palayamkottai Therayar Lane, W.No 35 , 9.Tirunelveli (C) Palayamkottai Pathrasiviyar Street,W.No 35 , 999.Overseas Electors",General
112,226,112,"Corporation Middle School, Manakavalam Pillai Hospital Road, SouthSide, Near Sanitary Inspector’s Office, Samathanapuram","1.Tirunelveli (C) Palayamkottai Sathya Street, W.No 8 , 2.Tirunelveli (C) Palayamkottai Kulam Purampokku 1St Street, W.No 8 , 3.Tirunelveli (C) Palayamkottai Kulam Purampokku 2Nd Street, W.No 8 ,999.Overseas Electors",General
113,226,113,"Corporation Middle School, Manakavalam Pillai Hospital Road, Western Side, Near Sanitary Inspector’s Office, Samathanapuram","1.Tirunelveli (C) Palayamkottai Shanthi Nagar 1St. Street, Ward No 7 , 2.Tirunelveli (C) Palayamkottai Shanthi Nagar 2 Nd Street Ward No 7, , 3.Tirunelveli (C) Palayamkottai Shanthi Nagar 3Rd Street, Ward No. 7 , 4.Tirunelveli (C) Palayamkottai Shanthi Nagar 4Th Street, Ward No. 7 , 5.Tirunelveli (C) Palayamkottai Shanthi Nagar 11Th St, Ward No 7 , 6.Tirunelveli (C) Palayamkottai Shanthi Nagar 10Th St ,Ward No 7, 7.Tirunelveli
(C) Palayamkottai Shanthi Nagar 9Th St Ward No 7. , 8.Tirunelveli (C) Palayamkottai Shanthi Nagar Veda Koil Street, Ward No 7 , 9.Tirunevleli (C) Palayamkottai Shanthinagar 2Nd Main Road, Ward No.7 , 10.Tirunelveli (C) Palayamkottai Shanthi Nagar 12Th Street. Ward No 7 , 999.Overseas Electors",General
114,226,114,"Corporation Middle School, Manakavalam Pillai Hospital Road, South Side Eastern Part, Near Sanitary Inspector’s Office, Samathanapuram","1.Tirunelveli (C) Palayamkottai Shanmugampillai Street, Ward No.7 , 2.Tirunelveli (C) Palayamkottai Thirumalai Street, Ward No 7 ,      999.Overseas Electors",General
115,226,115,"Corporation Middle School, Manakavalam Pillai Hospital Road, North Building East Portion, Near Sanitary Inspector’s Office, Samathanapuram","1.Tirunelveli (C) Palayamkottai Thiruvalluvar Street, Ward No 7 ,2.Tirunelveli
(C) Palayamkottai Maharajapillai Street, Ward No 7 , 3.Tirunelveli (C) Palayamkottai Maharajapillai Cross Street Ward No 7,4.Tirunelveli (C) Palayamkottai Thiruchendur Road, Ward No 7 , 999.Overseas Electors",General
116,226,116,"Corporation Community Hall ,Northern Wing Scavenger’s Colony Palayamkottai","1.Tirunelveli (C) Palayamkottai Poongapul Street, Ward No 8 , 2.Tirunelveli (C) Palayamkottai Avvaiyar Street, Ward No 8 , 3.Tirunevlei (C) Palayamkottai Chelunsudar Street, Ward No 14 , 4.Tiruneveli (C) Palayamkottai Senpagam Nagar, Ward No 8 , 5.Tirunelveli (C) Palayamkottai Christhu Koil Street, Ward No 8 , 6.Tirunelveli (C) Palayamkottai Kariya Nayanar Street, Ward No 34 , 7.Tirunelveli (C) Palayamkottai Millitary Line, Ward No 34, 8.Tirunelveli (C) Palayamkottai Ellam Vallavan Street Ward No 34 , 999.Overseas Electors",General
117,226,117,"Corporation Community Hall ,Southern Wing Scavenger’s Colony Palayamkottai","1.Tiruneveli (C) Palayamkottai Arulmani Street, Ward No 34 , 2.Tiruneveli (C) Palayamkottai Nesanayanar Street, Ward No 34 , 3.Tirunelveli (C) Palayamkottai Kotchenga Chola Nayanar Street, Ward No 34 , 4.Tirunelveli (C) Palayamkottai Sankar Colony, Ward No 7 , 5.Tirunelveli (C)  Palayamkottai Eripatha Nayanar Street, Ward No 34 , 6.Tirunelveli (C) Palayamkottai Mangayarkarasi Street, Ward No 8 , 999.Overseas Electors",General
118,226,118,"St Johns Higher Secondary School,PTA Building Room No 49 Palayamkottai","1.Tirunelveli (C) Palayamkottai Kamaraj Colony,  Ward No 36 , 2.Tirunelveli (C) Palayamkottai Gandhinagar 1St Street Ward No 36 , 3.Tirunelveli (C) Palayamakottai Gandhinagar 2Nd Street Ward No 36 , 4.Tirunelveli (C) Palayamkottai Gandhi Nagar 3Rd Street W.No. 36 , 5.Tirunelveli (C) Palayamkottai Gandhi Nagar 4Th Street W.No. 36 , 6.Tiruneveli (C) Palayamakottai Gandhi Nagar 5Th Street W.No.36 ,  999.Overseas Electors",General
119,226,119,"St Johns Higher Secondary School ,Room No1 Main Block Northern Side, Palayamkottai","1.Tirunelveli (C) Palayamkottai Anna Nagar, Pnk Colony, West Street, Ward No 36 , 2.Tiruneveli (C) Palayamkottai North High  Ground Road, Ward No 36 , 3.Tiruneveli (C) Palayamkottai Indira Nagar Main Street, Ward No 36 , 4.Tirunelveli (C) Palayamkottai Annai Indira Nagar 1St And 2Nd Street, 1St Main Street, Ward No 36 ,  999.Overseas Electors",General
120,226,120,"St Johns Higher Secondary School,Room No4 Main Block Southern Side, Palayamkottai","1.Tirunelveli (C) Palayamkottai Annai Indira Nagar South Street, Ward No 36 , 2.Tirunelveli (C) Palayamkottai Anna Nagar Pnk Colony North Street, Ward No 36 , 3.Tirunelveli (C) Palayamkottai Anna Nagar Pnk Colony East Street, Ward No 36 , 4.Tiruneveli (C) Palayamkottai Anna Nagar Main Road, Ward No 36 , 5.Tirunelveli (C) Palayamkottai Annanagar First Lane Ward No 36, 6.Tirunelveli
(C) Palayamkottai Annanagar Second Lane Ward No 36, 7.Tirunelveli (C) Palayamkottai Annanagar Third Lane Ward No 36 , 8.Tirunelveli (C) Palayamkottai Annanagar Fourth Lane Ward No 36, 9.Tirunelveli (C) Palayamkottai Annanagar Fifth Lane Ward No 36, 10.Tirunelveli (C) Palayamkottai Annanagar Eighth Lane Ward No 36, 11.Tiruneveli (C) Palayamkottai Annanagar Nineth Lane Ward No 36, 12.Tirunelveli (C) Palayamkottai Annanagar Ward No 36 , 13.Tiruneveli (C) Palayamkottai Indira Nagar 2Nd Cross Street Ward No 36 , 999.Overseas Electors",General
121,226,121,"St Johns Higher Secondary School, PTA Room No 50 Palayamkottai","1.Tirunelveli (C) Palayamkottai Lalitha Nagar W.No. 36 , 2.Tirunelveli (C) Palayamkottai Jeya Nagar W.No. 36 , 3.Tiruneveli (C) Palayamkottai S.N.V. Nagar W.No. 36 , 4.Tirunelveli (C) Palayamkottai Collector Nagar W.No. 36 , 5.Tirunelveli (C) Palayamkottai Balaji Nagar W.No.36 , 6.Tirunelveli (C) Palayamkottai Everest Street W.No.36 , 7.Tirunelveli (C) Palayamkottai Kadhir Nagar(Muparak Nagar), Ward No 36 , 8.Tirunelveli (C) Palayamkottai A.D.J. Nagar W.No. 36 , 9.Tirunelveli (C) Palayamkottai Devaloga Street W.No. 36 , 10.Tirunelveli (C) Palayamkottai Vip Colony, Ward No 36 ,11.Tirunelveli (C) Palayamkottai St. Lukes Street, Arulmani Street Ward No 36 , 12.Tirunelveli (C) Palayam Kottai Annai Indira Nagar 2Nd Street, Ward No 36 , 13.Tirunelveli (C) Palayamkottai Annai Indira Nagar North Street, Ward No 36 ,   999.Overseas Electors",General
122,226,122,"St Johns Higher Secondary School, PTA Room No 51 Palayamkottai","1.Tirunelveli (C) Palayamkottai Paranjsudar Street, Ward No 34 , 2.Tirunelveli
(C) Palayamkottai Vinnavar Street W.No. 34 , 3.Tirurnelveli (C) Palayamkottai Vinayagar Street W.No.34 , 4.Tirunelveli (C) Palayamkottai Rail Nagar W.No. 36
, 5.Tirunelveli (C) Palayamkottai Joint Director Of Agriculture Quarters, Ward No 36 , 6.Tirunelveli (C)  Palaymkottai Reporters Colony, Ward No 36 , 7.Tirunelveli (C) Palayamkottai Pwd Colony Campus, Ward No 36 , 8.Tirunelveli (C) Palayamkottai Civil Surgeons Quarters, Ward No 36, 9.Tirunelveli Palayamkottai Gandhi Nagar 6Th Street W.No.36 , 10.Tirunelveli
(C) Palayamkottai Gandhi Nagar 7Th Street W.No. 36 , 11.Tirunelveli Palayamkottai Gandhi Nagar 8Th Street W.No. 36 , 999.Overseas Electors",General
123,226,123,"St Johns Higher Secondary School, Room No6 Main Portion, South Side Palayamkottai","1.Tirunelveli (C) Palaymkottai. Kirupakaran Street, W.No 34 , 2.Tirunelveli (C) Palaymakottai Johns College Road W.No. 36 , 3.Tirunelveli (C) Palayamkottai St.Mark Street W.No.36 , 4.Tirunelveli (C) Palayamkottai Karuniyar Street W.No.34 , 5.Tirunelveli (C) Palayamkottai Perinba Street W.No. 34 , 6.Tirunelveli
(C) Palayamkottai Old Police Hospital Road,W.No 34 , 7.Tirunelveli (C) Palayamkottai St. Marks Road W.No 35 , 999.Overseas Electors",General
124,226,124,"Sarah Tucker Higher Secondary School ,
,Howard Memorial Hall, 2nd Hall From West Palayamkottai","1.Tirunelveli (C) Palayamkottai Commissioner Bunglaw Street, W.No 32 , 2.Tirunelveli (C) Palayamkottai Subramania Swamy Koil Street, W.No 32 , 3.Tirunelveli (C) Palayamkottai Nambikai Nagar, W.No 32 , 4.Tirunelveli (C) Palayamkottai Railway Station Road, W.No 32 , 5.Tirunelveli (C) Palayamkottai Rajendra Nagar, 5Th Street, W.No 32 ,  999.Overseas Electors",General
125,226,125,"Sarah Tucker Girl’s Higher Secondary School, ,Howard Memorial Hall, Eastern Side, Last Room, Palayamkottai.","1.Tirunelveli (C) Palayamkottai Rajendra Nagar1 St Street, W.No 32 , 2.Tirunelveli (C) Palayamkottai Jepamaligai Nagar, W.No 32 , 3.Tirunelveli (C) Palayamkottai Rajendra Nagar,  6Th Street, W.No 32 , 4.Tirunelveli (C) Palayamkottai All India Radio Adukkumadi Kudieruppu, W.No 32 , 5.Tirunelveli (C) Palayamkottai Government Poramboku Railway Station Road W.No 32 , 999.Overseas Electors",General
126,226,126,"Sarah Tucker Girl’s Higher Secondary School, ,Howard Memorial Hall,Middle Portion, Last Room, Palayamkottai.","1.Tirunelveli (C) Palayamkottai St. Pauls Road-I (Door no.1-17)W.No 32 , 999.Overseas Electors",General
127,226,127,"Sarah Tucker Girl’s Higher Secondary School,North Building West Portion, I standard 'C' Section Palayamkottai.","1.Tirunelveli (C) Palayamkottai St. Pauls Road -II(Door no.18-C271) W.No 32 , 999.Overseas Electors",General
128,226,128,"Sarah Tucker Girls Higher Secondary School,
,Eastern side East Block, Central Hall, New Building, III B Class Room, Palayamkottai,","1.Tirunelveli (C) Palayamkottai St. Pauls Road, W.No 32 , 2.Tirunelveli (C) Palayamkottai Rajendra Nagar 2Nd Street, W.No 32 , 3.Tirunelveli (C) Palayamkottai North High Ground Road W.No 36 , 999.Overseas Electors",General
129,226,129,"Corporation Primary School , South Building, Eastern Porition, A.R. Line, Palayamkottai","1.Tirunelveli (C) Palayamkottai Ward 39 M.L.Pillai Nagar, , 2.Tirunelveli (C) Palayamkottai Ward 39 Indhira Nagar, , 3.Tirunelveli (C) Palayamkottai Ward  39 A.R Line Quarters O  Block To S Block, , 4.Tirunelveli (C) Palayamkottai Ward 39 A.R. Line Quarters Block , 5.Tirunelveli (C) Palayamkottai Ward 39 A.R. Line U Block, , 6.Tirunelveli (C) Palayamkottai Ward 39 A.R. Line New Quarters And 1 & A1 To G6, , 999.Overseas Electors",General
130,226,130,"Corporation Primary School ,Northern Wing, West Portion, A.R. Line Palayamkottai","1.Tirunelveli (C) Palayamkottai Ward No 39 St. Thomas Road, , 2.Tirunelveli (C) Palayamkottai Ward No 39 Reserve Line New Block, J Block, A Block To N Block, , 3.Tirunelveli (C) Palayamkottai Ward No 36 North High Ground Road, , 4.Tirunelveli (C) Palayamkottai Ward No 36 St Johns College Road , 5.Tirunelveli (C) Palayamkottai Ward 39 A.R. Line Upstairs Quarters 1A To 27F , 999.Overseas Electors",General
131,226,131,"Corporation Primary School, ,North Building, East Portion, A.R. Line, Palayamkottai","1.Tirunelveli (C) Palayamkottai Ward No 36 Periyar Nagar, , 2.Tirunelveli (C) Palayamkottai Ward No 36 Periyar Nagar North Street. , 3.Tirunelveli (C) Palayamkottai Ward No 36 St. Mathew Street, , 999.Overseas Electors",General
132,226,132,"Integrated Children Development Scheme Corporation Primary School, ,North Building, East Portion, A.R. Line, Palayamkottai","1.Tirunelveli (C) Palayamkottai Ward No 36 Periyar Nagar, South Street, , 2.Tirunelveli (C) Palayamkottai Ward No 36 Arul Nagar, , 3.Tirunelveli (C) Palayamkottai Ward No 36 M.G.R Colony, , 4.Tirunelveli (C) Palayamkottai Ward No 39 Tamilnadu Police Quarters , 999.Overseas Electors",General
133,226,133,"Rose Mary Marticulation School ,1std ‘A’ Section ,Ram Nagar, Thiyagarajanagar","1.Tirunelveli (C) Maharaja Nagar Ward 55 Maharajanagar E.B. Colony, , 999.Overseas Electors",General
134,226,134,"Rosemary Matriculation Higher Secondary School, South side middle portion hall no. 17 Ram Nagar, Thiyagaraja Nagar.","1.Tirunelveli (C) Maharaja Nagar Ward 40 Ram Nagar, , 2.Tirunelveli (C) V.M.Chatram Sixth North Street Ward No 39 , 3.Tirunelveli (C) V.M.Chatram Thiyagaraja Nagar 8Th Middle Street, Ward No 55 , 4.Tirunelveli (C) V.M.Chatram Thiyagaraja Nagar 9Th Middle Street, Ward No 55 , 5.Tirunelveli
(C) V.M.Chatram Thiyagaraja Nagar 9Th South Street, Ward No 55 , 6.Tirunelveli (C) V.M.Chatram Thiyagaraja Nagar 10Th Middle Street, Ward No 55 , 999.Overseas Electors",General
135,226,135,"Sri Jeyandra Swaimigal Silver Jubilee Higher Secondary School, Hall No:5 Valli Mandram, Maharajanagar, Palayamkottai","1.Tirunelveli (C) Maharaja Nagar Ward No.40, L.K.S. Nagar, , 2.Tirunelveli (C) Maharajanagar Ward 39 T.N.H.B Quarters, , 3.Tirunelveli (C) Maharajanagar Ward 39 Magistrate Quarters , 4.Tirunelveli (C) Maharajanagar Ward 39 All India Radio  Quarters High Ground, 5.Tirunelveli (C) Maharajanagar Ward 39 3Rd Cross Street. , 999.Overseas Electors",General
136,226,136,"Nellaiappar Anbu Asiramam Primary School
, Dining Hall,Maharaja Nagar","1.Tirunelveli (C) Maharaja Nagar Ward 39 1 St Cross Street, , 2.Tirunelveli (C) Maharaja Nagar Ward 39 2Nd Cross Street, ,  3.Tirunelveli (C) Maharajanagar Ward 39 4Th Cross Street, , 4.Tirunelveli (C) Maharajanagar Ward 39 5Th Cross Street, , 5.Tirunelveli (C) Maharajanagar Ward 39 6Th Cross Street , 6.Tirunelveli
(C)  Maharaja Nagar Ward 39 St Thomas Road , , 999.Overseas Electors",General
137,226,137,"Sri Jeyandra Saraswathi Swamigal SilverJubilee Hr. Sec. School , Valli Mandram Hall No. 4 Maharaja Nagar","1.Tirunelveli (C) Maharaja Nagar Ward No 39 Maharaja Nagar 10Th Cross Street, , 2.Tirunelveli (C) Maharaja Nagar Ward No 39 11Th Cross Street, Maharaja Nagar. , 3.Tirunelveli (C) Maharaja Nagar Ward No 39 12Th  Cross Street, Maharaja Nagar. , 4.Tirunelveli (C) Maharaja Nagar Ward No 39 13Th Cross Street, Maharaja Nagar. , 5.Tirunelveli (C) Maharaja Nagar Ward No 39 14Th Cross Street, Maharaja Nagar. , 6.Tirunelveli (C) Maharaja Nagar Ward No 39 15Th Cross Street, Maharaja Nagar. , 7.Tirunelveli (C) Maharaja Nagar Ward No 39 16Th Cross Street, Maharaja Nagar. , 8.Tirunelveli (C) Maharaja Nagar Ward No 39 17Th Cross Street, Maharaja Nagar. , 9.Tirunelveli (C) Maharaja Nagar Ward No 39 18Th Cross Street, Maharaja Nagar. , 10.Tirunelveli (C) Maharaja Nagar Ward No 39 19Th Cross Street, Maharaja Nagar. , 11.Tirunelveli
(C) Maharaja Nagar Ward No 39 20Th Cross Street, Maharaja Nagar. , 12.Tirunelveli (C) Maharaja Nagar Ward No 39 21St Cross Street, Maharaja Nagar. , 999.Overseas Electors",General
138,226,138,"Sri Jeyandra Saraswathi Swamigal SilverJubilee Higher Secondary School , Valli Mandapam Hall Room No 3 Maharaja Nagar","1.Tirunelveli (C) Maharaja Nagar Ward No 39 22Nd Cross Street, Maharaja Nagar. , 2.Tirunelveli (C) Maharaja Nagar Ward No 39 23Rd Cross Street, Maharaja Nagar. , 3.Tirunelveli (C) Maharaja Nagar Ward No 39 24Th Cross Street, Maharaja Nagar. , 4.Tirunelveli (C) Maharaja Nagar Ward No 39 25Th Cross Street, Maharaja Nagar. , 5.Tirunelveli (C) Maharaja Nagar Ward No 39 26Th Cross Street, Maharaja Nagar. , 6.Tirunelveli (C) Maharaja Nagar Ward No 39 27Th Cross Street, Maharaja Nagar. , 7.Tirunelveli (C) Maharaja Nagar Ward No 39 Sivanthipatti Mainroad, Maharaja N , 8.Tirunelveli (C) Maharaja Nagar Ward No 39 Sivanthi Patti Road 1,2,3,4Th  Street Maharaja Nagar. ,9.Tirunelveli
(C) Maharajanagar Ward No. 39 Kalyanai Nagar, 999.Overseas Electors",General
139,226,139,"Sri Jeyandra Saraswathi Swamigal Silver Jubilee Higher Secondary School, Manimandapam Hall No.19, Maharaja Nagar","1.Tirunelveli (C) Maharaja Nagar Ward No 39  2Nd Main Road, Maharajanagar.
, 2.Tirunelveli (C) Maharaja Nagar Ward No 39 3Rd Main Road, Maharajanagar.
, 3.Tirunelveli (C) Maharaja Nagar Ward No 39 4Th Main Road, Maharajanagar.
, 4.Tirunelveli (C) Maharaja Nagar Ward No 39 5Th Main Road, Maharajanagar.
, 5.Tirunelveli (C) Maharaja Nagar Ward No 39 7Thcross Street, Maharajanagar. , 6.Tirunelveli (C) Maharaja Nagar Ward No 39 8Th Cross Street Maharajanagar , 7.Tirunelveli (C) Maharaja Nagar Ward No 39 9Th Cross Street, Maharajanagar. , 8.Tirunelveli (C) Maharaja Nagar Ward No 39  State Bank Colony(Officer Colony) Maharajanagar. , 9.Tirunelveli (C) Maharaja Nagar Ward No 39 Municipal Colony, Maharajanagar. , 10.Tirunelveli (C) Maharaja Nagar Ward No 39 1St Main Road, Maharajanagar. , 999.Overseas Electors",General
140,226,140,"Sri Jeyandra Saraswathi Swamigal Silver Jubilee Higher Secondary School
,Manimandapam Hall No.16, Maharaja Nagar","1.Tirunelveli (C) Maharaja Nagar Ward No 38 Maharajanagar I.O.B. Colony, , 2.Tirunelveli (C) Maharaja Nagar Ward No 39 Asirvatham  Nagar, , 3.Tirunelveli
(C) Maharaja Nagar Ward No 39 Vasantham Colony, , 4.Tirunelveli (C)  Maharaja Nagar Ward No.39 Ponmani Nagar, , 5.Tirunelveli (C) Maharaja Nagar Ward No 39 Vengadeshwara Nagar, , 6.Tirunelveli (C) Maharaja Nagar Ward No 39 Velavan Colony, Velavan West Colony,  999.Overseas Electors",General
141,226,141,"Rosemary Marticulation Higher Secondary School, East to West 5th Entrance, L.K.G C Section, Tuticorin Road, V.M. Chatram","1.Tirunelveli (C) V.M. Chathram V.M. Chatram Jeyanthi Nagar, Wno 37 , 2.Tirunelveli (C) V.M. Chathram T.N.H.B.Quarters Phase III-1 (Door no.1-M5)Wno 37 , 999.Overseas Electors",General
142,226,142,"Rosemary Marticulation Higher Secondary School, South Building East Portion, U.K.G B section Tuticorin Road, V.M. Chatram","1.Tirunelveli (C) V.M. Chathram T.N.H.B.Quarters Phase III-2(Door no.M6-M174), Wno 37 , 2.Tirunelveli (C) V.M. Chathram Sri Mookambigai Nagar,  Wno 37 , 3.Tirunelveli (C) V.M. Chathiram Ayiswariya Nagar, Ward No. 37 , 4.Tirunelveli (C) V.M. Chathiram Welcome Colony, Ward No 37 , 999.Overseas Electors",General
143,226,143,"Rosemary Marticulation Higher Secondary School, Middle Portion 2nd room from west Tuticorin Road, V.M. Chatram Palayamkottai","1.Tirunelveli (C) V.M. Chathram Sri Kamatchi Nagar(Opp Oyasis School)  Ward No 37 , 2.Tirunelveli (C) V.M. Chathram V.O.C. Nagar,Ward No 37 999.Overseas Electors",General
144,226,144,"Rosemary Marticulation Higher Secondary School, Ist A Section, Tuticorin Road, V.M. Chatram Palayamkottai","Wno 17 , 1.Tirunelveli (C) V.M. Chathram Srinivasa Nagar B Colony,  Wno 37 , 2.Tirunelveli (C) V.M. Chathram Kasi Viswanath Koil Street,  Wno 38 , 3.Tirunelveli (C) V.M. Chathram Jawahar Street, Wno 38 , 4.Tirunelveli (C) V.M. Chathram West Street V.M. Chatram, W.No 38 ,5.Tirunelveli (C) V.M.Chatram Yadavar East Street, , 6.Tirunelveli (C) V.M.Chatram Ward No 38 Ramar Koil Street, , 7.Tirunelveli (C) V.M.Chatram Ward No 38 Nadar Street , 999.Overseas Electors",General
145,226,145,"Panchayat Union Primary School, New Building Western Portion West side V.M.Chathram","1.Tirunelveli (C) V.M. Chathram Nethaji Street(Subash Chandra Bose) ,  Wno 38
, 2.Tirunelveli (C) V.M.Chathram Kennady Street, Ward No 38 , 3.Tirunelveli (C) V.M.Chathram Kannan Puthu Colony 1St St Ward No 38 , 4.Tirunelveli (C) V.M.Chathram Kannan Puthu Colony 2Nd St Ward No 38 , 5.Tirunelveli (C) V.M.Chathram Kannan Puthu Colony 4Th  St Ward No 38 , 6.Tirunelveli (C) V.M.Chathram Kannan Puthu Colony Main Street,  Ward No 38 , 7.Tirunelveli
(C) V.M.Chathram Athithanar Nagar 1St Street, Ward No 38 , 8.Tirunelveli (C) V.M.Chathram Athithanar Nagar 2Nd Street, Ward No 38 , 9.Tirunelveli (C)
V.M. Chathram Athithanar Nagar 3Rd St Ward No 38 , 10.Tirunelveli (C) V.M.Chathram Athithanar Nagar 4Th St Ward No 38 , 11.Tirunelveli (C) V.M.Chathram Athithanar Nagar 5Th St Ward No 38 , 12.Tirunelveli (C) V.M.Chathram V.M. Chatram Telephone Exchange Quaters,  Ward No 38 , 13.Tirunelveli (C) V.M.Chathram Sundarar Street  Ward No. 38 , 999.Overseas Electors",General
146,226,146,"Panchayat Union Primary School, North Part Building ,Northern Portion, V.M. Chatram","1.Tirunelveli (C) V.M. Chathiram Aravindar Street, W.No. 38 , 2.Tirunelveli (C)
V.M. Chathram Kavitha Nagar  2Nd ,W,No. 38 , 3.Tirunelveli (C) V.M. Chathram Kavitha Nagar 3Rd W.No. 38 , 4.Tirunelveli (C) V.M. Chathram Kavitha Nagar 4Th Street W.No. 38 , 999.Overseas Electors",General
147,226,147,"Panchayat Union Primary School, North Part Building,Southern Portion, V.M. Chatram","1.Tirunelveli (C) V.M. Chathram Brindavan Street,  W.No. 38 , 2.Tirunelveli (C)
V.M. Chathram South Street  Ward No 38 ,999.Overseas Electors",General
148,226,148,"Panchayat Union Primary School, New Building Western Portion V.M.Chathram","1.Tirunelveli (C) V.M. Chathram Saranya Nagar,  W.No. 38 , 2.Tirunelveli (C)
V.M. Chathram Srinivasa Nagar, W.No. 38 ,  999.Overseas Electors",General
149,226,149,"Rosemary Matriculation Higher Secondary School, , East Portion, Ist Room Tuticorin Road, V.M.Chatram.","1.Tirunelveli (C) V.M. Chathram Kattabomman Nagar 1St. Street W.No.37 , 2.Tirunelveli (C) V.M. Chathram Kattabomman Nagar 2Nd Street W.No.37 , 3.Tirunelveli (C) V.M. Chathram Kattabomman Nagar 3Rd Street W.No. 37 , 4.Tirunelveli (C) V.M. Chathram Kattabomman Nagar 4Th Street W.No.37 , 5.Tirunelveli (C) V.M. Chathram Kattabomman Nagar 5Th Street W.No.37 , 6.Tirunelveli (C) V.M. Chathram Kattabomman Nagar 2Nd Cross Streets, W.No.37 , 7.Tirunelveli (C) V.M.Chathram Kattabomman Nagar 2Nd Cross Streets, Ward No 37 , 8.Tirunelveli (C) V.M. Chathram Mangamma Salai, W.No. 38 , 9.Tirunelveli (C) V.M. Chathram Lakshmi Puram,  W.No.37 , 10.Tirunelveli
(C) V.M. Chathram Lakshmi Puram, 1St Lane. , 11.Tirunelveli (C) V.M. Chathram Lakshmi Puram 2Nd Lane W.No.37 , 12.Tirunelveli (C) V.M. Chathram Lakshmipuram 3Rd Street,  W.No.37 , 13.Tirunelveli (C) V.M. Chathram Co Optex Colony,  W.No.37 , 14.Tirunelveli (C) V.M.Chathram Astalakshmi Nagar, W.No.37 , 999.Overseas Electors",General
150,226,150,"Rosemary Matriculation Higher Secondary School, , East Portion, Forth Room Tuticorin Road, V.M.Chatram.","1.Tirunelveli (C) V.M. Chathram Ayya Subiramaniyan Nagar,W.No.17 , 2.Tirunelveli (C) V.M. Chathram Darling Nagar,  W.No.17 , 3.Tirunelveli (C)
V.M. Chathram Vettri Thiru Nagar, W.No.17 , 4.Tirunelveli (C) V.M. Chathram Kasim Nagar,  W.No.17 ,999.Overseas Electors",General
151,226,151,"Rosemary Matriculation Higher Secondary School,
South building middle portion, Tuticorin Road, V.M.Chatram.","1.Tirunelveli (C) V.M. Chathram Adi Dravidar Colony W,No. 38 ,2.Tirunelveli
(C) V.M. Chathram Tamilnadu Housing Board Phase 2  Quarters ,Ward No.37,3.Tirunelveli (C) V.M. Chathram Pothys Nagar, W.No.37, 999.Overseas Electors",General
152,226,152,"Rosemary Matriculation Higher Secondary School , West Portion 3rd Room, Tuticorin Road, V.M.Chatram.","1.Tirunelveli (C) V.M. Chathram Mangala Nagar,  W.No.37 , 2.Tirunelveli (C)
V.M. Chathram Kamatchi Nagar, 1St  Main Street W.No.37 , 3.Tirunelveli (C)
V.M. Chathram Ward No 37 Kamatchi Nagar, 3Rd  Main Street , 4.Tirunelveli
(C) V.M. Chathram Ward No 37 Kamatchi Nagar, 4Th  Main Street , 5.Tirunelveli (C) V.M. Chathram Ward No 38 Kamatchi Nagar, 5Th  Main Street
, 999.Overseas Electors",General
153,226,153,"Rosemary Matriculation Higher Secondary School , West Portion 1t Room Tuticorin Road, V.M.Chatram.","1.Tirunelveli (C) V.M. Chathram Ward No 37 Kamatchi Nagar, 6Th Main Street.
,   2.Tirunelveli (C) V.M. Chathram Ward No 37 Kamatchi Nagar, 7Th Main Street.3.Tirunelveli (C) V.M.Chathram Kamatchi Nagar, 8Th  Main Street Ward No.37 , 4.Tirunelveli (C) V.M. Chathram Tamilnadu Housing Board Phase 1,Quarters Ward No.37 ,  999.Overseas Electors",General
154,226,154,"Sri P.M.Sankara Subbiah Memorial I.T.I., Main Hall V.M.Chatram","1.Tirunelveli (C) V.M. Chathram Sivanadiyarkulam,  W.No.5 , 2.Tirunelveli (C)
V.M. Chathram Abdul Rahuman  Muthalali Nagar,  W,No.38 , 3.Tirunelveli (C)
V.M. Chathram Kannaki Street W.No.38  , 999.Overseas Electors",General
155,226,155,"St. Joseph High School, West Part Arockianathapuram","1.Tirunelveli (C) V.M. Chathram Arockianathapuram 1St Main Street, W.No.38 2.Tirunelveli (C) V.M. Chathram Arockianathapuram2Nd Main Street, W,No,38 , 3.Tirunelveli (C) V.M. Chathram Arockianathapuram 3Rd Main Street, W,No,38
, 4.Tirunelveli (C) V.M. Chathram Arockianathapuram 4Th Main Street, W.No. 38 , 5.Tirunelveli (C) V.M. Chathram Atchimadam, W.No.38,, 999.Overseas Electors",General
156,226,156,"Rosemary Matriculation Higher Secondary School ,U.K.G., A- Section, West to East 1st room, Ram nagar, Thiyagaraja Nagar","1.Tirunelveli (C) V.M. Chathram W.No 55 Thiryagarajanagar 1St Middle Street, , 2.Tirunelveli (C) V.M. Chathram W.No.55, Thiryagarajanagar 2Nd Middle Street, , 3.Tirunelveli (C) V.M. Chathram W.No.55, Thiryagarajanagar 3Rd Middle Street, , 4.Tirunelveli (C) V.M. Chathram W.No.55,Thiyagarajanagar 1St South Street, , 5.Tirunelveli (C) V.M. Chathram W.No.55,Thiyagarajanagar 2Nd South Street, , 6.Tirunelveli (C) V.M. Chathram W.No.55 Thiyagarajanagar 3Rd South Street, , 999.Overseas Electors",General
157,226,157,"St. Antony’s Public School, 2nd Std Class Room, V.M.Chathram","1.Tirunelveli (C) V.M. Chathram W.No 38 Tiruvalluvar Street Eastern Side, , 2.Tirunelveli (C) V.M. Chathram Lakshmi Nagar (V.M. Chathram), W.No.38 , 999.Overseas Electors",General
158,226,158,"Rosemary Marticulation Higher Secondary School , First Standard, B Section, Ram Nagar, Thiyagaraja Nagar.","1.Tirunelveli (C) V.M.Chatram Sivanthipatti Road Ward No 39 , 2.Tirunelveli (C) V.M.Chatram First North Street, Ward 39 , 3.Tirunelveli (C) V.M.Chatram Second North Street Ward No 39 , 4.Tirunelveli (C) V.M.Chatram Third North Street Ward No 39 , 5.Tirunelveli (C) V.M.Chatram Fourth North Street Ward No 39 , 6.Tirunelveli (C) V.M.Chatram Fifth North Street Ward No 39 ,  7.Tirunelveli
(C) V.M.Chatram Seventh North Street Ward No 39 , 8.Tirunelveli (C) V.M.Chatram Eighth North Street Ward No 39 , 999.Overseas Electors",General
159,226,159,"Pushpalatha Matric Higher Secondary School, East Part, South Portion, Thiyagarajanagar, Palayamkottai","1.Tirunelveli (C) V.M.Chatram James Nagar Ward No 55 , 2.Tirunelveli (C) V.M.Chatram P.A. Pillai Nagar,  Ward No 39 , 3.Tirunelveli (C) V.M.Chatram Bharathi Street,  Ward No 55 , 4.Tirunelveli (C) V.M.Chatram T.V.S. Nagar,  (Ist Cross St To 5Th Cross Street)Ward No.39, , 999.Overseas Electors",General
160,226,160,"Pushbalatha Matric Higher Secondary
School, 5th Std ‘C’ Class Room Palayamkottai","1.Tirunelveli (C) V.M.Chatram Perathu Selvi Nagar, Ward No 55 , 2.Tirunelveli
(C) V.M.Chatram Saibaba Colony, Ward No 55 , 3.Tirunelveli (C) V.M.Chatram Sankar Colony,  Ward No 55 , 4.Tirunelveli (C) V.M.Chatram Kumaresan Nagar, Ward No 55 , 5.Tirunelveli (C) V.M.Chatram V.I.P. Colony Ward No 55 , 6.Tirunelveli (C) V.M.Chatram Ramalinganar Veedhi,  Ward No 55 , 7.Tirunelveli (C) V.M.Chatram Mallika Colony, 2Nd Streets Ward No 55 , 8.Tirunelveli (C) V.M.Chatram Mallika Colony, 5Th Street Ward No. 55 , 9.Tirunelveli (C) V.M.Chatram Mallika Colony, 6Th Street Ward No. 55 , 10.Tirunelveli (C) V.M.Chatram L.I.C. Colony 2Nd Street, Ward No 55 , 11.Tirunelveli (C) V.M.Chatram Malliga Colony 4Th Street Ward No 19 , 999.Overseas Electors",General
161,226,161,"Pushbalatha Matric Higher Secondary School,Eastern Wing Northern Portion Palayamkottai","1.Tirunelveli (C) V.M.Chatram Tirumal Nagar, Barathidasan Veedhi,  Ward No 55 , 2.Tirunelveli (C) V.M.Chatram Malliga Colony,  Ward No 55 ,3.Tirunelveli
(C) V.M.Chatram T.V.S. Nagar 6Th Cross Street,  Ward No 39 , 4.Tirunelveli (C) V.M.Chatram T.K.C. Nagar, Ward No.55, 5.Tirunelveli (C) V.M.Chatram Gokilam Nagar, Ward No 55 , 6.Tirunelveli (C) V.M.Chatram L.I.C. Colony Ist Street,  Ward No 54 , 7.Tirunelveli (C) V.M.Chatram T.V.S. Nagar 7Th Cross Street, Ward No 39 , 8.Tirunelveli (C) V.M.Chatram T.V.S. Nagar 6Th Cross Street , Ward No 39 , 9.Tirunelveli (C) V.M.Chatram T.V.S. Nagar 7Th Cross Street, Ward No 39 , 10.Tirunelveli (C) V.M.Chatram V.O.C Veedhi Tirumal Nagar. Ward No 55 , 999.Overseas Electors",General
162,226,162,"Pushbalatha Matric Higher Secondary School, Northern Wing Eastern Portion Palayamkottai","1.Tirunelveli (C) V.M.Chatram T.V.S. Nagar 10Th  Cross Street,Ward No.39 , 2.Tirunelveli (C) V.M.Chatram T.V.S. Nagar 11Th  Cross Street,Ward No.39 , 3.Tirunelveli (C) V.M.Chatram T.V.S. Nagar, 1St Main Road,  Ward No 39 , 4.Tirunelveli (C) V.M.Chatram T.V.S. Nagar, 2Nd Main Road,  Ward No 39 , 5.Tirunelveli (C) V.M.Chatram T.V.S. Nagar, 3Rd Main Road,  Ward No 39 , 6.Tirunelveli (C) V.M.Chatram T.V.S. Nagar, 4Th Main Road,  Ward No 39 , 7.Tirunelveli (C) V.M.Chatram T.V.S. Nagar, 5Th Main Road,  Ward No 39 , 8.Tirunelveli (C) V.M.Chatram Tirumal Nagar Bharathi Dasan Veedhi,  Ward No 55 , 9.Tirunelveli (C) V.M.Chatram Tirumal Nagar, Rasikamani T.K.C. Veedhi, Ward No 55 , 10.Tirunelveli (C) V.M.Chatram Tirumal Nagar Jai Kandan  Veedhi, Ward No 55 , 11.Tirunelveli (C) V.M.Chatram Tirumal Nagar Puthumaipithan Veedhi,  Ward No 55 , 12.Tirunelveli (C) V.M.Chatram Kavimani Veedhi, Thirumal Nagar Ward No 55 ,  999.Overseas Electors",General
163,226,163,"Rosemary Matriculation School, ,U.K.G, B Section, Ramnagar, Thiyagarajanagar","1.Tirunelveli (C) V.M. Chathram Thiyagarajanagar 5Th Middle Street, Ward No 55 , 2.Tirunelveli (C) V.M. Chathram Thiyagarajanagar  4Th South Streets, Ward No 55 , 3.Tirunelveli (C) V.M. Chathram Thiyagarajanagar  5Th South Street, Ward No 55 , 4.Tirunelveli (C) V.M. Chathram Thiyagarajanagar  6Th South Street, Ward No 55 , 5.Tirunelveli (C) V.M. Chathram Thiyagarajanagar Indira Nagar,  Ward No 54 , 6.Tirunelveli (C) V.M. Chathram Ward No 54, Postal And Telegraph Colony, , 7.Tirunelveli (C) V.M. Chathram Ward No 54 T.N.C.S.C Quarters, , 8.Tirunelveli (C) V.M. Chathram Ward No.54,New Nehru Nagar , 999.Overseas Electors",General
164,226,164,"Rosemary Matriculation Higher Secondary School ,Pre .K.G. Section, Ram Nagar, Thiyagaraja Nagar.","1.Tirunelveli (C) V.M.Chatram Thiyagaraja Nagar 4Th Middle Street, Ward No 55 , 2.Tirunelveli (C) V.M.Chatram Thiyagaraja Nagar 6Th Middle Street, Ward No 55 , 3.Tirunelveli (C) V.M.Chatram Thiyagaraja Nagar 7Th Middle Street, Ward No 55 , 4.Tirunelveli (C) V.M.Chatram Thiyagaraja Nagar 7Th South Street, Ward No 55 , 5.Tirunelveli (C) V.M.Chatram Thiyagaraja Nagar 8Th South Street, Ward No 55 ,  999.Overseas Electors",General
165,226,165,"Pushbalatha Matric Higher Secondary School, Northern Wing Western Portion Palayamkottai","1.Tirunelveli (C) V.M.Chatram Thiyagaraja Nagar 10Th South Street, Ward No. 55 , 2.Tirunelveli (C) V.M.Chatram Thiyagaraja Nagar  12Th South Street, Ward No.55, 3.Tirunelveli (C) V.M.Chatran Thiyagaraja Nagar 13Th South Street, Ward No. 55 , 4.Tirunelveli (C) V.M.Chatram Thiyagaraja Nagar 14Th South Street, Ward No 55 , 5.Tirunelveli (C) V.M.Chatram Thiyagaraja Nagar 15Th South Street, Ward No.55 , 999.Overseas Electors",General
166,226,166,"Pushbalatha Matric Higher Secondary School, Middle Portion Palayamkottai","1.Tirunelveli (C) V.M.Chatram Thiyagaraja Nagar 16Th South Streets, Ward No 55 , 2.Tirunelveli (C) V.M.Chatram Thiyagaraja Nagar 17Th South Street, Ward No. 55 , 3.Tirunelveli (C) V.M.Chatram South Streets 1 To 7 Ward No 55 , 4.Tirunelveli (C) V.M.Chatram Thamirabathi Colony Ward No 54 , 999.Overseas Electors",General
167,226,167,"Corporation Primary School , South to North, 8th Entrance, Perumalpuram","1.Tirunelveli (C) Perumalpuram Perumalpuram Ochankulam Kamarajar Salai, W.No 41 , 2.Tirunelveli (C) Perumalpuram Ochankulam S.T.C. Road, W.No 41 , 3.Tirunelveli (C) Perumalpuram Ochankulam Park Street, W.No 41 , 4.Tirunelveli (C) Perumalpuram Ochankulam 1St East Street, W.No 41 , 5.Tirunelveli (C) Perumalpuram Ochankulam 1St West Street, W.No 41 , 6.Tirunelveli (C) Perumalpuram Ochankulam Thomas East Street, W.No 41 , 7.Tirunelveli (C) Perumalpuram Ochankulam Thomas 1St Streets, W.No 42 , 8.Tirunelveli (C) Perumalpuram Ochankulam Thomas 2Nd Street, W.No 42 , 9.Tirunelveli (C) Peurmalpuram Ochankulam Thomas 3Rd Street, W.No 42 , 999.Overseas Electors",General
168,226,168,"Corporation Primary School , Northern Portion 10th Entrance, Perumalpuram","1.Tirunelveli (C) Perumalpuram Ochankulam Thomas 4Th Street, W.No 42 , 2.Tirunelveli (C) Perumalpuram Ochankulam Thomas 5Th Street, W.No 42 , 3.Tirunelveli (C) Perumalpuram Ochankulam Thomas 6Th Street, W.No 42 , 4.Tirunelveli (C) Perumalpuram Ochankulam 1St  Cross Street, W.No 42 , 5.Tirunelveli (C) Perumalpuram Ochankulam 2Nd Cross Street, W.No 42 , 6.Tirunelveli (C) Perumalpuram Ochankulam  Main Street, W.No 42 , 7.Tirunelveli (C) Perumalpuram Ochankulam S.T.C. Church Street, W.No 42 , 8.Tirunelveli (C) Perumalpuram Ochankulam  S.T.C. 1St North Street, W.No 42 , 9.Tirunelveli (C) Perumalpuram Ochankulam S.T.C. North Street, W.No 42 , 10.Tirunelveli (C) Perumalpuram C.S.I. Church South Street, W.No 42 , 11.Tirunelveli (C) Perumalpuram St. Pieter Street, W.No. 42 ,  999.Overseas Electors",General
169,226,169,"Corporation Primary School , South to North, 6th Entrance Eastern Portion, Perumalpuram","1.Tirunelveli (C) Perumalpuram Perumalpuram 1St Street, W.No 42 , 2.Tirunelveli (C) Peurmalpuram Perumalpuram 2Nd Street,  W.No 42 , 3.Tirunelveli (C) Peurmalpuram Perumalpuram 3Rd Street, W.No 42 , 4.Tirunelveli (C) Peurmalpuram Perumalpuram Post Office Street, W.No 42 , 5.Tirunelveli (C) Perumalpuram Perumalpuram Post Office 4Th Street, W.No 42
, 6.Tirunelveli (C) Perumalpuram Perumalpuram Garaden Street, W.No. 41 , 7.Tirunelveli (C) Perumalpuram Perumalpuam 5 Th Street W.No 42 , 8.Tirunelveli (C) Perumalpuram Perumalpuam 6Th Street, W.No 42 , 9.Tirunelveli (C) Perumalpuram Joseph Street C S.I. Church North Street, W.No 42 , 999.Overseas Electors",General
170,226,170,"Corporation Primary School , South to North, 6th Entrance Western Portion, Perumalpuram","1.Tirunelveli (C) Perumalpuram Perumalpuram C Colonymain Road, W.No 42 , 2.Tirunelveli (C) Perumalpuram Perumalpuram C Colony 1St Street, W.No. 42 , 3.Tirunelveli (C) Prumalpuram C Colony 1Th Cross Street, W.No 42 , 4.Tirunelveli (C) Perumalpuram Sankarapuram 1St Street, W.No 41 , 5.Tirunelveli (C) Perumalpuram Sankarapuram 2Nd Street, W.No 41 , 6.Tirunelveli (C) Perumalpuram C Colony 2Nd Street, W.No 42 , 7.Tirunelveli
(C) Perumalpuram C Colony 2Nd Cross Street W.No 42 , 8.Tirunelveli (C) Perumalpuram C Colony Water Tank Street, W.No 42 , 9.Tirunelveli (C) Perumalpuram P And T  Colony, W.No. 41 , 10.Tirunelveli (C) Perumalpuram Perumalpuram Lukkas Nagar W.No 42 , 999.Overseas Electors",General
171,226,171,"Corporation Primary School , South to North, 7th Entrance Perumalpuram","1.Tirunelveli (C) Perumalpuram Perumalpuram 7Th Street, W.No 42 , 2.Tirunelveli (C) Perumalpuram Kamaraj Salai, W.No 40 , 3.Tirunelveli (C) Perumalpuram Kamarajar Salai 3Rd Street, W.No. 40 , 4.Tirunelveli (C) Perumalpuram Anbu Nagar Nobel 2Nd North Street, W.No 40 , 5.Tirunelveli (C) Perumalpuram Perumalpuram1St Cross Street, W.No 42 , 6.Tirunelveli (C) Perumalpuram Second North Street, W.No 42 , 999.Overseas Electors
Page 45 of 78",General
172,226,172,"Corporation Primary School ,South to North, 4th Entrance, Perumalpuram","1.Tirunelveli (C) Perumalpuram Third North Street, W.No 42 , 2.Tirunelveli (C) Perumalpuram Water Tank 3Rd South Street, W.No 40 , 3.Tirunelveli (C) Perumalpuram Water Tank 1St Cross Street, W.No 40 , 4.Tirunelveli (C) Perumalpuram Second Cross St W.No 40 , 5.Tirunelveli (C) Perumalpuram Third Cross St W.No 40 , 6.Tirunelveli (C) Perumalpuram Nobel 1St North Street, W.No 40 , 7.Tirunelveli (C) Perumalpuram Nobel 2Nd South  Street, W.No 40 , 8.Tirunelveli (C) Perumalpuram Water Tank 4Th Street, W.No 40 , 9.Tirunelveli (C) Perumalpuram Water Tank 4Th Cross Street W.No 40 , 999.Overseas Electors",General
173,226,173,"Corporation Primary School, South to North, 11th Entrance, Perumalpuram","1.Tirunelveli (C) Perumalpuram Perumalpuram Police Quarters Anbu Nagar Kamaraj Salai, W.No 40 , 2.Tirunelveli (C) Perumalpuram Kamaraj Salai  3Rd Street,  W.No. 40 , 3.Tirunelveli (C) Perumalpuram Kamarajar Salai  4Th Street W.No 40 , 4.Tirunelveli (C) Perumalpuram Kamarajar Salai  East Street, W.No 40
, 5.Tirunelveli (C) Perumalpuram Nobel 2Nd Cross Street, W.No 40 , 6.Tirunelveli (C) Perumalpuram Nobel North Street, W.No 40 , 7.Tirunelveli (C) Perumalpuram East Street, W.No 40 , 8.Tirunelveli (C) Perumalpuram Kamarajar Salai 2Nd South Street, W.No 40 , 9.Tirunelveli (C) Perumalpuram Kamarajar Salai 1St South Street, W.No 40 , 10.Tirunelveli (C) Perumalpuram Third South Street, W.No 40 , 11.Tirunelveli (C) Perumalpuram Water Tank 2Nd South Street, W.No 40 , 999.Overseas Electors",General
174,226,174,"Corporation Primary School, South to North,9th Entrance, Perumalpuram","1.Tirunelveli (C) Perumalpuram Nobel 1St North Street, W.No 40 , 2.Tirunelveli
(C) Perumalpuram Perumalpuram 1St Street, W.No 42 , 3.Tirunelveli (C) Perumalpuram Water Tank 1St Cross Street, W.No 40 , 4.Tirunelveli (C) Perumalpuram Anbu Nagar Rental New Quarters, W.No 40 ,5.Tirunelveli (C) Perumalpuram Ward 40 Anbu Nagar West Street, , 6.Tirunelveli (C) Perumalpuram Ward 40 Anbu Nagar East Street, 7.Tirunelveli (C) Perumalpuram Ward 40 Perumalpuramanbu Nagar S.T.C. Road, , 8.Tirunelveli
(C) Perumalpuram Ward 40 Anbu Nagar S.T.C. Church Street, 9.Tirunelveli (C) Perumalpuram Ward 40 Anbu Nagar Telephone Exchange Railway Feeder St, , ,
,999.Overseas Electors",General
175,226,175,"Corporation Primary School, South to North,13th Entrance, Perumalpuram","1.Tirunelveli (C) Perumalpuram Anbu Nagar Officers Quarters, W.No 40 , 999.Overseas Electors",General
176,226,176,"Corporation Primary School ,South to North, 12th Entrance, Perumalpuram","1.Tirunelveli (C) Perumalpuram Kamaraj Salai 1St South Street, W.No 40 , 2.Tirunelveli (C) Perumalpuram Kamaraj Salai 4Th Street W.No. 40 , 3.Tirunelveli (C) Perumalpuram Water Tank 1St South Street, W.No 40 , 4.Tirunelveli (C) Perumalpuram Kamaraj Salai 5Th South Street, W.No 40 , 5.Tirunelveli (C) Perumalpuram Water Tank Main Road, W.No 40 , 6.Tirunelveli
(C) Perumalpuram Water Tank 4Th Cross Street, W.No 40 , 7.Tirunelveli (C) Perumalpuram Water Tank4Th South Street, Wno 40 , 8.Tirunelveli (C) Perumalpuram Anbu Nagar East Street, W.No 40 , 9.Tirunelveli (C) Perumalpuram Anbu Nagar 3Rd North Street, W.No 40 , 10.Tirunelveli (C) Perumalpuram Anbunagar 1St North Street, W.No 40 , 11.Tirunelveli (C) Perumalpuram Noble 1St Street, W.No 40 , 12.Tirunelveli (C) Perumalpuram Noble Street W.No. 40 , 999.Overseas Electors",General
177,226,177,"Corporation Primary School ,South to North, 5th Entrance, Perumalpuram","1.Tirunelveli (C) Perumalpuram Neihbour Hood Colony 1St Main St, W.No 26 , 2.Tirunelveli (C) Perumalpuram Neihbour Hood Colony Main Street, W.No 26 , 3.Tirunelveli (C) Perumalpuram Neihbour Hood Colony 2Nd Main St, W.No 26 , 4.Tirunelveli (C) Perumalpuram Neihbour Hood Colony 1St  Cross Street, W.No 26 , 5.Tirunelveli (C) Perumalpuram Neihbour Hood Colony 2Nd Cross Street, W.No 42 , 6.Tirunelveli (C) Perumalpuram Neihbour Hood Colony 3Rd Cross Street, W.No 42 , 7.Tirunelveli (C) Perumalpuram Neihbour Hood Colony 4Th Cross Street, W.No 42 , 8.Tirunelveli (C) Perumalpuram Neihbour Hood Colony 5Th Cross Street, W.No 42 , 9.Tirunelveli (C) Perumalpuram Neihbour Hood Colony 6Th Cross Street, W.No 42 , 10.Tirunelveli (C) Perumalpuram Neihbour Hood Colony 7Th Cross Street, W.No 42 , 11.Tirunelveli (C) Perumalpruam Neihbour Hood Colony Kamaraj Salai W.No 42 , 12.Tirunelveli (C) Perumalpuram Neihbourhood Colony 8Th Cross Street, W.No 42 , 13.Tirunelveli
(C) Perumalpuram Neihbourhood Colony 9Th Cross Street, W.No 42 , 14.Tirunelveli (C) Perumalpuram Neihbourhood Colony10Th Cross Street, W.No 42 , 15.Tirunelveli (C) Perumalpuram Neihbourhood Colony 11Th Cross Street, W.No 42 , 16.Tirunelveli (C) Perumalpuram Neihbourhood Colony 12Th Cross Street, W.No 42 , 17.Tirunelveli (C) Perumalpuram Neihbourhood Colony 13Th Cross Street, W.No 42 , 18.Tirunelveli (C) Perumalpuram Neihbourhood Colony 14Th Cross Street, W.No 42 , 19.Tirunelveli (C) Perumalpuram Neihbour Hood Colony Nobel Street W.No 26 , 999.Overseas Electors",General
178,226,178,"St. Jospeh Girls Higher Secondary School XII Std ’A’Class Room south Building, N.G.O.A. Colony","1.Tirunelveli (C) Perumalpuram Pothigai Nagar South Street, W.No 41 , 2.Tirunelveli (C) Perumalpuram Pothigai Nagar Poonga East Street, W.No 41 , 3.Tirunelveli (C) Perumalpuram Pothigai Nagar 1St South Street, W.No 41 , 4.Tirunelveli (C) Perumalpuram Pothigai Nagar 2Nd South Street, W.No 41 , 5.Tirunelveli (C) Perumalpuram Pothigai Nagar Pillaiyar Koil West Street, W.No 41 , 6.Tirunelveli (C) Perumalpuram Pothigai Nagar Pillaiyar Koil East St, W.No 41 , 7.Tirunelveli (C) Perumalpuram Pothigai Nagar Pillaiyar Koil North St, W.No 41 , 8.Tirunelveli (C) Perumalpuram Pothigai Nagar Pillaiyar Koil South St, W.No 41 , 9.Tirunelveli (C) Perumalpuram Pothigai Nagar 1 Cross Street, W.No 41 , 10.Tirunelveli (C) Perumalpuram Pothigai Nagar 2Nd Cross Street, W.No 41 , 999.Overseas Electors",General
179,226,179,"St. Jospeh Girls Higher Secondary School Campus St. Xavier Nursery and Primary School, New Building Ist Std Class Room,
N.G.O.A. Colony","1.Tirunelveli (C) Perumalpuram Pothigai Nagar 3Rd Cross Street, W.No 41 , 2.Tirunelveli (C) Perumalpuram Pothigai Nagar Poonga South Street, W.No 41 , 3.Tirunelveli (C) Perumalpuram Pothigai Nagar Poonga 1St Cross St, W.No 41 , 4.Tirunelveli (C) Perumalpuram Pothigai Nagar 2Nd Cross Street, W.No 41 , 5.Tirunelveli (C) Perumalpuram Pothigai Nagar 1St South Street, W.No 41 , 6.Tirunelveli (C) Perumalpuram Pothigai Nagar West Street, W.No 41 , 7.Tirunelveli (C) Perumalpuram Pothigai Nagar Poonga North St, W.No 41 , 8.Tirunelveli (C) Perumalpuram Pothigainagar East St, W.No.41, 9.Tirunelveli
(C) Perumalpuram Pothigainagar North St.,W.No.41, 999.Overseas Electors",General
180,226,180,"Corporation Primary School ,South to North, 2nd Entrance, Perumalpuram","1.Tirunelveli (C) Perumalpuram Ward 40 Anbu Nagar Kamaraj Salai, , 2.Tirunelveli (C) Perumalpuram Ward 40 Ponvizha Nagar East Street, , 3.Tirunelveli (C) Perumalpuram Ward 40 Ponvizha Nagar West Street, , 4.Tirunelveli (C) Perumalpuram Ward 40 Ponvizha Nagarnorth Street, , 5.Tirunelveli (C) Perumalpuram Ward 40 Ponvizha Nagarmain Street, , 6.Tirunelveli (C) Perumalpuram Ward 40 Ponvizha Nagar South Street, , 7.Tirunelveli (C) Perumalpuram Ward 40 Ponvizha Nagar1 St South Street , 999.Overseas Electors",General
181,226,181,"St.Joseph Girls Hr.Sec.School , Eastern Building 12th A Class Room, N.G.O.A. Colony","1.Tirunelveli (C) N.G.O. Colony Ward No. 41 Packianathan Street, , 2.Tirunelveli
(C) N.G.O. Colony Ward No 41  Victor Street, , 3.Tirunelveli (C) N.G.O. Colony Ward No 41 Bharathi Street, , 4.Tirunelveli (C) N.G.O.Colony Ward No.41 Bharathi Street, South N.G.O. Colony ,   5.Tirunelveli (C) N.G.O. Colony Ward No.53 Driver Office Assistant Colony 1st North Street , 6.Tirunelveli (C) N.G.O. Colony Ward No 53 Driver Office Assistant Colony, 2nd North Street, , 7.Tirunelveli (C) N.G.O. Colony Ward No 53 Driver Office Assistant Colony, South Street, , 8.Tirunelveli (C) N.G.O. Colony Ward No 53 Driver Office Assistant Colony, 1St South Street , 9.Tirunelveli (C) N.G.O.Colony Ward No 53 Driver Office Assistant Colony, West Street, , 10.Tirunelveli (C) N.G.O. Colony Ward No 53 Driver Office Assistant Colony, East Street, , 11.Tirunelveli (C) N.G.O.Colony Ward No 41 Bharathi Nagar 3Rd Street Near S.T.C. College, , 12.Tirunelveli (C) N.G.O. Colony Ward No 41 Karunya Nagar, , 13.Tirunelveli
(C) N.G.O.Colony Ward No 41 Nehru Nagar, , 999.Overseas Electors",General
182,226,182,"St.Joseph Girls Hr.Sec.School , Eastern Building 12th B Class Room, N.G.O. A. Colony.","1.Tirunelveli (C) N.G.O Colony Ward No 54 Manicka Nagar, 2.Tirunelveli (C)
N.G.O Colony Ward No 54 Vimas  Sqare 1St St,3.Tirunelveli (C) N.G.O.Colony Ward No 54 Vimas Sqare  2Nd Street, 4.Tirunelveli (C) N.G.O.Colony Ward No 41 V.G.P Nagar, 5.Tirunelveli (C) N.G.O. Colony Ward No 41 Bharathi Nagar Extension Near S.T.C. College, , 6.Tirunelveli (C) N.G.O. Colony Ward No 41 Bharathi Nagar 6Th Street,Extension Near S.T.C.College,7.Tirunelveli (C) N.G.O.Colony Ward No 54 Masia Nagar,8.Tirunelveli (C) N.G.O. Colony Ward No 41 K.M.A. Nagar,9.Tirunelveli (C) N.G.O Colony Ward No 54 Cathidral Colony,10.Tirunelveli (C) N.G.O.Colony Ward No 41 Bharathi Nagar 1St Street, Near S.T.C. College ,11.Tirunelveli (C) N.G.O.Colony Ward No 41 Barathi Nagar 2Nd Street, Near S.T.C College ,12.Tirunelveli (C) N.G.O. Colony Ward No 41 Bharathi Nagar Cross Street(4Th Street) ,13.Tirunelveli (C) N.G.O.Colony Ward No 54 New Nehru Nagar, 14.Tirunelveli (C) Ngo Colony Ward No 41 S.T.C. Road, 999.Overseas Electors",General
183,226,183,"St.Joseph Girls Hr.Sec.School , South Building XI the B Class Room N.G.O. A. Colony.","1.Tirunelveli (C) N.G.O.Colony Ward No 41  Thendral Nagar, , 2.Tirunelveli (C) N.G.O.Colony Ward No 54 Alagar Nagar, , 3.Tirunelveli (C) N.G.O.Colony Ward No 54 Marphy Nagar, , 4.Tirunelveli (C) N.G.O.Colony Ward No 41 Nethaji Nagar, , 5.Tirunelveli (C) N.G.O.Colony Ward No 54 Spencer Colony, , 6.Tirunelveli (C) N.G.O.Colony Ward No 41 Apollo  Colony, , 7.Tirunelveli (C) N.G.O.Colony Ward No 54 State Bank Colony, 8.Tirunelveli (C) N.G.O.Colony Ward No 54 Valluvar Colony, , 9.Tirunelveli (C) N.G.O.Colony Ward No 54 Valluvar Colony South Side, , 10.Tirunelveli (C) N.G.O.Colony Ward No 54 Vinayakar Colony 1St  Street, , 11.Tirunelveli (C) N.G.O.Colony Ward No 54 Vinayakar Colony  3Rd  Street, , 12.Tirunelveli (C) N.G.O.Colony Ward No 54 Vinayakar Colony  3Rd  Street, , 13.Tirunelveli (C) N.G.O.A. Colony Ward No 54 Vinayakar Colony  4Th Street, , 999.Overseas Electors",General
184,226,184,"St. Joseph Girls Hr. Sec. School ,Eastern Building, 11th A Class Room, N.G.O. A. Colony.","1.Tirunelveli (C) Ngo Colony Ward No. 41 S.T.C 1St Cross Street, , 2.Tirunelveli
(C) Ngo Colony Ward No. 41 Hariraj Street, , 3.Tirunelveli (C) Ngo Colony Ward No 41  Kurinchi Avenue, , 4.Tirunelveli (C) Ngo Colony Ward No 51 Chellathai Nagar 1St  Street, , 5.Tirunelveli (C) Ngo Colony Ward No 51 Chellathai Nagar 2Nd Street, , 6.Tirunelveli (C) Ngo Colony Ward No 51 Kurnichi Nagar North Street, , 7.Tirunelveli (C) Ngo Colony Ward No. 51 Kurinchi Nagar South Street,
, 8.Tirunelveli (C) Ngo Colony Ward No 51 Jail Singh Nagar South Street, , 9.Tirunelveli (C) Ngo Colony Ward No 51 Jail Singh Nagar East Street, , 10.Tirunelveli (C) Ngo Colony Ward No 51 Jail Singh Nagar North Street, , 11.Tirunelveli (C) Ngo Colony Ward No 51 Jail Singh Nagar 1St Street, , 12.Tirunelveli (C) Ngo Colony Ward No 51 Jail Singh Nagar 2Nd Street, , 13.Tirunelveli (C) Ngo Colony Ward No 51 Jail Singh Nagar 3Rd Street, , 14.Tirunelveli (C) Ngo Clony Ward No. 51 Mother Therasa Street, , 15.Tirunelveli (C) Ngo Colony Ward No 53 Iyyappa Nagar 1St Cross Street, , 16.Tirunelveli (C) Ngo Colony Ward No 53 Iyyappa Nagar  2Nd Cross Street, , 17.Tirunelveli (C) N.G.O.Colony Ward No 53 Iyyappa Nagar East Main Road, , 18.Tirunelveli (C) Ngo Colony Ward No 54 Aanaiyarkulam North Street, , 19.Tirunelveli (C) Ngocolony Ward No 53 Pillaiyar Kovil St , 20.Tirunelveli (C)
N.G.O Colony Ward No 54 Aanaiyarkulam North Street, ,  999.Overseas Electors",General
185,226,185,"St. Joseph Girls Hr. Sec. School ,Eastern Building, 12th C Class Room, N.G.O. A. Colony.","1.Tirunelveli (C) Ngo Colony Ward No 54 Sivanthi Athithan Colony, , 2.Tirunelveli (C) Ngo Colony Ward No 54 Canarabank Colony 1St Street, , 3.Tirunelveli (C) Ngo Colony Ward No 54 Canarabank Colony  2Nd Street , 4.Tirunelveli (C) Ngo Colony Ward No 54 Canarabank Colony  3Rd Street(South Middle Street) , 5.Tirunelveli (C) Ngo Colony Ward No 54 Canara Bank Colony 4Th  Middle Street, , 6.Tirunelveli (C) Ngo Colony Ward No 54 Canara Bank Colony  5Th  Middle Street,, , 7.Tirunelveli (C) Ngo Colony Ward No 54 Canara Bank Colony  6Th Middle Street, , 8.Tirunelveli (C) Ngo Colony Ward No 54 Vasanth Nagar 2Nd Cross Street , 9.Tirunelveli (C) Ngo Colony Ward No 54 Vasanth Nagar, , 10.Tirunelveli (C) Ngo Colony N.G.O. Colony Ward No 54 1St Cross Street, 11.Tirunelveli (C) Ngo Colony Ward No 54 Slum Clerance Board Colony, , 12Tirunelveli (C) Ngo Colony Ward No 54 Geerthi Nagar, , 13.Tirunelveli (C) Ngo Colony Ward No 54 Sri Ram Square, ,14.Tirunelveli (C) N.G.O.Colony Ward No 54 Besent Nagar, , 999.Overseas Electors",General
186,226,186,St. Joseph Girls Hr. Sec. School Campus St. Xavier Nursery and Primary School New Building L.K.G. Class Room N.G.O. A. Colony.,"1.Tirunelveli (C) Ngo Colony Ward No 54 Thirumal Nagar-I(Door no.1-167), , 999.Overseas Electors",General
187,226,187,"St. Joseph Girls Hr. Sec. School, southern block western side east portion  N.G.O. A. Colony.","1.Tirunelveli (C) Ngo Colony Ward No 54 Thirumal Nagar-II(Door no.167E2-Q15), , 999.Overseas Electors",General
188,226,188,"St. Joseph Girls Hr. Sec. School , Western Builidng, East Side. N.G.O. A. Colony, Palayamkottai","1.Tirunelveli (C) Ngocolony Ward No 54 N.G.O Colony 11Th Cross Street, , 2.Tirunelveli (C) Ngocolony Ward No 54 N.G.O Colony 12Th Cross Street, , 3.Tirunelveli (C) Ngo Colony Ward No 54 N.G.O Colony 13Th Cross Street, , 4.Tirunelveli (C) Ngo Colony Ward No 54 N.G.O Colony 14Th Cross Street, , 5.Tirunelveli (C) Ngo Colony Ward No 54 N.G.O Colony 15Th Cross Street, , 6.Tirunelveli (C) Ngo Colony Ward No 54 N.G.O Colony 16Th Cross Street, , 7.Tirunelveli (C) Ngo Colony Ward No 54 Slum Clearance Board Colony Main Street, , 8.Tirunelveli (C) Ngo Colony Ward No 54 Slum Clerance Board Colony,
, 9.Tirunelveli (C) Ngo Colony Ward No 41 Asirvatha Nagar, , 10.Tirunelveli (C) Ngo Colony Ward No 41 Saron Street, , 11.Tirunelveli (C) Ngo Colony Ward No. 41 Narayanan Nagar, , 12.Tirunelveli (C) Ngo Colony Ward No 41 Thriuvalluvar Street, , 13.Tirunelveli (C) Ngo Colony Ward No 41 Thirumarai Nagar, , 14.Tirunelveli (C) Ngo Colony Ward No 41 K.L.N. Colony, , 15.Tirunelveli (C) Ngo Colony Ward No 51 Sivasakthi Nagar, , 16.Tirunelveli (C) N.G.O Colony Ward No 51 Isak Nagar , 999.Overseas Electors",General
189,226,189,"St. Joseph Girls Hr. Sec. School , Western building, Western Side, N.G.O.A. Colony, Palayamcottai","1.Tirunelveli (C) N.G.O. Colony Ward No 54 N.G.O Colony North Main Road, , 2.Tirunelveli (C) Ngo Colony Ward No 54 1St Cross Street, , 3.Tirunelveli (C) Ngo Colony Ward No 54 2Ngo Colony  2Nd Cross Street, , 4.Tirunelveli (C) Ngo Colony Ward No 54 2Nd Cross Street, , 5.Tirunelveli (C) Ngo Colony Ward No 54 3Rd, Cross Street, , 6.Tirunelveli (C) Ngo Colony Ward No 54 4Th Cross Street, , 7.Tirunelveli (C) Ngo Colony Ward No 54 5Th Cross Street, , 8.Tirunelveli (C) Ngo Colony Ward No 54 6Th Cross Street, , 999.Overseas Electors",General
190,226,190,"St. Joseph Girls Hr. Sec. School ,Eastern Builidng, Western Side XI F Std Class Room ,
N.G.O.A. Colony, Palayamcottai","1.Tirunelveli (C) Ngo Colony Ward No 54 7Th Cross Street, , 2.Tirunelveli (C) Ngo Colony Ward No 54 8Th Cross Street, , 3.Tirunelveli (C) Ngo Colony Ward No 53 9Th Cross Street, , 4.Tirunelveli (C) Ngo Colony Ward No 54 10Th Cross Street, , 5.Tirunelveli (C) Ngo Colony Ward No 54 N.G.O Colony East Main Road, , 6.Tirunelveli (C) Ngo Colony Ward No 53 West Main Road, , 7.Tirunelveli (C) Ngo Colony Ward No 53 Thergu Vill Thaduppu Street, , 8.Tirunelveli (C) Ngocolony Ward No 53 South Main Road , 999.Overseas Electors",General
191,226,191,"St.Joseph Primary School, , Eastern Wing, Near R.T.O Office N.G.O.B Colony, Palayamkottai","1.Tirunelveli (C) N.G.O.Colony Ward No 51  Thiru Nagar T.N.H.B. Colony, West Street, , 2.Tirunelveli (C) N.G.O.Colony Ward No 51  Thiru Nagar T.N.H.B. Colony, 1St West Street, , 3.Tirunelveli (C) N.G.O.Colony Ward No 51  Thiru Nagar T.N.H.B. Colony,South Street, , 4.Tirunelveli (C) N.G.O.Colony Ward No
51  Thiru Nagar T.N.H.B. Colony, 1St South Street, , 5.Tirunelveli (C) N.G.O.Colony Ward No 51 Thiru Nagar T.N.H.B. Colony Reddiyar Patti, East Street , 6.Tirunelveli (C) N.G.O.Colony Ward No 51  Thiru Nagar T.N.H.B. Colony East Street, , 7.Tirunelveli (C) N.G.O.Colony Ward No 51  Tirunagar
T.N.H.B. Colony North Street, , 8.Tirunelveli (C) N.G.O.Colony Ward No 51 Tirunagar T.N.H.B. Colony  Water Tank Street, , 9.Tirunelveli (C) N.G.O.Colony Ward No 51 T.N.H.B. Colony 1St Street, , 10.Tirunelveli (C) N.G.O Colony Ward No 51 T.N.H.B. Colony 2Nd St , 11.Tirunelveli (C) N.G.O.Colony Ward No 51
T.N.H.B. Colony  Middle Street, 12.Tirunelveli (C) N.G.O.Colony Ward No 53 Drivers Office Assistant Colony,  3Rd Cross Street, , 13.Tirunelveli (C) N.G.O.Colony Ward No 53 Driver Office Assistant Colony,  1st Pillaiyar Koil Street, , 14.Tirunelveli (C) N.G.O. Colony Ward No 53 Driver Office Assistant Colony, 2nd Pillaiyar Koil Street, , 15.Tirunelveli (C) N.G.O.Colony Ward No 53 Driver Office Assistant Colony, 3rd  Pillaiyar Koil Street, , 16.Tirunelveli (C) N.G.O.Colony Ward No 53 Driver Office Assistant Colony, 4th Pillaiyar Koil Street,  999.Overseas Electors",General
192,226,192,"St.Joseph Primary School , western Wing,IIIrd A Class Room Near R.T.O Office
N.G.O.B Colony, Palayamkottai","1.Tirunelveli (C) N.G.O.Colony Ward No 51  Rajnagar 1St St, , 2.Tirunelveli (C) N.G.O.Colony Ward No 51 Rajnagar 2Nd Street, , 3.Tirunelveli (C) N.G.O.Colony Ward No 51 Rajnagar 3Rd Street, , 4.Tirunelveli (C) N.G.O.Colony Ward No 51 Rajnagar West Street, , 5.Tirunelveli (C) N.G.O.Colony Ward No 51 Rajnagar  South Street , 6.Tirunelveli (C) N.G.O.Colony Ward No 51 Rajnagar  South West Street , 7.Tirunelveli (C) N.G.O.Colony Ward No 51 Rajnagar East Street, , 8.Tirunelveli (C) N.G.O.Colony Ward No 51 Karpaga Vinayagar North Street, , 9.Tirunelveli (C) N.G.O.Colony Ward No 51 Karpaga Vinayagar Main Road, , 10.Tirunelveli (C) N.G.O.Colony Ward No 51 Karpaga Vinayagar Nagar South Street, , 11.Tirunelveli (C) N.G.O.Colony Ward No 51 Sieon Street, , 12.Tirunelveli (C) N.G.O.Colony Ward No 53 N.G.O. A. Colony Extension 1St Street, , 13.Tirunelveli (C) N.G.O.Colony Ward No 53 N.G.O. A. Colony Extension North Street , 14.Tirunelveli (C) N.G.O.Colony Ward No 53 N.G.O. A. Colony Extension  2Nd Street, , 15.Tirunelveli (C) N.G.O.Colony Ward No 53 N.G.O. A. Colony Extension South Street, , 16.Tirunelveli (C) N.G.O.Colony Ward No 53
N.G.O. A. Colony Extension East Street, , 17.Tirunelveli (C) N.G.O.Colony Ward No 51 Madurai.H.B. Colony, 18.Tirunelveli (C) N.G.O.Colony Ward No 53 Drivers Office Assistant Colony,  1 Cross Street, , 19.Tirunelveli (C) N.G.O. Colony Ward No 53 Drivers Office Assistant Colony,  2Nd  Cross Street, 999.Overseas Electors",General
193,226,193,"St.Joseph Primary School , Western Portion
R.T.O Office N.G.O.B Colony, Palayamkottai","1.Tirunelveli (C) N.G.O.Colony Ward No 51 Mahizhchi Nagar-I(Door no.1-L121), , 999.Overseas Electors",General
194,226,194,"St.Joseph Primary School ,Western Wing, IV Class room Near R.T.O Office, N.G.O.B Colony, Palayamkottai","1.Tirunelveli (C) N.G.O. Colony, Ward No 51 Rajendra Nagar, , 2.Tirunelveli (C)
N.G.O. Colony, Ward No 51 Krishna Nagar, , 3.Tirunelveli (C) N.G.O. Colony, Ward No 51 Reddiyarpatti Road, , 4.Tirunelveli (C) N.G.O. Colony,Ward No 53
N.G.O. Colony 6Th Street, , 5.Tirunelveli (C) N.G.O. Colony,Ward No 53 N.G.O. Colony 7Th Street, , 6.Tirunelveli (C) N.G.O. Colony,Ward No 53 N.G.O. Colony 8Th Street, , 7.Tirunelveli (C) N.G.O. Colony,Ward No 53 N.G.O. Colony 9Th Street, , 8.Tirunelveli (C) N.G.O. Colony,Ward No 53 East Street, , 9.Tirunelveli
(C) N.G.O. Colony,Ward No 53 Tenth Street, , 10.Tirunelveli (C) N.G.O. Colony,Ward No 53 Eleventh Street, , 11.Tirunelveli (C) N.G.O. Colony,Ward No 53 South Street, , 12.Tirunelveli (C) N.G.O. Colony,Ward No 53 Twelth Street, , 13.Tirunelveli (C) N.G.O.New Colony,Ward No 53 N.G.O.New Colony 13Th Street, , 14.Tirunelveli (C) N.G.O.New Colony, Ward No 53 N.G.O.New Colony 14Th Street, , 15.Tirunelveli (C) N.G.O.New Colony,Ward No 53  N.G.O.New Colony 15Th Street, , 16.Tirunelveli (C) N.G.O.New Colony,Ward No 53 N.G.O.New Colony 16Th Street, , 17.Tirunelveli (C) N.G.O.New Colony,Ward No 53 N.G.O.New Colony 17Th Street, , 18.Tirunelveli (C) N.G.O.New Colony,Ward No 53 Neela Kanda Nagar, , 19.Tirunelveli (C) N.G.O.New Colony, Ward No 53 West Street, East Street, South Street, North Street, , 20.Tirunelveli (C) N.G.O.New Colony,Ward No 51 N.G.O.New Colony,Roja Nagar West Street, East Street, South Street, North Street , 21.Tirunelveli (C) N.G.O.New Colony,Ward No 51 Rajendra Nagar South Street, North Street, , 22.Tirunelveli (C) N.G.O.New Colony,Ward No 51 Central Excise Colony, ,",General
195,226,195,"St.Joseph Primary School, North Building, East portion  Near R.T.O Office, N.G.O.B Colony, Palayamkottai","1.Tirunelveli (C) N.G.O. Colony, Ward No 53 R.T.O. Road, , 2.Tirunelveli (C)
N.G.O. Colony, Ward No 51 Neelakandan Nagar, , 3.Tirunelveli (C) N.G.O. Colony, Ward No 51 Central Excise Colony, 4.Tirunelveli (C) N.G.O. Colony, Ward No 51 Roja Nagar, 5.Tirunelveli (C) N.G.O.Colony Ward No 51 Mahizhchi Nagar-II(Door no.L123-L1597),999.Overseas Electors",General
196,226,196,"Amala Primary School, North Part, 1st Room
N.G.O.B Colony, Jawahar Nagar Palayamcottai","1.Tirunelveli (C) N.G.O. Colony Ward No 53 N.G.O. B Colony 1St Street, , 2.Tirunelveli (C) N.G.O.Colony Ward No 53 N.G.O. B Colony 2Ndstreet, , 3.Tirunelveli (C) N.Go.Colony Ward No 53 N.G.O. B Colony 3Rd Street, , 4.Tirunelveli (C) N.G.O.Colony Ward No 53 N.G.O. B Colony 4Th Street(Pallivasal Street) , 5.Tirunelveli (C) N.G.O.Colony Ward No 53 Ngo B Colony 5Th Street, , 6.Tirunelveli (C) N.G.O.Colony Ward No 53 Ngo B Colony 6Th Street, , 7.Tirunelveli (C) N.G.O.Colony Ward No 53 Ngo B Colony 7Th Street, , 8.Tirunelveli (C) N.G.O.Colony Ward No 53 Ngo B Colony 8Th Street, , 9.Tirunelveli (C) N.G.O.Colony Ward No 53 Ngo B Colony 9Th Street, , 10.Tirunelveli (C) N.G.O.Co.Ony Ward No 53 Ngo B Colony 10Th Street, 11.Tirunelveli (C) N.G.O.Colony Ward No 53 Ngo B Colony 11Th Street, , , 999.Overseas Electors",General
197,226,197,"Amala Primary School North part IInd Room
N.G.O.B Colony, Jawahar Nagar Palayamcottai","1.Tirunelveli (C) N.G.O.Colony Ward No 53 Ngo B Colony 12Th Street, ,
2.Tirunelveli (C) N.G.O.Colony Ward No 53 Ngo B Colony 13Th Street, , 3.Tirunelveli (C) N.G.O. Colony Ward No 53 Ngo B Colony 14Th Street, , 4.Tirunelveli (C) N.G.O.Colony Ward No 53 Ngo B Colony 15Th Street, , 5.Tirunelveli (C) N.G.O.Colony Ward No 53 Ngo B Colony 16Th Street, , 6.Tirunelveli (C) N.G.O.Colony Ward No 53 Ngo B Colony 17Th Street, , 7.Tirunelveli (C) N.G.O.Colony Ward No 53 Ngo B Colony 18Th Street, , 8.Tirunelveli (C) N.G.O.Colony Ward No 53 Ngo B Colony 19Th Street, , 9.Tirunelveli (C) N.G.O.Colony Ward No 53 Ngo B Colony 20Th Street, , 10.Tirunelveli (C) N.G.O.Colony Ward No 53 Ngo B Colony 21Th Street, , 11.Tirunelveli (C) N.G.O.Cilony Ward No 53 Ngo B Colony 22Nd Street, , 12.Tirunelveli (C) N.G.O. Colony Ward No 53 Ngo B Colony 23Rd Street, , 13.Tirunelveli (C) N.G.O. Colony Ward No 53 Ngo B Colony 24Th Street, , 14.Tirunelveli (C) N.G.O. Colony Ward No 53 Ngo B Colony 25Th Street, , 15.Tirunelveli (C) N.G.O. Colony Ward No 41 Pioneer Kumarasamy Nagar West Street, , 16.Tirunelveli (C) N.G.O. Colony Ward No 41 Pioneer Kumarasamy Nagar South Street, , 17.Tirunelveli (C) N.G.O. Colony Ward No 41 Pioneer Kumarasamy Nagar North Street, , 18.Tirunelveli (C) N.G.O. Colony Ward No 41 Pioneer Kumarasamy Nagar 1St Street, , 19.Tirunelveli (C) N.G.O. Colony Ward No 41 Pioneer Kumarasamy Nagar  2Nd Street, , 20.Tirunelveli (C) N.G.O.Colony Ward No 41 Pioneer Kumarasamy Nagar, Main Street , 21.Tirunelveli (C) N.G.O. Colony Ward No 41 Pioneer Kumarasamy Nagar  4Th",General
198,226,198,"Amala Primary School North Part 3rd Room
N.G.O.B Colony, Jawahar Nagar Palayamkottai","1.Tirunelveli (C) Ngo Collony Ward No 53 N.G.O. Colony Mullai Nagar North St, , 2.Tirunelveli (C) Ngo Colony Ward No 53 N.G.O. Colony Mullai Nagar Middle Street, , 3.Tirunelveli (C) Ngo Colony Ward No 53 N.G.O. Colony Mullai Nagar  East Street, , 4.Tirunelveli (C) Ngo Colony Ward No 53 N.G.O. Colony Mullai Nagar  South Street, , 5.Tirunelveli (C) Ngo Colony Ward No 53 Anna Nagar, , 6.Tirunelveli (C) Ngo Colony Ward No 53 Saron Nagar West Street, , 7.Tirunelveli (C) Ngo Colony Ward No 53 Saron Nagar North Street, , 8.Tirunelveli (C) Ngo Colony Ward No 53 Saron Nagar South Street, , 9.Tirunelveli (C) Ngo Colony Ward No 53 State Bank Colony R.T.O Road, , 10.Tirunelveli (C) Ngo Colony Ward No 53 State Bank Colony East Street, , 11.Tirunelveli (C) Ngo Colony Ward No 53 State Bank Colony North Street, , 12.Tirunelveli (C) Ngo Colony Ward No 53 State Bank Colony Middle Street, , 13.Tirunelveli (C) Ngo Colony Ward No 53 State Bank Colony South Street, , 14.Tirunelveli (C) Ngo Colony Ward No 53 State Bank Colony Post Office Street,
, 15.Tirunelveli (C) Ngo Colony Ward No 53 State Bank Colony Post Office West Street, , 16.Ngo Colony Ward No 53 Sb Colony West Street, , 999.Overseas Electors",General
199,226,199,"Amala Primary School ,Southern Portion, Hostal, N.G.O.B Colony, Jawahar Nagar Palayamcottai","1.Tirunelveli (C) N.G.O Colony Ward No 53 Near Thiruvananthapuram Rajarajeshwari Nagar North Street, ,2.Tirunelveli (C) N.G.O Colony Ward No 53Thiruvanantaha Puram Road Rajarajeshwari Nagar 4Th North Street, , 3.Tirunelveli (C) N.G.O Colony Ward No 53 Thiruvandrum Road Samibam Raja Rajesgwarinagar South Street, , 4.Tiruneveli ( C ) N.G.O Colony Ward No 53 Thiruvandrum Road Samibam Rajarajeshwari 1St South Street, , 5.Tiruneveli ( C
) N.G.O Colony Ward No 53 Ram Vilas Nagar North Street, , 6.Tirunelveli (C) N.G.O.Colony Ward No 53 Ram Vilas Nagar Middle Street, , 7.Tirunelveli (C)N.G.O.Colony Ward No 53 Ram Vilas Nagar South Street, , 8.Tirunelveli (C) N.G.O.Colony Ward No 51 Sakthi Nagar 1St Street, , 9.Tirunelveli (C) N.G.O.Colony Ward No 51 Sakthi Nagar 3Rd Street, , 10.Tirunelveli (C) N.G.O.Colony Ward No 51 Sakthi Nagar 2Nd Street, , 11.Tirunelveli (C) N.G.O.Colony Ward No 51 Vinobhanagar, , 12.Tirunelveli (C) N.G.O.Colony Ward No 51 Roja Nagar Extension South Street, , 13.Tirunelveli (C) N.G.O.Colony Ward No 51 Roja Nagar Extension South Street, , 14.Tirunelveli
(C) N.G.O.Colony Ward No 53 Udaya Nagar West Street, , 15.Tirunelveli (C) N.G.O.Colony Ward No 53 Udaya Nagar 1St West Street, , 16.Tirunelveli (C) N.G.O.Colony Ward No 53 Udayanagar Main Street , 17.Tirunelveli (C) N.G.O.Colony Ward No 53 Udayanagar  1St East Street, , 18.Tirunelveli (C) N.G.O.Colony Ward No 53 Udayanagar 2Nd East Street, , 19.Tirunelveli (C) N.G.O.Colony Ward No 53 Udayanagar 1St West Street, , 20.Tirunelveli (C) N.G.O.Colony Ward No 53 Udaya Nagar North Street , 999.Overseas Electors",General
200,226,200,"TDTA Jeyaraj Annapackiam Matric Hr.Sec. School ,Main Building North Portion, Xth and XIth Class Room Tuckarammalpuram","1.Tirunelveli (C) N.G.O.Colony Ward No 51 Tamil Nagar East Street, , 2.Tirunelveli (C) N.G.Ocolony Ward No 51 Tamil Nagar 1 St East Street, , 3.Tirunelveli (C) N.G.O.Colony Ward No 51 Tamil Nagar 3Rd Middle East Street, , 4.Tirunelveli (C) N.G.O.Colony Ward No 51 Tamil Nagar West Street, , 5.Tirunelveli (C) N.G.O.Colony Ward No 51 Tamilnagar 1St West Street, , 6.Tirunelveli (C) N.G.O.Colony Ward No 51 Tamilnagar 1St Middle Street, , 7.Tirunelveli (C) N.G.O.Colony Ward No 51 Tamilnagar  2Nd Middle Street , 8.Tirunelveli (C) N.G.O.Colony Ward No 51 Tamilnagar  3Rd Middle Street, 9.Tirunelveli (C) Melapalayam Ward No 51 Teachers Colony, , 10.Tirunelveli (C) Melapalayam Ward No 51 Engineer College Servents Quarters , 999.Overseas Electors",General
201,226,201,"TDTA Jeyaraj Annapackiam Matric Hr.Sec. School ,Main Building North Portion, Hall no. 10 Tuckarammalpuram","1.Tirunelveli (C) Melapalayam Ward No 51 Tuckkerammal Puram, 999.Overseas Electors",General
202,226,202,"T.D.T.A Primary School, ,Northern hall, Westpotion , Pandidurai 2nd Street. Ward 1. Kulavanigarpuram","1.Tirunelveli (C) Kulavanikarpuram Ward No 43 Kulavanigarpuram Yadavar 1St Street, , 2.Tirunelveli (C) Kulavanikarpuram Ward No 43 Kulavanigarpuram Yadavar 2Nd Street, , 3.Tirunelveli (C) Kulavanikarpuram Ward No 43 Kulavanigarpuram Yadavar 3Rdstreet, , 4.Tirunelveli (C) Kulavanikarpuram Ward No 43 Kulavanigarpuram Yadavar 4Th Street, , 5.Tirunelveli (C) Kulavanikarpuram Ward No 31 Jeba Malai Street, Madhakoil Street , 999.Overseas Electors",General
203,226,203,"T.D.T.A Primary School, Eastern Portion, Northern hall, Pandithurai2ndst Kulavanigarpuram","1.Tirunelveli (C) Kulavanikarpuram Ward No 31 Melakulavanigarpuram Road, , 2.Tirunelveli (C) Kulavanikarpuram Ward No 31 Pilliyar Koil 1St Street, , 3.Tirunelveli (C) Kulavanikarpuram Ward No 31 Pilliyar Koil 2Nd Street, , 4.Tirunelveli (C) Kulavanikarpuram Ward No 31 Pilliyar Koil 3rd Street, , 5.Tirunelveli (C) Kulavanikarpuram Ward No 31 Pilliyar Koil 4Th Street, ,, 6.Tirunelveli (C) Kulavanikarpuram Ward No 31 Pandidurai 3Rd Street, , 999.Overseas Electors
Page 63 of 78",General
204,226,204,"T.D.T.A Primary School, SouthPortion Eastern Hall, Pandithurai 2nd st Kulavanigarpuram","1.Tirunelveli (C) Kulavanikarpuram Ward No 31 Kulavanigarpuram Pandidurai Ist Street, 2.Tirunelveli (C) Kulavanikarpuram Ward No 31 Pandidurai 2Nd Street , 999.Overseas Electors",General
205,226,205,Integrated Child Development Centre Building No:89 Kulavanigarpuram,"1.Tirunelveli (C) Kulavanikarpuram Ward No 31 Kulvanigarpuram Mainroad, , 999.Overseas Electors",General
206,226,206,"Flowrence sweinson Deaf and Dum High School ,Auditorium Hall North Portion Eastern Side, Thiruvanandapuram Road, Kulavanigarpuram,","1.Tirunelveli (C) Kulavanikarpuram Ward No 43 Ambasamudram Road, , 2.Tirunelveli (C) Kulavanikarpuram Ward No 43 Masilamani Nagar 1St Street, ,
,  999.Overseas Electors",General
207,226,207,"Flowrence sweinson Deaf and Dum High School ,Auditorium Hall North Portion Western Side, Thiruvanandapuram Road, Kulavanigarpuram,","1.Tirunelveli (C) Kulavanikarpuram Ward No 52 Xavier Colony 1St Lane, , 2.Tirunelveli (C) Kulavanikarpuram Ward No 52 Xavier Colony,2Nd Street, , 3.Tirunelveli (C) Kulavanikarpuram Ward No 52 Xavier Colony,3Rd Street, , 4.Tirunelveli (C) Kulavanikarpuram Ward No 52 Xavier Colony 4Th Street , 5.Tirunelveli (C) Kulavanikarpuram Ward No 52 Xavier Colony 5Th Street , 6.Tirunelveli (C) Kulavanikarpuram Ward No 52 Xavier Colony 6Th Street , 7.Tirunelveli (C) Kulavanikarpuram Ward No 52 Xavier Colony 7Th Street , 8.Tirunelveli (C) Kulavanikarpuram Ward No 52 Xavier Colony,3Rd Cross Street, , 9.Tirunelveli (C) Kulavanikarpuram Ward No 52 Xavier Colony, 8Th Street , 10.Tirunelveli (C) Kulavanikarpuram Ward No 52 Xavier Colony, 9Th Street , 11.Tirunelveli (C) Kulavanikarpuram Ward No 52 Xavier Colony, 10Th Street , 12.Tirunelveli (C) Kulavanikarpuram Ward No 52 Xavier Colony, 11Th Street , 13.Tirunelveli (C) Kulavanikarpuram Ward No 52 Xavier Colony, S.T. Thomas Street, , 14.Tirunelveli (C) Kulavanikarpuram Ward No 43 Bye Pass Road, , 15.Tirunelveli (C) Kulavanikarpuram Ward No 43 Jeba Nagar 2Nd Street,
, 16.Tirunelveli (C) Kulavanikarpuram Ward No 43 T.Nagar, , 17.Tirunelveli (C) Kulavanikarpuram Ward No 43 Natchiar Colony, , 18.Tirunelveli (C) Kulavanikarpuram Ward No 52 Xavier Colony Main Road, , 19.Tirunelveli (C) Kulavanikarpuram Ward No 52 Meena Typing Compound, , 20.Tirunelveli (C) Kulavankrpuarm Engineers Colony Ward 52 , 999.Overseas Electors",General
208,226,208,"Flowrence sweinson Deaf and Dum High School, South building middle portion, Thiruvanandapuram Road, Kulavanigarpuram,","1.Tirunelveli (C) Kulavanikarpuram Ward No 52 Xavier Colony,2.Kulavanikarpuram Ward No 43 Masilamani Nagar 2Nd Street, 3.Tirunelveli (C) Kulavanikarpuram Ward No 43 Masilamani Nagar 3Rd Street,
,4.Tirunelveli (C) Kulavanikarpuram Ward No 43 Siyon Nagar, , 4.Tirunelveli
(C) Kulavanikarpuram Ward No 28 Happy Colony, , 6.Tirunelveli (C) Kulavanikarpuram Ward No 28 Kulavanigarpuram Chruch Street, , 7.Tirunelveli
(C) Kulavanikarpuram Ward No 29 Central Jail Police Quarters,  , 999.Overseas Electors",General
209,226,209,"St. Thomas High School ,Central Portion, Eastern Building, Section 9th – A, Kulavanigarpuram Main Road, Kurichi.","1.Tirunelveli (C) Melapalayam Ward No 44 Seigul Akbar Street -I(Door no.1-152a), 999.Overseas Electors",General
210,226,210,"St. Thomas High School ,Central Block, Eastern Portion, section XA Kulavanigarpuram Main Road, Kurichi.","3.Tirunelveli (C) Melapalayam Ward No 45  Andaver 3Rd Street, , 4.Tirunelveli
(C) Melapalayam Ward No 45  Kokattikualm Road, , 5.Tirunelveli (C) Melapalayam Ward No. 45  Kalvath Nayagam Street, , 6.Tirunelveli (C) Melapalayam Ward No 45  Abulkalam Asath Street , 7.Tirunelveli (C) Melapalayam Ward No 45  Hospital Road, , 999.Overseas Electors",General
211,226,211,"St. Thomas High School ,Central Portion, middle building hall no. 4 Kulavanigarpuram Main Road, Kurichi.","1.Tirunelveli (C) Melapalayam Ward No 45 Andavar 1St Street, 2.Tirunelveli (C) Melapalayam Ward No 45  Andaver 2Nd Street,3.Tirunelveli (C) Melapalayam Ward No 44 Seigul Akbar Street -II(Door no.163-316),999.Overseas Electors",General
212,226,212,"Corporation Primary School, 3rd Std Class Room West Portion,Nethaji Road Kurichi, Melapalayam","1.Tirunelveli (C) Kurichi Ward No 45  Choka Nathakoil Sannathi Street, , 2.Tirunelveli (C) Kurichi Ward No 45  Maruthupandiar 2Nd Street, , 3.Tirunelveli (C) Kurichi Ward No 45  Maruthu Pandiar 3Rd Street, , 4.Tirunelveli (C) Kurichi Ward No 45  Maruthupandiar 4Th Street, , 5.Tirunelveli
(C) Kurichi Ward No 45  Maruthupandiar Lane, , 6.Tirunelveli (C) Kurichi Ward No 45  Old  Police Station Street, , 7.Tirunelveli (C) Kurichi Ward No 45 Chokanatha Samy Koil 1St Street, , 8.Tirunelveli (C) Kurichi Ward No 45 Chokanatha Samy Koil  2Nd Street, , 9.Tirunelveli (C) Kurichi Ward No 45 Chokanatha Samy Koil 3Rd Street, , 10.Tirunelveli (C) Kurichi Ward No 45 Chokanatha Samy Koil 4Th Street, ,  999.Overseas Electors",General
213,226,213,"Corporation Primary School, ,North Bulding West Portion Nethaji Road Kurichi, Melapalayam","1.Tirunelveli (C) Kurichi Ward No 31 Santhamoorthi Street, , 2.Tirunelveli (C) Kurichi Ward No 31 Santahmoorthi Lane, , 3.Tirunelveli (C) Kurichi Ward No 31 Rajathi Nagar, , 999.Overseas Electors",General
214,226,214,"Integrated Child Development Centre, Corporation Primary School Campus
,Nethaji Road, Kurichi, Melapalayam","1.Tirunelveli (C) Kurichi Ward No 31 Agraharammela Kulavanigarpuram Pillaiyar Koil Street, , 2.Tirunelveli (C) Kurichi Ward No 31 Mela Kulavanigarpuram Pillaiyar Koil 2Nd Street, , 3.Tirunelveli (C) Kurichi Ward No 31 Mela Kulavanigarpuram Agraharam Street, 4.Tirunelveli (C) Kurichi Ward No 45  Maruthupandiar 1St Street , 5.Tirunelveli (C) Kurichi Ward No 45  Choka Natha Samy Koil Street, , 999.Overseas Electors",General
215,226,215,"Corporation Primary School, ,Westblock, South Building West Portion Nethaji Road Kurichi, Melapalayam","1.Tirunelveli (C) Kurichi Ward No 31 Kurichi Pilliyar Koil Street, , 2.Tirunelveli
(C) Kurichi Ward No 31 Mutharamman Koil Street, , 3.Tirunelveli (C) Kurichi Ward No 31 Kurichi Nethaji Road, , 4.Tirunelveli (C) Kurichi Ward No 31 South Kurunthudaiyarpuram, , 999.Overseas Electors",General
216,226,216,"Corporation Primary School, ,South Building, West Portion, Nethaji Road Kurichi, Melapalayam","1.Tirunelveli (C) Keelaveeraraghavapuram Ward No 31 Kamarajarpuram , 2.Tirunelveli (C) Kurichi Ward No 31 Krishnan Koil Street, , 3.Tirunelveli (C) Kurichi Ward No 43 Alagiri Puram , 999.Overseas Electors
Page 66 of 78",General
217,226,217,"Sri Ganesamoorthy Middle School,Southern Building , 8th Std Class Room, Maruthupandiar 3rd Street Kurichi, Melapalayam","1.Tirunelveli (C) Kurichi Ward No 45 Jamaliya  Thaikka Street, , 999.Overseas Electors",General
218,226,218,"Sri Ganesamoorthy Middle School, ,Southern Building , 1st Room, Maruthupandiar 3rd Street Kurichi, Melapalayam","1.Tirunelveli (C) Kurichi Ward No 45 Mothai Meera Pillai Street , 999.Overseas Electors",General
219,226,219,"Muslim Higher Secondary School, ,North Block, Additional New Building, East Part West Portion, Nethaji Road, Kurichi, Melapalayam","1.Tirunelveli (C) Kurichi Ward No 44 Nagammalpuram, ,2.Tirunelveli (C) Kurichi Ward No 44 Sivaraja Puram, , 3.Tirunelveli (C) Kurichi Ward No 44 Sivarajapuram East(Gandhi Nagar) ,  4.Tirunelveli (C) Kurichi Ward No 43 Veeramanickapuram West Street, , 5.Tirunelveli (C) Kurichi Ward No 43 Veeramanickapuram Cross Street, , 999.Overseas Electors",General
220,226,220,"Muslim Hr.sec. School, north block, east part, west portion, Kurichi, melapalayam","1.Tirunelveli (C) Kurichi Ward No 43 Veeramanickapuram 3Rd Street,2.Tirunelveli (C) Melapalayam Ward No 44 Vellaikaliba Sahib Street-II(Door no.157-210), 3.Tirunelveli (C) Melapalayam Ward No 44 Quai De Milleth Street-II(Door no.139-488B1), 4.Tirunelveli (C) Kurichi Ward No 43 Kumara Veedhi ,  999.Overseas Electors",General
221,226,221,"Muslim Higher Secondary School, ,North Block, Additional New Building, West Part West Portion, Nethaji Road, Kurichi, Melapalayam","1.Tirunelveli (C) Kurichi Ward No 43 Vasanthapuram North Street, , 2.Tirunelveli (C) Kurichi Ward No 43 Vasanthapuram North East Street, , , 3.Tirunelveli (C) Kurichi Ward No 43 Vasanthapuram North Street(Siyon Nagar)
, , 4.Tirunelveli (C) Kurichi Ward No 43 Vasanthapuram South Street, , 5.Tirunelveli (C) Kurichi Ward No 43 Vasanthapuram South 1St Street , 6.Tirunelveli (C) Kurichi Ward No 43 Vasanthapuram South 2Nd Street , 7.Tirunelveli (C) Kurichi Ward No 43 Vasanthapuram South 3Rd Street , 8.Tirunelveli (C) Kurichi Ward No 43 Vasanthapuram South 4Th Street , 9.Tirunelveli (C) Kurichi Ward No 43 Jeba Nagar(Vasantha Puram South Street) , 999.Overseas Electors",General
222,226,222,"Muslim Higher Secondary School, North Block Additional New Building, West Part West Portion 1st Room Nethaji Road, Kurichi.","1.Tirunelveli (C) Kurichi Ward No 43 Veeramanicka Puram 1St Street, , 2.Tirunelveli (C) Kurichi Ward No 43 Veeramanicka Puram 2Nd Street, , 3.Tirunelveli (C) Kurichi Ward No 43 Thomai Michael Puram, , 999.Overseas Electors",General
223,226,223,"Muslim Higher Secondary School, North Block Additional New Building, West Part West Portion 2nd Room Nethaji Road, Kurichi.","1.Tirunelveli (C) Kurichi Ward No 43 Jeba Malligai 1St Street, , 2.Tirunelveli (C) Kurichi Ward No 43 Jeba Malligai 2Nd  Street, , 3.Tirunelveli (C) Kurichi Ward No 43 Jeba Malligai 3Rd  Street, , 4.Tirunelveli (C) Kurichi Ward No 43 Jeba Malligai 4Th Street, , 5.Tirunelveli (C) Kurichi Ward No 43 Muppidathi Amman Koil Street, , 999.Overseas Electors",General
224,226,224,"Nehru Primary School, Western Portion Basheerappa North street Melapalayam","1.Tirunelveli (C) Melapalayam Ward No 46 Samayina Kadhar Methin Moopan Street, , 2.Tirunelveli (C) Melapalayam Ward No 46 Samayina Sheik Mohamed Moopan Street, , 999.Overseas Electors",General
225,226,225,"The Muslim Girls Hr.Sec.School, North Building 2nd room, M L M Nagar,Melapalayam.","1.Tirunelveli (C) Melapalayam Ward No 46 Hasarath Bilal Street, , 2.Tirunelveli
(C) Melapalayam Ward No 46 Amman Koil Lane, , 3.Tirunelveli (C) Melapalayam Ward No 46 North Amman Koil  Street, , 999.Overseas Electors",General
226,226,226,"Quide Millath Corporation Higher Secondary School High School Block ,New Building, Ground Floor Northern Block East Hall, Melapalayam","1.Tirunelveli (C) Melapalayam Ward No 45 Umaru Pulavar Street, , 2.Tirunelveli
(C) Melapalayam Ward No 45 School Street , 999.Overseas Electors",General
227,226,227,"Quide Millath Corporation Higher Secondary School Highschool Block, New Building Northern Block, WestSide Room Melapalayam","1.Tirunelveli (C) Melapalayam Ward 45 Aala Pillai Street, 2.Tirunelveli (C) Melapalayam Ward No 46 Khaja Nayagam Street-II(Door no.171-207) , 999.Overseas Electors",General
228,226,228,"Quide Millath Corporation Higher Secondary School, Primary School Block 3rd Std Class Room West Portion, Melapalayam","1.Tirunelveli (C) Melapalayam Ward 45 Selva Kadhar Steet, , 999.Overseas Electors",General
229,226,229,"Quide Millath Corporation Higher Secondary School, Southern Building, (Primary Section) Melapalayam","1.Tirunelveli (C) Melapalayam Ward No 46 Mylakkhader Street , 999.Overseas Electors",General
230,226,230,"Quide Millath Corporation Higher Secondary School High School Block , Eastern Building, Eastern Portion Melapalayam","1.Tirunelveli (C) Melapalayam Ward No 46 Khaja Nayagam Street-I (Door no.1-170), 999.Overseas Electors",General
231,226,231,"Panchayat Union Primary School, ,Western Portion, Melanatham","1.Tirunelveli (C) Melanatham Ward No 46 South Street(Melanatham), Main Road East Street , 2.Tirunelveli (C) Melanatham Ward No 46 Pilliyar Koil Street, , 999.Overseas Electors",General
232,226,232,"Panchayat Union Primary School, Northern Portion, Melanatham","1.Tirunelveli (C) Melanatham Ward No 46 Pilliyar Koilstreet(Panchayat Union Street), , 2.Tirunelveli (C) Melanatham Ward No 46 Amman Koil Street, , 3.Tirunelveli (C) Melanatham Ward No 46 Sivan Koil Street, , 4.Tirunelveli (C) Melanatham Ward No 46 Ambethkar Quarters , 999.Overseas Electors",General
233,226,233,"Integrated Children Development Scheme Centre No: 43 ,karuppanthurai (near Water Tank) Karrupandurai","1.Tirunelveli (C) Karuppanthurai Ward No 46 Karuppandurai Sathiya Nagar, , 2.Tirunelveli (C) Karupanthurai Ward No 46 Karuppandurai 1St South Street, , 999.Overseas Electors",General
234,226,234,"St. James Primary School, South Building middle portion, Karrupandurai","1.Tirunelveli (C) Karupanthurai Ward No 46 Karuppandurai 2Nd South Street, , 2.Tirunelveli (C) Karupanthurai Ward No 46 North Street, , 3.Tirunelveli (C) Karupandurai Ward No 46 Amman Koil North Street,  Indhira Nagar, , 4.Tirunelveli (C) Karupanthurai Ward No 46 North Puthu Manai Street , 999.Overseas Electors",General
235,226,235,"Panchayat Union Primary School ,Vilagam","1.Tirunelveli (C) Vilagam Ward No 46 North Vilagam, Vilagam North Street, , 2.Tirunelveli (C) Vilagam Ward No 46 South Vilagam, Vilagam South Street, , 999.Overseas Electors",General
236,226,236,"Arabic Madarasha Building ,Vava Pallivasal Compound Methamarpalayam, 3rd Street Melapalayam","1.Tirunelveli (C) Melapalayam Ward No 45 Methamar Palayam 1St Street, , 2.Tirunelveli (C) Melapalayam Ward No 45 Methamar Palayam 2Nd Street, , 3.Tirunelveli (C) Melapalayam Ward No 45 Methamar Palayam 3Rdstreet, , 4.Tirunelveli (C) Melapalayam Ward No 45 Abulkalam Asath Road , 999.Overseas Electors
Page 69 of 78",General
237,226,237,"Integrated Children Development Scheme Centre , No 33 Corporation ward office Melapalayam","1.Tirunelveli (C) Kurichi Ward No 44 Gurunatha Puram, , 2.Tirunelveli (C) Kurichi Ward No 31 Ashoka Veethi 1St  Street, , 3.Tirunelveli (C) Kurichi Ward No 31 Ashoka Veethi 2Nd  Street , , 4.Tirunelveli (C) Kurichi Ward No 44 Tiru Neelakanda Nayanar Steet, , 999.Overseas Electors",General
238,226,238,"Nehru Primary School, ,North Side, Baseerappa North St Melapalayam","1.Tirunelveli (C) Melapalayam Ward No 47 Pooli Puthu Street, , 2.Tirunelveli (C) Melapalayam Ward No 47 Mohideen Andavar Street , 3.Tirunelveli (C) Melapalayam Ward No 47 Anna Veedhi, 999.Overseas Electors",General
239,226,239,"Nehru Primary School, ,South Side
,Baseerappa North St Melapalayam","1.Tirunelveli (C) Melapalayam Ward No 47 Baseerappa Street, , 999.Overseas Electors",General
240,226,240,"Quide Millath Corporation Higher Secondary School Primary School  South Block,Eastern Portion Melapalayam","1.Tirunelveli (C) Melapalayam Ward No 47 Methammar Palayam 4Th Street, , 2.Tirunelveli (C) Melapalayam Ward No 47 Methammar Palayam 5Th Street , 999.Overseas Electors",General
241,226,241,"The Muslim Girls Hr.Sec.School, South Building 2nd room, M L M Nagar,Melapalayam.","1.Tirunelveli (C) Melapalayam Ward No 47 Buhari Thangal Thaikka Street, , 2.Tirunelveli (C) Melapalayam Ward No 47 Pound Road, , 3.Tirunelveli (C) Melapalayam Ward No 46 Ibrahim Sha Thaika Street, 999.Overseas Electors",General
242,226,242,"The Muslim Girls Hr.Sec.School, South Building Last room, M L M Nagar,Melapalayam.","1.Tirunelveli (C) Melapalayam Ward No 47 Bharathiyar Street, , 2.Tirunelveli (C) Melapalayam Ward No 46 Seyad Ismail Thangalthaikka Street, , 3.Tirunelveli (C) Melapalayam Ward No.47 Bharathiyar Street(Kannivinayagar Koil St) , 999.Overseas Electors",General
243,226,243,"The Muslim Girls Hr.Sec.School, North Building Last room, M L M Nagar,Melapalayam.","1.Tirunelveli (C) Melapalayam Ward No 47 Baseerappa North Street, , 2.Tirunelveli (C) Melapalayam Ward No 46 Amman Koil Street, , 3.Tirunelveli
(C) Melapalayam Ward No 47 Varatharajaperumal 1St Street, , 4.Tirunelveli (C) Melapalayam Ward No 47 Varatharajaperumal  2Nd Street, , 5.Tirunelveli (C) Melapalayam Ward No 47 Varatharaja Perumal East Street, , 6.Tirunelveli (C) Melapalayam Ward No 46 Santhanammal Puram,  7.Tirunelveli (C) Melapalayam Ward No 46 Valluvar Street , 999.Overseas Electors
Page 70 of 78",General
244,226,244,"Corporation Azath Primary School, Western Block, 3rd Room, Melapalayam","1.Tirunelveli (C) Melapalayam Ward No 49 Aasura Keela Street -I(Door no.1-128A), , 999.Overseas Electors",General
245,226,245,"Corporation Azath Primary School, Western Block, 4th Room, Melapalayam","1.Tirunelveli (C) Melapalayam Ward No 49 Asura 3Rd Lane, , 2.Tirunelveli (C) Melapalayam Ward No 49 Asura 3Rd Lane, , 3.Tirunelveli (C) Melapalayam Ward No 49 Asura 1St Lane, 4.Tirunelveli (C) Melapalayam Ward No 49 Aasura Keela Street-II(Door no.129-258), 999.Overseas Electors",General
246,226,246,"Ganesapuram East Primary School,South Side, Melapalayam","1.Tirunelveli (C) Melapalayam Ward No 47 Periya Kothba Palli Vasal South West Street, 2.Tirunelveli (C) Melapalayam Ward No 49  Periya Kothba Palli Vasal 1St Sotuh Lane -II(Door no.48-252) , 3.Tirunelveli (C) Melapalayam Ward No 49 Ganeshapuram 2Nd South Street ,  999.Overseas Electors",General
247,226,247,"Hameem Middle School, Western Block, Easternportion , Periakothuva Pallivasal South East St, Melapalayam","1.Tirunelveli (C) Melepalayam Ward No 49 Periya Kothba Palli Vasal South Lane,(Door No Suitable Room:1To 105)  , 999.Overseas Electors",General
248,226,248,"Hameem Middle School,South Portion, South Side, Periakothuva Pallivasal South East St, Melapalayam","1.Tirunelveli (C) Melepalayam Ward No 49 Periya Kothba Palli Vasal South Lane Door No Suitable Room: 106 To , , 999.Overseas Electors",General
249,226,249,"Ganesapuram East Primary School,North Side, Melapalayamm","1.Tirunelveli (C) Melapalayam Ward No 49  Periya Kothba Palli Vasal 1St Sotuh Lane-I(Door no.1-46), 2.Tirunelveli (C) Melapalayam (P) Ward No 44 Bharathiyar Puram, 3.Tirunelveli (C) Melapalayam Ward No 44 Reddiyarpatti Road, 999.Overseas Electors",General
250,226,250,"Hasanathuil Ulum Primaryschool, ,Southern Portion Ground Floor, Moolanahamedpillai Street Melapalayam","1.Tirunelveli (C) Melapalayam Ward No 44 Moolan Ahamed Pillai Street -I(Door no.1-103), 999.Overseas Electors",General
251,226,251,"Hasanathuil Ulum Primaryschool,    North side,  Moolanahamedpillai Street Melapalayam","1.Tirunelveli (C) Melapalayam Ward No 44 Moolan Ahamed Pillai Street-II(Door no.104-203), 999.Overseas Electors",General
252,226,252,"Melapalayam Ward Office, Main Hall
,Melapalayam","1.Tirunelveli (C) Melapalayam Ward No 49 Nehruji Road, , 2.Tirunelveli (C) Melapalayam Ward No 44 Housing Board Nethaji Road, , 3.Tirunelveli (C) Melapalayam Ward No 49 Periya Kothba Palli Vasal North East Street, , 999.Overseas Electors
Page 71 of 78",General
253,226,253,"Integrated Children Development Scheme, Centre No.98 ,Melapalayam Ward Office campus, Melapalayam","1.Tirunelveli (C) Melapalayam Ward No 49 Periya Kothba Palli Vasal, North East Street, , 2.Tirunelveli (C) Melapalayam Ward No 44 Sanitary Employee Colony, , 999.Overseas Electors",General
254,226,254,"Muslim Higher Sec. School , Southern Block, Central Portion, Western Wing ,Room No, 3, Nethaji Road,Kurichi Melapalayam","1.Tirunelveli (C) Melapalayam Ward No 44 Vellaikaliba Sahib Street-I (Door no.1-156), 2.Tirunelveli (C) Melapalayam Ward No 44 Kottikulam Road , 999.Overseas Electors",General
255,226,255,"Muslim Hr.sec. School South Block Room No
: 5, melapalayam","1.Tirunelveli (C) Melapalayam Ward No 44 Quai De Milleth Street -I(Door no.1-138), 999.Overseas Electors",General
256,226,256,"Muslim Hr.sec. School ,South Block East Part Room No: 5,Nethaji Road Kurichi Melapalayam","1.Tirunelveli (C) Melapalayam Ward No 44 Kattu Chekku 1St Street, , 2.Tirunelveli (C) Melapalayam Ward No 44 Kattu Chekku 2Nd Street , 3.Tirunelveli (C) Melapalayam Ward No 44 Methamar Palayam Keela Puthu Street , 999.Overseas Electors",General
257,226,257,"Ganesapuram West Primary School, ,New Building, Northern Wing , Ganesapuram South Street, Melapalayam","1.Tirunelveli (C) Melapalayam Ward No 49 Ganesha Puram North Street, ,  , 2.Tirunelveli (C) Melapalayam Ward No 44 Natarajapuram , 999.Overseas Electors",General
258,226,258,"Ganesapuram West Primary School, , New Building, Northern Wing ,South Side, Ganesapuram South Street, Melapalayam .","1.Tirunelveli (C) Melapalayam Ward No 49 Ganeshapuram South Street, , 2.Tirunelveli (C) Melapalayam Ward No 49 Bangalappa Nagar 3Rd Street, , 3.Tirunelveli (C) Melapalayam Ward No 49 Bangalappa Nagar 4 Th Street, , 999.Overseas Electors",General
259,226,259,"Ganesapuram West Primary School, , Southern Tiled Old Building Eastern side, Ganesapuram South Street, Melapalayam","1.Tirunelveli (C) Melapalayam Ward No 50 Sappani Aalim East Street , 2.Tirunelveli (C) Melapalayam Ward No 49 Bangalappa Nagar 2Nd Street, , 999.Overseas Electors",General
260,226,260,"Ganesapuram West Primary School, , Southern Tiled Old Building Western side, Ganesapuram South Street, Melapalayam","1.Tirunelveli (C) Melapalayam Ward No 50 Gnaniyarappa 6Th Street, , 2.Tirunelveli (C) Melapalayam Ward No 44 Anna Nagar1St Street, , 3.Tirunelveli
(C) Melapalayam Ward No 44 Anna Nagar 2Nd Street, , 4.Tirunelveli (C) Melapalayam Ward No 44 Anna Nagar 3Rd Street, , 5.Tirunelveli (C) Melapalayam Ward No 51 Thai Nagar 1St   Street, , 6.Tirunelveli (C) Melapalayam Ward No 51 Thai Nagar 2Nd  Street, , 7.Tirunelveli (C) Melapalayam Ward No 51 Thai Nagar 3Rd   Street, , 8.Tirunelveli (C) Melapalayam Ward No 51 Thai Nagar 4Th  Street, , 9.Tirunelveli (C) Melapalayam Ward No 51 Thai Nagar 5Th  Street, , 10.Tirunelveli (C) Melapalayam Ward No 51 Thai Nagar West Street , 999.Overseas Electors",General
261,226,261,"Adi Diravidar Primary School, ,Newbuilding West Portion, East Part Ambikapuram Melapalayam","1.Tirunelveli (C) Melapalayam Ward No 48 Akbar Street, ,  999.Overseas Electors",General
262,226,262,"Adi Diravidar Primary School, , Southern Building, East Part Ambikapuram Melapalayam","1.Tirunelveli (C) Melapalayam Ward No 48 Gnanniyarappa Periya Street, , 2.Tirunelveli (C) Melapalayam Ward No 49 Bangalappa Nagar, 5Th Street, , 999.Overseas Electors",General
263,226,263,"Adi Diravidar Primary School, Northern Building Middle portion, Ambikapuram Melapalayam","1.Tirunelveli (C) Melapalayam Ward No 49 Bangalappa Nagar 1St Street,2.Tirunelveli (C) Melapalayam Ward No 48 Ragumaniya Puram North Street,3.Tirunelveli (C) Melapalayam Ward No 49 Selva Vinayakar Street, , 999.Overseas Electors",General
264,226,264,"Adi Diravidar Primary School, (Old Building) ,Northbuilding, Northern Portion Ambikapuram Melapalayam","1.Tirunelveli (C) Melapalayam Ward No 50 Gnanniyarappa 4Th Street, Ambai Road , 2.Tirunelveli (C) Melapalayam Ward No 47 Ganniyarappa Chinna Street,
,  ,3.Tirunelveli (C) Melapalayam Ward No 48 Ambikapuram South Street, , 4.Tirunelveli (C) Melapalayam Ward No 50 Gnanniyarappa 4Th Cross Street , 999.Overseas Electors",General
265,226,265,"Adi Diravidar Primary School, (Old Building) ,Northern Building, South Portion Ambikapuram Melapalayam","1.Tirunelveli (C) Melapalayam Ward No 47  Jubilee Bazar Road, , 2.Tirunelveli
(C) Melapalayam Ward No 47 South Thaika Street, , 999.Overseas Electors",General
266,226,266,"Ganesapuram West Primary School , New Building, Southern Portion, South Part Ganesapuram South Street, Melapalayam .","1.Tirunelveli (C) Melapalayam Ward No 47 North Thaika Street, , 999.Overseas Electors",General
267,226,267,"Ganesapuram West Primary School ,Noon Meal Centre, Ganesapuram South Street, Melapalayam","1.Tirunelveli (C) Melapalayam Ward No 47 Ekkin Pillai West Street, , 2.Tirunelveli (C) Melapalayam Ward No 49 Ekkin Pillai East Street , 999.Overseas Electors",General
268,226,268,"Corporation Azath Primary School,
,Southern Block FirstRoom Police Station Road Melapalayam","1.Tirunelveli (C) Melapalayam Ward No 47 Aasura West Street, , 999.Overseas Electors",General
269,226,269,"Corporation Azath Primary School, ,Western Block IIrd Room Police Station Road Melapalayam","1.Tirunelveli (C) Melapalayam Ward No 47 Sabbani Aalim West Street, , 999.Overseas Electors",General
270,226,270,"Periya Kothuba PalliVasal Women Arabic Matharasa, Periya Kothuba Pallivasal North West Street, Melapalayam","1.Tirunelveli (C) Melapalayam Ward No 47 Periya Kothba Pallivasal  North West Street-I, (Rawther) , 999.Overseas Electors",General
271,226,271,"Periya Kothuba PalliVasal Women Arabic Matharasa, Periya Kothuba Pallivasal Middle portion North West Street, Melapalayam","1.Tirunelveli (C) Melapalayam Ward No 47 Periya Kothba Pallivasal  North West Street-II, (Rawther)999.Overseas Electors",General
272,226,272,"Corporation Primary School , Eastern Wing Karungulam","1.Tirunelveli (C) Karungulam Ward No 48 Periya Maruthu Pandiar Street, , 2.Tirunelveli (C) Karungulam Ward No 48 Selva Puram , 3.Tirunelveli (C) Karungulam Ward No 48 Pasumpon Muthuramlingam Street, , 4.Tirunelveli (C) Karungulm Ward No 48 Bagavathar Street, , 5.Tirunelveli (C) Karungulam Ward No 48 Thiruneelkandar Street, ,999.Overseas Electors",General
273,226,273,"Corporation primary school ,Southern Side Block Karungulam","1.Tirunelveli (C) Karungulam Dr Ambedkar St Wno 48 , 2.Tirunelveli (C) Karungulam Rajaji St Wno 48 , 3.Tirunelveli (C) Karungulam Subash Chandra Bose St Wno 48 ,  999.Overseas Electors",General
274,226,274,"Corporation primary school,  Southern Side West Building Karungulam","1.Tirunelveli (C) Karungulam Karungulam North St Wno 48 ,2.Tirunelveli (C) Karungulam Ward No 48 Ambasamudram Road, , 3.Tirunelveli (C) Karungulam Ward No 48 Government Employees Colony , 999.Overseas Electors",General
275,226,275,"Corporation primary school ,Western Side Room Side Block Karungulam","1.Tirunelveli (C) Karungulam Thanthai Periyar St & Parris Nagar Wno 48 , 2.Tirunelveli (C) Karungulam Asoka Puram St Wno 48 , 3.Tirunelveli (C) Karungulam Chinna Maruthupandiyar St W.No. 48 , 4.Tirunelveli (C) Karungulam Sathya Moorthy St W.No. 48 , 5.Tirunelveli (C) Karungulam Wno 48 Asokapuram East Part Ambairoad Government W , 999.Overseas Electors",General
276,226,276,"South Mohideen Jamath Primary School, 4th Class room , New Building , Western Portion, South Mohideen Pallivasal Street, Melapalayam","1.Tirunelveli (C) Melapalayam Ward No 47 Gnaniyar Appa Periya Puthu Street ,
, 2.Tirunelveli (C) Melapalayam Ward No 48 South Mohideen Palli Vasal Street, , 999.Overseas Electors",General
277,226,277,"South Mohideen Jamath Primary School, 2nd and 3rdClss room, New Building , Western Portion,South Mohideen Pallivasal Street, Melapalayam","1.Tirunelveli (C) Melapalayam Ward No 48 Kalungu Chinna Mohideen Street, , 999.Overseas Electors",General
278,226,278,"South Mohideen Jamath Primary School, Eastern Portion, I Std Calss Room ,South Mohideen Pallivasal Street, Melapalayam","1.Tirunelveli (C) Melapalayam Ward No 48 Sayan Tharagan Street , , 999.Overseas Electors",General
279,226,279,"Azmath Primary and Nursery School,North Building East Facing, 112,NabiNagar , Melapalayam","1.Tirunelveli (C) Melapalayam Ward No 48 Kattu Puthu Street-I(Door no.1-130) , 999.Overseas Electors",General
280,226,280,"Azmath Primary and Nursery School,North Building West Facing, 112,NabiNagar , Melapalayam","1.Tirunelveli (C) Melapalayam Ward No 48 Asan Tharagan Street, 2.Tirunelveli
(C) Melapalayam Ward No 48 Kattu Puthu Street -II(Door no.131-220), 999.Overseas Electors",General
281,226,281,"Adi Dravidar Primary School, South New Building, North Portion South Street, Ambikapuram Melapalayam","1.Tirunelveli (C) Melapalayam Ward No 50 Gnaniyarappa Nagar 1St Street, , 2.Tirunelveli (C) Melapalyam Ward No 50 Gnaniyarappa Nagar 2Nd Street, , 3.Tirunelveli (C) Melapalayam Ward No 50 Gnaniyarappa Nagar 3Rd Street, , 4.Tirunelveli (C) Melapalayam Ward No 49 Selva Vinayagar South Street,5.Tirunelveli (C) Melapalayam Ward No 51 Teachers Colony(Nethaji Nagar), ,999.Overseas Electors",General
282,226,282,"Adi Dravidar Primary School, Old Building South west Part( Headmistress) Room, Ambikapuram Melapalayam","1.Tirunelveli (C) Melapalayam Ward No 50 Gnaniyarappa Nagar 5Th Street, , 2.Tirunelveli (C) Melapalayam Ward No 50 Gnaniyarappa Nagar 7Th Street, , 3.Tirunelveli (C) Melapalayam Ward No 50 Gnaniyarappa Nagar 8Th Street , 4.Tirunelveli (C) Melapalayam Ward No 48 Ambikapuram North Street, 999.Overseas Electors",General
283,226,283,"Adi Dravidar Primary School, South New Building, South Portion Ambikapuram South Street Melapalayam","1.Tirunelveli (C) Melapalayam Ward No 52 Nethaji Road, , 2.Tirunelveli (C) Melapalayam Ward No 48 Ragumaniyapuram South Street, , 3.Tirunelveli (C) Melapalayam Ward No 52 Amutha Nagar, , 4.Tirunelveli (C) Melapalayam Ward No 52 Sathiya Vel Nagar , 999.Overseas Electors",General
284,226,284,"Corporation Primary School ,New Building Southern Block west side room Westpart, Hameempuram Melapalayam","1.Tirunelveli (C) Melapalayam Ward No 50 Hameem Puram 1 St Street-I(Door no.1-130)(South), , 999.Overseas Electors",General
285,226,285,"Corporation Primary School , North Building, Middle portion, Hameempuram Melapalayam","1.Tirunelveli (C) Melapalayam Ward No 50 Hameem Puram 1 St Street-II(Door no.131-220)(South),",General
286,226,286,"Corporation Primary School New Building
,South Portion, Western Part Room (west Part)Hameempuram Melapalayam","1.Tirunelveli (C) Melapalayam Ward No 50 Hameem Puram 2Nd Street(South), , 999.Overseas Electors",General
287,226,287,"Corporation Primary School, ,New Building Southern Block East Side. Hameempuram Melapalayam","1.Tirunelveli (C) Melapalayam Ward No 50 Hameem Puram South 1St Street, , 2.Tirunelveli (C) Melapalayam Ward No 50 Hameem Puram South 2Nd Street , 999.Overseas Electors",General
288,226,288,"Integrated Children Development Centre No. 105,Corporation Primary School campus, Hameempuram, Melapalayam","1.Tirunelveli (C) Melapalayam Ward No 50 Hameem Puram South 3Rd St. , 999.Overseas Electors",General
289,226,289,"Integrated Children Development Centre No. 105, 2nd Entrance, Corporation Primary School campus, Hameempuram, Melapalayam","1.Tirunelveli (C) Melapalayam Ward No 50 Hameem Puram North Street , 999.Overseas Electors",General
290,226,290,Rahumania Higher Secondary School Middle Block 9th A Section Melapalayam,"1.Tirunelveli (C) Melapalayam Ward No 50 Hameem Puram South 4Th Street, , 2.Tirunelveli (C) Melapalayam Ward No 50 Siddiq Street, , 999.Overseas Electors",General
291,226,291,Rahumania Higher Secondary School Middle Block 9th B Section Melapalayam,"1.Tirunelveli (C) Melapalayam Ward No 50 Hameem Puram 5Th Street, , 999.Overseas Electors",General
292,226,292,"Rahumania Higher Secondary School Eastern side middle block middle portion, Melapalayam","1.Tirunelveli (C) Melapalayam Ward No 50 Hameem Puram6Th Street, , 2.Tirunelveli (C) Melapalayam Ward No 50 Hameem Puram South 10Th Street , 3.Tirunelveli (C) Melapalayam Ward No 50 Hameem Puram South 11Th Street , 999.Overseas Electors",General
293,226,293,Rahumania Higher Secondary School Middle Block 9th C Section Melapalayam,"1.Tirunelveli (C) Melapalayam Ward No 50 Hameem Puram7Th Street, , 2.Tirunelveli (C) Melapalayam Ward No 50 Hameem Puram8Th Street , 3.Tirunelveli (C) Melapalayam Ward No 50 Hameem Puram,9Th Street, 4.Tirunelveli (C) Kulavanikarpuram Ward No 52 Rajanagar 4Th Street,5.Tirunelveli (C)Annai kadheeja Garden Word no.52, 999.Overseas Electors",General
294,226,294,Rahumania Higher Secondary School Middle Block 9th D Section Melapalayam,"1.Tirunelveli (C) Kulavanikarpuram Ward No 52 Rajanagar 2Nd Street , 2.Tirunelveli (C) Kulavanikarpuram Ward No 52 Rajanagar 3Rd  Street , 999.Overseas Electors",General
295,226,295,Rahumania Higher Secondary School South Portion 9th Std Class Room Melapalayam,"1.Tirunelveli (C) Kulavanikarpuram Ward No 52 Melapalayam Reddiyarpatti Road, , 2.Tirunelveli (C) Kulavanikarpuram Ward No 52 Rajanagar 5Th Street , 3.Tirunelveli (C) Kulavanikarpuram Ward No 52 Rajanagar 6Th  Street , 4.Tirunelveli (C) Kulavanikarpuram Ward No 52 Rajanagar Cross Street, , 5.Tirunelveli (C) Kulavanikarpuram Ward No 52 Rose Nagar , 999.Overseas Electors",General
296,226,296,Panchayath Union Primary School New Building West Facing Rajagopalapuram,"1.Tirunelveli (C) Rajagopalapuram Rajagopalapuram South Street, W.No.55 , 2.Tirunelveli (C) Rajagopalapuram Rajagopalapuram North Street  Wno 55 , 999.Overseas Electors",General
