sl_no,ac_code,polling_station_number,polling_station,polling_areas,polling_station_type
1,227,1,"HINDU PRIMARY SCHOOL EAST PORTION, KUNNATHUR.","1.Kunnathur (R.V) Kunnathur(P) Ward 1Kunnathur Poolan Kudiiruppu ,
2.Kunnathur(R.V),Kunnathur(P). Ward  1 Rakkan Theradu, , 3.Kunnathur(R.V), Kunnathur(P). Ward  2 Kunnathur Kasba. , 999.OVERSEAS ELECTORS OVERSEAS ELECTORS",General
2,227,2,"HINDU PRIMARY SCHOOL EAST PORTION,  MAIN BUILDING KUNNATHUR.","1.Kunnathur (R.V) Kunnathur(P) Kunnathur Saminathapuram , 2.Kunnathur(R.V) Kunnathur(P). Ward  3 Thiruvenganathapuram Padagasalai. .
3.Kunnathur(R.V), Kunnathur(P). Ward  1 Keela Kunnathur Noindi Patcheri.                                                                 , 999.OVERSEAS
ELECTORS OVERSEAS ELECTORS",General
3,227,3,PANCHAYAT UNION PRIMARY SCHOOL EAST BUILDING EAST PART MELATHIRUVENGADANATHAPURAM.,"1.MELATHIRU VENKATA NATHAPURAM(R.V) MELATHIRU
VENKATA NATHAPURAM( P) Ward  1 Kasba Puthu Colony, , 2.MELATHIRU VENKATANATHAPURAM(R.V), MELATHIRU
VENKATA NATHAPURAM(P) Ward  1Thangamman Koil Yadavar North Street, ,
3.MELATHIRU VENKATANATHAPURAM(R.V), MELATHIRU
VENKATA NATHAPURAM(P). Ward 1 Thangamman Koil Yadvar Middle Street, East Part. , 4.MELATHIRU VENKATA NATHAPURAM(R.V )MELATHIRU VENKATA
NATHAPURAM(P). Ward  1 Thangamman Koil Yadavar 1st North Street. ,                      5.MELATHIRU VENKATA NATHAPURAM(R.V), MELATHIRU VENKATA NATHAPURAM (P). Ward  1
Thangamman Koil Yadavar Middle Street West Part. , 6.MELATHIRU VENKATA NATHAPURAM(P),MELATHIRU
VENKATA NATHAPURAM(). Ward  1 Thangamman Koil Pilaimar Street. , 7.MELATHIRUVENGADANADHAPURAM Ward  1
Thangamman Koil Chettiyar Street ,  999.OVERSEAS ELECTORS OVERSEAS ELECTORS",General
4,227,4,PANCHAYAT UNION PRIMARY SCHOOL EAST BUILDING WEST  PART MELATHIRUVENGADANATHAPURAM.,"1.MELATHIRU VENKATA NATHAPURAM(R.V) MELATHIRU
VENKATA NATHAPURAM(P) Ward  1 Thangamman Koil Barani Nagar Street, ,                           2.MELATHIRU VENKATA NATHAPURAM(R.V) MELATHIRU VENKATA NATHAPURAM
(P). Ward 1 Thangamman 1,2nd Street, ,
3.MELATHIRU VENKATA NATHAPURAM(R.V) MELATHIRU
VENKATA NATHAPURAM (P) Ward 2 Agraharam Street, , 4.MELATHIRU VENKATA NATHAPURAM(R.V) MELATHIRU
VENKATA NATHAPURAM(P). Ward 2 Kasba Muppidathi  Amman Koil South Street. ,           5.MELATHIRU VENKATA NATHAPURAM(R.V) MELATHIRU VENKATA
NATHAPURAM(P) Ward  2 Kasba Muppidathi  Amman Koil Middle Street. , 6.MELATHIRU VENKATA NATHAPURAM(R.V),MELATHIRU VENKATA
NATHAPURAM(P) Ward  2 Kasba Muppidathi  Amman Koil Cross Street. ,                                                                                 7.MELATHIRU
VENKATA NATHAPURAM(R.V) MELATHIRU VENKATA
NATHAPURAM (P) Ward  2 Kasba Muppidathi  Amman Koil North Street. ,          8.MELATHIRU VENKATA NATHAPURAM(R.V) MELATHIRU VENKATA NATHAPURAM(P) Ward  2 Kasba
Muppidathi  Amman Koil East Street. , 999.OVERSEAS ELECTORS OVERSEAS ELECTORS",General
5,227,5,"RADA SWAMI MIDDLE CHOOL, AGRAGARAM
STREET,  West building MELATHIRUVENGADA NATHAPURAM.","1.MELATHIRU VENKATA NATHAPURAM(R.V),MELATHIRU
VENKATA NATHAPURAM(P). Ward 1Athimedu Pilalimar Street, , 2.MELATHIRUVENGADANADHAPURAM(R.V).
MELATHIRUVENGADANADHAPURAM(R.V). Ward  1 Athimedu Puthu Colony, , 3.MELATHIRUVENGADANADHAPURAM(R.V) MELATHIRUVENGADANADHAPURAM(P) Ward  1 Athimedu
Selvi Amman Koil Street, ,                                      4.MELATHIRU VENKATA NATHAPURAM(R.V)  MELATHIRU VENKATA
NATHAPURAM(P) Ward  1 Athimedu Muppidathi Amman Koil 1 East West Street, , 5.MELATHIRU VENKATA NATHAPURAM(R.V), MELATHIRU VENKATA
NATHAPURAM(P). Ward  1 Athimedu Muppidathi Amman Koil 2nd East West Street, , 6.MELATHIRU VENKATA NATHAPURAM(R.V) MELATHIRU VENKATA
NATHAPURAM(P). Ward  1 Athimedu Anna nagar North Street,
, 7.MELATHIRU VENKATANATHAPURAM(R.V). MELATHIRU
VENKATA NATHAPURAM(P). Ward  1 Athimedu Anna Nagar South Street ,                                                      999.OVERSEAS ELECTORS OVERSEAS ELECTORS",General
6,227,6,"PANCHAYAT UNION PRIMARY SCHOOL.EAST BUILDING, NORTH ROOM,THARUVAI","1.THARUVAI(R.V) THARUVAI(P) Ward 1 Agraharam
Street,Pillaimar Street, ,                                            2.THARUVAI(R.V) THARUVAI(P) Ward No 2 Harijan Kudiyiruppu (Mutharamman Koil Street), ,
999.OVERSEAS ELECTORS OVERSEAS ELECTORS",General
7,227,7,"PANCHAYAT UNION PRIMARY SCHOOL.NORTH BUILDING, EAST PORTION ROOM,THARUVAI","1.THARUVAI(R.V)THARUVAI(P) Ward  4 Pillaimar And Maravar Street, ,
2.THARUVAI(R.V) THARUVAI(P). Ward  5 Maravar  and Yadavar Street(Chettikuid Street) ,                        3.THARUVAI(R.V) THARUVAI(P) Ward 8 Kandithan kulam, C.M.S.Church Street, Middle Street, ,                                                   999.OVERSEAS ELECTORS OVERSEAS ELECTORS",General
8,227,8,"PANCHAYAT UNION PRIMARY SCHOOL, ANNA CENTURY BUILDING, SOUTH PORTION, THARUVAI.","1.THARUVAI(R.V) THARUVAI(P). Ward  2Sivan Koil
Street(Muppidathi Amman Koil st), , 2.THARUVAI(R.V) THARUVAI(P). Ward 1 Panchayath
BoardStreet(Mutharamman Koil St), , 999.OVERSEAS ELECTORS OVERSEAS ELECTORS",General
9,227,9,"PANCHAYAT UNION PRIMARY SCHOOL SOUTH Tiled   BUILDING,  THARUVAI.","1.THARUVAI(R.V),THARUVAI(P). Ward  2 Suba Lakshmi Nagar, , 2.THARUVAI(R.V), THARUVAI(P). Ward  3 Harijan Kudiyiruppu, , 3.THARUVAI(R.V), THARUVAI(P). Ward 3 Harijan Kudiyiruppu, , 4.THARUVAI(R.V),THARUVAI(P). Ward  3 Gandhi Nagar, ,
999..OVERSEAS ELECTORS OVERSEAS ELECTORS",General
10,227,10,"PANCHAYAT UNION PRIMARY SCHOOL SOUTH BUILDING,( CRC), SOUTH SIDE, THARUVAI","1.THARUVAI(R.V) THARUVAI (P). Ward 8 Adaimithippan Kulam, , 2.THARUVAI(R.V), THARUVAI(P) Ward 10 Alangualm Eswariyar Puram, Puthu Colony ,
999.OVERSEAS ELECTORS OVERSEAS ELECTORS",General
11,227,11,"PANCHAYAT UNION PRIMARY SCHOOLWEST BUILDING, PILLAYAR KOIL STREET, MUNNEERPALLAM","1.MUNNEERPALLAM(R.V) MUNNEERPALLAM(P). Mela
Munneerpallam, Pilliyar Koil Street(mandhai Street), , 2.MUNNEERPALLAM(R.V) MUNNEERPALLAM(P). Ward  1Mela
Muneerpallam East Street(Pandia Raj Koil Street), ,999.OVERSEAS ELECTORS OVERSEAS ELECTORS",General
12,227,12,"PANCHAYAT UNION PRIMARY SCHOOL NEW BUILDING, SOUTH BUILDING  STD 5 EAST BLOCK WEST SIDE ROOM 16 ,17 PILLAYAR KOIL STREET, MUNNEERPALLAM","1.MUNNEERPALLAM(R.V) MUNNEERPALLAM(P). Ward  1
Puthugrammam ,
2.MUNNEERPALLAM(R.V) MUNNEERPALLAM(P). Ward  2
Marutham Nagar, ,
3.MUNNEERPALLAM(R.V), MUNNEERPALLAM(P). Ward  2
Marutham Nagar ,
999.OVERSEAS ELECTORS OVERSEAS ELECTORS",General
13,227,13,"GOVT.HR.SEC. SCHOOL EAST BLOCK ,NORTH PORTION  MUNNEERPALLAM.","1.MUNNEERPALLAM(R.V)MUNNEERPALLAM(P) Ward  5 Selvi
Amman Koil Sreet, , 2.MUNNEERPALLAM(R.V)MUNNEERPALLAM(P) Ward  5
Middle Street, East Street, , 3.MUNNEERPALLAM(R.V)MUNNEERPALLAM(P) Ward 5 Yadvar Street. , 4.MUNNEERPALLAM(R.V)MUNNEERPALLAM(P) Ward 5 Water Tank , 5.MUNNEERPALLAM(R.V)MUNNEERPALLAM(P)
Ward  5 Amman Koil Thotta Street, , 999.OVERSEAS ELECTORS OVERSEAS ELECTORS",General
14,227,14,"GOVT.HR.SEC. SCHOOL S.S.A BUILDING EAST BLOCK ,WEST SIDE PORTION  13 ,(  ROOM NO. 13 MUNNEERPALLAM.","1.MUNNEERPALLAM(R.V)MUNNEERPALLAM(P) Ward   5 South Street, , 2.MUNNEERPALLAM(R.V)MUNNEERPALLAM(P) Ward
5 Police Quarters, , 3.MUNNEERPALLAM(R.V)MUNNEERPALLAM(P) Ward  5
Palavesaamman Koil Street. , 4.MUNNEERPALLAM(R.V)MUNNEERPALLAM(P) Ward  5
Palavesaamman 1,2,3,rd Street, , 5.MUNNEERPALLAM(R.V)MUNNEERPALLAM(P) Ward  5 West
Street ,
6.MUNNEERPALLAM(R.V)MUNNEERPALLAM(P) Ward 3
Utchimahaliamman Koil Street(Pound Street). 999.OVERSEAS ELECTORS OVERSEAS ELECTORS",General
15,227,15,"GOVT.HR.SEC. SCHOOL,SSA BUILDING, EAST BLOCK,  (NORTH SIDE), ROOM NO.12, EAST SIDE MUNNEERPALLAM.","1.MUNNEERPALLAM(R.V)MUNNEERPALLAM(P) Ward
3Thamirabarani River Road , 2.MUNNEERPALLAM(R.V)MUNNEERPALLAM(P) Ward  3
Agraharam Street, , 3.MUNNEERPALLAM(R.V)MUNNEERPALLAM(P) Ward  3 Sivan Koil Street, , 4.MUNNEERPALLAM(R.V)MUNNEERPALLAM(P)
Ward 3 Perumal Koil Street, , 5.MUNNEERPALLAM(R.V)MUNNEERPALLAM(P) Ward  3
Kannarodai Street, ,  , 6.MUNNEERPALLAM(R.V)MUNNEERPALLAM(P) Ward  3 Theppakulam , 7.MUNNEERPALLAM(R.V)MUNNEERPALLAM(P)
Ward  3 Pillaimar Street, , 8.MUNNEERPALLAM(R.V)MUNNEERPALLAM(P) Ward  3
Sundaravinayagar Koil Street, , 9.MUNNEERPALLAM(R.V)MUNNEERPALLAM(P) Ward  3 South
Veedu Pillai Street, , 10.MUNNEERPALLAM(R.V)MUNNEERPALLAM(P) Ward  3
Amman Koil Street ,
999.OVERSEAS ELECTORS OVERSEAS ELECTORS",General
16,227,16,"T.D.T.A MIDDLE SCHOOL. WEST BUILDING, ARAIKULAM .","1.ARAIKULAM MAJARA MUNNEERPALLAM (R.V) ARAIKULAM MAJARA MUNNEERPALLAM (P) Nagarkoil Road,
Jothi Puram, J.J. Nagar,                                               ,  999.OVERSEAS ELECTORS OVERSEAS ELECTORS",General
17,227,17,"T.D.T.A MIDDLE SCHOOL.EAST BUILDING, SECOND ROOM ARAIKULAM .
P",",1.ARAIKULAM MAJARA MUNNEERPALLAM (R.V) ARAIKULAM MAJARA MUNNEERPALLAM (P) Aarai Kulam
Amman Koil St, Veda Koil St, ,                                           999.OVERSEAS
aEgLeE8CoTfO11R8S OVERSEAS ELECTORS",General
18,227,18,"T.D.T.A MIDDLE SCHOOL.WEST BUILDING, WEST SIDE ARAIKULAM .","1.ARAIKULAM MAJARA MUNNEERPALLAM (R.V) ARAIKULAM MAJARA MUNNEERPALLAM (P) Meenammal Puram,                                                              2.ARAIKULAM MAJARA MUNNEERPALLAM (R.V) ARAIKULAM MAJARA
MUNNEERPALLAM (P) Sakthi Nagar Ambai Road, AaraiKulam North  Pottal, 999.OVERSEAS ELECTORS OVERSEAS ELECTORS",General
19,227,19,"T.D.T.A MIDDLE SCHOOL.EAST   BUILDING, NORTH PART ARAIKULAM .","1.ARAIKULAM MAJARA MUNNEERPALLAM (R.V) ARAIKULAM MAJARA MUNNEERPALLAM (P) Mela
Munneerpallam, Pillaiyar Koil Street, Amman Koil Street. , 999.OVERSEAS ELECTORS OVERSEAS ELECTORS",General
20,227,20,"COMMUNITY HALL, THIDIYUR","1.THIDIYUR(R.V) THIDIYUR(P) Ward 2 Thidiyur Ilayamputhur North Street, ,                                                  2.THIDIYUR(R.V) THIDIYUR(P) Ward  2 Thidiyur Ilayamputhur East Street, , 3.THIDIYUR(R.V) THIDIYUR(P) Ward  2Thidiyur Ilayamputhur Middel Street, ,                                           4.THIDIYUR(R.V) THIDIYUR(P) Ward  2Thidiyur Ilayamputhur South Street, , 5.THIDIYUR(R.V) THIDIYUR(P) Ward  3Thidiyur Pookuzhi North Street, ,
6.THIDIYUR(R.V) THIDIYUR(P) Ward  3Thidiyur Pookuzhi Veda Koil Street, ,                                                                  7.THIDIYUR(R.V)
THIDIYUR(P) Ward  3 Thidiyur Pookuzhi West Street, , 8.THIDIYUR(R.V) THIDIYUR(P) Ward  3 Thidiyur Pookuzhi Middle Street, ,                                                                             9.THIDIYUR(R.V)
THIDIYUR(P) Ward  3 Thidiyur Pookuzhi Rice Mill Street, , 999.OVERSEAS ELECTORS OVERSEAS ELECTORS",General
21,227,21,PANCHAYT UNION MIDDLE SCHOOL EAST PORTION NEW BUILDING   KEEZHA THIDIYUR,"1.THIDIYUR(R.V) THIDIYUR(P) Ward 3 KeelOmanallur South Poirtion South Street, ,                                                        2.THIDIYUR(R.V) THIDIYUR(P) Ward 2 Melathidiyur Pilliyar Koil Street, Annai Indra,
,                                            3.THIDIYUR(R.V) THIDIYUR(P) Ward 2
Melathidiyur Perumal Koil Street, ,
4.THIDIYUR(R.V) THIDIYUR(P) Ward 2 Melathidiyur North Street, , 5.THIDIYUR(R.V) THIDIYUR(P) Ward 2 Melathidiyur Amman Koil Street, ,                                                           6.THIDIYUR(R.V)
THIDIYUR(P) Ward 2 Melathidiyur Middle Street, , 7.THIDIYUR(R.V) THIDIYUR(P) Ward 2 Melathidiyur C.S.I. Church Street, ,                                                                       8.THIDIYUR(R.V)
THIDIYUR(P) Ward 2  Melathidiyur Kamaraj Nagar, , 9.THIDIYUR(R.V) THIDIYUR(P) Ward 2 Melathidiyur Gangai Nadar Kulam ,                                                                         999.OVERSEAS
ELECTORS OVERSEAS ELECTORS",General
22,227,22,"PANCHAYT UNION MIDDLE SCHOOL NORTH BLOCK, NORTH BUILDING  THIDIYUR","1.THIDIYUR(R.V) THIDIYUR(P) Ward  1Thidiyur Tamila Kurichi Veda Koil Street, ,                                                        2.THIDIYUR(R.V) THIDIYUR(P) Ward  1Thidiyur Tamila Kurichi East Street, , 3.THIDIYUR(R.V) THIDIYUR(P) Ward 1Thidiyur Rice Mill Street, , 4.THIDIYUR(R.V) THIDIYUR(P) Ward  1 Thidiyur East Street, , 5.THIDIYUR(R.V) THIDIYUR(P) Ward  1Thidiyur Asari Street, , 6.THIDIYUR(R.V) THIDIYUR(P) Ward 1 Thidiyur Pilliyar Koil Street, ,                                                                                 7.THIDIYUR(R.V)
THIDIYUR(P) Ward  1 Thidiyur Middle Street, , 8.THIDIYUR(R.V) THIDIYUR(P) Ward 1Thidiyur Amman Koil Street, ,
999.OVERSEAS ELECTORS OVERSEAS ELECTORS",General
23,227,23,"PANCHAYT UNION MIDDLE SCHOOL NEW BUILDING WEST PORTION
KEEZHA THIDIYUR","1.THIDIYUR(R.V) THIDIYUR(P) Ward  4 Thidiyur Amman Koil Street, ,                                                                          2.THIDIYUR(R.V)
THIDIYUR(P) Ward  5 Thidiyur Amman Koil Street, , 3.THIDIYUR(R.V) THIDIYUR(P) Ward  5 Thidiyur Pilliyar Koil Street, ,                                                                          4.THIDIYUR(R.V)
THIDIYUR(P) Ward 1Thidiyur West Street, ,
5.THIDIYUR(R.V) THIDIYUR(P) Ward  1Thidiyur New Colony, , 6.THIDIYUR(R.V) THIDIYUR(P) Ward 1 Thidiyur Sengulam Keel Ommanallur South Street, ,
7.THIDIYUR(R.V) THIDIYUR(P) Ward 2 WEST THIDYUR NORTH ST ,                                                                            8.THIDIYUR(R.V)
THIDIYUR(P) Ward 2 WEST THIDYUR AMMAN KOVIL ST , 9.THIDIYUR(R.V) THIDIYUR(P) Ward 2 WEST THIDYUR SOUTH ST ,
999.OVERSEAS ELECTORS OVERSEAS ELECTORS",General
24,227,24,"C.M.S.EVANJALIKAL PRIMARY SCHOOL, VADUVOORPATTI","1.Singikulam New (R.V),  Singikulam (P) Adidravada Street Vaduvurpatti                                                                                                   ,
2.Singikulam New (R.V), Singikulam(P) North Street Vaduvurpatti , 3.Singikulam New (R.V),  Singikulam (P) Middle Street Vaduvurpatti
,                                                                                                    4.Singikulam New
(R.V), Singikulam (P) West Street Vaduvurpatti ,
5.Singikulam New (R.V), Singikulam (P) Amman Kovil ( Big Street) 999.OVERSEAS ELECTORS",General
25,227,25,"Mahalir self help group Centre,  Uppurani","1.Singikulam New (R.V), Singikulam (P) South Street, Keela Uppurani ,
2.Singikulam New (R.V),Singikulam (P) North Street Keela Uppurani
,                                                                                                3.Singikulam New
(R.V), Singikulam (P) West Street Keela Uppurani , 4.Singikulam New (R.V), Singikulam (P) Mela Uppurani , 999.OVERSEAS ELECTORS OVERSEAS ELECTORS",General
26,227,26,"KAILASAPATHI HINDU MIDDLE SCHOOL NORTH BUILDING,WEST PORTION, SINGIKULAM","1.Sinkikulam  Old (R.V), Sinkikulam (P) Block 1 Thachan Kulam Athi Thiravidar Street ,                                                            2.Singikulam Old (R.V), Singikulam (P) Block 1 Pudu Kulam Middle Street , 3.Singikulam Old (R.V), Singikulam (P) Block 3 Middle Kulam Middle Street ,
4.Singikulam Old (R.V), Singikulam (P) Block 5 Singi Kulam Old Village ,                                                                                             5.Singikulam
Old (R.V), Singikulam (P) Block 5 Singikulam New Village Chettiyar Street ,                                                                                       6.Singikulam Old
(R.V), Singikulam (P) Block 11 Amman Kovil Street , 7.Singikulam Old (R.V), Singikulam (P) Block 11 Subash Chandiabosh Street ,
8.Singikulam Old (R.V), Singikulam (P) Block 9 Pethaniyapuram Middle Street ,
9.Singikulam Old (R.V), Singikulam (P) Block 10 Malayadi Athi Diravidar Middle Street ,
10.Singikulam Old (R.V), Singikulam (P) Block 11 Madan Thambiran Street ,                                                                                11.Singikulam Old
(R.V), Singikulam (P) Block 12 South Street, Singikulam , 12.Singikulam Old (R.V), Singikulam (P) Block 11 Panchayat Office Street ,                                                                                999.OVERSEAS
ELECTORS OVERSEAS ELECTORS",General
27,227,27,"KAILASAPATHI HINDU MIDDLE SCHOOL NORTH BUILDING,EAST PORTION ,SINGIKULAM","1.Singikulam New (R.V), Singikulam (P) New Village South Part Mathakovil Street ,
2.Singikulam New (R.V), Singikulam (P) New Village South Part Middle Street ,
3.Singikulam New (R.V), Singikulam (P) New Village Pillaiyar Kovil Street ,                                                                                          4.Singikulam
New (R.V), Singikulam (P) West Karai Yathavar Street , 5.Singikulam New (R.V), Singikulam (P) Indira Nagar , 6.Singikulam New (R.V), Singikulam (P) Selva Puthukulam , 7.Singikulam New (R.V), Singikulam (P) Westkarai Meyin Road 8.Singikulam New (R.V), Singikulam (P) West Karai West Street ,
9.Singikulam New (R.V), Singikulam (P) West Karai Asari Street , 10.Singikulam New (R.V), Singikulam (P) West Karai Thondamadan Street ,                                                                             999.OVERSEAS
ELECTORS OVERSEAS ELECTORS",General
28,227,28,"KAILASAPATHI HINDU MIDDLE SCHOOL SOUTH BUILDING  ,SINGIKULAM","1.Singikulam New (R.V),Singikulam (P) West Karai North Street , 2.Singikulam New (R.V), Singikulam (P) West Karai Nadar Street , 3.Singikulam New (R.V), Singikulam (P) West Karai Arisan Colony , 4.Singikulam New (R.V), Singikulam (P) West Karaiveduvar Street , 5.Singikulam New (R.V), Singikulam (P) Theneerkulam Nadar Street
,                                                                                                         6.Singikulam
New (R.V), Singikulam (P) Theneerkulam Athi Diravidar Street , 7.Singikulam New (R.V), Singikulam (P) West Karai Rajivghandi Nagar ,                                                                         999.OVERSEAS
ELECTORS OVERSEAS ELECTORS",General
29,227,29,"T.D.T.A PRIMARY SCHOOLNORTH NEW BUILDING, KEELAKADUVETTI","1.Keelakkaduveddi (R.V),  Keelakkaduveddi(P) Block 5 Keelakadu Veddi Arisan Colony ,                                            2.Keelakkaduveddi (R.V),  Keelakkaduveddi(P) Block 6 Keelakkadu Veddi Khashbha , 3.Keelakkaduveddi (R.V),  Keelakkaduveddi(P) Block 7 Kaddalai Kadu Veddi ,                                                          4.Keelakkaduveddi (R.V), Keelakkaduveddi(P) Block 7 Ambhethkar Nagar ,
999.OVERSEAS ELECTORS OVERSEAS ELECTORS",General
30,227,30,"PANCHAYAT UNIOIN PRIMARY SCHOOL SOUTH APPARKULAM.
P","1.Keelakkaduveddi(R.V),  Keelakkaduveddi(P) Block 1 North Appar Kulam ,                                                                    2.Keelakkaduveddi (R.V),
Keelakkaduveddi(P) Block 2 South Appar Kulam , 999.OVERSEAS ELECTORS OVERSEAS ELECTORS
age 17 of 118",General
31,227,31,"T.D.T.A MIDDLE SCHOOLWEST BUILDING, SOUTH PORTION, KEELASADAIYAMANKULAM","1.Keelakkaduveddi (R.V),  Keelakkaduveddi(P) Keela Sadaiyaman Kulam ,,                                                              999.OVERSEAS ELECTORS OVERSEAS ELECTORS",General
32,227,32,"T.D.T.A MIDDLE SCHOOLWEST BUILDING, NORTH PORTION, KEELASADAIYAMANKULAM","1.Keelakkaduveddi (R.V),  Keelakkaduveddi(P) Sadaiyan Kulam Junction ,                                                                      2.Keelakaduveddi (R.V),
Keelakaduveddi(P) South Kaduveddi , 999.OVERSEAS ELECTORS OVERSEAS ELECTORS",General
33,227,33,T D T A Primary School Athichapery,"1.Devanallur (R.V), Devanallur  (P) Block 1 Kovindaperi , 2.Devanallur (R.V),  Devanallur(P) Block 4 Devanallur , 999.OVERSEAS ELECTORS OVERSEAS ELECTORS",General
34,227,34,"PANCHAYAT UNION PRIMARY  SCHOOL WEST BUILDING, , DEVANALLUR","1.Devanallur (R.V),  Devanallur(P) Block  2 Athisaya Peri , 2.Devanallur(R.V),  Devanallur(P) Block 5 Devanallur Melur , 999.OVERSEAS ELECTORS OVERSEAS ELECTORS",General
35,227,35,HINDU MIDDLE SCHOOL CENTRAL BUILDING DEVANALLUR,"1.Devanallur (R.V),  Devanallur(P) Block 7 Athi Thiravidar Colony , 999.OVERSEAS ELECTORS OVERSEAS ELECTORS",General
36,227,36,HINDU MIDDLE SCHOOL CENTRAL BUILDING DEVANALLUR,"1.Devanallur (R.V),  Devanallur(P) Block 7 Pothaisuthi east street 999.OVERSEAS ELECTORS OVERSEAS ELECTORS",General
37,227,37,"T.D.T.A.MIDDLE SCHOOL, EAST PORTION, PERUMALKULAM","1.Thevanallur (R.V),  Thevanallur(P) Block 8 Perumal Kulam , 999.OVERSEAS ELECTORS OVERSEAS ELECTORS",General
38,227,38,ANGANWADI CENTER POTHAISUTHI,"1..Devanallur(R.V),  Devanallur(P) Block  9 Pothaisuthi ,
999.OVERSEAS ELECTORS OVERSEAS ELECTORS",General
39,227,39,"PANCHAYAT  UNION PRIMARY   SCHOOL NEW BUILDING, WEST PORTION, PADMANERI","1.Pathmaneri (R.V),  Pathmaneri(P) Block 1 Amman Kovil Street , 2.Pathmaneri (R.V), Pathmaneri(P) Block 1 Pillaiyar Kovil Street , 3.Pathmaneri(R.V),  Pathmaneri(P) Block 1 Paraiyadi Street , 999.OVERSEAS ELECTORS OVERSEAS ELECTORS",General
40,227,40,"PANCHAYAT  UNION PRIMARY   SCHOOL NEW BUILDING, EAST PORTION PADMANERI","1.Pathmaneri (R.V),  Pathmaneri(P) Block  2 Maruthappar Kovil Street ,
2.Padmaneri (R.V),  Padmaneri(P) Block No 2 Pillayar Kovil Street , 3.Pathmaneri (R.V),  Pathmaneri(P) Block  2 Krishnan Kovil Street , 4.Pathmaneri(R.V),  Pathmaneri(P) Block 3 Vanndikaran Street , 999.OVERSEAS ELECTORS OVERSEAS ELECTORS",General
41,227,41,"T.D.T.A MIDDLE SCHOOL CENTRAL BUILDING(TILED), IDAIYANKULAM","1.Idaiyankulam (R.V)  Idaiyankulam(P) Nadar West Street , 2.Idaiyankulam(R.V),  Idaiyankulam(P) Nadar Middle Street , 3.Idaiyankulam (R.V),  Idaiyankulam (P) Nadar North Street , 4.Idaiyankulam(R.V),  Idaiyankulam(P) Nadar South Street , 5.Idaiyankulam(R.V),  Idaiyankulam(P) Neduvilai North Street , 6.Idaiyankulam (R.V),  Idaiyankulam(P) Kovil Street Neduvilai , 7.Idaiyankulam(R.V),  Idaiyankulam(P) South Street Neduvilai , 999.OVERSEAS ELECTORS OVERSEAS ELECTORS",General
42,227,42,"T.D.T.A MIDDLE SCHOOL SOUTH BUILDING (TILED),  IDAIYANKULAM","1.Idaiyankulam (R.V),  Idaiyankulam(P) North Erukkalaipaddi North Street ,
2.Idayankulam (R.V), Idayankulam(P) Kovil Street North Erukkalaipatti ,
3.Idaiyankulam (R.V),  Idaiyankulam(P) South Erukkalaipaddi North Street ,                                                                           4.Idaiyankulam(R.V),
Idaiyankulam(P) Middle Street South Erukkalaipatti , 5.Idaiyankulam(R.V),  Idaiyankulam(P) South Street South Erukkalaipatti ,                                                                                  6.Idaiyan
kulam(R.V),Idaiyan kulam (p) Idayankulam Harijan Colony ,
7.Idaiyan kulam(R.V),  Idaiyan kulam ( P) Nadar North Street , 8.Idaiyankulam(R.V), Idaiyankulam (P) Muslim Street , 9.Idaiyankulam(R.V),  Idaiyankulam(P) Asari Street , 999.OVERSEAS ELECTORS OVERSEAS ELECTORS",General
43,227,43,"PANCHAYAT UNION PRIMARY SCHOOLEAST BUILDING, VADAKARAI","1.Pathmaneri(R.V),  Pathmaneri (P) Block 4 Vadakarai Melur , 2.Pathmaneri(R.V),  Pathmaneri(P) Block 5 Vadakarai Arisan Colony
,                                                                                                         999.OVERSEAS
ELECTORS OVERSEAS ELECTORS",General
44,227,44,"C.M.S. IVANJALIKAL PRIMARY SCHOOLWEST PORTION, MOONKILADI","1.Kalakkadu (T.P) Ward 16 Moonkiladi Nadar North  Street 2 , 2.Kalakkadu(T.P) Ward  16 Moonkiladi Harijan North  Street 4 , 3.Kalakadu(T.P) Ward  16 Moonkiladi Harijan  South Street 5 , 4.Kalakadu(T.P) Ward  16 Moonkiladi Harijan  East Street 6 ,
5.Kalakadu (T.P) Ward  16 Veppal First Street 7 ,
6.Kalakad (T.P) Ward 16 Veppal 2nd Street 8.  ,
7.Kalakadu (T.P) Ward  16 Veppal Road Street 9                         ,
8.Kalakadu (T.P) Ward 16  Veppal Middle Street 10 , 999.OVERSEAS ELECTORS OVERSEAS ELECTORS",General
45,227,45,"C.M.S. IVANJALIKAL PRIMARY SCHOOL EAST PORTION, MOONKILADI","1.Kalakadu (T.P) Ward 16 Veppal Keela Street 11 ,
2.Kalakadu (T.P) Ward  16 Veppal West Street 13 ,
3.Kalakadu (T.P) Ward  16 Parameshwarapuram North Street 14 ,
4.Kalakadu (T.P) Ward 16  Parameshwaram Middle Street 15 ,
5.Kalakadu (T.P) Ward 16 Parameshwaram South Street 16 ,
6.Kalakadu (T.P) Ward 16 Sivanaperi 17 ,
7.Kalakadu (T.P) Ward  16 Sivapuram Iyanar Estate 15 , 8.Kalakadu (T.P) Ward 16 Veppal South Street 12 , 999.OVERSEAS ELECTORS OVERSEAS ELECTORS",General
46,227,46,"T.D.T.A. PRIMARY SCHOOL, NORTH BUILDING, KALAKAD","1.Kalakadu(T.P) Ward No 15 Kappalotiya Thamilan Vadakku Street 1st Lane ,
2.Kalakadu(T.P) Ward No 15 Kappalotiya Thamilan Vadakku Street 2nd Lane ,                                                        3.Kalakadu(T.P) Ward No 15 Kappalotiya Thamilan Vadakku Street 3rd Lane ,
4.Kalakadu(T.P) Ward No 15 Kappalotiya Thamilan Vadakku Street 4th Lane ,
5.Kalakadu(T.P) Ward No 15 Kappalotiya Thamilan Vadakku Street
,                                                                          6.Kalakadu(T.P) Ward No 15
Kappalotiya Thamilan South Street 1st Lane ,
7.Kalakadu(T.P) Ward No 15 Kappalotiya Thamilan South Street 2nd Lane ,                                                                             8.Kalakadu(T.P) Ward
No 15 Kappalotiya Thamilan South Street , 9.Kalakadu(T.P) Ward No 15  Missan School Street 27 ,
10.Kalakadu(T.P) Ward No 15 Sivaruthra Street 28 , 11.Kalakadu(T.P) Ward No 15 Nadar North New Street 29
999.OVERSEAS ELECTORS OVERSEAS ELECTORS",General
47,227,47,"T.D.T.A. PRIMARY SCHOOL, WEST BUILDING KALAKAD","1.Kalakadu(T.P) Ward No 15 Udayamarthandam Street 30 2..Kalakadu(T.P) Ward  15 Nadar Therkku Street 31 , 3.Kalakadu(T.P) Ward No 16 Kakkan Nagar North Street 32 , 4.Kalakadu(T.P) Ward No 16 Kakkan Nagar South Street 33 , 5.Kalakadu(T.P) Ward No 16 Kakkan Nagar West Street 34 , 999.OVERSEAS ELECTORS OVERSEAS ELECTORS",General
48,227,48,GOMATHI  ARULNERI GIRLS HR.SEC.SCHOOL ROOM NO-1. NEW BUILDING KALAKAD,"1.Kalakad(T.P) Ward No 15  Mission School  Street , 2.Kalakadu(T.P) Ward No 15 Kottaikara Street , 3.Kalakadu(T.P) Ward No 15  Vannar street ,                                                              4.Kalakadu(T.P) Ward No 15 Ardankaraith Street , 5.Kalakadu(T.P) Ward No 15 Maruthuvar South Street , 6.Kalakadu(T.P) Ward No 15 Maruthuvar Street , 7.Kalakadu(T.P) Ward No 15 Maruthuvar West Street , 999.OVERSEAS ELECTORS OVERSEAS ELECTORS",General
49,227,49,"GOMATHI  ARULNERI GIRLS HR.SEC.SCHOOL
ROOM,No 2 New Building KALAKAD","1.Kalakadu(T.P) Ward No 14 Perumal South Madath Street , 2.Kalakadu(T.P) Ward No 14 Perumal North Madath Street , 3.Kalakadu(T.P) Ward No 14 Jawakar Street , 4.Kalakadu(T.P) Ward No 14 Ghandiji Street , 5.Kalakadu(T.P) Ward No 14 Gandhiji Yadavar West Street , 6.Kalakadu(T.P) Ward No 14 Gandhiji Yadavar East Steet ,
7.Kalakadu(T.P) Ward No 14 Police Layan Street , 8.Kalakadu(T.P) Ward No 14 Krishnan Kovil Street , 9.Kalakadu(T.P) Ward No 14 Krupalini Street , 10.Kalakadu(T.P) Ward No 14 Nagara theru , 11.Kalakadu(T.P) Ward No 14 City Street 1th Junction , 12.Kalakadu(T.P) Ward No 14 Nagara Street 2nd Lane, 3rd Lane , 13.Kalakadu(T.P) Ward No 14 Thirukalyanapuram Street , 14.Kalakadu(T.P) Ward No 14 Avudai Vilasam Street , 999.OVERSEAS ELECTORS OVERSEAS ELECTORS",General
50,227,50,"GOVT. HR. SEC. SCHOOL SOUTHERN NEW BUILDING,  KALAKAD","1.Kalakadu(T.P) Ward No 12 Sarojinipuram 1th street , 2.Kalakadu(T.P) Ward No 12 Gomathi Amman North Sannathi Street
,                                                                                             3.Kalakadu(T.P) Ward
No 12 Gomathiyamman Sannathi Street , 4.Kalakadu(T.P) Ward No 12 Sarojinipuram 2th Street, 3rd street ,
5.Kalakadu(T.P) Ward No 12 Jawagar Street                                            , 999.OVERSEAS ELECTORS OVERSEAS ELECTORS",General
51,227,51,GOVT.HR.SEC. SCHOOL CAMPUS SSA BUILDING EAST PORTION KALAKAD,"1.Kalakadu(T.P) Ward No 12 Mahathma Gandhi Street , 2.Kalakadu(T.P) Ward No 12 Mahatma Ghandi Street 1st Lane , 3.Kalakadu(T.P) Ward No  12 Mahatma Ghandi Street 2nd Lane , 4..Kalakadu(T.P) Ward No 14  Rajajipuram ,
5.Kalakadu(T.P) Ward No 12  Mahathma Gandhi Street 3rd Lane 14 , 6.Kalakadu(TP) Ward No 13 Subash Chandrabose Puram 17,Ward 13 Matha Kovil Street18 ,                                                 999.OVERSEAS ELECTORS OVERSEAS ELECTORS",General
52,227,52,"GOVT. HR. SEC. SCHOOL NEW BUILDING, NORTH BUILDING, EAST PORTION  KALAKAD","1..Kalakadu(T.P) Ward No 13 Ghanasamantha puram 1st Lane 2.Kalakadu(T.P) Ward No 13 Ghanasamandapuram 2nd Lane , 3.Kalakadu(T.P) Ward No 13 Ghanasamantha puram 3rd Lane , 4.Kalakadu(T.P) Ward No 13 Ghanasamantha Puram 4th Lane 5.Kalakadu(T.P) Ward No 13 Ghanasamantha puram 5th Lane 6.Kalakadu(T.P) Ward No 13  Kashduribai Street  999.OVERSEAS ELECTORS OVERSEAS ELECTORS",General
53,227,53,"GOVT.HR.SEC. SCHOOL, SOUTH BLOCK, NEW BUILDING, ROOM NO.10,  KALAKAD","1.Kalakadu(T.P) Ward No 13 River Bank Street 19 , 2.Kalakadu (T.P) Ward No 10 Subash Chandirabose Puram 4 , 3.Kalakadu(T.P) Ward No 10  Kottai Harijan Anthonyar Street 5 ,
4.Kalakadu(T.P) Ward No 10  Kottai Harijan South Street 6 , 5.Kalakadu(T.P) Ward No 10  Kottai Harijan North Street 7 , 6.Kalakadu(T.P) Ward No 10 Chettiyar Street 8 , 7.Kalakadu(T.P) Ward No 10  Kottai Viswakarma Street 9 , 8.Kalakadu(T.P) Ward No 11 Kottai Yadava East Street 10 , 9.Kalakadu(T.P) Ward No 11 Jawahar Street 11 , 999.OVERSEAS ELECTORS OVERSEAS ELECTORS",General
54,227,54,"GOVT.HR.SEC. SCHOOL, NEW BUILDING SOUTH BLOCK WESTERN  POSTION KALAKAD","1.Kalakadu(T.P) Ward No 11  Yadava Amman Sannathi Street 12 , 2.Kalakadu(T.P) Ward No 11  Yadava Main Street 13 , 3.Kalakadu(T.P) Ward No 10  Senaiyar Street 14 , 4.Kalakadu(T.P) Ward No 11 Bharathipuram West Street 15 , 5.Kalakadu(T.P) Ward No 11  Bharathipuram South Street 16 , 6.Kalakadu(T.P) Ward No 11 Kompukaran Harijana Street 17 , 7.Kalakadu(T.P) Ward No 11 Jagajeevanpuram South Street 18 ,
8.Kalakadu(T.P) Ward No 11  Jagajeevanpuram  Central  Street 19 , 9.Kalakadu(T.P) Ward No 11  Jagajeevanpuram East Street 20 , 10.Kalakadu(T.P) Ward No 11 Jagajeevanpuram North Street  21 , 999.OVERSEAS ELECTORS OVERSEAS ELECTORS",General
55,227,55,"ST. XAVIOUR MIDDLE SCHOOL,  SOUTH NEW BUILDING, EASTPORTION, XAVIERPURAM, CHIDAMPARAPURAM.","1.Kalakadu(T.P) Ward No 8 Saveriyarpuram South Street , 2.Kalakadu(T.P) Ward No 8 Saveriyarpuram North Street , 3.Kalakadu(T.P) Ward No 8 Jawagar Street , 4.Kalakadu(T.P) Ward No 8 Pandipuram West Street ,
5.Kalakadu(T.P) Ward No 8 Avuri Vilai Street , 6.Kalakadu(T.P) Ward No 8 Pandiyapuram South Street , 7.Kalakadu(T.P) Ward No 8 Pandiyapuram Middle Street , 8.Kalakadu(T.P) Ward No 8 Pandiyapuram North Street , 999.OVERSEAS ELECTORS OVERSEAS ELECTORS",General
56,227,56,"ST. XAVIOUR MIDDLE SCHOOL,  NORTH BUILDING, WEST PORTION, XAVIERPURAM, CHIDAMPARAPURAM","1.Kalakadu(T.P) Ward No 9 West Street , 2.Kalakadu(T.P) Ward No 8 South Street , 999.OVERSEAS ELECTORS OVERSEAS ELECTORS",General
57,227,57,"T.D.T.A. PRIMARY SCHOOL NORTH  PORTION, CHIDAMPARAPURAM.","1.Kalakadu(T.P) Ward No 8 Bose Street , 2.Kalakadu(T.P) Ward No 8 Kamaraj Street ,
3.Kalakadu(T.P) Ward No 8 South Street South Part , 4.Kalakadu(T.P) Ward No 8 South Street North Part , 5.Kalakadu(T.P) Ward No 8 North Car  Street , 999.OVERSEAS ELECTORS OVERSEAS ELECTORS",General
58,227,58,"T.D.T.A. PRIMARY SCHOOL SOUTH  PORTION, CHIDAMPARAPURAM.","1.Kalakadu(T.P) Ward No 9 Harijan Colony , 2.Kalakadu(T.P) Ward No 9 Harijan Devendra Street ,
3.Kalakadu(T.P) Ward No 9 Uchimahali Amman Kovil Street , 4.Kalakadu(T.P) Ward No 9 Rajaputhur Harijan 1st Street ,
5.Kalakadu (T.P) Ward No 9 Rajaputhur 2nd Nadar Street , 999.OVERSEAS ELECTORS OVERSEAS ELECTORS",General
59,227,59,"MUTHAIYAH HINDU MIDDLE SCHOOL. WEST BUILDING, SOUTH PORTION, KOVILPATHU, KALAKAD","1.Kalakadu(T.P) Ward No 6 Devar Street 1 ,
2.Kalakadu(T.P) Ward No 6 Yadavar South Street 2 , 3.Kalakadu(T.P) Ward No 6 Keelakattalai Street 3 ,                           4.Kalakad (T.P) Ward 6  Yadava North Street 4. , 5.Kalakadu(T.P) Ward No 7  South Street 5
,                              6.Kalakadu(T.P) Ward No 6  South Street 6 , 7.Kalakadu(T.P) Ward No 7 Chettiyar Street 7 ,  999.OVERSEAS ELECTORS OVERSEAS ELECTORS",General
60,227,60,"MUTHAIYAH  HINDU MIDDLE  SCHOOL CHATTIRAM BUILDING, BACK PORTION, WEST SIDE KOVILPATHU, KALAKAD","1.Kalakadu(T.P) Ward No 7 Kavathu Harijan Street 9 , 2.Kalakadu(T.P) Ward No 7 Amman Sannathi Street 13 , 3.Kalakadu(T.P) Ward No 7 North Street 14 , 4.Kalakadu(T.P) Ward No 6 Krishnan Kovil Street 15 ,
5.Kalakadu(T.P) Ward No 7  Melakattalai Street 8 , 999.OVERSEAS ELECTORS OVERSEAS ELECTORS",General
61,227,61,"MUTHAIYAH  HINDU MIDDLE  SCHOOL CHATTIRAM BUILDING, BACK PORTION, EAST SIDE KOVILPATHU, KALAKAD","1.Kalakadu(T.P) Ward No 5 Bus Stand Street 1 , 2.Kalakadu(T.P) Ward No 5  Bus Stand East Street 2 , 3.Kalakadu(T.P) Ward No 5 Kannar Kovil East Street 3 , 4.Kalakadu(T.P) Ward No 6  Big  Street
16. Ward No 6 Kannar Kovil West Street 4 , 999.OVERSEAS ELECTORS OVERSEAS ELECTORS",General
62,227,62,"MUTHAIYAH  HINDU MIDDLE SCHOOL CHATTIRAM BUILDING, FRONT  PORTION, WEST PART KOVILPATHU, KALAKAD","1.Kalakadu(T.P) Ward No 4  Anna Salai Street 5 , 2.Kalakadu(T.P) Ward No 5  Vishvakarma Street 6 , 3.Kalakadu(T.P) Ward No 5 Muslim East Street 7 , 4.Kalakadu(T.P) Ward No 4 Pillaiyar Kovil Street 8 , 999.OVERSEAS ELECTORS OVERSEAS ELECTORS",General
63,227,63,"MUTHAIYAH  HINDU MIDDLE SCHOOL CHATTIRAM BUILDING, FRONT  PORTION, EAST SIDE KOVILPATHU, KALAKAD","1.Kalakadu(T.P) Ward No 4  Muslim South Street 9 , 2.Kalakadu(T.P) Ward No 4  Muslim North Street 10 , 3.Kalakadu(T.P) Ward No 4 Senaiar Street 11,Ward No 4 Viyasarajapuram(Anna Street) , 999.OVERSEAS ELECTORS OVERSEAS ELECTORS",General
64,227,64,"K.A.M.P.MEERANIA HR.SEC SCHOOL NORTH BUILDING, WEST PORTION, KALAKAD","1.Kalakadu(T.P) Ward No 7  Kundu Street 10 , 2.Kalakadu(T.P) Ward No 7  West Street 11 ,                                                       3.Kalakadu(T.P) Ward No 7 River Bank  Street 12 , 4.Kalakadu(T.P) Ward No 3 Nagankulam Harijan Street 1 , 999.OVERSEAS ELECTORS OVERSEAS ELECTORS",General
65,227,65,"K.A.M.P.MEERANIA HR.SEC SCHOOL NORTH BUILDING, WEST PORTION, ROOM 7 KALAKAD","1.Kalakadu(T.P) Ward No 3  Singampathu Pillamar  South Street 4 , 2.Kalakadu(T.P) Ward No 3  Singapathu Pillamar North Street 5 3.Kalakadu(T.P) Ward No 3  Muslim South Street 6 , 4.Kalakadu(T.P) Ward No 3 Muslim Middle Street 7 , 5.Kalakadu(T.P) Ward No 3 Singapathu Muslim North Street 8 ,6.Kalakadu(T.P) Ward No 3 Sivaruthar  Street 9 , 7.Kalakadu(T.P) Ward No 3  Singampathu Muslim East Street 10 ,
8.Kalakadu(T.P) Ward No 3 Singapathu Muslim North Street Kalakadu ,
999.OVERSEAS ELECTORS OVERSEAS ELECTORS",General
66,227,66,CMS EVANJILIKAL MIDDLE SCHOOL SOUTH PORTION MELAPATHAI,"1.Kalakadu (TP) Ward No 17 Kalungadi Street 1 ,
2.Kalakadu (TP) Ward No 17  Karuppanthoppu Street 2 ,  , 999.OVERSEAS ELECTORS OVERSEAS ELECTORS",General
67,227,67,CMS EVANJILIKAL MIDDLE SCHOOL SOUTH BUILDING SOUTH PORTION MELAPATHAI,"1.Kalakadu(T.P) Ward No 17  Azadpuram West Portion 1st Lane 4 ,
2.Kalakadu (TP) Ward No 17  Azadpuram West Portion 2nd Lane 5 ,
3.Kalakadu (TP) Ward No 17  Azadpuram East  Portion 1st Lane 6 , 4.Kalakadu(T.P) Ward No 17 Azadpuram East Portion 2nd Lane 7 , 999.OVERSEAS ELECTORS OVERSEAS ELECTORS",General
68,227,68,T.D.T.A. MIDDLE SCHOOL NORTH MANJUVILAI,"1.Kalakadu(T.P) Ward No 17  Panchantharam 9 , 2.Kalakadu(T.P) Ward No 18 Manjuvilai Kudiyiruppu 11 , 999.OVERSEAS ELECTORS OVERSEAS ELECTORS",General
69,227,69,T.D.T.A.MIDDLE SCHOOL SOUTH MANJUVILAI,"1.Kalakadu(T.P) Ward No 17  Ambethkar Nagar 8 , 2.Kalakadu(T.P) Ward No 18 Manjuvilai North Street 12 , 3.Kalakadu(T.P) Ward No 18 Gandhi Nagar 13 , 999.OVERSEAS ELECTORS OVERSEAS ELECTORS",General
70,227,70,"NEELAKANDAN HINDU PRIMARY SCHOOL, EAST PART PATHAI","1.Kalakadu(T.P) Ward No 19   Vinayagar Sannathi Street 14 ,
2.Kalakadu (T.P) Ward 18  15 Pathai Perumal Sannathi Street ,
3.Kalakadu (T.P) Ward 18  16 Pathai Perumal Sannathi Periya Street, South street ,                                                         4.Kalakadu(T.P) Ward 19 17 Pathai Vinayagar Sannathi Street
5.Kalakadu(T.P) Ward 19       18 pathai South Street ,  , 999.OVERSEAS ELECTORS OVERSEAS ELECTORS",General
71,227,71,"VARAM NURSERY AND PRIMARY SCHOOL,NORTHERN BUILDING SOUTH PORTION PATHAI.","1.Kalakadu(T.P) Ward 19  19 Pathai Middle Street , 2.Kalakadu(T.P) Ward 19  20 Pathai South Street , 3.Kalakadu(T.P) Ward 19  21 Pathai North Street , 999.OVERSEAS ELECTORS OVERSEAS ELECTORS",General
72,227,72,Anganwadi Building PATHAI,"1.Kalakadu(T.P) Ward  19   22 Pathai Arisan First Street , 2.Kalakadu(T.P) Ward 19  23 Pathai Arisan 2th Street , 3.Kalakadu(T.P) Ward 19  24 Pathai Arisan 3th Street , 4.Kalakadu(T.P) Ward 19  25 Pathai Arisan 4th Street , 5.Kalakadu(T.P) Ward 19  26 Sivaruthra Street , 6.Kalakadu(T.P) Ward 19  27 Kundendiran Street , 7.Kalakadu(T.P) Ward 19     28 Pathai Arijan 5th Lane. , 8.Kalakadu(T.P) Ward 19  29 Pathai Arijan 6th Lane. , 9.Kalakadu(T.P) Ward 19   30 Pathai Arijan 7th Lane. , 999.OVERSEAS ELECTORS OVERSEAS ELECTORS",General
73,227,73,"PANCHAYAT UNION PRIMARY SCHOOLWEST NEW BUILDING, SOUTH ROOM, KEEZHA KARUVELANKULAM","1.Kalakadu (TP) Ward No 20 Pandithankurichy Mela Street 1 ,
2.Kalakadu (TP) Ward No 20  Pandithankurichy Second Street 2 ,
3.Kalakadu (TP) Ward No 20 Pandithankurichy North Street 3 ,
4.Kalakadu (TP) Ward No 20 Pandithankurichy East Street 4 ,
5.Kalakadu (TP) Ward No 20 Keezha KaruvelankulamNadaraja Nagar Middle Street 5 ,
6.Kalakadu (TP) Ward No 20 Nadaraja Nagar  East Street 6 ,
7.Kalakadu (TP) Ward No 20  Nadaraja Nagar Swamy Sannathi Street 7 ,                                                                                          8.Kalakadu(TP)
Ward No 20 Nadaraja Nagar South Car Street 8 ,
9.Kalakadu (TP) Ward No 20 Nadaraja Nagar West Car Street 9 , 10.Kalakadu (TP) Ward No 20 Pillaiyar Kovil Street 10 , 11.Kalakadu (TP) Ward No 20 Pillaiyar Kovil  West Street 11 , 12.Kalakadu (TP) Ward No 20  Pillaiyar Kovil North Street 12 , 13.Kalakadu (TP) Ward No 20 Sivaruthira Street 13                                                                        ,
999.OVERSEAS ELECTORS OVERSEAS ELECTORS",General
74,227,74,"ANGANWADI BUILDING,KEEZHA KARUVELANKULAM","1.Kalakadu (TP) Ward No 20 Sivashanmugapuram North Street 16,
2.Kalakadu (TP) Ward No 20  Sivashanmugapuram South Street 17,
3.Kalakadu (TP) Ward No 21 Puthukiramam ,
4.Kalakadu (TP) Ward No 21 Vadamalai Samudram 19, 5.Kalakadu (TP) Ward No 21 Chatram North Street 20, 6.Kalakadu (TP) Ward No
21  Chatram South Street 21, 7.Kalakadu (TP) Ward No 21 Chatram Nellaiyappar Kovil Street 22,
8.Kalakadu (TP) Ward No 21  Chatram Nellaiappar Mada Street 23,
9.Kalakadu (TP) Ward No 21  Nellaiappar Kovil  Lane 24 , 10.Kalakadu (TP) Ward No 21 Chatram Amman Kovil Street 25 11.Kalakadu (TP) Ward No 21 Shankar Nagar 26 , 999.OVERSEAS ELECTORS OVERSEAS ELECTORS",General
75,227,75,PANCHAYAT UNION PRIMARY SCHOOL NORTH NEW BUILDING WEST PORTION KEEZHA KARUVELANKULAM,"1.Kalakadu(T.P) Ward No 2 Thambithoppu 1 , 2.Kalakadu(T.P) Ward No 2 Kovil Street ,
3.Kalakadu(T.P) Ward No 2 Keezha Karuvelankulam South Street 2 , 4.Kalakadu(T.P) Ward No 2  Pottal Nadar Street 3 , 5.Kalakadu(T.P) Ward No 2  Kalathadi Harijan Street , 6.Kalakadu(T.P) Ward No 2 South Karuvelan Harijan South Street 5 ,
7.Kalakadu(T.P) Ward No 2  South Karuvelankulam Harijan North Street 6 ,                                                                                 8.Kalakadu(T.P)
Ward No 2  Keezha Karuvelankulam  Harijan Middle Street 7 , 9.Kalakadu(T.P) Ward No 2 Keezha Karuvelankulam School Street 15
,                                                                                          10.Kalakadu (TP) Ward
No 20 Karuthan North Street 14 , 11.Kalakadu (TP) Ward No 20 Indira Nagar 15 ,
999.OVERSEAS ELECTORS OVERSEAS ELECTORS",General
76,227,76,PANCHAYAT UNION PRIMARY SCHOOL NEW BUILDING EASTERN BLOCK SOUTH  PART KEEZHA KARUVELANKULAM,"1.Kalakadu(T.P) Ward No 2  Keezha Karuvelankulam Harijan West Street 9 , 2.Kalakadu(T.P) Ward No 2  Keezha Karuvelankulam Vishwakarma Street 10 , 3.Kalakadu(T.P) Ward No 1Keezha Karuvelankulam West Street 11 , 4.Kalakadu(T.P) Ward No 1 Keezha Karuvelankulam Middle Street 12 , 5.Kalakadu(T.P) Ward No 1 Keezha Karuvelankulam North Street 13 , 6.Kalakadu(T.P) Ward No 1 Keezha Karuvelankulam East Street 14 , 7.Kalakadu(T.P) Ward No 1  Keezha Karuvelankulam Rice Mill Street 16 , 8.Kalakadu(T.P) Ward No 1  Kuzhuvar Street 17 , 9.Kalakadu(T.P) Ward No 1 Thenkarai Harijan North Street 18  10.Kalakadu(T.P) Ward No 1 Thenkarai Harijan South Street 19 ,
99.OVERSEAS ELECTORS OVERSEAS ELECTORS",General
77,227,77,"PANCHAYAT UNION PRIMARY SCHOOL NORTH NEW BUILDING, EAST PORTION, KEEZHA KARUVELANKULAM","1.Keelakaruvelankulam (R.V),  Keelakaruvelankulam(P) Block 3 Pethnari Harijana Colony Kattarkulam , 2.Keelakaruvelankulam(R.V),  Keelakaruvelankulam(P) Block 4 Keshawanery Mushlim Street ,
3.Keelakaruvelankulam(R.V),  Keelakaruvelankulam(P) Block 5 Kesavaneri Harijana Colony ,
999.OVERSEAS ELECTORS OVERSEAS ELECTORS",General
78,227,78,ANGANWADI CENTER KALLADI CHIDHAMBARAPURAM,"1.Keelakaruvelankulam (R.V), Keelakaruvelankulam(P) Block 1 Keelachidambaram Meloor ,
2.Keelakaruvelankulam (R.V),  Keelakaruvelankulam(P) Block 2 Keelachidambarapuram Keezhur ,
999.OVERSEAS ELECTORS OVERSEAS ELECTORS",General
79,227,79,"ANNAI TERASA HIGH SCHOOLWEST BUILDING, NORTH PORTION,  MEENAVANKULAM","1.Kallikulam (R.V),  Kallikulam(P) Block No 1 Meenavankulam South North West Portion ,
2.Kallikulam(R.V),  Kallikulam(P) Block 2  Meenavakulam South North East Portion ,                                            3.Kallikulam(R.V), Kallikulam (P) Block 14  North Kallikulam Athi Dravidar Street , 4.Kallikulam(R.V),  Kallikulam(P) Block 15 North Kallikulam Maravar Street ,
999.OVERSEAS ELECTORS OVERSEAS ELECTORS",General
80,227,80,ANGANWADI CENTER KALLIKULAM,"1.Kallikulam (R.V),  Kallikulam(P) Block No 3 Meenavankulam 2.Kallikulam (R.V), Kallikulam (P) Block No 4 Eastkallikulam Adidravidar Street ,
3.Kallikulam (R.V), Kallikulam (P) Block No 5 East Kallikulam Nadar Kudiyiruppu ,                                                                        4.Kallikulam(R.V),
Kallikulam (P) Block No 6 East Kallikulam Yadavakudiyiruppu , 999.OVERSEAS ELECTORS OVERSEAS ELECTORS",General
81,227,81,"T.D.T.A.PRIMARY SCHOOLNORTH BUILDING, KEELA THUVARAIKULAM","1.Kallikulam(R.V),  Kallikulam (P) Block 7 Keelathuvarai Kulam Nadar Street ,                                                                            2.Kallikulam
(R.V), Kallikulam(P) Block 8 Meladuvaraikulam Nadar Street , 3.Kallikulam(R.V),  Kallikulam (P) Block No 10 Kallikulam Chathiram ,
4.Kallikulam(R.V),  Kallikulam(P) Block No 11 Thiruvenkadapuram Nadar Street ,                                                           5.Kallikulam (R.V), Kallikulam(P) Block No 13 Alwarpuram , 999.OVERSEAS ELECTORS OVERSEAS ELECTORS",General
82,227,82,"PANCHAYAT UNION PRIMARY SCHOOLNEW BUILDING, WEST SIDE SOORANGUDI.","1.Soorankudi(R.V),  Soorankudi(P) Block 1 Pillaimar Street , 2.Soorankudi (R.V),  Soorankudi(P) BlocK 2 Thevar Street , 3.Soorankudi (R.V),  Soorankudi(P) Block 2 Mooppanar Street, Block 2 Soorankudi Harijan Colony ,
4. Soorankudi (R.V), Soorankudi ( P) Block 3 Soorankudi Nadar Kudiyiruppu ,
999.OVERSEAS ELECTORS OVERSEAS ELECTORS",General
83,227,83,"TDTA PRIMARY SCHOOL, KALUNGADI","1.Soorankudi(R.V),  Soorankudi(P) Block 3 Nethaji Nagar , 2.Soorankudi(R.V),  Soorankudi(P) Block 4 Kalungadi Nadar Kudiyiruppu ,
3.Soorankudi(R.V), Soorankudi (P) Block 5 Jeeyarkulam Harijan Colony ,
999.OVERSEAS ELECTORS OVERSEAS ELECTORS",General
84,227,84,"PANCHAYAT UNION PRIMARY SCHOOL NEW BUILDING, KADAMPODUVALVU.","1.Kadampoduvazvu (R.V),  Kadampoduvazvu(P) Block No 1 Kadamboduvalvu ,
2.Kadampoduvazvu(R.V),  Kadampoduvazvu(P) Block 4 Puliyankulam ,
999.OVERSEAS ELECTORS OVERSEAS ELECTORS",General
85,227,85,"PANCHAYAT UNION PRIMARY SCHOOL OLD BUILDING,  KADAMPODUVALVU","1..Kadampoduvalvu (R.V),  Kadampoduvalvu(P) Block No 5 Subbramaniapuram West Street ,
2.Kadampoduvazvu (R.V),  Kadampoduvazvu(P) Block 2 Harijan Colony ,                                                                          3.Kadampoduvazvu
(R.V), Kadampoduvazvu (P) Block 3 Nadar Kudiyiruppu 999.OVERSEAS ELECTORS OVERSEAS ELECTORS",General
86,227,86,"PANCHAYAT UNION PRIMARY SCHOOL NORTH NEW BUILDING- 1, WEST PORTION PADALAIYARKULAM.","1.Padalaiyarkulam (R.V),  Padalaiyarkulam ( P) Block 1 Padalaiyarkulam Harijan Colony Kaspa , 999.OVERSEAS ELECTORS OVERSEAS ELECTORS",General
87,227,87,"PANCHAYAT UNION PRIMARY SCHOOL NORTH NEW BUILDING- 1, EAST PORTION PADALAIYARKULAM.","1.Padalaiyarkulam(R.V),  Padalaiyarkulam (P) Block 2 Padalaiyarkulam West Street , 2.Padalaiyarkulam(R.V),  Padalaiyarkulam(P) Block 3
Padalaiyarkulam Kaspa East Street ,        3.Padalaiyarkulam(R.V), Padalaiyarkulam(P) Block 4 Chettimaedu Harijan Colony , 999.OVERSEAS ELECTORS OVERSEAS ELECTORS",General
88,227,88,"PANCHAYAT UNION PRIMARY SCHOOL WEST NEW BUILDING- 1, PADALAIYARKULAM.","1.Padalaiyankulam(R.V),  Padalaiyankulam(P) Block 5 Pudur , 2.Padalaiyarkulam( R.V),  Padalaiyarkulam ( P) Block 6  South Paraiyankulam, J J Nagar ,
999.OVERSEAS ELECTORS OVERSEAS ELECTORS",General
89,227,89,"T.D.T.A. PRIMARY SCHOOL, EAST PORTION, CHURCH NORTH SIDE THOPPUR, KOVILAMMALPURAM.","1.Seevalaperi(R.V),  Seevalaperi(P) Block 1 Salainayinar Pallivasal , 2.Seevalaperi(R.V)Seevalaperi(P) Block 3 Seevalaperi Harijan Colony
,                                                                                           999.OVERSEAS
ELECTORS OVERSEAS ELECTORS",General
90,227,90,"T.D.T.A. PRIMARY SCHOOL, WEST PORTION,CHURCH NORTH SIDE THOPPUR, KOVILAMMALPURAM","1..Seevalaperi (R.V),  Seevalaperi(P) Block 2 Ramakrishnapuram , 999.OVERSEAS ELECTORS OVERSEAS ELECTORS",General
91,227,91,ANGANWADI CENTER MUTHUNAGAR,"1.Seevalaperi (R.V), Seevalaperi ( P) Block 4 Sedurayapuram , , 999.OVERSEAS ELECTORS OVERSEAS ELECTORS",General
92,227,92,"JAWAHAR NATIONAL MIDDLE SCHOOLSOUTH BUILDING, NADU SALAIPUDUR,KOVILAMMALPURAM.","1.Koyilammalpuram (R.V),  Koyilammalpuram (P) Block No 10 North Salaipudur ,
2.Koyilammalpuram (R.V), Koyilammalpuram(P) Block No 11 Middle Salaipudur ,
999.OVERSEAS ELECTORS OVERSEAS ELECTORS",General
93,227,93,"ANGANWADI CENTRE, SOUTH FACE BUILDIN, THOPPUT.","1.Kovilammalpuram(R.V),  Kovilammalpuram(P) Block 2 Thoppur , 2.Koyilammalpuram (R.V),  Koyilammalpuram(P) Block 1 Chatiram kudiyiruppu ,                                                               999.OVERSEAS
ELECTORS OVERSEAS ELECTORS",General
94,227,94,"JAWAHAR NATIONAL MIDDLE SCHOOL SOUTH BUILDING, NADU SALAIPUDUR, KOVILAMMALPURAM.","1.Koyilammalpuram (R.V),  Koyilammalpuram ( P) Block No 9 Moorthi Nainar Medu ,
2.Koyilammalpuram (R.V), Koyilammalpuram(P) Block No 12 Mela Salaipudur ,
3.Koyilammalpuram (R.V),  Koyilammalpuram(P) Block No 13 Salaipudur Harijan Colony ,
999.OVERSEAS ELECTORS OVERSEAS ELECTORS",General
95,227,95,"HINDU PRIMARY SCHOOLBACK PORTION, KOVILAMMALPURAM KASPA.","1.Koyilammalpuram (R.V),  Koyilammalpuram(P) Block 3 Thiradur , 2.Koyilammalpuram(R.V),  Koyilammalpuram(P) Block 4 East Koyilammalpuram ,
999.OVERSEAS ELECTORS OVERSEAS ELECTORS",General
96,227,96,HINDU PRIMARY SCHOOL KOVILAMMALPURAM KASPA.,"1.Koyilammalpuram (R.V),  Koyilammalpuram(P) Block  5 Kovilammalpuram Kaspa ,
2.Koyilammalpuram (R.V),  Koyilammalpuram(P) Block 6 Uthayamarthanda Puram Harijan Colony , 3.Koyilammalpuram (R.V),  Koyilammalpuram(P) Block 8 KudduvanKulam ,
999.OVERSEAS ELECTORS OVERSEAS ELECTORS",General
97,227,97,"HINDU MIDDLE SCHOOL SOUTH BUILDING, MAVADI, MALAIYADIPUTHUR","1.Maliyadipudhur (R.V),  Maliyadipudhur (P) Mavadi North Street 2.Maliyadipudhur (R.V),  Maliyadipudhur(P) Mavadi East Street 1 , 3.Maliyadipudhur (R.V),  Maliyadipudhur(P) Mavadi East Street 2 , 4.Maliyadipudhur (R.V),  Maliyadipudhur(P) Mavadi Middle Street , 5.Maliyadipudhur (R.V),  Maliyadipudhur(P) Mavadi South Street , 6.Maliyadipudhur (R.V),  Maliyadipudhur(P) Mavadi Paruthivilai Street ,
999.OVERSEAS ELECTORS OVERSEAS ELECTORS",General
98,227,98,"HINDU MARAVAR MIDDLE SCHOOLFRONT PORTION , MALAYADIPUDUR","1.Malayadiputhur (R.V), Malayadiputhur (P) Mavadi Malayadiputhur East Street ,
2.Malayadiputhur (R.V),  Malayadiputhur(P) Mavdi Malayadiputhur Middle Street 1 ,                                                    3.Malayadiputhur (R.V), Malayadiputhur (P), Mavadi Malayadiputhur School Street , 4.Malayadiputhur (R.V),  Malayadiputhur(P) Mavadi Malayadiputhur Middle Street ,
5.Malayadiputhur (R.V),  Malayadiputhur(P) Mavadi Malayadiputhur Middle Street 3 ,
6.Malayadiputhur (R.V),  Malayadiputhur (P) Mavadi Malayadiputhur South Street                                                         , 7.Malayadiputhur (R.V),  Malayadiputhur(P) Mavadi Malayadiputhur West Street 1 ,
8.Malayadiputhur (R.V),  Malayadiputhur(P) Mavadi Malayadiputhur West Street 2 ,
9.Malayadiputhur (R.V),  Malayadiputhur(P) Mavadi Malayadiputhur Paruthi Vilai Street , 999.OVERSEAS ELECTORS OVERSEAS ELECTORS",General
99,227,99,"HINDU MIDDLE SCHOOLFRONT PART , MALAYADIPUDUR","1.Malayadiputhur (R.V),  Malayadiputhur(P) Mavadi Malayadiputhur Kochi Pothai Maniselvapuram , 2.Malayadiputhur (R.V),  Malayadiputhur(P) Mavadi Mavadi Donavur Main Road , 3.Malayadiputhur (R.V),  Malayadiputhur(P) Mavadi Mavadi Koiyyamavadi Street 1
4.Malayadiputhur (R.V),  Malayadiputhur(P) Mavadi Mavadi Archvilai Street 2 ,
5.Malayadiputhur (R.V),  Malayadiputhur (P) Mavadi Post office Street, Melamavadi 2 ,
6.Malayadiputhur (R.V),  Malayadiputhur(P) Mavadi Narayanasamy Koil street, Melamavadi 3 ,
7.Malayadiputhur (R.V),  Malayadiputhur(P) Mavadi Mavadi Melamavadi South Street ,
8.Malayadiputhur  (R.V), Malayadiputhur(P) Mavadi Mavadi South Mavadi ,
9.Malayadiputhur (R.V),  Malayadiputhur(P) Mavadi Mavadi Middle Street (Mavadi) ,                                                                      999.OVERSEAS
ELECTORS OVERSEAS ELECTORS",General
100,227,100,Anganwadi Center Malaiyadiputhur,"1.Maliyadipudhur (R.V),Maliyadipudhur(P) Koiyamavadi Street1 2.Maliyadipudhur (R.V), Maliyadipudhur (P) Koiyamavadi Street 2 , 3.Maliyadipudhur (R.V),  Maliyadipudhur(P) Koiyamavadi Street 3 , 4.Maliyadipudhur (R.V),  Maliyadipudhur (P) Mela Mavadi 5.Maliyadipudhur (R.V), Maliyadipudhur (P) Archvilai Street 1 , 6.Maliyadipudhur (R.V), Maliyadipudhur (P) Archvilai Street 2 , 7.Maliyadipudhur (R.V),  Maliyadipudhur (P) Shunmugasundaram Nagar 1                                           8.Malayadiputhur (R.V), Malayadiputhur(P) Mavadi Mavadi Iramachanadira Puram , 9.Maliyadipudhur (R.V),  Maliyadipudhur(P) Shunmugasundaram Nagar 2,                                                              10.Maliyadipudhur (R.V), Maliyadipudhur (P) Ramachandrapuram ,
11.Maliyadipudhur (R.V),  Maliyadipudhur(P) South Mavadi , 999.OVERSEAS ELECTORS OVERSEAS ELECTORS",General
101,227,101,"HINDU PRIMARY SCHOOLFRONT  PORTION CHETTIMEDU,   SENKALAKURICHY.
P","1.Senkalakurichi (R.V),  Senkalakurichi(P) Block 2 Donavoor Hospital Chettimedu North Portion ,                                               2.Senkalakurichi (R.V), Senkalakurichi(P) Block 4 Swarajyapuram Keela Harijan Colony ,                                         3.Senkalakurichi (R.V), Senkalakurichi
(P) Block 5 Iraiadikal Harijana Colony
, 999.OVERSEAS ELECTORS OVERSEAS ELECTORS
age 42 of 118",General
102,227,102,"HINDU PRIMARY SCHOOLBACK PORTION CHETTIMEDU,   SENKALAKURICHY.","1.Senkalakurichi (R.V), Senkalakurichi (P) Block 10 Senkalakurichi South Portion ,                                                      2.Senkalakurichi ( R.V)
,Senkalakurichi (P) Block 3 Chettimedu South Portion , 999.OVERSEAS ELECTORS OVERSEAS ELECTORS",General
103,227,103,"PANCHAYAT UNION PRIMARY SCHOOL NORTH BUILDING, EAST PORTION, PALLIKONDANKUDIYIRUPPU","1.Senkalakurichi (R.V), Senkalakurichi (P) Block 1 Nallamaram Street
,
2.Senkalakurichi (R.V), Senkalakurichi (P) Block 1 East Malaiyaneri , 3.Senkalakurichi (R.V), Senkalakurichi (P) Block 7 Ramachadrapuram ,
4.Senkalakurichi (R.V) ,Senkalakurichi (P) Block 7 Mavadi Pudur , 999.OVERSEAS ELECTORS OVERSEAS ELECTORS",General
104,227,104,"PANCHAYAT UNION PRIMARY SCHOOLNORTH BUILDING, EAST PORTION, PALLIKONDAN KUDI IRUPPU.","1.Senkalakurichi (R.V),  Senkalakurichi(P) Block 6 South Mavadi Street ,                                                                                 2.Senkalakurichi
(R.V), Senkalakurichi (P) Block 6 East Mavadi Street, Nerunjivilai , 3.Senkalakurichi (R.V),  Senkalakurichi (P) Block No 6 Pallikondan Kudiiruppu and Kulathukudiyiruppu ,
4.Senkalakurichi (R.V), Senkalakurichi (P) Block 7 Udaiyadi Thattu , 999.OVERSEAS ELECTORS OVERSEAS ELECTORS",General
105,227,105,"HINDU PRIMARY SCHOOLSOUTH PORTON (FRONT PORTION),VADUHATCHIMATHIL.","1.Vadukatchimathil (R.V),  Vadukatchimathil (P) Block 1 Vadivalpuram ,
2.Vadukatchimathil (R.V), Vadukatchimathil (P) Block 5 East Malaiyaneri ,                                                                         3.Vadukatchimathil
(R.V),  Vadukatchimathil (P) Block 3 Periyasamy Kovil Street 999.OVERSEAS ELECTORS OVERSEAS ELECTORS",General
106,227,106,HINDU PRIMARY SCHOOL UCHIKULAM,"1.Jeer Madam, Uchikulam                                      999.OVERSEAS ELECTORS OVERSEAS ELECTORS",General
107,227,107,"HINDU PRIMARY SCHOOL SOUTH PORTON (BACK PORTION), VADUHATCHIMATHIL.","1.Vadukatchimathil (R.V),  Vadukatchimathil (P) Block 2 Pillayarkovil Street ,
999.OVERSEAS ELECTORS OVERSEAS ELECTORS",General
108,227,108,"WALKER HR.SEC.SCHOOL,150TH -CENTENERY HALL,SOUTH PORTION,ROOM NO.9, DOHNAVOOR","1.Puliyoorkurichi (R.V) ,Puliyoorkurichi (P) Block 4   1Dohnavoor North Street Kovil Street ,                                       999.OVERSEAS ELECTORS OVERSEAS ELECTORS",General
109,227,109,"WALKER HR.SEC.SCHOOL,,150 TH-CENTENERY HALL, CENTRAL PORTION,ROOM NO.8 DOHNAVOOR,","1.Puliyookurichi (R.V), Puliyookurichi (P) Block 4   2Dohnavoor Keela Street,Middle Street,Karunyapuram Street , 2.Puliyuookurichi (R.V), Puliyuookurichi (P) Block 4  3Dohnavoor Keela Street,Middle Street,Karunyapuram Street , 3.Puliyuookurichi (R.V), Puliyuookurichi (P) Block No 4     4Dohnavoor Keela Street,Middle Street,Karunyapuram Street , 4.Puliyuookurichi (R.V), Puliyuookurichi (P) Block 4   5Dohnavoor Keela Street,Middle Street,Karunyapuram Street , 999.OVERSEAS ELECTORS OVERSEAS ELECTORS",General
110,227,110,"WALKER HR.SEC.SCHOOLB I- CENTENARY HALL,NORTH PORTION,ROOM NO. 7,
DOHNAVOOR","1.Puliyoorkurichi (R.V), Puliyoorkurichi (P) Fellowship Compound 4
,
2.Puliyoorkurichi (R.V),Puliyoorkurichi (P) South  Of Odai Street, Dohnavoor 5 ,                                                                        3.Puliyoorkurichi
(R.V), Puliyoorkurichi (P) Sivan Kovil Street Puliyoorkurichi 6 4.Puliyoorkurichi (R.V), Puliyoorkurichi (P) Main Road Puliyankurichi 7 (Perumal Kovil Street)
999.OVERSEAS ELECTORS OVERSEAS ELECTORS",General
111,227,111,"WALKER HR.SEC.SCHOOL,NORTH PORTION,ROOM NO. 7,     DOHNAVOOR","1.Puliyoorkurichi (R.V), Puliyoorkurichi (P) Karai Kudi Iruppu 8 2.Puliyoorkurichi (R.V), Puliyoorkurichi (P) Manikkam Street, Kattalai street 9 ,
3.Puliyoorkurichi (R.V), Puliyoorkurichi (P) Keelkattalai Karaikudiyiruppu ,
4.Puliyoorkurichi (R.V), Puliyoorkurichi (P) Ramakrishnapuram , 5.Puliyoorkurichi (R.V), Puliyoorkurichi (P) Kosalram Nagar , 999.OVERSEAS ELECTORS OVERSEAS ELECTORS",General
112,227,112,"HINDU PRIMARY SCHOOLSOUTH BUILDING,SOUTH PORTION, GOTHAICHERRI.","1.Puliyurkurichi (R.V), Puliyurkurichi (P) Block 10 Kothaiseri Usilankulam Harijan Colony ,
2.Puliyurkurichi (R.V), Puliyurkurichi (P) Block No 11 North Street,Nethaji Street,Gothaicherri ,
999.OVERSEAS ELECTORS OVERSEAS ELECTORS",General
113,227,113,"HINDU PRIMARY SCHOOLSOUTH BUILDING,EAST PORTION, GOTHAICHERRI.","1.Puliyurkurichi (R.V), Puliyurkurichi (P) Block 13 Gothaicherri South Street, West Street ,
2.Puliyurkurichi (R.V), Puliyurkurichi
(P) Block 14  Aai Dravidar Street, Jegajeevanram street 3.Puliyurkurichi (R.V), Puliyurkurichi (P) Block 12  Gothaicherri Middle Street ,
4.South Nanguneri (R.V), South Nanguneri (P) Block 8 South Veppankulm East Street ,
5.South Nanguneri (R.V), South Nanguneri (P) Block 8 South Veppankulam West Street 999.OVERSEAS ELECTORS OVERSEAS ELECTORS",General
114,227,114,HINDU PRIMARY SCHOOL ALANKULAM,"1 - Puliyurkurichi (R.V), Puliyurkurichi (P), Block 15 South Alangulam (Seenivasapuram)
2- Puliyurkurichi (R.V), Puliyurkurichi (P), Block 16 Inam Alangulam
3- Puliyurkurichi (R.V), Puliyurkurichi (P), Block 17 Inam Alangulam South Side
4 - Puliyurkurichi (R.V), Puliyurkurichi (P), Block 18  Inam Alangulam West Side
5 - Puliyurkurichi (R.V), Puliyurkurichi (P), Block 18 Inam Alangulam West Side
999.OVERSEAS ELECTORS OVERSEAS ELECTORS",General
115,227,115,GOVT. ADITHIRAVIDAR WELFARE DEPT. PRIMARY  SCHOOL SOUTH PORTION ROOM NO 2 KEEZHAKATTALAI,"1.Thirukurunkudi (T.P) Ward No 1 Harijan Colony Puthu theru 1 2.Thirukurunkudi (T.P) Ward No 1 Kattalaikudiyiruppu 2 , 3.Thirukurunkudi (T.P) Ward No 1  North Avaranthalai 3 , 4.Thirukurunkudi (T.P) Ward No 1  Keelakattalai 4 , 5.Thirukurunkudi (T.P) Ward No 2 Keelakattalai North Street 5 , 6.Thirukurunkudi (T.P) Ward No 2 South Avanthalai East Street 1 , 7.Thirukurunkudi (T.P) Ward No 2 South Avanthalai West Street 2 , 999.OVERSEAS ELECTORS OVERSEAS ELECTORS",General
116,227,116,T.V.S. GOVT. HR.SEC.SCHOOLWEST BLOCK  ROOM NO.2 TIRUKURUNGUDY.,"1.THIRUKURUNGUDI(T.P) Ward No 15 Nambipuram Harijan Colony 4 ,
2.THIRUKURUNGUDI(T.P) Ward No 15 Nambi Narayana Sami Kovil Street 5 ,                                                      3.THIRUKURUNGUDI(T.P)
Ward No 15 Nambipuram South Street 6 , 4.THIRUKURUNGUDI(T.P) Ward No 15 Kochipothai Street NambiKoil salai 7 ,
5.THIRUKURUNGUDI(T.P) Ward No 9 South Car Street 1 , 6.THIRUKURUNGUDI(T.P) Ward No 7 T S.N.151 Street 2 ,
7.THIRUKURUNGUDI (T.P) Ward No 7 Keela Mada Street 3 , 8.THIRUKURUNGUDI(T.P) Ward No 7 Sannathi Street 4 , 999.OVERSEAS ELECTORS OVERSEAS ELECTORS",General
117,227,117,"T.V.S. GOVT. HR.SEC.SCHOOL EAST BLOCK, ROOM NO.6,TIRUKURUNGUDY","1.Thirukurunkudi (T.P) Ward No 3  Nambithalaivanpattayam East Street 2 ,                                                                                   2.Thirukurunkudi
(T.P) Ward No 3 Nambi Rastha South Portion Mainroad , 3.Thirukurunkudi (T.P) Ward No 3  Kuravanthattu Vanniyan Kudiyiruppu 2 ,
4.Thirukurunkudi (T.P) Ward No 2  Santhosapuram 9 , 5.Thirukurunkudi (T.P) Ward No 7 North Mada Street Lane 2 , 6.THIRUKURUNGUDI (T.P) Ward No 3 Thiruthu 3 , 999.OVERSEAS ELECTORS OVERSEAS ELECTORS",General
118,227,118,"T.V.S.GOVT.HR.SEC. SCHOOL. EAST BLOCK, ROOM NO.6,TIRUKURUNGUDY","1.Thirukurunkudi (T.P) Ward No 4 Nambithalaivanpattayam West Street 1 ,
2.Thirukurunkudi (T.P) Ward No 8  North Mada Street 1 , 3.Thirukurunkudi (T.P) Ward No 6 West Mada Street 2 , 4.Thirukurunkudi (T.P) Ward No 9 South Mada Street 3 , 5.Thirukurunkudi (T.P) Ward No 6Kottai Kara Street 3 , 6.Thirukurunkudi (T.P) Ward No 6 Kammala Street 4 , 7 999.OVERSEAS ELECTORS OVERSEAS ELECTORS",General
119,227,119,"TVS.GOVT.HR.SEC. SCHOOLSSA  BUILDING, TIRUKURUNGUDY","1.Thirukurunkudi (T.P) Ward No  5 Melathirattu Harijan Colony 2 , 2.Thirukurunkudi (T.P) Ward.No 5 Thenkarai South Street 3 , 3.Thirukurunkudi (T.P) Ward.No 5 Thenkarai West Street 4 , 4.Thirukurunkudi (T.P) Ward.No 8 West Car Street 1 , 5.Thirukurunkudi (T.P) Ward No 6 East Car Street Lane 5 , 6.Thirukurunkudi (T.P) Ward No 6 East Car Street,Arch street6 7.Thirukurunkudi (T.P) Ward No 9 South  Car Street Lane 8 999.OVERSEAS ELECTORS OVERSEAS ELECTORS",General
120,227,120,"TVS.GOVT.HR.SEC. SCHOOLSSA  BUILDING, Room No 6 TIRUKURUNGUDY","1.Thirukurunkudi (T.P) Ward.No 8  West Mada Street Lane 2 , 2.Thirukurunkudi (T.P) Ward.No  9  South Lane, South Car street 7 , 3.Thirukurunkudi (T.P) Ward.No  13  West Road Street 8 , 4.Thirukurunkudi (T.P) W.No  13 Ramanujam New Street Arasu Colony5 ,
5.Thirukurunkudi (T.P) Ward No 7 North Car Street 1 , 999.OVERSEAS ELECTORS OVERSEAS ELECTORS",General
121,227,121,"PANCHAYAT UNION PRIMARY SCHOOL SOUTH NEW BUILDING, NORTH MAIN ROAD, TIRUKURUNGUDY","1.Thirukurunkudi (T.P) W.No 14  Nambithoppu South Street 1 , 2.Thirukurunkudi (T.P) W.No  14 Nambithoppu Middle Street 2 , 3.Thirukurunkudi (p) W.No 19 Nambithoppu North Street 3 , 4.Thirukurunkudi (T.P) W.No 14  West Nambitoppu North Street 4 , 5.Thirukurunkudi (T.P) W.No  14  West Nambithoppu South Street 5
,                                                                                          6.Thirukurunkudi (T.P)
W.No 9 Nambi Puarm Street West Portion 1 ,
7.Thirukurunkudi (T.P) W.No 9 Nambipuram Salai East Portion 2 , 999.OVERSEAS ELECTORS OVERSEAS ELECTORS",General
122,227,122,"PANCHAYAT UNION PRIMARY SCHOOL NORTH NEW BUILDING, NORTH MAIN ROAD, TIRUKURUNGUDY","1.Thirukurunkudi (T.P) W.No  11 Mahiladi Paracheri North Street 4 , 2.Thirukurunkudi (T.P) W.No  12  Levingipuram North Street 1 , 3.Thirukurunkudi (T.P) W.No 12  Levingipuram Middle Street 2 4.Thirukurunkudi (T.P) W.No 12 South Street 3 , 5.Thirukurunkudi (T.P) W.No 12 Harijan C olony 4 , 6.Thirukurunkudi (T.P) W.No 12 Aladikondal Arunchalampuram 5 Kodamadi ,
999.OVERSEAS ELECTORS OVERSEAS ELECTORS",General
123,227,123,T.D.T.A. PRIMARY SCHOOL LEVINJIPURAM,"1.Thirukurunkudi (T.P) Ward No 10  Mahilady North Street 3 , 2.Thirukurunkudi (T.P) Ward No 10 Makiladi South Street , 3.Thirukurunkudi (T.P) Ward No 11  Mahiladi Patcheri North Street 1 ,                                                                                             4.Thirukurunkudi
(T.P) W.No 11Mahiladi Patchei South Street 2
5.Thirukurunkudi (T.P) W.No 11  Mahiladi Paracheri South Street 3 , 999.OVERSEAS ELECTORS OVERSEAS ELECTORS",General
124,227,124,"PANCHAYAT UNION PRIMARY SCHOOL NORTH BUILDING, WEST PORTION, THALAVAIPURAM.","1.Nambithalaivanpattiam (R.V), Thalavaipuram (P) Block 2 Thalavaipuram Nadar Kudiyiruppu  Harijan Colony , 2.Nambithalaivanpattiam (R.V), Thalavaipuram (P) Block 3 Ambethkar Colony ,
3.Nambithalaivanpattiam (R.V),Thalavaipuram (P) Block 4 Yadava Kudiyiruppu ,                                                               999.OVERSEAS
ELECTORS OVERSEAS ELECTORS",General
125,227,125,ANGANWADI CENTER VANNIYAN KUDIERUPPU,"1.Nambithalaivanpattiam (R.V), Thalavaipuram (P) Block 1 Vanniyan Kudiyiruppu ,
999.OVERSEAS ELECTORS OVERSEAS ELECTORS",General
126,227,126,"PANCHAYAT UNION PRIMARY SCHOOLNORTH
BUILDING, Rajaputhur Nambithalaivan pattayam ERUVADI","1.Nambithalaivanpattiam(R.V), Thalavaipuram (P) Rajaputhur , 999.OVERSEAS ELECTORS OVERSEAS ELECTORS",General
127,227,127,"PANCHAYAT UNION PRIMARY SCHOOL SOUTH BUILDING, NORTH PORTION, ERUVADI","1.Eruvadi (T.P) W.No 5  North Car Street 7 ,
2.Eruvadi (T.P) W.No 5 Shakthriya Nadar Street 13 , 999.OVERSEAS ELECTORS OVERSEAS ELECTORS",General
128,227,128,"PANCHAYAT UNION PRIMARY SCHOOL SOUTH BUILDING, WEST PORTION, ERUVADI","1.Eruvadi (T.P) Ward No 6  West Lane Street 1 ,
2.Eruvadi (T.P) Ward No 6  Middle Lane Street 2 ,
3.Eruvadi (T.P) Ward No 6  East Lane  Street 3 ,
5.Eruvadi (T.P) Ward No 6  Mohaideen Mosque South Street 5
6.Eruvadi (T.P) Ward No 6  Mohaideen Mosque  Middle Street 6 , 999.OVERSEAS ELECTORS OVERSEAS ELECTORS",General
129,227,129,"PANCHAYAT UNION PRIMARY SCHOOL NORTH BUILDING, NORTH PORTION, ERUVADI.
P","1.Eruvadi (T.P) Ward No 5 West Car  Street 1 ,
2.Eruvadi (T.P) Ward No 5 West Mada Street 4 ,
3.Eruvadi (T.P) Ward No 5  North Mada Street 5 ,
4.Eruvadi (T.P) Ward No 5 Kovil Lane Street 6 ,
5.Eruvadi (T.P) Ward No 4 Maruthuva Street 2 ,
6.Eruvadi (T.P) Ward No 4 Mada kovil Street 3 ,
7.Eruvadi (T.P) Ward No 4 Senaiyar Rastha 5 ,
8.Eruvadi (T.P) Ward No 4  Senaiyar Street 6 ,
9.Eruvadi (T.P) Ward No 4 Senaiyar North Street 5 ,         10.Eruvadi (T.P) Ward No 4  Senaiyar First Street 6 , 11.Eruvadi (T.P) Ward No 4 Senaiyar Middle Street 7 , 12.Eruvadi (T.P) Ward No 4  Senaiyar East Street 8 , 999.OVERSEAS ELECTORS OVERSEAS ELECTORS
age 51 of 118",General
130,227,130,"PANCHAYAT UNION PRIMARY SCHOOL WEST PORTION, ERUVADI","1.Eruvadi (T.P) Ward No 5 Periyanayagipuram 10 2.Eruvadi (T.P) Ward No 5 Periyanayagapuram North Street 11
3.Eruvadi (T.P) Ward No 5  Cholavar Street 12 ,                        4.Eruvadi (T.P) Ward No 5 Kurakkudi Street 14                              5.Eruvadi (T.P) Ward No 6  Vellalar North Street 4 ,
6.Eruvadi (T.P) Ward No 5 Vellalar Middle Street 2 ,
7.Eruvadi (T.P) Ward No 5 South Car Street 3
8.Eruvadi (T.P) Ward No 1 Senaiyar Kula Velalar West Street1 999.OVERSEAS ELECTORS OVERSEAS ELECTORS",General
131,227,131,"PANCHAYAT UNION PRIMARY SCHOOLNORTH BUILDING,  NORTH PORTION,  ERUVADI.","1.Eruvadi (T.P) Waed No 6  Mohaideen Mosque North Street 7
2.Eruvadi (T.P) Ward No 3 Vannarkudy Street 1 ,
3.Eruvadi (T.P) Ward No 3  Navithar Street 2 ,
4.Eruvadi (T.P) Ward No 3 Adidravida Street 3 ,
5.Eruvadi (T.P) Ward No 3 Meenakshipuram Nadar Street 4 ,
6.Eruvadi (T.P) Ward No 3  Ponnakurichy Valluva Street 5 ,
7.Eruvadi (T.P) Ward No 3  Perun Street 2 , 999.OVERSEAS ELECTORS OVERSEAS ELECTORS",General
132,227,132,"PANCHAYAT UNION MIDDLE SCHOOL NORTH PORTION, EAST SIDE, ERUVADI.","1.Eruvadi (T.P) Ward No 2  Lebbai Valaivu street 1 ,              2.Eruvadi (T.P) Ward No 2  Pudukudi Street 5 ,
3.Eruvadi (T.P) Ward No 2 Uppu Therku  Street 6 ,
4.Eruvadi (T.P) Ward No 2 Uppu Middle Street 7 ,
5.Eruvadi (T.P) Ward No 2 Uppu North Street ,          999.OVERSEAS ELECTORS OVERSEAS ELECTORS",General
133,227,133,"PANCHAYAT UNION MIDDLE SCHOOL NORTH PORTION, WEST SIDE  ERUVADI.","1.Eruvadi (T.P) Ward No 2  Lakshmi Narasingapuram Rastha 2
2.Eruvadi (T.P) Ward No 2  Lakshmi Narasingapuram Kammalar Street 3 ,                                                                               3.Eruvadi (T.P) Ward
No 2  Lakshmi Narasinga Marakkudi  Street 4 , 999.OVERSEAS ELECTORS OVERSEAS ELECTORS",General
134,227,134,"GOVT GIRL HR.SEC SCHOOL, SOUTH PORTION THANNIRAIVU THITTAM ERUVADI.","1.Eruwadi (T.P) Ward No 6 Thiruvaranganeri Adi Dravidar Street 1 ,
2.Eruwadi (T.P) W.No  6  Puliyanjuvanam 1st Street 2 , 3.Eruvadi (T.P) Ward No 6  Puliyanjuvanam 2st Street 3 , 999.OVERSEAS ELECTORS OVERSEAS ELECTORS",General
135,227,135,GOVT GIRL HR.SEC SCHOOL NORTH PORTION THANNIRAIVU THITTAM. ERUVADI,"1.Eruvadi (T.P) W.No  6 Puliyanjuvanam 3st Street 4 , 999.OVERSEAS ELECTORS OVERSEAS ELECTORS",General
136,227,136,"GOVT GIRL HR SEC  SCHOOL, SOUTH PORTION ERUVADI","1.Eruvadi (T.P) Ward No 7  Puliyanjuvanam 4th Street 1 , 2.Eruvadi (T.P) Ward No 6 Tiruvaranganeri sathria Nadar North Street , 999.OVERSEAS ELECTORS OVERSEAS ELECTORS",General
137,227,137,"PANCHAYAT  UNION PRIMARY SCHOOL,WEST BUILDING, MOHIDEEN NAGAR. ERUVADI.","1.Eruvadi (T.P) Ward No 10  Puliyanjuvanam 5th Street 1 , 2.Eruvadi (T.P) Ward No 10 Sathria Nadar South Street 2 , 999.OVERSEAS ELECTORS OVERSEAS ELECTORS",General
138,227,138,"GOVT HIGH SCHOOL, ROOM No:1 WEST BUILDING , SOUTH PORTION ERUVADI","1.Eruvadi (T.P) Ward No 11  Puliyanjuvanam 6st Street West Line 1 , 999.OVERSEAS ELECTORS OVERSEAS ELECTORS",General
139,227,139,"GOVT.GIRLS  HR.SEC.SCHOOL. NAVARED BANK SCHEME  NORTH  PORTION, ERUVADI.","1.Eruvadi (T.P) Ward No 12  Puliyanjuwanam  6st  Street,East Line 1 ,
2.Eruvadi (T.P) Ward No 12  Mohaideen Nagar,Puliyurkurichy Rastha 2                                                                                        999.OVERSEAS
ELECTORS OVERSEAS ELECTORS",General
140,227,140,"GOVT. GIRLS HR.SEC.SCHOOL. NAVARED BANK SCHEME   SOUTH PORTION, ERUVADI.","1.Eruvadi (T.P) Ward No 12  Mohaideen Nagar North Street 3
2.Eruvadi (T.P) Ward No 12 Mohaideen Nagar West Street 4 ,
3.Eruvadi (T.P) Ward No 12  Mohaideen Nagar East Street 5 ,
4.Eruvadi (T.P) Ward No 12  Mohaideen South Street (Barma Colony)
,                                                                                    999.OVERSEAS
ELECTORS OVERSEAS ELECTORS",General
141,227,141,"GOVT.BOYS HR.SEC.SCHOOL NORTH BUILDING,WEST SIDE, ERUVADI.","1.Eruvadi (T.P) Ward No 11  Puliyanjuwanam 7th Street 1 , 2.Eruvadi (T.P) Ward No 12  Puliyanjuwanam  8th  Street 1 , 3.Eruvadi (T.P) Ward No 12 Thiruvaranganeri Bazaar Street 3 , 4.Eruvadi (T.P) Ward No 12 Tiruvaranganeri Vannarkudi Street4
999.OVERSEAS ELECTORS OVERSEAS ELECTORS",General
142,227,142,GOVT.BOYS HR.SEC.SCHOOL NOUTH BUILDING WEST Side  ERUVADI.,"1.Eruvadi (T.P) Ward No 13  Pudukudy South Street 1 , 2.Eruvadi (T.P) Ward No 13 Pudukudy  West Street 2 , 3.Eruvadi (T.P) Ward No 12  Pudukudy  East Street 3 , 4.Eruvadi (T.P) Ward No 13 Puliyanjuwanam 9th Street 2 , 5.Eruvadi (T.P) Ward No 13 Tiruvaranganeri North Street Main Road 4
6.Eruvadi (T.P) Ward No 12  Vanigar Street 5 ,
7.Eruvadi (T.P) Ward No  12  Vanigar West Street 6 ,              8.Eruvadi (T.P) Ward No 12  Vanigar Idimudukku 7 ,                      9.Eruvadi (T.P) Ward No 13 Vanigar South Street 8 ,
999.OVERSEAS ELECTORS OVERSEAS ELECTORS",General
143,227,143,"GOVT.BOYS HR.SEC.SCHOOLWEST BUILDING(NEW),  ROOM NO.3,  ERUVADI.","1.Eruvadi (T.P) Ward No  13 Tiruvaranganeri Rastha Lane 2 ,
2.Eruvadi (T.P) Ward No 14 Tiruvaranganeri Rastha Lane 3 ,
3.Eruvadi (T.P) Waed No 14 Tiruvaranganeri Rastha , 4.Eruvadi (T.P) Ward No 14 Lakshmi Narasingapuram Adidravida Street , 5.Eruvadi (T.P) Ward No 14 Lakshminarasingapuram Adidravida North Street
,                                                                        6.Eruvadi (T.P) Ward No 14
Jesaiyapuram Adidravida Rastha North Street , 999.OVERSEAS ELECTORS OVERSEAS ELECTORS",General
144,227,144,"GOVT.BOYS HR.SEC.SCHOOL(NEW),  ROOM NO.4 ERUVADI","1.Eruvadi (T.P) Ward No 14 Thiruvaranganeri Rastha Lane ,
2.Eruvadi (T.P) Ward No 14 Jesaiyapuram Adidravida  Middle Street
,                                                                                                  3.Eruvadi (T.P)
Ward No 14 Jesaiyapuram Adidravida  South Street ,
4.Eruvadi (T.P) Ward No 14 Jesaiyapuram Adidravida  South North Street ,                                                                                            5.Eruvadi (T.P)
Ward No 14  R.C Church Street , 6.Eruvadi (T.P) Ward No 14 Nadar Street ,                                                 999.OVERSEAS ELECTORS OVERSEAS ELECTORS",General
145,227,145,"C.M.S. EVANJILIGAL PRIMARY SCHOOL, WEST PORTION, MOONDRADAIPPU.,
MELUR","1.Poolam Part 1 (R.V), Poolam (P) Block 1 South Ilayamputhur
2.Poolam Part 1 (R.V), Poolam (P) Block 2 Moonradaippu Melur North Street ,                                                                                3.Poolam Part 1
(R.V), Poolam (P) Block 3 Moonradaippu Melur West Street ,
4.Poolam Part 1 (R.V), Poolam (P) Block 4 Moonradaippu Melur Kovil Street ,                                                                                   5.Poolam  Part
(R.V), Poolam (P) Munradaippu Melur East Street ,
6.Poolam Part 1 (R.V), Poolam (P) Puliyankulam ,
7.Poolam Part 1 (R.V), Poolam (P) Jayalalitha Nagar , 999.OVERSEAS ELECTORS OVERSEAS ELECTORS",General
146,227,146,"C.M.S. PRIMARY SCHOOL, MOONDRADAIPPU., MELUR","1.Poolam Part 1 (R.V), Poolam (P) Moonradaippu Keezhur
2.Poolam Part 1 (R.V), Poolam (P) Munradaippu Therukur
3.Poolam Part 1 (R.V), Poolam (P) Ayaneri , 999.OVERSEAS ELECTORS OVERSEAS ELECTORS",General
147,227,147,"PANCHAYAT UNION PRIMARY SCHOOL,WEST PORTION, NEW BUILDING, POOLAM.","1.Poolam Part 2 (R.V),  Poolam (P) Block 5 East Street  (North Arasankulam) ,                                                                       2.Poolam Part 2
(R.V), Poolam (P) Block 6 North Street (North Arasankulam) ,
3.Poolam Part 2 (R.V), Poolam (P) Block 7 West Street (North Arasankulam) ,                                                                                         4.Poolam
Part 2 (R.V), Poolam (P) Middle Street (Poolam Kaspa) ,
5.Poolam Part 2 (R.V), Poolam (P) East Street (Poolam Kaspa)
6.Poolam Part 2  (R.V), Poolam (P) South Street  (Poolam Kaspa) ,
7.Poolam Part 2 (R.V), Poolam (P) West Street  (Poolam Kaspa) ,
8.Poolam Part 2 (R.V), Poolam (P) Ambethkar South Colony ,
9.Poolam Part 2 (R.V), Poolam (P) Ambethkar North Colony ,
10.Poolam Part 2 (R.V), Poolam (P) National Highways Merkupuram (Vagaikulam) ,                                                                                11.Poolam
Part 2 (R.V), Poolam (P) South Street (Vagaikulam)  12.Poolam Part 2 (R.V), Poolam (P) East Street (Vagaikulam) , 13.Poolam Part 2 (R.V), Poolam (P) North Street (Vagaikulam) 14.Poolam Part 2 (R.V), Poolam (P) West Street (Vagaikulam)  999.OVERSEAS ELECTORS OVERSEAS ELECTORS",General
148,227,148,"PANCHAYAT UNION MIDDLE  SCHOOL, SSA BUILDING, SOUTH  PORTION,  SENKULAM.","1.SENKULAM(R.V),SENKULAM(P). Ward No 3 Thevar St, Yadavar St, ,                                                   2.SENKULAM(R.V),SENKULAM(P).
Ward 3Adidravidar Colony, , 3.SENKULAM(R.V),SENKULAM(P). Ward No 3Amman Koil St,
North St, , 4.SENKULAM(R.V),SENKULAM(P).Vadakkoor,Thar SalaiSt, 999.OVERSEAS ELECTORS OVERSEAS ELECTORS",General
149,227,149,"PANCHAYAT UNION MIDDLE  SCHOOL,SSA BUILDING NORTH PORTION SENKULAM.","1.SENKULAM(R.V),SENKULAM(P). Ward No 3 Middle St, ,
2.SENKULAM(R.V),SENKULAM(P). Ward No 3 South St, ,
3.SENKULAM(R.V),SENKULAM(P). Ward No 3 No Melur ,
999.OVERSEAS ELECTORS OVERSEAS ELECTORS",General
150,227,150,"PANCHAYAT UNION PRIMARY SCHOOL PONNAKUDI,","1.SENKULAM(R.V),PONNAKUDI(P). Ward No 1 North Street, ,
2.SENKULAM(R.V),PONNAKUDI(P). Ward No 1 Post Office Street,
,                                                        3.SENKULAM(R.V),PONNAKUDI(P).
Ward No 1 Muppidathi amman Koil St, , 4.SENKULAM(R.V),PONNAKUDI(P). Ward No 1 Middle Street, ,
5.SENKULAM(R.V),PONNAKUDI(P). Ward No 1 South St, ,
6.SENKULAM(R.V),PONNAKUDI(P). Ward No 2 Sivan Koil St, ,
999.OVERSEAS ELECTORS OVERSEAS ELECTORS",General
151,227,151,"E SEVAI CENTRE, PONNAKUDI","1.SENKULAM(R.V),PONNAKUDI(P). Ward No 2 South St, ,
2.SENKULAM(R.V),PONNAKUDI(P). Ward No 3 North St(south
Ponnakudi) ,
3.SENKULAM(R.V),PONNAKUDI(P). Ward No 3 Veda Koil St, ,
4.SENKULAM(R.V),PONNAKUDI(P). Ward No 3 Kamarajar Colony, ,                                        5.SENKULAM(R.V),PONNAKUDI(P).
Ward No 3 Elangovadikalar St, , 6.SENKULAM(R.V),PONNAKUDI(P). Ward No 3 Tholkappier St, ,
7.SENKULAM(R.V),PONNAKUDI(P). Ward No 3 Kabiler St, ,
8.SENKULAM(R.V),PONNAKUDI(P). Ward No 3 Thiruvalluvar St, , 9.SENKULAM(R.V),PONNAKUDI(P). Ward No 3 Avuvaiyar St, ,
10.SENKULAM(R.V),PONNAKUDI(P). Ward No 3 Manonmaniam Sundaranar St, , 11.SENKULAM(R.V),PONNAKUDI(P). Ward No
3kaniyan Punguntrnar St, ,
12.SENKULAM(R.V),PONNAKUDI(P). Ward No 3Vanchinathan st, , 13.SENKULAM(R.V),PONNAKUDI(P). Ward No 3 M.M. Nagar St, ,
14.SENKULAM(R.V),PONNAKUDI(P). Ward No 3 Nesamani Nagar,
,                                                15.SENKULAM(R.V),PONNAKUDI(P).
Ward No 3 Annai St. ,
999.OVERSEAS ELECTORS OVERSEAS ELECTORS",General
152,227,152,"VILLAGE PANCHAYAT SEVAI CENTRE, PUTHUKULAM.","1.PUTHUKULAM(R.V), PUTHUKULAM(P). Ayankulam ,Middle
Street, Pilliyar Koil Street Matha, , 2.PUTHUKULAM(R.V) PUTHUKULAM(P) Ward No 1Mallakulam, , 3.PUTHUKULAM(R.V)
PUTHUKULAM(P) Ward No 3 Manalvillai , 999.OVERSEAS ELECTORS OVERSEAS ELECTORS",General
153,227,153,"C.M.S EVANJALIKAL PRIMARYSCHOOL,EAST PART, PUTHUKULAM","1.PUTHUKULAM(R.V) PUTHUKULAM(P) Ward 1Puthu Kulam,
Mela Street, South Street, Jebastin Koil Street, , 999.OVERSEAS ELECTORS OVERSEAS ELECTORS",General
154,227,154,C.M.S EVANJALIKAL PRIMARYSCHOOLMAIN BUILDING WEST PORTION PUTHUKULAM,"1.PUTHUKULAM(R.V) PUTHUKULAM(P) Ward No 2 Ariyanayagi Puram, ,                                                         2.PUTHUKULAM(R.V)
PUTHUKULAM(P) Ward No 3 Thoravalli, , 3.PUTHUKULAM(R.V) PUTHUKULAM(P) Ward
3Veeralaperunselvi,North Street, C.S.I. Koil Street. , 999.OVERSEAS ELECTORS OVERSEAS ELECTORS",General
155,227,155,"T.D.T.A MIDDLE SCHOOL,NORTH BLOCK, EAST ROOM NO.1, KONGANTHANPARAI.","1.KONGANDHAN PARAI(R.V) KONGANDHAN PARAI (P) Ward
No 1AdiDravidar Street, ,
2.KONKANTHANPARAI Ward No 1 Kaliamman Koil St, , 3.KONGANDHAN PARAI(R.V) KONGANDHAN PARAI (P) Ward
No 1Nadar North Street, ,
4.KONGANDHAN PARAI(R.V) KONGANDHAN PARAI (P) Ward
No 1 Adi Dravider South Street, ,
999.OVERSEAS ELECTORS OVERSEAS ELECTORS",General
156,227,156,"T.D.T.A MIDDLE SCHOOL,MAIN BUILDING KONGANTHANPARAI.","1.KONGANDHAN PARAI(R.V) KONGANDHAN PARAI (P) Ward No 1 Main Road, ,                                                   2.KONGANDHAN PARAI(R.V) KONGANDHAN PARAI (P) Ward No 1 Pilliyar Koil St,
,                                            3.KONGANDHAN PARAI(R.V)
KONGANDHAN PARAI (P) Ward No 2 Veda Koil Middle Street, , 4.KONGANDHAN PARAI(R.V) KONGANDHAN PARAI (P) Ward
No 2 South Street ,                                                         999.OVERSEAS ELECTORS OVERSEAS ELECTORS",General
157,227,157,"GOVT.HR.SEC. SCHOOL, SOUTH BUILDING MIDDLE PORTION REDDIARPATTI","1.REDDIYARPATTI(R.V), REDDIYARPATTI(P). Ward No
2Reddiyarpatti  middle East Portion, , 999.OVERSEAS ELECTORS OVERSEAS ELECTORS",General
158,227,158,"GOVT.HR.SEC. SCHOOL,NORTH PART, REDDIARPATTI.","1.REDDIYARPATTI(R.V), REDDIYARPATTI(P). Ward 3 Perumal
Koil Street,Sivan Koil Street, ,                                         999.OVERSEAS ELECTORS OVERSEAS ELECTORS",General
159,227,159,"GOVT.HR.SEC. SCHOOL, SOUTH PORTION REDDIARPATTI.","1.REDDIYARPATTI(R.V), REDDIYARPATTI(P). Ward 3
Narayanasamy Koil Street,  J.J. Nagar,Nadar Street, , 999.OVERSEAS ELECTORS OVERSEAS ELECTORS",General
160,227,160,"GOVT.HR.SEC. SCHOOL,SOUTH PORTION  SOUTH BUILDING REDDIARPATTI","1.REDDIYARPATTI(R.V), REDDIYARPATTI(P). Ward No 3
Tiruvalluvar Street ,                                               2.REDDIYARPATTI(R.V), REDDIYARPATTI(P). Muppidathi Amman Kovil Street.
999.OVERSEAS ELECTORS OVERSEAS ELECTORS",General
161,227,161,"PANCHAYAT UNION PRIMARY SCHOOL, WEST PORTION  REDDIARPATTI.","1.REDDIYARPATTI(R.V), REDDIYARPATTI(P). Ward No 1
Reddiyarpatti North Pagam, , Serial No:1-1000 999.OVERSEAS ELECTORS OVERSEAS ELECTORS",General
162,227,162,"PANCHAYAT UNION PRIMARY SCHOOL,WEST BLOCK SOUTH SIDE. REDDIARPATTI","1.REDDIYARPATTI(R.V), REDDIYARPATTI(P). Middle West
Pagam, Kannapiran Street, Utchimahali Amman Kovil Street , Serial No:1-1000
999.OVERSEAS ELECTORS OVERSEAS ELECTORS",General
163,227,163,"PANCHAYAT UNION PRIMARY SCHOOL,NORTH PORTION  REDDIARPATTI.","1.REDDIYARPATTI(R.V), REDDIYARPATTI(P).AHP Apartment.
2.REDDIYARPATTI(R.V), REDDIYARPATTI(P)  Bajana Madan
Street.
999.OVERSEAS ELECTORS OVERSEAS ELECTORS",General
164,227,164,T.D.T.A.PRIMARY SCHOOL MADATHUPATTI.,"1.SEEVALAPERI (R.V) MADATHUPATTI (P) Ward 1 NADAR STREET ,                                                                  2.SEEVALAPERI (R.V)
MADATHUPATTI (P) Ward 1 COLONY STREET , 3.SEEVALAPERI (R.V) MADATHUPATTI (P) Ward 1 NADAR
SOUTH ST ,                                                                    4.SEEVALAPERI (R.V) MADATHUPATTI (P) MIDDLE ST Ward 1 ,
5.SEEVALAPERI (R.V) MADATHUPATTI (P) WARD NO 1 SOUTH STREET ,                                                                 6.SEEVALAPERI (R.V) MADATHUPATTI (P) Ward 1 JEPASTHIYAPURAM , 999.OVERSEAS ELECTORS OVERSEAS ELECTORS",General
165,227,165,"Panchayat Union Primary school, MarugalthalaiMADATHUPATTI.","1.SEEVALAPERI (R.V) MADATHUPATTI (P) WARD NO 1 Marugal Thalai ,                                                                        999.OVERSEAS
ELECTORS OVERSEAS ELECTORS",General
166,227,166,"GOVT.HIGH SCHOOL,NORTH PART, NEW BUILDING, CENTRAL ROOM,SEEVALAPERI.","1.SEEVALAPERI (R.V) SEEVALAPERI (P) WARD NO.1 POTTAL PACHERI NORTH STREET ,                                            2.SEEVALAPERI (R.V) SEEVALAPERI (P) WARD NO.1 POTTALPACHARI MIDDLE STREET ,                                  3.SEEVALAPERI (R.V) SEEVALAPERI (P) WARD NO.1 POTTALPACHERI ,
4.SEEVALAPERI (R.V) SEEVALAPERI (P) WARD NO. 1 VELLAR STREET, SOUTH POSITION ,                                999.OVERSEAS ELECTORS OVERSEAS ELECTORS",General
167,227,167,"GOVT.HIGH SCHOOL,NEW BUILDING NORTH PART SEEVALAPERI.","1.SEEVALAPERI (R.V) SEEVALAPERI (P) WARD NO 1 SIVAN KOIL SOUTH STREET ,                                      2.SEEVALAPERI (R.V) SEEVALAPERI (P) WARD NO.1 COLONY STREET. , 3.SEEVALAPERI (R.V) SEEVALAPERI (P) PAZAR SOUTH PART EAST & WEST PART MARAVAR ST WARD NO 1 , 4.SEEVALAPERI (R.V) SEEVALAPERI (P) YATHAVAR SOUTH PART SOUTHPOSITION WEST PART WARD N , 5.SEEVALAPERI (R.V) SEEVALAPERI (P) NARAYANASWAMY KOVIL ST WARD NO.1 , 6.SEEVALAPERI (R.V) SEEVALAPERI (P) AKKRAHARAM ST WARD NO.1 ,
7.SEEVALAPERI (R.V) SEEVALAPERI (P) KOTTAI ST WARD NO.1
,
999.OVERSEAS ELECTORS OVERSEAS ELECTORS",General
168,227,168,"GOVT.HIGH SCHOOL, NEW BUILDING, SOUTH PART, CENTRAL ROOM, SEEVALAPERI.","1.SEEVALAPERI (R.V) SEEVALAPERI (P) SANTHAPATAI NORTH ST WARD NO.1 ,
2.SEEVALAPERI (R.V) SEEVALAPERI (P) SANTHAPETTAI MIDDLE ST WARD NO.1 ,
3.SEEVALAPERI (R.V) SEEVALAPERI (P) SANTHAPETAI SOUTH ST WARD NO.1 ,
4.SEEVALAPERI (R.V) SEEVALAPERI (P) MUPPIDATHIAMMAN KOVIL ST WARD NO.1 , 5.SEEVALAPERI (R.V) SEEVALAPERI (P) SEVALAPERI EAST PART ASARI ST WARD NO.1 , 6.SEEVALAPERI (R.V) SEEVALAPERI (P) SEVALAPERI EAST PART SALAVAIYALAR ST WARD NO.1 ,
7.SEEVALAPERI (R.V) SEEVALAPERI (P) SEVALAPERI EASTPART BAZAR ST, WEST ST WARD NO.1 , 8.SEEVALAPERI (R.V) SEEVALAPERI (P) SEVALAPERI EASTPART MARAVAR ST WARD NO.1 ,
9.SEEVALAPERI (R.V) SEEVALAPERI (P) SEVALAPERI EASTPART EAST ST WARD NO.1 ,
10.SEEVALAPERI (R.V) SEEVALAPERI (P) SEVALAOERI EASTPART JOHN BACHERI  WARD NO.1 , 999.OVERSEAS ELECTORS OVERSEAS ELECTORS",General
169,227,169,"PANCHAYAT UNION PRIMARY SCHOOL,KANZAPURAM, NOCHIKULAM.
P","1.KANSAPURAM (R.V) NOCHIKULAM (P) Kansapuram Kuravar Manakadu West Thonithurai Ward , 2.KANSAPURAM (R.V) NOCHIKULAM (P) MELATHONEETHURAI NOCHIKULAM SELVIAMMAN KOVIL STREET ,
3.KANSAPURAM (R.V) NOCHIKULAM (P) NOCHIKULAM SOUTH ST WARD NO. 3 ,                                      999.OVERSEAS ELECTORS OVERSEAS ELECTORS
age 64 of 118",General
170,227,170,"T.D.T.A.PRIMARY SCHOOL SOUTH  PORTION, MANAPPADAIVEEDU.","1.Manapadaiveedu (R.V) Manapadaiveedu (P) Ward 1 Maravar South Street ,                                                                         2.Manapadaiveedu
(R.V) Manapadaiveedu (P) Ward 1 Maravar North Street , 3.Manapadaiveedu (R.V) Manapadaiveedu (P) Ward 1 Sivan Kovil Street ,                                                                             999.OVERSEAS
ELECTORS OVERSEAS ELECTORS",General
171,227,171,T.D.T.A.PRIMARY SCHOOLNOUTH SIDE  WEST PORTION MANAPPADAIVEEDU.,"1.Manapadaiveedu (R.V) Manapadaiveedu (P) Ward 1 Nadar Street , 2.Manapadaiveedu (R.V) Manapadaiveedu (P) Ward 2 Nadar East Street ,                                                                             3.Manapadaiveedu
(R.V) Manapadaiveedu (P) Ward 2 Adithiravidar (Ambedkar South Street). ,                                               999.OVERSEAS ELECTORS OVERSEAS ELECTORS",General
172,227,172,"HINDU PRIMARY SCHOOL EAST PART,   KEELA NATHAM MELUR.","1.Keelanatham Panchayat Ward 1 Venugopalasamy Kovil Street , 2.Keelanatham Panchayat Ward 3 Yathavar Street (Melur) , 3.Keelanatham Panchayat Ward 2 Shanmugavilasham Street (Melur)
,                                                                                         999.OVERSEAS
ELECTORS OVERSEAS ELECTORS",General
173,227,173,"RC PRIMARY SCHOOL, KEELANATHAM THERKOOR","1.Keelanatham Panchayat Ward 6 Nadar Street Maravar Street (Thekkur) ,
2.Keelanatham Panchayat Ward 6 Kiruba Nagar , 999.OVERSEAS ELECTORS OVERSEAS ELECTORS",General
174,227,174,"HINDU PRIMARY SCHOOLWEST PART, KEELA NATHAM MELUR.","1.Keelanatham Panchayat Deventhira Colony ,
2.Keelanatham Panchayat Keelur Marakudi Pillaiyar Kovil Street , 999.OVERSEAS ELECTORS OVERSEAS ELECTORS",General
175,227,175,"HARIHARA MIDDLE SCHOOL,SOUTHERN BUILDING, NORTH PART, MELAPATTAM.","1.Melapattam (R.V) Melapattam (P) Ward 1Melapattam Sivankoil Street,Perumal Sannathi Street,, Ammankoil Street, , 2.MELAPATTAM (R.V) MELAPATTAM (P) Ward 2Yadava North
Street, Middle Street, South Street, ,
999.OVERSEAS ELECTORS OVERSEAS ELECTORS",General
176,227,176,"HARIHARA MIDDLE SCHOOL,SOUTHERN BUILDING, SOUTH PORTION, MELAPATTAM.","1.MELAPATTAM (R.V) MELAPATTAM (P) Ward 3 New Colony,
Indira Nagar, Murugan Koil Street ,                                999.OVERSEAS ELECTORS OVERSEAS ELECTORS",General
177,227,177,"T.D.T.A.MIDDLE SCHOOL.EAST BLOCK, NEW BUILDING, THIRUMALAI KOLUNTHU PURAM.","1.Thirumalakolunthupuram (R.V) Thirumalaikoluntupuram (P) Pillayarkoil Street,  WARD NO 1 , 2.THIRUMALAIKOLUNTHUPURAM (R.V)
THIRUMALAIKOLUNTHUPURAM (P) Muthuramalingam st (Nadar st) WNo 2 , 3.THIRUMALAIKOLUNTHUPURAM(R.V)
THIRUMALAIKOLUNTHUPURAM Sannathi Street, Kottaram WNo 3 ,                                                                       999.OVERSEAS
ELECTORS OVERSEAS ELECTORS",General
178,227,178,"T.D.T.A.MIDDLE SCHOOL.WEST BLOCK, SOUTH PORTION, THIRUMALAI KOLUNTHU PURAM.","1.THIRUMALAIKOLUNTHUPURAM(R.V)
THIRUMALAIKOLUNTHUPURAM Thirumalaikolunthupuram Vedakoil Street Nadar Street, WNo 2 , 2.THIRUMALAIKOLUNTHUPURAM(R.V)
THIRUMALAIKOLUNTHUPURAM Amman Koil Street, Sannathi Street,  Kottaram  Ward No 2 ,                                        999.OVERSEAS ELECTORS OVERSEAS ELECTORS",General
179,227,179,"PANCHAYAT UNION PRIMARY SCHOOL. NORTH PORTION KEELAPATTAM,
P","1.KEELA PATTAM (R.V)  KEELA PATTAM (P) MARAVAR QUARTERS WARD NO.2 ,
2.KEELA PATTAM (R.V)  KEELA PATTAM (P) NADAR ST WARD NO. 3,4 ,
a9g9e96.O6 VofE1R1S8EAS ELECTORS OVERSEAS ELECTORS",General
180,227,180,"PANCHAYAT UNION PRIMARY SCHOOL,SOUTH PORTION, KEELAPATTAM.","1.KEELA PATTAM (R.V)  KEELA PATTAM (P) WARD NO. 5 THIRUTHU ,
2.KEELA PATTAM (R.V)  KEELA PATTAM (P) WARD NO.6 AVINAPERI ,
3.KEELA PATTAM (R.V)  KEELA PATTAM (P) WARD NO.7
Brahmin Yadavar Quarters ,
999.OVERSEAS ELECTORS OVERSEAS ELECTORS",General
181,227,181,"PANCHAYAT UNION PRIMARY SCHOOL. WEST PORTION KEELAPATTAM,","1.KEELA PATTAM (R.V)  KEELA PATTAM (P) WARD ND. 1 ARISANA KUVATRAS ,                                                 2..KEELA PATTAM
(R.V)  KEELA PATTAM (P) Ward 4 Kombanthanoor Harijan u Harijan Quarters ,                                                   999.OVERSEAS ELECTORS OVERSEAS ELECTORS",General
182,227,182,"PANCHAYAT UNION PRIMARY SCHOOL, SOUTH PORTION, MARUTHUR.","1.Maruthur ( R.V ) Maruthur ( P ) Maruthur Indira Nagar south Street,  WNo 1 ,                                                                            ,
2.Maruthur(R.V) Maruthur(P) Maruthur Kaspa,  W No 3 , 999.OVERSEAS ELECTORS OVERSEAS ELECTORS",General
183,227,183,"PANCHAYAT UNION PRIMARY SCHOOL, SOUTH
SIDE SOUTH PORTION MARUTHUR.","1.Maruthur(R.V) Maruthur(P) Keelathonithurai,  WNo 2 ,
999.OVERSEAS ELECTORS OVERSEAS ELECTORS",General
184,227,184,"GOVT.HR.SEC. SCHOOL,NORTHERN BUILDING (WEST ROOM - 5), BURKITMANAGAR.","1.BURKITMANAGAR (R.V), BURKITMANAGAR (P).
Naduvakurichi Mohamed Sali Street, Pallivasal Street,  WNo4 , 999.OVERSEAS ELECTORS OVERSEAS ELECTORS",General
185,227,185,"GOVT.HR.SEC. SCHOOL,EAST BLOCK, NORTH PORTION, EAST ROOM NO.5, BURKITMANAGAR.","1..BURKITMANAGAR (P), BURKITMANAGAR (P).
Palayamchettikulam North Street, West Street WARD NO 4 , 999.OVERSEAS ELECTORS OVERSEAS ELECTORS",General
186,227,186,"GOVT.HR.SEC. SCHOOL, SOUTH BUILDING MIDDLE PORTION BURKITMANAGAR.","1.BURKITMANAGAR (R.V), BURKITMANAGAR (P).
Naduvakurichi Sarkarai Vinayagar Koil Street,  Ward No 4 , 999.OVERSEAS ELECTORS OVERSEAS ELECTORS",General
187,227,187,"GOVT.HR.SEC. SCHOOL,  EAST BLOCK BURKITMANAGAR.","1.BURKITMANAGAR (R.V), BURKITMANAGAR (P). Thaika Street,
Jailani Street,  WNo 4 ,                                           999.OVERSEAS ELECTORS OVERSEAS ELECTORS",General
188,227,188,"GOVT.HR.SEC. SCHOOL,EAST   BLOCK, SOUTH PORTION,ROOM NO.11, BURKITMANAGAR.","1.BURKITMANAGAR (R.V), BURKITMANAGAR (P).
Palayamchettikulam  North Street,  East Street, Ward No 4 , 999.OVERSEAS ELECTORS OVERSEAS ELECTORS",General
189,227,189,"GOVT HR SEC SCHOOL, SOUTH  BUILDING, (WEST PORTION )  ROOM 11 BURKITMANAGAR","1.BURKITMANAGAR (R.V), BURKITMANAGAR (P).
Palayamchettikulam  North Street,  East Street, Ward No 4 , 999.OVERSEAS ELECTORS OVERSEAS ELECTORS",General
190,227,190,"PANCHAYAT UNION MIDDLE SCHOOL, WEST BUILDING, NADUVAKURICHI","1.NADUVA KURICHI (R.V) NADUVA KURICHI (P) Udayarkulam
North Street,  WNo 1 ,
2.NADUVA KURICHI (R.V) NADUVA KURICHI (P). Udayarkulam
Middle Street, WNo 2 ,                                                                 3.NADUVA KURICHI(R.V),NADUVA KURICHI(P). Udaiyarkulam South Street, WNo 3                                                                 999.OVERSEAS ELECTORS OVERSEAS ELECTORS",General
191,227,191,"PANCHAYAT UNION  MIDDLE SCHOOL. EAST BUILDING, NADUVAKURICHI,","1.NADUVA KURICHI (P) NADUVA KURICHI (P). Vakaikulam
NorthStreet, South Street W NO 2 ,                                       2.NADUVA KURICHI (R.V) NADUVA KURICHI (P) Muthuramalingam Thevar Street, WNo 3 ,                                999.OVERSEAS ELECTORS OVERSEAS ELECTORS",General
192,227,192,"PANCHAYAT UNION  MIDDLE SCHOOL NORTHERN BUILDING, NADUVAKURICHI,","1.NADUVA KURICHI (R.V) NADUVA KURICHI (P).
Sundaravinayagar Koil South Street, WNo 4 ,
2.NADUVA KURICHI (P), NADUVA KURICHI (P). Narayaswami
Koil Street, Ambethkar Street, WARD NO 5                        3.NADUVA KURICHI (R.V) NADUVA KURICHI (P) Vakaikulam (NorthStreet, South Street) WNo 4 ,, 999.OVERSEAS ELECTORS OVERSEAS ELECTORS",General
193,227,193,"COMMUNITY HALL, MAIN BUILDING, NORTH EAST, CRESENT NAGAR, KTC NAGAR","1.Keelanatham Panchayat Ward 7 Arunachala Nagar Extension 2.Keelanatham Panchayat Ward 7 Arunachalapuram A Colony , 3.Keelanatham Panchayat Ward 7 Megaraj Nagar , 999.OVERSEAS ELECTORS OVERSEAS ELECTORS",General
194,227,194,"COMMUNITY HALL DINING HALL EAST PORTION CRESENT NAGAR, KTC NAGAR","1.Keelanatham Panchayat Ward 7 Arunachalapuram C Colony , 2.Keelanatham Panchayat Ward 7 Ismayil Nagar , 3.Keelanatham Panchayat Ward 7 S.T.R Nagar , 4.Keelanatham Panchayat Ward 7 Arunachalapuram Diyana Street ,
999.OVERSEAS ELECTORS OVERSEAS ELECTORS",General
195,227,195,"COMMUNITY HALL WEST PART, KRESENT NAGAR, KTC NAGAR.","1.Keelanatham Panchayat Ward 7 Karpagam Nagar , 2.Keelanatham Panchayat Ward 7 A.J.K Nagar ,                          3.Keelanatham Panchayat Ward 7 Subam Colony ,
4.Keelanatham Panchayat Ward 7 Senthil Nagar , 5.Keelanatham Panchayat Ward 7 David Street , 999.OVERSEAS ELECTORS OVERSEAS ELECTORS",General
196,227,196,"MEENA SANKAR CBSE SCHOOL, NORTH BLOCK SOUTH SIDE PORTION K T C NAGAR","1.Keelanatham Panchayat Ward 7 Brinthavanam Nagar , 2.Keelanatham Panchayat Ward 7 Ashok Nagar , 999.OVERSEAS ELECTORS OVERSEAS ELECTORS",General
197,227,197,"MEENA SANKAR CBSE SCHOOL, NORTH BLOCK EAST SIDE  PORTION  K T C NAGAR","1.Keelanatham Panchayat Ward 7 Meenachi Sundaram Nagar , 2.Keelanatham Panchayat Ward 7 Teachers Colony , 999.OVERSEAS ELECTORS OVERSEAS ELECTORS",General
198,227,198,"MEENA SANKAR CBSE SCHOOL, GRADE 5, K T C NAGAR","1.Keelanatham Panchayat Ward 7 Parvathi Nagar , 2.Keelanatham Panchayat Ward 7 Prem Nagar ,               3.Keelanatham Panchayat Ward 7 Balajisquare ,                                           4.Keelanatham Panchayat Ward 7 Housing Board Colony New Nootrandu Nagar , 999.OVERSEAS ELECTORS OVERSEAS ELECTORS",General
199,227,199,"MEENA SHANKAR, CBSE SCHOOL, UKG (Yellow) K T C NANGAR","1.Keelanatham Panchayat Ward 7 Melakulam Nadar Street , 2.Keelanatham Panchayat Ward 7 Bharathi Nagar ,   999.OVERSEAS ELECTORS OVERSEAS ELECTORS",General
200,227,200,"MEENA SHANKAR, CBSE SCHOOL, LKG (Yellow) K T C NANGAR","1.Keelanatham Panchayat Ward 7 Vijaya Durgapuri Nagar , 2.Keelanatham Panchayat Ward 7 Ravi Sankar Nagar , 999.OVERSEAS ELECTORS OVERSEAS ELECTORS",General
201,227,201,District Panchayat Resource Center Eastern Building North Portion KTC Nagar.,"1.Keelanatham Panchayat Ward 7 Selvin Nagar,
2.Keelanatham Panchayat Ward 7 Arunachalapuram B Colony , 3.Keelanatham Panchayat Ward 7 Annai Nagar, 4.Keelanatham Panchayat Ward 7 Bismila Nagar,
5.Keelanatham Panchayat Ward 7 Kayithemillath Nagar, 6.Keelanatham Panchayat Ward 7 Muthu Nagar, 999.OVERSEAS ELECTORS OVERSEAS ELECTORS",General
202,227,202,"MEENA SANKAR CBSE SCHOOL,  SOUTH BLOCK MIDDLE PORTION, K T C NAGAR","1.Keelanatham Section Ward 7 Christiayan Nagar , 2.Keelanatham Panchayat Ward 7 Meenachi Amman Nagar ,
3.Keelanatham Panchayat Ward 7 Shunmuga Nagar (Melakulam) , 4.Keelanatham Panchayat Ward 7 Surya Nagar,
5.Keelanatham Panchayat Ward 7 Johnpaulpapu  Nagar , 999.OVERSEAS ELECTORS OVERSEAS ELECTORS",General
203,227,203,District Panchayat Resource Center Eastern Building South Portion KTC Nagar.,"1.Keelanatham Panchayat Ward 7 Iyappa Nagar, 2.Keelanatham Panchayat Ward 7 Krisant Nagar, 3.Keelanatham Panchayat Ward 7 A.J.R Nagar, 999.OVERSEAS ELECTORS OVERSEAS ELECTORS",General
204,227,204,"MEENA SANKAR CBSE SCHOOL,  SOUTH BLOCK EAST PORTION, K T C NAGAR","1.Keelanatham Panchayat Ward 7 Thangam Colony , 2.Keelanatham Panchayat Ward 7 Arunchala Nagar , 3.Keelanatham Panchayat Ward 7 Thanga Parvathi Nagar , 4.Keelanatham Panchayat Ward 7 Vivekanantha Nagar , 999.OVERSEAS ELECTORS OVERSEAS ELECTORS",General
205,227,205,"T.D.T.A MIDDLE SCHOOL, EAST BUILDING EAST PORTION, MELAKULAM","1.MELAKULAM (R.V), MELAKULAM(P) Melakulam
Thalavaipuram, Ward No 1 ,
2.MELAKULAM(R.V), MELAKULAM(P). Poilan Nagar,  Ward No 2
,                                                                   3.MELAKULAM(R.V),
MELAKULAM(P). Uthamapandian Kulam,  Ward No 3 , 999.OVERSEAS ELECTORS OVERSEAS ELECTORS",General
206,227,206,"T.D.T.A MIDDLE SCHOOL, EAST BUILDING
CENTRAL PORTION, Melakulam","1.MELAKULAM(R.V), MELAKULAM (P),. Kaliamman  Koil (South Ariyakulam) AdiDravider Street, ,             2.Melakulam(R.V), Melakulam(P). Ariakulam South Portion, Saratha College Campus, , 999.OVERSEAS ELECTORS OVERSEAS ELECTORS",General
207,227,207,"T.D.T.A MIDDLE SCHOOL,  EAST BUILDING WEST PORTION, MELAKULAM.","1.Melakulam(R.V) Melakulam(P). Ariyakulam North  Portion, Ward No 7 ,                                                                               2.MELAKULAM(R.V)
MELAKULAM(P). South Ariyakulam Muppudathiamman Koil Street, Middle Street ,
999.OVERSEAS ELECTORS OVERSEAS ELECTORS",General
208,227,208,"T.D.T.A MIDDLE SCHOOL,SOUTH PORTION, MELAKULAM.","1.Melakulam(R.V) Melakulam(P). Melakulam Keelur, WNo 8 , 2.Melkulam(R.V). Melkulam(P). Melakulam Naduvoor North Porition,  WNo 9                                                                        ,
3.Melakulam(R.V), Melakulam(P). Naduvoor South Porition,  WNo 10 ,                                                                                     999.OVERSEAS
ELECTORS OVERSEAS ELECTORS",General
209,227,209,"PANCHAYAT UNION PRIMARY SCHOOL,EAST BLOCK,  PARAIKULAM.","1.Paraikulam(R.V),Paraikulam(P) Velavankulam, WNo 1 , 2.Paraikulam(R.V), Paraikulam(P). Pottaikulam,  WNo 2 , 3.Paraikulam(R.V),Paraikulam(P). Muthuramalingam Street, WNo 3 , 999.OVERSEAS ELECTORS OVERSEAS ELECTORS",General
210,227,210,"PANCHAYAT UNION PRIMARY SCHOOL, WEST BLOCK,  PARAIKULAM.","1.Paraikulam(R.V)Paraikulam(P). Gandhi Nagar, WNo 4 , 2.Paraikulam(R.V), Paraikulam(P). Kamarajar Street, Vinayagar Street,  WNo 5 ,                                                       3.Paraikulam(R.V), Paraikulam(P). Paraikulam, WNo 6 , 999.OVERSEAS ELECTORS OVERSEAS ELECTORS",General
211,227,211,"PANCHAYAT UNION PRIMARY SCHOOL,(NEW BUILDING) WESTERN PORTION, NOCHIKULAM
Krishnapuram","1.Nochikulam(R.V ) Nochikulam(P) Nochikulam Harijan Qarters Part WNo 1 ,                                                           999.OVERSEAS
ELECTORS OVERSEAS ELECTORS",General
212,227,212,Community Hall Nochikulam,"1.Nochikulam(R.V) Nochikulam(P). Nochikulam Athisaya Vinayagar Koil Street,t WNo 2 ,                                               999.OVERSEAS ELECTORS OVERSEAS ELECTORS",General
213,227,213,"COMMUNITY HALL, EAST PORTION, NOCHIKULAM.
P","1.Nochikulam(R.V) Nochikulam(P). Notchikulam North Veddiyapanthi, WNo 1 ,
2.Nochikulam(R.V), Nochikulam(P). South Veddiyapanthi, Uthuparai  WNo 1 ,
3.Nochikulam(R.V),Nochikulam(P). W.NO.1 Singh Nagar, Geographical Megnatic Center, ,
a9g9e97.O2 VofE1R1S8EAS ELECTORS OVERSEAS ELECTORS",General
214,227,214,Bakthavathchala Primary School Wesr Portion East Side,"1.Nochikulam(R.V) Nochikulam(P) Kalai Koil Nagar and Atchi Madam, WNo 3 ,
999.OVERSEAS ELECTORS OVERSEAS ELECTORS",General
215,227,215,"COMMUNITY HALL, WEST PORTION, NOCHIKULAM.","1.Nochikulam(R.V) Nochikulam(P) G.K. Moopanar Nagar(Parpakulam),  WNo 4 ,
2.Nochikulam(R.V) Nochikulam(P) Nagasudarashan Nagar(Parpakulm) WNo 4 ,                                                    999.OVERSEAS ELECTORS OVERSEAS ELECTORS",General
216,227,216,Bakthavathchala Primary School. East Portion West Side,"1.Nochikulam(R.V),Nochikulam(P) Krishnapuram(Parpakulam). WNo 4 , 99.OVERSEAS ELECTORS OVERSEAS ELECTORS",General
217,227,217,Bakthavathchala Primary School East portion south side Nochikulam,"1 - Nochikulam(R.V) Nochikulam(P), Kalai Koil Nagar and Atchi Madam, Street1 WNo 3
( Serial NoP.No:187( Serial No:1001-1452  Voters)) 2.Nochikulam(R.V) Nochikulam(P) Dr. Chelladurai Nagar, 999.OVERSEAS ELECTORS OVERSEAS ELECTORS",General
218,227,218,Community Hall  weavers Colony South Facing Building parpakulam,"1.Nochikulam(R.V)Nochikulam(P). Weavers Colony and Jeyajothi Nagar, Ward NO 4 ,                                                      999.OVERSEAS ELECTORS OVERSEAS ELECTORS",General
219,227,219,Community Hall  weavers Colony  West Portion parpakulam,"1 - Nochikulam(R.V)Nochikulam(P).Weavers Colony street 1 ( (Serial No:-601-1257 Voters)
999.OVERSEAS ELECTORS OVERSEAS ELECTORS",General
220,227,220,"PANCHAYAT UNION PRIMARY SCHOOL, BLOCK NO 1, MUTHUR","1.MUTHUR(R.V) MUTHUR(P) Muthur Kaspa, Kamaraj Nagar North Street, South Street, ,                                       2.MUTHUR(R.V) MUTHUR(P) Ward No 1 Indira Nagar, , 3.MUTHUR(R.V), MUTHUR(P). Ward No 1 Jeya Nagar, , 4.MUTHUR(R.V) MUTHUR(P) Ward No 1 Rosemary, ,  999.OVERSEAS ELECTORS OVERSEAS ELECTORS",General
221,227,221,Anganwadi Center Kuthukal.,"1.MUTHUR(R.V) MUTHUR(V) Ward No 1 Kuthukkal, , 2.MUTHUR(R.V) MUTHUR(P) Ward No 2 Kuthukkal Colony, 3.MUTHUR(R.V) MUTHUR(P) Ward No 2 Sri Raman Kulam Colony, ,                                                                                   4.MUTHUR(R.V)
MUTHUR(P) Ward No 2 Sri Raman Kulam Middle Street , 999.OVERSEAS ELECTORS OVERSEAS ELECTORS",General
222,227,222,"THAYUMANAVAR MIDDLE SCHOOL, SOUTH BLOCK, EAST  ROOM, SIVANTHIPATTI.","1.SIVANHTIPATTI(R.V) SIVANHTIPATTI(P) Ward No1,2
Muthuramalinganar Street, ,
2.SIVANHTIPATTI(R.V) SIVANHTIPATTI(P) MUTHARRAMMAN KOVIL ST WNO 9 , 3.SIVANHTIPATTI(R.V) SIVANHTIPATTI(P)
Ward No 9 Kasbha  South Part Street, 4.SIVANHTIPATTI(R.V) SIVANHTIPATTI(P) Ward No 8
Alangualm South and North Street, ,                                                   , 999.OVERSEAS ELECTORS OVERSEAS ELECTORS",General
223,227,223,"THAYUMANAVAR MIDDLE SCHOOL, NORTH PORTION WEST ROOM, SIVANTHIPATTI.","1.SIVANHTIPATTI(R.V) SIVANHTIPATTI(P) Ward No 5 Gandhi
Street, Karmehanar Street ,                                              999.OVERSEAS ELECTORS OVERSEAS ELECTORS",General
224,227,224,"VILLAGE PANCHAYAT E SEVAI CENTRE, EAST PORTION, SIVANTHIPATTI.","1.SIVANHTIPATTI(R.V) SIVANHTIPATTI(P) Ward No 1
Ambethkar Street,Muthuramalinganar Street, , 2.SIVANHTIPATTI(R.V) SIVANHTIPATTI(P) Ward No 2 Sivanthi
Vinayagar Koil Street, Vallalar Street ,                          999.OVERSEAS ELECTORS OVERSEAS ELECTORS",General
225,227,225,T.D.T.A. Primary School Parpanathapuram.,"1.SIVANHTIPATTI(R.V) SIVANHTIPATTI(P) Ward No 1
Padmanatha Puram A.D. Street, , 2.SIVANHTIPATTI(R.V) SIVANHTIPATTI(P) Ward No 2 Anna Street, , 999.OVERSEAS ELECTORS OVERSEAS ELECTORS",General
226,227,226,"THAYUMANAVAR HINDU MIDDLE SCHOOL.SOUTHERN BLOCK, WEST  PORTION, SIVANTHIPATTI.","1.MUTHUR(R.V), MUTHUR(P). Ward No 2 Kodikulam, Pasupon Nagar, ,                                                                    2.MUTHUR(R.V),
MUTHUR(P). Ward No 2 Kamaraj Nagar, , 999.OVERSEAS ELECTORS OVERSEAS ELECTORS",General
227,227,227,T.D.T.A MIDDLE SCHOOL  SOUTH ROOM SIVANTHIPATTI.,"1.MUTHUR(R.V), MUTHUR(P). Ward No 3 Kamaraj nagar, , 2.MUTHUR(R.V), MUTHUR(P). Ward No 2 Indhira Nagar, , 3.MUTHUR(R.V), MUTHUR(P). Ward No 3 Ambethkar Nagar, , 99.OVERSEAS ELECTORS OVERSEAS ELECTORS",General
228,227,228,PANCHAYAT UNION PRIMARY SCHOOL THAMARAISELVI,"1.THAMARISELVI(R.V) THAMARISELVI(P) Ward No 1Maravar Street, ,                                                                         2.THAMARISELVI(R.V)
THAMARISELVI(P) Ward No 1 Vadakoor, , 3.THAMARISELVI(R.V) THAMARISELVI(P) Ward No 1Yadavar
Street, ,
999.OVERSEAS ELECTORS OVERSEAS ELECTORS",General
229,227,229,PANCHAYAT UNION PRIMARY ITTERI,"1.THAMARISELVI(R.V) THAMARISELVI(P) Ward No 1 Muthamil Street, ,                                           2.THAMARISELVI(R.V)
THAMARISELVI(P) Ward No 2 Thamarai Selvi nadar Kudiiruppu, , 3.THAMARISELVI(R.V) THAMARISELVI(P) Thangamman Koil Street, ,                              4.THAMARISELVI(R.V) THAMARISELVI(P)
Thangamman Koil Street, ,                                                999.OVERSEAS ELECTORS OVERSEAS ELECTORS",General
230,227,230,"GOVT.HR.SEC. SCHOOL WEST BLOCK, NORTH PORTION, MARUTHAKULAM.","1.Thottkudi (R.V), Thottkudi (P) Block 1 Valliyur Samy Kovil Street Maruthakulam ,                                                                          2.Thottkudi
(R.V), Thottkudi (P) Block 1 Main Road 1 Maruthakulam , 3.Thottkudi (R.V), Thottkudi (P) Block 1 West South Street Maruthakulam ,
4.Thottkudi (R.V), Thottkudi (P) Block 1 Palavesa Kovil Street Maruthakulam ,
5.Thottkudi (R.V), Thottkudi (P) Block 1 North Street Maruthakulam
,                                                                        999.OVERSEAS ELECTORS
OVERSEAS ELECTORS",General
231,227,231,"GOVT.HR.SEC. SCHOOL NORTH BLOCK, EAST PORTION ROOM NO- 29  MARUTHAKULAM.","1.Thottkudi (R.V), )Thottkudi (P) Block 2 Church Street Maruthakulam ,                                                                                   2.Thottkudi
(R.V), Thottkudi (P) Block 2 Church South Street Maruthakulam , 3.Thottkudi (R.V), Thottkudi (P) Block 2 Kovil Street Maruthakulam , 4.Thottkudi (R.V), Thottkudi (P) Block 2 South Street Maruthakulam , 5.Thottkudi (R.V), Thottkudi (P) Block 2 South Last Street Maruthakulam ,
6.Thottkudi (R.V), Thottkudi (P) Block 2 Main Road 2 Maruthakulam
,                                                                                         7.Thottakudi (R.V),
Thottakudi (P) Block 1 North Last Street Maruthakulam , 999.OVERSEAS ELECTORS OVERSEAS ELECTORS",General
232,227,232,"GOVT.HR.SEC. SCHOOL NORTHERN BLOCK,ROOM NO.27,  MARUTHAKULAM.","1.Thottakudi (R.V) ,Thottakudi (P) Block 3 Thoppur , 2.Thottakudi (R.V), Thottakudi (P) Block 5 Thottakudi Harijan Colony , 3.Thottakudi (R.V), Thottakudi (P) Block 6 Thottakudi , 4.Thottakudi (R.V), Thottakudi (P) Block 4 Pathiniparai , 999.OVERSEAS ELECTORS OVERSEAS ELECTORS",General
233,227,233,GOVT.HR.SEC. SCHOOL NORTHERN BLOCK WESTERN SIDE MARUTHAKULAM.,"1.Thottakudi (R.V), Thottakudi (P) Block 5 Moonradaippu Chathiram
,                                                                                             2.Thottakudi (R.V),
Thottakudi (P) Block 5 Pakkiyanathapuram , 3.Thottakudi (R.V), Thottakudi (P) Block 5 Ulagammalpuram , 999.OVERSEAS ELECTORS OVERSEAS ELECTORS",General
234,227,234,"C.M.S. EVANJALIGAL MIDDLE SCHOOL NORTH BLOCK, SOUTH PORTION,ALWANERI.","1.Alwanery (R.V), Alwanery (P) Block 1 Pudukurichy North Street ,
2.Alwanery (R.V), Alwanery (P) Block 1 Pudukurichy Middle Street ,
3.Alwanery (R.V), Alwanery (P) Block 1 Pudukurichy East Street ,
4.Alwanery (R.V), Alwanery (P) Block 1 Pudukurichy South Street ,
5.Alwanery (R.V), Alwanery (P) Block 1 Pudukurichy Main Road ,
6.Alwanery (R.V), Alwanery (P) Alwaneri Arunthiyar Colony ,
7.Alwanery (R.V), Alwanery (P) Alwaneri SC Colony , 8.Alwanery (R.V), Alwanery (P) Alwaneri  Maravar Kudiyiruppu North Street
9.Alwanery (R.V), Alwanery (P) Alwaneri Middle Steet , 10.Alwanery (R.V), Alwanery (P) Alwaneri South Street 1 , 11.Alwanery (R.V), Alwanery (P) Alwaneri West Street , 12.Alwanery (R.V), Alwanery (P) Alwaneri Nadar Kudiyiruppu North Street ,
13.Alwanery (R.V), Alwanery (P) Alwaneri Nadar Kudiyiruppu Middle Street ,                                                                                   14.Alwanery
(R.V), Alwanery (P) Alwaneri Church Street , 15.Alwanery (R.V), Alwanery (P) Alwaneri South Street  2 , 16.Alwanery (R.V), Alwanery (P) Alwaneri North  Street ,  17.Alwanery (R.V), Alwanery
(P) Alwaneri Main Road , 999.OVERSEAS ELECTORS OVERSEAS ELECTORS",General
235,227,235,"T.D.T.A.PRIMARY SCHOOL EAST  BOCK
,ALWANERI.","1.Alwaneri (R.V), Alwaneri (P) Block 4 Ampurani ,
2.Alwaneri (R.V), Alwaneri (P) Block 5 Kovaikulam , 3.Alwaneri (R.V), Alwaneri (P) Block 6 Kovaikulam , 4.Alwaneri (R.V), Alwaneri (P) Block 6 Kovaikulam , 5.Alwaneri (R.V), Alwaneri (P) Block 6 Kovaikulam , 6.Alwaneri (R.V), Alwaneri (P) Block 6
Kovaikulam , 7.Alwaneri (R.V), Alwaneri (P) Block 7 Panayankulam ,
8.Alwaneri (R.V), Alwaneri (P) Block 7 Panayankulam , 9.Alwaneri (R.V), Alwaneri (P) Block 7 Panayankulam , 10.Alwaneri (R.V), Alwaneri (P) Block 7 Panayankulam , 11.Alwanery (R.V), Alwanery
(P) Alwaneri South Street 3 , 999.OVERSEAS ELECTORS OVERSEAS ELECTORS",General
236,227,236,PANCHAYAT OFFICE PARUTHIPADU,"1.Paruthipadu (R.V), Paruthipadu (P) Block 1 Anaiappapuram , 2.Paruthipadu (R.V),  Paruthipadu (P) Block 3 Paruthipadu North Street ,                                                                                  3.Paruthipadu (R.V),
Paruthipadu (P) Block 2 Paruthipadu Adidravidar Street , 4.Paruthipadu (R.V), Paruthipadu (P) Block 2 Paruthipadu South Street ,                                                                                        999.OVERSEAS
ELECTORS OVERSEAS ELECTORS",General
237,227,237,PANCHAYAT UNION PRIMARY SCHOOL RENGASAMUDRAM.,"1.Paruthipadu (R.V) Paruthipadu(P) Block 4 Rengasumuthram , 2.Paruthipadu (R.V), Paruthipadu (P) Block 5 Surulai , 3.Paruthipadu (R.V), Paruthipadu (P) Block 5 Maravankulam , 4.Paruthipadu (R.V), Paruthipadu (P) Block 7 Selvanagar Colony ,
999.OVERSEAS ELECTORS OVERSEAS ELECTORS",General
238,227,238,R C primary school Nellaiappapuram,"1.Paruthipadu (R.V), Paruthipadu (P) Block 6 Sernthankulam , 2.Paruthipadu (R.V), Paruthipadu (P) Block 8 Nellaiyapparpuram , 3.Paruthipadu (R.V), Paruthipadu (P) Block 9 Theiventhirperi , 999.OVERSEAS ELECTORS OVERSEAS ELECTORS",General
239,227,239,"Panchayat Office, A.Sattankulam","1.A. Sathakulam (P) Block 2 Sathakulam , 2.A.Sathankulam (P) Block 3 Sathakulam Harijan Colony , 3.A.Sathakulam (P) Block 4 Selvin Nagaram ,
4.A.Sathankulam (p) Block 5 Piraithurai Sanakudy , 5.A.Sathankulam
(P) Block 6 Uvaar Sanakudi , 6.A.Sathankulam (P) Block 7 Ulvai Harijan Colony , 7.A.Sathankulam (P) Block 8 Ulvai Thethanurkulam
, 8.A.Sathankulam (P) Block 11 Pulibacham Sanakudy , 999.OVERSEAS ELECTORS OVERSEAS ELECTORS",General
240,227,240,"RAJA HINDU PRIMARY SCHOOL EASTERN PORTION KARUPPUKATTY, A.SATTANKULAM.","1.A.Sathankulam (P) Block 9 Malayankulam ,
2.A.Sathan Kulam (P) Block 10 Malayankulam Sanakudy , 3.A.Sathankulam (P) Block 15 Bethlahem ,                999.OVERSEAS ELECTORS OVERSEAS ELECTORS",General
241,227,241,"RAJA HINDU PRIMARY SCHOOL WESTERN PORTION KARUPPUKATTY, A.SATTANKULAM.","1.A.Sathan Kulam (P) Block 11 Karuppukatty ,
2.A.Sathan Kulam (P) Block 12 Karuppukatty Sanakudy(Mayaneri) , 3.A.Sathan Kulam (P) Block 13 Karuppakatty  Harijan Colony , 4.A. Sathankulam (P) Block 14 Pathiniparai ,          999.OVERSEAS ELECTORS OVERSEAS ELECTORS",General
242,227,242,"GOVT.HIGH SCHOOL SOUTH  BLOCK, KARANTHANERI.","1.Karanthaneri (R.V), Karanthaneri (P) Block 4 Muthlaikulam , 2.Karanthaneri (R.V), Karanthaneri (p) Muthalaikulam Harijan Colony ,                                                                                     3.Karanthaneri
(R.V), Karanthaneri (P) North Karanthaneri Harijan Colony , 4.Karanthaneri (R.V), Karanthaneri (P) North Karanthaneri Nadar Kudiyiuppu ,                                                                            5.Karanthaneri
(R.V), Karanthaneri (P) Karanthaneri Kaspa , 6.Karanthaneri (R.V). Karanthaneri (P) South Karanthaneri , 999.OVERSEAS ELECTORS OVERSEAS ELECTORS",General
243,227,243,C.M.S. EVANJALIGAL  PRIMARY SCHOOL PANANKULAM.,"1.Karanthaneri (R.V), Karanthaneri (P) Block 1 Surappapuram , 2.Karanthaneri (R.V), Karanthaneri (P) Block 2 Panankulam West , 3.Karanthaneri (R.V), Karanthaneri (P) Block 3 Panankulam East , 999.OVERSEAS ELECTORS OVERSEAS ELECTORS",General
244,227,244,"T.D.T.A. PRIMARY SCHOOL, SOUTH SIDE, THALAIKULAM
P","1.Karanthaneri (R.V), Karanthaneri (P) Block 6 Nedunkulam , 2.Karanthaneri (R.V), Karanthaneri (P) Block 6 South Nedunkulam , 3.Karanthaneri (R.V), Karanthaneri (P) Block 6 North Nedunkulam , 4.Karanthaneri (R.V), Karanthaneri (P) Block 7 Thalaikulam Reddiyar Street ,                                                                            5.Karanthaneri (R.V),
Karanthaneri (P) Block 7 Thalaikulam Harijan Colony , 6.Karanthaneri (R.V), Karanthaneri (P) Block 7 Yadava Street , 7.Karanthaneri (R.V), Karanthaneri (P) Block 7 Thalaikulam Nadar Kudiyiuppu ,                                                                         999.OVERSEAS
ELECTORS OVERSEAS ELECTORS
age 81 of 118",General
245,227,245,R.C. PRIMARY SCHOOLSRIRENGARAJAPURAM.,"1.Unnankulam (R.V), Unnankulam (P) Block 1 Rengarajapuram 2.Unnankulam (R.V), Unnankulam (P) Block 2  Aramboondarkulam Nadar Kudiyiuppu ,                                                 3.Unnankulam (R.V), Unnankulam (P) Block 3 Aramboondarkulam Harijan Colony , 999.OVERSEAS ELECTORS OVERSEAS ELECTORS",General
246,227,246,PANCHAYAT UNION PRIMARY SCHOOL UNNANKULAM.,"1.Unnankulam (R.V),  Unnankulam (P) Block 4 Unnankulam , 2.Unnankulam (R.V), Unnankulam (P) Block 5 Unnankulam Nadarkudi ,                                                                                999.OVERSEAS
ELECTORS OVERSEAS ELECTORS",General
247,227,247,PANCHAYAT UNION PRIMARY SCHOOL EAST PORTION  UNNANKULAM.,"1.Unnankulam (R.V), Unnankulam (P) Block 6 Parankusaperi (Kusavankulam) ,
2.Unnankulam (R.V), Unnankulam (P) Block 7 Pillaikulam , 999.OVERSEAS ELECTORS OVERSEAS ELECTORS",General
248,227,248,"PANCHAYAT UNION PRIMARY SCHOOL, MELA ARIYAKULAM,","1.Ariyakulam (R.V), Ariyakulam (P) Block 1 Ariyakulam Kasba 999.OVERSEAS ELECTORS OVERSEAS ELECTORS",General
249,227,249,"PANCHAYAT UNION PRIMARY SCHOOLNORTH BUILDING, AYARKULAM","1.Ariyakulam(R.V), Ariyakulam (P) Block 2 Ariyakulam Harijan Colony ,
2.Ariyakulam (R.V), Ariyakulam (P) Block 3 Ayarkulam , 999.OVERSEAS ELECTORS OVERSEAS ELECTORS",General
250,227,250,"C.M.S. EVANJAIGAL MIDDLE SCHOOLSOUTH OTTU BUILDING, AMBALAM.","1.Ariyakulam (R.V), Ariyakulam (P) Block 4 Ambalam Kasba , 2.Ariyakulam (R.V), Ariyakulam (P) Block 4 Nadar Kudiyiuppu 999.OVERSEAS ELECTORS OVERSEAS ELECTORS",General
251,227,251,C.M.S. EVANJAIGAL PRIMARY SCHOOL THEIVANAYAGAPERI.,"1.Deivanayagaperi (R.V),Deivanayagaperi (P) Deivanayagaperi Haijan Kudiyiuppu ,
2.Ariyakulam (R.V), Ariyakulam (P) Block 7 Deivanayagaperi Kaspa
,                                                                                     999.OVERSEAS
ELECTORS OVERSEAS ELECTORS",General
252,227,252,"PANCHAYAT UNION PRIMARY SCHOOL WEST SIDE, NORTH  WEST BUILDING, SOUTH PORTION MOOLAKARAIPATTI.","1.Moolakaraipatti (T.P) Ward No 3 Main Road 1 , 2.Moolakarappatti (T.P) Ward No 3 North Street East pagam 2 3.Moolakarappatti (T.P) Ward No 3  Paramasivan Kovil Street 3
4.Moolakarappatti (T.P) Ward No 3 Middle Street East Part 4 , 5.Moolakarappatti (T.P) Ward No 3 Selva Vinayagar Kovil Street East Position 5 ,                                                                  6.Moolakarappatti (T.P) Ward No14  North Street West Portion 2
7.Moolakarappatti (T.P) Ward No 14  Veerakali Amman kovil Street
3                                                                                   8.Moolakarappatti (T.P)
Ward No 14  Kottai Street 4 , 9.Moolakarappatti (T.P) Ward No 14 Middle Street West Portion 5
10.Moolakarappatti (T.P) Ward No 14  Chettiyar Kovil Street 6 , 11.Moolakarappatti (T.P) Ward No 14  Selva Vinayagar Kovil Street West Portion 7 ,                                                                  999.OVERSEAS
ELECTORS OVERSEAS ELECTORS",General
253,227,253,"PANCHAYAT UNION PRIMARY SCHOOL WEST SIDE, NORTH  WEST BUILDING, CENTER PORTION   MOOLAKARAIPATTI","1.Moolakarappatti (T.P) Ward No 13  Thiyagarasar Street , 2.Moolakarappatti (T.P) Ward No 13  Main Road 1 , 3.Moolakarappatti (T.P) Ward No 13  Nethaji Street 2 , 4.Moolakarappatti (T.P) Ward No 13 Sankili Boothathan Kovil Street 3 ,                                                                               5.Moolakarappatti (T.P)
Ward No 13 Kokulam Street 4 , 6.Moolakarappatti (T.P) Ward No 12 Karthigai Street 5 , 7.Moolakarappatti (T.P) Ward No 12  Mohaideen Aandavar Street 6 ,
8.Moolakarappatti (T.P) Ward No 12  Nanguneri Road 7 , 999.OVERSEAS ELECTORS OVERSEAS ELECTORS",General
254,227,254,"PANCHAYAT UNION PRIMARY SCHOOL EAST BUILDING, NORTH PART, MOOLAKARAIPATTI.","1.Moolakarappaddi (T.P) Ward No 12 Khamarajar Street , 2.Moolakarappaddi (T.P) Ward No 5 Bharathiar Street , 3.Moolakarappaddi (T.P) Ward No 5 Thiruvalluvar Street , 4.Moolakarappaddi (T.P) Ward No 5 Main Road , 5.Moolakarappaddi (T.P) Ward No 5 Salai Kadai Street , 6.Moolakarappaddi (T.P) Ward No 5 Selvavinayagar Kovil Street , 7.Moolakarappaddi (T.P) Ward No 5 Chettiyar Kovil Street , 8.Moolakarappaddi (T.P) Ward No 5 Kalivinayagar Kovil Street 999.OVERSEAS ELECTORS OVERSEAS ELECTORS",General
255,227,255,"PANCHAYAT UNION PRIMARY SCHOOL EAST BUILDING, CENTRE PORTION MOOLAKARAIPATTI
P","1.Moolakarappaddi (T.P) Ward No 4  Avanikinar Street , 2.Moolakarappaddi (T.P) Ward No 4 Amman kovil street , 3.Moolakarappaddi (T.P) Ward No 4 Paramasivan Kovil Street , 4.Moolakarappaddi (T.P) Ward No 4 Easwari Amman kovil street , 5.Moolakarappaddi (T.P) Ward No 7 Harijan street , 999.OVERSEAS ELECTORS OVERSEAS ELECTORS
age 84 of 118",General
256,227,256,"GOVT.HR.SEC. SCHOOL SOUTH BLOCK, EAST PORTION, ROOM NO. 8,  MOOLAKARAIPATTI.","1.Moolakarappatti (T.P) Ward No 6 Main Road 1 , 2.Moolakarappatti (T.P) Ward No 6  Nadar Street 2 , 3.Moolakarappatti (T.P) Ward No 6 South Asarimar Street 3 , 4.Moolakarappatti (T.P) Ward No 6 Pandithar Street 4 , 5.Moolakarappatti (T.P) Ward No 6 Kodikulathan Street 5 , 6.Moolakarappatti (T.P) Ward No 6 Harijan Street 6 , 999.OVERSEAS ELECTORS OVERSEAS ELECTORS",General
257,227,257,"GOVT.HR.SEC.SCHOOL, SOUTH BLOCK, CENTERAL PORTION,MOOLAKARAIPATTI.","1.Moolakarappatti (T.P) Ward No 15  Perumal Nagar 1 , 2.Moolakarappatti (T.P) Ward No 15  Achampaadu 1 , 3.Moolakarappatti (T.P) Ward No 11 Gandhi Nagar Colony 4 , 4.Moolakarappatti (T.P) Ward No 9  Eduppal Indra Street 3 , 5.Moolakarappatti (T.P) Ward No 11 Nehru Nagar 5 , 999.OVERSEAS ELECTORS OVERSEAS ELECTORS",General
258,227,258,"GOVT.HR.SEC.SCHOOL, NORTH BLOCK, EAST PORTION, MOOLAKARAIPATTI.","1.Moolakarappaddi (T.P) Ward No 11   3 Arasanarkulam Nadar Street ,                                                                                   2.Moolakarappaddi
(T.P) Ward No 15   2 Lathikulam , 3.Moolakarappaddi (T.P) Ward No
11   4 Thanthontri ,  999.OVERSEAS ELECTORS OVERSEAS ELECTORS",General
259,227,259,"GOVT.HR.SEC.SCHOOL, ,EAST PORTION MOOLAKARAIPATTI.","1.Moolakarappatti (T.P) Ward No 2  Chinna Moolakarai1 2.Moolakarappaddi (T.P) Ward No 11 Nehru Nagar , 999.OVERSEAS ELECTORS OVERSEAS ELECTORS",General
260,227,260,"GOVT.HR.SEC. SCHOOL NORTH BLOCK, WEST PORTION,, MOOLAKARAIPATTI.","1.Moolakarappaddi (T.P) Ward No 10     1Kallathi Street , 2.Moolakarappaddi (T.P) Ward No 10   3 Kadampankulam , 3.Moolakarappaddi (T.P) Ward No 9     Pillaikulam , 4.Moolakarappaddi (T.P) Ward No 9  2 Eduppal Nadar Street , 999.OVERSEAS ELECTORS OVERSEAS ELECTORS",General
261,227,261,"PANCHAYAT UNION PRIMARY SCHOOL, EAST BLOCK, NEW BUILDING, MUNAINGIPATTI.","1.Moolakarappatti (T.P) Ward No 8  Chokkalingapuram Sankar Nagar 1 ,                                                                                    2.Moolakarappatti
(T.P) Ward No 8  Thuthikulam 2 , 3.Moolakarappatti (T.P) Ward No 8  Muthuveerappapuram 3 ,   4.Munanjipatti (R.V), Munanjipatti (P) Block 1 Kasba Thangammnl Kovil Street ,
999.OVERSEAS ELECTORS OVERSEAS ELECTORS",General
262,227,262,PANCHAYAT UNION PRIMARY SCHOOL NAGALKULAM.,"1.Moolakaruppatti(T.P) Ward No 1  Nagalkulam Ulvai1 , 2.Moolakaruppatti(T.P) Ward No 1  Nagalkulam kasba 2 , 3.Moolakaruppatti(T.P) Ward No 1  Nagalkulam Piral karai 3 , 999.OVERSEAS ELECTORS OVERSEAS ELECTORS",General
263,227,263,PANCHAYAT UNION MIDDLE SCHOOL WEST BUILDING CHINTHAMANI.,"1.Chinthamani (R.V), Chinthamani (P) Block 1,2 Chinthamani Kasba
,                                                                                           999.OVERSEAS
ELECTORS OVERSEAS ELECTORS",General
264,227,264,PANCHAYAT UNION MIDDLE SCHOOL SOUTH BUILDING CHINTHAMANI.,"1.Chinthamani (R.V), Chinthamani (P) Block 3 Nadar Kudiiruppu , 999.OVERSEAS ELECTORS OVERSEAS ELECTORS",General
265,227,265,"PANCHAYAT UNION PRIMARY SCHOOL,3RD NORTH BLOCK,WEST SIDE MUNANJIPATTI.","1.Munanjipatti (R.V), Munanjipatti (P) Block 2,3  Munaingipatti Kadai Street ,
2.Munainjipaddi (R.V), Munainjipaddi (P) Indira Nagar , 999.OVERSEAS ELECTORS OVERSEAS ELECTORS",General
266,227,266,"GURUSANKAR GOVT.HIGH SCHOOL SOUTH BLOCK, WEST PORTION MUNANJIIPATTI.","1.Munaingipatti (R.V), Munaingipatti (P) Block 4 Munaingipatti Kadai Street ,
2.Munaingipatti (R.V), Munaingipatti (P) Block 9 Kodankulam Harijan Colony ,
999.OVERSEAS ELECTORS OVERSEAS ELECTORS",General
267,227,267,"GURUSANKAR GOVT.HIGH SCHOOLSOUTH BLOCK,  EAST PORTIION MUNANJIIPATTI","1.Munaingipatti (R.V), Munaingipatti (P) Block 10 Kodankulam Nadar Kudiiruppu ,
2.Munaingipatti (R.V), Munaingipatti (P) Block 11 West Munaingipatti ,                                                                          3.Munaingipatti
(R.V), Munaingipatti (P) Block 12 Thoppur Kudiyiuppu , 4.Munaingipatti (R.V),  Munaingipatti (P) Block 4 Indira Colony, 999.OVERSEAS ELECTORS OVERSEAS ELECTORS",General
268,227,268,T.D.T.A. PRIMARY SCHOOL SOUTH BUILDING KEERANKULAM.,"1.Munanjipatti(R.V), Munanjipatti (P) Block 5 Pillaiyar Kulam , 2.Munanjipatti (R.V), Munanjipatti (P) Block 6 Keerankulam , 999.OVERSEAS ELECTORS OVERSEAS ELECTORS",General
269,227,269,T.D.T.A. PRIMARY SCHOOL WEST BUILDING KEERANKULAM.,"1.Munanjipatti (R.V), Munanjipatti (P) Block 7 Reddarkulam , 2.Munanjipatti (R.V), Munanjipatti (P) Block 8 Somanathaperi , 999.OVERSEAS ELECTORS OVERSEAS ELECTORS",General
270,227,270,GOVT.MIDDLE SCHOOL. SOUTH PORTION KOONTHAKULAM.,"1.Koonthakulam (R.V), Koonthakulam (P) Block 1 Koonthakulam Kasba ,
999.OVERSEAS ELECTORS OVERSEAS ELECTORS",General
271,227,271,GOVT.MIDDLE SCHOOL.  NORTH PORTION KOONTHAKULAM.,"1.Koonthakulam (R.V), Koonthakulam (P) Block 2 Koonthakulam Harijan Colony ,                                                    2.Koonthakulam (R.V), Koonthakulam(P) Block 3 Koonthakulam Harijan Kudi Iruppu , 3.Koonthakulam (R.V),Koonthakulam (P) Block 4 Thilagar Kulam Harijan Colony ,                                                              4.Koonthankulam (R.V), Koonthankulam (P) Block 5 Aramaneri Kasba , 5.Koonthankulam (R.V), Koonthankulam (P) Block 6 Aramaneri Nadar Kudi Iruppu ,
6.Koonthankulam (R.V),  Koonthankulam(P) Block 7 Murugan Kudi Iruppu Harijan Colony ,                                                         999.OVERSEAS ELECTORS OVERSEAS ELECTORS",General
272,227,272,"PANCHAYAT UNION HIGH SCHOOL JEGANATHAPURAM, CHENBAGARAMANALLUR.","1.Shenbagaramanallur (R.V), Shenbagaramanallur (P) Block 2 Kasba Nochikulam ,                                                               2.Shenbagaramanallur (R.V), Shenbagaramanallur (P) Block 3 Kakkai Kulam , 3.Shenbagaramanallur (R.V), Shenbagaramanallur (P) Block 5 Kalvettankuli ,
4.Shenbagaramanallur (R.V), Shenbagaramanallur (P) Block 1 Sevagankulam Harijana Colony ,
5.Shenbagaramanallur (R.V),Shenbagaramanallur (P) Block 1 Kalvettankuli Chenpagarama Nallur                                      , 999.OVERSEAS ELECTORS OVERSEAS ELECTORS",General
273,227,273,SALVATION ARMY PRIMARY SCHOOL CHENBAGARAMANALLUR,"1.Shenbagaramanallur (R.V), Shenbagaramanallur (P) Block 4 Jeganathapuram ,
2.Shenbagaramanallur (R.V), Shenbagaramanallur (P) Block 2 Anumar Pudu Kulam Harijan Colony , 3.Shenbagaramanallur (R.V), Shenbagaramanallur (P) Block 1 Thennavaneri Nadar Kudi Iruppu ,
4.Shenbagaramanallur (R.V), Shenbagaramanallur (P) Block 3 Keela Nachiyarkulam ,                                          5.Shenbagaramanallur (R.V), Shenbagaramanallur (P) Mela Nachiyarkulam Harijan Colony , 999.OVERSEAS ELECTORS OVERSEAS ELECTORS",General
274,227,274,"PANCHAYAT UNION PRIMARY SCHOOL, NORTH BUILDING, SINGANERI.","1.Singaneri (R.V), Singaneri (P) Ward No 1 Keelaputhaneri West Street ,                                                                                   2.Singaneri (R.V),
Singaneri (P) Block 1 South Street , 3.Singaneri (R.V), Singaneri (P) Block 1 South North Street , 4.Singaneri (R.V), Singaneri (P) Block 1 South Singaneri Kovil Street ,
5.Singaneri (R.V), Singaneri (P) Block 2 Singaneri West Street, 999.OVERSEAS ELECTORS OVERSEAS ELECTORS",General
275,227,275,"PANCHAYAT UNION PRIMARY SCHOOL, NORTH BUILDING, SINGANERI.","1.Singaneri (R.V), Singaneri (P) Block 2 Middle Street , 2.Singaneri (R.V), Singaneri (P) Block 2 East Street , 3.Singaneri (R.V), Singaneri
(P) Block 2 Puthur ,                           4.Singaneri (R.V), Singaneri (P) Block 2 North Ilayarkulam ,
5.Singaneri (R.V), Singaneri (P) Block 3 South Ilayarkulam , 999.OVERSEAS ELECTORS OVERSEAS ELECTORS",General
276,227,276,"ST.ANTONY'S MIDDLE SCHOOL,  KARANKADU.","1.Singaneri (R.V), Singaneri (P) Block 3 Nachiyar Nagar , 2.Singaneri (R.V), Singaneri (P) Block 7 Amman Kovil Street , 3.Singaneri (R.V), Singaneri (P) Block 7 East Street , 4.Singaneri (R.V), Singaneri (P) Block 7 Krishanan kovil Street, 5.Singaneri (R.V), Singaneri (P) Block 7 South Street ,  999.OVERSEAS ELECTORS OVERSEAS ELECTORS",General
277,227,277,"ST.ANTONY'S MIDDLE SCHOOL,  WEST FACING BUILDING KARANKADU.","1.Singaneri (R.V), Singaneri (P) Block 7 West Karankadu , 2.Singaneri (R.V), Singaneri (P) Block 7 Nadukarandu , 3.Singaneri (R.V), Singaneri (P) Block 7 West Street , 4.Singaneri (R.V), Singaneri (P) Block 5 South Street , 5.Singaneri (R.V), Singaneri (P) Block 3 Mela Karankadu Nadar Kudiyiruppu  West Car Street                                , 999.OVERSEAS ELECTORS OVERSEAS ELECTORS",General
278,227,278,"THIRUGNANA SAMBANTHAR PRIMARY SCHOOL, MAIN BUILDING, EAST CAR STREET (EAST PORTION), NANGUNERI.","1.Nanguneri (TP) Ward No 15 Sannathi Street 1 , 2.Nanguneri (T.P) Ward No 15 Sannathi Street 1 ,
3.Nanguneri (TP) Ward No 10 South Mada Street 1 , 4.NangunerI (T.P) Ward No 10  West Mada Street 2 , 5.Nanguneri (T.P) Ward No
10  Old katcheri Street (Ramanujam Street) 4 , 999.OVERSEAS ELECTORS OVERSEAS ELECTORS",General
279,227,279,"THIRUGNANA SAMBANTHAR PRIMARY SCHOOL, EAST PORTION,SOUTH FACING NANGUNERI.","1.Nanguneri (T.P) Ward No 10 Selvan Street 5th Number Road 5 , 2.Nanguneri (T.P) Ward No 9 Thiruvenkadanathapuram , 3.Nanguneri (T.P) Ward No 9  Yasakar Nagaram ,
4.Nanguneri (T.P) Ward No 9 Kannan Street 5.Nanguneri (T.P) Ward No 9  Majith Street 4 , 6.Nanguneri (T.P) Ward No 9  Rajan Street 5 , 7.Nanguneri (T.P) Ward No 9 Krishnan Street 6 , 8.Nanguneri (T.P) Ward No 9  Colony 7 , 999.OVERSEAS ELECTORS OVERSEAS ELECTORS",General
280,227,280,"PANCHAYAT UNION MIDDLE SCHOOL SOUTH BUILDING, SOUTH CAR STREET,  NANGUNERI.","1.Nanguneri (T.P) Ward No 15 Old Road Street 2 ,
2.Nanguneri (T.P) Ward No 12  Thirumaligai Street 3 , 3.Nanguneri (T.P) Ward No 14 Vinayagar Sannathi Street 4 , 4.Nanguneri (T.P) Ward No 14  East Car Street South Portion1 , 5.Nanguneri (T.P) Ward No 14  Theiva Vinayaga Pillai Lane 5 , 6.Nanguneri (T.P) Ward No 14 East Car Street  North Side 5 , 7.Nanguneri (T.P) Ward No 12 Sathathavar Street Theradi street North Side 6 ,
8.Nanguneri (T.P) Ward No 12 Santhi Kinaru Street 3 , 9.Nanguneri (T.P) Ward No 14 Kanagasabapathiar Pillai Lane4
999.OVERSEAS ELECTORS OVERSEAS ELECTORS",General
281,227,281,"PANCHAYAT UNION MIDDLE SCHOOL NORTH BUILDING, EASTERN SIDE SOUTH CAR STREET, NANGUNERI.","1.Nanguneri (T.P) Ward No 13  Kamaraj Street 7 ,
2.Nanguneri (T.P) Ward No 13  Perumal Pillai Lane 1 , 3.Nanguneri (T.P) Ward No 13 South Car Street 5 ,      4.Nanguneri (T.P) Ward No 5  Elava Kudi Street 2 , 5.Nanguneri (T.P) Ward No 5 Muthupillai Street 3 ,     6.Nanguneri (T.P) Ward No 5 Pandi Velar Street 5 , 7.Nanguneri (T.P) Ward No 10  Navithar Street 1 ,
8.Nanguneri (T.P) Ward No 10  Kusakudi Street 3 ,     9.Nanguneri (T.P) Ward No 13 Jeeva Lane ,                              10.Nanguneri (T.P) Ward No 19 Balan Lane ,                       999.OVERSEAS ELECTORS OVERSEAS ELECTORS",General
282,227,282,"PRIMARY SCHOOL YADAVA STREET EAST PORTION , NANGUNERI.","1.Nanguneri (T.P) Ward No 8  kannan Street 1 ,
2.Nanguneri (T.P) Ward No 8  Amman Kovil Street 2 , 3.Nanguneri (T.P) Ward No 8  Bharathiyar Street 3 , 4.Nanguneri (T.P) Ward No 8 Nethaji Street 4 ,                         5.Nanguneri (T.P) Ward No 7 Kumaran Street 5 ,                       999.OVERSEAS ELECTORS OVERSEAS ELECTORS",General
283,227,283,"PRIMARY SCHOOL YADAVA STREET EAST PORTION , NANGUNERI.","1.Nanguneri (T.P) Ward No 7  Vanginathan Street 1 , 2.Nanguneri (T.P) Ward No11  Kannivaikal Street 2 , 3.Nanguneri (T.P) Ward No11  Vaniyakudi Street 3 , 4.Nanguneri (T.P) Ward No 6  Ganesan Street 4 ,                  5.Nanguneri (T.P) Ward No 7  Anna Salai Street 5 , 999.OVERSEAS ELECTORS OVERSEAS ELECTORS",General
284,227,284,DR. AMBETKAR PRIMARY SCHOOL NANGUNERI.,"1.Nanguneri (T.P) Ward No 4 , 1 Nir Road ,
2.Nanguneri (T.P) Ward No 3 Amman Kovil Street 1 , 3.Nanguneri (T.P) Ward No 3 Sudalai Madan Kovil Street 2 , 4.Nanguneri (T.P) Ward No 3 North Street 3 ,                            5.Nanguneri (T.P) Ward No 3 Velan Street 4 ,                           6.Nanguneri (T.P) Ward No 3 South Street 6 ,                          7.Nanguneri (T.P) Ward No 3, 7 Number 5 Road , 999.OVERSEAS ELECTORS OVERSEAS ELECTORS",General
285,227,285,PANCHAYAT UNION PRIMARY SCHOOL PATTAPILLAIPUTHUR.,"1.Nanguneri (T.P) Ward No 2  Thennimalai South Street 1 , 2.Nanguneri (T.P) Ward No 2  Thennimalai North Street 2 , 3.Nanguneri (T.P) Ward No 2  Aladiputhur 3 ,
4.Nanguneri (T.P) Ward No 2  Pannai Harijan Kudi Iruppu 4 , 5.Nanguneri (T.P) Ward No 2  Thulacheri 5 ,
6.Nanguneri (T.P) Ward No 2  Melaputhaneri 6 ,
7.Nanguneri (T.P) Ward No 1  Puthur Middle Street 1 , 8.Nanguneri (T.P) Ward No 1  Puthur North Street 2 , 999.OVERSEAS ELECTORS OVERSEAS ELECTORS",General
286,227,286,"PANCHAYAT UNION PRIMARY SCHOOL EASTERN BUILDING, MARUKALKURICHI.","1.Marukalkurichi (R.V), Marukalkurichi (P) Block 4 Marukalkurichi South Street ,                                                                           999.OVERSEAS
ELECTORS OVERSEAS ELECTORS",General
287,227,287,"PANCHAYAT UNION PRIMARY SCHOOLWEST BUILDING,WEST BLOCK MARUKALKURICHI
P","1.Marukalkurichi (R.V), Marukalkurichi(P) Block 6 Marukalkurichi , 2.Marukalkurichi (R.V), Marukalkurichi (P) Block 5 Pandarakudi Street ,                                                                         3.Marukalkurichi (R.V),
Marukalkurichi(P) Block No 4 Mahadevan Street4 , 4.Marukalkurichi (R.V), Marukalkurichi(P) Block No 4 Urundaikal Street 5 ,                                                                      999.OVERSEAS
ELECTORS OVERSEAS ELECTORS
age 93 of 118",General
288,227,288,"SANKAR REDDIAR GOVT.HR.SEC. SCHOOLROOM NO.1, NAMBI NAGAR, MARUKALKURICHI.","1.Marukalkurichi (R.V), Marukalkurichi (P) Block 1 North Rastha Sankar Nagar ,                                                               2.Marukalkurichi (R.V), Marukalkurichi (P) Block 1 Ilanthoppu , 3.Marukalkurichi (R.V), Marukalkurichi (P) Block 3 Abdul Kasim Nagar , 4.Marukalkuruchi (R.V), Marukalkuruchi (P) Block 3 ,5th Nir Road Nambivilai ,
5.MarukalKurichi (R.V), MarukalKurichi (P) Block 5 Perumal Thoppu ,
6.MarukalKuruchi (R.V), MarukalKuruchi (P) Block 6 Srivaramangaipuram ,
999.OVERSEAS ELECTORS OVERSEAS ELECTORS",General
289,227,289,DASS SAMATHUVA PRIMARY SCHOOL ALWARKULAM,"1.Marukalkurichi (R.V), Marukalkurichi (P) Block 1 Thattankulam Mela Street ,
2.Marukalkurichi (R.V), Marukalkurichi (P) Block 2 C.S.I Church Street ,                                                                                          3.South
Nanguneri (R.V), South Nanguneri (P) Block 1 South Street ,
4.South Nanguneri (R.V), South Nanguneri (P) Block 1 North Street ,
5.South Nanguneri (R.V), South Nanguneri (P) Block 1 Middle Street
,                                                                                        6.South Nanguneri (R.V),
South Nanguneri (P) Block 1 Main Road ,
7.South Nanguneri (R.V), South Nanguneri (P) Block 2 Alwarkulam Mela Street ,                                                                                8.South
Nanguneri (R.V), South Nanguneri (P) Block 2 Alwarkulam Keela Street ,                                                                            9.South Nanguneri
(R.V), South Nanguneri (P) Block 3 Tholkappiyar Nagar , 10.South Nanguneri (R.V), South Nanguneri (P) Block 3 Krishnaputhur North Street ,
11.South Nanguneri (R.V), South Nanguneri (P) Block 3 Krishnaputhur South Street ,
12.South Nanguneri (R.V), South Nanguneri (P) Block 3 South Arasankulam South Street ,                                                                   13.South Nanguneri (R.V), South Nanguneri (P) Block 3 South Arasankulam North Street ,                                                          999.OVERSEAS ELECTORS OVERSEAS ELECTORS",General
290,227,290,"T.D.T.A.PRIMARY SCHOOL,
PERUMPATHU, SOUTH BUILDING NANGUNERI.","1.South Nanguneri (R.V), South Nanguneri (P) Block 1 Ilayaneri Mela Street ,                                                                                                        2.South
Nanguneri (R.V), South Nanguneri (P) Block 1 Ilayaneri Keela Street ,
3.South Nanguneri (R.V), South Nanguneri (P) Block 2 Perumbathu South Street ,
4.South Nanguneri (R.V), South Nanguneri (P) Block 2 Perumpathu East Street ,                                                                                 5.South
Nanguneri (R.V), South Nanguneri (P) Block 2 Perumpathu Middle Street ,                                                                               6.South Nanguneri
(R.V), South Nanguneri (P) Block 2 Perumpathu North Street ,
7.South Nanguneri (R.V), South Nanguneri (P) Block 2 Perumbathu West Street ,                                                                             8.South
Nanguneri (R.V), South Nanguneri (P) Block 2 Perumbathu Adidravidar Puthu Theru Amman Kovil Street , 9.South Nanguneri (R.V), South Nanguneri (P) Block 2 Therku Nanguneri 4th Street , 10.South Nanguneri (R.V), South Nanguneri (P) Block 2 Therku Nanguneri 3th Street ,
11.South Nanguneri (R.V), South Nanguneri (P) Block 2 Therku Nanguneri 2nd Street ,
12.South Nanguneri (R.V), South Nanguneri (P) Block 2 Therku Nanguneri 2nd Street ,
999.OVERSEAS ELECTORS OVERSEAS ELECTORS",General
291,227,291,PANCHAYAT UNION PRIMARY SCHOOL MANJANKULAM,"1.South Nanguneri(R.V), South Nanguneri(P) Block 5  Veerankulam ,
2.South Nanguneri (R.V), South Nanguneri (P) Block 6  Manjankulam Yadava Street ,                                                                   3.South Nanguneri (R.V).South Nanguneri (P) Block 6 Manjankulam North Street ,
4.South Nanguneri (R.V), South Nanguneri (P) Block 6 Manjankulam Middle Street ,                                                                      5.South Nanguneri
(R.V), South Nanguneri (P) Block 7 Manjankulam South Street ,
, 999.OVERSEAS ELECTORS OVERSEAS ELECTORS",General
292,227,292,"GOVT HIGH SCHOOL, NORTH BUILDING, EAST PORTION THIRUVENKADANATHAPURAM.","1.Rajakamangalam Part 1(R.V), Rajakamangalam (P) Block 1 Nadar Kudi Iruppu 2nd Street ,                                                 2.Rajakamangalam Part 1 (R.V), Rajakamangalam (P) Block 1 Nadar Kudi Iruppu 3nd Street ,                                               3.Rajakamangalam Part 1 (R.V), Rajakamangalam (P) Block 1 Nadar Kudi Iruppu 1st Street , 4.Rajakamangalam Part 1 (R.V), Rajakamangalam (P) Block 4 Idaiyar Kudiyiruppu 4th Street ,                                               5.Rajakamangalam Part 1(R.V), Rajakamangalam (P) Block 4 Idaiyar Kudiyiruppu  3rd Street ,                                            6.Rajakamangalam Part 1 (R.V), Rajakamangalam (P) Block 4  Idaiyar Kudiyiruppu 2nd Street , 7.Rajakamangalam Part 1 (R.V), Rajakamangalam (P) Block 4 Idaiyar Kudiyiruppu 1st Street ,
999.OVERSEAS ELECTORS OVERSEAS ELECTORS",General
293,227,293,"GOVT HIGH SCHOOL, SOUTH BUILDING, THIRUVENKADANATHAPURAM.","1.Rajakamangalam Part 2 (R.V), Rajakamangalam (P) Block 2 Pillaimar Street, Thiruvenkadanathapuram ,
2.Rajakamangalam Part 2 (R.V), Rajakamangalam (P) Velarkudi 1st North Street (Thiruvenkadanathapuram) ,
3.Rajakamangalam Part 2 (R.V), Rajakamangalam (P) Velarkudi 2st North Street (Thiruvenkadanathapuram),
4.Rajakamangalam Part 2 (R.V), Rajakamangalam (P) Ganesan Kovil Street (Adidravidar Kudiyiruppu),                            5.Rajakamangalam Part 2 (R.V), Rajakamangalam (P) Mariamman Kovil Street (Adidravidar Kudiyiruppu) ,                                         999.OVERSEAS ELECTORS OVERSEAS ELECTORS",General
294,227,294,Panchayat Primary School North facing Building Thiruvengadanathapuram,"1.Rajakamangalam Part 1 (R.V), Rajakamangalam (P) Block 4 Thevar Kudiyiruppu  1st Street ,                                         2.Rajakamangalam Part 1 (R.V), Rajakamangalam (P) Block 4 Thevar Kudiyiruppu 2nd Street
,                                         3.Rajakamangalam Part 1(R.V), Rajakamangalam (P) Block 4 Thevar Kudiyiruppu 3rd Street , 4.Rajakamangalam Part 2 (R.V), Rajakamangalam (P) South Street (Anaikarai) ,                                                               5.Rajakamangalam Part 2 (R.V), Rajakamangalam (P) North Street (Anaikarai) , 6.Rajakamangalam Part 2 (R.V), Rajakamangalam (P) West Street Part 2 (Anaikarai) ,                                                              7.Rajakamangalam Part 2 (R.V), Rajakamangalam (P) West Street Part 1 (Anaikarai) , 999.OVERSEAS ELECTORS OVERSEAS ELECTORS",General
295,227,295,SALVATION ARMY PRIMARY SCHOOL VAGAIKULAM,"1.Rajakamangalam Part 2 (R.V), Rajakamangalam (P) Block 6 Yadava Street ,                                                                               2.Rajakamangalam Part
2  (R.V), Rajakamangalam (P) Block 6 Puducolony , 3.Rajakamangalam Part 2 (R.V), Rajakamangalam (P) Block 7 Arunthathiyar Street ,
4.Rajakamangalam Part 2 (R.V), Rajakamangalam (P) Block 7 Padasalai Street ,                                                         5.Rajakamangalam Part 2  (R.V), Rajakamangalam (P) Block 7 Thevar Street , 6.Rajakamangalam Part 2 (R.V), Rajakamangalam (P) Block 7 Amman Kovil Street ,
999. OVERSEAS ELECTORS OVERSEAS ELECTORS",General
296,227,296,SALVATION ARMY PRIMARY SCHOOL SOUTH FACED EAST PORTION VAGAIKULAM,"1.Rajakamangalam Part 2 (R.V), Rajakamangalam (P) Block 7 Pandara Street ,
2.Rajakamangalam Part 2 (R.V), Rajakamangalam (P) Block 7 South Street (Inam Vagaikulam) ,
3.Rajakamangalam Part 2 (R.V), Rajakamangalam (P) Block 7   Inam Vagaikulam (Road Street) ,
4.Rajakamangalam Part 2 (R.V), Rajakamangalam (P) Block 7 Puthumanai Alwarkulam ,
5.Rajakamangalam Part 2  (R.V), Rajakamangalam (P) Block 8 Thoranaikurichy Nadar Street ,
6.Rajakamangalam Part 2 (R.V), Rajakamangalam (P) Block 8 AdidravidarStreet ,
999.OVERSEAS ELECTORS",General
297,227,297,T D T A PRIMARY SCHOOL ERANIANKUDIYIRUPPU,"1.Rajakamangalam Part 2 (R.V), Rajakamangalam (P) Block 9 North Street ,                                                                2.Rajakamangalam Part 2 (R.V), Rajakamangalam (P) Block 9 South Street , 3.Rajakamangalam Part 2 (R.V), Rajakamangalam (P) Block 10 Thenkarai ,                                                                           4.Rajakamangalam
Part 2 (R.V), Rajakamangalam (P) Block 999.OVERSEAS ELECTORS OVERSEAS ELECTORS",General
298,227,298,"PANCHAYAT UNION MIDDLE SCHOOL NEW BUILDING, WEST PORTION, PATTARPURAM,","1.Irappuvari (R.V), Irappuvari (P) Block 1 Pattarpuram East Kovil Street ,                                                                                            2.Irappuvari
(R.V), Irappuvari (P) Block 1 Pattarpuram East South Street , 3.Irappuvari (R.V), Irappuvari (P) Block 1 Pattarpuram East Main Road ,                                                                                               4.Irappuvari
(R.V), Irappuvari (P) Block 1 Pattarpuram East Street , 5.Irappuvari (R.V), Irappuvari (P) Block 1 Pattarpuram East Satha Street ,                                                                                          6.Irappuvari
(R.V), Irappuvari (P) Block 2 Pattarpuram West Krishnan Kovil South Street ,
7.Irappuvari (R.V), Irappuvari (P) Block 2 Pattarpuram West Krishnan Kovil West Street ,
8.Irappuvari (R.V), Irappuvari (P) Block 2 Pattarpuram West Main Road ,                                                                                         9.Irappuvari (R.V),
Irappuvari (P) Block 2 Pattarpuram West Yadava South Street , 999.OVERSEAS ELECTORS OVERSEAS ELECTORS",General
299,227,299,"PANCHAYAT UNION MIDDLE SCHOOL NORTHERN BUILDING  PATTARPURAM,","1.Irappuvari (R.V), Irappuvari (P) Block 2 Pattarpuram West Indira
Colony South Street ,                                                                      2.Irappuvari
(R.V), Irappuvari (P) Block 2 Pattarpuram West Indira Colony North Street ,                                                                      3.Irappuvari (R.V),
Irappuvari (P) Block 3 Pattarpuram West Mavadi South Street , 4.Irappuvari (R.V), Irappuvari (P) Block 3 Pattarpuram West Mavadi Middle Street ,                                                                          5.Irappuvari
(R.V), Irappuvari (P) Block 3 Pattarpuram West Society  Road Street , 6.Irappuvari (R.V), Irappuvari (P) Block 3 Pattarpuram West Murugan Kovil Street ,
7.Irappuvari (R.V), Irappuvari (P) Block 3 Pattarpuram West School Street ,                                                                                                    8.Irappuvari
(R.V), Irappuvari (P) Block 4 Pattarpuram  West Meenachinathapuram Church ,
9.Irappuvari (R.V), Irappuvari (P) Block 4 Pattarpuram West North Street ,                                                                                        10.Irappuvari
(R.V), Irappuvari (P) Block 4 Pattarpuram West Reddi Veppankulam North Street ,                                                        11.Irappuvari (R.V), Irappuvari (P) Block 4 Pattarpuram West   Middle Street , 12.Irappuvari (R.V), Irappuvari (P) Block 4 Pattarpuram West South Street ,                                                                                       13.Irappuvari
(R.V), Irappuvari (P) Block 4 Pattarpuram West  North Street , 14.Irappuvari (R.V), Irappuvari (P) Block 4 Pattarpuram West Church Street ,                                                                                       15.Irappuvari
(R.V), Irappuvari (P) Block 5 Pattarpuram West Korkaneri , 16.Irappuvari (R.V), Irappuvari (P) Block 6 Pattarpuram West Irappuvari South Street ,
17.Irappuvari (R.V), Irappuvari (P) Block 6 Pattarpuram West 2nd",General
300,227,300,"PANCHAYAT UNION MIDDLE SCHOOLWESTERN BUILDING EAST FACING BLOCK, PUTHUKULAM,","1.Irappuvari (R.V),  Irappuvari(P) Block 7 Emankulam , 2.Irappuvari (R.V), Irappuvari (P) Sahayanagar , 999.OVERSEAS ELECTORS OVERSEAS ELECTORS",General
301,227,301,"PANCHAYAT UNION MIDDLE SCHOOL.SOUTH BUILDING WEST BLOCK, PUTHUKULAM,","1.Irappuvari (R.V), Irappuvari (P) Puthukulam ,
2.Irappuvari (R.V), Irappuvari (P) Block 9 Valianeri , 3.Irappuvari (R.V), Irappuvari (P) South Kariyakulam , 4.Irappuvari (R.V), Irappuvari (P) Kariyakulam ,                         5.Irappuvari (R.V), Irappuvari (P) Subramaniapuram , 999.OVERSEAS ELECTORS OVERSEAS ELECTORS",General
302,227,302,T.D.T.A. PRIMARY SCHOOL SOUTH PAPPANKULAM.,"1.Pappankulam (R.V), Pappankulam (P) Block 1 Pappankulam , 2.Pappankulam (R.V), Pappankulam (P) Block 2 Kathanadaippu 3.Pappankulam (R.V), Pappankulam (P) Block 3 South Pappankulam
,                                                                                 4.Pappankulam (R.V),
Pappankulam (P) Block 4 Ani kulam , 999.OVERSEAS ELECTORS OVERSEAS ELECTORS",General
303,227,303,"PANCHAYAT UNION PRIMARY SCHOOL
PAPPANKULAM.","1.Pappankulam (R.V), Pappankulam (P) Block 8 Maankulam ,
999.OVERSEAS ELECTORS OVERSEAS ELECTORS",General
304,227,304,"R.S. VALLUVAR PRIMARY SCHOOL POTHAIADI, PAPPANKULAM.","1.Pappankulam (R.V), Pappankulam (P) Block 5 Alankulam , 2.Pappankulam (R.V), Pappankulam (P) Block 6 Kanmanian Kudi Iruppu ,
3.Pappankulam (R.V), Pappankulam (P) Pothaiadi , 999.OVERSEAS ELECTORS OVERSEAS ELECTORS",General
305,227,305,"RURAL PANCHAYAT SEVAI CENTRE, KADANKULAM","1.Kadankulam Thirumalapuram (R.V), Kadankulam Thirumalapuram (P) Block 2 Kadankulam North Street , 2.Kadankulam Thirumalapuram (R.V), Kadankulam Thirumalapuram (P) Block 1 Konar Street , 3.Kadankulam Thirumalapuram (R.V), Kadankulam Thirumalapuram (P) Block 1 Selva Nayagar Kovil Street , 4.Kadankulam Thirumalapuram (R.V), Kadankulam
Thirumalapuram (P) Block 1 Narayana Swamy Kovil Street , 5.Kadankulam Thirumalapuram (R.V), Kadankulam Thirumalapuram (P) Block 1 Kadai Street ,
6.Kadankulam Thirumalapuram (R.V),Kadankulam Thirumalapuram (P) Block 1 Harijan Street , 7.Kadankulam Thirumalapuram (R.V), Kadankulam Thirumalapuram (P) Block 1 Harijan Colony East Street , 8.Kadankulam Thirumalapuram (R.V), Kadankulam
Thirumalapuram (P) Block 1 New Harijan Colony , 9.Kadankulam Thirumalapuram (R.V), Kadankulam Thirumalapuram (P) Block 2 Kadankulam Nadar Kudiyiuppu Church Street ,
10.Kadankulam Thirumalapuram (R.V), Kadankulam Thirumalapuram (P) Block 2 South Street , 999.OVERSEAS ELECTORS OVERSEAS ELECTORS",General
306,227,306,"T.D.T.A. MIDDLE SCHOOLWEST PORTION, KALUVOOR.","1.Kadankulam Thirumalapuram (R.V), Kadankulam Thirumalapuram (P) Block 3 Kaluvoor , 2.Kadankulam Thirumalapuram (R.V), Kadankulam
Thirumalapuram (P) Block 4 Kaluvoor Harijan Colony , 3.Kadankulam Thirumalapuram (R.V), Kadankulam Thirumalapuram (P) Block 5 Kaluvoor Pudukudi ,        4.Kadankulam Thirumalapuram (R.V), Kadankulam Thirumalapuram (P) Block 6 Kaluvoor Nadar Kudiyiruppu , 999.OVERSEAS ELECTORS OVERSEAS ELECTORS",General
307,227,307,"PANCHAYAT UNION PRIMARY SCHOOL, NEW BUILDING, PATHAIKKAM.","1.Kadankulam Thirumalapuram (R.V), Kadankulam Thirumalapuram (P) Block 7 Pathaikkam , 2.Kadankulam Thirumalapuram (R.V), Kadankulam
Thirumalapuram (P) Block 9 Pathaikkam Harijan Colony , 3.Kadankulam Thirumalapuram (R.V), Kadankulam Thirumalapuram (P) Block 10 Parpparammal Puram , 999.OVERSEAS ELECTORS OVERSEAS ELECTORS",General
308,227,308,"PANCHAYAT UNION PRIMARY SCHOOLNEW BUILDING, THIRUMALAPURAM.","1.Kadakulalm Thirumalapuram (R.V), Kadakulalm Thirumalapuram
(P) Block 11 Keelakaluvoor ,                                       2.Kadakulalm Thirumalapuram (R.V), Kadakulalm Thirumalapuram (P) Block  12 Thirumalapuram ,                              3.Kadakulalm Thirumalapuram (R.V), Kadakulalm Thirumalapuram (P) Block 13 Thirumalapuram Harijan Colony , 4.Khadakulam Thirumalapuram (R.V), Khadakulam Thirumalapuram (P) Block 14 Thirumalapuram Nadar Kudi Iruppu , 5.Khadakulam Thirumalapuram (R.V), Khadakulam Thirumalapuram (P) Block 14 Thirumalapuram Nadar Kudi Iruppu , 6.Khadakulam Thirumalapuram (R.V), Khadakulam Thirumalapuram (P) Block 14 Thirumalapuram Nadar Kudi Iruppu , 7.Khadakulam Thirumalapuram (R.V), Khadakulam Thirumalapuram (P) Block 14  Thirumalapuram Nadar Kudi Iruppu , 8.Khadakulam Thirumalapuram (R.V), Khadakulam Thirumalapuram (P) Block 14 Thirumalapuram Nadar Kudi Iruppu , 9.Khadakulam Thirumalapuram (R.V), Khadakulam Thirumalapuram (P) Block 14 Thirumalapuram Nadar Kudi Iruppu , 10.Khadakulam Thirumalapuram (R.V), Khadakulam Thirumalapuram (P) Block 14 Thirumalapuram Nadar Kudi Iruppu , 11.Khadakulam Thirumalapuram (R.V), Khadakulam Thirumalapuram (P) Block 14 Thirumalapuram Nadar Kudi Iruppu , 12.Kadakulam Thirumalapuram (R.V), Kadakulam Thirumalapuram
(P) Block  14 Thirumalapuram  Nadar Kudi Iruppu ,
13.Khadakulam Thirumalapuram (R.V), )Khadakulam Thirumalapuram (P) Block 14 Thirumalapuram Nadar Kudi Iruppu , 14.Khadakulam Thirumalapuram (R.V), Khadakulam Thirumalapuram (P) Block 14 Thirumalapuram Nadar Kudi Iruppu
, 999.OVERSEAS ELECTORS OVERSEAS ELECTORS",General
309,227,309,"PANCHAYAT UNION PRIMARY SCHOOL NORTH BUILDING, KARIYANDI.","1.Ramakrishnapuram (R.V), Ramakrishnapuram (P) Block 1 Ramakrishnapuram ,
2.Ramakrishnapuram (R.V), Ramakrishnapuram (P) Block 2 Kariyandi ,
999.OVERSEAS ELECTORS OVERSEAS ELECTORS",General
310,227,310,GOVT HR SEC SCHOOL SOUTH BUILDING EAST PORTION KARIYANDI,"1.Ramakrishnapuram (R.V), Ramakrishnapuram (P) Block 3 Kariyandi ,
2.Ramakrishnapuram (R.V), Ramakrishnapuram (P) Block 4 Thattankulam ,
999.OVERSEAS ELECTORS OVERSEAS ELECTORS",General
311,227,311,"R.C.MIDDLE SCHOOLWEST PORTION, THINAIYOORANI.","1.Ramakrishnapuram (R.V), Ramakrishnapuram (P) Block 5 Ramankulam ,
2.Ramakrishnapuram (R.V), Ramakrishnapuram (P) Block 6 Thinayoorani ,
3.Ramakrishnapuram (R.V), Ramakrishnapuram (P) Block 7 Vadivalpuram ,
4.Ramakrishnapuram (R.V), Ramakrishnapuram (P) Block 8 Bhaganeri ,                                                                                999.OVERSEAS
ELECTORS OVERSEAS ELECTORS",General
312,227,312,"GANDHI MEMORIAL PRIMARY SCHOOL,WEST PORTION, SAVALAIKARANKULAM","1.Ramakrishnapuram (R.V), Ramakrishnapuram (P) Block 9,10 Savalaikarankulam ,
2.Ramakrishnapuram (R.V), Ramakrishnapuram (P) Block 11 Sadaiyaneri ,                                                                                 999.OVERSEAS
ELECTORS OVERSEAS ELECTORS",General
313,227,313,"MARIA GRACE HIGH SCHOOL, SOUTHERN BUILDING, EAST  PORTION, VENKATRAYAPURAM.","1.Sadaiyaneri Venkatrayapuram (R.V), Sadaiyaneri Venkatrayapuram (P) Block 1 Venkatrayapuram Melur , 2.Sadaiyaneri Venkatrayapuram (R.V), Sadaiyaneri Venkatrayapuram (P) Block 2 Venkatrayapuram Keelur, 3.Sadaiyaneri Venkatrayapuram (R.V), Sadaiyaneri Venkatrayapuram (P) Block 6 Chettikulam, 999.OVERSEAS ELECTORS OVERSEAS ELECTORS",General
314,227,314,T.D.T.A. Primary School Mela Chettikulam,"1.Sadaiyaneri Venkatrayapuram (R.V), Sadaiyaneri Venkatrayapuram (P) Block 4 Chidambarapuram ,        2.Sadaiyaneri Venkatrayapuram (R.V), Sadaiyaneri Venkatrayapuram (P) Block 5 Ilankulam ,                                                                        3.Sadaiyaneri
Venkatrayapuram (R.V), Sadaiyaneri Venkatrayapuram (P) Block 7 Ramaneri  Keelur                , 4.Sadaiyaneri Venkatranyapuram (R.V), Sadaiyaneri Venkatranyapuram (P) Block 8 Ramaneri Melur , 5.Sadaiyaneri Venkatrayapuram (R.V), Sadaiyaneri Venkatrayapuram (P) Block 3 Veeranan Harijan Kudiyiruppu , 6.Sadaiyaneri Venkatrayapuram (R.V), Sadaiyaneri Venkatrayapuram (P) J.J.Nagar ,
999.OVERSEAS ELECTORS OVERSEAS ELECTORS",General
315,227,315,"A.V.JOSEPH GOVT.HR.SEC. SCHOOL SOUTH BLOCK, CENTRAL HALL, ITTAMOZH.I","1.Ittamozhi(R.V), Ittamozhi(P) Block 4, Ittamozhi North WesternSide
,                                                                                             2.Ittamozhi (R.V),
Ittamozhi (P) Block 1 Ittamozhi Southern Side , 999.OVERSEAS ELECTORS OVERSEAS ELECTORS",General
316,227,316,"A.V.JOSEPH GOVT.HR.SEC. SCHOOL SOUTH BLOCK, CENTRAL HALL, WEST PART, ITTAMOZHI
Pa","1.Ittamozhi(R.V), Ittamozhi(P) Block 3, Ittamozhi North Eastern Side
,                                                                                                        2.Ittamozhi
(R.V), Ittamozhi (P) Block 2 North Street ,
g9e991.0O7VoEf R11S8EAS ELECTORS OVERSEAS ELECTORS",General
317,227,317,"T.D.T.A.PRIMARY SCHOOL,SOUTH PART SUBRAMANIAPURAM.","1.Ittamozhi (R.V), Ittamozhi (P) Block 4 Puthoor , 2.Ittamozhi (R.V), Ittamozhi (P) Block 5 Managavalapuram , 999.OVERSEAS ELECTORS OVERSEAS ELECTORS",General
318,227,318,STC Primary School Subramaniapuram,"1.Ittamozhi (R.V), Ittamozhi (P) Block 6 Subramaniapuram North Street ,                                                                                   2.Ittamozhi (R.V),
Ittamozhi (P) Block 16 Thuvarampadu , 999.OVERSEAS ELECTORS OVERSEAS ELECTORS",General
319,227,319,T.D.T.A.PRIMARY SCHOOL PERUMPANAI,"1.Ittamozhi (R.V), Ittamozhi (P) Block 11 Perumpanai Eastern Side , 2.Ittamozhi (R.V), Ittamozhi (P) Block 12 Perumpanai Eastern Side , 999.OVERSEAS ELECTORS OVERSEAS ELECTORS",General
320,227,320,TDTA MIDDLE SCHOOL NORTH BUILDING VIJAYA ACHEMBADU,"1.Ittamozhi (R.V), Ittamozhi (P) Block 13 Vijayaachampadu , 2.Ittamozhi (R.V), Ittamozhi (P) Vijayaachampadu R.C.Church Street
,
3.Ittamozhi (R.V), Ittamozhi (P) Block 13 Vijayaachampadu Yadava Street ,                                                                           4.Ittamozhi (R.V),
Ittamozhi (P) Block 13 Vijayaachampadu North Street , 999.OVERSEAS ELECTORS OVERSEAS ELECTORS",General
321,227,321,"TDTA MIDDLE SCHOOL, SOUTH BUILDING VIJAYA ACHEMBADU
Pag","1.Ittamozhi (R.V), Ittamozhi (P) Block 13 Vijayaachampadu Northern Side ,                                                                                   2.Ittamozhi (R.V),
Ittamozhi (P) Block 13 Vijayaachampadu Adidravidar Colony , 3.Ittamozhi (R.V), Ittamozhi (P) Block 14 Vijayaachambadu Middle Street,C.S.I Church Street ,                                                            4.Ittamozhi (R.V),  Ittamozhi (P) Block 15 Vijayaachambadu Southern Portion, Postoffice Street ,                                          999.OVERSEAS ELECTORS OVERSEAS ELECTORS
e 108 of 118",General
322,227,322,T.D.T.A.PRIMARY SCHOOL EAST PORTION ALAGAPPAPURAM.,"1.Ittamoli (R.V),  Ittamoli(P) Block 1 Nannikulam Rettier Colony , 2.Ittamozhi (R.V), Ittamozhi (P) Block 1  Nannikulam Harijan Colony
,                                                                                                3.Ittamozhi (R.V),
Ittamozhi (P) Block 2  Alagappapuram Yadava Middle Street , 4.Ittamozhi (R.V), Ittamozhi (P) Block 2 Alagappapuram OHT Street , 999.OVERSEAS ELECTORS OVERSEAS ELECTORS",General
323,227,323,T.D.T.A.PRIMARY SCHOOL WEST BUILDING ALAGAPPAPURAM.,"1.Ittamozhi (R.V), Ittamozhi (P) Block 2 Alagappuram Southern Portion ,                                                                                                   2.Ittamoli
(R.V),  Ittamoli (P) Block 3 Alagappapuram East Street , 3.Ittamozhi (R.V), Ittamozhi (P) Block 3 Alagappapuram Lurdhu Mada Kovil Street ,
4.Ittamozhi (R.V), Ittamozhi (P) Block 3 Alagappapuram Barathar Street ,                                                                                          5.Ittamoli (R.V),
Ittamoli (P) Block 4 Alagappapuram Main Road ,
6.Ittamozhi (R.V),  Ittamozhi (P) Block 4 Alagappapuram Nadar Street ,                                                                                             999.OVERSEAS
ELECTORS OVERSEAS ELECTORS",General
324,227,324,PANCHAYAT UNION PRIMARY SCHOOL NORTH VIJAYANARAYANAM,"1.Vijayanarayanm Part 1 (R.V),Vijayanarayanm (P) Block 14 Periya Nadar Kudi Iruppu ,                                                         2.Vijayanarayanam Part 1 (R.V), Vijayanarayanam (P) Block 14 Kailasanathapuram , 3.Vijayanarayanam Part 1 (R.V), Vijayanarayanam (P) Block 7 Iintham Kal ,
4.Vijayanarayanam Part 1 (R.V), Vijayanarayanam (P) Block 7 Elankal Harijan Colony ,
999.OVERSEAS ELECTORS OVERSEAS ELECTORS",General
325,227,325,"GOVERNMENT HIGH SCHOOL     EAST PORTION, NORTH VIJAYANARAYANAM.","1.Vijayanarayanm Part 1 (R.V), Vijayanarayanm (P) North Vijayanarayanm ,
2.Vijayanarayanam Part 1 (R.V), Vijayanarayanam (P) Rajagopalapuram ,                                                               3.Vijayanarayanm Part 1 (R.V), Vijayanarayanm (P) Area  Northern side to middle street ,                                                                   999.OVERSEAS ELECTORS OVERSEAS ELECTORS",General
326,227,326,"GOVERNMENT HIGH SCHOOL,   WEST PORTION, NORTH VIJAYANARAYANAM.","1.Vijayanarayanm Part 1 (R.V), Vijayanarayanm (P) Southern  row houses of middle street  ,
2.Vijayanarayanm Part 1 (R.V), Vijayanarayanm (P) Area Southern side to middle street ,                                                 999.OVERSEAS ELECTORS OVERSEAS ELECTORS",General
327,227,327,HINDU PRIMARY SCHOOL KADAIYANKULAM.,"1.Vijayanarayanm Part 2  (R.V), Vijayanarayanm (P) Block 10 Padapparkulam ,                                                                2.Vijayanarayanam Part 2  (R.V), Vijayanarayanam (P) Block 11 Kadaiyankulam Vadalivilai ,                                                    999.OVERSEAS ELECTORS OVERSEAS ELECTORS",General
328,227,328,R.C.PRIMARY SCHOOL KEELAPANDARAPURAM.,"1.Vijayanarayanam Part 2  (R.V),  Vijayanarayanam (P) Block 12 Keelapandarapuram ,                                               2.Vijayanarayanam Part 2  (R.V), Vijayanarayanam (P) Block 13 Melapandarapuram , 999.OVERSEAS ELECTORS OVERSEAS ELECTORS",General
329,227,329,PANCHAYAT UNION PRIMARY SCHOOL ANDANKULAM.,"1.Vijayanarayanam Part 2  (R.V), Vijayanarayanam (P) Block 8 Periammalpuram ,
2.Vijayanarayanam Part 2  (R.V),Vijayanarayanam (P) Block 8 Kamarajar Harijan Colony ,
3.Vijayanarayanam Part 2  (R.V), Vijayanarayanam (P) Block 8 Kottai Harijan Colony ,
4.Vijayanarayanam Part 2  (R.V), Vijayanarayanam (P) Block 9 Thiruvaranganeri ,                                                                     5
.Vijayanarayanam Part 2  (R.V), Vijayanarayanam (P) Block 9 Andarkulam ,                                                                           999.OVERSEAS
ELECTORS OVERSEAS ELECTORS",General
330,227,330,"GOVT.HR.SEC. SCHOOL  NORTH BUILDING, PARAPADI.","1.Ilangulam (R.V),  Ilangulam (P) Block 1 Ilankulam,Nedunkulam Parapadi Northern Side ,                              2.Ilangulam (R.V),  Ilangulam
(P) Block 1 Ilankulam,Nedunkulam Parapadi Northern Side , 3.Ilangulam (R.V),  Ilangulam (P) Block 1 Ilankulam,Nedunkulam Parapadi Northern Side ,                          999.OVERSEAS ELECTORS OVERSEAS ELECTORS",General
331,227,331,GOVT.HR.SEC. SCHOOL  ASBESTOS BUILDING NORTH SIDE PARAPADI.,"1.Ilangulam (R.V),  Ilangulam (P) Block 1 Ilankulam,Nedunkulam Parapadi Northern Side ,                            2.Ilangulam (R.V),  Ilangulam
(P) Block 1 Ilankulam,Nedunkulam Parapadi Northern Side , 3.Ilangulam (R.V),  Ilangulam (P) Block 4 Kamarajar Nagar , 4.Ilangulam (R.V),  Ilangulam (P) Block 4 Kakkan Nagar , 999.OVERSEAS ELECTORS OVERSEAS ELECTORS",General
332,227,332,"GOVT.HR.SEC. SCHOOL  ASBESTOS BUILDING, SOUTH SIDE PARAPADI.","1.Ilangulam (R.V), Ilangulam (P) Block 2 North Street Parappadi , 2.Ilangulam (R.V),  Ilangulam (P) Block 3 Subramaniapuram, Paul Nagar. ,
3.Ilangulam (R.V),  Ilangulam (P) Block 3 Padmanabapuram , 4.Ilankulam (R.V),  Ilankulam (P) Block 3 Thamaraikulam , 5.Ilangulam (R.V),  Ilangulam (P) Block 1 Ilankulam,Nedunkulam Parapadi Northern Side ,
6.Ilangulam (R.V),  Ilangulam (P) Block 1 Ilankulam,Nedunkulam Parapadi Northern Side , 999.OVERSEAS ELECTORS OVERSEAS ELECTORS",General
333,227,333,GOVT.HR.SEC. SCHOOL  SOUTH BLOCK WEST PORTION PARAPADI.,"1.Ilankulam (R.V), Ilankulam (P) Block 2 Parappadi Kovil Street , 999.OVERSEAS ELECTORS OVERSEAS ELECTORS",General
334,227,334,GOVT.HR.SEC. SCHOOL  SOUTH BLOCK EAST PORTION CENTRAL HALL PARAPADI.,"1.Ilangulam (R.V), Ilangulam (P) Block 3 Keela Veppankulam , 2.Ilangulam (R.V), Ilangulam (P) Block 3 Kalmanikapuram , 3.Ilangulam(R.V),  Ilangulam (P) Block 4 Pandi Harijan Colony , 999.OVERSEAS ELECTORS OVERSEAS ELECTORS",General
335,227,335,"GOVT.HR. SEC. SCHOOL WEST BUILDING NORTH SIDE,  THALAPATHI SAMUDRAM KEELOOR","1.Thalapathysamudram Part 1 (R.V), Thalapathysamudram(P) Block 1 Perumal Kovil Street ,
2.Thalapathisamuthiram Part 1 (R.V), Thalapathisamuthiram (P) Block 1 Nadar Street ,                                                3.Thalapathysamudram Part 1 (R.V), Thalapathysamudram (P) Block 3 AD Colony , 4.Thalapathysamudram Part 1 (R.V), Thalapathysamudram (P) Block 1 Amman Kovil Street ,                                                   999.OVERSEAS ELECTORS OVERSEAS ELECTORS",General
336,227,336,"GOVT.HR. SEC. SCHOOL WEST BUILDING SOUTH SIDE,  THALAPATHI SAMUDRAM KEELOOR","1.Thalapathysamudram Part 1 (R.V),Thalapathysamudram (P) Block 2 North Street ,                                                         2.Thalapathysamudram Part 1 (R.V), Thalapathysamudram (P) Block 2 Kurakkudi Street , 3.Thalapathysamudram Part 1 (R.V),Thalapathysamudram (P) Block 2 Mela Street ,                                                        4.Thalapathysamudram Part 1 (R.V), Thalapathysamudram (P) Block 2 Sankam Street , 5.Thalapathysamudram Part 1 (R.V), Thalapathysamudram (P) Block 2 Vannarkudi Street ,                                            6.Thalapathysamudram Part 1 (R.V),Thalapathysamudram (P) Block 2 South Street , 7.Thalapathysamudram Part 1 (R.V), Thalapathysamudram (P) Block 2 Pillayar Kovil Street                                          , 8.Thalapathysamudram Part 1 (R.V), Thalapathysamudram(P) Block 2 Main Road , 999.OVERSEAS ELECTORS OVERSEAS ELECTORS",General
337,227,337,"GOVT.HR. SEC. SCHOOL, EAST BUILDING,
WEST SIDE THALAPATHI SAMUDRAM KEELOOR","1.Thalapathy Samuthiram Part 1 (R.V), Thalapathy Samuthiram(P) Block 4 Amman Kovil Street , 2.Thalapathysamudram Part 1 (R.V), Thalapathysamudram(P) Block 4 Perumal Kovil Street , 3.Thalapathysamudram Part 1 (R.V), Thalapathysamudram(P) Melur
,                                                                       4.Thalapathysamudram Part 1
(R.V), Thalapathysamudram(P) Block 4 Melur Middle Street , 5.Thalapathysamuthiram Part 1 (R.V), Thalapathysamuthiram(P) Block 4 Panchayat  Board Street , 6.Thalapathysamudram Part 1 (R.V), Thalapathysamudram(P) Block 4 Melur South Street , 999.OVERSEAS ELECTORS OVERSEAS ELECTORS",General
338,227,338,PANCHAYAT UNION PRIMARY SCHOOL THALAPATHI SAMUDRAM MELLUR,"1.Thalapathysamudram Part 1 (R.V), Thalapathysamudram(P) Block 4 Naidu Street ,
2.Thalapathysamudram Part 1 (R.V), Thalapathysamudram(P) Block 14 Mettu Colony North Street ,
3.Thalapathysamudram Part 1 (R.V), Thalapathysamudram (P) Block 14 New Colony ,                                                  4.Thalapathysamudram Part 1 (R.V), Thalapathysamudram(P) Block 14 Middle Street , 5.Thalapathysamudram Part 1 (R.V), Thalapathysamudram(P) Block 14 South Street ,                                                      6.Thalapathysamudram Part 1 (R.V), Thalapathysamudram (P) Block 14 Church Street , 7.Thalapathysamudram Part 1 (R.V), Thalapathysamudram(P) Block 14 Indira Colony ,                                                   8.Thalapathysamudram Part 1 (R.V), Thalapathysamudram(P) Block 14 Kamaraj Nagar , 9.Thalapathysamudram Part 1 (R.V), Thalapathysamudram(P) Block 5 Ilayanainarkulam ,                                            10.Thalapathysamudram Part 1 (R.V), Thalapathysamudram(P) Block 5 Ilayanainarkulam AD Colony ,                                                      999.OVERSEAS ELECTORS OVERSEAS ELECTORS",General
339,227,339,T.D.T.A. PRIMARY SCHOOL NORTH BUILDING ELAIYANAINARKULAM.,"1.Thalapathysamuthiram Part 2 (R.V), Thalapathysamuthiram(P) Block 6 Ilaiyanainarkulam , F345
999.OVERSEAS ELECTORS OVERSEAS ELECTORS",General
340,227,340,ANGANWADI CENTER THALAPATHI SAMUTHIRAM MELUR.,"1.Thalapathysamudram Part 2 (R.V), Thalapathysamudram(P) Block 15 Samathanapuram ,                                            2.Thalapathysamudram Part 2 (R.V), Thalapathysamudram(P) Block 15 Ramakrishnapuram , 999.OVERSEAS ELECTORS OVERSEAS ELECTORS",General
341,227,341,PANCHAYAT UNION PRIMARY SCHOOL. EAST BUILDING NALLANKULAM,"1.Thalapathysamudram Part 2 (R.V), Thalapathysamudram(P) Block 7 Nallankulam ,
999.OVERSEAS ELECTORS OVERSEAS ELECTORS",General
342,227,342,"TDTA PRIMARY SCHOOL, KANDIGAIPERI","1.Thalapathysamudram Part 2 (R.V), Thalapathysamudram(P) Block 8 Kandigaiperi ,                                                           2.Thalapathysamudram Part 2 (R.V), Thalapathysamudram(P) Block 9 Kandigaiperi Harijan Colony ,                                               999.OVERSEAS ELECTORS OVERSEAS ELECTORS",General
343,227,343,T.D.T.A. PRIMARY SCHOOL SOUTH BUILDING KARUNKANNAN KUDI IRUPPU.,"1.Thalapathysamudram Part 2 (R.V), Thalapathysamudram(P) Block 10 Shanmugapuram ,
2.Thalapathysamudram Part 2 (R.V), Thalapathysamudram(P) Block 11 Karunkannan Kudiyiuppu ,
3.Thalapathysamudram Part 2 (R.V), Thalapathysamudram(P) Block 12 Veppankulam Idaikudi ,
4.Thalapathysamudram Part 2 (R.V), Thalapathysamudram (P) Block 13 Veppankulam Nadar Kudiyiruppu                               , 999.OVERSEAS ELECTORS OVERSEAS ELECTORS",General
344,227,344,"PANCHAYAT UNION PRIMARY SCHOOL SOUTH VIJAYANARAYANAM.
Pa","1.Vijayanarayanam Part 3 (R.V), Sanganankulam (P) Block 1 South Vijayanarayanam Melur ,                                               2.Vijayanarayanam Part 3 (R.V), Sanganankulam (P) Block 2 South Vijayanarayanam Keeloor ,                                              999.OVERSEAS ELECTORS
gOeV1E1R6 SoEf 1A1S8ELECTORS",General
345,227,345,R.C.AGASTHIYAR VIDYALAYAM. SIVANTHIYAPURAM.,"1.Vijayanarayanam Part 3 (R.V), Sanganankulam (P) Block 3 Sivanthiyapuram                                                                    ,
2.Vijayanarayanam Part 3 (R.V), Sanganankulam (P) Block 4 Moolakarai Sadagopa Nambipuram ,
999.OVERSEAS ELECTORS OVERSEAS ELECTORS",General
346,227,346,R.C.MARAVAR PRIMARYSCHOOL SANGANANKULAM.,"1.Vijayanarayanam Part 4 (R.V), Sanganankulam(P) Block 4 Moolakarai Sadagopanambipuram ,
2.Vijayanarayanam Part 4 (R.V),Sanganankulam(P) Block 5 Sanganankulam ,                                                                        999.OVERSEAS
ELECTORS OVERSEAS ELECTORS",General
347,227,347,"NADAR MIDDLE SCHOOL, PATTARAIKATTIVILAI","1.Vijayanarayanam Part 3 (R.V), Sanganankulam(P) Block 8 South Pattamkattivilai ,                                                                 2.Vijayanarayanam Part 3 (R.V), Sanganankulam (P) Block 9 Xavierpuram , 3.Vijayanarayanam Part 3 (R.V), Sanganankulam (P) Block 9 Malaiyankudi Iruppu                                                              , 999.OVERSEAS ELECTORS OVERSEAS ELECTORS",General
348,227,348,"ST.MARY HR.SEC. SCHOOL EAST PART, WEST PORTION, MANNARPURAM","1.Vijayanarayanam Part 4  (R.V), Vijayanarayanam(P) Block 6 Mannarpuram,Vijayanarayanam ,
2.Vijayanarayanam Part 4   (R.V), Vijayanarayanam(P) Harijan Colony, Vijayanarayanam ,                                          3.Vijayanaryanam Part 4  (R.V), Vijayanaryanam(P) South Eranthai, Vijayanaryanam , 999.OVERSEAS ELECTORS OVERSEAS ELECTORS",General
349,227,349,ST.MARY HR.SEC. SCHOOL WEST BUILDING MANNARPURAM,"1.Vijayanarayanam Part  4 (R.V), Vijayanarayanam(P) Velayuthapuram, Vijayanarayanam , 2.Vijayanararayanam Part 4  (R.V), Vijayanararayanam(P) Rajagopalapuram, Vijayanararayanam                                  ,
3.Vijayanarayanam Part 4  (R.V), Vijayanarayanam(P) North Eranthai, Vijayanarayanam ,
4.Vijayanarayanam Part  4 (R.V), Vijayanarayanam (P) Block 7 Kariya Thottam, Vijayanarayanam ,                                           999.OVERSEAS ELECTORS OVERSEAS ELECTORS",General
